# Blender 4.2.8 LTS
# www.blender.org
mtllib PARED_DESGASTE_TAPIZ.mtl
o Pared_con_degaste_solo_tapiz
v -0.022113 0.838633 0.989308
v -0.022113 -0.950841 0.989308
v -0.022113 -0.950840 -1.010690
v 0.065563 -1.056050 -1.010690
v 0.065563 -1.056050 0.989308
v 0.065563 0.943950 0.989308
v 0.065563 0.943950 -1.010690
v -0.022113 0.838633 -1.010690
v -0.015865 -0.950840 -1.010690
v 0.065563 -1.032268 -1.010690
v -0.001615 -0.950841 -1.010690
v -0.001615 -0.956948 -1.010690
v 0.004492 -0.956948 -1.010690
v 0.007668 -0.973070 -1.010690
v 0.016706 -0.983412 -1.010690
v 0.031526 -0.989763 -1.010690
v 0.043822 -0.997010 -1.010690
v 0.049277 -1.011911 -1.010690
v 0.055384 -1.011911 -1.010690
v 0.059049 -1.019240 -1.010690
v 0.065563 -1.022090 -1.010690
v -0.015865 0.838633 0.989308
v 0.065563 0.920061 0.989308
v -0.005686 0.838633 0.989308
v -0.002836 0.845147 0.989308
v 0.004492 0.848811 0.989308
v 0.004492 0.854919 0.989308
v 0.019393 0.860374 0.989308
v 0.026640 0.872670 0.989308
v 0.032992 0.887490 0.989308
v 0.043333 0.896528 0.989308
v 0.059456 0.899704 0.989308
v 0.059456 0.905811 0.989308
v 0.065563 0.905811 0.989308
v 0.065563 0.920061 -1.010690
v -0.015865 0.838633 -1.010690
v 0.065563 0.905811 -1.010690
v 0.059456 0.905811 -1.010690
v 0.059456 0.899704 -1.010690
v 0.043333 0.896528 -1.010690
v 0.032992 0.887490 -1.010690
v 0.026640 0.872670 -1.010690
v 0.019393 0.860374 -1.010690
v 0.004492 0.854919 -1.010690
v 0.004492 0.848812 -1.010690
v -0.002836 0.845147 -1.010690
v -0.005686 0.838633 -1.010690
v 0.065563 -1.032268 0.989308
v -0.015865 -0.950841 0.989308
v 0.065563 -1.022090 0.989308
v 0.059049 -1.019240 0.989308
v 0.055384 -1.011911 0.989308
v 0.049277 -1.011911 0.989308
v 0.043822 -0.997010 0.989308
v 0.031526 -0.989763 0.989308
v 0.016706 -0.983411 0.989308
v 0.007668 -0.973070 0.989308
v 0.004492 -0.956947 0.989308
v -0.001615 -0.956947 0.989308
v -0.001615 -0.950840 0.989308
v -0.022113 -0.409902 0.989308
v -0.022113 -0.493814 0.989308
v -0.022113 -0.493814 -1.010690
v -0.022113 -0.409902 -1.010690
v 0.028372 -0.423268 0.975943
v 0.015006 -0.409902 0.989308
v 0.026581 -0.416585 0.982625
v 0.021689 -0.411693 0.987517
v 0.015006 -0.493814 0.989308
v 0.028372 -0.480448 0.975943
v 0.021689 -0.492023 0.987517
v 0.026581 -0.487131 0.982625
v 0.028372 -0.480448 -0.997330
v 0.015006 -0.493814 -1.010690
v 0.026581 -0.487131 -1.004009
v 0.021689 -0.492023 -1.008900
v 0.015006 -0.409902 -1.010690
v 0.028372 -0.423267 -0.997330
v 0.021689 -0.411692 -1.008900
v 0.026581 -0.416585 -1.004009
v -0.040097 -0.494127 0.989308
v -0.040097 -0.951154 0.989308
v 0.047579 -1.056363 0.989308
v 0.047579 -1.056363 -1.010690
v 0.047579 0.943637 -1.010690
v 0.047579 0.943637 0.989308
v -0.040096 -0.410215 -1.010690
v -0.040096 0.838320 -1.010690
v -0.040096 0.838320 0.989308
v -0.040097 -0.951154 -1.010690
v 0.047579 -1.022403 0.989308
v 0.047579 -1.032581 0.989308
v 0.047579 -1.032581 -1.010690
v 0.047579 -1.022403 -1.010690
v 0.041065 -1.019553 0.989308
v 0.041065 -1.019553 -1.010690
v 0.037401 -1.012224 0.989308
v 0.037401 -1.012224 -1.010690
v 0.031294 -1.012224 0.989308
v 0.031294 -1.012224 -1.010690
v 0.025838 -0.997323 0.989308
v 0.025838 -0.997323 -1.010690
v 0.013543 -0.990076 0.989308
v 0.013543 -0.990076 -1.010690
v -0.001277 -0.983725 0.989308
v -0.001277 -0.983725 -1.010690
v -0.010316 -0.973383 0.989308
v -0.010316 -0.973383 -1.010690
v -0.013491 -0.957261 0.989308
v -0.013491 -0.957261 -1.010690
v -0.019598 -0.957261 0.989308
v -0.019598 -0.957261 -1.010690
v -0.019598 -0.951154 0.989308
v -0.019598 -0.951154 -1.010690
v -0.033848 -0.951154 0.989308
v -0.033848 -0.951154 -1.010690
v -0.023670 0.838320 0.989308
v -0.033848 0.838320 0.989308
v -0.033848 0.838320 -1.010690
v -0.023670 0.838320 -1.010690
v -0.020820 0.844834 0.989308
v -0.020820 0.844834 -1.010690
v -0.013491 0.848498 0.989308
v -0.013491 0.848499 -1.010690
v -0.013491 0.854605 0.989308
v -0.013491 0.854606 -1.010690
v 0.001410 0.860061 0.989308
v 0.001410 0.860061 -1.010690
v 0.008657 0.872357 0.989308
v 0.008657 0.872357 -1.010690
v 0.015008 0.887176 0.989308
v 0.015008 0.887177 -1.010690
v 0.025350 0.896215 0.989308
v 0.025350 0.896215 -1.010690
v 0.041472 0.899391 0.989308
v 0.041472 0.899391 -1.010690
v 0.041472 0.905498 0.989308
v 0.041472 0.905498 -1.010690
v 0.047579 0.905498 0.989308
v 0.047579 0.905498 -1.010690
v 0.047579 0.919748 0.989308
v 0.047579 0.919748 -1.010690
v -0.040096 -0.410215 0.989308
v -0.040097 -0.494127 -1.010690
v -0.002977 -0.410215 0.989308
v -0.022113 -0.344189 -1.010690
v -0.022113 -0.278477 -1.010690
v -0.022113 -0.212765 -1.010690
v -0.022113 -0.147052 -1.010690
v -0.022113 -0.081340 -1.010690
v -0.022113 -0.015628 -1.010690
v -0.022113 0.050085 -1.010690
v -0.022113 0.115797 -1.010690
v -0.022113 0.181510 -1.010690
v -0.022113 0.247222 -1.010690
v -0.022113 0.312934 -1.010690
v -0.022113 0.378647 -1.010690
v -0.022113 0.444359 -1.010690
v -0.022113 0.510071 -1.010690
v -0.022113 0.575784 -1.010690
v -0.022113 0.641496 -1.010690
v -0.022113 0.707208 -1.010690
v -0.022113 0.772921 -1.010690
v -0.022113 0.772921 0.989308
v -0.022113 0.707208 0.989308
v -0.022113 0.641496 0.989308
v -0.022113 0.575784 0.989308
v -0.022113 0.510071 0.989308
v -0.022113 0.444359 0.989308
v -0.022113 0.378647 0.989308
v -0.022113 0.312934 0.989308
v -0.022113 0.247222 0.989308
v -0.022113 0.181509 0.989308
v -0.022113 0.115797 0.989308
v -0.022113 0.050085 0.989308
v -0.022113 -0.015628 0.989308
v -0.022113 -0.081340 0.989308
v -0.022113 -0.147052 0.989308
v -0.022113 -0.212765 0.989308
v -0.022113 -0.278477 0.989308
v -0.022113 -0.344189 0.989308
v -0.040096 -0.344502 -1.010690
v -0.040096 -0.278790 -1.010690
v -0.040096 -0.213078 -1.010690
v -0.040096 -0.147365 -1.010690
v -0.040096 -0.081653 -1.010690
v -0.040096 -0.015941 -1.010690
v -0.040096 0.049772 -1.010690
v -0.040096 0.115484 -1.010690
v -0.040096 0.181196 -1.010690
v -0.040096 0.246909 -1.010690
v -0.040096 0.312621 -1.010690
v -0.040096 0.378334 -1.010690
v -0.040096 0.444046 -1.010690
v -0.040096 0.509758 -1.010690
v -0.040096 0.575471 -1.010690
v -0.040096 0.641183 -1.010690
v -0.040096 0.706895 -1.010690
v -0.040096 0.772608 -1.010690
v -0.040096 0.772608 0.989308
v -0.040096 0.706895 0.989308
v -0.040096 0.641183 0.989308
v -0.040096 0.575471 0.989308
v -0.040096 0.509758 0.989308
v -0.040096 0.444046 0.989308
v -0.040096 0.378333 0.989308
v -0.040096 0.312621 0.989308
v -0.040096 0.246909 0.989308
v -0.040096 0.181196 0.989308
v -0.040096 0.115484 0.989308
v -0.040096 0.049772 0.989308
v -0.040096 -0.015941 0.989308
v -0.040096 -0.081653 0.989308
v -0.040096 -0.147365 0.989308
v -0.040096 -0.213078 0.989308
v -0.040096 -0.278790 0.989308
v -0.040096 -0.344503 0.989308
v 0.065563 -1.056050 0.884046
v 0.065563 -1.056050 0.778781
v 0.065563 -1.056050 0.673519
v 0.065563 -1.056050 0.568255
v 0.065563 -1.056050 0.462993
v 0.065563 -1.056050 0.357729
v 0.065563 -1.056050 0.252470
v 0.065563 -1.056050 0.147201
v 0.065563 -1.056050 0.041941
v 0.065563 -1.056050 -0.063319
v 0.065563 -1.056050 -0.168590
v 0.065563 -1.056050 -0.273849
v 0.065563 -1.056050 -0.379109
v 0.065563 -1.056050 -0.484380
v 0.065563 -1.056050 -0.589640
v 0.065563 -1.056050 -0.694899
v 0.065563 -1.056050 -0.800170
v 0.065563 -1.056050 -0.905430
v 0.065563 0.943950 -0.905430
v 0.065563 0.943950 -0.800170
v 0.065563 0.943950 -0.694900
v 0.065563 0.943950 -0.589640
v 0.065563 0.943950 -0.484380
v 0.065563 0.943950 -0.379109
v 0.065563 0.943950 -0.273850
v 0.065563 0.943950 -0.168590
v 0.065563 0.943950 -0.063319
v 0.065563 0.943950 0.041941
v 0.065563 0.943950 0.147201
v 0.065563 0.943950 0.252470
v 0.065563 0.943950 0.357731
v 0.065563 0.943950 0.462993
v 0.065563 0.943950 0.568255
v 0.065563 0.943950 0.673519
v 0.065563 0.943950 0.778781
v 0.065563 0.943950 0.884046
v -0.022113 0.838633 0.884046
v -0.022113 0.838633 0.778781
v -0.022113 0.838633 0.673519
v -0.022113 0.838633 0.568255
v -0.022113 0.838633 0.462993
v -0.022113 0.838633 0.357729
v -0.022113 0.838633 0.252470
v -0.022113 0.838633 0.147201
v -0.022113 0.838633 0.041941
v -0.022113 0.838633 -0.063319
v -0.022113 0.838633 -0.168590
v -0.022113 0.838633 -0.273850
v -0.022113 0.838633 -0.379109
v -0.022113 0.838633 -0.484380
v -0.022113 0.838633 -0.589640
v -0.022113 0.838633 -0.694900
v -0.022113 0.838633 -0.800170
v -0.022113 0.838633 -0.905430
v -0.022113 -0.950841 0.884046
v -0.022113 -0.950841 0.778781
v -0.022113 -0.950841 0.673519
v -0.022113 -0.950841 0.568255
v -0.022113 -0.950841 0.462993
v -0.022113 -0.950841 0.357729
v -0.022113 -0.950841 0.252470
v -0.022113 -0.950841 0.147201
v -0.022113 -0.950841 0.041941
v -0.022113 -0.950841 -0.063319
v -0.022113 -0.950841 -0.168590
v -0.022113 -0.950841 -0.273849
v -0.022113 -0.950841 -0.379109
v -0.022113 -0.950841 -0.484380
v -0.022113 -0.950841 -0.589640
v -0.022113 -0.950841 -0.694899
v -0.022113 -0.950841 -0.800170
v -0.022113 -0.950840 -0.905430
v 0.065563 -1.032268 0.884046
v 0.065563 -1.032268 0.778781
v 0.065563 -1.032268 0.673519
v 0.065563 -1.032268 0.568255
v 0.065563 -1.032268 0.462993
v 0.065563 -1.032268 0.357729
v 0.065563 -1.032268 0.252470
v 0.065563 -1.032268 0.147201
v 0.065563 -1.032268 0.041941
v 0.065563 -1.032268 -0.063319
v 0.065563 -1.032268 -0.168590
v 0.065563 -1.032268 -0.273849
v 0.065563 -1.032268 -0.379109
v 0.065563 -1.032268 -0.484380
v 0.065563 -1.032268 -0.589640
v 0.065563 -1.032268 -0.694899
v 0.065563 -1.032268 -0.800170
v 0.065563 -1.032268 -0.905430
v 0.065563 -1.022090 -0.905430
v 0.065563 -1.022090 -0.800170
v 0.065563 -1.022090 -0.694899
v 0.065563 -1.022090 -0.589640
v 0.065563 -1.022090 -0.484380
v 0.065563 -1.022090 -0.379109
v 0.065563 -1.022090 -0.273849
v 0.065563 -1.022090 -0.168590
v 0.065563 -1.022090 -0.063319
v 0.065563 -1.022090 0.041941
v 0.065563 -1.022090 0.147201
v 0.065563 -1.022090 0.252470
v 0.065563 -1.022090 0.357731
v 0.065563 -1.022090 0.462993
v 0.065563 -1.022090 0.568255
v 0.065563 -1.022090 0.673519
v 0.065563 -1.022090 0.778781
v 0.065563 -1.022090 0.884046
v 0.059049 -1.019240 -0.905430
v 0.059049 -1.019240 -0.800170
v 0.059049 -1.019240 -0.694899
v 0.059049 -1.019240 -0.589640
v 0.059049 -1.019240 -0.484380
v 0.059049 -1.019240 -0.379109
v 0.059049 -1.019240 -0.273849
v 0.059049 -1.019240 -0.168590
v 0.059049 -1.019240 -0.063319
v 0.059049 -1.019240 0.041941
v 0.059049 -1.019240 0.147201
v 0.059049 -1.019240 0.252470
v 0.059049 -1.019240 0.357731
v 0.059049 -1.019240 0.462993
v 0.059049 -1.019240 0.568255
v 0.059049 -1.019240 0.673519
v 0.059049 -1.019240 0.778781
v 0.059049 -1.019240 0.884046
v 0.055384 -1.011911 -0.905430
v 0.055384 -1.011911 -0.800170
v 0.055384 -1.011911 -0.694899
v 0.055384 -1.011911 -0.589640
v 0.055384 -1.011911 -0.484380
v 0.055384 -1.011911 -0.379109
v 0.055384 -1.011911 -0.273849
v 0.055384 -1.011911 -0.168590
v 0.055384 -1.011911 -0.063319
v 0.055384 -1.011911 0.041941
v 0.055384 -1.011911 0.147201
v 0.055384 -1.011911 0.252470
v 0.055384 -1.011911 0.357731
v 0.055384 -1.011911 0.462993
v 0.055384 -1.011911 0.568255
v 0.055384 -1.011911 0.673519
v 0.055384 -1.011911 0.778781
v 0.055384 -1.011911 0.884046
v 0.049277 -1.011911 -0.905430
v 0.049277 -1.011911 -0.800170
v 0.049277 -1.011911 -0.694899
v 0.049277 -1.011911 -0.589640
v 0.049277 -1.011911 -0.484380
v 0.049277 -1.011911 -0.379109
v 0.049277 -1.011911 -0.273849
v 0.049277 -1.011911 -0.168590
v 0.049277 -1.011911 -0.063319
v 0.049277 -1.011911 0.041941
v 0.049277 -1.011911 0.147201
v 0.049277 -1.011911 0.252470
v 0.049277 -1.011911 0.357731
v 0.049277 -1.011911 0.462993
v 0.049277 -1.011911 0.568255
v 0.049277 -1.011911 0.673519
v 0.049277 -1.011911 0.778781
v 0.049277 -1.011911 0.884046
v 0.043822 -0.997010 -0.905430
v 0.043822 -0.997010 -0.800170
v 0.043822 -0.997010 -0.694899
v 0.043822 -0.997010 -0.589640
v 0.043822 -0.997010 -0.484380
v 0.043822 -0.997010 -0.379109
v 0.043822 -0.997010 -0.273849
v 0.043822 -0.997010 -0.168590
v 0.043822 -0.997010 -0.063319
v 0.043822 -0.997010 0.041941
v 0.043822 -0.997010 0.147201
v 0.043822 -0.997010 0.252470
v 0.043822 -0.997010 0.357731
v 0.043822 -0.997010 0.462993
v 0.043822 -0.997010 0.568255
v 0.043822 -0.997010 0.673519
v 0.043822 -0.997010 0.778781
v 0.043822 -0.997010 0.884046
v 0.031526 -0.989763 -0.905430
v 0.031526 -0.989763 -0.800170
v 0.031526 -0.989763 -0.694899
v 0.031526 -0.989763 -0.589640
v 0.031526 -0.989763 -0.484380
v 0.031526 -0.989763 -0.379109
v 0.031526 -0.989763 -0.273849
v 0.031526 -0.989763 -0.168590
v 0.031526 -0.989763 -0.063319
v 0.031526 -0.989763 0.041941
v 0.031526 -0.989763 0.147201
v 0.031526 -0.989763 0.252470
v 0.031526 -0.989763 0.357731
v 0.031526 -0.989763 0.462993
v 0.031526 -0.989763 0.568255
v 0.031526 -0.989763 0.673519
v 0.031526 -0.989763 0.778781
v 0.031526 -0.989763 0.884046
v 0.016706 -0.983412 -0.905430
v 0.016706 -0.983412 -0.800170
v 0.016706 -0.983412 -0.694899
v 0.016706 -0.983412 -0.589640
v 0.016706 -0.983412 -0.484380
v 0.016706 -0.983412 -0.379109
v 0.016706 -0.983412 -0.273849
v 0.016706 -0.983412 -0.168590
v 0.016706 -0.983412 -0.063319
v 0.016706 -0.983412 0.041941
v 0.016706 -0.983412 0.147201
v 0.016706 -0.983412 0.252470
v 0.016706 -0.983412 0.357731
v 0.016706 -0.983412 0.462993
v 0.016706 -0.983412 0.568255
v 0.016706 -0.983412 0.673519
v 0.016706 -0.983412 0.778781
v 0.016706 -0.983411 0.884046
v 0.007668 -0.973070 -0.905430
v 0.007668 -0.973070 -0.800170
v 0.007668 -0.973070 -0.694899
v 0.007668 -0.973070 -0.589640
v 0.007668 -0.973070 -0.484380
v 0.007668 -0.973070 -0.379109
v 0.007668 -0.973070 -0.273849
v 0.007668 -0.973070 -0.168590
v 0.007668 -0.973070 -0.063319
v 0.007668 -0.973070 0.041941
v 0.007668 -0.973070 0.147201
v 0.007668 -0.973070 0.252470
v 0.007668 -0.973070 0.357731
v 0.007668 -0.973070 0.462993
v 0.007668 -0.973070 0.568255
v 0.007668 -0.973070 0.673519
v 0.007668 -0.973070 0.778781
v 0.007668 -0.973070 0.884046
v 0.004492 -0.956948 -0.905430
v 0.004492 -0.956948 -0.800170
v 0.004492 -0.956948 -0.694899
v 0.004492 -0.956948 -0.589640
v 0.004492 -0.956948 -0.484380
v 0.004492 -0.956948 -0.379109
v 0.004492 -0.956948 -0.273849
v 0.004492 -0.956948 -0.168590
v 0.004492 -0.956948 -0.063319
v 0.004492 -0.956948 0.041941
v 0.004492 -0.956948 0.147201
v 0.004492 -0.956948 0.252470
v 0.004492 -0.956948 0.357731
v 0.004492 -0.956948 0.462993
v 0.004492 -0.956948 0.568255
v 0.004492 -0.956948 0.673519
v 0.004492 -0.956948 0.778781
v 0.004492 -0.956947 0.884046
v -0.001615 -0.956948 -0.905430
v -0.001615 -0.956948 -0.800170
v -0.001615 -0.956948 -0.694899
v -0.001615 -0.956948 -0.589640
v -0.001615 -0.956948 -0.484380
v -0.001615 -0.956948 -0.379109
v -0.001615 -0.956948 -0.273849
v -0.001615 -0.956948 -0.168590
v -0.001615 -0.956948 -0.063319
v -0.001615 -0.956948 0.041941
v -0.001615 -0.956948 0.147201
v -0.001615 -0.956948 0.252470
v -0.001615 -0.956948 0.357731
v -0.001615 -0.956948 0.462993
v -0.001615 -0.956948 0.568255
v -0.001615 -0.956948 0.673519
v -0.001615 -0.956948 0.778781
v -0.001615 -0.956947 0.884046
v -0.001615 -0.950841 -0.905430
v -0.001615 -0.950841 -0.800170
v -0.001615 -0.950841 -0.694899
v -0.001615 -0.950841 -0.589640
v -0.001615 -0.950841 -0.484380
v -0.001615 -0.950841 -0.379109
v -0.001615 -0.950841 -0.273849
v -0.001615 -0.950841 -0.168590
v -0.001615 -0.950841 -0.063319
v -0.001615 -0.950841 0.041941
v -0.001615 -0.950841 0.147201
v -0.001615 -0.950841 0.252470
v -0.001615 -0.950841 0.357731
v -0.001615 -0.950841 0.462993
v -0.001615 -0.950841 0.568255
v -0.001615 -0.950841 0.673519
v -0.001615 -0.950841 0.778781
v -0.001615 -0.950840 0.884046
v -0.015865 -0.950840 -0.905430
v -0.015865 -0.950840 -0.800170
v -0.015865 -0.950840 -0.694899
v -0.015865 -0.950840 -0.589640
v -0.015865 -0.950840 -0.484380
v -0.015865 -0.950840 -0.379109
v -0.015865 -0.950840 -0.273849
v -0.015865 -0.950840 -0.168590
v -0.015865 -0.950840 -0.063319
v -0.015865 -0.950840 0.041941
v -0.015865 -0.950840 0.147201
v -0.015865 -0.950840 0.252470
v -0.015865 -0.950840 0.357731
v -0.015865 -0.950840 0.462993
v -0.015865 -0.950840 0.568255
v -0.015865 -0.950840 0.673519
v -0.015865 -0.950840 0.778781
v -0.015865 -0.950840 0.884046
v -0.015865 0.838633 0.884046
v -0.015865 0.838633 0.778781
v -0.015865 0.838633 0.673519
v -0.015865 0.838633 0.568255
v -0.015865 0.838633 0.462993
v -0.015865 0.838633 0.357729
v -0.015865 0.838633 0.252470
v -0.015865 0.838633 0.147201
v -0.015865 0.838633 0.041941
v -0.015865 0.838633 -0.063319
v -0.015865 0.838633 -0.168590
v -0.015865 0.838633 -0.273850
v -0.015865 0.838633 -0.379109
v -0.015865 0.838633 -0.484380
v -0.015865 0.838633 -0.589640
v -0.015865 0.838633 -0.694900
v -0.015865 0.838633 -0.800170
v -0.015865 0.838633 -0.905430
v -0.005686 0.838633 -0.905430
v -0.005686 0.838633 -0.800170
v -0.005686 0.838633 -0.694900
v -0.005686 0.838633 -0.589640
v -0.005686 0.838633 -0.484380
v -0.005686 0.838633 -0.379109
v -0.005686 0.838633 -0.273850
v -0.005686 0.838633 -0.168590
v -0.005686 0.838633 -0.063319
v -0.005686 0.838633 0.041941
v -0.005686 0.838633 0.147201
v -0.005686 0.838633 0.252470
v -0.005686 0.838633 0.357731
v -0.005686 0.838633 0.462993
v -0.005686 0.838633 0.568255
v -0.005686 0.838633 0.673519
v -0.005686 0.838633 0.778781
v -0.005686 0.838633 0.884046
v -0.002836 0.845147 -0.905430
v -0.002836 0.845147 -0.800170
v -0.002836 0.845147 -0.694900
v -0.002836 0.845147 -0.589640
v -0.002836 0.845147 -0.484380
v -0.002836 0.845147 -0.379109
v -0.002836 0.845147 -0.273850
v -0.002836 0.845147 -0.168590
v -0.002836 0.845147 -0.063319
v -0.002836 0.845147 0.041941
v -0.002836 0.845147 0.147201
v -0.002836 0.845147 0.252470
v -0.002836 0.845147 0.357731
v -0.002836 0.845147 0.462993
v -0.002836 0.845147 0.568255
v -0.002836 0.845147 0.673519
v -0.002836 0.845147 0.778781
v -0.002836 0.845147 0.884046
v 0.004492 0.848812 -0.905430
v 0.004492 0.848812 -0.800170
v 0.004492 0.848812 -0.694900
v 0.004492 0.848812 -0.589640
v 0.004492 0.848812 -0.484380
v 0.004492 0.848812 -0.379109
v 0.004492 0.848812 -0.273850
v 0.004492 0.848812 -0.168590
v 0.004492 0.848812 -0.063319
v 0.004492 0.848812 0.041941
v 0.004492 0.848812 0.147201
v 0.004492 0.848812 0.252470
v 0.004492 0.848812 0.357731
v 0.004492 0.848811 0.462993
v 0.004492 0.848811 0.568255
v 0.004492 0.848811 0.673519
v 0.004492 0.848811 0.778781
v 0.004492 0.848811 0.884046
v 0.004492 0.854919 -0.905430
v 0.004492 0.854919 -0.800170
v 0.004492 0.854919 -0.694900
v 0.004492 0.854919 -0.589640
v 0.004492 0.854919 -0.484380
v 0.004492 0.854919 -0.379109
v 0.004492 0.854919 -0.273850
v 0.004492 0.854919 -0.168590
v 0.004492 0.854919 -0.063319
v 0.004492 0.854919 0.041941
v 0.004492 0.854919 0.147201
v 0.004492 0.854919 0.252470
v 0.004492 0.854919 0.357731
v 0.004492 0.854919 0.462993
v 0.004492 0.854919 0.568255
v 0.004492 0.854919 0.673519
v 0.004492 0.854919 0.778781
v 0.004492 0.854919 0.884046
v 0.019393 0.860374 -0.905430
v 0.019393 0.860374 -0.800170
v 0.019393 0.860374 -0.694900
v 0.019393 0.860374 -0.589640
v 0.019393 0.860374 -0.484380
v 0.019393 0.860374 -0.379109
v 0.019393 0.860374 -0.273850
v 0.019393 0.860374 -0.168590
v 0.019393 0.860374 -0.063319
v 0.019393 0.860374 0.041941
v 0.019393 0.860374 0.147201
v 0.019393 0.860374 0.252470
v 0.019393 0.860374 0.357731
v 0.019393 0.860374 0.462993
v 0.019393 0.860374 0.568255
v 0.019393 0.860374 0.673519
v 0.019393 0.860374 0.778781
v 0.019393 0.860374 0.884046
v 0.026640 0.872670 -0.905430
v 0.026640 0.872670 -0.800170
v 0.026640 0.872670 -0.694900
v 0.026640 0.872670 -0.589640
v 0.026640 0.872670 -0.484380
v 0.026640 0.872670 -0.379109
v 0.026640 0.872670 -0.273850
v 0.026640 0.872670 -0.168590
v 0.026640 0.872670 -0.063319
v 0.026640 0.872670 0.041941
v 0.026640 0.872670 0.147201
v 0.026640 0.872670 0.252470
v 0.026640 0.872670 0.357731
v 0.026640 0.872670 0.462993
v 0.026640 0.872670 0.568255
v 0.026640 0.872670 0.673519
v 0.026640 0.872670 0.778781
v 0.026640 0.872670 0.884046
v 0.032992 0.887490 -0.905430
v 0.032992 0.887490 -0.800170
v 0.032992 0.887490 -0.694900
v 0.032992 0.887490 -0.589640
v 0.032992 0.887490 -0.484380
v 0.032992 0.887490 -0.379109
v 0.032992 0.887490 -0.273850
v 0.032992 0.887490 -0.168590
v 0.032992 0.887490 -0.063319
v 0.032992 0.887490 0.041941
v 0.032992 0.887490 0.147201
v 0.032992 0.887490 0.252470
v 0.032992 0.887490 0.357731
v 0.032992 0.887490 0.462993
v 0.032992 0.887490 0.568255
v 0.032992 0.887490 0.673519
v 0.032992 0.887490 0.778781
v 0.032992 0.887490 0.884046
v 0.043333 0.896528 -0.905430
v 0.043333 0.896528 -0.800170
v 0.043333 0.896528 -0.694900
v 0.043333 0.896528 -0.589640
v 0.043333 0.896528 -0.484380
v 0.043333 0.896528 -0.379109
v 0.043333 0.896528 -0.273850
v 0.043333 0.896528 -0.168590
v 0.043333 0.896528 -0.063319
v 0.043333 0.896528 0.041941
v 0.043333 0.896528 0.147201
v 0.043333 0.896528 0.252470
v 0.043333 0.896528 0.357731
v 0.043333 0.896528 0.462993
v 0.043333 0.896528 0.568255
v 0.043333 0.896528 0.673519
v 0.043333 0.896528 0.778781
v 0.043333 0.896528 0.884046
v 0.059456 0.899704 -0.905430
v 0.059456 0.899704 -0.800170
v 0.059456 0.899704 -0.694900
v 0.059456 0.899704 -0.589640
v 0.059456 0.899704 -0.484380
v 0.059456 0.899704 -0.379109
v 0.059456 0.899704 -0.273850
v 0.059456 0.899704 -0.168590
v 0.059456 0.899704 -0.063319
v 0.059456 0.899704 0.041941
v 0.059456 0.899704 0.147201
v 0.059456 0.899704 0.252470
v 0.059456 0.899704 0.357731
v 0.059456 0.899704 0.462993
v 0.059456 0.899704 0.568255
v 0.059456 0.899704 0.673519
v 0.059456 0.899704 0.778781
v 0.059456 0.899704 0.884046
v 0.059456 0.905811 -0.905430
v 0.059456 0.905811 -0.800170
v 0.059456 0.905811 -0.694900
v 0.059456 0.905811 -0.589640
v 0.059456 0.905811 -0.484380
v 0.059456 0.905811 -0.379109
v 0.059456 0.905811 -0.273850
v 0.059456 0.905811 -0.168590
v 0.059456 0.905811 -0.063319
v 0.059456 0.905811 0.041941
v 0.059456 0.905811 0.147201
v 0.059456 0.905811 0.252470
v 0.059456 0.905811 0.357731
v 0.059456 0.905811 0.462993
v 0.059456 0.905811 0.568255
v 0.059456 0.905811 0.673519
v 0.059456 0.905811 0.778781
v 0.059456 0.905811 0.884046
v 0.065563 0.905811 -0.905430
v 0.065563 0.905811 -0.800170
v 0.065563 0.905811 -0.694900
v 0.065563 0.905811 -0.589640
v 0.065563 0.905811 -0.484380
v 0.065563 0.905811 -0.379109
v 0.065563 0.905811 -0.273850
v 0.065563 0.905811 -0.168590
v 0.065563 0.905811 -0.063319
v 0.065563 0.905811 0.041941
v 0.065563 0.905811 0.147201
v 0.065563 0.905811 0.252470
v 0.065563 0.905811 0.357731
v 0.065563 0.905811 0.462993
v 0.065563 0.905811 0.568255
v 0.065563 0.905811 0.673519
v 0.065563 0.905811 0.778781
v 0.065563 0.905811 0.884046
v 0.065563 0.920061 -0.905430
v 0.065563 0.920061 -0.800170
v 0.065563 0.920061 -0.694900
v 0.065563 0.920061 -0.589640
v 0.065563 0.920061 -0.484380
v 0.065563 0.920061 -0.379109
v 0.065563 0.920061 -0.273850
v 0.065563 0.920061 -0.168590
v 0.065563 0.920061 -0.063319
v 0.065563 0.920061 0.041941
v 0.065563 0.920061 0.147201
v 0.065563 0.920061 0.252470
v 0.065563 0.920061 0.357731
v 0.065563 0.920061 0.462993
v 0.065563 0.920061 0.568255
v 0.065563 0.920061 0.673519
v 0.065563 0.920061 0.778781
v 0.065563 0.920061 0.884046
v -0.022113 -0.409902 0.884046
v -0.022113 -0.409902 0.778781
v -0.022113 -0.409902 0.673519
v -0.022113 -0.409902 0.568255
v -0.022113 -0.409902 0.462993
v -0.022113 -0.409902 0.357729
v -0.022113 -0.409902 0.252470
v -0.022113 -0.409902 0.147201
v -0.022113 -0.409902 0.041941
v -0.022113 -0.409902 -0.063319
v -0.022113 -0.409902 -0.168590
v -0.022113 -0.409902 -0.273849
v -0.022113 -0.409902 -0.379109
v -0.022113 -0.409902 -0.484380
v -0.022113 -0.409902 -0.589640
v -0.022113 -0.409902 -0.694899
v -0.022113 -0.409902 -0.800170
v -0.022113 -0.409902 -0.905430
v -0.022113 -0.493814 0.884046
v -0.022113 -0.493814 0.778781
v -0.022113 -0.493814 0.673519
v -0.022113 -0.493814 0.568255
v -0.022113 -0.493814 0.462993
v -0.022113 -0.493814 0.357729
v -0.022113 -0.493814 0.252470
v -0.022113 -0.493814 0.147201
v -0.022113 -0.493814 0.041941
v -0.022113 -0.493814 -0.063319
v -0.022113 -0.493814 -0.168590
v -0.022113 -0.493814 -0.273849
v -0.022113 -0.493814 -0.379109
v -0.022113 -0.493814 -0.484380
v -0.022113 -0.493814 -0.589640
v -0.022113 -0.493814 -0.694899
v -0.022113 -0.493814 -0.800170
v -0.022113 -0.493814 -0.905430
v 0.028372 -0.423268 0.872087
v 0.028372 -0.423268 0.768230
v 0.028372 -0.423268 0.664374
v 0.028372 -0.423268 0.560517
v 0.028372 -0.423268 0.456661
v 0.028372 -0.423268 0.352805
v 0.028372 -0.423268 0.248950
v 0.028372 -0.423268 0.145090
v 0.028372 -0.423268 0.041241
v 0.028372 -0.423268 -0.062619
v 0.028372 -0.423268 -0.166480
v 0.028372 -0.423268 -0.270329
v 0.028372 -0.423268 -0.374189
v 0.028372 -0.423268 -0.478049
v 0.028372 -0.423268 -0.581900
v 0.028372 -0.423268 -0.685759
v 0.028372 -0.423267 -0.789610
v 0.028372 -0.423267 -0.893470
v 0.026581 -0.416585 -0.899449
v 0.026581 -0.416585 -0.794889
v 0.026581 -0.416585 -0.690329
v 0.026581 -0.416585 -0.585770
v 0.026581 -0.416585 -0.481210
v 0.026581 -0.416585 -0.376650
v 0.026581 -0.416585 -0.272090
v 0.026581 -0.416585 -0.167530
v 0.026581 -0.416585 -0.062969
v 0.026581 -0.416585 0.041591
v 0.026581 -0.416585 0.146151
v 0.026581 -0.416585 0.250711
v 0.026581 -0.416585 0.355268
v 0.026581 -0.416585 0.459826
v 0.026581 -0.416585 0.564386
v 0.026581 -0.416585 0.668946
v 0.026581 -0.416585 0.773506
v 0.026581 -0.416585 0.878066
v 0.021689 -0.411692 -0.903830
v 0.021689 -0.411692 -0.798750
v 0.021689 -0.411692 -0.693680
v 0.021689 -0.411692 -0.588599
v 0.021689 -0.411692 -0.483530
v 0.021689 -0.411692 -0.378449
v 0.021689 -0.411692 -0.273379
v 0.021689 -0.411692 -0.168300
v 0.021689 -0.411692 -0.063230
v 0.021689 -0.411692 0.041841
v 0.021689 -0.411692 0.146920
v 0.021689 -0.411692 0.252001
v 0.021689 -0.411692 0.357070
v 0.021689 -0.411692 0.462145
v 0.021689 -0.411692 0.567219
v 0.021689 -0.411692 0.672294
v 0.021689 -0.411692 0.777369
v 0.021689 -0.411693 0.882443
v 0.015006 -0.409902 -0.905430
v 0.015006 -0.409902 -0.800170
v 0.015006 -0.409902 -0.694899
v 0.015006 -0.409902 -0.589640
v 0.015006 -0.409902 -0.484380
v 0.015006 -0.409902 -0.379109
v 0.015006 -0.409902 -0.273849
v 0.015006 -0.409902 -0.168590
v 0.015006 -0.409902 -0.063319
v 0.015006 -0.409902 0.041941
v 0.015006 -0.409902 0.147201
v 0.015006 -0.409902 0.252470
v 0.015006 -0.409902 0.357731
v 0.015006 -0.409902 0.462993
v 0.015006 -0.409902 0.568255
v 0.015006 -0.409902 0.673519
v 0.015006 -0.409902 0.778781
v 0.015006 -0.409902 0.884046
v 0.015006 -0.493814 0.884046
v 0.015006 -0.493814 0.778781
v 0.015006 -0.493814 0.673519
v 0.015006 -0.493814 0.568255
v 0.015006 -0.493814 0.462993
v 0.015006 -0.493814 0.357729
v 0.015006 -0.493814 0.252470
v 0.015006 -0.493814 0.147201
v 0.015006 -0.493814 0.041941
v 0.015006 -0.493814 -0.063319
v 0.015006 -0.493814 -0.168590
v 0.015006 -0.493814 -0.273849
v 0.015006 -0.493814 -0.379109
v 0.015006 -0.493814 -0.484380
v 0.015006 -0.493814 -0.589640
v 0.015006 -0.493814 -0.694899
v 0.015006 -0.493814 -0.800170
v 0.015006 -0.493814 -0.905430
v 0.021689 -0.492023 -0.903830
v 0.021689 -0.492023 -0.798750
v 0.021689 -0.492023 -0.693680
v 0.021689 -0.492023 -0.588599
v 0.021689 -0.492023 -0.483530
v 0.021689 -0.492023 -0.378449
v 0.021689 -0.492023 -0.273379
v 0.021689 -0.492023 -0.168300
v 0.021689 -0.492023 -0.063230
v 0.021689 -0.492023 0.041841
v 0.021689 -0.492023 0.146920
v 0.021689 -0.492023 0.252001
v 0.021689 -0.492023 0.357070
v 0.021689 -0.492023 0.462145
v 0.021689 -0.492023 0.567219
v 0.021689 -0.492023 0.672294
v 0.021689 -0.492023 0.777369
v 0.021689 -0.492023 0.882443
v 0.026581 -0.487131 -0.899449
v 0.026581 -0.487131 -0.794889
v 0.026581 -0.487131 -0.690329
v 0.026581 -0.487131 -0.585770
v 0.026581 -0.487131 -0.481210
v 0.026581 -0.487131 -0.376650
v 0.026581 -0.487131 -0.272090
v 0.026581 -0.487131 -0.167530
v 0.026581 -0.487131 -0.062969
v 0.026581 -0.487131 0.041591
v 0.026581 -0.487131 0.146151
v 0.026581 -0.487131 0.250711
v 0.026581 -0.487131 0.355268
v 0.026581 -0.487131 0.459826
v 0.026581 -0.487131 0.564386
v 0.026581 -0.487131 0.668946
v 0.026581 -0.487131 0.773506
v 0.026581 -0.487131 0.878066
v 0.028372 -0.480448 -0.893470
v 0.028372 -0.480448 -0.789610
v 0.028372 -0.480448 -0.685759
v 0.028372 -0.480448 -0.581900
v 0.028372 -0.480448 -0.478049
v 0.028372 -0.480448 -0.374189
v 0.028372 -0.480448 -0.270329
v 0.028372 -0.480448 -0.166480
v 0.028372 -0.480448 -0.062619
v 0.028372 -0.480448 0.041241
v 0.028372 -0.480448 0.145090
v 0.028372 -0.480448 0.248950
v 0.028372 -0.480448 0.352805
v 0.028372 -0.480448 0.456661
v 0.028372 -0.480448 0.560517
v 0.028372 -0.480448 0.664374
v 0.028372 -0.480448 0.768230
v 0.028372 -0.480448 0.872087
v 0.047579 -1.056363 0.884046
v 0.047579 -1.056363 0.778781
v 0.047579 -1.056363 0.673519
v 0.047579 -1.056363 0.568255
v 0.047579 -1.056363 0.462993
v 0.047579 -1.056363 0.357729
v 0.047579 -1.056363 0.252470
v 0.047579 -1.056363 0.147201
v 0.047579 -1.056363 0.041941
v 0.047579 -1.056363 -0.063319
v 0.047579 -1.056363 -0.168590
v 0.047579 -1.056363 -0.273849
v 0.047579 -1.056363 -0.379109
v 0.047579 -1.056363 -0.484380
v 0.047579 -1.056363 -0.589640
v 0.047579 -1.056363 -0.694899
v 0.047579 -1.056363 -0.800170
v 0.047579 -1.056363 -0.905430
v 0.047579 0.943637 -0.905430
v 0.047579 0.943637 -0.800170
v 0.047579 0.943637 -0.694900
v 0.047579 0.943637 -0.589640
v 0.047579 0.943637 -0.484380
v 0.047579 0.943637 -0.379109
v 0.047579 0.943637 -0.273850
v 0.047579 0.943637 -0.168590
v 0.047579 0.943637 -0.063319
v 0.047579 0.943637 0.041941
v 0.047579 0.943637 0.147201
v 0.047579 0.943637 0.252470
v 0.047579 0.943637 0.357731
v 0.047579 0.943637 0.462993
v 0.047579 0.943637 0.568255
v 0.047579 0.943637 0.673519
v 0.047579 0.943637 0.778781
v 0.047579 0.943637 0.884046
v -0.040096 0.838320 0.884046
v -0.040096 0.838320 0.778781
v -0.040096 0.838320 0.673519
v -0.040096 0.838320 0.568255
v -0.040096 0.838320 0.462993
v -0.040096 0.838320 0.357729
v -0.040096 0.838320 0.252470
v -0.040096 0.838320 0.147201
v -0.040096 0.838320 0.041941
v -0.040096 0.838320 -0.063319
v -0.040096 0.838320 -0.168590
v -0.040096 0.838320 -0.273850
v -0.040096 0.838320 -0.379109
v -0.040096 0.838320 -0.484380
v -0.040096 0.838320 -0.589640
v -0.040096 0.838320 -0.694900
v -0.040096 0.838320 -0.800170
v -0.040096 0.838320 -0.905430
v -0.040097 -0.951154 0.884046
v -0.040097 -0.951154 0.778781
v -0.040097 -0.951154 0.673519
v -0.040097 -0.951154 0.568255
v -0.040097 -0.951154 0.462993
v -0.040097 -0.951154 0.357729
v -0.040097 -0.951154 0.252470
v -0.040097 -0.951154 0.147201
v -0.040097 -0.951154 0.041941
v -0.040097 -0.951154 -0.063319
v -0.040097 -0.951154 -0.168590
v -0.040097 -0.951154 -0.273849
v -0.040097 -0.951154 -0.379109
v -0.040097 -0.951154 -0.484380
v -0.040097 -0.951154 -0.589640
v -0.040097 -0.951154 -0.694899
v -0.040097 -0.951154 -0.800170
v -0.040097 -0.951154 -0.905430
v 0.047579 -1.032581 0.884046
v 0.047579 -1.032581 0.778781
v 0.047579 -1.032581 0.673519
v 0.047579 -1.032581 0.568255
v 0.047579 -1.032581 0.462993
v 0.047579 -1.032581 0.357729
v 0.047579 -1.032581 0.252470
v 0.047579 -1.032581 0.147201
v 0.047579 -1.032581 0.041941
v 0.047579 -1.032581 -0.063319
v 0.047579 -1.032581 -0.168590
v 0.047579 -1.032581 -0.273849
v 0.047579 -1.032581 -0.379109
v 0.047579 -1.032581 -0.484380
v 0.047579 -1.032581 -0.589640
v 0.047579 -1.032581 -0.694899
v 0.047579 -1.032581 -0.800170
v 0.047579 -1.032581 -0.905430
v 0.047579 -1.022403 -0.905430
v 0.047579 -1.022403 -0.800170
v 0.047579 -1.022403 -0.694899
v 0.047579 -1.022403 -0.589640
v 0.047579 -1.022403 -0.484380
v 0.047579 -1.022403 -0.379109
v 0.047579 -1.022403 -0.273849
v 0.047579 -1.022403 -0.168590
v 0.047579 -1.022403 -0.063319
v 0.047579 -1.022403 0.041941
v 0.047579 -1.022403 0.147201
v 0.047579 -1.022403 0.252470
v 0.047579 -1.022403 0.357731
v 0.047579 -1.022403 0.462993
v 0.047579 -1.022403 0.568255
v 0.047579 -1.022403 0.673519
v 0.047579 -1.022403 0.778781
v 0.047579 -1.022403 0.884046
v 0.041065 -1.019553 -0.905430
v 0.041065 -1.019553 -0.800170
v 0.041065 -1.019553 -0.694899
v 0.041065 -1.019553 -0.589640
v 0.041065 -1.019553 -0.484380
v 0.041065 -1.019553 -0.379109
v 0.041065 -1.019553 -0.273849
v 0.041065 -1.019553 -0.168590
v 0.041065 -1.019553 -0.063319
v 0.041065 -1.019553 0.041941
v 0.041065 -1.019553 0.147201
v 0.041065 -1.019553 0.252470
v 0.041065 -1.019553 0.357731
v 0.041065 -1.019553 0.462993
v 0.041065 -1.019553 0.568255
v 0.041065 -1.019553 0.673519
v 0.041065 -1.019553 0.778781
v 0.041065 -1.019553 0.884046
v 0.037401 -1.012224 -0.905430
v 0.037401 -1.012224 -0.800170
v 0.037401 -1.012224 -0.694899
v 0.037401 -1.012224 -0.589640
v 0.037401 -1.012224 -0.484380
v 0.037401 -1.012224 -0.379109
v 0.037401 -1.012224 -0.273849
v 0.037401 -1.012224 -0.168590
v 0.037401 -1.012224 -0.063319
v 0.037401 -1.012224 0.041941
v 0.037401 -1.012224 0.147201
v 0.037401 -1.012224 0.252470
v 0.037401 -1.012224 0.357731
v 0.037401 -1.012224 0.462993
v 0.037401 -1.012224 0.568255
v 0.037401 -1.012224 0.673519
v 0.037401 -1.012224 0.778781
v 0.037401 -1.012224 0.884046
v 0.031294 -1.012224 -0.905430
v 0.031294 -1.012224 -0.800170
v 0.031294 -1.012224 -0.694899
v 0.031294 -1.012224 -0.589640
v 0.031294 -1.012224 -0.484380
v 0.031294 -1.012224 -0.379109
v 0.031294 -1.012224 -0.273849
v 0.031294 -1.012224 -0.168590
v 0.031294 -1.012224 -0.063319
v 0.031294 -1.012224 0.041941
v 0.031294 -1.012224 0.147201
v 0.031294 -1.012224 0.252470
v 0.031294 -1.012224 0.357731
v 0.031294 -1.012224 0.462993
v 0.031294 -1.012224 0.568255
v 0.031294 -1.012224 0.673519
v 0.031294 -1.012224 0.778781
v 0.031294 -1.012224 0.884046
v 0.025838 -0.997323 -0.905430
v 0.025838 -0.997323 -0.800170
v 0.025838 -0.997323 -0.694899
v 0.025838 -0.997323 -0.589640
v 0.025838 -0.997323 -0.484380
v 0.025838 -0.997323 -0.379109
v 0.025838 -0.997323 -0.273849
v 0.025838 -0.997323 -0.168590
v 0.025838 -0.997323 -0.063319
v 0.025838 -0.997323 0.041941
v 0.025838 -0.997323 0.147201
v 0.025838 -0.997323 0.252470
v 0.025838 -0.997323 0.357731
v 0.025838 -0.997323 0.462993
v 0.025838 -0.997323 0.568255
v 0.025838 -0.997323 0.673519
v 0.025838 -0.997323 0.778781
v 0.025838 -0.997323 0.884046
v 0.013543 -0.990076 -0.905430
v 0.013543 -0.990076 -0.800170
v 0.013543 -0.990076 -0.694899
v 0.013543 -0.990076 -0.589640
v 0.013543 -0.990076 -0.484380
v 0.013543 -0.990076 -0.379109
v 0.013543 -0.990076 -0.273849
v 0.013543 -0.990076 -0.168590
v 0.013543 -0.990076 -0.063319
v 0.013543 -0.990076 0.041941
v 0.013543 -0.990076 0.147201
v 0.013543 -0.990076 0.252470
v 0.013543 -0.990076 0.357731
v 0.013543 -0.990076 0.462993
v 0.013543 -0.990076 0.568255
v 0.013543 -0.990076 0.673519
v 0.013543 -0.990076 0.778781
v 0.013543 -0.990076 0.884046
v -0.001277 -0.983725 -0.905430
v -0.001277 -0.983725 -0.800170
v -0.001277 -0.983725 -0.694899
v -0.001277 -0.983725 -0.589640
v -0.001277 -0.983725 -0.484380
v -0.001277 -0.983725 -0.379109
v -0.001277 -0.983725 -0.273849
v -0.001277 -0.983725 -0.168590
v -0.001277 -0.983725 -0.063319
v -0.001277 -0.983725 0.041941
v -0.001277 -0.983725 0.147201
v -0.001277 -0.983725 0.252470
v -0.001277 -0.983725 0.357731
v -0.001277 -0.983725 0.462993
v -0.001277 -0.983725 0.568255
v -0.001277 -0.983725 0.673519
v -0.001277 -0.983725 0.778781
v -0.001277 -0.983725 0.884046
v -0.010316 -0.973383 -0.905430
v -0.010316 -0.973383 -0.800170
v -0.010316 -0.973383 -0.694899
v -0.010316 -0.973383 -0.589640
v -0.010316 -0.973383 -0.484380
v -0.010316 -0.973383 -0.379109
v -0.010316 -0.973383 -0.273849
v -0.010316 -0.973383 -0.168590
v -0.010316 -0.973383 -0.063319
v -0.010316 -0.973383 0.041941
v -0.010316 -0.973383 0.147201
v -0.010316 -0.973383 0.252470
v -0.010316 -0.973383 0.357731
v -0.010316 -0.973383 0.462993
v -0.010316 -0.973383 0.568255
v -0.010316 -0.973383 0.673519
v -0.010316 -0.973383 0.778781
v -0.010316 -0.973383 0.884046
v -0.013491 -0.957261 -0.905430
v -0.013491 -0.957261 -0.800170
v -0.013491 -0.957261 -0.694899
v -0.013491 -0.957261 -0.589640
v -0.013491 -0.957261 -0.484380
v -0.013491 -0.957261 -0.379109
v -0.013491 -0.957261 -0.273849
v -0.013491 -0.957261 -0.168590
v -0.013491 -0.957261 -0.063319
v -0.013491 -0.957261 0.041941
v -0.013491 -0.957261 0.147201
v -0.013491 -0.957261 0.252470
v -0.013491 -0.957261 0.357731
v -0.013491 -0.957261 0.462993
v -0.013491 -0.957261 0.568255
v -0.013491 -0.957261 0.673519
v -0.013491 -0.957261 0.778781
v -0.013491 -0.957261 0.884046
v -0.019598 -0.957261 -0.905430
v -0.019598 -0.957261 -0.800170
v -0.019598 -0.957261 -0.694899
v -0.019598 -0.957261 -0.589640
v -0.019598 -0.957261 -0.484380
v -0.019598 -0.957261 -0.379109
v -0.019598 -0.957261 -0.273849
v -0.019598 -0.957261 -0.168590
v -0.019598 -0.957261 -0.063319
v -0.019598 -0.957261 0.041941
v -0.019598 -0.957261 0.147201
v -0.019598 -0.957261 0.252470
v -0.019598 -0.957261 0.357731
v -0.019598 -0.957261 0.462993
v -0.019598 -0.957261 0.568255
v -0.019598 -0.957261 0.673519
v -0.019598 -0.957261 0.778781
v -0.019598 -0.957261 0.884046
v -0.019598 -0.951154 -0.905430
v -0.019598 -0.951154 -0.800170
v -0.019598 -0.951154 -0.694899
v -0.019598 -0.951154 -0.589640
v -0.019598 -0.951154 -0.484380
v -0.019598 -0.951154 -0.379109
v -0.019598 -0.951154 -0.273849
v -0.019598 -0.951154 -0.168590
v -0.019598 -0.951154 -0.063319
v -0.019598 -0.951154 0.041941
v -0.019598 -0.951154 0.147201
v -0.019598 -0.951154 0.252470
v -0.019598 -0.951154 0.357731
v -0.019598 -0.951154 0.462993
v -0.019598 -0.951154 0.568255
v -0.019598 -0.951154 0.673519
v -0.019598 -0.951154 0.778781
v -0.019598 -0.951154 0.884046
v -0.033848 -0.951154 -0.905430
v -0.033848 -0.951154 -0.800170
v -0.033848 -0.951154 -0.694899
v -0.033848 -0.951154 -0.589640
v -0.033848 -0.951154 -0.484380
v -0.033848 -0.951154 -0.379109
v -0.033848 -0.951154 -0.273849
v -0.033848 -0.951154 -0.168590
v -0.033848 -0.951154 -0.063319
v -0.033848 -0.951154 0.041941
v -0.033848 -0.951154 0.147201
v -0.033848 -0.951154 0.252470
v -0.033848 -0.951154 0.357731
v -0.033848 -0.951154 0.462993
v -0.033848 -0.951154 0.568255
v -0.033848 -0.951154 0.673519
v -0.033848 -0.951154 0.778781
v -0.033848 -0.951154 0.884046
v -0.033848 0.838320 0.884046
v -0.033848 0.838320 0.778781
v -0.033848 0.838320 0.673519
v -0.033848 0.838320 0.568255
v -0.033848 0.838320 0.462993
v -0.033848 0.838320 0.357729
v -0.033848 0.838320 0.252470
v -0.033848 0.838320 0.147201
v -0.033848 0.838320 0.041941
v -0.033848 0.838320 -0.063319
v -0.033848 0.838320 -0.168590
v -0.033848 0.838320 -0.273850
v -0.033848 0.838320 -0.379109
v -0.033848 0.838320 -0.484380
v -0.033848 0.838320 -0.589640
v -0.033848 0.838320 -0.694900
v -0.033848 0.838320 -0.800170
v -0.033848 0.838320 -0.905430
v -0.023670 0.838320 -0.905430
v -0.023670 0.838320 -0.800170
v -0.023670 0.838320 -0.694900
v -0.023670 0.838320 -0.589640
v -0.023670 0.838320 -0.484380
v -0.023670 0.838320 -0.379109
v -0.023670 0.838320 -0.273850
v -0.023670 0.838320 -0.168590
v -0.023670 0.838320 -0.063319
v -0.023670 0.838320 0.041941
v -0.023670 0.838320 0.147201
v -0.023670 0.838320 0.252470
v -0.023670 0.838320 0.357731
v -0.023670 0.838320 0.462993
v -0.023670 0.838320 0.568255
v -0.023670 0.838320 0.673519
v -0.023670 0.838320 0.778781
v -0.023670 0.838320 0.884046
v -0.020820 0.844834 -0.905430
v -0.020820 0.844834 -0.800170
v -0.020820 0.844834 -0.694900
v -0.020820 0.844834 -0.589640
v -0.020820 0.844834 -0.484380
v -0.020820 0.844834 -0.379109
v -0.020820 0.844834 -0.273850
v -0.020820 0.844834 -0.168590
v -0.020820 0.844834 -0.063319
v -0.020820 0.844834 0.041941
v -0.020820 0.844834 0.147201
v -0.020820 0.844834 0.252470
v -0.020820 0.844834 0.357731
v -0.020820 0.844834 0.462993
v -0.020820 0.844834 0.568255
v -0.020820 0.844834 0.673519
v -0.020820 0.844834 0.778781
v -0.020820 0.844834 0.884046
v -0.013491 0.848499 -0.905430
v -0.013491 0.848499 -0.800170
v -0.013491 0.848499 -0.694900
v -0.013491 0.848498 -0.589640
v -0.013491 0.848498 -0.484380
v -0.013491 0.848498 -0.379109
v -0.013491 0.848498 -0.273850
v -0.013491 0.848498 -0.168590
v -0.013491 0.848498 -0.063319
v -0.013491 0.848498 0.041941
v -0.013491 0.848498 0.147201
v -0.013491 0.848498 0.252470
v -0.013491 0.848498 0.357731
v -0.013491 0.848498 0.462993
v -0.013491 0.848498 0.568255
v -0.013491 0.848498 0.673519
v -0.013491 0.848498 0.778781
v -0.013491 0.848498 0.884046
v -0.013491 0.854606 -0.905430
v -0.013491 0.854606 -0.800170
v -0.013491 0.854606 -0.694900
v -0.013491 0.854606 -0.589640
v -0.013491 0.854606 -0.484380
v -0.013491 0.854606 -0.379109
v -0.013491 0.854606 -0.273850
v -0.013491 0.854606 -0.168590
v -0.013491 0.854606 -0.063319
v -0.013491 0.854606 0.041941
v -0.013491 0.854606 0.147201
v -0.013491 0.854606 0.252470
v -0.013491 0.854606 0.357731
v -0.013491 0.854605 0.462993
v -0.013491 0.854605 0.568255
v -0.013491 0.854605 0.673519
v -0.013491 0.854605 0.778781
v -0.013491 0.854605 0.884046
v 0.001410 0.860061 -0.905430
v 0.001410 0.860061 -0.800170
v 0.001410 0.860061 -0.694900
v 0.001410 0.860061 -0.589640
v 0.001410 0.860061 -0.484380
v 0.001410 0.860061 -0.379109
v 0.001410 0.860061 -0.273850
v 0.001410 0.860061 -0.168590
v 0.001410 0.860061 -0.063319
v 0.001410 0.860061 0.041941
v 0.001410 0.860061 0.147201
v 0.001410 0.860061 0.252470
v 0.001410 0.860061 0.357731
v 0.001410 0.860061 0.462993
v 0.001410 0.860061 0.568255
v 0.001410 0.860061 0.673519
v 0.001410 0.860061 0.778781
v 0.001410 0.860061 0.884046
v 0.008657 0.872357 -0.905430
v 0.008657 0.872357 -0.800170
v 0.008657 0.872357 -0.694900
v 0.008657 0.872357 -0.589640
v 0.008657 0.872357 -0.484380
v 0.008657 0.872357 -0.379109
v 0.008657 0.872357 -0.273850
v 0.008657 0.872357 -0.168590
v 0.008657 0.872357 -0.063319
v 0.008657 0.872357 0.041941
v 0.008657 0.872357 0.147201
v 0.008657 0.872357 0.252470
v 0.008657 0.872357 0.357731
v 0.008657 0.872357 0.462993
v 0.008657 0.872357 0.568255
v 0.008657 0.872357 0.673519
v 0.008657 0.872357 0.778781
v 0.008657 0.872357 0.884046
v 0.015008 0.887177 -0.905430
v 0.015008 0.887177 -0.800170
v 0.015008 0.887177 -0.694900
v 0.015008 0.887177 -0.589640
v 0.015008 0.887177 -0.484380
v 0.015008 0.887177 -0.379109
v 0.015008 0.887176 -0.273850
v 0.015008 0.887176 -0.168590
v 0.015008 0.887176 -0.063319
v 0.015008 0.887176 0.041941
v 0.015008 0.887176 0.147201
v 0.015008 0.887176 0.252470
v 0.015008 0.887176 0.357731
v 0.015008 0.887176 0.462993
v 0.015008 0.887176 0.568255
v 0.015008 0.887176 0.673519
v 0.015008 0.887176 0.778781
v 0.015008 0.887176 0.884046
v 0.025350 0.896215 -0.905430
v 0.025350 0.896215 -0.800170
v 0.025350 0.896215 -0.694900
v 0.025350 0.896215 -0.589640
v 0.025350 0.896215 -0.484380
v 0.025350 0.896215 -0.379109
v 0.025350 0.896215 -0.273850
v 0.025350 0.896215 -0.168590
v 0.025350 0.896215 -0.063319
v 0.025350 0.896215 0.041941
v 0.025350 0.896215 0.147201
v 0.025350 0.896215 0.252470
v 0.025350 0.896215 0.357731
v 0.025350 0.896215 0.462993
v 0.025350 0.896215 0.568255
v 0.025350 0.896215 0.673519
v 0.025350 0.896215 0.778781
v 0.025350 0.896215 0.884046
v 0.041472 0.899391 -0.905430
v 0.041472 0.899391 -0.800170
v 0.041472 0.899391 -0.694900
v 0.041472 0.899391 -0.589640
v 0.041472 0.899391 -0.484380
v 0.041472 0.899391 -0.379109
v 0.041472 0.899391 -0.273850
v 0.041472 0.899391 -0.168590
v 0.041472 0.899391 -0.063319
v 0.041472 0.899391 0.041941
v 0.041472 0.899391 0.147201
v 0.041472 0.899391 0.252470
v 0.041472 0.899391 0.357731
v 0.041472 0.899391 0.462993
v 0.041472 0.899391 0.568255
v 0.041472 0.899391 0.673519
v 0.041472 0.899391 0.778781
v 0.041472 0.899391 0.884046
v 0.041472 0.905498 -0.905430
v 0.041472 0.905498 -0.800170
v 0.041472 0.905498 -0.694900
v 0.041472 0.905498 -0.589640
v 0.041472 0.905498 -0.484380
v 0.041472 0.905498 -0.379109
v 0.041472 0.905498 -0.273850
v 0.041472 0.905498 -0.168590
v 0.041472 0.905498 -0.063319
v 0.041472 0.905498 0.041941
v 0.041472 0.905498 0.147201
v 0.041472 0.905498 0.252470
v 0.041472 0.905498 0.357731
v 0.041472 0.905498 0.462993
v 0.041472 0.905498 0.568255
v 0.041472 0.905498 0.673519
v 0.041472 0.905498 0.778781
v 0.041472 0.905498 0.884046
v 0.047579 0.905498 -0.905430
v 0.047579 0.905498 -0.800170
v 0.047579 0.905498 -0.694900
v 0.047579 0.905498 -0.589640
v 0.047579 0.905498 -0.484380
v 0.047579 0.905498 -0.379109
v 0.047579 0.905498 -0.273850
v 0.047579 0.905498 -0.168590
v 0.047579 0.905498 -0.063319
v 0.047579 0.905498 0.041941
v 0.047579 0.905498 0.147201
v 0.047579 0.905498 0.252470
v 0.047579 0.905498 0.357731
v 0.047579 0.905498 0.462993
v 0.047579 0.905498 0.568255
v 0.047579 0.905498 0.673519
v 0.047579 0.905498 0.778781
v 0.047579 0.905498 0.884046
v 0.047579 0.919748 -0.905430
v 0.047579 0.919748 -0.800170
v 0.047579 0.919748 -0.694900
v 0.047579 0.919748 -0.589640
v 0.047579 0.919748 -0.484380
v 0.047579 0.919748 -0.379109
v 0.047579 0.919748 -0.273850
v 0.047579 0.919748 -0.168590
v 0.047579 0.919748 -0.063319
v 0.047579 0.919748 0.041941
v 0.047579 0.919748 0.147201
v 0.047579 0.919748 0.252470
v 0.047579 0.919748 0.357731
v 0.047579 0.919748 0.462993
v 0.047579 0.919748 0.568255
v 0.047579 0.919748 0.673519
v 0.047579 0.919748 0.778781
v 0.047579 0.919748 0.884046
v -0.040096 -0.410215 0.884046
v -0.040096 -0.410215 0.778781
v -0.040096 -0.410215 0.673519
v -0.040096 -0.410215 0.568255
v -0.040096 -0.410215 0.462993
v -0.040096 -0.410215 0.357729
v -0.040096 -0.410215 0.252470
v -0.040096 -0.410215 0.147201
v -0.040096 -0.410215 0.041941
v -0.040096 -0.410215 -0.063319
v -0.040096 -0.410215 -0.168590
v -0.040096 -0.410215 -0.273849
v -0.040096 -0.410215 -0.379109
v -0.040096 -0.410215 -0.484380
v -0.040096 -0.410215 -0.589640
v -0.040096 -0.410215 -0.694899
v -0.040096 -0.410215 -0.800170
v -0.040096 -0.410215 -0.905430
v -0.040097 -0.494127 0.884046
v -0.040097 -0.494127 0.778781
v -0.040097 -0.494127 0.673519
v -0.040097 -0.494127 0.568255
v -0.040097 -0.494127 0.462993
v -0.040097 -0.494127 0.357729
v -0.040097 -0.494127 0.252470
v -0.040097 -0.494127 0.147201
v -0.040097 -0.494127 0.041941
v -0.040097 -0.494127 -0.063319
v -0.040097 -0.494127 -0.168590
v -0.040097 -0.494127 -0.273849
v -0.040097 -0.494127 -0.379109
v -0.040097 -0.494127 -0.484380
v -0.040097 -0.494127 -0.589640
v -0.040097 -0.494127 -0.694899
v -0.040097 -0.494127 -0.800170
v -0.040097 -0.494127 -0.905430
v -0.040096 0.772608 0.884046
v -0.040096 0.772608 0.778781
v -0.040096 0.772608 0.673519
v -0.040096 0.772608 0.568255
v -0.040096 0.772608 0.462993
v -0.040096 0.772608 0.357729
v -0.040096 0.772608 0.252470
v -0.040096 0.772608 0.147201
v -0.040096 0.772608 0.041941
v -0.040096 0.772608 -0.063319
v -0.040096 0.772608 -0.168590
v -0.040096 0.772608 -0.273850
v -0.040096 0.772608 -0.379109
v -0.040096 0.772608 -0.484380
v -0.040096 0.772608 -0.589640
v -0.040096 0.772608 -0.694900
v -0.040096 0.772608 -0.800170
v -0.040096 0.772608 -0.905430
v -0.040096 0.706895 0.884046
v -0.040096 0.706895 0.778781
v -0.040096 0.706895 0.673519
v -0.040096 0.706895 0.568255
v -0.040096 0.706895 0.462993
v -0.040096 0.706895 0.357729
v -0.040096 0.706895 0.252470
v -0.040096 0.706895 0.147201
v -0.040096 0.706895 0.041941
v -0.040096 0.706895 -0.063319
v -0.040096 0.706895 -0.168590
v -0.040096 0.706895 -0.273850
v -0.040096 0.706895 -0.379109
v -0.040096 0.706895 -0.484380
v -0.040096 0.706895 -0.589640
v -0.040096 0.706895 -0.694900
v -0.040096 0.706895 -0.800170
v -0.040096 0.706895 -0.905430
v -0.040096 0.641183 0.884046
v -0.040096 0.641183 0.778781
v -0.040096 0.641183 0.673519
v -0.040096 0.641183 0.568255
v -0.040096 0.641183 0.462993
v -0.040096 0.641183 0.357729
v -0.040096 0.641183 0.252470
v -0.040096 0.641183 0.147201
v -0.040096 0.641183 0.041941
v -0.040096 0.641183 -0.063319
v -0.040096 0.641183 -0.168590
v -0.040096 0.641183 -0.273850
v -0.040096 0.641183 -0.379109
v -0.040096 0.641183 -0.484380
v -0.040096 0.641183 -0.589640
v -0.040096 0.641183 -0.694900
v -0.040096 0.641183 -0.800170
v -0.040096 0.641183 -0.905430
v -0.040096 0.575471 0.884046
v -0.040096 0.575471 0.778781
v -0.040096 0.575471 0.673519
v -0.040096 0.575471 0.568255
v -0.040096 0.575471 0.462993
v -0.040096 0.575471 0.357729
v -0.040096 0.575471 0.252470
v -0.040096 0.575471 0.147201
v -0.040096 0.575471 0.041941
v -0.040096 0.575471 -0.063319
v -0.040096 0.575471 -0.168590
v -0.040096 0.575471 -0.273850
v -0.040096 0.575471 -0.379109
v -0.040096 0.575471 -0.484380
v -0.040096 0.575471 -0.589640
v -0.040096 0.575471 -0.694900
v -0.040096 0.575471 -0.800170
v -0.040096 0.575471 -0.905430
v -0.040096 0.509758 0.884046
v -0.040096 0.509758 0.778781
v -0.040096 0.509758 0.673519
v -0.040096 0.509758 0.568255
v -0.040096 0.509758 0.462993
v -0.040096 0.509758 0.357729
v -0.040096 0.509758 0.252470
v -0.040096 0.509758 0.147201
v -0.040096 0.509758 0.041941
v -0.040096 0.509758 -0.063319
v -0.040096 0.509758 -0.168590
v -0.040096 0.509758 -0.273850
v -0.040096 0.509758 -0.379109
v -0.040096 0.509758 -0.484380
v -0.040096 0.509758 -0.589640
v -0.040096 0.509758 -0.694900
v -0.040096 0.509758 -0.800170
v -0.040096 0.509758 -0.905430
v -0.040096 0.444046 0.884046
v -0.040096 0.444046 0.778781
v -0.040096 0.444046 0.673519
v -0.040096 0.444046 0.568255
v -0.040096 0.444046 0.462993
v -0.040096 0.444046 0.357729
v -0.040096 0.444046 0.252470
v -0.040096 0.444046 0.147201
v -0.040096 0.444046 0.041941
v -0.040096 0.444046 -0.063319
v -0.040096 0.444046 -0.168590
v -0.040096 0.444046 -0.273850
v -0.040096 0.444046 -0.379109
v -0.040096 0.444046 -0.484380
v -0.040096 0.444046 -0.589640
v -0.040096 0.444046 -0.694900
v -0.040096 0.444046 -0.800170
v -0.040096 0.444046 -0.905430
v -0.040096 0.378333 0.884046
v -0.040096 0.378333 0.778781
v -0.040096 0.378333 0.673519
v -0.040096 0.378333 0.568255
v -0.040096 0.378333 0.462993
v -0.040096 0.378333 0.357729
v -0.040096 0.378333 0.252470
v -0.040096 0.378333 0.147201
v -0.040096 0.378333 0.041941
v -0.040096 0.378333 -0.063319
v -0.040096 0.378333 -0.168590
v -0.040096 0.378333 -0.273850
v -0.040096 0.378333 -0.379109
v -0.040096 0.378333 -0.484380
v -0.040096 0.378333 -0.589640
v -0.040096 0.378333 -0.694900
v -0.040096 0.378333 -0.800170
v -0.040096 0.378334 -0.905430
v -0.040096 0.312621 0.884046
v -0.040096 0.312621 0.778781
v -0.040096 0.312621 0.673519
v -0.040096 0.312621 0.568255
v -0.040096 0.312621 0.462993
v -0.040096 0.312621 0.357729
v -0.040096 0.312621 0.252470
v -0.040096 0.312621 0.147201
v -0.040096 0.312621 0.041941
v -0.040096 0.312621 -0.063319
v -0.040096 0.312621 -0.168590
v -0.040096 0.312621 -0.273850
v -0.040096 0.312621 -0.379109
v -0.040096 0.312621 -0.484380
v -0.040096 0.312621 -0.589640
v -0.040096 0.312621 -0.694900
v -0.040096 0.312621 -0.800170
v -0.040096 0.312621 -0.905430
v -0.040096 0.246909 0.884046
v -0.040096 0.246909 0.778781
v -0.040096 0.246909 0.673519
v -0.040096 0.246909 0.568255
v -0.040096 0.246909 0.462993
v -0.040096 0.246909 0.357729
v -0.040096 0.246909 0.252470
v -0.040096 0.246909 0.147201
v -0.040096 0.246909 0.041941
v -0.040096 0.246909 -0.063319
v -0.040096 0.246909 -0.168590
v -0.040096 0.246909 -0.273850
v -0.040096 0.246909 -0.379109
v -0.040096 0.246909 -0.484380
v -0.040096 0.246909 -0.589640
v -0.040096 0.246909 -0.694900
v -0.040096 0.246909 -0.800170
v -0.040096 0.246909 -0.905430
v -0.040096 0.181196 0.884046
v -0.040096 0.181196 0.778781
v -0.040096 0.181196 0.673519
v -0.040096 0.181196 0.568255
v -0.040096 0.181196 0.462993
v -0.040096 0.181196 0.357729
v -0.040096 0.181196 0.252470
v -0.040096 0.181196 0.147201
v -0.040096 0.181196 0.041941
v -0.040096 0.181196 -0.063319
v -0.040096 0.181196 -0.168590
v -0.040096 0.181196 -0.273849
v -0.040096 0.181196 -0.379109
v -0.040096 0.181196 -0.484380
v -0.040096 0.181196 -0.589640
v -0.040096 0.181196 -0.694900
v -0.040096 0.181196 -0.800170
v -0.040096 0.181196 -0.905430
v -0.040096 0.115484 0.884046
v -0.040096 0.115484 0.778781
v -0.040096 0.115484 0.673519
v -0.040096 0.115484 0.568255
v -0.040096 0.115484 0.462993
v -0.040096 0.115484 0.357729
v -0.040096 0.115484 0.252470
v -0.040096 0.115484 0.147201
v -0.040096 0.115484 0.041941
v -0.040096 0.115484 -0.063319
v -0.040096 0.115484 -0.168590
v -0.040096 0.115484 -0.273849
v -0.040096 0.115484 -0.379109
v -0.040096 0.115484 -0.484380
v -0.040096 0.115484 -0.589640
v -0.040096 0.115484 -0.694900
v -0.040096 0.115484 -0.800170
v -0.040096 0.115484 -0.905430
v -0.040096 0.049772 0.884046
v -0.040096 0.049772 0.778781
v -0.040096 0.049772 0.673519
v -0.040096 0.049772 0.568255
v -0.040096 0.049772 0.462993
v -0.040096 0.049772 0.357729
v -0.040096 0.049772 0.252470
v -0.040096 0.049772 0.147201
v -0.040096 0.049772 0.041941
v -0.040096 0.049772 -0.063319
v -0.040096 0.049772 -0.168590
v -0.040096 0.049772 -0.273849
v -0.040096 0.049772 -0.379109
v -0.040096 0.049772 -0.484380
v -0.040096 0.049772 -0.589640
v -0.040096 0.049772 -0.694900
v -0.040096 0.049772 -0.800170
v -0.040096 0.049772 -0.905430
v -0.040096 -0.015941 0.884046
v -0.040096 -0.015941 0.778781
v -0.040096 -0.015941 0.673519
v -0.040096 -0.015941 0.568255
v -0.040096 -0.015941 0.462993
v -0.040096 -0.015941 0.357729
v -0.040096 -0.015941 0.252470
v -0.040096 -0.015941 0.147201
v -0.040096 -0.015941 0.041941
v -0.040096 -0.015941 -0.063319
v -0.040096 -0.015941 -0.168590
v -0.040096 -0.015941 -0.273849
v -0.040096 -0.015941 -0.379109
v -0.040096 -0.015941 -0.484380
v -0.040096 -0.015941 -0.589640
v -0.040096 -0.015941 -0.694900
v -0.040096 -0.015941 -0.800170
v -0.040096 -0.015941 -0.905430
v -0.040096 -0.081653 0.884046
v -0.040096 -0.081653 0.778781
v -0.040096 -0.081653 0.673519
v -0.040096 -0.081653 0.568255
v -0.040096 -0.081653 0.462993
v -0.040096 -0.081653 0.357729
v -0.040096 -0.081653 0.252470
v -0.040096 -0.081653 0.147201
v -0.040096 -0.081653 0.041941
v -0.040096 -0.081653 -0.063319
v -0.040096 -0.081653 -0.168590
v -0.040096 -0.081653 -0.273849
v -0.040096 -0.081653 -0.379109
v -0.040096 -0.081653 -0.484380
v -0.040096 -0.081653 -0.589640
v -0.040096 -0.081653 -0.694900
v -0.040096 -0.081653 -0.800170
v -0.040096 -0.081653 -0.905430
v -0.040096 -0.147365 0.884046
v -0.040096 -0.147365 0.778781
v -0.040096 -0.147365 0.673519
v -0.040096 -0.147365 0.568255
v -0.040096 -0.147365 0.462993
v -0.040096 -0.147365 0.357729
v -0.040096 -0.147365 0.252470
v -0.040096 -0.147365 0.147201
v -0.040096 -0.147365 0.041941
v -0.040096 -0.147365 -0.063319
v -0.040096 -0.147365 -0.168590
v -0.040096 -0.147365 -0.273849
v -0.040096 -0.147365 -0.379109
v -0.040096 -0.147365 -0.484380
v -0.040096 -0.147365 -0.589640
v -0.040096 -0.147365 -0.694900
v -0.040096 -0.147365 -0.800170
v -0.040096 -0.147365 -0.905430
v -0.040096 -0.213078 0.884046
v -0.040096 -0.213078 0.778781
v -0.040096 -0.213078 0.673519
v -0.040096 -0.213078 0.568255
v -0.040096 -0.213078 0.462993
v -0.040096 -0.213078 0.357729
v -0.040096 -0.213078 0.252470
v -0.040096 -0.213078 0.147201
v -0.040096 -0.213078 0.041941
v -0.040096 -0.213078 -0.063319
v -0.040096 -0.213078 -0.168590
v -0.040096 -0.213078 -0.273849
v -0.040096 -0.213078 -0.379109
v -0.040096 -0.213078 -0.484380
v -0.040096 -0.213078 -0.589640
v -0.040096 -0.213078 -0.694900
v -0.040096 -0.213078 -0.800170
v -0.040096 -0.213078 -0.905430
v -0.040096 -0.278790 0.884046
v -0.040096 -0.278790 0.778781
v -0.040096 -0.278790 0.673519
v -0.040096 -0.278790 0.568255
v -0.040096 -0.278790 0.462993
v -0.040096 -0.278790 0.357729
v -0.040096 -0.278790 0.252470
v -0.040096 -0.278790 0.147201
v -0.040096 -0.278790 0.041941
v -0.040096 -0.278790 -0.063319
v -0.040096 -0.278790 -0.168590
v -0.040096 -0.278790 -0.273849
v -0.040096 -0.278790 -0.379109
v -0.040096 -0.278790 -0.484380
v -0.040096 -0.278790 -0.589640
v -0.040096 -0.278790 -0.694900
v -0.040096 -0.278790 -0.800170
v -0.040096 -0.278790 -0.905430
v -0.040096 -0.344503 0.884046
v -0.040096 -0.344503 0.778781
v -0.040096 -0.344503 0.673519
v -0.040096 -0.344503 0.568255
v -0.040096 -0.344503 0.462993
v -0.040096 -0.344503 0.357729
v -0.040096 -0.344503 0.252470
v -0.040096 -0.344503 0.147201
v -0.040096 -0.344503 0.041941
v -0.040096 -0.344503 -0.063319
v -0.040096 -0.344503 -0.168590
v -0.040096 -0.344503 -0.273849
v -0.040096 -0.344503 -0.379109
v -0.040096 -0.344503 -0.484380
v -0.040096 -0.344503 -0.589640
v -0.040096 -0.344503 -0.694900
v -0.040096 -0.344503 -0.800170
v -0.040096 -0.344503 -0.905430
v -0.022113 0.772921 -0.905430
v -0.022113 0.772921 -0.800170
v -0.022113 0.772921 -0.694900
v -0.022113 0.772921 -0.589640
v -0.022113 0.772921 -0.484380
v -0.022113 0.772921 -0.379109
v -0.022113 0.772921 -0.273850
v -0.022113 0.772921 -0.168590
v -0.022113 0.772921 -0.063319
v -0.022113 0.772921 0.041941
v -0.022113 0.772921 0.147201
v -0.022113 0.772921 0.252470
v -0.022113 0.772921 0.357731
v -0.022113 0.772921 0.462993
v -0.022113 0.772921 0.568255
v -0.022113 0.772921 0.673519
v -0.022113 0.772921 0.778781
v -0.022113 0.772921 0.884046
v -0.022113 0.707208 -0.905430
v -0.022113 0.707208 -0.800170
v -0.022113 0.707208 -0.694900
v -0.022113 0.707208 -0.589640
v -0.022113 0.707208 -0.484380
v -0.022113 0.707208 -0.379109
v -0.022113 0.707208 -0.273850
v -0.022113 0.707208 -0.168590
v -0.022113 0.707208 -0.063319
v -0.022113 0.707208 0.041941
v -0.022113 0.707208 0.147201
v -0.022113 0.707208 0.252470
v -0.022113 0.707208 0.357731
v -0.022113 0.707208 0.462993
v -0.022113 0.707208 0.568255
v -0.022113 0.707208 0.673519
v -0.022113 0.707208 0.778781
v -0.022113 0.707208 0.884046
v -0.022113 0.641496 -0.905430
v -0.022113 0.641496 -0.800170
v -0.022113 0.641496 -0.694900
v -0.022113 0.641496 -0.589640
v -0.022113 0.641496 -0.484380
v -0.022113 0.641496 -0.379109
v -0.022113 0.641496 -0.273850
v -0.022113 0.641496 -0.168590
v -0.022113 0.641496 -0.063319
v -0.022113 0.641496 0.041941
v -0.022113 0.641496 0.147201
v -0.022113 0.641496 0.252470
v -0.022113 0.641496 0.357731
v -0.022113 0.641496 0.462993
v -0.022113 0.641496 0.568255
v -0.022113 0.641496 0.673519
v -0.022113 0.641496 0.778781
v -0.022113 0.641496 0.884046
v -0.022113 0.575784 -0.905430
v -0.022113 0.575784 -0.800170
v -0.017171 0.575784 -0.589640
v -0.023807 0.575784 -0.484380
v -0.012118 0.575784 -0.379109
v -0.031285 0.575784 -0.273850
v 0.018488 0.575784 -0.168590
v -0.005894 0.575784 -0.063319
v -0.022113 0.575784 0.041941
v -0.022113 0.575784 0.147201
v -0.022113 0.575784 0.252470
v -0.022113 0.575784 0.357731
v -0.022113 0.575784 0.462993
v -0.022113 0.575784 0.568255
v -0.022113 0.575784 0.673519
v -0.022113 0.575784 0.778781
v -0.022113 0.575784 0.884046
v -0.022113 0.510071 -0.905430
v -0.022113 0.510071 -0.800170
v -0.022113 0.510071 -0.694900
v 0.009879 0.510071 -0.168590
v -0.022113 0.510071 -0.063319
v -0.022113 0.510071 0.357731
v -0.022113 0.510071 0.462993
v -0.022113 0.510071 0.568255
v -0.022113 0.510071 0.673519
v -0.022113 0.510071 0.778781
v -0.022113 0.510071 0.884046
v -0.022113 0.444359 -0.905430
v -0.022113 0.444359 -0.800170
v -0.002857 0.444359 -0.168590
v 0.007229 0.444359 -0.063319
v -0.022113 0.444359 0.041941
v -0.023051 0.444359 0.274270
v -0.022113 0.444359 0.357731
v -0.022113 0.444359 0.462993
v -0.022113 0.444359 0.568255
v -0.022113 0.444359 0.673519
v -0.022113 0.444359 0.778781
v -0.022113 0.444359 0.884046
v -0.022113 0.378647 -0.905430
v -0.022113 0.378647 -0.800170
v -0.006184 0.378647 -0.683510
v -0.022113 0.378647 -0.168590
v -0.022113 0.378647 -0.063319
v -0.022113 0.378647 0.041941
v -0.007628 0.378647 0.274920
v -0.022113 0.378647 0.357731
v -0.022113 0.378647 0.462993
v -0.022113 0.378647 0.568255
v -0.022113 0.378647 0.673519
v -0.022113 0.378647 0.778781
v -0.022113 0.378647 0.884046
v -0.022113 0.312934 -0.905430
v -0.022113 0.312934 -0.800170
v -0.022113 0.312934 -0.694900
v -0.022113 0.312934 -0.273850
v -0.022113 0.312934 -0.168590
v -0.022113 0.312934 -0.063319
v -0.022113 0.312934 0.041941
v -0.006175 0.312934 0.147201
v -0.022113 0.312934 0.462993
v -0.022113 0.312934 0.568255
v -0.022113 0.312934 0.673519
v -0.022113 0.312934 0.778781
v -0.022113 0.312934 0.884046
v -0.022113 0.247222 -0.905430
v -0.022113 0.247222 -0.800170
v -0.022113 0.247222 -0.273850
v -0.022113 0.247222 -0.168590
v -0.022113 0.247222 -0.063319
v -0.022113 0.247222 0.041941
v -0.032512 0.247222 0.147201
v -0.022113 0.247222 0.462993
v -0.022113 0.247222 0.568255
v -0.022113 0.247222 0.673519
v -0.022113 0.247222 0.778781
v -0.022113 0.247222 0.884046
v -0.022113 0.181510 -0.905430
v -0.022113 0.181510 -0.800170
v -0.022113 0.181510 -0.694900
v -0.022113 0.181510 -0.273849
v -0.022113 0.181510 -0.168590
v -0.022113 0.181510 -0.063319
v -0.022113 0.181510 0.041941
v 0.038672 0.181510 0.343781
v 0.009455 0.181510 0.595356
v -0.022113 0.181510 0.673519
v -0.022113 0.181510 0.778781
v -0.022113 0.181509 0.884046
v -0.022113 0.115797 -0.905430
v -0.022113 0.115797 -0.800170
v -0.036647 0.115797 -0.694900
v -0.030737 0.115797 -0.379109
v -0.005105 0.115797 -0.273849
v 0.024009 0.115797 -0.168590
v -0.022113 0.115797 -0.063319
v -0.022113 0.115797 0.041941
v -0.022113 0.115797 0.673519
v -0.022113 0.115797 0.778781
v -0.022113 0.115797 0.884046
v -0.022113 0.050085 -0.905430
v -0.022113 0.050085 -0.800170
v -0.004819 0.050085 -0.662980
v 0.025969 0.050085 -0.273849
v -0.007063 0.050085 -0.063319
v -0.014167 0.050085 0.041941
v -0.029797 0.050085 0.568255
v -0.022113 0.050085 0.673519
v -0.022113 0.050085 0.778781
v -0.022113 0.050085 0.884046
v -0.022113 -0.015628 -0.905430
v -0.022113 -0.015628 -0.800170
v -0.033528 -0.015628 -0.694900
v -0.029128 -0.015628 -0.379109
v -0.002007 -0.015628 -0.273849
v -0.022113 -0.015628 -0.168590
v -0.035103 -0.015628 0.041941
v 0.033446 -0.015628 0.229501
v -0.022113 -0.015628 0.673519
v -0.022113 -0.015628 0.778781
v -0.022113 -0.015628 0.884046
v -0.022113 -0.081340 -0.905430
v -0.022113 -0.081340 -0.800170
v 0.002836 -0.081340 -0.396669
v -0.022113 -0.081340 -0.273849
v -0.022113 -0.081340 -0.168590
v 0.007575 -0.081340 -0.063319
v -0.022113 -0.081340 0.041941
v -0.022113 -0.081340 0.147201
v -0.029763 -0.081340 0.568255
v -0.000286 -0.081340 0.673519
v -0.022113 -0.081340 0.778781
v -0.022113 -0.147052 -0.905430
v -0.022113 -0.147052 -0.800170
v -0.004805 -0.147052 -0.720739
v 0.003661 -0.147052 -0.484380
v -0.022113 -0.147052 -0.273849
v -0.022113 -0.147052 -0.168590
v -0.022113 -0.147052 -0.063319
v -0.022113 -0.147052 0.041941
v 0.017433 -0.147052 0.229501
v -0.030344 -0.147052 0.884046
v -0.022113 -0.212765 -0.905430
v -0.022113 -0.212765 -0.800170
v -0.022113 -0.212765 -0.694900
v -0.035798 -0.212765 -0.484380
v -0.022113 -0.212765 -0.379109
v 0.007618 -0.212765 -0.273849
v -0.022113 -0.212765 -0.168590
v -0.022113 -0.212765 -0.063319
v 0.013416 -0.212765 0.041941
v -0.001593 -0.212765 0.164571
v -0.032544 -0.212765 0.884046
v -0.022113 -0.278477 -0.905430
v -0.022113 -0.278477 -0.800170
v -0.014709 -0.278477 -0.656799
v -0.007544 -0.278477 -0.562119
v -0.022113 -0.278477 -0.484380
v 0.004827 -0.278477 -0.379109
v 0.012381 -0.278477 -0.273849
v 0.024982 -0.278477 -0.168590
v -0.022113 -0.278477 -0.063319
v -0.005525 -0.278477 0.041941
v -0.021207 -0.251507 0.357731
v 0.011168 -0.273206 0.451201
v -0.008572 -0.273271 0.673519
v 0.015571 -0.250969 0.778781
v -0.022113 -0.344189 -0.905430
v -0.022113 -0.344189 -0.800170
v -0.022113 -0.344189 -0.484380
v -0.022113 -0.344189 -0.379109
v -0.022113 -0.344189 -0.273849
v 0.028497 -0.344189 -0.168590
v 0.012208 -0.344189 -0.063319
v -0.022113 -0.344189 0.041941
v -0.022113 -0.344189 0.147201
v -0.022113 -0.344189 0.252470
v -0.022113 -0.344189 0.357731
v -0.022113 -0.344189 0.462993
v -0.022113 -0.344189 0.568255
v -0.022113 -0.344189 0.673519
v -0.022113 -0.344189 0.778781
v -0.022113 -0.344189 0.884046
v -0.006032 0.060163 0.193541
v -0.010326 0.050085 0.189421
v -0.011298 0.038552 0.194751
v -0.007814 0.055049 0.196831
v -0.007892 0.053509 0.197600
v -0.008700 0.051525 0.198680
v -0.010082 0.048271 0.195621
v -0.009243 0.051692 0.195460
v -0.009363 0.049924 0.198100
v -0.009793 0.045704 0.198040
v -0.010412 0.044365 0.197420
v -0.009542 0.048061 0.198871
v -0.001924 0.140809 0.137160
v 0.000653 0.115797 0.104131
v 0.004949 0.097154 0.151951
v 0.002705 0.128541 0.130151
v 0.003330 0.125828 0.137220
v 0.005166 0.120713 0.132030
v 0.004642 0.113062 0.120320
v 0.003637 0.119503 0.118220
v 0.005591 0.116561 0.126531
v 0.005829 0.109958 0.142600
v 0.006209 0.106259 0.137771
v 0.006312 0.113418 0.134541
v -0.030350 0.205743 0.147201
v -0.026515 0.181510 0.122670
v -0.015870 0.160048 0.141911
v -0.028468 0.193849 0.143560
v -0.026922 0.190782 0.146430
v -0.026367 0.185897 0.143701
v -0.024922 0.178298 0.133961
v -0.027084 0.185105 0.134710
v -0.025709 0.181818 0.139661
v -0.021624 0.174063 0.144490
v -0.021115 0.170623 0.140841
v -0.023946 0.178246 0.142800
v 0.005820 0.354212 0.142290
v 0.004256 0.378647 0.115280
v 0.000938 0.401123 0.142060
v 0.008019 0.366203 0.137290
v 0.007529 0.369437 0.141260
v 0.008492 0.374327 0.137691
v 0.006731 0.381988 0.127521
v 0.007455 0.375023 0.127541
v 0.008233 0.378422 0.133230
v 0.005747 0.386567 0.141180
v 0.005536 0.390081 0.137160
v 0.007676 0.382178 0.137650
v -0.011528 0.424504 0.144840
v -0.022113 0.444359 0.124580
v -0.014393 0.465124 0.151791
v -0.016732 0.434265 0.142631
v -0.015564 0.437244 0.146670
v -0.018214 0.441147 0.144401
v -0.020973 0.447424 0.136340
v -0.020537 0.441403 0.135350
v -0.019966 0.444450 0.141061
v -0.016610 0.452074 0.149200
v -0.018173 0.454956 0.146200
v -0.018685 0.447949 0.145580
v 0.000412 0.480491 0.155180
v 0.004968 0.510071 0.130140
v 0.000412 0.539652 0.155180
v 0.003031 0.510071 0.192841
v 0.004871 0.495084 0.153670
v 0.004563 0.494990 0.162991
v 0.006495 0.503421 0.159591
v 0.006496 0.514510 0.144740
v 0.006496 0.505632 0.144740
v 0.007108 0.510071 0.153340
v 0.004563 0.525152 0.162991
v 0.004871 0.525059 0.153670
v 0.006495 0.516722 0.159591
v 0.005511 0.505695 0.176620
v 0.005511 0.514448 0.176620
v 0.006666 0.510071 0.167440
v -0.024801 0.510071 0.234250
v -0.032483 0.529842 0.252470
v -0.032483 0.510071 0.272241
v -0.037210 0.491851 0.258511
v -0.028572 0.513005 0.243191
v -0.029253 0.507390 0.244050
v -0.030882 0.510242 0.249001
v -0.032483 0.520138 0.255401
v -0.031343 0.520138 0.249761
v -0.031915 0.514605 0.252880
v -0.033194 0.507331 0.263380
v -0.032483 0.513005 0.262530
v -0.032629 0.510201 0.257581
v -0.033768 0.500761 0.252871
v -0.034875 0.500850 0.258500
v -0.032987 0.506035 0.254291
v -0.005299 0.330310 0.282730
v -0.008647 0.312934 0.302650
v -0.005441 0.321622 0.286430
v -0.006666 0.315262 0.293720
v -0.018436 0.312934 0.342692
v -0.022113 0.328414 0.357731
v -0.022113 0.312934 0.373209
v -0.013657 0.300869 0.352980
v -0.020241 0.315231 0.350073
v -0.018976 0.311102 0.349430
v -0.020270 0.313247 0.353913
v -0.022113 0.320816 0.360026
v -0.021567 0.320816 0.355498
v -0.021379 0.316579 0.357570
v -0.020867 0.311157 0.364935
v -0.022113 0.315231 0.365611
v -0.021109 0.313287 0.360785
v -0.017293 0.306854 0.353052
v -0.017794 0.306772 0.357585
v -0.019477 0.310383 0.356459
v 0.013045 0.262772 0.337983
v 0.017333 0.247222 0.350686
v 0.020629 0.228206 0.336909
v 0.017454 0.255044 0.337811
v 0.017882 0.252385 0.335733
v 0.019706 0.249386 0.336417
v 0.020099 0.244364 0.342151
v 0.018957 0.249593 0.342263
v 0.020412 0.246835 0.338433
v 0.020648 0.239777 0.335341
v 0.021272 0.237594 0.337246
v 0.020957 0.243659 0.336228
v -0.000589 0.181510 0.420192
v -0.022238 0.229629 0.462993
v -0.011261 0.181510 0.509763
v -0.011333 0.188650 0.441200
v -0.009664 0.181510 0.447935
v -0.014980 0.187164 0.456285
v -0.020727 0.206010 0.469933
v -0.019143 0.206010 0.456641
v -0.018577 0.195113 0.463458
v -0.013564 0.181510 0.480663
v -0.016767 0.188650 0.486807
v -0.016768 0.187164 0.471290
v -0.001547 0.158751 0.583400
v -0.017690 0.125221 0.603293
v -0.021734 0.095059 0.568255
v -0.008758 0.143813 0.581189
v -0.009261 0.139582 0.576012
v -0.012530 0.133469 0.576688
v -0.017536 0.122335 0.586056
v -0.014506 0.131874 0.588272
v -0.015191 0.127913 0.579890
v -0.016644 0.116289 0.570473
v -0.018988 0.111509 0.573481
v -0.015896 0.122836 0.574146
v -0.018489 0.015879 0.568255
v -0.013067 -0.015628 0.600753
v -0.018474 -0.047138 0.568255
v -0.014751 0.000409 0.573081
v -0.015563 -0.004107 0.568255
v -0.013720 -0.010348 0.572077
v -0.012794 -0.020307 0.584798
v -0.012796 -0.010949 0.584798
v -0.012821 -0.015628 0.577438
v -0.015557 -0.027151 0.568255
v -0.014743 -0.031666 0.573081
v -0.013718 -0.020909 0.572077
v -0.007893 -0.081340 0.861962
v -0.010035 -0.059732 0.884046
v -0.007893 -0.081340 0.906128
v -0.012422 -0.102147 0.884046
v -0.006918 -0.078129 0.872808
v -0.007273 -0.084434 0.872811
v -0.006725 -0.081261 0.879066
v -0.007690 -0.070345 0.887326
v -0.007690 -0.070345 0.880764
v -0.006825 -0.076431 0.884046
v -0.007273 -0.084434 0.895279
v -0.006918 -0.078129 0.895283
v -0.006725 -0.081261 0.889025
v -0.008903 -0.091925 0.880762
v -0.008903 -0.091925 0.887328
v -0.007363 -0.085995 0.884046
v 0.002260 -0.015628 0.183300
v -0.022113 -0.059186 0.147201
v -0.022113 -0.015628 0.103641
v -0.015650 0.016749 0.175620
v -0.009703 -0.022091 0.165581
v -0.008971 -0.010579 0.169610
v -0.015017 -0.016567 0.157741
v -0.022113 -0.037807 0.140740
v -0.018497 -0.037807 0.152560
v -0.019385 -0.025951 0.147680
v -0.021165 -0.010879 0.129081
v -0.022113 -0.022091 0.125020
v -0.020426 -0.016793 0.139811
v -0.015095 0.000491 0.166981
v -0.018806 0.000940 0.155351
v -0.017860 -0.008974 0.154221
v -0.019496 -0.155432 0.149421
v -0.022113 -0.147052 0.138150
v -0.022113 -0.137998 0.147201
v -0.018192 -0.147052 0.155360
v -0.020777 -0.151330 0.147000
v -0.020199 -0.151288 0.149550
v -0.021013 -0.148905 0.147731
v -0.022113 -0.145709 0.142591
v -0.021727 -0.148288 0.142910
v -0.021683 -0.146980 0.145330
v -0.021531 -0.142442 0.148411
v -0.022113 -0.142442 0.145861
v -0.021606 -0.144978 0.147210
v -0.019736 -0.148316 0.151660
v -0.020116 -0.145709 0.151361
v -0.020799 -0.146999 0.149210
v 0.013711 -0.112937 0.224541
v -0.001373 -0.081340 0.194961
v 0.020838 -0.051366 0.224541
v 0.010295 -0.097437 0.220160
v 0.013577 -0.093136 0.224541
v 0.011107 -0.086831 0.221070
v 0.005894 -0.076907 0.209460
v 0.004847 -0.086023 0.209471
v 0.008611 -0.081536 0.216170
v 0.016184 -0.070613 0.224541
v 0.013935 -0.066056 0.220170
v 0.012307 -0.076494 0.221070
v -0.006327 -0.241522 0.605412
v -0.012030 -0.271563 0.561835
v 0.002312 -0.243050 0.510214
v -0.006652 -0.238370 0.582120
v -0.004517 -0.234067 0.574969
v -0.005240 -0.234429 0.565839
v -0.007360 -0.249211 0.552451
v -0.008643 -0.248861 0.566902
v -0.006124 -0.239164 0.558693
v -0.001364 -0.234625 0.540233
v -0.002275 -0.239101 0.534148
v -0.003799 -0.234664 0.550092
v -0.016709 -0.236723 0.864433
v -0.007328 -0.260867 0.876365
v -0.009137 -0.282552 0.858893
v 0.003977 -0.254296 0.820691
v -0.010770 -0.247234 0.860682
v -0.009212 -0.246053 0.852488
v -0.006999 -0.252585 0.853210
v -0.006336 -0.262684 0.863985
v -0.007496 -0.255659 0.864846
v -0.006154 -0.258181 0.857108
v -0.005334 -0.269491 0.849644
v -0.006966 -0.270230 0.857906
v -0.005308 -0.262799 0.851974
v -0.001664 -0.252465 0.836528
v -0.000556 -0.259197 0.835727
v -0.003594 -0.256713 0.844662
v 0.005752 -0.278477 0.196820
v -0.004709 -0.302413 0.161460
v -0.000436 -0.278477 0.143050
v 0.002450 -0.251516 0.167561
v 0.004043 -0.282004 0.182310
v 0.005096 -0.274485 0.183181
v 0.003869 -0.278161 0.174810
v -0.000635 -0.290566 0.161490
v 0.000242 -0.290702 0.169471
v 0.001938 -0.283718 0.167351
v 0.001946 -0.274464 0.155810
v 0.000877 -0.282094 0.154970
v 0.002469 -0.278210 0.162690
v 0.003901 -0.264736 0.172601
v 0.002984 -0.264769 0.164620
v 0.003551 -0.272259 0.168771
v -0.019493 -0.272894 0.274250
v -0.020095 -0.300950 0.252470
v -0.009889 -0.278477 0.231920
v -0.019429 -0.278942 0.263591
v -0.017934 -0.275618 0.260620
v -0.018230 -0.279519 0.256270
v -0.018222 -0.289922 0.249420
v -0.019647 -0.289126 0.255680
v -0.018320 -0.284192 0.252601
v -0.014421 -0.277660 0.245131
v -0.014537 -0.281809 0.242001
v -0.016620 -0.280468 0.249161
v -0.004849 0.540821 -0.694900
v 0.001517 0.575784 -0.732740
v -0.004849 0.610746 -0.694900
v 0.003134 0.575784 -0.656540
v 0.002831 0.558028 -0.700550
v 0.003070 0.558022 -0.689179
v 0.006163 0.567935 -0.694850
v 0.005114 0.581002 -0.714120
v 0.005114 0.570565 -0.714120
v 0.006771 0.575784 -0.703369
v 0.003070 0.593546 -0.689179
v 0.002831 0.593539 -0.700550
v 0.006163 0.583632 -0.694850
v 0.005935 0.570570 -0.675409
v 0.005935 0.580998 -0.675409
v 0.007133 0.575784 -0.686259
v -0.012125 0.232185 -0.372609
v -0.015144 0.247222 -0.362690
v -0.013163 0.239703 -0.373659
v -0.014268 0.245207 -0.370029
v -0.009112 0.365864 -0.251909
v -0.008847 0.378647 -0.232710
v -0.007928 0.372255 -0.247399
v -0.007831 0.376934 -0.240370
v -0.017000 0.082423 -0.379109
v -0.009719 0.050085 -0.344669
v -0.016314 0.017473 -0.379109
v -0.011357 0.066535 -0.373990
v -0.012353 0.061857 -0.379109
v -0.009644 0.055463 -0.375059
v -0.008634 0.045236 -0.361589
v -0.008736 0.054893 -0.361589
v -0.008437 0.050053 -0.369390
v -0.012103 0.038132 -0.379109
v -0.011009 0.033494 -0.373990
v -0.009529 0.044597 -0.375059
v -0.010046 -0.115268 -0.387600
v -0.022113 -0.147052 -0.344069
v -0.022113 -0.182094 -0.379109
v -0.013779 -0.147052 -0.413150
v -0.015953 -0.130828 -0.378280
v -0.014753 -0.130971 -0.388530
v -0.018031 -0.140048 -0.381360
v -0.022113 -0.152252 -0.361270
v -0.020333 -0.142364 -0.362479
v -0.020547 -0.147399 -0.371969
v -0.020876 -0.164895 -0.384160
v -0.022113 -0.164895 -0.373910
v -0.020756 -0.155110 -0.379379
v -0.016080 -0.142268 -0.397610
v -0.017870 -0.152252 -0.396440
v -0.018660 -0.147332 -0.387560
v -0.007820 0.194793 -0.356430
v -0.009226 0.181510 -0.336420
v -0.010993 0.168868 -0.356150
v -0.007504 0.188297 -0.351520
v -0.007763 0.186451 -0.354420
v -0.007617 0.183815 -0.351279
v -0.008483 0.179647 -0.344199
v -0.008015 0.183465 -0.344239
v -0.007853 0.181583 -0.347939
v -0.008921 0.176991 -0.354320
v -0.009125 0.175054 -0.351370
v -0.008150 0.179463 -0.351239
v -0.003032 -0.344189 -0.670460
v -0.006145 -0.367682 -0.694900
v -0.003032 -0.344189 -0.719350
v -0.002883 -0.323013 -0.682620
v -0.001518 -0.347684 -0.682469
v -0.001018 -0.340938 -0.680759
v -0.000506 -0.344352 -0.688240
v -0.002638 -0.356137 -0.698540
v -0.002638 -0.356137 -0.691270
v -0.001050 -0.349581 -0.694369
v -0.001037 -0.341075 -0.705589
v -0.001518 -0.347684 -0.707330
v -0.000523 -0.344448 -0.699220
v -0.000966 -0.333571 -0.684990
v -0.000983 -0.333366 -0.692220
v -0.000311 -0.339579 -0.691529
v -0.016445 -0.318622 -0.578930
v -0.022113 -0.344189 -0.561350
v -0.022113 -0.372482 -0.589640
v -0.015612 -0.344189 -0.617180
v -0.019251 -0.331279 -0.579960
v -0.018260 -0.331130 -0.588229
v -0.019949 -0.338571 -0.586619
v -0.022113 -0.348387 -0.575230
v -0.021256 -0.340324 -0.573730
v -0.021253 -0.344413 -0.582200
v -0.021148 -0.358595 -0.593730
v -0.022113 -0.358595 -0.585440
v -0.021216 -0.350699 -0.589100
v -0.017957 -0.340423 -0.602130
v -0.018803 -0.348388 -0.603660
v -0.019792 -0.344483 -0.594780
v -0.012485 -0.117893 -0.709280
v -0.022113 -0.081340 -0.735339
v -0.029035 -0.041496 -0.694900
v -0.017248 -0.099812 -0.708270
v -0.018195 -0.094232 -0.702270
v -0.020197 -0.087039 -0.703759
v -0.023140 -0.075428 -0.715489
v -0.020660 -0.086857 -0.717509
v -0.021781 -0.081012 -0.707970
v -0.024249 -0.066281 -0.697010
v -0.025637 -0.061052 -0.700900
v -0.022959 -0.074274 -0.701329
v -0.006070 0.217528 -0.703970
v -0.003295 0.247222 -0.743119
v -0.006070 0.276916 -0.703970
v -0.001133 0.232086 -0.712330
v -0.001552 0.236390 -0.706530
v 0.000632 0.242250 -0.712170
v -0.000129 0.251617 -0.726490
v -0.000129 0.242827 -0.726490
v 0.001097 0.247222 -0.718670
v -0.001552 0.258053 -0.706530
v -0.001133 0.262357 -0.712330
v 0.000632 0.252194 -0.712170
v -0.005552 0.410996 -0.693009
v -0.010956 0.444359 -0.737060
v -0.013654 0.477777 -0.698790
v -0.006126 0.427324 -0.702849
v -0.006516 0.432165 -0.697200
v -0.006814 0.438754 -0.703560
v -0.009283 0.449308 -0.719669
v -0.008089 0.439441 -0.718849
v -0.007720 0.444379 -0.710899
v -0.009479 0.456590 -0.699309
v -0.010259 0.461389 -0.705830
v -0.008175 0.449975 -0.704550
vn 1.0000 -0.0000 -0.0000
vn -0.0000 -1.0000 -0.0000
vn 0.4008 0.9162 -0.0000
vn 0.8944 0.4473 -0.0000
vn -0.0000 1.0000 -0.0000
vn 0.9391 0.3438 -0.0000
vn 0.5078 0.8615 -0.0000
vn 0.4517 0.8921 -0.0000
vn 0.5881 0.8088 -0.0000
vn 0.7530 0.6580 -0.0000
vn 0.9811 0.1933 -0.0000
vn 0.0001 1.0000 -0.0000
vn 0.9161 -0.4008 -0.0000
vn 0.9162 -0.4008 -0.0000
vn 0.4473 -0.8944 -0.0000
vn 0.3438 -0.9391 -0.0000
vn 0.8615 -0.5077 -0.0000
vn 0.8921 -0.4518 -0.0000
vn 0.8088 -0.5881 -0.0000
vn 0.6581 -0.7530 -0.0000
vn 0.1933 -0.9811 -0.0000
vn -0.0001 1.0000 -0.0000
vn 0.1191 0.9929 -0.0000
vn 0.1305 0.9914 -0.0000
vn 0.9914 0.1306 -0.0000
vn 0.9914 -0.1305 -0.0000
vn 0.9903 -0.0985 -0.0985
vn 0.9903 0.0985 -0.0985
vn 0.2590 -0.0000 0.9659
vn 0.7071 -0.0000 0.7071
vn 0.8820 -0.3332 0.3332
vn 0.8687 0.0583 0.4919
vn 0.9903 -0.0985 0.0985
vn 0.9903 0.0985 0.0985
vn 0.2587 -0.0000 -0.9660
vn 0.4259 -0.0000 -0.9048
vn 0.7070 -0.0000 -0.7072
vn 0.8687 -0.4919 -0.0583
vn 0.8687 0.4919 -0.0583
vn 0.8660 0.5000 -0.0000
vn 0.7072 0.7070 -0.0000
vn 0.2587 0.9660 -0.0000
vn 0.1190 0.9929 -0.0000
vn 0.1305 0.9915 -0.0000
vn 0.1305 -0.9914 -0.0000
vn 0.1191 -0.9929 -0.0000
vn 0.2589 -0.9659 -0.0000
vn 0.5000 -0.8660 -0.0000
vn 0.7071 -0.7071 -0.0000
vn 0.8660 -0.5000 -0.0000
vn -1.0000 -0.0000 -0.0000
vn -0.4008 -0.9162 -0.0000
vn -0.8945 -0.4472 -0.0000
vn -0.9390 -0.3438 -0.0000
vn -0.5078 -0.8615 -0.0000
vn -0.4518 -0.8921 -0.0000
vn -0.5881 -0.8088 -0.0000
vn -0.7529 -0.6581 -0.0000
vn -0.9812 -0.1932 -0.0000
vn 0.8615 -0.5078 -0.0000
vn 0.8921 -0.4517 -0.0000
vn 0.6580 -0.7530 -0.0000
vn -0.0000 -0.0000 1.0000
vn 0.9664 -0.2185 0.1357
vn 0.9590 0.0017 0.2834
vn 0.9675 -0.0920 0.2356
vn 0.9746 -0.1304 0.1821
vn 0.9530 -0.3031 -0.0022
vn 0.9882 -0.1530 -0.0025
vn 0.9930 -0.1160 -0.0239
vn 0.9727 -0.2273 -0.0460
vn 0.9852 -0.1694 -0.0268
vn 0.9872 -0.1334 0.0873
vn 0.9843 -0.1740 0.0277
vn 0.9355 -0.3506 -0.0446
vn 0.9678 -0.2489 -0.0381
vn 0.9919 -0.1262 -0.0127
vn 0.9973 -0.0596 -0.0423
vn 0.9889 -0.1208 -0.0862
vn 0.9534 -0.2981 0.0474
vn 0.9319 -0.3465 -0.1075
vn 0.9437 -0.3237 -0.0686
vn 0.9639 -0.2593 -0.0600
vn 0.9722 -0.1935 -0.1320
vn 0.9612 -0.2251 -0.1592
vn 0.9446 -0.2941 -0.1456
vn 0.9054 -0.4232 -0.0325
vn 0.9607 -0.2640 -0.0858
vn 0.9866 -0.1584 -0.0399
vn 0.9853 -0.1250 -0.1161
vn 0.9970 -0.0776 -0.0078
vn 0.9972 -0.0029 -0.0743
vn 0.9821 -0.1329 0.1338
vn 0.9782 -0.0695 0.1957
vn 0.9847 -0.0336 0.1713
vn 0.9933 -0.0041 0.1156
vn 0.9982 0.0477 -0.0366
vn 0.9985 -0.0047 -0.0546
vn 0.9903 0.1003 0.0956
vn 0.9832 -0.1268 0.1313
vn 0.9956 -0.0183 0.0914
vn 0.9769 0.1805 -0.1142
vn 0.9613 -0.1385 -0.2380
vn 0.9920 0.1162 -0.0499
vn 0.9212 0.3301 0.2061
vn 0.9758 0.1854 0.1158
vn 0.9396 0.2904 -0.1813
vn 0.9983 -0.0240 -0.0529
vn 0.9887 0.1231 -0.0859
vn 0.9992 -0.0251 -0.0306
vn 0.9950 -0.0955 -0.0286
vn 0.9947 0.0994 -0.0260
vn 0.9892 0.1464 0.0023
vn 0.9932 -0.1148 -0.0166
vn 0.9934 0.1144 0.0099
vn 0.9981 -0.0460 -0.0413
vn 1.0000 0.0001 0.0001
vn 0.9704 0.2413 -0.0126
vn 0.9959 0.0871 0.0261
vn 0.9392 -0.3427 0.0192
vn 0.9999 -0.0158 -0.0033
vn 0.9638 -0.2637 0.0382
vn 0.9508 -0.3040 0.0601
vn 0.9961 0.0061 -0.0884
vn 0.9986 -0.0078 -0.0530
vn 0.9664 0.2571 -0.0000
vn 0.9771 0.2000 -0.0731
vn 0.9892 0.1075 -0.0998
vn 0.9861 0.1326 -0.0999
vn 0.9828 0.1843 0.0142
vn 0.9759 0.2131 -0.0460
vn 0.9689 0.2236 -0.1063
vn 0.9599 0.2779 -0.0361
vn 0.9986 -0.0491 0.0199
vn 0.9754 -0.2203 -0.0000
vn 0.9922 -0.1240 -0.0142
vn 0.9973 -0.0504 0.0538
vn 0.9928 -0.0045 0.1198
vn 0.9973 -0.0385 0.0631
vn 0.9956 -0.0848 0.0396
vn 0.9989 0.0458 -0.0129
vn 0.9951 -0.0395 0.0911
vn 0.9256 -0.3553 0.1302
vn 0.9486 -0.3087 0.0702
vn 0.9712 -0.2178 0.0968
vn 0.9975 0.0710 0.0068
vn 0.9898 0.1419 0.0136
vn 0.9932 0.1161 -0.0053
vn 0.9959 0.0901 -0.0004
vn 0.9854 0.1234 -0.1177
vn 0.9982 -0.0419 -0.0435
vn 0.9896 -0.0455 -0.1364
vn 0.9562 -0.0069 -0.2926
vn 0.9841 -0.1506 0.0940
vn 0.9898 -0.1095 -0.0912
vn 0.9975 -0.0586 0.0398
vn 0.9920 -0.0871 -0.0909
vn 0.9902 0.1391 -0.0125
vn 0.9718 0.2354 -0.0124
vn 0.9666 0.2526 -0.0437
vn 0.9670 0.2549 -0.0064
vn 0.9993 -0.0357 0.0108
vn 0.9975 0.0600 0.0374
vn 0.9972 0.0748 -0.0000
vn 0.9999 0.0121 -0.0038
vn 0.9980 0.0630 -0.0016
vn 0.9530 -0.2874 0.0953
vn 0.9781 -0.1847 -0.0955
vn 0.9908 -0.1324 0.0289
vn 0.9998 0.0130 -0.0178
vn 0.9975 -0.0707 0.0062
vn 0.9999 0.0063 -0.0088
vn 0.9967 -0.0676 0.0443
vn 0.8981 -0.0721 -0.4339
vn 0.9113 -0.0009 -0.4117
vn 0.8732 0.0395 -0.4858
vn 0.9004 0.0429 -0.4330
vn 0.9958 0.0734 -0.0542
vn 0.9969 -0.0614 -0.0486
vn 0.9845 0.1723 0.0332
vn 0.9826 0.1678 0.0796
vn 0.9848 0.0159 -0.1728
vn 0.9204 -0.3563 0.1611
vn 0.9618 -0.2551 -0.0989
vn 0.9812 -0.1777 0.0756
vn 0.9964 0.0816 0.0247
vn 0.9994 0.0311 0.0145
vn 0.9951 0.0163 0.0975
vn 0.9749 -0.2111 0.0705
vn 0.9815 -0.1825 0.0571
vn 0.9583 -0.2274 0.1728
vn 0.9665 -0.2477 0.0671
vn 0.9980 0.0625 -0.0114
vn 0.9953 0.0823 0.0513
vn 0.9226 0.3842 0.0352
vn 0.9809 0.1937 0.0202
vn 0.9529 0.2445 -0.1795
vn 0.9918 0.1265 -0.0173
vn 0.9823 -0.1830 -0.0399
vn 0.9973 -0.0731 -0.0113
vn 0.9970 0.0662 0.0413
vn 0.9936 0.0526 0.0997
vn 0.9916 0.1296 -0.0004
vn 0.9990 -0.0416 0.0134
vn 0.9988 0.0235 0.0433
vn 0.9984 -0.0000 -0.0572
vn 0.9854 0.1269 0.1131
vn 0.9969 0.0639 0.0468
vn 0.9728 -0.1855 -0.1391
vn 0.9963 -0.0800 0.0304
vn 0.9945 -0.0828 -0.0641
vn 0.9993 -0.0311 0.0194
vn 0.9970 -0.0654 0.0408
vn 0.9858 -0.0000 -0.1677
vn 0.9511 -0.2312 -0.2046
vn 0.9498 -0.3099 -0.0432
vn 0.8487 -0.4486 -0.2801
vn 0.9988 0.0170 -0.0464
vn 0.9928 0.0056 0.1196
vn 0.9840 0.0508 0.1706
vn 0.9745 0.1304 0.1824
vn 0.9764 0.0701 0.2041
vn 0.9972 -0.0365 -0.0657
vn 0.9895 -0.1425 0.0228
vn 0.9873 -0.1588 0.0110
vn 0.9906 -0.0778 -0.1128
vn 0.9921 0.0524 -0.1144
vn 0.9979 -0.0348 -0.0552
vn 0.9968 0.0377 0.0707
vn 0.9989 0.0469 0.0035
vn 0.9876 0.0797 0.1356
vn 0.9947 0.0961 -0.0358
vn 0.9707 0.0679 -0.2304
vn 0.9646 -0.1027 -0.2430
vn 0.9812 -0.1786 -0.0728
vn 0.8979 -0.2993 -0.3227
vn 0.9999 -0.0056 -0.0147
vn 0.9868 -0.1483 0.0646
vn 0.9926 -0.1179 0.0287
vn 0.9983 0.0202 -0.0538
vn 0.9995 -0.0041 -0.0302
vn 0.9869 0.1247 0.1027
vn 0.9903 0.0615 -0.1243
vn 0.9903 0.0202 -0.1373
vn 0.9969 -0.0004 -0.0781
vn 0.9866 -0.0570 -0.1530
vn 0.9984 -0.0269 -0.0500
vn 0.9997 -0.0217 -0.0135
vn 0.9713 -0.1557 0.1797
vn 0.9520 0.0195 0.3056
vn 0.9275 -0.0172 0.3736
vn 0.8917 -0.0843 0.4448
vn 0.9931 -0.0498 -0.1060
vn 0.9664 -0.2412 0.0889
vn 0.9674 -0.2379 0.0872
vn 0.9799 -0.1992 0.0081
vn 0.8777 0.4788 -0.0190
vn 0.9484 0.2757 0.1565
vn 0.9533 0.2485 0.1716
vn 0.9140 0.3907 0.1091
vn 0.9977 -0.0000 -0.0672
vn 0.9997 0.0149 0.0176
vn 0.9922 0.0980 0.0772
vn 0.9974 0.0612 0.0382
vn 0.9993 0.0306 0.0191
vn 0.9896 0.1221 0.0762
vn 0.9988 0.0408 0.0255
vn 0.9942 0.0764 -0.0756
vn 0.9478 0.2267 -0.2241
vn 0.9909 0.1174 -0.0662
vn 0.9977 0.0589 -0.0338
vn 0.9992 0.0348 0.0175
vn 0.9998 0.0173 0.0089
vn 0.9990 0.0439 -0.0119
vn 0.9997 0.0219 -0.0060
vn 0.9873 0.1412 0.0733
vn 0.9969 0.0701 0.0365
vn 0.9812 -0.0000 -0.1929
vn 0.9458 -0.2458 -0.2121
vn 0.9097 -0.3882 -0.1479
vn 0.8552 -0.4554 -0.2473
vn 0.9980 0.0534 -0.0333
vn 0.9870 0.1605 -0.0066
vn 0.6581 -0.7529 -0.0000
vn 0.3438 -0.9390 -0.0000
vn 0.4472 -0.8945 -0.0000
vn 0.4472 -0.8944 -0.0000
vn 0.4260 0.9047 -0.0000
vn 0.5000 0.8660 -0.0000
vn 0.7071 0.7071 -0.0000
vn 0.9914 0.1305 -0.0000
vn 0.9659 0.2589 -0.0000
vn 0.9984 -0.0478 0.0299
vn 0.9956 -0.0845 0.0405
vn 0.9949 -0.0972 0.0260
vn 0.9963 -0.0727 0.0468
vn 0.9880 -0.1543 -0.0022
vn 0.9889 -0.1262 0.0788
vn 0.9829 -0.1786 0.0446
vn 0.9092 -0.4010 0.1118
vn 0.9050 -0.4114 0.1086
vn 0.8880 -0.4531 -0.0782
vn 0.8857 -0.4592 -0.0692
vn 0.9774 -0.1794 -0.1120
vn 0.9762 -0.2162 0.0185
vn 0.9963 -0.0818 0.0276
vn 0.9856 -0.1655 0.0336
vn 0.9770 -0.2044 0.0609
vn 0.9246 0.3344 -0.1822
vn 0.9654 0.2372 -0.1078
vn 0.9737 0.1647 -0.1573
vn 0.9897 -0.0173 -0.1419
vn 0.9954 -0.0810 -0.0506
vn -0.0002 1.0000 -0.0000
vn 0.7530 0.6581 -0.0000
vn 0.4518 0.8921 -0.0000
vn 0.5077 0.8615 -0.0000
vn -0.3089 -0.4140 -0.8563
vn 0.9293 -0.3561 -0.0976
vn 0.9280 -0.3123 -0.2031
vn 0.9405 -0.2428 -0.2375
vn 0.9438 -0.3104 -0.1140
vn 0.9593 -0.2603 -0.1098
vn 0.9779 -0.1749 -0.1146
vn 0.9647 -0.1729 -0.1987
vn 0.9866 -0.1293 -0.0992
vn 0.0808 0.3837 -0.9199
vn 0.9647 -0.1729 -0.1988
vn 0.9948 0.0838 0.0586
vn 0.9703 0.2050 -0.1287
vn 0.9718 0.2322 -0.0402
vn 0.9764 0.2148 -0.0241
vn 0.8796 0.4497 -0.1550
vn 0.9555 0.2856 0.0735
vn 0.9726 0.2326 0.0061
vn 0.9110 0.3882 -0.1394
vn 0.9872 0.1034 -0.1213
vn 0.9256 0.2895 -0.2440
vn 0.9833 0.0698 -0.1681
vn 0.9807 0.0425 -0.1908
vn 0.9975 0.0697 0.0144
vn 0.9993 -0.0152 0.0333
vn 0.9969 0.0002 0.0783
vn 0.9942 0.0504 0.0951
vn 0.8875 -0.4279 -0.1711
vn 0.9291 0.2459 -0.2763
vn 0.9237 0.2896 -0.2507
vn 0.9441 0.3115 -0.1082
vn 0.9247 0.3784 -0.0415
vn 0.9035 0.3476 -0.2507
vn 0.8992 0.4178 -0.1302
vn 0.8775 0.4578 -0.1428
vn 0.8773 0.3901 -0.2796
vn 0.9778 -0.0862 0.1909
vn 0.9895 0.0245 0.1426
vn 0.9715 -0.0484 0.2319
vn 0.9908 0.1022 -0.0887
vn 0.9274 0.2960 -0.2289
vn 0.9257 0.3743 -0.0549
vn 0.9725 0.1804 0.1472
vn 0.9368 0.2861 0.2014
vn 0.9384 0.2472 0.2414
vn 0.8798 0.4751 0.0172
vn 0.9638 0.2572 -0.0706
vn 0.9805 0.1572 -0.1179
vn 0.9793 -0.0472 -0.1967
vn 0.8934 0.4148 -0.1728
vn 0.8911 0.3833 -0.2429
vn 0.8736 0.2137 -0.4372
vn 0.8123 0.2809 -0.5111
vn 0.9520 0.2898 -0.0981
vn 0.9629 0.1078 -0.2475
vn 0.9864 0.1045 -0.1266
vn 0.9868 -0.1303 -0.0957
vn 0.9502 -0.1834 -0.2521
vn 0.8950 0.0578 -0.4423
vn 0.8700 -0.0397 -0.4914
vn 0.8532 0.0023 -0.5217
vn 0.9144 -0.3887 -0.1131
vn 0.9638 -0.2572 -0.0706
vn 0.9908 -0.1319 0.0301
vn 0.9731 -0.2255 0.0469
vn 0.9805 -0.1572 -0.1179
vn 0.9998 -0.0000 -0.0189
vn 0.9908 0.1319 0.0302
vn 0.9460 0.2965 0.1311
vn 0.9643 0.1980 0.1759
vn 0.9970 -0.0000 0.0774
vn 0.9474 0.2406 0.2111
vn 0.9912 -0.0507 0.1221
vn 0.9503 -0.0722 0.3030
vn 0.9281 -0.0853 0.3625
vn 0.9807 -0.0108 0.1950
vn 0.9960 0.0158 0.0878
vn 0.9989 -0.0472 0.0080
vn 0.9905 -0.1089 0.0841
vn 0.9654 -0.1713 0.1964
vn 0.9505 -0.2032 0.2351
vn 0.9930 0.0035 0.1183
vn 0.9665 0.2224 -0.1278
vn 0.9647 0.2276 -0.1326
vn 0.9949 0.0797 -0.0610
vn 0.9546 0.2722 0.1208
vn 0.9378 0.3206 0.1331
vn 0.9795 0.1630 0.1181
vn 0.9963 0.0521 0.0680
vn 0.9891 0.1365 0.0550
vn 0.9542 0.2783 0.1099
vn 0.9788 0.1884 0.0809
vn 0.8983 0.4361 0.0527
vn 0.8563 0.5130 0.0600
vn 0.9158 0.3862 0.1103
vn 0.8562 0.4990 0.1341
vn 0.8808 0.4617 0.1052
vn 0.7990 0.4448 -0.4047
vn 0.8654 0.4377 0.2439
vn 0.9108 0.3449 0.2267
vn 0.9737 0.2111 0.0861
vn 0.9466 0.3156 0.0666
vn 0.9216 0.2735 0.2755
vn 0.9662 0.0600 0.2507
vn 0.9782 0.0889 -0.1879
vn 0.9954 0.0865 0.0412
vn 0.9517 0.2574 -0.1675
vn 0.9370 -0.0352 -0.3475
vn 0.5465 0.1459 -0.8247
vn 0.8530 0.4844 0.1944
vn 0.9089 0.1535 0.3877
vn 0.9064 0.2280 0.3555
vn 0.8927 0.4151 0.1752
vn 0.8423 0.4859 0.2334
vn 0.9527 0.0801 0.2930
vn 0.9693 0.2169 0.1155
vn 0.9089 0.4151 0.0395
vn 0.8736 0.4857 -0.0290
vn 0.8995 -0.4364 0.0188
vn 0.8888 -0.4353 0.1436
vn 0.8723 -0.3817 0.3056
vn 0.8460 -0.4361 0.3068
vn 0.9238 -0.3799 0.0478
vn 0.9371 -0.3264 0.1238
vn 0.8920 -0.3251 0.3141
vn 0.9055 -0.2703 0.3270
vn 0.9529 0.2879 0.0952
vn 0.9781 0.1852 -0.0955
vn 0.9655 0.0512 -0.2555
vn 0.9439 0.1073 -0.3122
vn 0.9907 0.1328 0.0289
vn 0.9970 0.0002 -0.0777
vn 0.9655 -0.0507 -0.2555
vn 0.9440 -0.1069 -0.3122
vn 0.9981 -0.0562 -0.0231
vn 0.9930 -0.1066 -0.0517
vn 0.9976 0.0692 -0.0000
vn 0.9771 0.2000 0.0731
vn 0.9892 0.1075 0.0998
vn 0.9981 -0.0563 0.0231
vn 0.9835 -0.1810 -0.0000
vn 0.9642 -0.2652 -0.0073
vn 0.8568 -0.0599 -0.5122
vn 0.8388 0.0469 -0.5424
vn 0.8952 0.0891 -0.4367
vn 0.8319 0.1877 -0.5222
vn 0.8963 -0.0349 -0.4421
vn 0.9529 -0.0398 -0.3007
vn 0.9876 -0.0213 -0.1556
vn 0.9928 -0.1133 -0.0386
vn 0.9906 -0.0263 -0.1340
vn 0.9516 0.1083 -0.2877
vn 0.9765 0.0869 -0.1973
vn 0.9156 0.1949 -0.3518
vn 0.9663 0.1342 -0.2197
vn 0.9556 0.1456 -0.2562
vn 0.9818 0.1302 -0.1383
vn 0.9960 0.0751 -0.0478
vn 0.9928 0.0486 -0.1092
vn 0.9695 0.1009 -0.2232
vn 0.9750 0.0065 -0.2221
vn 0.9421 0.0455 -0.3323
vn 0.9176 0.0527 -0.3941
vn 0.9466 0.1032 -0.3055
vn 0.9077 0.0257 -0.4189
vn 0.9267 0.0955 -0.3636
vn 0.8124 -0.0566 -0.5804
vn 0.7874 -0.0175 -0.6162
vn 0.8714 -0.1011 -0.4801
vn 0.8909 -0.2091 -0.4032
vn 0.8462 -0.2401 -0.4757
vn 0.8054 -0.1310 -0.5780
vn 0.8729 -0.2558 -0.4155
vn 0.7740 -0.1642 -0.6115
vn 0.9606 -0.2762 0.0310
vn 0.8394 -0.5385 -0.0735
vn 0.9662 -0.2408 0.0914
vn 0.9754 -0.1599 0.1519
vn 0.9258 -0.3109 0.2149
vn 0.9550 -0.2559 0.1499
vn 0.9629 -0.2241 0.1504
vn 0.8430 -0.4857 0.2312
vn 0.1322 -0.9908 0.0276
vn 0.8844 0.4266 0.1896
vn 0.8977 0.3974 0.1902
vn 0.9360 0.2733 0.2219
vn 0.9042 0.3456 0.2509
vn 0.9415 0.3095 0.1335
vn 0.9802 0.1446 0.1356
vn 0.9805 -0.0062 0.1964
vn 0.9523 0.1255 0.2782
vn 0.9389 0.1555 0.3069
vn 0.9859 -0.1281 -0.1075
vn 0.9911 -0.0939 -0.0940
vn 0.9700 -0.2158 -0.1116
vn 0.9850 -0.1242 -0.1202
vn 0.9860 -0.0143 -0.1664
vn 0.9867 0.0492 -0.1548
vn 0.9928 -0.0368 -0.1143
vn 0.9781 0.0788 -0.1928
vn 0.9934 0.0220 -0.1126
vn 0.9979 -0.0552 0.0331
vn 0.9809 -0.1602 0.1101
vn 0.9439 -0.2524 0.2128
vn 0.9388 -0.2905 0.1850
vn 0.9869 -0.0892 0.1341
vn 0.9586 -0.1572 0.2375
vn 0.9733 -0.0507 0.2238
vn 0.9426 -0.0880 0.3220
vn 0.9207 -0.1560 0.3576
vn 0.9275 -0.2506 0.2773
vn 0.9471 -0.2326 0.2211
vn 0.9073 -0.2871 0.3072
vn 0.9808 -0.1939 -0.0208
vn 0.9460 -0.3242 0.0028
vn 0.9965 -0.0000 -0.0837
vn 0.9458 0.2458 -0.2121
vn 0.9096 0.3882 -0.1479
vn 0.9808 0.1939 -0.0208
vn 0.9992 -0.0000 0.0412
vn 0.9916 -0.0768 0.1038
vn 0.9970 -0.0198 0.0746
vn 0.9084 -0.3900 0.1510
vn 0.9491 -0.3095 0.0577
vn 0.9536 -0.2682 0.1368
vn 0.9776 -0.1784 0.1114
vn 0.9315 -0.3086 0.1926
vn 0.9314 -0.3088 0.1928
vn 0.9135 0.1957 -0.3566
vn 0.9562 0.2753 -0.0998
vn 0.9456 0.0854 -0.3140
vn 0.9041 0.1594 -0.3965
vn 0.9773 0.1984 0.0749
vn 0.9972 0.0105 -0.0741
vn 0.9473 -0.0654 -0.3137
vn 0.9177 -0.1764 -0.3560
vn 0.9074 -0.1403 -0.3961
vn 0.9128 0.3757 0.1598
vn 0.9687 -0.2192 0.1168
vn 0.9577 -0.2584 0.1263
vn 0.9817 -0.1670 0.0916
vn 0.9872 -0.1058 0.1197
vn 0.9837 -0.0373 0.1759
vn 0.9768 -0.0765 0.2002
vn 0.9766 -0.1576 0.1461
vn 0.9677 -0.2316 0.0996
vn 0.9692 -0.1781 0.1699
vn 0.9837 0.1369 0.1163
vn 0.9948 0.0779 0.0657
vn 0.9962 -0.0734 -0.0460
vn 0.9944 -0.0449 -0.0959
vn 0.9888 0.0379 0.1443
vn 0.9914 -0.1204 0.0513
vn 0.9844 -0.1694 -0.0478
vn 0.9755 -0.1969 -0.0979
vn 0.9860 0.1171 0.1188
vn 0.9810 0.1515 0.1213
vn 0.9861 0.1470 0.0774
vn 0.9664 -0.2221 0.1295
vn 0.9609 -0.2272 0.1584
vn 0.9941 -0.0893 0.0614
vn 0.9918 -0.0591 0.1135
vn 0.9516 -0.2889 0.1044
vn 0.9851 -0.1721 0.0022
vn 0.9383 -0.3459 0.0001
vn 0.9530 -0.2846 -0.1042
vn 0.9687 -0.1959 -0.1526
vn 0.9971 -0.0515 -0.0567
vn 0.9994 0.0355 -0.0006
vn 0.9939 0.1073 0.0251
vn 0.9791 -0.1681 0.1142
vn 0.9712 -0.2034 0.1243
vn 0.9893 -0.1203 0.0820
vn 0.9978 -0.0583 0.0317
vn 0.9977 -0.0320 0.0594
vn 0.9897 -0.0865 0.1143
vn 0.9803 -0.1334 0.1454
vn 0.9737 -0.1524 0.1696
vn 0.9676 0.2358 -0.0901
vn 0.9627 0.2537 -0.0943
vn 0.9756 0.2173 -0.0325
vn 0.9812 0.1928 -0.0116
vn 0.9815 0.1867 -0.0416
vn 0.9718 0.2182 -0.0897
vn 0.9849 0.1730 -0.0057
vn 0.9754 0.2014 -0.0901
vn 0.9589 -0.1902 0.2104
vn 0.9843 -0.0853 0.1543
vn 0.9578 -0.1452 0.2480
vn 0.9987 -0.0000 -0.0516
vn 0.9511 0.2312 -0.2046
vn 0.9498 0.3099 -0.0432
vn 0.9843 0.0853 0.1543
vn 0.9589 0.1902 0.2104
vn 0.9578 0.1452 0.2480
vn 0.8486 0.4487 -0.2802
vn 0.9958 0.0917 0.0024
vn 0.9969 0.0695 0.0359
vn 0.9906 0.1129 -0.0768
vn 0.9727 0.1899 -0.1335
vn 0.9724 0.2211 -0.0750
vn 0.9889 0.1488 0.0027
vn 0.9545 0.2600 -0.1461
vn 0.9839 0.1749 0.0364
vn 0.9120 0.1536 0.3804
vn 0.9486 0.2763 -0.1544
vn 0.9767 0.0535 0.2077
vn 0.9679 0.0848 0.2367
vn 0.9678 0.0851 0.2369
vn 0.8838 0.1128 -0.4540
vn 0.8178 -0.1846 0.5451
vn 0.9621 0.2025 0.1826
vn 0.8247 0.4340 -0.3627
vn 0.8960 -0.4304 -0.1095
vn 0.8857 0.4251 -0.1866
vn 0.7820 -0.5538 -0.2862
vn 0.8578 -0.4628 -0.2238
vn 0.9893 -0.1211 -0.0816
vn 0.9708 -0.2333 -0.0558
vn 0.9907 0.0978 -0.0944
vn 0.9671 -0.2492 -0.0514
vn 0.9676 -0.0051 -0.2525
vn 0.8723 -0.1652 -0.4601
vn 0.9071 0.0250 -0.4202
vn 0.9176 0.3933 0.0572
vn 0.9742 0.0855 -0.2088
vn 0.9597 -0.2802 -0.0237
vn 0.9978 0.0446 0.0499
vn 0.9982 -0.0272 0.0536
vn 0.9982 -0.0458 -0.0382
vn 0.9991 0.0377 0.0210
vn 0.9813 0.1524 -0.1172
vn 0.9075 0.2769 -0.3160
vn 0.9134 -0.2439 -0.3258
vn 0.9995 -0.0299 -0.0126
vn 0.9413 -0.3371 0.0200
vn 0.9885 -0.1317 0.0739
vn 0.9957 -0.0709 0.0590
vn 0.9765 -0.2154 -0.0090
vn 0.8487 0.4486 -0.2801
vn 0.9855 -0.0827 -0.1483
vt 0.655055 0.052686
vt 0.645326 0.052600
vt 0.645705 0.009732
vt 0.655434 0.009819
vt 0.677166 0.053307
vt 0.667574 0.053392
vt 0.667198 0.010937
vt 0.676790 0.010852
vt 0.588013 0.052093
vt 0.588392 0.009225
vt 0.590937 0.009248
vt 0.590557 0.052116
vt 0.984627 0.049213
vt 0.836715 0.050498
vt 0.836419 0.016430
vt 0.984331 0.015146
vt 0.680895 0.010816
vt 0.681271 0.053271
vt 0.683762 0.010791
vt 0.684139 0.053245
vt 0.687067 0.010761
vt 0.687444 0.053216
vt 0.689530 0.010739
vt 0.689907 0.053194
vt 0.695930 0.010683
vt 0.696307 0.053137
vt 0.701687 0.010632
vt 0.702063 0.053086
vt 0.708190 0.010574
vt 0.708566 0.053029
vt 0.713729 0.010525
vt 0.714106 0.052980
vt 0.720357 0.010466
vt 0.720733 0.052921
vt 0.722820 0.010444
vt 0.723196 0.052899
vt 0.725283 0.010423
vt 0.725659 0.052877
vt 0.731030 0.010372
vt 0.731406 0.052826
vt 0.595082 0.009284
vt 0.594703 0.052152
vt 0.597978 0.009310
vt 0.597598 0.052178
vt 0.601314 0.009340
vt 0.600935 0.052207
vt 0.603801 0.009362
vt 0.603422 0.052229
vt 0.610264 0.009419
vt 0.609884 0.052287
vt 0.616076 0.009470
vt 0.615697 0.052338
vt 0.622643 0.009528
vt 0.622263 0.052396
vt 0.628236 0.009578
vt 0.627856 0.052446
vt 0.634928 0.009637
vt 0.634548 0.052505
vt 0.637415 0.009659
vt 0.637035 0.052527
vt 0.639902 0.009681
vt 0.639522 0.052549
vt 0.740323 0.774536
vt 0.740699 0.816990
vt 0.738179 0.817013
vt 0.737803 0.774558
vt 0.384007 0.951197
vt 0.404394 0.952804
vt 0.402071 0.985689
vt 0.381869 0.983976
vt 0.824937 0.779182
vt 0.822218 0.823032
vt 0.807405 0.821829
vt 0.809957 0.778333
vt 0.800895 0.059022
vt 0.777261 0.059219
vt 0.778215 0.017827
vt 0.800062 0.018217
vt 0.771423 0.821191
vt 0.773522 0.819111
vt 0.805350 0.819627
vt 0.775952 0.816588
vt 0.802944 0.817101
vt 0.778554 0.813910
vt 0.800377 0.814388
vt 0.771145 0.010473
vt 0.807151 0.010850
vt 0.805076 0.013037
vt 0.773225 0.012568
vt 0.802650 0.015534
vt 0.775633 0.015119
vt 0.803724 0.056507
vt 0.806546 0.054599
vt 0.809361 0.053779
vt 0.768810 0.053882
vt 0.771621 0.054722
vt 0.774438 0.056662
vt 0.866483 0.987555
vt 0.866430 0.983878
vt 0.882633 0.983645
vt 0.882686 0.987322
vt 0.989805 0.691065
vt 0.989940 0.674624
vt 0.993654 0.674655
vt 0.993519 0.691095
vt 0.866119 0.962215
vt 0.882321 0.961983
vt 0.882335 0.962944
vt 0.866132 0.963177
vt 0.896442 0.690297
vt 0.896577 0.673856
vt 0.967959 0.674443
vt 0.967824 0.690884
vt 0.988215 0.691052
vt 0.988350 0.674611
vt 0.987104 0.691043
vt 0.987239 0.674602
vt 0.985825 0.691032
vt 0.985960 0.674591
vt 0.984871 0.691024
vt 0.985006 0.674583
vt 0.982392 0.691004
vt 0.982527 0.674563
vt 0.980163 0.690986
vt 0.980298 0.674545
vt 0.977645 0.690965
vt 0.977780 0.674524
vt 0.975500 0.690947
vt 0.975635 0.674506
vt 0.972933 0.690926
vt 0.973068 0.674485
vt 0.971979 0.690918
vt 0.972114 0.674478
vt 0.971025 0.690911
vt 0.971160 0.674470
vt 0.968800 0.690892
vt 0.968935 0.674451
vt 0.882358 0.964511
vt 0.866155 0.964744
vt 0.882374 0.965605
vt 0.866171 0.965838
vt 0.882392 0.966867
vt 0.866189 0.967100
vt 0.882405 0.967807
vt 0.866202 0.968040
vt 0.882440 0.970249
vt 0.866237 0.970482
vt 0.882472 0.972446
vt 0.866269 0.972679
vt 0.882508 0.974928
vt 0.866305 0.975161
vt 0.882538 0.977042
vt 0.866335 0.977275
vt 0.882574 0.979572
vt 0.866371 0.979805
vt 0.882588 0.980512
vt 0.866385 0.980745
vt 0.882601 0.981452
vt 0.866398 0.981685
vt 0.965526 0.970379
vt 0.966502 0.970387
vt 0.966367 0.986827
vt 0.965391 0.986820
vt 0.523922 0.033356
vt 0.524084 0.015678
vt 0.552402 0.015938
vt 0.552240 0.033616
vt 0.829382 0.823742
vt 0.814570 0.822538
vt 0.521002 0.351554
vt 0.521165 0.333876
vt 0.549482 0.334136
vt 0.549320 0.351814
vt 0.521327 0.316198
vt 0.549644 0.316458
vt 0.521489 0.298521
vt 0.549806 0.298781
vt 0.521651 0.280843
vt 0.549969 0.281103
vt 0.521814 0.263165
vt 0.550131 0.263425
vt 0.521976 0.245488
vt 0.550293 0.245748
vt 0.522138 0.227810
vt 0.550455 0.228070
vt 0.522300 0.210132
vt 0.550618 0.210392
vt 0.522462 0.192455
vt 0.550780 0.192715
vt 0.522625 0.174777
vt 0.550942 0.175037
vt 0.522787 0.157099
vt 0.551104 0.157359
vt 0.522949 0.139422
vt 0.551266 0.139682
vt 0.523111 0.121744
vt 0.551429 0.122004
vt 0.523273 0.104066
vt 0.551591 0.104326
vt 0.523436 0.086389
vt 0.551753 0.086649
vt 0.523598 0.068711
vt 0.551915 0.068971
vt 0.523760 0.051033
vt 0.552077 0.051293
vt 0.018565 0.951259
vt 0.038972 0.950224
vt 0.039600 0.982845
vt 0.019382 0.983596
vt 0.059250 0.949380
vt 0.059566 0.982156
vt 0.079436 0.948864
vt 0.079397 0.981741
vt 0.099623 0.948759
vt 0.099220 0.981700
vt 0.119809 0.949052
vt 0.119176 0.982004
vt 0.140113 0.949699
vt 0.139405 0.982582
vt 0.160509 0.950284
vt 0.159934 0.983144
vt 0.180952 0.950652
vt 0.180717 0.983478
vt 0.201456 0.950647
vt 0.201611 0.983424
vt 0.221972 0.950242
vt 0.222415 0.982995
vt 0.242443 0.949587
vt 0.242975 0.982378
vt 0.262786 0.948917
vt 0.263259 0.981778
vt 0.283055 0.948531
vt 0.283356 0.981337
vt 0.303288 0.948275
vt 0.303267 0.981039
vt 0.323468 0.948221
vt 0.322948 0.980987
vt 0.343628 0.948640
vt 0.342457 0.981448
vt 0.363766 0.949704
vt 0.362030 0.982488
vt 0.371812 0.426027
vt 0.372709 0.420761
vt 0.375354 0.415673
vt 0.379105 0.412076
vt 0.372775 0.440256
vt 0.403270 0.433438
vt 0.411289 0.465437
vt 0.389436 0.471002
vt 0.384497 0.493646
vt 0.396818 0.504373
vt 0.389505 0.504543
vt 0.385123 0.500874
vt 0.401118 0.537554
vt 0.424689 0.530851
vt 0.425892 0.564739
vt 0.396596 0.566306
vt 0.401087 0.617475
vt 0.409963 0.627951
vt 0.405313 0.625834
vt 0.402095 0.622064
vt 0.403000 0.634374
vt 0.402686 0.630800
vt 0.405415 0.628363
vt 0.367877 0.750428
vt 0.391040 0.754846
vt 0.383117 0.787156
vt 0.360029 0.784575
vt 0.383601 0.819619
vt 0.362600 0.819635
vt 0.388919 0.860872
vt 0.389543 0.856726
vt 0.392260 0.853424
vt 0.396443 0.851930
vt 0.365121 0.916794
vt 0.385526 0.918434
vt 0.371726 0.407123
vt 0.375247 0.412871
vt 0.372646 0.411096
vt 0.446188 0.873773
vt 0.421975 0.870092
vt 0.425346 0.832142
vt 0.449386 0.833428
vt 0.420905 0.790761
vt 0.449878 0.794971
vt 0.334473 0.788540
vt 0.341949 0.822293
vt 0.346818 0.882775
vt 0.368095 0.872106
vt 0.344644 0.915745
vt 0.336721 0.368837
vt 0.356427 0.371102
vt 0.354520 0.404074
vt 0.334240 0.401662
vt 0.473199 0.872372
vt 0.473595 0.833621
vt 0.473559 0.795102
vt 0.447434 0.755327
vt 0.473511 0.756788
vt 0.303355 0.801429
vt 0.308783 0.784986
vt 0.309451 0.790917
vt 0.307476 0.796881
vt 0.325076 0.889825
vt 0.324137 0.915326
vt 0.306904 0.398194
vt 0.310154 0.399535
vt 0.312405 0.402199
vt 0.313206 0.405608
vt 0.474102 0.907512
vt 0.473702 0.909270
vt 0.472617 0.910810
vt 0.471101 0.911758
vt 0.496979 0.872382
vt 0.500095 0.833663
vt 0.497289 0.794850
vt 0.497250 0.756686
vt 0.324280 0.791601
vt 0.318050 0.791844
vt 0.312513 0.789482
vt 0.303643 0.915469
vt 0.313938 0.392107
vt 0.319703 0.399776
vt 0.316640 0.398358
vt 0.314564 0.395617
vt 0.291391 0.429254
vt 0.311778 0.431352
vt 0.310804 0.464136
vt 0.289789 0.461757
vt 0.521501 0.894190
vt 0.519314 0.902008
vt 0.513691 0.907807
vt 0.505997 0.910226
vt 0.521172 0.794788
vt 0.522176 0.755916
vt 0.259370 0.776196
vt 0.279916 0.770626
vt 0.293295 0.807972
vt 0.268976 0.808409
vt 0.303979 0.895250
vt 0.305694 0.889594
vt 0.309737 0.886572
vt 0.315493 0.886679
vt 0.283203 0.915632
vt 0.274413 0.362136
vt 0.295604 0.363913
vt 0.292807 0.396756
vt 0.272422 0.394966
vt 0.271005 0.427647
vt 0.269859 0.460162
vt 0.288771 0.484666
vt 0.297415 0.496159
vt 0.292768 0.494025
vt 0.289702 0.489911
vt 0.262371 0.872397
vt 0.283702 0.882735
vt 0.262682 0.915898
vt 0.252916 0.361091
vt 0.251807 0.393843
vt 0.250572 0.426487
vt 0.249779 0.458864
vt 0.498232 0.929301
vt 0.496603 0.935068
vt 0.492530 0.939477
vt 0.486915 0.941529
vt 0.250683 0.691915
vt 0.266579 0.694979
vt 0.263252 0.726486
vt 0.242361 0.723571
vt 0.244724 0.802541
vt 0.257501 0.810901
vt 0.251705 0.810495
vt 0.247132 0.807466
vt 0.241192 0.883806
vt 0.242140 0.916899
vt 0.231556 0.360806
vt 0.231077 0.393546
vt 0.230082 0.426274
vt 0.229483 0.458672
vt 0.246691 0.480090
vt 0.254790 0.491735
vt 0.250219 0.489744
vt 0.247370 0.485655
vt 0.232787 0.685465
vt 0.222460 0.717380
vt 0.236606 0.757108
vt 0.212790 0.748599
vt 0.221956 0.784684
vt 0.203059 0.780234
vt 0.221614 0.884959
vt 0.221760 0.917538
vt 0.210559 0.360811
vt 0.210394 0.393598
vt 0.209636 0.426456
vt 0.209041 0.459189
vt 0.229548 0.484099
vt 0.208059 0.492023
vt 0.212912 0.679670
vt 0.202610 0.711240
vt 0.193101 0.742912
vt 0.183614 0.775284
vt 0.201387 0.917951
vt 0.189791 0.360855
vt 0.189798 0.393613
vt 0.189214 0.426381
vt 0.188662 0.459148
vt 0.188162 0.491876
vt 0.209066 0.524329
vt 0.188834 0.524611
vt 0.202833 0.641617
vt 0.224278 0.648901
vt 0.192765 0.673465
vt 0.182544 0.705106
vt 0.173392 0.736978
vt 0.164421 0.768829
vt 0.201459 0.899509
vt 0.202647 0.894064
vt 0.205762 0.889672
vt 0.210217 0.887234
vt 0.181064 0.917858
vt 0.169204 0.360999
vt 0.169257 0.393749
vt 0.168778 0.426476
vt 0.168306 0.459231
vt 0.168025 0.492016
vt 0.168582 0.524827
vt 0.185288 0.557456
vt 0.187659 0.558161
vt 0.189409 0.559871
vt 0.190125 0.562174
vt 0.172564 0.667442
vt 0.162293 0.699054
vt 0.153811 0.731206
vt 0.161687 0.880884
vt 0.181363 0.885268
vt 0.160794 0.917549
vt 0.148805 0.361179
vt 0.148787 0.393915
vt 0.148335 0.426612
vt 0.147920 0.459348
vt 0.147745 0.492130
vt 0.148189 0.524881
vt 0.169552 0.557543
vt 0.149060 0.557456
vt 0.170219 0.583687
vt 0.149532 0.583129
vt 0.179395 0.644078
vt 0.181698 0.640597
vt 0.185309 0.638549
vt 0.189497 0.638359
vt 0.152730 0.661150
vt 0.139552 0.693272
vt 0.134148 0.725626
vt 0.140473 0.916831
vt 0.128591 0.361309
vt 0.128375 0.394031
vt 0.127886 0.426708
vt 0.127500 0.459443
vt 0.127389 0.492259
vt 0.127745 0.525100
vt 0.128533 0.557756
vt 0.115452 0.692808
vt 0.114978 0.721963
vt 0.141417 0.896982
vt 0.143225 0.891234
vt 0.147059 0.886360
vt 0.152016 0.883458
vt 0.120057 0.915825
vt 0.108539 0.361298
vt 0.108004 0.394017
vt 0.107420 0.426695
vt 0.107049 0.459450
vt 0.106999 0.492319
vt 0.107348 0.525296
vt 0.107978 0.558353
vt 0.123652 0.590570
vt 0.126637 0.591337
vt 0.128907 0.593414
vt 0.129927 0.596276
vt 0.129217 0.584270
vt 0.135021 0.588790
vt 0.132288 0.588629
vt 0.130205 0.587060
vt 0.088362 0.881914
vt 0.098208 0.868833
vt 0.097665 0.874985
vt 0.094106 0.879637
vt 0.099627 0.915650
vt 0.088601 0.361053
vt 0.087650 0.393790
vt 0.086933 0.426516
vt 0.086556 0.459324
vt 0.086565 0.492231
vt 0.086950 0.525238
vt 0.087513 0.558279
vt 0.108705 0.591829
vt 0.087937 0.591350
vt 0.108113 0.625582
vt 0.087184 0.624344
vt 0.104828 0.658699
vt 0.084476 0.657086
vt 0.103736 0.690951
vt 0.082134 0.689771
vt 0.076550 0.723738
vt 0.099824 0.723959
vt 0.092945 0.756735
vt 0.072722 0.755441
vt 0.092277 0.786942
vt 0.071370 0.786973
vt 0.091970 0.817141
vt 0.071848 0.818658
vt 0.094937 0.847779
vt 0.074451 0.850542
vt 0.099797 0.893097
vt 0.101379 0.887007
vt 0.105434 0.882879
vt 0.111334 0.881645
vt 0.079146 0.915785
vt 0.068703 0.360483
vt 0.067291 0.393279
vt 0.066426 0.426133
vt 0.066016 0.459078
vt 0.066074 0.492037
vt 0.066520 0.525029
vt 0.067028 0.557961
vt 0.067254 0.590714
vt 0.066400 0.623280
vt 0.063959 0.655759
vt 0.061089 0.688408
vt 0.056475 0.721332
vt 0.052556 0.754045
vt 0.050984 0.786786
vt 0.051489 0.819407
vt 0.053886 0.851947
vt 0.077333 0.882903
vt 0.056708 0.884308
vt 0.058579 0.916752
vt 0.048731 0.359504
vt 0.046911 0.392427
vt 0.045917 0.425529
vt 0.045469 0.458722
vt 0.045504 0.491879
vt 0.046031 0.524808
vt 0.046563 0.557537
vt 0.046684 0.590036
vt 0.045778 0.622239
vt 0.043457 0.654391
vt 0.040387 0.686806
vt 0.036106 0.719589
vt 0.032295 0.752895
vt 0.030599 0.786583
vt 0.031056 0.820153
vt 0.033368 0.853252
vt 0.036133 0.885750
vt 0.038052 0.917952
vt 0.028517 0.358068
vt 0.026504 0.391205
vt 0.025429 0.424715
vt 0.024960 0.458281
vt 0.024981 0.491797
vt 0.025500 0.524995
vt 0.026110 0.557599
vt 0.026116 0.589607
vt 0.025280 0.621225
vt 0.023025 0.652846
vt 0.019925 0.684914
vt 0.015742 0.717700
vt 0.011928 0.751683
vt 0.010150 0.786481
vt 0.010587 0.821173
vt 0.012892 0.854980
vt 0.015657 0.887523
vt 0.017590 0.919345
vt 0.014046 0.046356
vt 0.014208 0.028679
vt 0.042525 0.028938
vt 0.042363 0.046616
vt 0.070843 0.029198
vt 0.070681 0.046876
vt 0.099160 0.029458
vt 0.098998 0.047136
vt 0.127478 0.029718
vt 0.127316 0.047396
vt 0.155795 0.029978
vt 0.155633 0.047656
vt 0.184113 0.030238
vt 0.183950 0.047915
vt 0.212430 0.030497
vt 0.212268 0.048175
vt 0.240748 0.030757
vt 0.240585 0.048435
vt 0.269065 0.031017
vt 0.268903 0.048695
vt 0.297382 0.031277
vt 0.297220 0.048955
vt 0.325700 0.031537
vt 0.325538 0.049215
vt 0.354017 0.031797
vt 0.353855 0.049474
vt 0.382335 0.032056
vt 0.382173 0.049734
vt 0.410652 0.032316
vt 0.410490 0.049994
vt 0.438970 0.032576
vt 0.438807 0.050254
vt 0.467287 0.032836
vt 0.467125 0.050514
vt 0.495605 0.033096
vt 0.495443 0.050774
vt 0.013884 0.064034
vt 0.042201 0.064294
vt 0.070519 0.064554
vt 0.098836 0.064814
vt 0.127154 0.065073
vt 0.155471 0.065333
vt 0.183788 0.065593
vt 0.212106 0.065853
vt 0.240423 0.066113
vt 0.268741 0.066373
vt 0.297058 0.066632
vt 0.325376 0.066892
vt 0.353693 0.067152
vt 0.382010 0.067412
vt 0.410328 0.067672
vt 0.438645 0.067932
vt 0.466963 0.068191
vt 0.495280 0.068451
vt 0.013721 0.081712
vt 0.042039 0.081972
vt 0.070356 0.082232
vt 0.098674 0.082491
vt 0.126991 0.082751
vt 0.155309 0.083011
vt 0.183626 0.083271
vt 0.211944 0.083531
vt 0.240261 0.083791
vt 0.268579 0.084050
vt 0.296896 0.084310
vt 0.325213 0.084570
vt 0.353531 0.084830
vt 0.381848 0.085090
vt 0.410166 0.085350
vt 0.438483 0.085609
vt 0.466801 0.085869
vt 0.495118 0.086129
vt 0.013559 0.099389
vt 0.041877 0.099649
vt 0.070194 0.099909
vt 0.098511 0.100169
vt 0.126829 0.100429
vt 0.155146 0.100689
vt 0.183464 0.100948
vt 0.211781 0.101208
vt 0.240099 0.101468
vt 0.268416 0.101728
vt 0.296734 0.101988
vt 0.325051 0.102248
vt 0.353369 0.102507
vt 0.381686 0.102767
vt 0.410004 0.103027
vt 0.438321 0.103287
vt 0.466639 0.103547
vt 0.494956 0.103807
vt 0.013397 0.117067
vt 0.041714 0.117327
vt 0.070032 0.117587
vt 0.098349 0.117846
vt 0.126667 0.118106
vt 0.154984 0.118366
vt 0.183302 0.118626
vt 0.211619 0.118886
vt 0.239937 0.119146
vt 0.268254 0.119406
vt 0.296571 0.119665
vt 0.324889 0.119925
vt 0.353206 0.120185
vt 0.381524 0.120445
vt 0.409841 0.120705
vt 0.438159 0.120964
vt 0.466476 0.121224
vt 0.494794 0.121484
vt 0.013235 0.134745
vt 0.041552 0.135005
vt 0.069870 0.135265
vt 0.098187 0.135524
vt 0.126505 0.135784
vt 0.154822 0.136044
vt 0.183140 0.136304
vt 0.211457 0.136564
vt 0.239774 0.136824
vt 0.268092 0.137083
vt 0.296409 0.137343
vt 0.324727 0.137603
vt 0.353044 0.137863
vt 0.381362 0.138123
vt 0.409679 0.138382
vt 0.437997 0.138642
vt 0.466314 0.138902
vt 0.494632 0.139162
vt 0.013073 0.152422
vt 0.041390 0.152682
vt 0.069708 0.152942
vt 0.098025 0.153202
vt 0.126343 0.153462
vt 0.154660 0.153722
vt 0.182977 0.153981
vt 0.211295 0.154241
vt 0.239612 0.154501
vt 0.267930 0.154761
vt 0.296247 0.155021
vt 0.324565 0.155281
vt 0.352882 0.155540
vt 0.381200 0.155800
vt 0.409517 0.156060
vt 0.437834 0.156320
vt 0.466152 0.156580
vt 0.494469 0.156840
vt 0.012910 0.170100
vt 0.041228 0.170360
vt 0.069545 0.170620
vt 0.097863 0.170879
vt 0.126180 0.171139
vt 0.154498 0.171399
vt 0.182815 0.171659
vt 0.211132 0.171919
vt 0.239450 0.172179
vt 0.267768 0.172439
vt 0.296085 0.172698
vt 0.324402 0.172958
vt 0.352720 0.173218
vt 0.381037 0.173478
vt 0.409355 0.173738
vt 0.437672 0.173998
vt 0.465990 0.174257
vt 0.494307 0.174517
vt 0.012748 0.187778
vt 0.041066 0.188038
vt 0.069383 0.188297
vt 0.097700 0.188557
vt 0.126018 0.188817
vt 0.154335 0.189077
vt 0.182653 0.189337
vt 0.210970 0.189597
vt 0.239288 0.189856
vt 0.267605 0.190116
vt 0.295922 0.190376
vt 0.324240 0.190636
vt 0.352558 0.190896
vt 0.380875 0.191156
vt 0.409192 0.191416
vt 0.437510 0.191675
vt 0.465827 0.191935
vt 0.494145 0.192195
vt 0.012586 0.205455
vt 0.040903 0.205715
vt 0.069221 0.205975
vt 0.097538 0.206235
vt 0.125856 0.206495
vt 0.154173 0.206755
vt 0.182491 0.207014
vt 0.210808 0.207274
vt 0.239126 0.207534
vt 0.267443 0.207794
vt 0.295760 0.208054
vt 0.324078 0.208313
vt 0.352395 0.208573
vt 0.380713 0.208833
vt 0.409030 0.209093
vt 0.437348 0.209353
vt 0.465665 0.209613
vt 0.493983 0.209873
vt 0.012424 0.223133
vt 0.040741 0.223393
vt 0.069059 0.223653
vt 0.097376 0.223912
vt 0.125694 0.224172
vt 0.154011 0.224432
vt 0.182329 0.224692
vt 0.210646 0.224952
vt 0.238963 0.225212
vt 0.267281 0.225471
vt 0.295598 0.225731
vt 0.323916 0.225991
vt 0.352233 0.226251
vt 0.380551 0.226511
vt 0.408868 0.226771
vt 0.437185 0.227031
vt 0.465503 0.227290
vt 0.493820 0.227550
vt 0.012262 0.240811
vt 0.040579 0.241071
vt 0.068897 0.241330
vt 0.097214 0.241590
vt 0.125531 0.241850
vt 0.153849 0.242110
vt 0.182166 0.242370
vt 0.210484 0.242630
vt 0.238801 0.242889
vt 0.267119 0.243149
vt 0.295436 0.243409
vt 0.323754 0.243669
vt 0.352071 0.243929
vt 0.380388 0.244189
vt 0.408706 0.244448
vt 0.437023 0.244708
vt 0.465341 0.244968
vt 0.493658 0.245228
vt 0.012099 0.258488
vt 0.040417 0.258748
vt 0.068734 0.259008
vt 0.097052 0.259268
vt 0.125369 0.259528
vt 0.153687 0.259787
vt 0.182004 0.260047
vt 0.210322 0.260307
vt 0.238639 0.260567
vt 0.266957 0.260827
vt 0.295274 0.261087
vt 0.323591 0.261346
vt 0.351909 0.261606
vt 0.380226 0.261866
vt 0.408544 0.262126
vt 0.436861 0.262386
vt 0.465179 0.262646
vt 0.493496 0.262906
vt 0.011937 0.276166
vt 0.040255 0.276426
vt 0.068572 0.276686
vt 0.096889 0.276946
vt 0.125207 0.277205
vt 0.153524 0.277465
vt 0.181842 0.277725
vt 0.210159 0.277985
vt 0.238477 0.278245
vt 0.266794 0.278505
vt 0.295112 0.278764
vt 0.323429 0.279024
vt 0.351747 0.279284
vt 0.380064 0.279544
vt 0.408381 0.279804
vt 0.436699 0.280064
vt 0.465017 0.280324
vt 0.493334 0.280583
vt 0.011775 0.293844
vt 0.040092 0.294104
vt 0.068410 0.294363
vt 0.096727 0.294623
vt 0.125045 0.294883
vt 0.153362 0.295143
vt 0.181680 0.295403
vt 0.209997 0.295663
vt 0.238314 0.295922
vt 0.266632 0.296182
vt 0.294949 0.296442
vt 0.323267 0.296702
vt 0.351584 0.296962
vt 0.379902 0.297222
vt 0.408219 0.297481
vt 0.436537 0.297741
vt 0.464854 0.298001
vt 0.493172 0.298261
vt 0.011613 0.311521
vt 0.039930 0.311781
vt 0.068248 0.312041
vt 0.096565 0.312301
vt 0.124883 0.312561
vt 0.153200 0.312820
vt 0.181517 0.313080
vt 0.209835 0.313340
vt 0.238152 0.313600
vt 0.266470 0.313860
vt 0.294787 0.314120
vt 0.323105 0.314380
vt 0.351422 0.314639
vt 0.379740 0.314899
vt 0.408057 0.315159
vt 0.436374 0.315419
vt 0.464692 0.315679
vt 0.493010 0.315939
vt 0.011450 0.329199
vt 0.039768 0.329459
vt 0.068086 0.329719
vt 0.096403 0.329979
vt 0.124720 0.330238
vt 0.153038 0.330498
vt 0.181355 0.330758
vt 0.209673 0.331018
vt 0.237990 0.331278
vt 0.266308 0.331538
vt 0.294625 0.331798
vt 0.322943 0.332057
vt 0.351260 0.332317
vt 0.379577 0.332577
vt 0.407895 0.332837
vt 0.436212 0.333097
vt 0.464530 0.333356
vt 0.492847 0.333616
vt 0.011288 0.346877
vt 0.039606 0.347136
vt 0.067923 0.347396
vt 0.096241 0.347656
vt 0.124558 0.347916
vt 0.152876 0.348176
vt 0.181193 0.348436
vt 0.209510 0.348695
vt 0.237828 0.348955
vt 0.266145 0.349215
vt 0.294463 0.349475
vt 0.322780 0.349735
vt 0.351098 0.349995
vt 0.379415 0.350255
vt 0.407733 0.350514
vt 0.436050 0.350774
vt 0.464368 0.351034
vt 0.492685 0.351294
vt 0.824604 0.650351
vt 0.809577 0.650386
vt 0.809528 0.607785
vt 0.824551 0.607759
vt 0.809488 0.565182
vt 0.824512 0.565159
vt 0.809449 0.522578
vt 0.824473 0.522555
vt 0.809409 0.479974
vt 0.824433 0.479952
vt 0.809369 0.437369
vt 0.824392 0.437347
vt 0.809329 0.394766
vt 0.824352 0.394743
vt 0.809288 0.352161
vt 0.824312 0.352139
vt 0.809248 0.309557
vt 0.824271 0.309535
vt 0.014370 0.011001
vt 0.042688 0.011261
vt 0.071005 0.011521
vt 0.099322 0.011781
vt 0.127640 0.012040
vt 0.155958 0.012300
vt 0.184275 0.012560
vt 0.212592 0.012820
vt 0.240910 0.013080
vt 0.269228 0.013340
vt 0.297545 0.013599
vt 0.325862 0.013859
vt 0.354180 0.014119
vt 0.382497 0.014379
vt 0.410814 0.014639
vt 0.439132 0.014899
vt 0.467450 0.015158
vt 0.495767 0.015418
vt 0.968665 0.707333
vt 0.967689 0.707325
vt 0.968529 0.723774
vt 0.967553 0.723766
vt 0.968394 0.740215
vt 0.967418 0.740207
vt 0.968259 0.756656
vt 0.967283 0.756648
vt 0.968124 0.773096
vt 0.967148 0.773088
vt 0.967989 0.789537
vt 0.967013 0.789529
vt 0.967854 0.805978
vt 0.966878 0.805970
vt 0.967718 0.822419
vt 0.966742 0.822411
vt 0.967583 0.838860
vt 0.966607 0.838852
vt 0.967448 0.855301
vt 0.966472 0.855293
vt 0.967313 0.871741
vt 0.966337 0.871733
vt 0.967178 0.888183
vt 0.966202 0.888174
vt 0.967043 0.904623
vt 0.966067 0.904615
vt 0.966908 0.921064
vt 0.965931 0.921056
vt 0.966772 0.937505
vt 0.965796 0.937497
vt 0.966637 0.953946
vt 0.965661 0.953938
vt 0.574746 0.985877
vt 0.590949 0.985644
vt 0.590981 0.987838
vt 0.574778 0.988071
vt 0.607152 0.985411
vt 0.607184 0.987605
vt 0.623355 0.985178
vt 0.623387 0.987372
vt 0.639558 0.984945
vt 0.639590 0.987139
vt 0.655761 0.984713
vt 0.655792 0.986906
vt 0.671964 0.984480
vt 0.671995 0.986673
vt 0.688167 0.984247
vt 0.688198 0.986440
vt 0.704369 0.984014
vt 0.704401 0.986207
vt 0.720572 0.983781
vt 0.720604 0.985974
vt 0.736775 0.983548
vt 0.736807 0.985741
vt 0.752978 0.983315
vt 0.753010 0.985509
vt 0.769181 0.983082
vt 0.769213 0.985276
vt 0.785384 0.982849
vt 0.785416 0.985043
vt 0.801587 0.982616
vt 0.801618 0.984810
vt 0.817790 0.982383
vt 0.817821 0.984577
vt 0.833993 0.982150
vt 0.834024 0.984344
vt 0.850196 0.981918
vt 0.850227 0.984111
vt 0.574733 0.984937
vt 0.590936 0.984704
vt 0.607139 0.984471
vt 0.623342 0.984238
vt 0.639545 0.984006
vt 0.655747 0.983773
vt 0.671950 0.983540
vt 0.688153 0.983307
vt 0.704356 0.983074
vt 0.720559 0.982841
vt 0.736762 0.982608
vt 0.752965 0.982375
vt 0.769168 0.982142
vt 0.785371 0.981909
vt 0.801573 0.981676
vt 0.817776 0.981443
vt 0.833979 0.981210
vt 0.850182 0.980977
vt 0.574719 0.983997
vt 0.590922 0.983764
vt 0.607125 0.983531
vt 0.623328 0.983298
vt 0.639531 0.983065
vt 0.655734 0.982832
vt 0.671937 0.982600
vt 0.688140 0.982367
vt 0.704342 0.982134
vt 0.720545 0.981901
vt 0.736748 0.981668
vt 0.752951 0.981435
vt 0.769154 0.981202
vt 0.785357 0.980969
vt 0.801560 0.980736
vt 0.817763 0.980503
vt 0.833966 0.980270
vt 0.850169 0.980038
vt 0.574683 0.981468
vt 0.590886 0.981235
vt 0.607089 0.981002
vt 0.623292 0.980769
vt 0.639495 0.980536
vt 0.655698 0.980303
vt 0.671900 0.980070
vt 0.688103 0.979837
vt 0.704306 0.979604
vt 0.720509 0.979371
vt 0.736712 0.979139
vt 0.752915 0.978906
vt 0.769118 0.978673
vt 0.785321 0.978440
vt 0.801524 0.978207
vt 0.817726 0.977974
vt 0.833929 0.977741
vt 0.850132 0.977508
vt 0.574653 0.979354
vt 0.590856 0.979121
vt 0.607059 0.978888
vt 0.623261 0.978655
vt 0.639464 0.978422
vt 0.655667 0.978189
vt 0.671870 0.977956
vt 0.688073 0.977723
vt 0.704276 0.977490
vt 0.720479 0.977257
vt 0.736682 0.977024
vt 0.752885 0.976792
vt 0.769087 0.976559
vt 0.785290 0.976326
vt 0.801493 0.976093
vt 0.817696 0.975860
vt 0.833899 0.975627
vt 0.850102 0.975394
vt 0.574617 0.976872
vt 0.590820 0.976639
vt 0.607023 0.976406
vt 0.623226 0.976173
vt 0.639429 0.975940
vt 0.655631 0.975707
vt 0.671834 0.975474
vt 0.688037 0.975241
vt 0.704240 0.975008
vt 0.720443 0.974776
vt 0.736646 0.974543
vt 0.752849 0.974310
vt 0.769052 0.974077
vt 0.785255 0.973844
vt 0.801457 0.973611
vt 0.817660 0.973378
vt 0.833863 0.973145
vt 0.850066 0.972912
vt 0.574585 0.974675
vt 0.590788 0.974442
vt 0.606991 0.974209
vt 0.623194 0.973976
vt 0.639397 0.973743
vt 0.655600 0.973510
vt 0.671803 0.973277
vt 0.688006 0.973045
vt 0.704208 0.972812
vt 0.720411 0.972579
vt 0.736614 0.972346
vt 0.752817 0.972113
vt 0.769020 0.971880
vt 0.785223 0.971647
vt 0.801426 0.971414
vt 0.817629 0.971181
vt 0.833832 0.970948
vt 0.850034 0.970715
vt 0.574550 0.972232
vt 0.590753 0.971999
vt 0.606956 0.971766
vt 0.623159 0.971533
vt 0.639362 0.971301
vt 0.655565 0.971068
vt 0.671767 0.970835
vt 0.687971 0.970602
vt 0.704173 0.970369
vt 0.720376 0.970136
vt 0.736579 0.969903
vt 0.752782 0.969670
vt 0.768985 0.969437
vt 0.785188 0.969204
vt 0.801391 0.968971
vt 0.817594 0.968738
vt 0.833797 0.968506
vt 0.849999 0.968273
vt 0.574537 0.971292
vt 0.590740 0.971059
vt 0.606943 0.970826
vt 0.623145 0.970594
vt 0.639348 0.970361
vt 0.655551 0.970128
vt 0.671754 0.969895
vt 0.687957 0.969662
vt 0.704160 0.969429
vt 0.720363 0.969196
vt 0.736566 0.968963
vt 0.752769 0.968730
vt 0.768972 0.968497
vt 0.785174 0.968264
vt 0.801377 0.968031
vt 0.817580 0.967798
vt 0.833783 0.967566
vt 0.849986 0.967333
vt 0.574519 0.970031
vt 0.590722 0.969798
vt 0.606925 0.969565
vt 0.623127 0.969332
vt 0.639330 0.969099
vt 0.655533 0.968866
vt 0.671736 0.968633
vt 0.687939 0.968400
vt 0.704142 0.968168
vt 0.720345 0.967935
vt 0.736548 0.967702
vt 0.752751 0.967469
vt 0.768953 0.967236
vt 0.785156 0.967003
vt 0.801359 0.966770
vt 0.817562 0.966537
vt 0.833765 0.966304
vt 0.849968 0.966071
vt 0.574503 0.968937
vt 0.590706 0.968704
vt 0.606909 0.968471
vt 0.623111 0.968238
vt 0.639315 0.968005
vt 0.655517 0.967772
vt 0.671720 0.967539
vt 0.687923 0.967306
vt 0.704126 0.967073
vt 0.720329 0.966840
vt 0.736532 0.966607
vt 0.752735 0.966374
vt 0.768938 0.966141
vt 0.785141 0.965909
vt 0.801343 0.965676
vt 0.817546 0.965443
vt 0.833749 0.965210
vt 0.849952 0.964977
vt 0.574480 0.967370
vt 0.590683 0.967137
vt 0.606886 0.966904
vt 0.623089 0.966671
vt 0.639292 0.966438
vt 0.655495 0.966205
vt 0.671698 0.965972
vt 0.687901 0.965739
vt 0.704104 0.965506
vt 0.720307 0.965273
vt 0.736509 0.965041
vt 0.752712 0.964808
vt 0.768915 0.964575
vt 0.785118 0.964342
vt 0.801321 0.964109
vt 0.817524 0.963876
vt 0.833727 0.963643
vt 0.849930 0.963410
vt 0.968593 0.986846
vt 0.968728 0.970405
vt 0.968863 0.953964
vt 0.968998 0.937523
vt 0.969133 0.921082
vt 0.969268 0.904642
vt 0.969404 0.888201
vt 0.969539 0.871760
vt 0.969674 0.855319
vt 0.969809 0.838878
vt 0.969944 0.822437
vt 0.970079 0.805996
vt 0.970214 0.789556
vt 0.970350 0.773115
vt 0.970485 0.756674
vt 0.970620 0.740233
vt 0.970755 0.723792
vt 0.970890 0.707351
vt 0.969546 0.986854
vt 0.969682 0.970413
vt 0.969817 0.953972
vt 0.969952 0.937531
vt 0.970087 0.921090
vt 0.970222 0.904649
vt 0.970357 0.888209
vt 0.970492 0.871768
vt 0.970628 0.855327
vt 0.970763 0.838886
vt 0.970898 0.822445
vt 0.971033 0.806004
vt 0.971168 0.789563
vt 0.971303 0.773122
vt 0.971439 0.756682
vt 0.971574 0.740241
vt 0.971709 0.723800
vt 0.971844 0.707359
vt 0.970500 0.986862
vt 0.970635 0.970421
vt 0.970770 0.953980
vt 0.970906 0.937539
vt 0.971041 0.921098
vt 0.971176 0.904657
vt 0.971311 0.888216
vt 0.971446 0.871776
vt 0.971582 0.855335
vt 0.971717 0.838894
vt 0.971852 0.822453
vt 0.971987 0.806012
vt 0.972122 0.789571
vt 0.972257 0.773130
vt 0.972392 0.756690
vt 0.972528 0.740249
vt 0.972663 0.723808
vt 0.972798 0.707367
vt 0.973067 0.986883
vt 0.973202 0.970442
vt 0.973337 0.954001
vt 0.973472 0.937560
vt 0.973607 0.921119
vt 0.973742 0.904678
vt 0.973878 0.888238
vt 0.974013 0.871797
vt 0.974148 0.855356
vt 0.974283 0.838915
vt 0.974418 0.822474
vt 0.974553 0.806033
vt 0.974688 0.789592
vt 0.974824 0.773151
vt 0.974959 0.756711
vt 0.975094 0.740270
vt 0.975229 0.723829
vt 0.975364 0.707388
vt 0.975212 0.986900
vt 0.975347 0.970459
vt 0.975482 0.954018
vt 0.975617 0.937578
vt 0.975753 0.921137
vt 0.975888 0.904696
vt 0.976023 0.888255
vt 0.976158 0.871814
vt 0.976293 0.855373
vt 0.976428 0.838933
vt 0.976564 0.822492
vt 0.976699 0.806051
vt 0.976834 0.789610
vt 0.976969 0.773169
vt 0.977104 0.756728
vt 0.977239 0.740287
vt 0.977374 0.723846
vt 0.977510 0.707406
vt 0.977730 0.986921
vt 0.977865 0.970480
vt 0.978001 0.954039
vt 0.978136 0.937598
vt 0.978271 0.921157
vt 0.978406 0.904717
vt 0.978541 0.888276
vt 0.978676 0.871835
vt 0.978812 0.855394
vt 0.978947 0.838953
vt 0.979082 0.822513
vt 0.979217 0.806072
vt 0.979352 0.789631
vt 0.979487 0.773190
vt 0.979622 0.756749
vt 0.979758 0.740308
vt 0.979893 0.723867
vt 0.980028 0.707426
vt 0.979959 0.986939
vt 0.980094 0.970498
vt 0.980230 0.954057
vt 0.980365 0.937617
vt 0.980500 0.921176
vt 0.980635 0.904735
vt 0.980770 0.888294
vt 0.980905 0.871853
vt 0.981041 0.855412
vt 0.981176 0.838971
vt 0.981311 0.822531
vt 0.981446 0.806090
vt 0.981581 0.789649
vt 0.981716 0.773208
vt 0.981852 0.756767
vt 0.981987 0.740327
vt 0.982122 0.723886
vt 0.982257 0.707445
vt 0.982438 0.986960
vt 0.982573 0.970519
vt 0.982708 0.954078
vt 0.982843 0.937637
vt 0.982978 0.921196
vt 0.983114 0.904755
vt 0.983249 0.888315
vt 0.983384 0.871874
vt 0.983519 0.855433
vt 0.983654 0.838992
vt 0.983789 0.822551
vt 0.983925 0.806110
vt 0.984060 0.789669
vt 0.984195 0.773228
vt 0.984330 0.756788
vt 0.984465 0.740347
vt 0.984600 0.723906
vt 0.984735 0.707465
vt 0.983392 0.986967
vt 0.983527 0.970527
vt 0.983662 0.954086
vt 0.983797 0.937645
vt 0.983932 0.921204
vt 0.984067 0.904763
vt 0.984203 0.888322
vt 0.984338 0.871881
vt 0.984473 0.855441
vt 0.984608 0.839000
vt 0.984743 0.822559
vt 0.984878 0.806118
vt 0.985013 0.789677
vt 0.985149 0.773236
vt 0.985284 0.756796
vt 0.985419 0.740355
vt 0.985554 0.723914
vt 0.985689 0.707473
vt 0.984671 0.986978
vt 0.984807 0.970537
vt 0.984942 0.954096
vt 0.985077 0.937656
vt 0.985212 0.921215
vt 0.985347 0.904774
vt 0.985482 0.888333
vt 0.985618 0.871892
vt 0.985753 0.855451
vt 0.985888 0.839010
vt 0.986023 0.822570
vt 0.986158 0.806129
vt 0.986293 0.789688
vt 0.986428 0.773247
vt 0.986564 0.756806
vt 0.986699 0.740365
vt 0.986834 0.723924
vt 0.986969 0.707483
vt 0.985782 0.986987
vt 0.985917 0.970546
vt 0.986052 0.954105
vt 0.986187 0.937665
vt 0.986323 0.921224
vt 0.986458 0.904783
vt 0.986593 0.888342
vt 0.986728 0.871901
vt 0.986863 0.855460
vt 0.986998 0.839019
vt 0.987134 0.822579
vt 0.987269 0.806138
vt 0.987404 0.789697
vt 0.987539 0.773256
vt 0.987674 0.756815
vt 0.987809 0.740374
vt 0.987944 0.723933
vt 0.988080 0.707493
vt 0.987372 0.987000
vt 0.987507 0.970559
vt 0.987642 0.954118
vt 0.987777 0.937678
vt 0.987912 0.921237
vt 0.988047 0.904796
vt 0.988183 0.888355
vt 0.988318 0.871914
vt 0.988453 0.855473
vt 0.988588 0.839032
vt 0.988723 0.822592
vt 0.988858 0.806151
vt 0.988994 0.789710
vt 0.989129 0.773269
vt 0.989264 0.756828
vt 0.989399 0.740387
vt 0.989534 0.723947
vt 0.989669 0.707506
vt 0.894009 0.986233
vt 0.894144 0.969792
vt 0.894279 0.953351
vt 0.894414 0.936910
vt 0.894549 0.920469
vt 0.894684 0.904028
vt 0.894820 0.887587
vt 0.894955 0.871147
vt 0.895090 0.854706
vt 0.895225 0.838265
vt 0.895360 0.821824
vt 0.895495 0.805383
vt 0.895631 0.788942
vt 0.895766 0.772502
vt 0.895901 0.756061
vt 0.896036 0.739620
vt 0.896171 0.723179
vt 0.896306 0.706738
vt 0.574467 0.966408
vt 0.590670 0.966175
vt 0.606872 0.965942
vt 0.623075 0.965709
vt 0.639278 0.965477
vt 0.655481 0.965244
vt 0.671684 0.965011
vt 0.687887 0.964778
vt 0.704090 0.964545
vt 0.720293 0.964312
vt 0.736495 0.964079
vt 0.752698 0.963846
vt 0.768901 0.963613
vt 0.785104 0.963380
vt 0.801307 0.963147
vt 0.817510 0.962914
vt 0.833713 0.962681
vt 0.849916 0.962448
vt 0.991221 0.970590
vt 0.991086 0.987031
vt 0.991356 0.954149
vt 0.991492 0.937708
vt 0.991627 0.921267
vt 0.991762 0.904826
vt 0.991897 0.888386
vt 0.992032 0.871945
vt 0.992167 0.855504
vt 0.992302 0.839063
vt 0.992438 0.822622
vt 0.992573 0.806181
vt 0.992708 0.789741
vt 0.992843 0.773300
vt 0.992978 0.756859
vt 0.993114 0.740418
vt 0.993249 0.723977
vt 0.993384 0.707536
vt 0.574831 0.991748
vt 0.591034 0.991515
vt 0.607237 0.991282
vt 0.623439 0.991049
vt 0.639642 0.990816
vt 0.655845 0.990583
vt 0.672048 0.990350
vt 0.688251 0.990117
vt 0.704454 0.989884
vt 0.720657 0.989652
vt 0.736860 0.989419
vt 0.753063 0.989186
vt 0.769265 0.988953
vt 0.785469 0.988720
vt 0.801671 0.988487
vt 0.817874 0.988254
vt 0.834077 0.988021
vt 0.850280 0.987788
vt 0.775033 0.775650
vt 0.777868 0.773149
vt 0.775169 0.733497
vt 0.778001 0.731369
vt 0.775250 0.691189
vt 0.778056 0.689343
vt 0.775230 0.648863
vt 0.778029 0.647297
vt 0.775188 0.606540
vt 0.777987 0.605257
vt 0.775145 0.564220
vt 0.777945 0.563222
vt 0.775105 0.521901
vt 0.777904 0.521187
vt 0.775065 0.479581
vt 0.777864 0.479153
vt 0.775024 0.437261
vt 0.777825 0.437117
vt 0.774984 0.394942
vt 0.777785 0.395082
vt 0.774944 0.352623
vt 0.777745 0.353048
vt 0.774905 0.310304
vt 0.777706 0.311013
vt 0.774865 0.267984
vt 0.777666 0.268978
vt 0.774826 0.225663
vt 0.777627 0.226942
vt 0.774782 0.183342
vt 0.777584 0.184903
vt 0.774708 0.141033
vt 0.777518 0.142874
vt 0.774544 0.098744
vt 0.777379 0.100869
vt 0.772205 0.777543
vt 0.772340 0.735060
vt 0.772443 0.692540
vt 0.772431 0.650009
vt 0.772389 0.607480
vt 0.772346 0.564952
vt 0.772305 0.522424
vt 0.772265 0.479896
vt 0.772224 0.437368
vt 0.772184 0.394840
vt 0.772144 0.352312
vt 0.772104 0.309784
vt 0.772065 0.267256
vt 0.772025 0.224728
vt 0.771980 0.182201
vt 0.771899 0.139686
vt 0.771713 0.097179
vt 0.769390 0.778350
vt 0.769517 0.735640
vt 0.769637 0.693032
vt 0.769630 0.650428
vt 0.769589 0.607824
vt 0.769546 0.565220
vt 0.769505 0.522616
vt 0.769464 0.480012
vt 0.769424 0.437407
vt 0.769384 0.394804
vt 0.769344 0.352199
vt 0.769304 0.309595
vt 0.769264 0.266991
vt 0.769225 0.224387
vt 0.769179 0.181786
vt 0.769091 0.139197
vt 0.768891 0.096596
vt 0.807148 0.777481
vt 0.807069 0.734980
vt 0.809893 0.735565
vt 0.806868 0.692491
vt 0.809676 0.692979
vt 0.806776 0.649973
vt 0.806728 0.607447
vt 0.806688 0.564919
vt 0.806649 0.522391
vt 0.806609 0.479863
vt 0.806569 0.437335
vt 0.806528 0.394807
vt 0.806488 0.352280
vt 0.806448 0.309752
vt 0.806407 0.267224
vt 0.809206 0.266953
vt 0.806364 0.224695
vt 0.809164 0.224349
vt 0.806325 0.182167
vt 0.809126 0.181746
vt 0.806322 0.139631
vt 0.809128 0.139137
vt 0.806432 0.097126
vt 0.809255 0.096542
vt 0.804337 0.775529
vt 0.804238 0.733413
vt 0.804057 0.691147
vt 0.803973 0.648834
vt 0.803927 0.606513
vt 0.803887 0.564193
vt 0.803848 0.521873
vt 0.803808 0.479554
vt 0.803768 0.437234
vt 0.803728 0.394915
vt 0.803688 0.352596
vt 0.803648 0.310276
vt 0.803607 0.267957
vt 0.803565 0.225637
vt 0.803526 0.183314
vt 0.803515 0.140982
vt 0.803604 0.098695
vt 0.801522 0.772958
vt 0.801401 0.731286
vt 0.801245 0.689310
vt 0.801170 0.647275
vt 0.801125 0.605236
vt 0.801086 0.563200
vt 0.801047 0.521165
vt 0.801007 0.479131
vt 0.800968 0.437095
vt 0.800928 0.395061
vt 0.800888 0.353026
vt 0.800848 0.310991
vt 0.800808 0.268957
vt 0.800767 0.226921
vt 0.800726 0.184882
vt 0.800708 0.142828
vt 0.800771 0.100828
vt 0.824983 0.735717
vt 0.824724 0.692953
vt 0.824230 0.266931
vt 0.824188 0.224330
vt 0.824151 0.181731
vt 0.824162 0.139114
vt 0.824307 0.096360
vt 0.824351 0.053071
vt 0.822064 0.009678
vt 0.395304 0.368540
vt 0.415210 0.366672
vt 0.417692 0.398227
vt 0.397466 0.401293
vt 0.423389 0.428864
vt 0.431288 0.460526
vt 0.439163 0.493648
vt 0.419018 0.497725
vt 0.444930 0.528696
vt 0.446206 0.564327
vt 0.445217 0.598112
vt 0.424563 0.598493
vt 0.447158 0.630023
vt 0.425947 0.631420
vt 0.453343 0.665442
vt 0.435070 0.663545
vt 0.440529 0.699430
vt 0.418714 0.691535
vt 0.424314 0.730263
vt 0.400896 0.719199
vt 0.411283 0.760343
vt 0.403639 0.789232
vt 0.403930 0.819039
vt 0.378973 0.850025
vt 0.386286 0.843687
vt 0.385629 0.847725
vt 0.383035 0.849984
vt 0.381868 0.880808
vt 0.384857 0.883935
vt 0.386913 0.888237
vt 0.387516 0.892641
vt 0.405910 0.920193
vt 0.733550 0.010349
vt 0.733926 0.052804
vt 0.734303 0.095259
vt 0.731783 0.095281
vt 0.734679 0.137714
vt 0.732159 0.137736
vt 0.735055 0.180169
vt 0.732535 0.180191
vt 0.735431 0.222623
vt 0.732912 0.222646
vt 0.735808 0.265078
vt 0.733288 0.265100
vt 0.736184 0.307533
vt 0.733664 0.307555
vt 0.736560 0.349988
vt 0.734040 0.350010
vt 0.736937 0.392443
vt 0.734416 0.392465
vt 0.737313 0.434897
vt 0.734793 0.434919
vt 0.737689 0.477352
vt 0.735169 0.477375
vt 0.738065 0.519807
vt 0.735545 0.519829
vt 0.738442 0.562262
vt 0.735922 0.562284
vt 0.738818 0.604716
vt 0.736298 0.604739
vt 0.739194 0.647171
vt 0.736674 0.647193
vt 0.739570 0.689626
vt 0.737050 0.689649
vt 0.739947 0.732081
vt 0.737427 0.732103
vt 0.632693 0.824171
vt 0.633073 0.781304
vt 0.638876 0.781355
vt 0.638497 0.824223
vt 0.633452 0.738435
vt 0.639256 0.738487
vt 0.633832 0.695568
vt 0.639635 0.695619
vt 0.634211 0.652699
vt 0.640014 0.652751
vt 0.634590 0.609832
vt 0.640394 0.609883
vt 0.634970 0.566964
vt 0.640773 0.567016
vt 0.635349 0.524096
vt 0.641152 0.524147
vt 0.635728 0.481228
vt 0.641532 0.481279
vt 0.636108 0.438360
vt 0.641911 0.438411
vt 0.636487 0.395492
vt 0.642291 0.395544
vt 0.636867 0.352624
vt 0.642670 0.352676
vt 0.637246 0.309756
vt 0.643049 0.309808
vt 0.637626 0.266888
vt 0.643429 0.266939
vt 0.638005 0.224021
vt 0.643808 0.224072
vt 0.638384 0.181153
vt 0.644188 0.181204
vt 0.638764 0.138285
vt 0.644567 0.138336
vt 0.639143 0.095417
vt 0.644946 0.095468
vt 0.630206 0.824149
vt 0.630586 0.781281
vt 0.630965 0.738413
vt 0.631345 0.695546
vt 0.631724 0.652677
vt 0.632103 0.609810
vt 0.632483 0.566942
vt 0.632862 0.524074
vt 0.633241 0.481206
vt 0.633621 0.438338
vt 0.634000 0.395470
vt 0.634380 0.352602
vt 0.634759 0.309734
vt 0.635139 0.266866
vt 0.635518 0.223999
vt 0.635897 0.181131
vt 0.636277 0.138263
vt 0.636656 0.095395
vt 0.627719 0.824127
vt 0.628099 0.781259
vt 0.628478 0.738391
vt 0.628857 0.695524
vt 0.629237 0.652655
vt 0.629616 0.609788
vt 0.629996 0.566920
vt 0.630375 0.524052
vt 0.630754 0.481184
vt 0.631134 0.438316
vt 0.631513 0.395448
vt 0.631893 0.352580
vt 0.632272 0.309712
vt 0.632652 0.266844
vt 0.633031 0.223977
vt 0.633410 0.181109
vt 0.633790 0.138241
vt 0.634169 0.095373
vt 0.621027 0.824068
vt 0.621406 0.781200
vt 0.621786 0.738332
vt 0.622165 0.695464
vt 0.622545 0.652596
vt 0.622924 0.609728
vt 0.623303 0.566861
vt 0.623683 0.523993
vt 0.624062 0.481125
vt 0.624442 0.438257
vt 0.624821 0.395389
vt 0.625201 0.352521
vt 0.625580 0.309653
vt 0.625959 0.266785
vt 0.626339 0.223917
vt 0.626718 0.181050
vt 0.627097 0.138181
vt 0.627477 0.095313
vt 0.615434 0.824018
vt 0.615813 0.781151
vt 0.616193 0.738283
vt 0.616572 0.695415
vt 0.616952 0.652547
vt 0.617331 0.609679
vt 0.617710 0.566812
vt 0.618090 0.523943
vt 0.618469 0.481075
vt 0.618849 0.438207
vt 0.619228 0.395340
vt 0.619607 0.352472
vt 0.619987 0.309604
vt 0.620366 0.266735
vt 0.620746 0.223868
vt 0.621125 0.181000
vt 0.621504 0.138132
vt 0.621884 0.095264
vt 0.608868 0.823960
vt 0.609247 0.781093
vt 0.609626 0.738224
vt 0.610006 0.695357
vt 0.610385 0.652489
vt 0.610765 0.609621
vt 0.611144 0.566753
vt 0.611523 0.523885
vt 0.611903 0.481017
vt 0.612282 0.438149
vt 0.612662 0.395282
vt 0.613041 0.352413
vt 0.613420 0.309545
vt 0.613800 0.266677
vt 0.614179 0.223810
vt 0.614559 0.180942
vt 0.614938 0.138074
vt 0.615317 0.095206
vt 0.603055 0.823909
vt 0.603435 0.781041
vt 0.603814 0.738173
vt 0.604193 0.695306
vt 0.604573 0.652437
vt 0.604952 0.609569
vt 0.605331 0.566702
vt 0.605711 0.523834
vt 0.606090 0.480966
vt 0.606470 0.438098
vt 0.606849 0.395230
vt 0.607229 0.352362
vt 0.607608 0.309494
vt 0.607987 0.266626
vt 0.608367 0.223758
vt 0.608746 0.180891
vt 0.609125 0.138022
vt 0.609505 0.095154
vt 0.596593 0.823852
vt 0.596972 0.780984
vt 0.597352 0.738116
vt 0.597731 0.695248
vt 0.598110 0.652380
vt 0.598490 0.609512
vt 0.598869 0.566645
vt 0.599249 0.523776
vt 0.599628 0.480909
vt 0.600007 0.438040
vt 0.600387 0.395173
vt 0.600766 0.352305
vt 0.601146 0.309437
vt 0.601525 0.266569
vt 0.601905 0.223701
vt 0.602284 0.180833
vt 0.602663 0.137965
vt 0.603043 0.095097
vt 0.594105 0.823830
vt 0.594485 0.780962
vt 0.594864 0.738094
vt 0.595244 0.695226
vt 0.595623 0.652358
vt 0.596003 0.609490
vt 0.596382 0.566623
vt 0.596762 0.523754
vt 0.597141 0.480887
vt 0.597520 0.438018
vt 0.597900 0.395151
vt 0.598279 0.352283
vt 0.598659 0.309415
vt 0.599038 0.266547
vt 0.599417 0.223679
vt 0.599797 0.180811
vt 0.600176 0.137943
vt 0.600556 0.095075
vt 0.590769 0.823800
vt 0.591148 0.780932
vt 0.591528 0.738064
vt 0.591907 0.695197
vt 0.592287 0.652328
vt 0.592666 0.609461
vt 0.593045 0.566593
vt 0.593425 0.523725
vt 0.593804 0.480857
vt 0.594184 0.437989
vt 0.594563 0.395121
vt 0.594943 0.352253
vt 0.595322 0.309385
vt 0.595701 0.266517
vt 0.596081 0.223650
vt 0.596460 0.180782
vt 0.596839 0.137913
vt 0.597219 0.095046
vt 0.587873 0.823775
vt 0.588253 0.780907
vt 0.588632 0.738038
vt 0.589012 0.695171
vt 0.589391 0.652303
vt 0.589770 0.609435
vt 0.590150 0.566568
vt 0.590529 0.523699
vt 0.590909 0.480832
vt 0.591288 0.437963
vt 0.591667 0.395096
vt 0.592047 0.352228
vt 0.592426 0.309360
vt 0.592806 0.266491
vt 0.593185 0.223624
vt 0.593565 0.180756
vt 0.593944 0.137888
vt 0.594323 0.095020
vt 0.583728 0.823738
vt 0.584107 0.780870
vt 0.584487 0.738002
vt 0.584866 0.695134
vt 0.585246 0.652266
vt 0.585625 0.609398
vt 0.586005 0.566531
vt 0.586384 0.523663
vt 0.586763 0.480795
vt 0.587143 0.437927
vt 0.587522 0.395059
vt 0.587902 0.352191
vt 0.588281 0.309323
vt 0.588660 0.266455
vt 0.589040 0.223587
vt 0.589419 0.180719
vt 0.589799 0.137851
vt 0.590178 0.094983
vt 0.732432 0.817064
vt 0.732056 0.774609
vt 0.731679 0.732154
vt 0.731303 0.689700
vt 0.730927 0.647245
vt 0.730551 0.604790
vt 0.730174 0.562335
vt 0.729798 0.519880
vt 0.729422 0.477425
vt 0.729046 0.434970
vt 0.728669 0.392516
vt 0.728293 0.350061
vt 0.727917 0.307606
vt 0.727540 0.265151
vt 0.727164 0.222697
vt 0.726788 0.180242
vt 0.726412 0.137787
vt 0.726035 0.095332
vt 0.729969 0.817086
vt 0.729593 0.774631
vt 0.729216 0.732176
vt 0.728840 0.689721
vt 0.728464 0.647266
vt 0.728087 0.604811
vt 0.727711 0.562357
vt 0.727335 0.519902
vt 0.726959 0.477447
vt 0.726582 0.434992
vt 0.726206 0.392538
vt 0.725830 0.350083
vt 0.725454 0.307628
vt 0.725077 0.265173
vt 0.724701 0.222719
vt 0.724325 0.180264
vt 0.723948 0.137809
vt 0.723572 0.095354
vt 0.727506 0.817107
vt 0.727130 0.774653
vt 0.726753 0.732198
vt 0.726377 0.689743
vt 0.726001 0.647288
vt 0.725624 0.604833
vt 0.725248 0.562379
vt 0.724872 0.519924
vt 0.724496 0.477469
vt 0.724119 0.435014
vt 0.723743 0.392560
vt 0.723367 0.350105
vt 0.722991 0.307650
vt 0.722614 0.265195
vt 0.722238 0.222740
vt 0.721862 0.180286
vt 0.721485 0.137830
vt 0.721109 0.095376
vt 0.720878 0.817166
vt 0.720502 0.774711
vt 0.720126 0.732256
vt 0.719750 0.689802
vt 0.719373 0.647347
vt 0.718997 0.604892
vt 0.718621 0.562438
vt 0.718245 0.519983
vt 0.717868 0.477528
vt 0.717492 0.435073
vt 0.717116 0.392618
vt 0.716739 0.350163
vt 0.716363 0.307709
vt 0.715987 0.265253
vt 0.715611 0.222799
vt 0.715234 0.180344
vt 0.714858 0.137889
vt 0.714482 0.095434
vt 0.715339 0.817215
vt 0.714963 0.774761
vt 0.714586 0.732305
vt 0.714210 0.689851
vt 0.713834 0.647396
vt 0.713458 0.604941
vt 0.713081 0.562487
vt 0.712705 0.520032
vt 0.712329 0.477577
vt 0.711953 0.435122
vt 0.711576 0.392668
vt 0.711200 0.350212
vt 0.710824 0.307758
vt 0.710447 0.265303
vt 0.710071 0.222848
vt 0.709695 0.180393
vt 0.709319 0.137938
vt 0.708942 0.095484
vt 0.708836 0.817273
vt 0.708460 0.774818
vt 0.708083 0.732363
vt 0.707707 0.689909
vt 0.707331 0.647454
vt 0.706955 0.604999
vt 0.706578 0.562545
vt 0.706202 0.520089
vt 0.705826 0.477635
vt 0.705450 0.435180
vt 0.705073 0.392725
vt 0.704697 0.350270
vt 0.704321 0.307815
vt 0.703945 0.265360
vt 0.703568 0.222906
vt 0.703192 0.180451
vt 0.702816 0.137996
vt 0.702439 0.095541
vt 0.703080 0.817324
vt 0.702703 0.774869
vt 0.702327 0.732414
vt 0.701951 0.689960
vt 0.701574 0.647505
vt 0.701198 0.605050
vt 0.700822 0.562595
vt 0.700446 0.520140
vt 0.700069 0.477686
vt 0.699693 0.435230
vt 0.699317 0.392776
vt 0.698941 0.350321
vt 0.698564 0.307866
vt 0.698188 0.265411
vt 0.697812 0.222957
vt 0.697435 0.180502
vt 0.697059 0.138047
vt 0.696683 0.095592
vt 0.696679 0.817381
vt 0.696303 0.774926
vt 0.695927 0.732471
vt 0.695551 0.690017
vt 0.695175 0.647561
vt 0.694798 0.605107
vt 0.694422 0.562652
vt 0.694046 0.520197
vt 0.693669 0.477742
vt 0.693293 0.435287
vt 0.692917 0.392833
vt 0.692541 0.350378
vt 0.692164 0.307923
vt 0.691788 0.265468
vt 0.691412 0.223014
vt 0.691036 0.180559
vt 0.690659 0.138104
vt 0.690283 0.095649
vt 0.694216 0.817402
vt 0.693840 0.774948
vt 0.693464 0.732493
vt 0.693088 0.690038
vt 0.692711 0.647583
vt 0.692335 0.605128
vt 0.691959 0.562674
vt 0.691583 0.520219
vt 0.691206 0.477764
vt 0.690830 0.435309
vt 0.690454 0.392855
vt 0.690078 0.350400
vt 0.689701 0.307945
vt 0.689325 0.265490
vt 0.688949 0.223035
vt 0.688573 0.180581
vt 0.688196 0.138125
vt 0.687820 0.095671
vt 0.690911 0.817432
vt 0.690535 0.774977
vt 0.690159 0.732522
vt 0.689783 0.690068
vt 0.689407 0.647612
vt 0.689030 0.605158
vt 0.688654 0.562703
vt 0.688278 0.520248
vt 0.687901 0.477794
vt 0.687525 0.435338
vt 0.687149 0.392884
vt 0.686773 0.350429
vt 0.686396 0.307974
vt 0.686020 0.265519
vt 0.685644 0.223065
vt 0.685268 0.180610
vt 0.684891 0.138155
vt 0.684515 0.095700
vt 0.688044 0.817457
vt 0.687668 0.775002
vt 0.687291 0.732547
vt 0.686915 0.690093
vt 0.686539 0.647638
vt 0.686162 0.605183
vt 0.685786 0.562729
vt 0.685410 0.520274
vt 0.685034 0.477819
vt 0.684658 0.435364
vt 0.684281 0.392909
vt 0.683905 0.350454
vt 0.683529 0.307999
vt 0.683152 0.265544
vt 0.682776 0.223090
vt 0.682400 0.180635
vt 0.682024 0.138180
vt 0.681647 0.095725
vt 0.683939 0.817494
vt 0.683563 0.775039
vt 0.683186 0.732584
vt 0.682810 0.690129
vt 0.682434 0.647674
vt 0.682057 0.605219
vt 0.681681 0.562765
vt 0.681305 0.520310
vt 0.680929 0.477855
vt 0.680552 0.435400
vt 0.680176 0.392946
vt 0.679800 0.350491
vt 0.679424 0.308036
vt 0.679047 0.265581
vt 0.678671 0.223127
vt 0.678295 0.180672
vt 0.677919 0.138217
vt 0.677542 0.095762
vt 0.989953 0.662425
vt 0.842041 0.663710
vt 0.841745 0.629642
vt 0.989657 0.628358
vt 0.841449 0.595575
vt 0.989361 0.594290
vt 0.841153 0.561508
vt 0.989065 0.560223
vt 0.840857 0.527440
vt 0.988769 0.526156
vt 0.840561 0.493373
vt 0.988473 0.492088
vt 0.840265 0.459306
vt 0.988177 0.458021
vt 0.839970 0.425238
vt 0.987881 0.423954
vt 0.839674 0.391171
vt 0.987586 0.389887
vt 0.839378 0.357104
vt 0.987290 0.355819
vt 0.839082 0.323037
vt 0.986994 0.321752
vt 0.838786 0.288969
vt 0.986698 0.287685
vt 0.838490 0.254902
vt 0.986402 0.253617
vt 0.838194 0.220834
vt 0.986106 0.219550
vt 0.837898 0.186767
vt 0.985811 0.185483
vt 0.837602 0.152700
vt 0.985515 0.151415
vt 0.837307 0.118632
vt 0.985219 0.117348
vt 0.837011 0.084565
vt 0.984923 0.083280
vt 0.581184 0.823715
vt 0.581563 0.780848
vt 0.581942 0.737979
vt 0.582322 0.695112
vt 0.582701 0.652244
vt 0.583081 0.609376
vt 0.583460 0.566508
vt 0.583839 0.523640
vt 0.584219 0.480772
vt 0.584598 0.437904
vt 0.584978 0.395037
vt 0.585357 0.352168
vt 0.585737 0.309301
vt 0.586116 0.266433
vt 0.586495 0.223565
vt 0.586875 0.180697
vt 0.587254 0.137829
vt 0.587633 0.094961
vt 0.674347 0.817579
vt 0.673971 0.775124
vt 0.673595 0.732669
vt 0.673218 0.690214
vt 0.672842 0.647759
vt 0.672466 0.605304
vt 0.672090 0.562850
vt 0.671713 0.520395
vt 0.671337 0.477940
vt 0.670961 0.435485
vt 0.670584 0.393031
vt 0.670208 0.350576
vt 0.669832 0.308121
vt 0.669456 0.265666
vt 0.669079 0.223211
vt 0.668703 0.180757
vt 0.668327 0.138302
vt 0.667951 0.095847
vt 0.648225 0.824309
vt 0.648605 0.781441
vt 0.648984 0.738573
vt 0.649364 0.695705
vt 0.649743 0.652837
vt 0.650122 0.609969
vt 0.650502 0.567102
vt 0.650881 0.524234
vt 0.651260 0.481366
vt 0.651640 0.438497
vt 0.652019 0.395630
vt 0.652399 0.352762
vt 0.652778 0.309894
vt 0.653157 0.267026
vt 0.653537 0.224158
vt 0.653916 0.181290
vt 0.654296 0.138422
vt 0.654675 0.095554
vt 0.550151 0.926733
vt 0.547671 0.928210
vt 0.546874 0.928531
vt 0.548135 0.927798
vt 0.546240 0.928295
vt 0.546865 0.927307
vt 0.546246 0.925085
vt 0.545618 0.927351
vt 0.545552 0.928592
vt 0.544226 0.927991
vt 0.542100 0.927072
vt 0.544683 0.928336
vt 0.237208 0.652913
vt 0.240635 0.655185
vt 0.242593 0.658700
vt 0.242600 0.662629
vt 0.259742 0.663319
vt 0.265343 0.665357
vt 0.266333 0.667706
vt 0.263508 0.666999
vt 0.267034 0.669860
vt 0.265245 0.671662
vt 0.264832 0.676160
vt 0.267353 0.672119
vt 0.268898 0.668304
vt 0.271318 0.668782
vt 0.275702 0.666944
vt 0.271165 0.666832
vt 0.241919 0.654602
vt 0.243218 0.655950
vt 0.244159 0.657576
vt 0.244805 0.659625
vt 0.245698 0.657019
vt 0.248157 0.658427
vt 0.252110 0.659324
vt 0.247370 0.656936
vt 0.754393 0.779024
vt 0.756514 0.822329
vt 0.754462 0.735807
vt 0.754602 0.693043
vt 0.754605 0.650427
vt 0.754566 0.607827
vt 0.754523 0.565225
vt 0.754481 0.522622
vt 0.754441 0.480018
vt 0.754401 0.437413
vt 0.754360 0.394810
vt 0.754320 0.352205
vt 0.754280 0.309601
vt 0.754241 0.266997
vt 0.754202 0.224397
vt 0.754152 0.181804
vt 0.754044 0.139207
vt 0.753802 0.096442
vt 0.753821 0.053059
vt 0.756344 0.009290
vt 0.182918 0.637672
vt 0.184830 0.637029
vt 0.181244 0.638602
vt 0.179621 0.640003
vt 0.177886 0.636424
vt 0.180457 0.636972
vt 0.174444 0.634057
vt 0.179364 0.635450
vt 0.122560 0.623032
vt 0.127653 0.623411
vt 0.131333 0.626131
vt 0.132799 0.630701
vt 0.166012 0.631284
vt 0.162132 0.631183
vt 0.159724 0.630144
vt 0.161520 0.629562
vt 0.159131 0.632896
vt 0.158299 0.630970
vt 0.157705 0.635951
vt 0.157052 0.632207
vt 0.154630 0.628684
vt 0.157194 0.629321
vt 0.150910 0.626278
vt 0.155830 0.627735
vt 0.143494 0.623496
vt 0.138024 0.623511
vt 0.134894 0.621512
vt 0.137771 0.620394
vt 0.134335 0.626140
vt 0.132745 0.623451
vt 0.130340 0.621538
vt 0.127313 0.620578
vt 0.130262 0.616321
vt 0.132269 0.619038
vt 0.130743 0.611275
vt 0.133090 0.615934
vt 0.129654 0.591548
vt 0.130611 0.593129
vt 0.128245 0.590337
vt 0.126522 0.589579
vt 0.128518 0.587323
vt 0.129468 0.588870
vt 0.130798 0.589886
vt 0.132433 0.590290
vt 0.214628 0.523964
vt 0.229048 0.509337
vt 0.227107 0.516326
vt 0.221903 0.521573
vt 0.190050 0.558731
vt 0.190743 0.560173
vt 0.188967 0.557554
vt 0.187625 0.556758
vt 0.189300 0.555045
vt 0.189966 0.556583
vt 0.189965 0.552678
vt 0.190604 0.555313
vt 0.192218 0.557712
vt 0.190978 0.557989
vt 0.194437 0.559316
vt 0.192231 0.559138
vt 0.208913 0.565050
vt 0.211720 0.565238
vt 0.213617 0.565594
vt 0.212575 0.565986
vt 0.213418 0.563814
vt 0.214415 0.564965
vt 0.213835 0.561091
vt 0.215062 0.563804
vt 0.217336 0.565254
vt 0.215483 0.565577
vt 0.220276 0.565113
vt 0.216724 0.565944
vt 0.231042 0.536614
vt 0.228116 0.529905
vt 0.228168 0.525336
vt 0.230513 0.527974
vt 0.222207 0.525409
vt 0.225442 0.523249
vt 0.227840 0.520811
vt 0.229761 0.517900
vt 0.236647 0.487153
vt 0.241143 0.487451
vt 0.244077 0.488676
vt 0.242247 0.489030
vt 0.244698 0.484987
vt 0.245720 0.487610
vt 0.247028 0.489421
vt 0.248730 0.490655
vt 0.278423 0.493982
vt 0.283224 0.492928
vt 0.286353 0.493550
vt 0.284307 0.494631
vt 0.286960 0.489584
vt 0.288099 0.492043
vt 0.289508 0.493914
vt 0.291260 0.495428
vt 0.313403 0.400448
vt 0.314295 0.402444
vt 0.312031 0.398765
vt 0.310247 0.397560
vt 0.312736 0.395390
vt 0.313519 0.397417
vt 0.314836 0.399121
vt 0.316581 0.400349
vt 0.522163 0.925572
vt 0.519632 0.917869
vt 0.521606 0.914367
vt 0.523833 0.919175
vt 0.513787 0.912303
vt 0.518096 0.910418
vt 0.521377 0.907420
vt 0.523438 0.903416
vt 0.528020 0.912914
vt 0.524375 0.912704
vt 0.534002 0.920129
vt 0.527994 0.917333
vt 0.473504 0.911054
vt 0.472632 0.911768
vt 0.474193 0.910144
vt 0.474633 0.909124
vt 0.475838 0.910281
vt 0.474928 0.910812
vt 0.477450 0.910734
vt 0.475849 0.911232
vt 0.474671 0.912428
vt 0.474200 0.911602
vt 0.474189 0.914064
vt 0.473719 0.912579
vt 0.496375 0.939837
vt 0.494126 0.941453
vt 0.498257 0.937816
vt 0.499899 0.935186
vt 0.503980 0.939906
vt 0.500146 0.939982
vt 0.509564 0.942354
vt 0.502382 0.941758
vt 0.385199 0.505966
vt 0.384109 0.503407
vt 0.387140 0.507699
vt 0.390543 0.508756
vt 0.388522 0.514933
vt 0.386364 0.510651
vt 0.391143 0.521405
vt 0.386693 0.513760
vt 0.363648 0.410796
vt 0.367545 0.412216
vt 0.369720 0.414796
vt 0.367511 0.414997
vt 0.370357 0.410908
vt 0.371434 0.413458
vt 0.373105 0.415089
vt 0.371473 0.417738
vt 0.370560 0.420692
vt 0.400144 0.624824
vt 0.399385 0.621943
vt 0.402393 0.626896
vt 0.400354 0.628797
vt 0.399265 0.631214
vt 0.393642 0.629858
vt 0.397317 0.627492
vt 0.386259 0.631087
vt 0.394058 0.626881
vt 0.402932 0.591043
vt 0.404399 0.594315
vt 0.404253 0.596553
vt 0.403166 0.595032
vt 0.407278 0.596887
vt 0.405595 0.597795
vt 0.410859 0.598030
vt 0.407268 0.598904
vt 0.404414 0.601322
vt 0.404269 0.598891
vt 0.402949 0.604818
vt 0.403167 0.600219
vt 0.102261 0.880929
vt 0.105578 0.879196
vt 0.099849 0.883628
vt 0.098295 0.887090
vt 0.094275 0.883121
vt 0.097405 0.881092
vt 0.099694 0.878208
vt 0.100949 0.874570
vt 0.200714 0.800632
vt 0.204604 0.807313
vt 0.202460 0.805565
vt 0.201060 0.803138
vt 0.147832 0.750988
vt 0.149999 0.757899
vt 0.148434 0.756042
vt 0.147633 0.753513
vt 0.235295 0.814720
vt 0.240678 0.812385
vt 0.244418 0.812118
vt 0.242385 0.813923
vt 0.244029 0.808000
vt 0.245976 0.810089
vt 0.248106 0.811495
vt 0.250606 0.812516
vt 0.310805 0.796773
vt 0.308643 0.799947
vt 0.312159 0.793161
vt 0.315468 0.794474
vt 0.319181 0.794809
vt 0.316382 0.799690
vt 0.313853 0.797713
vt 0.316350 0.805124
vt 0.313469 0.801281
vt 0.195437 0.805868
vt 0.197837 0.804827
vt 0.199358 0.805064
vt 0.198271 0.805857
vt 0.199756 0.802930
vt 0.200256 0.804175
vt 0.200894 0.805306
vt 0.201693 0.806414
vt 0.178728 0.803765
vt 0.182591 0.807931
vt 0.180192 0.807651
vt 0.178783 0.806119
vt 0.388276 0.877622
vt 0.389147 0.881384
vt 0.388080 0.882996
vt 0.387188 0.880552
vt 0.391654 0.884290
vt 0.389586 0.885022
vt 0.395337 0.885713
vt 0.391562 0.886474
vt 0.388810 0.888936
vt 0.387994 0.886349
vt 0.386662 0.883851
vt 0.385017 0.881687
vt 0.385608 0.851861
vt 0.383286 0.852669
vt 0.387274 0.850260
vt 0.388225 0.847946
vt 0.391874 0.850881
vt 0.389549 0.852229
vt 0.387831 0.854212
vt 0.386988 0.856789
vt 0.305720 0.885286
vt 0.307976 0.884757
vt 0.303851 0.886652
vt 0.302127 0.889041
vt 0.297691 0.884535
vt 0.301762 0.884606
vt 0.291681 0.882717
vt 0.299281 0.883295
vt 0.202905 0.889581
vt 0.204683 0.887747
vt 0.201481 0.891602
vt 0.200287 0.894075
vt 0.197212 0.889719
vt 0.200073 0.889607
vt 0.192778 0.887384
vt 0.198334 0.887775
vt 0.143740 0.886426
vt 0.145822 0.884521
vt 0.141958 0.888667
vt 0.140326 0.891366
vt 0.137032 0.886868
vt 0.140444 0.886604
vt 0.132203 0.884473
vt 0.138603 0.884886
vt 0.235746 0.562054
vt 0.185197 0.581244
vt 0.190461 0.574923
vt 0.189799 0.577774
vt 0.187877 0.580084
vt 0.567936 0.906923
vt 0.564551 0.912030
vt 0.570624 0.894350
vt 0.570153 0.900471
vt 0.546282 0.871564
vt 0.570287 0.870271
vt 0.521237 0.871273
vt 0.497951 0.910402
vt 0.522985 0.945807
vt 0.474564 0.943916
vt 0.449623 0.918270
vt 0.375570 0.631675
vt 0.404108 0.655874
vt 0.375650 0.370549
vt 0.316458 0.366187
vt 0.308395 0.497595
vt 0.267981 0.492934
vt 0.223302 0.816281
vt 0.239954 0.777662
vt 0.299259 0.764280
vt 0.319664 0.755234
vt 0.319308 0.828168
vt 0.365443 0.846006
vt 0.408326 0.851403
vt 0.409616 0.886868
vt 0.122066 0.882668
s 1
f 236/1/1 740/2/1 35/3/1 7/4/1
f 307/5/1 235/6/1 4/7/1 10/8/1
f 271/9/2 8/10/2 36/11/2 541/12/2
f 793/13/1 289/14/1 3/15/1 63/16/1
f 307/5/1 10/8/1 21/17/1 308/18/1
f 308/18/3 21/17/3 20/19/3 326/20/3
f 326/20/4 20/19/4 19/21/4 344/22/4
f 344/22/5 19/21/5 18/23/5 362/24/5
f 362/24/6 18/23/6 17/25/6 380/26/6
f 380/26/7 17/25/7 16/27/8 398/28/8
f 398/28/8 16/27/8 15/29/9 416/30/9
f 416/30/9 15/29/9 14/31/10 434/32/10
f 434/32/11 14/31/11 13/33/11 452/34/11
f 452/34/5 13/33/5 12/35/5 470/36/5
f 470/36/1 12/35/1 11/37/1 488/38/1
f 488/38/12 11/37/12 9/39/5 506/40/5
f 541/12/2 36/11/2 47/41/2 542/42/2
f 542/42/13 47/41/14 46/43/14 560/44/13
f 560/44/15 46/43/15 45/45/15 578/46/15
f 578/46/1 45/45/1 44/47/1 596/48/1
f 596/48/16 44/47/16 43/49/16 614/50/16
f 614/50/17 43/49/17 42/51/18 632/52/18
f 632/52/18 42/51/18 41/53/19 650/54/19
f 650/54/19 41/53/19 40/55/20 668/56/20
f 668/56/21 40/55/21 39/57/21 686/58/21
f 686/58/1 39/57/1 38/59/1 704/60/1
f 704/60/2 38/59/2 37/61/2 722/62/2
f 722/62/1 37/61/1 35/3/1 740/2/1
f 272/63/22 2/64/22 49/65/22 523/66/22
f 2060/67/1 775/68/1 64/69/1 146/70/1
f 758/71/5 61/72/5 66/73/23 865/74/24
f 811/75/25 920/76/26 73/77/27 78/78/28
f 66/73/29 69/79/29 71/80/29 68/81/29
f 68/81/30 71/80/30 72/82/31 67/83/32
f 67/83/32 72/82/31 70/84/33 65/85/34
f 74/86/35 77/87/35 79/88/36 76/89/36
f 76/89/36 79/88/36 80/90/37 75/91/37
f 75/91/38 80/90/39 78/78/28 73/77/27
f 811/75/25 78/78/28 80/90/39 812/92/40
f 812/92/40 80/90/39 79/88/41 830/93/41
f 830/93/42 79/88/42 77/87/43 848/94/44
f 883/95/45 74/86/46 76/89/47 884/96/48
f 884/96/48 76/89/49 75/91/38 902/97/50
f 902/97/50 75/91/38 73/77/27 920/76/26
f 956/98/1 1460/99/1 142/100/1 85/101/1
f 1027/102/51 93/103/51 84/104/51 955/105/51
f 991/106/2 88/107/2 119/108/2 1261/109/2
f 1513/110/51 144/111/51 90/112/51 1009/113/51
f 1027/102/51 1028/114/51 94/115/51 93/103/51
f 1028/114/52 1046/116/52 96/117/52 94/115/52
f 1046/116/53 1064/118/53 98/119/53 96/117/53
f 1064/118/2 1082/120/2 100/121/2 98/119/2
f 1082/120/54 1100/122/54 102/123/54 100/121/54
f 1100/122/55 1118/124/56 104/125/56 102/123/55
f 1118/124/56 1136/126/57 106/127/57 104/125/56
f 1136/126/57 1154/128/58 108/129/58 106/127/57
f 1154/128/59 1172/130/59 110/131/59 108/129/59
f 1172/130/2 1190/132/2 112/133/2 110/131/2
f 1190/132/51 1208/134/51 114/135/51 112/133/51
f 1208/134/2 1226/136/2 116/137/2 114/135/2
f 1261/109/2 119/108/2 120/138/2 1262/139/2
f 1262/139/14 120/138/14 122/140/14 1280/141/14
f 1280/141/15 122/140/15 124/142/15 1298/143/15
f 1298/143/1 124/142/1 126/144/1 1316/145/1
f 1316/145/16 126/144/16 128/146/16 1334/147/16
f 1334/147/60 128/146/60 130/148/61 1352/149/61
f 1352/149/61 130/148/61 132/150/19 1370/151/19
f 1370/151/19 132/150/19 134/152/62 1388/153/62
f 1388/153/21 134/152/21 136/154/21 1406/155/21
f 1406/155/1 136/154/1 138/156/1 1424/157/1
f 1424/157/2 138/156/2 140/158/2 1442/159/2
f 1442/159/1 140/158/1 142/100/1 1460/99/1
f 992/160/2 1243/161/2 115/162/2 82/163/2
f 1837/164/1 1495/165/1 87/166/1 182/167/1
f 61/72/63 143/168/63 145/169/63 66/73/63
f 991/170/1 1531/171/1 199/172/1 88/173/1
f 1531/171/1 1549/174/1 198/175/1 199/172/1
f 1549/174/1 1567/176/1 197/177/1 198/175/1
f 1567/176/1 1585/178/1 196/179/1 197/177/1
f 1585/178/1 1603/180/1 195/181/1 196/179/1
f 1603/180/1 1621/182/1 194/183/1 195/181/1
f 1621/182/1 1639/184/1 193/185/1 194/183/1
f 1639/184/1 1657/186/1 192/187/1 193/185/1
f 1657/186/1 1675/188/1 191/189/1 192/187/1
f 1675/188/1 1693/190/1 190/191/1 191/189/1
f 1693/190/1 1711/192/1 189/193/1 190/191/1
f 1711/192/1 1729/194/1 188/195/1 189/193/1
f 1729/194/1 1747/196/1 187/197/1 188/195/1
f 1747/196/1 1765/198/1 186/199/1 187/197/1
f 1765/198/1 1783/200/1 185/201/1 186/199/1
f 1783/200/1 1801/202/1 184/203/1 185/201/1
f 1801/202/1 1819/204/1 183/205/1 184/203/1
f 1819/204/1 1837/164/1 182/167/1 183/205/1
f 271/206/1 1838/207/1 163/208/1 8/209/1
f 1838/207/1 1856/210/1 162/211/1 163/208/1
f 1856/210/1 1874/212/1 161/213/1 162/211/1
f 1874/212/1 1892/214/1 160/215/1 161/213/1
f 1892/214/1 1909/216/1 159/217/1 160/215/1
f 1909/216/1 1920/218/1 158/219/1 159/217/1
f 1920/218/1 1932/220/1 157/221/1 158/219/1
f 1932/220/1 1945/222/1 156/223/1 157/221/1
f 1945/222/1 1958/224/1 155/225/1 156/223/1
f 1958/224/1 1970/226/1 154/227/1 155/225/1
f 1970/226/1 1982/228/1 153/229/1 154/227/1
f 1982/228/1 1993/230/1 152/231/1 153/229/1
f 1993/230/1 2003/232/1 151/233/1 152/231/1
f 2003/232/1 2014/234/1 150/235/1 151/233/1
f 2014/234/1 2025/236/1 149/237/1 150/235/1
f 2025/236/1 2035/238/1 148/239/1 149/237/1
f 2035/238/1 2046/240/1 147/241/1 148/239/1
f 2046/240/1 2060/67/1 146/70/1 147/241/1
f 2311/242/64 2322/243/65 2318/244/66 2310/245/67
f 2059/246/68 2074/247/69 2073/248/70 2058/249/71
f 2296/250/72 2297/251/73 2303/252/74 2299/253/75
f 2057/254/76 2071/255/77 2070/256/78 2056/257/79
f 2324/258/80 2325/259/81 2332/260/82 2328/261/83
f 2326/262/84 2335/263/85 2331/264/86 2325/259/81
f 2052/265/87 2064/266/88 2063/267/89 2051/268/90
f 2051/268/90 2063/267/89 2062/269/91 2050/270/92
f 2435/271/93 2446/272/94 2442/273/95 2434/274/96
f 2047/275/97 2061/276/98 2060/67/1 2046/240/1
f 2309/277/99 2310/245/67 2319/278/100 2315/279/101
f 2043/280/102 2055/281/103 2054/282/103 2042/283/104
f 2042/283/104 2054/282/105 2053/284/105 2041/285/106
f 2039/286/107 2051/268/90 2050/270/92 2038/287/107
f 2037/288/108 2048/289/109 2047/275/97 2036/290/110
f 2036/290/110 2047/275/97 2046/240/1 2035/238/1
f 178/291/111 179/292/112 2045/293/113 2034/294/114
f 2032/295/115 2043/280/102 2042/283/104 2031/296/116
f 2031/296/116 2042/283/104 2041/285/106 2030/297/117
f 2030/297/117 2041/285/106 2040/298/118 2029/299/119
f 2388/300/120 2389/301/121 2396/302/122 2392/303/123
f 2027/304/124 2037/288/108 2036/290/110 2026/305/125
f 2026/305/125 2036/290/110 2035/238/1 2025/236/1
f 2237/306/126 2244/307/127 2240/308/128 2236/309/129
f 2269/310/130 2276/311/131 2272/312/132 2268/313/133
f 2020/314/134 2032/295/115 2031/296/116 2019/315/135
f 2019/315/135 2031/296/116 2030/297/117 2018/316/136
f 2018/316/136 2030/297/117 2029/299/119 2017/317/137
f 2389/301/121 2390/318/138 2399/319/139 2395/320/140
f 2015/321/141 2026/305/125 2025/236/1 2014/234/1
f 2238/322/142 2239/323/143 2250/324/144 2246/325/145
f 2012/326/146 2024/327/147 2023/328/148 2011/329/149
f 2254/330/150 2263/331/151 2259/332/152 2253/333/153
f 2008/334/154 2018/316/136 2017/317/137 2007/335/155
f 2007/336/155 2017/337/137 2016/338/156 2006/339/157
f 2449/340/158 2455/341/159 2451/342/160 2448/343/161
f 2004/344/162 2015/321/141 2014/234/1 2003/232/1
f 175/345/1 176/346/163 2013/347/164 2002/348/1
f 2002/348/1 2013/347/164 2012/326/146 2001/349/1
f 2001/349/1 2012/326/146 2011/329/149 2000/350/165
f 2225/351/166 2226/352/167 2234/353/168 2230/354/169
f 1995/355/170 2005/356/171 2004/344/162 1994/357/172
f 1994/357/172 2004/344/162 2003/232/1 1993/230/1
f 174/358/1 175/345/1 2002/348/1 1992/359/1
f 1992/359/1 2002/348/1 2001/349/1 1991/360/1
f 1991/360/1 2001/349/1 2000/350/165 1990/361/173
f 2285/362/174 2291/363/175 2287/364/176 2284/365/177
f 1989/366/178 1998/367/179 1997/368/180 1988/369/181
f 2377/370/182 2378/371/183 2386/372/184 2382/373/185
f 1984/374/186 1995/355/170 1994/357/172 1983/375/187
f 1983/375/187 1994/357/172 1993/230/1 1982/228/1
f 173/376/1 174/358/1 1992/359/1 1981/377/1
f 1981/377/1 1992/359/1 1991/360/1 1980/378/1
f 1980/378/1 1991/360/1 1990/361/173 1979/379/188
f 2213/380/189 2214/381/190 2222/382/191 2218/383/192
f 1976/384/193 1989/366/178 1988/369/181 1975/385/194
f 1975/385/194 1988/369/181 1987/386/195 1974/387/196
f 1974/387/196 1987/386/195 1986/388/197 1973/389/198
f 1972/390/199 1984/374/186 1983/375/187 1971/391/200
f 1971/391/200 1983/375/187 1982/228/1 1970/226/1
f 172/392/1 173/376/1 1981/377/1 1969/393/1
f 1969/393/1 1981/377/1 1980/378/1 1968/394/1
f 1968/394/1 1980/378/1 1979/379/188 1967/395/201
f 1967/395/201 1979/379/188 1978/396/202 1966/397/203
f 1963/398/204 1976/384/193 1975/385/194 1962/399/1
f 1962/399/1 1975/385/194 1974/387/196 1961/400/1
f 1961/400/1 1974/387/196 1973/389/198 1960/401/205
f 1959/402/206 1971/391/200 1970/226/1 1958/224/1
f 171/403/1 172/392/1 1969/393/1 1957/404/1
f 1957/404/1 1969/393/1 1968/394/1 1956/405/1
f 1956/405/1 1968/394/1 1967/395/201 1955/406/1
f 1955/406/1 1967/395/201 1966/397/203 1954/407/1
f 1954/407/1 1966/397/203 1965/408/207 1953/409/208
f 1952/410/209 1964/411/210 1963/398/204 1951/412/211
f 1951/412/211 1963/398/204 1962/399/1 1950/413/1
f 1950/413/1 1962/399/1 1961/400/1 1949/414/212
f 1949/414/212 1961/400/1 1960/401/205 1948/415/213
f 2461/416/214 2467/417/215 2463/418/216 2460/419/217
f 1946/420/218 1959/402/206 1958/224/1 1945/222/1
f 170/421/1 171/403/1 1957/404/1 1944/422/1
f 1944/422/1 1957/404/1 1956/405/1 1943/423/1
f 1943/423/1 1956/405/1 1955/406/1 1942/424/1
f 1942/424/1 1955/406/1 1954/407/1 1941/425/1
f 1941/425/1 1954/407/1 1953/409/208 1940/426/1
f 2173/427/219 2180/428/220 2176/429/221 2172/430/222
f 1937/431/223 1951/412/211 1950/413/1 1936/432/224
f 1936/432/224 1950/413/1 1949/414/212 1935/433/225
f 1934/434/226 1947/435/227 1946/420/218 1933/436/228
f 1933/436/228 1946/420/218 1945/222/1 1932/220/1
f 169/437/1 170/421/1 1944/422/1 1931/438/1
f 1931/438/1 1944/422/1 1943/423/1 1930/439/1
f 1930/439/1 1943/423/1 1942/424/1 1929/440/1
f 1929/440/1 1942/424/1 1941/425/1 1928/441/1
f 1928/441/1 1941/425/1 1940/426/1 1927/442/1
f 1927/442/1 1940/426/1 1939/443/229 1926/444/230
f 1926/444/230 1939/443/229 1938/445/231 1925/446/232
f 2113/447/233 2119/448/234 2115/449/235 2112/450/236
f 1924/451/237 1937/431/223 1936/432/224 1923/452/238
f 1923/452/238 1936/432/224 1935/433/225 1922/453/239
f 1921/454/240 1933/436/228 1932/220/1 1920/218/1
f 168/455/1 169/437/1 1931/438/1 1919/456/1
f 1919/456/1 1931/438/1 1930/439/1 1918/457/1
f 1918/457/1 1930/439/1 1929/440/1 1917/458/1
f 1917/458/1 1929/440/1 1928/441/1 1916/459/1
f 1916/459/1 1928/441/1 1927/442/1 1915/460/1
f 1915/460/1 1927/442/1 1926/444/230 1914/461/241
f 1913/462/242 1923/452/238 1922/453/239 1912/463/242
f 2473/464/243 2479/465/244 2475/466/245 2472/467/246
f 1910/468/247 1921/454/240 1920/218/1 1909/216/1
f 167/469/1 168/455/1 1919/456/1 1908/470/1
f 1908/470/1 1919/456/1 1918/457/1 1907/471/1
f 1907/471/1 1918/457/1 1917/458/1 1906/472/1
f 1906/472/1 1917/458/1 1916/459/1 1905/473/1
f 1905/473/1 1916/459/1 1915/460/1 1904/474/1
f 1904/474/1 1915/460/1 1914/461/241 1903/475/248
f 2153/476/249 2160/477/250 2156/478/251 2152/479/252
f 2154/480/253 2155/481/254 2166/482/255 2162/483/256
f 2354/484/257 2355/485/258 2366/486/259 2362/487/260
f 1893/488/261 1910/468/247 1909/216/1 1892/214/1
f 166/489/1 167/469/1 1908/470/1 1891/490/1
f 1891/490/1 1908/470/1 1907/471/1 1890/491/1
f 1890/491/1 1907/471/1 1906/472/1 1889/492/1
f 1889/492/1 1906/472/1 1905/473/1 1888/493/1
f 1888/493/1 1905/473/1 1904/474/1 1887/494/1
f 1887/494/1 1904/474/1 1903/475/248 1886/495/1
f 1886/495/1 1903/475/248 1902/496/262 1885/497/1
f 1885/497/1 1902/496/262 1901/498/263 1884/499/1
f 1884/499/1 1901/498/263 1900/500/264 1883/501/265
f 1883/501/265 1900/500/264 1899/502/266 1882/503/267
f 1881/504/268 1898/505/269 1897/506/270 1880/507/271
f 1880/507/271 1897/506/270 1896/508/272 1879/509/273
f 1879/509/273 1896/508/272 1895/510/274 1878/511/275
f 1878/511/275 1895/510/274 1894/512/276 1877/513/277
f 2353/514/278 2360/515/279 2356/516/280 2352/517/281
f 1875/518/282 1893/488/261 1892/214/1 1874/212/1
f 165/519/1 166/489/1 1891/490/1 1873/520/1
f 1873/520/1 1891/490/1 1890/491/1 1872/521/1
f 1872/521/1 1890/491/1 1889/492/1 1871/522/1
f 1871/522/1 1889/492/1 1888/493/1 1870/523/1
f 1870/523/1 1888/493/1 1887/494/1 1869/524/1
f 1869/524/1 1887/494/1 1886/495/1 1868/525/1
f 1868/525/1 1886/495/1 1885/497/1 1867/526/1
f 1867/526/1 1885/497/1 1884/499/1 1866/527/1
f 1866/527/1 1884/499/1 1883/501/265 1865/528/1
f 1865/528/1 1883/501/265 1882/503/267 1864/529/1
f 1864/529/1 1882/503/267 1881/504/268 1863/530/1
f 1863/530/1 1881/504/268 1880/507/271 1862/531/1
f 1862/531/1 1880/507/271 1879/509/273 1861/532/1
f 1861/532/1 1879/509/273 1878/511/275 1860/533/1
f 1860/533/1 1878/511/275 1877/513/277 1859/534/1
f 1859/534/1 1877/513/277 1876/535/283 1858/536/1
f 1858/536/1 1876/535/283 1875/518/282 1857/537/1
f 1857/537/1 1875/518/282 1874/212/1 1856/210/1
f 164/538/1 165/519/1 1873/520/1 1855/539/1
f 1855/539/1 1873/520/1 1872/521/1 1854/540/1
f 1854/540/1 1872/521/1 1871/522/1 1853/541/1
f 1853/541/1 1871/522/1 1870/523/1 1852/542/1
f 1852/542/1 1870/523/1 1869/524/1 1851/543/1
f 1851/543/1 1869/524/1 1868/525/1 1850/544/1
f 1850/544/1 1868/525/1 1867/526/1 1849/545/1
f 1849/545/1 1867/526/1 1866/527/1 1848/546/1
f 1848/546/1 1866/527/1 1865/528/1 1847/547/1
f 1847/547/1 1865/528/1 1864/529/1 1846/548/1
f 1846/548/1 1864/529/1 1863/530/1 1845/549/1
f 1845/549/1 1863/530/1 1862/531/1 1844/550/1
f 1844/550/1 1862/531/1 1861/532/1 1843/551/1
f 1843/551/1 1861/532/1 1860/533/1 1842/552/1
f 1842/552/1 1860/533/1 1859/534/1 1841/553/1
f 1841/553/1 1859/534/1 1858/536/1 1840/554/1
f 1840/554/1 1858/536/1 1857/537/1 1839/555/1
f 1839/555/1 1857/537/1 1856/210/1 1838/207/1
f 1/556/1 164/538/1 1855/539/1 254/557/1
f 254/557/1 1855/539/1 1854/540/1 255/558/1
f 255/558/1 1854/540/1 1853/541/1 256/559/1
f 256/559/1 1853/541/1 1852/542/1 257/560/1
f 257/560/1 1852/542/1 1851/543/1 258/561/1
f 258/561/1 1851/543/1 1850/544/1 259/562/1
f 259/562/1 1850/544/1 1849/545/1 260/563/1
f 260/563/1 1849/545/1 1848/546/1 261/564/1
f 261/564/1 1848/546/1 1847/547/1 262/565/1
f 262/565/1 1847/547/1 1846/548/1 263/566/1
f 263/566/1 1846/548/1 1845/549/1 264/567/1
f 264/567/1 1845/549/1 1844/550/1 265/568/1
f 265/568/1 1844/550/1 1843/551/1 266/569/1
f 266/569/1 1843/551/1 1842/552/1 267/570/1
f 267/570/1 1842/552/1 1841/553/1 268/571/1
f 268/571/1 1841/553/1 1840/554/1 269/572/1
f 269/572/1 1840/554/1 1839/555/1 270/573/1
f 270/573/1 1839/555/1 1838/207/1 271/206/1
f 216/574/1 217/575/1 1820/576/1 1802/577/1
f 1802/577/1 1820/576/1 1821/578/1 1803/579/1
f 1803/579/1 1821/578/1 1822/580/1 1804/581/1
f 1804/581/1 1822/580/1 1823/582/1 1805/583/1
f 1805/583/1 1823/582/1 1824/584/1 1806/585/1
f 1806/585/1 1824/584/1 1825/586/1 1807/587/1
f 1807/587/1 1825/586/1 1826/588/1 1808/589/1
f 1808/589/1 1826/588/1 1827/590/1 1809/591/1
f 1809/591/1 1827/590/1 1828/592/1 1810/593/1
f 1810/593/1 1828/592/1 1829/594/1 1811/595/1
f 1811/595/1 1829/594/1 1830/596/1 1812/597/1
f 1812/597/1 1830/596/1 1831/598/1 1813/599/1
f 1813/599/1 1831/598/1 1832/600/1 1814/601/1
f 1814/601/1 1832/600/1 1833/602/1 1815/603/1
f 1815/603/1 1833/602/1 1834/604/1 1816/605/1
f 1816/605/1 1834/604/1 1835/606/1 1817/607/1
f 1817/607/1 1835/606/1 1836/608/1 1818/609/1
f 1818/609/1 1836/608/1 1837/164/1 1819/204/1
f 215/610/1 216/574/1 1802/577/1 1784/611/1
f 1784/611/1 1802/577/1 1803/579/1 1785/612/1
f 1785/612/1 1803/579/1 1804/581/1 1786/613/1
f 1786/613/1 1804/581/1 1805/583/1 1787/614/1
f 1787/614/1 1805/583/1 1806/585/1 1788/615/1
f 1788/615/1 1806/585/1 1807/587/1 1789/616/1
f 1789/616/1 1807/587/1 1808/589/1 1790/617/1
f 1790/617/1 1808/589/1 1809/591/1 1791/618/1
f 1791/618/1 1809/591/1 1810/593/1 1792/619/1
f 1792/619/1 1810/593/1 1811/595/1 1793/620/1
f 1793/620/1 1811/595/1 1812/597/1 1794/621/1
f 1794/621/1 1812/597/1 1813/599/1 1795/622/1
f 1795/622/1 1813/599/1 1814/601/1 1796/623/1
f 1796/623/1 1814/601/1 1815/603/1 1797/624/1
f 1797/624/1 1815/603/1 1816/605/1 1798/625/1
f 1798/625/1 1816/605/1 1817/607/1 1799/626/1
f 1799/626/1 1817/607/1 1818/609/1 1800/627/1
f 1800/627/1 1818/609/1 1819/204/1 1801/202/1
f 214/628/1 215/610/1 1784/611/1 1766/629/1
f 1766/629/1 1784/611/1 1785/612/1 1767/630/1
f 1767/630/1 1785/612/1 1786/613/1 1768/631/1
f 1768/631/1 1786/613/1 1787/614/1 1769/632/1
f 1769/632/1 1787/614/1 1788/615/1 1770/633/1
f 1770/633/1 1788/615/1 1789/616/1 1771/634/1
f 1771/634/1 1789/616/1 1790/617/1 1772/635/1
f 1772/635/1 1790/617/1 1791/618/1 1773/636/1
f 1773/636/1 1791/618/1 1792/619/1 1774/637/1
f 1774/637/1 1792/619/1 1793/620/1 1775/638/1
f 1775/638/1 1793/620/1 1794/621/1 1776/639/1
f 1776/639/1 1794/621/1 1795/622/1 1777/640/1
f 1777/640/1 1795/622/1 1796/623/1 1778/641/1
f 1778/641/1 1796/623/1 1797/624/1 1779/642/1
f 1779/642/1 1797/624/1 1798/625/1 1780/643/1
f 1780/643/1 1798/625/1 1799/626/1 1781/644/1
f 1781/644/1 1799/626/1 1800/627/1 1782/645/1
f 1782/645/1 1800/627/1 1801/202/1 1783/200/1
f 213/646/1 214/628/1 1766/629/1 1748/647/1
f 1748/647/1 1766/629/1 1767/630/1 1749/648/1
f 1749/648/1 1767/630/1 1768/631/1 1750/649/1
f 1750/649/1 1768/631/1 1769/632/1 1751/650/1
f 1751/650/1 1769/632/1 1770/633/1 1752/651/1
f 1752/651/1 1770/633/1 1771/634/1 1753/652/1
f 1753/652/1 1771/634/1 1772/635/1 1754/653/1
f 1754/653/1 1772/635/1 1773/636/1 1755/654/1
f 1755/654/1 1773/636/1 1774/637/1 1756/655/1
f 1756/655/1 1774/637/1 1775/638/1 1757/656/1
f 1757/656/1 1775/638/1 1776/639/1 1758/657/1
f 1758/657/1 1776/639/1 1777/640/1 1759/658/1
f 1759/658/1 1777/640/1 1778/641/1 1760/659/1
f 1760/659/1 1778/641/1 1779/642/1 1761/660/1
f 1761/660/1 1779/642/1 1780/643/1 1762/661/1
f 1762/661/1 1780/643/1 1781/644/1 1763/662/1
f 1763/662/1 1781/644/1 1782/645/1 1764/663/1
f 1764/663/1 1782/645/1 1783/200/1 1765/198/1
f 212/664/1 213/646/1 1748/647/1 1730/665/1
f 1730/665/1 1748/647/1 1749/648/1 1731/666/1
f 1731/666/1 1749/648/1 1750/649/1 1732/667/1
f 1732/667/1 1750/649/1 1751/650/1 1733/668/1
f 1733/668/1 1751/650/1 1752/651/1 1734/669/1
f 1734/669/1 1752/651/1 1753/652/1 1735/670/1
f 1735/670/1 1753/652/1 1754/653/1 1736/671/1
f 1736/671/1 1754/653/1 1755/654/1 1737/672/1
f 1737/672/1 1755/654/1 1756/655/1 1738/673/1
f 1738/673/1 1756/655/1 1757/656/1 1739/674/1
f 1739/674/1 1757/656/1 1758/657/1 1740/675/1
f 1740/675/1 1758/657/1 1759/658/1 1741/676/1
f 1741/676/1 1759/658/1 1760/659/1 1742/677/1
f 1742/677/1 1760/659/1 1761/660/1 1743/678/1
f 1743/678/1 1761/660/1 1762/661/1 1744/679/1
f 1744/679/1 1762/661/1 1763/662/1 1745/680/1
f 1745/680/1 1763/662/1 1764/663/1 1746/681/1
f 1746/681/1 1764/663/1 1765/198/1 1747/196/1
f 211/682/1 212/664/1 1730/665/1 1712/683/1
f 1712/683/1 1730/665/1 1731/666/1 1713/684/1
f 1713/684/1 1731/666/1 1732/667/1 1714/685/1
f 1714/685/1 1732/667/1 1733/668/1 1715/686/1
f 1715/686/1 1733/668/1 1734/669/1 1716/687/1
f 1716/687/1 1734/669/1 1735/670/1 1717/688/1
f 1717/688/1 1735/670/1 1736/671/1 1718/689/1
f 1718/689/1 1736/671/1 1737/672/1 1719/690/1
f 1719/690/1 1737/672/1 1738/673/1 1720/691/1
f 1720/691/1 1738/673/1 1739/674/1 1721/692/1
f 1721/692/1 1739/674/1 1740/675/1 1722/693/1
f 1722/693/1 1740/675/1 1741/676/1 1723/694/1
f 1723/694/1 1741/676/1 1742/677/1 1724/695/1
f 1724/695/1 1742/677/1 1743/678/1 1725/696/1
f 1725/696/1 1743/678/1 1744/679/1 1726/697/1
f 1726/697/1 1744/679/1 1745/680/1 1727/698/1
f 1727/698/1 1745/680/1 1746/681/1 1728/699/1
f 1728/699/1 1746/681/1 1747/196/1 1729/194/1
f 210/700/1 211/682/1 1712/683/1 1694/701/1
f 1694/701/1 1712/683/1 1713/684/1 1695/702/1
f 1695/702/1 1713/684/1 1714/685/1 1696/703/1
f 1696/703/1 1714/685/1 1715/686/1 1697/704/1
f 1697/704/1 1715/686/1 1716/687/1 1698/705/1
f 1698/705/1 1716/687/1 1717/688/1 1699/706/1
f 1699/706/1 1717/688/1 1718/689/1 1700/707/1
f 1700/707/1 1718/689/1 1719/690/1 1701/708/1
f 1701/708/1 1719/690/1 1720/691/1 1702/709/1
f 1702/709/1 1720/691/1 1721/692/1 1703/710/1
f 1703/710/1 1721/692/1 1722/693/1 1704/711/1
f 1704/711/1 1722/693/1 1723/694/1 1705/712/1
f 1705/712/1 1723/694/1 1724/695/1 1706/713/1
f 1706/713/1 1724/695/1 1725/696/1 1707/714/1
f 1707/714/1 1725/696/1 1726/697/1 1708/715/1
f 1708/715/1 1726/697/1 1727/698/1 1709/716/1
f 1709/716/1 1727/698/1 1728/699/1 1710/717/1
f 1710/717/1 1728/699/1 1729/194/1 1711/192/1
f 209/718/1 210/700/1 1694/701/1 1676/719/1
f 1676/719/1 1694/701/1 1695/702/1 1677/720/1
f 1677/720/1 1695/702/1 1696/703/1 1678/721/1
f 1678/721/1 1696/703/1 1697/704/1 1679/722/1
f 1679/722/1 1697/704/1 1698/705/1 1680/723/1
f 1680/723/1 1698/705/1 1699/706/1 1681/724/1
f 1681/724/1 1699/706/1 1700/707/1 1682/725/1
f 1682/725/1 1700/707/1 1701/708/1 1683/726/1
f 1683/726/1 1701/708/1 1702/709/1 1684/727/1
f 1684/727/1 1702/709/1 1703/710/1 1685/728/1
f 1685/728/1 1703/710/1 1704/711/1 1686/729/1
f 1686/729/1 1704/711/1 1705/712/1 1687/730/1
f 1687/730/1 1705/712/1 1706/713/1 1688/731/1
f 1688/731/1 1706/713/1 1707/714/1 1689/732/1
f 1689/732/1 1707/714/1 1708/715/1 1690/733/1
f 1690/733/1 1708/715/1 1709/716/1 1691/734/1
f 1691/734/1 1709/716/1 1710/717/1 1692/735/1
f 1692/735/1 1710/717/1 1711/192/1 1693/190/1
f 208/736/1 209/718/1 1676/719/1 1658/737/1
f 1658/737/1 1676/719/1 1677/720/1 1659/738/1
f 1659/738/1 1677/720/1 1678/721/1 1660/739/1
f 1660/739/1 1678/721/1 1679/722/1 1661/740/1
f 1661/740/1 1679/722/1 1680/723/1 1662/741/1
f 1662/741/1 1680/723/1 1681/724/1 1663/742/1
f 1663/742/1 1681/724/1 1682/725/1 1664/743/1
f 1664/743/1 1682/725/1 1683/726/1 1665/744/1
f 1665/744/1 1683/726/1 1684/727/1 1666/745/1
f 1666/745/1 1684/727/1 1685/728/1 1667/746/1
f 1667/746/1 1685/728/1 1686/729/1 1668/747/1
f 1668/747/1 1686/729/1 1687/730/1 1669/748/1
f 1669/748/1 1687/730/1 1688/731/1 1670/749/1
f 1670/749/1 1688/731/1 1689/732/1 1671/750/1
f 1671/750/1 1689/732/1 1690/733/1 1672/751/1
f 1672/751/1 1690/733/1 1691/734/1 1673/752/1
f 1673/752/1 1691/734/1 1692/735/1 1674/753/1
f 1674/753/1 1692/735/1 1693/190/1 1675/188/1
f 207/754/1 208/736/1 1658/737/1 1640/755/1
f 1640/755/1 1658/737/1 1659/738/1 1641/756/1
f 1641/756/1 1659/738/1 1660/739/1 1642/757/1
f 1642/757/1 1660/739/1 1661/740/1 1643/758/1
f 1643/758/1 1661/740/1 1662/741/1 1644/759/1
f 1644/759/1 1662/741/1 1663/742/1 1645/760/1
f 1645/760/1 1663/742/1 1664/743/1 1646/761/1
f 1646/761/1 1664/743/1 1665/744/1 1647/762/1
f 1647/762/1 1665/744/1 1666/745/1 1648/763/1
f 1648/763/1 1666/745/1 1667/746/1 1649/764/1
f 1649/764/1 1667/746/1 1668/747/1 1650/765/1
f 1650/765/1 1668/747/1 1669/748/1 1651/766/1
f 1651/766/1 1669/748/1 1670/749/1 1652/767/1
f 1652/767/1 1670/749/1 1671/750/1 1653/768/1
f 1653/768/1 1671/750/1 1672/751/1 1654/769/1
f 1654/769/1 1672/751/1 1673/752/1 1655/770/1
f 1655/770/1 1673/752/1 1674/753/1 1656/771/1
f 1656/771/1 1674/753/1 1675/188/1 1657/186/1
f 206/772/1 207/754/1 1640/755/1 1622/773/1
f 1622/773/1 1640/755/1 1641/756/1 1623/774/1
f 1623/774/1 1641/756/1 1642/757/1 1624/775/1
f 1624/775/1 1642/757/1 1643/758/1 1625/776/1
f 1625/776/1 1643/758/1 1644/759/1 1626/777/1
f 1626/777/1 1644/759/1 1645/760/1 1627/778/1
f 1627/778/1 1645/760/1 1646/761/1 1628/779/1
f 1628/779/1 1646/761/1 1647/762/1 1629/780/1
f 1629/780/1 1647/762/1 1648/763/1 1630/781/1
f 1630/781/1 1648/763/1 1649/764/1 1631/782/1
f 1631/782/1 1649/764/1 1650/765/1 1632/783/1
f 1632/783/1 1650/765/1 1651/766/1 1633/784/1
f 1633/784/1 1651/766/1 1652/767/1 1634/785/1
f 1634/785/1 1652/767/1 1653/768/1 1635/786/1
f 1635/786/1 1653/768/1 1654/769/1 1636/787/1
f 1636/787/1 1654/769/1 1655/770/1 1637/788/1
f 1637/788/1 1655/770/1 1656/771/1 1638/789/1
f 1638/789/1 1656/771/1 1657/186/1 1639/184/1
f 205/790/1 206/772/1 1622/773/1 1604/791/1
f 1604/791/1 1622/773/1 1623/774/1 1605/792/1
f 1605/792/1 1623/774/1 1624/775/1 1606/793/1
f 1606/793/1 1624/775/1 1625/776/1 1607/794/1
f 1607/794/1 1625/776/1 1626/777/1 1608/795/1
f 1608/795/1 1626/777/1 1627/778/1 1609/796/1
f 1609/796/1 1627/778/1 1628/779/1 1610/797/1
f 1610/797/1 1628/779/1 1629/780/1 1611/798/1
f 1611/798/1 1629/780/1 1630/781/1 1612/799/1
f 1612/799/1 1630/781/1 1631/782/1 1613/800/1
f 1613/800/1 1631/782/1 1632/783/1 1614/801/1
f 1614/801/1 1632/783/1 1633/784/1 1615/802/1
f 1615/802/1 1633/784/1 1634/785/1 1616/803/1
f 1616/803/1 1634/785/1 1635/786/1 1617/804/1
f 1617/804/1 1635/786/1 1636/787/1 1618/805/1
f 1618/805/1 1636/787/1 1637/788/1 1619/806/1
f 1619/806/1 1637/788/1 1638/789/1 1620/807/1
f 1620/807/1 1638/789/1 1639/184/1 1621/182/1
f 204/808/1 205/790/1 1604/791/1 1586/809/1
f 1586/809/1 1604/791/1 1605/792/1 1587/810/1
f 1587/810/1 1605/792/1 1606/793/1 1588/811/1
f 1588/811/1 1606/793/1 1607/794/1 1589/812/1
f 1589/812/1 1607/794/1 1608/795/1 1590/813/1
f 1590/813/1 1608/795/1 1609/796/1 1591/814/1
f 1591/814/1 1609/796/1 1610/797/1 1592/815/1
f 1592/815/1 1610/797/1 1611/798/1 1593/816/1
f 1593/816/1 1611/798/1 1612/799/1 1594/817/1
f 1594/817/1 1612/799/1 1613/800/1 1595/818/1
f 1595/818/1 1613/800/1 1614/801/1 1596/819/1
f 1596/819/1 1614/801/1 1615/802/1 1597/820/1
f 1597/820/1 1615/802/1 1616/803/1 1598/821/1
f 1598/821/1 1616/803/1 1617/804/1 1599/822/1
f 1599/822/1 1617/804/1 1618/805/1 1600/823/1
f 1600/823/1 1618/805/1 1619/806/1 1601/824/1
f 1601/824/1 1619/806/1 1620/807/1 1602/825/1
f 1602/825/1 1620/807/1 1621/182/1 1603/180/1
f 203/826/1 204/808/1 1586/809/1 1568/827/1
f 1568/827/1 1586/809/1 1587/810/1 1569/828/1
f 1569/828/1 1587/810/1 1588/811/1 1570/829/1
f 1570/829/1 1588/811/1 1589/812/1 1571/830/1
f 1571/830/1 1589/812/1 1590/813/1 1572/831/1
f 1572/831/1 1590/813/1 1591/814/1 1573/832/1
f 1573/832/1 1591/814/1 1592/815/1 1574/833/1
f 1574/833/1 1592/815/1 1593/816/1 1575/834/1
f 1575/834/1 1593/816/1 1594/817/1 1576/835/1
f 1576/835/1 1594/817/1 1595/818/1 1577/836/1
f 1577/836/1 1595/818/1 1596/819/1 1578/837/1
f 1578/837/1 1596/819/1 1597/820/1 1579/838/1
f 1579/838/1 1597/820/1 1598/821/1 1580/839/1
f 1580/839/1 1598/821/1 1599/822/1 1581/840/1
f 1581/840/1 1599/822/1 1600/823/1 1582/841/1
f 1582/841/1 1600/823/1 1601/824/1 1583/842/1
f 1583/842/1 1601/824/1 1602/825/1 1584/843/1
f 1584/843/1 1602/825/1 1603/180/1 1585/178/1
f 202/844/1 203/826/1 1568/827/1 1550/845/1
f 1550/845/1 1568/827/1 1569/828/1 1551/846/1
f 1551/846/1 1569/828/1 1570/829/1 1552/847/1
f 1552/847/1 1570/829/1 1571/830/1 1553/848/1
f 1553/848/1 1571/830/1 1572/831/1 1554/849/1
f 1554/849/1 1572/831/1 1573/832/1 1555/850/1
f 1555/850/1 1573/832/1 1574/833/1 1556/851/1
f 1556/851/1 1574/833/1 1575/834/1 1557/852/1
f 1557/852/1 1575/834/1 1576/835/1 1558/853/1
f 1558/853/1 1576/835/1 1577/836/1 1559/854/1
f 1559/854/1 1577/836/1 1578/837/1 1560/855/1
f 1560/855/1 1578/837/1 1579/838/1 1561/856/1
f 1561/856/1 1579/838/1 1580/839/1 1562/857/1
f 1562/857/1 1580/839/1 1581/840/1 1563/858/1
f 1563/858/1 1581/840/1 1582/841/1 1564/859/1
f 1564/859/1 1582/841/1 1583/842/1 1565/860/1
f 1565/860/1 1583/842/1 1584/843/1 1566/861/1
f 1566/861/1 1584/843/1 1585/178/1 1567/176/1
f 201/862/1 202/844/1 1550/845/1 1532/863/1
f 1532/863/1 1550/845/1 1551/846/1 1533/864/1
f 1533/864/1 1551/846/1 1552/847/1 1534/865/1
f 1534/865/1 1552/847/1 1553/848/1 1535/866/1
f 1535/866/1 1553/848/1 1554/849/1 1536/867/1
f 1536/867/1 1554/849/1 1555/850/1 1537/868/1
f 1537/868/1 1555/850/1 1556/851/1 1538/869/1
f 1538/869/1 1556/851/1 1557/852/1 1539/870/1
f 1539/870/1 1557/852/1 1558/853/1 1540/871/1
f 1540/871/1 1558/853/1 1559/854/1 1541/872/1
f 1541/872/1 1559/854/1 1560/855/1 1542/873/1
f 1542/873/1 1560/855/1 1561/856/1 1543/874/1
f 1543/874/1 1561/856/1 1562/857/1 1544/875/1
f 1544/875/1 1562/857/1 1563/858/1 1545/876/1
f 1545/876/1 1563/858/1 1564/859/1 1546/877/1
f 1546/877/1 1564/859/1 1565/860/1 1547/878/1
f 1547/878/1 1565/860/1 1566/861/1 1548/879/1
f 1548/879/1 1566/861/1 1567/176/1 1549/174/1
f 200/880/1 201/862/1 1532/863/1 1514/881/1
f 1514/881/1 1532/863/1 1533/864/1 1515/882/1
f 1515/882/1 1533/864/1 1534/865/1 1516/883/1
f 1516/883/1 1534/865/1 1535/866/1 1517/884/1
f 1517/884/1 1535/866/1 1536/867/1 1518/885/1
f 1518/885/1 1536/867/1 1537/868/1 1519/886/1
f 1519/886/1 1537/868/1 1538/869/1 1520/887/1
f 1520/887/1 1538/869/1 1539/870/1 1521/888/1
f 1521/888/1 1539/870/1 1540/871/1 1522/889/1
f 1522/889/1 1540/871/1 1541/872/1 1523/890/1
f 1523/890/1 1541/872/1 1542/873/1 1524/891/1
f 1524/891/1 1542/873/1 1543/874/1 1525/892/1
f 1525/892/1 1543/874/1 1544/875/1 1526/893/1
f 1526/893/1 1544/875/1 1545/876/1 1527/894/1
f 1527/894/1 1545/876/1 1546/877/1 1528/895/1
f 1528/895/1 1546/877/1 1547/878/1 1529/896/1
f 1529/896/1 1547/878/1 1548/879/1 1530/897/1
f 1530/897/1 1548/879/1 1549/174/1 1531/171/1
f 89/898/1 200/880/1 1514/881/1 974/899/1
f 974/899/1 1514/881/1 1515/882/1 975/900/1
f 975/900/1 1515/882/1 1516/883/1 976/901/1
f 976/901/1 1516/883/1 1517/884/1 977/902/1
f 977/902/1 1517/884/1 1518/885/1 978/903/1
f 978/903/1 1518/885/1 1519/886/1 979/904/1
f 979/904/1 1519/886/1 1520/887/1 980/905/1
f 980/905/1 1520/887/1 1521/888/1 981/906/1
f 981/906/1 1521/888/1 1522/889/1 982/907/1
f 982/907/1 1522/889/1 1523/890/1 983/908/1
f 983/908/1 1523/890/1 1524/891/1 984/909/1
f 984/909/1 1524/891/1 1525/892/1 985/910/1
f 985/910/1 1525/892/1 1526/893/1 986/911/1
f 986/911/1 1526/893/1 1527/894/1 987/912/1
f 987/912/1 1527/894/1 1528/895/1 988/913/1
f 988/913/1 1528/895/1 1529/896/1 989/914/1
f 989/914/1 1529/896/1 1530/897/1 990/915/1
f 990/915/1 1530/897/1 1531/171/1 991/170/1
f 761/916/5 862/917/44 861/918/44 762/919/5
f 762/919/5 861/918/44 860/920/44 763/921/5
f 763/921/5 860/920/44 859/922/44 764/923/5
f 764/923/5 859/922/44 858/924/44 765/925/5
f 765/925/5 858/924/44 857/926/44 766/927/5
f 766/927/5 857/926/44 856/928/44 767/929/5
f 767/929/5 856/928/44 855/930/44 768/931/5
f 768/931/5 855/930/44 854/932/44 769/933/5
f 217/575/1 143/934/1 1478/935/1 1820/576/1
f 1820/576/1 1478/935/1 1479/936/1 1821/578/1
f 1821/578/1 1479/936/1 1480/937/1 1822/580/1
f 1822/580/1 1480/937/1 1481/938/1 1823/582/1
f 1823/582/1 1481/938/1 1482/939/1 1824/584/1
f 1824/584/1 1482/939/1 1483/940/1 1825/586/1
f 1825/586/1 1483/940/1 1484/941/1 1826/588/1
f 1826/588/1 1484/941/1 1485/942/1 1827/590/1
f 1827/590/1 1485/942/1 1486/943/1 1828/592/1
f 1828/592/1 1486/943/1 1487/944/1 1829/594/1
f 1829/594/1 1487/944/1 1488/945/1 1830/596/1
f 1830/596/1 1488/945/1 1489/946/1 1831/598/1
f 1831/598/1 1489/946/1 1490/947/1 1832/600/1
f 1832/600/1 1490/947/1 1491/948/1 1833/602/1
f 1833/602/1 1491/948/1 1492/949/1 1834/604/1
f 1834/604/1 1492/949/1 1493/950/1 1835/606/1
f 1835/606/1 1493/950/1 1494/951/1 1836/608/1
f 1836/608/1 1494/951/1 1495/165/1 1837/164/1
f 90/112/2 116/137/2 1226/136/2 1009/113/2
f 1009/113/2 1226/136/2 1227/952/2 1008/953/2
f 1008/953/2 1227/952/2 1228/954/2 1007/955/2
f 1007/955/2 1228/954/2 1229/956/2 1006/957/2
f 1006/957/2 1229/956/2 1230/958/2 1005/959/2
f 1005/959/2 1230/958/2 1231/960/2 1004/961/2
f 1004/961/2 1231/960/2 1232/962/2 1003/963/2
f 1003/963/2 1232/962/2 1233/964/2 1002/965/2
f 1002/965/2 1233/964/2 1234/966/2 1001/967/2
f 1001/967/2 1234/966/2 1235/968/2 1000/969/2
f 1000/969/2 1235/968/2 1236/970/2 999/971/2
f 999/971/2 1236/970/2 1237/972/2 998/973/2
f 998/973/2 1237/972/2 1238/974/2 997/975/2
f 997/975/2 1238/974/2 1239/976/2 996/977/2
f 996/977/2 1239/976/2 1240/978/2 995/979/2
f 995/979/2 1240/978/2 1241/980/2 994/981/2
f 994/981/2 1241/980/2 1242/982/2 993/983/2
f 993/983/2 1242/982/2 1243/161/2 992/160/2
f 139/984/1 1459/985/1 1477/986/1 141/987/1
f 1459/985/1 1458/988/1 1476/989/1 1477/986/1
f 1458/988/1 1457/990/1 1475/991/1 1476/989/1
f 1457/990/1 1456/992/1 1474/993/1 1475/991/1
f 1456/992/1 1455/994/1 1473/995/1 1474/993/1
f 1455/994/1 1454/996/1 1472/997/1 1473/995/1
f 1454/996/1 1453/998/1 1471/999/1 1472/997/1
f 1453/998/1 1452/1000/1 1470/1001/1 1471/999/1
f 1452/1000/1 1451/1002/1 1469/1003/1 1470/1001/1
f 1451/1002/1 1450/1004/1 1468/1005/1 1469/1003/1
f 1450/1004/1 1449/1006/1 1467/1007/1 1468/1005/1
f 1449/1006/1 1448/1008/1 1466/1009/1 1467/1007/1
f 1448/1008/1 1447/1010/1 1465/1011/1 1466/1009/1
f 1447/1010/1 1446/1012/1 1464/1013/1 1465/1011/1
f 1446/1012/1 1445/1014/1 1463/1015/1 1464/1013/1
f 1445/1014/1 1444/1016/1 1462/1017/1 1463/1015/1
f 1444/1016/1 1443/1018/1 1461/1019/1 1462/1017/1
f 1443/1018/1 1442/159/1 1460/99/1 1461/1019/1
f 137/1020/2 1441/1021/2 1459/985/2 139/984/2
f 1441/1021/2 1440/1022/2 1458/988/2 1459/985/2
f 1440/1022/2 1439/1023/2 1457/990/2 1458/988/2
f 1439/1023/2 1438/1024/2 1456/992/2 1457/990/2
f 1438/1024/2 1437/1025/2 1455/994/2 1456/992/2
f 1437/1025/2 1436/1026/2 1454/996/2 1455/994/2
f 1436/1026/2 1435/1027/2 1453/998/2 1454/996/2
f 1435/1027/2 1434/1028/2 1452/1000/2 1453/998/2
f 1434/1028/2 1433/1029/2 1451/1002/2 1452/1000/2
f 1433/1029/2 1432/1030/2 1450/1004/2 1451/1002/2
f 1432/1030/2 1431/1031/2 1449/1006/2 1450/1004/2
f 1431/1031/2 1430/1032/2 1448/1008/2 1449/1006/2
f 1430/1032/2 1429/1033/2 1447/1010/2 1448/1008/2
f 1429/1033/2 1428/1034/2 1446/1012/2 1447/1010/2
f 1428/1034/2 1427/1035/2 1445/1014/2 1446/1012/2
f 1427/1035/2 1426/1036/2 1444/1016/2 1445/1014/2
f 1426/1036/2 1425/1037/2 1443/1018/2 1444/1016/2
f 1425/1037/2 1424/157/2 1442/159/2 1443/1018/2
f 135/1038/1 1423/1039/1 1441/1021/1 137/1020/1
f 1423/1039/1 1422/1040/1 1440/1022/1 1441/1021/1
f 1422/1040/1 1421/1041/1 1439/1023/1 1440/1022/1
f 1421/1041/1 1420/1042/1 1438/1024/1 1439/1023/1
f 1420/1042/1 1419/1043/1 1437/1025/1 1438/1024/1
f 1419/1043/1 1418/1044/1 1436/1026/1 1437/1025/1
f 1418/1044/1 1417/1045/1 1435/1027/1 1436/1026/1
f 1417/1045/1 1416/1046/1 1434/1028/1 1435/1027/1
f 1416/1046/1 1415/1047/1 1433/1029/1 1434/1028/1
f 1415/1047/1 1414/1048/1 1432/1030/1 1433/1029/1
f 1414/1048/1 1413/1049/1 1431/1031/1 1432/1030/1
f 1413/1049/1 1412/1050/1 1430/1032/1 1431/1031/1
f 1412/1050/1 1411/1051/1 1429/1033/1 1430/1032/1
f 1411/1051/1 1410/1052/1 1428/1034/1 1429/1033/1
f 1410/1052/1 1409/1053/1 1427/1035/1 1428/1034/1
f 1409/1053/1 1408/1054/1 1426/1036/1 1427/1035/1
f 1408/1054/1 1407/1055/1 1425/1037/1 1426/1036/1
f 1407/1055/1 1406/155/1 1424/157/1 1425/1037/1
f 133/1056/21 1405/1057/21 1423/1039/21 135/1038/21
f 1405/1057/21 1404/1058/21 1422/1040/21 1423/1039/21
f 1404/1058/21 1403/1059/21 1421/1041/21 1422/1040/21
f 1403/1059/21 1402/1060/21 1420/1042/21 1421/1041/21
f 1402/1060/21 1401/1061/21 1419/1043/21 1420/1042/21
f 1401/1061/21 1400/1062/21 1418/1044/21 1419/1043/21
f 1400/1062/21 1399/1063/21 1417/1045/21 1418/1044/21
f 1399/1063/21 1398/1064/21 1416/1046/21 1417/1045/21
f 1398/1064/21 1397/1065/21 1415/1047/21 1416/1046/21
f 1397/1065/21 1396/1066/21 1414/1048/21 1415/1047/21
f 1396/1066/21 1395/1067/21 1413/1049/21 1414/1048/21
f 1395/1067/21 1394/1068/21 1412/1050/21 1413/1049/21
f 1394/1068/21 1393/1069/21 1411/1051/21 1412/1050/21
f 1393/1069/21 1392/1070/21 1410/1052/21 1411/1051/21
f 1392/1070/21 1391/1071/21 1409/1053/21 1410/1052/21
f 1391/1071/21 1390/1072/21 1408/1054/21 1409/1053/21
f 1390/1072/21 1389/1073/21 1407/1055/21 1408/1054/21
f 1389/1073/21 1388/153/21 1406/155/21 1407/1055/21
f 131/1074/19 1387/1075/19 1405/1057/284 133/1056/284
f 1387/1075/19 1386/1076/19 1404/1058/284 1405/1057/284
f 1386/1076/19 1385/1077/19 1403/1059/284 1404/1058/284
f 1385/1077/19 1384/1078/19 1402/1060/284 1403/1059/284
f 1384/1078/19 1383/1079/19 1401/1061/284 1402/1060/284
f 1383/1079/19 1382/1080/19 1400/1062/284 1401/1061/284
f 1382/1080/19 1381/1081/19 1399/1063/284 1400/1062/284
f 1381/1081/19 1380/1082/19 1398/1064/284 1399/1063/284
f 1380/1082/19 1379/1083/19 1397/1065/284 1398/1064/284
f 1379/1083/19 1378/1084/19 1396/1066/284 1397/1065/284
f 1378/1084/19 1377/1085/19 1395/1067/284 1396/1066/284
f 1377/1085/19 1376/1086/19 1394/1068/20 1395/1067/284
f 1376/1086/19 1375/1087/19 1393/1069/20 1394/1068/20
f 1375/1087/19 1374/1088/19 1392/1070/62 1393/1069/20
f 1374/1088/19 1373/1089/19 1391/1071/62 1392/1070/62
f 1373/1089/19 1372/1090/19 1390/1072/62 1391/1071/62
f 1372/1090/19 1371/1091/19 1389/1073/62 1390/1072/62
f 1371/1091/19 1370/151/19 1388/153/62 1389/1073/62
f 129/1092/18 1369/1093/18 1387/1075/19 131/1074/19
f 1369/1093/18 1368/1094/18 1386/1076/19 1387/1075/19
f 1368/1094/18 1367/1095/18 1385/1077/19 1386/1076/19
f 1367/1095/18 1366/1096/18 1384/1078/19 1385/1077/19
f 1366/1096/18 1365/1097/18 1383/1079/19 1384/1078/19
f 1365/1097/18 1364/1098/18 1382/1080/19 1383/1079/19
f 1364/1098/18 1363/1099/18 1381/1081/19 1382/1080/19
f 1363/1099/18 1362/1100/18 1380/1082/19 1381/1081/19
f 1362/1100/18 1361/1101/18 1379/1083/19 1380/1082/19
f 1361/1101/18 1360/1102/18 1378/1084/19 1379/1083/19
f 1360/1102/18 1359/1103/18 1377/1085/19 1378/1084/19
f 1359/1103/18 1358/1104/18 1376/1086/19 1377/1085/19
f 1358/1104/18 1357/1105/61 1375/1087/19 1376/1086/19
f 1357/1105/61 1356/1106/61 1374/1088/19 1375/1087/19
f 1356/1106/61 1355/1107/61 1373/1089/19 1374/1088/19
f 1355/1107/61 1354/1108/61 1372/1090/19 1373/1089/19
f 1354/1108/61 1353/1109/61 1371/1091/19 1372/1090/19
f 1353/1109/61 1352/149/61 1370/151/19 1371/1091/19
f 127/1110/60 1351/1111/60 1369/1093/18 129/1092/18
f 1351/1111/60 1350/1112/60 1368/1094/18 1369/1093/18
f 1350/1112/60 1349/1113/60 1367/1095/18 1368/1094/18
f 1349/1113/60 1348/1114/60 1366/1096/18 1367/1095/18
f 1348/1114/60 1347/1115/60 1365/1097/18 1366/1096/18
f 1347/1115/60 1346/1116/60 1364/1098/18 1365/1097/18
f 1346/1116/60 1345/1117/60 1363/1099/18 1364/1098/18
f 1345/1117/60 1344/1118/60 1362/1100/18 1363/1099/18
f 1344/1118/60 1343/1119/60 1361/1101/18 1362/1100/18
f 1343/1119/60 1342/1120/60 1360/1102/18 1361/1101/18
f 1342/1120/60 1341/1121/60 1359/1103/18 1360/1102/18
f 1341/1121/60 1340/1122/60 1358/1104/18 1359/1103/18
f 1340/1122/60 1339/1123/60 1357/1105/61 1358/1104/18
f 1339/1123/60 1338/1124/60 1356/1106/61 1357/1105/61
f 1338/1124/60 1337/1125/60 1355/1107/61 1356/1106/61
f 1337/1125/60 1336/1126/60 1354/1108/61 1355/1107/61
f 1336/1126/60 1335/1127/60 1353/1109/61 1354/1108/61
f 1335/1127/60 1334/147/60 1352/149/61 1353/1109/61
f 125/1128/285 1333/1129/285 1351/1111/285 127/1110/285
f 1333/1129/285 1332/1130/285 1350/1112/285 1351/1111/285
f 1332/1130/285 1331/1131/285 1349/1113/285 1350/1112/285
f 1331/1131/285 1330/1132/285 1348/1114/285 1349/1113/285
f 1330/1132/285 1329/1133/285 1347/1115/285 1348/1114/285
f 1329/1133/285 1328/1134/285 1346/1116/285 1347/1115/285
f 1328/1134/285 1327/1135/16 1345/1117/16 1346/1116/285
f 1327/1135/16 1326/1136/16 1344/1118/16 1345/1117/16
f 1326/1136/16 1325/1137/16 1343/1119/16 1344/1118/16
f 1325/1137/16 1324/1138/16 1342/1120/16 1343/1119/16
f 1324/1138/16 1323/1139/16 1341/1121/16 1342/1120/16
f 1323/1139/16 1322/1140/16 1340/1122/16 1341/1121/16
f 1322/1140/16 1321/1141/16 1339/1123/16 1340/1122/16
f 1321/1141/16 1320/1142/16 1338/1124/16 1339/1123/16
f 1320/1142/16 1319/1143/16 1337/1125/16 1338/1124/16
f 1319/1143/16 1318/1144/16 1336/1126/16 1337/1125/16
f 1318/1144/16 1317/1145/16 1335/1127/16 1336/1126/16
f 1317/1145/16 1316/145/16 1334/147/16 1335/1127/16
f 123/1146/1 1315/1147/1 1333/1129/1 125/1128/1
f 1315/1147/1 1314/1148/1 1332/1130/1 1333/1129/1
f 1314/1148/1 1313/1149/1 1331/1131/1 1332/1130/1
f 1313/1149/1 1312/1150/1 1330/1132/1 1331/1131/1
f 1312/1150/1 1311/1151/1 1329/1133/1 1330/1132/1
f 1311/1151/1 1310/1152/1 1328/1134/1 1329/1133/1
f 1310/1152/1 1309/1153/1 1327/1135/1 1328/1134/1
f 1309/1153/1 1308/1154/1 1326/1136/1 1327/1135/1
f 1308/1154/1 1307/1155/1 1325/1137/1 1326/1136/1
f 1307/1155/1 1306/1156/1 1324/1138/1 1325/1137/1
f 1306/1156/1 1305/1157/1 1323/1139/1 1324/1138/1
f 1305/1157/1 1304/1158/1 1322/1140/1 1323/1139/1
f 1304/1158/1 1303/1159/1 1321/1141/1 1322/1140/1
f 1303/1159/1 1302/1160/1 1320/1142/1 1321/1141/1
f 1302/1160/1 1301/1161/1 1319/1143/1 1320/1142/1
f 1301/1161/1 1300/1162/1 1318/1144/1 1319/1143/1
f 1300/1162/1 1299/1163/1 1317/1145/1 1318/1144/1
f 1299/1163/1 1298/143/1 1316/145/1 1317/1145/1
f 121/1164/286 1297/1165/286 1315/1147/286 123/1146/286
f 1297/1165/286 1296/1166/286 1314/1148/286 1315/1147/286
f 1296/1166/286 1295/1167/286 1313/1149/286 1314/1148/286
f 1295/1167/286 1294/1168/286 1312/1150/286 1313/1149/286
f 1294/1168/286 1293/1169/286 1311/1151/286 1312/1150/286
f 1293/1169/286 1292/1170/286 1310/1152/286 1311/1151/286
f 1292/1170/286 1291/1171/286 1309/1153/286 1310/1152/286
f 1291/1171/286 1290/1172/286 1308/1154/286 1309/1153/286
f 1290/1172/286 1289/1173/286 1307/1155/286 1308/1154/286
f 1289/1173/286 1288/1174/286 1306/1156/286 1307/1155/286
f 1288/1174/286 1287/1175/286 1305/1157/286 1306/1156/286
f 1287/1175/286 1286/1176/286 1304/1158/286 1305/1157/286
f 1286/1176/286 1285/1177/286 1303/1159/286 1304/1158/286
f 1285/1177/286 1284/1178/286 1302/1160/286 1303/1159/286
f 1284/1178/286 1283/1179/287 1301/1161/287 1302/1160/286
f 1283/1179/287 1282/1180/287 1300/1162/287 1301/1161/287
f 1282/1180/287 1281/1181/15 1299/1163/15 1300/1162/287
f 1281/1181/15 1280/141/15 1298/143/15 1299/1163/15
f 117/1182/14 1279/1183/14 1297/1165/14 121/1164/14
f 1279/1183/14 1278/1184/14 1296/1166/14 1297/1165/14
f 1278/1184/14 1277/1185/14 1295/1167/14 1296/1166/14
f 1277/1185/14 1276/1186/14 1294/1168/14 1295/1167/14
f 1276/1186/14 1275/1187/14 1293/1169/14 1294/1168/14
f 1275/1187/14 1274/1188/14 1292/1170/14 1293/1169/14
f 1274/1188/14 1273/1189/14 1291/1171/14 1292/1170/14
f 1273/1189/14 1272/1190/14 1290/1172/14 1291/1171/14
f 1272/1190/14 1271/1191/14 1289/1173/14 1290/1172/14
f 1271/1191/14 1270/1192/14 1288/1174/14 1289/1173/14
f 1270/1192/14 1269/1193/14 1287/1175/14 1288/1174/14
f 1269/1193/14 1268/1194/14 1286/1176/14 1287/1175/14
f 1268/1194/14 1267/1195/14 1285/1177/14 1286/1176/14
f 1267/1195/14 1266/1196/14 1284/1178/14 1285/1177/14
f 1266/1196/14 1265/1197/14 1283/1179/14 1284/1178/14
f 1265/1197/14 1264/1198/14 1282/1180/14 1283/1179/14
f 1264/1198/14 1263/1199/14 1281/1181/14 1282/1180/14
f 1263/1199/14 1262/139/14 1280/141/14 1281/1181/14
f 118/1200/2 1244/1201/2 1279/1183/2 117/1182/2
f 1244/1201/2 1245/1202/2 1278/1184/2 1279/1183/2
f 1245/1202/2 1246/1203/2 1277/1185/2 1278/1184/2
f 1246/1203/2 1247/1204/2 1276/1186/2 1277/1185/2
f 1247/1204/2 1248/1205/2 1275/1187/2 1276/1186/2
f 1248/1205/2 1249/1206/2 1274/1188/2 1275/1187/2
f 1249/1206/2 1250/1207/2 1273/1189/2 1274/1188/2
f 1250/1207/2 1251/1208/2 1272/1190/2 1273/1189/2
f 1251/1208/2 1252/1209/2 1271/1191/2 1272/1190/2
f 1252/1209/2 1253/1210/2 1270/1192/2 1271/1191/2
f 1253/1210/2 1254/1211/2 1269/1193/2 1270/1192/2
f 1254/1211/2 1255/1212/2 1268/1194/2 1269/1193/2
f 1255/1212/2 1256/1213/2 1267/1195/2 1268/1194/2
f 1256/1213/2 1257/1214/2 1266/1196/2 1267/1195/2
f 1257/1214/2 1258/1215/2 1265/1197/2 1266/1196/2
f 1258/1215/2 1259/1216/2 1264/1198/2 1265/1197/2
f 1259/1216/2 1260/1217/2 1263/1199/2 1264/1198/2
f 1260/1217/2 1261/109/2 1262/139/2 1263/1199/2
f 113/1218/2 115/162/2 1243/161/2 1225/1219/2
f 1225/1219/2 1243/161/2 1242/982/2 1224/1220/2
f 1224/1220/2 1242/982/2 1241/980/2 1223/1221/2
f 1223/1221/2 1241/980/2 1240/978/2 1222/1222/2
f 1222/1222/2 1240/978/2 1239/976/2 1221/1223/2
f 1221/1223/2 1239/976/2 1238/974/2 1220/1224/2
f 1220/1224/2 1238/974/2 1237/972/2 1219/1225/2
f 1219/1225/2 1237/972/2 1236/970/2 1218/1226/2
f 1218/1226/2 1236/970/2 1235/968/2 1217/1227/2
f 1217/1227/2 1235/968/2 1234/966/2 1216/1228/2
f 1216/1228/2 1234/966/2 1233/964/2 1215/1229/2
f 1215/1229/2 1233/964/2 1232/962/2 1214/1230/2
f 1214/1230/2 1232/962/2 1231/960/2 1213/1231/2
f 1213/1231/2 1231/960/2 1230/958/2 1212/1232/2
f 1212/1232/2 1230/958/2 1229/956/2 1211/1233/2
f 1211/1233/2 1229/956/2 1228/954/2 1210/1234/2
f 1210/1234/2 1228/954/2 1227/952/2 1209/1235/2
f 1209/1235/2 1227/952/2 1226/136/2 1208/134/2
f 111/1236/51 113/1218/51 1225/1219/51 1207/1237/51
f 1207/1237/51 1225/1219/51 1224/1220/51 1206/1238/51
f 1206/1238/51 1224/1220/51 1223/1221/51 1205/1239/51
f 1205/1239/51 1223/1221/51 1222/1222/51 1204/1240/51
f 1204/1240/51 1222/1222/51 1221/1223/51 1203/1241/51
f 1203/1241/51 1221/1223/51 1220/1224/51 1202/1242/51
f 1202/1242/51 1220/1224/51 1219/1225/51 1201/1243/51
f 1201/1243/51 1219/1225/51 1218/1226/51 1200/1244/51
f 1200/1244/51 1218/1226/51 1217/1227/51 1199/1245/51
f 1199/1245/51 1217/1227/51 1216/1228/51 1198/1246/51
f 1198/1246/51 1216/1228/51 1215/1229/51 1197/1247/51
f 1197/1247/51 1215/1229/51 1214/1230/51 1196/1248/51
f 1196/1248/51 1214/1230/51 1213/1231/51 1195/1249/51
f 1195/1249/51 1213/1231/51 1212/1232/51 1194/1250/51
f 1194/1250/51 1212/1232/51 1211/1233/51 1193/1251/51
f 1193/1251/51 1211/1233/51 1210/1234/51 1192/1252/51
f 1192/1252/51 1210/1234/51 1209/1235/51 1191/1253/51
f 1191/1253/51 1209/1235/51 1208/134/51 1190/132/51
f 109/1254/2 111/1236/2 1207/1237/2 1189/1255/2
f 1189/1255/2 1207/1237/2 1206/1238/2 1188/1256/2
f 1188/1256/2 1206/1238/2 1205/1239/2 1187/1257/2
f 1187/1257/2 1205/1239/2 1204/1240/2 1186/1258/2
f 1186/1258/2 1204/1240/2 1203/1241/2 1185/1259/2
f 1185/1259/2 1203/1241/2 1202/1242/2 1184/1260/2
f 1184/1260/2 1202/1242/2 1201/1243/2 1183/1261/2
f 1183/1261/2 1201/1243/2 1200/1244/2 1182/1262/2
f 1182/1262/2 1200/1244/2 1199/1245/2 1181/1263/2
f 1181/1263/2 1199/1245/2 1198/1246/2 1180/1264/2
f 1180/1264/2 1198/1246/2 1197/1247/2 1179/1265/2
f 1179/1265/2 1197/1247/2 1196/1248/2 1178/1266/2
f 1178/1266/2 1196/1248/2 1195/1249/2 1177/1267/2
f 1177/1267/2 1195/1249/2 1194/1250/2 1176/1268/2
f 1176/1268/2 1194/1250/2 1193/1251/2 1175/1269/2
f 1175/1269/2 1193/1251/2 1192/1252/2 1174/1270/2
f 1174/1270/2 1192/1252/2 1191/1253/2 1173/1271/2
f 1173/1271/2 1191/1253/2 1190/132/2 1172/130/2
f 107/1272/59 109/1254/59 1189/1255/59 1171/1273/59
f 1171/1273/59 1189/1255/59 1188/1256/59 1170/1274/59
f 1170/1274/59 1188/1256/59 1187/1257/59 1169/1275/59
f 1169/1275/59 1187/1257/59 1186/1258/59 1168/1276/59
f 1168/1276/59 1186/1258/59 1185/1259/59 1167/1277/59
f 1167/1277/59 1185/1259/59 1184/1260/59 1166/1278/59
f 1166/1278/59 1184/1260/59 1183/1261/59 1165/1279/59
f 1165/1279/59 1183/1261/59 1182/1262/59 1164/1280/59
f 1164/1280/59 1182/1262/59 1181/1263/59 1163/1281/59
f 1163/1281/59 1181/1263/59 1180/1264/59 1162/1282/59
f 1162/1282/59 1180/1264/59 1179/1265/59 1161/1283/59
f 1161/1283/59 1179/1265/59 1178/1266/59 1160/1284/59
f 1160/1284/59 1178/1266/59 1177/1267/59 1159/1285/59
f 1159/1285/59 1177/1267/59 1176/1268/59 1158/1286/59
f 1158/1286/59 1176/1268/59 1175/1269/59 1157/1287/59
f 1157/1287/59 1175/1269/59 1174/1270/59 1156/1288/59
f 1156/1288/59 1174/1270/59 1173/1271/59 1155/1289/59
f 1155/1289/59 1173/1271/59 1172/130/59 1154/128/59
f 105/1290/57 107/1272/58 1171/1273/58 1153/1291/57
f 1153/1291/57 1171/1273/58 1170/1274/58 1152/1292/57
f 1152/1292/57 1170/1274/58 1169/1275/58 1151/1293/57
f 1151/1293/57 1169/1275/58 1168/1276/58 1150/1294/57
f 1150/1294/57 1168/1276/58 1167/1277/58 1149/1295/57
f 1149/1295/57 1167/1277/58 1166/1278/58 1148/1296/57
f 1148/1296/57 1166/1278/58 1165/1279/58 1147/1297/57
f 1147/1297/57 1165/1279/58 1164/1280/58 1146/1298/57
f 1146/1298/57 1164/1280/58 1163/1281/58 1145/1299/57
f 1145/1299/57 1163/1281/58 1162/1282/58 1144/1300/57
f 1144/1300/57 1162/1282/58 1161/1283/58 1143/1301/57
f 1143/1301/57 1161/1283/58 1160/1284/58 1142/1302/57
f 1142/1302/57 1160/1284/58 1159/1285/58 1141/1303/57
f 1141/1303/57 1159/1285/58 1158/1286/58 1140/1304/57
f 1140/1304/57 1158/1286/58 1157/1287/58 1139/1305/57
f 1139/1305/57 1157/1287/58 1156/1288/58 1138/1306/57
f 1138/1306/57 1156/1288/58 1155/1289/58 1137/1307/57
f 1137/1307/57 1155/1289/58 1154/128/58 1136/126/57
f 103/1308/56 105/1290/57 1153/1291/57 1135/1309/56
f 1135/1309/56 1153/1291/57 1152/1292/57 1134/1310/56
f 1134/1310/56 1152/1292/57 1151/1293/57 1133/1311/56
f 1133/1311/56 1151/1293/57 1150/1294/57 1132/1312/56
f 1132/1312/56 1150/1294/57 1149/1295/57 1131/1313/56
f 1131/1313/56 1149/1295/57 1148/1296/57 1130/1314/56
f 1130/1314/56 1148/1296/57 1147/1297/57 1129/1315/56
f 1129/1315/56 1147/1297/57 1146/1298/57 1128/1316/56
f 1128/1316/56 1146/1298/57 1145/1299/57 1127/1317/56
f 1127/1317/56 1145/1299/57 1144/1300/57 1126/1318/56
f 1126/1318/56 1144/1300/57 1143/1301/57 1125/1319/56
f 1125/1319/56 1143/1301/57 1142/1302/57 1124/1320/56
f 1124/1320/56 1142/1302/57 1141/1303/57 1123/1321/56
f 1123/1321/56 1141/1303/57 1140/1304/57 1122/1322/56
f 1122/1322/56 1140/1304/57 1139/1305/57 1121/1323/56
f 1121/1323/56 1139/1305/57 1138/1306/57 1120/1324/56
f 1120/1324/56 1138/1306/57 1137/1307/57 1119/1325/56
f 1119/1325/56 1137/1307/57 1136/126/57 1118/124/56
f 101/1326/55 103/1308/56 1135/1309/56 1117/1327/55
f 1117/1327/55 1135/1309/56 1134/1310/56 1116/1328/55
f 1116/1328/55 1134/1310/56 1133/1311/56 1115/1329/55
f 1115/1329/55 1133/1311/56 1132/1312/56 1114/1330/55
f 1114/1330/55 1132/1312/56 1131/1313/56 1113/1331/55
f 1113/1331/55 1131/1313/56 1130/1314/56 1112/1332/55
f 1112/1332/55 1130/1314/56 1129/1315/56 1111/1333/55
f 1111/1333/55 1129/1315/56 1128/1316/56 1110/1334/55
f 1110/1334/55 1128/1316/56 1127/1317/56 1109/1335/55
f 1109/1335/55 1127/1317/56 1126/1318/56 1108/1336/55
f 1108/1336/55 1126/1318/56 1125/1319/56 1107/1337/55
f 1107/1337/55 1125/1319/56 1124/1320/56 1106/1338/55
f 1106/1338/55 1124/1320/56 1123/1321/56 1105/1339/55
f 1105/1339/55 1123/1321/56 1122/1322/56 1104/1340/55
f 1104/1340/55 1122/1322/56 1121/1323/56 1103/1341/55
f 1103/1341/55 1121/1323/56 1120/1324/56 1102/1342/55
f 1102/1342/55 1120/1324/56 1119/1325/56 1101/1343/55
f 1101/1343/55 1119/1325/56 1118/124/56 1100/122/55
f 99/1344/54 101/1326/54 1117/1327/54 1099/1345/54
f 1099/1345/54 1117/1327/54 1116/1328/54 1098/1346/54
f 1098/1346/54 1116/1328/54 1115/1329/54 1097/1347/54
f 1097/1347/54 1115/1329/54 1114/1330/54 1096/1348/54
f 1096/1348/54 1114/1330/54 1113/1331/54 1095/1349/54
f 1095/1349/54 1113/1331/54 1112/1332/54 1094/1350/54
f 1094/1350/54 1112/1332/54 1111/1333/54 1093/1351/54
f 1093/1351/54 1111/1333/54 1110/1334/54 1092/1352/54
f 1092/1352/54 1110/1334/54 1109/1335/54 1091/1353/54
f 1091/1353/54 1109/1335/54 1108/1336/54 1090/1354/54
f 1090/1354/54 1108/1336/54 1107/1337/54 1089/1355/54
f 1089/1355/54 1107/1337/54 1106/1338/54 1088/1356/54
f 1088/1356/54 1106/1338/54 1105/1339/54 1087/1357/54
f 1087/1357/54 1105/1339/54 1104/1340/54 1086/1358/54
f 1086/1358/54 1104/1340/54 1103/1341/54 1085/1359/54
f 1085/1359/54 1103/1341/54 1102/1342/54 1084/1360/54
f 1084/1360/54 1102/1342/54 1101/1343/54 1083/1361/54
f 1083/1361/54 1101/1343/54 1100/122/54 1082/120/54
f 97/1362/2 99/1344/2 1099/1345/2 1081/1363/2
f 1081/1363/2 1099/1345/2 1098/1346/2 1080/1364/2
f 1080/1364/2 1098/1346/2 1097/1347/2 1079/1365/2
f 1079/1365/2 1097/1347/2 1096/1348/2 1078/1366/2
f 1078/1366/2 1096/1348/2 1095/1349/2 1077/1367/2
f 1077/1367/2 1095/1349/2 1094/1350/2 1076/1368/2
f 1076/1368/2 1094/1350/2 1093/1351/2 1075/1369/2
f 1075/1369/2 1093/1351/2 1092/1352/2 1074/1370/2
f 1074/1370/2 1092/1352/2 1091/1353/2 1073/1371/2
f 1073/1371/2 1091/1353/2 1090/1354/2 1072/1372/2
f 1072/1372/2 1090/1354/2 1089/1355/2 1071/1373/2
f 1071/1373/2 1089/1355/2 1088/1356/2 1070/1374/2
f 1070/1374/2 1088/1356/2 1087/1357/2 1069/1375/2
f 1069/1375/2 1087/1357/2 1086/1358/2 1068/1376/2
f 1068/1376/2 1086/1358/2 1085/1359/2 1067/1377/2
f 1067/1377/2 1085/1359/2 1084/1360/2 1066/1378/2
f 1066/1378/2 1084/1360/2 1083/1361/2 1065/1379/2
f 1065/1379/2 1083/1361/2 1082/120/2 1064/118/2
f 95/1380/53 97/1362/53 1081/1363/53 1063/1381/53
f 1063/1381/53 1081/1363/53 1080/1364/53 1062/1382/53
f 1062/1382/53 1080/1364/53 1079/1365/53 1061/1383/53
f 1061/1383/53 1079/1365/53 1078/1366/53 1060/1384/53
f 1060/1384/53 1078/1366/53 1077/1367/53 1059/1385/53
f 1059/1385/53 1077/1367/53 1076/1368/53 1058/1386/53
f 1058/1386/53 1076/1368/53 1075/1369/53 1057/1387/53
f 1057/1387/53 1075/1369/53 1074/1370/53 1056/1388/53
f 1056/1388/53 1074/1370/53 1073/1371/53 1055/1389/53
f 1055/1389/53 1073/1371/53 1072/1372/53 1054/1390/53
f 1054/1390/53 1072/1372/53 1071/1373/53 1053/1391/53
f 1053/1391/53 1071/1373/53 1070/1374/53 1052/1392/53
f 1052/1392/53 1070/1374/53 1069/1375/53 1051/1393/53
f 1051/1393/53 1069/1375/53 1068/1376/53 1050/1394/53
f 1050/1394/53 1068/1376/53 1067/1377/53 1049/1395/53
f 1049/1395/53 1067/1377/53 1066/1378/53 1048/1396/53
f 1048/1396/53 1066/1378/53 1065/1379/53 1047/1397/53
f 1047/1397/53 1065/1379/53 1064/118/53 1046/116/53
f 91/1398/52 95/1380/52 1063/1381/52 1045/1399/52
f 1045/1399/52 1063/1381/52 1062/1382/52 1044/1400/52
f 1044/1400/52 1062/1382/52 1061/1383/52 1043/1401/52
f 1043/1401/52 1061/1383/52 1060/1384/52 1042/1402/52
f 1042/1402/52 1060/1384/52 1059/1385/52 1041/1403/52
f 1041/1403/52 1059/1385/52 1058/1386/52 1040/1404/52
f 1040/1404/52 1058/1386/52 1057/1387/52 1039/1405/52
f 1039/1405/52 1057/1387/52 1056/1388/52 1038/1406/52
f 1038/1406/52 1056/1388/52 1055/1389/52 1037/1407/52
f 1037/1407/52 1055/1389/52 1054/1390/52 1036/1408/52
f 1036/1408/52 1054/1390/52 1053/1391/52 1035/1409/52
f 1035/1409/52 1053/1391/52 1052/1392/52 1034/1410/52
f 1034/1410/52 1052/1392/52 1051/1393/52 1033/1411/52
f 1033/1411/52 1051/1393/52 1050/1394/52 1032/1412/52
f 1032/1412/52 1050/1394/52 1049/1395/52 1031/1413/52
f 1031/1413/52 1049/1395/52 1048/1396/52 1030/1414/52
f 1030/1414/52 1048/1396/52 1047/1397/52 1029/1415/52
f 1029/1415/52 1047/1397/52 1046/116/52 1028/114/52
f 92/1416/51 91/1398/51 1045/1399/51 1010/1417/51
f 1010/1417/51 1045/1399/51 1044/1400/51 1011/1418/51
f 1011/1418/51 1044/1400/51 1043/1401/51 1012/1419/51
f 1012/1419/51 1043/1401/51 1042/1402/51 1013/1420/51
f 1013/1420/51 1042/1402/51 1041/1403/51 1014/1421/51
f 1014/1421/51 1041/1403/51 1040/1404/51 1015/1422/51
f 1015/1422/51 1040/1404/51 1039/1405/51 1016/1423/51
f 1016/1423/51 1039/1405/51 1038/1406/51 1017/1424/51
f 1017/1424/51 1038/1406/51 1037/1407/51 1018/1425/51
f 1018/1425/51 1037/1407/51 1036/1408/51 1019/1426/51
f 1019/1426/51 1036/1408/51 1035/1409/51 1020/1427/51
f 1020/1427/51 1035/1409/51 1034/1410/51 1021/1428/51
f 1021/1428/51 1034/1410/51 1033/1411/51 1022/1429/51
f 1022/1429/51 1033/1411/51 1032/1412/51 1023/1430/51
f 1023/1430/51 1032/1412/51 1031/1413/51 1024/1431/51
f 1024/1431/51 1031/1413/51 1030/1414/51 1025/1432/51
f 1025/1432/51 1030/1414/51 1029/1415/51 1026/1433/51
f 1026/1433/51 1029/1415/51 1028/114/51 1027/102/51
f 81/1434/51 1496/1435/51 992/160/51 82/163/51
f 1496/1435/51 1497/1436/51 993/983/51 992/160/51
f 1497/1436/51 1498/1437/51 994/981/51 993/983/51
f 1498/1437/51 1499/1438/51 995/979/51 994/981/51
f 1499/1438/51 1500/1439/51 996/977/51 995/979/51
f 1500/1439/51 1501/1440/51 997/975/51 996/977/51
f 1501/1440/51 1502/1441/51 998/973/51 997/975/51
f 1502/1441/51 1503/1442/51 999/971/51 998/973/51
f 1503/1442/51 1504/1443/51 1000/969/51 999/971/51
f 1504/1443/51 1505/1444/51 1001/967/51 1000/969/51
f 1505/1444/51 1506/1445/51 1002/965/51 1001/967/51
f 1506/1445/51 1507/1446/51 1003/963/51 1002/965/51
f 1507/1446/51 1508/1447/51 1004/961/51 1003/963/51
f 1508/1447/51 1509/1448/51 1005/959/51 1004/961/51
f 1509/1448/51 1510/1449/51 1006/957/51 1005/959/51
f 1510/1449/51 1511/1450/51 1007/955/51 1006/957/51
f 1511/1450/51 1512/1451/51 1008/953/51 1007/955/51
f 1512/1451/51 1513/110/51 1009/113/51 1008/953/51
f 89/1452/2 974/1453/2 1244/1201/2 118/1200/2
f 974/1453/2 975/1454/2 1245/1202/2 1244/1201/2
f 975/1454/2 976/1455/2 1246/1203/2 1245/1202/2
f 976/1455/2 977/1456/2 1247/1204/2 1246/1203/2
f 977/1456/2 978/1457/2 1248/1205/2 1247/1204/2
f 978/1457/2 979/1458/2 1249/1206/2 1248/1205/2
f 979/1458/2 980/1459/2 1250/1207/2 1249/1206/2
f 980/1459/2 981/1460/2 1251/1208/2 1250/1207/2
f 981/1460/2 982/1461/2 1252/1209/2 1251/1208/2
f 982/1461/2 983/1462/2 1253/1210/2 1252/1209/2
f 983/1462/2 984/1463/2 1254/1211/2 1253/1210/2
f 984/1463/2 985/1464/2 1255/1212/2 1254/1211/2
f 985/1464/2 986/1465/2 1256/1213/2 1255/1212/2
f 986/1465/2 987/1466/2 1257/1214/2 1256/1213/2
f 987/1466/2 988/1467/2 1258/1215/2 1257/1214/2
f 988/1467/2 989/1468/2 1259/1216/2 1258/1215/2
f 989/1468/2 990/1469/2 1260/1217/2 1259/1216/2
f 990/1469/2 991/106/2 1261/109/2 1260/1217/2
f 92/1416/51 1010/1417/51 938/1470/51 83/1471/51
f 1010/1417/51 1011/1418/51 939/1472/51 938/1470/51
f 1011/1418/51 1012/1419/51 940/1473/51 939/1472/51
f 1012/1419/51 1013/1420/51 941/1474/51 940/1473/51
f 1013/1420/51 1014/1421/51 942/1475/51 941/1474/51
f 1014/1421/51 1015/1422/51 943/1476/51 942/1475/51
f 1015/1422/51 1016/1423/51 944/1477/51 943/1476/51
f 1016/1423/51 1017/1424/51 945/1478/51 944/1477/51
f 1017/1424/51 1018/1425/51 946/1479/51 945/1478/51
f 1018/1425/51 1019/1426/51 947/1480/51 946/1479/51
f 1019/1426/51 1020/1427/51 948/1481/51 947/1480/51
f 1020/1427/51 1021/1428/51 949/1482/51 948/1481/51
f 1021/1428/51 1022/1429/51 950/1483/51 949/1482/51
f 1022/1429/51 1023/1430/51 951/1484/51 950/1483/51
f 1023/1430/51 1024/1431/51 952/1485/51 951/1484/51
f 1024/1431/51 1025/1432/51 953/1486/51 952/1485/51
f 1025/1432/51 1026/1433/51 954/1487/51 953/1486/51
f 1026/1433/51 1027/102/51 955/105/51 954/1487/51
f 86/1488/1 141/987/1 1477/986/1 973/1489/1
f 973/1489/1 1477/986/1 1476/989/1 972/1490/1
f 972/1490/1 1476/989/1 1475/991/1 971/1491/1
f 971/1491/1 1475/991/1 1474/993/1 970/1492/1
f 970/1492/1 1474/993/1 1473/995/1 969/1493/1
f 969/1493/1 1473/995/1 1472/997/1 968/1494/1
f 968/1494/1 1472/997/1 1471/999/1 967/1495/1
f 967/1495/1 1471/999/1 1470/1001/1 966/1496/1
f 966/1496/1 1470/1001/1 1469/1003/1 965/1497/1
f 965/1497/1 1469/1003/1 1468/1005/1 964/1498/1
f 964/1498/1 1468/1005/1 1467/1007/1 963/1499/1
f 963/1499/1 1467/1007/1 1466/1009/1 962/1500/1
f 962/1500/1 1466/1009/1 1465/1011/1 961/1501/1
f 961/1501/1 1465/1011/1 1464/1013/1 960/1502/1
f 960/1502/1 1464/1013/1 1463/1015/1 959/1503/1
f 959/1503/1 1463/1015/1 1462/1017/1 958/1504/1
f 958/1504/1 1462/1017/1 1461/1019/1 957/1505/1
f 957/1505/1 1461/1019/1 1460/99/1 956/98/1
f 72/82/31 919/1506/50 937/1507/26 70/84/33
f 919/1506/50 918/1508/50 936/1509/26 937/1507/26
f 918/1508/50 917/1510/50 935/1511/26 936/1509/26
f 917/1510/50 916/1512/50 934/1513/26 935/1511/26
f 916/1512/50 915/1514/50 933/1515/26 934/1513/26
f 915/1514/50 914/1516/50 932/1517/26 933/1515/26
f 914/1516/50 913/1518/50 931/1519/26 932/1517/26
f 913/1518/50 912/1520/50 930/1521/26 931/1519/26
f 912/1520/50 911/1522/50 929/1523/26 930/1521/26
f 911/1522/50 910/1524/50 928/1525/26 929/1523/26
f 910/1524/50 909/1526/50 927/1527/26 928/1525/26
f 909/1526/50 908/1528/50 926/1529/26 927/1527/26
f 908/1528/50 907/1530/50 925/1531/26 926/1529/26
f 907/1530/50 906/1532/50 924/1533/26 925/1531/26
f 906/1532/50 905/1534/50 923/1535/26 924/1533/26
f 905/1534/50 904/1536/50 922/1537/26 923/1535/26
f 904/1536/50 903/1538/50 921/1539/26 922/1537/26
f 903/1538/50 902/97/50 920/76/26 921/1539/26
f 71/80/49 901/1540/49 919/1506/50 72/82/31
f 901/1540/49 900/1541/48 918/1508/50 919/1506/50
f 900/1541/48 899/1542/48 917/1510/50 918/1508/50
f 899/1542/48 898/1543/48 916/1512/50 917/1510/50
f 898/1543/48 897/1544/48 915/1514/50 916/1512/50
f 897/1544/48 896/1545/48 914/1516/50 915/1514/50
f 896/1545/48 895/1546/48 913/1518/50 914/1516/50
f 895/1546/48 894/1547/48 912/1520/50 913/1518/50
f 894/1547/48 893/1548/48 911/1522/50 912/1520/50
f 893/1548/48 892/1549/48 910/1524/50 911/1522/50
f 892/1549/48 891/1550/48 909/1526/50 910/1524/50
f 891/1550/48 890/1551/48 908/1528/50 909/1526/50
f 890/1551/48 889/1552/48 907/1530/50 908/1528/50
f 889/1552/48 888/1553/48 906/1532/50 907/1530/50
f 888/1553/48 887/1554/48 905/1534/50 906/1532/50
f 887/1554/48 886/1555/48 904/1536/50 905/1534/50
f 886/1555/48 885/1556/48 903/1538/50 904/1536/50
f 885/1556/48 884/96/48 902/97/50 903/1538/50
f 69/79/46 866/1557/45 901/1540/47 71/80/47
f 866/1557/45 867/1558/45 900/1541/48 901/1540/47
f 867/1558/45 868/1559/45 899/1542/48 900/1541/48
f 868/1559/45 869/1560/45 898/1543/48 899/1542/48
f 869/1560/45 870/1561/45 897/1544/48 898/1543/48
f 870/1561/45 871/1562/45 896/1545/48 897/1544/48
f 871/1562/45 872/1563/45 895/1546/48 896/1545/48
f 872/1563/45 873/1564/45 894/1547/48 895/1546/48
f 873/1564/45 874/1565/45 893/1548/48 894/1547/48
f 874/1565/45 875/1566/45 892/1549/48 893/1548/48
f 875/1566/45 876/1567/45 891/1550/48 892/1549/48
f 876/1567/45 877/1568/45 890/1551/48 891/1550/48
f 877/1568/45 878/1569/45 889/1552/48 890/1551/48
f 878/1569/45 879/1570/45 888/1553/48 889/1552/48
f 879/1570/45 880/1571/45 887/1554/48 888/1553/48
f 880/1571/45 881/1572/45 886/1555/48 887/1554/48
f 881/1572/45 882/1573/45 885/1556/48 886/1555/48
f 882/1573/45 883/95/45 884/96/48 885/1556/48
f 68/81/288 847/1574/289 865/74/24 66/73/23
f 847/1574/289 846/1575/289 864/1576/24 865/74/24
f 846/1575/289 845/1577/289 863/1578/44 864/1576/24
f 845/1577/289 844/1579/42 862/917/44 863/1578/44
f 844/1579/42 843/1580/42 861/918/44 862/917/44
f 843/1580/42 842/1581/42 860/920/44 861/918/44
f 842/1581/42 841/1582/42 859/922/44 860/920/44
f 841/1582/42 840/1583/42 858/924/44 859/922/44
f 840/1583/42 839/1584/42 857/926/44 858/924/44
f 839/1584/42 838/1585/42 856/928/44 857/926/44
f 838/1585/42 837/1586/42 855/930/44 856/928/44
f 837/1586/42 836/1587/42 854/932/44 855/930/44
f 836/1587/42 835/1588/42 853/1589/44 854/932/44
f 835/1588/42 834/1590/42 852/1591/44 853/1589/44
f 834/1590/42 833/1592/42 851/1593/44 852/1591/44
f 833/1592/42 832/1594/42 850/1595/44 851/1593/44
f 832/1594/42 831/1596/42 849/1597/44 850/1595/44
f 831/1596/42 830/93/42 848/94/44 849/1597/44
f 67/83/290 829/1598/290 847/1574/289 68/81/288
f 829/1598/290 828/1599/41 846/1575/289 847/1574/289
f 828/1599/41 827/1600/41 845/1577/289 846/1575/289
f 827/1600/41 826/1601/41 844/1579/41 845/1577/289
f 826/1601/41 825/1602/41 843/1580/41 844/1579/41
f 825/1602/41 824/1603/41 842/1581/41 843/1580/41
f 824/1603/41 823/1604/41 841/1582/41 842/1581/41
f 823/1604/41 822/1605/41 840/1583/41 841/1582/41
f 822/1605/41 821/1606/41 839/1584/41 840/1583/41
f 821/1606/41 820/1607/41 838/1585/41 839/1584/41
f 820/1607/41 819/1608/41 837/1586/41 838/1585/41
f 819/1608/41 818/1609/41 836/1587/41 837/1586/41
f 818/1609/41 817/1610/41 835/1588/41 836/1587/41
f 817/1610/41 816/1611/41 834/1590/41 835/1588/41
f 816/1611/41 815/1612/41 833/1592/41 834/1590/41
f 815/1612/41 814/1613/40 832/1594/41 833/1592/41
f 814/1613/40 813/1614/40 831/1596/41 832/1594/41
f 813/1614/40 812/92/40 830/93/41 831/1596/41
f 65/85/34 794/1615/291 829/1598/292 67/83/32
f 794/1615/291 795/1616/291 828/1599/292 829/1598/292
f 795/1616/291 796/1617/291 827/1600/292 828/1599/292
f 796/1617/291 797/1618/291 826/1601/292 827/1600/292
f 797/1618/291 798/1619/291 825/1602/292 826/1601/292
f 798/1619/291 799/1620/291 824/1603/292 825/1602/292
f 799/1620/291 800/1621/291 823/1604/292 824/1603/292
f 800/1621/291 801/1622/291 822/1605/292 823/1604/292
f 801/1622/291 802/1623/291 821/1606/292 822/1605/292
f 802/1623/291 803/1624/291 820/1607/292 821/1606/292
f 803/1624/291 804/1625/291 819/1608/292 820/1607/292
f 804/1625/291 805/1626/291 818/1609/292 819/1608/292
f 805/1626/291 806/1627/291 817/1610/292 818/1609/292
f 806/1627/291 807/1628/291 816/1611/292 817/1610/292
f 807/1628/291 808/1629/291 815/1612/292 816/1611/292
f 808/1629/291 809/1630/291 814/1613/40 815/1612/292
f 809/1630/291 810/1631/25 813/1614/40 814/1613/40
f 810/1631/25 811/75/25 812/92/40 813/1614/40
f 65/85/34 70/84/33 937/1507/26 794/1615/291
f 794/1615/291 937/1507/26 936/1509/26 795/1616/291
f 795/1616/291 936/1509/26 935/1511/26 796/1617/291
f 796/1617/291 935/1511/26 934/1513/26 797/1618/291
f 797/1618/291 934/1513/26 933/1515/26 798/1619/291
f 798/1619/291 933/1515/26 932/1517/26 799/1620/291
f 799/1620/291 932/1517/26 931/1519/26 800/1621/291
f 800/1621/291 931/1519/26 930/1521/26 801/1622/291
f 801/1622/291 930/1521/26 929/1523/26 802/1623/291
f 802/1623/291 929/1523/26 928/1525/26 803/1624/291
f 803/1624/291 928/1525/26 927/1527/26 804/1625/291
f 804/1625/291 927/1527/26 926/1529/26 805/1626/291
f 805/1626/291 926/1529/26 925/1531/26 806/1627/291
f 806/1627/291 925/1531/26 924/1533/26 807/1628/291
f 807/1628/291 924/1533/26 923/1535/26 808/1629/291
f 808/1629/291 923/1535/26 922/1537/26 809/1630/291
f 809/1630/291 922/1537/26 921/1539/26 810/1631/25
f 810/1631/25 921/1539/26 920/76/26 811/75/25
f 758/71/5 865/74/24 864/1576/24 759/1632/5
f 759/1632/5 864/1576/24 863/1578/44 760/1633/5
f 760/1633/5 863/1578/44 862/917/44 761/916/5
f 769/933/5 854/932/44 853/1589/44 770/1634/5
f 770/1634/5 853/1589/44 852/1591/44 771/1635/5
f 771/1635/5 852/1591/44 851/1593/44 772/1636/5
f 772/1636/5 851/1593/44 850/1595/44 773/1637/5
f 773/1637/5 850/1595/44 849/1597/44 774/1638/5
f 774/1638/5 849/1597/44 848/94/44 775/1639/5
f 775/1639/5 848/94/44 77/87/43 64/1640/5
f 181/1641/293 61/1642/1 758/1643/1 2075/1644/294
f 2075/1644/294 758/1643/1 759/1645/1 2074/247/69
f 2074/247/69 759/1645/1 760/1646/1 2073/248/70
f 2073/248/70 760/1646/1 761/1647/1 2072/1648/295
f 2072/1648/295 761/1647/1 762/1649/1 2071/255/77
f 2071/255/77 762/1649/1 763/1650/1 2070/256/78
f 2070/256/78 763/1650/1 764/1651/1 2069/1652/296
f 2069/1652/296 764/1651/1 765/1653/1 2068/1654/297
f 2068/1654/297 765/1653/1 766/1655/298 2067/1656/299
f 2067/1656/299 766/1655/298 767/1657/300 2066/1658/301
f 2066/1658/301 767/1657/300 768/1659/302 2065/1660/303
f 2065/1660/303 768/1659/302 769/1661/304 2064/266/88
f 2064/266/88 769/1661/304 770/1662/1 2063/267/89
f 2063/267/89 770/1662/1 771/1663/1 2062/269/91
f 2432/1664/305 2433/1665/306 2440/1666/307 2436/1667/308
f 2419/1668/309 2430/1669/310 2426/1670/311 2418/1671/312
f 2061/276/98 774/1672/313 775/68/1 2060/67/1
f 3/1673/5 289/1674/5 506/40/5 9/39/5
f 289/1674/5 288/1675/22 507/1676/5 506/40/5
f 288/1675/22 287/1677/314 508/1678/5 507/1676/5
f 287/1677/314 286/1679/314 509/1680/5 508/1678/5
f 286/1679/314 285/1681/314 510/1682/5 509/1680/5
f 285/1681/314 284/1683/314 511/1684/5 510/1682/5
f 284/1683/314 283/1685/314 512/1686/5 511/1684/5
f 283/1685/314 282/1687/314 513/1688/5 512/1686/5
f 282/1687/314 281/1689/314 514/1690/5 513/1688/5
f 281/1689/314 280/1691/314 515/1692/5 514/1690/5
f 280/1691/314 279/1693/314 516/1694/5 515/1692/5
f 279/1693/314 278/1695/314 517/1696/5 516/1694/5
f 278/1695/314 277/1697/314 518/1698/5 517/1696/5
f 277/1697/314 276/1699/314 519/1700/5 518/1698/5
f 276/1699/314 275/1701/314 520/1702/5 519/1700/5
f 275/1701/314 274/1703/314 521/1704/5 520/1702/5
f 274/1703/314 273/1705/314 522/1706/22 521/1704/5
f 273/1705/314 272/63/22 523/66/22 522/1706/22
f 34/1707/1 739/1708/1 757/1709/1 23/1710/1
f 739/1708/1 738/1711/1 756/1712/1 757/1709/1
f 738/1711/1 737/1713/1 755/1714/1 756/1712/1
f 737/1713/1 736/1715/1 754/1716/1 755/1714/1
f 736/1715/1 735/1717/1 753/1718/1 754/1716/1
f 735/1717/1 734/1719/1 752/1720/1 753/1718/1
f 734/1719/1 733/1721/1 751/1722/1 752/1720/1
f 733/1721/1 732/1723/1 750/1724/1 751/1722/1
f 732/1723/1 731/1725/1 749/1726/1 750/1724/1
f 731/1725/1 730/1727/1 748/1728/1 749/1726/1
f 730/1727/1 729/1729/1 747/1730/1 748/1728/1
f 729/1729/1 728/1731/1 746/1732/1 747/1730/1
f 728/1731/1 727/1733/1 745/1734/1 746/1732/1
f 727/1733/1 726/1735/1 744/1736/1 745/1734/1
f 726/1735/1 725/1737/1 743/1738/1 744/1736/1
f 725/1737/1 724/1739/1 742/1740/1 743/1738/1
f 724/1739/1 723/1741/1 741/1742/1 742/1740/1
f 723/1741/1 722/62/1 740/2/1 741/1742/1
f 33/1743/2 721/1744/2 739/1708/2 34/1707/2
f 721/1744/2 720/1745/2 738/1711/2 739/1708/2
f 720/1745/2 719/1746/2 737/1713/2 738/1711/2
f 719/1746/2 718/1747/2 736/1715/2 737/1713/2
f 718/1747/2 717/1748/2 735/1717/2 736/1715/2
f 717/1748/2 716/1749/2 734/1719/2 735/1717/2
f 716/1749/2 715/1750/2 733/1721/2 734/1719/2
f 715/1750/2 714/1751/2 732/1723/2 733/1721/2
f 714/1751/2 713/1752/2 731/1725/2 732/1723/2
f 713/1752/2 712/1753/2 730/1727/2 731/1725/2
f 712/1753/2 711/1754/2 729/1729/2 730/1727/2
f 711/1754/2 710/1755/2 728/1731/2 729/1729/2
f 710/1755/2 709/1756/2 727/1733/2 728/1731/2
f 709/1756/2 708/1757/2 726/1735/2 727/1733/2
f 708/1757/2 707/1758/2 725/1737/2 726/1735/2
f 707/1758/2 706/1759/2 724/1739/2 725/1737/2
f 706/1759/2 705/1760/2 723/1741/2 724/1739/2
f 705/1760/2 704/60/2 722/62/2 723/1741/2
f 32/1761/1 703/1762/1 721/1744/1 33/1743/1
f 703/1762/1 702/1763/1 720/1745/1 721/1744/1
f 702/1763/1 701/1764/1 719/1746/1 720/1745/1
f 701/1764/1 700/1765/1 718/1747/1 719/1746/1
f 700/1765/1 699/1766/1 717/1748/1 718/1747/1
f 699/1766/1 698/1767/1 716/1749/1 717/1748/1
f 698/1767/1 697/1768/1 715/1750/1 716/1749/1
f 697/1768/1 696/1769/1 714/1751/1 715/1750/1
f 696/1769/1 695/1770/1 713/1752/1 714/1751/1
f 695/1770/1 694/1771/1 712/1753/1 713/1752/1
f 694/1771/1 693/1772/1 711/1754/1 712/1753/1
f 693/1772/1 692/1773/1 710/1755/1 711/1754/1
f 692/1773/1 691/1774/1 709/1756/1 710/1755/1
f 691/1774/1 690/1775/1 708/1757/1 709/1756/1
f 690/1775/1 689/1776/1 707/1758/1 708/1757/1
f 689/1776/1 688/1777/1 706/1759/1 707/1758/1
f 688/1777/1 687/1778/1 705/1760/1 706/1759/1
f 687/1778/1 686/58/1 704/60/1 705/1760/1
f 31/1779/21 685/1780/21 703/1762/21 32/1761/21
f 685/1780/21 684/1781/21 702/1763/21 703/1762/21
f 684/1781/21 683/1782/21 701/1764/21 702/1763/21
f 683/1782/21 682/1783/21 700/1765/21 701/1764/21
f 682/1783/21 681/1784/21 699/1766/21 700/1765/21
f 681/1784/21 680/1785/21 698/1767/21 699/1766/21
f 680/1785/21 679/1786/21 697/1768/21 698/1767/21
f 679/1786/21 678/1787/21 696/1769/21 697/1768/21
f 678/1787/21 677/1788/21 695/1770/21 696/1769/21
f 677/1788/21 676/1789/21 694/1771/21 695/1770/21
f 676/1789/21 675/1790/21 693/1772/21 694/1771/21
f 675/1790/21 674/1791/21 692/1773/21 693/1772/21
f 674/1791/21 673/1792/21 691/1774/21 692/1773/21
f 673/1792/21 672/1793/21 690/1775/21 691/1774/21
f 672/1793/21 671/1794/21 689/1776/21 690/1775/21
f 671/1794/21 670/1795/21 688/1777/21 689/1776/21
f 670/1795/21 669/1796/21 687/1778/21 688/1777/21
f 669/1796/21 668/56/21 686/58/21 687/1778/21
f 30/1797/19 667/1798/19 685/1780/20 31/1779/20
f 667/1798/19 666/1799/19 684/1781/20 685/1780/20
f 666/1799/19 665/1800/19 683/1782/20 684/1781/20
f 665/1800/19 664/1801/19 682/1783/20 683/1782/20
f 664/1801/19 663/1802/19 681/1784/20 682/1783/20
f 663/1802/19 662/1803/19 680/1785/20 681/1784/20
f 662/1803/19 661/1804/19 679/1786/20 680/1785/20
f 661/1804/19 660/1805/19 678/1787/20 679/1786/20
f 660/1805/19 659/1806/19 677/1788/20 678/1787/20
f 659/1806/19 658/1807/19 676/1789/20 677/1788/20
f 658/1807/19 657/1808/19 675/1790/20 676/1789/20
f 657/1808/19 656/1809/19 674/1791/20 675/1790/20
f 656/1809/19 655/1810/19 673/1792/20 674/1791/20
f 655/1810/19 654/1811/19 672/1793/20 673/1792/20
f 654/1811/19 653/1812/19 671/1794/20 672/1793/20
f 653/1812/19 652/1813/19 670/1795/20 671/1794/20
f 652/1813/19 651/1814/19 669/1796/20 670/1795/20
f 651/1814/19 650/54/19 668/56/20 669/1796/20
f 29/1815/18 649/1816/18 667/1798/19 30/1797/19
f 649/1816/18 648/1817/18 666/1799/19 667/1798/19
f 648/1817/18 647/1818/18 665/1800/19 666/1799/19
f 647/1818/18 646/1819/18 664/1801/19 665/1800/19
f 646/1819/18 645/1820/18 663/1802/19 664/1801/19
f 645/1820/18 644/1821/18 662/1803/19 663/1802/19
f 644/1821/18 643/1822/18 661/1804/19 662/1803/19
f 643/1822/18 642/1823/18 660/1805/19 661/1804/19
f 642/1823/18 641/1824/18 659/1806/19 660/1805/19
f 641/1824/18 640/1825/18 658/1807/19 659/1806/19
f 640/1825/18 639/1826/18 657/1808/19 658/1807/19
f 639/1826/18 638/1827/18 656/1809/19 657/1808/19
f 638/1827/18 637/1828/18 655/1810/19 656/1809/19
f 637/1828/18 636/1829/18 654/1811/19 655/1810/19
f 636/1829/18 635/1830/18 653/1812/19 654/1811/19
f 635/1830/18 634/1831/18 652/1813/19 653/1812/19
f 634/1831/18 633/1832/18 651/1814/19 652/1813/19
f 633/1832/18 632/52/18 650/54/19 651/1814/19
f 28/1833/17 631/1834/17 649/1816/18 29/1815/18
f 631/1834/17 630/1835/17 648/1817/18 649/1816/18
f 630/1835/17 629/1836/17 647/1818/18 648/1817/18
f 629/1836/17 628/1837/60 646/1819/18 647/1818/18
f 628/1837/60 627/1838/17 645/1820/18 646/1819/18
f 627/1838/17 626/1839/17 644/1821/18 645/1820/18
f 626/1839/17 625/1840/17 643/1822/18 644/1821/18
f 625/1840/17 624/1841/17 642/1823/18 643/1822/18
f 624/1841/17 623/1842/60 641/1824/18 642/1823/18
f 623/1842/60 622/1843/17 640/1825/18 641/1824/18
f 622/1843/17 621/1844/17 639/1826/18 640/1825/18
f 621/1844/17 620/1845/17 638/1827/18 639/1826/18
f 620/1845/17 619/1846/60 637/1828/18 638/1827/18
f 619/1846/60 618/1847/60 636/1829/18 637/1828/18
f 618/1847/60 617/1848/17 635/1830/18 636/1829/18
f 617/1848/17 616/1849/17 634/1831/18 635/1830/18
f 616/1849/17 615/1850/17 633/1832/18 634/1831/18
f 615/1850/17 614/50/17 632/52/18 633/1832/18
f 27/1851/16 613/1852/16 631/1834/16 28/1833/16
f 613/1852/16 612/1853/16 630/1835/16 631/1834/16
f 612/1853/16 611/1854/16 629/1836/16 630/1835/16
f 611/1854/16 610/1855/16 628/1837/16 629/1836/16
f 610/1855/16 609/1856/16 627/1838/16 628/1837/16
f 609/1856/16 608/1857/16 626/1839/16 627/1838/16
f 608/1857/16 607/1858/16 625/1840/16 626/1839/16
f 607/1858/16 606/1859/16 624/1841/16 625/1840/16
f 606/1859/16 605/1860/16 623/1842/16 624/1841/16
f 605/1860/16 604/1861/16 622/1843/16 623/1842/16
f 604/1861/16 603/1862/16 621/1844/16 622/1843/16
f 603/1862/16 602/1863/16 620/1845/16 621/1844/16
f 602/1863/16 601/1864/16 619/1846/16 620/1845/16
f 601/1864/16 600/1865/16 618/1847/16 619/1846/16
f 600/1865/16 599/1866/16 617/1848/16 618/1847/16
f 599/1866/16 598/1867/16 616/1849/16 617/1848/16
f 598/1867/16 597/1868/16 615/1850/16 616/1849/16
f 597/1868/16 596/48/16 614/50/16 615/1850/16
f 26/1869/1 595/1870/1 613/1852/1 27/1851/1
f 595/1870/1 594/1871/1 612/1853/1 613/1852/1
f 594/1871/1 593/1872/1 611/1854/1 612/1853/1
f 593/1872/1 592/1873/1 610/1855/1 611/1854/1
f 592/1873/1 591/1874/1 609/1856/1 610/1855/1
f 591/1874/1 590/1875/1 608/1857/1 609/1856/1
f 590/1875/1 589/1876/1 607/1858/1 608/1857/1
f 589/1876/1 588/1877/1 606/1859/1 607/1858/1
f 588/1877/1 587/1878/1 605/1860/1 606/1859/1
f 587/1878/1 586/1879/1 604/1861/1 605/1860/1
f 586/1879/1 585/1880/1 603/1862/1 604/1861/1
f 585/1880/1 584/1881/1 602/1863/1 603/1862/1
f 584/1881/1 583/1882/1 601/1864/1 602/1863/1
f 583/1882/1 582/1883/1 600/1865/1 601/1864/1
f 582/1883/1 581/1884/1 599/1866/1 600/1865/1
f 581/1884/1 580/1885/1 598/1867/1 599/1866/1
f 580/1885/1 579/1886/1 597/1868/1 598/1867/1
f 579/1886/1 578/46/1 596/48/1 597/1868/1
f 25/1887/287 577/1888/287 595/1870/287 26/1869/287
f 577/1888/287 576/1889/287 594/1871/287 595/1870/287
f 576/1889/287 575/1890/287 593/1872/287 594/1871/287
f 575/1890/287 574/1891/287 592/1873/287 593/1872/287
f 574/1891/287 573/1892/287 591/1874/287 592/1873/287
f 573/1892/287 572/1893/15 590/1875/15 591/1874/287
f 572/1893/15 571/1894/15 589/1876/15 590/1875/15
f 571/1894/15 570/1895/15 588/1877/15 589/1876/15
f 570/1895/15 569/1896/15 587/1878/15 588/1877/15
f 569/1896/15 568/1897/15 586/1879/15 587/1878/15
f 568/1897/15 567/1898/15 585/1880/15 586/1879/15
f 567/1898/15 566/1899/15 584/1881/15 585/1880/15
f 566/1899/15 565/1900/15 583/1882/15 584/1881/15
f 565/1900/15 564/1901/15 582/1883/15 583/1882/15
f 564/1901/15 563/1902/15 581/1884/15 582/1883/15
f 563/1902/15 562/1903/15 580/1885/15 581/1884/15
f 562/1903/15 561/1904/15 579/1886/15 580/1885/15
f 561/1904/15 560/44/15 578/46/15 579/1886/15
f 24/1905/13 559/1906/14 577/1888/14 25/1887/13
f 559/1906/14 558/1907/13 576/1889/13 577/1888/14
f 558/1907/13 557/1908/13 575/1890/13 576/1889/13
f 557/1908/13 556/1909/13 574/1891/13 575/1890/13
f 556/1909/13 555/1910/13 573/1892/13 574/1891/13
f 555/1910/13 554/1911/13 572/1893/13 573/1892/13
f 554/1911/13 553/1912/13 571/1894/13 572/1893/13
f 553/1912/13 552/1913/13 570/1895/13 571/1894/13
f 552/1913/13 551/1914/13 569/1896/13 570/1895/13
f 551/1914/13 550/1915/13 568/1897/13 569/1896/13
f 550/1915/13 549/1916/13 567/1898/13 568/1897/13
f 549/1916/13 548/1917/13 566/1899/13 567/1898/13
f 548/1917/13 547/1918/13 565/1900/13 566/1899/13
f 547/1918/13 546/1919/14 564/1901/14 565/1900/13
f 546/1919/14 545/1920/13 563/1902/13 564/1901/14
f 545/1920/13 544/1921/13 562/1903/13 563/1902/13
f 544/1921/13 543/1922/13 561/1904/13 562/1903/13
f 543/1922/13 542/42/13 560/44/13 561/1904/13
f 22/1923/2 524/1924/2 559/1906/2 24/1905/2
f 524/1924/2 525/1925/2 558/1907/2 559/1906/2
f 525/1925/2 526/1926/2 557/1908/2 558/1907/2
f 526/1926/2 527/1927/2 556/1909/2 557/1908/2
f 527/1927/2 528/1928/2 555/1910/2 556/1909/2
f 528/1928/2 529/1929/2 554/1911/2 555/1910/2
f 529/1929/2 530/1930/2 553/1912/2 554/1911/2
f 530/1930/2 531/1931/2 552/1913/2 553/1912/2
f 531/1931/2 532/1932/2 551/1914/2 552/1913/2
f 532/1932/2 533/1933/2 550/1915/2 551/1914/2
f 533/1933/2 534/1934/2 549/1916/2 550/1915/2
f 534/1934/2 535/1935/2 548/1917/2 549/1916/2
f 535/1935/2 536/1936/2 547/1918/2 548/1917/2
f 536/1936/2 537/1937/2 546/1919/2 547/1918/2
f 537/1937/2 538/1938/2 545/1920/2 546/1919/2
f 538/1938/2 539/1939/2 544/1921/2 545/1920/2
f 539/1939/2 540/1940/2 543/1922/2 544/1921/2
f 540/1940/2 541/12/2 542/42/2 543/1922/2
f 60/1941/5 505/1942/5 523/66/22 49/65/22
f 505/1942/5 504/1943/12 522/1706/22 523/66/22
f 504/1943/12 503/1944/12 521/1704/5 522/1706/22
f 503/1944/12 502/1945/12 520/1702/5 521/1704/5
f 502/1945/12 501/1946/12 519/1700/5 520/1702/5
f 501/1946/12 500/1947/12 518/1698/5 519/1700/5
f 500/1947/12 499/1948/12 517/1696/5 518/1698/5
f 499/1948/12 498/1949/12 516/1694/5 517/1696/5
f 498/1949/12 497/1950/12 515/1692/5 516/1694/5
f 497/1950/12 496/1951/12 514/1690/5 515/1692/5
f 496/1951/12 495/1952/12 513/1688/5 514/1690/5
f 495/1952/12 494/1953/12 512/1686/5 513/1688/5
f 494/1953/12 493/1954/12 511/1684/5 512/1686/5
f 493/1954/12 492/1955/12 510/1682/5 511/1684/5
f 492/1955/12 491/1956/12 509/1680/5 510/1682/5
f 491/1956/12 490/1957/12 508/1678/5 509/1680/5
f 490/1957/12 489/1958/12 507/1676/5 508/1678/5
f 489/1958/12 488/38/12 506/40/5 507/1676/5
f 59/1959/1 487/1960/1 505/1942/1 60/1941/1
f 487/1960/1 486/1961/1 504/1943/1 505/1942/1
f 486/1961/1 485/1962/1 503/1944/1 504/1943/1
f 485/1962/1 484/1963/1 502/1945/1 503/1944/1
f 484/1963/1 483/1964/1 501/1946/1 502/1945/1
f 483/1964/1 482/1965/1 500/1947/1 501/1946/1
f 482/1965/1 481/1966/1 499/1948/1 500/1947/1
f 481/1966/1 480/1967/1 498/1949/1 499/1948/1
f 480/1967/1 479/1968/1 497/1950/1 498/1949/1
f 479/1968/1 478/1969/1 496/1951/1 497/1950/1
f 478/1969/1 477/1970/1 495/1952/1 496/1951/1
f 477/1970/1 476/1971/1 494/1953/1 495/1952/1
f 476/1971/1 475/1972/1 493/1954/1 494/1953/1
f 475/1972/1 474/1973/1 492/1955/1 493/1954/1
f 474/1973/1 473/1974/1 491/1956/1 492/1955/1
f 473/1974/1 472/1975/1 490/1957/1 491/1956/1
f 472/1975/1 471/1976/1 489/1958/1 490/1957/1
f 471/1976/1 470/36/1 488/38/1 489/1958/1
f 58/1977/5 469/1978/5 487/1960/5 59/1959/5
f 469/1978/5 468/1979/5 486/1961/5 487/1960/5
f 468/1979/5 467/1980/5 485/1962/5 486/1961/5
f 467/1980/5 466/1981/5 484/1963/5 485/1962/5
f 466/1981/5 465/1982/5 483/1964/5 484/1963/5
f 465/1982/5 464/1983/5 482/1965/5 483/1964/5
f 464/1983/5 463/1984/5 481/1966/5 482/1965/5
f 463/1984/5 462/1985/5 480/1967/5 481/1966/5
f 462/1985/5 461/1986/5 479/1968/5 480/1967/5
f 461/1986/5 460/1987/5 478/1969/5 479/1968/5
f 460/1987/5 459/1988/5 477/1970/5 478/1969/5
f 459/1988/5 458/1989/5 476/1971/5 477/1970/5
f 458/1989/5 457/1990/5 475/1972/5 476/1971/5
f 457/1990/5 456/1991/5 474/1973/5 475/1972/5
f 456/1991/5 455/1992/5 473/1974/5 474/1973/5
f 455/1992/5 454/1993/5 472/1975/5 473/1974/5
f 454/1993/5 453/1994/5 471/1976/5 472/1975/5
f 453/1994/5 452/34/5 470/36/5 471/1976/5
f 57/1995/11 451/1996/11 469/1978/11 58/1977/11
f 451/1996/11 450/1997/11 468/1979/11 469/1978/11
f 450/1997/11 449/1998/11 467/1980/11 468/1979/11
f 449/1998/11 448/1999/11 466/1981/11 467/1980/11
f 448/1999/11 447/2000/11 465/1982/11 466/1981/11
f 447/2000/11 446/2001/11 464/1983/11 465/1982/11
f 446/2001/11 445/2002/11 463/1984/11 464/1983/11
f 445/2002/11 444/2003/11 462/1985/11 463/1984/11
f 444/2003/11 443/2004/11 461/1986/11 462/1985/11
f 443/2004/11 442/2005/11 460/1987/11 461/1986/11
f 442/2005/11 441/2006/11 459/1988/11 460/1987/11
f 441/2006/11 440/2007/11 458/1989/11 459/1988/11
f 440/2007/11 439/2008/11 457/1990/11 458/1989/11
f 439/2008/11 438/2009/11 456/1991/11 457/1990/11
f 438/2009/11 437/2010/11 455/1992/11 456/1991/11
f 437/2010/11 436/2011/11 454/1993/11 455/1992/11
f 436/2011/11 435/2012/11 453/1994/11 454/1993/11
f 435/2012/11 434/32/11 452/34/11 453/1994/11
f 56/2013/9 433/2014/9 451/1996/315 57/1995/315
f 433/2014/9 432/2015/9 450/1997/10 451/1996/315
f 432/2015/9 431/2016/9 449/1998/10 450/1997/10
f 431/2016/9 430/2017/9 448/1999/10 449/1998/10
f 430/2017/9 429/2018/9 447/2000/10 448/1999/10
f 429/2018/9 428/2019/9 446/2001/10 447/2000/10
f 428/2019/9 427/2020/9 445/2002/10 446/2001/10
f 427/2020/9 426/2021/9 444/2003/10 445/2002/10
f 426/2021/9 425/2022/9 443/2004/10 444/2003/10
f 425/2022/9 424/2023/9 442/2005/10 443/2004/10
f 424/2023/9 423/2024/9 441/2006/10 442/2005/10
f 423/2024/9 422/2025/9 440/2007/10 441/2006/10
f 422/2025/9 421/2026/9 439/2008/10 440/2007/10
f 421/2026/9 420/2027/9 438/2009/10 439/2008/10
f 420/2027/9 419/2028/9 437/2010/10 438/2009/10
f 419/2028/9 418/2029/9 436/2011/10 437/2010/10
f 418/2029/9 417/2030/9 435/2012/10 436/2011/10
f 417/2030/9 416/30/9 434/32/10 435/2012/10
f 55/2031/316 415/2032/316 433/2014/9 56/2013/9
f 415/2032/316 414/2033/316 432/2015/9 433/2014/9
f 414/2033/316 413/2034/8 431/2016/9 432/2015/9
f 413/2034/8 412/2035/8 430/2017/9 431/2016/9
f 412/2035/8 411/2036/8 429/2018/9 430/2017/9
f 411/2036/8 410/2037/8 428/2019/9 429/2018/9
f 410/2037/8 409/2038/8 427/2020/9 428/2019/9
f 409/2038/8 408/2039/8 426/2021/9 427/2020/9
f 408/2039/8 407/2040/8 425/2022/9 426/2021/9
f 407/2040/8 406/2041/8 424/2023/9 425/2022/9
f 406/2041/8 405/2042/8 423/2024/9 424/2023/9
f 405/2042/8 404/2043/8 422/2025/9 423/2024/9
f 404/2043/8 403/2044/8 421/2026/9 422/2025/9
f 403/2044/8 402/2045/8 420/2027/9 421/2026/9
f 402/2045/8 401/2046/8 419/2028/9 420/2027/9
f 401/2046/8 400/2047/8 418/2029/9 419/2028/9
f 400/2047/8 399/2048/8 417/2030/9 418/2029/9
f 399/2048/8 398/28/8 416/30/9 417/2030/9
f 54/2049/317 397/2050/7 415/2032/316 55/2031/316
f 397/2050/7 396/2051/7 414/2033/316 415/2032/316
f 396/2051/7 395/2052/7 413/2034/8 414/2033/316
f 395/2052/7 394/2053/7 412/2035/8 413/2034/8
f 394/2053/7 393/2054/7 411/2036/8 412/2035/8
f 393/2054/7 392/2055/7 410/2037/8 411/2036/8
f 392/2055/7 391/2056/7 409/2038/8 410/2037/8
f 391/2056/7 390/2057/7 408/2039/8 409/2038/8
f 390/2057/7 389/2058/7 407/2040/8 408/2039/8
f 389/2058/7 388/2059/7 406/2041/8 407/2040/8
f 388/2059/7 387/2060/7 405/2042/8 406/2041/8
f 387/2060/7 386/2061/7 404/2043/8 405/2042/8
f 386/2061/7 385/2062/7 403/2044/8 404/2043/8
f 385/2062/7 384/2063/7 402/2045/8 403/2044/8
f 384/2063/7 383/2064/7 401/2046/8 402/2045/8
f 383/2064/7 382/2065/7 400/2047/8 401/2046/8
f 382/2065/7 381/2066/7 399/2048/8 400/2047/8
f 381/2066/7 380/26/7 398/28/8 399/2048/8
f 53/2067/6 379/2068/6 397/2050/6 54/2049/6
f 379/2068/6 378/2069/6 396/2051/6 397/2050/6
f 378/2069/6 377/2070/6 395/2052/6 396/2051/6
f 377/2070/6 376/2071/6 394/2053/6 395/2052/6
f 376/2071/6 375/2072/6 393/2054/6 394/2053/6
f 375/2072/6 374/2073/6 392/2055/6 393/2054/6
f 374/2073/6 373/2074/6 391/2056/6 392/2055/6
f 373/2074/6 372/2075/6 390/2057/6 391/2056/6
f 372/2075/6 371/2076/6 389/2058/6 390/2057/6
f 371/2076/6 370/2077/6 388/2059/6 389/2058/6
f 370/2077/6 369/2078/6 387/2060/6 388/2059/6
f 369/2078/6 368/2079/6 386/2061/6 387/2060/6
f 368/2079/6 367/2080/6 385/2062/6 386/2061/6
f 367/2080/6 366/2081/6 384/2063/6 385/2062/6
f 366/2081/6 365/2082/6 383/2064/6 384/2063/6
f 365/2082/6 364/2083/6 382/2065/6 383/2064/6
f 364/2083/6 363/2084/6 381/2066/6 382/2065/6
f 363/2084/6 362/24/6 380/26/6 381/2066/6
f 52/2085/5 361/2086/5 379/2068/5 53/2067/5
f 361/2086/5 360/2087/5 378/2069/5 379/2068/5
f 360/2087/5 359/2088/5 377/2070/5 378/2069/5
f 359/2088/5 358/2089/5 376/2071/5 377/2070/5
f 358/2089/5 357/2090/5 375/2072/5 376/2071/5
f 357/2090/5 356/2091/5 374/2073/5 375/2072/5
f 356/2091/5 355/2092/5 373/2074/5 374/2073/5
f 355/2092/5 354/2093/5 372/2075/5 373/2074/5
f 354/2093/5 353/2094/5 371/2076/5 372/2075/5
f 353/2094/5 352/2095/5 370/2077/5 371/2076/5
f 352/2095/5 351/2096/5 369/2078/5 370/2077/5
f 351/2096/5 350/2097/5 368/2079/5 369/2078/5
f 350/2097/5 349/2098/5 367/2080/5 368/2079/5
f 349/2098/5 348/2099/5 366/2081/5 367/2080/5
f 348/2099/5 347/2100/5 365/2082/5 366/2081/5
f 347/2100/5 346/2101/5 364/2083/5 365/2082/5
f 346/2101/5 345/2102/5 363/2084/5 364/2083/5
f 345/2102/5 344/22/5 362/24/5 363/2084/5
f 51/2103/4 343/2104/4 361/2086/4 52/2085/4
f 343/2104/4 342/2105/4 360/2087/4 361/2086/4
f 342/2105/4 341/2106/4 359/2088/4 360/2087/4
f 341/2106/4 340/2107/4 358/2089/4 359/2088/4
f 340/2107/4 339/2108/4 357/2090/4 358/2089/4
f 339/2108/4 338/2109/4 356/2091/4 357/2090/4
f 338/2109/4 337/2110/4 355/2092/4 356/2091/4
f 337/2110/4 336/2111/4 354/2093/4 355/2092/4
f 336/2111/4 335/2112/4 353/2094/4 354/2093/4
f 335/2112/4 334/2113/4 352/2095/4 353/2094/4
f 334/2113/4 333/2114/4 351/2096/4 352/2095/4
f 333/2114/4 332/2115/4 350/2097/4 351/2096/4
f 332/2115/4 331/2116/4 349/2098/4 350/2097/4
f 331/2116/4 330/2117/4 348/2099/4 349/2098/4
f 330/2117/4 329/2118/4 347/2100/4 348/2099/4
f 329/2118/4 328/2119/4 346/2101/4 347/2100/4
f 328/2119/4 327/2120/4 345/2102/4 346/2101/4
f 327/2120/4 326/20/4 344/22/4 345/2102/4
f 50/2121/3 325/2122/3 343/2104/3 51/2103/3
f 325/2122/3 324/2123/3 342/2105/3 343/2104/3
f 324/2123/3 323/2124/3 341/2106/3 342/2105/3
f 323/2124/3 322/2125/3 340/2107/3 341/2106/3
f 322/2125/3 321/2126/3 339/2108/3 340/2107/3
f 321/2126/3 320/2127/3 338/2109/3 339/2108/3
f 320/2127/3 319/2128/3 337/2110/3 338/2109/3
f 319/2128/3 318/2129/3 336/2111/3 337/2110/3
f 318/2129/3 317/2130/3 335/2112/3 336/2111/3
f 317/2130/3 316/2131/3 334/2113/3 335/2112/3
f 316/2131/3 315/2132/3 333/2114/3 334/2113/3
f 315/2132/3 314/2133/3 332/2115/3 333/2114/3
f 314/2133/3 313/2134/3 331/2116/3 332/2115/3
f 313/2134/3 312/2135/3 330/2117/3 331/2116/3
f 312/2135/3 311/2136/3 329/2118/3 330/2117/3
f 311/2136/3 310/2137/3 328/2119/3 329/2118/3
f 310/2137/3 309/2138/3 327/2120/3 328/2119/3
f 309/2138/3 308/18/3 326/20/3 327/2120/3
f 48/2139/1 290/2140/1 325/2122/1 50/2121/1
f 290/2140/1 291/2141/1 324/2123/1 325/2122/1
f 291/2141/1 292/2142/1 323/2124/1 324/2123/1
f 292/2142/1 293/2143/1 322/2125/1 323/2124/1
f 293/2143/1 294/2144/1 321/2126/1 322/2125/1
f 294/2144/1 295/2145/1 320/2127/1 321/2126/1
f 295/2145/1 296/2146/1 319/2128/1 320/2127/1
f 296/2146/1 297/2147/1 318/2129/1 319/2128/1
f 297/2147/1 298/2148/1 317/2130/1 318/2129/1
f 298/2148/1 299/2149/1 316/2131/1 317/2130/1
f 299/2149/1 300/2150/1 315/2132/1 316/2131/1
f 300/2150/1 301/2151/1 314/2133/1 315/2132/1
f 301/2151/1 302/2152/1 313/2134/1 314/2133/1
f 302/2152/1 303/2153/1 312/2135/1 313/2134/1
f 303/2153/1 304/2154/1 311/2136/1 312/2135/1
f 304/2154/1 305/2155/1 310/2137/1 311/2136/1
f 305/2155/1 306/2156/1 309/2138/1 310/2137/1
f 306/2156/1 307/5/1 308/18/1 309/2138/1
f 62/2157/1 2/2158/1 272/2159/1 776/2160/1
f 776/2160/1 272/2159/1 273/2161/1 777/2162/1
f 777/2162/1 273/2161/1 274/2163/1 778/2164/1
f 778/2164/1 274/2163/1 275/2165/1 779/2166/1
f 779/2166/1 275/2165/1 276/2167/1 780/2168/1
f 780/2168/1 276/2167/1 277/2169/1 781/2170/1
f 781/2170/1 277/2169/1 278/2171/1 782/2172/1
f 782/2172/1 278/2171/1 279/2173/1 783/2174/1
f 783/2174/1 279/2173/1 280/2175/1 784/2176/1
f 784/2176/1 280/2175/1 281/2177/1 785/2178/1
f 785/2178/1 281/2177/1 282/2179/1 786/2180/1
f 786/2180/1 282/2179/1 283/2181/1 787/2182/1
f 787/2182/1 283/2181/1 284/2183/1 788/2184/1
f 788/2184/1 284/2183/1 285/2185/1 789/2186/1
f 789/2186/1 285/2185/1 286/2187/1 790/2188/1
f 790/2188/1 286/2187/1 287/2189/1 791/2190/1
f 791/2190/1 287/2189/1 288/2191/1 792/2192/1
f 792/2192/1 288/2191/1 289/14/1 793/13/1
f 1/2193/2 254/2194/2 524/1924/2 22/1923/2
f 254/2194/2 255/2195/2 525/1925/2 524/1924/2
f 255/2195/2 256/2196/2 526/1926/2 525/1925/2
f 256/2196/2 257/2197/2 527/1927/2 526/1926/2
f 257/2197/2 258/2198/2 528/1928/2 527/1927/2
f 258/2198/2 259/2199/2 529/1929/2 528/1928/2
f 259/2199/2 260/2200/2 530/1930/2 529/1929/2
f 260/2200/2 261/2201/2 531/1931/2 530/1930/2
f 261/2201/2 262/2202/2 532/1932/2 531/1931/2
f 262/2202/2 263/2203/2 533/1933/2 532/1932/2
f 263/2203/2 264/2204/2 534/1934/2 533/1933/2
f 264/2204/2 265/2205/2 535/1935/2 534/1934/2
f 265/2205/2 266/2206/2 536/1936/2 535/1935/2
f 266/2206/2 267/2207/2 537/1937/2 536/1936/2
f 267/2207/2 268/2208/2 538/1938/2 537/1937/2
f 268/2208/2 269/2209/2 539/1939/2 538/1938/2
f 269/2209/2 270/2210/2 540/1940/2 539/1939/2
f 270/2210/2 271/9/2 541/12/2 540/1940/2
f 48/2139/1 5/2211/1 218/2212/1 290/2140/1
f 290/2140/1 218/2212/1 219/2213/1 291/2141/1
f 291/2141/1 219/2213/1 220/2214/1 292/2142/1
f 292/2142/1 220/2214/1 221/2215/1 293/2143/1
f 293/2143/1 221/2215/1 222/2216/1 294/2144/1
f 294/2144/1 222/2216/1 223/2217/1 295/2145/1
f 295/2145/1 223/2217/1 224/2218/1 296/2146/1
f 296/2146/1 224/2218/1 225/2219/1 297/2147/1
f 297/2147/1 225/2219/1 226/2220/1 298/2148/1
f 298/2148/1 226/2220/1 227/2221/1 299/2149/1
f 299/2149/1 227/2221/1 228/2222/1 300/2150/1
f 300/2150/1 228/2222/1 229/2223/1 301/2151/1
f 301/2151/1 229/2223/1 230/2224/1 302/2152/1
f 302/2152/1 230/2224/1 231/2225/1 303/2153/1
f 303/2153/1 231/2225/1 232/2226/1 304/2154/1
f 304/2154/1 232/2226/1 233/2227/1 305/2155/1
f 305/2155/1 233/2227/1 234/2228/1 306/2156/1
f 306/2156/1 234/2228/1 235/6/1 307/5/1
f 6/2229/1 23/1710/1 757/1709/1 253/2230/1
f 253/2230/1 757/1709/1 756/1712/1 252/2231/1
f 252/2231/1 756/1712/1 755/1714/1 251/2232/1
f 251/2232/1 755/1714/1 754/1716/1 250/2233/1
f 250/2233/1 754/1716/1 753/1718/1 249/2234/1
f 249/2234/1 753/1718/1 752/1720/1 248/2235/1
f 248/2235/1 752/1720/1 751/1722/1 247/2236/1
f 247/2236/1 751/1722/1 750/1724/1 246/2237/1
f 246/2237/1 750/1724/1 749/1726/1 245/2238/1
f 245/2238/1 749/1726/1 748/1728/1 244/2239/1
f 244/2239/1 748/1728/1 747/1730/1 243/2240/1
f 243/2240/1 747/1730/1 746/1732/1 242/2241/1
f 242/2241/1 746/1732/1 745/1734/1 241/2242/1
f 241/2242/1 745/1734/1 744/1736/1 240/2243/1
f 240/2243/1 744/1736/1 743/1738/1 239/2244/1
f 239/2244/1 743/1738/1 742/1740/1 238/2245/1
f 238/2245/1 742/1740/1 741/1742/1 237/2246/1
f 237/2246/1 741/1742/1 740/2/1 236/1/1
f 2076/2247/318 2080/2248/318 2081/2249/318 2079/2250/318
f 2079/2250/319 2081/2249/320 2084/2251/321 2083/2252/322
f 2077/2253/323 2083/2252/322 2084/2251/321 2082/2254/324
f 2082/2254/324 2084/2251/321 2087/2255/325 2086/2256/326
f 2078/2257/327 2086/2256/327 2087/2255/327 2085/2258/327
f 2081/2249/320 2087/2255/328 2084/2251/321
f 2100/2259/329 2103/2260/330 2107/2261/331 2101/2262/332
f 2088/2263/333 2092/2264/334 2093/2265/335 2091/2266/336
f 2091/2266/336 2093/2265/335 2096/2267/337 2095/2268/338
f 2089/2269/339 2095/2268/338 2096/2267/337 2094/2270/340
f 2094/2270/340 2096/2267/337 2099/2271/341 2098/2272/342
f 2090/2273/343 2098/2272/342 2099/2271/341 2097/2274/344
f 2097/2274/344 2099/2271/341 2093/2265/335 2092/2264/334
f 2093/2265/335 2099/2271/341 2096/2267/337
f 2076/2247/345 2079/2250/319 2083/2252/322 2077/2253/323
f 2100/2259/329 2104/2275/346 2105/2276/347 2103/2260/330
f 2103/2260/330 2105/2276/347 2108/2277/348 2107/2261/331
f 2101/2262/332 2107/2261/331 2108/2277/348 2106/2278/349
f 2106/2278/349 2108/2277/348 2111/2279/350 2110/2280/351
f 2102/2281/352 2110/2280/351 2111/2279/350 2109/2282/353
f 2109/2282/353 2111/2279/350 2105/2276/347 2104/2275/346
f 2105/2276/347 2111/2279/350 2108/2277/348
f 2088/2263/333 2091/2266/336 2095/2268/338 2089/2269/339
f 776/2283/2 866/1557/45 69/79/46 62/2284/2
f 777/2285/2 867/1558/45 866/1557/45 776/2283/2
f 778/2286/2 868/1559/45 867/1558/45 777/2285/2
f 868/1559/45 778/2286/2 779/2287/2 869/1560/45
f 779/2287/2 780/2288/2 870/1561/45 869/1560/45
f 870/1561/45 780/2288/2 781/2289/2 871/1562/45
f 782/2290/2 872/1563/45 871/1562/45 781/2289/2
f 783/2291/2 873/1564/45 872/1563/45 782/2290/2
f 784/2292/2 874/1565/45 873/1564/45 783/2291/2
f 785/2293/2 875/1566/45 874/1565/45 784/2292/2
f 786/2294/2 876/1567/45 875/1566/45 785/2293/2
f 787/2295/2 877/1568/45 876/1567/45 786/2294/2
f 788/2296/2 878/1569/45 877/1568/45 787/2295/2
f 789/2297/2 879/1570/45 878/1569/45 788/2296/2
f 790/2298/2 880/1571/45 879/1570/45 789/2297/2
f 791/2299/2 881/1572/45 880/1571/45 790/2298/2
f 792/2300/2 882/1573/45 881/1572/45 791/2299/2
f 793/2301/2 883/95/45 882/1573/45 792/2300/2
f 63/2302/2 74/86/46 883/95/45 793/2301/2
f 2112/450/354 2115/449/235 2117/2303/355 2116/2304/356
f 2115/449/235 2119/448/234 2120/2305/357 2117/2303/355
f 2113/447/233 2118/2306/358 2120/2305/357 2119/448/234
f 2118/2306/358 2122/2307/359 2123/2308/360 2120/2305/357
f 2114/2309/361 2121/2310/362 2123/2308/360 2122/2307/359
f 2121/2310/362 2116/2304/356 2117/2303/355 2123/2308/360
f 2117/2303/355 2120/2305/357 2123/2308/360
f 2138/2311/363 2147/2312/364 2143/2313/365 2137/2314/366
f 2124/2315/367 2127/2316/368 2129/2317/369 2128/2318/370
f 2127/2316/368 2131/2319/371 2132/2320/372 2129/2317/369
f 2125/2321/373 2130/2322/374 2132/2320/372 2131/2319/371
f 2130/2322/374 2134/2323/375 2135/2324/376 2132/2320/372
f 2126/2325/377 2133/2326/378 2135/2324/376 2134/2323/375
f 2133/2326/378 2128/2318/370 2129/2317/369 2135/2324/376
f 2129/2317/369 2132/2320/372 2135/2324/376
f 2125/2321/373 2131/2319/371 2127/2316/368 2124/2315/367
f 2136/2327/379 2140/2328/380 2142/2329/381 2141/2330/382
f 2140/2328/380 2144/2331/383 2145/2332/384 2142/2329/381
f 2137/2314/366 2143/2313/365 2145/2332/384 2144/2331/383
f 2143/2313/365 2147/2312/364 2148/2333/385 2145/2332/384
f 2138/2311/363 2146/2334/386 2148/2333/385 2147/2312/364
f 2146/2334/386 2150/2335/387 2151/2336/388 2148/2333/385
f 2139/2337/389 2149/2338/390 2151/2336/388 2150/2335/387
f 2149/2338/390 2141/2330/382 2142/2329/381 2151/2336/388
f 2142/2329/381 2145/2332/384 2148/2333/385 2151/2336/388
f 2137/2314/366 2144/2331/383 2140/2328/380 2136/2327/379
f 2152/479/252 2156/478/251 2158/2339/391 2157/2340/392
f 2156/478/251 2160/477/250 2161/2341/393 2158/2339/391
f 2153/476/249 2159/2342/394 2161/2341/393 2160/477/250
f 2159/2342/394 2163/2343/395 2164/2344/396 2161/2341/393
f 2154/480/253 2162/483/256 2164/2344/396 2163/2343/395
f 2162/483/256 2166/482/255 2167/2345/397 2164/2344/396
f 2155/481/254 2165/2346/398 2167/2345/397 2166/482/255
f 2165/2346/398 2157/2340/392 2158/2339/391 2167/2345/397
f 2158/2339/391 2161/2341/393 2164/2344/396 2167/2345/397
f 2153/476/249 2154/480/253 2163/2343/395 2159/2342/394
f 2201/2347/399 2202/2348/400 2210/2349/401 2206/2350/402
f 2172/430/222 2176/429/221 2178/2351/403 2177/2352/404
f 2176/429/221 2180/428/220 2181/2353/405 2178/2351/403
f 2173/427/219 2179/2354/406 2181/2353/405 2180/428/220
f 2179/2354/406 2183/2355/407 2184/2356/408 2181/2353/405
f 2174/2357/409 2182/2358/410 2184/2356/408 2183/2355/407
f 2182/2358/410 2186/2359/411 2187/2360/412 2184/2356/408
f 2175/2361/413 2185/2362/414 2187/2360/412 2186/2359/411
f 2185/2362/414 2177/2352/404 2178/2351/403 2187/2360/412
f 2178/2351/403 2181/2353/405 2184/2356/408 2187/2360/412
f 2173/427/219 2174/2357/409 2183/2355/407 2179/2354/406
f 2188/2363/415 2191/2364/415 2193/2365/415 2192/2366/415
f 2191/2364/416 2195/2367/417 2196/2368/418 2193/2365/419
f 2189/2369/420 2194/2370/421 2196/2368/418 2195/2367/417
f 2194/2370/421 2198/2371/422 2199/2372/423 2196/2368/418
f 2190/2373/424 2197/2374/425 2199/2372/423 2198/2371/422
f 2197/2374/426 2192/2366/426 2193/2365/426 2199/2372/426
f 2193/2365/419 2196/2368/418 2199/2372/423
f 2188/2363/427 2189/2369/420 2195/2367/417 2191/2364/416
f 2200/2375/428 2203/2376/429 2205/2377/430 2204/2378/431
f 2203/2376/429 2207/2379/432 2208/2380/433 2205/2377/430
f 2201/2347/399 2206/2350/402 2208/2380/433 2207/2379/432
f 2206/2350/402 2210/2349/401 2211/2381/434 2208/2380/433
f 2202/2348/400 2209/2382/435 2211/2381/434 2210/2349/401
f 2209/2382/435 2204/2378/431 2205/2377/430 2211/2381/434
f 2205/2377/430 2208/2380/433 2211/2381/434
f 2201/2347/399 2207/2379/432 2203/2376/429 2200/2375/428
f 2212/2383/436 2215/2384/437 2217/2385/438 2216/2386/439
f 2215/2384/437 2219/2387/440 2220/2388/441 2217/2385/438
f 2213/380/189 2218/383/192 2220/2388/441 2219/2387/440
f 2218/383/192 2222/382/191 2223/2389/442 2220/2388/441
f 2214/381/190 2221/2390/443 2223/2389/442 2222/382/191
f 2221/2390/443 2216/2386/439 2217/2385/438 2223/2389/442
f 2217/2385/438 2220/2388/441 2223/2389/442
f 2212/2383/436 2213/380/189 2219/2387/440 2215/2384/437
f 2224/2391/444 2227/2392/445 2229/2393/446 2228/2394/447
f 2227/2392/445 2231/2395/448 2232/2396/449 2229/2393/446
f 2225/351/166 2230/354/169 2232/2396/449 2231/2395/448
f 2230/354/169 2234/353/168 2235/2397/450 2232/2396/449
f 2226/352/167 2233/2398/451 2235/2397/450 2234/353/168
f 2233/2398/451 2228/2394/447 2229/2393/446 2235/2397/450
f 2229/2393/446 2232/2396/449 2235/2397/450
f 2224/2391/444 2225/351/166 2231/2395/448 2227/2392/445
f 2236/309/129 2240/308/128 2242/2399/452 2241/2400/453
f 2240/308/128 2244/307/127 2245/2401/454 2242/2399/452
f 2237/306/126 2243/2402/455 2245/2401/454 2244/307/127
f 2243/2402/455 2247/2403/456 2248/2404/457 2245/2401/454
f 2238/322/142 2246/325/145 2248/2404/457 2247/2403/456
f 2246/325/145 2250/324/144 2251/2405/458 2248/2404/457
f 2239/323/143 2249/2406/459 2251/2405/458 2250/324/144
f 2249/2406/459 2241/2400/453 2242/2399/452 2251/2405/458
f 2242/2399/452 2245/2401/454 2248/2404/457 2251/2405/458
f 2237/306/126 2238/322/142 2247/2403/456 2243/2402/455
f 2252/2407/460 2256/2408/461 2258/2409/462 2257/2410/463
f 2256/2408/461 2260/2411/464 2261/2412/465 2258/2409/462
f 2253/333/153 2259/332/152 2261/2412/465 2260/2411/464
f 2259/332/152 2263/331/151 2264/2413/466 2261/2412/465
f 2254/330/150 2262/2414/467 2264/2413/466 2263/331/151
f 2262/2414/467 2266/2415/468 2267/2416/469 2264/2413/466
f 2255/2417/470 2265/2418/471 2267/2416/469 2266/2415/468
f 2265/2418/471 2257/2410/463 2258/2409/462 2267/2416/469
f 2258/2409/462 2261/2412/465 2264/2413/466 2267/2416/469
f 2255/2417/470 2266/2415/468 2262/2414/467 2254/330/150
f 2268/313/133 2272/312/132 2274/2419/472 2273/2420/473
f 2272/312/132 2276/311/131 2277/2421/474 2274/2419/472
f 2269/310/130 2275/2422/475 2277/2421/474 2276/311/131
f 2275/2422/475 2279/2423/476 2280/2424/477 2277/2421/474
f 2270/2425/478 2278/2426/479 2280/2424/477 2279/2423/476
f 2278/2426/479 2282/2427/480 2283/2428/481 2280/2424/477
f 2271/2429/482 2281/2430/483 2283/2428/481 2282/2427/480
f 2281/2430/483 2273/2420/473 2274/2419/472 2283/2428/481
f 2274/2419/472 2277/2421/474 2280/2424/477 2283/2428/481
f 2270/2425/478 2279/2423/476 2275/2422/475 2269/310/130
f 2284/365/177 2287/364/176 2289/2431/484 2288/2432/485
f 2287/364/176 2291/363/175 2292/2433/486 2289/2431/484
f 2285/362/174 2290/2434/487 2292/2433/486 2291/363/175
f 2290/2434/487 2294/2435/488 2295/2436/489 2292/2433/486
f 2286/2437/490 2293/2438/491 2295/2436/489 2294/2435/488
f 2293/2438/491 2288/2432/485 2289/2431/484 2295/2436/489
f 2289/2431/484 2292/2433/486 2295/2436/489
f 2252/2407/460 2253/333/153 2260/2411/464 2256/2408/461
f 2296/250/72 2299/253/75 2301/2439/492 2300/2440/493
f 2299/253/75 2303/252/74 2304/2441/494 2301/2439/492
f 2297/251/73 2302/2442/495 2304/2441/494 2303/252/74
f 2302/2442/495 2306/2443/496 2307/2444/497 2304/2441/494
f 2298/2445/498 2305/2446/499 2307/2444/497 2306/2443/496
f 2305/2446/500 2300/2440/500 2301/2439/500 2307/2444/500
f 2301/2439/492 2304/2441/494 2307/2444/497
f 2298/2445/498 2306/2443/496 2302/2442/495 2297/251/73
f 2308/2447/501 2312/2448/502 2314/2449/503 2313/2450/504
f 2312/2448/502 2316/2451/505 2317/2452/506 2314/2449/503
f 2309/277/99 2315/279/101 2317/2452/506 2316/2451/505
f 2315/279/101 2319/278/100 2320/2453/507 2317/2452/506
f 2310/245/67 2318/244/66 2320/2453/507 2319/278/100
f 2318/244/66 2322/243/65 2323/2454/508 2320/2453/507
f 2311/242/64 2321/2455/509 2323/2454/508 2322/243/65
f 2321/2455/509 2313/2450/504 2314/2449/503 2323/2454/508
f 2314/2449/503 2317/2452/506 2320/2453/507 2323/2454/508
f 2308/2447/501 2309/277/99 2316/2451/505 2312/2448/502
f 2324/258/80 2328/261/83 2330/2456/510 2329/2457/511
f 2328/261/83 2332/260/82 2333/2458/512 2330/2456/510
f 2325/259/81 2331/264/86 2333/2458/512 2332/260/82
f 2331/264/86 2335/263/85 2336/2459/513 2333/2458/512
f 2326/262/84 2334/2460/514 2336/2459/513 2335/263/85
f 2334/2460/514 2338/2461/515 2339/2462/516 2336/2459/513
f 2327/2463/517 2337/2464/518 2339/2462/516 2338/2461/515
f 2337/2464/518 2329/2457/511 2330/2456/510 2339/2462/516
f 2330/2456/510 2333/2458/512 2336/2459/513 2339/2462/516
f 2327/2463/517 2338/2461/515 2334/2460/514 2326/262/84
f 2340/2465/519 2343/2466/520 2345/2467/521 2344/2468/522
f 2343/2466/520 2347/2469/523 2348/2470/524 2345/2467/521
f 2341/2471/525 2346/2472/526 2348/2470/524 2347/2469/523
f 2346/2472/526 2350/2473/527 2351/2474/528 2348/2470/524
f 2342/2475/529 2349/2476/530 2351/2474/528 2350/2473/527
f 2349/2476/530 2344/2468/522 2345/2467/521 2351/2474/528
f 2345/2467/521 2348/2470/524 2351/2474/528
f 2340/2465/519 2341/2471/525 2347/2469/523 2343/2466/520
f 2352/517/281 2356/516/280 2358/2477/531 2357/2478/532
f 2356/516/280 2360/515/279 2361/2479/533 2358/2477/531
f 2353/514/278 2359/2480/534 2361/2479/533 2360/515/279
f 2359/2480/534 2363/2481/535 2364/2482/536 2361/2479/533
f 2354/484/257 2362/487/260 2364/2482/536 2363/2481/535
f 2362/487/260 2366/486/259 2367/2483/537 2364/2482/536
f 2355/485/258 2365/2484/538 2367/2483/537 2366/486/259
f 2365/2484/538 2357/2478/532 2358/2477/531 2367/2483/537
f 2358/2477/531 2361/2479/533 2364/2482/536 2367/2483/537
f 2354/484/257 2363/2481/535 2359/2480/534 2353/514/278
f 2405/2485/539 2406/2486/540 2414/2487/541 2410/2488/542
f 2373/2489/543 2372/2490/544 2374/2491/545 2375/2492/545
f 2376/2493/546 2379/2494/547 2381/2495/548 2380/2496/549
f 2379/2494/547 2383/2497/550 2384/2498/551 2381/2495/548
f 2377/370/182 2382/373/185 2384/2498/551 2383/2497/550
f 2382/373/185 2386/372/184 2387/2499/552 2384/2498/551
f 2378/371/553 2385/2500/554 2387/2499/552 2386/372/184
f 2385/2500/554 2380/2496/549 2381/2495/548 2387/2499/552
f 2381/2495/548 2384/2498/551 2387/2499/552
f 2376/2493/555 2377/370/182 2383/2497/550 2379/2494/547
f 2388/300/120 2392/303/123 2394/2501/556 2393/2502/557
f 2392/303/123 2396/302/122 2397/2503/558 2394/2501/556
f 2389/301/121 2395/320/140 2397/2503/558 2396/302/122
f 2395/320/140 2399/319/139 2400/2504/559 2397/2503/558
f 2390/318/138 2398/2505/560 2400/2504/559 2399/319/139
f 2398/2505/560 2402/2506/561 2403/2507/562 2400/2504/559
f 2391/2508/563 2401/2509/564 2403/2507/562 2402/2506/561
f 2401/2509/564 2393/2502/557 2394/2501/556 2403/2507/562
f 2394/2501/556 2397/2503/558 2400/2504/559 2403/2507/562
f 2391/2508/563 2402/2506/561 2398/2505/560 2390/318/138
f 2404/2510/565 2407/2511/566 2409/2512/567 2408/2513/568
f 2407/2511/566 2411/2514/569 2412/2515/570 2409/2512/567
f 2405/2485/539 2410/2488/542 2412/2515/570 2411/2514/569
f 2410/2488/542 2414/2487/541 2415/2516/571 2412/2515/570
f 2406/2486/540 2413/2517/572 2415/2516/571 2414/2487/541
f 2413/2517/572 2408/2513/568 2409/2512/567 2415/2516/571
f 2409/2512/567 2412/2515/570 2415/2516/571
f 2369/2518/573 2368/2519/574 2370/2520/575 2371/2521/575
f 2416/2522/576 2420/2523/577 2422/2524/578 2421/2525/579
f 2420/2523/577 2424/2526/580 2425/2527/581 2422/2524/578
f 2417/2528/582 2423/2529/583 2425/2527/581 2424/2526/580
f 2423/2529/583 2427/2530/584 2428/2531/585 2425/2527/581
f 2418/1671/312 2426/1670/311 2428/2531/585 2427/2530/584
f 2426/1670/311 2430/1669/310 2431/2532/586 2428/2531/585
f 2419/1668/309 2429/2533/587 2431/2532/586 2430/1669/310
f 2429/2533/587 2421/2525/579 2422/2524/578 2431/2532/586
f 2422/2524/578 2425/2527/581 2428/2531/585 2431/2532/586
f 2418/1671/312 2427/2530/584 2423/2529/583 2417/2528/582
f 2432/1664/305 2436/1667/308 2438/2534/588 2437/2535/589
f 2436/1667/308 2440/1666/307 2441/2536/590 2438/2534/588
f 2433/1665/306 2439/2537/591 2441/2536/590 2440/1666/307
f 2439/2537/591 2443/2538/592 2444/2539/593 2441/2536/590
f 2434/274/96 2442/273/95 2444/2539/593 2443/2538/592
f 2442/273/95 2446/272/94 2447/2540/594 2444/2539/593
f 2435/271/93 2445/2541/595 2447/2540/594 2446/272/94
f 2445/2541/595 2437/2535/589 2438/2534/588 2447/2540/594
f 2438/2534/588 2441/2536/590 2444/2539/593 2447/2540/594
f 2433/1665/306 2434/274/96 2443/2538/592 2439/2537/591
f 2448/343/161 2451/342/160 2453/2542/596 2452/2543/597
f 2451/342/160 2455/341/159 2456/2544/598 2453/2542/596
f 2449/340/158 2454/2545/599 2456/2544/598 2455/341/159
f 2454/2545/599 2458/2546/600 2459/2547/601 2456/2544/598
f 2450/2548/602 2457/2549/603 2459/2547/601 2458/2546/600
f 2457/2549/603 2452/2543/597 2453/2542/596 2459/2547/601
f 2453/2542/596 2456/2544/598 2459/2547/601
f 2450/2548/602 2458/2546/600 2454/2545/599 2449/340/158
f 2460/419/604 2463/418/216 2465/2550/605 2464/2551/606
f 2463/418/216 2467/417/215 2468/2552/607 2465/2550/605
f 2461/416/214 2466/2553/608 2468/2552/607 2467/417/215
f 2466/2553/608 2470/2554/609 2471/2555/610 2468/2552/607
f 2462/2556/611 2469/2557/612 2471/2555/610 2470/2554/609
f 2469/2557/612 2464/2551/606 2465/2550/605 2471/2555/610
f 2465/2550/605 2468/2552/607 2471/2555/610
f 2462/2556/613 2470/2554/609 2466/2553/608 2461/416/214
f 2472/467/246 2475/466/245 2477/2558/614 2476/2559/615
f 2475/466/245 2479/465/244 2480/2560/616 2477/2558/614
f 2473/464/243 2478/2561/617 2480/2560/616 2479/465/244
f 2478/2561/617 2482/2562/618 2483/2563/619 2480/2560/616
f 2474/2564/620 2481/2565/621 2483/2563/619 2482/2562/618
f 2481/2565/621 2476/2559/615 2477/2558/614 2483/2563/619
f 2477/2558/614 2480/2560/616 2483/2563/619
f 2474/2564/620 2482/2562/618 2478/2561/617 2473/464/243
f 2189/2369/420 2198/2371/422 2194/2370/421
f 1965/408/207 2201/2347/399 2200/2375/428
f 2189/2369/420 1965/408/207 2200/2375/428 1977/2566/622
f 2198/2371/422 2189/2369/623 1977/2566/623 2190/2373/424
f 1965/408/207 2202/2348/400 2201/2347/399
f 1966/397/203 1978/396/202 2202/2348/400 1965/408/207
f 2174/2357/409 2175/2361/413 2186/2359/411 2182/2358/410
f 2174/2357/409 2189/2369/420 2188/2363/427 2175/2361/413
f 1953/409/208 1965/408/207 2189/2369/420 2174/2357/409
f 1939/443/229 2174/2357/409 2173/427/219
f 1940/426/1 1953/409/208 2174/2357/409 1939/443/229
f 1939/443/229 2173/427/219 2172/430/222
f 2168/2567/624 2169/2568/625 2171/2569/626 2170/2570/626
f 2168/2567/624 2172/430/222 2169/2568/625
f 1938/445/231 1939/443/229 2172/430/222 2168/2567/624
f 2154/480/253 1925/446/232 2155/481/627
f 1914/461/241 1926/444/230 1925/446/232 2154/480/253
f 1902/496/262 2154/480/253 2153/476/249
f 1903/475/248 1914/461/241 2154/480/253 1902/496/262
f 1902/496/628 2153/476/249 2152/479/252
f 2138/2311/363 2139/2337/389 2150/2335/387 2146/2334/386
f 1901/498/263 1902/496/262 2152/479/629 2139/2337/389
f 2138/2311/363 1901/498/263 2139/2337/389
f 1901/498/630 2138/2311/363 2137/2314/366
f 2125/2321/373 2126/2325/631 2134/2323/375 2130/2322/374
f 2137/2314/366 2136/2327/379 2126/2325/631 2125/2321/373
f 2113/447/233 2114/2309/632 2122/2307/359 2118/2306/358
f 2125/2321/373 2124/2315/367 2114/2309/632 2113/447/233
f 1924/451/237 2125/2321/373 2113/447/233 1937/431/223
f 2113/447/233 2112/450/236 1952/410/209
f 1937/431/223 2113/447/233 1952/410/209 1951/412/211
f 1964/411/210 2100/2259/329 2101/2262/332
f 1963/398/204 1964/411/210 2101/2262/332 1976/384/193
f 2110/2280/351 2102/2281/352 2101/2262/332 2106/2278/349
f 2101/2262/332 2089/2269/339 1989/366/178 1976/384/193
f 2102/2281/352 2088/2263/333 2089/2269/339 2101/2262/332
f 2098/2571/633 2090/2572/634 2089/2573/339 2094/2574/633
f 2089/2573/339 2077/2253/323 1998/2575/179 1989/2576/178
f 2090/2572/634 2076/2247/345 2077/2253/323 2089/2573/339
f 2086/2256/326 2078/2257/635 2077/2253/323 2082/2254/324
f 2078/2257/635 2255/2417/636 2077/2253/323
f 2255/2417/470 2254/330/150 2009/2577/637
f 2077/2253/323 2255/2417/636 2009/2577/638 1998/2575/179
f 2254/330/150 2253/333/153 2021/2578/639
f 2009/2577/637 2254/330/150 2021/2578/639 2020/314/134
f 2252/2407/460 2021/2578/639 2253/333/153
f 2286/2437/490 2294/2435/488 2290/2434/487 2285/362/174
f 2010/2579/640 2286/2437/490 2285/362/174
f 2252/2407/460 2010/2579/640 2285/362/174 2021/2578/639
f 2285/362/174 2284/365/177 2033/2580/641
f 2270/2425/478 2271/2429/482 2282/2427/480 2278/2426/479
f 2021/2578/639 2285/362/174 2033/2580/641 2271/2429/482
f 2270/2425/478 2021/2578/639 2271/2429/482
f 2021/2578/639 2270/2425/478 2269/310/130
f 2020/314/134 2021/2578/639 2269/310/130 2032/295/115
f 2269/310/130 2268/313/133 2044/2581/642
f 2032/295/115 2269/310/130 2044/2581/642 2043/280/102
f 2044/2582/643 2327/2463/517 2326/262/84
f 2326/262/84 2325/259/81 2068/1654/297
f 2055/2583/644 2326/262/84 2068/1654/297 2067/1656/299
f 2324/258/80 2068/1654/297 2325/259/81
f 2342/2475/529 2350/2473/527 2346/2472/526 2341/2471/525
f 2342/2475/529 2341/2471/525 2069/1652/296
f 2324/258/80 2342/2475/529 2069/1652/296 2068/1654/297
f 2340/2465/519 2069/1652/296 2341/2471/525
f 2056/257/79 2070/256/78 2069/1652/296 2340/2465/519
f 2298/2445/498 2297/251/73 2072/1648/295
f 2057/254/76 2298/2445/498 2072/1648/295 2071/255/77
f 2296/250/72 2072/1648/295 2297/251/73
f 2058/249/71 2073/248/70 2072/1648/295 2296/250/72
f 2311/242/64 2310/245/67 2075/1644/294
f 2059/246/68 2311/242/64 2075/1644/294 2074/247/69
f 2309/277/99 2075/1644/294 2310/245/67
f 180/2584/645 181/1641/293 2075/1644/294 2309/277/99
f 2045/293/113 2309/277/99 2308/2447/501
f 179/292/112 180/2584/645 2309/277/99 2045/293/113
f 2238/322/142 2034/294/114 2239/323/143
f 177/2585/646 178/291/111 2034/294/114 2238/322/142
f 2013/347/164 2238/322/142 2237/306/126
f 176/346/163 177/2585/646 2238/322/142 2013/347/164
f 2013/347/164 2237/306/126 2236/309/129
f 2012/326/146 2013/347/164 2236/309/129 2024/327/147
f 2225/351/166 2022/2586/647 2226/352/167
f 2011/329/149 2023/328/148 2022/2586/647 2225/351/166
f 1999/2587/648 2225/351/166 2224/2391/444
f 2000/350/165 2011/329/149 2225/351/166 1999/2587/648
f 2213/380/189 1999/2587/648 2214/381/190
f 1990/361/173 2000/350/165 1999/2587/648 2213/380/189
f 1978/396/202 2213/380/189 2212/2383/436
f 1979/379/188 1990/361/173 2213/380/189 1978/396/202
f 2373/2489/543 1948/415/213 2372/2490/544
f 1935/433/225 1949/414/212 1948/415/213 2373/2489/543
f 2404/2510/565 2405/2485/539 2411/2514/569 2407/2511/566
f 2369/2518/573 2405/2485/539 2404/2510/565 2368/2519/574
f 1960/401/205 1973/389/198 2405/2485/539 2369/2518/573
f 2405/2485/539 1985/2588/649 2406/2486/540
f 1973/389/198 1986/388/197 1985/2588/649 2405/2485/539
f 1985/2588/649 2377/370/182 2376/2493/555
f 1986/388/197 1996/2589/650 2377/370/182 1985/2588/649
f 2377/370/182 2006/339/157 2378/371/183
f 1996/2589/651 2007/336/155 2006/339/157 2377/370/182
f 2016/338/156 2389/301/121 2388/300/120
f 2017/337/137 2029/2590/119 2389/301/121 2016/338/156
f 2389/301/121 2039/286/652 2390/318/138
f 2029/2590/119 2040/2591/118 2039/286/652 2389/301/121
f 2391/2508/563 2390/318/138 2039/286/652
f 2028/2592/653 2391/2508/563 2039/286/652 2038/287/653
f 2049/2593/654 2433/1665/306 2432/1664/305
f 2050/270/92 2062/269/91 2433/1665/306 2049/2593/654
f 2433/1665/306 772/2594/655 2434/274/96
f 2062/269/91 771/1663/1 772/2594/655 2433/1665/306
f 2435/271/93 2434/274/96 772/2594/655
f 2416/2522/576 2435/271/93 772/2594/655 773/2595/656
f 2420/2523/577 2416/2522/576 2417/2528/582 2424/2526/580
f 2417/2528/582 2416/2522/576 773/2595/656
f 2418/1671/312 2417/2528/582 773/2595/656
f 2061/276/98 2418/1671/312 773/2595/656 774/1672/313
f 2048/289/109 2419/1668/309 2418/1671/312
f 2047/275/97 2048/289/109 2418/1671/312 2061/276/98
f 2449/340/158 2448/343/161 2027/304/124
f 2015/321/141 2449/340/158 2027/304/124 2026/305/125
f 2005/356/171 2450/2548/602 2449/340/158
f 2004/344/162 2005/356/171 2449/340/158 2015/321/141
f 2461/416/214 2460/419/217 1972/390/199
f 1959/402/206 2461/416/214 1972/390/199 1971/391/200
f 1947/435/227 2462/2556/657 2461/416/214
f 1946/420/218 1947/435/227 2461/416/214 1959/402/206
f 2473/464/243 2472/467/246 1934/434/226
f 1921/454/240 2473/464/243 1934/434/226 1933/436/228
f 1911/2596/658 2474/2564/620 2473/464/243
f 1910/468/247 1911/2596/658 2473/464/243 1921/454/240
f 2353/514/278 2352/517/281 1911/2596/658
f 1893/488/261 2353/514/278 1911/2596/658 1910/468/247
f 1876/535/283 2354/484/257 2353/514/278
f 1875/518/282 1876/535/283 2353/514/278 1893/488/261
f 1876/535/283 2355/485/258 2354/484/257
f 1877/513/277 1894/512/276 2355/485/258 1876/535/283
