# Blender 4.2.8 LTS
# www.blender.org
mtllib lavarropas nuevo_UV.mtl
o Cube:016.001
v 0.671908 -2.539706 -0.736821
v 0.671908 6.244898 -0.736822
v 0.671908 -2.539706 -7.833936
v 0.671908 6.244897 -7.833937
v 2.594154 -2.539706 -0.736821
v 2.594154 6.244898 -0.736822
v 2.594154 -2.539706 -7.833936
v 2.594154 6.244897 -7.833937
v 0.671908 -2.008859 -0.736821
v 0.671908 -2.008859 -7.833936
v 2.594154 -2.008859 -7.833936
v 2.594154 -2.008859 -0.736821
v 0.247841 -2.539706 -7.833936
v 0.247841 -2.539706 -0.736821
v 0.247841 -2.008859 -7.833936
v 0.247841 -2.008859 -0.736821
v 0.671908 -2.146148 -7.833936
v 2.594154 -2.146148 -7.833936
v 2.594154 -2.146147 -0.736821
v 0.671908 -2.146147 -0.736821
v 0.671908 3.568238 -0.736822
v 0.671908 3.568239 -7.833936
v 2.594154 3.568239 -7.833936
v 2.594154 3.568240 -0.736822
v 0.671908 3.737761 -0.736822
v 0.671908 3.737760 -7.833936
v 2.594154 3.737760 -7.833936
v 2.594154 3.737761 -0.736822
v 0.671908 5.085771 -0.736822
v 0.671908 5.085770 -7.833936
v 2.594154 5.085770 -7.833936
v 2.594154 5.085771 -0.736822
v 0.671908 5.260262 -0.736822
v 0.671908 5.260262 -7.833936
v 2.594154 5.260262 -7.833936
v 2.594154 5.260262 -0.736822
v 0.671908 6.050367 -0.736822
v 0.671908 6.050366 -7.833936
v 2.594154 6.050366 -7.833936
v 2.594154 6.050367 -0.736822
v 0.591954 6.050367 -0.736822
v 0.591954 6.244898 -0.736822
v 0.591954 6.244897 -7.833937
v 0.591954 6.050366 -7.833936
v 0.549039 3.684681 -7.833936
v 0.602118 3.737760 -7.833936
v 0.556151 3.711221 -7.833936
v 0.575578 3.730649 -7.833936
v 0.602118 3.568239 -7.833936
v 0.549039 3.621318 -7.833936
v 0.575578 3.575351 -7.833936
v 0.556151 3.594779 -7.833936
v 0.549039 3.621317 -0.736822
v 0.602118 3.568238 -0.736822
v 0.556151 3.594778 -0.736822
v 0.575578 3.575350 -0.736822
v 0.602118 3.737761 -0.736822
v 0.549039 3.684682 -0.736822
v 0.575578 3.730649 -0.736822
v 0.556151 3.711221 -0.736822
v 0.549039 5.207183 -7.833936
v 0.602118 5.260262 -7.833936
v 0.556151 5.233723 -7.833936
v 0.575578 5.253150 -7.833936
v 0.602118 5.085770 -7.833936
v 0.549039 5.138848 -7.833936
v 0.575578 5.092881 -7.833936
v 0.556151 5.112309 -7.833936
v 0.549039 5.138849 -0.736822
v 0.602118 5.085771 -0.736822
v 0.556151 5.112310 -0.736822
v 0.575578 5.092881 -0.736822
v 0.602118 5.260262 -0.736822
v 0.549039 5.207183 -0.736822
v 0.575578 5.253151 -0.736822
v 0.556151 5.233724 -0.736822
v 0.247841 -2.292481 -7.833936
v 0.101508 -2.146148 -7.833936
v 0.247841 -2.008919 -7.833936
v 0.454788 -2.146148 -7.833936
v 0.211257 -2.255897 -7.833936
v 0.211257 -2.244922 -7.833936
v 0.236866 -2.233948 -7.833936
v 0.244183 -2.219315 -7.833936
v 0.239061 -2.197364 -7.833936
v 0.225892 -2.182731 -7.833936
v 0.211257 -2.164439 -7.833936
v 0.203941 -2.146148 -7.833936
v 0.101508 -2.146147 -0.736821
v 0.247841 -2.292480 -0.736821
v 0.454788 -2.146147 -0.736821
v 0.247841 -2.008918 -0.736821
v 0.203941 -2.146147 -0.736821
v 0.211257 -2.164438 -0.736821
v 0.225892 -2.182731 -0.736821
v 0.239061 -2.197364 -0.736821
v 0.244183 -2.219314 -0.736821
v 0.236866 -2.233948 -0.736821
v 0.211257 -2.244922 -0.736821
v 0.211257 -2.255897 -0.736821
v 0.088758 -2.120058 -0.736821
v 0.101508 -2.146147 -0.736821
v 0.090466 -2.133102 -0.736821
v 0.095132 -2.142651 -0.736821
v 0.101508 -2.146148 -7.833936
v 0.088758 -2.120058 -7.833936
v 0.095132 -2.142652 -7.833936
v 0.090466 -2.133102 -7.833936
v 0.141045 -2.008859 -0.736821
v 0.088758 -2.061147 -0.736821
v 0.114901 -2.015864 -0.736821
v 0.095764 -2.035003 -0.736821
v 0.088758 -2.061147 -7.833936
v 0.141045 -2.008859 -7.833936
v 0.095764 -2.035003 -7.833936
v 0.114901 -2.015864 -7.833936
v 0.671908 -2.539706 -6.820062
v 0.671908 -2.539706 -5.806188
v 0.671908 -2.539706 -4.792313
v 0.671908 -2.539706 -3.778440
v 0.671908 -2.539706 -2.764566
v 0.671908 -2.539706 -1.750688
v 0.671908 6.244897 -1.750689
v 0.671908 6.244897 -2.764567
v 0.671908 6.244897 -3.778440
v 0.671908 6.244897 -4.792313
v 0.671908 6.244897 -5.806189
v 0.671908 6.244897 -6.820063
v 2.594154 -2.539706 -1.750688
v 2.594154 -2.539706 -2.764566
v 2.594154 -2.539706 -3.778439
v 2.594154 -2.539706 -4.792313
v 2.594154 -2.539706 -5.806188
v 2.594154 -2.539706 -6.820062
v 2.594154 6.244897 -6.820063
v 2.594154 6.244897 -5.806189
v 2.594154 6.244897 -4.792313
v 2.594154 6.244897 -3.778440
v 2.594154 6.244897 -2.764567
v 2.594154 6.244897 -1.750689
v 2.594154 -2.008859 -6.820062
v 2.594154 -2.008859 -5.806188
v 2.594154 -2.008859 -4.792313
v 2.594154 -2.008859 -3.778440
v 2.594154 -2.008859 -2.764566
v 2.594154 -2.008859 -1.750688
v 0.671908 -2.008859 -1.750688
v 0.671908 -2.008859 -2.764566
v 0.671908 -2.008859 -3.778439
v 0.671908 -2.008859 -4.792313
v 0.671908 -2.008859 -5.806188
v 0.671908 -2.008859 -6.820062
v 0.247841 -2.539706 -6.820062
v 0.247841 -2.539706 -5.806188
v 0.247841 -2.539706 -4.792313
v 0.247841 -2.539706 -3.778440
v 0.247841 -2.539706 -2.764566
v 0.247841 -2.539706 -1.750688
v 0.247841 -2.008859 -1.750688
v 0.247841 -2.008859 -2.764566
v 0.247841 -2.008859 -3.778439
v 0.247841 -2.008859 -4.792313
v 0.247841 -2.008859 -5.806188
v 0.247841 -2.008859 -6.820062
v 2.594154 -2.146148 -6.820062
v 2.594154 -2.146147 -5.806188
v 2.594154 -2.146147 -4.792313
v 2.594154 -2.146147 -3.778440
v 2.594154 -2.146147 -2.764566
v 2.594154 -2.146147 -1.750688
v 2.594154 3.568239 -6.820063
v 2.594154 3.568239 -5.806188
v 2.594154 3.568239 -4.792313
v 2.594154 3.568239 -3.778440
v 2.594154 3.568239 -2.764567
v 2.594154 3.568240 -1.750689
v 0.671908 3.568238 -1.750689
v 0.671908 3.568238 -2.764567
v 0.671908 3.568238 -3.778439
v 0.671908 3.568238 -4.792313
v 0.671908 3.568239 -5.806188
v 0.671908 3.568239 -6.820063
v 2.594154 3.737760 -6.820063
v 2.594154 3.737761 -5.806188
v 2.594154 3.737761 -4.792313
v 2.594154 3.737761 -3.778440
v 2.594154 3.737761 -2.764567
v 2.594154 3.737761 -1.750689
v 0.671908 3.737761 -1.750689
v 0.671908 3.737761 -2.764567
v 0.671908 3.737761 -3.778439
v 0.671908 3.737761 -4.792313
v 0.671908 3.737761 -5.806188
v 0.671908 3.737760 -6.820063
v 2.594154 5.085770 -6.820063
v 2.594154 5.085771 -5.806189
v 2.594154 5.085771 -4.792313
v 2.594154 5.085771 -3.778440
v 2.594154 5.085771 -2.764567
v 2.594154 5.085771 -1.750689
v 0.671908 5.085771 -1.750689
v 0.671908 5.085771 -2.764567
v 0.671908 5.085771 -3.778440
v 0.671908 5.085771 -4.792313
v 0.671908 5.085771 -5.806189
v 0.671908 5.085770 -6.820063
v 2.594154 5.260262 -6.820063
v 2.594154 5.260262 -5.806189
v 2.594154 5.260262 -4.792313
v 2.594154 5.260262 -3.778440
v 2.594154 5.260262 -2.764567
v 2.594154 5.260262 -1.750689
v 0.671908 5.260262 -1.750689
v 0.671908 5.260262 -2.764567
v 0.671908 5.260262 -3.778440
v 0.671908 5.260262 -4.792313
v 0.671908 5.260262 -5.806189
v 0.671908 5.260262 -6.820063
v 2.594154 6.050366 -6.820063
v 2.594154 6.050366 -5.806189
v 2.594154 6.050366 -4.792313
v 2.594154 6.050366 -3.778440
v 2.594154 6.050366 -2.764567
v 2.594154 6.050366 -1.750689
v 0.671908 6.050366 -1.750689
v 0.671908 6.050366 -2.764567
v 0.671908 6.050366 -3.778440
v 0.671908 6.050366 -4.792313
v 0.671908 6.050366 -5.806189
v 0.671908 6.050366 -6.820063
v 0.591954 6.244897 -1.750689
v 0.591954 6.244897 -2.764567
v 0.591954 6.244897 -3.778440
v 0.591954 6.244897 -4.792313
v 0.591954 6.244897 -5.806189
v 0.591954 6.244897 -6.820063
v 0.591954 6.050366 -1.750689
v 0.591954 6.050366 -2.764567
v 0.591954 6.050366 -3.778440
v 0.591954 6.050366 -4.792313
v 0.591954 6.050366 -5.806189
v 0.591954 6.050366 -6.820063
v 0.549039 3.621317 -1.750689
v 0.549039 3.621317 -2.764567
v 0.549039 3.621317 -3.778439
v 0.549039 3.621317 -4.792313
v 0.549039 3.621318 -5.806188
v 0.549039 3.621318 -6.820063
v 0.556151 3.594779 -6.820063
v 0.556151 3.594779 -5.806188
v 0.556151 3.594779 -4.792313
v 0.556151 3.594779 -3.778440
v 0.556151 3.594779 -2.764567
v 0.556151 3.594778 -1.750689
v 0.575578 3.575351 -6.820063
v 0.575578 3.575351 -5.806188
v 0.575578 3.575351 -4.792313
v 0.575578 3.575351 -3.778440
v 0.575578 3.575350 -2.764567
v 0.575578 3.575350 -1.750689
v 0.602118 3.568239 -6.820063
v 0.602118 3.568239 -5.806188
v 0.602118 3.568239 -4.792313
v 0.602118 3.568239 -3.778440
v 0.602118 3.568239 -2.764567
v 0.602118 3.568238 -1.750689
v 0.602118 3.737761 -1.750689
v 0.602118 3.737761 -2.764567
v 0.602118 3.737761 -3.778439
v 0.602118 3.737761 -4.792313
v 0.602118 3.737761 -5.806188
v 0.602118 3.737760 -6.820063
v 0.575578 3.730649 -6.820063
v 0.575578 3.730649 -5.806188
v 0.575578 3.730649 -4.792313
v 0.575578 3.730649 -3.778440
v 0.575578 3.730649 -2.764567
v 0.575578 3.730649 -1.750689
v 0.556151 3.711221 -6.820063
v 0.556151 3.711221 -5.806188
v 0.556151 3.711221 -4.792313
v 0.556151 3.711221 -3.778440
v 0.556151 3.711221 -2.764567
v 0.556151 3.711221 -1.750689
v 0.549039 3.684681 -6.820063
v 0.549039 3.684682 -5.806188
v 0.549039 3.684682 -4.792313
v 0.549039 3.684682 -3.778440
v 0.549039 3.684682 -2.764567
v 0.549039 3.684682 -1.750689
v 0.549039 5.138849 -1.750689
v 0.549039 5.138849 -2.764567
v 0.549039 5.138849 -3.778440
v 0.549039 5.138849 -4.792313
v 0.549039 5.138849 -5.806189
v 0.549039 5.138848 -6.820063
v 0.556151 5.112309 -6.820063
v 0.556151 5.112309 -5.806189
v 0.556151 5.112309 -4.792313
v 0.556151 5.112309 -3.778440
v 0.556151 5.112309 -2.764567
v 0.556151 5.112310 -1.750689
v 0.575578 5.092881 -6.820063
v 0.575578 5.092882 -5.806189
v 0.575578 5.092882 -4.792313
v 0.575578 5.092882 -3.778440
v 0.575578 5.092882 -2.764567
v 0.575578 5.092881 -1.750689
v 0.602118 5.085770 -6.820063
v 0.602118 5.085771 -5.806189
v 0.602118 5.085771 -4.792313
v 0.602118 5.085771 -3.778440
v 0.602118 5.085771 -2.764567
v 0.602118 5.085771 -1.750689
v 0.602118 5.260262 -1.750689
v 0.602118 5.260262 -2.764567
v 0.602118 5.260262 -3.778440
v 0.602118 5.260262 -4.792313
v 0.602118 5.260262 -5.806189
v 0.602118 5.260262 -6.820063
v 0.575578 5.253150 -6.820063
v 0.575578 5.253151 -5.806189
v 0.575578 5.253151 -4.792313
v 0.575578 5.253151 -3.778440
v 0.575578 5.253151 -2.764567
v 0.575578 5.253151 -1.750689
v 0.556151 5.233723 -6.820063
v 0.556151 5.233723 -5.806189
v 0.556151 5.233723 -4.792313
v 0.556151 5.233723 -3.778440
v 0.556151 5.233723 -2.764567
v 0.556151 5.233724 -1.750689
v 0.549039 5.207183 -6.820063
v 0.549039 5.207184 -5.806189
v 0.549039 5.207184 -4.792313
v 0.549039 5.207184 -3.778440
v 0.549039 5.207184 -2.764567
v 0.549039 5.207183 -1.750689
v 0.101508 -2.146147 -1.750688
v 0.101508 -2.146147 -2.764566
v 0.101508 -2.146147 -3.778439
v 0.101508 -2.146147 -4.792313
v 0.101508 -2.146147 -5.806188
v 0.101508 -2.146148 -6.820062
v 0.203941 -2.146148 -6.820062
v 0.203941 -2.146147 -5.806188
v 0.203941 -2.146147 -4.792313
v 0.203941 -2.146147 -3.778440
v 0.203941 -2.146147 -2.764566
v 0.203941 -2.146147 -1.750688
v 0.211257 -2.164439 -6.820062
v 0.211257 -2.164439 -5.806188
v 0.211257 -2.164439 -4.792313
v 0.211257 -2.164439 -3.778440
v 0.211257 -2.164439 -2.764566
v 0.211257 -2.164438 -1.750688
v 0.225892 -2.182731 -6.820062
v 0.225892 -2.182731 -5.806188
v 0.225892 -2.182731 -4.792313
v 0.225892 -2.182731 -3.778440
v 0.225892 -2.182731 -2.764566
v 0.225892 -2.182731 -1.750688
v 0.239061 -2.197364 -6.820062
v 0.239061 -2.197364 -5.806188
v 0.239061 -2.197364 -4.792313
v 0.239061 -2.197364 -3.778440
v 0.239061 -2.197364 -2.764566
v 0.239061 -2.197364 -1.750688
v 0.244183 -2.219315 -6.820062
v 0.244183 -2.219315 -5.806188
v 0.244183 -2.219315 -4.792313
v 0.244183 -2.219315 -3.778440
v 0.244183 -2.219315 -2.764566
v 0.244183 -2.219314 -1.750688
v 0.236866 -2.233948 -6.820062
v 0.236866 -2.233948 -5.806188
v 0.236866 -2.233948 -4.792313
v 0.236866 -2.233948 -3.778440
v 0.236866 -2.233948 -2.764566
v 0.236866 -2.233948 -1.750688
v 0.211257 -2.244922 -6.820062
v 0.211257 -2.244922 -5.806188
v 0.211257 -2.244922 -4.792313
v 0.211257 -2.244922 -3.778440
v 0.211257 -2.244922 -2.764566
v 0.211257 -2.244922 -1.750688
v 0.211257 -2.255897 -6.820062
v 0.211257 -2.255897 -5.806188
v 0.211257 -2.255897 -4.792313
v 0.211257 -2.255897 -3.778440
v 0.211257 -2.255897 -2.764566
v 0.211257 -2.255897 -1.750688
v 0.247841 -2.292481 -6.820062
v 0.247841 -2.292481 -5.806188
v 0.247841 -2.292481 -4.792313
v 0.247841 -2.292481 -3.778440
v 0.247841 -2.292481 -2.764566
v 0.247841 -2.292480 -1.750688
v 0.088758 -2.120058 -1.750688
v 0.088758 -2.120058 -2.764566
v 0.088758 -2.120058 -3.778439
v 0.088758 -2.120058 -4.792313
v 0.088758 -2.120058 -5.806188
v 0.088758 -2.120058 -6.820062
v 0.090466 -2.133102 -6.820062
v 0.090466 -2.133102 -5.806188
v 0.090466 -2.133102 -4.792313
v 0.090466 -2.133102 -3.778440
v 0.090466 -2.133102 -2.764566
v 0.090466 -2.133102 -1.750688
v 0.095132 -2.142652 -6.820062
v 0.095132 -2.142651 -5.806188
v 0.095132 -2.142651 -4.792313
v 0.095132 -2.142651 -3.778440
v 0.095132 -2.142651 -2.764566
v 0.095132 -2.142651 -1.750688
v 0.101508 -2.146148 -6.820062
v 0.101508 -2.146147 -5.806188
v 0.101508 -2.146147 -4.792313
v 0.101508 -2.146147 -3.778440
v 0.101508 -2.146147 -2.764566
v 0.101508 -2.146147 -1.750688
v 0.141045 -2.008859 -1.750688
v 0.141045 -2.008859 -2.764566
v 0.141045 -2.008859 -3.778439
v 0.141045 -2.008859 -4.792313
v 0.141045 -2.008859 -5.806188
v 0.141045 -2.008859 -6.820062
v 0.114901 -2.015864 -6.820062
v 0.114901 -2.015864 -5.806188
v 0.114901 -2.015864 -4.792313
v 0.114901 -2.015864 -3.778440
v 0.114901 -2.015864 -2.764566
v 0.114901 -2.015864 -1.750688
v 0.095764 -2.035003 -6.820062
v 0.095764 -2.035003 -5.806188
v 0.095764 -2.035003 -4.792313
v 0.095764 -2.035003 -3.778440
v 0.095764 -2.035003 -2.764566
v 0.095764 -2.035003 -1.750688
v 0.088758 -2.061147 -6.820062
v 0.088758 -2.061147 -5.806188
v 0.088758 -2.061147 -4.792313
v 0.088758 -2.061147 -3.778440
v 0.088758 -2.061147 -2.764566
v 0.088758 -2.061147 -1.750688
v 0.671908 2.771510 -7.833936
v 0.671908 1.974782 -7.833936
v 0.671908 1.178054 -7.833936
v 0.671908 0.381325 -7.833936
v 0.671908 -0.415403 -7.833936
v 0.671908 -1.212132 -7.833936
v 2.594154 2.771510 -7.833936
v 2.594154 1.974782 -7.833936
v 2.594154 1.178054 -7.833936
v 2.594154 0.381325 -7.833936
v 2.594154 -0.415403 -7.833936
v 2.594154 -1.212132 -7.833936
v 2.594154 2.771511 -0.736821
v 2.594154 1.974782 -0.736821
v 2.594154 1.178054 -0.736821
v 2.594154 0.381325 -0.736821
v 2.594154 -0.415402 -0.736821
v 2.594154 -1.212131 -0.736821
v 0.671908 -1.212131 -0.736821
v 0.671908 -0.415402 -0.736821
v 0.671908 0.381325 -0.736821
v 0.671908 1.178054 -0.736821
v 0.671908 1.974782 -0.736821
v 0.671908 2.771511 -0.736821
v 0.671908 2.460783 -2.261990
v 0.671908 1.753243 -1.841541
v 0.671908 0.950405 -1.660298
v 0.671908 0.130857 -1.736032
v 0.671908 -0.625181 -2.061307
v 0.671908 -1.243699 -2.604290
v 0.671908 3.003765 -2.880506
v 0.671908 -1.664153 -3.311823
v 0.671908 3.329040 -3.636544
v 0.671908 -1.845388 -4.114663
v 0.671908 3.404767 -4.456093
v 0.671908 -1.769661 -4.934212
v 0.671908 3.223532 -5.258931
v 0.671908 -1.444386 -5.690248
v 0.671908 2.803078 -5.966472
v 0.671908 2.184559 -6.509454
v 0.671908 1.428523 -6.834729
v 0.671908 0.608974 -6.910456
v 0.671908 -0.193865 -6.729221
v 0.671908 -0.901405 -6.308766
v 2.594154 2.460783 -6.308762
v 2.594154 1.753242 -6.729216
v 2.594154 0.950405 -6.910451
v 2.594154 0.130856 -6.834724
v 2.594154 -0.625181 -6.509449
v 2.594154 -1.243699 -5.966466
v 2.594154 3.003765 -5.690244
v 2.594154 -1.664153 -5.258927
v 2.594154 3.329040 -4.934209
v 2.594154 -1.845388 -4.456089
v 2.594154 3.404767 -4.114659
v 2.594154 -1.769661 -3.636539
v 2.594154 3.223532 -3.311823
v 2.594154 -1.444386 -2.880505
v 2.594154 2.803078 -2.604279
v 2.594154 2.184559 -2.061295
v 2.594154 1.428523 -1.736020
v 2.594154 0.608975 -1.660298
v 2.594154 -0.193864 -1.841528
v 2.594154 -0.901404 -2.261990
vn -0.0000 -0.0000 -1.0000
vn 1.0000 -0.0000 -0.0000
vn -0.0000 -0.0000 1.0000
vn -0.0000 -1.0000 -0.0000
vn -0.0000 1.0000 -0.0000
vn -0.0000 -0.0000 -0.0000
vn -1.0000 -0.0000 -0.0000
vn -0.1305 -0.9914 -0.0000
vn -0.1305 0.9914 -0.0000
vn -0.9914 -0.1305 -0.0000
vn -0.9914 0.1305 -0.0000
vn -0.9659 -0.2588 -0.0000
vn -0.7071 -0.7071 -0.0000
vn -0.5000 -0.8660 -0.0000
vn -0.5000 0.8660 -0.0000
vn -0.7071 0.7071 -0.0000
vn -0.9659 0.2588 -0.0000
vn -0.2588 0.9659 -0.0000
vn -0.9285 -0.3714 -0.0000
vn -0.8640 -0.5035 -0.0000
vn -0.7624 -0.6471 -0.0000
vn -0.8865 -0.4627 -0.0000
vn -0.9738 -0.2272 -0.0000
vn -0.8944 0.4472 -0.0000
vn -0.3939 0.9192 -0.0000
vn -0.9979 -0.0650 -0.0000
vn -0.9576 -0.2882 -0.0000
vn -0.8985 -0.4391 -0.0000
vn -0.4808 -0.8768 -0.0000
vn -0.8660 0.5000 -0.0000
vn 0.0001 -0.0000 1.0000
vn -0.2588 -0.9659 -0.0000
vn -0.8660 -0.5000 -0.0000
vn -0.2705 -0.4619 -0.8447
vn 0.2705 -0.8447 -0.4619
vn 0.2706 0.9239 -0.2706
vn 0.2706 -0.9239 0.2706
vn 0.2705 0.4619 -0.8447
vn -0.2705 0.8447 -0.4619
vn -0.0000 -0.5736 0.8192
vn -0.0000 -0.6018 0.7986
vn -0.0000 -0.8192 0.5736
vn -0.0000 -0.7986 0.6018
vn -0.0000 -0.2923 0.9563
vn -0.0000 -0.3256 0.9455
vn -0.0000 0.0175 0.9998
vn -0.0000 -0.0175 0.9998
vn -0.0000 0.3256 0.9455
vn -0.0000 0.2923 0.9563
vn -0.0000 0.6018 0.7986
vn -0.0000 0.5736 0.8192
vn -0.0000 0.8192 0.5736
vn -0.0000 0.7986 0.6018
vn -0.0000 0.9563 0.2923
vn -0.0000 0.9455 0.3256
vn -0.0000 0.9998 -0.0175
vn -0.0000 0.9998 0.0175
vn -0.0000 0.9455 -0.3256
vn -0.0000 0.9563 -0.2923
vn -0.0000 0.7986 -0.6018
vn -0.0000 0.8192 -0.5736
vn -0.0000 0.5736 -0.8192
vn -0.0000 0.6018 -0.7986
vn -0.0000 0.2923 -0.9563
vn -0.0000 0.3256 -0.9455
vn -0.0000 -0.0175 -0.9998
vn -0.0000 0.0175 -0.9998
vn -0.0000 -0.3256 -0.9455
vn -0.0000 -0.2923 -0.9563
vn -0.0000 -0.6018 -0.7986
vn -0.0000 -0.5735 -0.8192
vn -0.0000 -0.8192 -0.5736
vn -0.0000 -0.7986 -0.6018
vn -0.0000 -0.9563 -0.2923
vn -0.0000 -0.9455 -0.3256
vn -0.0000 -0.9998 0.0175
vn -0.0000 -0.9998 -0.0175
vn -0.0000 -0.9455 0.3256
vn -0.0000 -0.9563 0.2923
vt 0.467613 0.095857
vt 0.481716 0.091469
vt 0.478427 0.094965
vt 0.469821 0.097602
vt 0.363860 0.018152
vt 0.366526 0.005300
vt 0.509707 0.727190
vt 0.508505 0.719194
vt 0.549011 0.716070
vt 0.555433 0.719770
vt 0.588137 0.011741
vt 0.599313 0.005300
vt 0.711324 0.071029
vt 0.712071 0.086059
vt 0.293138 0.510915
vt 0.292806 0.590900
vt 0.252910 0.585986
vt 0.251551 0.511452
vt 0.507990 0.638460
vt 0.549423 0.641453
vt 0.889842 0.618538
vt 0.892724 0.613786
vt 0.968657 0.624786
vt 0.968208 0.630528
vt 0.867483 0.584870
vt 0.872928 0.583561
vt 0.937214 0.321580
vt 0.939261 0.326857
vt 0.871909 0.358325
vt 0.867949 0.354445
vt 0.252438 0.496470
vt 0.292232 0.493201
vt 0.235716 0.510178
vt 0.237860 0.499071
vt 0.246489 0.489292
vt 0.252968 0.045478
vt 0.254816 0.045869
vt 0.254384 0.046062
vt 0.253706 0.045916
vt 0.949260 0.368379
vt 0.956078 0.322399
vt 0.966438 0.364717
vt 0.660892 0.174044
vt 0.635136 0.184755
vt 0.624614 0.162386
vt 0.630925 0.148704
vt 0.650483 0.158360
vt 0.946019 0.319210
vt 0.956078 0.322398
vt 0.695946 0.305734
vt 0.672081 0.299420
vt 0.289058 0.607365
vt 0.239934 0.592946
vt 0.408131 0.901547
vt 0.367141 0.895671
vt 0.367141 0.895671
vt 0.408130 0.901546
vt 0.367976 0.892052
vt 0.366417 0.889456
vt 0.367673 0.889869
vt 0.367731 0.890948
vt 0.986241 0.624377
vt 0.986241 0.624380
vt 0.977427 0.630313
vt 0.675302 0.569940
vt 0.671947 0.602541
vt 0.593291 0.594446
vt 0.596646 0.561845
vt 0.316679 0.315444
vt 0.306663 0.337643
vt 0.285231 0.345899
vt 0.276346 0.328805
vt 0.171428 0.507247
vt 0.189174 0.535217
vt 0.142315 0.611824
vt 0.125461 0.579752
vt 0.482137 0.157903
vt 0.537475 0.109110
vt 0.602724 0.109645
vt 0.602304 0.160919
vt 0.671233 0.609477
vt 0.592577 0.601382
vt 0.308432 0.341121
vt 0.287030 0.349474
vt 0.185280 0.546329
vt 0.146611 0.618569
vt 0.942754 0.032480
vt 0.974713 0.003906
vt 0.975584 0.006418
vt 0.944710 0.034619
vt 0.665556 0.664636
vt 0.586901 0.656541
vt 0.321554 0.368663
vt 0.300289 0.377293
vt 0.206375 0.553517
vt 0.193020 0.652490
vt 0.559762 0.883291
vt 0.563069 0.827940
vt 0.604700 0.830427
vt 0.601393 0.885778
vt 0.664821 0.671776
vt 0.586166 0.663681
vt 0.323155 0.372237
vt 0.301899 0.380885
vt 0.210922 0.559047
vt 0.200661 0.655612
vt 0.665032 0.005300
vt 0.686362 0.027973
vt 0.680987 0.025466
vt 0.667073 0.011182
vt 0.661494 0.704105
vt 0.582839 0.696010
vt 0.330130 0.388453
vt 0.308891 0.397130
vt 0.234728 0.545009
vt 0.236360 0.665047
vt 0.957799 0.176206
vt 0.942130 0.147732
vt 0.978667 0.127625
vt 0.994337 0.156098
vt 0.299747 0.623748
vt 0.300523 0.631904
vt 0.261322 0.632259
vt 0.257558 0.628765
vt 0.300689 0.635340
vt 0.261092 0.633848
vt 0.713618 0.072598
vt 0.714136 0.081383
vt 0.510462 0.623632
vt 0.556679 0.636752
vt 0.553760 0.637072
vt 0.509824 0.626870
vt 0.835149 0.582606
vt 0.835039 0.625391
vt 0.832618 0.624530
vt 0.832250 0.582621
vt 0.800226 0.188444
vt 0.768410 0.217163
vt 0.767526 0.214655
vt 0.798261 0.186313
vt 0.228935 0.047427
vt 0.228090 0.049729
vt 0.226873 0.051801
vt 0.225399 0.053671
vt 0.678761 0.024449
vt 0.676749 0.023130
vt 0.674979 0.021546
vt 0.826126 0.582717
vt 0.828789 0.582657
vt 0.829626 0.623850
vt 0.827272 0.623938
vt 0.033964 0.653548
vt 0.036194 0.654528
vt 0.038195 0.655855
vt 0.039985 0.657417
vt 0.793922 0.181698
vt 0.795905 0.183776
vt 0.765958 0.212021
vt 0.764129 0.210247
vt 0.815556 0.372219
vt 0.816001 0.329349
vt 0.818411 0.330241
vt 0.818455 0.372204
vt 0.826263 0.624019
vt 0.824971 0.582747
vt 0.825268 0.624249
vt 0.823817 0.582781
vt 0.824310 0.624634
vt 0.822664 0.582817
vt 0.831644 0.624134
vt 0.831100 0.582630
vt 0.830641 0.623921
vt 0.829944 0.582643
vt 0.763364 0.209580
vt 0.793123 0.180864
vt 0.762509 0.209014
vt 0.792321 0.180035
vt 0.761557 0.208595
vt 0.791519 0.179207
vt 0.767142 0.213679
vt 0.797481 0.185467
vt 0.766606 0.212806
vt 0.796694 0.184621
vt 0.177099 0.810424
vt 0.177979 0.808173
vt 0.179184 0.806105
vt 0.180663 0.804253
vt 0.670718 0.017372
vt 0.667960 0.013471
vt 0.669216 0.015522
vt 0.050008 0.673607
vt 0.028577 0.651069
vt 0.047939 0.667735
vt 0.047040 0.665450
vt 0.044266 0.661570
vt 0.045784 0.663406
vt 0.195602 0.793329
vt 0.175298 0.816272
vt 0.190249 0.796078
vt 0.188009 0.797106
vt 0.184288 0.800094
vt 0.186036 0.798476
vt 0.210228 0.064294
vt 0.230817 0.041597
vt 0.215617 0.061612
vt 0.221505 0.057572
vt 0.217814 0.060566
vt 0.219768 0.059188
vt 0.956113 0.316396
vt 0.960160 0.315127
vt 0.147523 0.826412
vt 0.146084 0.817109
vt 0.150479 0.817400
vt 0.151055 0.819036
vt 0.353987 0.987691
vt 0.312292 0.987594
vt 0.312297 0.983386
vt 0.354007 0.983482
vt 0.616531 0.950873
vt 0.657825 0.957300
vt 0.657713 0.958096
vt 0.616403 0.951677
vt 0.657652 0.959050
vt 0.616251 0.952633
vt 0.657614 0.959848
vt 0.616123 0.953435
vt 0.657464 0.960776
vt 0.615977 0.954354
vt 0.657266 0.961378
vt 0.615871 0.955021
vt 0.656932 0.962363
vt 0.615693 0.956160
vt 0.656863 0.962764
vt 0.615623 0.956608
vt 0.656727 0.964697
vt 0.615293 0.958723
vt 0.505380 0.491214
vt 0.507297 0.480886
vt 0.552416 0.492009
vt 0.545724 0.498098
vt 0.613887 0.935708
vt 0.655006 0.942762
vt 0.654914 0.943295
vt 0.613795 0.936242
vt 0.654840 0.943727
vt 0.613721 0.936673
vt 0.654786 0.944020
vt 0.613671 0.936968
vt 0.615605 0.925695
vt 0.656723 0.932748
vt 0.655980 0.937080
vt 0.614861 0.930026
vt 0.655792 0.938177
vt 0.614673 0.931124
vt 0.655604 0.939275
vt 0.614485 0.932221
vt 0.655415 0.940373
vt 0.614297 0.933319
vt 0.367756 0.894452
vt 0.367655 0.894998
vt 0.367450 0.895427
vt 0.362149 0.889112
vt 0.362150 0.889109
vt 0.604215 0.988986
vt 0.604237 0.984773
vt 0.604292 0.974454
vt 0.609892 0.982997
vt 0.146381 0.802289
vt 0.146251 0.805401
vt 0.145030 0.808897
vt 0.108983 0.815467
vt 0.145478 0.811976
vt 0.144225 0.815312
vt 0.023049 0.033106
vt 0.020350 0.031078
vt 0.020249 0.030369
vt 0.021803 0.029425
vt 0.253677 0.032832
vt 0.254823 0.045862
vt 0.249946 0.043101
vt 0.249370 0.038310
vt 0.248887 0.041688
vt 0.248676 0.039934
vt 0.253674 0.032829
vt 0.035076 0.021751
vt 0.022141 0.028412
vt 0.021609 0.027041
vt 0.020624 0.026217
vt 0.018870 0.024055
vt 0.019510 0.025169
vt 0.367364 0.894429
vt 0.367644 0.892048
vt 0.408747 0.897894
vt 0.408351 0.900286
vt 0.449824 0.905062
vt 0.449407 0.907450
vt 0.490940 0.912156
vt 0.490529 0.914545
vt 0.532059 0.919212
vt 0.531649 0.921601
vt 0.573178 0.926265
vt 0.572768 0.928655
vt 0.408928 0.896796
vt 0.450015 0.903965
vt 0.491128 0.911058
vt 0.532247 0.918114
vt 0.573366 0.925168
vt 0.409109 0.895697
vt 0.450207 0.902867
vt 0.491317 0.909960
vt 0.532435 0.917016
vt 0.573554 0.924070
vt 0.367836 0.888765
vt 0.409289 0.894599
vt 0.450397 0.901770
vt 0.491506 0.908863
vt 0.532624 0.915918
vt 0.573743 0.922972
vt 0.368481 0.884415
vt 0.409989 0.890263
vt 0.451149 0.897439
vt 0.492250 0.904532
vt 0.533367 0.911587
vt 0.574486 0.918641
vt 0.367213 0.895384
vt 0.408183 0.901251
vt 0.449238 0.908414
vt 0.449184 0.908705
vt 0.490364 0.915509
vt 0.490318 0.915808
vt 0.531483 0.922565
vt 0.531433 0.922860
vt 0.572602 0.929619
vt 0.572551 0.929913
vt 0.367291 0.894959
vt 0.408259 0.900820
vt 0.449313 0.907983
vt 0.490438 0.915078
vt 0.531557 0.922134
vt 0.572676 0.929188
vt 0.290934 0.483036
vt 0.333571 0.482444
vt 0.334044 0.492734
vt 0.375766 0.481741
vt 0.376082 0.492041
vt 0.418385 0.480670
vt 0.418508 0.490987
vt 0.462027 0.479837
vt 0.461610 0.490186
vt 0.367924 0.915105
vt 0.408954 0.922623
vt 0.408586 0.924731
vt 0.367423 0.916977
vt 0.450278 0.929525
vt 0.449930 0.931634
vt 0.491608 0.936320
vt 0.491261 0.938429
vt 0.532937 0.943115
vt 0.532590 0.945224
vt 0.574267 0.949910
vt 0.573922 0.952019
vt 0.367988 0.914702
vt 0.409032 0.922175
vt 0.450351 0.929078
vt 0.491681 0.935873
vt 0.533011 0.942668
vt 0.574341 0.949462
vt 0.367993 0.913663
vt 0.409228 0.921040
vt 0.450539 0.927943
vt 0.491868 0.934737
vt 0.533197 0.941532
vt 0.574527 0.948326
vt 0.368002 0.913029
vt 0.409343 0.920374
vt 0.450649 0.927276
vt 0.491978 0.934070
vt 0.533307 0.940865
vt 0.574636 0.947659
vt 0.368242 0.912131
vt 0.409499 0.919457
vt 0.450800 0.926357
vt 0.492129 0.933152
vt 0.533458 0.939946
vt 0.574787 0.946741
vt 0.368380 0.911333
vt 0.409637 0.918656
vt 0.450933 0.925555
vt 0.492261 0.932349
vt 0.533590 0.939144
vt 0.574918 0.945938
vt 0.368637 0.910411
vt 0.409800 0.917702
vt 0.451090 0.924600
vt 0.492418 0.931394
vt 0.533747 0.938189
vt 0.575075 0.944983
vt 0.368793 0.909624
vt 0.409937 0.916900
vt 0.451223 0.923797
vt 0.492550 0.930591
vt 0.533879 0.937386
vt 0.575207 0.944180
vt 0.562510 0.988764
vt 0.562533 0.984551
vt 0.520805 0.988548
vt 0.520829 0.984330
vt 0.479102 0.988321
vt 0.479124 0.984108
vt 0.437398 0.988100
vt 0.437420 0.983886
vt 0.395694 0.987880
vt 0.395715 0.983666
vt 0.979717 0.011521
vt 0.949825 0.040088
vt 0.949029 0.039252
vt 0.978961 0.010844
vt 0.919120 0.068901
vt 0.918337 0.068069
vt 0.888469 0.097789
vt 0.887685 0.096959
vt 0.857854 0.126717
vt 0.857069 0.125888
vt 0.827249 0.155661
vt 0.826464 0.154832
vt 0.980576 0.012084
vt 0.950623 0.040920
vt 0.919902 0.069733
vt 0.889252 0.098620
vt 0.858638 0.127547
vt 0.828033 0.156491
vt 0.981526 0.012518
vt 0.951420 0.041749
vt 0.920684 0.070565
vt 0.890036 0.099450
vt 0.859421 0.128377
vt 0.828818 0.157320
vt 0.975963 0.007396
vt 0.945487 0.035468
vt 0.914826 0.064337
vt 0.914043 0.063506
vt 0.884169 0.093234
vt 0.883385 0.092404
vt 0.853550 0.122166
vt 0.852765 0.121337
vt 0.822943 0.151108
vt 0.822158 0.150279
vt 0.976500 0.008272
vt 0.946268 0.036318
vt 0.915608 0.065169
vt 0.884953 0.094064
vt 0.854334 0.122996
vt 0.823728 0.151938
vt 0.977141 0.009062
vt 0.947054 0.037165
vt 0.916391 0.066000
vt 0.885736 0.094894
vt 0.855119 0.123825
vt 0.824513 0.152767
vt 0.824752 0.330874
vt 0.825738 0.372082
vt 0.824583 0.372112
vt 0.823740 0.330962
vt 0.826608 0.414180
vt 0.825467 0.414204
vt 0.827503 0.456300
vt 0.826361 0.456324
vt 0.828355 0.498423
vt 0.827213 0.498445
vt 0.829150 0.540547
vt 0.828008 0.540568
vt 0.825752 0.330647
vt 0.826892 0.372048
vt 0.827750 0.414156
vt 0.828644 0.456277
vt 0.829496 0.498400
vt 0.830292 0.540526
vt 0.826715 0.330237
vt 0.828042 0.372012
vt 0.828892 0.414131
vt 0.829786 0.456253
vt 0.830638 0.498378
vt 0.831434 0.540505
vt 0.819378 0.330619
vt 0.819608 0.372195
vt 0.820549 0.414310
vt 0.819407 0.414335
vt 0.821446 0.456426
vt 0.820305 0.456450
vt 0.822298 0.498541
vt 0.821156 0.498564
vt 0.823091 0.540657
vt 0.821949 0.540678
vt 0.820378 0.330824
vt 0.820762 0.372183
vt 0.821691 0.414285
vt 0.822587 0.456403
vt 0.823439 0.498519
vt 0.824233 0.540637
vt 0.821388 0.330892
vt 0.821917 0.372168
vt 0.822833 0.414261
vt 0.823729 0.456379
vt 0.824581 0.498497
vt 0.825375 0.540616
vt 0.821964 0.625783
vt 0.819743 0.582911
vt 0.819049 0.540731
vt 0.818257 0.498621
vt 0.817405 0.456510
vt 0.816507 0.414396
vt 0.983822 0.013589
vt 0.953445 0.043852
vt 0.922671 0.072678
vt 0.892025 0.101559
vt 0.861411 0.130486
vt 0.830809 0.159429
vt 0.829078 0.329118
vt 0.830963 0.371919
vt 0.831792 0.414068
vt 0.832685 0.456192
vt 0.833537 0.498322
vt 0.834334 0.540453
vt 0.254892 0.628141
vt 0.299397 0.620451
vt 0.341549 0.622348
vt 0.341524 0.625677
vt 0.382867 0.623401
vt 0.382854 0.626730
vt 0.424486 0.623542
vt 0.424481 0.626873
vt 0.466749 0.623245
vt 0.466654 0.626583
vt 0.508516 0.635083
vt 0.549542 0.639860
vt 0.466222 0.638132
vt 0.466355 0.634757
vt 0.424414 0.638355
vt 0.424439 0.635005
vt 0.382769 0.638192
vt 0.382803 0.634848
vt 0.341442 0.637183
vt 0.341479 0.633815
vt 0.738572 0.296850
vt 0.722902 0.268376
vt 0.759440 0.248269
vt 0.775109 0.276743
vt 0.795978 0.228161
vt 0.811647 0.256635
vt 0.832516 0.208054
vt 0.848185 0.236528
vt 0.869054 0.187947
vt 0.884723 0.216421
vt 0.905592 0.167839
vt 0.921261 0.196313
vt 0.455542 0.316748
vt 0.462163 0.333152
vt 0.441053 0.342138
vt 0.434441 0.325767
vt 0.419362 0.351567
vt 0.412744 0.335276
vt 0.397117 0.361166
vt 0.390435 0.344975
vt 0.374543 0.370592
vt 0.367737 0.354454
vt 0.352079 0.379663
vt 0.345158 0.363499
vt 0.454124 0.313075
vt 0.433030 0.322111
vt 0.411333 0.331662
vt 0.388991 0.341417
vt 0.366224 0.350924
vt 0.343582 0.359954
vt 0.309976 0.868366
vt 0.313283 0.813015
vt 0.354914 0.815502
vt 0.351607 0.870853
vt 0.396545 0.817990
vt 0.393238 0.873341
vt 0.438176 0.820477
vt 0.434869 0.875828
vt 0.479807 0.822965
vt 0.476500 0.878316
vt 0.521438 0.825452
vt 0.518131 0.880803
vt 0.443682 0.284040
vt 0.422734 0.293346
vt 0.401083 0.303531
vt 0.378267 0.314164
vt 0.354411 0.324119
vt 0.330805 0.332871
vt 0.759256 0.207536
vt 0.789483 0.177114
vt 0.820164 0.148173
vt 0.850771 0.119232
vt 0.881394 0.090297
vt 0.912055 0.061394
vt 0.442398 0.280239
vt 0.421527 0.289617
vt 0.399939 0.299938
vt 0.377047 0.310820
vt 0.352894 0.320898
vt 0.329043 0.329525
vt 0.145559 0.157179
vt 0.145979 0.105904
vt 0.211228 0.106438
vt 0.243550 0.177980
vt 0.276477 0.106973
vt 0.283641 0.143361
vt 0.341727 0.107507
vt 0.332469 0.122826
vt 0.406976 0.108042
vt 0.385252 0.118385
vt 0.472225 0.108576
vt 0.436824 0.130471
vt 0.436671 0.262058
vt 0.403493 0.269424
vt 0.393864 0.288973
vt 0.378735 0.304551
vt 0.359614 0.314632
vt 0.338311 0.318463
vt 0.654790 0.944024
vt 0.613675 0.936973
vt 0.572552 0.929914
vt 0.531432 0.922861
vt 0.490312 0.915812
vt 0.449188 0.908709
vt 0.539903 0.584985
vt 0.551622 0.594062
vt 0.505395 0.605048
vt 0.501904 0.589189
vt 0.462056 0.605996
vt 0.460991 0.589602
vt 0.419900 0.606480
vt 0.419333 0.590055
vt 0.377555 0.607448
vt 0.377290 0.590973
vt 0.334315 0.608396
vt 0.334989 0.591785
vt 0.967856 0.581656
vt 0.985431 0.581134
vt 0.966333 0.538638
vt 0.983896 0.537822
vt 0.964109 0.495671
vt 0.981661 0.494525
vt 0.960966 0.452851
vt 0.978485 0.451204
vt 0.956327 0.410347
vt 0.973748 0.407863
vt 0.546308 0.512931
vt 0.502901 0.509015
vt 0.460715 0.508037
vt 0.418537 0.508773
vt 0.376474 0.509814
vt 0.334653 0.510562
vt 0.861446 0.392561
vt 0.855712 0.392278
vt 0.862493 0.430747
vt 0.856800 0.430943
vt 0.864343 0.469140
vt 0.858656 0.469361
vt 0.866219 0.507541
vt 0.860533 0.507769
vt 0.868269 0.545882
vt 0.862602 0.546222
vt 0.252410 0.707285
vt 0.294441 0.715557
vt 0.337773 0.718077
vt 0.380897 0.718795
vt 0.423708 0.718973
vt 0.466253 0.719129
vt 0.245304 0.709644
vt 0.292543 0.723648
vt 0.337332 0.726225
vt 0.380848 0.726908
vt 0.423764 0.727075
vt 0.466446 0.727232
vt 0.270768 0.197884
vt 0.277878 0.208288
vt 0.268608 0.228153
vt 0.249017 0.209585
vt 0.294970 0.185095
vt 0.293452 0.191730
vt 0.321455 0.174029
vt 0.314004 0.180817
vt 0.347640 0.165744
vt 0.336750 0.176942
vt 0.370880 0.158386
vt 0.358960 0.180386
vt 0.392804 0.150686
vt 0.400197 0.167647
vt 0.408354 0.185289
vt 0.377928 0.190184
vt 0.416509 0.204031
vt 0.393382 0.205728
vt 0.424068 0.223556
vt 0.403427 0.225641
vt 0.430707 0.243120
vt 0.406864 0.247702
vt 0.469286 0.467498
vt 0.462122 0.431109
vt 0.502213 0.396491
vt 0.534535 0.468032
vt 0.404036 0.466963
vt 0.413294 0.451644
vt 0.370075 0.254071
vt 0.366676 0.264132
vt 0.370272 0.243354
vt 0.367315 0.233015
vt 0.361365 0.224160
vt 0.353006 0.217689
vt 0.338787 0.466429
vt 0.360511 0.456086
vt 0.342928 0.214244
vt 0.332023 0.214136
vt 0.321468 0.217498
vt 0.312503 0.223952
vt 0.306140 0.232751
vt 0.273538 0.465895
vt 0.308939 0.443999
vt 0.302875 0.242921
vt 0.303030 0.253554
vt 0.265933 0.249682
vt 0.306521 0.263668
vt 0.270213 0.271394
vt 0.312954 0.272245
vt 0.281117 0.290902
vt 0.321550 0.278505
vt 0.297279 0.306042
vt 0.208289 0.465360
vt 0.263626 0.416567
vt 0.331542 0.281797
vt 0.342002 0.281856
vt 0.351936 0.278669
vt 0.360436 0.272593
vt 0.143039 0.464826
vt 0.143459 0.413551
vt 0.143879 0.362277
vt 0.229007 0.376475
vt 0.144299 0.311002
vt 0.208473 0.327648
vt 0.144719 0.259728
vt 0.204031 0.274865
vt 0.145139 0.208453
vt 0.216118 0.223293
vt 0.600204 0.417292
vt 0.599784 0.468567
vt 0.529645 0.351178
vt 0.600624 0.366017
vt 0.541732 0.299605
vt 0.601044 0.314743
vt 0.537291 0.246822
vt 0.601464 0.263468
vt 0.516756 0.197995
vt 0.601884 0.212194
vt 0.004143 0.358197
vt 0.037720 0.361268
vt 0.025615 0.449743
vt 0.003906 0.437282
vt 0.070244 0.376950
vt 0.047649 0.466892
vt 0.099286 0.403872
vt 0.069923 0.486430
vt 0.122140 0.440159
vt 0.092243 0.511718
vt 0.143689 0.479611
vt 0.108990 0.546827
vt 0.234950 0.236588
vt 0.228245 0.219543
vt 0.241833 0.254715
vt 0.249372 0.273736
vt 0.257865 0.292866
vt 0.267034 0.311326
vt 0.695432 0.374335
vt 0.692077 0.406936
vt 0.613422 0.398841
vt 0.616777 0.366240
vt 0.688722 0.439536
vt 0.610067 0.431441
vt 0.685367 0.472137
vt 0.606712 0.464042
vt 0.682012 0.504738
vt 0.603357 0.496643
vt 0.678657 0.537339
vt 0.600002 0.529244
s 1
f 4/1/1 38/2/1 44/3/1 43/4/1
f 38/2/1 4/1/1 8/5/1 39/6/1
f 224/7/2 140/8/2 6/9/2 40/10/2
f 40/11/3 6/12/3 2/13/3 37/14/3
f 122/15/4 129/16/4 5/17/4 1/18/4
f 140/8/5 123/19/5 2/20/5 6/9/5
f 19/21/3 12/22/3 9/23/3 20/24/3
f 170/25/2 146/26/2 12/22/2 19/21/2
f 17/27/1 10/28/1 11/29/1 18/30/1
f 122/15/4 1/18/4 14/31/4 158/32/4
f 1/18/3 20/33/3 91/34/3 90/35/3 14/31/3
f 106/36/1 105/37/1 107/38/1 108/39/1
f 152/40/5 10/28/5 15/41/5 164/42/5
f 17/43/1 3/44/1 13/45/1 77/46/1 80/47/1
f 10/28/1 17/27/1 80/48/1 79/49/1 15/41/1
f 3/44/1 17/43/1 18/50/1 7/51/1
f 129/16/2 170/52/2 19/53/2 5/17/2
f 5/17/3 19/53/3 20/33/3 1/18/3
f 339/54/6 89/55/6 102/56/6 422/57/6
f 110/58/3 109/59/3 111/60/3 112/61/3
f 20/24/3 9/23/3 16/62/3 92/63/3 91/64/3
f 459/65/3 24/66/3 21/67/3 470/68/3
f 505/69/2 176/70/2 24/71/2 459/72/2
f 447/73/1 22/74/1 23/75/1 453/76/1
f 485/77/7 182/78/7 22/79/7 447/80/7
f 24/66/3 28/81/3 25/82/3 21/67/3
f 176/70/2 188/83/2 28/84/2 24/71/2
f 22/74/1 26/85/1 27/86/1 23/75/1
f 201/87/4 29/88/4 70/89/8 314/90/8
f 28/81/3 32/91/3 29/92/3 25/82/3
f 188/83/2 200/93/2 32/94/2 28/84/2
f 26/85/1 30/95/1 31/96/1 27/86/1
f 194/97/7 206/98/7 30/99/7 26/100/7
f 32/91/3 36/101/3 33/102/3 29/92/3
f 200/93/2 212/103/2 36/104/2 32/94/2
f 30/95/1 34/105/1 35/106/1 31/96/1
f 29/107/3 33/108/3 73/109/3 70/110/3
f 36/101/3 40/111/3 37/112/3 33/102/3
f 212/103/2 224/113/2 40/114/2 36/104/2
f 34/105/1 38/115/1 39/116/1 35/106/1
f 218/117/7 230/118/7 38/119/7 34/120/7
f 242/121/7 236/122/7 43/123/7 44/124/7
f 128/125/5 4/126/5 43/123/5 236/122/5
f 37/14/3 2/13/3 42/127/3 41/128/3
f 225/129/4 37/130/4 41/131/4 237/132/4
f 194/133/5 26/134/5 46/135/9 272/136/9
f 218/137/5 34/138/5 62/139/9 320/140/9
f 57/141/3 59/142/3 60/143/3 58/144/3
f 73/109/3 75/145/3 76/146/3 74/147/3
f 248/148/10 285/149/11 45/150/11 50/151/10
f 65/152/1 67/153/1 68/154/1 66/155/1
f 296/156/10 333/157/11 61/158/11 66/159/10
f 177/160/4 21/161/4 54/162/8 266/163/8
f 248/148/10 50/151/10 52/164/12 249/165/12
f 249/165/13 52/164/13 51/166/14 255/167/14
f 255/167/14 51/166/14 49/168/8 261/169/8
f 272/136/9 46/135/9 48/170/15 273/171/15
f 273/171/15 48/170/15 47/172/16 279/173/16
f 279/173/17 47/172/17 45/150/11 285/149/11
f 296/156/10 66/159/10 68/174/12 297/175/12
f 297/175/13 68/174/13 67/176/14 303/177/14
f 303/177/14 67/176/14 65/178/8 309/179/8
f 320/140/9 62/139/9 64/180/18 321/181/18
f 321/181/16 64/180/16 63/182/16 327/183/16
f 327/183/17 63/182/17 61/158/11 333/157/11
f 49/184/1 51/185/1 52/186/1 50/187/1
f 70/110/3 73/109/3 74/147/3 69/188/3
f 72/189/3 70/110/3 69/188/3 71/190/3
f 34/191/1 30/192/1 65/152/1 62/193/1
f 64/194/1 62/193/1 61/195/1 63/196/1
f 62/193/1 65/152/1 66/155/1 61/195/1
f 26/197/1 22/198/1 49/184/1 46/199/1
f 48/200/1 46/199/1 45/201/1 47/202/1
f 46/199/1 49/184/1 50/187/1 45/201/1
f 21/203/3 25/204/3 57/141/3 54/205/3
f 54/205/3 57/141/3 58/144/3 53/206/3
f 56/207/3 54/205/3 53/206/3 55/208/3
f 80/48/1 88/209/1 78/210/1 79/49/1
f 90/211/3 98/212/3 99/213/3 100/214/3
f 344/215/4 78/216/4 88/217/4 345/218/4
f 345/219/19 88/220/19 87/221/20 351/222/20
f 351/222/20 87/221/20 86/223/21 357/224/21
f 357/224/21 86/223/21 85/225/22 363/226/22
f 363/226/22 85/225/22 84/227/23 369/228/23
f 369/228/24 84/227/24 83/229/24 375/230/24
f 375/230/25 83/229/25 82/231/25 381/232/25
f 381/232/7 82/231/7 81/233/7 387/234/7
f 387/234/13 81/233/13 77/235/13 393/236/13
f 153/237/7 393/238/7 77/239/7 13/240/7
f 404/241/26 106/242/26 108/243/27 405/244/27
f 405/244/27 108/243/27 107/245/28 411/246/28
f 411/246/29 107/245/29 105/247/29 417/248/29
f 164/249/5 15/250/5 114/251/9 428/252/9
f 428/252/9 114/251/9 116/253/18 429/254/18
f 429/254/16 116/253/16 115/255/30 435/256/30
f 435/256/30 115/255/30 113/257/11 441/258/11
f 404/241/26 441/258/11 113/257/11 106/242/26
f 102/56/3 101/259/3 103/260/31 104/261/31
f 89/55/3 92/262/3 16/263/3 109/59/3 110/58/3 101/259/3 102/56/3
f 89/264/3 93/265/3 91/266/3 92/267/3
f 93/268/3 94/269/3 95/270/3 91/271/3
f 91/271/3 95/270/3 96/272/3 97/273/3
f 90/211/3 91/271/3 97/273/3 98/212/3
f 77/274/1 81/275/1 82/276/1 83/277/1
f 79/278/1 78/279/1 105/37/1 106/36/1 113/280/1
f 114/281/1 113/280/1 115/282/1 116/283/1
f 15/284/1 79/278/1 113/280/1 114/281/1
f 80/285/1 77/274/1 83/277/1 84/286/1
f 80/285/1 84/286/1 85/287/1
f 80/285/1 85/287/1 86/288/1
f 88/289/1 80/285/1 86/288/1 87/290/1
f 101/291/26 110/292/11 446/293/11 399/294/26
f 399/294/26 446/293/11 445/295/11 400/296/26
f 400/296/26 445/295/11 444/297/11 401/298/26
f 401/298/26 444/297/11 443/299/11 402/300/26
f 402/300/26 443/299/11 442/301/11 403/302/26
f 403/302/26 442/301/11 441/258/11 404/241/26
f 112/61/17 440/303/30 446/293/11 110/292/11
f 440/303/30 439/304/30 445/295/11 446/293/11
f 439/304/30 438/305/17 444/297/11 445/295/11
f 438/305/17 437/306/30 443/299/11 444/297/11
f 437/306/30 436/307/30 442/301/11 443/299/11
f 436/307/30 435/256/30 441/258/11 442/301/11
f 111/60/16 434/308/16 440/303/30 112/61/16
f 434/308/16 433/309/16 439/304/30 440/303/30
f 433/309/16 432/310/16 438/305/16 439/304/30
f 432/310/16 431/311/16 437/306/30 438/305/16
f 431/311/16 430/312/16 436/307/30 437/306/30
f 430/312/16 429/254/16 435/256/30 436/307/30
f 109/313/9 423/314/9 434/308/18 111/60/18
f 423/314/9 424/315/9 433/309/18 434/308/18
f 424/315/9 425/316/9 432/310/18 433/309/18
f 425/316/9 426/317/9 431/311/18 432/310/18
f 426/317/9 427/318/9 430/312/18 431/311/18
f 427/318/9 428/252/9 429/254/18 430/312/18
f 16/319/5 159/320/5 423/314/9 109/313/9
f 159/320/5 160/321/5 424/315/9 423/314/9
f 160/321/5 161/322/5 425/316/9 424/315/9
f 161/322/5 162/323/5 426/317/9 425/316/9
f 162/323/5 163/324/5 427/318/9 426/317/9
f 163/324/5 164/249/5 428/252/9 427/318/9
f 104/325/29 416/326/29 422/57/29 102/56/29
f 416/326/29 415/327/29 421/328/29 422/57/29
f 415/327/29 414/329/29 420/330/29 421/328/29
f 414/329/29 413/331/29 419/332/29 420/330/29
f 413/331/29 412/333/29 418/334/29 419/332/29
f 412/333/29 411/246/29 417/248/29 418/334/29
f 103/335/27 410/336/27 416/326/28 104/325/28
f 410/336/27 409/337/27 415/327/28 416/326/28
f 409/337/27 408/338/27 414/329/28 415/327/28
f 408/338/27 407/339/27 413/331/28 414/329/28
f 407/339/27 406/340/27 412/333/28 413/331/28
f 406/340/27 405/244/27 411/246/28 412/333/28
f 101/291/26 399/294/26 410/336/27 103/335/27
f 399/294/26 400/296/26 409/337/27 410/336/27
f 400/296/26 401/298/26 408/338/27 409/337/27
f 401/298/26 402/300/26 407/339/27 408/338/27
f 402/300/26 403/302/26 406/340/27 407/339/27
f 403/302/26 404/241/26 405/244/27 406/340/27
f 14/31/7 90/35/7 398/341/7 158/32/7
f 158/32/7 398/341/7 397/342/7 157/343/7
f 157/343/7 397/342/7 396/344/7 156/345/7
f 156/345/7 396/344/7 395/346/7 155/347/7
f 155/347/7 395/346/7 394/348/7 154/349/7
f 154/349/7 394/348/7 393/238/7 153/237/7
f 100/350/13 392/351/13 398/352/13 90/353/13
f 392/351/13 391/354/13 397/355/13 398/352/13
f 391/354/13 390/356/13 396/357/13 397/355/13
f 390/356/13 389/358/13 395/359/13 396/357/13
f 389/358/13 388/360/13 394/361/13 395/359/13
f 388/360/13 387/234/13 393/236/13 394/361/13
f 99/362/7 386/363/7 392/351/7 100/350/7
f 386/363/7 385/364/7 391/354/7 392/351/7
f 385/364/7 384/365/7 390/356/7 391/354/7
f 384/365/7 383/366/7 389/358/7 390/356/7
f 383/366/7 382/367/7 388/360/7 389/358/7
f 382/367/7 381/232/7 387/234/7 388/360/7
f 98/368/25 380/369/25 386/363/25 99/362/25
f 380/369/25 379/370/25 385/364/25 386/363/25
f 379/370/25 378/371/25 384/365/25 385/364/25
f 378/371/25 377/372/25 383/366/25 384/365/25
f 377/372/25 376/373/25 382/367/25 383/366/25
f 376/373/25 375/230/25 381/232/25 382/367/25
f 97/374/24 374/375/24 380/369/24 98/368/24
f 374/375/24 373/376/24 379/370/24 380/369/24
f 373/376/24 372/377/24 378/371/24 379/370/24
f 372/377/24 371/378/24 377/372/24 378/371/24
f 371/378/24 370/379/24 376/373/24 377/372/24
f 370/379/24 369/228/24 375/230/24 376/373/24
f 96/380/22 368/381/22 374/375/23 97/374/23
f 368/381/22 367/382/22 373/376/23 374/375/23
f 367/382/22 366/383/22 372/377/23 373/376/23
f 366/383/22 365/384/22 371/378/23 372/377/23
f 365/384/22 364/385/22 370/379/23 371/378/23
f 364/385/22 363/226/22 369/228/23 370/379/23
f 95/386/21 362/387/21 368/381/22 96/380/22
f 362/387/21 361/388/21 367/382/22 368/381/22
f 361/388/21 360/389/21 366/383/22 367/382/22
f 360/389/21 359/390/21 365/384/22 366/383/22
f 359/390/21 358/391/21 364/385/22 365/384/22
f 358/391/21 357/224/21 363/226/22 364/385/22
f 94/392/20 356/393/20 362/387/21 95/386/21
f 356/393/20 355/394/20 361/388/21 362/387/21
f 355/394/20 354/395/20 360/389/21 361/388/21
f 354/395/20 353/396/20 359/390/21 360/389/21
f 353/396/20 352/397/20 358/391/21 359/390/21
f 352/397/20 351/222/20 357/224/21 358/391/21
f 93/398/19 350/399/19 356/393/20 94/392/20
f 350/399/19 349/400/19 355/394/20 356/393/20
f 349/400/19 348/401/19 354/395/20 355/394/20
f 348/401/19 347/402/19 353/396/20 354/395/20
f 347/402/19 346/403/19 352/397/20 353/396/20
f 346/403/19 345/219/19 351/222/20 352/397/20
f 89/264/4 339/404/4 350/405/4 93/265/4
f 339/404/4 340/406/4 349/407/4 350/405/4
f 340/406/4 341/408/4 348/409/4 349/407/4
f 341/408/4 342/410/4 347/411/4 348/409/4
f 342/410/4 343/412/4 346/413/4 347/411/4
f 343/412/4 344/215/4 345/218/4 346/413/4
f 76/414/30 332/415/30 338/416/11 74/417/11
f 332/415/30 331/418/30 337/419/11 338/416/11
f 331/418/30 330/420/17 336/421/11 337/419/11
f 330/420/17 329/422/17 335/423/11 336/421/11
f 329/422/17 328/424/17 334/425/11 335/423/11
f 328/424/17 327/183/17 333/157/11 334/425/11
f 75/426/16 326/427/16 332/415/30 76/414/30
f 326/427/16 325/428/16 331/418/30 332/415/30
f 325/428/16 324/429/16 330/420/16 331/418/30
f 324/429/16 323/430/16 329/422/16 330/420/16
f 323/430/16 322/431/16 328/424/16 329/422/16
f 322/431/16 321/181/16 327/183/16 328/424/16
f 73/432/9 315/433/9 326/427/18 75/426/18
f 315/433/9 316/434/9 325/428/18 326/427/18
f 316/434/9 317/435/9 324/429/18 325/428/18
f 317/435/9 318/436/9 323/430/18 324/429/18
f 318/436/9 319/437/9 322/431/18 323/430/18
f 319/437/9 320/140/9 321/181/18 322/431/18
f 72/438/32 308/439/32 314/90/8 70/89/8
f 308/439/32 307/440/14 313/441/8 314/90/8
f 307/440/14 306/442/14 312/443/8 313/441/8
f 306/442/14 305/444/14 311/445/8 312/443/8
f 305/444/14 304/446/14 310/447/8 311/445/8
f 304/446/14 303/177/14 309/179/8 310/447/8
f 71/448/33 302/449/33 308/439/13 72/438/13
f 302/449/33 301/450/33 307/440/14 308/439/13
f 301/450/33 300/451/33 306/442/14 307/440/14
f 300/451/33 299/452/33 305/444/14 306/442/14
f 299/452/33 298/453/33 304/446/14 305/444/14
f 298/453/33 297/175/13 303/177/14 304/446/14
f 69/454/10 291/455/10 302/449/33 71/448/33
f 291/455/10 292/456/10 301/450/33 302/449/33
f 292/456/10 293/457/10 300/451/33 301/450/33
f 293/457/10 294/458/10 299/452/33 300/451/33
f 294/458/10 295/459/10 298/453/33 299/452/33
f 295/459/10 296/156/10 297/175/12 298/453/33
f 60/460/17 284/461/17 290/462/11 58/463/11
f 284/461/17 283/464/17 289/465/11 290/462/11
f 283/464/17 282/466/17 288/467/11 289/465/11
f 282/466/17 281/468/17 287/469/11 288/467/11
f 281/468/17 280/470/17 286/471/11 287/469/11
f 280/470/17 279/173/17 285/149/11 286/471/11
f 59/472/15 278/473/15 284/461/16 60/460/16
f 278/473/15 277/474/15 283/464/16 284/461/16
f 277/474/15 276/475/16 282/466/16 283/464/16
f 276/475/16 275/476/16 281/468/16 282/466/16
f 275/476/16 274/477/15 280/470/16 281/468/16
f 274/477/15 273/171/15 279/173/16 280/470/16
f 57/478/9 267/479/9 278/473/15 59/472/15
f 267/479/9 268/480/9 277/474/15 278/473/15
f 268/480/9 269/481/9 276/475/18 277/474/15
f 269/481/9 270/482/9 275/476/18 276/475/18
f 270/482/9 271/483/9 274/477/15 275/476/18
f 271/483/9 272/136/9 273/171/15 274/477/15
f 56/484/14 260/485/14 266/163/8 54/162/8
f 260/485/14 259/486/14 265/487/8 266/163/8
f 259/486/14 258/488/14 264/489/8 265/487/8
f 258/488/14 257/490/14 263/491/8 264/489/8
f 257/490/14 256/492/14 262/493/8 263/491/8
f 256/492/14 255/167/14 261/169/8 262/493/8
f 55/494/13 254/495/13 260/485/14 56/484/14
f 254/495/13 253/496/33 259/486/14 260/485/14
f 253/496/33 252/497/33 258/488/14 259/486/14
f 252/497/33 251/498/33 257/490/14 258/488/14
f 251/498/33 250/499/33 256/492/14 257/490/14
f 250/499/33 249/165/13 255/167/14 256/492/14
f 53/500/10 243/501/10 254/495/12 55/494/12
f 243/501/10 244/502/10 253/496/33 254/495/12
f 244/502/10 245/503/10 252/497/33 253/496/33
f 245/503/10 246/504/10 251/498/33 252/497/33
f 246/504/10 247/505/10 250/499/33 251/498/33
f 247/505/10 248/148/10 249/165/12 250/499/33
f 22/506/4 182/507/4 261/169/8 49/168/8
f 182/507/4 181/508/4 262/493/8 261/169/8
f 181/508/4 180/509/4 263/491/8 262/493/8
f 180/509/4 179/510/4 264/489/8 263/491/8
f 179/510/4 178/511/4 265/487/8 264/489/8
f 178/511/4 177/160/4 266/163/8 265/487/8
f 69/454/10 74/417/11 338/416/11 291/455/10
f 291/455/10 338/416/11 337/419/11 292/456/10
f 292/456/10 337/419/11 336/421/11 293/457/10
f 293/457/10 336/421/11 335/423/11 294/458/10
f 294/458/10 335/423/11 334/425/11 295/459/10
f 295/459/10 334/425/11 333/157/11 296/156/10
f 53/500/10 58/463/11 290/462/11 243/501/10
f 243/501/10 290/462/11 289/465/11 244/502/10
f 244/502/10 289/465/11 288/467/11 245/503/10
f 245/503/10 288/467/11 287/469/11 246/504/10
f 246/504/10 287/469/11 286/471/11 247/505/10
f 247/505/10 286/471/11 285/149/11 248/148/10
f 33/512/5 213/513/5 315/433/9 73/432/9
f 213/513/5 214/514/5 316/434/9 315/433/9
f 214/514/5 215/515/5 317/435/9 316/434/9
f 215/515/5 216/516/5 318/436/9 317/435/9
f 216/516/5 217/517/5 319/437/9 318/436/9
f 217/517/5 218/137/5 320/140/9 319/437/9
f 25/518/5 189/519/5 267/479/9 57/478/9
f 189/519/5 190/520/5 268/480/9 267/479/9
f 190/520/5 191/521/5 269/481/9 268/480/9
f 191/521/5 192/522/5 270/482/9 269/481/9
f 192/522/5 193/523/5 271/483/9 270/482/9
f 193/523/5 194/133/5 272/136/9 271/483/9
f 38/524/4 230/525/4 242/121/4 44/124/4
f 230/525/4 229/526/4 241/527/4 242/121/4
f 229/526/4 228/528/4 240/529/4 241/527/4
f 228/528/4 227/530/4 239/531/4 240/529/4
f 227/530/4 226/532/4 238/533/4 239/531/4
f 226/532/4 225/129/4 237/132/4 238/533/4
f 2/20/5 123/19/5 231/534/5 42/535/5
f 123/19/5 124/536/5 232/537/5 231/534/5
f 124/536/5 125/538/5 233/539/5 232/537/5
f 125/538/5 126/540/5 234/541/5 233/539/5
f 126/540/5 127/542/5 235/543/5 234/541/5
f 127/542/5 128/125/5 236/122/5 235/543/5
f 41/131/7 42/535/7 231/534/7 237/132/7
f 237/132/7 231/534/7 232/537/7 238/533/7
f 238/533/7 232/537/7 233/539/7 239/531/7
f 239/531/7 233/539/7 234/541/7 240/529/7
f 240/529/7 234/541/7 235/543/7 241/527/7
f 241/527/7 235/543/7 236/122/7 242/121/7
f 33/544/7 37/545/7 225/546/7 213/547/7
f 213/547/7 225/546/7 226/548/7 214/549/7
f 214/549/7 226/548/7 227/550/7 215/551/7
f 215/551/7 227/550/7 228/552/7 216/553/7
f 216/553/7 228/552/7 229/554/7 217/555/7
f 217/555/7 229/554/7 230/118/7 218/117/7
f 35/556/2 39/557/2 219/558/2 207/559/2
f 207/559/2 219/558/2 220/560/2 208/561/2
f 208/561/2 220/560/2 221/562/2 209/563/2
f 209/563/2 221/562/2 222/564/2 210/565/2
f 210/565/2 222/564/2 223/566/2 211/567/2
f 211/567/2 223/566/2 224/113/2 212/103/2
f 31/568/2 35/556/2 207/559/2 195/569/2
f 195/569/2 207/559/2 208/561/2 196/570/2
f 196/570/2 208/561/2 209/563/2 197/571/2
f 197/571/2 209/563/2 210/565/2 198/572/2
f 198/572/2 210/565/2 211/567/2 199/573/2
f 199/573/2 211/567/2 212/103/2 200/93/2
f 25/574/7 29/575/7 201/576/7 189/577/7
f 189/577/7 201/576/7 202/578/7 190/579/7
f 190/579/7 202/578/7 203/580/7 191/581/7
f 191/581/7 203/580/7 204/582/7 192/583/7
f 192/583/7 204/582/7 205/584/7 193/585/7
f 193/585/7 205/584/7 206/98/7 194/97/7
f 27/586/2 31/568/2 195/569/2 183/587/2
f 183/587/2 195/569/2 196/570/2 184/588/2
f 184/588/2 196/570/2 197/571/2 185/589/2
f 185/589/2 197/571/2 198/572/2 186/590/2
f 186/590/2 198/572/2 199/573/2 187/591/2
f 187/591/2 199/573/2 200/93/2 188/83/2
f 30/592/4 206/593/4 309/179/8 65/178/8
f 206/593/4 205/594/4 310/447/8 309/179/8
f 205/594/4 204/595/4 311/445/8 310/447/8
f 204/595/4 203/596/4 312/443/8 311/445/8
f 203/596/4 202/597/4 313/441/8 312/443/8
f 202/597/4 201/87/4 314/90/8 313/441/8
f 23/598/2 27/586/2 183/587/2 171/599/2
f 171/599/2 183/587/2 184/588/2 172/600/2
f 172/600/2 184/588/2 185/589/2 173/601/2
f 173/601/2 185/589/2 186/590/2 174/602/2
f 174/602/2 186/590/2 187/591/2 175/603/2
f 175/603/2 187/591/2 188/83/2 176/70/2
f 470/604/7 21/605/7 177/606/7 471/607/7
f 471/607/7 177/606/7 178/608/7 477/609/7
f 477/609/7 178/608/7 179/610/7 479/611/7
f 479/611/7 179/610/7 180/612/7 481/613/7
f 481/613/7 180/612/7 181/614/7 483/615/7
f 483/615/7 181/614/7 182/78/7 485/77/7
f 453/616/2 23/598/2 171/599/2 491/617/2
f 491/617/2 171/599/2 172/600/2 497/618/2
f 497/618/2 172/600/2 173/601/2 499/619/2
f 499/619/2 173/601/2 174/602/2 501/620/2
f 501/620/2 174/602/2 175/603/2 503/621/2
f 503/621/2 175/603/2 176/70/2 505/69/2
f 78/622/6 344/623/6 417/248/6 105/247/6
f 344/623/6 343/624/6 418/334/6 417/248/6
f 343/624/6 342/625/34 419/332/35 418/334/6
f 342/625/34 341/626/36 420/330/37 419/332/35
f 341/626/36 340/627/38 421/328/39 420/330/37
f 340/627/38 339/54/6 422/57/6 421/328/39
f 7/628/2 18/629/2 165/630/2 134/631/2
f 134/631/2 165/630/2 166/632/2 133/633/2
f 133/633/2 166/632/2 167/634/2 132/635/2
f 132/635/2 167/634/2 168/636/2 131/637/2
f 131/637/2 168/636/2 169/638/2 130/639/2
f 130/639/2 169/638/2 170/52/2 129/16/2
f 9/23/5 147/640/5 159/641/5 16/62/5
f 147/640/5 148/642/5 160/643/5 159/641/5
f 148/642/5 149/644/5 161/645/5 160/643/5
f 149/644/5 150/646/5 162/647/5 161/645/5
f 150/646/5 151/648/5 163/649/5 162/647/5
f 151/648/5 152/40/5 164/42/5 163/649/5
f 3/650/4 117/651/4 153/237/4 13/240/4
f 117/651/4 118/652/4 154/349/4 153/237/4
f 118/652/4 119/653/4 155/347/4 154/349/4
f 119/653/4 120/654/4 156/345/4 155/347/4
f 120/654/4 121/655/4 157/343/4 156/345/4
f 121/655/4 122/15/4 158/32/4 157/343/4
f 18/30/2 11/29/2 141/656/2 165/657/2
f 165/657/2 141/656/2 142/658/2 166/659/2
f 166/659/2 142/658/2 143/660/2 167/661/2
f 167/661/2 143/660/2 144/662/2 168/663/2
f 168/663/2 144/662/2 145/664/2 169/665/2
f 169/665/2 145/664/2 146/26/2 170/25/2
f 8/666/5 4/126/5 128/125/5 135/667/5
f 135/667/5 128/125/5 127/542/5 136/668/5
f 136/668/5 127/542/5 126/540/5 137/669/5
f 137/669/5 126/540/5 125/538/5 138/670/5
f 138/670/5 125/538/5 124/536/5 139/671/5
f 139/671/5 124/536/5 123/19/5 140/8/5
f 3/650/4 7/628/4 134/631/4 117/651/4
f 117/651/4 134/631/4 133/633/4 118/652/4
f 118/652/4 133/633/4 132/635/4 119/653/4
f 119/653/4 132/635/4 131/637/4 120/654/4
f 120/654/4 131/637/4 130/639/4 121/655/4
f 121/655/4 130/639/4 129/16/4 122/15/4
f 39/672/2 8/666/2 135/667/2 219/673/2
f 219/673/2 135/667/2 136/668/2 220/674/2
f 220/674/2 136/668/2 137/669/2 221/675/2
f 221/675/2 137/669/2 138/670/2 222/676/2
f 222/676/2 138/670/2 139/671/2 223/677/2
f 223/677/2 139/671/2 140/8/2 224/7/2
f 145/678/2 504/679/2 510/680/2 146/681/2
f 144/682/2 502/683/2 504/679/2 145/678/2
f 143/684/2 500/685/2 502/683/2 144/682/2
f 142/686/2 498/687/2 500/685/2 143/684/2
f 141/688/2 496/689/2 498/687/2 142/686/2
f 11/690/2 458/691/2 496/689/2 141/688/2
f 458/691/2 457/692/2 495/693/2 496/689/2
f 457/692/2 456/694/2 494/695/2 495/693/2
f 456/694/2 455/696/2 493/697/2 494/695/2
f 455/696/2 454/698/2 492/699/2 493/697/2
f 454/698/2 453/616/2 491/617/2 492/699/2
f 151/700/7 484/701/7 490/702/7 152/703/7
f 150/704/7 482/705/7 484/701/7 151/700/7
f 486/706/40 491/617/41 497/618/42 485/707/43
f 487/708/44 492/699/45 491/617/41 486/706/40
f 488/709/46 493/697/47 492/699/45 487/708/44
f 489/710/48 494/695/49 493/697/47 488/709/46
f 490/711/50 495/693/51 494/695/49 489/710/48
f 149/712/7 480/713/7 482/705/7 150/704/7
f 484/714/52 496/689/53 495/693/51 490/711/50
f 482/715/54 498/687/55 496/689/53 484/714/52
f 480/716/56 500/685/57 498/687/55 482/715/54
f 478/717/58 502/683/59 500/685/57 480/716/56
f 476/718/60 504/679/61 502/683/59 478/717/58
f 148/719/7 478/720/7 480/713/7 149/712/7
f 475/721/62 510/680/63 504/679/61 476/718/60
f 474/722/64 509/723/65 510/680/63 475/721/62
f 473/724/66 508/725/67 509/723/65 474/722/64
f 472/726/68 507/727/69 508/725/67 473/724/66
f 471/728/70 506/729/71 507/727/69 472/726/68
f 147/730/7 476/731/7 478/720/7 148/719/7
f 477/732/72 505/69/73 506/729/71 471/728/70
f 479/733/74 503/621/75 505/69/73 477/732/72
f 481/734/76 501/620/77 503/621/75 479/733/74
f 483/735/78 499/619/79 501/620/77 481/734/76
f 485/707/43 497/618/42 499/619/79 483/735/78
f 9/736/7 465/737/7 476/731/7 147/730/7
f 465/737/7 466/738/7 475/739/7 476/731/7
f 466/738/7 467/740/7 474/741/7 475/739/7
f 467/740/7 468/742/7 473/743/7 474/741/7
f 468/742/7 469/744/7 472/745/7 473/743/7
f 469/744/7 470/604/7 471/607/7 472/745/7
f 152/703/7 490/702/7 452/746/7 10/747/7
f 490/702/7 489/748/7 451/749/7 452/746/7
f 489/748/7 488/750/7 450/751/7 451/749/7
f 488/750/7 487/752/7 449/753/7 450/751/7
f 487/752/7 486/754/7 448/755/7 449/753/7
f 486/754/7 485/77/7 447/80/7 448/755/7
f 10/756/1 452/757/1 458/758/1 11/759/1
f 452/757/1 451/760/1 457/761/1 458/758/1
f 451/760/1 450/762/1 456/763/1 457/761/1
f 450/762/1 449/764/1 455/765/1 456/763/1
f 449/764/1 448/766/1 454/767/1 455/765/1
f 448/766/1 447/73/1 453/76/1 454/767/1
f 146/681/2 510/680/2 464/768/2 12/769/2
f 510/680/2 509/723/2 463/770/2 464/768/2
f 509/723/2 508/725/2 462/771/2 463/770/2
f 508/725/2 507/727/2 461/772/2 462/771/2
f 507/727/2 506/729/2 460/773/2 461/772/2
f 506/729/2 505/69/2 459/72/2 460/773/2
f 12/774/3 464/775/3 465/776/3 9/777/3
f 464/775/3 463/778/3 466/779/3 465/776/3
f 463/778/3 462/780/3 467/781/3 466/779/3
f 462/780/3 461/782/3 468/783/3 467/781/3
f 461/782/3 460/784/3 469/785/3 468/783/3
f 460/784/3 459/65/3 470/68/3 469/785/3
o Cube:018.001
v 0.611131 4.314549 -6.528129
v 0.611131 4.990111 -6.528130
v 0.611131 4.314549 -7.203690
v 0.611131 4.990110 -7.203690
v 0.748984 4.275053 -6.488633
v 0.748984 5.029607 -6.488633
v 0.748984 4.275053 -7.243186
v 0.748984 5.029607 -7.243186
v 0.611131 4.290486 -7.227753
v 0.626564 4.275053 -7.243186
v 0.613199 4.282769 -7.235469
v 0.618847 4.277120 -7.241119
v 0.626564 4.275053 -6.488633
v 0.611131 4.290486 -6.504065
v 0.618847 4.277120 -6.490701
v 0.613199 4.282770 -6.496349
v 0.626564 5.029607 -6.488633
v 0.611131 5.014173 -6.504066
v 0.618847 5.027538 -6.490701
v 0.613199 5.021890 -6.496349
v 0.626564 5.029607 -7.243186
v 0.611131 5.014173 -7.227753
v 0.618847 5.027538 -7.241119
v 0.613199 5.021890 -7.235469
v 0.590475 4.337317 -7.180922
v 0.594877 4.327973 -7.190266
v 0.591765 4.332215 -7.186024
v 0.594877 4.327973 -6.541552
v 0.590475 4.337317 -6.550897
v 0.591765 4.332215 -6.545795
v 0.594877 4.976686 -6.541552
v 0.590475 4.967341 -6.550897
v 0.591765 4.972443 -6.545795
v 0.594877 4.976686 -7.190266
v 0.590475 4.967341 -7.180923
v 0.591765 4.972443 -7.186024
vn -0.6368 -0.0000 0.7711
vn -0.6911 -0.0000 0.7228
vn -0.1190 -0.9929 -0.0000
vn -0.0000 -1.0000 -0.0000
vn -1.0000 -0.0000 -0.0000
vn -0.9903 0.0985 0.0985
vn -0.9903 0.0985 -0.0985
vn -0.9903 -0.0985 -0.0985
vn -0.1190 -0.0000 -0.9929
vn -0.0000 -0.0000 -1.0000
vn -0.0000 -0.0000 1.0000
vn -0.1190 -0.0000 0.9929
vn -0.1191 -0.0000 0.9929
vn -0.0000 1.0000 -0.0000
vn -0.1191 0.9929 -0.0000
vn -0.9903 -0.0985 0.0985
vn -0.6368 -0.0000 -0.7710
vn -0.6911 -0.0000 -0.7228
vn -0.6368 0.7710 -0.0000
vn -0.6911 0.7227 -0.0000
vn -0.9913 -0.0930 0.0931
vn -0.9913 0.0931 0.0931
vn -0.9913 0.0931 -0.0931
vn -0.9913 -0.0930 -0.0931
vn -0.2587 -0.9659 -0.0000
vn -0.7072 -0.7070 -0.0000
vn -0.8687 -0.4919 0.0583
vn -0.8687 -0.4919 -0.0583
vn -0.4263 -0.0000 0.9046
vn -0.4259 -0.0000 0.9048
vn -0.7071 -0.0000 0.7071
vn -0.8687 0.4920 0.0583
vn -0.2589 0.9659 -0.0000
vn -0.7071 0.7071 -0.0000
vn -0.8687 0.4920 -0.0583
vn -0.4259 -0.0000 -0.9047
vn -0.7072 -0.0000 -0.7070
vn -0.6911 -0.7228 -0.0000
vn -0.9230 -0.2721 0.2720
vn -0.9230 -0.2721 -0.2721
vn -0.9230 0.2720 0.2720
vn -0.9230 0.2720 -0.2721
vn -0.6368 -0.7710 -0.0000
vt 0.337917 0.052506
vt 0.319055 0.093583
vt 0.318459 0.091959
vt 0.336290 0.053109
vt 0.731970 0.046602
vt 0.722703 0.045192
vt 0.774857 0.005300
vt 0.773606 0.013422
vt 0.762550 0.085810
vt 0.798698 0.056792
vt 0.801199 0.057173
vt 0.762156 0.088394
vt 0.736701 0.047323
vt 0.734201 0.046940
vt 0.761809 0.090677
vt 0.760576 0.098804
vt 0.812693 0.058936
vt 0.803428 0.057514
vt 0.772864 0.018287
vt 0.773258 0.015706
vt 0.277985 0.074722
vt 0.296839 0.033651
vt 0.297438 0.035268
vt 0.279609 0.074126
vt 0.335405 0.053437
vt 0.318131 0.091074
vt 0.280494 0.073798
vt 0.297766 0.036153
vt 0.773506 0.014078
vt 0.732620 0.046698
vt 0.773388 0.014860
vt 0.733381 0.046814
vt 0.802781 0.057415
vt 0.802019 0.057298
vt 0.761906 0.090022
vt 0.762026 0.089241
vt 0.335860 0.053268
vt 0.297598 0.035698
vt 0.318300 0.091528
vt 0.280039 0.073967
s 1
f 511/786/80 512/787/80 541/788/81 538/789/81
f 520/790/82 517/791/83 515/792/83 523/793/82
f 514/794/84 512/795/84 528/796/85 532/797/86
f 513/798/84 514/794/84 532/797/86 519/799/87
f 520/790/88 531/800/88 518/801/89 517/791/89
f 515/792/90 516/802/90 527/803/91 523/793/92
f 518/801/93 531/800/94 527/803/94 516/802/93
f 512/795/84 511/804/84 524/805/95 528/796/85
f 514/806/96 513/807/96 536/808/97 544/809/97
f 512/787/98 514/806/98 544/809/99 541/788/99
f 539/810/100 542/811/101 545/812/102 535/813/103
f 520/790/82 523/793/82 525/814/104 522/815/104
f 522/815/105 525/814/105 526/816/106 521/817/107
f 521/817/107 526/816/106 524/805/95 519/799/87
f 523/793/92 527/803/91 529/818/108 525/814/109
f 525/814/109 529/818/108 530/819/110 526/816/110
f 526/816/106 530/819/111 528/796/85 524/805/95
f 527/803/94 531/800/94 533/820/112 529/818/112
f 529/818/113 533/820/113 534/821/114 530/819/111
f 530/819/111 534/821/114 532/797/86 528/796/85
f 531/800/88 520/790/88 522/815/115 533/820/115
f 533/820/115 522/815/115 521/817/116 534/821/116
f 534/821/114 521/817/107 519/799/87 532/797/86
f 511/804/84 513/798/84 519/799/87 524/805/95
f 536/808/117 538/789/117 540/822/118 537/823/119
f 537/823/119 540/822/118 539/810/100 535/813/103
f 538/789/81 541/788/81 543/824/120 540/822/118
f 540/822/118 543/824/120 542/811/101 539/810/100
f 541/788/99 544/809/99 546/825/121 543/824/120
f 543/824/120 546/825/121 545/812/102 542/811/101
f 544/809/97 536/808/97 537/823/119 546/825/121
f 546/825/121 537/823/119 535/813/103 545/812/102
f 513/807/122 511/786/122 538/789/117 536/808/117
o Cube:019.001
v 0.287355 -0.405107 -1.114189
v 0.287355 1.406920 -1.114189
v 0.516632 -0.103881 -1.542748
v 0.516632 1.105693 -1.542748
v 0.676468 -0.405107 -1.114189
v 0.676468 1.406920 -1.114189
v 0.648889 -0.103881 -1.542748
v 0.648889 1.105693 -1.542748
v 0.686158 -0.364400 -0.792287
v 0.686158 1.366212 -0.792287
v 0.784292 1.366212 -1.150724
v 0.784292 -0.364400 -1.150724
vn -0.8817 -0.0000 -0.4717
vn -0.0000 -0.0000 -1.0000
vn -0.6281 -0.0000 0.7781
vn -0.0000 -0.8181 -0.5750
vn 0.0609 -0.9881 -0.1410
vn 0.0289 -0.9222 -0.3856
vn -0.0000 0.8181 -0.5750
vn 0.0289 0.9222 -0.3856
vn 0.0609 0.9881 -0.1411
vn 0.0900 -0.9884 0.1223
vn 0.0900 0.9884 0.1223
vt 0.086392 0.046930
vt 0.053619 0.158677
vt 0.027281 0.134984
vt 0.050164 0.052962
vt 0.018870 0.135642
vt 0.043116 0.047975
vt 0.116911 0.051678
vt 0.083759 0.171305
vt 0.091548 0.030024
vt 0.050315 0.176248
vt 0.094534 0.021751
vt 0.048390 0.184851
s 1
f 547/826/123 548/827/123 550/828/123 549/829/123
f 549/829/124 550/828/124 554/830/124 553/831/124
f 548/827/125 547/826/125 555/832/125 556/833/125
f 549/829/126 553/831/126 551/834/127 547/826/128
f 554/830/129 550/828/129 548/827/130 552/835/131
f 547/826/128 551/834/127 558/836/132 555/832/132
f 552/835/131 548/827/130 556/833/133 557/837/133
o Cube:020.001
v 0.297394 0.262460 -6.980742
v 0.297394 1.108314 -6.980742
v 0.297394 0.262460 -7.349617
v 0.297394 1.108314 -7.349617
v 1.143247 0.262460 -6.980742
v 1.143247 1.108314 -6.980742
v 1.143247 0.262460 -7.349617
v 1.143247 1.108314 -7.349617
v 0.192993 0.368751 -7.303266
v 0.192993 0.368751 -7.027095
v 0.192993 1.002023 -7.027095
v 0.192993 1.002023 -7.303266
v 0.192993 0.314377 -7.326977
v 0.192993 0.314377 -7.003383
v 0.192993 1.056398 -7.003383
v 0.192993 1.056398 -7.326977
v 0.259402 0.477358 -7.255901
v 0.259402 0.477358 -7.074458
v 0.259402 0.893416 -7.074458
v 0.259402 0.893416 -7.255901
vn -0.1934 0.9811 -0.0000
vn -0.4453 0.8954 -0.0000
vn -0.0856 -0.0000 -0.9963
vn -0.0000 -0.0000 -1.0000
vn -0.0000 -0.0000 1.0000
vn -0.0856 -0.0000 0.9963
vn -0.1934 -0.9811 -0.0000
vn -0.0000 -1.0000 -0.0000
vn -0.0000 1.0000 -0.0000
vn -0.8532 -0.5217 -0.0000
vn -0.4453 -0.8954 -0.0000
vn -0.2119 -0.0000 -0.9773
vn -0.2119 -0.0000 0.9773
vn -1.0000 -0.0000 -0.0000
vn -0.8532 0.5217 -0.0000
vn -0.5807 -0.0000 0.8141
vn -0.5807 -0.0000 -0.8142
vt 0.102706 0.675955
vt 0.105907 0.698512
vt 0.095635 0.695476
vt 0.095371 0.676710
vt 0.067019 0.626407
vt 0.015761 0.617982
vt 0.031344 0.563228
vt 0.091117 0.576488
vt 0.116524 0.595412
vt 0.154952 0.650143
vt 0.083425 0.632829
vt 0.161812 0.675467
vt 0.092688 0.674982
vt 0.091122 0.692710
vt 0.082223 0.685648
vt 0.084914 0.672259
vt 0.077963 0.638491
vt 0.064457 0.632997
vt 0.018856 0.626405
vt 0.077401 0.641751
vt 0.061784 0.634280
vt 0.022277 0.628636
vt 0.628103 0.070860
vt 0.600953 0.070860
vt 0.600953 0.059020
vt 0.628103 0.059020
vt 0.073736 0.648314
vt 0.056802 0.639761
vt 0.029366 0.635539
s 1
f 560/838/134 562/839/134 574/840/135 573/841/135
f 561/842/136 562/843/136 566/844/137 565/845/137
f 563/846/138 564/847/138 560/838/139 559/848/139
f 561/842/140 565/845/141 563/846/141 559/848/140
f 566/849/142 562/839/134 560/838/134 564/847/142
f 569/850/143 570/851/143 578/852/143 577/853/143
f 561/842/140 559/848/140 572/854/144 571/855/144
f 562/843/136 561/842/136 571/855/145 574/856/145
f 559/848/139 560/838/139 573/841/146 572/854/146
f 568/857/147 567/858/147 571/855/147 572/854/147
f 569/850/147 568/857/147 572/854/147 573/841/147
f 570/851/147 569/850/147 573/841/147 574/840/147
f 567/858/147 570/859/147 574/856/147 571/855/147
f 576/860/147 577/861/147 578/862/147 575/863/147
f 567/858/148 568/857/148 576/864/148 575/865/148
f 570/859/149 567/858/149 575/865/149 578/866/149
f 568/857/150 569/850/150 577/853/150 576/864/150
o Cylinder:003.001
v 0.433881 4.662281 -7.064631
v 0.607939 4.662281 -7.001775
v 0.433881 4.599048 -7.053481
v 0.607939 4.620546 -6.994415
v 0.433881 4.543441 -7.021378
v 0.607939 4.583844 -6.973226
v 0.433881 4.502168 -6.972190
v 0.607939 4.556604 -6.940761
v 0.433881 4.480208 -6.911854
v 0.607939 4.542109 -6.900939
v 0.433881 4.480208 -6.847645
v 0.607939 4.542109 -6.858559
v 0.433881 4.502168 -6.787309
v 0.607939 4.556604 -6.818737
v 0.433881 4.543441 -6.738122
v 0.607939 4.583844 -6.786273
v 0.433881 4.599048 -6.706018
v 0.607939 4.620546 -6.765084
v 0.433881 4.662281 -6.694868
v 0.607939 4.662281 -6.757725
v 0.433881 4.725514 -6.706018
v 0.607939 4.704016 -6.765084
v 0.433881 4.781122 -6.738122
v 0.607939 4.740716 -6.786273
v 0.433881 4.822394 -6.787309
v 0.607939 4.767958 -6.818737
v 0.433881 4.844355 -6.847645
v 0.607939 4.782453 -6.858560
v 0.433881 4.844355 -6.911854
v 0.607939 4.782453 -6.900939
v 0.433881 4.822394 -6.972190
v 0.607939 4.767958 -6.940761
v 0.433881 4.781122 -7.021378
v 0.607939 4.740716 -6.973226
v 0.433881 4.725514 -7.053481
v 0.607939 4.704016 -6.994415
v 0.496630 4.662281 -7.041189
v 0.496630 4.607065 -7.031454
v 0.496630 4.558509 -7.003420
v 0.496630 4.522470 -6.960469
v 0.496630 4.503293 -6.907784
v 0.496630 4.503293 -6.851716
v 0.496630 4.522470 -6.799029
v 0.496630 4.558509 -6.756079
v 0.496630 4.607065 -6.728045
v 0.496630 4.662281 -6.718309
v 0.496630 4.717497 -6.728045
v 0.496630 4.766053 -6.756079
v 0.496630 4.802092 -6.799029
v 0.496630 4.821269 -6.851716
v 0.496630 4.821269 -6.907784
v 0.496630 4.802092 -6.960469
v 0.496630 4.766053 -7.003420
v 0.496630 4.717497 -7.031454
v 0.413945 4.662281 -7.049170
v 0.413945 4.604336 -7.038953
v 0.413945 4.553380 -7.009532
v 0.413945 4.515559 -6.964459
v 0.413945 4.495436 -6.909169
v 0.413945 4.495436 -6.850329
v 0.413945 4.515559 -6.795040
v 0.413945 4.553380 -6.749965
v 0.413945 4.604336 -6.720547
v 0.413945 4.662281 -6.710330
v 0.413945 4.720227 -6.720547
v 0.413945 4.771182 -6.749965
v 0.413945 4.809004 -6.795040
v 0.413945 4.829127 -6.850329
v 0.413945 4.829127 -6.909169
v 0.413945 4.809004 -6.964459
v 0.413945 4.771182 -7.009532
v 0.413945 4.720227 -7.038953
vn 0.3422 -0.0000 -0.9396
vn 0.3338 -0.0000 -0.9426
vn 0.3338 -0.3224 -0.8858
vn 0.3422 -0.3214 -0.8830
vn 0.3338 -0.6059 -0.7221
vn 0.3422 -0.6040 -0.7198
vn 0.3338 -0.8164 -0.4713
vn 0.3422 -0.8137 -0.4698
vn 0.3338 -0.9283 -0.1637
vn 0.3422 -0.9254 -0.1632
vn 0.3338 -0.9283 0.1637
vn 0.3422 -0.9254 0.1632
vn 0.3338 -0.8164 0.4713
vn 0.3422 -0.8137 0.4698
vn 0.3338 -0.6059 0.7221
vn 0.3422 -0.6040 0.7198
vn 0.3338 -0.3224 0.8858
vn 0.3422 -0.3214 0.8830
vn 0.3338 -0.0000 0.9426
vn 0.3422 -0.0000 0.9396
vn 0.3338 0.3224 0.8858
vn 0.3422 0.3214 0.8830
vn 0.3338 0.6059 0.7221
vn 0.3422 0.6040 0.7198
vn 0.3338 0.8163 0.4713
vn 0.3422 0.8137 0.4698
vn 0.3338 0.9283 0.1637
vn 0.3422 0.9254 0.1632
vn 0.3338 0.9283 -0.1637
vn 0.3422 0.9254 -0.1632
vn 0.3338 0.8164 -0.4713
vn 0.3422 0.8137 -0.4698
vn 0.3338 0.6059 -0.7221
vn 0.3422 0.6040 -0.7198
vn 0.3338 0.3224 -0.8858
vn 0.3422 0.3214 -0.8830
vn -0.1909 -0.3357 -0.9224
vn -0.1909 -0.6310 -0.7520
vn -0.6129 -0.5079 -0.6053
vn -0.6129 -0.2703 -0.7425
vn -0.1909 0.3357 -0.9224
vn -0.1909 -0.0000 -0.9816
vn -0.1909 0.6310 -0.7520
vn -0.1909 0.8501 -0.4908
vn -0.1909 0.9667 -0.1705
vn -0.1909 0.9667 0.1705
vn -0.1909 0.8501 0.4908
vn -0.1909 0.6310 0.7520
vn -0.1909 0.3357 0.9224
vn -0.1909 -0.0000 0.9816
vn -0.1909 -0.3357 0.9224
vn -0.1909 -0.6310 0.7520
vn -0.1909 -0.8501 0.4908
vn -0.1909 -0.9667 0.1705
vn -0.1909 -0.9667 -0.1705
vn -0.1909 -0.8501 -0.4908
vn -0.6129 -0.5079 0.6053
vn -0.6129 -0.6843 0.3951
vn -0.6129 0.6843 0.3951
vn -0.6129 0.5079 0.6053
vn -0.6129 0.2703 -0.7425
vn -0.6129 0.5079 -0.6053
vn -0.6129 -0.7782 0.1372
vn -0.6129 -0.7782 -0.1372
vn -0.6128 0.2703 0.7425
vn -0.6129 -0.0000 0.7902
vn -0.6129 0.6843 -0.3951
vn -0.6129 0.7782 -0.1372
vn -0.6129 -0.6843 -0.3951
vn -0.6129 -0.2703 0.7425
vn -0.6129 -0.0000 -0.7902
vn -0.6129 0.7782 0.1372
vn -1.0000 -0.0000 -0.0000
vt 0.483735 0.236848
vt 0.468826 0.248229
vt 0.464257 0.242672
vt 0.478170 0.230016
vt 0.459309 0.237519
vt 0.472157 0.223567
vt 0.454122 0.232828
vt 0.465589 0.217578
vt 0.448566 0.228878
vt 0.458426 0.212104
vt 0.494850 0.353338
vt 0.477982 0.343521
vt 0.480963 0.337308
vt 0.498390 0.345096
vt 0.483344 0.330686
vt 0.501232 0.336653
vt 0.485023 0.323777
vt 0.503413 0.328085
vt 0.486327 0.316685
vt 0.504878 0.319427
vt 0.486927 0.309472
vt 0.505738 0.310702
vt 0.487191 0.302213
vt 0.505940 0.301935
vt 0.486741 0.294961
vt 0.505491 0.293184
vt 0.485766 0.287766
vt 0.504395 0.284505
vt 0.484249 0.280681
vt 0.502610 0.275950
vt 0.482184 0.273753
vt 0.500184 0.267577
vt 0.479562 0.267030
vt 0.497039 0.259445
vt 0.476380 0.260543
vt 0.493228 0.251589
vt 0.472835 0.254232
vt 0.488755 0.244060
vt 0.486308 0.223066
vt 0.479692 0.216096
vt 0.482563 0.213341
vt 0.489340 0.220506
vt 0.497752 0.238344
vt 0.492235 0.230541
vt 0.502670 0.246551
vt 0.506904 0.255176
vt 0.510393 0.264162
vt 0.513105 0.273404
vt 0.514974 0.282796
vt 0.516110 0.292274
vt 0.516543 0.301787
vt 0.516426 0.311298
vt 0.515474 0.320792
vt 0.513806 0.330210
vt 0.511374 0.339517
vt 0.508446 0.348720
vt 0.505192 0.358058
vt 0.472513 0.209520
vt 0.465113 0.202956
vt 0.517703 0.330992
vt 0.515234 0.340511
vt 0.518909 0.282198
vt 0.520069 0.291969
vt 0.501004 0.236247
vt 0.506158 0.244643
vt 0.512296 0.349804
vt 0.509316 0.358829
vt 0.520422 0.301737
vt 0.520382 0.311512
vt 0.510660 0.253538
vt 0.514180 0.262908
vt 0.475341 0.206681
vt 0.519422 0.321300
vt 0.495441 0.228184
vt 0.516975 0.272483
vt 0.468326 0.200267
vt 0.944473 0.239553
vt 0.948003 0.245516
vt 0.949281 0.252327
vt 0.939116 0.235157
vt 0.948152 0.259164
vt 0.932579 0.232858
vt 0.944753 0.265203
vt 0.925650 0.232934
vt 0.939493 0.269715
vt 0.919164 0.235375
vt 0.933008 0.272156
vt 0.913905 0.239887
vt 0.926078 0.272232
vt 0.910505 0.245925
vt 0.919541 0.269933
vt 0.909377 0.252762
vt 0.914184 0.265537
vt 0.910654 0.259573
s 1
f 615/867/151 580/868/152 582/869/153 616/870/154
f 616/870/154 582/869/153 584/871/155 617/872/156
f 617/872/156 584/871/155 586/873/157 618/874/158
f 618/874/158 586/873/157 588/875/159 619/876/160
f 619/877/160 588/878/159 590/879/161 620/880/162
f 620/880/162 590/879/161 592/881/163 621/882/164
f 621/882/164 592/881/163 594/883/165 622/884/166
f 622/884/166 594/883/165 596/885/167 623/886/168
f 623/886/168 596/885/167 598/887/169 624/888/170
f 624/888/170 598/887/169 600/889/171 625/890/172
f 625/890/172 600/889/171 602/891/173 626/892/174
f 626/892/174 602/891/173 604/893/175 627/894/176
f 627/894/176 604/893/175 606/895/177 628/896/178
f 628/896/178 606/895/177 608/897/179 629/898/180
f 629/898/180 608/897/179 610/899/181 630/900/182
f 630/900/182 610/899/181 612/901/183 631/902/184
f 631/902/184 612/901/183 614/903/185 632/904/186
f 632/904/186 614/903/185 580/868/152 615/867/151
f 581/905/187 583/906/188 635/907/189 634/908/190
f 613/909/191 632/904/186 615/867/151 579/910/192
f 611/911/193 631/902/184 632/904/186 613/909/191
f 609/912/194 630/900/182 631/902/184 611/911/193
f 607/913/195 629/898/180 630/900/182 609/912/194
f 605/914/196 628/896/178 629/898/180 607/913/195
f 603/915/197 627/894/176 628/896/178 605/914/196
f 601/916/198 626/892/174 627/894/176 603/915/197
f 599/917/199 625/890/172 626/892/174 601/916/198
f 597/918/200 624/888/170 625/890/172 599/917/199
f 595/919/201 623/886/168 624/888/170 597/918/200
f 593/920/202 622/884/166 623/886/168 595/919/201
f 591/921/203 621/882/164 622/884/166 593/920/202
f 589/922/204 620/880/162 621/882/164 591/921/203
f 587/923/205 619/877/160 620/880/162 589/922/204
f 585/924/206 618/874/158 619/876/160 587/925/205
f 583/906/188 617/872/156 618/874/158 585/924/206
f 581/905/187 616/870/154 617/872/156 583/906/188
f 579/910/192 615/867/151 616/870/154 581/905/187
f 591/921/203 593/920/202 640/926/207 639/927/208
f 601/916/198 603/915/197 645/928/209 644/929/210
f 611/911/193 613/909/191 650/930/211 649/931/212
f 587/923/205 589/922/204 638/932/213 637/933/214
f 597/918/200 599/917/199 643/934/215 642/935/216
f 607/913/195 609/912/194 648/936/217 647/937/218
f 583/906/188 585/924/206 636/938/219 635/907/189
f 593/920/202 595/919/201 641/939/220 640/926/207
f 579/910/192 581/905/187 634/908/190 633/940/221
f 603/915/197 605/914/196 646/941/222 645/928/209
f 613/909/191 579/910/192 633/940/221 650/930/211
f 589/922/204 591/921/203 639/927/208 638/932/213
f 599/917/199 601/916/198 644/929/210 643/934/215
f 609/912/194 611/911/193 649/931/212 648/936/217
f 585/924/206 587/925/205 637/942/214 636/938/219
f 595/919/201 597/918/200 642/935/216 641/939/220
f 605/914/196 607/913/195 647/937/218 646/941/222
f 641/943/223 642/944/223 643/945/223 640/946/223
f 640/946/223 643/945/223 644/947/223 639/948/223
f 639/948/223 644/947/223 645/949/223 638/950/223
f 638/950/223 645/949/223 646/951/223 637/952/223
f 637/952/223 646/951/223 647/953/223 636/954/223
f 636/954/223 647/953/223 648/955/223 635/956/223
f 635/956/223 648/955/223 649/957/223 634/958/223
f 634/958/223 649/957/223 650/959/223 633/960/223
o Cylinder:004.001
v 0.572833 4.101170 -5.933955
v 0.687099 4.101170 -5.948098
v 0.572833 4.014577 -5.918686
v 0.687099 4.009739 -5.931976
v 0.572833 3.938427 -5.874722
v 0.687099 3.929336 -5.885556
v 0.572833 3.881908 -5.807364
v 0.687099 3.869659 -5.814436
v 0.572833 3.851835 -5.724738
v 0.687099 3.837906 -5.727193
v 0.572833 3.851835 -5.636809
v 0.687099 3.837906 -5.634352
v 0.572833 3.881908 -5.554183
v 0.687099 3.869659 -5.547111
v 0.572833 3.938427 -5.486825
v 0.687099 3.929336 -5.475990
v 0.572833 4.014577 -5.442861
v 0.687099 4.009739 -5.429569
v 0.572833 4.101170 -5.427591
v 0.687099 4.101170 -5.413448
v 0.572833 4.187763 -5.442861
v 0.687099 4.192601 -5.429569
v 0.572833 4.263911 -5.486825
v 0.687099 4.273003 -5.475990
v 0.572833 4.320432 -5.554183
v 0.687099 4.332680 -5.547111
v 0.572833 4.350505 -5.636809
v 0.687099 4.364433 -5.634352
v 0.572833 4.350505 -5.724738
v 0.687099 4.364433 -5.727193
v 0.572833 4.320432 -5.807364
v 0.687099 4.332680 -5.814436
v 0.572833 4.263911 -5.874722
v 0.687099 4.273003 -5.885556
v 0.572833 4.187763 -5.918686
v 0.687099 4.192601 -5.931976
v 0.627375 4.101170 -5.952056
v 0.627375 4.008386 -5.935694
v 0.627375 3.926793 -5.888587
v 0.627375 3.866233 -5.816414
v 0.627375 3.834010 -5.727880
v 0.627375 3.834010 -5.633666
v 0.627375 3.866233 -5.545132
v 0.627375 3.926793 -5.472959
v 0.627375 4.008386 -5.425852
v 0.627375 4.101170 -5.409491
v 0.627375 4.193954 -5.425852
v 0.627375 4.275547 -5.472959
v 0.627375 4.336107 -5.545132
v 0.627375 4.368330 -5.633666
v 0.627375 4.368330 -5.727881
v 0.627375 4.336107 -5.816414
v 0.627375 4.275547 -5.888587
v 0.627375 4.193954 -5.935694
vn -0.1242 -0.0000 -0.9923
vn 0.0661 -0.0000 -0.9978
vn 0.0661 -0.3413 -0.9376
vn -0.1242 -0.3394 -0.9324
vn 0.0661 -0.6414 -0.7644
vn -0.1242 -0.6378 -0.7601
vn 0.0661 -0.8641 -0.4989
vn -0.1242 -0.8593 -0.4961
vn 0.0661 -0.9827 -0.1733
vn -0.1242 -0.9772 -0.1723
vn 0.0661 -0.9827 0.1733
vn -0.1242 -0.9772 0.1723
vn 0.0661 -0.8641 0.4989
vn -0.1242 -0.8593 0.4961
vn 0.0661 -0.6414 0.7644
vn -0.1242 -0.6378 0.7601
vn 0.0661 -0.3413 0.9376
vn -0.1242 -0.3394 0.9324
vn 0.0661 -0.0000 0.9978
vn -0.1242 -0.0000 0.9923
vn 0.0661 0.3413 0.9376
vn -0.1242 0.3394 0.9324
vn 0.0661 0.6414 0.7644
vn -0.1242 0.6378 0.7601
vn 0.0661 0.8641 0.4989
vn -0.1242 0.8593 0.4961
vn 0.0661 0.9827 0.1733
vn -0.1242 0.9772 0.1723
vn 0.0661 0.9827 -0.1733
vn -0.1242 0.9772 -0.1723
vn 0.0661 0.8641 -0.4989
vn -0.1242 0.8593 -0.4961
vn 0.0661 0.6414 -0.7644
vn -0.1242 0.6378 -0.7601
vn 0.0661 0.3413 -0.9376
vn -0.1242 0.3394 -0.9324
vn -0.3150 0.3246 -0.8919
vn -0.3150 -0.0000 -0.9491
vn -0.3150 0.6101 -0.7271
vn -0.3150 0.8219 -0.4746
vn -0.3150 0.9347 -0.1648
vn -0.3150 0.9347 0.1648
vn -0.3150 0.8219 0.4745
vn -0.3150 0.6101 0.7271
vn -0.3150 0.3246 0.8919
vn -0.3150 -0.0000 0.9491
vn -0.3150 -0.3246 0.8919
vn -0.3150 -0.6101 0.7271
vn -0.3150 -0.8220 0.4745
vn -0.3150 -0.9347 0.1648
vn -0.3150 -0.9347 -0.1648
vn -0.3150 -0.8220 -0.4746
vn -0.3150 -0.6101 -0.7271
vn -0.3150 -0.3246 -0.8919
vn -1.0000 -0.0000 -0.0000
vt 0.130143 0.872639
vt 0.122894 0.870841
vt 0.128594 0.858219
vt 0.134443 0.862256
vt 0.138187 0.848359
vt 0.142281 0.854159
vt 0.150486 0.842383
vt 0.152375 0.849248
vt 0.164095 0.840859
vt 0.163503 0.847919
vt 0.177324 0.844270
vt 0.174362 0.850694
vt 0.188387 0.852027
vt 0.183700 0.856897
vt 0.196543 0.862739
vt 0.190243 0.865981
vt 0.200608 0.875707
vt 0.193560 0.876653
vt 0.200014 0.889432
vt 0.192734 0.887746
vt 0.194177 0.901832
vt 0.188542 0.898092
vt 0.184976 0.911774
vt 0.180675 0.906153
vt 0.172852 0.918027
vt 0.170674 0.911272
vt 0.159214 0.919768
vt 0.159489 0.912685
vt 0.145772 0.916623
vt 0.148510 0.910050
vt 0.134078 0.909134
vt 0.139235 0.903710
vt 0.126085 0.897818
vt 0.132465 0.894736
vt 0.122414 0.884634
vt 0.129127 0.883871
vt 0.136213 0.883109
vt 0.136618 0.874251
vt 0.138616 0.891649
vt 0.143806 0.898896
vt 0.151243 0.903721
vt 0.159849 0.905571
vt 0.168619 0.904699
vt 0.176642 0.900832
vt 0.182558 0.894233
vt 0.186228 0.886242
vt 0.186505 0.877474
vt 0.184255 0.868961
vt 0.178897 0.861845
vt 0.171502 0.856967
vt 0.162969 0.854997
vt 0.154191 0.855690
vt 0.146292 0.859755
vt 0.140335 0.866238
vt 0.253144 0.814114
vt 0.258350 0.824386
vt 0.259728 0.835819
vt 0.244739 0.806242
vt 0.257113 0.847034
vt 0.234148 0.801719
vt 0.250820 0.856679
vt 0.222650 0.801091
vt 0.241608 0.863589
vt 0.211630 0.804434
vt 0.230588 0.866932
vt 0.202418 0.811345
vt 0.219089 0.866304
vt 0.196125 0.820989
vt 0.208499 0.861781
vt 0.193510 0.832204
vt 0.200094 0.853909
vt 0.194888 0.843637
s 1
f 687/961/224 652/962/225 654/963/226 688/964/227
f 688/964/227 654/963/226 656/965/228 689/966/229
f 689/966/229 656/965/228 658/967/230 690/968/231
f 690/968/231 658/967/230 660/969/232 691/970/233
f 691/970/233 660/969/232 662/971/234 692/972/235
f 692/972/235 662/971/234 664/973/236 693/974/237
f 693/974/237 664/973/236 666/975/238 694/976/239
f 694/976/239 666/975/238 668/977/240 695/978/241
f 695/978/241 668/977/240 670/979/242 696/980/243
f 696/980/243 670/979/242 672/981/244 697/982/245
f 697/982/245 672/981/244 674/983/246 698/984/247
f 698/984/247 674/983/246 676/985/248 699/986/249
f 699/986/249 676/985/248 678/987/250 700/988/251
f 700/988/251 678/987/250 680/989/252 701/990/253
f 701/990/253 680/989/252 682/991/254 702/992/255
f 702/992/255 682/991/254 684/993/256 703/994/257
f 703/994/257 684/993/256 686/995/258 704/996/259
f 704/996/259 686/995/258 652/962/225 687/961/224
f 685/997/260 704/996/259 687/961/224 651/998/261
f 683/999/262 703/994/257 704/996/259 685/997/260
f 681/1000/263 702/992/255 703/994/257 683/999/262
f 679/1001/264 701/990/253 702/992/255 681/1000/263
f 677/1002/265 700/988/251 701/990/253 679/1001/264
f 675/1003/266 699/986/249 700/988/251 677/1002/265
f 673/1004/267 698/984/247 699/986/249 675/1003/266
f 671/1005/268 697/982/245 698/984/247 673/1004/267
f 669/1006/269 696/980/243 697/982/245 671/1005/268
f 667/1007/270 695/978/241 696/980/243 669/1006/269
f 665/1008/271 694/976/239 695/978/241 667/1007/270
f 663/1009/272 693/974/237 694/976/239 665/1008/271
f 661/1010/273 692/972/235 693/974/237 663/1009/272
f 659/1011/274 691/970/233 692/972/235 661/1010/273
f 657/1012/275 690/968/231 691/970/233 659/1011/274
f 655/1013/276 689/966/229 690/968/231 657/1012/275
f 653/1014/277 688/964/227 689/966/229 655/1013/276
f 651/998/261 687/961/224 688/964/227 653/1014/277
f 667/1015/278 669/1016/278 671/1017/278 665/1018/278
f 665/1018/278 671/1017/278 673/1019/278 663/1020/278
f 663/1020/278 673/1019/278 675/1021/278 661/1022/278
f 661/1022/278 675/1021/278 677/1023/278 659/1024/278
f 659/1024/278 677/1023/278 679/1025/278 657/1026/278
f 657/1026/278 679/1025/278 681/1027/278 655/1028/278
f 655/1028/278 681/1027/278 683/1029/278 653/1030/278
f 653/1030/278 683/1029/278 685/1031/278 651/1032/278
o Cylinder:005.001
v 0.641045 4.792451 -6.053842
v 0.707070 4.792451 -6.084938
v 0.641045 4.752392 -6.045875
v 0.707070 4.740493 -6.074603
v 0.641045 4.718433 -6.023182
v 0.707070 4.696445 -6.045171
v 0.641045 4.695743 -5.989223
v 0.707070 4.667013 -6.001122
v 0.641045 4.687774 -5.949165
v 0.707070 4.656678 -5.949165
v 0.641045 4.695743 -5.909107
v 0.707070 4.667013 -5.897207
v 0.641045 4.718433 -5.875148
v 0.707070 4.696445 -5.853159
v 0.641045 4.752392 -5.852458
v 0.707070 4.740493 -5.823728
v 0.641045 4.792451 -5.844489
v 0.707070 4.792451 -5.813394
v 0.641045 4.832509 -5.852458
v 0.707070 4.844408 -5.823728
v 0.641045 4.866468 -5.875148
v 0.707070 4.888456 -5.853159
v 0.641045 4.889160 -5.909107
v 0.707070 4.917888 -5.897207
v 0.641045 4.897128 -5.949165
v 0.707070 4.928224 -5.949165
v 0.641045 4.889160 -5.989223
v 0.707070 4.917888 -6.001122
v 0.641045 4.866468 -6.023182
v 0.707070 4.888456 -6.045171
v 0.641045 4.832509 -6.045875
v 0.707070 4.844408 -6.074603
v 0.641045 4.792451 -6.084938
v 0.641045 4.740493 -6.074603
v 0.641045 4.696445 -6.045171
v 0.641045 4.667013 -6.001122
v 0.641045 4.656678 -5.949165
v 0.641045 4.667013 -5.897207
v 0.641045 4.696445 -5.853159
v 0.641045 4.740493 -5.823728
v 0.641045 4.792451 -5.813394
v 0.641045 4.844408 -5.823728
v 0.641045 4.888456 -5.853159
v 0.641045 4.917888 -5.897207
v 0.641045 4.928224 -5.949165
v 0.641045 4.917888 -6.001122
v 0.641045 4.888456 -6.045171
v 0.641045 4.844408 -6.074603
v 0.613281 4.792451 -6.046451
v 0.613281 4.755222 -6.039044
v 0.613281 4.723660 -6.017957
v 0.613281 4.702571 -5.986395
v 0.613281 4.695166 -5.949165
v 0.613281 4.702571 -5.911936
v 0.613281 4.723660 -5.880375
v 0.613281 4.755222 -5.859286
v 0.613281 4.792451 -5.851881
v 0.613281 4.829681 -5.859286
v 0.613281 4.861242 -5.880375
v 0.613281 4.882330 -5.911936
v 0.613281 4.889736 -5.949165
v 0.613281 4.882330 -5.986395
v 0.613281 4.861242 -6.017957
v 0.613281 4.829681 -6.039044
vn -0.0000 -0.0000 -1.0000
vn -0.0000 -0.3827 -0.9239
vn -0.0000 -0.7071 -0.7071
vn -0.0000 -0.9239 -0.3827
vn -0.0000 -1.0000 -0.0000
vn -0.0000 -0.9239 0.3827
vn -0.0000 -0.7071 0.7071
vn -0.0000 -0.3827 0.9239
vn -0.0000 -0.0000 1.0000
vn -0.0000 0.3827 0.9239
vn -0.0000 0.7071 0.7071
vn -0.0000 0.9239 0.3827
vn -0.0000 1.0000 -0.0000
vn -0.0000 0.9239 -0.3827
vn -0.0000 0.7071 -0.7071
vn -0.0000 0.3827 -0.9239
vn -0.2573 -0.3698 -0.8928
vn -0.2573 -0.6833 -0.6833
vn -1.0000 -0.0000 -0.0000
vn -0.2573 0.3698 0.8928
vn -0.2573 0.6833 0.6833
vn -0.2573 -0.8928 -0.3698
vn -0.2573 0.8928 0.3698
vn -0.2573 -0.9663 -0.0000
vn -0.2573 0.9663 -0.0000
vn -0.2573 -0.8928 0.3698
vn -0.2573 0.8928 -0.3698
vn -0.2573 -0.6833 0.6833
vn -0.2573 0.6833 -0.6833
vn -0.2573 -0.3698 0.8928
vn -0.2573 0.3698 -0.8928
vn -0.2573 -0.0000 0.9663
vn -0.2573 -0.0000 -0.9663
vt 0.830915 0.008506
vt 0.828260 0.011390
vt 0.825770 0.010084
vt 0.827191 0.006111
vt 0.823069 0.009909
vt 0.822743 0.005300
vt 0.820430 0.010423
vt 0.818422 0.006642
vt 0.818241 0.012084
vt 0.814958 0.009426
vt 0.816833 0.014488
vt 0.812844 0.013270
vt 0.816341 0.017273
vt 0.812414 0.017581
vt 0.817312 0.019834
vt 0.813267 0.021903
vt 0.818868 0.022081
vt 0.816085 0.025273
vt 0.821211 0.023652
vt 0.819873 0.027324
vt 0.823993 0.023947
vt 0.824122 0.028163
vt 0.826534 0.023119
vt 0.828496 0.027292
vt 0.828776 0.021643
vt 0.831939 0.024438
vt 0.830306 0.019283
vt 0.833975 0.020565
vt 0.830514 0.016447
vt 0.834733 0.016262
vt 0.829655 0.013811
vt 0.833791 0.011911
vt 0.651045 0.076412
vt 0.654005 0.076018
vt 0.653853 0.077888
vt 0.651613 0.078199
vt 0.503890 0.080023
vt 0.506425 0.080846
vt 0.506187 0.082861
vt 0.502899 0.081794
vt 0.501863 0.078293
vt 0.500269 0.079550
vt 0.500651 0.075919
vt 0.498699 0.076471
vt 0.500441 0.073262
vt 0.498426 0.073024
vt 0.501264 0.070727
vt 0.499493 0.069736
vt 0.502994 0.068700
vt 0.501737 0.067106
vt 0.505368 0.067489
vt 0.504816 0.065536
vt 0.508025 0.067278
vt 0.508263 0.065263
vt 0.510560 0.068101
vt 0.511551 0.066330
vt 0.512587 0.069831
vt 0.514181 0.068574
vt 0.513798 0.072205
vt 0.515751 0.071654
vt 0.514009 0.074862
vt 0.516024 0.075100
vt 0.513186 0.077397
vt 0.514957 0.078388
vt 0.511456 0.079425
vt 0.512713 0.081018
vt 0.509082 0.080636
vt 0.509633 0.082588
vt 0.656148 0.090785
vt 0.653210 0.091240
vt 0.653250 0.089365
vt 0.655476 0.089032
vt 0.656884 0.076772
vt 0.656036 0.078446
vt 0.650308 0.090545
vt 0.651057 0.088827
vt 0.659255 0.078557
vt 0.657835 0.079784
vt 0.647882 0.088787
vt 0.649232 0.087489
vt 0.660754 0.081110
vt 0.658983 0.081702
vt 0.646308 0.086223
vt 0.648062 0.085551
vt 0.661128 0.084022
vt 0.659334 0.083925
vt 0.645808 0.083227
vt 0.647774 0.083327
vt 0.660444 0.086876
vt 0.658746 0.086097
vt 0.646613 0.080296
vt 0.648288 0.081145
vt 0.658687 0.089255
vt 0.657403 0.087885
vt 0.648447 0.077908
vt 0.649655 0.079340
vt 0.031175 0.185459
vt 0.031555 0.187907
vt 0.030970 0.190314
vt 0.029886 0.183343
vt 0.029509 0.192314
vt 0.027886 0.181882
vt 0.027393 0.193602
vt 0.025479 0.181297
vt 0.024945 0.193982
vt 0.023032 0.181678
vt 0.022538 0.193397
vt 0.020916 0.182966
vt 0.020539 0.191936
vt 0.019455 0.184966
vt 0.019250 0.189820
vt 0.018870 0.187373
s 1
f 737/1033/279 706/1034/279 708/1035/280 738/1036/280
f 738/1036/280 708/1035/280 710/1037/281 739/1038/281
f 739/1038/281 710/1037/281 712/1039/282 740/1040/282
f 740/1040/282 712/1039/282 714/1041/283 741/1042/283
f 741/1042/283 714/1041/283 716/1043/284 742/1044/284
f 742/1044/284 716/1043/284 718/1045/285 743/1046/285
f 743/1046/285 718/1045/285 720/1047/286 744/1048/286
f 744/1048/286 720/1047/286 722/1049/287 745/1050/287
f 745/1050/287 722/1049/287 724/1051/288 746/1052/288
f 746/1052/288 724/1051/288 726/1053/289 747/1054/289
f 747/1054/289 726/1053/289 728/1055/290 748/1056/290
f 748/1056/290 728/1055/290 730/1057/291 749/1058/291
f 749/1058/291 730/1057/291 732/1059/292 750/1060/292
f 750/1060/292 732/1059/292 734/1061/293 751/1062/293
f 751/1062/293 734/1061/293 736/1063/294 752/1064/294
f 752/1064/294 736/1063/294 706/1034/279 737/1033/279
f 707/1065/295 709/1066/296 755/1067/296 754/1068/295
f 707/1069/297 705/1070/297 737/1071/297 738/1072/297
f 709/1073/297 707/1069/297 738/1072/297 739/1074/297
f 711/1075/297 709/1073/297 739/1074/297 740/1076/297
f 713/1077/297 711/1075/297 740/1076/297 741/1078/297
f 715/1079/297 713/1077/297 741/1078/297 742/1080/297
f 717/1081/297 715/1079/297 742/1080/297 743/1082/297
f 719/1083/297 717/1081/297 743/1082/297 744/1084/297
f 721/1085/297 719/1083/297 744/1084/297 745/1086/297
f 723/1087/297 721/1085/297 745/1086/297 746/1088/297
f 725/1089/297 723/1087/297 746/1088/297 747/1090/297
f 727/1091/297 725/1089/297 747/1090/297 748/1092/297
f 729/1093/297 727/1091/297 748/1092/297 749/1094/297
f 731/1095/297 729/1093/297 749/1094/297 750/1096/297
f 733/1097/297 731/1095/297 750/1096/297 751/1098/297
f 735/1099/297 733/1097/297 751/1098/297 752/1100/297
f 705/1070/297 735/1099/297 752/1100/297 737/1071/297
f 723/1101/298 725/1102/299 763/1103/299 762/1104/298
f 709/1066/296 711/1105/300 756/1106/300 755/1067/296
f 725/1102/299 727/1107/301 764/1108/301 763/1103/299
f 711/1105/300 713/1109/302 757/1110/302 756/1106/300
f 727/1107/301 729/1111/303 765/1112/303 764/1108/301
f 713/1109/302 715/1113/304 758/1114/304 757/1110/302
f 729/1111/303 731/1115/305 766/1116/305 765/1112/303
f 715/1113/304 717/1117/306 759/1118/306 758/1114/304
f 731/1115/305 733/1119/307 767/1120/307 766/1116/305
f 717/1117/306 719/1121/308 760/1122/308 759/1118/306
f 733/1119/307 735/1123/309 768/1124/309 767/1120/307
f 719/1121/308 721/1125/310 761/1126/310 760/1122/308
f 705/1127/311 707/1065/295 754/1068/295 753/1128/311
f 735/1123/309 705/1127/311 753/1128/311 768/1124/309
f 721/1125/310 723/1101/298 762/1104/298 761/1126/310
f 760/1129/297 761/1130/297 762/1131/297 759/1132/297
f 759/1132/297 762/1131/297 763/1133/297 758/1134/297
f 758/1134/297 763/1133/297 764/1135/297 757/1136/297
f 757/1136/297 764/1135/297 765/1137/297 756/1138/297
f 756/1138/297 765/1137/297 766/1139/297 755/1140/297
f 755/1140/297 766/1139/297 767/1141/297 754/1142/297
f 754/1142/297 767/1141/297 768/1143/297 753/1144/297
o Cylinder:006.001
v 0.572833 3.881908 -5.554183
v 0.572833 3.938427 -5.486825
v 0.572833 4.320432 -5.807364
v 0.572833 4.263912 -5.874723
v 0.509221 3.933662 -5.584064
v 0.509221 3.976842 -5.532605
v 0.509221 4.268677 -5.777483
v 0.509221 4.225499 -5.828943
vn -0.1610 0.6344 0.7561
vn -1.0000 -0.0000 -0.0000
vn -0.6791 -0.5623 0.4718
vn -0.6791 0.5623 -0.4718
vn -0.1610 -0.6344 -0.7560
vt 0.739015 0.455991
vt 0.810862 0.505076
vt 0.796038 0.508569
vt 0.741151 0.471070
vt 0.485610 0.022878
vt 0.503189 0.005300
vt 0.506289 0.008399
vt 0.488710 0.025978
vt 0.724188 0.459933
vt 0.729823 0.474082
vt 0.812580 0.520322
vt 0.797351 0.520217
vt 0.686202 0.538217
vt 0.700803 0.533887
s 1
f 770/1145/312 771/1146/312 775/1147/312 774/1148/312
f 776/1149/313 773/1150/313 774/1151/313 775/1152/313
f 769/1153/314 770/1145/314 774/1148/314 773/1154/314
f 771/1146/315 772/1155/315 776/1156/315 775/1147/315
f 772/1157/316 769/1153/316 773/1154/316 776/1158/316
o Cylinder:013.001
v 0.641045 4.792451 -5.663706
v 0.707070 4.792451 -5.694803
v 0.641045 4.752392 -5.655739
v 0.707070 4.740493 -5.684467
v 0.641045 4.718433 -5.633047
v 0.707070 4.696445 -5.655035
v 0.641045 4.695743 -5.599087
v 0.707070 4.667013 -5.610988
v 0.641045 4.687774 -5.559030
v 0.707070 4.656678 -5.559030
v 0.641045 4.695743 -5.518972
v 0.707070 4.667013 -5.507071
v 0.641045 4.718433 -5.485012
v 0.707070 4.696445 -5.463024
v 0.641045 4.752392 -5.462320
v 0.707070 4.740493 -5.433592
v 0.641045 4.792451 -5.454353
v 0.707070 4.792451 -5.423256
v 0.641045 4.832509 -5.462320
v 0.707070 4.844408 -5.433592
v 0.641045 4.866468 -5.485012
v 0.707070 4.888456 -5.463024
v 0.641045 4.889160 -5.518972
v 0.707070 4.917888 -5.507071
v 0.641045 4.897128 -5.559030
v 0.707070 4.928224 -5.559030
v 0.641045 4.889160 -5.599087
v 0.707070 4.917888 -5.610988
v 0.641045 4.866468 -5.633047
v 0.707070 4.888456 -5.655035
v 0.641045 4.832509 -5.655739
v 0.707070 4.844408 -5.684467
v 0.641045 4.792451 -5.694803
v 0.641045 4.740493 -5.684467
v 0.641045 4.696445 -5.655035
v 0.641045 4.667013 -5.610988
v 0.641045 4.656678 -5.559030
v 0.641045 4.667013 -5.507071
v 0.641045 4.696445 -5.463024
v 0.641045 4.740493 -5.433592
v 0.641045 4.792451 -5.423256
v 0.641045 4.844408 -5.433592
v 0.641045 4.888456 -5.463024
v 0.641045 4.917888 -5.507071
v 0.641045 4.928224 -5.559030
v 0.641045 4.917888 -5.610988
v 0.641045 4.888456 -5.655035
v 0.641045 4.844408 -5.684467
v 0.613281 4.792451 -5.656314
v 0.613281 4.755222 -5.648909
v 0.613281 4.723660 -5.627820
v 0.613281 4.702571 -5.596259
v 0.613281 4.695166 -5.559030
v 0.613281 4.702571 -5.521800
v 0.613281 4.723660 -5.490239
v 0.613281 4.755222 -5.469149
v 0.613281 4.792451 -5.461745
v 0.613281 4.829681 -5.469149
v 0.613281 4.861242 -5.490239
v 0.613281 4.882330 -5.521800
v 0.613281 4.889736 -5.559030
v 0.613281 4.882330 -5.596259
v 0.613281 4.861242 -5.627820
v 0.613281 4.829681 -5.648909
vn -0.0000 -0.0000 -1.0000
vn -0.0000 -0.3827 -0.9239
vn -0.0000 -0.7071 -0.7071
vn -0.0000 -0.9239 -0.3827
vn -0.0000 -1.0000 -0.0000
vn -0.0000 -0.9239 0.3827
vn -0.0000 -0.7071 0.7071
vn -0.0000 -0.3827 0.9239
vn -0.0000 -0.0000 1.0000
vn -0.0000 0.3827 0.9239
vn -0.0000 0.7071 0.7071
vn -0.0000 0.9239 0.3827
vn -0.0000 1.0000 -0.0000
vn -0.0000 0.9239 -0.3827
vn -0.0000 0.7071 -0.7071
vn -0.0000 0.3827 -0.9239
vn -0.2573 -0.3698 -0.8928
vn -0.2573 -0.6833 -0.6833
vn -1.0000 -0.0000 -0.0000
vn -0.2573 0.3698 0.8928
vn -0.2573 0.6833 0.6833
vn -0.2573 -0.8928 -0.3698
vn -0.2573 0.8928 0.3698
vn -0.2573 -0.9663 -0.0000
vn -0.2573 0.9663 -0.0000
vn -0.2573 -0.8928 0.3698
vn -0.2573 0.8928 -0.3698
vn -0.2573 -0.6833 0.6833
vn -0.2573 0.6833 -0.6833
vn -0.2573 -0.3698 0.8928
vn -0.2573 0.3698 -0.8928
vn -0.2573 -0.0000 0.9663
vn -0.2573 -0.0000 -0.9663
vt 0.401246 0.069121
vt 0.397414 0.067133
vt 0.400364 0.063588
vt 0.402961 0.066739
vt 0.404364 0.061403
vt 0.405528 0.065259
vt 0.408837 0.060912
vt 0.408490 0.064873
vt 0.413112 0.062197
vt 0.411422 0.065575
vt 0.416900 0.064712
vt 0.413640 0.067533
vt 0.419017 0.068740
vt 0.415210 0.070032
vt 0.419442 0.073196
vt 0.415717 0.073008
vt 0.418498 0.077600
vt 0.414857 0.075897
vt 0.415885 0.081418
vt 0.412982 0.078160
vt 0.411766 0.083552
vt 0.410492 0.079737
vt 0.407238 0.083975
vt 0.407507 0.080216
vt 0.402718 0.083079
vt 0.404685 0.079242
vt 0.399163 0.080125
vt 0.402282 0.077515
vt 0.396980 0.076124
vt 0.400766 0.074924
vt 0.396531 0.071644
vt 0.400286 0.071925
vt 0.833906 0.042922
vt 0.836373 0.041320
vt 0.837056 0.042986
vt 0.835201 0.044268
vt 0.809002 0.072879
vt 0.807585 0.074813
vt 0.805678 0.073833
vt 0.807557 0.071221
vt 0.811072 0.071674
vt 0.810372 0.069599
vt 0.813471 0.071351
vt 0.813618 0.069176
vt 0.815817 0.071938
vt 0.816832 0.069946
vt 0.817655 0.073502
vt 0.819263 0.072091
vt 0.818923 0.075561
vt 0.820984 0.074830
vt 0.819321 0.077957
vt 0.821540 0.078093
vt 0.818639 0.080274
vt 0.820597 0.081259
vt 0.817121 0.082132
vt 0.818542 0.083740
vt 0.815087 0.083398
vt 0.815812 0.085469
vt 0.812700 0.083762
vt 0.812541 0.085993
vt 0.810413 0.083022
vt 0.809447 0.084927
vt 0.808461 0.081580
vt 0.806813 0.083033
vt 0.807219 0.079494
vt 0.805151 0.080193
vt 0.806850 0.077092
vt 0.804626 0.076906
vt 0.844754 0.053720
vt 0.842272 0.055458
vt 0.841502 0.053646
vt 0.843386 0.052431
vt 0.839265 0.040676
vt 0.839252 0.042625
vt 0.839293 0.056011
vt 0.839309 0.054140
vt 0.842141 0.041345
vt 0.841452 0.043015
vt 0.836365 0.055390
vt 0.837059 0.053735
vt 0.844610 0.042921
vt 0.843331 0.044279
vt 0.833828 0.053767
vt 0.835234 0.052401
vt 0.846301 0.045355
vt 0.844593 0.046130
vt 0.832195 0.051232
vt 0.833949 0.050556
vt 0.846923 0.048266
vt 0.845049 0.048329
vt 0.831638 0.048292
vt 0.833513 0.048343
vt 0.846382 0.051202
vt 0.844626 0.050543
vt 0.832241 0.045375
vt 0.833955 0.046137
vt 0.619374 0.087152
vt 0.620026 0.089541
vt 0.619714 0.091999
vt 0.617857 0.085194
vt 0.618486 0.094150
vt 0.615706 0.083965
vt 0.616528 0.095667
vt 0.613249 0.083654
vt 0.614138 0.096319
vt 0.610859 0.084306
vt 0.611681 0.096007
vt 0.608901 0.085823
vt 0.609530 0.094779
vt 0.607673 0.087974
vt 0.608013 0.092821
vt 0.607361 0.090431
s 1
f 809/1159/317 778/1160/317 780/1161/318 810/1162/318
f 810/1162/318 780/1161/318 782/1163/319 811/1164/319
f 811/1164/319 782/1163/319 784/1165/320 812/1166/320
f 812/1166/320 784/1165/320 786/1167/321 813/1168/321
f 813/1168/321 786/1167/321 788/1169/322 814/1170/322
f 814/1170/322 788/1169/322 790/1171/323 815/1172/323
f 815/1172/323 790/1171/323 792/1173/324 816/1174/324
f 816/1174/324 792/1173/324 794/1175/325 817/1176/325
f 817/1176/325 794/1175/325 796/1177/326 818/1178/326
f 818/1178/326 796/1177/326 798/1179/327 819/1180/327
f 819/1180/327 798/1179/327 800/1181/328 820/1182/328
f 820/1182/328 800/1181/328 802/1183/329 821/1184/329
f 821/1184/329 802/1183/329 804/1185/330 822/1186/330
f 822/1186/330 804/1185/330 806/1187/331 823/1188/331
f 823/1188/331 806/1187/331 808/1189/332 824/1190/332
f 824/1190/332 808/1189/332 778/1160/317 809/1159/317
f 779/1191/333 781/1192/334 827/1193/334 826/1194/333
f 779/1195/335 777/1196/335 809/1197/335 810/1198/335
f 781/1199/335 779/1195/335 810/1198/335 811/1200/335
f 783/1201/335 781/1199/335 811/1200/335 812/1202/335
f 785/1203/335 783/1201/335 812/1202/335 813/1204/335
f 787/1205/335 785/1203/335 813/1204/335 814/1206/335
f 789/1207/335 787/1205/335 814/1206/335 815/1208/335
f 791/1209/335 789/1207/335 815/1208/335 816/1210/335
f 793/1211/335 791/1209/335 816/1210/335 817/1212/335
f 795/1213/335 793/1211/335 817/1212/335 818/1214/335
f 797/1215/335 795/1213/335 818/1214/335 819/1216/335
f 799/1217/335 797/1215/335 819/1216/335 820/1218/335
f 801/1219/335 799/1217/335 820/1218/335 821/1220/335
f 803/1221/335 801/1219/335 821/1220/335 822/1222/335
f 805/1223/335 803/1221/335 822/1222/335 823/1224/335
f 807/1225/335 805/1223/335 823/1224/335 824/1226/335
f 777/1196/335 807/1225/335 824/1226/335 809/1197/335
f 795/1227/336 797/1228/337 835/1229/337 834/1230/336
f 781/1192/334 783/1231/338 828/1232/338 827/1193/334
f 797/1228/337 799/1233/339 836/1234/339 835/1229/337
f 783/1231/338 785/1235/340 829/1236/340 828/1232/338
f 799/1233/339 801/1237/341 837/1238/341 836/1234/339
f 785/1235/340 787/1239/342 830/1240/342 829/1236/340
f 801/1237/341 803/1241/343 838/1242/343 837/1238/341
f 787/1239/342 789/1243/344 831/1244/344 830/1240/342
f 803/1241/343 805/1245/345 839/1246/345 838/1242/343
f 789/1243/344 791/1247/346 832/1248/346 831/1244/344
f 805/1245/345 807/1249/347 840/1250/347 839/1246/345
f 791/1247/346 793/1251/348 833/1252/348 832/1248/346
f 777/1253/349 779/1191/333 826/1194/333 825/1254/349
f 807/1249/347 777/1253/349 825/1254/349 840/1250/347
f 793/1251/348 795/1227/336 834/1230/336 833/1252/348
f 832/1255/335 833/1256/335 834/1257/335 831/1258/335
f 831/1258/335 834/1257/335 835/1259/335 830/1260/335
f 830/1260/335 835/1259/335 836/1261/335 829/1262/335
f 829/1262/335 836/1261/335 837/1263/335 828/1264/335
f 828/1264/335 837/1263/335 838/1265/335 827/1266/335
f 827/1266/335 838/1265/335 839/1267/335 826/1268/335
f 826/1268/335 839/1267/335 840/1269/335 825/1270/335
o Cylinder:014.001
v 0.641045 4.792451 -5.278431
v 0.707070 4.792451 -5.309527
v 0.641045 4.752392 -5.270463
v 0.707070 4.740493 -5.299192
v 0.641045 4.718433 -5.247772
v 0.707070 4.696445 -5.269760
v 0.641045 4.695743 -5.213812
v 0.707070 4.667013 -5.225712
v 0.641045 4.687774 -5.173754
v 0.707070 4.656678 -5.173754
v 0.641045 4.695743 -5.133697
v 0.707070 4.667013 -5.121796
v 0.641045 4.718433 -5.099737
v 0.707070 4.696445 -5.077749
v 0.641045 4.752392 -5.077045
v 0.707070 4.740493 -5.048316
v 0.641045 4.792451 -5.069077
v 0.707070 4.792451 -5.037981
v 0.641045 4.832509 -5.077045
v 0.707070 4.844408 -5.048316
v 0.641045 4.866468 -5.099737
v 0.707070 4.888456 -5.077749
v 0.641045 4.889160 -5.133697
v 0.707070 4.917888 -5.121796
v 0.641045 4.897128 -5.173754
v 0.707070 4.928224 -5.173754
v 0.641045 4.889160 -5.213812
v 0.707070 4.917888 -5.225712
v 0.641045 4.866468 -5.247772
v 0.707070 4.888456 -5.269760
v 0.641045 4.832509 -5.270463
v 0.707070 4.844408 -5.299192
v 0.641045 4.792451 -5.309527
v 0.641045 4.740493 -5.299192
v 0.641045 4.696445 -5.269760
v 0.641045 4.667013 -5.225712
v 0.641045 4.656678 -5.173754
v 0.641045 4.667013 -5.121796
v 0.641045 4.696445 -5.077749
v 0.641045 4.740493 -5.048316
v 0.641045 4.792451 -5.037981
v 0.641045 4.844408 -5.048316
v 0.641045 4.888456 -5.077749
v 0.641045 4.917888 -5.121796
v 0.641045 4.928224 -5.173754
v 0.641045 4.917888 -5.225712
v 0.641045 4.888456 -5.269760
v 0.641045 4.844408 -5.299192
v 0.613281 4.792451 -5.271039
v 0.613281 4.755222 -5.263634
v 0.613281 4.723660 -5.242545
v 0.613281 4.702571 -5.210984
v 0.613281 4.695166 -5.173754
v 0.613281 4.702571 -5.136525
v 0.613281 4.723660 -5.104963
v 0.613281 4.755222 -5.083875
v 0.613281 4.792451 -5.076469
v 0.613281 4.829681 -5.083875
v 0.613281 4.861242 -5.104963
v 0.613281 4.882330 -5.136525
v 0.613281 4.889736 -5.173754
v 0.613281 4.882330 -5.210984
v 0.613281 4.861242 -5.242545
v 0.613281 4.829681 -5.263634
vn -0.0000 -0.0000 -1.0000
vn -0.0000 -0.3827 -0.9239
vn -0.0000 -0.7071 -0.7071
vn -0.0000 -0.9239 -0.3827
vn -0.0000 -1.0000 -0.0000
vn -0.0000 -0.9239 0.3827
vn -0.0000 -0.7071 0.7071
vn -0.0000 -0.3827 0.9239
vn -0.0000 -0.0000 1.0000
vn -0.0000 0.3827 0.9239
vn -0.0000 0.7071 0.7071
vn -0.0000 0.9239 0.3827
vn -0.0000 1.0000 -0.0000
vn -0.0000 0.9239 -0.3827
vn -0.0000 0.7071 -0.7071
vn -0.0000 0.3827 -0.9239
vn -0.2573 -0.3698 -0.8928
vn -0.2573 -0.6833 -0.6833
vn -1.0000 -0.0000 -0.0000
vn -0.2573 0.3698 0.8928
vn -0.2573 0.6833 0.6833
vn -0.2573 -0.8928 -0.3698
vn -0.2573 0.8928 0.3698
vn -0.2573 -0.9663 -0.0000
vn -0.2573 0.9663 -0.0000
vn -0.2573 -0.8928 0.3698
vn -0.2573 0.8928 -0.3698
vn -0.2573 -0.6833 0.6833
vn -0.2573 0.6833 -0.6833
vn -0.2573 -0.3698 0.8928
vn -0.2573 0.3698 -0.8928
vn -0.2573 -0.0000 0.9663
vn -0.2573 -0.0000 -0.9663
vt 0.201688 0.669435
vt 0.202683 0.673243
vt 0.200227 0.674609
vt 0.197739 0.671252
vt 0.198452 0.676708
vt 0.194777 0.674516
vt 0.197783 0.679300
vt 0.193201 0.678723
vt 0.197830 0.681984
vt 0.193788 0.683175
vt 0.199010 0.684556
vt 0.195956 0.686965
vt 0.201274 0.686326
vt 0.199144 0.689909
vt 0.203932 0.687177
vt 0.203299 0.691404
vt 0.206633 0.686843
vt 0.207782 0.691263
vt 0.209214 0.685916
vt 0.211665 0.689035
vt 0.210746 0.683651
vt 0.214768 0.685809
vt 0.211709 0.681128
vt 0.215966 0.681492
vt 0.211508 0.678370
vt 0.215483 0.677116
vt 0.210314 0.675785
vt 0.213358 0.673353
vt 0.208077 0.674060
vt 0.210186 0.670400
vt 0.205438 0.673363
vt 0.206052 0.668848
vt 0.865928 0.042145
vt 0.868396 0.040538
vt 0.869084 0.042202
vt 0.867226 0.043487
vt 0.507405 0.040960
vt 0.506863 0.043570
vt 0.504834 0.043553
vt 0.505536 0.040168
vt 0.508903 0.038757
vt 0.507480 0.037310
vt 0.511132 0.037294
vt 0.510370 0.035413
vt 0.513750 0.036796
vt 0.513766 0.034767
vt 0.516359 0.037337
vt 0.517151 0.035469
vt 0.518563 0.038836
vt 0.520010 0.037413
vt 0.520026 0.041064
vt 0.521907 0.040303
vt 0.520524 0.043682
vt 0.522553 0.043699
vt 0.519983 0.046292
vt 0.521851 0.047084
vt 0.518484 0.048496
vt 0.519907 0.049942
vt 0.516256 0.049958
vt 0.517017 0.051839
vt 0.513637 0.050457
vt 0.513621 0.052486
vt 0.511028 0.049915
vt 0.510236 0.051784
vt 0.508824 0.048416
vt 0.507377 0.049839
vt 0.507361 0.046188
vt 0.505481 0.046949
vt 0.876786 0.052965
vt 0.874309 0.054708
vt 0.873543 0.052896
vt 0.875418 0.051678
vt 0.871287 0.039884
vt 0.871284 0.041835
vt 0.871327 0.055244
vt 0.871354 0.053374
vt 0.874177 0.040544
vt 0.873483 0.042206
vt 0.868409 0.054611
vt 0.869107 0.052955
vt 0.876636 0.042158
vt 0.875335 0.043501
vt 0.865878 0.052992
vt 0.867281 0.051624
vt 0.878305 0.044600
vt 0.876594 0.045369
vt 0.864243 0.050463
vt 0.865995 0.049780
vt 0.878933 0.047505
vt 0.877060 0.047573
vt 0.863678 0.047527
vt 0.865553 0.047569
vt 0.878407 0.050442
vt 0.876650 0.049790
vt 0.864268 0.044607
vt 0.865987 0.045360
vt 0.491611 0.043248
vt 0.491819 0.045716
vt 0.491067 0.048076
vt 0.490474 0.041047
vt 0.489469 0.049969
vt 0.488582 0.039449
vt 0.487268 0.051106
vt 0.486221 0.038697
vt 0.484800 0.051314
vt 0.483753 0.038905
vt 0.482440 0.050562
vt 0.481553 0.040042
vt 0.480547 0.048964
vt 0.479955 0.041935
vt 0.479410 0.046763
vt 0.479202 0.044295
s 1
f 873/1271/350 842/1272/350 844/1273/351 874/1274/351
f 874/1274/351 844/1273/351 846/1275/352 875/1276/352
f 875/1276/352 846/1275/352 848/1277/353 876/1278/353
f 876/1278/353 848/1277/353 850/1279/354 877/1280/354
f 877/1280/354 850/1279/354 852/1281/355 878/1282/355
f 878/1282/355 852/1281/355 854/1283/356 879/1284/356
f 879/1284/356 854/1283/356 856/1285/357 880/1286/357
f 880/1286/357 856/1285/357 858/1287/358 881/1288/358
f 881/1288/358 858/1287/358 860/1289/359 882/1290/359
f 882/1290/359 860/1289/359 862/1291/360 883/1292/360
f 883/1292/360 862/1291/360 864/1293/361 884/1294/361
f 884/1294/361 864/1293/361 866/1295/362 885/1296/362
f 885/1296/362 866/1295/362 868/1297/363 886/1298/363
f 886/1298/363 868/1297/363 870/1299/364 887/1300/364
f 887/1300/364 870/1299/364 872/1301/365 888/1302/365
f 888/1302/365 872/1301/365 842/1272/350 873/1271/350
f 843/1303/366 845/1304/367 891/1305/367 890/1306/366
f 843/1307/368 841/1308/368 873/1309/368 874/1310/368
f 845/1311/368 843/1307/368 874/1310/368 875/1312/368
f 847/1313/368 845/1311/368 875/1312/368 876/1314/368
f 849/1315/368 847/1313/368 876/1314/368 877/1316/368
f 851/1317/368 849/1315/368 877/1316/368 878/1318/368
f 853/1319/368 851/1317/368 878/1318/368 879/1320/368
f 855/1321/368 853/1319/368 879/1320/368 880/1322/368
f 857/1323/368 855/1321/368 880/1322/368 881/1324/368
f 859/1325/368 857/1323/368 881/1324/368 882/1326/368
f 861/1327/368 859/1325/368 882/1326/368 883/1328/368
f 863/1329/368 861/1327/368 883/1328/368 884/1330/368
f 865/1331/368 863/1329/368 884/1330/368 885/1332/368
f 867/1333/368 865/1331/368 885/1332/368 886/1334/368
f 869/1335/368 867/1333/368 886/1334/368 887/1336/368
f 871/1337/368 869/1335/368 887/1336/368 888/1338/368
f 841/1308/368 871/1337/368 888/1338/368 873/1309/368
f 859/1339/369 861/1340/370 899/1341/370 898/1342/369
f 845/1304/367 847/1343/371 892/1344/371 891/1305/367
f 861/1340/370 863/1345/372 900/1346/372 899/1341/370
f 847/1343/371 849/1347/373 893/1348/373 892/1344/371
f 863/1345/372 865/1349/374 901/1350/374 900/1346/372
f 849/1347/373 851/1351/375 894/1352/375 893/1348/373
f 865/1349/374 867/1353/376 902/1354/376 901/1350/374
f 851/1351/375 853/1355/377 895/1356/377 894/1352/375
f 867/1353/376 869/1357/378 903/1358/378 902/1354/376
f 853/1355/377 855/1359/379 896/1360/379 895/1356/377
f 869/1357/378 871/1361/380 904/1362/380 903/1358/378
f 855/1359/379 857/1363/381 897/1364/381 896/1360/379
f 841/1365/382 843/1303/366 890/1306/366 889/1366/382
f 871/1361/380 841/1365/382 889/1366/382 904/1362/380
f 857/1363/381 859/1339/369 898/1342/369 897/1364/381
f 896/1367/368 897/1368/368 898/1369/368 895/1370/368
f 895/1370/368 898/1369/368 899/1371/368 894/1372/368
f 894/1372/368 899/1371/368 900/1373/368 893/1374/368
f 893/1374/368 900/1373/368 901/1375/368 892/1376/368
f 892/1376/368 901/1375/368 902/1377/368 891/1378/368
f 891/1378/368 902/1377/368 903/1379/368 890/1380/368
f 890/1380/368 903/1379/368 904/1381/368 889/1382/368
o Cylinder:015.001
v 0.132071 0.703016 -7.287733
v 0.265106 0.703016 -7.289546
v 0.132072 0.654637 -7.278109
v 0.265106 0.653942 -7.279784
v 0.132072 0.613622 -7.250704
v 0.265106 0.612340 -7.251987
v 0.132071 0.586219 -7.209690
v 0.265106 0.584542 -7.210384
v 0.132071 0.576595 -7.161310
v 0.265106 0.574781 -7.161310
v 0.132071 0.586219 -7.112932
v 0.265106 0.584542 -7.112238
v 0.132072 0.613622 -7.071918
v 0.265106 0.612340 -7.070636
v 0.132071 0.654637 -7.044513
v 0.265106 0.653942 -7.042838
v 0.132071 0.703016 -7.034890
v 0.265106 0.703016 -7.033076
v 0.132072 0.751395 -7.044513
v 0.265106 0.752090 -7.042838
v 0.132072 0.792410 -7.071918
v 0.265106 0.793692 -7.070636
v 0.132072 0.819813 -7.112932
v 0.265106 0.821490 -7.112238
v 0.132071 0.829437 -7.161310
v 0.265106 0.831251 -7.161310
v 0.132072 0.819813 -7.209690
v 0.265106 0.821490 -7.210384
v 0.132072 0.792410 -7.250704
v 0.265106 0.793692 -7.251987
v 0.132071 0.751395 -7.278109
v 0.265106 0.752090 -7.279784
v 0.178373 0.703016 -7.289546
v 0.178373 0.653942 -7.279784
v 0.178373 0.612340 -7.251987
v 0.178373 0.584542 -7.210384
v 0.178373 0.574781 -7.161310
v 0.178373 0.584542 -7.112238
v 0.178373 0.612340 -7.070636
v 0.178373 0.653942 -7.042838
v 0.178373 0.703016 -7.033076
v 0.178373 0.752090 -7.042838
v 0.178373 0.793692 -7.070636
v 0.178373 0.821490 -7.112238
v 0.178373 0.831251 -7.161310
v 0.178373 0.821490 -7.210384
v 0.178373 0.793692 -7.251987
v 0.178373 0.752090 -7.279784
v 0.036372 0.703016 -7.165700
v 0.036372 0.701336 -7.165365
v 0.036372 0.699913 -7.164414
v 0.036372 0.698961 -7.162990
v 0.036372 0.698627 -7.161310
v 0.036372 0.698961 -7.159631
v 0.036372 0.699913 -7.158207
v 0.036372 0.701336 -7.157257
v 0.036372 0.703016 -7.156921
v 0.036372 0.704696 -7.157257
v 0.036372 0.706119 -7.158207
v 0.036372 0.707071 -7.159631
v 0.036372 0.707405 -7.161310
v 0.036372 0.707071 -7.162990
v 0.036372 0.706119 -7.164414
v 0.036372 0.704696 -7.165365
v 0.109839 0.703016 -7.278775
v 0.109840 0.658065 -7.269833
v 0.109840 0.619956 -7.244370
v 0.109839 0.594493 -7.206261
v 0.109839 0.585552 -7.161310
v 0.109839 0.594493 -7.116360
v 0.109840 0.619956 -7.078251
v 0.109839 0.658065 -7.052787
v 0.109839 0.703016 -7.043846
v 0.109840 0.747967 -7.052787
v 0.109840 0.786076 -7.078252
v 0.109840 0.811539 -7.116360
v 0.109839 0.820480 -7.161310
v 0.109840 0.811539 -7.206261
v 0.109840 0.786076 -7.244370
v 0.109839 0.747967 -7.269833
v 0.085756 0.703016 -7.264641
v 0.085756 0.663474 -7.256775
v 0.085756 0.629951 -7.234375
v 0.085756 0.607551 -7.200854
v 0.085756 0.599687 -7.161310
v 0.085756 0.607551 -7.121768
v 0.085756 0.629951 -7.088246
v 0.085756 0.663474 -7.065847
v 0.085756 0.703016 -7.057981
v 0.085756 0.742558 -7.065847
v 0.085756 0.776081 -7.088246
v 0.085756 0.798481 -7.121768
v 0.085756 0.806345 -7.161310
v 0.085756 0.798481 -7.200854
v 0.085756 0.776081 -7.234375
v 0.085756 0.742558 -7.256775
v 0.069966 0.703016 -7.250506
v 0.069966 0.668882 -7.243717
v 0.069966 0.639945 -7.224381
v 0.069966 0.620610 -7.195445
v 0.069966 0.613821 -7.161310
v 0.069966 0.620610 -7.127177
v 0.069966 0.639945 -7.098240
v 0.069966 0.668882 -7.078905
v 0.069966 0.703016 -7.072115
v 0.069966 0.737149 -7.078905
v 0.069966 0.766087 -7.098240
v 0.069966 0.785421 -7.127177
v 0.069966 0.792211 -7.161310
v 0.069966 0.785421 -7.195445
v 0.069966 0.766087 -7.224381
v 0.069966 0.737149 -7.243717
v 0.058512 0.703016 -7.236372
v 0.058512 0.674291 -7.230658
v 0.058512 0.649940 -7.214386
v 0.058511 0.633669 -7.190035
v 0.058512 0.627955 -7.161310
v 0.058511 0.633669 -7.132586
v 0.058512 0.649940 -7.108233
v 0.058511 0.674291 -7.091963
v 0.058512 0.703016 -7.086250
v 0.058512 0.731741 -7.091963
v 0.058512 0.756093 -7.108233
v 0.058512 0.772363 -7.132586
v 0.058512 0.778076 -7.161310
v 0.058512 0.772363 -7.190035
v 0.058512 0.756093 -7.214386
v 0.058511 0.731741 -7.230658
v 0.050025 0.703016 -7.222237
v 0.050026 0.679700 -7.217600
v 0.050026 0.659934 -7.204392
v 0.050025 0.646728 -7.184627
v 0.050025 0.642089 -7.161310
v 0.050025 0.646728 -7.137994
v 0.050026 0.659934 -7.118228
v 0.050025 0.679700 -7.105021
v 0.050025 0.703016 -7.100384
v 0.050026 0.726332 -7.105021
v 0.050026 0.746098 -7.118228
v 0.050026 0.759304 -7.137994
v 0.050025 0.763943 -7.161310
v 0.050026 0.759304 -7.184627
v 0.050026 0.746098 -7.204392
v 0.050025 0.726332 -7.217600
v 0.043854 0.703016 -7.208102
v 0.043854 0.685110 -7.204541
v 0.043854 0.669928 -7.194398
v 0.043854 0.659786 -7.179216
v 0.043854 0.656224 -7.161310
v 0.043854 0.659786 -7.143404
v 0.043854 0.669928 -7.128223
v 0.043854 0.685110 -7.118080
v 0.043854 0.703016 -7.114519
v 0.043854 0.720922 -7.118080
v 0.043854 0.736104 -7.128223
v 0.043854 0.746246 -7.143404
v 0.043854 0.749808 -7.161310
v 0.043854 0.746246 -7.179216
v 0.043854 0.736104 -7.194398
v 0.043854 0.720922 -7.204541
v 0.039640 0.703016 -7.193969
v 0.039640 0.690519 -7.191483
v 0.039640 0.679923 -7.184403
v 0.039640 0.672844 -7.173807
v 0.039640 0.670358 -7.161310
v 0.039640 0.672844 -7.148813
v 0.039640 0.679923 -7.138218
v 0.039640 0.690519 -7.131139
v 0.039640 0.703016 -7.128653
v 0.039640 0.715513 -7.131139
v 0.039640 0.726108 -7.138218
v 0.039640 0.733188 -7.148813
v 0.039640 0.735674 -7.161310
v 0.039640 0.733188 -7.173807
v 0.039640 0.726108 -7.184403
v 0.039640 0.715513 -7.191483
v 0.037181 0.703016 -7.179833
v 0.037181 0.695927 -7.178424
v 0.037181 0.689919 -7.174408
v 0.037181 0.685903 -7.168399
v 0.037181 0.684493 -7.161310
v 0.037181 0.685903 -7.154222
v 0.037181 0.689919 -7.148213
v 0.037181 0.695927 -7.144197
v 0.037181 0.703016 -7.142788
v 0.037181 0.710104 -7.144197
v 0.037181 0.716114 -7.148213
v 0.037181 0.720129 -7.154222
v 0.037181 0.721539 -7.161310
v 0.037181 0.720129 -7.168399
v 0.037181 0.716114 -7.174408
v 0.037181 0.710104 -7.178424
vn -0.0195 -0.0000 -0.9998
vn -0.0000 -0.0000 -1.0000
vn -0.0000 -0.3827 -0.9239
vn -0.0195 -0.3826 -0.9237
vn -0.0000 -0.7071 -0.7071
vn -0.0195 -0.7070 -0.7070
vn -0.0000 -0.9239 -0.3827
vn -0.0195 -0.9237 -0.3826
vn -0.0000 -1.0000 -0.0000
vn -0.0195 -0.9998 -0.0000
vn -0.0000 -0.9239 0.3827
vn -0.0195 -0.9237 0.3826
vn -0.0000 -0.7071 0.7071
vn -0.0195 -0.7070 0.7070
vn -0.0000 -0.3827 0.9239
vn -0.0195 -0.3826 0.9237
vn -0.0000 -0.0000 1.0000
vn -0.0195 -0.0000 0.9998
vn -0.0000 0.3827 0.9239
vn -0.0195 0.3826 0.9237
vn -0.0000 0.7071 0.7071
vn -0.0195 0.7070 0.7070
vn -0.0000 0.9239 0.3827
vn -0.0195 0.9237 0.3826
vn -0.0000 1.0000 -0.0000
vn -0.0195 0.9998 -0.0000
vn -0.0000 0.9239 -0.3827
vn -0.0195 0.9237 -0.3826
vn -0.0000 0.7071 -0.7071
vn -0.0195 0.7070 -0.7070
vn -0.0000 0.3827 -0.9239
vn -0.0195 0.3826 -0.9237
vn -0.2053 0.6921 0.6920
vn -0.2053 0.9042 0.3745
vn -0.4375 0.8308 0.3441
vn -0.4375 0.6358 0.6358
vn -0.2053 -0.3745 -0.9042
vn -0.2053 -0.0000 -0.9787
vn -0.2053 -0.6920 -0.6920
vn -0.2053 -0.9042 -0.3745
vn -0.2053 -0.9787 -0.0000
vn -0.2053 -0.9042 0.3745
vn -0.2053 -0.6921 0.6920
vn -0.2053 -0.3745 0.9042
vn -0.2053 -0.0000 0.9787
vn -0.2053 0.3745 0.9042
vn -0.2053 0.9787 -0.0000
vn -0.2053 0.9042 -0.3745
vn -0.2053 0.6921 -0.6920
vn -0.2053 0.3745 -0.9042
vn -0.4375 -0.8992 -0.0000
vn -0.4375 -0.8308 -0.3441
vn -0.4375 0.8992 -0.0000
vn -0.4375 -0.8308 0.3441
vn -0.4375 0.8308 -0.3441
vn -0.4375 -0.6358 0.6358
vn -0.4375 0.6358 -0.6358
vn -0.4375 -0.3441 0.8307
vn -0.4375 0.3441 -0.8307
vn -0.4375 -0.0000 0.8992
vn -0.4375 -0.3441 -0.8307
vn -0.4375 -0.0000 -0.8992
vn -0.4375 0.3441 0.8308
vn -0.4375 -0.6358 -0.6358
vn -0.5837 -0.3107 -0.7502
vn -0.5837 -0.0000 -0.8120
vn -0.5837 -0.5742 -0.5742
vn -0.5837 -0.7502 -0.3107
vn -0.5837 -0.8120 -0.0000
vn -0.5837 -0.7502 0.3107
vn -0.5837 -0.5742 0.5742
vn -0.5837 -0.3107 0.7502
vn -0.5837 -0.0000 0.8120
vn -0.5837 0.3107 0.7502
vn -0.5837 0.5742 0.5742
vn -0.5837 0.7502 0.3107
vn -0.5837 0.8120 -0.0000
vn -0.5837 0.7502 -0.3107
vn -0.5837 0.5742 -0.5742
vn -0.5837 0.3107 -0.7502
vn -0.7193 -0.2658 -0.6418
vn -0.7193 -0.0000 -0.6947
vn -0.7193 -0.4912 -0.4912
vn -0.7193 -0.6418 -0.2658
vn -0.7193 -0.6947 -0.0000
vn -0.7193 -0.6418 0.2658
vn -0.7193 -0.4912 0.4912
vn -0.7193 -0.2658 0.6418
vn -0.7193 -0.0000 0.6947
vn -0.7193 0.2658 0.6418
vn -0.7193 0.4912 0.4912
vn -0.7193 0.6418 0.2658
vn -0.7193 0.6947 -0.0000
vn -0.7193 0.6418 -0.2658
vn -0.7193 0.4912 -0.4912
vn -0.7193 0.2658 -0.6418
vn -0.8150 -0.2217 -0.5353
vn -0.8150 -0.0000 -0.5794
vn -0.8150 -0.4097 -0.4097
vn -0.8150 -0.5353 -0.2217
vn -0.8150 -0.5794 -0.0000
vn -0.8150 -0.5353 0.2217
vn -0.8150 -0.4097 0.4097
vn -0.8150 -0.2217 0.5353
vn -0.8150 -0.0000 0.5794
vn -0.8150 0.2217 0.5353
vn -0.8150 0.4097 0.4097
vn -0.8150 0.5353 0.2217
vn -0.8150 0.5794 -0.0000
vn -0.8150 0.5353 -0.2217
vn -0.8150 0.4097 -0.4097
vn -0.8150 0.2217 -0.5353
vn -0.8855 -0.1778 -0.4293
vn -0.8855 -0.0000 -0.4647
vn -0.8855 -0.3286 -0.3286
vn -0.8855 -0.4293 -0.1778
vn -0.8855 -0.4647 -0.0000
vn -0.8855 -0.4293 0.1778
vn -0.8855 -0.3286 0.3286
vn -0.8855 -0.1778 0.4293
vn -0.8855 -0.0000 0.4647
vn -0.8855 0.1778 0.4293
vn -0.8855 0.3286 0.3286
vn -0.8855 0.4293 0.1778
vn -0.8855 0.4647 -0.0000
vn -0.8855 0.4293 -0.1779
vn -0.8855 0.3286 -0.3286
vn -0.8855 0.1778 -0.4293
vn -0.9367 -0.1340 -0.3236
vn -0.9367 -0.0000 -0.3502
vn -0.9367 -0.2477 -0.2477
vn -0.9367 -0.3236 -0.1340
vn -0.9367 -0.3502 -0.0000
vn -0.9367 -0.3236 0.1340
vn -0.9367 -0.2477 0.2477
vn -0.9367 -0.1340 0.3236
vn -0.9367 -0.0000 0.3502
vn -0.9367 0.1340 0.3236
vn -0.9367 0.2477 0.2477
vn -0.9367 0.3236 0.1340
vn -0.9367 0.3502 -0.0000
vn -0.9367 0.3236 -0.1340
vn -0.9367 0.2477 -0.2477
vn -0.9367 0.1340 -0.3236
vn -0.9718 -0.0903 -0.2179
vn -0.9718 -0.0000 -0.2359
vn -0.9718 -0.1668 -0.1668
vn -0.9718 -0.2179 -0.0903
vn -0.9718 -0.2359 -0.0000
vn -0.9718 -0.2179 0.0903
vn -0.9718 -0.1668 0.1668
vn -0.9718 -0.0903 0.2179
vn -0.9718 -0.0000 0.2359
vn -0.9718 0.0903 0.2179
vn -0.9718 0.1668 0.1668
vn -0.9718 0.2179 0.0903
vn -0.9718 0.2359 -0.0000
vn -0.9718 0.2179 -0.0903
vn -0.9718 0.1668 -0.1668
vn -0.9718 0.0903 -0.2179
vn -0.9926 -0.0465 -0.1123
vn -0.9926 -0.0000 -0.1215
vn -0.9926 -0.0859 -0.0859
vn -0.9926 -0.1123 -0.0465
vn -0.9926 -0.1215 -0.0000
vn -0.9926 -0.1123 0.0465
vn -0.9926 -0.0859 0.0859
vn -0.9926 -0.0465 0.1123
vn -0.9926 -0.0000 0.1215
vn -0.9926 0.0465 0.1123
vn -0.9926 0.0859 0.0859
vn -0.9926 0.1123 0.0465
vn -0.9926 0.1215 -0.0000
vn -0.9926 0.1123 -0.0465
vn -0.9926 0.0859 -0.0859
vn -0.9926 0.0465 -0.1123
vn -0.9995 -0.0123 -0.0297
vn -0.9995 -0.0000 -0.0321
vn -0.9995 -0.0227 -0.0227
vn -0.9995 -0.0297 -0.0123
vn -0.9995 -0.0321 -0.0000
vn -0.9995 -0.0297 0.0123
vn -0.9995 -0.0227 0.0227
vn -0.9995 -0.0123 0.0297
vn -0.9995 -0.0000 0.0321
vn -0.9995 0.0123 0.0297
vn -0.9995 0.0227 0.0227
vn -0.9995 0.0297 0.0123
vn -0.9995 0.0321 -0.0000
vn -0.9995 0.0297 -0.0123
vn -0.9995 0.0227 -0.0227
vn -0.9995 0.0123 -0.0297
vt 0.202270 0.750663
vt 0.207805 0.750354
vt 0.208052 0.754598
vt 0.202687 0.754066
vt 0.207436 0.758895
vt 0.202454 0.757503
vt 0.206177 0.763135
vt 0.201465 0.760806
vt 0.203945 0.767081
vt 0.199701 0.763749
vt 0.200880 0.770523
vt 0.197345 0.766204
vt 0.196930 0.772910
vt 0.194495 0.768061
vt 0.192624 0.774407
vt 0.191281 0.769222
vt 0.188178 0.774939
vt 0.187878 0.769605
vt 0.183839 0.774536
vt 0.184485 0.769168
vt 0.179800 0.773368
vt 0.181247 0.768091
vt 0.176179 0.771662
vt 0.178239 0.766494
vt 0.172857 0.769785
vt 0.175477 0.764521
vt 0.169892 0.767867
vt 0.172915 0.762463
vt 0.198212 0.741465
vt 0.204092 0.739552
vt 0.205521 0.742730
vt 0.199767 0.744412
vt 0.206865 0.746359
vt 0.201218 0.747438
vt 0.182094 0.765342
vt 0.179513 0.763803
vt 0.180319 0.762442
vt 0.182584 0.763928
vt 0.199871 0.753881
vt 0.199340 0.751016
vt 0.199796 0.756783
vt 0.198944 0.759538
vt 0.197603 0.762055
vt 0.195589 0.764062
vt 0.193250 0.765665
vt 0.190541 0.766543
vt 0.187697 0.766743
vt 0.184844 0.766357
vt 0.177243 0.761804
vt 0.175030 0.759517
vt 0.196783 0.745601
vt 0.194879 0.742992
vt 0.198301 0.748218
vt 0.196441 0.761146
vt 0.197659 0.758920
vt 0.178314 0.760513
vt 0.194699 0.762968
vt 0.176470 0.758208
vt 0.192590 0.764374
vt 0.195283 0.746391
vt 0.193352 0.744233
vt 0.190175 0.765139
vt 0.196820 0.748749
vt 0.187631 0.765295
vt 0.198410 0.753834
vt 0.197869 0.751249
vt 0.185071 0.764904
vt 0.198361 0.756441
vt 0.196683 0.753840
vt 0.196154 0.751619
vt 0.196682 0.756070
vt 0.196133 0.758200
vt 0.195109 0.760109
vt 0.193630 0.761678
vt 0.191823 0.762837
vt 0.189768 0.763489
vt 0.187584 0.763607
vt 0.185377 0.763213
vt 0.183290 0.762311
vt 0.181376 0.760936
vt 0.179717 0.759110
vt 0.178356 0.756904
vt 0.193657 0.747552
vt 0.191708 0.745852
vt 0.195149 0.749513
vt 0.195368 0.753905
vt 0.194861 0.751987
vt 0.195398 0.755836
vt 0.194948 0.757668
vt 0.194075 0.759327
vt 0.192807 0.760678
vt 0.191248 0.761672
vt 0.189468 0.762221
vt 0.187581 0.762309
vt 0.185677 0.761930
vt 0.183885 0.761105
vt 0.182261 0.759826
vt 0.180933 0.758185
vt 0.179961 0.756149
vt 0.192518 0.748582
vt 0.190661 0.747292
vt 0.193912 0.750189
vt 0.194221 0.753995
vt 0.193748 0.752367
vt 0.194280 0.755657
vt 0.193914 0.757234
vt 0.193170 0.758648
vt 0.192090 0.759808
vt 0.190756 0.760658
vt 0.189229 0.761124
vt 0.187601 0.761172
vt 0.185986 0.760834
vt 0.184458 0.760075
vt 0.183116 0.758937
vt 0.182076 0.757495
vt 0.181429 0.755676
vt 0.191617 0.749583
vt 0.189986 0.748674
vt 0.192880 0.750866
vt 0.193180 0.754136
vt 0.192759 0.752789
vt 0.193243 0.755520
vt 0.192956 0.756851
vt 0.192331 0.758033
vt 0.191432 0.759014
vt 0.190305 0.759719
vt 0.189024 0.760107
vt 0.187661 0.760144
vt 0.186306 0.759830
vt 0.185045 0.759166
vt 0.183971 0.758192
vt 0.183187 0.756922
vt 0.182817 0.755448
vt 0.190887 0.750585
vt 0.189455 0.749978
vt 0.191986 0.751569
vt 0.192192 0.754318
vt 0.191838 0.753252
vt 0.192251 0.755424
vt 0.192027 0.756496
vt 0.191535 0.757463
vt 0.190806 0.758259
vt 0.189886 0.758822
vt 0.188848 0.759136
vt 0.187748 0.759165
vt 0.186661 0.758892
vt 0.185666 0.758332
vt 0.184849 0.757544
vt 0.184303 0.756514
vt 0.184146 0.755320
vt 0.190267 0.751607
vt 0.189144 0.751264
vt 0.191184 0.752315
vt 0.191231 0.754556
vt 0.190959 0.753779
vt 0.191272 0.755374
vt 0.191118 0.756186
vt 0.190736 0.756911
vt 0.190188 0.757519
vt 0.189485 0.757937
vt 0.188703 0.758182
vt 0.187875 0.758205
vt 0.187065 0.757994
vt 0.186342 0.757566
vt 0.185775 0.756964
vt 0.185442 0.756208
vt 0.185427 0.755385
vt 0.189765 0.752672
vt 0.188972 0.752523
vt 0.190459 0.753123
vt 0.190263 0.754869
vt 0.190102 0.754396
vt 0.190296 0.755388
vt 0.190176 0.755903
vt 0.189919 0.756369
vt 0.189560 0.756765
vt 0.189105 0.757054
vt 0.188588 0.757206
vt 0.188057 0.757234
vt 0.187547 0.757101
vt 0.187103 0.756850
vt 0.186779 0.756477
vt 0.186620 0.756027
vt 0.186667 0.755568
vt 0.189390 0.753789
vt 0.188919 0.753762
vt 0.189792 0.754019
vt 0.189257 0.755309
vt 0.189234 0.755158
vt 0.189235 0.755482
vt 0.189160 0.755660
vt 0.189051 0.755833
vt 0.188898 0.755978
vt 0.188724 0.756098
vt 0.188532 0.756170
vt 0.188339 0.756200
vt 0.188159 0.756192
vt 0.188008 0.756144
vt 0.187903 0.756060
vt 0.187852 0.755957
vt 0.187867 0.755849
vt 0.189086 0.754975
vt 0.188977 0.754972
vt 0.189175 0.755041
vt 0.051469 0.021957
vt 0.051479 0.022068
vt 0.051445 0.022175
vt 0.051418 0.021858
vt 0.051372 0.022260
vt 0.051332 0.021785
vt 0.051273 0.022311
vt 0.051226 0.021751
vt 0.051162 0.022321
vt 0.051115 0.021761
vt 0.051055 0.022287
vt 0.051015 0.021812
vt 0.050970 0.022215
vt 0.050943 0.021897
vt 0.050919 0.022115
vt 0.050909 0.022004
s 1
f 937/1383/383 906/1384/384 908/1385/385 938/1386/386
f 938/1386/386 908/1385/385 910/1387/387 939/1388/388
f 939/1388/388 910/1387/387 912/1389/389 940/1390/390
f 940/1390/390 912/1389/389 914/1391/391 941/1392/392
f 941/1392/392 914/1391/391 916/1393/393 942/1394/394
f 942/1394/394 916/1393/393 918/1395/395 943/1396/396
f 943/1396/396 918/1395/395 920/1397/397 944/1398/398
f 944/1398/398 920/1397/397 922/1399/399 945/1400/400
f 945/1400/400 922/1399/399 924/1401/401 946/1402/402
f 946/1402/402 924/1401/401 926/1403/403 947/1404/404
f 947/1404/404 926/1403/403 928/1405/405 948/1406/406
f 948/1406/406 928/1405/405 930/1407/407 949/1408/408
f 949/1408/408 930/1407/407 932/1409/409 950/1410/410
f 950/1411/410 932/1412/409 934/1413/411 951/1414/412
f 951/1414/412 934/1413/411 936/1415/413 952/1416/414
f 952/1416/414 936/1415/413 906/1384/384 937/1383/383
f 925/1417/415 927/1418/416 980/1419/417 979/1420/418
f 907/1421/419 905/1422/420 937/1383/383 938/1386/386
f 909/1423/421 907/1421/419 938/1386/386 939/1388/388
f 911/1424/422 909/1423/421 939/1388/388 940/1390/390
f 913/1425/423 911/1424/422 940/1390/390 941/1392/392
f 915/1426/424 913/1425/423 941/1392/392 942/1394/394
f 917/1427/425 915/1426/424 942/1394/394 943/1396/396
f 919/1428/426 917/1427/425 943/1396/396 944/1398/398
f 921/1429/427 919/1428/426 944/1398/398 945/1400/400
f 923/1430/428 921/1429/427 945/1400/400 946/1402/402
f 925/1417/415 923/1430/428 946/1402/402 947/1404/404
f 927/1418/416 925/1417/415 947/1404/404 948/1406/406
f 929/1431/429 927/1418/416 948/1406/406 949/1408/408
f 931/1432/430 929/1431/429 949/1408/408 950/1410/410
f 933/1433/431 931/1434/430 950/1411/410 951/1414/412
f 935/1435/432 933/1433/431 951/1414/412 952/1416/414
f 905/1422/420 935/1435/432 952/1416/414 937/1383/383
f 911/1424/422 913/1425/423 973/1436/433 972/1437/434
f 927/1418/416 929/1431/429 981/1438/435 980/1419/417
f 913/1425/423 915/1426/424 974/1439/436 973/1436/433
f 929/1431/429 931/1432/430 982/1440/437 981/1438/435
f 915/1426/424 917/1427/425 975/1441/438 974/1439/436
f 931/1434/430 933/1433/431 983/1442/439 982/1443/437
f 917/1427/425 919/1428/426 976/1444/440 975/1441/438
f 933/1433/431 935/1435/432 984/1445/441 983/1442/439
f 919/1428/426 921/1429/427 977/1446/442 976/1444/440
f 905/1422/420 907/1421/419 970/1447/443 969/1448/444
f 935/1435/432 905/1422/420 969/1448/444 984/1445/441
f 921/1429/427 923/1430/428 978/1449/445 977/1446/442
f 907/1421/419 909/1423/421 971/1450/446 970/1447/443
f 923/1430/428 925/1417/415 979/1420/418 978/1449/445
f 909/1423/421 911/1424/422 972/1437/434 971/1450/446
f 986/1451/447 985/1452/448 969/1448/444 970/1447/443
f 987/1453/449 986/1451/447 970/1447/443 971/1450/446
f 988/1454/450 987/1453/449 971/1450/446 972/1437/434
f 989/1455/451 988/1454/450 972/1437/434 973/1436/433
f 990/1456/452 989/1455/451 973/1436/433 974/1439/436
f 991/1457/453 990/1456/452 974/1439/436 975/1441/438
f 992/1458/454 991/1457/453 975/1441/438 976/1444/440
f 993/1459/455 992/1458/454 976/1444/440 977/1446/442
f 994/1460/456 993/1459/455 977/1446/442 978/1449/445
f 995/1461/457 994/1460/456 978/1449/445 979/1420/418
f 996/1462/458 995/1461/457 979/1420/418 980/1419/417
f 997/1463/459 996/1462/458 980/1419/417 981/1438/435
f 998/1464/460 997/1463/459 981/1438/435 982/1440/437
f 999/1465/461 998/1466/460 982/1443/437 983/1442/439
f 1000/1467/462 999/1465/461 983/1442/439 984/1445/441
f 985/1452/448 1000/1467/462 984/1445/441 969/1448/444
f 1002/1468/463 1001/1469/464 985/1452/448 986/1451/447
f 1003/1470/465 1002/1468/463 986/1451/447 987/1453/449
f 1004/1471/466 1003/1470/465 987/1453/449 988/1454/450
f 1005/1472/467 1004/1471/466 988/1454/450 989/1455/451
f 1006/1473/468 1005/1472/467 989/1455/451 990/1456/452
f 1007/1474/469 1006/1473/468 990/1456/452 991/1457/453
f 1008/1475/470 1007/1474/469 991/1457/453 992/1458/454
f 1009/1476/471 1008/1475/470 992/1458/454 993/1459/455
f 1010/1477/472 1009/1476/471 993/1459/455 994/1460/456
f 1011/1478/473 1010/1477/472 994/1460/456 995/1461/457
f 1012/1479/474 1011/1478/473 995/1461/457 996/1462/458
f 1013/1480/475 1012/1479/474 996/1462/458 997/1463/459
f 1014/1481/476 1013/1480/475 997/1463/459 998/1464/460
f 1015/1482/477 1014/1483/476 998/1466/460 999/1465/461
f 1016/1484/478 1015/1482/477 999/1465/461 1000/1467/462
f 1001/1469/464 1016/1484/478 1000/1467/462 985/1452/448
f 1018/1485/479 1017/1486/480 1001/1469/464 1002/1468/463
f 1019/1487/481 1018/1485/479 1002/1468/463 1003/1470/465
f 1020/1488/482 1019/1487/481 1003/1470/465 1004/1471/466
f 1021/1489/483 1020/1488/482 1004/1471/466 1005/1472/467
f 1022/1490/484 1021/1489/483 1005/1472/467 1006/1473/468
f 1023/1491/485 1022/1490/484 1006/1473/468 1007/1474/469
f 1024/1492/486 1023/1491/485 1007/1474/469 1008/1475/470
f 1025/1493/487 1024/1492/486 1008/1475/470 1009/1476/471
f 1026/1494/488 1025/1493/487 1009/1476/471 1010/1477/472
f 1027/1495/489 1026/1494/488 1010/1477/472 1011/1478/473
f 1028/1496/490 1027/1495/489 1011/1478/473 1012/1479/474
f 1029/1497/491 1028/1496/490 1012/1479/474 1013/1480/475
f 1030/1498/492 1029/1497/491 1013/1480/475 1014/1481/476
f 1031/1499/493 1030/1500/492 1014/1483/476 1015/1482/477
f 1032/1501/494 1031/1499/493 1015/1482/477 1016/1484/478
f 1017/1486/480 1032/1501/494 1016/1484/478 1001/1469/464
f 1034/1502/495 1033/1503/496 1017/1486/480 1018/1485/479
f 1035/1504/497 1034/1502/495 1018/1485/479 1019/1487/481
f 1036/1505/498 1035/1504/497 1019/1487/481 1020/1488/482
f 1037/1506/499 1036/1505/498 1020/1488/482 1021/1489/483
f 1038/1507/500 1037/1506/499 1021/1489/483 1022/1490/484
f 1039/1508/501 1038/1507/500 1022/1490/484 1023/1491/485
f 1040/1509/502 1039/1508/501 1023/1491/485 1024/1492/486
f 1041/1510/503 1040/1509/502 1024/1492/486 1025/1493/487
f 1042/1511/504 1041/1510/503 1025/1493/487 1026/1494/488
f 1043/1512/505 1042/1511/504 1026/1494/488 1027/1495/489
f 1044/1513/506 1043/1512/505 1027/1495/489 1028/1496/490
f 1045/1514/507 1044/1513/506 1028/1496/490 1029/1497/491
f 1046/1515/508 1045/1514/507 1029/1497/491 1030/1498/492
f 1047/1516/509 1046/1517/508 1030/1500/492 1031/1499/493
f 1048/1518/510 1047/1516/509 1031/1499/493 1032/1501/494
f 1033/1503/496 1048/1518/510 1032/1501/494 1017/1486/480
f 1050/1519/511 1049/1520/512 1033/1503/496 1034/1502/495
f 1051/1521/513 1050/1519/511 1034/1502/495 1035/1504/497
f 1052/1522/514 1051/1521/513 1035/1504/497 1036/1505/498
f 1053/1523/515 1052/1522/514 1036/1505/498 1037/1506/499
f 1054/1524/516 1053/1523/515 1037/1506/499 1038/1507/500
f 1055/1525/517 1054/1524/516 1038/1507/500 1039/1508/501
f 1056/1526/518 1055/1525/517 1039/1508/501 1040/1509/502
f 1057/1527/519 1056/1526/518 1040/1509/502 1041/1510/503
f 1058/1528/520 1057/1527/519 1041/1510/503 1042/1511/504
f 1059/1529/521 1058/1528/520 1042/1511/504 1043/1512/505
f 1060/1530/522 1059/1529/521 1043/1512/505 1044/1513/506
f 1061/1531/523 1060/1530/522 1044/1513/506 1045/1514/507
f 1062/1532/524 1061/1531/523 1045/1514/507 1046/1515/508
f 1063/1533/525 1062/1534/524 1046/1517/508 1047/1516/509
f 1064/1535/526 1063/1533/525 1047/1516/509 1048/1518/510
f 1049/1520/512 1064/1535/526 1048/1518/510 1033/1503/496
f 1066/1536/527 1065/1537/528 1049/1520/512 1050/1519/511
f 1067/1538/529 1066/1536/527 1050/1519/511 1051/1521/513
f 1068/1539/530 1067/1538/529 1051/1521/513 1052/1522/514
f 1069/1540/531 1068/1539/530 1052/1522/514 1053/1523/515
f 1070/1541/532 1069/1540/531 1053/1523/515 1054/1524/516
f 1071/1542/533 1070/1541/532 1054/1524/516 1055/1525/517
f 1072/1543/534 1071/1542/533 1055/1525/517 1056/1526/518
f 1073/1544/535 1072/1543/534 1056/1526/518 1057/1527/519
f 1074/1545/536 1073/1544/535 1057/1527/519 1058/1528/520
f 1075/1546/537 1074/1545/536 1058/1528/520 1059/1529/521
f 1076/1547/538 1075/1546/537 1059/1529/521 1060/1530/522
f 1077/1548/539 1076/1547/538 1060/1530/522 1061/1531/523
f 1078/1549/540 1077/1548/539 1061/1531/523 1062/1532/524
f 1079/1550/541 1078/1551/540 1062/1534/524 1063/1533/525
f 1080/1552/542 1079/1550/541 1063/1533/525 1064/1535/526
f 1065/1537/528 1080/1552/542 1064/1535/526 1049/1520/512
f 1082/1553/543 1081/1554/544 1065/1537/528 1066/1536/527
f 1083/1555/545 1082/1553/543 1066/1536/527 1067/1538/529
f 1084/1556/546 1083/1555/545 1067/1538/529 1068/1539/530
f 1085/1557/547 1084/1556/546 1068/1539/530 1069/1540/531
f 1086/1558/548 1085/1557/547 1069/1540/531 1070/1541/532
f 1087/1559/549 1086/1558/548 1070/1541/532 1071/1542/533
f 1088/1560/550 1087/1559/549 1071/1542/533 1072/1543/534
f 1089/1561/551 1088/1560/550 1072/1543/534 1073/1544/535
f 1090/1562/552 1089/1561/551 1073/1544/535 1074/1545/536
f 1091/1563/553 1090/1562/552 1074/1545/536 1075/1546/537
f 1092/1564/554 1091/1563/553 1075/1546/537 1076/1547/538
f 1093/1565/555 1092/1564/554 1076/1547/538 1077/1548/539
f 1094/1566/556 1093/1565/555 1077/1548/539 1078/1549/540
f 1095/1567/557 1094/1568/556 1078/1551/540 1079/1550/541
f 1096/1569/558 1095/1567/557 1079/1550/541 1080/1552/542
f 1081/1554/544 1096/1569/558 1080/1552/542 1065/1537/528
f 954/1570/559 953/1571/560 1081/1554/544 1082/1553/543
f 955/1572/561 954/1570/559 1082/1553/543 1083/1555/545
f 956/1573/562 955/1572/561 1083/1555/545 1084/1556/546
f 957/1574/563 956/1573/562 1084/1556/546 1085/1557/547
f 958/1575/564 957/1574/563 1085/1557/547 1086/1558/548
f 959/1576/565 958/1575/564 1086/1558/548 1087/1559/549
f 960/1577/566 959/1576/565 1087/1559/549 1088/1560/550
f 961/1578/567 960/1577/566 1088/1560/550 1089/1561/551
f 962/1579/568 961/1578/567 1089/1561/551 1090/1562/552
f 963/1580/569 962/1579/568 1090/1562/552 1091/1563/553
f 964/1581/570 963/1580/569 1091/1563/553 1092/1564/554
f 965/1582/571 964/1581/570 1092/1564/554 1093/1565/555
f 966/1583/572 965/1582/571 1093/1565/555 1094/1566/556
f 967/1584/573 966/1585/572 1094/1568/556 1095/1567/557
f 968/1586/574 967/1584/573 1095/1567/557 1096/1569/558
f 953/1571/560 968/1586/574 1096/1569/558 1081/1554/544
f 960/1587/566 961/1588/567 962/1589/568 959/1590/565
f 959/1590/565 962/1589/568 963/1591/569 958/1592/564
f 958/1592/564 963/1591/569 964/1593/570 957/1594/563
f 957/1594/563 964/1593/570 965/1595/571 956/1596/562
f 956/1596/562 965/1595/571 966/1597/572 955/1598/561
f 955/1598/561 966/1597/572 967/1599/573 954/1600/559
f 954/1600/559 967/1599/573 968/1601/574 953/1602/560
o lavarropas:003.001
v 0.740785 -1.315048 -2.016343
v 0.740785 -0.583492 -1.546193
v 0.740785 0.250885 -1.301198
v 0.740785 1.120487 -1.301198
v 0.740785 1.954863 -1.546193
v 0.740785 2.686419 -2.016343
v 0.740785 -1.315048 -6.634275
v 0.740785 -0.583493 -7.104419
v 0.740785 0.250884 -7.349414
v 0.740785 1.120486 -7.349414
v 0.740785 1.954862 -7.104419
v 0.740785 2.686417 -6.634276
v 0.740785 3.255886 -5.977077
v 0.740785 -1.884516 -5.977075
v 0.740785 3.617132 -5.186059
v 0.740785 -2.245760 -5.186058
v 0.740785 3.740888 -4.325308
v 0.740785 -2.369518 -4.325307
v 0.740785 3.617132 -3.464558
v 0.740785 -2.245760 -3.464558
v 0.740785 3.255887 -2.673537
v 0.740785 -1.884514 -2.673536
v 0.710286 -0.907722 -2.486421
v 0.710286 -0.325102 -2.111990
v 0.710286 0.339405 -1.916871
v 0.710286 1.031966 -1.916871
v 0.710286 1.696473 -2.111990
v 0.710286 2.279093 -2.486421
v 0.710286 -0.907722 -6.164198
v 0.710286 -0.325103 -6.538624
v 0.710286 0.339404 -6.733742
v 0.710286 1.031967 -6.733742
v 0.710286 1.696473 -6.538625
v 0.710286 2.279093 -6.164198
v 0.710286 2.732625 -5.640796
v 0.710286 -1.361253 -5.640796
v 0.710286 3.020324 -5.010819
v 0.710286 -1.648953 -5.010819
v 0.710286 3.118886 -4.325308
v 0.710286 -1.747515 -4.325307
v 0.710286 3.020324 -3.639797
v 0.710286 -1.648953 -3.639796
v 0.710286 2.732624 -3.009823
v 0.710286 -1.361253 -3.009823
v 0.561863 -0.816066 -2.592190
v 0.561863 -0.266959 -2.239306
v 0.561862 0.359324 -2.055412
v 0.561862 1.012047 -2.055412
v 0.561862 1.638331 -2.239306
v 0.561862 2.187437 -2.592191
v 0.561863 -0.816066 -6.058421
v 0.561863 -0.266960 -6.411309
v 0.561862 0.359323 -6.595202
v 0.561862 1.012048 -6.595202
v 0.561862 1.638331 -6.411309
v 0.561862 2.187436 -6.058421
v 0.561862 2.614879 -5.565125
v 0.561863 -1.243508 -5.565125
v 0.561862 2.886030 -4.971388
v 0.561863 -1.514659 -4.971387
v 0.561862 2.978922 -4.325308
v 0.561863 -1.607551 -4.325307
v 0.561862 2.886030 -3.679228
v 0.561863 -1.514659 -3.679228
v 0.561862 2.614878 -3.085485
v 0.561863 -1.243508 -3.085485
v 0.407795 -1.203615 -2.144938
v 0.407795 -0.512805 -1.700976
v 0.407795 0.275101 -1.469631
v 0.407795 1.096270 -1.469631
v 0.407795 1.884176 -1.700976
v 0.407795 2.574987 -2.144938
v 0.407795 -1.203616 -6.505677
v 0.407795 -0.512806 -6.949634
v 0.407795 0.275101 -7.180984
v 0.407795 1.096270 -7.180984
v 0.407795 1.884175 -6.949636
v 0.407795 2.574987 -6.505678
v 0.407795 3.112739 -5.885081
v 0.407795 -1.741367 -5.885080
v 0.407795 3.453864 -5.138119
v 0.407795 -2.082493 -5.138118
v 0.407795 3.570729 -4.325308
v 0.407795 -2.199358 -4.325307
v 0.407795 3.453864 -3.512498
v 0.407795 -2.082493 -3.512497
v 0.407795 3.112738 -2.765538
v 0.407795 -1.741367 -2.765537
v 0.423127 -1.137050 -2.221761
v 0.485633 -1.055564 -2.315798
v 0.485633 -0.418887 -1.906631
v 0.423127 -0.470578 -1.793450
v 0.485633 0.307276 -1.693411
v 0.423125 0.289567 -1.570250
v 0.485633 1.064095 -1.693411
v 0.423125 1.081804 -1.570250
v 0.423125 1.841950 -1.793450
v 0.485633 1.790258 -1.906631
v 0.485633 2.426936 -2.315799
v 0.423125 2.508421 -2.221761
v 0.485633 -1.055565 -6.334817
v 0.423127 -1.137050 -6.428856
v 0.423127 -0.470578 -6.857172
v 0.485633 -0.418887 -6.743984
v 0.423125 0.289567 -7.080371
v 0.485633 0.307276 -6.957205
v 0.423125 1.081804 -7.080371
v 0.485633 1.064095 -6.957205
v 0.485633 1.790258 -6.743984
v 0.423125 1.841949 -6.857172
v 0.423125 2.508420 -6.428857
v 0.485633 2.426934 -6.334818
v 0.423125 3.027225 -5.830125
v 0.485633 2.922546 -5.762851
v 0.485633 -1.551175 -5.762851
v 0.423127 -1.655854 -5.830124
v 0.423125 3.356331 -5.109481
v 0.485633 3.236941 -5.074425
v 0.485633 -1.865569 -5.074423
v 0.423127 -1.984961 -5.109480
v 0.423125 3.469079 -4.325308
v 0.485633 3.344647 -4.325308
v 0.485633 -1.973276 -4.325307
v 0.423127 -2.097708 -4.325307
v 0.423125 3.356331 -3.541136
v 0.485633 3.236941 -3.576192
v 0.485633 -1.865569 -3.576191
v 0.423127 -1.984961 -3.541134
v 0.423125 3.027225 -2.820494
v 0.485633 2.922546 -2.887763
v 0.485633 -1.551175 -2.887763
v 0.423127 -1.655854 -2.820494
vn -0.7088 0.4619 -0.5331
vn -0.8182 0.3765 -0.4345
vn -0.8182 0.2388 -0.5229
vn -0.7088 0.2930 -0.6416
vn -0.9571 -0.0412 -0.2867
vn -0.9888 -0.0212 -0.1476
vn -0.9888 -0.0619 -0.1356
vn -0.9571 -0.1203 -0.2635
vn -0.9888 -0.0977 -0.1127
vn -0.9571 -0.1897 -0.2189
vn -0.9888 0.1255 0.0806
vn -0.9571 0.2437 0.1566
vn -0.9571 0.1897 0.2189
vn -0.9888 0.0977 0.1127
vn -0.9571 0.1203 0.2635
vn -0.9888 0.0620 0.1357
vn -0.9888 -0.0212 0.1476
vn -0.9571 -0.0412 0.2867
vn -0.9571 -0.1203 0.2635
vn -0.9888 -0.0620 0.1357
vn -0.9571 -0.1897 0.2189
vn -0.9888 -0.0977 0.1127
vn -0.9571 -0.2780 0.0816
vn -0.9888 -0.1431 0.0420
vn -0.9888 -0.1255 0.0806
vn -0.9571 -0.2437 0.1566
vn -0.9888 0.1431 0.0420
vn -0.9571 0.2780 0.0816
vn -0.4550 -0.3699 -0.8100
vn -0.4550 -0.5831 -0.6730
vn -0.9571 -0.2897 -0.0000
vn -0.9888 -0.1491 -0.0000
vn -0.9888 0.1491 -0.0000
vn -0.9571 0.2897 -0.0000
vn -0.9571 -0.2780 -0.0816
vn -0.9888 -0.1431 -0.0420
vn -0.9888 0.1431 -0.0420
vn -0.9571 0.2780 -0.0816
vn -0.9571 -0.2437 -0.1566
vn -0.9888 -0.1255 -0.0806
vn -0.9888 0.1255 -0.0806
vn -0.9571 0.2437 -0.1566
vn -0.9571 0.0412 0.2867
vn -0.9888 0.0212 0.1476
vn -0.9571 0.0412 -0.2867
vn -0.9888 0.0212 -0.1476
vn -0.4550 -0.5831 0.6730
vn -0.4550 -0.3699 0.8100
vn -0.4550 -0.1267 0.8814
vn -0.4550 0.1267 0.8814
vn -0.4550 0.3699 0.8100
vn -0.4550 0.5831 0.6730
vn -0.4550 -0.7491 -0.4814
vn -0.4550 -0.1267 -0.8814
vn -0.4550 0.1267 -0.8814
vn -0.4550 0.5831 -0.6730
vn -0.4550 0.3699 -0.8100
vn -0.4550 0.7491 -0.4814
vn -0.4550 0.8544 -0.2509
vn -0.4550 -0.8544 -0.2509
vn -0.4550 0.8905 -0.0000
vn -0.4550 -0.8905 -0.0000
vn -0.4550 0.8544 0.2509
vn -0.4550 -0.8544 0.2509
vn -0.4550 0.7491 0.4814
vn -0.4550 -0.7491 0.4814
vn -0.6861 -0.4764 0.5498
vn -0.6861 -0.3022 0.6618
vn -0.6861 -0.1035 0.7201
vn -0.6861 0.1035 0.7201
vn -0.6861 0.3022 0.6618
vn -0.6861 0.4764 0.5498
vn -0.6861 -0.3022 -0.6618
vn -0.6861 -0.4764 -0.5498
vn -0.6861 -0.1035 -0.7201
vn -0.6861 0.1035 -0.7201
vn -0.6861 0.4764 -0.5498
vn -0.6861 0.3022 -0.6618
vn -0.6861 0.6120 -0.3933
vn -0.6861 -0.6120 -0.3933
vn -0.6861 0.6981 -0.2050
vn -0.6861 -0.6981 -0.2050
vn -0.6861 0.7275 -0.0000
vn -0.6861 -0.7275 -0.0000
vn -0.6861 0.6981 0.2050
vn -0.6861 -0.6981 0.2050
vn -0.6861 0.6120 0.3933
vn -0.6861 0.6121 0.3933
vn -0.6861 -0.6121 0.3933
vn -0.6861 -0.6120 0.3933
vn -0.7088 0.5934 -0.3813
vn -0.8182 0.4836 -0.3108
vn -0.8182 0.0818 -0.5690
vn -0.7088 0.1004 -0.6982
vn -0.8182 -0.0818 -0.5690
vn -0.7088 -0.1004 -0.6982
vn -0.7088 -0.2930 -0.6416
vn -0.8182 -0.2388 -0.5229
vn -0.8182 -0.3765 -0.4345
vn -0.7088 -0.4619 -0.5331
vn -0.7088 0.2930 0.6416
vn -0.8182 0.2388 0.5229
vn -0.8182 0.3765 0.4345
vn -0.7088 0.4619 0.5331
vn -0.7088 0.1004 0.6982
vn -0.8182 0.0818 0.5690
vn -0.7088 -0.1004 0.6982
vn -0.8182 -0.0818 0.5690
vn -0.7088 -0.4619 0.5331
vn -0.8182 -0.3765 0.4345
vn -0.8182 -0.2388 0.5229
vn -0.7088 -0.2930 0.6416
vn -0.7088 -0.5934 0.3813
vn -0.8182 -0.4836 0.3108
vn -0.8182 0.4836 0.3108
vn -0.7088 0.5934 0.3813
vn -0.7088 -0.6768 0.1987
vn -0.8182 -0.5516 0.1620
vn -0.8182 0.5516 0.1620
vn -0.7088 0.6768 0.1987
vn -0.7088 -0.7054 -0.0000
vn -0.8182 -0.5749 -0.0000
vn -0.8182 0.5749 -0.0000
vn -0.7088 0.7054 -0.0000
vn -0.7088 -0.6768 -0.1987
vn -0.8182 -0.5516 -0.1620
vn -0.8182 0.5516 -0.1620
vn -0.7088 0.6768 -0.1987
vn -0.7088 -0.5934 -0.3813
vn -0.8182 -0.4836 -0.3108
vn -0.9571 0.1897 -0.2189
vn -0.9888 0.0977 -0.1127
vn -0.9888 0.0619 -0.1357
vn -0.9571 0.1203 -0.2635
vt 0.921315 0.725104
vt 0.936123 0.713917
vt 0.958014 0.753333
vt 0.940660 0.759905
vt 0.972984 0.843980
vt 0.978856 0.845209
vt 0.962071 0.891350
vt 0.956780 0.888521
vt 0.932959 0.930899
vt 0.928678 0.926696
vt 0.726227 0.658862
vt 0.729146 0.664104
vt 0.691413 0.692813
vt 0.687138 0.688604
vt 0.663280 0.730982
vt 0.657995 0.728144
vt 0.637994 0.823331
vt 0.643975 0.822863
vt 0.654386 0.869137
vt 0.648779 0.871273
vt 0.677401 0.910610
vt 0.672625 0.914241
vt 0.752962 0.966346
vt 0.750909 0.971983
vt 0.707620 0.948739
vt 0.711179 0.943909
vt 0.772121 0.641316
vt 0.773442 0.647169
vt 0.082852 0.748519
vt 0.072218 0.737350
vt 0.102448 0.715722
vt 0.109493 0.729439
vt 0.799379 0.976096
vt 0.798997 0.982083
vt 0.821108 0.637467
vt 0.820722 0.643453
vt 0.846659 0.972348
vt 0.847981 0.978200
vt 0.869199 0.647571
vt 0.867138 0.653207
vt 0.890959 0.955429
vt 0.893880 0.960670
vt 0.912448 0.670877
vt 0.908880 0.675700
vt 0.647023 0.775532
vt 0.641153 0.774296
vt 0.976029 0.796681
vt 0.982009 0.796210
vt 0.271295 0.793727
vt 0.285875 0.788704
vt 0.292972 0.825184
vt 0.277566 0.825896
vt 0.289515 0.862188
vt 0.274534 0.858528
vt 0.275748 0.896713
vt 0.262410 0.888971
vt 0.242183 0.914752
vt 0.252791 0.925944
vt 0.222545 0.947512
vt 0.215493 0.933796
vt 0.137553 0.703515
vt 0.140441 0.718664
vt 0.062685 0.774347
vt 0.049329 0.766635
vt 0.050616 0.804826
vt 0.035632 0.801173
vt 0.053782 0.869635
vt 0.039199 0.874649
vt 0.032131 0.838158
vt 0.047535 0.837467
vt 0.068858 0.898728
vt 0.056284 0.907658
vt 0.091541 0.922382
vt 0.081994 0.934494
vt 0.174675 0.701701
vt 0.173173 0.717048
vt 0.119963 0.938702
vt 0.114215 0.953011
vt 0.210791 0.710417
vt 0.205045 0.724730
vt 0.151831 0.946327
vt 0.150360 0.961679
vt 0.243032 0.728886
vt 0.233498 0.741009
vt 0.184556 0.944643
vt 0.187479 0.959787
vt 0.268764 0.755706
vt 0.256197 0.764645
vt 0.911827 0.732289
vt 0.929538 0.764135
vt 0.949421 0.798742
vt 0.937560 0.799669
vt 0.946877 0.838471
vt 0.935301 0.836054
vt 0.922787 0.870291
vt 0.933285 0.875889
vt 0.909691 0.907965
vt 0.901191 0.899635
vt 0.697249 0.749267
vt 0.686769 0.743634
vt 0.710388 0.711567
vt 0.718815 0.719862
vt 0.684776 0.783523
vt 0.673134 0.781063
vt 0.682440 0.819898
vt 0.670575 0.820815
vt 0.708205 0.887252
vt 0.698670 0.894505
vt 0.679324 0.859676
vt 0.690449 0.855449
vt 0.734097 0.912872
vt 0.727051 0.922463
vt 0.742066 0.687434
vt 0.747863 0.697825
vt 0.766205 0.930116
vt 0.762147 0.941300
vt 0.779265 0.673203
vt 0.781902 0.684886
vt 0.801866 0.937663
vt 0.801120 0.949463
vt 0.818962 0.670093
vt 0.818203 0.681895
vt 0.838193 0.934705
vt 0.840810 0.946313
vt 0.857928 0.678239
vt 0.853814 0.689487
vt 0.872184 0.921636
vt 0.878015 0.932101
vt 0.892988 0.697121
vt 0.885897 0.706677
vt 0.904055 0.682223
vt 0.967920 0.797322
vt 0.965033 0.842313
vt 0.949619 0.884687
vt 0.922891 0.921009
vt 0.670437 0.734825
vt 0.697199 0.698514
vt 0.654984 0.777205
vt 0.652074 0.822225
vt 0.683870 0.905697
vt 0.661968 0.866249
vt 0.716001 0.937371
vt 0.733091 0.671193
vt 0.755746 0.958715
vt 0.775233 0.655093
vt 0.799896 0.967978
vt 0.820199 0.651572
vt 0.844864 0.964425
vt 0.864345 0.660834
vt 0.887003 0.948334
vt 0.942594 0.709005
vt 0.947373 0.705381
vt 0.971210 0.748300
vt 0.965604 0.750437
s 1
f 1119/1603/575 1186/1604/576 1187/1605/577 1120/1606/578
f 1192/1607/579 1166/1608/580 1167/1609/581 1193/1610/582
f 1193/1610/582 1167/1609/581 1168/1611/583 1196/1612/584
f 1176/1613/585 1212/1614/586 1198/1615/587 1169/1616/588
f 1169/1616/588 1198/1615/587 1199/1617/589 1170/1618/590
f 1172/1619/591 1203/1620/592 1206/1621/593 1173/1622/594
f 1173/1622/594 1206/1621/593 1207/1623/595 1174/1624/596
f 1213/1625/597 1177/1626/598 1175/1627/599 1209/1628/600
f 1178/1629/601 1216/1630/602 1212/1614/586 1176/1613/585
f 1170/1631/603 1104/1632/603 1103/1633/604 1169/1634/604
f 1217/1635/605 1179/1636/606 1177/1626/598 1213/1625/597
f 1180/1637/607 1220/1638/608 1216/1630/602 1178/1629/601
f 1221/1639/609 1181/1640/610 1179/1636/606 1217/1635/605
f 1182/1641/611 1224/1642/612 1220/1638/608 1180/1637/607
f 1225/1643/613 1183/1644/614 1181/1640/610 1221/1639/609
f 1184/1645/615 1228/1646/616 1224/1642/612 1182/1641/611
f 1170/1618/590 1199/1617/589 1201/1647/617 1171/1648/618
f 1190/1649/619 1165/1650/620 1166/1608/580 1192/1607/579
f 1196/1612/584 1168/1611/583 1183/1644/614 1225/1643/613
f 1209/1628/600 1175/1627/599 1174/1624/596 1207/1623/595
f 1163/1651/621 1097/1652/621 1098/1653/622 1164/1654/622
f 1164/1654/622 1098/1653/622 1099/1655/623 1165/1656/623
f 1165/1656/623 1099/1655/623 1100/1657/624 1166/1658/624
f 1167/1659/625 1101/1660/625 1102/1661/626 1168/1662/626
f 1169/1634/604 1103/1633/604 1110/1663/627 1176/1664/627
f 1171/1665/628 1105/1666/628 1104/1632/603 1170/1631/603
f 1172/1667/629 1106/1668/629 1105/1666/628 1171/1665/628
f 1174/1669/630 1108/1670/630 1107/1671/631 1173/1672/631
f 1175/1673/632 1109/1674/632 1108/1670/630 1174/1669/630
f 1171/1648/618 1201/1647/617 1203/1620/592 1172/1619/591
f 1177/1675/633 1111/1676/633 1109/1674/632 1175/1673/632
f 1176/1664/627 1110/1663/627 1112/1677/634 1178/1678/634
f 1179/1679/635 1113/1680/635 1111/1676/633 1177/1675/633
f 1178/1678/634 1112/1677/634 1114/1681/636 1180/1682/636
f 1181/1683/637 1115/1684/637 1113/1680/635 1179/1679/635
f 1180/1682/636 1114/1681/636 1116/1685/638 1182/1686/638
f 1183/1687/639 1117/1688/639 1115/1684/637 1181/1683/637
f 1182/1686/638 1116/1685/638 1118/1689/640 1184/1690/640
f 1168/1662/626 1102/1661/626 1117/1688/639 1183/1687/639
f 1184/1690/640 1118/1689/640 1097/1652/621 1163/1651/621
f 1166/1658/624 1100/1657/624 1101/1660/625 1167/1659/625
f 1173/1672/631 1107/1671/631 1106/1668/629 1172/1667/629
f 1141/1691/641 1119/1603/641 1120/1606/642 1142/1692/642
f 1142/1692/642 1120/1606/642 1121/1693/643 1143/1694/643
f 1143/1694/643 1121/1693/643 1122/1695/644 1144/1696/644
f 1145/1697/645 1123/1698/645 1124/1699/646 1146/1700/646
f 1148/1701/647 1126/1702/647 1125/1703/648 1147/1704/648
f 1149/1705/649 1127/1706/649 1126/1702/647 1148/1701/647
f 1150/1707/650 1128/1708/650 1127/1706/649 1149/1705/649
f 1152/1709/651 1130/1710/651 1129/1711/652 1151/1712/652
f 1153/1713/653 1131/1714/653 1130/1710/651 1152/1709/651
f 1147/1704/648 1125/1703/648 1132/1715/654 1154/1716/654
f 1155/1717/655 1133/1718/655 1131/1714/653 1153/1713/653
f 1154/1716/654 1132/1715/654 1134/1719/656 1156/1720/656
f 1157/1721/657 1135/1722/657 1133/1718/655 1155/1717/655
f 1156/1720/656 1134/1719/656 1136/1723/658 1158/1724/658
f 1159/1725/659 1137/1726/659 1135/1722/657 1157/1721/657
f 1158/1724/658 1136/1723/658 1138/1727/660 1160/1728/660
f 1161/1729/661 1139/1730/662 1137/1726/659 1159/1725/659
f 1160/1728/660 1138/1727/660 1140/1731/663 1162/1732/664
f 1146/1700/646 1124/1699/646 1139/1730/662 1161/1729/661
f 1162/1732/664 1140/1731/663 1119/1603/641 1141/1691/641
f 1144/1696/644 1122/1695/644 1123/1698/645 1145/1697/645
f 1151/1712/652 1129/1711/652 1128/1708/650 1150/1707/650
f 1140/1731/665 1227/1733/666 1186/1604/576 1119/1603/575
f 1120/1606/578 1187/1605/577 1189/1734/667 1121/1693/668
f 1121/1693/668 1189/1734/667 1191/1735/669 1122/1695/670
f 1123/1698/671 1194/1736/672 1195/1737/673 1124/1699/674
f 1126/1702/675 1200/1738/676 1197/1739/677 1125/1703/678
f 1127/1706/679 1202/1740/680 1200/1738/676 1126/1702/675
f 1128/1708/681 1204/1741/682 1202/1740/680 1127/1706/679
f 1130/1710/683 1208/1742/684 1205/1743/685 1129/1711/686
f 1131/1714/687 1210/1744/688 1208/1742/684 1130/1710/683
f 1125/1703/678 1197/1739/677 1211/1745/689 1132/1715/690
f 1133/1718/691 1214/1746/692 1210/1744/688 1131/1714/687
f 1132/1715/690 1211/1745/689 1215/1747/693 1134/1719/694
f 1135/1722/695 1218/1748/696 1214/1746/692 1133/1718/691
f 1134/1719/694 1215/1747/693 1219/1749/697 1136/1723/698
f 1137/1726/699 1222/1750/700 1218/1748/696 1135/1722/695
f 1136/1723/698 1219/1749/697 1223/1751/701 1138/1727/702
f 1139/1730/703 1226/1752/704 1222/1750/700 1137/1726/699
f 1138/1727/702 1223/1751/701 1227/1733/666 1140/1731/665
f 1124/1699/674 1195/1737/673 1226/1752/704 1139/1730/703
f 1185/1753/705 1163/1754/706 1164/1755/707 1188/1756/708
f 1122/1695/670 1191/1735/669 1194/1736/672 1123/1698/671
f 1129/1711/686 1205/1743/685 1204/1741/682 1128/1708/681
f 1188/1756/708 1164/1755/707 1165/1650/620 1190/1649/619
f 1186/1604/576 1185/1753/705 1188/1756/708 1187/1605/577
f 1187/1605/577 1188/1756/708 1190/1649/619 1189/1734/667
f 1189/1734/667 1190/1649/619 1192/1607/579 1191/1735/669
f 1194/1736/672 1193/1610/582 1196/1612/584 1195/1737/673
f 1200/1738/676 1199/1617/589 1198/1615/587 1197/1739/677
f 1202/1740/680 1201/1647/617 1199/1617/589 1200/1738/676
f 1204/1741/682 1203/1620/592 1201/1647/617 1202/1740/680
f 1208/1742/684 1207/1623/595 1206/1621/593 1205/1743/685
f 1210/1744/688 1209/1628/600 1207/1623/595 1208/1742/684
f 1197/1739/677 1198/1615/587 1212/1614/586 1211/1745/689
f 1214/1746/692 1213/1625/597 1209/1628/600 1210/1744/688
f 1211/1745/689 1212/1614/586 1216/1630/602 1215/1747/693
f 1218/1748/696 1217/1635/605 1213/1625/597 1214/1746/692
f 1215/1747/693 1216/1630/602 1220/1638/608 1219/1749/697
f 1222/1750/700 1221/1639/609 1217/1635/605 1218/1748/696
f 1219/1749/697 1220/1638/608 1224/1642/612 1223/1751/701
f 1226/1752/704 1225/1643/613 1221/1639/609 1222/1750/700
f 1223/1751/701 1224/1642/612 1228/1646/616 1227/1733/666
f 1195/1737/673 1196/1612/584 1225/1643/613 1226/1752/704
f 1227/1733/666 1228/1646/616 1185/1753/705 1186/1604/576
f 1191/1735/669 1192/1607/579 1193/1610/582 1194/1736/672
f 1205/1743/685 1206/1621/593 1203/1620/592 1204/1741/682
f 1163/1754/706 1185/1753/705 1228/1646/616 1184/1645/615
o lavarropas:004.001
v 0.102622 -0.832936 -1.482168
v 0.426542 -0.328489 -1.468979
v 0.595340 0.246859 -1.462113
v 0.595340 0.846495 -1.462113
v 0.426542 1.421844 -1.468979
v 0.102622 1.926291 -1.482168
v -3.079060 -0.832936 -1.611687
v -3.402980 -0.328489 -1.624863
v -3.571778 0.246859 -1.631741
v -3.571778 0.846497 -1.631742
v -3.402980 1.421844 -1.624863
v -3.079060 1.926290 -1.611675
v -2.626260 2.318969 -1.593253
v -2.626259 -1.225615 -1.593253
v -2.081262 2.568067 -1.571067
v -2.081261 -1.474713 -1.571067
v -1.488220 2.653404 -1.546927
v -1.488218 -1.560049 -1.546927
v -0.895177 2.568067 -1.522788
v -0.895177 -1.474713 -1.522788
v -0.350179 2.318969 -1.500602
v -0.350179 -1.225615 -1.500602
v 0.106209 -0.832936 -1.570297
v 0.430129 -0.328489 -1.557109
v 0.598927 0.246859 -1.550242
v 0.598927 0.846495 -1.550242
v 0.430129 1.421844 -1.557109
v 0.106209 1.926291 -1.570297
v -3.075472 -0.832936 -1.699804
v -3.399393 -0.328489 -1.712993
v -3.568191 0.246859 -1.719859
v -3.568191 0.846497 -1.719860
v -3.399393 1.421844 -1.712993
v -3.075472 1.926290 -1.699804
v -2.622673 2.318969 -1.681371
v -2.622672 -1.225615 -1.681371
v -2.077675 2.568067 -1.659184
v -2.077674 -1.474713 -1.659184
v -1.484632 2.653404 -1.635056
v -1.484631 -1.560049 -1.635056
v -0.891590 2.568067 -1.610917
v -0.891590 -1.474713 -1.610917
v -0.346592 2.318969 -1.588731
v -0.346591 -1.225615 -1.588731
vn -0.0407 -0.0000 0.9992
vn 0.0407 -0.0000 -0.9992
vn 0.9089 -0.4154 0.0370
vn 0.7551 -0.6549 0.0307
vn 0.9890 -0.1423 0.0403
vn 0.9890 0.1423 0.0403
vn 0.7551 0.6549 0.0307
vn 0.9089 0.4154 0.0370
vn -0.7551 -0.6549 -0.0307
vn -0.9089 -0.4154 -0.0370
vn -0.9890 -0.1423 -0.0403
vn -0.9890 0.1423 -0.0403
vn -0.9089 0.4154 -0.0370
vn -0.7551 0.6549 -0.0307
vn -0.5402 0.8413 -0.0220
vn -0.5402 -0.8413 -0.0220
vn -0.2815 0.9595 -0.0115
vn -0.2815 -0.9595 -0.0115
vn -0.0000 1.0000 -0.0000
vn -0.0000 -1.0000 -0.0000
vn 0.2815 0.9595 0.0115
vn 0.2815 -0.9595 0.0115
vn 0.5402 0.8413 0.0220
vn 0.5402 -0.8413 0.0220
vt 0.811571 0.918974
vt 0.782376 0.914773
vt 0.755546 0.902511
vt 0.733255 0.883179
vt 0.840765 0.914773
vt 0.717309 0.858346
vt 0.867595 0.902511
vt 0.708999 0.830022
vt 0.889886 0.883179
vt 0.708999 0.800503
vt 0.905832 0.858346
vt 0.717309 0.772179
vt 0.914142 0.830022
vt 0.733255 0.747346
vt 0.914142 0.800503
vt 0.755546 0.728015
vt 0.905832 0.772179
vt 0.782376 0.715752
vt 0.889886 0.747346
vt 0.811571 0.711551
vt 0.867595 0.728015
vt 0.840765 0.715752
vt 0.811747 0.918974
vt 0.733432 0.883179
vt 0.755723 0.902511
vt 0.782552 0.914773
vt 0.840942 0.914773
vt 0.717486 0.858346
vt 0.867772 0.902511
vt 0.709176 0.830022
vt 0.890062 0.883179
vt 0.709176 0.800503
vt 0.906009 0.858346
vt 0.717486 0.772179
vt 0.914318 0.830022
vt 0.733432 0.747346
vt 0.914318 0.800503
vt 0.755723 0.728015
vt 0.906009 0.772179
vt 0.782552 0.715752
vt 0.890062 0.747346
vt 0.811747 0.711551
vt 0.867772 0.728015
vt 0.840942 0.715752
s 1
f 1245/1757/709 1243/1758/709 1241/1759/709 1240/1760/709
f 1247/1761/709 1245/1757/709 1240/1760/709 1239/1762/709
f 1249/1763/709 1247/1761/709 1239/1762/709 1238/1764/709
f 1234/1765/709 1249/1763/709 1238/1764/709 1237/1766/709
f 1233/1767/709 1234/1765/709 1237/1766/709 1236/1768/709
f 1232/1769/709 1233/1767/709 1236/1768/709 1235/1770/709
f 1231/1771/709 1232/1769/709 1235/1770/709 1242/1772/709
f 1230/1773/709 1231/1771/709 1242/1772/709 1244/1774/709
f 1229/1775/709 1230/1773/709 1244/1774/709 1246/1776/709
f 1250/1777/709 1229/1775/709 1246/1776/709 1248/1778/709
f 1267/1779/710 1262/1780/710 1263/1781/710 1265/1782/710
f 1269/1783/710 1261/1784/710 1262/1780/710 1267/1779/710
f 1271/1785/710 1260/1786/710 1261/1784/710 1269/1783/710
f 1256/1787/710 1259/1788/710 1260/1786/710 1271/1785/710
f 1255/1789/710 1258/1790/710 1259/1788/710 1256/1787/710
f 1254/1791/710 1257/1792/710 1258/1790/710 1255/1789/710
f 1253/1793/710 1264/1794/710 1257/1792/710 1254/1791/710
f 1252/1795/710 1266/1796/710 1264/1794/710 1253/1793/710
f 1251/1797/710 1268/1798/710 1266/1796/710 1252/1795/710
f 1272/1799/710 1270/1800/710 1268/1798/710 1251/1797/710
f 1230/1773/711 1229/1775/712 1251/1797/712 1252/1795/711
f 1231/1771/713 1230/1773/711 1252/1795/711 1253/1793/713
f 1232/1769/714 1231/1771/713 1253/1793/713 1254/1791/714
f 1234/1765/715 1233/1767/716 1255/1789/716 1256/1787/715
f 1235/1770/717 1236/1768/718 1258/1790/718 1257/1792/717
f 1236/1768/718 1237/1766/719 1259/1788/719 1258/1790/718
f 1237/1766/719 1238/1764/720 1260/1786/720 1259/1788/719
f 1239/1762/721 1240/1760/722 1262/1780/722 1261/1784/721
f 1240/1760/722 1241/1759/723 1263/1781/723 1262/1780/722
f 1242/1772/724 1235/1770/717 1257/1792/717 1264/1794/724
f 1241/1759/723 1243/1758/725 1265/1782/725 1263/1781/723
f 1244/1774/726 1242/1772/724 1264/1794/724 1266/1796/726
f 1243/1758/725 1245/1757/727 1267/1779/727 1265/1782/725
f 1246/1776/728 1244/1774/726 1266/1796/726 1268/1798/728
f 1245/1757/727 1247/1761/729 1269/1783/729 1267/1779/727
f 1248/1778/730 1246/1776/728 1268/1798/728 1270/1800/730
f 1247/1761/729 1249/1763/731 1271/1785/731 1269/1783/729
f 1250/1777/732 1248/1778/730 1270/1800/730 1272/1799/732
f 1249/1763/731 1234/1765/715 1256/1787/715 1271/1785/731
f 1229/1775/712 1250/1777/732 1272/1799/732 1251/1797/712
f 1233/1767/716 1232/1769/714 1254/1791/714 1255/1789/716
f 1238/1764/720 1239/1762/721 1261/1784/721 1260/1786/720
o Plane:010.001
v 0.681062 3.475833 -0.942832
v 0.681062 2.525115 -0.942832
v 0.681062 3.475833 -1.689244
v 0.681062 2.525115 -1.689244
v 0.660271 3.475833 -1.689244
v 0.660271 3.475833 -0.942832
v 0.660271 2.525115 -0.942832
v 0.660271 2.525115 -1.689244
vn -1.0000 -0.0000 -0.0000
vn -0.0000 -0.0000 -1.0000
vn -0.0000 -0.0000 1.0000
vn -0.0000 -1.0000 -0.0000
vn -0.0000 1.0000 -0.0000
vt 0.119925 0.345673
vt 0.023186 0.347912
vt 0.020354 0.224709
vt 0.117093 0.222470
vt 0.018474 0.223081
vt 0.021321 0.349557
vt 0.121804 0.347301
vt 0.118958 0.220825
s 1
f 1278/1801/733 1277/1802/733 1280/1803/733 1279/1804/733
f 1276/1805/734 1280/1803/734 1277/1802/734 1275/1806/734
f 1273/1807/735 1278/1801/735 1279/1804/735 1274/1808/735
f 1274/1808/736 1279/1804/736 1280/1803/736 1276/1805/736
f 1275/1806/737 1277/1802/737 1278/1801/737 1273/1807/737
