#File written by RizomUV 2023.0.71.gd738df3e. Compilation :Nov  3 2023,11:50:08
mtllib Esquina exterior 1.mtl
#begin vertices
v -0.012338 1.928115 -22.60502
v -0.012338 0.138641 -22.60502
v -0.012338 0.138642 -24.60502
v 0.075338 0.033432 -24.60502
v 0.075338 0.033432 -22.60502
v 0.075338 2.033432 -22.60502
v 0.075338 2.033432 -24.60502
v -0.012338 1.928115 -24.60502
v -0.00609 0.138642 -24.60502
v 0.075338 0.057214 -24.60502
v 0.00816 0.138641 -24.60502
v 0.00816 0.132534 -24.60502
v 0.014267 0.132534 -24.60502
v 0.017443 0.116412 -24.60502
v 0.026481 0.10607 -24.60502
v 0.041301 0.099719 -24.60502
v 0.053597 0.092472 -24.60502
v 0.059052 0.077571 -24.60502
v 0.065159 0.077571 -24.60502
v 0.068824 0.070242 -24.60502
v 0.075338 0.067392 -24.60502
v -0.00609 1.928115 -22.60502
v 0.075338 2.009543 -22.60502
v 0.004089 1.928115 -22.60502
v 0.006939 1.934629 -22.60502
v 0.014267 1.938293 -22.60502
v 0.014267 1.944401 -22.60502
v 0.029168 1.949856 -22.60502
v 0.036415 1.962152 -22.60502
v 0.042767 1.976972 -22.60502
v 0.053108 1.98601 -22.60502
v 0.069231 1.989186 -22.60502
v 0.069231 1.995293 -22.60502
v 0.075338 1.995293 -22.60502
v 0.075338 2.009543 -24.60502
v -0.00609 1.928115 -24.60502
v 0.075338 1.995293 -24.60502
v 0.069231 1.995293 -24.60502
v 0.069231 1.989186 -24.60502
v 0.053108 1.98601 -24.60502
v 0.042767 1.976972 -24.60502
v 0.036415 1.962152 -24.60502
v 0.029168 1.949856 -24.60502
v 0.014267 1.944401 -24.60502
v 0.014267 1.938294 -24.60502
v 0.006939 1.934629 -24.60502
v 0.004089 1.928115 -24.60502
v 0.075338 0.057214 -22.60502
v -0.00609 0.138641 -22.60502
v 0.075338 0.067392 -22.60502
v 0.068824 0.070242 -22.60502
v 0.065159 0.077571 -22.60502
v 0.059052 0.077571 -22.60502
v 0.053597 0.092472 -22.60502
v 0.041301 0.099719 -22.60502
v 0.026481 0.106071 -22.60502
v 0.017443 0.116412 -22.60502
v 0.014267 0.132535 -22.60502
v 0.00816 0.132535 -22.60502
v 0.00816 0.138642 -22.60502
v -0.012338 0.67958 -22.60502
v -0.012338 0.595668 -22.60502
v -0.012338 0.595668 -24.60502
v -0.012338 0.67958 -24.60502
v 0.038147 0.666214 -22.61838
v 0.024781 0.67958 -22.60502
v 0.036356 0.672897 -22.6117
v 0.031464 0.677789 -22.60681
v 0.024781 0.595668 -22.60502
v 0.038147 0.609034 -22.61838
v 0.031464 0.597459 -22.60681
v 0.036356 0.602351 -22.6117
v 0.038147 0.609034 -24.59165
v 0.024781 0.595668 -24.60502
v 0.036356 0.602351 -24.59833
v 0.031464 0.597459 -24.60323
v 0.024781 0.67958 -24.60502
v 0.038147 0.666215 -24.59165
v 0.031464 0.67779 -24.60323
v 0.036356 0.672897 -24.59833
v -0.030322 0.595355 -22.60502
v -0.030322 0.138328 -22.60502
v 0.057354 0.033119 -22.60502
v 0.057354 0.033119 -24.60502
v 0.057354 2.033119 -24.60502
v 0.057354 2.033119 -22.60502
v -0.030321 0.679267 -24.60502
v -0.030321 1.927802 -24.60502
v -0.030321 1.927802 -22.60502
v -0.030322 0.138328 -24.60502
v 0.057354 0.067079 -22.60502
v 0.057354 0.056901 -22.60502
v 0.057354 0.056901 -24.60502
v 0.057354 0.067079 -24.60502
v 0.05084 0.069929 -22.60502
v 0.05084 0.069929 -24.60502
v 0.047176 0.077258 -22.60502
v 0.047176 0.077258 -24.60502
v 0.041069 0.077258 -22.60502
v 0.041069 0.077258 -24.60502
v 0.035613 0.092159 -22.60502
v 0.035613 0.092159 -24.60502
v 0.023318 0.099406 -22.60502
v 0.023318 0.099406 -24.60502
v 0.008498 0.105757 -22.60502
v 0.008498 0.105757 -24.60502
v -0.000541 0.116099 -22.60502
v -0.000541 0.116099 -24.60502
v -0.003716 0.132221 -22.60502
v -0.003716 0.132221 -24.60502
v -0.009823 0.132221 -22.60502
v -0.009823 0.132221 -24.60502
v -0.009823 0.138328 -22.60502
v -0.009823 0.138328 -24.60502
v -0.024073 0.138328 -22.60502
v -0.024073 0.138328 -24.60502
v -0.013895 1.927802 -22.60502
v -0.024073 1.927802 -22.60502
v -0.024073 1.927802 -24.60502
v -0.013895 1.927802 -24.60502
v -0.011045 1.934316 -22.60502
v -0.011045 1.934316 -24.60502
v -0.003716 1.93798 -22.60502
v -0.003716 1.937981 -24.60502
v -0.003716 1.944087 -22.60502
v -0.003716 1.944088 -24.60502
v 0.011185 1.949543 -22.60502
v 0.011185 1.949543 -24.60502
v 0.018432 1.961839 -22.60502
v 0.018432 1.961839 -24.60502
v 0.024783 1.976658 -22.60502
v 0.024783 1.976659 -24.60502
v 0.035125 1.985697 -22.60502
v 0.035125 1.985697 -24.60502
v 0.051247 1.988873 -22.60502
v 0.051247 1.988873 -24.60502
v 0.051247 1.99498 -22.60502
v 0.051247 1.99498 -24.60502
v 0.057354 1.99498 -22.60502
v 0.057354 1.99498 -24.60502
v 0.057354 2.00923 -22.60502
v 0.057354 2.00923 -24.60502
v -0.030321 0.679267 -22.60502
v -0.030322 0.595355 -24.60502
v 0.006798 0.679267 -22.60502
v -0.012338 0.745293 -24.60502
v -0.012338 0.811005 -24.60502
v -0.012338 0.876717 -24.60502
v -0.012338 0.94243 -24.60502
v -0.012338 1.008142 -24.60502
v -0.012338 1.073854 -24.60502
v -0.012338 1.139567 -24.60502
v -0.012338 1.205279 -24.60502
v -0.012338 1.270992 -24.60502
v -0.012338 1.336704 -24.60502
v -0.012338 1.402416 -24.60502
v -0.012338 1.468129 -24.60502
v -0.012338 1.533841 -24.60502
v -0.012338 1.599553 -24.60502
v -0.012338 1.665266 -24.60502
v -0.012338 1.730978 -24.60502
v -0.012338 1.79669 -24.60502
v -0.012338 1.862403 -24.60502
v -0.012338 1.862403 -22.60502
v -0.012338 1.79669 -22.60502
v -0.012338 1.730978 -22.60502
v -0.012338 1.665266 -22.60502
v -0.012338 1.599553 -22.60502
v -0.012338 1.533841 -22.60502
v -0.012338 1.468129 -22.60502
v -0.012338 1.402416 -22.60502
v -0.012338 1.336704 -22.60502
v -0.012338 1.270991 -22.60502
v -0.012338 1.205279 -22.60502
v -0.012338 1.139567 -22.60502
v -0.012338 1.073854 -22.60502
v -0.012338 1.008142 -22.60502
v -0.012338 0.94243 -22.60502
v -0.012338 0.876717 -22.60502
v -0.012338 0.811005 -22.60502
v -0.012338 0.745293 -22.60502
v -0.030321 0.74498 -24.60502
v -0.030321 0.810692 -24.60502
v -0.030321 0.876404 -24.60502
v -0.030321 0.942117 -24.60502
v -0.030321 1.007829 -24.60502
v -0.030321 1.073541 -24.60502
v -0.030321 1.139254 -24.60502
v -0.030321 1.204966 -24.60502
v -0.030321 1.270678 -24.60502
v -0.030321 1.336391 -24.60502
v -0.030321 1.402103 -24.60502
v -0.030321 1.467816 -24.60502
v -0.030321 1.533528 -24.60502
v -0.030321 1.59924 -24.60502
v -0.030321 1.664953 -24.60502
v -0.030321 1.730665 -24.60502
v -0.030321 1.796377 -24.60502
v -0.030321 1.86209 -24.60502
v -0.030321 1.86209 -22.60502
v -0.030321 1.796377 -22.60502
v -0.030321 1.730665 -22.60502
v -0.030321 1.664953 -22.60502
v -0.030321 1.59924 -22.60502
v -0.030321 1.533528 -22.60502
v -0.030321 1.467815 -22.60502
v -0.030321 1.402103 -22.60502
v -0.030321 1.336391 -22.60502
v -0.030321 1.270678 -22.60502
v -0.030321 1.204966 -22.60502
v -0.030321 1.139254 -22.60502
v -0.030321 1.073541 -22.60502
v -0.030321 1.007829 -22.60502
v -0.030321 0.942117 -22.60502
v -0.030321 0.876404 -22.60502
v -0.030321 0.810692 -22.60502
v -0.030321 0.744979 -22.60502
v 0.075338 0.033432 -22.71028
v 0.075338 0.033432 -22.81554
v 0.075338 0.033432 -22.92081
v 0.075338 0.033432 -23.02607
v 0.075338 0.033432 -23.13133
v 0.075338 0.033432 -23.2366
v 0.075338 0.033432 -23.34186
v 0.075338 0.033432 -23.44712
v 0.075338 0.033432 -23.55239
v 0.075338 0.033432 -23.65765
v 0.075338 0.033432 -23.76291
v 0.075338 0.033432 -23.86818
v 0.075338 0.033432 -23.97344
v 0.075338 0.033432 -24.0787
v 0.075338 0.033432 -24.18396
v 0.075338 0.033432 -24.28923
v 0.075338 0.033432 -24.39449
v 0.075338 0.033432 -24.49975
v 0.075338 2.033432 -24.49975
v 0.075338 2.033432 -24.39449
v 0.075338 2.033432 -24.28923
v 0.075338 2.033432 -24.18396
v 0.075338 2.033432 -24.0787
v 0.075338 2.033432 -23.97344
v 0.075338 2.033432 -23.86818
v 0.075338 2.033432 -23.76291
v 0.075338 2.033432 -23.65765
v 0.075338 2.033432 -23.55239
v 0.075338 2.033432 -23.44712
v 0.075338 2.033432 -23.34186
v 0.075338 2.033432 -23.2366
v 0.075338 2.033432 -23.13133
v 0.075338 2.033432 -23.02607
v 0.075338 2.033432 -22.92081
v 0.075338 2.033432 -22.81554
v 0.075338 2.033432 -22.71028
v -0.012338 1.928115 -22.71028
v -0.012338 1.928115 -22.81554
v -0.012338 1.928115 -22.92081
v -0.012338 1.928115 -23.02607
v -0.012338 1.928115 -23.13133
v -0.012338 1.928115 -23.2366
v -0.012338 1.928115 -23.34186
v -0.012338 1.928115 -23.44712
v -0.012338 1.928115 -23.55239
v -0.012338 1.928115 -23.65765
v -0.012338 1.928115 -23.76291
v -0.012338 1.928115 -23.86818
v -0.012338 1.928115 -23.97344
v -0.012338 1.928115 -24.0787
v -0.012338 1.928115 -24.18396
v -0.012338 1.928115 -24.28923
v -0.012338 1.928115 -24.39449
v -0.012338 1.928115 -24.49975
v -0.012338 0.138641 -22.71028
v -0.012338 0.138641 -22.81554
v -0.012338 0.138641 -22.92081
v -0.012338 0.138641 -23.02607
v -0.012338 0.138641 -23.13133
v -0.012338 0.138641 -23.2366
v -0.012338 0.138641 -23.34186
v -0.012338 0.138641 -23.44712
v -0.012338 0.138641 -23.55239
v -0.012338 0.138641 -23.65765
v -0.012338 0.138641 -23.76291
v -0.012338 0.138641 -23.86818
v -0.012338 0.138641 -23.97344
v -0.012338 0.138641 -24.0787
v -0.012338 0.138641 -24.18396
v -0.012338 0.138641 -24.28923
v -0.012338 0.138641 -24.39449
v -0.012338 0.138642 -24.49975
v 0.075338 0.057214 -22.71028
v 0.075338 0.057214 -22.81554
v 0.075338 0.057214 -22.92081
v 0.075338 0.057214 -23.02607
v 0.075338 0.057214 -23.13133
v 0.075338 0.057214 -23.2366
v 0.075338 0.057214 -23.34186
v 0.075338 0.057214 -23.44712
v 0.075338 0.057214 -23.55239
v 0.075338 0.057214 -23.65765
v 0.075338 0.057214 -23.76291
v 0.075338 0.057214 -23.86818
v 0.075338 0.057214 -23.97344
v 0.075338 0.057214 -24.0787
v 0.075338 0.057214 -24.18396
v 0.075338 0.057214 -24.28923
v 0.075338 0.057214 -24.39449
v 0.075338 0.057214 -24.49975
v 0.075338 0.067392 -24.49975
v 0.075338 0.067392 -24.39449
v 0.075338 0.067392 -24.28923
v 0.075338 0.067392 -24.18396
v 0.075338 0.067392 -24.0787
v 0.075338 0.067392 -23.97344
v 0.075338 0.067392 -23.86818
v 0.075338 0.067392 -23.76291
v 0.075338 0.067392 -23.65765
v 0.075338 0.067392 -23.55239
v 0.075338 0.067392 -23.44712
v 0.075338 0.067392 -23.34186
v 0.075338 0.067392 -23.2366
v 0.075338 0.067392 -23.13133
v 0.075338 0.067392 -23.02607
v 0.075338 0.067392 -22.92081
v 0.075338 0.067392 -22.81554
v 0.075338 0.067392 -22.71028
v 0.068824 0.070242 -24.49975
v 0.068824 0.070242 -24.39449
v 0.068824 0.070242 -24.28923
v 0.068824 0.070242 -24.18396
v 0.068824 0.070242 -24.0787
v 0.068824 0.070242 -23.97344
v 0.068824 0.070242 -23.86818
v 0.068824 0.070242 -23.76291
v 0.068824 0.070242 -23.65765
v 0.068824 0.070242 -23.55239
v 0.068824 0.070242 -23.44712
v 0.068824 0.070242 -23.34186
v 0.068824 0.070242 -23.2366
v 0.068824 0.070242 -23.13133
v 0.068824 0.070242 -23.02607
v 0.068824 0.070242 -22.92081
v 0.068824 0.070242 -22.81554
v 0.068824 0.070242 -22.71028
v 0.065159 0.077571 -24.49975
v 0.065159 0.077571 -24.39449
v 0.065159 0.077571 -24.28923
v 0.065159 0.077571 -24.18396
v 0.065159 0.077571 -24.0787
v 0.065159 0.077571 -23.97344
v 0.065159 0.077571 -23.86818
v 0.065159 0.077571 -23.76291
v 0.065159 0.077571 -23.65765
v 0.065159 0.077571 -23.55239
v 0.065159 0.077571 -23.44712
v 0.065159 0.077571 -23.34186
v 0.065159 0.077571 -23.2366
v 0.065159 0.077571 -23.13133
v 0.065159 0.077571 -23.02607
v 0.065159 0.077571 -22.92081
v 0.065159 0.077571 -22.81554
v 0.065159 0.077571 -22.71028
v 0.059052 0.077571 -24.49975
v 0.059052 0.077571 -24.39449
v 0.059052 0.077571 -24.28923
v 0.059052 0.077571 -24.18396
v 0.059052 0.077571 -24.0787
v 0.059052 0.077571 -23.97344
v 0.059052 0.077571 -23.86818
v 0.059052 0.077571 -23.76291
v 0.059052 0.077571 -23.65765
v 0.059052 0.077571 -23.55239
v 0.059052 0.077571 -23.44712
v 0.059052 0.077571 -23.34186
v 0.059052 0.077571 -23.2366
v 0.059052 0.077571 -23.13133
v 0.059052 0.077571 -23.02607
v 0.059052 0.077571 -22.92081
v 0.059052 0.077571 -22.81554
v 0.059052 0.077571 -22.71028
v 0.053597 0.092472 -24.49975
v 0.053597 0.092472 -24.39449
v 0.053597 0.092472 -24.28923
v 0.053597 0.092472 -24.18396
v 0.053597 0.092472 -24.0787
v 0.053597 0.092472 -23.97344
v 0.053597 0.092472 -23.86818
v 0.053597 0.092472 -23.76291
v 0.053597 0.092472 -23.65765
v 0.053597 0.092472 -23.55239
v 0.053597 0.092472 -23.44712
v 0.053597 0.092472 -23.34186
v 0.053597 0.092472 -23.2366
v 0.053597 0.092472 -23.13133
v 0.053597 0.092472 -23.02607
v 0.053597 0.092472 -22.92081
v 0.053597 0.092472 -22.81554
v 0.053597 0.092472 -22.71028
v 0.041301 0.099719 -24.49975
v 0.041301 0.099719 -24.39449
v 0.041301 0.099719 -24.28923
v 0.041301 0.099719 -24.18396
v 0.041301 0.099719 -24.0787
v 0.041301 0.099719 -23.97344
v 0.041301 0.099719 -23.86818
v 0.041301 0.099719 -23.76291
v 0.041301 0.099719 -23.65765
v 0.041301 0.099719 -23.55239
v 0.041301 0.099719 -23.44712
v 0.041301 0.099719 -23.34186
v 0.041301 0.099719 -23.2366
v 0.041301 0.099719 -23.13133
v 0.041301 0.099719 -23.02607
v 0.041301 0.099719 -22.92081
v 0.041301 0.099719 -22.81554
v 0.041301 0.099719 -22.71028
v 0.026481 0.10607 -24.49975
v 0.026481 0.10607 -24.39449
v 0.026481 0.10607 -24.28923
v 0.026481 0.10607 -24.18396
v 0.026481 0.10607 -24.0787
v 0.026481 0.10607 -23.97344
v 0.026481 0.10607 -23.86818
v 0.026481 0.10607 -23.76291
v 0.026481 0.10607 -23.65765
v 0.026481 0.10607 -23.55239
v 0.026481 0.10607 -23.44712
v 0.026481 0.10607 -23.34186
v 0.026481 0.10607 -23.2366
v 0.026481 0.10607 -23.13133
v 0.026481 0.10607 -23.02607
v 0.026481 0.10607 -22.92081
v 0.026481 0.10607 -22.81554
v 0.026481 0.106071 -22.71028
v 0.017443 0.116412 -24.49975
v 0.017443 0.116412 -24.39449
v 0.017443 0.116412 -24.28923
v 0.017443 0.116412 -24.18396
v 0.017443 0.116412 -24.0787
v 0.017443 0.116412 -23.97344
v 0.017443 0.116412 -23.86818
v 0.017443 0.116412 -23.76291
v 0.017443 0.116412 -23.65765
v 0.017443 0.116412 -23.55239
v 0.017443 0.116412 -23.44712
v 0.017443 0.116412 -23.34186
v 0.017443 0.116412 -23.2366
v 0.017443 0.116412 -23.13133
v 0.017443 0.116412 -23.02607
v 0.017443 0.116412 -22.92081
v 0.017443 0.116412 -22.81554
v 0.017443 0.116412 -22.71028
v 0.014267 0.132534 -24.49975
v 0.014267 0.132534 -24.39449
v 0.014267 0.132534 -24.28923
v 0.014267 0.132534 -24.18396
v 0.014267 0.132534 -24.0787
v 0.014267 0.132534 -23.97344
v 0.014267 0.132534 -23.86818
v 0.014267 0.132534 -23.76291
v 0.014267 0.132534 -23.65765
v 0.014267 0.132534 -23.55239
v 0.014267 0.132534 -23.44712
v 0.014267 0.132534 -23.34186
v 0.014267 0.132534 -23.2366
v 0.014267 0.132534 -23.13133
v 0.014267 0.132534 -23.02607
v 0.014267 0.132534 -22.92081
v 0.014267 0.132534 -22.81554
v 0.014267 0.132535 -22.71028
v 0.00816 0.132534 -24.49975
v 0.00816 0.132534 -24.39449
v 0.00816 0.132534 -24.28923
v 0.00816 0.132534 -24.18396
v 0.00816 0.132534 -24.0787
v 0.00816 0.132534 -23.97344
v 0.00816 0.132534 -23.86818
v 0.00816 0.132534 -23.76291
v 0.00816 0.132534 -23.65765
v 0.00816 0.132534 -23.55239
v 0.00816 0.132534 -23.44712
v 0.00816 0.132534 -23.34186
v 0.00816 0.132534 -23.2366
v 0.00816 0.132534 -23.13133
v 0.00816 0.132534 -23.02607
v 0.00816 0.132534 -22.92081
v 0.00816 0.132534 -22.81554
v 0.00816 0.132535 -22.71028
v 0.00816 0.138641 -24.49975
v 0.00816 0.138641 -24.39449
v 0.00816 0.138641 -24.28923
v 0.00816 0.138641 -24.18396
v 0.00816 0.138641 -24.0787
v 0.00816 0.138641 -23.97344
v 0.00816 0.138641 -23.86818
v 0.00816 0.138641 -23.76291
v 0.00816 0.138641 -23.65765
v 0.00816 0.138641 -23.55239
v 0.00816 0.138641 -23.44712
v 0.00816 0.138641 -23.34186
v 0.00816 0.138641 -23.2366
v 0.00816 0.138641 -23.13133
v 0.00816 0.138641 -23.02607
v 0.00816 0.138641 -22.92081
v 0.00816 0.138641 -22.81554
v 0.00816 0.138642 -22.71028
v -0.00609 0.138642 -24.49975
v -0.00609 0.138642 -24.39449
v -0.00609 0.138642 -24.28923
v -0.00609 0.138642 -24.18396
v -0.00609 0.138642 -24.0787
v -0.00609 0.138642 -23.97344
v -0.00609 0.138642 -23.86818
v -0.00609 0.138642 -23.76291
v -0.00609 0.138642 -23.65765
v -0.00609 0.138642 -23.55239
v -0.00609 0.138642 -23.44712
v -0.00609 0.138642 -23.34186
v -0.00609 0.138642 -23.2366
v -0.00609 0.138642 -23.13133
v -0.00609 0.138642 -23.02607
v -0.00609 0.138642 -22.92081
v -0.00609 0.138642 -22.81554
v -0.00609 0.138642 -22.71028
v -0.00609 1.928115 -22.71028
v -0.00609 1.928115 -22.81554
v -0.00609 1.928115 -22.92081
v -0.00609 1.928115 -23.02607
v -0.00609 1.928115 -23.13133
v -0.00609 1.928115 -23.2366
v -0.00609 1.928115 -23.34186
v -0.00609 1.928115 -23.44712
v -0.00609 1.928115 -23.55239
v -0.00609 1.928115 -23.65765
v -0.00609 1.928115 -23.76291
v -0.00609 1.928115 -23.86818
v -0.00609 1.928115 -23.97344
v -0.00609 1.928115 -24.0787
v -0.00609 1.928115 -24.18396
v -0.00609 1.928115 -24.28923
v -0.00609 1.928115 -24.39449
v -0.00609 1.928115 -24.49975
v 0.004089 1.928115 -24.49975
v 0.004089 1.928115 -24.39449
v 0.004089 1.928115 -24.28923
v 0.004089 1.928115 -24.18396
v 0.004089 1.928115 -24.0787
v 0.004089 1.928115 -23.97344
v 0.004089 1.928115 -23.86818
v 0.004089 1.928115 -23.76291
v 0.004089 1.928115 -23.65765
v 0.004089 1.928115 -23.55239
v 0.004089 1.928115 -23.44712
v 0.004089 1.928115 -23.34186
v 0.004089 1.928115 -23.2366
v 0.004089 1.928115 -23.13133
v 0.004089 1.928115 -23.02607
v 0.004089 1.928115 -22.92081
v 0.004089 1.928115 -22.81554
v 0.004089 1.928115 -22.71028
v 0.006939 1.934629 -24.49975
v 0.006939 1.934629 -24.39449
v 0.006939 1.934629 -24.28923
v 0.006939 1.934629 -24.18396
v 0.006939 1.934629 -24.0787
v 0.006939 1.934629 -23.97344
v 0.006939 1.934629 -23.86818
v 0.006939 1.934629 -23.76291
v 0.006939 1.934629 -23.65765
v 0.006939 1.934629 -23.55239
v 0.006939 1.934629 -23.44712
v 0.006939 1.934629 -23.34186
v 0.006939 1.934629 -23.2366
v 0.006939 1.934629 -23.13133
v 0.006939 1.934629 -23.02607
v 0.006939 1.934629 -22.92081
v 0.006939 1.934629 -22.81554
v 0.006939 1.934629 -22.71028
v 0.014267 1.938294 -24.49975
v 0.014267 1.938294 -24.39449
v 0.014267 1.938294 -24.28923
v 0.014267 1.938294 -24.18396
v 0.014267 1.938294 -24.0787
v 0.014267 1.938294 -23.97344
v 0.014267 1.938294 -23.86818
v 0.014267 1.938294 -23.76291
v 0.014267 1.938294 -23.65765
v 0.014267 1.938294 -23.55239
v 0.014267 1.938294 -23.44712
v 0.014267 1.938294 -23.34186
v 0.014267 1.938294 -23.2366
v 0.014267 1.938293 -23.13133
v 0.014267 1.938293 -23.02607
v 0.014267 1.938293 -22.92081
v 0.014267 1.938293 -22.81554
v 0.014267 1.938293 -22.71028
v 0.014267 1.944401 -24.49975
v 0.014267 1.944401 -24.39449
v 0.014267 1.944401 -24.28923
v 0.014267 1.944401 -24.18396
v 0.014267 1.944401 -24.0787
v 0.014267 1.944401 -23.97344
v 0.014267 1.944401 -23.86818
v 0.014267 1.944401 -23.76291
v 0.014267 1.944401 -23.65765
v 0.014267 1.944401 -23.55239
v 0.014267 1.944401 -23.44712
v 0.014267 1.944401 -23.34186
v 0.014267 1.944401 -23.2366
v 0.014267 1.944401 -23.13133
v 0.014267 1.944401 -23.02607
v 0.014267 1.944401 -22.92081
v 0.014267 1.944401 -22.81554
v 0.014267 1.944401 -22.71028
v 0.029168 1.949856 -24.49975
v 0.029168 1.949856 -24.39449
v 0.029168 1.949856 -24.28923
v 0.029168 1.949856 -24.18396
v 0.029168 1.949856 -24.0787
v 0.029168 1.949856 -23.97344
v 0.029168 1.949856 -23.86818
v 0.029168 1.949856 -23.76291
v 0.029168 1.949856 -23.65765
v 0.029168 1.949856 -23.55239
v 0.029168 1.949856 -23.44712
v 0.029168 1.949856 -23.34186
v 0.029168 1.949856 -23.2366
v 0.029168 1.949856 -23.13133
v 0.029168 1.949856 -23.02607
v 0.029168 1.949856 -22.92081
v 0.029168 1.949856 -22.81554
v 0.029168 1.949856 -22.71028
v 0.036415 1.962152 -24.49975
v 0.036415 1.962152 -24.39449
v 0.036415 1.962152 -24.28923
v 0.036415 1.962152 -24.18396
v 0.036415 1.962152 -24.0787
v 0.036415 1.962152 -23.97344
v 0.036415 1.962152 -23.86818
v 0.036415 1.962152 -23.76291
v 0.036415 1.962152 -23.65765
v 0.036415 1.962152 -23.55239
v 0.036415 1.962152 -23.44712
v 0.036415 1.962152 -23.34186
v 0.036415 1.962152 -23.2366
v 0.036415 1.962152 -23.13133
v 0.036415 1.962152 -23.02607
v 0.036415 1.962152 -22.92081
v 0.036415 1.962152 -22.81554
v 0.036415 1.962152 -22.71028
v 0.042767 1.976972 -24.49975
v 0.042767 1.976972 -24.39449
v 0.042767 1.976972 -24.28923
v 0.042767 1.976972 -24.18396
v 0.042767 1.976972 -24.0787
v 0.042767 1.976972 -23.97344
v 0.042767 1.976972 -23.86818
v 0.042767 1.976972 -23.76291
v 0.042767 1.976972 -23.65765
v 0.042767 1.976972 -23.55239
v 0.042767 1.976972 -23.44712
v 0.042767 1.976972 -23.34186
v 0.042767 1.976972 -23.2366
v 0.042767 1.976972 -23.13133
v 0.042767 1.976972 -23.02607
v 0.042767 1.976972 -22.92081
v 0.042767 1.976972 -22.81554
v 0.042767 1.976972 -22.71028
v 0.053108 1.98601 -24.49975
v 0.053108 1.98601 -24.39449
v 0.053108 1.98601 -24.28923
v 0.053108 1.98601 -24.18396
v 0.053108 1.98601 -24.0787
v 0.053108 1.98601 -23.97344
v 0.053108 1.98601 -23.86818
v 0.053108 1.98601 -23.76291
v 0.053108 1.98601 -23.65765
v 0.053108 1.98601 -23.55239
v 0.053108 1.98601 -23.44712
v 0.053108 1.98601 -23.34186
v 0.053108 1.98601 -23.2366
v 0.053108 1.98601 -23.13133
v 0.053108 1.98601 -23.02607
v 0.053108 1.98601 -22.92081
v 0.053108 1.98601 -22.81554
v 0.053108 1.98601 -22.71028
v 0.069231 1.989186 -24.49975
v 0.069231 1.989186 -24.39449
v 0.069231 1.989186 -24.28923
v 0.069231 1.989186 -24.18396
v 0.069231 1.989186 -24.0787
v 0.069231 1.989186 -23.97344
v 0.069231 1.989186 -23.86818
v 0.069231 1.989186 -23.76291
v 0.069231 1.989186 -23.65765
v 0.069231 1.989186 -23.55239
v 0.069231 1.989186 -23.44712
v 0.069231 1.989186 -23.34186
v 0.069231 1.989186 -23.2366
v 0.069231 1.989186 -23.13133
v 0.069231 1.989186 -23.02607
v 0.069231 1.989186 -22.92081
v 0.069231 1.989186 -22.81554
v 0.069231 1.989186 -22.71028
v 0.069231 1.995293 -24.49975
v 0.069231 1.995293 -24.39449
v 0.069231 1.995293 -24.28923
v 0.069231 1.995293 -24.18396
v 0.069231 1.995293 -24.0787
v 0.069231 1.995293 -23.97344
v 0.069231 1.995293 -23.86818
v 0.069231 1.995293 -23.76291
v 0.069231 1.995293 -23.65765
v 0.069231 1.995293 -23.55239
v 0.069231 1.995293 -23.44712
v 0.069231 1.995293 -23.34186
v 0.069231 1.995293 -23.2366
v 0.069231 1.995293 -23.13133
v 0.069231 1.995293 -23.02607
v 0.069231 1.995293 -22.92081
v 0.069231 1.995293 -22.81554
v 0.069231 1.995293 -22.71028
v 0.075338 1.995293 -24.49975
v 0.075338 1.995293 -24.39449
v 0.075338 1.995293 -24.28923
v 0.075338 1.995293 -24.18396
v 0.075338 1.995293 -24.0787
v 0.075338 1.995293 -23.97344
v 0.075338 1.995293 -23.86818
v 0.075338 1.995293 -23.76291
v 0.075338 1.995293 -23.65765
v 0.075338 1.995293 -23.55239
v 0.075338 1.995293 -23.44712
v 0.075338 1.995293 -23.34186
v 0.075338 1.995293 -23.2366
v 0.075338 1.995293 -23.13133
v 0.075338 1.995293 -23.02607
v 0.075338 1.995293 -22.92081
v 0.075338 1.995293 -22.81554
v 0.075338 1.995293 -22.71028
v 0.075338 2.009543 -24.49975
v 0.075338 2.009543 -24.39449
v 0.075338 2.009543 -24.28923
v 0.075338 2.009543 -24.18396
v 0.075338 2.009543 -24.0787
v 0.075338 2.009543 -23.97344
v 0.075338 2.009543 -23.86818
v 0.075338 2.009543 -23.76291
v 0.075338 2.009543 -23.65765
v 0.075338 2.009543 -23.55239
v 0.075338 2.009543 -23.44712
v 0.075338 2.009543 -23.34186
v 0.075338 2.009543 -23.2366
v 0.075338 2.009543 -23.13133
v 0.075338 2.009543 -23.02607
v 0.075338 2.009543 -22.92081
v 0.075338 2.009543 -22.81554
v 0.075338 2.009543 -22.71028
v -0.012338 0.67958 -22.71028
v -0.012338 0.67958 -22.81554
v -0.012338 0.67958 -22.92081
v -0.012338 0.67958 -23.02607
v -0.012338 0.67958 -23.13133
v -0.012338 0.67958 -23.2366
v -0.012338 0.67958 -23.34186
v -0.012338 0.67958 -23.44712
v -0.012338 0.67958 -23.55239
v -0.012338 0.67958 -23.65765
v -0.012338 0.67958 -23.76291
v -0.012338 0.67958 -23.86818
v -0.012338 0.67958 -23.97344
v -0.012338 0.67958 -24.0787
v -0.012338 0.67958 -24.18396
v -0.012338 0.67958 -24.28923
v -0.012338 0.67958 -24.39449
v -0.012338 0.67958 -24.49975
v -0.012338 0.595668 -22.71028
v -0.012338 0.595668 -22.81554
v -0.012338 0.595668 -22.92081
v -0.012338 0.595668 -23.02607
v -0.012338 0.595668 -23.13133
v -0.012338 0.595668 -23.2366
v -0.012338 0.595668 -23.34186
v -0.012338 0.595668 -23.44712
v -0.012338 0.595668 -23.55239
v -0.012338 0.595668 -23.65765
v -0.012338 0.595668 -23.76291
v -0.012338 0.595668 -23.86818
v -0.012338 0.595668 -23.97344
v -0.012338 0.595668 -24.0787
v -0.012338 0.595668 -24.18396
v -0.012338 0.595668 -24.28923
v -0.012338 0.595668 -24.39449
v -0.012338 0.595668 -24.49975
v 0.038147 0.666214 -22.72224
v 0.038147 0.666214 -22.8261
v 0.038147 0.666214 -22.92995
v 0.038147 0.666214 -23.03381
v 0.038147 0.666214 -23.13766
v 0.038147 0.666214 -23.24152
v 0.038147 0.666214 -23.34538
v 0.038147 0.666214 -23.44923
v 0.038147 0.666214 -23.55309
v 0.038147 0.666214 -23.65695
v 0.038147 0.666214 -23.7608
v 0.038147 0.666214 -23.86466
v 0.038147 0.666214 -23.96851
v 0.038147 0.666214 -24.07237
v 0.038147 0.666214 -24.17623
v 0.038147 0.666214 -24.28008
v 0.038147 0.666215 -24.38394
v 0.038147 0.666215 -24.48779
v 0.036356 0.672897 -24.49378
v 0.036356 0.672897 -24.38921
v 0.036356 0.672897 -24.28466
v 0.036356 0.672897 -24.1801
v 0.036356 0.672897 -24.07554
v 0.036356 0.672897 -23.97098
v 0.036356 0.672897 -23.86642
v 0.036356 0.672897 -23.76186
v 0.036356 0.672897 -23.6573
v 0.036356 0.672897 -23.55274
v 0.036356 0.672897 -23.44818
v 0.036356 0.672897 -23.34362
v 0.036356 0.672897 -23.23906
v 0.036356 0.672897 -23.1345
v 0.036356 0.672897 -23.02994
v 0.036356 0.672897 -22.92538
v 0.036356 0.672897 -22.82082
v 0.036356 0.672897 -22.71626
v 0.031464 0.67779 -24.49815
v 0.031464 0.67779 -24.39308
v 0.031464 0.67779 -24.288
v 0.031464 0.67779 -24.18293
v 0.031464 0.67779 -24.07785
v 0.031464 0.67779 -23.97278
v 0.031464 0.67779 -23.8677
v 0.031464 0.67779 -23.76263
v 0.031464 0.67779 -23.65756
v 0.031464 0.67779 -23.55248
v 0.031464 0.67779 -23.4474
v 0.031464 0.67779 -23.34233
v 0.031464 0.67779 -23.23726
v 0.031464 0.67779 -23.13218
v 0.031464 0.67779 -23.02711
v 0.031464 0.67779 -22.92203
v 0.031464 0.67779 -22.81696
v 0.031464 0.677789 -22.71188
v 0.024781 0.67958 -24.49975
v 0.024781 0.67958 -24.39449
v 0.024781 0.67958 -24.28923
v 0.024781 0.67958 -24.18396
v 0.024781 0.67958 -24.0787
v 0.024781 0.67958 -23.97344
v 0.024781 0.67958 -23.86818
v 0.024781 0.67958 -23.76291
v 0.024781 0.67958 -23.65765
v 0.024781 0.67958 -23.55239
v 0.024781 0.67958 -23.44712
v 0.024781 0.67958 -23.34186
v 0.024781 0.67958 -23.2366
v 0.024781 0.67958 -23.13133
v 0.024781 0.67958 -23.02607
v 0.024781 0.67958 -22.92081
v 0.024781 0.67958 -22.81554
v 0.024781 0.67958 -22.71028
v 0.024781 0.595668 -22.71028
v 0.024781 0.595668 -22.81554
v 0.024781 0.595668 -22.92081
v 0.024781 0.595668 -23.02607
v 0.024781 0.595668 -23.13133
v 0.024781 0.595668 -23.2366
v 0.024781 0.595668 -23.34186
v 0.024781 0.595668 -23.44712
v 0.024781 0.595668 -23.55239
v 0.024781 0.595668 -23.65765
v 0.024781 0.595668 -23.76291
v 0.024781 0.595668 -23.86818
v 0.024781 0.595668 -23.97344
v 0.024781 0.595668 -24.0787
v 0.024781 0.595668 -24.18396
v 0.024781 0.595668 -24.28923
v 0.024781 0.595668 -24.39449
v 0.024781 0.595668 -24.49975
v 0.031464 0.597459 -24.49815
v 0.031464 0.597459 -24.39308
v 0.031464 0.597459 -24.288
v 0.031464 0.597459 -24.18293
v 0.031464 0.597459 -24.07785
v 0.031464 0.597459 -23.97278
v 0.031464 0.597459 -23.8677
v 0.031464 0.597459 -23.76263
v 0.031464 0.597459 -23.65756
v 0.031464 0.597459 -23.55248
v 0.031464 0.597459 -23.4474
v 0.031464 0.597459 -23.34233
v 0.031464 0.597459 -23.23726
v 0.031464 0.597459 -23.13218
v 0.031464 0.597459 -23.02711
v 0.031464 0.597459 -22.92203
v 0.031464 0.597459 -22.81696
v 0.031464 0.597459 -22.71188
v 0.036356 0.602351 -24.49378
v 0.036356 0.602351 -24.38921
v 0.036356 0.602351 -24.28466
v 0.036356 0.602351 -24.1801
v 0.036356 0.602351 -24.07554
v 0.036356 0.602351 -23.97098
v 0.036356 0.602351 -23.86642
v 0.036356 0.602351 -23.76186
v 0.036356 0.602351 -23.6573
v 0.036356 0.602351 -23.55274
v 0.036356 0.602351 -23.44818
v 0.036356 0.602351 -23.34362
v 0.036356 0.602351 -23.23906
v 0.036356 0.602351 -23.1345
v 0.036356 0.602351 -23.02994
v 0.036356 0.602351 -22.92538
v 0.036356 0.602351 -22.82082
v 0.036356 0.602351 -22.71626
v 0.038147 0.609034 -24.48779
v 0.038147 0.609034 -24.38394
v 0.038147 0.609034 -24.28008
v 0.038147 0.609034 -24.17623
v 0.038147 0.609034 -24.07237
v 0.038147 0.609034 -23.96851
v 0.038147 0.609034 -23.86466
v 0.038147 0.609034 -23.7608
v 0.038147 0.609034 -23.65695
v 0.038147 0.609034 -23.55309
v 0.038147 0.609034 -23.44923
v 0.038147 0.609034 -23.34538
v 0.038147 0.609034 -23.24152
v 0.038147 0.609034 -23.13766
v 0.038147 0.609034 -23.03381
v 0.038147 0.609034 -22.92995
v 0.038147 0.609034 -22.8261
v 0.038147 0.609034 -22.72224
v 0.057354 0.033119 -22.71028
v 0.057354 0.033119 -22.81554
v 0.057354 0.033119 -22.92081
v 0.057354 0.033119 -23.02607
v 0.057354 0.033119 -23.13133
v 0.057354 0.033119 -23.2366
v 0.057354 0.033119 -23.34186
v 0.057354 0.033119 -23.44712
v 0.057354 0.033119 -23.55239
v 0.057354 0.033119 -23.65765
v 0.057354 0.033119 -23.76291
v 0.057354 0.033119 -23.86818
v 0.057354 0.033119 -23.97344
v 0.057354 0.033119 -24.0787
v 0.057354 0.033119 -24.18396
v 0.057354 0.033119 -24.28923
v 0.057354 0.033119 -24.39449
v 0.057354 0.033119 -24.49975
v 0.057354 2.033119 -24.49975
v 0.057354 2.033119 -24.39449
v 0.057354 2.033119 -24.28923
v 0.057354 2.033119 -24.18396
v 0.057354 2.033119 -24.0787
v 0.057354 2.033119 -23.97344
v 0.057354 2.033119 -23.86818
v 0.057354 2.033119 -23.76291
v 0.057354 2.033119 -23.65765
v 0.057354 2.033119 -23.55239
v 0.057354 2.033119 -23.44712
v 0.057354 2.033119 -23.34186
v 0.057354 2.033119 -23.2366
v 0.057354 2.033119 -23.13133
v 0.057354 2.033119 -23.02607
v 0.057354 2.033119 -22.92081
v 0.057354 2.033119 -22.81554
v 0.057354 2.033119 -22.71028
v -0.030321 1.927802 -22.71028
v -0.030321 1.927802 -22.81554
v -0.030321 1.927802 -22.92081
v -0.030321 1.927802 -23.02607
v -0.030321 1.927802 -23.13133
v -0.030321 1.927802 -23.2366
v -0.030321 1.927802 -23.34186
v -0.030321 1.927802 -23.44712
v -0.030321 1.927802 -23.55239
v -0.030321 1.927802 -23.65765
v -0.030321 1.927802 -23.76291
v -0.030321 1.927802 -23.86818
v -0.030321 1.927802 -23.97344
v -0.030321 1.927802 -24.0787
v -0.030321 1.927802 -24.18396
v -0.030321 1.927802 -24.28923
v -0.030321 1.927802 -24.39449
v -0.030321 1.927802 -24.49975
v -0.030322 0.138328 -22.71028
v -0.030322 0.138328 -22.81554
v -0.030322 0.138328 -22.92081
v -0.030322 0.138328 -23.02607
v -0.030322 0.138328 -23.13133
v -0.030322 0.138328 -23.2366
v -0.030322 0.138328 -23.34186
v -0.030322 0.138328 -23.44712
v -0.030322 0.138328 -23.55239
v -0.030322 0.138328 -23.65765
v -0.030322 0.138328 -23.76291
v -0.030322 0.138328 -23.86818
v -0.030322 0.138328 -23.97344
v -0.030322 0.138328 -24.0787
v -0.030322 0.138328 -24.18396
v -0.030322 0.138328 -24.28923
v -0.030322 0.138328 -24.39449
v -0.030322 0.138328 -24.49975
v 0.057354 0.056901 -22.71028
v 0.057354 0.056901 -22.81554
v 0.057354 0.056901 -22.92081
v 0.057354 0.056901 -23.02607
v 0.057354 0.056901 -23.13133
v 0.057354 0.056901 -23.2366
v 0.057354 0.056901 -23.34186
v 0.057354 0.056901 -23.44712
v 0.057354 0.056901 -23.55239
v 0.057354 0.056901 -23.65765
v 0.057354 0.056901 -23.76291
v 0.057354 0.056901 -23.86818
v 0.057354 0.056901 -23.97344
v 0.057354 0.056901 -24.0787
v 0.057354 0.056901 -24.18396
v 0.057354 0.056901 -24.28923
v 0.057354 0.056901 -24.39449
v 0.057354 0.056901 -24.49975
v 0.057354 0.067079 -24.49975
v 0.057354 0.067079 -24.39449
v 0.057354 0.067079 -24.28923
v 0.057354 0.067079 -24.18396
v 0.057354 0.067079 -24.0787
v 0.057354 0.067079 -23.97344
v 0.057354 0.067079 -23.86818
v 0.057354 0.067079 -23.76291
v 0.057354 0.067079 -23.65765
v 0.057354 0.067079 -23.55239
v 0.057354 0.067079 -23.44712
v 0.057354 0.067079 -23.34186
v 0.057354 0.067079 -23.2366
v 0.057354 0.067079 -23.13133
v 0.057354 0.067079 -23.02607
v 0.057354 0.067079 -22.92081
v 0.057354 0.067079 -22.81554
v 0.057354 0.067079 -22.71028
v 0.05084 0.069929 -24.49975
v 0.05084 0.069929 -24.39449
v 0.05084 0.069929 -24.28923
v 0.05084 0.069929 -24.18396
v 0.05084 0.069929 -24.0787
v 0.05084 0.069929 -23.97344
v 0.05084 0.069929 -23.86818
v 0.05084 0.069929 -23.76291
v 0.05084 0.069929 -23.65765
v 0.05084 0.069929 -23.55239
v 0.05084 0.069929 -23.44712
v 0.05084 0.069929 -23.34186
v 0.05084 0.069929 -23.2366
v 0.05084 0.069929 -23.13133
v 0.05084 0.069929 -23.02607
v 0.05084 0.069929 -22.92081
v 0.05084 0.069929 -22.81554
v 0.05084 0.069929 -22.71028
v 0.047176 0.077258 -24.49975
v 0.047176 0.077258 -24.39449
v 0.047176 0.077258 -24.28923
v 0.047176 0.077258 -24.18396
v 0.047176 0.077258 -24.0787
v 0.047176 0.077258 -23.97344
v 0.047176 0.077258 -23.86818
v 0.047176 0.077258 -23.76291
v 0.047176 0.077258 -23.65765
v 0.047176 0.077258 -23.55239
v 0.047176 0.077258 -23.44712
v 0.047176 0.077258 -23.34186
v 0.047176 0.077258 -23.2366
v 0.047176 0.077258 -23.13133
v 0.047176 0.077258 -23.02607
v 0.047176 0.077258 -22.92081
v 0.047176 0.077258 -22.81554
v 0.047176 0.077258 -22.71028
v 0.041069 0.077258 -24.49975
v 0.041069 0.077258 -24.39449
v 0.041069 0.077258 -24.28923
v 0.041069 0.077258 -24.18396
v 0.041069 0.077258 -24.0787
v 0.041069 0.077258 -23.97344
v 0.041069 0.077258 -23.86818
v 0.041069 0.077258 -23.76291
v 0.041069 0.077258 -23.65765
v 0.041069 0.077258 -23.55239
v 0.041069 0.077258 -23.44712
v 0.041069 0.077258 -23.34186
v 0.041069 0.077258 -23.2366
v 0.041069 0.077258 -23.13133
v 0.041069 0.077258 -23.02607
v 0.041069 0.077258 -22.92081
v 0.041069 0.077258 -22.81554
v 0.041069 0.077258 -22.71028
v 0.035613 0.092159 -24.49975
v 0.035613 0.092159 -24.39449
v 0.035613 0.092159 -24.28923
v 0.035613 0.092159 -24.18396
v 0.035613 0.092159 -24.0787
v 0.035613 0.092159 -23.97344
v 0.035613 0.092159 -23.86818
v 0.035613 0.092159 -23.76291
v 0.035613 0.092159 -23.65765
v 0.035613 0.092159 -23.55239
v 0.035613 0.092159 -23.44712
v 0.035613 0.092159 -23.34186
v 0.035613 0.092159 -23.2366
v 0.035613 0.092159 -23.13133
v 0.035613 0.092159 -23.02607
v 0.035613 0.092159 -22.92081
v 0.035613 0.092159 -22.81554
v 0.035613 0.092159 -22.71028
v 0.023318 0.099406 -24.49975
v 0.023318 0.099406 -24.39449
v 0.023318 0.099406 -24.28923
v 0.023318 0.099406 -24.18396
v 0.023318 0.099406 -24.0787
v 0.023318 0.099406 -23.97344
v 0.023318 0.099406 -23.86818
v 0.023318 0.099406 -23.76291
v 0.023318 0.099406 -23.65765
v 0.023318 0.099406 -23.55239
v 0.023318 0.099406 -23.44712
v 0.023318 0.099406 -23.34186
v 0.023318 0.099406 -23.2366
v 0.023318 0.099406 -23.13133
v 0.023318 0.099406 -23.02607
v 0.023318 0.099406 -22.92081
v 0.023318 0.099406 -22.81554
v 0.023318 0.099406 -22.71028
v 0.008498 0.105757 -24.49975
v 0.008498 0.105757 -24.39449
v 0.008498 0.105757 -24.28923
v 0.008498 0.105757 -24.18396
v 0.008498 0.105757 -24.0787
v 0.008498 0.105757 -23.97344
v 0.008498 0.105757 -23.86818
v 0.008498 0.105757 -23.76291
v 0.008498 0.105757 -23.65765
v 0.008498 0.105757 -23.55239
v 0.008498 0.105757 -23.44712
v 0.008498 0.105757 -23.34186
v 0.008498 0.105757 -23.2366
v 0.008498 0.105757 -23.13133
v 0.008498 0.105757 -23.02607
v 0.008498 0.105757 -22.92081
v 0.008498 0.105757 -22.81554
v 0.008498 0.105757 -22.71028
v -0.000541 0.116099 -24.49975
v -0.000541 0.116099 -24.39449
v -0.000541 0.116099 -24.28923
v -0.000541 0.116099 -24.18396
v -0.000541 0.116099 -24.0787
v -0.000541 0.116099 -23.97344
v -0.000541 0.116099 -23.86818
v -0.000541 0.116099 -23.76291
v -0.000541 0.116099 -23.65765
v -0.000541 0.116099 -23.55239
v -0.000541 0.116099 -23.44712
v -0.000541 0.116099 -23.34186
v -0.000541 0.116099 -23.2366
v -0.000541 0.116099 -23.13133
v -0.000541 0.116099 -23.02607
v -0.000541 0.116099 -22.92081
v -0.000541 0.116099 -22.81554
v -0.000541 0.116099 -22.71028
v -0.003716 0.132221 -24.49975
v -0.003716 0.132221 -24.39449
v -0.003716 0.132221 -24.28923
v -0.003716 0.132221 -24.18396
v -0.003716 0.132221 -24.0787
v -0.003716 0.132221 -23.97344
v -0.003716 0.132221 -23.86818
v -0.003716 0.132221 -23.76291
v -0.003716 0.132221 -23.65765
v -0.003716 0.132221 -23.55239
v -0.003716 0.132221 -23.44712
v -0.003716 0.132221 -23.34186
v -0.003716 0.132221 -23.2366
v -0.003716 0.132221 -23.13133
v -0.003716 0.132221 -23.02607
v -0.003716 0.132221 -22.92081
v -0.003716 0.132221 -22.81554
v -0.003716 0.132221 -22.71028
v -0.009823 0.132221 -24.49975
v -0.009823 0.132221 -24.39449
v -0.009823 0.132221 -24.28923
v -0.009823 0.132221 -24.18396
v -0.009823 0.132221 -24.0787
v -0.009823 0.132221 -23.97344
v -0.009823 0.132221 -23.86818
v -0.009823 0.132221 -23.76291
v -0.009823 0.132221 -23.65765
v -0.009823 0.132221 -23.55239
v -0.009823 0.132221 -23.44712
v -0.009823 0.132221 -23.34186
v -0.009823 0.132221 -23.2366
v -0.009823 0.132221 -23.13133
v -0.009823 0.132221 -23.02607
v -0.009823 0.132221 -22.92081
v -0.009823 0.132221 -22.81554
v -0.009823 0.132221 -22.71028
v -0.009823 0.138328 -24.49975
v -0.009823 0.138328 -24.39449
v -0.009823 0.138328 -24.28923
v -0.009823 0.138328 -24.18396
v -0.009823 0.138328 -24.0787
v -0.009823 0.138328 -23.97344
v -0.009823 0.138328 -23.86818
v -0.009823 0.138328 -23.76291
v -0.009823 0.138328 -23.65765
v -0.009823 0.138328 -23.55239
v -0.009823 0.138328 -23.44712
v -0.009823 0.138328 -23.34186
v -0.009823 0.138328 -23.2366
v -0.009823 0.138328 -23.13133
v -0.009823 0.138328 -23.02607
v -0.009823 0.138328 -22.92081
v -0.009823 0.138328 -22.81554
v -0.009823 0.138328 -22.71028
v -0.024073 0.138328 -24.49975
v -0.024073 0.138328 -24.39449
v -0.024073 0.138328 -24.28923
v -0.024073 0.138328 -24.18396
v -0.024073 0.138328 -24.0787
v -0.024073 0.138328 -23.97344
v -0.024073 0.138328 -23.86818
v -0.024073 0.138328 -23.76291
v -0.024073 0.138328 -23.65765
v -0.024073 0.138328 -23.55239
v -0.024073 0.138328 -23.44712
v -0.024073 0.138328 -23.34186
v -0.024073 0.138328 -23.2366
v -0.024073 0.138328 -23.13133
v -0.024073 0.138328 -23.02607
v -0.024073 0.138328 -22.92081
v -0.024073 0.138328 -22.81554
v -0.024073 0.138328 -22.71028
v -0.024073 1.927802 -22.71028
v -0.024073 1.927802 -22.81554
v -0.024073 1.927802 -22.92081
v -0.024073 1.927802 -23.02607
v -0.024073 1.927802 -23.13133
v -0.024073 1.927802 -23.2366
v -0.024073 1.927802 -23.34186
v -0.024073 1.927802 -23.44712
v -0.024073 1.927802 -23.55239
v -0.024073 1.927802 -23.65765
v -0.024073 1.927802 -23.76291
v -0.024073 1.927802 -23.86818
v -0.024073 1.927802 -23.97344
v -0.024073 1.927802 -24.0787
v -0.024073 1.927802 -24.18396
v -0.024073 1.927802 -24.28923
v -0.024073 1.927802 -24.39449
v -0.024073 1.927802 -24.49975
v -0.013895 1.927802 -24.49975
v -0.013895 1.927802 -24.39449
v -0.013895 1.927802 -24.28923
v -0.013895 1.927802 -24.18396
v -0.013895 1.927802 -24.0787
v -0.013895 1.927802 -23.97344
v -0.013895 1.927802 -23.86818
v -0.013895 1.927802 -23.76291
v -0.013895 1.927802 -23.65765
v -0.013895 1.927802 -23.55239
v -0.013895 1.927802 -23.44712
v -0.013895 1.927802 -23.34186
v -0.013895 1.927802 -23.2366
v -0.013895 1.927802 -23.13133
v -0.013895 1.927802 -23.02607
v -0.013895 1.927802 -22.92081
v -0.013895 1.927802 -22.81554
v -0.013895 1.927802 -22.71028
v -0.011045 1.934316 -24.49975
v -0.011045 1.934316 -24.39449
v -0.011045 1.934316 -24.28923
v -0.011045 1.934316 -24.18396
v -0.011045 1.934316 -24.0787
v -0.011045 1.934316 -23.97344
v -0.011045 1.934316 -23.86818
v -0.011045 1.934316 -23.76291
v -0.011045 1.934316 -23.65765
v -0.011045 1.934316 -23.55239
v -0.011045 1.934316 -23.44712
v -0.011045 1.934316 -23.34186
v -0.011045 1.934316 -23.2366
v -0.011045 1.934316 -23.13133
v -0.011045 1.934316 -23.02607
v -0.011045 1.934316 -22.92081
v -0.011045 1.934316 -22.81554
v -0.011045 1.934316 -22.71028
v -0.003716 1.937981 -24.49975
v -0.003716 1.937981 -24.39449
v -0.003716 1.937981 -24.28923
v -0.003716 1.93798 -24.18396
v -0.003716 1.93798 -24.0787
v -0.003716 1.93798 -23.97344
v -0.003716 1.93798 -23.86818
v -0.003716 1.93798 -23.76291
v -0.003716 1.93798 -23.65765
v -0.003716 1.93798 -23.55239
v -0.003716 1.93798 -23.44712
v -0.003716 1.93798 -23.34186
v -0.003716 1.93798 -23.2366
v -0.003716 1.93798 -23.13133
v -0.003716 1.93798 -23.02607
v -0.003716 1.93798 -22.92081
v -0.003716 1.93798 -22.81554
v -0.003716 1.93798 -22.71028
v -0.003716 1.944088 -24.49975
v -0.003716 1.944088 -24.39449
v -0.003716 1.944088 -24.28923
v -0.003716 1.944088 -24.18396
v -0.003716 1.944088 -24.0787
v -0.003716 1.944088 -23.97344
v -0.003716 1.944088 -23.86818
v -0.003716 1.944088 -23.76291
v -0.003716 1.944088 -23.65765
v -0.003716 1.944088 -23.55239
v -0.003716 1.944088 -23.44712
v -0.003716 1.944088 -23.34186
v -0.003716 1.944088 -23.2366
v -0.003716 1.944087 -23.13133
v -0.003716 1.944087 -23.02607
v -0.003716 1.944087 -22.92081
v -0.003716 1.944087 -22.81554
v -0.003716 1.944087 -22.71028
v 0.011185 1.949543 -24.49975
v 0.011185 1.949543 -24.39449
v 0.011185 1.949543 -24.28923
v 0.011185 1.949543 -24.18396
v 0.011185 1.949543 -24.0787
v 0.011185 1.949543 -23.97344
v 0.011185 1.949543 -23.86818
v 0.011185 1.949543 -23.76291
v 0.011185 1.949543 -23.65765
v 0.011185 1.949543 -23.55239
v 0.011185 1.949543 -23.44712
v 0.011185 1.949543 -23.34186
v 0.011185 1.949543 -23.2366
v 0.011185 1.949543 -23.13133
v 0.011185 1.949543 -23.02607
v 0.011185 1.949543 -22.92081
v 0.011185 1.949543 -22.81554
v 0.011185 1.949543 -22.71028
v 0.018432 1.961839 -24.49975
v 0.018432 1.961839 -24.39449
v 0.018432 1.961839 -24.28923
v 0.018432 1.961839 -24.18396
v 0.018432 1.961839 -24.0787
v 0.018432 1.961839 -23.97344
v 0.018432 1.961839 -23.86818
v 0.018432 1.961839 -23.76291
v 0.018432 1.961839 -23.65765
v 0.018432 1.961839 -23.55239
v 0.018432 1.961839 -23.44712
v 0.018432 1.961839 -23.34186
v 0.018432 1.961839 -23.2366
v 0.018432 1.961839 -23.13133
v 0.018432 1.961839 -23.02607
v 0.018432 1.961839 -22.92081
v 0.018432 1.961839 -22.81554
v 0.018432 1.961839 -22.71028
v 0.024783 1.976659 -24.49975
v 0.024783 1.976659 -24.39449
v 0.024783 1.976659 -24.28923
v 0.024783 1.976659 -24.18396
v 0.024783 1.976659 -24.0787
v 0.024783 1.976659 -23.97344
v 0.024783 1.976658 -23.86818
v 0.024783 1.976658 -23.76291
v 0.024783 1.976658 -23.65765
v 0.024783 1.976658 -23.55239
v 0.024783 1.976658 -23.44712
v 0.024783 1.976658 -23.34186
v 0.024783 1.976658 -23.2366
v 0.024783 1.976658 -23.13133
v 0.024783 1.976658 -23.02607
v 0.024783 1.976658 -22.92081
v 0.024783 1.976658 -22.81554
v 0.024783 1.976658 -22.71028
v 0.035125 1.985697 -24.49975
v 0.035125 1.985697 -24.39449
v 0.035125 1.985697 -24.28923
v 0.035125 1.985697 -24.18396
v 0.035125 1.985697 -24.0787
v 0.035125 1.985697 -23.97344
v 0.035125 1.985697 -23.86818
v 0.035125 1.985697 -23.76291
v 0.035125 1.985697 -23.65765
v 0.035125 1.985697 -23.55239
v 0.035125 1.985697 -23.44712
v 0.035125 1.985697 -23.34186
v 0.035125 1.985697 -23.2366
v 0.035125 1.985697 -23.13133
v 0.035125 1.985697 -23.02607
v 0.035125 1.985697 -22.92081
v 0.035125 1.985697 -22.81554
v 0.035125 1.985697 -22.71028
v 0.051247 1.988873 -24.49975
v 0.051247 1.988873 -24.39449
v 0.051247 1.988873 -24.28923
v 0.051247 1.988873 -24.18396
v 0.051247 1.988873 -24.0787
v 0.051247 1.988873 -23.97344
v 0.051247 1.988873 -23.86818
v 0.051247 1.988873 -23.76291
v 0.051247 1.988873 -23.65765
v 0.051247 1.988873 -23.55239
v 0.051247 1.988873 -23.44712
v 0.051247 1.988873 -23.34186
v 0.051247 1.988873 -23.2366
v 0.051247 1.988873 -23.13133
v 0.051247 1.988873 -23.02607
v 0.051247 1.988873 -22.92081
v 0.051247 1.988873 -22.81554
v 0.051247 1.988873 -22.71028
v 0.051247 1.99498 -24.49975
v 0.051247 1.99498 -24.39449
v 0.051247 1.99498 -24.28923
v 0.051247 1.99498 -24.18396
v 0.051247 1.99498 -24.0787
v 0.051247 1.99498 -23.97344
v 0.051247 1.99498 -23.86818
v 0.051247 1.99498 -23.76291
v 0.051247 1.99498 -23.65765
v 0.051247 1.99498 -23.55239
v 0.051247 1.99498 -23.44712
v 0.051247 1.99498 -23.34186
v 0.051247 1.99498 -23.2366
v 0.051247 1.99498 -23.13133
v 0.051247 1.99498 -23.02607
v 0.051247 1.99498 -22.92081
v 0.051247 1.99498 -22.81554
v 0.051247 1.99498 -22.71028
v 0.057354 1.99498 -24.49975
v 0.057354 1.99498 -24.39449
v 0.057354 1.99498 -24.28923
v 0.057354 1.99498 -24.18396
v 0.057354 1.99498 -24.0787
v 0.057354 1.99498 -23.97344
v 0.057354 1.99498 -23.86818
v 0.057354 1.99498 -23.76291
v 0.057354 1.99498 -23.65765
v 0.057354 1.99498 -23.55239
v 0.057354 1.99498 -23.44712
v 0.057354 1.99498 -23.34186
v 0.057354 1.99498 -23.2366
v 0.057354 1.99498 -23.13133
v 0.057354 1.99498 -23.02607
v 0.057354 1.99498 -22.92081
v 0.057354 1.99498 -22.81554
v 0.057354 1.99498 -22.71028
v 0.057354 2.00923 -24.49975
v 0.057354 2.00923 -24.39449
v 0.057354 2.00923 -24.28923
v 0.057354 2.00923 -24.18396
v 0.057354 2.00923 -24.0787
v 0.057354 2.00923 -23.97344
v 0.057354 2.00923 -23.86818
v 0.057354 2.00923 -23.76291
v 0.057354 2.00923 -23.65765
v 0.057354 2.00923 -23.55239
v 0.057354 2.00923 -23.44712
v 0.057354 2.00923 -23.34186
v 0.057354 2.00923 -23.2366
v 0.057354 2.00923 -23.13133
v 0.057354 2.00923 -23.02607
v 0.057354 2.00923 -22.92081
v 0.057354 2.00923 -22.81554
v 0.057354 2.00923 -22.71028
v -0.030321 0.679267 -22.71028
v -0.030321 0.679267 -22.81554
v -0.030321 0.679267 -22.92081
v -0.030321 0.679267 -23.02607
v -0.030321 0.679267 -23.13133
v -0.030321 0.679267 -23.2366
v -0.030321 0.679267 -23.34186
v -0.030321 0.679267 -23.44712
v -0.030321 0.679267 -23.55239
v -0.030321 0.679267 -23.65765
v -0.030321 0.679267 -23.76291
v -0.030321 0.679267 -23.86818
v -0.030321 0.679267 -23.97344
v -0.030321 0.679267 -24.0787
v -0.030321 0.679267 -24.18396
v -0.030321 0.679267 -24.28923
v -0.030321 0.679267 -24.39449
v -0.030321 0.679267 -24.49975
v -0.030322 0.595355 -22.71028
v -0.030322 0.595355 -22.81554
v -0.030322 0.595355 -22.92081
v -0.030322 0.595355 -23.02607
v -0.030322 0.595355 -23.13133
v -0.030322 0.595355 -23.2366
v -0.030322 0.595355 -23.34186
v -0.030322 0.595355 -23.44712
v -0.030322 0.595355 -23.55239
v -0.030322 0.595355 -23.65765
v -0.030322 0.595355 -23.76291
v -0.030322 0.595355 -23.86818
v -0.030322 0.595355 -23.97344
v -0.030322 0.595355 -24.0787
v -0.030322 0.595355 -24.18396
v -0.030322 0.595355 -24.28923
v -0.030322 0.595355 -24.39449
v -0.030322 0.595355 -24.49975
v -0.030321 1.86209 -22.71028
v -0.030321 1.86209 -22.81554
v -0.030321 1.86209 -22.92081
v -0.030321 1.86209 -23.02607
v -0.030321 1.86209 -23.13133
v -0.030321 1.86209 -23.2366
v -0.030321 1.86209 -23.34186
v -0.030321 1.86209 -23.44712
v -0.030321 1.86209 -23.55239
v -0.030321 1.86209 -23.65765
v -0.030321 1.86209 -23.76291
v -0.030321 1.86209 -23.86818
v -0.030321 1.86209 -23.97344
v -0.030321 1.86209 -24.0787
v -0.030321 1.86209 -24.18396
v -0.030321 1.86209 -24.28923
v -0.030321 1.86209 -24.39449
v -0.030321 1.86209 -24.49975
v -0.030321 1.796377 -22.71028
v -0.030321 1.796377 -22.81554
v -0.030321 1.796377 -22.92081
v -0.030321 1.796377 -23.02607
v -0.030321 1.796377 -23.13133
v -0.030321 1.796377 -23.2366
v -0.030321 1.796377 -23.34186
v -0.030321 1.796377 -23.44712
v -0.030321 1.796377 -23.55239
v -0.030321 1.796377 -23.65765
v -0.030321 1.796377 -23.76291
v -0.030321 1.796377 -23.86818
v -0.030321 1.796377 -23.97344
v -0.030321 1.796377 -24.0787
v -0.030321 1.796377 -24.18396
v -0.030321 1.796377 -24.28923
v -0.030321 1.796377 -24.39449
v -0.030321 1.796377 -24.49975
v -0.030321 1.730665 -22.71028
v -0.030321 1.730665 -22.81554
v -0.030321 1.730665 -22.92081
v -0.030321 1.730665 -23.02607
v -0.030321 1.730665 -23.13133
v -0.030321 1.730665 -23.2366
v -0.030321 1.730665 -23.34186
v -0.030321 1.730665 -23.44712
v -0.030321 1.730665 -23.55239
v -0.030321 1.730665 -23.65765
v -0.030321 1.730665 -23.76291
v -0.030321 1.730665 -23.86818
v -0.030321 1.730665 -23.97344
v -0.030321 1.730665 -24.0787
v -0.030321 1.730665 -24.18396
v -0.030321 1.730665 -24.28923
v -0.030321 1.730665 -24.39449
v -0.030321 1.730665 -24.49975
v -0.030321 1.664953 -22.71028
v -0.030321 1.664953 -22.81554
v -0.030321 1.664953 -22.92081
v -0.030321 1.664953 -23.02607
v -0.030321 1.664953 -23.13133
v -0.030321 1.664953 -23.2366
v -0.030321 1.664953 -23.34186
v -0.030321 1.664953 -23.44712
v -0.030321 1.664953 -23.55239
v -0.030321 1.664953 -23.65765
v -0.030321 1.664953 -23.76291
v -0.030321 1.664953 -23.86818
v -0.030321 1.664953 -23.97344
v -0.030321 1.664953 -24.0787
v -0.030321 1.664953 -24.18396
v -0.030321 1.664953 -24.28923
v -0.030321 1.664953 -24.39449
v -0.030321 1.664953 -24.49975
v -0.030321 1.59924 -22.71028
v -0.030321 1.59924 -22.81554
v -0.030321 1.59924 -22.92081
v -0.030321 1.59924 -23.02607
v -0.030321 1.59924 -23.13133
v -0.030321 1.59924 -23.2366
v -0.030321 1.59924 -23.34186
v -0.030321 1.59924 -23.44712
v -0.030321 1.59924 -23.55239
v -0.030321 1.59924 -23.65765
v -0.030321 1.59924 -23.76291
v -0.030321 1.59924 -23.86818
v -0.030321 1.59924 -23.97344
v -0.030321 1.59924 -24.0787
v -0.030321 1.59924 -24.18396
v -0.030321 1.59924 -24.28923
v -0.030321 1.59924 -24.39449
v -0.030321 1.59924 -24.49975
v -0.030321 1.533528 -22.71028
v -0.030321 1.533528 -22.81554
v -0.030321 1.533528 -22.92081
v -0.030321 1.533528 -23.02607
v -0.030321 1.533528 -23.13133
v -0.030321 1.533528 -23.2366
v -0.030321 1.533528 -23.34186
v -0.030321 1.533528 -23.44712
v -0.030321 1.533528 -23.55239
v -0.030321 1.533528 -23.65765
v -0.030321 1.533528 -23.76291
v -0.030321 1.533528 -23.86818
v -0.030321 1.533528 -23.97344
v -0.030321 1.533528 -24.0787
v -0.030321 1.533528 -24.18396
v -0.030321 1.533528 -24.28923
v -0.030321 1.533528 -24.39449
v -0.030321 1.533528 -24.49975
v -0.030321 1.467815 -22.71028
v -0.030321 1.467815 -22.81554
v -0.030321 1.467815 -22.92081
v -0.030321 1.467815 -23.02607
v -0.030321 1.467815 -23.13133
v -0.030321 1.467815 -23.2366
v -0.030321 1.467815 -23.34186
v -0.030321 1.467815 -23.44712
v -0.030321 1.467815 -23.55239
v -0.030321 1.467815 -23.65765
v -0.030321 1.467815 -23.76291
v -0.030321 1.467815 -23.86818
v -0.030321 1.467815 -23.97344
v -0.030321 1.467815 -24.0787
v -0.030321 1.467815 -24.18396
v -0.030321 1.467815 -24.28923
v -0.030321 1.467815 -24.39449
v -0.030321 1.467816 -24.49975
v -0.030321 1.402103 -22.71028
v -0.030321 1.402103 -22.81554
v -0.030321 1.402103 -22.92081
v -0.030321 1.402103 -23.02607
v -0.030321 1.402103 -23.13133
v -0.030321 1.402103 -23.2366
v -0.030321 1.402103 -23.34186
v -0.030321 1.402103 -23.44712
v -0.030321 1.402103 -23.55239
v -0.030321 1.402103 -23.65765
v -0.030321 1.402103 -23.76291
v -0.030321 1.402103 -23.86818
v -0.030321 1.402103 -23.97344
v -0.030321 1.402103 -24.0787
v -0.030321 1.402103 -24.18396
v -0.030321 1.402103 -24.28923
v -0.030321 1.402103 -24.39449
v -0.030321 1.402103 -24.49975
v -0.030321 1.336391 -22.71028
v -0.030321 1.336391 -22.81554
v -0.030321 1.336391 -22.92081
v -0.030321 1.336391 -23.02607
v -0.030321 1.336391 -23.13133
v -0.030321 1.336391 -23.2366
v -0.030321 1.336391 -23.34186
v -0.030321 1.336391 -23.44712
v -0.030321 1.336391 -23.55239
v -0.030321 1.336391 -23.65765
v -0.030321 1.336391 -23.76291
v -0.030321 1.336391 -23.86818
v -0.030321 1.336391 -23.97344
v -0.030321 1.336391 -24.0787
v -0.030321 1.336391 -24.18396
v -0.030321 1.336391 -24.28923
v -0.030321 1.336391 -24.39449
v -0.030321 1.336391 -24.49975
v -0.030321 1.270678 -22.71028
v -0.030321 1.270678 -22.81554
v -0.030321 1.270678 -22.92081
v -0.030321 1.270678 -23.02607
v -0.030321 1.270678 -23.13133
v -0.030321 1.270678 -23.2366
v -0.030321 1.270678 -23.34186
v -0.030321 1.270678 -23.44712
v -0.030321 1.270678 -23.55239
v -0.030321 1.270678 -23.65765
v -0.030321 1.270678 -23.76291
v -0.030321 1.270678 -23.86818
v -0.030321 1.270678 -23.97344
v -0.030321 1.270678 -24.0787
v -0.030321 1.270678 -24.18396
v -0.030321 1.270678 -24.28923
v -0.030321 1.270678 -24.39449
v -0.030321 1.270678 -24.49975
v -0.030321 1.204966 -22.71028
v -0.030321 1.204966 -22.81554
v -0.030321 1.204966 -22.92081
v -0.030321 1.204966 -23.02607
v -0.030321 1.204966 -23.13133
v -0.030321 1.204966 -23.2366
v -0.030321 1.204966 -23.34186
v -0.030321 1.204966 -23.44712
v -0.030321 1.204966 -23.55239
v -0.030321 1.204966 -23.65765
v -0.030321 1.204966 -23.76291
v -0.030321 1.204966 -23.86818
v -0.030321 1.204966 -23.97344
v -0.030321 1.204966 -24.0787
v -0.030321 1.204966 -24.18396
v -0.030321 1.204966 -24.28923
v -0.030321 1.204966 -24.39449
v -0.030321 1.204966 -24.49975
v -0.030321 1.139254 -22.71028
v -0.030321 1.139254 -22.81554
v -0.030321 1.139254 -22.92081
v -0.030321 1.139254 -23.02607
v -0.030321 1.139254 -23.13133
v -0.030321 1.139254 -23.2366
v -0.030321 1.139254 -23.34186
v -0.030321 1.139254 -23.44712
v -0.030321 1.139254 -23.55239
v -0.030321 1.139254 -23.65765
v -0.030321 1.139254 -23.76291
v -0.030321 1.139254 -23.86818
v -0.030321 1.139254 -23.97344
v -0.030321 1.139254 -24.0787
v -0.030321 1.139254 -24.18396
v -0.030321 1.139254 -24.28923
v -0.030321 1.139254 -24.39449
v -0.030321 1.139254 -24.49975
v -0.030321 1.073541 -22.71028
v -0.030321 1.073541 -22.81554
v -0.030321 1.073541 -22.92081
v -0.030321 1.073541 -23.02607
v -0.030321 1.073541 -23.13133
v -0.030321 1.073541 -23.2366
v -0.030321 1.073541 -23.34186
v -0.030321 1.073541 -23.44712
v -0.030321 1.073541 -23.55239
v -0.030321 1.073541 -23.65765
v -0.030321 1.073541 -23.76291
v -0.030321 1.073541 -23.86818
v -0.030321 1.073541 -23.97344
v -0.030321 1.073541 -24.0787
v -0.030321 1.073541 -24.18396
v -0.030321 1.073541 -24.28923
v -0.030321 1.073541 -24.39449
v -0.030321 1.073541 -24.49975
v -0.030321 1.007829 -22.71028
v -0.030321 1.007829 -22.81554
v -0.030321 1.007829 -22.92081
v -0.030321 1.007829 -23.02607
v -0.030321 1.007829 -23.13133
v -0.030321 1.007829 -23.2366
v -0.030321 1.007829 -23.34186
v -0.030321 1.007829 -23.44712
v -0.030321 1.007829 -23.55239
v -0.030321 1.007829 -23.65765
v -0.030321 1.007829 -23.76291
v -0.030321 1.007829 -23.86818
v -0.030321 1.007829 -23.97344
v -0.030321 1.007829 -24.0787
v -0.030321 1.007829 -24.18396
v -0.030321 1.007829 -24.28923
v -0.030321 1.007829 -24.39449
v -0.030321 1.007829 -24.49975
v -0.030321 0.942117 -22.71028
v -0.030321 0.942117 -22.81554
v -0.030321 0.942117 -22.92081
v -0.030321 0.942117 -23.02607
v -0.030321 0.942117 -23.13133
v -0.030321 0.942117 -23.2366
v -0.030321 0.942117 -23.34186
v -0.030321 0.942117 -23.44712
v -0.030321 0.942117 -23.55239
v -0.030321 0.942117 -23.65765
v -0.030321 0.942117 -23.76291
v -0.030321 0.942117 -23.86818
v -0.030321 0.942117 -23.97344
v -0.030321 0.942117 -24.0787
v -0.030321 0.942117 -24.18396
v -0.030321 0.942117 -24.28923
v -0.030321 0.942117 -24.39449
v -0.030321 0.942117 -24.49975
v -0.030321 0.876404 -22.71028
v -0.030321 0.876404 -22.81554
v -0.030321 0.876404 -22.92081
v -0.030321 0.876404 -23.02607
v -0.030321 0.876404 -23.13133
v -0.030321 0.876404 -23.2366
v -0.030321 0.876404 -23.34186
v -0.030321 0.876404 -23.44712
v -0.030321 0.876404 -23.55239
v -0.030321 0.876404 -23.65765
v -0.030321 0.876404 -23.76291
v -0.030321 0.876404 -23.86818
v -0.030321 0.876404 -23.97344
v -0.030321 0.876404 -24.0787
v -0.030321 0.876404 -24.18396
v -0.030321 0.876404 -24.28923
v -0.030321 0.876404 -24.39449
v -0.030321 0.876404 -24.49975
v -0.030321 0.810692 -22.71028
v -0.030321 0.810692 -22.81554
v -0.030321 0.810692 -22.92081
v -0.030321 0.810692 -23.02607
v -0.030321 0.810692 -23.13133
v -0.030321 0.810692 -23.2366
v -0.030321 0.810692 -23.34186
v -0.030321 0.810692 -23.44712
v -0.030321 0.810692 -23.55239
v -0.030321 0.810692 -23.65765
v -0.030321 0.810692 -23.76291
v -0.030321 0.810692 -23.86818
v -0.030321 0.810692 -23.97344
v -0.030321 0.810692 -24.0787
v -0.030321 0.810692 -24.18396
v -0.030321 0.810692 -24.28923
v -0.030321 0.810692 -24.39449
v -0.030321 0.810692 -24.49975
v -0.030321 0.744979 -22.71028
v -0.030321 0.744979 -22.81554
v -0.030321 0.744979 -22.92081
v -0.030321 0.744979 -23.02607
v -0.030321 0.744979 -23.13133
v -0.030321 0.744979 -23.2366
v -0.030321 0.744979 -23.34186
v -0.030321 0.744979 -23.44712
v -0.030321 0.744979 -23.55239
v -0.030321 0.744979 -23.65765
v -0.030321 0.744979 -23.76291
v -0.030321 0.744979 -23.86818
v -0.030321 0.744979 -23.97344
v -0.030321 0.744979 -24.0787
v -0.030321 0.744979 -24.18396
v -0.030321 0.744979 -24.28923
v -0.030321 0.744979 -24.39449
v -0.030321 0.744979 -24.49975
v -0.012338 1.862403 -24.49975
v -0.012338 1.862403 -24.39449
v -0.012338 1.862403 -24.28923
v -0.012338 1.862403 -24.18396
v -0.012338 1.862403 -24.0787
v -0.012338 1.862403 -23.97344
v -0.012338 1.862403 -23.86818
v -0.012338 1.862403 -23.76291
v -0.012338 1.862403 -23.65765
v -0.012338 1.862403 -23.55239
v -0.012338 1.862403 -23.44712
v -0.012338 1.862403 -23.34186
v -0.012338 1.862403 -23.2366
v -0.012338 1.862403 -23.13133
v -0.012338 1.862403 -23.02607
v -0.012338 1.862403 -22.92081
v -0.012338 1.862403 -22.81554
v -0.012338 1.862403 -22.71028
v -0.012338 1.79669 -24.49975
v -0.012338 1.79669 -24.39449
v -0.012338 1.79669 -24.28923
v -0.012338 1.79669 -24.18396
v -0.012338 1.79669 -24.0787
v -0.012338 1.79669 -23.97344
v -0.012338 1.79669 -23.86818
v -0.012338 1.79669 -23.76291
v -0.012338 1.79669 -23.65765
v -0.012338 1.79669 -23.55239
v -0.012338 1.79669 -23.44712
v -0.012338 1.79669 -23.34186
v -0.012338 1.79669 -23.2366
v -0.012338 1.79669 -23.13133
v -0.012338 1.79669 -23.02607
v -0.012338 1.79669 -22.92081
v -0.012338 1.79669 -22.81554
v -0.012338 1.79669 -22.71028
v -0.012338 1.730978 -24.49975
v -0.012338 1.730978 -24.39449
v -0.012338 1.730978 -24.28923
v -0.012338 1.730978 -24.18396
v -0.012338 1.730978 -24.0787
v -0.012338 1.730978 -23.97344
v -0.012338 1.730978 -23.86818
v -0.012338 1.730978 -23.76291
v -0.012338 1.730978 -23.65765
v -0.012338 1.730978 -23.55239
v -0.012338 1.730978 -23.44712
v -0.012338 1.730978 -23.34186
v -0.012338 1.730978 -23.2366
v -0.012338 1.730978 -23.13133
v -0.012338 1.730978 -23.02607
v -0.012338 1.730978 -22.92081
v -0.012338 1.730978 -22.81554
v -0.012338 1.730978 -22.71028
v -0.012338 1.665266 -24.49975
v -0.012338 1.665266 -24.39449
v -0.007396 1.665266 -24.18396
v -0.014032 1.665266 -24.0787
v -0.002343 1.665266 -23.97344
v -0.02151 1.665266 -23.86818
v 0.028263 1.665266 -23.76291
v -0.012338 1.665266 -23.65765
v -0.012338 1.665266 -23.55239
v -0.012338 1.665266 -23.44712
v -0.012338 1.665266 -23.34186
v -0.012338 1.665266 -23.2366
v -0.012338 1.665266 -23.13133
v -0.012338 1.665266 -23.02607
v -0.012338 1.665266 -22.92081
v -0.012338 1.665266 -22.81554
v -0.012338 1.665266 -22.71028
v -0.012338 1.599553 -24.49975
v -0.012338 1.599553 -24.39449
v -0.012338 1.599553 -24.28923
v -0.012338 1.599553 -23.76291
v -0.012338 1.599553 -23.65765
v -0.012338 1.599553 -23.55239
v -0.012338 1.599553 -23.2366
v -0.012338 1.599553 -23.13133
v -0.012338 1.599553 -23.02607
v -0.012338 1.599553 -22.92081
v -0.012338 1.599553 -22.81554
v -0.012338 1.599553 -22.71028
v -0.012338 1.533841 -24.49975
v -0.012338 1.533841 -24.39449
v 0.006918 1.533841 -23.76291
v -0.012338 1.533841 -23.65765
v -0.012338 1.533841 -23.55239
v -0.013276 1.533841 -23.32006
v -0.012338 1.533841 -23.2366
v -0.012338 1.533841 -23.13133
v -0.012338 1.533841 -23.02607
v -0.012338 1.533841 -22.92081
v -0.012338 1.533841 -22.81554
v -0.012338 1.533841 -22.71028
v -0.012338 1.468129 -24.49975
v -0.012338 1.468129 -24.39449
v 0.003591 1.468129 -24.27783
v -0.012338 1.468129 -23.76291
v -0.012338 1.468129 -23.65765
v -0.012338 1.468129 -23.55239
v 0.002147 1.468129 -23.3194
v -0.012338 1.468129 -23.2366
v -0.012338 1.468129 -23.13133
v -0.012338 1.468129 -23.02607
v -0.012338 1.468129 -22.92081
v -0.012338 1.468129 -22.81554
v -0.012338 1.468129 -22.71028
v -0.012338 1.402416 -24.49975
v -0.012338 1.402416 -24.39449
v -0.012338 1.402416 -24.28923
v -0.012338 1.402416 -23.86818
v -0.012338 1.402416 -23.76291
v -0.012338 1.402416 -23.65765
v -0.012338 1.402416 -23.55239
v 0.0036 1.402416 -23.44712
v -0.012338 1.402416 -23.13133
v -0.012338 1.402416 -23.02607
v -0.012338 1.402416 -22.92081
v -0.012338 1.402416 -22.81554
v -0.012338 1.402416 -22.71028
v -0.012338 1.336704 -24.49975
v -0.012338 1.336704 -24.39449
v -0.012338 1.336704 -23.86818
v -0.012338 1.336704 -23.76291
v -0.012338 1.336704 -23.65765
v -0.012338 1.336704 -23.55239
v -0.022737 1.336704 -23.44712
v -0.012338 1.336704 -23.13133
v -0.012338 1.336704 -23.02607
v -0.012338 1.336704 -22.92081
v -0.012338 1.336704 -22.81554
v -0.012338 1.336704 -22.71028
v -0.012338 1.270992 -24.49975
v -0.012338 1.270992 -24.39449
v -0.012338 1.270992 -24.28923
v -0.012338 1.270992 -23.86818
v -0.012338 1.270992 -23.76291
v -0.012338 1.270992 -23.65765
v -0.012338 1.270992 -23.55239
v 0.048447 1.270992 -23.25054
v 0.01923 1.270992 -22.99897
v -0.012338 1.270992 -22.92081
v -0.012338 1.270992 -22.81554
v -0.012338 1.270991 -22.71028
v -0.012338 1.205279 -24.49975
v -0.012338 1.205279 -24.39449
v 0.001414 1.205279 -24.28923
v -0.020962 1.205279 -23.97344
v -0.012338 1.205279 -23.86818
v -0.012338 1.205279 -23.76291
v -0.012338 1.205279 -23.65765
v -0.012338 1.205279 -23.55239
v -0.012338 1.205279 -22.92081
v -0.012338 1.205279 -22.81554
v -0.012338 1.205279 -22.71028
v -0.012338 1.139567 -24.49975
v -0.012338 1.139567 -24.39449
v 0.004956 1.139567 -24.2573
v -0.012338 1.139567 -23.86818
v -0.012338 1.139567 -23.76291
v -0.012338 1.139567 -23.65765
v -0.012338 1.139567 -23.55239
v -0.020022 1.139567 -23.02607
v -0.012338 1.139567 -22.92081
v -0.012338 1.139567 -22.81554
v -0.012338 1.139567 -22.71028
v -0.012338 1.073854 -24.49975
v -0.012338 1.073854 -24.39449
v -0.023753 1.073854 -24.28923
v -0.019353 1.073854 -23.97344
v -0.012338 1.073854 -23.86818
v -0.012338 1.073854 -23.76291
v -0.012338 1.073854 -23.65765
v -0.012338 1.073854 -23.55239
v 0.043221 1.073854 -23.36483
v -0.012338 1.073854 -22.92081
v -0.012338 1.073854 -22.81554
v -0.012338 1.073854 -22.71028
v -0.012338 1.008142 -24.49975
v -0.012338 1.008142 -24.39449
v 0.012611 1.008142 -23.99099
v -0.012338 1.008142 -23.86818
v -0.012338 1.008142 -23.76291
v -0.012338 1.008142 -23.65765
v -0.012338 1.008142 -23.55239
v -0.012338 1.008142 -23.44712
v -0.019988 1.008142 -23.02607
v 0.009489 1.008142 -22.92081
v -0.012338 1.008142 -22.81554
v -0.012338 0.94243 -24.49975
v -0.012338 0.94243 -24.39449
v 0.013436 0.94243 -24.0787
v -0.012338 0.94243 -23.86818
v -0.012338 0.94243 -23.76291
v -0.012338 0.94243 -23.65765
v -0.012338 0.94243 -23.55239
v 0.027208 0.94243 -23.36483
v -0.020569 0.94243 -22.71028
v -0.012338 0.876717 -24.49975
v -0.012338 0.876717 -24.39449
v -0.012338 0.876717 -24.28923
v 0.004104 0.876717 -24.0787
v -0.012338 0.876717 -23.97344
v -0.012338 0.876717 -23.86818
v -0.012338 0.876717 -23.76291
v -0.012338 0.876717 -23.65765
v -0.012338 0.876717 -23.55239
v 0.008182 0.876717 -23.42976
v -0.022769 0.876717 -22.71028
v -0.012338 0.811005 -24.49975
v -0.012338 0.811005 -24.39449
v -0.004934 0.811005 -24.25112
v 0.002231 0.811005 -24.15644
v -0.012338 0.811005 -23.97344
v -0.012338 0.811005 -23.86818
v -0.012338 0.811005 -23.76291
v -0.012338 0.811005 -23.65765
v -0.012338 0.811005 -23.55239
v -0.011432 0.837975 -23.2366
v 0.020943 0.816276 -23.14312
v 0.001203 0.816211 -22.92081
v 0.025346 0.838513 -22.81554
v -0.012338 0.745293 -24.49975
v -0.012338 0.745293 -24.39449
v -0.012338 0.745293 -24.0787
v -0.012338 0.745293 -23.97344
v -0.012338 0.745293 -23.86818
v -0.012338 0.745293 -23.76291
v -0.012338 0.745293 -23.65765
v -0.012338 0.745293 -23.55239
v -0.012338 0.745293 -23.44712
v -0.012338 0.745293 -23.34186
v -0.012338 0.745293 -23.2366
v -0.012338 0.745293 -23.13133
v -0.012338 0.745293 -23.02607
v -0.012338 0.745293 -22.92081
v -0.012338 0.745293 -22.81554
v -0.012338 0.745293 -22.71028
v 0.003743 1.149645 -23.40079
v -0.000551 1.139567 -23.4049
v -0.001523 1.128034 -23.39957
v 0.001961 1.144531 -23.3975
v 0.001883 1.142991 -23.39672
v 0.001075 1.141007 -23.39565
v -0.000307 1.137753 -23.3987
v 0.000532 1.141174 -23.39887
v 0.000412 1.139406 -23.39622
v -1.8e-05 1.135186 -23.39629
v -0.000637 1.133847 -23.3969
v 0.000233 1.137543 -23.39545
v 0.007851 1.230291 -23.45717
v 0.010428 1.205279 -23.49019
v 0.014724 1.186636 -23.44238
v 0.01248 1.218023 -23.46418
v 0.013105 1.21531 -23.4571
v 0.014941 1.210195 -23.46229
v 0.014417 1.202544 -23.47401
v 0.013412 1.208985 -23.47611
v 0.015366 1.206043 -23.4678
v 0.015604 1.19944 -23.45173
v 0.015984 1.195741 -23.45656
v 0.016087 1.2029 -23.45979
v -0.020575 1.295225 -23.44712
v -0.01674 1.270992 -23.47166
v -0.006095 1.24953 -23.45242
v -0.018693 1.283331 -23.45076
v -0.017147 1.280264 -23.4479
v -0.016592 1.275379 -23.45062
v -0.015147 1.26778 -23.46036
v -0.017309 1.274587 -23.45961
v -0.015934 1.2713 -23.45466
v -0.011849 1.263545 -23.44984
v -0.01134 1.260105 -23.45348
v -0.014171 1.267728 -23.45152
v 0.015595 1.443694 -23.45203
v 0.014031 1.468129 -23.47904
v 0.010713 1.490605 -23.45227
v 0.017794 1.455685 -23.45704
v 0.017304 1.458919 -23.45306
v 0.018267 1.463809 -23.45664
v 0.016506 1.47147 -23.46681
v 0.01723 1.464505 -23.46678
v 0.018008 1.467904 -23.4611
v 0.015522 1.476049 -23.45315
v 0.015311 1.479563 -23.45716
v 0.017451 1.47166 -23.45668
v -0.001753 1.513986 -23.44949
v -0.012338 1.533841 -23.46975
v -0.004618 1.554606 -23.44253
v -0.006957 1.523747 -23.45169
v -0.005789 1.526726 -23.44766
v -0.008439 1.530629 -23.44992
v -0.011198 1.536906 -23.45799
v -0.010762 1.530885 -23.45898
v -0.010191 1.533932 -23.45326
v -0.006835 1.541556 -23.44512
v -0.008398 1.544438 -23.44812
v -0.00891 1.537431 -23.44874
v 0.010187 1.569973 -23.43914
v 0.014743 1.599553 -23.46418
v 0.010187 1.629134 -23.43914
v 0.012806 1.599553 -23.40149
v 0.014646 1.584566 -23.44065
v 0.014338 1.584472 -23.43133
v 0.01627 1.592903 -23.43473
v 0.016271 1.603992 -23.44959
v 0.016271 1.595114 -23.44959
v 0.016883 1.599553 -23.44098
v 0.014338 1.614634 -23.43133
v 0.014646 1.614541 -23.44065
v 0.01627 1.606204 -23.43473
v 0.015286 1.595177 -23.41771
v 0.015286 1.60393 -23.41771
v 0.016441 1.599553 -23.42688
v -0.015026 1.599553 -23.36008
v -0.022708 1.619324 -23.34186
v -0.022708 1.599553 -23.32209
v -0.027435 1.581333 -23.33581
v -0.018797 1.602487 -23.35114
v -0.019478 1.596872 -23.35028
v -0.021107 1.599724 -23.34532
v -0.022708 1.60962 -23.33893
v -0.021568 1.60962 -23.34456
v -0.02214 1.604087 -23.34144
v -0.023419 1.596813 -23.33094
v -0.022708 1.602487 -23.33179
v -0.022854 1.599683 -23.33675
v -0.023993 1.590243 -23.34145
v -0.0251 1.590332 -23.33583
v -0.023212 1.595517 -23.34004
v 0.004476 1.419792 -23.31159
v 0.001128 1.402416 -23.29167
v 0.004334 1.411104 -23.3079
v 0.003109 1.404744 -23.3006
v -0.008661 1.402416 -23.25163
v -0.012338 1.417896 -23.2366
v -0.012338 1.402416 -23.22112
v -0.003882 1.390351 -23.24135
v -0.010466 1.404713 -23.24425
v -0.009201 1.400584 -23.24489
v -0.010495 1.402729 -23.24041
v -0.012338 1.410298 -23.2343
v -0.011792 1.410298 -23.23883
v -0.011604 1.406061 -23.23676
v -0.011092 1.400639 -23.22939
v -0.012338 1.404713 -23.22871
v -0.011334 1.402769 -23.23354
v -0.007518 1.396336 -23.24127
v -0.008019 1.396254 -23.23674
v -0.009702 1.399865 -23.23787
v 0.02282 1.352254 -23.25634
v 0.027108 1.336704 -23.24364
v 0.030404 1.317688 -23.25742
v 0.027229 1.344526 -23.25651
v 0.027657 1.341867 -23.25859
v 0.029481 1.338868 -23.25791
v 0.029874 1.333846 -23.25218
v 0.028732 1.339075 -23.25206
v 0.030187 1.336317 -23.25589
v 0.030423 1.329259 -23.25898
v 0.031047 1.327076 -23.25708
v 0.030732 1.333141 -23.2581
v 0.009186 1.270992 -23.17413
v -0.012463 1.319111 -23.13133
v -0.001486 1.270992 -23.08456
v -0.001558 1.278132 -23.15313
v 0.000111 1.270992 -23.14639
v -0.005205 1.276646 -23.13804
v -0.010952 1.295492 -23.12439
v -0.009368 1.295492 -23.13768
v -0.008802 1.284595 -23.13087
v -0.003789 1.270992 -23.11366
v -0.006992 1.278132 -23.10752
v -0.006993 1.276646 -23.12304
v 0.008228 1.248233 -23.01093
v -0.007915 1.214703 -22.99103
v -0.011959 1.184541 -23.02607
v 0.001017 1.233295 -23.01314
v 0.000514 1.229064 -23.01831
v -0.002755 1.222951 -23.01764
v -0.007761 1.211817 -23.00827
v -0.004731 1.221356 -23.00605
v -0.005416 1.217395 -23.01444
v -0.006869 1.205771 -23.02385
v -0.009213 1.200991 -23.02084
v -0.006121 1.212318 -23.02018
v -0.008714 1.105361 -23.02607
v -0.003292 1.073854 -22.99357
v -0.008699 1.042344 -23.02607
v -0.004976 1.089891 -23.02124
v -0.005788 1.085375 -23.02607
v -0.003945 1.079134 -23.02225
v -0.003019 1.069175 -23.00953
v -0.003021 1.078533 -23.00953
v -0.003046 1.073854 -23.01689
v -0.005782 1.062331 -23.02607
v -0.004968 1.057816 -23.02124
v -0.003943 1.068573 -23.02225
v 0.001882 1.008142 -22.73236
v -0.00026 1.02975 -22.71028
v 0.001882 1.008142 -22.6882
v -0.002647 0.987335 -22.71028
v 0.002857 1.011353 -22.72152
v 0.002502 1.005048 -22.72151
v 0.00305 1.008221 -22.71526
v 0.002085 1.019137 -22.707
v 0.002085 1.019137 -22.71356
v 0.00295 1.013051 -22.71028
v 0.002502 1.005048 -22.69905
v 0.002857 1.011353 -22.69904
v 0.00305 1.008221 -22.7053
v 0.000872 0.997557 -22.71356
v 0.000872 0.997557 -22.707
v 0.002412 1.003487 -22.71028
v 0.012035 1.073854 -23.41102
v -0.012338 1.030296 -23.44712
v -0.012338 1.073854 -23.49068
v -0.005875 1.106231 -23.41871
v 7.2e-05 1.067391 -23.42874
v 0.000804 1.078903 -23.42472
v -0.005242 1.072915 -23.43659
v -0.012338 1.051675 -23.45359
v -0.008722 1.051675 -23.44176
v -0.00961 1.063531 -23.44665
v -0.01139 1.078603 -23.46524
v -0.012338 1.067391 -23.4693
v -0.010651 1.072689 -23.45452
v -0.00532 1.089973 -23.42735
v -0.009031 1.090422 -23.43897
v -0.008085 1.080508 -23.4401
v -0.009721 0.93405 -23.44491
v -0.012338 0.94243 -23.45618
v -0.012338 0.951484 -23.44712
v -0.008417 0.94243 -23.43896
v -0.011002 0.938152 -23.44733
v -0.010424 0.938194 -23.44477
v -0.011238 0.940577 -23.4466
v -0.012338 0.943773 -23.45173
v -0.011952 0.941194 -23.45142
v -0.011908 0.942502 -23.44899
v -0.011756 0.94704 -23.44591
v -0.012338 0.94704 -23.44847
v -0.011831 0.944504 -23.44712
v -0.009961 0.941166 -23.44266
v -0.010341 0.943773 -23.44297
v -0.011024 0.942483 -23.44511
v 0.023486 0.976545 -23.36978
v 0.008402 1.008142 -23.39936
v 0.030613 1.038116 -23.36978
v 0.02007 0.992045 -23.37417
v 0.023352 0.996346 -23.36978
v 0.020882 1.002651 -23.37326
v 0.015669 1.012575 -23.38487
v 0.014622 1.003459 -23.38485
v 0.018386 1.007946 -23.37816
v 0.025959 1.018869 -23.36978
v 0.02371 1.023426 -23.37416
v 0.022082 1.012988 -23.37325
v 0.003448 0.84796 -22.98891
v -0.002255 0.817919 -23.03249
v 0.012087 0.846432 -23.08411
v 0.003123 0.851112 -23.0122
v 0.005258 0.855415 -23.01936
v 0.004535 0.855053 -23.02849
v 0.002415 0.840271 -23.04187
v 0.001132 0.840621 -23.02742
v 0.003651 0.850318 -23.03563
v 0.008411 0.854857 -23.05409
v 0.0075 0.850381 -23.06018
v 0.005976 0.854818 -23.04423
v -0.006934 0.852759 -22.72989
v 0.002447 0.828615 -22.71796
v 0.000638 0.80693 -22.73543
v 0.013752 0.835186 -22.77363
v -0.000995 0.842248 -22.73364
v 0.000563 0.843429 -22.74184
v 0.002776 0.836897 -22.74112
v 0.003439 0.826798 -22.73034
v 0.002279 0.833823 -22.72948
v 0.003621 0.831301 -22.73722
v 0.004441 0.819991 -22.74468
v 0.002809 0.819252 -22.73642
v 0.004467 0.826683 -22.74235
v 0.008111 0.837017 -22.7578
v 0.009219 0.830285 -22.7586
v 0.006181 0.832769 -22.74966
v 0.015527 0.811005 -23.39751
v 0.005066 0.787069 -23.43286
v 0.009339 0.811005 -23.45127
v 0.012225 0.837966 -23.42677
v 0.013818 0.807478 -23.41201
v 0.014871 0.814997 -23.41114
v 0.013644 0.811321 -23.41952
v 0.00914 0.798916 -23.43283
v 0.010017 0.79878 -23.42486
v 0.011713 0.805764 -23.42698
v 0.011721 0.815018 -23.43852
v 0.010652 0.807388 -23.43935
v 0.012244 0.811272 -23.43163
v 0.013676 0.824746 -23.42173
v 0.012759 0.824713 -23.4297
v 0.013326 0.817223 -23.42556
v -0.009718 0.816588 -23.32007
v -0.01032 0.788532 -23.34186
v -0.000114 0.811005 -23.36241
v -0.009654 0.81054 -23.33074
v -0.008159 0.813864 -23.33371
v -0.008455 0.809963 -23.33805
v -0.008447 0.79956 -23.34491
v -0.009872 0.800356 -23.33864
v -0.008545 0.80529 -23.34172
v -0.004646 0.811822 -23.34919
v -0.004762 0.807673 -23.35233
v -0.006845 0.809014 -23.34516
v 0.004926 1.630303 -24.28923
v 0.011292 1.665266 -24.32707
v 0.004926 1.700228 -24.28923
v 0.012909 1.665266 -24.25086
v 0.012606 1.64751 -24.29488
v 0.012845 1.647504 -24.28351
v 0.015938 1.657417 -24.28918
v 0.014889 1.670484 -24.30844
v 0.014889 1.660047 -24.30844
v 0.016546 1.665266 -24.2977
v 0.012845 1.683028 -24.28351
v 0.012606 1.683021 -24.29488
v 0.015938 1.673114 -24.28918
v 0.01571 1.660052 -24.26974
v 0.01571 1.67048 -24.26974
v 0.016908 1.665266 -24.28059
v -0.00235 1.321667 -23.96693
v -0.005369 1.336704 -23.95701
v -0.003388 1.329185 -23.96799
v -0.004493 1.334689 -23.96435
v 0.000663 1.455346 -23.84623
v 0.000928 1.468129 -23.82704
v 0.001847 1.461737 -23.84172
v 0.001944 1.466416 -23.83469
v -0.007225 1.171905 -23.97344
v 5.6e-05 1.139567 -23.93899
v -0.006539 1.106955 -23.97344
v -0.001582 1.156017 -23.96832
v -0.002578 1.151339 -23.97344
v 0.000131 1.144945 -23.96939
v 0.001141 1.134718 -23.95592
v 0.001039 1.144375 -23.95592
v 0.001338 1.139535 -23.96371
v -0.002328 1.127614 -23.97344
v -0.001234 1.122976 -23.96832
v 0.000246 1.134079 -23.96939
v -0.000271 0.974214 -23.98193
v -0.012338 0.94243 -23.9384
v -0.012338 0.907388 -23.97344
v -0.004004 0.94243 -24.00747
v -0.006178 0.958654 -23.9726
v -0.004978 0.958511 -23.98286
v -0.008256 0.949434 -23.97568
v -0.012338 0.93723 -23.9556
v -0.010558 0.947118 -23.9568
v -0.010772 0.942083 -23.9663
v -0.011101 0.924587 -23.97849
v -0.012338 0.924587 -23.96824
v -0.010981 0.934372 -23.9737
v -0.006305 0.947214 -23.99194
v -0.008095 0.93723 -23.99077
v -0.008885 0.94215 -23.98188
v 0.001955 1.284275 -23.95075
v 0.000549 1.270992 -23.93075
v -0.001218 1.25835 -23.95047
v 0.002271 1.277779 -23.94584
v 0.002012 1.275933 -23.94875
v 0.002158 1.273297 -23.94561
v 0.001292 1.269129 -23.93853
v 0.00176 1.272947 -23.93857
v 0.001922 1.271065 -23.94226
v 0.000854 1.266473 -23.94865
v 0.00065 1.264536 -23.9457
v 0.001625 1.268945 -23.94556
v 0.006743 0.745293 -24.26478
v 0.00363 0.7218 -24.28923
v 0.006743 0.745293 -24.31367
v 0.006892 0.766469 -24.27695
v 0.008257 0.741798 -24.2768
v 0.008757 0.748544 -24.27508
v 0.009269 0.74513 -24.28256
v 0.007137 0.733345 -24.29286
v 0.007137 0.733345 -24.28559
v 0.008725 0.739901 -24.2887
v 0.008738 0.748407 -24.29992
v 0.008257 0.741798 -24.30166
v 0.009252 0.745034 -24.29354
v 0.008809 0.755911 -24.27932
v 0.008792 0.756116 -24.28655
v 0.009464 0.749903 -24.28585
v -0.00667 0.77086 -24.17326
v -0.012338 0.745293 -24.15567
v -0.012338 0.717 -24.18396
v -0.005837 0.745293 -24.2115
v -0.009476 0.758203 -24.17428
v -0.008485 0.758352 -24.18255
v -0.010174 0.750911 -24.18095
v -0.012338 0.741095 -24.16956
v -0.011481 0.749158 -24.16806
v -0.011478 0.745069 -24.17652
v -0.011373 0.730887 -24.18805
v -0.012338 0.730887 -24.17977
v -0.011441 0.738783 -24.18343
v -0.008182 0.749059 -24.19645
v -0.009028 0.741094 -24.19799
v -0.010017 0.744999 -24.18911
v -0.00271 0.971589 -24.3036
v -0.012338 1.008142 -24.32967
v -0.01926 1.047986 -24.28923
v -0.007473 0.98967 -24.3026
v -0.00842 0.99525 -24.29659
v -0.010422 1.002443 -24.29809
v -0.013365 1.014054 -24.30982
v -0.010885 1.002625 -24.31183
v -0.012006 1.00847 -24.3023
v -0.014474 1.023201 -24.29133
v -0.015862 1.02843 -24.29523
v -0.013184 1.015208 -24.29565
v 0.003705 1.30701 -24.2983
v 0.00648 1.336704 -24.33745
v 0.003705 1.366398 -24.2983
v 0.008642 1.321568 -24.30665
v 0.008223 1.325872 -24.30085
v 0.010407 1.331732 -24.30649
v 0.009646 1.341099 -24.32081
v 0.009646 1.332309 -24.32081
v 0.010872 1.336704 -24.31299
v 0.008223 1.347535 -24.30085
v 0.008642 1.351839 -24.30665
v 0.010407 1.341676 -24.30649
v 0.004223 1.500478 -24.28733
v -0.001181 1.533841 -24.33138
v -0.003879 1.567259 -24.29311
v 0.003649 1.516806 -24.29718
v 0.003259 1.521647 -24.29153
v 0.002961 1.528236 -24.29788
v 0.000492 1.53879 -24.31399
v 0.001686 1.528923 -24.31318
v 0.002055 1.533861 -24.30523
v 0.000296 1.546072 -24.29364
v -0.000484 1.550871 -24.30016
v 0.0016 1.539457 -24.29887
v -0.020289 0.688861 -24.0883
v -0.029883 0.679267 -24.0787
v -0.021574 0.684064 -24.0835
v -0.025086 0.680552 -24.07999
v -0.020289 0.688861 -24.17437
v -0.020289 0.688861 -24.19356
v -0.029883 0.679267 -24.18396
v -0.020289 0.688861 -24.18077
v -0.021564 0.684082 -24.17743
v -0.021432 0.68432 -24.1819
v -0.021705 0.684163 -24.1905
v -0.020289 0.688861 -24.18716
v -0.021432 0.68432 -24.18603
v -0.025185 0.680684 -24.18091
v -0.025104 0.680542 -24.18702
v -0.023217 0.681962 -24.18396
v -0.020289 0.688861 -24.27963
v -0.020289 0.688861 -24.29882
v -0.029883 0.679267 -24.28923
v -0.020289 0.688861 -24.28603
v -0.021564 0.684082 -24.28269
v -0.021432 0.68432 -24.28716
v -0.021705 0.684163 -24.29576
v -0.020289 0.688861 -24.29243
v -0.021431 0.684321 -24.2913
v -0.025185 0.680684 -24.28617
v -0.025104 0.680542 -24.29228
v -0.023216 0.681962 -24.28923
v -0.020289 0.688861 -24.3849
v -0.029883 0.679267 -24.39449
v -0.021574 0.684064 -24.38969
v -0.025086 0.680552 -24.3932
v -0.020289 1.655359 -23.66724
v -0.029883 1.664953 -23.65765
v -0.021574 1.660156 -23.66244
v -0.025086 1.663667 -23.65893
v -0.029883 1.664953 -23.76291
v -0.020289 1.655359 -23.77251
v -0.020289 1.655359 -23.75332
v -0.025185 1.663536 -23.76597
v -0.025104 1.663677 -23.75985
v -0.023216 1.662258 -23.76291
v -0.020289 1.655359 -23.76611
v -0.021564 1.660138 -23.76945
v -0.021431 1.659899 -23.76498
v -0.021705 1.660057 -23.75637
v -0.020289 1.655359 -23.75971
v -0.021431 1.659899 -23.76084
v -0.029883 1.664953 -23.86818
v -0.020289 1.655359 -23.87777
v -0.020289 1.655359 -23.85858
v -0.025185 1.663536 -23.87123
v -0.025104 1.663677 -23.86512
v -0.023216 1.662258 -23.86818
v -0.020289 1.655359 -23.87137
v -0.021564 1.660138 -23.87471
v -0.021431 1.659899 -23.87024
v -0.021705 1.660057 -23.86164
v -0.020289 1.655359 -23.86498
v -0.021431 1.659899 -23.86611
v -0.029883 1.664953 -23.97344
v -0.020289 1.655359 -23.98303
v -0.020289 1.655359 -23.96384
v -0.025185 1.663536 -23.97649
v -0.025104 1.663677 -23.97038
v -0.023216 1.662258 -23.97344
v -0.020289 1.655359 -23.97664
v -0.021564 1.660138 -23.97997
v -0.021431 1.659899 -23.97551
v -0.021705 1.660057 -23.9669
v -0.020289 1.655359 -23.97024
v -0.021431 1.659899 -23.97137
v -0.029883 1.664953 -24.0787
v -0.020289 1.655359 -24.0883
v -0.020289 1.655359 -24.06911
v -0.025185 1.663536 -24.08176
v -0.025104 1.663677 -24.07564
v -0.023216 1.662258 -24.0787
v -0.020289 1.655359 -24.0819
v -0.021564 1.660138 -24.08524
v -0.021431 1.659899 -24.08077
v -0.021705 1.660057 -24.07216
v -0.020289 1.655359 -24.0755
v -0.021431 1.659899 -24.07663
v -0.029883 1.664953 -24.18396
v -0.020289 1.655359 -24.19356
v -0.020289 1.655359 -24.17437
v -0.025185 1.663536 -24.18702
v -0.025104 1.663677 -24.18091
v -0.023216 1.662258 -24.18396
v -0.020289 1.655359 -24.18716
v -0.021564 1.660138 -24.1905
v -0.021431 1.659899 -24.18603
v -0.021705 1.660057 -24.17743
v -0.020289 1.655359 -24.18077
v -0.021431 1.659899 -24.1819
v -0.029883 1.664953 -24.28923
v -0.020289 1.655359 -24.29882
v -0.020289 1.655359 -24.27963
v -0.025185 1.663536 -24.29228
v -0.025104 1.663677 -24.28617
v -0.023216 1.662258 -24.28923
v -0.020289 1.655359 -24.29243
v -0.021564 1.660138 -24.29576
v -0.021431 1.659899 -24.2913
v -0.021705 1.660057 -24.28269
v -0.020289 1.655359 -24.28603
v -0.021431 1.659899 -24.28716
v -0.029883 1.664953 -24.39449
v -0.020289 1.655359 -24.3849
v -0.025086 1.663667 -24.3932
v -0.021574 1.660156 -24.38969
v -0.029883 1.59924 -23.65765
v -0.020289 1.608834 -23.66724
v -0.025086 1.600526 -23.65893
v -0.021574 1.604037 -23.66244
v -0.020289 1.608834 -23.75332
v -0.020289 1.608834 -23.77251
v -0.029883 1.59924 -23.76291
v -0.020289 1.608834 -23.75971
v -0.021564 1.604055 -23.75637
v -0.021431 1.604294 -23.76084
v -0.021705 1.604136 -23.76945
v -0.020289 1.608834 -23.76611
v -0.021431 1.604294 -23.76498
v -0.025185 1.600657 -23.75985
v -0.025104 1.600515 -23.76597
v -0.023216 1.601935 -23.76291
v -0.020289 1.608834 -23.85858
v -0.020289 1.608834 -23.87777
v -0.029883 1.59924 -23.86818
v -0.020289 1.608834 -23.86498
v -0.021564 1.604055 -23.86164
v -0.021431 1.604294 -23.86611
v -0.021705 1.604136 -23.87471
v -0.020289 1.608834 -23.87137
v -0.021431 1.604294 -23.87024
v -0.025185 1.600657 -23.86512
v -0.025104 1.600515 -23.87123
v -0.023216 1.601935 -23.86818
v -0.020289 1.608834 -23.96384
v -0.020289 1.608834 -23.98303
v -0.020289 1.589646 -23.98303
v -0.029883 1.59924 -23.97344
v -0.020289 1.608834 -23.97024
v -0.021705 1.604136 -23.9669
v -0.02125 1.603479 -23.97178
v -0.020289 1.602438 -23.98303
v -0.020289 1.608834 -23.97664
v -0.020702 1.602916 -23.97711
v -0.021705 1.592704 -23.97833
v -0.020289 1.596042 -23.98303
v -0.02125 1.597582 -23.97768
v -0.025185 1.600657 -23.97038
v -0.025185 1.596183 -23.97485
v -0.02288 1.599198 -23.9734
v -0.020289 1.608834 -24.06911
v -0.020289 1.608834 -24.0883
v -0.029883 1.59924 -24.0787
v -0.020289 1.589646 -24.06911
v -0.020289 1.608834 -24.0755
v -0.020289 1.602438 -24.06911
v -0.020702 1.602916 -24.07503
v -0.021705 1.604136 -24.08524
v -0.020289 1.608834 -24.0819
v -0.02125 1.603479 -24.08036
v -0.025185 1.596183 -24.07728
v -0.025185 1.600657 -24.08176
v -0.02288 1.599198 -24.07874
v -0.020289 1.596042 -24.06911
v -0.021705 1.592704 -24.0738
v -0.02125 1.597582 -24.07446
v -0.020289 1.608834 -24.17437
v -0.020289 1.608834 -24.19356
v -0.029883 1.59924 -24.18396
v -0.020289 1.608834 -24.18077
v -0.021564 1.604055 -24.17743
v -0.021431 1.604294 -24.1819
v -0.021705 1.604136 -24.1905
v -0.020289 1.608834 -24.18716
v -0.021431 1.604294 -24.18603
v -0.025185 1.600657 -24.18091
v -0.025104 1.600515 -24.18702
v -0.023216 1.601935 -24.18396
v -0.020289 1.608834 -24.27963
v -0.020289 1.608834 -24.29882
v -0.029883 1.59924 -24.28923
v -0.020289 1.608834 -24.28603
v -0.021564 1.604055 -24.28269
v -0.021431 1.604293 -24.28716
v -0.021705 1.604136 -24.29576
v -0.020289 1.608834 -24.29243
v -0.021431 1.604294 -24.2913
v -0.025185 1.600657 -24.28617
v -0.025104 1.600515 -24.29228
v -0.023216 1.601935 -24.28923
v -0.020289 1.608834 -24.3849
v -0.029883 1.59924 -24.39449
v -0.021574 1.604037 -24.38969
v -0.025086 1.600526 -24.3932
v -0.020289 1.523934 -23.66724
v -0.029883 1.533528 -23.65765
v -0.021574 1.528731 -23.66244
v -0.025086 1.532242 -23.65893
v -0.020289 1.523934 -23.75332
v -0.029883 1.533528 -23.76291
v -0.020289 1.523934 -23.77251
v -0.021705 1.528632 -23.75637
v -0.020289 1.523934 -23.75971
v -0.021432 1.528474 -23.76084
v -0.025185 1.532111 -23.76597
v -0.025104 1.532253 -23.75985
v -0.023216 1.530833 -23.76291
v -0.020289 1.523934 -23.76611
v -0.021564 1.528713 -23.76945
v -0.021431 1.528474 -23.76498
v -0.020289 1.523934 -23.85858
v -0.029883 1.533528 -23.86818
v -0.020289 1.523934 -23.87777
v -0.021705 1.528632 -23.86164
v -0.020289 1.523934 -23.86498
v -0.021432 1.528474 -23.86611
v -0.025185 1.532111 -23.87123
v -0.025104 1.532253 -23.86512
v -0.023216 1.530833 -23.86818
v -0.020289 1.523934 -23.87137
v -0.021564 1.528713 -23.87471
v -0.021432 1.528474 -23.87024
v -0.020289 1.523934 -23.96384
v -0.029883 1.533528 -23.97344
v -0.020289 1.543122 -23.98303
v -0.020289 1.523934 -23.98303
v -0.021705 1.528632 -23.9669
v -0.020289 1.523934 -23.97024
v -0.02125 1.529289 -23.97178
v -0.025185 1.536585 -23.97485
v -0.025185 1.532111 -23.97038
v -0.02288 1.53357 -23.9734
v -0.020289 1.536726 -23.98303
v -0.021705 1.540064 -23.97833
v -0.02125 1.535186 -23.97768
v -0.020289 1.523934 -23.97664
v -0.020289 1.53033 -23.98303
v -0.020702 1.529852 -23.97711
v -0.020289 1.543122 -24.06911
v -0.029883 1.533528 -24.0787
v -0.020289 1.523934 -24.0883
v -0.020289 1.523934 -24.06911
v -0.021705 1.540064 -24.0738
v -0.020289 1.536726 -24.06911
v -0.02125 1.535186 -24.07446
v -0.025185 1.532111 -24.08176
v -0.025185 1.536585 -24.07728
v -0.02288 1.53357 -24.07874
v -0.020289 1.523934 -24.0819
v -0.021705 1.528632 -24.08524
v -0.02125 1.529289 -24.08036
v -0.020289 1.53033 -24.06911
v -0.020289 1.523934 -24.0755
v -0.020702 1.529852 -24.07503
v -0.020289 1.523934 -24.17437
v -0.029883 1.533528 -24.18396
v -0.020289 1.523934 -24.19356
v -0.021705 1.528632 -24.17743
v -0.020289 1.523934 -24.18077
v -0.021431 1.528474 -24.1819
v -0.025185 1.532111 -24.18702
v -0.025104 1.532253 -24.18091
v -0.023217 1.530833 -24.18396
v -0.020289 1.523934 -24.18716
v -0.021564 1.528713 -24.1905
v -0.021432 1.528474 -24.18603
v -0.020289 1.523934 -24.27963
v -0.029883 1.533528 -24.28923
v -0.020289 1.523934 -24.29882
v -0.021705 1.528632 -24.28269
v -0.020289 1.523934 -24.28603
v -0.021431 1.528475 -24.28716
v -0.025185 1.532112 -24.29228
v -0.025104 1.532253 -24.28617
v -0.023216 1.530833 -24.28923
v -0.020289 1.523934 -24.29243
v -0.021564 1.528713 -24.29576
v -0.021431 1.528475 -24.2913
v -0.020289 1.523934 -24.3849
v -0.029883 1.533528 -24.39449
v -0.021574 1.528731 -24.38969
v -0.025086 1.532243 -24.3932
v -0.029883 1.467815 -23.65765
v -0.020289 1.477409 -23.66724
v -0.025086 1.469101 -23.65893
v -0.021574 1.472612 -23.66244
v -0.020289 1.477409 -23.75332
v -0.020289 1.477409 -23.77251
v -0.029883 1.467815 -23.76291
v -0.020289 1.477409 -23.75971
v -0.021564 1.47263 -23.75637
v -0.021431 1.472869 -23.76084
v -0.021705 1.472711 -23.76945
v -0.020289 1.477409 -23.76611
v -0.021431 1.472869 -23.76498
v -0.025185 1.469232 -23.75985
v -0.025104 1.469091 -23.76597
v -0.023216 1.47051 -23.76291
v -0.020289 1.477409 -23.85858
v -0.020289 1.477409 -23.87777
v -0.029883 1.467815 -23.86818
v -0.020289 1.477409 -23.86498
v -0.021564 1.47263 -23.86164
v -0.021431 1.472869 -23.86611
v -0.021705 1.472711 -23.87471
v -0.020289 1.477409 -23.87137
v -0.021431 1.472869 -23.87024
v -0.025185 1.469232 -23.86512
v -0.025104 1.469091 -23.87123
v -0.023216 1.47051 -23.86818
v -0.020289 1.477409 -23.96384
v -0.020289 1.477409 -23.98303
v -0.020289 1.458221 -23.98303
v -0.029883 1.467815 -23.97344
v -0.020289 1.477409 -23.97024
v -0.021705 1.472711 -23.9669
v -0.02125 1.472055 -23.97178
v -0.020289 1.471013 -23.98303
v -0.020289 1.477409 -23.97664
v -0.020702 1.471491 -23.97711
v -0.021705 1.461279 -23.97833
v -0.020289 1.464617 -23.98303
v -0.02125 1.466157 -23.97768
v -0.025185 1.469232 -23.97038
v -0.025185 1.464758 -23.97485
v -0.02288 1.467773 -23.9734
v -0.020289 1.477409 -24.06911
v -0.020289 1.477409 -24.0883
v -0.029883 1.467815 -24.0787
v -0.020289 1.458221 -24.06911
v -0.020289 1.477409 -24.0755
v -0.020289 1.471013 -24.06911
v -0.020702 1.471491 -24.07502
v -0.021705 1.472711 -24.08524
v -0.020289 1.477409 -24.0819
v -0.02125 1.472055 -24.08036
v -0.025185 1.464758 -24.07728
v -0.025185 1.469232 -24.08176
v -0.02288 1.467773 -24.07874
v -0.020289 1.464618 -24.06911
v -0.021705 1.461279 -24.0738
v -0.02125 1.466157 -24.07446
v -0.020289 1.477409 -24.17437
v -0.020289 1.477409 -24.19356
v -0.029883 1.467815 -24.18396
v -0.020289 1.477409 -24.18077
v -0.021564 1.47263 -24.17743
v -0.021432 1.472869 -24.1819
v -0.021705 1.472711 -24.1905
v -0.020289 1.477409 -24.18716
v -0.021431 1.472869 -24.18603
v -0.025185 1.469232 -24.18091
v -0.025104 1.469091 -24.18702
v -0.023217 1.47051 -24.18396
v -0.020289 1.477409 -24.27963
v -0.020289 1.477409 -24.29882
v -0.029883 1.467815 -24.28923
v -0.020289 1.477409 -24.28603
v -0.021564 1.47263 -24.28269
v -0.021431 1.472869 -24.28716
v -0.021705 1.472711 -24.29576
v -0.020289 1.47741 -24.29243
v -0.021431 1.472869 -24.2913
v -0.025185 1.469232 -24.28617
v -0.025104 1.469091 -24.29228
v -0.023216 1.47051 -24.28923
v -0.020289 1.47741 -24.3849
v -0.029883 1.467815 -24.39449
v -0.021574 1.472613 -24.38969
v -0.025086 1.469101 -24.3932
v -0.020289 1.392509 -23.77251
v -0.029883 1.402103 -23.76291
v -0.021574 1.397306 -23.76771
v -0.025086 1.400818 -23.7642
v -0.029883 1.402103 -23.86818
v -0.020289 1.392509 -23.87777
v -0.020289 1.392509 -23.85858
v -0.025185 1.400687 -23.87123
v -0.025104 1.400828 -23.86512
v -0.023216 1.399409 -23.86818
v -0.020289 1.392509 -23.87137
v -0.021564 1.397289 -23.87471
v -0.021431 1.39705 -23.87024
v -0.021705 1.397208 -23.86164
v -0.020289 1.392509 -23.86498
v -0.021432 1.39705 -23.86611
v -0.029883 1.402103 -23.97344
v -0.020289 1.411697 -23.98303
v -0.020289 1.392509 -23.98303
v -0.020289 1.392509 -23.96384
v -0.025185 1.40516 -23.97485
v -0.025185 1.400687 -23.97038
v -0.02288 1.402146 -23.9734
v -0.020289 1.405301 -23.98303
v -0.021705 1.40864 -23.97833
v -0.02125 1.403762 -23.97768
v -0.020289 1.392509 -23.97664
v -0.020289 1.398905 -23.98303
v -0.020702 1.398427 -23.97711
v -0.021705 1.397208 -23.9669
v -0.020289 1.392509 -23.97024
v -0.02125 1.397864 -23.97178
v -0.020289 1.411697 -24.06911
v -0.029883 1.402103 -24.0787
v -0.020289 1.392509 -24.0883
v -0.020289 1.392509 -24.06911
v -0.021705 1.40864 -24.0738
v -0.020289 1.405301 -24.06911
v -0.02125 1.403762 -24.07446
v -0.025185 1.400687 -24.08176
v -0.025185 1.40516 -24.07728
v -0.02288 1.402146 -24.07874
v -0.020289 1.392509 -24.0819
v -0.021705 1.397207 -24.08524
v -0.02125 1.397864 -24.08036
v -0.020289 1.398905 -24.06911
v -0.020289 1.392509 -24.0755
v -0.020702 1.398428 -24.07503
v -0.029883 1.402103 -24.18396
v -0.020289 1.392509 -24.19356
v -0.020289 1.392509 -24.17437
v -0.025185 1.400687 -24.18702
v -0.025104 1.400828 -24.18091
v -0.023216 1.399409 -24.18396
v -0.020289 1.392509 -24.18716
v -0.021564 1.397289 -24.1905
v -0.021431 1.39705 -24.18603
v -0.021705 1.397208 -24.17743
v -0.020289 1.392509 -24.18077
v -0.021432 1.39705 -24.1819
v -0.029883 1.402103 -24.28923
v -0.020289 1.392509 -24.29882
v -0.020289 1.392509 -24.27963
v -0.025185 1.400687 -24.29228
v -0.025104 1.400828 -24.28617
v -0.023216 1.399409 -24.28923
v -0.020289 1.392509 -24.29243
v -0.021564 1.397289 -24.29576
v -0.021431 1.39705 -24.2913
v -0.021705 1.397208 -24.28269
v -0.020289 1.392509 -24.28603
v -0.021431 1.39705 -24.28716
v -0.020289 1.392509 -24.3849
v -0.029883 1.402103 -24.39449
v -0.021574 1.397306 -24.38969
v -0.025086 1.400818 -24.3932
v -0.020289 1.345985 -23.77251
v -0.029883 1.336391 -23.76291
v -0.021574 1.341188 -23.76771
v -0.025086 1.337676 -23.7642
v -0.020289 1.345985 -23.85858
v -0.020289 1.345985 -23.87777
v -0.029883 1.336391 -23.86818
v -0.020289 1.345985 -23.86498
v -0.021564 1.341205 -23.86164
v -0.021431 1.341444 -23.86611
v -0.021705 1.341286 -23.87471
v -0.020289 1.345985 -23.87137
v -0.021431 1.341444 -23.87024
v -0.025185 1.337807 -23.86512
v -0.025104 1.337666 -23.87123
v -0.023216 1.339085 -23.86818
v -0.020289 1.345985 -23.96384
v -0.020289 1.345985 -23.98303
v -0.020289 1.326797 -23.98303
v -0.029883 1.336391 -23.97344
v -0.020289 1.345985 -23.97024
v -0.021705 1.341286 -23.9669
v -0.02125 1.34063 -23.97178
v -0.020289 1.339589 -23.98303
v -0.020289 1.345985 -23.97664
v -0.020702 1.340066 -23.97711
v -0.021705 1.329854 -23.97833
v -0.020289 1.333193 -23.98303
v -0.02125 1.334732 -23.97768
v -0.025185 1.337807 -23.97038
v -0.025185 1.333333 -23.97485
v -0.02288 1.336348 -23.9734
v -0.020289 1.345985 -24.06911
v -0.020289 1.345985 -24.0883
v -0.029883 1.336391 -24.0787
v -0.020289 1.326797 -24.06911
v -0.020289 1.345985 -24.0755
v -0.020289 1.339589 -24.06911
v -0.020702 1.340066 -24.07502
v -0.021705 1.341286 -24.08524
v -0.020289 1.345985 -24.0819
v -0.02125 1.34063 -24.08036
v -0.025185 1.333333 -24.07728
v -0.025185 1.337807 -24.08176
v -0.02288 1.336348 -24.07874
v -0.020289 1.333193 -24.06911
v -0.021705 1.329854 -24.0738
v -0.02125 1.334732 -24.07446
v -0.020289 1.345985 -24.17437
v -0.020289 1.345985 -24.19356
v -0.029883 1.336391 -24.18396
v -0.020289 1.345985 -24.18077
v -0.021564 1.341205 -24.17743
v -0.021432 1.341444 -24.1819
v -0.021705 1.341286 -24.1905
v -0.020289 1.345985 -24.18716
v -0.021432 1.341444 -24.18603
v -0.025185 1.337807 -24.18091
v -0.025104 1.337666 -24.18702
v -0.023217 1.339085 -24.18396
v -0.020289 1.345985 -24.27963
v -0.020289 1.345985 -24.29882
v -0.029883 1.336391 -24.28923
v -0.020289 1.345985 -24.28603
v -0.021564 1.341205 -24.28269
v -0.021431 1.341444 -24.28716
v -0.021705 1.341286 -24.29576
v -0.020289 1.345985 -24.29243
v -0.021431 1.341444 -24.2913
v -0.025185 1.337807 -24.28617
v -0.025104 1.337666 -24.29228
v -0.023216 1.339085 -24.28923
v -0.020289 1.345985 -24.3849
v -0.029883 1.336391 -24.39449
v -0.021574 1.341188 -24.38969
v -0.025086 1.337676 -24.3932
v -0.020289 1.261084 -23.87777
v -0.029883 1.270678 -23.86818
v -0.021574 1.265881 -23.87297
v -0.025086 1.269393 -23.86946
v -0.029883 1.270678 -23.97344
v -0.020289 1.280272 -23.98303
v -0.020289 1.261084 -23.98303
v -0.020289 1.261084 -23.96384
v -0.025185 1.273736 -23.97485
v -0.025185 1.269262 -23.97038
v -0.02288 1.270721 -23.9734
v -0.020289 1.273876 -23.98303
v -0.021705 1.277215 -23.97833
v -0.02125 1.272337 -23.97768
v -0.020289 1.261084 -23.97664
v -0.020289 1.26748 -23.98303
v -0.020702 1.267003 -23.97711
v -0.021705 1.265783 -23.9669
v -0.020289 1.261084 -23.97024
v -0.02125 1.266439 -23.97178
v -0.020289 1.280272 -24.06911
v -0.029883 1.270678 -24.0787
v -0.020289 1.261084 -24.0883
v -0.020289 1.261084 -24.06911
v -0.021705 1.277215 -24.0738
v -0.020289 1.273876 -24.06911
v -0.02125 1.272337 -24.07446
v -0.025185 1.269262 -24.08176
v -0.025185 1.273736 -24.07728
v -0.02288 1.270721 -24.07874
v -0.020289 1.261084 -24.0819
v -0.021705 1.265783 -24.08524
v -0.02125 1.266439 -24.08036
v -0.020289 1.26748 -24.06911
v -0.020289 1.261084 -24.0755
v -0.020702 1.267003 -24.07502
v -0.029883 1.270678 -24.18396
v -0.020289 1.261084 -24.19356
v -0.020289 1.261084 -24.17437
v -0.025185 1.269262 -24.18702
v -0.025104 1.269403 -24.18091
v -0.023216 1.267984 -24.18396
v -0.020289 1.261084 -24.18716
v -0.021564 1.265864 -24.1905
v -0.021431 1.265625 -24.18603
v -0.021705 1.265783 -24.17743
v -0.020289 1.261084 -24.18077
v -0.021432 1.265625 -24.1819
v -0.029883 1.270678 -24.28923
v -0.020289 1.261084 -24.29882
v -0.020289 1.261084 -24.27963
v -0.025185 1.269262 -24.29228
v -0.025104 1.269403 -24.28617
v -0.023216 1.267984 -24.28923
v -0.020289 1.261084 -24.29243
v -0.021564 1.265864 -24.29576
v -0.021431 1.265625 -24.2913
v -0.021705 1.265783 -24.28269
v -0.020289 1.261084 -24.28603
v -0.021431 1.265625 -24.28716
v -0.029883 1.270678 -24.39449
v -0.020289 1.261084 -24.3849
v -0.025086 1.269393 -24.3932
v -0.021574 1.265881 -24.38969
v -0.029883 1.204966 -23.86818
v -0.020289 1.21456 -23.87777
v -0.025086 1.206251 -23.86946
v -0.021574 1.209763 -23.87297
v -0.020289 1.21456 -23.96384
v -0.020289 1.21456 -23.98303
v -0.020289 1.195372 -23.98303
v -0.029883 1.204966 -23.97344
v -0.020289 1.21456 -23.97024
v -0.021705 1.209862 -23.9669
v -0.02125 1.209205 -23.97178
v -0.020289 1.208164 -23.98303
v -0.020289 1.21456 -23.97664
v -0.020702 1.208642 -23.97711
v -0.021705 1.198429 -23.97833
v -0.020289 1.201768 -23.98303
v -0.02125 1.203308 -23.97768
v -0.025185 1.206382 -23.97038
v -0.025185 1.201909 -23.97485
v -0.02288 1.204923 -23.9734
v -0.020289 1.21456 -24.06911
v -0.020289 1.21456 -24.0883
v -0.029883 1.204966 -24.0787
v -0.020289 1.195372 -24.06911
v -0.020289 1.21456 -24.0755
v -0.020289 1.208164 -24.06911
v -0.020702 1.208642 -24.07503
v -0.021705 1.209862 -24.08524
v -0.020289 1.21456 -24.0819
v -0.02125 1.209205 -24.08036
v -0.025185 1.201909 -24.07728
v -0.025185 1.206382 -24.08176
v -0.02288 1.204923 -24.07874
v -0.020289 1.201768 -24.06911
v -0.021705 1.198429 -24.0738
v -0.02125 1.203307 -24.07446
v -0.020289 1.21456 -24.17437
v -0.020289 1.21456 -24.19356
v -0.029883 1.204966 -24.18396
v -0.020289 1.21456 -24.18077
v -0.021564 1.20978 -24.17743
v -0.021432 1.210019 -24.1819
v -0.021705 1.209862 -24.1905
v -0.020289 1.21456 -24.18716
v -0.021431 1.210019 -24.18603
v -0.025185 1.206382 -24.18091
v -0.025104 1.206241 -24.18702
v -0.023217 1.20766 -24.18396
v -0.020289 1.21456 -24.27963
v -0.020289 1.21456 -24.29882
v -0.029883 1.204966 -24.28923
v -0.020289 1.21456 -24.28603
v -0.021564 1.20978 -24.28269
v -0.021431 1.210019 -24.28716
v -0.021705 1.209862 -24.29576
v -0.020289 1.21456 -24.29243
v -0.021431 1.210019 -24.2913
v -0.025185 1.206382 -24.28617
v -0.025104 1.206241 -24.29228
v -0.023216 1.20766 -24.28923
v -0.020289 1.21456 -24.3849
v -0.029883 1.204966 -24.39449
v -0.021574 1.209763 -24.38969
v -0.025086 1.206251 -24.3932
v -0.020289 1.12966 -23.87777
v -0.029883 1.139254 -23.86818
v -0.021574 1.134457 -23.87297
v -0.025086 1.137968 -23.86946
v -0.020289 1.12966 -23.96384
v -0.029883 1.139254 -23.97344
v -0.020289 1.148848 -23.98303
v -0.020289 1.12966 -23.98303
v -0.021705 1.134358 -23.9669
v -0.020289 1.12966 -23.97024
v -0.02125 1.135015 -23.97178
v -0.025185 1.142311 -23.97485
v -0.025185 1.137837 -23.97038
v -0.02288 1.139296 -23.9734
v -0.020289 1.142452 -23.98303
v -0.021705 1.14579 -23.97833
v -0.02125 1.140912 -23.97768
v -0.020289 1.12966 -23.97664
v -0.020289 1.136056 -23.98303
v -0.020702 1.135578 -23.97711
v -0.020289 1.148848 -24.06911
v -0.029883 1.139254 -24.0787
v -0.020289 1.12966 -24.0883
v -0.020289 1.12966 -24.06911
v -0.021705 1.14579 -24.0738
v -0.020289 1.142452 -24.06911
v -0.02125 1.140912 -24.07446
v -0.025185 1.137837 -24.08176
v -0.025185 1.142311 -24.07728
v -0.02288 1.139296 -24.07874
v -0.020289 1.12966 -24.0819
v -0.021705 1.134358 -24.08524
v -0.02125 1.135015 -24.08036
v -0.020289 1.136056 -24.06911
v -0.020289 1.12966 -24.0755
v -0.020702 1.135578 -24.07502
v -0.020289 1.12966 -24.17437
v -0.029883 1.139254 -24.18396
v -0.020289 1.12966 -24.19356
v -0.021705 1.134358 -24.17743
v -0.020289 1.12966 -24.18077
v -0.021432 1.1342 -24.1819
v -0.025185 1.137837 -24.18702
v -0.025104 1.137978 -24.18091
v -0.023216 1.136559 -24.18396
v -0.020289 1.12966 -24.18716
v -0.021564 1.134439 -24.1905
v -0.021431 1.1342 -24.18603
v -0.029883 1.139254 -24.28923
v -0.020289 1.12966 -24.27963
v -0.025086 1.137968 -24.28794
v -0.021574 1.134457 -24.28443
v -0.029883 1.073541 -23.86818
v -0.020289 1.083135 -23.87777
v -0.025086 1.074827 -23.86946
v -0.021574 1.078338 -23.87297
v -0.020289 1.083135 -23.96384
v -0.020289 1.083135 -23.98303
v -0.020289 1.063947 -23.98303
v -0.029883 1.073541 -23.97344
v -0.020289 1.083135 -23.97024
v -0.021705 1.078437 -23.9669
v -0.02125 1.07778 -23.97178
v -0.020289 1.076739 -23.98303
v -0.020289 1.083135 -23.97664
v -0.020702 1.077217 -23.97711
v -0.021705 1.067005 -23.97833
v -0.020289 1.070343 -23.98303
v -0.02125 1.071883 -23.97768
v -0.025185 1.074958 -23.97038
v -0.025185 1.070484 -23.97485
v -0.02288 1.073499 -23.9734
v -0.020289 1.083135 -24.06911
v -0.020289 1.083135 -24.0883
v -0.029883 1.073541 -24.0787
v -0.020289 1.063947 -24.06911
v -0.020289 1.083135 -24.0755
v -0.020289 1.076739 -24.06911
v -0.020702 1.077217 -24.07503
v -0.021705 1.078437 -24.08524
v -0.020289 1.083135 -24.0819
v -0.02125 1.07778 -24.08036
v -0.025185 1.070484 -24.07728
v -0.025185 1.074958 -24.08176
v -0.02288 1.073499 -24.07874
v -0.020289 1.070343 -24.06911
v -0.021705 1.067004 -24.0738
v -0.02125 1.071883 -24.07446
v -0.020289 1.083135 -24.17437
v -0.020289 1.083135 -24.19356
v -0.029883 1.073541 -24.18396
v -0.020289 1.083135 -24.18077
v -0.021564 1.078356 -24.17743
v -0.021432 1.078595 -24.1819
v -0.021705 1.078437 -24.1905
v -0.020289 1.083135 -24.18716
v -0.021432 1.078595 -24.18603
v -0.025185 1.074958 -24.18091
v -0.025104 1.074816 -24.18702
v -0.023217 1.076236 -24.18396
v -0.020289 1.083135 -24.27963
v -0.029883 1.073541 -24.28923
v -0.021574 1.078338 -24.28443
v -0.025086 1.074827 -24.28794
v -0.020289 0.998235 -23.87777
v -0.029883 1.007829 -23.86818
v -0.021574 1.003032 -23.87297
v -0.025086 1.006544 -23.86946
v -0.020289 0.998235 -23.96384
v -0.029883 1.007829 -23.97344
v -0.020289 1.017423 -23.98303
v -0.020289 0.998235 -23.98303
v -0.021705 1.002933 -23.9669
v -0.020289 0.998235 -23.97024
v -0.02125 1.00359 -23.97178
v -0.025185 1.010886 -23.97485
v -0.025185 1.006413 -23.97038
v -0.02288 1.007871 -23.9734
v -0.020289 1.011027 -23.98303
v -0.021705 1.014365 -23.97833
v -0.02125 1.009487 -23.97768
v -0.020289 0.998235 -23.97664
v -0.020289 1.004631 -23.98303
v -0.020702 1.004153 -23.97711
v -0.020289 1.017423 -24.06911
v -0.029883 1.007829 -24.0787
v -0.020289 0.998235 -24.0883
v -0.020289 0.998235 -24.06911
v -0.021705 1.014365 -24.0738
v -0.020289 1.011027 -24.06911
v -0.02125 1.009487 -24.07446
v -0.025185 1.006413 -24.08176
v -0.025185 1.010886 -24.07728
v -0.02288 1.007871 -24.07874
v -0.020289 0.998235 -24.0819
v -0.021705 1.002933 -24.08524
v -0.02125 1.00359 -24.08036
v -0.020289 1.004631 -24.06911
v -0.020289 0.998235 -24.0755
v -0.020702 1.004153 -24.07502
v -0.020289 0.998235 -24.17437
v -0.029883 1.007829 -24.18396
v -0.020289 0.998235 -24.19356
v -0.021705 1.002933 -24.17743
v -0.020289 0.998235 -24.18077
v -0.021432 1.002775 -24.1819
v -0.025185 1.006413 -24.18702
v -0.025104 1.006554 -24.18091
v -0.023216 1.005134 -24.18396
v -0.020289 0.998235 -24.18716
v -0.021564 1.003014 -24.1905
v -0.021431 1.002775 -24.18603
v -0.020289 0.998235 -24.27963
v -0.029883 1.007829 -24.28923
v -0.020289 0.998235 -24.29882
v -0.021705 1.002933 -24.28269
v -0.020289 0.998235 -24.28603
v -0.021432 1.002775 -24.28716
v -0.025185 1.006413 -24.29228
v -0.025104 1.006554 -24.28617
v -0.023217 1.005134 -24.28923
v -0.020289 0.998235 -24.29243
v -0.021564 1.003014 -24.29576
v -0.021431 1.002775 -24.2913
v -0.020289 0.998235 -24.3849
v -0.029883 1.007829 -24.39449
v -0.021574 1.003032 -24.38969
v -0.025086 1.006544 -24.3932
v -0.020289 0.95171 -23.87777
v -0.029883 0.942117 -23.86818
v -0.021574 0.946913 -23.87297
v -0.025086 0.943402 -23.86946
v -0.020289 0.95171 -23.96384
v -0.020289 0.95171 -23.98303
v -0.020289 0.932523 -23.98303
v -0.029883 0.942117 -23.97344
v -0.020289 0.95171 -23.97024
v -0.021705 0.947012 -23.9669
v -0.02125 0.946356 -23.97178
v -0.020289 0.945315 -23.98303
v -0.020289 0.95171 -23.97664
v -0.020702 0.945792 -23.97711
v -0.021705 0.93558 -23.97833
v -0.020289 0.938919 -23.98303
v -0.02125 0.940458 -23.97768
v -0.025185 0.943533 -23.97038
v -0.025185 0.939059 -23.97485
v -0.02288 0.942074 -23.9734
v -0.020289 0.95171 -24.06911
v -0.020289 0.95171 -24.0883
v -0.029883 0.942117 -24.0787
v -0.020289 0.932523 -24.06911
v -0.020289 0.95171 -24.0755
v -0.020289 0.945315 -24.06911
v -0.020702 0.945792 -24.07502
v -0.021705 0.947012 -24.08524
v -0.020289 0.95171 -24.0819
v -0.02125 0.946356 -24.08036
v -0.025185 0.939059 -24.07728
v -0.025185 0.943533 -24.08176
v -0.02288 0.942074 -24.07874
v -0.020289 0.938919 -24.06911
v -0.021705 0.93558 -24.0738
v -0.02125 0.940458 -24.07446
v -0.020289 0.95171 -24.17437
v -0.020289 0.95171 -24.19356
v -0.029883 0.942117 -24.18396
v -0.020289 0.95171 -24.18077
v -0.021564 0.946931 -24.17743
v -0.021432 0.94717 -24.1819
v -0.021705 0.947012 -24.1905
v -0.020289 0.951711 -24.18716
v -0.021432 0.94717 -24.18603
v -0.025185 0.943533 -24.18091
v -0.025103 0.943392 -24.18702
v -0.023217 0.944811 -24.18396
v -0.020289 0.95171 -24.27963
v -0.020289 0.95171 -24.29882
v -0.029883 0.942117 -24.28923
v -0.020289 0.95171 -24.28603
v -0.021564 0.946931 -24.28269
v -0.021431 0.94717 -24.28716
v -0.021705 0.947012 -24.29576
v -0.020289 0.951711 -24.29243
v -0.021431 0.94717 -24.2913
v -0.025185 0.943533 -24.28617
v -0.025103 0.943392 -24.29228
v -0.023216 0.944811 -24.28923
v -0.020289 0.95171 -24.3849
v -0.029883 0.942117 -24.39449
v -0.021574 0.946913 -24.38969
v -0.025086 0.943402 -24.3932
v -0.020289 0.885998 -23.98303
v -0.020289 0.86681 -23.98303
v -0.029883 0.876404 -23.97344
v -0.020289 0.879602 -23.98303
v -0.021564 0.882941 -23.97825
v -0.021431 0.878473 -23.97849
v -0.021705 0.869868 -23.97833
v -0.020289 0.873206 -23.98303
v -0.021431 0.874335 -23.97849
v -0.025185 0.879462 -23.97485
v -0.025104 0.873347 -23.97471
v -0.023216 0.876404 -23.97613
v -0.020289 0.885998 -24.06911
v -0.029883 0.876404 -24.0787
v -0.020289 0.86681 -24.0883
v -0.020289 0.86681 -24.06911
v -0.021705 0.882941 -24.0738
v -0.020289 0.879602 -24.06911
v -0.02125 0.878063 -24.07446
v -0.025185 0.874988 -24.08176
v -0.025185 0.879462 -24.07728
v -0.02288 0.876447 -24.07874
v -0.020289 0.86681 -24.0819
v -0.021705 0.871508 -24.08524
v -0.02125 0.872165 -24.08036
v -0.020289 0.873206 -24.06911
v -0.020289 0.86681 -24.0755
v -0.020702 0.872729 -24.07502
v -0.029883 0.876404 -24.18396
v -0.020289 0.86681 -24.19356
v -0.020289 0.86681 -24.17437
v -0.025185 0.874988 -24.18702
v -0.025104 0.875129 -24.18091
v -0.023217 0.87371 -24.18396
v -0.020289 0.86681 -24.18716
v -0.021564 0.87159 -24.1905
v -0.021431 0.871351 -24.18603
v -0.021705 0.871508 -24.17743
v -0.020289 0.86681 -24.18077
v -0.021432 0.871351 -24.1819
v -0.029883 0.876404 -24.28923
v -0.020289 0.86681 -24.29882
v -0.020289 0.86681 -24.27963
v -0.025185 0.874988 -24.29228
v -0.025104 0.875129 -24.28617
v -0.023217 0.87371 -24.28923
v -0.020289 0.86681 -24.29243
v -0.021564 0.87159 -24.29576
v -0.021431 0.871351 -24.2913
v -0.021705 0.871508 -24.28269
v -0.020289 0.86681 -24.28603
v -0.021431 0.871351 -24.28716
v -0.029883 0.876404 -24.39449
v -0.020289 0.86681 -24.3849
v -0.025086 0.875119 -24.3932
v -0.021574 0.871607 -24.38969
v -0.020289 0.820286 -23.98303
v -0.020289 0.801098 -23.98303
v -0.029883 0.810692 -23.97344
v -0.020289 0.81389 -23.98303
v -0.021564 0.817228 -23.97825
v -0.021432 0.812761 -23.97849
v -0.021705 0.804155 -23.97833
v -0.020289 0.807494 -23.98303
v -0.021431 0.808623 -23.97849
v -0.025185 0.813749 -23.97485
v -0.025104 0.807635 -23.97471
v -0.023216 0.810692 -23.97613
v -0.020289 0.820286 -24.06911
v -0.020289 0.820286 -24.0883
v -0.029883 0.810692 -24.0787
v -0.020289 0.801098 -24.06911
v -0.020289 0.820286 -24.0755
v -0.020289 0.81389 -24.06911
v -0.020702 0.814367 -24.07502
v -0.021705 0.815588 -24.08524
v -0.020289 0.820286 -24.0819
v -0.02125 0.814931 -24.08036
v -0.025185 0.807634 -24.07728
v -0.025185 0.812108 -24.08176
v -0.02288 0.810649 -24.07874
v -0.020289 0.807494 -24.06911
v -0.021705 0.804155 -24.0738
v -0.02125 0.809034 -24.07446
v -0.020289 0.820286 -24.17437
v -0.020289 0.820286 -24.19356
v -0.029883 0.810692 -24.18396
v -0.020289 0.820286 -24.18077
v -0.021564 0.815506 -24.17743
v -0.021431 0.815745 -24.1819
v -0.021705 0.815588 -24.1905
v -0.020289 0.820286 -24.18716
v -0.021432 0.815745 -24.18603
v -0.025185 0.812108 -24.18091
v -0.025104 0.811967 -24.18702
v -0.023216 0.813386 -24.18396
v -0.020289 0.820286 -24.27963
v -0.020289 0.820286 -24.29882
v -0.029883 0.810692 -24.28923
v -0.020289 0.820286 -24.28603
v -0.021564 0.815506 -24.28269
v -0.021432 0.815745 -24.28716
v -0.021705 0.815588 -24.29576
v -0.020289 0.820286 -24.29243
v -0.021431 0.815745 -24.2913
v -0.025185 0.812108 -24.28617
v -0.025104 0.811967 -24.29228
v -0.023216 0.813386 -24.28923
v -0.020289 0.820286 -24.3849
v -0.029883 0.810692 -24.39449
v -0.021574 0.815489 -24.38969
v -0.025086 0.811977 -24.3932
v -0.029883 0.744979 -23.97344
v -0.020289 0.754573 -23.98303
v -0.025086 0.746265 -23.97472
v -0.021574 0.749776 -23.97823
v -0.020289 0.735385 -24.06911
v -0.020289 0.754573 -24.06911
v -0.029883 0.744979 -24.0787
v -0.020289 0.735385 -24.0883
v -0.020289 0.741781 -24.06911
v -0.020289 0.735385 -24.0755
v -0.020702 0.741304 -24.07502
v -0.021705 0.751516 -24.0738
v -0.020289 0.748177 -24.06911
v -0.02125 0.746638 -24.07446
v -0.025185 0.743563 -24.08176
v -0.025185 0.748037 -24.07728
v -0.02288 0.745022 -24.07874
v -0.020289 0.735385 -24.0819
v -0.021705 0.740084 -24.08524
v -0.02125 0.74074 -24.08036
v -0.029883 0.744979 -24.18396
v -0.020289 0.735385 -24.19356
v -0.020289 0.735385 -24.17437
v -0.025185 0.743563 -24.18702
v -0.025104 0.743704 -24.18091
v -0.023217 0.742285 -24.18396
v -0.020289 0.735385 -24.18716
v -0.021564 0.740165 -24.1905
v -0.021431 0.739926 -24.18603
v -0.021705 0.740084 -24.17743
v -0.020289 0.735386 -24.18077
v -0.021432 0.739926 -24.1819
v -0.029883 0.744979 -24.28923
v -0.020289 0.735385 -24.29882
v -0.020289 0.735385 -24.27963
v -0.025185 0.743563 -24.29228
v -0.025104 0.743704 -24.28617
v -0.023217 0.742285 -24.28923
v -0.020289 0.735385 -24.29243
v -0.021564 0.740165 -24.29576
v -0.021431 0.739926 -24.2913
v -0.021705 0.740084 -24.28269
v -0.020289 0.735385 -24.28603
v -0.021432 0.739926 -24.28716
v -0.020289 0.735385 -24.3849
v -0.029883 0.744979 -24.39449
v -0.021574 0.740182 -24.38969
v -0.025086 0.743694 -24.3932
v -0.002635 0.913555 -24.30371
v -0.001832 0.94243 -24.34628
v -0.002635 0.971304 -24.30371
v 8.4e-05 0.927684 -24.31387
v -3.7e-05 0.931891 -24.30759
v 0.001124 0.937582 -24.31417
v 0.000375 0.946685 -24.32934
v 0.000375 0.938175 -24.32934
v 0.00126 0.94243 -24.32128
v -3.7e-05 0.952968 -24.30759
v 8.4e-05 0.957176 -24.31387
v 0.001124 0.947277 -24.31417
v -0.005521 0.838251 -24.0787
v -0.012338 0.811005 -24.05062
v -0.012338 0.782919 -24.0787
v -0.007165 0.811005 -24.10631
v -0.008867 0.824878 -24.07453
v -0.0081 0.824869 -24.0828
v -0.009985 0.81712 -24.07866
v -0.012338 0.806838 -24.0644
v -0.011326 0.815048 -24.0644
v -0.01143 0.81092 -24.07234
v -0.01157 0.796704 -24.0828
v -0.012338 0.796704 -24.07453
v -0.011524 0.804623 -24.07865
v -0.008693 0.815053 -24.09275
v -0.009704 0.806838 -24.09276
v -0.010261 0.810925 -24.08491
v -0.030321 1.928123 -24.623
v -0.030321 0.138649 -24.623
v -2.030319 0.13865 -24.623
v -2.030319 0.03344 -24.71068
v -0.030321 0.03344 -24.71068
v -0.030321 2.03344 -24.71068
v -2.030319 2.03344 -24.71068
v -2.030319 1.928123 -24.623
v -2.030319 0.13865 -24.62925
v -2.030319 0.057222 -24.71068
v -2.030319 0.138649 -24.6435
v -2.030319 0.132542 -24.6435
v -2.030319 0.132542 -24.64961
v -2.030319 0.11642 -24.65279
v -2.030319 0.106078 -24.66183
v -2.030319 0.099727 -24.67665
v -2.030319 0.09248 -24.68894
v -2.030319 0.077579 -24.6944
v -2.030319 0.077579 -24.7005
v -2.030319 0.07025 -24.70417
v -2.030319 0.0674 -24.71068
v -0.030321 1.928123 -24.62925
v -0.030321 2.009551 -24.71068
v -0.030321 1.928123 -24.63943
v -0.030321 1.934637 -24.64228
v -0.030321 1.938301 -24.64961
v -0.030321 1.944409 -24.64961
v -0.030321 1.949864 -24.66451
v -0.030321 1.96216 -24.67176
v -0.030321 1.97698 -24.67811
v -0.030321 1.986018 -24.68845
v -0.030321 1.989194 -24.70457
v -0.030321 1.995301 -24.70457
v -0.030321 1.995301 -24.71068
v -2.030319 2.009551 -24.71068
v -2.030319 1.928123 -24.62925
v -2.030319 1.995301 -24.71068
v -2.030319 1.995301 -24.70457
v -2.030319 1.989194 -24.70457
v -2.030319 1.986018 -24.68845
v -2.030319 1.97698 -24.67811
v -2.030319 1.96216 -24.67176
v -2.030319 1.949864 -24.66451
v -2.030319 1.944409 -24.64961
v -2.030319 1.938302 -24.64961
v -2.030319 1.934637 -24.64228
v -2.030319 1.928123 -24.63943
v -0.030321 0.057222 -24.71068
v -0.030321 0.138649 -24.62925
v -0.030321 0.0674 -24.71068
v -0.030321 0.07025 -24.70417
v -0.030321 0.077579 -24.7005
v -0.030321 0.077579 -24.6944
v -0.030321 0.09248 -24.68894
v -0.030321 0.099727 -24.67665
v -0.030321 0.106079 -24.66183
v -0.030321 0.11642 -24.65279
v -0.030321 0.132543 -24.64961
v -0.030321 0.132543 -24.6435
v -0.030321 0.13865 -24.6435
v -0.030321 0.679588 -24.623
v -0.030321 0.595676 -24.623
v -2.030319 0.595676 -24.623
v -2.030319 0.679588 -24.623
v -0.043686 0.666222 -24.67349
v -0.030321 0.679588 -24.66012
v -0.037004 0.672905 -24.6717
v -0.032112 0.677797 -24.66681
v -0.030321 0.595676 -24.66012
v -0.043686 0.609042 -24.67349
v -0.032112 0.597467 -24.66681
v -0.037004 0.602359 -24.6717
v -2.016959 0.609042 -24.67349
v -2.030319 0.595676 -24.66012
v -2.023638 0.602359 -24.6717
v -2.028529 0.597467 -24.66681
v -2.030319 0.679588 -24.66012
v -2.016959 0.666223 -24.67349
v -2.028529 0.677798 -24.66681
v -2.023638 0.672905 -24.6717
v -0.030321 0.595363 -24.60502
v -0.030321 0.138336 -24.60502
v -0.030321 0.033127 -24.6927
v -2.030319 0.033127 -24.6927
v -2.030319 2.033127 -24.6927
v -0.030321 2.033127 -24.6927
v -2.030319 0.679275 -24.60502
v -2.030319 1.92781 -24.60502
v -0.030321 1.92781 -24.60502
v -2.030319 0.138336 -24.60502
v -0.030321 0.067087 -24.6927
v -0.030321 0.056909 -24.6927
v -2.030319 0.056909 -24.6927
v -2.030319 0.067087 -24.6927
v -0.030321 0.069937 -24.68618
v -2.030319 0.069937 -24.68618
v -0.030321 0.077266 -24.68252
v -2.030319 0.077266 -24.68252
v -0.030321 0.077266 -24.67641
v -2.030319 0.077266 -24.67641
v -0.030321 0.092167 -24.67096
v -2.030319 0.092167 -24.67096
v -0.030321 0.099414 -24.65866
v -2.030319 0.099414 -24.65866
v -0.030321 0.105765 -24.64384
v -2.030319 0.105765 -24.64384
v -0.030321 0.116107 -24.6348
v -2.030319 0.116107 -24.6348
v -0.030321 0.132229 -24.63163
v -2.030319 0.132229 -24.63163
v -0.030321 0.132229 -24.62552
v -2.030319 0.132229 -24.62552
v -0.030321 0.138336 -24.62552
v -2.030319 0.138336 -24.62552
v -0.030321 0.138336 -24.61127
v -2.030319 0.138336 -24.61127
v -0.030321 1.92781 -24.62145
v -0.030321 1.92781 -24.61127
v -2.030319 1.92781 -24.61127
v -2.030319 1.92781 -24.62145
v -0.030321 1.934324 -24.6243
v -2.030319 1.934324 -24.6243
v -0.030321 1.937988 -24.63163
v -2.030319 1.937989 -24.63163
v -0.030321 1.944095 -24.63163
v -2.030319 1.944096 -24.63163
v -0.030321 1.949551 -24.64653
v -2.030319 1.949551 -24.64653
v -0.030321 1.961847 -24.65378
v -2.030319 1.961847 -24.65378
v -0.030321 1.976666 -24.66013
v -2.030319 1.976667 -24.66013
v -0.030321 1.985705 -24.67047
v -2.030319 1.985705 -24.67047
v -0.030321 1.988881 -24.68659
v -2.030319 1.988881 -24.68659
v -0.030321 1.994988 -24.68659
v -2.030319 1.994988 -24.68659
v -0.030321 1.994988 -24.6927
v -2.030319 1.994988 -24.6927
v -0.030321 2.009238 -24.6927
v -2.030319 2.009238 -24.6927
v -0.030321 0.679275 -24.60502
v -2.030319 0.595363 -24.60502
v -0.030321 0.679275 -24.64214
v -2.030319 0.745301 -24.623
v -2.030319 0.811013 -24.623
v -2.030319 0.876725 -24.623
v -2.030319 0.942438 -24.623
v -2.030319 1.00815 -24.623
v -2.030319 1.073862 -24.623
v -2.030319 1.139575 -24.623
v -2.030319 1.205287 -24.623
v -2.030319 1.271 -24.623
v -2.030319 1.336712 -24.623
v -2.030319 1.402424 -24.623
v -2.030319 1.468137 -24.623
v -2.030319 1.533849 -24.623
v -2.030319 1.599561 -24.623
v -2.030319 1.665274 -24.623
v -2.030319 1.730986 -24.623
v -2.030319 1.796698 -24.623
v -2.030319 1.862411 -24.623
v -0.030321 1.862411 -24.623
v -0.030321 1.796698 -24.623
v -0.030321 1.730986 -24.623
v -0.030321 1.665274 -24.623
v -0.030321 1.599561 -24.623
v -0.030321 1.533849 -24.623
v -0.030321 1.468137 -24.623
v -0.030321 1.402424 -24.623
v -0.030321 1.336712 -24.623
v -0.030321 1.270999 -24.623
v -0.030321 1.205287 -24.623
v -0.030321 1.139575 -24.623
v -0.030321 1.073862 -24.623
v -0.030321 1.00815 -24.623
v -0.030321 0.942438 -24.623
v -0.030321 0.876725 -24.623
v -0.030321 0.811013 -24.623
v -0.030321 0.745301 -24.623
v -2.030319 0.744988 -24.60502
v -2.030319 0.8107 -24.60502
v -2.030319 0.876412 -24.60502
v -2.030319 0.942125 -24.60502
v -2.030319 1.007837 -24.60502
v -2.030319 1.073549 -24.60502
v -2.030319 1.139262 -24.60502
v -2.030319 1.204974 -24.60502
v -2.030319 1.270686 -24.60502
v -2.030319 1.336399 -24.60502
v -2.030319 1.402111 -24.60502
v -2.030319 1.467824 -24.60502
v -2.030319 1.533536 -24.60502
v -2.030319 1.599248 -24.60502
v -2.030319 1.664961 -24.60502
v -2.030319 1.730673 -24.60502
v -2.030319 1.796385 -24.60502
v -2.030319 1.862098 -24.60502
v -0.030321 1.862098 -24.60502
v -0.030321 1.796385 -24.60502
v -0.030321 1.730673 -24.60502
v -0.030321 1.664961 -24.60502
v -0.030321 1.599248 -24.60502
v -0.030321 1.533536 -24.60502
v -0.030321 1.467823 -24.60502
v -0.030321 1.402111 -24.60502
v -0.030321 1.336399 -24.60502
v -0.030321 1.270686 -24.60502
v -0.030321 1.204974 -24.60502
v -0.030321 1.139262 -24.60502
v -0.030321 1.073549 -24.60502
v -0.030321 1.007837 -24.60502
v -0.030321 0.942125 -24.60502
v -0.030321 0.876412 -24.60502
v -0.030321 0.8107 -24.60502
v -0.030321 0.744987 -24.60502
v -0.135583 0.03344 -24.71068
v -0.240848 0.03344 -24.71068
v -0.34611 0.03344 -24.71068
v -0.451374 0.03344 -24.71068
v -0.556636 0.03344 -24.71068
v -0.6619 0.03344 -24.71068
v -0.767159 0.03344 -24.71068
v -0.872428 0.03344 -24.71068
v -0.977688 0.03344 -24.71068
v -1.082948 0.03344 -24.71068
v -1.188219 0.03344 -24.71068
v -1.293478 0.03344 -24.71068
v -1.398738 0.03344 -24.71068
v -1.504009 0.03344 -24.71068
v -1.609269 0.03344 -24.71068
v -1.714528 0.03344 -24.71068
v -1.819799 0.03344 -24.71068
v -1.925059 0.03344 -24.71068
v -1.925059 2.03344 -24.71068
v -1.819799 2.03344 -24.71068
v -1.714529 2.03344 -24.71068
v -1.609269 2.03344 -24.71068
v -1.504009 2.03344 -24.71068
v -1.398738 2.03344 -24.71068
v -1.293479 2.03344 -24.71068
v -1.188219 2.03344 -24.71068
v -1.082948 2.03344 -24.71068
v -0.977688 2.03344 -24.71068
v -0.872428 2.03344 -24.71068
v -0.767159 2.03344 -24.71068
v -0.661898 2.03344 -24.71068
v -0.556636 2.03344 -24.71068
v -0.451374 2.03344 -24.71068
v -0.34611 2.03344 -24.71068
v -0.240848 2.03344 -24.71068
v -0.135583 2.03344 -24.71068
v -0.135583 1.928123 -24.623
v -0.240848 1.928123 -24.623
v -0.34611 1.928123 -24.623
v -0.451374 1.928123 -24.623
v -0.556636 1.928123 -24.623
v -0.6619 1.928123 -24.623
v -0.767159 1.928123 -24.623
v -0.872428 1.928123 -24.623
v -0.977688 1.928123 -24.623
v -1.082948 1.928123 -24.623
v -1.188219 1.928123 -24.623
v -1.293479 1.928123 -24.623
v -1.398738 1.928123 -24.623
v -1.504009 1.928123 -24.623
v -1.609269 1.928123 -24.623
v -1.714529 1.928123 -24.623
v -1.819799 1.928123 -24.623
v -1.925059 1.928123 -24.623
v -0.135583 0.138649 -24.623
v -0.240848 0.138649 -24.623
v -0.34611 0.138649 -24.623
v -0.451374 0.138649 -24.623
v -0.556636 0.138649 -24.623
v -0.6619 0.138649 -24.623
v -0.767159 0.138649 -24.623
v -0.872428 0.138649 -24.623
v -0.977688 0.138649 -24.623
v -1.082948 0.138649 -24.623
v -1.188219 0.138649 -24.623
v -1.293478 0.138649 -24.623
v -1.398738 0.138649 -24.623
v -1.504009 0.138649 -24.623
v -1.609269 0.138649 -24.623
v -1.714528 0.138649 -24.623
v -1.819799 0.138649 -24.623
v -1.925059 0.13865 -24.623
v -0.135583 0.057222 -24.71068
v -0.240848 0.057222 -24.71068
v -0.34611 0.057222 -24.71068
v -0.451374 0.057222 -24.71068
v -0.556636 0.057222 -24.71068
v -0.6619 0.057222 -24.71068
v -0.767159 0.057222 -24.71068
v -0.872428 0.057222 -24.71068
v -0.977688 0.057222 -24.71068
v -1.082948 0.057222 -24.71068
v -1.188219 0.057222 -24.71068
v -1.293478 0.057222 -24.71068
v -1.398738 0.057222 -24.71068
v -1.504009 0.057222 -24.71068
v -1.609269 0.057222 -24.71068
v -1.714528 0.057222 -24.71068
v -1.819799 0.057222 -24.71068
v -1.925059 0.057222 -24.71068
v -1.925059 0.0674 -24.71068
v -1.819799 0.0674 -24.71068
v -1.714528 0.0674 -24.71068
v -1.609269 0.0674 -24.71068
v -1.504009 0.0674 -24.71068
v -1.398738 0.0674 -24.71068
v -1.293478 0.0674 -24.71068
v -1.188219 0.0674 -24.71068
v -1.082948 0.0674 -24.71068
v -0.977688 0.0674 -24.71068
v -0.872428 0.0674 -24.71068
v -0.767159 0.0674 -24.71068
v -0.661898 0.0674 -24.71068
v -0.556636 0.0674 -24.71068
v -0.451374 0.0674 -24.71068
v -0.34611 0.0674 -24.71068
v -0.240848 0.0674 -24.71068
v -0.135583 0.0674 -24.71068
v -1.925059 0.07025 -24.70417
v -1.819799 0.07025 -24.70417
v -1.714528 0.07025 -24.70417
v -1.609269 0.07025 -24.70417
v -1.504009 0.07025 -24.70417
v -1.398738 0.07025 -24.70417
v -1.293478 0.07025 -24.70417
v -1.188219 0.07025 -24.70417
v -1.082948 0.07025 -24.70417
v -0.977688 0.07025 -24.70417
v -0.872428 0.07025 -24.70417
v -0.767159 0.07025 -24.70417
v -0.661898 0.07025 -24.70417
v -0.556636 0.07025 -24.70417
v -0.451374 0.07025 -24.70417
v -0.34611 0.07025 -24.70417
v -0.240848 0.07025 -24.70417
v -0.135583 0.07025 -24.70417
v -1.925059 0.077579 -24.7005
v -1.819799 0.077579 -24.7005
v -1.714528 0.077579 -24.7005
v -1.609269 0.077579 -24.7005
v -1.504009 0.077579 -24.7005
v -1.398738 0.077579 -24.7005
v -1.293478 0.077579 -24.7005
v -1.188219 0.077579 -24.7005
v -1.082948 0.077579 -24.7005
v -0.977688 0.077579 -24.7005
v -0.872428 0.077579 -24.7005
v -0.767159 0.077579 -24.7005
v -0.661898 0.077579 -24.7005
v -0.556636 0.077579 -24.7005
v -0.451374 0.077579 -24.7005
v -0.34611 0.077579 -24.7005
v -0.240848 0.077579 -24.7005
v -0.135583 0.077579 -24.7005
v -1.925059 0.077579 -24.6944
v -1.819799 0.077579 -24.6944
v -1.714528 0.077579 -24.6944
v -1.609269 0.077579 -24.6944
v -1.504009 0.077579 -24.6944
v -1.398738 0.077579 -24.6944
v -1.293478 0.077579 -24.6944
v -1.188219 0.077579 -24.6944
v -1.082948 0.077579 -24.6944
v -0.977688 0.077579 -24.6944
v -0.872428 0.077579 -24.6944
v -0.767159 0.077579 -24.6944
v -0.661898 0.077579 -24.6944
v -0.556636 0.077579 -24.6944
v -0.451374 0.077579 -24.6944
v -0.34611 0.077579 -24.6944
v -0.240848 0.077579 -24.6944
v -0.135583 0.077579 -24.6944
v -1.925059 0.09248 -24.68894
v -1.819799 0.09248 -24.68894
v -1.714528 0.09248 -24.68894
v -1.609269 0.09248 -24.68894
v -1.504009 0.09248 -24.68894
v -1.398738 0.09248 -24.68894
v -1.293478 0.09248 -24.68894
v -1.188219 0.09248 -24.68894
v -1.082948 0.09248 -24.68894
v -0.977688 0.09248 -24.68894
v -0.872428 0.09248 -24.68894
v -0.767159 0.09248 -24.68894
v -0.661898 0.09248 -24.68894
v -0.556636 0.09248 -24.68894
v -0.451374 0.09248 -24.68894
v -0.34611 0.09248 -24.68894
v -0.240848 0.09248 -24.68894
v -0.135583 0.09248 -24.68894
v -1.925059 0.099727 -24.67665
v -1.819799 0.099727 -24.67665
v -1.714528 0.099727 -24.67665
v -1.609269 0.099727 -24.67665
v -1.504009 0.099727 -24.67665
v -1.398738 0.099727 -24.67665
v -1.293478 0.099727 -24.67665
v -1.188219 0.099727 -24.67665
v -1.082948 0.099727 -24.67665
v -0.977688 0.099727 -24.67665
v -0.872428 0.099727 -24.67665
v -0.767159 0.099727 -24.67665
v -0.661898 0.099727 -24.67665
v -0.556636 0.099727 -24.67665
v -0.451374 0.099727 -24.67665
v -0.34611 0.099727 -24.67665
v -0.240848 0.099727 -24.67665
v -0.135583 0.099727 -24.67665
v -1.925059 0.106078 -24.66183
v -1.819799 0.106078 -24.66183
v -1.714528 0.106078 -24.66183
v -1.609269 0.106078 -24.66183
v -1.504009 0.106078 -24.66183
v -1.398738 0.106078 -24.66183
v -1.293478 0.106078 -24.66183
v -1.188219 0.106078 -24.66183
v -1.082948 0.106078 -24.66183
v -0.977688 0.106078 -24.66183
v -0.872428 0.106078 -24.66183
v -0.767159 0.106078 -24.66183
v -0.661898 0.106078 -24.66183
v -0.556636 0.106078 -24.66183
v -0.451374 0.106078 -24.66183
v -0.34611 0.106078 -24.66183
v -0.240848 0.106078 -24.66183
v -0.135583 0.106079 -24.66183
v -1.925059 0.11642 -24.65279
v -1.819799 0.11642 -24.65279
v -1.714528 0.11642 -24.65279
v -1.609269 0.11642 -24.65279
v -1.504009 0.11642 -24.65279
v -1.398738 0.11642 -24.65279
v -1.293478 0.11642 -24.65279
v -1.188219 0.11642 -24.65279
v -1.082948 0.11642 -24.65279
v -0.977688 0.11642 -24.65279
v -0.872428 0.11642 -24.65279
v -0.767159 0.11642 -24.65279
v -0.661898 0.11642 -24.65279
v -0.556636 0.11642 -24.65279
v -0.451374 0.11642 -24.65279
v -0.34611 0.11642 -24.65279
v -0.240848 0.11642 -24.65279
v -0.135583 0.11642 -24.65279
v -1.925059 0.132542 -24.64961
v -1.819799 0.132542 -24.64961
v -1.714528 0.132542 -24.64961
v -1.609269 0.132542 -24.64961
v -1.504009 0.132542 -24.64961
v -1.398738 0.132542 -24.64961
v -1.293478 0.132542 -24.64961
v -1.188219 0.132542 -24.64961
v -1.082948 0.132542 -24.64961
v -0.977688 0.132542 -24.64961
v -0.872428 0.132542 -24.64961
v -0.767159 0.132542 -24.64961
v -0.661898 0.132542 -24.64961
v -0.556636 0.132542 -24.64961
v -0.451374 0.132542 -24.64961
v -0.34611 0.132542 -24.64961
v -0.240848 0.132542 -24.64961
v -0.135583 0.132543 -24.64961
v -1.925059 0.132542 -24.6435
v -1.819799 0.132542 -24.6435
v -1.714528 0.132542 -24.6435
v -1.609269 0.132542 -24.6435
v -1.504009 0.132542 -24.6435
v -1.398738 0.132542 -24.6435
v -1.293478 0.132542 -24.6435
v -1.188219 0.132542 -24.6435
v -1.082948 0.132542 -24.6435
v -0.977688 0.132542 -24.6435
v -0.872428 0.132542 -24.6435
v -0.767159 0.132542 -24.6435
v -0.661898 0.132542 -24.6435
v -0.556636 0.132542 -24.6435
v -0.451374 0.132542 -24.6435
v -0.34611 0.132542 -24.6435
v -0.240848 0.132542 -24.6435
v -0.135583 0.132543 -24.6435
v -1.925059 0.138649 -24.6435
v -1.819799 0.138649 -24.6435
v -1.714528 0.138649 -24.6435
v -1.609269 0.138649 -24.6435
v -1.504009 0.138649 -24.6435
v -1.398738 0.138649 -24.6435
v -1.293478 0.138649 -24.6435
v -1.188219 0.138649 -24.6435
v -1.082948 0.138649 -24.6435
v -0.977688 0.138649 -24.6435
v -0.872428 0.138649 -24.6435
v -0.767159 0.138649 -24.6435
v -0.661898 0.138649 -24.6435
v -0.556636 0.138649 -24.6435
v -0.451374 0.138649 -24.6435
v -0.34611 0.138649 -24.6435
v -0.240848 0.138649 -24.6435
v -0.135583 0.13865 -24.6435
v -1.925059 0.13865 -24.62925
v -1.819799 0.13865 -24.62925
v -1.714528 0.13865 -24.62925
v -1.609269 0.13865 -24.62925
v -1.504009 0.13865 -24.62925
v -1.398738 0.13865 -24.62925
v -1.293478 0.13865 -24.62925
v -1.188219 0.13865 -24.62925
v -1.082948 0.13865 -24.62925
v -0.977688 0.13865 -24.62925
v -0.872428 0.13865 -24.62925
v -0.767159 0.13865 -24.62925
v -0.661898 0.13865 -24.62925
v -0.556636 0.13865 -24.62925
v -0.451374 0.13865 -24.62925
v -0.34611 0.13865 -24.62925
v -0.240848 0.13865 -24.62925
v -0.135583 0.13865 -24.62925
v -0.135583 1.928123 -24.62925
v -0.240848 1.928123 -24.62925
v -0.34611 1.928123 -24.62925
v -0.451374 1.928123 -24.62925
v -0.556636 1.928123 -24.62925
v -0.6619 1.928123 -24.62925
v -0.767159 1.928123 -24.62925
v -0.872428 1.928123 -24.62925
v -0.977688 1.928123 -24.62925
v -1.082948 1.928123 -24.62925
v -1.188219 1.928123 -24.62925
v -1.293479 1.928123 -24.62925
v -1.398738 1.928123 -24.62925
v -1.504009 1.928123 -24.62925
v -1.609269 1.928123 -24.62925
v -1.714529 1.928123 -24.62925
v -1.819799 1.928123 -24.62925
v -1.925059 1.928123 -24.62925
v -1.925059 1.928123 -24.63943
v -1.819799 1.928123 -24.63943
v -1.714529 1.928123 -24.63943
v -1.609269 1.928123 -24.63943
v -1.504009 1.928123 -24.63943
v -1.398738 1.928123 -24.63943
v -1.293479 1.928123 -24.63943
v -1.188219 1.928123 -24.63943
v -1.082948 1.928123 -24.63943
v -0.977688 1.928123 -24.63943
v -0.872428 1.928123 -24.63943
v -0.767159 1.928123 -24.63943
v -0.661898 1.928123 -24.63943
v -0.556636 1.928123 -24.63943
v -0.451374 1.928123 -24.63943
v -0.34611 1.928123 -24.63943
v -0.240848 1.928123 -24.63943
v -0.135583 1.928123 -24.63943
v -1.925059 1.934637 -24.64228
v -1.819799 1.934637 -24.64228
v -1.714529 1.934637 -24.64228
v -1.609269 1.934637 -24.64228
v -1.504009 1.934637 -24.64228
v -1.398738 1.934637 -24.64228
v -1.293479 1.934637 -24.64228
v -1.188219 1.934637 -24.64228
v -1.082948 1.934637 -24.64228
v -0.977688 1.934637 -24.64228
v -0.872428 1.934637 -24.64228
v -0.767159 1.934637 -24.64228
v -0.661898 1.934637 -24.64228
v -0.556636 1.934637 -24.64228
v -0.451374 1.934637 -24.64228
v -0.34611 1.934637 -24.64228
v -0.240848 1.934637 -24.64228
v -0.135583 1.934637 -24.64228
v -1.925059 1.938302 -24.64961
v -1.819799 1.938302 -24.64961
v -1.714529 1.938302 -24.64961
v -1.609269 1.938302 -24.64961
v -1.504009 1.938302 -24.64961
v -1.398738 1.938302 -24.64961
v -1.293479 1.938302 -24.64961
v -1.188219 1.938302 -24.64961
v -1.082948 1.938302 -24.64961
v -0.977688 1.938302 -24.64961
v -0.872428 1.938302 -24.64961
v -0.767159 1.938302 -24.64961
v -0.661898 1.938302 -24.64961
v -0.556636 1.938301 -24.64961
v -0.451374 1.938301 -24.64961
v -0.34611 1.938301 -24.64961
v -0.240848 1.938301 -24.64961
v -0.135583 1.938301 -24.64961
v -1.925059 1.944409 -24.64961
v -1.819799 1.944409 -24.64961
v -1.714529 1.944409 -24.64961
v -1.609269 1.944409 -24.64961
v -1.504009 1.944409 -24.64961
v -1.398738 1.944409 -24.64961
v -1.293479 1.944409 -24.64961
v -1.188219 1.944409 -24.64961
v -1.082948 1.944409 -24.64961
v -0.977688 1.944409 -24.64961
v -0.872428 1.944409 -24.64961
v -0.767159 1.944409 -24.64961
v -0.661898 1.944409 -24.64961
v -0.556636 1.944409 -24.64961
v -0.451374 1.944409 -24.64961
v -0.34611 1.944409 -24.64961
v -0.240848 1.944409 -24.64961
v -0.135583 1.944409 -24.64961
v -1.925059 1.949864 -24.66451
v -1.819799 1.949864 -24.66451
v -1.714529 1.949864 -24.66451
v -1.609269 1.949864 -24.66451
v -1.504009 1.949864 -24.66451
v -1.398738 1.949864 -24.66451
v -1.293479 1.949864 -24.66451
v -1.188219 1.949864 -24.66451
v -1.082948 1.949864 -24.66451
v -0.977688 1.949864 -24.66451
v -0.872428 1.949864 -24.66451
v -0.767159 1.949864 -24.66451
v -0.661898 1.949864 -24.66451
v -0.556636 1.949864 -24.66451
v -0.451374 1.949864 -24.66451
v -0.34611 1.949864 -24.66451
v -0.240848 1.949864 -24.66451
v -0.135583 1.949864 -24.66451
v -1.925059 1.96216 -24.67176
v -1.819799 1.96216 -24.67176
v -1.714529 1.96216 -24.67176
v -1.609269 1.96216 -24.67176
v -1.504009 1.96216 -24.67176
v -1.398738 1.96216 -24.67176
v -1.293479 1.96216 -24.67176
v -1.188219 1.96216 -24.67176
v -1.082948 1.96216 -24.67176
v -0.977688 1.96216 -24.67176
v -0.872428 1.96216 -24.67176
v -0.767159 1.96216 -24.67176
v -0.661898 1.96216 -24.67176
v -0.556636 1.96216 -24.67176
v -0.451374 1.96216 -24.67176
v -0.34611 1.96216 -24.67176
v -0.240848 1.96216 -24.67176
v -0.135583 1.96216 -24.67176
v -1.925059 1.97698 -24.67811
v -1.819799 1.97698 -24.67811
v -1.714529 1.97698 -24.67811
v -1.609269 1.97698 -24.67811
v -1.504009 1.97698 -24.67811
v -1.398738 1.97698 -24.67811
v -1.293479 1.97698 -24.67811
v -1.188219 1.97698 -24.67811
v -1.082948 1.97698 -24.67811
v -0.977688 1.97698 -24.67811
v -0.872428 1.97698 -24.67811
v -0.767159 1.97698 -24.67811
v -0.661898 1.97698 -24.67811
v -0.556636 1.97698 -24.67811
v -0.451374 1.97698 -24.67811
v -0.34611 1.97698 -24.67811
v -0.240848 1.97698 -24.67811
v -0.135583 1.97698 -24.67811
v -1.925059 1.986018 -24.68845
v -1.819799 1.986018 -24.68845
v -1.714529 1.986018 -24.68845
v -1.609269 1.986018 -24.68845
v -1.504009 1.986018 -24.68845
v -1.398738 1.986018 -24.68845
v -1.293479 1.986018 -24.68845
v -1.188219 1.986018 -24.68845
v -1.082948 1.986018 -24.68845
v -0.977688 1.986018 -24.68845
v -0.872428 1.986018 -24.68845
v -0.767159 1.986018 -24.68845
v -0.661898 1.986018 -24.68845
v -0.556636 1.986018 -24.68845
v -0.451374 1.986018 -24.68845
v -0.34611 1.986018 -24.68845
v -0.240848 1.986018 -24.68845
v -0.135583 1.986018 -24.68845
v -1.925059 1.989194 -24.70457
v -1.819799 1.989194 -24.70457
v -1.714529 1.989194 -24.70457
v -1.609269 1.989194 -24.70457
v -1.504009 1.989194 -24.70457
v -1.398738 1.989194 -24.70457
v -1.293479 1.989194 -24.70457
v -1.188219 1.989194 -24.70457
v -1.082948 1.989194 -24.70457
v -0.977688 1.989194 -24.70457
v -0.872428 1.989194 -24.70457
v -0.767159 1.989194 -24.70457
v -0.661898 1.989194 -24.70457
v -0.556636 1.989194 -24.70457
v -0.451374 1.989194 -24.70457
v -0.34611 1.989194 -24.70457
v -0.240848 1.989194 -24.70457
v -0.135583 1.989194 -24.70457
v -1.925059 1.995301 -24.70457
v -1.819799 1.995301 -24.70457
v -1.714529 1.995301 -24.70457
v -1.609269 1.995301 -24.70457
v -1.504009 1.995301 -24.70457
v -1.398738 1.995301 -24.70457
v -1.293479 1.995301 -24.70457
v -1.188219 1.995301 -24.70457
v -1.082948 1.995301 -24.70457
v -0.977688 1.995301 -24.70457
v -0.872428 1.995301 -24.70457
v -0.767159 1.995301 -24.70457
v -0.661898 1.995301 -24.70457
v -0.556636 1.995301 -24.70457
v -0.451374 1.995301 -24.70457
v -0.34611 1.995301 -24.70457
v -0.240848 1.995301 -24.70457
v -0.135583 1.995301 -24.70457
v -1.925059 1.995301 -24.71068
v -1.819799 1.995301 -24.71068
v -1.714529 1.995301 -24.71068
v -1.609269 1.995301 -24.71068
v -1.504009 1.995301 -24.71068
v -1.398738 1.995301 -24.71068
v -1.293479 1.995301 -24.71068
v -1.188219 1.995301 -24.71068
v -1.082948 1.995301 -24.71068
v -0.977688 1.995301 -24.71068
v -0.872428 1.995301 -24.71068
v -0.767159 1.995301 -24.71068
v -0.661898 1.995301 -24.71068
v -0.556636 1.995301 -24.71068
v -0.451374 1.995301 -24.71068
v -0.34611 1.995301 -24.71068
v -0.240848 1.995301 -24.71068
v -0.135583 1.995301 -24.71068
v -1.925059 2.009551 -24.71068
v -1.819799 2.009551 -24.71068
v -1.714529 2.009551 -24.71068
v -1.609269 2.009551 -24.71068
v -1.504009 2.009551 -24.71068
v -1.398738 2.009551 -24.71068
v -1.293479 2.009551 -24.71068
v -1.188219 2.009551 -24.71068
v -1.082948 2.009551 -24.71068
v -0.977688 2.009551 -24.71068
v -0.872428 2.009551 -24.71068
v -0.767159 2.009551 -24.71068
v -0.661898 2.009551 -24.71068
v -0.556636 2.009551 -24.71068
v -0.451374 2.009551 -24.71068
v -0.34611 2.009551 -24.71068
v -0.240848 2.009551 -24.71068
v -0.135583 2.009551 -24.71068
v -0.135583 0.679588 -24.623
v -0.240848 0.679588 -24.623
v -0.34611 0.679588 -24.623
v -0.451374 0.679588 -24.623
v -0.556636 0.679588 -24.623
v -0.6619 0.679588 -24.623
v -0.767159 0.679588 -24.623
v -0.872428 0.679588 -24.623
v -0.977688 0.679588 -24.623
v -1.082948 0.679588 -24.623
v -1.188219 0.679588 -24.623
v -1.293478 0.679588 -24.623
v -1.398738 0.679588 -24.623
v -1.504009 0.679588 -24.623
v -1.609269 0.679588 -24.623
v -1.714528 0.679588 -24.623
v -1.819799 0.679588 -24.623
v -1.925059 0.679588 -24.623
v -0.135583 0.595676 -24.623
v -0.240848 0.595676 -24.623
v -0.34611 0.595676 -24.623
v -0.451374 0.595676 -24.623
v -0.556636 0.595676 -24.623
v -0.6619 0.595676 -24.623
v -0.767159 0.595676 -24.623
v -0.872428 0.595676 -24.623
v -0.977688 0.595676 -24.623
v -1.082948 0.595676 -24.623
v -1.188219 0.595676 -24.623
v -1.293478 0.595676 -24.623
v -1.398738 0.595676 -24.623
v -1.504009 0.595676 -24.623
v -1.609269 0.595676 -24.623
v -1.714528 0.595676 -24.623
v -1.819799 0.595676 -24.623
v -1.925059 0.595676 -24.623
v -0.147542 0.666222 -24.67349
v -0.251399 0.666222 -24.67349
v -0.355255 0.666222 -24.67349
v -0.459112 0.666222 -24.67349
v -0.562968 0.666222 -24.67349
v -0.666824 0.666222 -24.67349
v -0.770679 0.666222 -24.67349
v -0.874539 0.666222 -24.67349
v -0.978388 0.666222 -24.67349
v -1.082248 0.666222 -24.67349
v -1.186109 0.666222 -24.67349
v -1.289958 0.666222 -24.67349
v -1.393818 0.666222 -24.67349
v -1.497678 0.666222 -24.67349
v -1.601529 0.666222 -24.67349
v -1.705388 0.666222 -24.67349
v -1.809239 0.666223 -24.67349
v -1.913099 0.666223 -24.67349
v -1.919078 0.672905 -24.6717
v -1.814518 0.672905 -24.6717
v -1.709958 0.672905 -24.6717
v -1.605399 0.672905 -24.6717
v -1.500839 0.672905 -24.6717
v -1.396279 0.672905 -24.6717
v -1.291719 0.672905 -24.6717
v -1.187159 0.672905 -24.6717
v -1.082598 0.672905 -24.6717
v -0.978038 0.672905 -24.6717
v -0.873478 0.672905 -24.6717
v -0.768918 0.672905 -24.6717
v -0.664361 0.672905 -24.6717
v -0.559803 0.672905 -24.6717
v -0.455243 0.672905 -24.6717
v -0.350683 0.672905 -24.6717
v -0.246123 0.672905 -24.6717
v -0.141563 0.672905 -24.6717
v -1.923459 0.677798 -24.66681
v -1.818379 0.677798 -24.66681
v -1.713309 0.677798 -24.66681
v -1.608228 0.677798 -24.66681
v -1.503159 0.677798 -24.66681
v -1.398078 0.677798 -24.66681
v -1.293008 0.677798 -24.66681
v -1.187929 0.677798 -24.66681
v -1.082859 0.677798 -24.66681
v -0.977788 0.677798 -24.66681
v -0.872709 0.677798 -24.66681
v -0.767628 0.677798 -24.66681
v -0.662559 0.677798 -24.66681
v -0.557484 0.677798 -24.66681
v -0.45241 0.677798 -24.66681
v -0.347335 0.677798 -24.66681
v -0.24226 0.677798 -24.66681
v -0.137186 0.677797 -24.66681
v -1.925059 0.679588 -24.66012
v -1.819799 0.679588 -24.66012
v -1.714528 0.679588 -24.66012
v -1.609269 0.679588 -24.66012
v -1.504009 0.679588 -24.66012
v -1.398738 0.679588 -24.66012
v -1.293478 0.679588 -24.66012
v -1.188219 0.679588 -24.66012
v -1.082948 0.679588 -24.66012
v -0.977688 0.679588 -24.66012
v -0.872428 0.679588 -24.66012
v -0.767159 0.679588 -24.66012
v -0.661898 0.679588 -24.66012
v -0.556636 0.679588 -24.66012
v -0.451374 0.679588 -24.66012
v -0.34611 0.679588 -24.66012
v -0.240848 0.679588 -24.66012
v -0.135583 0.679588 -24.66012
v -0.135583 0.595676 -24.66012
v -0.240848 0.595676 -24.66012
v -0.34611 0.595676 -24.66012
v -0.451374 0.595676 -24.66012
v -0.556636 0.595676 -24.66012
v -0.6619 0.595676 -24.66012
v -0.767159 0.595676 -24.66012
v -0.872428 0.595676 -24.66012
v -0.977688 0.595676 -24.66012
v -1.082948 0.595676 -24.66012
v -1.188219 0.595676 -24.66012
v -1.293478 0.595676 -24.66012
v -1.398738 0.595676 -24.66012
v -1.504009 0.595676 -24.66012
v -1.609269 0.595676 -24.66012
v -1.714528 0.595676 -24.66012
v -1.819799 0.595676 -24.66012
v -1.925059 0.595676 -24.66012
v -1.923459 0.597467 -24.66681
v -1.818379 0.597467 -24.66681
v -1.713309 0.597467 -24.66681
v -1.608228 0.597467 -24.66681
v -1.503159 0.597467 -24.66681
v -1.398078 0.597467 -24.66681
v -1.293008 0.597467 -24.66681
v -1.187929 0.597467 -24.66681
v -1.082859 0.597467 -24.66681
v -0.977788 0.597467 -24.66681
v -0.872709 0.597467 -24.66681
v -0.767628 0.597467 -24.66681
v -0.662559 0.597467 -24.66681
v -0.557484 0.597467 -24.66681
v -0.45241 0.597467 -24.66681
v -0.347335 0.597467 -24.66681
v -0.24226 0.597467 -24.66681
v -0.137186 0.597467 -24.66681
v -1.919078 0.602359 -24.6717
v -1.814518 0.602359 -24.6717
v -1.709958 0.602359 -24.6717
v -1.605399 0.602359 -24.6717
v -1.500839 0.602359 -24.6717
v -1.396279 0.602359 -24.6717
v -1.291719 0.602359 -24.6717
v -1.187159 0.602359 -24.6717
v -1.082598 0.602359 -24.6717
v -0.978038 0.602359 -24.6717
v -0.873478 0.602359 -24.6717
v -0.768918 0.602359 -24.6717
v -0.664361 0.602359 -24.6717
v -0.559803 0.602359 -24.6717
v -0.455243 0.602359 -24.6717
v -0.350683 0.602359 -24.6717
v -0.246123 0.602359 -24.6717
v -0.141563 0.602359 -24.6717
v -1.913099 0.609042 -24.67349
v -1.809239 0.609042 -24.67349
v -1.705388 0.609042 -24.67349
v -1.601529 0.609042 -24.67349
v -1.497678 0.609042 -24.67349
v -1.393818 0.609042 -24.67349
v -1.289958 0.609042 -24.67349
v -1.186109 0.609042 -24.67349
v -1.082248 0.609042 -24.67349
v -0.978388 0.609042 -24.67349
v -0.874539 0.609042 -24.67349
v -0.770679 0.609042 -24.67349
v -0.666824 0.609042 -24.67349
v -0.562968 0.609042 -24.67349
v -0.459112 0.609042 -24.67349
v -0.355255 0.609042 -24.67349
v -0.251399 0.609042 -24.67349
v -0.147542 0.609042 -24.67349
v -0.135583 0.033127 -24.6927
v -0.240848 0.033127 -24.6927
v -0.34611 0.033127 -24.6927
v -0.451374 0.033127 -24.6927
v -0.556636 0.033127 -24.6927
v -0.6619 0.033127 -24.6927
v -0.767159 0.033127 -24.6927
v -0.872428 0.033127 -24.6927
v -0.977688 0.033127 -24.6927
v -1.082948 0.033127 -24.6927
v -1.188219 0.033127 -24.6927
v -1.293478 0.033127 -24.6927
v -1.398738 0.033127 -24.6927
v -1.504009 0.033127 -24.6927
v -1.609269 0.033127 -24.6927
v -1.714528 0.033127 -24.6927
v -1.819799 0.033127 -24.6927
v -1.925059 0.033127 -24.6927
v -1.925059 2.033127 -24.6927
v -1.819799 2.033127 -24.6927
v -1.714529 2.033127 -24.6927
v -1.609269 2.033127 -24.6927
v -1.504009 2.033127 -24.6927
v -1.398738 2.033127 -24.6927
v -1.293479 2.033127 -24.6927
v -1.188219 2.033127 -24.6927
v -1.082948 2.033127 -24.6927
v -0.977688 2.033127 -24.6927
v -0.872428 2.033127 -24.6927
v -0.767159 2.033127 -24.6927
v -0.661898 2.033127 -24.6927
v -0.556636 2.033127 -24.6927
v -0.451374 2.033127 -24.6927
v -0.34611 2.033127 -24.6927
v -0.240848 2.033127 -24.6927
v -0.135583 2.033127 -24.6927
v -0.135583 1.92781 -24.60502
v -0.240848 1.92781 -24.60502
v -0.34611 1.92781 -24.60502
v -0.451374 1.92781 -24.60502
v -0.556636 1.92781 -24.60502
v -0.6619 1.92781 -24.60502
v -0.767159 1.92781 -24.60502
v -0.872428 1.92781 -24.60502
v -0.977688 1.92781 -24.60502
v -1.082948 1.92781 -24.60502
v -1.188219 1.92781 -24.60502
v -1.293479 1.92781 -24.60502
v -1.398738 1.92781 -24.60502
v -1.504009 1.92781 -24.60502
v -1.609269 1.92781 -24.60502
v -1.714529 1.92781 -24.60502
v -1.819799 1.92781 -24.60502
v -1.925059 1.92781 -24.60502
v -0.135583 0.138336 -24.60502
v -0.240848 0.138336 -24.60502
v -0.34611 0.138336 -24.60502
v -0.451374 0.138336 -24.60502
v -0.556636 0.138336 -24.60502
v -0.6619 0.138336 -24.60502
v -0.767159 0.138336 -24.60502
v -0.872428 0.138336 -24.60502
v -0.977688 0.138336 -24.60502
v -1.082948 0.138336 -24.60502
v -1.188219 0.138336 -24.60502
v -1.293478 0.138336 -24.60502
v -1.398738 0.138336 -24.60502
v -1.504009 0.138336 -24.60502
v -1.609269 0.138336 -24.60502
v -1.714528 0.138336 -24.60502
v -1.819799 0.138336 -24.60502
v -1.925059 0.138336 -24.60502
v -0.135583 0.056909 -24.6927
v -0.240848 0.056909 -24.6927
v -0.34611 0.056909 -24.6927
v -0.451374 0.056909 -24.6927
v -0.556636 0.056909 -24.6927
v -0.6619 0.056909 -24.6927
v -0.767159 0.056909 -24.6927
v -0.872428 0.056909 -24.6927
v -0.977688 0.056909 -24.6927
v -1.082948 0.056909 -24.6927
v -1.188219 0.056909 -24.6927
v -1.293478 0.056909 -24.6927
v -1.398738 0.056909 -24.6927
v -1.504009 0.056909 -24.6927
v -1.609269 0.056909 -24.6927
v -1.714528 0.056909 -24.6927
v -1.819799 0.056909 -24.6927
v -1.925059 0.056909 -24.6927
v -1.925059 0.067087 -24.6927
v -1.819799 0.067087 -24.6927
v -1.714528 0.067087 -24.6927
v -1.609269 0.067087 -24.6927
v -1.504009 0.067087 -24.6927
v -1.398738 0.067087 -24.6927
v -1.293478 0.067087 -24.6927
v -1.188219 0.067087 -24.6927
v -1.082948 0.067087 -24.6927
v -0.977688 0.067087 -24.6927
v -0.872428 0.067087 -24.6927
v -0.767159 0.067087 -24.6927
v -0.661898 0.067087 -24.6927
v -0.556636 0.067087 -24.6927
v -0.451374 0.067087 -24.6927
v -0.34611 0.067087 -24.6927
v -0.240848 0.067087 -24.6927
v -0.135583 0.067087 -24.6927
v -1.925059 0.069937 -24.68618
v -1.819799 0.069937 -24.68618
v -1.714528 0.069937 -24.68618
v -1.609269 0.069937 -24.68618
v -1.504009 0.069937 -24.68618
v -1.398738 0.069937 -24.68618
v -1.293478 0.069937 -24.68618
v -1.188219 0.069937 -24.68618
v -1.082948 0.069937 -24.68618
v -0.977688 0.069937 -24.68618
v -0.872428 0.069937 -24.68618
v -0.767159 0.069937 -24.68618
v -0.661898 0.069937 -24.68618
v -0.556636 0.069937 -24.68618
v -0.451374 0.069937 -24.68618
v -0.34611 0.069937 -24.68618
v -0.240848 0.069937 -24.68618
v -0.135583 0.069937 -24.68618
v -1.925059 0.077266 -24.68252
v -1.819799 0.077266 -24.68252
v -1.714528 0.077266 -24.68252
v -1.609269 0.077266 -24.68252
v -1.504009 0.077266 -24.68252
v -1.398738 0.077266 -24.68252
v -1.293478 0.077266 -24.68252
v -1.188219 0.077266 -24.68252
v -1.082948 0.077266 -24.68252
v -0.977688 0.077266 -24.68252
v -0.872428 0.077266 -24.68252
v -0.767159 0.077266 -24.68252
v -0.661898 0.077266 -24.68252
v -0.556636 0.077266 -24.68252
v -0.451374 0.077266 -24.68252
v -0.34611 0.077266 -24.68252
v -0.240848 0.077266 -24.68252
v -0.135583 0.077266 -24.68252
v -1.925059 0.077266 -24.67641
v -1.819799 0.077266 -24.67641
v -1.714528 0.077266 -24.67641
v -1.609269 0.077266 -24.67641
v -1.504009 0.077266 -24.67641
v -1.398738 0.077266 -24.67641
v -1.293478 0.077266 -24.67641
v -1.188219 0.077266 -24.67641
v -1.082948 0.077266 -24.67641
v -0.977688 0.077266 -24.67641
v -0.872428 0.077266 -24.67641
v -0.767159 0.077266 -24.67641
v -0.661898 0.077266 -24.67641
v -0.556636 0.077266 -24.67641
v -0.451374 0.077266 -24.67641
v -0.34611 0.077266 -24.67641
v -0.240848 0.077266 -24.67641
v -0.135583 0.077266 -24.67641
v -1.925059 0.092167 -24.67096
v -1.819799 0.092167 -24.67096
v -1.714528 0.092167 -24.67096
v -1.609269 0.092167 -24.67096
v -1.504009 0.092167 -24.67096
v -1.398738 0.092167 -24.67096
v -1.293478 0.092167 -24.67096
v -1.188219 0.092167 -24.67096
v -1.082948 0.092167 -24.67096
v -0.977688 0.092167 -24.67096
v -0.872428 0.092167 -24.67096
v -0.767159 0.092167 -24.67096
v -0.661898 0.092167 -24.67096
v -0.556636 0.092167 -24.67096
v -0.451374 0.092167 -24.67096
v -0.34611 0.092167 -24.67096
v -0.240848 0.092167 -24.67096
v -0.135583 0.092167 -24.67096
v -1.925059 0.099414 -24.65866
v -1.819799 0.099414 -24.65866
v -1.714528 0.099414 -24.65866
v -1.609269 0.099414 -24.65866
v -1.504009 0.099414 -24.65866
v -1.398738 0.099414 -24.65866
v -1.293478 0.099414 -24.65866
v -1.188219 0.099414 -24.65866
v -1.082948 0.099414 -24.65866
v -0.977688 0.099414 -24.65866
v -0.872428 0.099414 -24.65866
v -0.767159 0.099414 -24.65866
v -0.661898 0.099414 -24.65866
v -0.556636 0.099414 -24.65866
v -0.451374 0.099414 -24.65866
v -0.34611 0.099414 -24.65866
v -0.240848 0.099414 -24.65866
v -0.135583 0.099414 -24.65866
v -1.925059 0.105765 -24.64384
v -1.819799 0.105765 -24.64384
v -1.714528 0.105765 -24.64384
v -1.609269 0.105765 -24.64384
v -1.504009 0.105765 -24.64384
v -1.398738 0.105765 -24.64384
v -1.293478 0.105765 -24.64384
v -1.188219 0.105765 -24.64384
v -1.082948 0.105765 -24.64384
v -0.977688 0.105765 -24.64384
v -0.872428 0.105765 -24.64384
v -0.767159 0.105765 -24.64384
v -0.661898 0.105765 -24.64384
v -0.556636 0.105765 -24.64384
v -0.451374 0.105765 -24.64384
v -0.34611 0.105765 -24.64384
v -0.240848 0.105765 -24.64384
v -0.135583 0.105765 -24.64384
v -1.925059 0.116107 -24.6348
v -1.819799 0.116107 -24.6348
v -1.714528 0.116107 -24.6348
v -1.609269 0.116107 -24.6348
v -1.504009 0.116107 -24.6348
v -1.398738 0.116107 -24.6348
v -1.293478 0.116107 -24.6348
v -1.188219 0.116107 -24.6348
v -1.082948 0.116107 -24.6348
v -0.977688 0.116107 -24.6348
v -0.872428 0.116107 -24.6348
v -0.767159 0.116107 -24.6348
v -0.661898 0.116107 -24.6348
v -0.556636 0.116107 -24.6348
v -0.451374 0.116107 -24.6348
v -0.34611 0.116107 -24.6348
v -0.240848 0.116107 -24.6348
v -0.135583 0.116107 -24.6348
v -1.925059 0.132229 -24.63163
v -1.819799 0.132229 -24.63163
v -1.714528 0.132229 -24.63163
v -1.609269 0.132229 -24.63163
v -1.504009 0.132229 -24.63163
v -1.398738 0.132229 -24.63163
v -1.293478 0.132229 -24.63163
v -1.188219 0.132229 -24.63163
v -1.082948 0.132229 -24.63163
v -0.977688 0.132229 -24.63163
v -0.872428 0.132229 -24.63163
v -0.767159 0.132229 -24.63163
v -0.661898 0.132229 -24.63163
v -0.556636 0.132229 -24.63163
v -0.451374 0.132229 -24.63163
v -0.34611 0.132229 -24.63163
v -0.240848 0.132229 -24.63163
v -0.135583 0.132229 -24.63163
v -1.925059 0.132229 -24.62552
v -1.819799 0.132229 -24.62552
v -1.714528 0.132229 -24.62552
v -1.609269 0.132229 -24.62552
v -1.504009 0.132229 -24.62552
v -1.398738 0.132229 -24.62552
v -1.293478 0.132229 -24.62552
v -1.188219 0.132229 -24.62552
v -1.082948 0.132229 -24.62552
v -0.977688 0.132229 -24.62552
v -0.872428 0.132229 -24.62552
v -0.767159 0.132229 -24.62552
v -0.661898 0.132229 -24.62552
v -0.556636 0.132229 -24.62552
v -0.451374 0.132229 -24.62552
v -0.34611 0.132229 -24.62552
v -0.240848 0.132229 -24.62552
v -0.135583 0.132229 -24.62552
v -1.925059 0.138336 -24.62552
v -1.819799 0.138336 -24.62552
v -1.714528 0.138336 -24.62552
v -1.609269 0.138336 -24.62552
v -1.504009 0.138336 -24.62552
v -1.398738 0.138336 -24.62552
v -1.293478 0.138336 -24.62552
v -1.188219 0.138336 -24.62552
v -1.082948 0.138336 -24.62552
v -0.977688 0.138336 -24.62552
v -0.872428 0.138336 -24.62552
v -0.767159 0.138336 -24.62552
v -0.661898 0.138336 -24.62552
v -0.556636 0.138336 -24.62552
v -0.451374 0.138336 -24.62552
v -0.34611 0.138336 -24.62552
v -0.240848 0.138336 -24.62552
v -0.135583 0.138336 -24.62552
v -1.925059 0.138336 -24.61127
v -1.819799 0.138336 -24.61127
v -1.714528 0.138336 -24.61127
v -1.609269 0.138336 -24.61127
v -1.504009 0.138336 -24.61127
v -1.398738 0.138336 -24.61127
v -1.293478 0.138336 -24.61127
v -1.188219 0.138336 -24.61127
v -1.082948 0.138336 -24.61127
v -0.977688 0.138336 -24.61127
v -0.872428 0.138336 -24.61127
v -0.767159 0.138336 -24.61127
v -0.661898 0.138336 -24.61127
v -0.556636 0.138336 -24.61127
v -0.451374 0.138336 -24.61127
v -0.34611 0.138336 -24.61127
v -0.240848 0.138336 -24.61127
v -0.135583 0.138336 -24.61127
v -0.135583 1.92781 -24.61127
v -0.240848 1.92781 -24.61127
v -0.34611 1.92781 -24.61127
v -0.451374 1.92781 -24.61127
v -0.556636 1.92781 -24.61127
v -0.6619 1.92781 -24.61127
v -0.767159 1.92781 -24.61127
v -0.872428 1.92781 -24.61127
v -0.977688 1.92781 -24.61127
v -1.082948 1.92781 -24.61127
v -1.188219 1.92781 -24.61127
v -1.293479 1.92781 -24.61127
v -1.398738 1.92781 -24.61127
v -1.504009 1.92781 -24.61127
v -1.609269 1.92781 -24.61127
v -1.714529 1.92781 -24.61127
v -1.819799 1.92781 -24.61127
v -1.925059 1.92781 -24.61127
v -1.925059 1.92781 -24.62145
v -1.819799 1.92781 -24.62145
v -1.714529 1.92781 -24.62145
v -1.609269 1.92781 -24.62145
v -1.504009 1.92781 -24.62145
v -1.398738 1.92781 -24.62145
v -1.293479 1.92781 -24.62145
v -1.188219 1.92781 -24.62145
v -1.082948 1.92781 -24.62145
v -0.977688 1.92781 -24.62145
v -0.872428 1.92781 -24.62145
v -0.767159 1.92781 -24.62145
v -0.661898 1.92781 -24.62145
v -0.556636 1.92781 -24.62145
v -0.451374 1.92781 -24.62145
v -0.34611 1.92781 -24.62145
v -0.240848 1.92781 -24.62145
v -0.135583 1.92781 -24.62145
v -1.925059 1.934324 -24.6243
v -1.819799 1.934324 -24.6243
v -1.714529 1.934324 -24.6243
v -1.609269 1.934324 -24.6243
v -1.504009 1.934324 -24.6243
v -1.398738 1.934324 -24.6243
v -1.293479 1.934324 -24.6243
v -1.188219 1.934324 -24.6243
v -1.082948 1.934324 -24.6243
v -0.977688 1.934324 -24.6243
v -0.872428 1.934324 -24.6243
v -0.767159 1.934324 -24.6243
v -0.661898 1.934324 -24.6243
v -0.556636 1.934324 -24.6243
v -0.451374 1.934324 -24.6243
v -0.34611 1.934324 -24.6243
v -0.240848 1.934324 -24.6243
v -0.135583 1.934324 -24.6243
v -1.925059 1.937989 -24.63163
v -1.819799 1.937989 -24.63163
v -1.714529 1.937989 -24.63163
v -1.609269 1.937988 -24.63163
v -1.504009 1.937988 -24.63163
v -1.398738 1.937988 -24.63163
v -1.293479 1.937988 -24.63163
v -1.188219 1.937988 -24.63163
v -1.082948 1.937988 -24.63163
v -0.977688 1.937988 -24.63163
v -0.872428 1.937988 -24.63163
v -0.767159 1.937988 -24.63163
v -0.661898 1.937988 -24.63163
v -0.556636 1.937988 -24.63163
v -0.451374 1.937988 -24.63163
v -0.34611 1.937988 -24.63163
v -0.240848 1.937988 -24.63163
v -0.135583 1.937988 -24.63163
v -1.925059 1.944096 -24.63163
v -1.819799 1.944096 -24.63163
v -1.714529 1.944096 -24.63163
v -1.609269 1.944096 -24.63163
v -1.504009 1.944096 -24.63163
v -1.398738 1.944096 -24.63163
v -1.293479 1.944096 -24.63163
v -1.188219 1.944096 -24.63163
v -1.082948 1.944096 -24.63163
v -0.977688 1.944096 -24.63163
v -0.872428 1.944096 -24.63163
v -0.767159 1.944096 -24.63163
v -0.661898 1.944096 -24.63163
v -0.556636 1.944095 -24.63163
v -0.451374 1.944095 -24.63163
v -0.34611 1.944095 -24.63163
v -0.240848 1.944095 -24.63163
v -0.135583 1.944095 -24.63163
v -1.925059 1.949551 -24.64653
v -1.819799 1.949551 -24.64653
v -1.714529 1.949551 -24.64653
v -1.609269 1.949551 -24.64653
v -1.504009 1.949551 -24.64653
v -1.398738 1.949551 -24.64653
v -1.293479 1.949551 -24.64653
v -1.188219 1.949551 -24.64653
v -1.082948 1.949551 -24.64653
v -0.977688 1.949551 -24.64653
v -0.872428 1.949551 -24.64653
v -0.767159 1.949551 -24.64653
v -0.661898 1.949551 -24.64653
v -0.556636 1.949551 -24.64653
v -0.451374 1.949551 -24.64653
v -0.34611 1.949551 -24.64653
v -0.240848 1.949551 -24.64653
v -0.135583 1.949551 -24.64653
v -1.925059 1.961847 -24.65378
v -1.819799 1.961847 -24.65378
v -1.714529 1.961847 -24.65378
v -1.609269 1.961847 -24.65378
v -1.504009 1.961847 -24.65378
v -1.398738 1.961847 -24.65378
v -1.293479 1.961847 -24.65378
v -1.188219 1.961847 -24.65378
v -1.082948 1.961847 -24.65378
v -0.977688 1.961847 -24.65378
v -0.872428 1.961847 -24.65378
v -0.767159 1.961847 -24.65378
v -0.661898 1.961847 -24.65378
v -0.556636 1.961847 -24.65378
v -0.451374 1.961847 -24.65378
v -0.34611 1.961847 -24.65378
v -0.240848 1.961847 -24.65378
v -0.135583 1.961847 -24.65378
v -1.925059 1.976667 -24.66013
v -1.819799 1.976667 -24.66013
v -1.714529 1.976667 -24.66013
v -1.609269 1.976667 -24.66013
v -1.504009 1.976667 -24.66013
v -1.398738 1.976667 -24.66013
v -1.293479 1.976666 -24.66013
v -1.188219 1.976666 -24.66013
v -1.082948 1.976666 -24.66013
v -0.977688 1.976666 -24.66013
v -0.872428 1.976666 -24.66013
v -0.767159 1.976666 -24.66013
v -0.661898 1.976666 -24.66013
v -0.556636 1.976666 -24.66013
v -0.451374 1.976666 -24.66013
v -0.34611 1.976666 -24.66013
v -0.240848 1.976666 -24.66013
v -0.135583 1.976666 -24.66013
v -1.925059 1.985705 -24.67047
v -1.819799 1.985705 -24.67047
v -1.714529 1.985705 -24.67047
v -1.609269 1.985705 -24.67047
v -1.504009 1.985705 -24.67047
v -1.398738 1.985705 -24.67047
v -1.293479 1.985705 -24.67047
v -1.188219 1.985705 -24.67047
v -1.082948 1.985705 -24.67047
v -0.977688 1.985705 -24.67047
v -0.872428 1.985705 -24.67047
v -0.767159 1.985705 -24.67047
v -0.661898 1.985705 -24.67047
v -0.556636 1.985705 -24.67047
v -0.451374 1.985705 -24.67047
v -0.34611 1.985705 -24.67047
v -0.240848 1.985705 -24.67047
v -0.135583 1.985705 -24.67047
v -1.925059 1.988881 -24.68659
v -1.819799 1.988881 -24.68659
v -1.714529 1.988881 -24.68659
v -1.609269 1.988881 -24.68659
v -1.504009 1.988881 -24.68659
v -1.398738 1.988881 -24.68659
v -1.293479 1.988881 -24.68659
v -1.188219 1.988881 -24.68659
v -1.082948 1.988881 -24.68659
v -0.977688 1.988881 -24.68659
v -0.872428 1.988881 -24.68659
v -0.767159 1.988881 -24.68659
v -0.661898 1.988881 -24.68659
v -0.556636 1.988881 -24.68659
v -0.451374 1.988881 -24.68659
v -0.34611 1.988881 -24.68659
v -0.240848 1.988881 -24.68659
v -0.135583 1.988881 -24.68659
v -1.925059 1.994988 -24.68659
v -1.819799 1.994988 -24.68659
v -1.714529 1.994988 -24.68659
v -1.609269 1.994988 -24.68659
v -1.504009 1.994988 -24.68659
v -1.398738 1.994988 -24.68659
v -1.293479 1.994988 -24.68659
v -1.188219 1.994988 -24.68659
v -1.082948 1.994988 -24.68659
v -0.977688 1.994988 -24.68659
v -0.872428 1.994988 -24.68659
v -0.767159 1.994988 -24.68659
v -0.661898 1.994988 -24.68659
v -0.556636 1.994988 -24.68659
v -0.451374 1.994988 -24.68659
v -0.34611 1.994988 -24.68659
v -0.240848 1.994988 -24.68659
v -0.135583 1.994988 -24.68659
v -1.925059 1.994988 -24.6927
v -1.819799 1.994988 -24.6927
v -1.714529 1.994988 -24.6927
v -1.609269 1.994988 -24.6927
v -1.504009 1.994988 -24.6927
v -1.398738 1.994988 -24.6927
v -1.293479 1.994988 -24.6927
v -1.188219 1.994988 -24.6927
v -1.082948 1.994988 -24.6927
v -0.977688 1.994988 -24.6927
v -0.872428 1.994988 -24.6927
v -0.767159 1.994988 -24.6927
v -0.661898 1.994988 -24.6927
v -0.556636 1.994988 -24.6927
v -0.451374 1.994988 -24.6927
v -0.34611 1.994988 -24.6927
v -0.240848 1.994988 -24.6927
v -0.135583 1.994988 -24.6927
v -1.925059 2.009238 -24.6927
v -1.819799 2.009238 -24.6927
v -1.714529 2.009238 -24.6927
v -1.609269 2.009238 -24.6927
v -1.504009 2.009238 -24.6927
v -1.398738 2.009238 -24.6927
v -1.293479 2.009238 -24.6927
v -1.188219 2.009238 -24.6927
v -1.082948 2.009238 -24.6927
v -0.977688 2.009238 -24.6927
v -0.872428 2.009238 -24.6927
v -0.767159 2.009238 -24.6927
v -0.661898 2.009238 -24.6927
v -0.556636 2.009238 -24.6927
v -0.451374 2.009238 -24.6927
v -0.34611 2.009238 -24.6927
v -0.240848 2.009238 -24.6927
v -0.135583 2.009238 -24.6927
v -0.135583 0.679275 -24.60502
v -0.240848 0.679275 -24.60502
v -0.34611 0.679275 -24.60502
v -0.451374 0.679275 -24.60502
v -0.556636 0.679275 -24.60502
v -0.6619 0.679275 -24.60502
v -0.767159 0.679275 -24.60502
v -0.872428 0.679275 -24.60502
v -0.977688 0.679275 -24.60502
v -1.082948 0.679275 -24.60502
v -1.188219 0.679275 -24.60502
v -1.293478 0.679275 -24.60502
v -1.398738 0.679275 -24.60502
v -1.504009 0.679275 -24.60502
v -1.609269 0.679275 -24.60502
v -1.714528 0.679275 -24.60502
v -1.819799 0.679275 -24.60502
v -1.925059 0.679275 -24.60502
v -0.135583 0.595363 -24.60502
v -0.240848 0.595363 -24.60502
v -0.34611 0.595363 -24.60502
v -0.451374 0.595363 -24.60502
v -0.556636 0.595363 -24.60502
v -0.6619 0.595363 -24.60502
v -0.767159 0.595363 -24.60502
v -0.872428 0.595363 -24.60502
v -0.977688 0.595363 -24.60502
v -1.082948 0.595363 -24.60502
v -1.188219 0.595363 -24.60502
v -1.293478 0.595363 -24.60502
v -1.398738 0.595363 -24.60502
v -1.504009 0.595363 -24.60502
v -1.609269 0.595363 -24.60502
v -1.714528 0.595363 -24.60502
v -1.819799 0.595363 -24.60502
v -1.925059 0.595363 -24.60502
v -0.135583 1.862098 -24.60502
v -0.240848 1.862098 -24.60502
v -0.34611 1.862098 -24.60502
v -0.451374 1.862098 -24.60502
v -0.556636 1.862098 -24.60502
v -0.6619 1.862098 -24.60502
v -0.767159 1.862098 -24.60502
v -0.872428 1.862098 -24.60502
v -0.977688 1.862098 -24.60502
v -1.082948 1.862098 -24.60502
v -1.188219 1.862098 -24.60502
v -1.293479 1.862098 -24.60502
v -1.398738 1.862098 -24.60502
v -1.504009 1.862098 -24.60502
v -1.609269 1.862098 -24.60502
v -1.714529 1.862098 -24.60502
v -1.819799 1.862098 -24.60502
v -1.925059 1.862098 -24.60502
v -0.135583 1.796385 -24.60502
v -0.240848 1.796385 -24.60502
v -0.34611 1.796385 -24.60502
v -0.451374 1.796385 -24.60502
v -0.556636 1.796385 -24.60502
v -0.6619 1.796385 -24.60502
v -0.767159 1.796385 -24.60502
v -0.872428 1.796385 -24.60502
v -0.977688 1.796385 -24.60502
v -1.082948 1.796385 -24.60502
v -1.188219 1.796385 -24.60502
v -1.293479 1.796385 -24.60502
v -1.398738 1.796385 -24.60502
v -1.504009 1.796385 -24.60502
v -1.609269 1.796385 -24.60502
v -1.714529 1.796385 -24.60502
v -1.819799 1.796385 -24.60502
v -1.925059 1.796385 -24.60502
v -0.135583 1.730673 -24.60502
v -0.240848 1.730673 -24.60502
v -0.34611 1.730673 -24.60502
v -0.451374 1.730673 -24.60502
v -0.556636 1.730673 -24.60502
v -0.6619 1.730673 -24.60502
v -0.767159 1.730673 -24.60502
v -0.872428 1.730673 -24.60502
v -0.977688 1.730673 -24.60502
v -1.082948 1.730673 -24.60502
v -1.188219 1.730673 -24.60502
v -1.293479 1.730673 -24.60502
v -1.398738 1.730673 -24.60502
v -1.504009 1.730673 -24.60502
v -1.609269 1.730673 -24.60502
v -1.714529 1.730673 -24.60502
v -1.819799 1.730673 -24.60502
v -1.925059 1.730673 -24.60502
v -0.135583 1.664961 -24.60502
v -0.240848 1.664961 -24.60502
v -0.34611 1.664961 -24.60502
v -0.451374 1.664961 -24.60502
v -0.556636 1.664961 -24.60502
v -0.6619 1.664961 -24.60502
v -0.767159 1.664961 -24.60502
v -0.872428 1.664961 -24.60502
v -0.977688 1.664961 -24.60502
v -1.082948 1.664961 -24.60502
v -1.188219 1.664961 -24.60502
v -1.293479 1.664961 -24.60502
v -1.398738 1.664961 -24.60502
v -1.504009 1.664961 -24.60502
v -1.609269 1.664961 -24.60502
v -1.714529 1.664961 -24.60502
v -1.819799 1.664961 -24.60502
v -1.925059 1.664961 -24.60502
v -0.135583 1.599248 -24.60502
v -0.240848 1.599248 -24.60502
v -0.34611 1.599248 -24.60502
v -0.451374 1.599248 -24.60502
v -0.556636 1.599248 -24.60502
v -0.6619 1.599248 -24.60502
v -0.767159 1.599248 -24.60502
v -0.872428 1.599248 -24.60502
v -0.977688 1.599248 -24.60502
v -1.082948 1.599248 -24.60502
v -1.188219 1.599248 -24.60502
v -1.293479 1.599248 -24.60502
v -1.398738 1.599248 -24.60502
v -1.504009 1.599248 -24.60502
v -1.609269 1.599248 -24.60502
v -1.714529 1.599248 -24.60502
v -1.819799 1.599248 -24.60502
v -1.925059 1.599248 -24.60502
v -0.135583 1.533536 -24.60502
v -0.240848 1.533536 -24.60502
v -0.34611 1.533536 -24.60502
v -0.451374 1.533536 -24.60502
v -0.556636 1.533536 -24.60502
v -0.6619 1.533536 -24.60502
v -0.767159 1.533536 -24.60502
v -0.872428 1.533536 -24.60502
v -0.977688 1.533536 -24.60502
v -1.082948 1.533536 -24.60502
v -1.188219 1.533536 -24.60502
v -1.293479 1.533536 -24.60502
v -1.398738 1.533536 -24.60502
v -1.504009 1.533536 -24.60502
v -1.609269 1.533536 -24.60502
v -1.714529 1.533536 -24.60502
v -1.819799 1.533536 -24.60502
v -1.925059 1.533536 -24.60502
v -0.135583 1.467823 -24.60502
v -0.240848 1.467823 -24.60502
v -0.34611 1.467823 -24.60502
v -0.451374 1.467823 -24.60502
v -0.556636 1.467823 -24.60502
v -0.6619 1.467823 -24.60502
v -0.767159 1.467823 -24.60502
v -0.872428 1.467823 -24.60502
v -0.977688 1.467823 -24.60502
v -1.082948 1.467823 -24.60502
v -1.188219 1.467823 -24.60502
v -1.293479 1.467823 -24.60502
v -1.398738 1.467823 -24.60502
v -1.504009 1.467823 -24.60502
v -1.609269 1.467823 -24.60502
v -1.714529 1.467823 -24.60502
v -1.819799 1.467823 -24.60502
v -1.925059 1.467824 -24.60502
v -0.135583 1.402111 -24.60502
v -0.240848 1.402111 -24.60502
v -0.34611 1.402111 -24.60502
v -0.451374 1.402111 -24.60502
v -0.556636 1.402111 -24.60502
v -0.6619 1.402111 -24.60502
v -0.767159 1.402111 -24.60502
v -0.872428 1.402111 -24.60502
v -0.977688 1.402111 -24.60502
v -1.082948 1.402111 -24.60502
v -1.188219 1.402111 -24.60502
v -1.293479 1.402111 -24.60502
v -1.398738 1.402111 -24.60502
v -1.504009 1.402111 -24.60502
v -1.609269 1.402111 -24.60502
v -1.714529 1.402111 -24.60502
v -1.819799 1.402111 -24.60502
v -1.925059 1.402111 -24.60502
v -0.135583 1.336399 -24.60502
v -0.240848 1.336399 -24.60502
v -0.34611 1.336399 -24.60502
v -0.451374 1.336399 -24.60502
v -0.556636 1.336399 -24.60502
v -0.6619 1.336399 -24.60502
v -0.767159 1.336399 -24.60502
v -0.872428 1.336399 -24.60502
v -0.977688 1.336399 -24.60502
v -1.082948 1.336399 -24.60502
v -1.188219 1.336399 -24.60502
v -1.293479 1.336399 -24.60502
v -1.398738 1.336399 -24.60502
v -1.504009 1.336399 -24.60502
v -1.609269 1.336399 -24.60502
v -1.714529 1.336399 -24.60502
v -1.819799 1.336399 -24.60502
v -1.925059 1.336399 -24.60502
v -0.135583 1.270686 -24.60502
v -0.240848 1.270686 -24.60502
v -0.34611 1.270686 -24.60502
v -0.451374 1.270686 -24.60502
v -0.556636 1.270686 -24.60502
v -0.6619 1.270686 -24.60502
v -0.767159 1.270686 -24.60502
v -0.872428 1.270686 -24.60502
v -0.977688 1.270686 -24.60502
v -1.082948 1.270686 -24.60502
v -1.188219 1.270686 -24.60502
v -1.293478 1.270686 -24.60502
v -1.398738 1.270686 -24.60502
v -1.504009 1.270686 -24.60502
v -1.609269 1.270686 -24.60502
v -1.714529 1.270686 -24.60502
v -1.819799 1.270686 -24.60502
v -1.925059 1.270686 -24.60502
v -0.135583 1.204974 -24.60502
v -0.240848 1.204974 -24.60502
v -0.34611 1.204974 -24.60502
v -0.451374 1.204974 -24.60502
v -0.556636 1.204974 -24.60502
v -0.6619 1.204974 -24.60502
v -0.767159 1.204974 -24.60502
v -0.872428 1.204974 -24.60502
v -0.977688 1.204974 -24.60502
v -1.082948 1.204974 -24.60502
v -1.188219 1.204974 -24.60502
v -1.293478 1.204974 -24.60502
v -1.398738 1.204974 -24.60502
v -1.504009 1.204974 -24.60502
v -1.609269 1.204974 -24.60502
v -1.714529 1.204974 -24.60502
v -1.819799 1.204974 -24.60502
v -1.925059 1.204974 -24.60502
v -0.135583 1.139262 -24.60502
v -0.240848 1.139262 -24.60502
v -0.34611 1.139262 -24.60502
v -0.451374 1.139262 -24.60502
v -0.556636 1.139262 -24.60502
v -0.6619 1.139262 -24.60502
v -0.767159 1.139262 -24.60502
v -0.872428 1.139262 -24.60502
v -0.977688 1.139262 -24.60502
v -1.082948 1.139262 -24.60502
v -1.188219 1.139262 -24.60502
v -1.293478 1.139262 -24.60502
v -1.398738 1.139262 -24.60502
v -1.504009 1.139262 -24.60502
v -1.609269 1.139262 -24.60502
v -1.714529 1.139262 -24.60502
v -1.819799 1.139262 -24.60502
v -1.925059 1.139262 -24.60502
v -0.135583 1.073549 -24.60502
v -0.240848 1.073549 -24.60502
v -0.34611 1.073549 -24.60502
v -0.451374 1.073549 -24.60502
v -0.556636 1.073549 -24.60502
v -0.6619 1.073549 -24.60502
v -0.767159 1.073549 -24.60502
v -0.872428 1.073549 -24.60502
v -0.977688 1.073549 -24.60502
v -1.082948 1.073549 -24.60502
v -1.188219 1.073549 -24.60502
v -1.293478 1.073549 -24.60502
v -1.398738 1.073549 -24.60502
v -1.504009 1.073549 -24.60502
v -1.609269 1.073549 -24.60502
v -1.714529 1.073549 -24.60502
v -1.819799 1.073549 -24.60502
v -1.925059 1.073549 -24.60502
v -0.135583 1.007837 -24.60502
v -0.240848 1.007837 -24.60502
v -0.34611 1.007837 -24.60502
v -0.451374 1.007837 -24.60502
v -0.556636 1.007837 -24.60502
v -0.6619 1.007837 -24.60502
v -0.767159 1.007837 -24.60502
v -0.872428 1.007837 -24.60502
v -0.977688 1.007837 -24.60502
v -1.082948 1.007837 -24.60502
v -1.188219 1.007837 -24.60502
v -1.293478 1.007837 -24.60502
v -1.398738 1.007837 -24.60502
v -1.504009 1.007837 -24.60502
v -1.609269 1.007837 -24.60502
v -1.714529 1.007837 -24.60502
v -1.819799 1.007837 -24.60502
v -1.925059 1.007837 -24.60502
v -0.135583 0.942125 -24.60502
v -0.240848 0.942125 -24.60502
v -0.34611 0.942125 -24.60502
v -0.451374 0.942125 -24.60502
v -0.556636 0.942125 -24.60502
v -0.6619 0.942125 -24.60502
v -0.767159 0.942125 -24.60502
v -0.872428 0.942125 -24.60502
v -0.977688 0.942125 -24.60502
v -1.082948 0.942125 -24.60502
v -1.188219 0.942125 -24.60502
v -1.293478 0.942125 -24.60502
v -1.398738 0.942125 -24.60502
v -1.504009 0.942125 -24.60502
v -1.609269 0.942125 -24.60502
v -1.714529 0.942125 -24.60502
v -1.819799 0.942125 -24.60502
v -1.925059 0.942125 -24.60502
v -0.135583 0.876412 -24.60502
v -0.240848 0.876412 -24.60502
v -0.34611 0.876412 -24.60502
v -0.451374 0.876412 -24.60502
v -0.556636 0.876412 -24.60502
v -0.6619 0.876412 -24.60502
v -0.767159 0.876412 -24.60502
v -0.872428 0.876412 -24.60502
v -0.977688 0.876412 -24.60502
v -1.082948 0.876412 -24.60502
v -1.188219 0.876412 -24.60502
v -1.293478 0.876412 -24.60502
v -1.398738 0.876412 -24.60502
v -1.504009 0.876412 -24.60502
v -1.609269 0.876412 -24.60502
v -1.714529 0.876412 -24.60502
v -1.819799 0.876412 -24.60502
v -1.925059 0.876412 -24.60502
v -0.135583 0.8107 -24.60502
v -0.240848 0.8107 -24.60502
v -0.34611 0.8107 -24.60502
v -0.451374 0.8107 -24.60502
v -0.556636 0.8107 -24.60502
v -0.6619 0.8107 -24.60502
v -0.767159 0.8107 -24.60502
v -0.872428 0.8107 -24.60502
v -0.977688 0.8107 -24.60502
v -1.082948 0.8107 -24.60502
v -1.188219 0.8107 -24.60502
v -1.293478 0.8107 -24.60502
v -1.398738 0.8107 -24.60502
v -1.504009 0.8107 -24.60502
v -1.609269 0.8107 -24.60502
v -1.714529 0.8107 -24.60502
v -1.819799 0.8107 -24.60502
v -1.925059 0.8107 -24.60502
v -0.135583 0.744987 -24.60502
v -0.240848 0.744987 -24.60502
v -0.34611 0.744987 -24.60502
v -0.451374 0.744987 -24.60502
v -0.556636 0.744987 -24.60502
v -0.6619 0.744987 -24.60502
v -0.767159 0.744987 -24.60502
v -0.872428 0.744987 -24.60502
v -0.977688 0.744987 -24.60502
v -1.082948 0.744987 -24.60502
v -1.188219 0.744987 -24.60502
v -1.293478 0.744987 -24.60502
v -1.398738 0.744987 -24.60502
v -1.504009 0.744987 -24.60502
v -1.609269 0.744987 -24.60502
v -1.714529 0.744987 -24.60502
v -1.819799 0.744987 -24.60502
v -1.925059 0.744987 -24.60502
v -1.925059 1.862411 -24.623
v -1.819799 1.862411 -24.623
v -1.714529 1.862411 -24.623
v -1.609269 1.862411 -24.623
v -1.504009 1.862411 -24.623
v -1.398738 1.862411 -24.623
v -1.293479 1.862411 -24.623
v -1.188219 1.862411 -24.623
v -1.082948 1.862411 -24.623
v -0.977688 1.862411 -24.623
v -0.872428 1.862411 -24.623
v -0.767159 1.862411 -24.623
v -0.661898 1.862411 -24.623
v -0.556636 1.862411 -24.623
v -0.451374 1.862411 -24.623
v -0.34611 1.862411 -24.623
v -0.240848 1.862411 -24.623
v -0.135583 1.862411 -24.623
v -1.925059 1.796698 -24.623
v -1.819799 1.796698 -24.623
v -1.714529 1.796698 -24.623
v -1.609269 1.796698 -24.623
v -1.504009 1.796698 -24.623
v -1.398738 1.796698 -24.623
v -1.293479 1.796698 -24.623
v -1.188219 1.796698 -24.623
v -1.082948 1.796698 -24.623
v -0.977688 1.796698 -24.623
v -0.872428 1.796698 -24.623
v -0.767159 1.796698 -24.623
v -0.661898 1.796698 -24.623
v -0.556636 1.796698 -24.623
v -0.451374 1.796698 -24.623
v -0.34611 1.796698 -24.623
v -0.240848 1.796698 -24.623
v -0.135583 1.796698 -24.623
v -1.925059 1.730986 -24.623
v -1.819799 1.730986 -24.623
v -1.714529 1.730986 -24.623
v -1.609269 1.730986 -24.623
v -1.504009 1.730986 -24.623
v -1.398738 1.730986 -24.623
v -1.293479 1.730986 -24.623
v -1.188219 1.730986 -24.623
v -1.082948 1.730986 -24.623
v -0.977688 1.730986 -24.623
v -0.872428 1.730986 -24.623
v -0.767159 1.730986 -24.623
v -0.661898 1.730986 -24.623
v -0.556636 1.730986 -24.623
v -0.451374 1.730986 -24.623
v -0.34611 1.730986 -24.623
v -0.240848 1.730986 -24.623
v -0.135583 1.730986 -24.623
v -1.925059 1.665274 -24.623
v -1.819799 1.665274 -24.623
v -1.609269 1.665274 -24.62795
v -1.504009 1.665274 -24.62131
v -1.398738 1.665274 -24.633
v -1.293479 1.665274 -24.61383
v -1.188219 1.665274 -24.66361
v -1.082948 1.665274 -24.63922
v -0.977688 1.665274 -24.623
v -0.872428 1.665274 -24.623
v -0.767159 1.665274 -24.623
v -0.661898 1.665274 -24.623
v -0.556636 1.665274 -24.623
v -0.451374 1.665274 -24.623
v -0.34611 1.665274 -24.623
v -0.240848 1.665274 -24.623
v -0.135583 1.665274 -24.623
v -1.925059 1.599561 -24.623
v -1.819799 1.599561 -24.623
v -1.714529 1.599561 -24.623
v -1.188219 1.599561 -24.655
v -1.082948 1.599561 -24.623
v -0.661898 1.599561 -24.623
v -0.556636 1.599561 -24.623
v -0.451374 1.599561 -24.623
v -0.34611 1.599561 -24.623
v -0.240848 1.599561 -24.623
v -0.135583 1.599561 -24.623
v -1.925059 1.533849 -24.623
v -1.819799 1.533849 -24.623
v -1.188219 1.533849 -24.64226
v -1.082948 1.533849 -24.65235
v -0.977688 1.533849 -24.623
v -0.745359 1.533849 -24.62207
v -0.661898 1.533849 -24.623
v -0.556636 1.533849 -24.623
v -0.451374 1.533849 -24.623
v -0.34611 1.533849 -24.623
v -0.240848 1.533849 -24.623
v -0.135583 1.533849 -24.623
v -1.925059 1.468137 -24.623
v -1.819799 1.468137 -24.623
v -1.703139 1.468137 -24.63894
v -1.188219 1.468137 -24.623
v -1.082948 1.468137 -24.623
v -0.977688 1.468137 -24.623
v -0.744709 1.468137 -24.63749
v -0.661898 1.468137 -24.623
v -0.556636 1.468137 -24.623
v -0.451374 1.468137 -24.623
v -0.34611 1.468137 -24.623
v -0.240848 1.468137 -24.623
v -0.135583 1.468137 -24.623
v -1.925059 1.402424 -24.623
v -1.819799 1.402424 -24.623
v -1.714529 1.402424 -24.623
v -1.293479 1.402424 -24.623
v -1.188219 1.402424 -24.623
v -1.082948 1.402424 -24.623
v -0.977688 1.402424 -24.623
v -0.872428 1.402424 -24.63894
v -0.556636 1.402424 -24.623
v -0.451374 1.402424 -24.623
v -0.34611 1.402424 -24.623
v -0.240848 1.402424 -24.623
v -0.135583 1.402424 -24.623
v -1.925059 1.336712 -24.623
v -1.819799 1.336712 -24.623
v -1.293479 1.336712 -24.623
v -1.188219 1.336712 -24.623
v -1.082948 1.336712 -24.623
v -0.977688 1.336712 -24.623
v -0.872428 1.336712 -24.61261
v -0.556636 1.336712 -24.623
v -0.451374 1.336712 -24.623
v -0.34611 1.336712 -24.623
v -0.240848 1.336712 -24.623
v -0.135583 1.336712 -24.623
v -1.925059 1.271 -24.623
v -1.819799 1.271 -24.623
v -1.714529 1.271 -24.623
v -1.293478 1.271 -24.623
v -1.188219 1.271 -24.623
v -1.082948 1.271 -24.623
v -0.977688 1.271 -24.623
v -0.675848 1.271 -24.68379
v -0.424273 1.271 -24.65457
v -0.34611 1.271 -24.623
v -0.240848 1.271 -24.623
v -0.135583 1.270999 -24.623
v -1.925059 1.205287 -24.623
v -1.819799 1.205287 -24.623
v -1.714529 1.205287 -24.60847
v -1.398738 1.205287 -24.61438
v -1.293478 1.205287 -24.64001
v -1.188219 1.205287 -24.66913
v -1.082948 1.205287 -24.623
v -0.977688 1.205287 -24.623
v -0.34611 1.205287 -24.623
v -0.240848 1.205287 -24.623
v -0.135583 1.205287 -24.623
v -1.925059 1.139575 -24.623
v -1.819799 1.139575 -24.623
v -1.682609 1.139575 -24.6403
v -1.293478 1.139575 -24.67109
v -1.082948 1.139575 -24.63806
v -0.977688 1.139575 -24.63095
v -0.451374 1.139575 -24.61532
v -0.34611 1.139575 -24.623
v -0.240848 1.139575 -24.623
v -0.135583 1.139575 -24.623
v -1.925059 1.073862 -24.623
v -1.819799 1.073862 -24.623
v -1.714529 1.073862 -24.61159
v -1.398738 1.073862 -24.61599
v -1.293478 1.073862 -24.64311
v -1.188219 1.073862 -24.623
v -0.977688 1.073862 -24.61002
v -0.790128 1.073862 -24.67856
v -0.34611 1.073862 -24.623
v -0.240848 1.073862 -24.623
v -0.135583 1.073862 -24.623
v -1.925059 1.00815 -24.623
v -1.819799 1.00815 -24.623
v -1.416298 1.00815 -24.64795
v -1.293478 1.00815 -24.623
v -1.188219 1.00815 -24.623
v -1.082948 1.00815 -24.65269
v -0.977688 1.00815 -24.623
v -0.872428 1.00815 -24.623
v -0.451374 1.00815 -24.61536
v -0.34611 1.00815 -24.64483
v -0.240848 1.00815 -24.623
v -1.925059 0.942438 -24.623
v -1.819799 0.942438 -24.623
v -1.740368 0.942438 -24.64031
v -1.504009 0.942438 -24.64878
v -1.293478 0.942438 -24.623
v -1.188219 0.942438 -24.623
v -1.082948 0.942438 -24.623
v -0.977688 0.942438 -24.623
v -0.790128 0.942438 -24.66255
v -0.135583 0.942438 -24.61478
v -1.925059 0.876725 -24.623
v -1.819799 0.876725 -24.623
v -1.714529 0.876725 -24.623
v -1.504009 0.876725 -24.60932
v -1.398738 0.876725 -24.623
v -1.293478 0.876725 -24.65274
v -1.188219 0.876725 -24.623
v -1.082948 0.876725 -24.623
v -0.977688 0.876725 -24.65854
v -0.855058 0.876725 -24.64353
v -0.135583 0.876725 -24.61258
v -1.925059 0.811013 -24.623
v -1.819799 0.811013 -24.623
v -1.676428 0.811013 -24.63041
v -1.581748 0.811013 -24.63757
v -1.504009 0.811013 -24.623
v -1.398738 0.811013 -24.64995
v -1.293478 0.811013 -24.6575
v -1.188219 0.811013 -24.6701
v -1.082948 0.811013 -24.623
v -0.977688 0.811013 -24.63959
v -0.661898 0.837983 -24.62391
v -0.568428 0.816284 -24.65629
v -0.34611 0.816219 -24.63655
v -0.240848 0.838521 -24.66069
v -1.925059 0.745301 -24.623
v -1.819799 0.745301 -24.623
v -1.504009 0.745301 -24.623
v -1.398738 0.745301 -24.623
v -1.293478 0.745301 -24.623
v -1.188219 0.745301 -24.67362
v -1.082948 0.745301 -24.65733
v -0.977688 0.745301 -24.623
v -0.872428 0.745301 -24.623
v -0.767159 0.745301 -24.623
v -0.661898 0.745301 -24.623
v -0.556636 0.745301 -24.623
v -0.451374 0.745301 -24.623
v -0.34611 0.745301 -24.623
v -0.240848 0.745301 -24.623
v -0.135583 0.745301 -24.623
v -0.826088 1.149653 -24.63909
v -0.830208 1.139575 -24.63479
v -0.824878 1.128042 -24.63382
v -0.822798 1.144539 -24.6373
v -0.822029 1.142999 -24.63723
v -0.820949 1.141015 -24.63642
v -0.824008 1.137761 -24.63504
v -0.824169 1.141182 -24.63588
v -0.821529 1.139414 -24.63576
v -0.821589 1.135194 -24.63533
v -0.822209 1.133855 -24.63471
v -0.820758 1.137551 -24.63558
v -0.882469 1.230299 -24.64319
v -0.915498 1.205287 -24.64577
v -0.867678 1.186644 -24.65007
v -0.889478 1.218031 -24.64782
v -0.882409 1.215318 -24.64845
v -0.887599 1.210203 -24.65028
v -0.899309 1.202552 -24.64976
v -0.901409 1.208993 -24.64876
v -0.893098 1.206051 -24.65071
v -0.877029 1.199448 -24.65095
v -0.881858 1.195749 -24.65133
v -0.885088 1.202908 -24.65143
v -0.872428 1.295233 -24.61477
v -0.896959 1.271 -24.6186
v -0.877718 1.249538 -24.62925
v -0.876069 1.283339 -24.61665
v -0.873199 1.280272 -24.6182
v -0.875928 1.275387 -24.61875
v -0.885668 1.267788 -24.6202
v -0.884919 1.274595 -24.61803
v -0.879968 1.271308 -24.61941
v -0.875139 1.263553 -24.62349
v -0.878788 1.260113 -24.624
v -0.876829 1.267736 -24.62117
v -0.877339 1.443702 -24.65094
v -0.904349 1.468137 -24.64937
v -0.877569 1.490613 -24.64606
v -0.882339 1.455693 -24.65314
v -0.878369 1.458927 -24.65265
v -0.881938 1.463817 -24.65361
v -0.892108 1.471478 -24.65185
v -0.892088 1.464513 -24.65257
v -0.886399 1.467912 -24.65335
v -0.878449 1.476057 -24.65087
v -0.882469 1.479571 -24.65065
v -0.881979 1.471668 -24.65279
v -0.874789 1.513994 -24.63359
v -0.895049 1.533849 -24.623
v -0.867838 1.554614 -24.63073
v -0.876998 1.523755 -24.62839
v -0.872959 1.526734 -24.62955
v -0.875228 1.530637 -24.62691
v -0.883289 1.536914 -24.62415
v -0.884279 1.530893 -24.62458
v -0.878568 1.53394 -24.62515
v -0.870429 1.541564 -24.62851
v -0.873429 1.544446 -24.62694
v -0.874049 1.537439 -24.62643
v -0.864449 1.569981 -24.64553
v -0.889489 1.599561 -24.65009
v -0.864449 1.629142 -24.64553
v -0.826788 1.599561 -24.64815
v -0.865959 1.584574 -24.64999
v -0.856638 1.58448 -24.64968
v -0.860038 1.592911 -24.65161
v -0.874889 1.604 -24.65161
v -0.874889 1.595122 -24.65161
v -0.866289 1.599561 -24.65223
v -0.856638 1.614642 -24.64968
v -0.865959 1.614549 -24.64999
v -0.860038 1.606212 -24.65161
v -0.843009 1.595185 -24.65063
v -0.843009 1.603938 -24.65063
v -0.852189 1.599561 -24.65179
v -0.785379 1.599561 -24.62032
v -0.767159 1.619332 -24.61264
v -0.747388 1.599561 -24.61264
v -0.761118 1.581341 -24.60791
v -0.776438 1.602495 -24.61655
v -0.775579 1.59688 -24.61587
v -0.770628 1.599732 -24.61424
v -0.764228 1.609628 -24.61264
v -0.769868 1.609628 -24.61378
v -0.766749 1.604095 -24.6132
v -0.756249 1.596821 -24.61192
v -0.757099 1.602495 -24.61264
v -0.762048 1.599691 -24.61249
v -0.766758 1.590251 -24.61135
v -0.761129 1.59034 -24.61024
v -0.765338 1.595525 -24.61213
v -0.736899 1.4198 -24.63982
v -0.716979 1.402424 -24.63647
v -0.733199 1.411112 -24.63968
v -0.725909 1.404752 -24.63845
v -0.676937 1.402424 -24.62668
v -0.661898 1.417904 -24.623
v -0.64642 1.402424 -24.623
v -0.666649 1.390359 -24.63146
v -0.669556 1.404721 -24.62488
v -0.670199 1.400592 -24.62614
v -0.665716 1.402737 -24.62485
v -0.659603 1.410306 -24.623
v -0.664131 1.410306 -24.62355
v -0.662059 1.406069 -24.62374
v -0.654694 1.400647 -24.62425
v -0.654018 1.404721 -24.623
v -0.658844 1.402777 -24.62401
v -0.666577 1.396344 -24.62783
v -0.662044 1.396262 -24.62732
v -0.66317 1.399873 -24.62564
v -0.681646 1.352262 -24.65816
v -0.668943 1.336712 -24.66245
v -0.68272 1.317696 -24.66575
v -0.681818 1.344534 -24.66257
v -0.683896 1.341875 -24.663
v -0.683212 1.338876 -24.66483
v -0.677478 1.333854 -24.66522
v -0.677366 1.339083 -24.66408
v -0.681196 1.336325 -24.66553
v -0.684288 1.329267 -24.66577
v -0.682383 1.327084 -24.66639
v -0.683401 1.333149 -24.66608
v -0.599437 1.271 -24.64453
v -0.556636 1.319119 -24.62288
v -0.509866 1.271 -24.63386
v -0.578429 1.27814 -24.63378
v -0.571694 1.271 -24.63545
v -0.563344 1.276654 -24.63014
v -0.549696 1.2955 -24.62439
v -0.562988 1.2955 -24.62598
v -0.556171 1.284603 -24.62654
v -0.538966 1.271 -24.63156
v -0.532822 1.27814 -24.62835
v -0.548339 1.276654 -24.62835
v -0.436229 1.248241 -24.64357
v -0.416336 1.214711 -24.62743
v -0.451374 1.184549 -24.62338
v -0.43844 1.233303 -24.63636
v -0.443617 1.229072 -24.63586
v -0.442941 1.222959 -24.63259
v -0.433573 1.211825 -24.62758
v -0.431357 1.221364 -24.63061
v -0.439739 1.217403 -24.62993
v -0.449156 1.205779 -24.62848
v -0.446148 1.200999 -24.62613
v -0.445483 1.212326 -24.62922
v -0.451374 1.105369 -24.62663
v -0.418876 1.073862 -24.63205
v -0.451374 1.042352 -24.62664
v -0.446548 1.089899 -24.63037
v -0.451374 1.085383 -24.62956
v -0.447552 1.079142 -24.6314
v -0.434831 1.069183 -24.63232
v -0.434831 1.078541 -24.63232
v -0.442191 1.073862 -24.6323
v -0.451374 1.062339 -24.62956
v -0.446548 1.057824 -24.63038
v -0.447552 1.068581 -24.6314
v -0.157667 1.00815 -24.63723
v -0.135583 1.029758 -24.63508
v -0.113501 1.00815 -24.63723
v -0.135583 0.987343 -24.6327
v -0.146821 1.011361 -24.6382
v -0.146818 1.005056 -24.63785
v -0.140563 1.008229 -24.63839
v -0.132303 1.019145 -24.63743
v -0.138865 1.019145 -24.63743
v -0.135583 1.013059 -24.63829
v -0.12435 1.005056 -24.63785
v -0.124346 1.011361 -24.6382
v -0.130604 1.008229 -24.63839
v -0.138867 0.997565 -24.63621
v -0.132301 0.997565 -24.63621
v -0.135583 1.003495 -24.63776
v -0.836329 1.073862 -24.64738
v -0.872428 1.030304 -24.623
v -0.915988 1.073862 -24.623
v -0.844009 1.106239 -24.62947
v -0.854048 1.067399 -24.63542
v -0.850019 1.078911 -24.63615
v -0.861888 1.072923 -24.6301
v -0.878889 1.051683 -24.623
v -0.867069 1.051683 -24.62662
v -0.871949 1.063539 -24.62573
v -0.890548 1.078611 -24.62395
v -0.894609 1.067399 -24.623
v -0.879818 1.072697 -24.62469
v -0.852648 1.089981 -24.63002
v -0.864278 1.09043 -24.62631
v -0.865408 1.080516 -24.62726
v -0.870208 0.934058 -24.62562
v -0.881479 0.942438 -24.623
v -0.872428 0.951492 -24.623
v -0.864269 0.942438 -24.62693
v -0.872629 0.93816 -24.62434
v -0.870079 0.938202 -24.62492
v -0.871898 0.940585 -24.62411
v -0.877038 0.943781 -24.623
v -0.876719 0.941202 -24.62339
v -0.874299 0.94251 -24.62344
v -0.871218 0.947048 -24.62359
v -0.873768 0.947048 -24.623
v -0.872419 0.944512 -24.62351
v -0.867969 0.941174 -24.62538
v -0.868268 0.943781 -24.625
v -0.870419 0.942491 -24.62432
v -0.795088 0.976553 -24.65883
v -0.824668 1.00815 -24.64374
v -0.795088 1.038124 -24.66596
v -0.799469 0.992053 -24.65542
v -0.795088 0.996354 -24.6587
v -0.798559 1.002659 -24.65622
v -0.810169 1.012583 -24.65101
v -0.810158 1.003467 -24.64997
v -0.803459 1.007954 -24.65373
v -0.795088 1.018877 -24.6613
v -0.799459 1.023434 -24.65905
v -0.798559 1.012996 -24.65742
v -0.414217 0.847968 -24.63879
v -0.457794 0.817927 -24.63309
v -0.509415 0.84644 -24.64743
v -0.437509 0.85112 -24.63847
v -0.44466 0.855423 -24.6406
v -0.45379 0.855061 -24.63988
v -0.467178 0.840279 -24.63776
v -0.452727 0.840629 -24.63648
v -0.460936 0.850326 -24.63899
v -0.479396 0.854865 -24.64375
v -0.485481 0.850389 -24.64284
v -0.469537 0.854826 -24.64132
v -0.155196 0.852767 -24.62841
v -0.143264 0.828623 -24.63779
v -0.160736 0.806938 -24.63598
v -0.198938 0.835194 -24.6491
v -0.158947 0.842256 -24.63435
v -0.167141 0.843437 -24.63591
v -0.166419 0.836905 -24.63812
v -0.155644 0.826806 -24.63878
v -0.154783 0.833831 -24.63762
v -0.162521 0.831309 -24.63897
v -0.169985 0.819999 -24.63978
v -0.161723 0.81926 -24.63815
v -0.167655 0.826691 -24.63981
v -0.183101 0.837025 -24.64346
v -0.183902 0.830293 -24.64456
v -0.174967 0.832777 -24.64153
v -0.822809 0.811013 -24.65087
v -0.858169 0.787077 -24.64041
v -0.876579 0.811013 -24.64468
v -0.852068 0.837974 -24.64757
v -0.837319 0.807486 -24.64916
v -0.836448 0.815005 -24.65021
v -0.844819 0.811329 -24.64899
v -0.858139 0.798924 -24.64448
v -0.850158 0.798788 -24.64536
v -0.852278 0.805772 -24.64706
v -0.863819 0.815026 -24.64706
v -0.864659 0.807396 -24.646
v -0.856939 0.81128 -24.64759
v -0.847028 0.824754 -24.64902
v -0.855009 0.824721 -24.6481
v -0.850858 0.817231 -24.64867
v -0.745379 0.816596 -24.62563
v -0.767159 0.78854 -24.62502
v -0.787709 0.811013 -24.63523
v -0.756038 0.810548 -24.62569
v -0.759009 0.813872 -24.62718
v -0.763359 0.809971 -24.62689
v -0.770209 0.799568 -24.6269
v -0.763949 0.800364 -24.62547
v -0.767028 0.805298 -24.6268
v -0.774498 0.81183 -24.6307
v -0.777628 0.807681 -24.63058
v -0.770468 0.809022 -24.6285
v -1.714529 1.630311 -24.64027
v -1.752369 1.665274 -24.64663
v -1.714529 1.700236 -24.64027
v -1.676169 1.665274 -24.64825
v -1.720179 1.647518 -24.64795
v -1.708808 1.647512 -24.64819
v -1.714479 1.657425 -24.65128
v -1.733749 1.670492 -24.65023
v -1.733749 1.660055 -24.65023
v -1.722998 1.665274 -24.65189
v -1.708808 1.683036 -24.64819
v -1.720179 1.683029 -24.64795
v -1.714479 1.673122 -24.65128
v -1.695038 1.66006 -24.65105
v -1.695038 1.670488 -24.65105
v -1.705888 1.665274 -24.65225
v -1.392238 1.321675 -24.63299
v -1.382319 1.336712 -24.62997
v -1.393288 1.329193 -24.63196
v -1.389658 1.334697 -24.63085
v -1.271538 1.455354 -24.63601
v -1.252339 1.468137 -24.63627
v -1.267028 1.461745 -24.63719
v -1.259999 1.466424 -24.63729
v -1.398738 1.171913 -24.62812
v -1.364298 1.139575 -24.6354
v -1.398738 1.106963 -24.6288
v -1.393619 1.156025 -24.63376
v -1.398738 1.151347 -24.63276
v -1.394688 1.144953 -24.63547
v -1.381218 1.134726 -24.63648
v -1.381218 1.144383 -24.63638
v -1.389019 1.139543 -24.63668
v -1.398738 1.127622 -24.63302
v -1.393619 1.122984 -24.63411
v -1.394688 1.134087 -24.63559
v -1.407229 0.974222 -24.63507
v -1.363698 0.942438 -24.623
v -1.398738 0.907396 -24.623
v -1.432779 0.942438 -24.63134
v -1.397909 0.958662 -24.62917
v -1.408159 0.958519 -24.63037
v -1.400989 0.949442 -24.62709
v -1.380899 0.937238 -24.623
v -1.382108 0.947126 -24.62479
v -1.391598 0.942091 -24.62457
v -1.403789 0.924595 -24.62424
v -1.393539 0.924595 -24.623
v -1.399008 0.93438 -24.62436
v -1.417239 0.947222 -24.62904
v -1.416069 0.937238 -24.62725
v -1.407189 0.942158 -24.62646
v -1.376059 1.284283 -24.6373
v -1.356049 1.271 -24.63589
v -1.375779 1.258358 -24.63413
v -1.371149 1.277787 -24.63762
v -1.374049 1.275941 -24.63736
v -1.370908 1.273305 -24.6375
v -1.363828 1.269137 -24.63663
v -1.363868 1.272955 -24.6371
v -1.367568 1.271073 -24.63727
v -1.373949 1.266481 -24.6362
v -1.370999 1.264544 -24.63599
v -1.370868 1.268953 -24.63697
v -1.690089 0.745301 -24.64209
v -1.714529 0.721808 -24.63897
v -1.738979 0.745301 -24.64209
v -1.702249 0.766477 -24.64223
v -1.702098 0.741806 -24.6436
v -1.700388 0.748552 -24.6441
v -1.707869 0.745138 -24.64461
v -1.718169 0.733353 -24.64248
v -1.710899 0.733353 -24.64248
v -1.713998 0.739909 -24.64407
v -1.725218 0.748415 -24.64408
v -1.726959 0.741806 -24.6436
v -1.718849 0.745042 -24.6446
v -1.704619 0.755919 -24.64415
v -1.711849 0.756124 -24.64414
v -1.711158 0.749911 -24.64481
v -1.598559 0.770868 -24.62867
v -1.580979 0.745301 -24.623
v -1.609269 0.717008 -24.623
v -1.636809 0.745301 -24.62951
v -1.599589 0.758211 -24.62587
v -1.607858 0.75836 -24.62686
v -1.606248 0.750919 -24.62517
v -1.594859 0.741103 -24.623
v -1.593359 0.749166 -24.62386
v -1.601829 0.745077 -24.62386
v -1.613359 0.730895 -24.62397
v -1.605069 0.730895 -24.623
v -1.608729 0.738791 -24.6239
v -1.621759 0.749067 -24.62716
v -1.623289 0.741102 -24.62632
v -1.614409 0.745007 -24.62533
v -1.728909 0.971597 -24.63263
v -1.754968 1.00815 -24.623
v -1.714529 1.047994 -24.61608
v -1.727899 0.989678 -24.62787
v -1.721899 0.995258 -24.62692
v -1.723388 1.002451 -24.62492
v -1.735118 1.014062 -24.62198
v -1.737138 1.002633 -24.62446
v -1.727599 1.008478 -24.62334
v -1.716639 1.023209 -24.62087
v -1.720529 1.028438 -24.61948
v -1.720958 1.015216 -24.62216
v -1.723599 1.307018 -24.63905
v -1.762748 1.336712 -24.64182
v -1.723599 1.366406 -24.63905
v -1.731959 1.321576 -24.64399
v -1.726159 1.32588 -24.64357
v -1.731799 1.33174 -24.64575
v -1.746119 1.341107 -24.64499
v -1.746119 1.332317 -24.64499
v -1.738299 1.336712 -24.64622
v -1.726159 1.347543 -24.64357
v -1.731959 1.351847 -24.64399
v -1.731799 1.341684 -24.64575
v -1.712638 1.500486 -24.63957
v -1.756689 1.533849 -24.63416
v -1.718419 1.567267 -24.63146
v -1.722478 1.516814 -24.63899
v -1.716829 1.521655 -24.6386
v -1.723189 1.528244 -24.63831
v -1.739298 1.538798 -24.63584
v -1.738478 1.528931 -24.63703
v -1.730528 1.533869 -24.6374
v -1.718938 1.54608 -24.63564
v -1.725459 1.550879 -24.63486
v -1.724179 1.539465 -24.63694
#end vertices

#begin 6502 textures vertices 
vt 0.06535298 0.05670222 0
vt 0.7012855 0.2777472 0
vt 0.2435311 0.3510456 0
vt 0.8159597 0.4809804 0
vt 0.718578 0.269719 0
vt 0.6132599 0.7189807 0
vt 0.722956 0.4866128 0
vt 0.7043111 0.4787075 0
vt 0.7995941 0.4875931 0
vt 0.8133142 0.4814174 0
vt 0.8009091 0.4866964 0
vt 0.8015845 0.486543 0
vt 0.8021475 0.4861596 0
vt 0.8039503 0.4856767 0
vt 0.8053911 0.4850221 0
vt 0.8069314 0.4840527 0
vt 0.8083255 0.4832508 0
vt 0.8100699 0.482724 0
vt 0.8106185 0.4823232 0
vt 0.8115092 0.4820218 0
vt 0.812178 0.4815974 0
vt 0.5949594 0.7102763 0
vt 0.6104995 0.7176677 0
vt 0.5961356 0.7108358 0
vt 0.5969572 0.7112265 0
vt 0.5979039 0.7116768 0
vt 0.5986097 0.7120125 0
vt 0.6004433 0.7128846 0
vt 0.6020925 0.7136691 0
vt 0.6039557 0.7145553 0
vt 0.6055427 0.7153101 0
vt 0.6074415 0.7162132 0
vt 0.6081472 0.7165489 0
vt 0.6088529 0.7168845 0
vt 0.7199274 0.4861338 0
vt 0.7049585 0.4791672 0
vt 0.718158 0.485861 0
vt 0.7175669 0.4854235 0
vt 0.7168118 0.4853018 0
vt 0.7152015 0.4841426 0
vt 0.7136788 0.4833446 0
vt 0.7117446 0.4826908 0
vt 0.7100697 0.4820408 0
vt 0.7084375 0.4809428 0
vt 0.7076888 0.4807666 0
vt 0.7068266 0.4802296 0
vt 0.7059826 0.4799097 0
vt 0.7160783 0.2708796 0
vt 0.7019422 0.2774423 0
vt 0.7150084 0.2713762 0
vt 0.7142611 0.2717232 0
vt 0.7133997 0.2721231 0
vt 0.7127578 0.2724211 0
vt 0.7110899 0.2731954 0
vt 0.7095897 0.2738919 0
vt 0.7078948 0.2746788 0
vt 0.7064512 0.275349 0
vt 0.7047239 0.2761509 0
vt 0.704082 0.2764489 0
vt 0.7034401 0.2767469 0
vt 0.4096622 0.7184326 0
vt 0.935492 0.02344424 0
vt 0.2477075 0.3514695 0
vt 0.382491 0.5472914 0
vt 0.4068735 0.7100666 0
vt 0.406432 0.7138702 0
vt 0.406718 0.711452 0
vt 0.4065657 0.712752 0
vt 0.397942 0.7034245 0
vt 0.4017398 0.703716 0
vt 0.3990432 0.7035228 0
vt 0.4003449 0.7036181 0
vt 0.630076 0.5120628 0
vt 0.6299652 0.5082276 0
vt 0.6302083 0.5106158 0
vt 0.6303349 0.509259 0
vt 0.6425696 0.5082822 0
vt 0.6355049 0.5186343 0
vt 0.6423161 0.5093266 0
vt 0.6369467 0.5187564 0
vt 0.486123 0.4601602 0
vt 0.4599188 0.4606265 0
vt 0.02744899 0.2905436 0
vt 0.03268035 0.004336841 0
vt 0.4187733 0.4460026 0
vt 0.4188944 0.5806629 0
vt 0.7643281 0.6007097 0
vt 0.4076892 0.4460127 0
vt 0.98286 0.9772598 0
vt 0.009137603 0.00390625 0
vt 0.02258927 0.2904548 0
vt 0.02404534 0.2904813 0
vt 0.02927669 0.004274571 0
vt 0.02781996 0.004248073 0
vt 0.02157175 0.2904363 0
vt 0.02680311 0.004228862 0
vt 0.02039922 0.2904144 0
vt 0.02563057 0.004207664 0
vt 0.01952479 0.2903985 0
vt 0.02475614 0.004191765 0
vt 0.01725392 0.2903574 0
vt 0.02248527 0.004150031 0
vt 0.01521159 0.2903197 0
vt 0.02044294 0.004112934 0
vt 0.01290428 0.2902779 0
vt 0.01813564 0.004070537 0
vt 0.0109388 0.2902415 0
vt 0.01617015 0.004034765 0
vt 0.008587771 0.2901991 0
vt 0.01381912 0.003991706 0
vt 0.007713339 0.2901825 0
vt 0.01294469 0.003975807 0
vt 0.00683957 0.2901666 0
vt 0.01207092 0.003959908 0
vt 0.004800555 0.2901295 0
vt 0.01003191 0.003922811 0
vt 0.4089165 0.5806721 0
vt 0.4082311 0.5806727 0
vt 0.4081099 0.4460121 0
vt 0.4087953 0.4460115 0
vt 0.4093953 0.5806716 0
vt 0.4092741 0.4460112 0
vt 0.4099468 0.580671 0
vt 0.4098257 0.4460107 0
vt 0.410358 0.5806707 0
vt 0.4102369 0.4460104 0
vt 0.4114264 0.5806698 0
vt 0.4113053 0.4460092 0
vt 0.4123875 0.580669 0
vt 0.4122663 0.4460084 0
vt 0.4134731 0.5806678 0
vt 0.413352 0.4460075 0
vt 0.4143979 0.580667 0
vt 0.4142765 0.4460066 0
vt 0.4155042 0.5806661 0
vt 0.4153831 0.4460058 0
vt 0.4159154 0.5806658 0
vt 0.4157943 0.4460052 0
vt 0.4163266 0.5806652 0
vt 0.4162055 0.4460049 0
vt 0.4172859 0.5806644 0
vt 0.4171648 0.446004 0
vt 0.4111881 0.7206699 0
vt 0.4881646 0.5748324 0
vt 0.4079579 0.7161075 0
vt 0.3660918 0.5456787 0
vt 0.3485001 0.5448606 0
vt 0.3308498 0.5442922 0
vt 0.3133346 0.543608 0
vt 0.296313 0.5421691 0
vt 0.2797878 0.5398359 0
vt 0.263399 0.5370874 0
vt 0.2471472 0.5343664 0
vt 0.2310491 0.5317404 0
vt 0.2150967 0.5291919 0
vt 0.1992717 0.5266924 0
vt 0.1835569 0.5242371 0
vt 0.1679411 0.5218541 0
vt 0.1524207 0.5195947 0
vt 0.1369983 0.5175306 0
vt 0.1216784 0.5157509 0
vt 0.1064418 0.5142869 0
vt 0.09126922 0.5131501 0
vt 0.08047095 0.05613641 0
vt 0.09558848 0.0555718 0
vt 0.1107047 0.05500775 0
vt 0.1258199 0.05444349 0
vt 0.1409342 0.05387828 0
vt 0.1560475 0.05331147 0
vt 0.1711605 0.05274259 0
vt 0.1862739 0.05217139 0
vt 0.2013876 0.05159801 0
vt 0.2165025 0.05102287 0
vt 0.2316182 0.05044658 0
vt 0.2467346 0.04986964 0
vt 0.2618518 0.04929237 0
vt 0.6600741 0.1484822 0
vt 0.6635601 0.1366581 0
vt 0.6665918 0.1247101 0
vt 0.3272294 0.05156383 0
vt 0.3423567 0.0513301 0
vt 0.775596 0.6038432 0
vt 0.7865719 0.606466 0
vt 0.7974159 0.6086917 0
vt 0.8082416 0.6104063 0
vt 0.8192201 0.6116215 0
vt 0.8304536 0.6124177 0
vt 0.8419366 0.6130501 0
vt 0.8536343 0.6136266 0
vt 0.8654419 0.6141672 0
vt 0.877311 0.6146735 0
vt 0.8892159 0.6151291 0
vt 0.9012085 0.6153495 0
vt 0.9134244 0.6155068 0
vt 0.9257092 0.6159047 0
vt 0.9378203 0.6164255 0
vt 0.9498495 0.6168457 0
vt 0.9618097 0.617279 0
vt 0.9737072 0.617722 0
vt 0.9708456 0.9776767 0
vt 0.9588268 0.9779727 0
vt 0.9468285 0.9781961 0
vt 0.9348682 0.978368 0
vt 0.9229584 0.9785097 0
vt 0.9111033 0.9786402 0
vt 0.8993039 0.9787777 0
vt 0.8875614 0.9789374 0
vt 0.8758727 0.9791337 0
vt 0.8642373 0.9793792 0
vt 0.8526505 0.979686 0
vt 0.8411111 0.9800675 0
vt 0.8296144 0.9805391 0
vt 0.8181527 0.9811166 0
vt 0.8067161 0.981821 0
vt 0.7952843 0.9826773 0
vt 0.7838212 0.9837161 0
vt 0.7722643 0.9849647 0
vt 0.7237146 0.280783 0
vt 0.7288512 0.2918472 0
vt 0.7339883 0.3029125 0
vt 0.7391249 0.3139765 0
vt 0.7442614 0.3250406 0
vt 0.7493986 0.3361059 0
vt 0.7545352 0.3471701 0
vt 0.7596717 0.3582341 0
vt 0.7648087 0.3692991 0
vt 0.7699454 0.3803635 0
vt 0.775082 0.3914275 0
vt 0.7802189 0.4024924 0
vt 0.7853556 0.4135567 0
vt 0.7904923 0.4246207 0
vt 0.79563 0.4356856 0
vt 0.8007716 0.4467535 0
vt 0.8059275 0.4578346 0
vt 0.8111207 0.4689975 0
vt 0.7175003 0.4998345 0
vt 0.7116497 0.5121649 0
vt 0.7058354 0.5243595 0
vt 0.7000417 0.5365292 0
vt 0.6942546 0.5486934 0
vt 0.688469 0.5608568 0
vt 0.6826837 0.57302 0
vt 0.6768982 0.5851839 0
vt 0.6711131 0.5973468 0
vt 0.6653279 0.6095099 0
vt 0.6595422 0.6216741 0
vt 0.6537571 0.633837 0
vt 0.6479719 0.6460001 0
vt 0.6421862 0.6581644 0
vt 0.6364011 0.6703273 0
vt 0.6306159 0.6824903 0
vt 0.6248302 0.6946546 0
vt 0.619045 0.7068178 0
vt 0.06626055 0.08091762 0
vt 0.06716911 0.1051301 0
vt 0.06807603 0.1293406 0
vt 0.06897753 0.1535436 0
vt 0.06986905 0.1777418 0
vt 0.07074482 0.2019392 0
vt 0.07159981 0.2261333 0
vt 0.07244252 0.250323 0
vt 0.07326049 0.2745001 0
vt 0.0740014 0.2986763 0
vt 0.07473436 0.32288 0
vt 0.07546419 0.3470937 0
vt 0.07618995 0.3713022 0
vt 0.0769027 0.3954893 0
vt 0.0775714 0.4196089 0
vt 0.0781028 0.4435471 0
vt 0.07826824 0.4670775 0
vt 0.6982499 0.4909209 0
vt 0.706422 0.2888112 0
vt 0.7115587 0.2998754 0
vt 0.7166959 0.3109406 0
vt 0.7218324 0.3220046 0
vt 0.726969 0.3330688 0
vt 0.7321061 0.344134 0
vt 0.7372427 0.3551982 0
vt 0.7423793 0.3662622 0
vt 0.7475162 0.3773272 0
vt 0.752653 0.3883916 0
vt 0.7577895 0.3994556 0
vt 0.7629265 0.4105206 0
vt 0.7680631 0.4215848 0
vt 0.7731994 0.4326488 0
vt 0.7783351 0.4437131 0
vt 0.7834677 0.4547781 0
vt 0.7885866 0.4658442 0
vt 0.6954261 0.07904963 0
vt 0.7212148 0.2819436 0
vt 0.7263514 0.2930078 0
vt 0.7314885 0.304073 0
vt 0.7366251 0.315137 0
vt 0.7417617 0.3262012 0
vt 0.7468988 0.3372664 0
vt 0.7520354 0.3483306 0
vt 0.7571719 0.3593946 0
vt 0.7623089 0.3704596 0
vt 0.7674456 0.381524 0
vt 0.7725822 0.392588 0
vt 0.7777192 0.403653 0
vt 0.7828558 0.4147172 0
vt 0.7879925 0.4257813 0
vt 0.7931301 0.436846 0
vt 0.7982707 0.4479129 0
vt 0.803421 0.4589879 0
vt 0.8085713 0.4701059 0
vt 0.8074774 0.4705823 0
vt 0.8023471 0.4594806 0
vt 0.7972001 0.4484089 0
vt 0.7920601 0.4373426 0
vt 0.7869227 0.4262779 0
vt 0.781786 0.4152139 0
vt 0.7766493 0.4041496 0
vt 0.7715124 0.3930847 0
vt 0.7663758 0.3820207 0
vt 0.7612391 0.3709563 0
vt 0.7561021 0.3598913 0
vt 0.7509656 0.3488273 0
vt 0.7458289 0.3377631 0
vt 0.7406918 0.3266978 0
vt 0.7355552 0.3156337 0
vt 0.7304187 0.3045697 0
vt 0.7252816 0.2935045 0
vt 0.720145 0.2824402 0
vt 0.8067145 0.4709159 0
vt 0.8015967 0.4598247 0
vt 0.7964522 0.4487555 0
vt 0.7913126 0.4376895 0
vt 0.7861753 0.4266249 0
vt 0.7810386 0.4155608 0
vt 0.775902 0.4044966 0
vt 0.770765 0.3934317 0
vt 0.7656284 0.3823677 0
vt 0.7604917 0.3713032 0
vt 0.7553547 0.3602383 0
vt 0.7502182 0.3491743 0
vt 0.7450816 0.3381101 0
vt 0.7399445 0.3270448 0
vt 0.7348079 0.3159807 0
vt 0.7296713 0.3049167 0
vt 0.7245342 0.2938514 0
vt 0.7193976 0.2827872 0
vt 0.8058393 0.471301 0
vt 0.8007314 0.4602217 0
vt 0.79559 0.4491548 0
vt 0.7904511 0.4380893 0
vt 0.7853139 0.4270247 0
vt 0.7801773 0.4159607 0
vt 0.7750406 0.4048965 0
vt 0.7699037 0.3938315 0
vt 0.7647671 0.3827675 0
vt 0.7596304 0.3717031 0
vt 0.7544934 0.3606382 0
vt 0.7493569 0.3495742 0
vt 0.7442203 0.3385099 0
vt 0.7390831 0.3274447 0
vt 0.7339466 0.3163806 0
vt 0.72881 0.3053166 0
vt 0.7236729 0.2942513 0
vt 0.7185363 0.2831871 0
vt 0.8051898 0.4715906 0
vt 0.8000865 0.4605176 0
vt 0.7949475 0.4494525 0
vt 0.7898091 0.4383873 0
vt 0.784672 0.4273227 0
vt 0.7795354 0.4162587 0
vt 0.7743987 0.4051945 0
vt 0.7692617 0.3941296 0
vt 0.7641252 0.3830655 0
vt 0.7589885 0.3720011 0
vt 0.7538515 0.3609362 0
vt 0.748715 0.3498722 0
vt 0.7435783 0.338808 0
vt 0.7384412 0.3277427 0
vt 0.7333046 0.3166786 0
vt 0.7281681 0.3056146 0
vt 0.723031 0.2945493 0
vt 0.7178944 0.2834851 0
vt 0.803505 0.472345 0
vt 0.798411 0.4612875 0
vt 0.7932778 0.4502261 0
vt 0.7881408 0.4391615 0
vt 0.783004 0.4280971 0
vt 0.7778674 0.4170331 0
vt 0.7727308 0.4059689 0
vt 0.7675938 0.3949039 0
vt 0.7624573 0.3838399 0
vt 0.7573205 0.3727755 0
vt 0.7521836 0.3617105 0
vt 0.747047 0.3506465 0
vt 0.7419104 0.3395823 0
vt 0.7367733 0.328517 0
vt 0.7316367 0.3174529 0
vt 0.7265002 0.3063889 0
vt 0.7213631 0.2953237 0
vt 0.7162264 0.2842594 0
vt 0.8019952 0.473037 0
vt 0.7969046 0.461982 0
vt 0.791776 0.4509221 0
vt 0.7866402 0.4398579 0
vt 0.7815037 0.4287935 0
vt 0.7763672 0.4177296 0
vt 0.7712305 0.4066653 0
vt 0.7660936 0.3956004 0
vt 0.760957 0.3845364 0
vt 0.7558203 0.373472 0
vt 0.7506833 0.362407 0
vt 0.7455468 0.351343 0
vt 0.7404102 0.3402788 0
vt 0.7352731 0.3292135 0
vt 0.7301365 0.3181494 0
vt 0.7249999 0.3070854 0
vt 0.7198628 0.2960202 0
vt 0.7147262 0.2849559 0
vt 0.8002938 0.4738232 0
vt 0.7952038 0.4627679 0
vt 0.7900796 0.4517087 0
vt 0.7849451 0.4406446 0
vt 0.7798088 0.4295803 0
vt 0.7746724 0.4185164 0
vt 0.7695358 0.4074522 0
vt 0.7643988 0.3963872 0
vt 0.7592623 0.3853232 0
vt 0.7541255 0.3742588 0
vt 0.7489886 0.3631938 0
vt 0.743852 0.3521298 0
vt 0.7387154 0.3410656 0
vt 0.7335783 0.3300003 0
vt 0.7284417 0.3189362 0
vt 0.7233052 0.3078722 0
vt 0.718168 0.296807 0
vt 0.7130314 0.2857428 0
vt 0.7988522 0.4744896 0
vt 0.7937566 0.4634394 0
vt 0.7886348 0.452379 0
vt 0.7835012 0.4413148 0
vt 0.7783651 0.4302506 0
vt 0.7732287 0.4191866 0
vt 0.7680921 0.4081224 0
vt 0.7629551 0.3970574 0
vt 0.7578186 0.3859934 0
vt 0.7526818 0.374929 0
vt 0.7475449 0.3638641 0
vt 0.7424083 0.3528001 0
vt 0.7372717 0.3417359 0
vt 0.7321346 0.3306706 0
vt 0.726998 0.3196065 0
vt 0.7218615 0.3085425 0
vt 0.7167244 0.2974772 0
vt 0.7115878 0.286413 0
vt 0.797116 0.4752955 0
vt 0.7920264 0.4642428 0
vt 0.7869067 0.4531811 0
vt 0.7817737 0.4421167 0
vt 0.7766379 0.4310524 0
vt 0.7715015 0.4199885 0
vt 0.7663649 0.4089243 0
vt 0.7612279 0.3978593 0
vt 0.7560914 0.3867953 0
vt 0.7509547 0.3757309 0
vt 0.7458177 0.3646659 0
vt 0.7406812 0.3536019 0
vt 0.7355445 0.3425377 0
vt 0.7304074 0.3314724 0
vt 0.7252708 0.3204083 0
vt 0.7201343 0.3093443 0
vt 0.7149972 0.2982791 0
vt 0.7098605 0.2872149 0
vt 0.7964734 0.4755959 0
vt 0.7913837 0.4645417 0
vt 0.7862645 0.4534792 0
vt 0.7811318 0.4424147 0
vt 0.7759959 0.4313505 0
vt 0.7708596 0.4202865 0
vt 0.765723 0.4092223 0
vt 0.760586 0.3981573 0
vt 0.7554495 0.3870933 0
vt 0.7503127 0.3760289 0
vt 0.7451758 0.3649639 0
vt 0.7400392 0.3538999 0
vt 0.7349026 0.3428357 0
vt 0.7297655 0.3317705 0
vt 0.7246289 0.3207064 0
vt 0.7194924 0.3096423 0
vt 0.7143552 0.2985771 0
vt 0.7092186 0.2875129 0
vt 0.7958287 0.4758983 0
vt 0.7907414 0.4648409 0
vt 0.7856224 0.4537774 0
vt 0.7804898 0.4427128 0
vt 0.775354 0.4316485 0
vt 0.7702176 0.4205845 0
vt 0.765081 0.4095203 0
vt 0.7599441 0.3984553 0
vt 0.7548075 0.3873913 0
vt 0.7496708 0.3763269 0
vt 0.7445338 0.365262 0
vt 0.7393973 0.354198 0
vt 0.7342607 0.3431337 0
vt 0.7291236 0.3320685 0
vt 0.723987 0.3210044 0
vt 0.7188504 0.3099404 0
vt 0.7137133 0.2988751 0
vt 0.7085766 0.2878109 0
vt 0.7943261 0.4766089 0
vt 0.7892431 0.4655386 0
vt 0.7841244 0.4544731 0
vt 0.7789919 0.4434082 0
vt 0.7738561 0.4323439 0
vt 0.7687198 0.4212799 0
vt 0.7635832 0.4102157 0
vt 0.7584462 0.3991507 0
vt 0.7533097 0.3880867 0
vt 0.748173 0.3770223 0
vt 0.743036 0.3659573 0
vt 0.7378995 0.3548933 0
vt 0.7327628 0.3438291 0
vt 0.7276257 0.3327639 0
vt 0.7224891 0.3216998 0
vt 0.7173526 0.3106357 0
vt 0.7122155 0.2995705 0
vt 0.7070788 0.2885063 0
vt 0.6007445 0.6981134 0
vt 0.6065297 0.6859503 0
vt 0.6123154 0.673786 0
vt 0.6181005 0.661623 0
vt 0.6238856 0.6494601 0
vt 0.6296714 0.6372958 0
vt 0.6354566 0.6251327 0
vt 0.6412417 0.6129698 0
vt 0.6470274 0.6008056 0
vt 0.6528126 0.5886425 0
vt 0.6585977 0.5764796 0
vt 0.6643832 0.5643156 0
vt 0.6701683 0.5521525 0
vt 0.675953 0.5399895 0
vt 0.6817358 0.5278263 0
vt 0.6875112 0.5156609 0
vt 0.6932615 0.5034866 0
vt 0.6989639 0.4912806 0
vt 0.7001383 0.4918663 0
vt 0.6944375 0.5040509 0
vt 0.6886876 0.5162211 0
vt 0.6829121 0.5283858 0
vt 0.6771292 0.5405489 0
vt 0.6713445 0.552712 0
vt 0.6655594 0.5648751 0
vt 0.6597739 0.577039 0
vt 0.6539888 0.5892019 0
vt 0.6482036 0.6013651 0
vt 0.6424179 0.6135292 0
vt 0.6366328 0.6256921 0
vt 0.6308476 0.6378553 0
vt 0.6250618 0.6500195 0
vt 0.6192767 0.6621824 0
vt 0.6134916 0.6743454 0
vt 0.6077059 0.6865097 0
vt 0.6019207 0.6986729 0
vt 0.7009597 0.4922734 0
vt 0.6952595 0.5044451 0
vt 0.6895097 0.5166124 0
vt 0.6837338 0.5287767 0
vt 0.6779509 0.5409397 0
vt 0.6721661 0.5531028 0
vt 0.666381 0.5652659 0
vt 0.6605955 0.5774298 0
vt 0.6548104 0.5895927 0
vt 0.6490252 0.6017558 0
vt 0.6432395 0.61392 0
vt 0.6374544 0.6260829 0
vt 0.6316692 0.638246 0
vt 0.6258834 0.6504103 0
vt 0.6200983 0.6625732 0
vt 0.6143132 0.6747362 0
vt 0.6085275 0.6869005 0
vt 0.6027423 0.6990636 0
vt 0.701908 0.4927385 0
vt 0.6962078 0.5048992 0
vt 0.6904571 0.5170632 0
vt 0.6846808 0.529227 0
vt 0.6788977 0.54139 0
vt 0.6731129 0.5535531 0
vt 0.6673278 0.5657162 0
vt 0.6615422 0.5778801 0
vt 0.6557572 0.590043 0
vt 0.649972 0.6022061 0
vt 0.6441863 0.6143703 0
vt 0.6384012 0.6265332 0
vt 0.632616 0.6386964 0
vt 0.6268301 0.6508606 0
vt 0.6210451 0.6630235 0
vt 0.6152599 0.6751865 0
vt 0.6094742 0.6873508 0
vt 0.603689 0.6995139 0
vt 0.7026155 0.4930839 0
vt 0.696915 0.5052377 0
vt 0.6911635 0.5173992 0
vt 0.6853866 0.5295627 0
vt 0.6796034 0.5417256 0
vt 0.6738186 0.5538887 0
vt 0.6680335 0.5660518 0
vt 0.6622479 0.5782158 0
vt 0.6564628 0.5903787 0
vt 0.6506776 0.6025418 0
vt 0.644892 0.614706 0
vt 0.6391069 0.6268689 0
vt 0.6333217 0.639032 0
vt 0.6275359 0.6511963 0
vt 0.6217509 0.6633592 0
vt 0.6159657 0.6755222 0
vt 0.61018 0.6876865 0
vt 0.6043948 0.6998496 0
vt 0.7044487 0.493973 0
vt 0.6987551 0.5061154 0
vt 0.6929995 0.5182718 0
vt 0.6872208 0.5304348 0
vt 0.6814371 0.5425977 0
vt 0.6756522 0.5547608 0
vt 0.6698671 0.5669239 0
vt 0.6640815 0.5790879 0
vt 0.6582964 0.5912508 0
vt 0.6525112 0.6034139 0
vt 0.6467255 0.6155781 0
vt 0.6409405 0.627741 0
vt 0.6351553 0.6399041 0
vt 0.6293695 0.6520684 0
vt 0.6235844 0.6642313 0
vt 0.6177993 0.6763943 0
vt 0.6120136 0.6885586 0
vt 0.6062284 0.7007217 0
vt 0.7061154 0.4947622 0
vt 0.7004135 0.5069015 0
vt 0.6946514 0.5190565 0
vt 0.6888707 0.5312192 0
vt 0.6830865 0.5433822 0
vt 0.6773015 0.5555453 0
vt 0.6715163 0.5677084 0
vt 0.6657308 0.5798723 0
vt 0.6599457 0.5920352 0
vt 0.6541605 0.6041983 0
vt 0.6483748 0.6163625 0
vt 0.6425897 0.6285254 0
vt 0.6368045 0.6406885 0
vt 0.6310188 0.6528528 0
vt 0.6252337 0.6650157 0
vt 0.6194485 0.6771788 0
vt 0.6136628 0.689343 0
vt 0.6078776 0.7015062 0
vt 0.7079987 0.4956411 0
vt 0.7022896 0.507785 0
vt 0.6965181 0.5199423 0
vt 0.6907347 0.5321052 0
vt 0.6849498 0.5442683 0
vt 0.6791647 0.5564314 0
vt 0.6733795 0.5685946 0
vt 0.6675939 0.5807585 0
vt 0.6618088 0.5929214 0
vt 0.6560236 0.6050845 0
vt 0.6502379 0.6172487 0
vt 0.6444529 0.6294116 0
vt 0.6386677 0.6415747 0
vt 0.6328819 0.653739 0
vt 0.6270968 0.6659019 0
vt 0.6213117 0.6780649 0
vt 0.615526 0.6902292 0
vt 0.6097408 0.7023924 0
vt 0.7095999 0.4963794 0
vt 0.7038885 0.5085362 0
vt 0.6981082 0.5206963 0
vt 0.6923224 0.5328599 0
vt 0.686537 0.5450231 0
vt 0.6807517 0.5571862 0
vt 0.6749665 0.5693494 0
vt 0.6691809 0.5815133 0
vt 0.6633958 0.5936762 0
vt 0.6576106 0.6058393 0
vt 0.6518249 0.6180035 0
vt 0.6460398 0.6301664 0
vt 0.6402546 0.6423296 0
vt 0.6344689 0.6544938 0
vt 0.6286838 0.6666567 0
vt 0.6228987 0.6788198 0
vt 0.6171129 0.690984 0
vt 0.6113277 0.7031472 0
vt 0.7115448 0.4972542 0
vt 0.7058016 0.5094311 0
vt 0.7000106 0.5215977 0
vt 0.694222 0.5337627 0
vt 0.688436 0.5459262 0
vt 0.6826506 0.5580894 0
vt 0.6768653 0.5702525 0
vt 0.6710798 0.5824165 0
vt 0.6652947 0.5945794 0
vt 0.6595095 0.6067425 0
vt 0.6537238 0.6189067 0
vt 0.6479387 0.6310696 0
vt 0.6421535 0.6432327 0
vt 0.6363678 0.655397 0
vt 0.6305827 0.6675599 0
vt 0.6247975 0.6797229 0
vt 0.6190118 0.6918872 0
vt 0.6132266 0.7040503 0
vt 0.7122696 0.4975758 0
vt 0.7065125 0.5097634 0
vt 0.7007175 0.5219328 0
vt 0.6949279 0.5340982 0
vt 0.6891417 0.5462618 0
vt 0.6833563 0.558425 0
vt 0.677571 0.5705882 0
vt 0.6717854 0.5827521 0
vt 0.6660003 0.594915 0
vt 0.6602151 0.6070781 0
vt 0.6544295 0.6192423 0
vt 0.6486444 0.6314052 0
vt 0.6428592 0.6435684 0
vt 0.6370734 0.6557326 0
vt 0.6312884 0.6678955 0
vt 0.6255032 0.6800586 0
vt 0.6197175 0.6922228 0
vt 0.6139323 0.704386 0
vt 0.7129959 0.4978941 0
vt 0.7072232 0.5100954 0
vt 0.7014244 0.5222677 0
vt 0.6956338 0.5344337 0
vt 0.6898474 0.5465974 0
vt 0.684062 0.5587607 0
vt 0.6782767 0.5709238 0
vt 0.6724911 0.5830878 0
vt 0.666706 0.5952507 0
vt 0.6609208 0.6074138 0
vt 0.6551351 0.619578 0
vt 0.64935 0.6317409 0
vt 0.6435648 0.643904 0
vt 0.6377791 0.6560683 0
vt 0.631994 0.6682312 0
vt 0.6262089 0.6803942 0
vt 0.6204231 0.6925585 0
vt 0.6146379 0.7047216 0
vt 0.7146968 0.4986303 0
vt 0.7088797 0.5108689 0
vt 0.7030732 0.5230491 0
vt 0.6972809 0.5352166 0
vt 0.6914941 0.5473805 0
vt 0.6857086 0.5595438 0
vt 0.6799233 0.571707 0
vt 0.6741377 0.5838709 0
vt 0.6683526 0.5960338 0
vt 0.6625674 0.608197 0
vt 0.6567817 0.6203612 0
vt 0.6509967 0.6325241 0
vt 0.6452115 0.6446872 0
vt 0.6394257 0.6568515 0
vt 0.6336406 0.6690144 0
vt 0.6278555 0.6811774 0
vt 0.6220698 0.6933417 0
vt 0.6162846 0.7055048 0
vt 0.4228398 0.7086262 0
vt 0.4353071 0.6982128 0
vt 0.4475067 0.6878735 0
vt 0.4596967 0.6776127 0
vt 0.4719016 0.6673719 0
vt 0.484113 0.6571314 0
vt 0.4963241 0.6468911 0
vt 0.5085349 0.6366506 0
vt 0.520747 0.6264092 0
vt 0.5329581 0.6161688 0
vt 0.5451691 0.6059291 0
vt 0.5573814 0.5956888 0
vt 0.5695931 0.5854498 0
vt 0.581805 0.5752115 0
vt 0.5940176 0.5649743 0
vt 0.6062366 0.554739 0
vt 0.6184758 0.5445041 0
vt 0.382149 0.5192597 0
vt 0.9221846 0.02332346 0
vt 0.908877 0.02320267 0
vt 0.8955681 0.02308188 0
vt 0.8822607 0.02296109 0
vt 0.8689532 0.02284031 0
vt 0.8556443 0.02271951 0
vt 0.8423366 0.02259873 0
vt 0.8290293 0.02247794 0
vt 0.8157207 0.02235715 0
vt 0.8024128 0.02223636 0
vt 0.7891055 0.02211558 0
vt 0.7757969 0.02199478 0
vt 0.7624893 0.021874 0
vt 0.7491817 0.02175321 0
vt 0.735874 0.02163243 0
vt 0.7225655 0.02151163 0
vt 0.7092581 0.02139085 0
vt 0.6959505 0.02127006 0
vt 0.4190054 0.7004287 0
vt 0.4309166 0.6903832 0
vt 0.4429178 0.6802614 0
vt 0.454958 0.6701479 0
vt 0.4670054 0.6600425 0
vt 0.4790544 0.6499381 0
vt 0.4911026 0.639834 0
vt 0.5031496 0.6297309 0
vt 0.5151979 0.6196268 0
vt 0.5272464 0.6095228 0
vt 0.5392935 0.5994205 0
vt 0.5513424 0.5893173 0
vt 0.5633905 0.5792155 0
vt 0.5754401 0.5691132 0
vt 0.5874907 0.5590113 0
vt 0.5995441 0.5489112 0
vt 0.6115993 0.5388197 0
vt 0.6236461 0.5287404 0
vt 0.6250233 0.5289572 0
vt 0.6128862 0.5391122 0
vt 0.6007483 0.5492697 0
vt 0.5886126 0.5594378 0
vt 0.5764809 0.5696075 0
vt 0.5643501 0.5797779 0
vt 0.5522198 0.5899486 0
vt 0.5400899 0.6001198 0
vt 0.52796 0.6102915 0
vt 0.5158303 0.6204636 0
vt 0.5037007 0.6306358 0
vt 0.4915714 0.640808 0
vt 0.4794417 0.6509803 0
vt 0.4673118 0.6611525 0
vt 0.4551832 0.6713266 0
vt 0.4430655 0.6815091 0
vt 0.4309883 0.6917076 0
vt 0.4189469 0.7018534 0
vt 0.6262171 0.5293272 0
vt 0.6140113 0.53954 0
vt 0.6018089 0.5497485 0
vt 0.5896143 0.5599652 0
vt 0.577422 0.5701856 0
vt 0.5652321 0.5804055 0
vt 0.5530413 0.5906269 0
vt 0.5408521 0.6008478 0
vt 0.5286632 0.611069 0
vt 0.5164734 0.6212915 0
vt 0.5042836 0.6315142 0
vt 0.492095 0.6417361 0
vt 0.4799061 0.6519579 0
vt 0.4677158 0.6621808 0
vt 0.455529 0.6724043 0
vt 0.4433542 0.6826387 0
vt 0.4312191 0.6928959 0
vt 0.4190644 0.7031288 0
vt 0.6270878 0.5299618 0
vt 0.6148504 0.5402066 0
vt 0.6026247 0.5504324 0
vt 0.5904067 0.5606678 0
vt 0.5781937 0.5709054 0
vt 0.5659817 0.5811439 0
vt 0.55377 0.5913829 0
vt 0.5415578 0.601623 0
vt 0.5293469 0.6118627 0
vt 0.517136 0.6221029 0
vt 0.5049241 0.6323442 0
vt 0.4927135 0.6425844 0
vt 0.4805026 0.6528248 0
vt 0.4682905 0.6630659 0
vt 0.4560826 0.6733076 0
vt 0.4438894 0.6835605 0
vt 0.4317289 0.6938466 0
vt 0.4194959 0.7041388 0
vt 0.4097266 0.6925272 0
vt 0.422007 0.6822921 0
vt 0.43426 0.6720905 0
vt 0.4464795 0.6618592 0
vt 0.45869 0.6516187 0
vt 0.4709013 0.6413764 0
vt 0.4831118 0.6311355 0
vt 0.4953223 0.620895 0
vt 0.5075341 0.6106538 0
vt 0.5197455 0.6004132 0
vt 0.5319567 0.5901733 0
vt 0.5441694 0.5799329 0
vt 0.5563817 0.5696936 0
vt 0.5685946 0.559455 0
vt 0.5808072 0.5492169 0
vt 0.5930166 0.5389764 0
vt 0.6052168 0.5287268 0
vt 0.6174271 0.5184702 0
vt 0.6178951 0.5194391 0
vt 0.6057268 0.5296693 0
vt 0.5935476 0.5398992 0
vt 0.5813608 0.5501198 0
vt 0.5691687 0.5603406 0
vt 0.556978 0.5705606 0
vt 0.5447868 0.5807822 0
vt 0.5325971 0.5910033 0
vt 0.5204079 0.6012248 0
vt 0.5082179 0.6114474 0
vt 0.496028 0.6216703 0
vt 0.4838394 0.6318924 0
vt 0.4716511 0.6421147 0
vt 0.4594615 0.6523386 0
vt 0.4472728 0.6625613 0
vt 0.4350747 0.6727775 0
vt 0.4228523 0.6829612 0
vt 0.410635 0.6931396 0
vt 0.6180456 0.5206822 0
vt 0.6059523 0.5308514 0
vt 0.593834 0.5410271 0
vt 0.5817052 0.5511979 0
vt 0.5695736 0.561368 0
vt 0.5574421 0.5715385 0
vt 0.5453113 0.5817093 0
vt 0.5331811 0.5918807 0
vt 0.5210509 0.6020526 0
vt 0.5089211 0.6122248 0
vt 0.4967914 0.6223972 0
vt 0.4846621 0.6325695 0
vt 0.4725328 0.6427422 0
vt 0.4604038 0.6529153 0
vt 0.4482739 0.6630889 0
vt 0.436137 0.6732573 0
vt 0.4239807 0.6833959 0
vt 0.4118579 0.6934933 0
vt 0.6180128 0.5220809 0
vt 0.6060172 0.5321692 0
vt 0.5939768 0.5422754 0
vt 0.5819294 0.552377 0
vt 0.5698787 0.5624791 0
vt 0.5578285 0.5725815 0
vt 0.54578 0.5826834 0
vt 0.5337308 0.5927868 0
vt 0.5216835 0.6028892 0
vt 0.5096349 0.6129933 0
vt 0.4975865 0.6230975 0
vt 0.4855396 0.6332007 0
vt 0.4734917 0.6433051 0
vt 0.4614435 0.6534102 0
vt 0.4493956 0.6635153 0
vt 0.4373404 0.6736186 0
vt 0.4252719 0.6836963 0
vt 0.4132566 0.6937034 0
vt 0.02772391 0.2754802 0
vt 0.02799949 0.2604174 0
vt 0.02827507 0.2453527 0
vt 0.02854998 0.2302899 0
vt 0.02882556 0.2152265 0
vt 0.02910048 0.2001618 0
vt 0.02937606 0.1850991 0
vt 0.02965163 0.1700363 0
vt 0.02992655 0.1549716 0
vt 0.03020213 0.1399082 0
vt 0.03047771 0.1248454 0
vt 0.03075262 0.1097807 0
vt 0.0310282 0.09471795 0
vt 0.03130378 0.07965454 0
vt 0.0315787 0.0645918 0
vt 0.03185427 0.04952706 0
vt 0.03212919 0.03446432 0
vt 0.03240477 0.01940091 0
vt 0.4187796 0.4530899 0
vt 0.4187859 0.4601772 0
vt 0.4187922 0.4672648 0
vt 0.4187989 0.4743521 0
vt 0.4188052 0.4814394 0
vt 0.4188115 0.488527 0
vt 0.4188179 0.4956144 0
vt 0.4188242 0.5027017 0
vt 0.4188305 0.509789 0
vt 0.4188371 0.5168766 0
vt 0.4188435 0.5239639 0
vt 0.4188498 0.5310512 0
vt 0.4188561 0.5381388 0
vt 0.4188625 0.5452261 0
vt 0.4188688 0.5523134 0
vt 0.4188754 0.559401 0
vt 0.4188817 0.5664883 0
vt 0.4188881 0.5735756 0
vt 0.9819502 0.9581131 0
vt 0.9812558 0.9390058 0
vt 0.9806495 0.9199879 0
vt 0.9801269 0.9010355 0
vt 0.9796539 0.8821546 0
vt 0.9793104 0.8633194 0
vt 0.9790846 0.8445802 0
vt 0.9790678 0.8258846 0
vt 0.9792939 0.8072178 0
vt 0.9797761 0.7885485 0
vt 0.9804985 0.7698302 0
vt 0.9812487 0.7510097 0
vt 0.9819599 0.7321388 0
vt 0.9826414 0.7132518 0
vt 0.9832641 0.6943147 0
vt 0.983735 0.6753316 0
vt 0.9840996 0.6563159 0
vt 0.4076956 0.4531 0
vt 0.004181828 0.2750502 0
vt 0.004456744 0.2599868 0
vt 0.004732323 0.2449228 0
vt 0.005007239 0.2298594 0
vt 0.005282817 0.2147966 0
vt 0.005558396 0.1997319 0
vt 0.005833312 0.1846685 0
vt 0.00610889 0.1696057 0
vt 0.006383806 0.1545417 0
vt 0.006659384 0.1394782 0
vt 0.006934963 0.1244148 0
vt 0.007209879 0.1093508 0
vt 0.007485457 0.09428736 0
vt 0.007761036 0.07922461 0
vt 0.008035952 0.06416121 0
vt 0.00831153 0.04909714 0
vt 0.008586446 0.03403373 0
vt 0.4618529 0.5692635 0
vt 0.02432091 0.2754179 0
vt 0.02459583 0.2603552 0
vt 0.02487141 0.2452904 0
vt 0.02514699 0.2302277 0
vt 0.0254219 0.2151643 0
vt 0.02569748 0.2001002 0
vt 0.02597306 0.1850368 0
vt 0.02624798 0.169974 0
vt 0.02652355 0.1549093 0
vt 0.02679913 0.1398466 0
vt 0.02707405 0.1247832 0
vt 0.02734963 0.1097191 0
vt 0.02762454 0.09465568 0
vt 0.02790012 0.07959294 0
vt 0.0281757 0.06452953 0
vt 0.02845062 0.04946479 0
vt 0.02872619 0.03440205 0
vt 0.02900177 0.0193393 0
vt 0.02754505 0.01931214 0
vt 0.02726947 0.03437555 0
vt 0.02699455 0.0494383 0
vt 0.02671898 0.06450303 0
vt 0.0264434 0.07956577 0
vt 0.02616848 0.09462918 0
vt 0.0258929 0.1096919 0
vt 0.02561799 0.1247567 0
vt 0.02534241 0.1398194 0
vt 0.02506683 0.1548828 0
vt 0.02479191 0.1699475 0
vt 0.02451634 0.1850103 0
vt 0.02424076 0.200073 0
vt 0.02396584 0.2151378 0
vt 0.02369026 0.2302012 0
vt 0.02341535 0.2452639 0
vt 0.02313977 0.2603287 0
vt 0.02286419 0.2753914 0
vt 0.02652753 0.01929359 0
vt 0.02625195 0.034357 0
vt 0.02597703 0.04941975 0
vt 0.02570146 0.06448448 0
vt 0.02542588 0.07954723 0
vt 0.02515096 0.09461063 0
vt 0.02487538 0.1096734 0
vt 0.02460047 0.1247381 0
vt 0.02432489 0.1398009 0
vt 0.02404931 0.1548643 0
vt 0.02377439 0.1699283 0
vt 0.02349882 0.1849917 0
vt 0.02322324 0.2000545 0
vt 0.02294832 0.2151192 0
vt 0.02267274 0.2301826 0
vt 0.02239783 0.2452454 0
vt 0.02212225 0.2603101 0
vt 0.02184667 0.2753729 0
vt 0.025355 0.0192724 0
vt 0.02507942 0.03433514 0
vt 0.0248045 0.04939855 0
vt 0.02452892 0.06446262 0
vt 0.02425334 0.07952603 0
vt 0.02397843 0.09458877 0
vt 0.02370285 0.1096522 0
vt 0.02342727 0.1247163 0
vt 0.02315236 0.1397797 0
vt 0.02287678 0.1548424 0
vt 0.02260186 0.1699071 0
vt 0.02232628 0.1849699 0
vt 0.0220507 0.2000333 0
vt 0.02177579 0.215098 0
vt 0.02150021 0.2301608 0
vt 0.02122463 0.2452242 0
vt 0.02094972 0.2602882 0
vt 0.02067414 0.2753517 0
vt 0.02448123 0.0192565 0
vt 0.02420565 0.03431924 0
vt 0.02393007 0.04938265 0
vt 0.02365515 0.06444672 0
vt 0.02337957 0.07951013 0
vt 0.023104 0.09457287 0
vt 0.02282908 0.1096363 0
vt 0.0225535 0.1247004 0
vt 0.02227859 0.1397638 0
vt 0.02200301 0.1548265 0
vt 0.02172743 0.1698912 0
vt 0.02145251 0.184954 0
vt 0.02117693 0.2000174 0
vt 0.02090202 0.2150821 0
vt 0.02062644 0.2301449 0
vt 0.02035086 0.2452083 0
vt 0.02007595 0.2602723 0
vt 0.01980037 0.2753358 0
vt 0.02221035 0.01921476 0
vt 0.02193478 0.03427817 0
vt 0.02165986 0.04934092 0
vt 0.02138428 0.06440565 0
vt 0.0211087 0.07946839 0
vt 0.02083379 0.0945318 0
vt 0.02055821 0.1095945 0
vt 0.02028263 0.1246593 0
vt 0.02000771 0.139722 0
vt 0.01973214 0.1547854 0
vt 0.01945656 0.1698495 0
vt 0.01918164 0.1849129 0
vt 0.01890606 0.1999757 0
vt 0.01863115 0.2150404 0
vt 0.01835557 0.2301038 0
vt 0.01807999 0.2451665 0
vt 0.01780507 0.2602313 0
vt 0.0175295 0.275294 0
vt 0.02016803 0.01917767 0
vt 0.01989245 0.03424041 0
vt 0.01961687 0.04930382 0
vt 0.01934195 0.06436789 0
vt 0.01906638 0.0794313 0
vt 0.01879146 0.09449404 0
vt 0.01851588 0.1095575 0
vt 0.0182403 0.1246215 0
vt 0.01796539 0.1396849 0
vt 0.01768981 0.1547477 0
vt 0.01741423 0.1698124 0
vt 0.01713931 0.1848752 0
vt 0.01686374 0.1999386 0
vt 0.01658816 0.2150033 0
vt 0.01631324 0.230066 0
vt 0.01603766 0.2451294 0
vt 0.01576275 0.2601935 0
vt 0.01548717 0.2752569 0
vt 0.01786072 0.01913527 0
vt 0.01758514 0.03419868 0
vt 0.01730956 0.04926142 0
vt 0.01703465 0.06432616 0
vt 0.01675907 0.0793889 0
vt 0.01648415 0.09445231 0
vt 0.01620857 0.1095151 0
vt 0.015933 0.1245798 0
vt 0.01565808 0.1396425 0
vt 0.0153825 0.1547059 0
vt 0.01510692 0.16977 0
vt 0.01483201 0.1848334 0
vt 0.01455643 0.1998962 0
vt 0.01428085 0.2149609 0
vt 0.01400593 0.2300243 0
vt 0.01373036 0.245087 0
vt 0.01345544 0.2601518 0
vt 0.01317986 0.2752145 0
vt 0.01589524 0.0190995 0
vt 0.01561966 0.03416224 0
vt 0.01534408 0.04922565 0
vt 0.01506916 0.06428972 0
vt 0.01479358 0.07935313 0
vt 0.01451801 0.09441587 0
vt 0.01424309 0.1094793 0
vt 0.01396751 0.1245434 0
vt 0.01369193 0.1396068 0
vt 0.01341702 0.1546702 0
vt 0.01314144 0.1697342 0
vt 0.01286652 0.184797 0
vt 0.01259094 0.1998604 0
vt 0.01231537 0.2149251 0
vt 0.01204045 0.2299879 0
vt 0.01176487 0.2450513 0
vt 0.01148929 0.2601153 0
vt 0.01121438 0.2751788 0
vt 0.01354355 0.01905644 0
vt 0.01326797 0.03411918 0
vt 0.01299305 0.04918259 0
vt 0.01271747 0.06424666 0
vt 0.01244189 0.07931007 0
vt 0.01216698 0.09437348 0
vt 0.0118914 0.1094362 0
vt 0.01161648 0.124501 0
vt 0.01134091 0.1395637 0
vt 0.01106533 0.1546271 0
vt 0.01079041 0.1696912 0
vt 0.01051483 0.1847546 0
vt 0.01023925 0.1998173 0
vt 0.009964338 0.2148821 0
vt 0.00968876 0.2299448 0
vt 0.009413181 0.2450082 0
vt 0.009138265 0.2600723 0
vt 0.008862687 0.2751357 0
vt 0.01266978 0.01904054 0
vt 0.0123942 0.03410329 0
vt 0.01211862 0.04916669 0
vt 0.0118437 0.06423076 0
vt 0.01156812 0.07929417 0
vt 0.01129255 0.09435692 0
vt 0.01101763 0.1094203 0
vt 0.01074205 0.1244844 0
vt 0.01046714 0.1395478 0
vt 0.01019156 0.1546105 0
vt 0.009915979 0.1696753 0
vt 0.009641063 0.184738 0
vt 0.009365485 0.1998014 0
vt 0.009090569 0.2148662 0
vt 0.008814991 0.2299289 0
vt 0.008539412 0.2449923 0
vt 0.008264496 0.2600564 0
vt 0.007988918 0.2751198 0
vt 0.01179534 0.01902464 0
vt 0.01152043 0.03408739 0
vt 0.01124485 0.04915079 0
vt 0.01096993 0.06421486 0
vt 0.01069436 0.07927827 0
vt 0.01041878 0.09434102 0
vt 0.01014386 0.1094044 0
vt 0.009868283 0.1244685 0
vt 0.009592705 0.1395319 0
vt 0.009317789 0.1545946 0
vt 0.00904221 0.1696594 0
vt 0.008767294 0.1847221 0
vt 0.008491716 0.1997855 0
vt 0.008216137 0.2148503 0
vt 0.007941222 0.229913 0
vt 0.007665643 0.2449764 0
vt 0.007390065 0.2600405 0
vt 0.007115149 0.2751039 0
vt 0.009756329 0.01898688 0
vt 0.009480751 0.03405029 0
vt 0.009205835 0.04911303 0
vt 0.008930257 0.06417777 0
vt 0.008655341 0.07924118 0
vt 0.008379762 0.09430392 0
vt 0.008104184 0.1093667 0
vt 0.007829268 0.1244314 0
vt 0.007553689 0.1394941 0
vt 0.007278111 0.1545576 0
vt 0.007003195 0.1696223 0
vt 0.006727617 0.184685 0
vt 0.006452701 0.1997484 0
vt 0.006177122 0.2148125 0
vt 0.005901544 0.2298759 0
vt 0.005626628 0.2449387 0
vt 0.005351049 0.2600034 0
vt 0.005075471 0.2750668 0
vt 0.4082247 0.5735854 0
vt 0.4082184 0.5664978 0
vt 0.4082121 0.5594105 0
vt 0.4082057 0.5523229 0
vt 0.4081991 0.5452356 0
vt 0.4081928 0.5381483 0
vt 0.4081865 0.531061 0
vt 0.4081801 0.5239737 0
vt 0.4081738 0.5168861 0
vt 0.4081675 0.5097988 0
vt 0.4081608 0.5027112 0
vt 0.4081545 0.4956238 0
vt 0.4081482 0.4885365 0
vt 0.4081419 0.4814492 0
vt 0.4081355 0.4743616 0
vt 0.4081292 0.4672743 0
vt 0.4081226 0.460187 0
vt 0.4081162 0.4530997 0
vt 0.4088016 0.4530988 0
vt 0.408808 0.4601864 0
vt 0.4088143 0.4672737 0
vt 0.4088206 0.4743611 0
vt 0.408827 0.4814487 0
vt 0.4088336 0.488536 0
vt 0.4088399 0.4956233 0
vt 0.4088462 0.5027106 0
vt 0.4088526 0.5097982 0
vt 0.4088589 0.5168855 0
vt 0.4088652 0.5239728 0
vt 0.4088719 0.5310604 0
vt 0.4088782 0.5381477 0
vt 0.4088845 0.545235 0
vt 0.4088908 0.5523223 0
vt 0.4088972 0.5594099 0
vt 0.4089038 0.5664972 0
vt 0.4089101 0.5735845 0
vt 0.4092804 0.4530985 0
vt 0.4092868 0.4601859 0
vt 0.4092931 0.4672732 0
vt 0.4092994 0.4743608 0
vt 0.4093058 0.4814481 0
vt 0.4093121 0.4885354 0
vt 0.4093184 0.495623 0
vt 0.409325 0.5027103 0
vt 0.4093314 0.5097976 0
vt 0.4093377 0.5168849 0
vt 0.409344 0.5239725 0
vt 0.4093504 0.5310598 0
vt 0.409357 0.5381471 0
vt 0.4093633 0.5452347 0
vt 0.4093696 0.552322 0
vt 0.409376 0.5594094 0
vt 0.4093823 0.5664967 0
vt 0.4093886 0.5735843 0
vt 0.409832 0.453098 0
vt 0.4098384 0.4601853 0
vt 0.4098447 0.4672729 0
vt 0.409851 0.4743602 0
vt 0.4098576 0.4814475 0
vt 0.409864 0.4885348 0
vt 0.4098703 0.4956224 0
vt 0.4098766 0.5027097 0
vt 0.409883 0.509797 0
vt 0.4098893 0.5168846 0
vt 0.4098956 0.5239719 0
vt 0.4099022 0.5310592 0
vt 0.4099086 0.5381468 0
vt 0.4099149 0.5452342 0
vt 0.4099212 0.5523215 0
vt 0.4099276 0.5594091 0
vt 0.4099342 0.5664964 0
vt 0.4099405 0.5735837 0
vt 0.4102432 0.4530977 0
vt 0.4102495 0.460185 0
vt 0.4102559 0.4672723 0
vt 0.4102625 0.4743599 0
vt 0.4102688 0.4814472 0
vt 0.4102752 0.4885345 0
vt 0.4102815 0.4956221 0
vt 0.4102878 0.5027094 0
vt 0.4102944 0.5097967 0
vt 0.4103008 0.5168841 0
vt 0.4103071 0.5239716 0
vt 0.4103134 0.531059 0
vt 0.4103198 0.5381463 0
vt 0.4103261 0.5452339 0
vt 0.4103324 0.5523212 0
vt 0.4103387 0.5594085 0
vt 0.4103454 0.5664958 0
vt 0.4103517 0.5735834 0
vt 0.4113116 0.4530968 0
vt 0.4113179 0.4601841 0
vt 0.4113243 0.4672714 0
vt 0.4113309 0.474359 0
vt 0.4113372 0.4814463 0
vt 0.4113435 0.4885337 0
vt 0.4113499 0.495621 0
vt 0.4113562 0.5027083 0
vt 0.4113628 0.5097959 0
vt 0.4113691 0.5168832 0
vt 0.4113755 0.5239705 0
vt 0.4113818 0.5310581 0
vt 0.4113881 0.5381454 0
vt 0.4113945 0.5452327 0
vt 0.4114011 0.5523203 0
vt 0.4114074 0.5594076 0
vt 0.4114137 0.5664949 0
vt 0.4114201 0.5735825 0
vt 0.4122726 0.453096 0
vt 0.412279 0.4601833 0
vt 0.4122853 0.4672706 0
vt 0.4122916 0.4743579 0
vt 0.4122983 0.4814455 0
vt 0.4123046 0.4885328 0
vt 0.4123109 0.4956201 0
vt 0.4123172 0.5027074 0
vt 0.4123236 0.509795 0
vt 0.4123302 0.5168823 0
vt 0.4123365 0.5239699 0
vt 0.4123429 0.5310572 0
vt 0.4123492 0.5381445 0
vt 0.4123555 0.5452319 0
vt 0.4123618 0.5523192 0
vt 0.4123682 0.5594068 0
vt 0.4123748 0.5664941 0
vt 0.4123811 0.5735814 0
vt 0.4133583 0.4530948 0
vt 0.4133646 0.4601821 0
vt 0.4133709 0.4672697 0
vt 0.4133773 0.474357 0
vt 0.4133839 0.4814443 0
vt 0.4133902 0.4885316 0
vt 0.4133966 0.4956192 0
vt 0.4134029 0.5027066 0
vt 0.4134092 0.5097939 0
vt 0.4134155 0.5168815 0
vt 0.4134219 0.5239688 0
vt 0.4134282 0.5310561 0
vt 0.4134348 0.5381437 0
vt 0.4134412 0.545231 0
vt 0.4134475 0.5523183 0
vt 0.4134538 0.5594059 0
vt 0.4134601 0.5664932 0
vt 0.4134665 0.5735805 0
vt 0.4142831 0.4530939 0
vt 0.4142894 0.4601815 0
vt 0.4142957 0.4672689 0
vt 0.4143021 0.4743562 0
vt 0.4143084 0.4814438 0
vt 0.414315 0.4885308 0
vt 0.4143214 0.4956184 0
vt 0.4143277 0.5027057 0
vt 0.414334 0.5097933 0
vt 0.4143403 0.5168806 0
vt 0.4143467 0.5239679 0
vt 0.414353 0.5310555 0
vt 0.4143596 0.5381428 0
vt 0.4143659 0.5452301 0
vt 0.4143723 0.5523174 0
vt 0.4143786 0.559405 0
vt 0.4143849 0.5664923 0
vt 0.4143913 0.5735797 0
vt 0.4153894 0.4530931 0
vt 0.4153958 0.4601804 0
vt 0.4154021 0.4672677 0
vt 0.4154084 0.4743553 0
vt 0.4154148 0.4814426 0
vt 0.4154214 0.4885299 0
vt 0.4154277 0.4956172 0
vt 0.415434 0.5027048 0
vt 0.4154404 0.5097921 0
vt 0.4154467 0.5168794 0
vt 0.415453 0.523967 0
vt 0.4154596 0.5310544 0
vt 0.415466 0.5381417 0
vt 0.4154723 0.545229 0
vt 0.4154786 0.5523166 0
vt 0.415485 0.5594039 0
vt 0.4154913 0.5664912 0
vt 0.4154976 0.5735788 0
vt 0.4158006 0.4530928 0
vt 0.4158069 0.4601801 0
vt 0.4158133 0.4672674 0
vt 0.4158196 0.474355 0
vt 0.4158259 0.4814423 0
vt 0.4158326 0.4885296 0
vt 0.4158389 0.4956169 0
vt 0.4158452 0.5027045 0
vt 0.4158515 0.5097918 0
vt 0.4158579 0.5168792 0
vt 0.4158642 0.5239668 0
vt 0.4158705 0.5310541 0
vt 0.4158772 0.5381414 0
vt 0.4158835 0.5452287 0
vt 0.4158898 0.552316 0
vt 0.4158961 0.5594036 0
vt 0.4159025 0.5664909 0
vt 0.4159088 0.5735782 0
vt 0.4162118 0.4530922 0
vt 0.4162181 0.4601798 0
vt 0.4162245 0.4672671 0
vt 0.4162308 0.4743544 0
vt 0.4162371 0.4814417 0
vt 0.4162437 0.4885293 0
vt 0.4162501 0.4956167 0
vt 0.4162564 0.502704 0
vt 0.4162627 0.5097913 0
vt 0.4162691 0.5168789 0
vt 0.4162754 0.5239662 0
vt 0.416282 0.5310535 0
vt 0.4162883 0.5381411 0
vt 0.4162947 0.5452284 0
vt 0.416301 0.5523157 0
vt 0.4163073 0.5594033 0
vt 0.4163137 0.5664906 0
vt 0.41632 0.5735779 0
vt 0.4171711 0.4530914 0
vt 0.4171775 0.4601787 0
vt 0.4171838 0.4672663 0
vt 0.4171904 0.4743536 0
vt 0.4171967 0.4814412 0
vt 0.4172031 0.4885282 0
vt 0.4172094 0.4956158 0
vt 0.4172157 0.5027031 0
vt 0.4172223 0.5097907 0
vt 0.4172287 0.516878 0
vt 0.417235 0.5239653 0
vt 0.4172413 0.5310529 0
vt 0.4172477 0.5381402 0
vt 0.417254 0.5452275 0
vt 0.4172603 0.5523148 0
vt 0.4172669 0.5594024 0
vt 0.4172733 0.5664898 0
vt 0.4172796 0.5735771 0
vt 0.7584396 0.9673757 0
vt 0.7566815 0.9481882 0
vt 0.7551133 0.928884 0
vt 0.7536744 0.9094632 0
vt 0.7523387 0.8899295 0
vt 0.7510864 0.8702856 0
vt 0.7499056 0.8505379 0
vt 0.7487813 0.8306908 0
vt 0.7476945 0.8107532 0
vt 0.74662 0.7907383 0
vt 0.7455506 0.7706899 0
vt 0.7444771 0.7508857 0
vt 0.7412661 0.7331603 0
vt 0.7304308 0.7181231 0
vt 0.6016458 0.1463349 0
vt 0.621189 0.1449422 0
vt 0.7561696 0.63921 0
vt 0.7595455 0.6195268 0
vt 0.4862305 0.4661955 0
vt 0.4863379 0.4722307 0
vt 0.4864454 0.4782663 0
vt 0.4865528 0.4843016 0
vt 0.4866603 0.4903368 0
vt 0.4867677 0.4963728 0
vt 0.4868752 0.5024077 0
vt 0.4869826 0.5084429 0
vt 0.4870901 0.5144789 0
vt 0.4871975 0.5205141 0
vt 0.487305 0.5265494 0
vt 0.4874124 0.532585 0
vt 0.4875199 0.5386202 0
vt 0.4876273 0.5446555 0
vt 0.4877348 0.5506907 0
vt 0.4878422 0.5567263 0
vt 0.4879497 0.5627615 0
vt 0.4880571 0.5687968 0
vt 0.970003 0.9584549 0
vt 0.9693059 0.9392786 0
vt 0.9686886 0.9201701 0
vt 0.9681416 0.9011346 0
vt 0.9676577 0.8821616 0
vt 0.9672719 0.8632635 0
vt 0.9670229 0.8444197 0
vt 0.9669792 0.8256299 0
vt 0.967189 0.8068846 0
vt 0.967687 0.7881571 0
vt 0.9684792 0.7693828 0
vt 0.9692375 0.7505239 0
vt 0.9699083 0.7316593 0
vt 0.9705896 0.7128064 0
vt 0.9712565 0.6939021 0
vt 0.971759 0.6749025 0
vt 0.9720907 0.6558659 0
vt 0.9726692 0.6368484 0
vt 0.9580698 0.9587282 0
vt 0.9573862 0.9394999 0
vt 0.9567544 0.9203249 0
vt 0.9561816 0.901215 0
vt 0.9556662 0.8821678 0
vt 0.9552464 0.8631804 0
vt 0.954961 0.8442457 0
vt 0.9548761 0.8253666 0
vt 0.9550538 0.8065463 0
vt 0.9555771 0.7877619 0
vt 0.9564854 0.7689325 0
vt 0.9572399 0.7500364 0
vt 0.9578331 0.7311921 0
vt 0.9585151 0.7123877 0
vt 0.9592778 0.6935049 0
vt 0.9598292 0.6744799 0
vt 0.9600642 0.6554122 0
vt 0.9606531 0.6364025 0
vt 0.9461571 0.9589367 0
vt 0.9454889 0.9396764 0
vt 0.9448435 0.9204531 0
vt 0.9442403 0.9012808 0
vt 0.9436897 0.8821626 0
vt 0.9432304 0.8630915 0
vt 0.9428991 0.8440669 0
vt 0.9427578 0.8250933 0
vt 0.9428863 0.8061831 0
vt 0.9434428 0.787333 0
vt 0.9445444 0.7684099 0
vt 0.9452492 0.7495336 0
vt 0.9457081 0.7307495 0
vt 0.9464023 0.7120085 0
vt 0.9473356 0.6931517 0
vt 0.9479656 0.6741207 0
vt 0.948006 0.6550194 0
vt 0.9485794 0.6360323 0
vt 0.9342683 0.9590995 0
vt 0.9336141 0.9398191 0
vt 0.9329531 0.9205603 0
vt 0.9323165 0.9013385 0
vt 0.9317282 0.8821572 0
vt 0.9312233 0.8630128 0
vt 0.9308381 0.8439032 0
vt 0.9306293 0.8248265 0
vt 0.9306818 0.8057855 0
vt 0.3829511 0.1007138 0
vt 0.3901322 0.1198579 0
vt 0.3975767 0.1379352 0
vt 0.9334935 0.7303663 0
vt 0.9342259 0.7116844 0
vt 0.9354425 0.6928359 0
vt 0.9361763 0.6739344 0
vt 0.9358712 0.6548585 0
vt 0.9365248 0.6356625 0
vt 0.9224069 0.9592364 0
vt 0.9217604 0.9399432 0
vt 0.9210799 0.9206592 0
vt 0.9204085 0.9013974 0
vt 0.9197774 0.8821651 0
vt 0.9192222 0.8629611 0
vt 0.918778 0.8437864 0
vt 0.9184917 0.8246433 0
vt 0.9184145 0.8055479 0
vt 0.9184718 0.7866078 0
vt 0.9185727 0.7676607 0
vt 0.9191514 0.7490631 0
vt 0.9193916 0.7307786 0
vt 0.9202795 0.710802 0
vt 0.4091739 0.1947805 0
vt 0.4005109 0.2128324 0
vt 0.9232383 0.6543285 0
vt 0.9243747 0.6351853 0
vt 0.9105788 0.9593657 0
vt 0.9099274 0.9400646 0
vt 0.909222 0.9207619 0
vt 0.908512 0.9014713 0
vt 0.9078341 0.8822 0
vt 0.9072225 0.8629499 0
vt 0.9067099 0.843723 0
vt 0.9063274 0.8245306 0
vt 0.9061011 0.8054089 0
vt 0.906139 0.786446 0
vt 0.9066707 0.7673872 0
vt 0.907128 0.7489076 0
vt 0.9076784 0.7304774 0
vt 0.9086475 0.7104097 0
vt 0.9097555 0.6919899 0
vt 0.9107437 0.6731362 0
vt 0.9111659 0.6538914 0
vt 0.9122614 0.634675 0
vt 0.8987834 0.9595024 0
vt 0.8981161 0.9401975 0
vt 0.8973779 0.9208835 0
vt 0.8966238 0.9015728 0
vt 0.895893 0.8822738 0
vt 0.8952196 0.8629913 0
vt 0.894631 0.8437329 0
vt 0.8941431 0.8245104 0
vt 0.8937263 0.8053582 0
vt 0.89319 0.7863488 0
vt 0.8924214 0.7674789 0
vt 0.89317 0.7487069 0
vt 0.8938494 0.7302445 0
vt 0.4417239 0.1756735 0
vt 0.4405089 0.1950821 0
vt 0.4389593 0.2147959 0
vt 0.8984985 0.6535408 0
vt 0.9000532 0.6344993 0
vt 0.8870234 0.9596632 0
vt 0.8863251 0.9403572 0
vt 0.8855446 0.9210367 0
vt 0.8847394 0.9017141 0
vt 0.8839503 0.8823969 0
vt 0.8832098 0.863094 0
vt 0.8825382 0.8438163 0
vt 0.8819404 0.8245851 0
vt 0.8813939 0.8054278 0
vt 0.8807295 0.7864625 0
vt 0.8803542 0.7673686 0
vt 0.8812863 0.7483336 0
vt 0.8820938 0.7298772 0
vt 0.8832147 0.7097968 0
vt 0.8843161 0.6913158 0
vt 0.8855379 0.6724497 0
vt 0.8864044 0.6533363 0
vt 0.8878759 0.6343183 0
vt 0.8752966 0.9598608 0
vt 0.8745521 0.9405564 0
vt 0.8737192 0.9212351 0
vt 0.8728558 0.9019063 0
vt 0.8720029 0.8825781 0
vt 0.8711891 0.8632605 0
vt 0.8704312 0.843965 0
vt 0.8697274 0.824714 0
vt 0.869036 0.8055447 0
vt 0.8683188 0.7864053 0
vt 0.8675886 0.7672509 0
vt 0.8671683 0.7482285 0
vt 0.8682074 0.7296308 0
vt 0.8693756 0.7094733 0
vt 0.4659461 0.1958921 0
vt 0.4649998 0.2156422 0
vt 0.4631736 0.2360341 0
vt 0.8757511 0.6338368 0
vt 0.8636007 0.9601089 0
vt 0.8627943 0.9408094 0
vt 0.8618978 0.9214907 0
vt 0.8609701 0.9021605 0
vt 0.8600486 0.8828254 0
vt 0.8591598 0.8634939 0
vt 0.858315 0.8441783 0
vt 0.8575081 0.8248971 0
vt 0.856721 0.805661 0
vt 0.8559707 0.7864362 0
vt 0.8552324 0.7673233 0
vt 0.8551401 0.7481247 0
vt 0.4781652 0.1556723 0
vt 0.857675 0.7090114 0
vt 0.8588911 0.6904904 0
vt 0.8603284 0.671578 0
vt 0.8617415 0.6524345 0
vt 0.8637273 0.6333536 0
vt 0.8519337 0.9604209 0
vt 0.8510487 0.9411282 0
vt 0.8500784 0.921817 0
vt 0.8490799 0.9024887 0
vt 0.8480884 0.8831484 0
vt 0.8471254 0.8638013 0
vt 0.8461982 0.844456 0
vt 0.845303 0.8251206 0
vt 0.8444366 0.8057974 0
vt 0.8435952 0.7865 0
vt 0.8428516 0.767198 0
vt 0.492921 0.1365006 0
vt 0.492375 0.1560516 0
vt 0.8437779 0.7086427 0
vt 0.8452398 0.689974 0
vt 0.8465483 0.6710604 0
vt 0.8491826 0.6519033 0
vt 0.8517758 0.6327636 0
vt 0.8402886 0.9608089 0
vt 0.8393092 0.9415288 0
vt 0.838257 0.9222268 0
vt 0.8371831 0.9029029 0
vt 0.8361215 0.8835574 0
vt 0.8350891 0.8641915 0
vt 0.8340897 0.844806 0
vt 0.8331202 0.8254033 0
vt 0.8321744 0.8059836 0
vt 0.8312626 0.7865513 0
vt 0.8304958 0.7670914 0
vt 0.8301982 0.7477315 0
vt 0.8309799 0.7284405 0
vt 0.8320227 0.7081967 0
vt 0.8335007 0.689647 0
vt 0.8348727 0.6704692 0
vt 0.8373528 0.6511634 0
vt 0.8399061 0.6321189 0
vt 0.8286585 0.9612897 0
vt 0.8275695 0.9420241 0
vt 0.8264277 0.9227346 0
vt 0.8252783 0.9034167 0
vt 0.8241499 0.8840658 0
vt 0.823055 0.8646754 0
vt 0.821996 0.845244 0
vt 0.820965 0.8257651 0
vt 0.8199554 0.8062335 0
vt 0.8189758 0.7866425 0
vt 0.8180736 0.7670137 0
vt 0.8173552 0.7473932 0
vt 0.8168761 0.7281244 0
vt 0.8179595 0.7076803 0
vt 0.8197035 0.68895 0
vt 0.8226814 0.6696507 0
vt 0.8254401 0.6504137 0
vt 0.8280979 0.6314877 0
vt 0.8170356 0.9618809 0
vt 0.8158237 0.9426331 0
vt 0.8145867 0.9233587 0
vt 0.8133635 0.9040467 0
vt 0.8121744 0.8846872 0
vt 0.8110282 0.8652698 0
vt 0.8099216 0.8457874 0
vt 0.8088455 0.8262282 0
vt 0.807788 0.8065819 0
vt 0.8067424 0.7868401 0
vt 0.8057433 0.7670157 0
vt 0.8049535 0.7472515 0
vt 0.8050716 0.7275765 0
vt 0.8060547 0.706925 0
vt 0.8079991 0.6879982 0
vt 0.8110379 0.6688252 0
vt 0.8134632 0.6497255 0
vt 0.8164511 0.6306575 0
vt 0.8054061 0.9626042 0
vt 0.8040617 0.943376 0
vt 0.8027295 0.9241174 0
vt 0.8014372 0.9048097 0
vt 0.8001962 0.8854375 0
vt 0.7990106 0.8659889 0
vt 0.7978705 0.8464537 0
vt 0.7967654 0.8268186 0
vt 0.7956768 0.8070671 0
vt 0.7945813 0.7871782 0
vt 0.7934263 0.767155 0
vt 0.7921105 0.7470134 0
vt 0.7905933 0.7271598 0
vt 0.7918872 0.7060007 0
vt 0.7941581 0.686742 0
vt 0.7971785 0.6676655 0
vt 0.8011474 0.6483754 0
vt 0.8048645 0.6294025 0
vt 0.7937544 0.963483 0
vt 0.7922743 0.9442752 0
vt 0.7908517 0.9250315 0
vt 0.7894997 0.9057223 0
vt 0.7882187 0.8863309 0
vt 0.7870047 0.8668454 0
vt 0.7858447 0.847258 0
vt 0.7847242 0.8275556 0
vt 0.7836223 0.8077208 0
vt 0.7824998 0.7877353 0
vt 0.7812934 0.7675697 0
vt 0.7797687 0.7473448 0
vt 0.7782723 0.7268395 0
vt 0.7798721 0.7048535 0
vt 0.7821678 0.6854027 0
vt 0.7856017 0.6660756 0
vt 0.7894763 0.6468545 0
vt 0.7934711 0.6276904 0
vt 0.7820634 0.9645452 0
vt 0.7804501 0.9453594 0
vt 0.7789505 0.9261233 0
vt 0.7775545 0.9067997 0
vt 0.776246 0.8873761 0
vt 0.7750129 0.8678472 0
vt 0.7738426 0.8482075 0
vt 0.772718 0.8284486 0
vt 0.7716153 0.808555 0
vt 0.7704925 0.7885027 0
vt 0.7692404 0.7682655 0
vt 0.7676507 0.7476957 0
vt 0.765533 0.7266745 0
vt 0.7655544 0.7033702 0
vt 0.7681851 0.6831277 0
vt 0.7717247 0.6635358 0
vt 0.7776277 0.6446653 0
vt 0.782196 0.6254095 0
vt 0.7703081 0.9658184 0
vt 0.7685815 0.9466622 0
vt 0.7670332 0.9274078 0
vt 0.7656095 0.9080472 0
vt 0.7642836 0.888577 0
vt 0.7630394 0.8689958 0
vt 0.7618634 0.8493037 0
vt 0.7607398 0.8294979 0
vt 0.7596452 0.8095724 0
vt 0.7585415 0.789515 0
vt 0.7573489 0.7692705 0
vt 0.7558137 0.7486259 0
vt 0.5714882 0.1432171 0
vt 0.7535817 0.7013332 0
vt 0.7562902 0.6804216 0
vt 0.7600697 0.6602581 0
vt 0.7666717 0.6420931 0
vt 0.7709454 0.6226701 0
vt 0.09280612 0.490386 0
vt 0.09346026 0.4670961 0
vt 0.09326084 0.4433087 0
vt 0.09270716 0.4192337 0
vt 0.09202813 0.3950598 0
vt 0.09131166 0.3708539 0
vt 0.09058442 0.3466387 0
vt 0.08985321 0.32242 0
vt 0.08911874 0.2982056 0
vt 0.08838509 0.2740095 0
vt 0.0875622 0.2498092 0
vt 0.08671841 0.2256044 0
vt 0.08586434 0.201399 0
vt 0.08498817 0.1771916 0
vt 0.08409622 0.1529862 0
vt 0.08319442 0.1287785 0
vt 0.08228728 0.1045655 0
vt 0.08137855 0.08035198 0
vt 0.1080669 0.4911142 0
vt 0.1087734 0.467408 0
vt 0.10846 0.4432281 0
vt 0.107856 0.418911 0
vt 0.107157 0.3946463 0
vt 0.1064342 0.3704101 0
vt 0.1057047 0.3461841 0
vt 0.1049708 0.3219586 0
vt 0.1042314 0.2977311 0
vt 0.103523 0.2735205 0
vt 0.1026804 0.2492993 0
vt 0.1018355 0.225077 0
vt 0.1009858 0.2008592 0
vt 0.1001085 0.1766422 0
vt 0.09921548 0.15243 0
vt 0.09831304 0.128218 0
vt 0.09740543 0.1040025 0
vt 0.0964963 0.07978772 0
vt 0.1233933 0.4922081 0
vt 0.124212 0.4679494 0
vt 0.1236622 0.4431885 0
vt 0.9644909 0.5087547 0
vt 0.9484394 0.521668 0
vt 0.9323881 0.5345849 0
vt 0.9168072 0.5480678 0
vt 0.9012269 0.5615503 0
vt 0.1193316 0.2972641 0
vt 0.1186826 0.2730347 0
vt 0.1177925 0.2487864 0
vt 0.1169493 0.2245488 0
vt 0.1161097 0.2003186 0
vt 0.1152294 0.1760912 0
vt 0.1143349 0.1518732 0
vt 0.1134314 0.1276577 0
vt 0.1125231 0.1034399 0
vt 0.1116132 0.07922401 0
vt 0.138816 0.4937405 0
vt 0.1397539 0.4692166 0
vt 0.9564384 0.4986703 0
vt 0.9403731 0.5116428 0
vt 0.9241326 0.5245283 0
vt 0.9083089 0.538247 0
vt 0.8898403 0.5516028 0
vt 0.1343677 0.2968847 0
vt 0.1338825 0.2725485 0
vt 0.1328895 0.2482555 0
vt 0.132059 0.2240219 0
vt 0.1312385 0.1997761 0
vt 0.130351 0.1755347 0
vt 0.1294547 0.1513138 0
vt 0.1285499 0.1270964 0
vt 0.1276404 0.102877 0
vt 0.1267296 0.07866002 0
vt 0.1543705 0.4957127 0
vt 0.15552 0.471448 0
vt 0.9664263 0.4725947 0
vt 0.8755728 0.5465972 0
vt 0.1494624 0.2966858 0
vt 0.1490523 0.2724858 0
vt 0.1463652 0.1991732 0
vt 0.1454728 0.1749646 0
vt 0.1445757 0.1507506 0
vt 0.1436689 0.1265335 0
vt 0.1427578 0.1023128 0
vt 0.1418456 0.078095 0
vt 0.1700117 0.4978868 0
vt 0.171212 0.4736627 0
vt 0.8635227 0.5407285 0
vt 0.1645782 0.2964572 0
vt 0.1641907 0.2722318 0
vt 0.8383575 0.278661 0
vt 0.161471 0.1986087 0
vt 0.1606005 0.1743969 0
vt 0.1596987 0.1501876 0
vt 0.1587882 0.1259695 0
vt 0.1578749 0.101747 0
vt 0.1569611 0.07752833 0
vt 0.185729 0.5001634 0
vt 0.9730831 0.4400321 0
vt 0.9524593 0.4503538 0
vt 0.8509409 0.5361082 0
vt 0.1797012 0.2962235 0
vt 0.1793222 0.2719929 0
vt 0.8292593 0.2698516 0
vt 0.1765691 0.1980565 0
vt 0.1757344 0.1738373 0
vt 0.1748221 0.1496247 0
vt 0.173907 0.1254023 0
vt 0.1729918 0.1011786 0
vt 0.1720764 0.07695946 0
vt 0.2015282 0.5024888 0
vt 0.2025905 0.4781365 0
vt 0.9489285 0.4374038 0
vt 0.8340104 0.4504223 0
vt 0.1952023 0.3202208 0
vt 0.1948279 0.2959896 0
vt 0.8717417 0.2278876 0
vt 0.852984 0.2347702 0
vt 0.1908834 0.1732997 0
vt 0.1899444 0.1490636 0
vt 0.1890261 0.1248327 0
vt 0.1881091 0.1006074 0
vt 0.187192 0.07638815 0
vt 0.2174213 0.5048307 0
vt 0.2183525 0.4803566 0
vt 0.8347784 0.4375816 0
vt 0.2103294 0.3199869 0
vt 0.2099549 0.2957557 0
vt 0.2095796 0.2715239 0
vt 0.849109 0.2220677 0
vt 0.2060626 0.1727667 0
vt 0.7102626 0.2341961 0
vt 0.2041448 0.124255 0
vt 0.2032264 0.1000326 0
vt 0.2023077 0.07581451 0
vt 0.233421 0.5071705 0
vt 0.9576345 0.4048223 0
vt 0.9382206 0.4116816 0
vt 0.2258309 0.3439863 0
vt 0.2254565 0.3197531 0
vt 0.225082 0.2955219 0
vt 0.2247072 0.2712901 0
vt 0.7549778 0.2473081 0
vt 0.7132434 0.2199111 0
vt 0.219267 0.1236761 0
vt 0.2183447 0.09945641 0
vt 0.2174243 0.07523898 0
vt 0.2495341 0.5094901 0
vt 0.9533592 0.3926936 0
vt 0.9336789 0.3993479 0
vt 0.8568674 0.4121892 0
vt 0.2409584 0.3437526 0
vt 0.240584 0.3195193 0
vt 0.2402095 0.2952881 0
vt 0.2398349 0.2710564 0
vt 0.2343872 0.1230981 0
vt 0.2334632 0.09887932 0
vt 0.2325412 0.07466243 0
vt 0.2657572 0.5117476 0
vt 0.9492419 0.3805087 0
vt 0.9236049 0.389174 0
vt 0.2560856 0.3435189 0
vt 0.2557112 0.3192856 0
vt 0.2553367 0.2950543 0
vt 0.2549623 0.2708226 0
vt 0.7270234 0.1974173 0
vt 0.2495059 0.1225203 0
vt 0.2485813 0.09830179 0
vt 0.2476584 0.07408542 0
vt 0.2820814 0.5138462 0
vt 0.2823732 0.48833 0
vt 0.9257505 0.3739593 0
vt 0.8561414 0.3850621 0
vt 0.2712131 0.3432851 0
vt 0.2708387 0.3190518 0
vt 0.2704642 0.2948206 0
vt 0.2700898 0.2705889 0
vt 0.8186702 0.1746234 0
vt 0.7128385 0.1787309 0
vt 0.6941584 0.1723263 0
vt 0.2627762 0.07350807 0
vt 0.2985082 0.515612 0
vt 0.298673 0.4897574 0
vt 0.8591994 0.3706762 0
vt 0.2863404 0.3430514 0
vt 0.2859659 0.3188181 0
vt 0.2855915 0.2945868 0
vt 0.2852171 0.2703552 0
vt 0.8350126 0.1592645 0
vt 0.7364994 0.1738614 0
vt 0.7174293 0.1666531 0
vt 0.6981715 0.1606763 0
vt 0.3150909 0.5169238 0
vt 0.3151364 0.4908257 0
vt 0.8744888 0.3550438 0
vt 0.3014677 0.3428176 0
vt 0.3010932 0.3185843 0
vt 0.3007188 0.2943531 0
vt 0.3003444 0.2701214 0
vt 0.8161986 0.1496615 0
vt 0.6827619 0.1415266 0
vt 0.3318477 0.5178189 0
vt 0.9355534 0.3308629 0
vt 0.9155013 0.3356627 0
vt 0.8723703 0.3422227 0
vt 0.3169696 0.3668156 0
vt 0.3165952 0.3425839 0
vt 0.3162207 0.3183506 0
vt 0.3158463 0.2941194 0
vt 0.3154719 0.2698877 0
vt 0.8275387 0.1350207 0
vt 0.6858283 0.1295807 0
vt 0.3487038 0.5184801 0
vt 0.3484855 0.4921275 0
vt 0.9052132 0.3248457 0
vt 0.8854077 0.3270111 0
vt 0.3320968 0.3665818 0
vt 0.3317224 0.3423501 0
vt 0.331348 0.3181169 0
vt 0.3309736 0.2938856 0
vt 0.3305992 0.269654 0
vt 0.7886071 0.1289579 0
vt 0.7699714 0.1253122 0
vt 0.7279491 0.1209043 0
vt 0.7076259 0.1247333 0
vt 0.3655158 0.5190085 0
vt 0.3651473 0.4924964 0
vt 0.3475985 0.3905798 0
vt 0.3472241 0.3663481 0
vt 0.3468497 0.3421164 0
vt 0.3464753 0.3178831 0
vt 0.3461008 0.2936519 0
vt 0.3457264 0.2694202 0
vt 0.345352 0.2451865 0
vt 0.3449776 0.2209553 0
vt 0.7882644 0.1115736 0
vt 0.7685316 0.1105054 0
vt 0.7487337 0.1087863 0
vt 0.7289611 0.1073862 0
vt 0.7092608 0.1059412 0
vt 0.689617 0.1040128 0
vt 0.8306004 0.1872242 0
vt 0.8311116 0.1850973 0
vt 0.8297545 0.1831503 0
vt 0.8298881 0.186286 0
vt 0.8296393 0.1860846 0
vt 0.829409 0.1857056 0
vt 0.8299048 0.1849667 0
vt 0.8300318 0.1855984 0
vt 0.8294756 0.1853626 0
vt 0.829325 0.1845726 0
vt 0.8294622 0.1843106 0
vt 0.8292667 0.1850363 0
vt 0.8442322 0.2013427 0
vt 0.8488168 0.1950302 0
vt 0.8393148 0.1933131 0
vt 0.8446887 0.1985534 0
vt 0.8432334 0.1984056 0
vt 0.8439146 0.1971447 0
vt 0.8456771 0.195262 0
vt 0.8463456 0.1963084 0
vt 0.8446962 0.1961375 0
vt 0.8414643 0.1955087 0
vt 0.8422371 0.194651 0
vt 0.8431104 0.195866 0
vt 0.8468141 0.2146141 0
vt 0.8498368 0.2088382 0
vt 0.8448738 0.2058202 0
vt 0.8467919 0.2122709 0
vt 0.8460692 0.2118497 0
vt 0.8462983 0.2108279 0
vt 0.8475843 0.2088961 0
vt 0.8478762 0.2101931 0
vt 0.8467829 0.2098671 0
vt 0.8453639 0.2086481 0
vt 0.8458176 0.2078241 0
vt 0.845979 0.2093658 0
vt 0.8562621 0.2421905 0
vt 0.8626348 0.2446955 0
vt 0.859759 0.2506705 0
vt 0.8578852 0.2440611 0
vt 0.8573674 0.2449028 0
vt 0.8583636 0.2455019 0
vt 0.8606497 0.246117 0
vt 0.8601646 0.2449449 0
vt 0.8594099 0.2459044 0
vt 0.8586296 0.2479651 0
vt 0.8596155 0.2482397 0
vt 0.8589367 0.2468741 0
vt 0.8614773 0.2553548 0
vt 0.8667461 0.2574155 0
vt 0.8635197 0.2632153 0
vt 0.8627791 0.2570244 0
vt 0.8622038 0.2578363 0
vt 0.8630478 0.2583579 0
vt 0.8649353 0.258826 0
vt 0.8646583 0.257747 0
vt 0.8639133 0.258683 0
vt 0.8629469 0.2606792 0
vt 0.8637649 0.2609051 0
vt 0.8633728 0.2596358 0
vt 0.864047 0.2672693 0
vt 0.8707077 0.2700971 0
vt 0.8695584 0.2773617 0
vt 0.8606051 0.2761286 0
vt 0.8655711 0.2697323 0
vt 0.8640012 0.2705647 0
vt 0.8653539 0.2716898 0
vt 0.8687492 0.2721524 0
vt 0.8679516 0.2707121 0
vt 0.866967 0.2722133 0
vt 0.8668614 0.2755974 0
vt 0.8683291 0.274715 0
vt 0.8665849 0.2738769 0
vt 0.8627832 0.2737263 0
vt 0.8636457 0.2751473 0
vt 0.8646953 0.2735355 0
vt 0.8533583 0.2820479 0
vt 0.8529501 0.2872505 0
vt 0.8477169 0.2868825 0
vt 0.8473123 0.2825341 0
vt 0.8523276 0.2836446 0
vt 0.8514999 0.2829713 0
vt 0.8510868 0.2840108 0
vt 0.8513521 0.2862326 0
vt 0.8521778 0.2855263 0
vt 0.851041 0.2851266 0
vt 0.84862 0.2853878 0
vt 0.8494538 0.2860943 0
vt 0.8498142 0.2850762 0
vt 0.8492905 0.2831504 0
vt 0.8484714 0.2838378 0
vt 0.8497567 0.2840735 0
vt 0.8216175 0.2647311 0
vt 0.8166492 0.2653425 0
vt 0.8199451 0.2641393 0
vt 0.8181269 0.2643627 0
vt 0.8114579 0.2710716 0
vt 0.8116707 0.2751654 0
vt 0.8075685 0.2753511 0
vt 0.8082813 0.2707043 0
vt 0.8108218 0.272419 0
vt 0.8103241 0.2717655 0
vt 0.810056 0.272691 0
vt 0.8103286 0.274527 0
vt 0.8109005 0.2738947 0
vt 0.8100544 0.2736412 0
vt 0.8083711 0.2739589 0
vt 0.8088543 0.2745943 0
vt 0.8091926 0.2736639 0
vt 0.8092162 0.2716449 0
vt 0.808633 0.272275 0
vt 0.8093183 0.2726488 0
vt 0.8041515 0.2625105 0
vt 0.800284 0.2622147 0
vt 0.7994509 0.2576547 0
vt 0.8029955 0.2613397 0
vt 0.8029439 0.2606917 0
vt 0.8023505 0.2604162 0
vt 0.8009844 0.2605379 0
vt 0.8016666 0.2612378 0
vt 0.8017621 0.2603466 0
vt 0.8013158 0.2589834 0
vt 0.8007323 0.2589546 0
vt 0.801631 0.2596546 0
vt 0.7408888 0.2394656 0
vt 0.728485 0.2426014 0
vt 0.7263441 0.2299748 0
vt 0.736389 0.2383572 0
vt 0.7362209 0.2364669 0
vt 0.7340717 0.23662 0
vt 0.7299108 0.2381653 0
vt 0.7319637 0.2395064 0
vt 0.7320425 0.2371384 0
vt 0.7309685 0.2330394 0
vt 0.7291746 0.2336484 0
vt 0.7317035 0.2350658 0
vt 0.7168612 0.216136 0
vt 0.7155659 0.2082618 0
vt 0.7238368 0.2053602 0
vt 0.7182459 0.2133273 0
vt 0.7194397 0.2129395 0
vt 0.7197042 0.2116691 0
vt 0.7188147 0.2089373 0
vt 0.7177847 0.2105408 0
vt 0.7195159 0.2103903 0
vt 0.7219715 0.209027 0
vt 0.7217667 0.2078985 0
vt 0.7208599 0.2098898 0
vt 0.7294807 0.1911438 0
vt 0.725916 0.1832732 0
vt 0.7339315 0.1800789 0
vt 0.7297012 0.1880292 0
vt 0.7308843 0.1876105 0
vt 0.7305948 0.1862221 0
vt 0.7290691 0.1836173 0
vt 0.7284263 0.1852145 0
vt 0.730023 0.1849306 0
vt 0.7324991 0.1835958 0
vt 0.7319359 0.1824748 0
vt 0.7313313 0.1843979 0
vt 0.6832072 0.1555148 0
vt 0.677993 0.1580818 0
vt 0.6752553 0.1529563 0
vt 0.680357 0.1502715 0
vt 0.6810669 0.1554052 0
vt 0.6814371 0.1542746 0
vt 0.6801267 0.1544782 0
vt 0.6780303 0.1559608 0
vt 0.6791964 0.1563316 0
vt 0.6789612 0.1550523 0
vt 0.6773855 0.1530124 0
vt 0.6770468 0.1541269 0
vt 0.678336 0.1539174 0
vt 0.6804104 0.1524153 0
vt 0.679218 0.1520598 0
vt 0.6794886 0.1533396 0
vt 0.828971 0.1727605 0
vt 0.8356549 0.1633684 0
vt 0.8449782 0.1701659 0
vt 0.8326232 0.1784455 0
vt 0.8327308 0.1709098 0
vt 0.8323698 0.1731573 0
vt 0.8346669 0.1716705 0
vt 0.8374506 0.1671414 0
vt 0.8351556 0.1675134 0
vt 0.8364327 0.1695862 0
vt 0.8404044 0.1718217 0
vt 0.8408253 0.1696078 0
vt 0.8382049 0.1710529 0
vt 0.8336155 0.1751638 0
vt 0.8358785 0.1748569 0
vt 0.8357203 0.1729711 0
vt 0.8323739 0.1455889 0
vt 0.8347537 0.1468284 0
vt 0.8333515 0.1487768 0
vt 0.8314332 0.1473496 0
vt 0.832967 0.1463007 0
vt 0.8324799 0.1463777 0
vt 0.8329073 0.146775 0
vt 0.8339712 0.1472159 0
vt 0.8338294 0.1467489 0
vt 0.8334201 0.1470639 0
vt 0.8329859 0.1479927 0
vt 0.8334684 0.1479172 0
vt 0.8331337 0.1474899 0
vt 0.8321495 0.1469971 0
vt 0.8322951 0.1474755 0
vt 0.8326804 0.1471727 0
vt 0.818299 0.1558287 0
vt 0.8253563 0.1607604 0
vt 0.819508 0.1675049 0
vt 0.8197486 0.1585631 0
vt 0.8188512 0.1595226 0
vt 0.8198396 0.160561 0
vt 0.8224707 0.1620358 0
vt 0.8222933 0.1603373 0
vt 0.8210085 0.1613816 0
vt 0.8192907 0.1637795 0
vt 0.8203539 0.1644664 0
vt 0.8200374 0.1625054 0
vt 0.7402195 0.1278026 0
vt 0.7487851 0.1225542 0
vt 0.7580893 0.1291881 0
vt 0.7445935 0.1286046 0
vt 0.7459024 0.1296032 0
vt 0.747568 0.129463 0
vt 0.7502043 0.1269393 0
vt 0.7475374 0.1267553 0
vt 0.748911 0.1286787 0
vt 0.7522075 0.1301125 0
vt 0.7534312 0.1293214 0
vt 0.7503981 0.1296943 0
vt 0.690551 0.1250756 0
vt 0.6892831 0.1198941 0
vt 0.6930219 0.1162654 0
vt 0.6997147 0.122647 0
vt 0.691698 0.1229945 0
vt 0.6932084 0.1233843 0
vt 0.6933376 0.1220891 0
vt 0.691628 0.1198862 0
vt 0.6912587 0.1211814 0
vt 0.6927922 0.1209122 0
vt 0.6944993 0.1189837 0
vt 0.6929461 0.1186221 0
vt 0.6938925 0.1201883 0
vt 0.6965691 0.1225316 0
vt 0.6969478 0.1213088 0
vt 0.6951356 0.1215232 0
vt 0.8196451 0.1235614 0
vt 0.8257956 0.1180708 0
vt 0.8297364 0.1222288 0
vt 0.8258518 0.1278901 0
vt 0.8222895 0.1225766 0
vt 0.8222894 0.1240105 0
vt 0.8237766 0.123119 0
vt 0.8260148 0.1204068 0
vt 0.8245223 0.1205822 0
vt 0.8250572 0.1218785 0
vt 0.8274239 0.1233173 0
vt 0.8274066 0.1218721 0
vt 0.8260479 0.1228013 0
vt 0.8245323 0.1255625 0
vt 0.8260276 0.1253479 0
vt 0.8250535 0.1240649 0
vt 0.8041854 0.1246438 0
vt 0.808161 0.1192936 0
vt 0.8124381 0.1235386 0
vt 0.8061697 0.1234608 0
vt 0.8067775 0.1241083 0
vt 0.8075651 0.1233344 0
vt 0.8088094 0.1213613 0
vt 0.8076081 0.121519 0
vt 0.808232 0.1224411 0
vt 0.8097924 0.1237061 0
vt 0.8103496 0.1228958 0
vt 0.8089428 0.1231469 0
vt 0.9694566 0.4787963 0
vt 0.9793668 0.481248 0
vt 0.9771418 0.4911745 0
vt 0.9669469 0.4898626 0
vt 0.9721488 0.4815724 0
vt 0.9701956 0.4827459 0
vt 0.9722103 0.4839234 0
vt 0.9766988 0.4840498 0
vt 0.975666 0.4824045 0
vt 0.9744064 0.4843375 0
vt 0.9741227 0.4887561 0
vt 0.97592 0.4875382 0
vt 0.9738694 0.4864951 0
vt 0.9692862 0.4865838 0
vt 0.9705028 0.4882645 0
vt 0.9716273 0.4861732 0
vt 0.8543444 0.4359624 0
vt 0.8521464 0.4387779 0
vt 0.8544218 0.4374604 0
vt 0.8536166 0.4384909 0
vt 0.8291286 0.4608359 0
vt 0.8251896 0.4630407 0
vt 0.8281696 0.4620516 0
vt 0.8267269 0.4628588 0
vt 0.8567229 0.4051289 0
vt 0.8498759 0.398717 0
vt 0.8564419 0.3920017 0
vt 0.8556816 0.4018299 0
vt 0.8567618 0.4009293 0
vt 0.8558188 0.3996486 0
vt 0.8531917 0.3977245 0
vt 0.8532295 0.3995569 0
vt 0.8546995 0.3986068 0
vt 0.8566609 0.3961896 0
vt 0.8555439 0.3953436 0
vt 0.8557804 0.3975173 0
vt 0.8562116 0.3639923 0
vt 0.8467278 0.358788 0
vt 0.8525488 0.3510277 0
vt 0.860255 0.3569164 0
vt 0.8538835 0.3610685 0
vt 0.8558886 0.3607787 0
vt 0.8541926 0.3591468 0
vt 0.8499153 0.3572911 0
vt 0.8504444 0.3591854 0
vt 0.8521365 0.3579455 0
vt 0.8540044 0.3542269 0
vt 0.8520117 0.3545004 0
vt 0.8533517 0.3562492 0
vt 0.8573212 0.3582812 0
vt 0.8567792 0.3563519 0
vt 0.8551801 0.3575466 0
vt 0.8518094 0.4283478 0
vt 0.8480623 0.4254649 0
vt 0.8520534 0.42314 0
vt 0.850949 0.4269966 0
vt 0.8515466 0.4266737 0
vt 0.8509612 0.4261184 0
vt 0.8496251 0.4252144 0
vt 0.8495909 0.4259538 0
vt 0.8503345 0.4256405 0
vt 0.8516348 0.4247813 0
vt 0.8510694 0.4243763 0
vt 0.8510001 0.4252563 0
vt 0.9044359 0.3110169 0
vt 0.9083071 0.3055735 0
vt 0.9139028 0.3090953 0
vt 0.9079186 0.314869 0
vt 0.9067001 0.3099805 0
vt 0.906632 0.3113655 0
vt 0.9079534 0.3104213 0
vt 0.9094442 0.3077338 0
vt 0.9080744 0.3080192 0
vt 0.9089129 0.3091781 0
vt 0.9113849 0.3102892 0
vt 0.9114416 0.3089828 0
vt 0.9100361 0.3099476 0
vt 0.9078152 0.3126633 0
vt 0.9092114 0.3123697 0
vt 0.9087865 0.311209 0
vt 0.8871804 0.318499 0
vt 0.8828997 0.3140433 0
vt 0.887465 0.3076763 0
vt 0.8938037 0.3122733 0
vt 0.8869409 0.3159649 0
vt 0.8885637 0.3157448 0
vt 0.8879873 0.3143309 0
vt 0.8854502 0.3127834 0
vt 0.8854266 0.314393 0
vt 0.8869283 0.3133315 0
vt 0.8887026 0.3102289 0
vt 0.8870936 0.3104891 0
vt 0.8880611 0.3118979 0
vt 0.8909662 0.3134878 0
vt 0.8909851 0.3118883 0
vt 0.8893792 0.3129244 0
vt 0.9229946 0.3535254 0
vt 0.9299102 0.3592612 0
vt 0.9243851 0.3690074 0
vt 0.9237947 0.3570967 0
vt 0.9229565 0.3584768 0
vt 0.923636 0.3598013 0
vt 0.9264764 0.3614367 0
vt 0.926243 0.359129 0
vt 0.9247573 0.3607509 0
vt 0.9234635 0.3641381 0
vt 0.9244833 0.3649511 0
vt 0.9238607 0.3623877 0
vt 0.9423111 0.4184524 0
vt 0.9516013 0.4212001 0
vt 0.9470062 0.4297307 0
vt 0.9448647 0.4207645 0
vt 0.9440507 0.4219575 0
vt 0.9455743 0.4226444 0
vt 0.9488213 0.4232511 0
vt 0.9481865 0.4217291 0
vt 0.9471039 0.4230728 0
vt 0.9457426 0.426023 0
vt 0.9471662 0.4262882 0
vt 0.9463404 0.424459 0
vt 0.9569366 0.4552092 0
vt 0.9676168 0.457134 0
vt 0.964081 0.4664491 0
vt 0.9600951 0.4572047 0
vt 0.9595408 0.4585606 0
vt 0.9612424 0.4591379 0
vt 0.9650089 0.459544 0
vt 0.963971 0.4578997 0
vt 0.9630278 0.4594649 0
vt 0.9621473 0.4626667 0
vt 0.963727 0.4629058 0
vt 0.9624404 0.4610156 0
vt 0.5842843 0.149704 0
vt 0.5821291 0.1471178 0
vt 0.5834289 0.1487983 0
vt 0.582691 0.1479276 0
vt 0.60004 0.1492584 0
vt 0.6035965 0.1490873 0
vt 0.6016511 0.146417 0
vt 0.6012233 0.149212 0
vt 0.6005533 0.1483092 0
vt 0.6013806 0.1483267 0
vt 0.6029754 0.1481992 0
vt 0.6024093 0.1491532 0
vt 0.6021486 0.1482926 0
vt 0.6011416 0.1473525 0
vt 0.6022749 0.1473078 0
vt 0.6017332 0.1477639 0
vt 0.6195924 0.1479624 0
vt 0.6231522 0.1477081 0
vt 0.6211933 0.1450242 0
vt 0.620779 0.1478785 0
vt 0.6200987 0.1469839 0
vt 0.6209303 0.1469764 0
vt 0.6225279 0.1468141 0
vt 0.6219662 0.1477936 0
vt 0.6216995 0.1469232 0
vt 0.6206838 0.1459951 0
vt 0.6218226 0.145914 0
vt 0.6212814 0.1463946 0
vt 0.6393416 0.1467508 0
vt 0.641564 0.1441116 0
vt 0.6402022 0.1457954 0
vt 0.6409693 0.1449003 0
vt 0.3862227 0.1020291 0
vt 0.3830239 0.100734 0
vt 0.3850474 0.1015069 0
vt 0.3839585 0.1010549 0
vt 0.3902089 0.1198286 0
vt 0.3935006 0.120428 0
vt 0.3921514 0.1171282 0
vt 0.3912904 0.1200077 0
vt 0.3908591 0.1189518 0
vt 0.3914844 0.1193154 0
vt 0.3930509 0.1193281 0
vt 0.3924126 0.1202532 0
vt 0.3921463 0.119467 0
vt 0.3914958 0.1180006 0
vt 0.3926012 0.1182282 0
vt 0.3918566 0.1187526 0
vt 0.3976534 0.1379059 0
vt 0.4007869 0.13854 0
vt 0.3995633 0.1352387 0
vt 0.3986865 0.1380877 0
vt 0.3982971 0.1370389 0
vt 0.3988892 0.1374041 0
vt 0.4003959 0.1374384 0
vt 0.3997505 0.1383451 0
vt 0.3995212 0.1375611 0
vt 0.3989185 0.1361002 0
vt 0.3999875 0.136338 0
vt 0.3992582 0.1368494 0
vt 0.4033613 0.1552719 0
vt 0.4060862 0.1564894 0
vt 0.4055741 0.1531458 0
vt 0.4042665 0.1556395 0
vt 0.4041005 0.1545893 0
vt 0.4045866 0.1550419 0
vt 0.4059887 0.1553762 0
vt 0.4051815 0.1560908 0
vt 0.4051462 0.1553114 0
vt 0.4048295 0.1538333 0
vt 0.4058151 0.1542591 0
vt 0.4050332 0.1545944 0
vt 0.402961 0.1719526 0
vt 0.4049649 0.1741865 0
vt 0.4058013 0.1708934 0
vt 0.4036339 0.1726695 0
vt 0.4039016 0.171637 0
vt 0.404162 0.1722482 0
vt 0.4053087 0.1731024 0
vt 0.4042877 0.1734603 0
vt 0.4045617 0.1727214 0
vt 0.404852 0.1712388 0
vt 0.4055884 0.172002 0
vt 0.4047459 0.1720165 0
vt 0.3961953 0.1888821 0
vt 0.3978883 0.1916533 0
vt 0.399391 0.1884715 0
vt 0.3967631 0.1897815 0
vt 0.3972471 0.1887747 0
vt 0.39739 0.1894635 0
vt 0.3983985 0.1905949 0
vt 0.3973091 0.1907543 0
vt 0.3977092 0.1900394 0
vt 0.3983359 0.1885946 0
vt 0.3988994 0.1895337 0
vt 0.3980364 0.1893559 0
vt 0.3874729 0.2063736 0
vt 0.389193 0.209216 0
vt 0.3907865 0.2060219 0
vt 0.3880455 0.2072915 0
vt 0.3885665 0.2062783 0
vt 0.3886997 0.2069806 0
vt 0.3897244 0.2081506 0
vt 0.3886035 0.2082899 0
vt 0.3890215 0.2075717 0
vt 0.3896988 0.2061172 0
vt 0.3902563 0.2070862 0
vt 0.3893699 0.2068839 0
vt 0.3787602 0.2246 0
vt 0.3820602 0.2236107 0
vt 0.3797213 0.2243649 0
vt 0.3808424 0.2240228 0
vt 0.3955623 0.09576361 0
vt 0.394139 0.09888941 0
vt 0.3951023 0.09662365 0
vt 0.3946259 0.09769675 0
vt 0.4003234 0.1137513 0
vt 0.4016921 0.1170815 0
vt 0.4036037 0.1143246 0
vt 0.4007802 0.1148599 0
vt 0.4014114 0.1139174 0
vt 0.4016799 0.1147111 0
vt 0.4023347 0.1161917 0
vt 0.4012359 0.1159707 0
vt 0.4019712 0.1154321 0
vt 0.4025326 0.1141541 0
vt 0.4029573 0.1152225 0
vt 0.4023385 0.1148579 0
vt 0.40776 0.1322139 0
vt 0.4090563 0.1356452 0
vt 0.4110527 0.1328992 0
vt 0.4081983 0.1333524 0
vt 0.4088485 0.1324202 0
vt 0.4091028 0.1332346 0
vt 0.4097218 0.1347625 0
vt 0.4086306 0.1344963 0
vt 0.4093789 0.1339762 0
vt 0.4099713 0.1326967 0
vt 0.4103764 0.1337939 0
vt 0.4097609 0.1334053 0
vt 0.4140342 0.1517241 0
vt 0.4148926 0.1556007 0
vt 0.4185027 0.1556601 0
vt 0.4171599 0.1526653 0
vt 0.4143794 0.1530049 0
vt 0.4150949 0.1520793 0
vt 0.4155131 0.1531444 0
vt 0.4160911 0.1555859 0
vt 0.414667 0.1543026 0
vt 0.4158541 0.1543117 0
vt 0.4179894 0.1546514 0
vt 0.4172972 0.1556075 0
vt 0.4169622 0.154443 0
vt 0.4161697 0.1524742 0
vt 0.4174608 0.1536265 0
vt 0.4165266 0.1534246 0
vt 0.4142592 0.1722709 0
vt 0.4133653 0.1761358 0
vt 0.4164879 0.1753746 0
vt 0.4179013 0.1724559 0
vt 0.4140304 0.173573 0
vt 0.4154701 0.1723686 0
vt 0.4152164 0.1736343 0
vt 0.4144216 0.1758404 0
vt 0.4137288 0.1748664 0
vt 0.4148583 0.1747906 0
vt 0.4168104 0.1744275 0
vt 0.4155008 0.1755075 0
vt 0.4158733 0.1745713 0
vt 0.416687 0.1724283 0
vt 0.4173689 0.1734398 0
vt 0.4163306 0.1735748 0
vt 0.4072641 0.1918558 0
vt 0.4057874 0.1952278 0
vt 0.4090995 0.1947456 0
vt 0.4067833 0.1929898 0
vt 0.4078868 0.1927901 0
vt 0.4075014 0.1935557 0
vt 0.4068734 0.1950841 0
vt 0.4062899 0.1941129 0
vt 0.407179 0.1942816 0
vt 0.4084833 0.1938059 0
vt 0.4080052 0.1948774 0
vt 0.4078438 0.1941549 0
vt 0.3987136 0.2098916 0
vt 0.3971217 0.2131118 0
vt 0.4004386 0.2127938 0
vt 0.3981855 0.2109679 0
vt 0.3993025 0.2108335 0
vt 0.3988872 0.2115609 0
vt 0.3982121 0.213029 0
vt 0.3976547 0.2120415 0
vt 0.398541 0.2122558 0
vt 0.3998594 0.2118509 0
vt 0.3993487 0.2128804 0
vt 0.3992102 0.212164 0
vt 0.3896171 0.2275301 0
vt 0.3907451 0.2307803 0
vt 0.3899928 0.2287626 0
vt 0.3903647 0.2298826 0
vt 0.4331221 0.09694308 0
vt 0.4307407 0.0944442 0
vt 0.4322663 0.09598198 0
vt 0.4314598 0.09512147 0
vt 0.432314 0.1131593 0
vt 0.429432 0.1148294 0
vt 0.4322003 0.1167345 0
vt 0.4313575 0.1136879 0
vt 0.4322739 0.1143501 0
vt 0.4313792 0.1145244 0
vt 0.430349 0.11544 0
vt 0.4303858 0.1142959 0
vt 0.4308087 0.114886 0
vt 0.432236 0.1155421 0
vt 0.4312757 0.1161272 0
vt 0.4313524 0.1152973 0
vt 0.4317738 0.1328597 0
vt 0.428958 0.1345859 0
vt 0.4316737 0.1364562 0
vt 0.4308418 0.1334107 0
vt 0.4317435 0.1340598 0
vt 0.4308694 0.1342499 0
vt 0.4298653 0.1351834 0
vt 0.4298966 0.1340382 0
vt 0.4303136 0.1346218 0
vt 0.4317105 0.1352588 0
vt 0.4307713 0.1358581 0
vt 0.4308465 0.1350255 0
vt 0.4311701 0.152515 0
vt 0.4284802 0.1537967 0
vt 0.4271531 0.1562475 0
vt 0.4308969 0.156294 0
vt 0.430256 0.1529801 0
vt 0.4310761 0.1537765 0
vt 0.4300226 0.1540191 0
vt 0.428179 0.1545911 0
vt 0.4293447 0.1534827 0
vt 0.4290722 0.1543477 0
vt 0.4284011 0.1562637 0
vt 0.4276566 0.1554098 0
vt 0.4287024 0.1552568 0
vt 0.4309795 0.155039 0
vt 0.4296517 0.1562739 0
vt 0.4298054 0.1551104 0
vt 0.4265945 0.172441 0
vt 0.4277187 0.1749552 0
vt 0.4302656 0.1764753 0
vt 0.4303072 0.1726897 0
vt 0.4270227 0.1732969 0
vt 0.427831 0.1725198 0
vt 0.4280514 0.1735369 0
vt 0.4285506 0.1753423 0
vt 0.4274835 0.1741506 0
vt 0.428348 0.1744655 0
vt 0.4302796 0.1752111 0
vt 0.4294056 0.1759252 0
vt 0.4292613 0.1748733 0
vt 0.4290707 0.1726088 0
vt 0.4302883 0.1739452 0
vt 0.4291328 0.1737736 0
vt 0.4291865 0.1923543 0
vt 0.4262921 0.1939207 0
vt 0.4288804 0.1959365 0
vt 0.4282301 0.1928552 0
vt 0.4290883 0.1935489 0
vt 0.4282087 0.1936917 0
vt 0.4271509 0.1945649 0
vt 0.4272572 0.1934274 0
vt 0.427634 0.1940315 0
vt 0.4289857 0.194743 0
vt 0.428014 0.1952896 0
vt 0.4281396 0.1944635 0
vt 0.4274212 0.2120304 0
vt 0.4244528 0.213601 0
vt 0.4271271 0.2155887 0
vt 0.4264403 0.2125259 0
vt 0.4273214 0.2132169 0
vt 0.4264179 0.2133613 0
vt 0.4253329 0.2142388 0
vt 0.4254414 0.2131007 0
vt 0.4258279 0.2137032 0
vt 0.427222 0.2144033 0
vt 0.4262297 0.2149548 0
vt 0.4263493 0.2141303 0
vt 0.4260809 0.23179 0
vt 0.4234305 0.2339936 0
vt 0.4251209 0.2326475 0
vt 0.4242224 0.2334023 0
vt 0.4442122 0.09507673 0
vt 0.4416281 0.0973374 0
vt 0.4434383 0.09567128 0
vt 0.4425626 0.09645218 0
vt 0.4411489 0.1134136 0
vt 0.4410309 0.1169954 0
vt 0.443901 0.1152823 0
vt 0.4411105 0.1146077 0
vt 0.4420719 0.1140106 0
vt 0.4419908 0.1148416 0
vt 0.4419808 0.1164521 0
vt 0.4410704 0.1158018 0
vt 0.4419609 0.1156145 0
vt 0.4429959 0.1146864 0
vt 0.4429445 0.1158294 0
vt 0.4425308 0.1152448 0
vt 0.4404484 0.1331623 0
vt 0.4403237 0.1367702 0
vt 0.4431488 0.1350456 0
vt 0.440405 0.1343635 0
vt 0.4413502 0.1337653 0
vt 0.4412674 0.1346006 0
vt 0.4412574 0.1362181 0
vt 0.4403638 0.1355668 0
vt 0.4412369 0.1353773 0
vt 0.4422535 0.1344465 0
vt 0.4422048 0.1355927 0
vt 0.4417965 0.1350065 0
vt 0.4398272 0.1528268 0
vt 0.4398301 0.1566522 0
vt 0.4435357 0.1569639 0
vt 0.4424535 0.1543182 0
vt 0.4398371 0.1541041 0
vt 0.4407138 0.1533705 0
vt 0.4408739 0.1544365 0
vt 0.4410633 0.1567467 0
vt 0.4398431 0.1553836 0
vt 0.441005 0.1555574 0
vt 0.443107 0.1560613 0
vt 0.4423014 0.1568558 0
vt 0.442087 0.1558044 0
vt 0.4415977 0.1539457 0
vt 0.4426615 0.1551695 0
vt 0.4417954 0.1548476 0
vt 0.4392241 0.173068 0
vt 0.438915 0.1768763 0
vt 0.4416647 0.1756251 0
vt 0.4429424 0.1730737 0
vt 0.4391372 0.1743333 0
vt 0.4404644 0.1730799 0
vt 0.440314 0.1742625 0
vt 0.4398459 0.1764178 0
vt 0.4390286 0.1756056 0
vt 0.440093 0.1753684 0
vt 0.4419425 0.1748089 0
vt 0.4407779 0.1759228 0
vt 0.4410493 0.175043 0
vt 0.4417053 0.1730776 0
vt 0.4424514 0.1739468 0
vt 0.4414153 0.1741139 0
vt 0.437795 0.1930531 0
vt 0.4375225 0.1966565 0
vt 0.4404273 0.1950744 0
vt 0.4377038 0.1942542 0
vt 0.4386728 0.1937006 0
vt 0.4385586 0.1945327 0
vt 0.4384828 0.1961523 0
vt 0.4376126 0.1954554 0
vt 0.4384965 0.1953093 0
vt 0.4395511 0.1944269 0
vt 0.43946 0.1955732 0
vt 0.4390729 0.1949657 0
vt 0.4362215 0.2127522 0
vt 0.4359328 0.2163311 0
vt 0.4388772 0.2147871 0
vt 0.436126 0.2139457 0
vt 0.4371102 0.2134035 0
vt 0.4369922 0.2142307 0
vt 0.4369104 0.2158411 0
vt 0.4360299 0.2151387 0
vt 0.436928 0.215003 0
vt 0.4379967 0.2141342 0
vt 0.4379045 0.2152755 0
vt 0.4375125 0.214667 0
vt 0.4345775 0.2323588 0
vt 0.4368871 0.2349071 0
vt 0.4354051 0.2333443 0
vt 0.4361865 0.2342282 0
vt 0.4585511 0.117667 0
vt 0.4562464 0.1151138 0
vt 0.4577252 0.1166782 0
vt 0.4569459 0.1157916 0
vt 0.4543257 0.1354334 0
vt 0.4570336 0.1374281 0
vt 0.4572451 0.1338562 0
vt 0.4552301 0.1360744 0
vt 0.4552919 0.134933 0
vt 0.4557002 0.1355356 0
vt 0.457103 0.1362362 0
vt 0.4561329 0.1367909 0
vt 0.4562303 0.1359637 0
vt 0.4562773 0.134356 0
vt 0.457173 0.1350454 0
vt 0.4562771 0.1351925 0
vt 0.4534819 0.1548265 0
vt 0.4521879 0.1573414 0
vt 0.4559078 0.1573515 0
vt 0.4562016 0.153553 0
vt 0.4531986 0.1556301 0
vt 0.4543556 0.154519 0
vt 0.4540875 0.1553933 0
vt 0.4534271 0.1573419 0
vt 0.4526848 0.1564896 0
vt 0.4537209 0.156317 0
vt 0.4559936 0.1560905 0
vt 0.4546702 0.1573396 0
vt 0.4548206 0.1561652 0
vt 0.4552778 0.1540175 0
vt 0.4560968 0.1548215 0
vt 0.4550384 0.1550636 0
vt 0.4516251 0.1733703 0
vt 0.4527237 0.175978 0
vt 0.4553216 0.1774785 0
vt 0.4553355 0.1736744 0
vt 0.4520581 0.1742512 0
vt 0.4528604 0.1734729 0
vt 0.4530787 0.1745113 0
vt 0.4535713 0.1763542 0
vt 0.4525074 0.1751397 0
vt 0.453372 0.1754599 0
vt 0.4553221 0.1762072 0
vt 0.4544448 0.1769316 0
vt 0.4542907 0.1758716 0
vt 0.4540991 0.1735804 0
vt 0.4553209 0.1749348 0
vt 0.4541601 0.1747589 0
vt 0.4517007 0.1951068 0
vt 0.4543505 0.1970515 0
vt 0.4545588 0.1934534 0
vt 0.4525797 0.1957266 0
vt 0.452655 0.1945841 0
vt 0.4530486 0.1951785 0
vt 0.4544221 0.195853 0
vt 0.4534645 0.1964279 0
vt 0.4535674 0.1955969 0
vt 0.4536143 0.1939826 0
vt 0.4544916 0.1946535 0
vt 0.4536153 0.1948213 0
vt 0.4504637 0.2148344 0
vt 0.45317 0.2167693 0
vt 0.4533751 0.2131925 0
vt 0.451354 0.215452 0
vt 0.4514332 0.2143106 0
vt 0.4518333 0.214905 0
vt 0.4532373 0.2155769 0
vt 0.4522617 0.2161495 0
vt 0.4523624 0.2153218 0
vt 0.4524115 0.2137119 0
vt 0.4533062 0.2143844 0
vt 0.4524114 0.2145495 0
vt 0.4523028 0.2328284 0
vt 0.4496644 0.2350265 0
vt 0.4513471 0.2336913 0
vt 0.4504524 0.234451 0
vt 0.4670373 0.1183418 0
vt 0.469698 0.1161535 0
vt 0.4680005 0.1174908 0
vt 0.4689023 0.116742 0
vt 0.4660048 0.1343969 0
vt 0.4657677 0.1379737 0
vt 0.4686726 0.136334 0
vt 0.4659261 0.1355888 0
vt 0.4669006 0.1350194 0
vt 0.4667912 0.135846 0
vt 0.466728 0.137451 0
vt 0.4658464 0.1367813 0
vt 0.4667352 0.1366156 0
vt 0.4677947 0.135718 0
vt 0.4677036 0.1368545 0
vt 0.4673127 0.1362617 0
vt 0.4648484 0.153936 0
vt 0.4648002 0.1577396 0
vt 0.4684786 0.1580452 0
vt 0.467423 0.1554572 0
vt 0.4648354 0.1552062 0
vt 0.4657171 0.1544883 0
vt 0.4658575 0.1555473 0
vt 0.4660264 0.1578351 0
vt 0.4648241 0.156478 0
vt 0.4659751 0.1566583 0
vt 0.4680559 0.1571666 0
vt 0.4672547 0.1579432 0
vt 0.4670462 0.1569081 0
vt 0.4665819 0.1550728 0
vt 0.4676212 0.1562873 0
vt 0.4667665 0.1559632 0
vt 0.464285 0.1740413 0
vt 0.4639967 0.1778295 0
vt 0.4667295 0.1765691 0
vt 0.4680321 0.1740421 0
vt 0.464202 0.175299 0
vt 0.4655319 0.1740516 0
vt 0.4653831 0.1752244 0
vt 0.4649227 0.1773682 0
vt 0.4640999 0.1765648 0
vt 0.4651637 0.1763227 0
vt 0.4670176 0.1757621 0
vt 0.4658476 0.1768706 0
vt 0.4661217 0.1759962 0
vt 0.4667837 0.1740471 0
vt 0.4675341 0.1748978 0
vt 0.466491 0.1750731 0
vt 0.4631914 0.1939457 0
vt 0.4630086 0.1975464 0
vt 0.465864 0.1958866 0
vt 0.4631284 0.1951452 0
vt 0.4640823 0.1945666 0
vt 0.4639876 0.1953992 0
vt 0.4639537 0.1970173 0
vt 0.4630672 0.1963458 0
vt 0.4639456 0.1961759 0
vt 0.4649753 0.1952663 0
vt 0.4649129 0.196412 0
vt 0.4645112 0.195817 0
vt 0.4621962 0.2136643 0
vt 0.4619961 0.2172362 0
vt 0.4649177 0.2156362 0
vt 0.4621317 0.2148556 0
vt 0.4631061 0.2142933 0
vt 0.4630093 0.2151216 0
vt 0.4629656 0.2167309 0
vt 0.462065 0.2160464 0
vt 0.4629641 0.2158939 0
vt 0.464016 0.2150033 0
vt 0.4639515 0.2161463 0
vt 0.4635427 0.2155459 0
vt 0.4607966 0.2334287 0
vt 0.4631171 0.2359841 0
vt 0.4616291 0.2344099 0
vt 0.4624143 0.2352894 0
vt 0.4819153 0.1382567 0
vt 0.4795888 0.1357323 0
vt 0.4810801 0.1372885 0
vt 0.4802905 0.1364215 0
vt 0.4782238 0.1557213 0
vt 0.4770581 0.1582782 0
vt 0.4807699 0.1582398 0
vt 0.4809659 0.1544652 0
vt 0.4779851 0.1565413 0
vt 0.4791035 0.1554214 0
vt 0.4788718 0.1563001 0
vt 0.4782919 0.1582612 0
vt 0.4775159 0.1574084 0
vt 0.4785422 0.1572276 0
vt 0.4808193 0.1569843 0
vt 0.4795317 0.1582443 0
vt 0.4796403 0.1570676 0
vt 0.4800344 0.1549253 0
vt 0.4808888 0.1557228 0
vt 0.4798211 0.1559666 0
vt 0.4767937 0.1742942 0
vt 0.4779597 0.1769052 0
vt 0.4806115 0.1783471 0
vt 0.4805379 0.1745424 0
vt 0.4772485 0.1751838 0
vt 0.4780399 0.1743822 0
vt 0.4782821 0.1754227 0
vt 0.478822 0.1772619 0
vt 0.4777223 0.1760631 0
vt 0.4785998 0.1763682 0
vt 0.4805815 0.1770753 0
vt 0.4797151 0.1778197 0
vt 0.4795349 0.1767613 0
vt 0.47929 0.1744702 0
vt 0.4805516 0.1758034 0
vt 0.4793776 0.1756497 0
vt 0.4774389 0.1960697 0
vt 0.4801355 0.1979482 0
vt 0.4802531 0.1943419 0
vt 0.4783326 0.1966673 0
vt 0.4783786 0.1955221 0
vt 0.4787874 0.1961067 0
vt 0.4801772 0.196747 0
vt 0.4792348 0.1973468 0
vt 0.4793165 0.196512 0
vt 0.4793221 0.1948956 0
vt 0.4802162 0.1955447 0
vt 0.4793448 0.1957348 0
vt 0.4766883 0.2158195 0
vt 0.4794404 0.2176871 0
vt 0.4795585 0.2141069 0
vt 0.4775934 0.2164148 0
vt 0.4776454 0.2152724 0
vt 0.4780591 0.2158564 0
vt 0.4794794 0.2164935 0
vt 0.4785179 0.2170901 0
vt 0.4785985 0.2162602 0
vt 0.4786085 0.2146492 0
vt 0.4795195 0.2153005 0
vt 0.478629 0.2154868 0
vt 0.4763733 0.2360234 0
vt 0.4789591 0.2337568 0
vt 0.4771472 0.2354294 0
vt 0.478024 0.2346404 0
vt 0.492859 0.1365446 0
vt 0.4902717 0.1387737 0
vt 0.4920868 0.1371364 0
vt 0.4912072 0.1379026 0
vt 0.4896927 0.1546596 0
vt 0.4896989 0.1584339 0
vt 0.493373 0.1586206 0
vt 0.492313 0.1560961 0
vt 0.4896998 0.1559195 0
vt 0.4905826 0.155187 0
vt 0.4907355 0.1562296 0
vt 0.4909262 0.1584914 0
vt 0.4897059 0.1571811 0
vt 0.490864 0.157326 0
vt 0.4929487 0.1577636 0
vt 0.4921529 0.1585598 0
vt 0.4919411 0.1575378 0
vt 0.4914654 0.1557427 0
vt 0.4925162 0.1568947 0
vt 0.4916544 0.1566125 0
vt 0.4895577 0.1747169 0
vt 0.4893432 0.1785063 0
vt 0.4920614 0.177192 0
vt 0.4933342 0.1746276 0
vt 0.4894985 0.1759741 0
vt 0.4908143 0.1746989 0
vt 0.4906867 0.1758739 0
vt 0.4902633 0.1780265 0
vt 0.4894214 0.1772405 0
vt 0.4904858 0.1769766 0
vt 0.4923409 0.1763758 0
vt 0.4911822 0.1775104 0
vt 0.4914438 0.1766295 0
vt 0.4920759 0.1746641 0
vt 0.4928476 0.1754974 0
vt 0.4918 0.1756976 0
vt 0.4888988 0.1946282 0
vt 0.4888019 0.1982328 0
vt 0.4916144 0.1965039 0
vt 0.4888642 0.1958288 0
vt 0.4898039 0.1952279 0
vt 0.4897287 0.1960621 0
vt 0.4897334 0.1976808 0
vt 0.4888317 0.1970305 0
vt 0.4897053 0.1968394 0
vt 0.4907121 0.1959053 0
vt 0.4906769 0.1970521 0
vt 0.4902622 0.196467 0
vt 0.4883885 0.2143651 0
vt 0.4882764 0.2179414 0
vt 0.4911584 0.2162702 0
vt 0.4883533 0.2155581 0
vt 0.4893136 0.2149724 0
vt 0.4892374 0.2158028 0
vt 0.4892329 0.2174122 0
vt 0.4883159 0.2167506 0
vt 0.4892107 0.2165757 0
vt 0.4902409 0.2156596 0
vt 0.4902047 0.2168037 0
vt 0.4897812 0.2162142 0
vt 0.4874628 0.2341636 0
vt 0.4898437 0.236657 0
vt 0.4883181 0.2351258 0
vt 0.4891246 0.2359792 0
vt 0.5056849 0.1383811 0
vt 0.5032371 0.1359903 0
vt 0.5048035 0.137452 0
vt 0.503972 0.136623 0
vt 0.5055448 0.1546103 0
vt 0.5028793 0.1559904 0
vt 0.5018608 0.1586023 0
vt 0.5055358 0.1583954 0
vt 0.5046411 0.1551134 0
vt 0.5055302 0.1558718 0
vt 0.5044826 0.1561645 0
vt 0.502696 0.1568381 0
vt 0.50374 0.1556513 0
vt 0.5035605 0.1565442 0
vt 0.5030822 0.1585315 0
vt 0.5022736 0.157714 0
vt 0.5032825 0.1574887 0
vt 0.5055238 0.1571366 0
vt 0.5043096 0.1584575 0
vt 0.5043605 0.1572748 0
vt 0.5021922 0.1745906 0
vt 0.5034908 0.1771636 0
vt 0.5062145 0.178498 0
vt 0.505974 0.174698 0
vt 0.5026904 0.1754655 0
vt 0.503452 0.1746334 0
vt 0.5037426 0.1756653 0
vt 0.5043711 0.1774855 0
vt 0.5032094 0.1763291 0
vt 0.504106 0.1765999 0
vt 0.5061291 0.1772277 0
vt 0.5052919 0.1780075 0
vt 0.5050634 0.1769556 0
vt 0.5047152 0.1746741 0
vt 0.5060431 0.1759568 0
vt 0.504855 0.1758499 0
vt 0.506549 0.1945096 0
vt 0.5037837 0.1963821 0
vt 0.5065973 0.1981029 0
vt 0.5056338 0.1951095 0
vt 0.5065655 0.1957081 0
vt 0.5056924 0.1959439 0
vt 0.5047083 0.1969269 0
vt 0.5047082 0.1957844 0
vt 0.5051453 0.1963446 0
vt 0.5065808 0.1969055 0
vt 0.5056552 0.1975527 0
vt 0.5056983 0.1967189 0
vt 0.5043693 0.2165943 0
vt 0.506847 0.2141933 0
vt 0.505115 0.2159443 0
vt 0.5059543 0.2151172 0
vt 0.516534 0.1361351 0
vt 0.5140558 0.1385024 0
vt 0.5157894 0.1367835 0
vt 0.5149479 0.13759 0
vt 0.5142312 0.1544025 0
vt 0.5144059 0.1581824 0
vt 0.5180514 0.1581858 0
vt 0.5169049 0.1557097 0
vt 0.5142949 0.155663 0
vt 0.5151407 0.1548859 0
vt 0.5153382 0.1559226 0
vt 0.515624 0.1581806 0
vt 0.5143574 0.1569262 0
vt 0.5155113 0.1570157 0
vt 0.517596 0.1573577 0
vt 0.5168415 0.1581881 0
vt 0.5165863 0.1571797 0
vt 0.5160458 0.1553981 0
vt 0.5171309 0.1565192 0
vt 0.5162647 0.1562652 0
vt 0.5150495 0.1744769 0
vt 0.5149894 0.1782783 0
vt 0.5176506 0.1768379 0
vt 0.5188555 0.1742217 0
vt 0.5150409 0.1757373 0
vt 0.5163155 0.174404 0
vt 0.5162314 0.1755834 0
vt 0.5158899 0.1777561 0
vt 0.5150144 0.1770081 0
vt 0.5160712 0.1766953 0
vt 0.5179116 0.1760108 0
vt 0.5167861 0.1771976 0
vt 0.5170189 0.1763053 0
vt 0.5175863 0.1743137 0
vt 0.5183961 0.1751122 0
vt 0.5173452 0.1753582 0
vt 0.5153125 0.1943878 0
vt 0.51537 0.1979643 0
vt 0.518151 0.1961663 0
vt 0.5153317 0.1955803 0
vt 0.5162567 0.1949533 0
vt 0.5162202 0.1957843 0
vt 0.5162939 0.197391 0
vt 0.5153508 0.1967728 0
vt 0.516231 0.1965572 0
vt 0.517209 0.1955976 0
vt 0.5172293 0.1967395 0
vt 0.5167797 0.1961701 0
vt 0.5153598 0.2141996 0
vt 0.5178609 0.2165534 0
vt 0.5162618 0.2151205 0
vt 0.5171097 0.2159332 0
vt 0.5298351 0.1371148 0
vt 0.5273732 0.1347121 0
vt 0.5289472 0.1361847 0
vt 0.5281102 0.1353655 0
vt 0.5298661 0.1534654 0
vt 0.5272369 0.1549504 0
vt 0.5264151 0.1576669 0
vt 0.5300196 0.1572871 0
vt 0.5289775 0.1540033 0
vt 0.5298961 0.1547368 0
vt 0.5288615 0.1550697 0
vt 0.5271102 0.1558069 0
vt 0.52809 0.1545777 0
vt 0.5279594 0.1554869 0
vt 0.5276126 0.1575347 0
vt 0.5267572 0.1567317 0
vt 0.527739 0.156458 0
vt 0.529944 0.1560146 0
vt 0.5288167 0.1574041 0
vt 0.5287964 0.1562002 0
vt 0.5278101 0.1737652 0
vt 0.5293136 0.1763036 0
vt 0.5321662 0.1774511 0
vt 0.5316355 0.1736688 0
vt 0.5283763 0.174625 0
vt 0.5290841 0.1737423 0
vt 0.5294518 0.1747688 0
vt 0.530226 0.1765642 0
vt 0.5289653 0.1754745 0
vt 0.5298897 0.1756888 0
vt 0.5319814 0.1761862 0
vt 0.5311964 0.1770226 0
vt 0.530883 0.1759842 0
vt 0.530362 0.1737151 0
vt 0.5317987 0.1749218 0
vt 0.5305893 0.1748877 0
vt 0.5337477 0.1934323 0
vt 0.5311708 0.1955114 0
vt 0.5340867 0.1970378 0
vt 0.5328938 0.1941017 0
vt 0.5338636 0.1946346 0
vt 0.533022 0.1949345 0
vt 0.5321341 0.1959921 0
vt 0.532035 0.1948457 0
vt 0.5325151 0.195376 0
vt 0.5339768 0.1958365 0
vt 0.5331163 0.1965533 0
vt 0.533092 0.1957118 0
vt 0.5355719 0.2131552 0
vt 0.5329444 0.215224 0
vt 0.5359142 0.2167238 0
vt 0.5346995 0.213816 0
vt 0.5356856 0.2143446 0
vt 0.5348266 0.2146445 0
vt 0.5339186 0.2156982 0
vt 0.5338233 0.2145583 0
vt 0.5343088 0.2150849 0
vt 0.5357993 0.2155345 0
vt 0.534922 0.2162501 0
vt 0.5348961 0.2154158 0
vt 0.5375065 0.2327299 0
vt 0.5352341 0.235305 0
vt 0.5366931 0.2337283 0
vt 0.5359249 0.2346158 0
vt 0.538181 0.137178 0
vt 0.5406565 0.1348276 0
vt 0.5390709 0.1362678 0
vt 0.5399124 0.1354537 0
vt 0.5384538 0.1529597 0
vt 0.5386964 0.1567179 0
vt 0.5422024 0.1565206 0
vt 0.5410987 0.1541842 0
vt 0.5385327 0.1542104 0
vt 0.5393529 0.1534105 0
vt 0.5395527 0.1544254 0
vt 0.5398727 0.156652 0
vt 0.5386165 0.1554655 0
vt 0.5397356 0.1554996 0
vt 0.5417503 0.1557197 0
vt 0.5410441 0.156592 0
vt 0.5407774 0.1556047 0
vt 0.5402478 0.1538922 0
vt 0.5413008 0.1549263 0
vt 0.5404585 0.1547251 0
vt 0.5408305 0.1728793 0
vt 0.5410123 0.1766679 0
vt 0.5436165 0.1750948 0
vt 0.5447215 0.1723601 0
vt 0.5409045 0.1741344 0
vt 0.5421226 0.1727254 0
vt 0.542113 0.1739082 0
vt 0.5418917 0.1761001 0
vt 0.5409584 0.175402 0
vt 0.5420137 0.1750289 0
vt 0.5438596 0.1742368 0
vt 0.5427645 0.1754974 0
vt 0.5429604 0.1745845 0
vt 0.5434218 0.1725482 0
vt 0.5443115 0.1732941 0
vt 0.5432438 0.1736128 0
vt 0.542385 0.1926668 0
vt 0.5427246 0.1962489 0
vt 0.5452928 0.1941883 0
vt 0.5424923 0.1938605 0
vt 0.5433505 0.1931486 0
vt 0.5433759 0.1939845 0
vt 0.5435779 0.195587 0
vt 0.5426049 0.1950552 0
vt 0.5434465 0.1947575 0
vt 0.544329 0.193707 0
vt 0.544433 0.1948474 0
vt 0.5439518 0.1943193 0
vt 0.5443636 0.2122844 0
vt 0.5447092 0.2158438 0
vt 0.5473524 0.2138174 0
vt 0.5444806 0.2134716 0
vt 0.5453579 0.2127679 0
vt 0.5453882 0.2136006 0
vt 0.5455897 0.2151966 0
vt 0.5445949 0.2146582 0
vt 0.545461 0.2143697 0
vt 0.5463652 0.2133301 0
vt 0.5464752 0.2144684 0
vt 0.5459804 0.2139386 0
vt 0.5459932 0.2320274 0
vt 0.548676 0.2341987 0
vt 0.5469654 0.2328701 0
vt 0.5478758 0.2336192 0
vt 0.5500339 0.1554882 0
vt 0.553193 0.1546085 0
vt 0.5510684 0.1525224 0
vt 0.5511016 0.1552374 0
vt 0.5503662 0.1545074 0
vt 0.5511082 0.1543786 0
vt 0.5524935 0.1539144 0
vt 0.5521557 0.1549447 0
vt 0.5517835 0.1541878 0
vt 0.5507573 0.1535147 0
vt 0.5517391 0.153229 0
vt 0.551337 0.1537771 0
vt 0.5540574 0.1708152 0
vt 0.5562422 0.173165 0
vt 0.5594618 0.173441 0
vt 0.5579324 0.1699878 0
vt 0.5548438 0.1715963 0
vt 0.5553615 0.1705787 0
vt 0.5559793 0.1715402 0
vt 0.5572412 0.1731506 0
vt 0.555665 0.1723732 0
vt 0.5566624 0.1723609 0
vt 0.5589268 0.172291 0
vt 0.558358 0.1733118 0
vt 0.5577522 0.1723966 0
vt 0.5566564 0.1703042 0
vt 0.5584108 0.1711372 0
vt 0.5571697 0.1714025 0
vt 0.5641918 0.1910329 0
vt 0.5674444 0.1915649 0
vt 0.5659757 0.1882286 0
vt 0.5652586 0.1911859 0
vt 0.5647991 0.1901213 0
vt 0.5654233 0.1904762 0
vt 0.5669572 0.190454 0
vt 0.5663689 0.1914097 0
vt 0.5660782 0.1906148 0
vt 0.5653776 0.189138 0
vt 0.5664678 0.1893416 0
vt 0.565764 0.1898938 0
vt 0.5721015 0.2092029 0
vt 0.5753932 0.2096888 0
vt 0.5739408 0.2064085 0
vt 0.5731754 0.2093457 0
vt 0.5727251 0.208293 0
vt 0.573352 0.2086398 0
vt 0.5749082 0.2085959 0
vt 0.5743019 0.209552 0
vt 0.5740134 0.2087686 0
vt 0.5733216 0.2073119 0
vt 0.5744248 0.2075019 0
vt 0.5737042 0.2080579 0
vt 0.5806116 0.2275355 0
vt 0.581955 0.2243748 0
vt 0.5810499 0.2266634 0
vt 0.5814986 0.2255789 0
vt 0.5604998 0.1518222 0
vt 0.5634529 0.1503348 0
vt 0.5608464 0.1485999 0
vt 0.5614937 0.151354 0
vt 0.5606066 0.1507527 0
vt 0.5613118 0.1504717 0
vt 0.5626022 0.1497498 0
vt 0.5624806 0.1508612 0
vt 0.5619464 0.1501558 0
vt 0.560764 0.1496592 0
vt 0.5616873 0.1491833 0
vt 0.5614064 0.1498168 0
vt 0.5666539 0.1665411 0
vt 0.5679529 0.1700517 0
vt 0.5700609 0.1677477 0
vt 0.5701442 0.1647883 0
vt 0.5671003 0.1677019 0
vt 0.5678344 0.1659904 0
vt 0.5682003 0.1671125 0
vt 0.5686552 0.1692441 0
vt 0.5675298 0.1688774 0
vt 0.5684533 0.1681992 0
vt 0.569992 0.1668596 0
vt 0.5693396 0.168401 0
vt 0.5692344 0.1674786 0
vt 0.5689969 0.1653983 0
vt 0.5700912 0.1658128 0
vt 0.569189 0.1664703 0
vt 0.5739884 0.1848335 0
vt 0.575411 0.1881317 0
vt 0.577203 0.1853818 0
vt 0.5744534 0.185934 0
vt 0.5750493 0.184992 0
vt 0.5753291 0.1857793 0
vt 0.5760144 0.1872397 0
vt 0.5749281 0.187034 0
vt 0.5756335 0.1864915 0
vt 0.5761449 0.1852206 0
vt 0.5765952 0.1862733 0
vt 0.5759769 0.1859195 0
vt 0.5820119 0.2028129 0
vt 0.5834616 0.2060791 0
vt 0.5853303 0.2033227 0
vt 0.5824969 0.2039015 0
vt 0.5831081 0.2029573 0
vt 0.5833988 0.2037375 0
vt 0.5840933 0.2051876 0
vt 0.5829798 0.2049905 0
vt 0.5837102 0.2044438 0
vt 0.5842401 0.2031729 0
vt 0.584704 0.2042174 0
vt 0.5840667 0.2038712 0
vt 0.5897856 0.2210307 0
vt 0.5930171 0.2222448 0
vt 0.5909745 0.2215235 0
vt 0.5920748 0.2219473 0
vt 0.5715245 0.143291 0
vt 0.5706072 0.1465656 0
vt 0.571246 0.1442415 0
vt 0.5709337 0.1453511 0
vt 0.5806726 0.1577264 0
vt 0.578106 0.1599376 0
vt 0.5816853 0.1610743 0
vt 0.5837872 0.1582686 0
vt 0.5798861 0.1584818 0
vt 0.581634 0.1579288 0
vt 0.580975 0.158942 0
vt 0.5793123 0.1602946 0
vt 0.5790354 0.1592318 0
vt 0.5801879 0.1597213 0
vt 0.5822758 0.1601377 0
vt 0.5805904 0.1606201 0
vt 0.5812856 0.1599374 0
vt 0.5826888 0.1581427 0
vt 0.5830701 0.1592013 0
vt 0.5820477 0.1591738 0
vt 0.6023332 0.1607836 0
vt 0.6040053 0.1578629 0
vt 0.6003732 0.1580628 0
vt 0.6028634 0.1598182 0
vt 0.6017024 0.1598754 0
vt 0.602261 0.1594062 0
vt 0.6027959 0.1579348 0
vt 0.603474 0.158836 0
vt 0.6026272 0.158832 0
vt 0.6009954 0.1589628 0
vt 0.6015854 0.157999 0
vt 0.6018418 0.1588711 0
vt 0.6222618 0.1594635 0
vt 0.6238252 0.156522 0
vt 0.6202338 0.1567893 0
vt 0.6227566 0.158498 0
vt 0.6216092 0.1585699 0
vt 0.6221477 0.1580948 0
vt 0.6226293 0.1566129 0
vt 0.6233298 0.1575054 0
vt 0.6224916 0.1575146 0
vt 0.620881 0.1576769 0
vt 0.6214319 0.1567011 0
vt 0.621716 0.1575672 0
vt 0.6398745 0.1552505 0
vt 0.6424066 0.1575723 0
vt 0.6408577 0.1560834 0
vt 0.6417305 0.1568684 0
vt 0.919984 0.3422552 0
vt 0.9294364 0.3457144 0
vt 0.9229999 0.3534643 0
vt 0.9225708 0.3445544 0
vt 0.9215665 0.3456603 0
vt 0.9231141 0.3464305 0
vt 0.9264194 0.3473807 0
vt 0.9259933 0.3457939 0
vt 0.9246905 0.3469969 0
vt 0.9226609 0.3497307 0
vt 0.9240826 0.3501761 0
vt 0.9236082 0.3482823 0
vt 0.8710502 0.3345731 0
vt 0.8646964 0.3300887 0
vt 0.8692369 0.3237731 0
vt 0.8755153 0.328368 0
vt 0.8697862 0.3320522 0
vt 0.8713937 0.3318012 0
vt 0.8703237 0.3304037 0
vt 0.867226 0.3288452 0
vt 0.8674939 0.3304376 0
vt 0.8688924 0.3293895 0
vt 0.8704612 0.3263171 0
vt 0.8688615 0.3265703 0
vt 0.8699109 0.3279746 0
vt 0.872999 0.3295713 0
vt 0.8727242 0.3279733 0
vt 0.8713316 0.329005 0
vt 0.07566455 0.5176564 0
vt 0.7989025 0.4908957 0
vt 0.4260521 0.07660367 0
vt 0.6971194 0.6999651 0
vt 0.8152254 0.4994203 0
vt 0.7222667 0.4663571 0
vt 0.5992401 0.2408559 0
vt 0.5807785 0.2509996 0
vt 0.6813393 0.6906168 0
vt 0.6947482 0.6985604 0
vt 0.6827601 0.6914585 0
vt 0.683369 0.6918192 0
vt 0.683978 0.69218 0
vt 0.6856163 0.6931506 0
vt 0.6869858 0.6939619 0
vt 0.6885934 0.6949142 0
vt 0.6900164 0.6957572 0
vt 0.6915985 0.6966945 0
vt 0.6922074 0.6970552 0
vt 0.6930245 0.6975393 0
vt 0.6937334 0.6979592 0
vt 0.7048054 0.4748906 0
vt 0.7193686 0.4670335 0
vt 0.7058051 0.4741034 0
vt 0.7066251 0.4737333 0
vt 0.7074628 0.4731523 0
vt 0.7081918 0.4729323 0
vt 0.7097759 0.4717574 0
vt 0.7114063 0.4709986 0
vt 0.7132839 0.4702227 0
vt 0.714761 0.4693348 0
vt 0.7163308 0.4680761 0
vt 0.7170741 0.4679028 0
vt 0.7176417 0.4674269 0
vt 0.5965611 0.2423279 0
vt 0.5814792 0.2506146 0
vt 0.5949631 0.2432059 0
vt 0.5942782 0.2435822 0
vt 0.5935933 0.2439585 0
vt 0.5917505 0.2449711 0
vt 0.5902102 0.2458173 0
vt 0.5884021 0.2468108 0
vt 0.5868015 0.2476902 0
vt 0.5850219 0.2486681 0
vt 0.5843371 0.2490443 0
vt 0.5834181 0.2495493 0
vt 0.5826208 0.2499873 0
vt 0.8125458 0.4987404 0
vt 0.7994436 0.4913533 0
vt 0.8114223 0.4984602 0
vt 0.8107991 0.4979785 0
vt 0.8099393 0.4975992 0
vt 0.8094326 0.4971508 0
vt 0.8077352 0.496471 0
vt 0.8064342 0.4955428 0
vt 0.8050101 0.4944292 0
vt 0.8036439 0.4936485 0
vt 0.8018585 0.4930005 0
vt 0.8013328 0.4925699 0
vt 0.8006747 0.4923534 0
vt 0.6437218 0.4813484 0
vt 0.6262049 0.5002484 0
vt 0.401931 0.2956023 0
vt 0.2828616 0.9720229 0
vt 0.6361389 0.4860889 0
vt 0.6398547 0.4853998 0
vt 0.6375848 0.4860261 0
vt 0.6426948 0.4955701 0
vt 0.6300897 0.4961885 0
vt 0.6303758 0.4923724 0
vt 0.6305027 0.4951722 0
vt 0.6304491 0.4938241 0
vt 0.4097982 0.2916989 0
vt 0.405984 0.2918048 0
vt 0.4083995 0.2917322 0
vt 0.4070872 0.2917565 0
vt 0.4151519 0.2819365 0
vt 0.4154054 0.2857522 0
vt 0.4152348 0.2830614 0
vt 0.4153148 0.2843612 0
vt 0.00390625 0.5598903 0
vt 0.04259901 0.5602084 0
vt 0.5041651 0.4427326 0
vt 0.5038946 0.5808092 0
vt 0.4425462 0.4483007 0
vt 0.442266 0.5804296 0
vt 0.7229578 0.7276882 0
vt 0.4316709 0.4482779 0
vt 0.3134098 0.978163 0
vt 0.5152525 0.5808315 0
vt 0.5065096 0.4427372 0
vt 0.505807 0.4427358 0
vt 0.5055365 0.5808124 0
vt 0.5062392 0.5808138 0
vt 0.5070005 0.4427382 0
vt 0.50673 0.5808148 0
vt 0.5075662 0.4427393 0
vt 0.5072957 0.5808159 0
vt 0.5079878 0.4427401 0
vt 0.5077173 0.5808167 0
vt 0.5090833 0.4427422 0
vt 0.5088128 0.5808189 0
vt 0.5100687 0.4427442 0
vt 0.5097983 0.5808208 0
vt 0.5111819 0.4427463 0
vt 0.5109114 0.580823 0
vt 0.5121301 0.4427482 0
vt 0.5118597 0.5808248 0
vt 0.5132646 0.4427504 0
vt 0.5129941 0.5808271 0
vt 0.5136862 0.4427513 0
vt 0.5134157 0.5808279 0
vt 0.5141078 0.4427521 0
vt 0.5138373 0.5808287 0
vt 0.5150916 0.442754 0
vt 0.5148211 0.5808306 0
vt 0.4324757 0.5804088 0
vt 0.4318032 0.5804076 0
vt 0.4320833 0.4482787 0
vt 0.4327559 0.4482799 0
vt 0.4329453 0.5804097 0
vt 0.4332254 0.4482808 0
vt 0.4334865 0.5804109 0
vt 0.4337671 0.448282 0
vt 0.4338899 0.580412 0
vt 0.4341705 0.4482831 0
vt 0.4349384 0.5804143 0
vt 0.4352186 0.4482854 0
vt 0.4358814 0.5804161 0
vt 0.4361615 0.4482872 0
vt 0.4369466 0.5804182 0
vt 0.4372268 0.4482893 0
vt 0.4378539 0.5804203 0
vt 0.4381341 0.4482914 0
vt 0.4389393 0.5804228 0
vt 0.4392199 0.4482939 0
vt 0.4393428 0.5804234 0
vt 0.4396234 0.4482945 0
vt 0.4397462 0.5804245 0
vt 0.4400268 0.4482956 0
vt 0.4406879 0.5804263 0
vt 0.440968 0.4482974 0
vt 0.121711 0.004632367 0
vt 0.005298289 0.3905668 0
vt 0.1160703 0.004173518 0
vt 0.2679043 0.9711073 0
vt 0.252979 0.9702067 0
vt 0.2380807 0.9693509 0
vt 0.2231862 0.9685444 0
vt 0.2082745 0.9677665 0
vt 0.1933444 0.9669978 0
vt 0.1784044 0.966248 0
vt 0.1634536 0.9655591 0
vt 0.1484651 0.9649074 0
vt 0.1334332 0.9642676 0
vt 0.118358 0.9636028 0
vt 0.1032487 0.9628939 0
vt 0.08811123 0.9621008 0
vt 0.0729692 0.9612144 0
vt 0.05784356 0.9602546 0
vt 0.04274289 0.9592364 0
vt 0.02767497 0.9582141 0
vt 0.01262227 0.9571988 0
vt 0.09076891 0.5185726 0
vt 0.1059148 0.5198147 0
vt 0.1211269 0.5213669 0
vt 0.1364196 0.5232128 0
vt 0.1518061 0.5253182 0
vt 0.1672882 0.5276141 0
vt 0.1828639 0.5300351 0
vt 0.1985356 0.5325297 0
vt 0.2143119 0.5350675 0
vt 0.2302088 0.537658 0
vt 0.2462527 0.5403464 0
vt 0.2624679 0.5431741 0
vt 0.2789058 0.5461815 0
vt 0.2953435 0.548728 0
vt 0.3125504 0.55014 0
vt 0.3303882 0.5506457 0
vt 0.3481836 0.5510941 0
vt 0.365504 0.5521111 0
vt 0.7228352 0.741068 0
vt 0.7227118 0.754447 0
vt 0.7225892 0.7678268 0
vt 0.7224666 0.7812066 0
vt 0.722344 0.7945856 0
vt 0.7222214 0.8079654 0
vt 0.722098 0.8213452 0
vt 0.7219754 0.8347242 0
vt 0.7218528 0.848104 0
vt 0.7217302 0.8614838 0
vt 0.7216076 0.8748628 0
vt 0.7214842 0.8882426 0
vt 0.7213616 0.9016224 0
vt 0.721239 0.9150014 0
vt 0.7211164 0.9283812 0
vt 0.720993 0.941761 0
vt 0.7208704 0.95514 0
vt 0.7207478 0.9685198 0
vt 0.3135324 0.9647832 0
vt 0.3136558 0.9514034 0
vt 0.3137784 0.9380244 0
vt 0.313901 0.9246446 0
vt 0.3140236 0.9112648 0
vt 0.314147 0.8978858 0
vt 0.3142696 0.884506 0
vt 0.3143922 0.8711262 0
vt 0.3145148 0.8577472 0
vt 0.3146374 0.8443674 0
vt 0.3147608 0.8309876 0
vt 0.3148834 0.8176086 0
vt 0.315006 0.8042288 0
vt 0.3151287 0.790849 0
vt 0.3152513 0.77747 0
vt 0.3153746 0.7640902 0
vt 0.3154972 0.7507104 0
vt 0.3156199 0.7373314 0
vt 0.8091135 0.5109017 0
vt 0.8028454 0.5215214 0
vt 0.7966066 0.5320364 0
vt 0.7903836 0.542535 0
vt 0.7841648 0.5530306 0
vt 0.7779469 0.5635261 0
vt 0.7717296 0.5740209 0
vt 0.7655117 0.5845168 0
vt 0.7592944 0.5950118 0
vt 0.7530771 0.6055068 0
vt 0.7468591 0.616003 0
vt 0.7406419 0.6264979 0
vt 0.7344246 0.6369929 0
vt 0.7282067 0.6474891 0
vt 0.7219894 0.6579841 0
vt 0.7157721 0.6684791 0
vt 0.7095541 0.6789752 0
vt 0.7033368 0.6894702 0
vt 0.6057259 0.2526602 0
vt 0.6122118 0.2644644 0
vt 0.6186982 0.2762698 0
vt 0.6251841 0.2880741 0
vt 0.6316699 0.2998784 0
vt 0.6381564 0.3116839 0
vt 0.6446422 0.323488 0
vt 0.651128 0.3352923 0
vt 0.6576145 0.3470978 0
vt 0.6641003 0.3589021 0
vt 0.6705862 0.3707063 0
vt 0.6770726 0.3825116 0
vt 0.6835586 0.394316 0
vt 0.6900451 0.4061204 0
vt 0.6965329 0.4179255 0
vt 0.703026 0.4297342 0
vt 0.7095374 0.44156 0
vt 0.7161005 0.4534912 0
vt 0.07303859 0.5393357 0
vt 0.06946096 0.5606311 0
vt 0.06494737 0.5817071 0
vt 0.05954972 0.6027562 0
vt 0.05343817 0.623992 0
vt 0.04679697 0.6456079 0
vt 0.04011986 0.6678089 0
vt 0.03389914 0.6906988 0
vt 0.02852031 0.7141364 0
vt 0.02382797 0.7378757 0
vt 0.01905542 0.7618078 0
vt 0.01442895 0.7860178 0
vt 0.01049205 0.8104519 0
vt 0.007274221 0.8348869 0
vt 0.004631503 0.8592547 0
vt 0.002449566 0.8835982 0
vt 0.0007496346 0.9079063 0
vt 0.5872643 0.2628039 0
vt 0.7925429 0.5013069 0
vt 0.786385 0.5118225 0
vt 0.7801895 0.5223223 0
vt 0.7739775 0.5328181 0
vt 0.7677612 0.5433133 0
vt 0.7615438 0.5538087 0
vt 0.7553265 0.5643035 0
vt 0.7491086 0.5747995 0
vt 0.7428913 0.5852945 0
vt 0.7366739 0.5957895 0
vt 0.730456 0.6062857 0
vt 0.7242388 0.6167806 0
vt 0.7180215 0.6272757 0
vt 0.7118035 0.6377718 0
vt 0.7055863 0.6482668 0
vt 0.699369 0.6587617 0
vt 0.693151 0.6692578 0
vt 0.4393596 0.07672446 0
vt 0.8067108 0.5095657 0
vt 0.8004688 0.5201255 0
vt 0.7942341 0.5306334 0
vt 0.7880119 0.541131 0
vt 0.7817933 0.5516265 0
vt 0.7755755 0.5621218 0
vt 0.7693581 0.5726167 0
vt 0.7631403 0.5831125 0
vt 0.756923 0.5936075 0
vt 0.7507057 0.6041025 0
vt 0.7444878 0.6145985 0
vt 0.7382706 0.6250934 0
vt 0.7320533 0.6355884 0
vt 0.7258354 0.6460845 0
vt 0.7196181 0.6565795 0
vt 0.7134009 0.6670744 0
vt 0.7071829 0.6775705 0
vt 0.7009656 0.6880655 0
vt 0.6999508 0.6874643 0
vt 0.7061681 0.6769693 0
vt 0.7123861 0.6664733 0
vt 0.7186033 0.6559784 0
vt 0.7248206 0.6454834 0
vt 0.7310385 0.6349873 0
vt 0.7372557 0.6244923 0
vt 0.7434729 0.6139975 0
vt 0.7496908 0.6035014 0
vt 0.7559081 0.5930064 0
vt 0.7621254 0.5825115 0
vt 0.7683432 0.5720156 0
vt 0.7745607 0.5615206 0
vt 0.7807784 0.5510255 0
vt 0.7869968 0.5405301 0
vt 0.7932183 0.5300331 0
vt 0.7994487 0.519529 0
vt 0.8056659 0.5089852 0
vt 0.6992418 0.6870443 0
vt 0.7054592 0.6765494 0
vt 0.7116771 0.6660533 0
vt 0.7178944 0.6555585 0
vt 0.7241116 0.6450635 0
vt 0.7303295 0.6345674 0
vt 0.7365468 0.6240724 0
vt 0.742764 0.6135775 0
vt 0.7489819 0.6030815 0
vt 0.7551991 0.5925865 0
vt 0.7614164 0.5820916 0
vt 0.7676343 0.5715957 0
vt 0.7738517 0.5611007 0
vt 0.7800693 0.5506056 0
vt 0.7862876 0.5401103 0
vt 0.7925085 0.5296137 0
vt 0.7987357 0.5191123 0
vt 0.8049376 0.5085789 0
vt 0.6984248 0.6865603 0
vt 0.7046421 0.6760654 0
vt 0.7108601 0.6655693 0
vt 0.7170773 0.6550744 0
vt 0.7232945 0.6445795 0
vt 0.7295124 0.6340834 0
vt 0.7357297 0.6235884 0
vt 0.7419469 0.6130936 0
vt 0.7481648 0.6025975 0
vt 0.754382 0.5921025 0
vt 0.7605993 0.5816076 0
vt 0.7668172 0.5711118 0
vt 0.7730346 0.5606168 0
vt 0.7792522 0.5501217 0
vt 0.7854703 0.5396264 0
vt 0.7916904 0.5291304 0
vt 0.7979138 0.518632 0
vt 0.8041023 0.5081097 0
vt 0.6978159 0.6861996 0
vt 0.7040332 0.6757046 0
vt 0.7102512 0.6652086 0
vt 0.7164684 0.6547137 0
vt 0.7226856 0.6442188 0
vt 0.7289035 0.6337227 0
vt 0.7351208 0.6232277 0
vt 0.7413379 0.6127329 0
vt 0.7475558 0.6022368 0
vt 0.7537731 0.5917419 0
vt 0.7599904 0.5812469 0
vt 0.7662082 0.5707511 0
vt 0.7724256 0.5602561 0
vt 0.7786432 0.549761 0
vt 0.7848612 0.5392658 0
vt 0.7910807 0.52877 0
vt 0.7973012 0.5182735 0
vt 0.8034825 0.5077583 0
vt 0.6962337 0.6852623 0
vt 0.7024511 0.6747674 0
vt 0.708669 0.6642713 0
vt 0.7148862 0.6537765 0
vt 0.7211035 0.6432815 0
vt 0.7273213 0.6327855 0
vt 0.7335386 0.6222905 0
vt 0.7397558 0.6117957 0
vt 0.7459737 0.6012996 0
vt 0.7521909 0.5908047 0
vt 0.7584082 0.5803097 0
vt 0.764626 0.5698139 0
vt 0.7708434 0.5593189 0
vt 0.777061 0.5488238 0
vt 0.7832786 0.5383288 0
vt 0.7894963 0.5278338 0
vt 0.7957096 0.5173398 0
vt 0.8018752 0.5068453 0
vt 0.6948108 0.6844193 0
vt 0.7010281 0.6739244 0
vt 0.707246 0.6634284 0
vt 0.7134632 0.6529335 0
vt 0.7196805 0.6424386 0
vt 0.7258983 0.6319425 0
vt 0.7321156 0.6214475 0
vt 0.7383328 0.6109527 0
vt 0.7445507 0.6004566 0
vt 0.7507679 0.5899617 0
vt 0.7569852 0.5794668 0
vt 0.763203 0.5689709 0
vt 0.7694204 0.5584759 0
vt 0.7756379 0.5479809 0
vt 0.7818552 0.5374859 0
vt 0.7880713 0.5269912 0
vt 0.794279 0.5164987 0
vt 0.8004369 0.5060085 0
vt 0.6932032 0.6834669 0
vt 0.6994205 0.672972 0
vt 0.7056384 0.662476 0
vt 0.7118556 0.6519811 0
vt 0.7180729 0.6414862 0
vt 0.7242907 0.6309901 0
vt 0.730508 0.6204952 0
vt 0.7367252 0.6100003 0
vt 0.7429431 0.5995043 0
vt 0.7491603 0.5890093 0
vt 0.7553776 0.5785143 0
vt 0.7615954 0.5680185 0
vt 0.7678128 0.5575235 0
vt 0.7740302 0.5470284 0
vt 0.7802472 0.5365335 0
vt 0.7864617 0.5260392 0
vt 0.7926639 0.5155474 0
vt 0.7988171 0.5050581 0
vt 0.6918337 0.6826556 0
vt 0.698051 0.6721607 0
vt 0.7042689 0.6616647 0
vt 0.7104861 0.6511698 0
vt 0.7167034 0.6406749 0
vt 0.7229213 0.6301788 0
vt 0.7291385 0.6196838 0
vt 0.7353557 0.6091889 0
vt 0.7415736 0.5986929 0
vt 0.7477909 0.5881979 0
vt 0.7540082 0.577703 0
vt 0.760226 0.5672071 0
vt 0.7664434 0.5567121 0
vt 0.7726607 0.546217 0
vt 0.7788774 0.5357221 0
vt 0.7850908 0.5252276 0
vt 0.7912893 0.5147358 0
vt 0.7974477 0.5042487 0
vt 0.6901954 0.6816851 0
vt 0.6964127 0.6711901 0
vt 0.7026306 0.6606941 0
vt 0.7088478 0.6501992 0
vt 0.7150651 0.6397042 0
vt 0.721283 0.6292081 0
vt 0.7275002 0.6187132 0
vt 0.7337174 0.6082183 0
vt 0.7399354 0.5977222 0
vt 0.7461526 0.5872272 0
vt 0.7523699 0.5767322 0
vt 0.7585878 0.5662364 0
vt 0.7648052 0.5557413 0
vt 0.7710225 0.5452462 0
vt 0.7772389 0.5347512 0
vt 0.7834514 0.5242564 0
vt 0.7896468 0.5137634 0
vt 0.7958104 0.5032807 0
vt 0.6895864 0.6813243 0
vt 0.6958037 0.6708293 0
vt 0.7020216 0.6603333 0
vt 0.7082388 0.6498384 0
vt 0.7144561 0.6393434 0
vt 0.720674 0.6288473 0
vt 0.7268913 0.6183523 0
vt 0.7331085 0.6078574 0
vt 0.7393264 0.5973613 0
vt 0.7455437 0.5868664 0
vt 0.751761 0.5763714 0
vt 0.7579788 0.5658755 0
vt 0.7641962 0.5553805 0
vt 0.7704135 0.5448853 0
vt 0.7766299 0.5343903 0
vt 0.7828421 0.5238953 0
vt 0.7890371 0.513401 0
vt 0.7951997 0.5029163 0
vt 0.6889775 0.6809636 0
vt 0.6951948 0.6704686 0
vt 0.7014127 0.6599725 0
vt 0.70763 0.6494777 0
vt 0.7138472 0.6389827 0
vt 0.7200651 0.6284866 0
vt 0.7262824 0.6179916 0
vt 0.7324996 0.6074967 0
vt 0.7387175 0.5970006 0
vt 0.7449348 0.5865056 0
vt 0.7511521 0.5760106 0
vt 0.75737 0.5655147 0
vt 0.7635874 0.5550196 0
vt 0.7698047 0.5445245 0
vt 0.776021 0.5340295 0
vt 0.7822331 0.5235343 0
vt 0.788428 0.5130384 0
vt 0.7945872 0.5025495 0
vt 0.6875567 0.6801219 0
vt 0.693774 0.6696269 0
vt 0.699992 0.6591308 0
vt 0.7062092 0.6486359 0
vt 0.7124265 0.6381409 0
vt 0.7186444 0.6276448 0
vt 0.7248617 0.6171497 0
vt 0.7310789 0.6066548 0
vt 0.7372968 0.5961587 0
vt 0.7435141 0.5856636 0
vt 0.7497315 0.5751686 0
vt 0.7559494 0.5646727 0
vt 0.7621668 0.5541776 0
vt 0.7683841 0.5436825 0
vt 0.7746004 0.5331873 0
vt 0.7808122 0.5226917 0
vt 0.7870073 0.5121929 0
vt 0.7931621 0.5016867 0
vt 0.6981342 0.4631366 0
vt 0.6917067 0.4512999 0
vt 0.6852474 0.4394892 0
vt 0.6787681 0.427684 0
vt 0.6722833 0.4158795 0
vt 0.6657973 0.4040746 0
vt 0.6593116 0.3922704 0
vt 0.6528252 0.3804651 0
vt 0.6463394 0.3686608 0
vt 0.6398536 0.3568565 0
vt 0.633367 0.345051 0
vt 0.6268812 0.3332467 0
vt 0.6203954 0.3214426 0
vt 0.6139089 0.3096371 0
vt 0.6074231 0.2978328 0
vt 0.6009373 0.2860285 0
vt 0.5944508 0.2742231 0
vt 0.587965 0.2624189 0
vt 0.5891066 0.2617916 0
vt 0.5955925 0.2735959 0
vt 0.6020789 0.2854013 0
vt 0.6085647 0.2972055 0
vt 0.6150506 0.3090098 0
vt 0.6215371 0.3208153 0
vt 0.6280228 0.3326195 0
vt 0.6345087 0.3444238 0
vt 0.6409952 0.3562293 0
vt 0.647481 0.3680335 0
vt 0.6539668 0.3798378 0
vt 0.6604532 0.3916431 0
vt 0.6669391 0.4034476 0
vt 0.6734249 0.4152521 0
vt 0.6799097 0.4270565 0
vt 0.686389 0.4388613 0
vt 0.692848 0.4506693 0
vt 0.6992691 0.4624906 0
vt 0.5899039 0.2613535 0
vt 0.5963898 0.2731578 0
vt 0.6028762 0.2849632 0
vt 0.609362 0.2967675 0
vt 0.6158479 0.3085717 0
vt 0.6223344 0.3203772 0
vt 0.6288202 0.3321814 0
vt 0.635306 0.3439857 0
vt 0.6417925 0.3557912 0
vt 0.6482783 0.3675954 0
vt 0.6547642 0.3793997 0
vt 0.6612505 0.391205 0
vt 0.6677364 0.4030095 0
vt 0.6742222 0.414814 0
vt 0.680707 0.4266183 0
vt 0.6871866 0.4384228 0
vt 0.6936458 0.4502289 0
vt 0.7000657 0.4620419 0
vt 0.5908229 0.2608486 0
vt 0.5973087 0.2726529 0
vt 0.6037952 0.2844583 0
vt 0.610281 0.2962626 0
vt 0.6167668 0.3080668 0
vt 0.6232533 0.3198723 0
vt 0.6297391 0.3316765 0
vt 0.6362249 0.3434808 0
vt 0.6427114 0.3552863 0
vt 0.6491973 0.3670905 0
vt 0.6556831 0.3788948 0
vt 0.6621695 0.3907001 0
vt 0.6686553 0.4025045 0
vt 0.6751411 0.414309 0
vt 0.681626 0.4261132 0
vt 0.6881059 0.4379175 0
vt 0.6945656 0.4497215 0
vt 0.7009843 0.4615266 0
vt 0.5915077 0.2604723 0
vt 0.5979936 0.2722766 0
vt 0.60448 0.284082 0
vt 0.6109659 0.2958863 0
vt 0.6174517 0.3076905 0
vt 0.6239382 0.319496 0
vt 0.630424 0.3313002 0
vt 0.6369098 0.3431045 0
vt 0.6433963 0.35491 0
vt 0.6498821 0.3667142 0
vt 0.656368 0.3785185 0
vt 0.6628543 0.3903238 0
vt 0.6693402 0.4021282 0
vt 0.6758261 0.4139326 0
vt 0.6823111 0.4257368 0
vt 0.6887913 0.4375408 0
vt 0.6952518 0.4493435 0
vt 0.7016713 0.4611435 0
vt 0.5932874 0.2594945 0
vt 0.5997732 0.2712988 0
vt 0.6062596 0.2831042 0
vt 0.6127455 0.2949085 0
vt 0.6192313 0.3067127 0
vt 0.6257178 0.3185182 0
vt 0.6322036 0.3303224 0
vt 0.6386894 0.3421267 0
vt 0.6451759 0.3539322 0
vt 0.6516617 0.3657364 0
vt 0.6581476 0.3775407 0
vt 0.664634 0.389346 0
vt 0.6711198 0.4011503 0
vt 0.6776058 0.4129547 0
vt 0.684091 0.4247588 0
vt 0.6905726 0.4365625 0
vt 0.6970375 0.4483637 0
vt 0.7034495 0.4601527 0
vt 0.5948879 0.2586151 0
vt 0.6013737 0.2704194 0
vt 0.6078602 0.2822248 0
vt 0.614346 0.294029 0
vt 0.6208318 0.3058333 0
vt 0.6273184 0.3176388 0
vt 0.6338041 0.329443 0
vt 0.64029 0.3412472 0
vt 0.6467765 0.3530527 0
vt 0.6532623 0.364857 0
vt 0.6597481 0.3766613 0
vt 0.6662345 0.3884666 0
vt 0.6727204 0.4002709 0
vt 0.6792064 0.4120752 0
vt 0.685692 0.4238794 0
vt 0.6921751 0.4356831 0
vt 0.6986449 0.4474841 0
vt 0.7050631 0.4592751 0
vt 0.5966961 0.2576216 0
vt 0.6031819 0.2694259 0
vt 0.6096683 0.2812313 0
vt 0.6161542 0.2930355 0
vt 0.62264 0.3048398 0
vt 0.6291265 0.3166453 0
vt 0.6356123 0.3284495 0
vt 0.6420981 0.3402538 0
vt 0.6485846 0.3520593 0
vt 0.6550704 0.3638635 0
vt 0.6615563 0.3756678 0
vt 0.6680427 0.3874731 0
vt 0.6745286 0.3992774 0
vt 0.6810147 0.4110817 0
vt 0.6875007 0.4228859 0
vt 0.6939857 0.4346898 0
vt 0.700462 0.4464917 0
vt 0.7068892 0.4582895 0
vt 0.5982363 0.2567753 0
vt 0.6047222 0.2685796 0
vt 0.6112086 0.280385 0
vt 0.6176944 0.2921893 0
vt 0.6241803 0.3039935 0
vt 0.6306668 0.315799 0
vt 0.6371525 0.3276032 0
vt 0.6436384 0.3394075 0
vt 0.6501249 0.351213 0
vt 0.6566107 0.3630172 0
vt 0.6630965 0.3748215 0
vt 0.6695829 0.3866268 0
vt 0.6760689 0.3984311 0
vt 0.682555 0.4102354 0
vt 0.6890415 0.4220397 0
vt 0.6955283 0.4338441 0
vt 0.7020108 0.4456479 0
vt 0.7084412 0.4574564 0
vt 0.6000792 0.2557628 0
vt 0.606565 0.267567 0
vt 0.6130514 0.2793724 0
vt 0.6195373 0.2911767 0
vt 0.6260231 0.302981 0
vt 0.6325096 0.3147865 0
vt 0.6389954 0.3265906 0
vt 0.6454812 0.3383949 0
vt 0.6519677 0.3502004 0
vt 0.6584536 0.3620047 0
vt 0.6649394 0.373809 0
vt 0.6714258 0.3856142 0
vt 0.6779118 0.3974185 0
vt 0.684398 0.4092229 0
vt 0.690885 0.4210273 0
vt 0.6973738 0.4328326 0
vt 0.7038647 0.4446403 0
vt 0.7103053 0.4564634 0
vt 0.600764 0.2553865 0
vt 0.6072499 0.2671907 0
vt 0.6137363 0.2789961 0
vt 0.6202221 0.2908004 0
vt 0.626708 0.3026047 0
vt 0.6331945 0.3144102 0
vt 0.6396802 0.3262143 0
vt 0.6461661 0.3380186 0
vt 0.6526526 0.3498241 0
vt 0.6591384 0.3616284 0
vt 0.6656243 0.3734327 0
vt 0.6721107 0.3852379 0
vt 0.6785966 0.3970422 0
vt 0.6850829 0.4088466 0
vt 0.69157 0.4206511 0
vt 0.6980596 0.4324569 0
vt 0.7045538 0.4442669 0
vt 0.711004 0.4560976 0
vt 0.6014489 0.2550102 0
vt 0.6079347 0.2668145 0
vt 0.6144212 0.2786198 0
vt 0.620907 0.2904241 0
vt 0.6273928 0.3022284 0
vt 0.6338793 0.3140339 0
vt 0.6403651 0.325838 0
vt 0.6468509 0.3376423 0
vt 0.6533374 0.3494478 0
vt 0.6598233 0.3612521 0
vt 0.6663091 0.3730564 0
vt 0.6727955 0.3848616 0
vt 0.6792815 0.3966659 0
vt 0.6857678 0.4084703 0
vt 0.6922551 0.4202749 0
vt 0.6987453 0.4320811 0
vt 0.7052427 0.4438937 0
vt 0.7117066 0.4557333 0
vt 0.6030469 0.2541321 0
vt 0.6095328 0.2659364 0
vt 0.6160192 0.2777418 0
vt 0.6225051 0.2895461 0
vt 0.6289909 0.3013503 0
vt 0.6354774 0.3131558 0
vt 0.6419632 0.32496 0
vt 0.648449 0.3367643 0
vt 0.6549355 0.3485698 0
vt 0.6614213 0.360374 0
vt 0.6679072 0.3721783 0
vt 0.6743936 0.3839836 0
vt 0.6808796 0.3957879 0
vt 0.687366 0.4075923 0
vt 0.6938535 0.4193971 0
vt 0.7003451 0.4312043 0
vt 0.7068481 0.4430224 0
vt 0.7133533 0.454891 0
vt 0.6320024 0.4702864 0
vt 0.620132 0.4594976 0
vt 0.6083027 0.4487923 0
vt 0.5964981 0.4380864 0
vt 0.5846998 0.4273757 0
vt 0.5729012 0.4166626 0
vt 0.5611028 0.4059496 0
vt 0.5493035 0.3952361 0
vt 0.5375051 0.3845233 0
vt 0.5257066 0.3738105 0
vt 0.5139068 0.3630966 0
vt 0.5021084 0.3523839 0
vt 0.4903098 0.3416715 0
vt 0.4785102 0.3309588 0
vt 0.4667142 0.3202463 0
vt 0.4549251 0.3095163 0
vt 0.4431305 0.2987134 0
vt 0.2843085 0.9480365 0
vt 0.6661188 0.02099829 0
vt 0.6528106 0.0208775 0
vt 0.6395029 0.02075671 0
vt 0.6261948 0.02063592 0
vt 0.6128871 0.02051514 0
vt 0.5995791 0.02039435 0
vt 0.5862717 0.02027356 0
vt 0.572963 0.02015277 0
vt 0.5596555 0.02003198 0
vt 0.546348 0.0199112 0
vt 0.5330391 0.0197904 0
vt 0.5197317 0.01966962 0
vt 0.5064242 0.01954883 0
vt 0.4931153 0.01942804 0
vt 0.4798078 0.01930725 0
vt 0.4665004 0.01918647 0
vt 0.4531915 0.01906567 0
vt 0.439884 0.01894489 0
vt 0.6246505 0.4754478 0
vt 0.6130346 0.464913 0
vt 0.6013894 0.4543582 0
vt 0.5897452 0.4437914 0
vt 0.5781033 0.4332216 0
vt 0.5664621 0.4226515 0
vt 0.5548212 0.4120817 0
vt 0.5431796 0.4015113 0
vt 0.5315393 0.3909421 0
vt 0.5198977 0.3803718 0
vt 0.5082561 0.3698013 0
vt 0.4966157 0.3592322 0
vt 0.484974 0.348662 0
vt 0.4733317 0.3380919 0
vt 0.4616897 0.3275214 0
vt 0.4500487 0.3169405 0
vt 0.4384433 0.3063513 0
vt 0.4269064 0.2957934 0
vt 0.4269225 0.2943777 0
vt 0.4385659 0.3050304 0
vt 0.4502445 0.3156995 0
vt 0.4619605 0.3263522 0
vt 0.4736813 0.3369947 0
vt 0.485402 0.3476359 0
vt 0.4971223 0.3582773 0
vt 0.5088423 0.3689188 0
vt 0.5205625 0.3795604 0
vt 0.5322825 0.390202 0
vt 0.5440025 0.4008436 0
vt 0.5557225 0.4114852 0
vt 0.5674421 0.4221265 0
vt 0.5791619 0.432768 0
vt 0.5908826 0.4434091 0
vt 0.6026058 0.4540464 0
vt 0.6143324 0.4646714 0
vt 0.6260395 0.4752903 0
vt 0.4271048 0.2931159 0
vt 0.4388441 0.3038528 0
vt 0.4505769 0.3145822 0
vt 0.4623482 0.3252888 0
vt 0.4741254 0.3359829 0
vt 0.4859044 0.346677 0
vt 0.4976818 0.3573702 0
vt 0.50946 0.3680646 0
vt 0.5212372 0.378758 0
vt 0.5330145 0.3894516 0
vt 0.5447927 0.400146 0
vt 0.5565712 0.4108406 0
vt 0.5683481 0.421534 0
vt 0.5801257 0.4322281 0
vt 0.591904 0.4429212 0
vt 0.6036852 0.4536099 0
vt 0.6154727 0.4642871 0
vt 0.6272519 0.474973 0
vt 0.4275865 0.292131 0
vt 0.4393921 0.3029241 0
vt 0.4511474 0.3136821 0
vt 0.4629361 0.3244075 0
vt 0.4747341 0.3351209 0
vt 0.4865342 0.3458341 0
vt 0.4983329 0.3565466 0
vt 0.5101314 0.3672593 0
vt 0.5219311 0.3779732 0
vt 0.5337296 0.388686 0
vt 0.5455281 0.3993988 0
vt 0.5573276 0.4101126 0
vt 0.569126 0.4208256 0
vt 0.5809245 0.4315385 0
vt 0.5927237 0.4422505 0
vt 0.6045264 0.4529578 0
vt 0.6163382 0.4636547 0
vt 0.6281509 0.4743773 0
vt 0.6180619 0.4854969 0
vt 0.606264 0.4747555 0
vt 0.5944763 0.4640288 0
vt 0.5826796 0.4533132 0
vt 0.5708807 0.4426005 0
vt 0.5590815 0.4318876 0
vt 0.547283 0.421175 0
vt 0.5354835 0.4104613 0
vt 0.523685 0.3997485 0
vt 0.5118866 0.3890357 0
vt 0.5000868 0.3783218 0
vt 0.4882885 0.367609 0
vt 0.4764902 0.3568959 0
vt 0.4646908 0.3461818 0
vt 0.4528917 0.3354714 0
vt 0.4410855 0.3247757 0
vt 0.4292464 0.3141068 0
vt 0.4174075 0.3033775 0
vt 0.4183473 0.3028111 0
vt 0.4301192 0.3134732 0
vt 0.4419269 0.3241212 0
vt 0.4537122 0.3348011 0
vt 0.4654903 0.3454929 0
vt 0.4772686 0.3561878 0
vt 0.4890457 0.3668815 0
vt 0.5008238 0.377576 0
vt 0.512601 0.3882695 0
vt 0.5243783 0.3989631 0
vt 0.5361565 0.4096575 0
vt 0.5479349 0.420352 0
vt 0.5597121 0.4310453 0
vt 0.5714901 0.441739 0
vt 0.5832682 0.4524327 0
vt 0.5950444 0.4631288 0
vt 0.6068115 0.4738343 0
vt 0.6185722 0.4845498 0
vt 0.4195936 0.30252 0
vt 0.4312646 0.3130839 0
vt 0.4430073 0.323683 0
vt 0.454733 0.3343127 0
vt 0.4664545 0.3449535 0
vt 0.4781746 0.3555956 0
vt 0.4898946 0.3662374 0
vt 0.5016145 0.3768791 0
vt 0.5133347 0.3875207 0
vt 0.5250547 0.3981623 0
vt 0.5367747 0.4088039 0
vt 0.5484948 0.4194454 0
vt 0.5602145 0.4300866 0
vt 0.5719346 0.4407278 0
vt 0.5836552 0.4513692 0
vt 0.5953747 0.4620126 0
vt 0.6070853 0.4726634 0
vt 0.6187774 0.4833172 0
vt 0.4210116 0.3023827 0
vt 0.4325666 0.3128345 0
vt 0.444224 0.3233688 0
vt 0.4558705 0.3339303 0
vt 0.4675129 0.3444998 0
vt 0.4791548 0.3550708 0
vt 0.4907963 0.3656413 0
vt 0.5024366 0.3762106 0
vt 0.5140783 0.386781 0
vt 0.5257198 0.3973513 0
vt 0.5373601 0.4079205 0
vt 0.5490017 0.4184909 0
vt 0.5606428 0.4290606 0
vt 0.5722842 0.4396304 0
vt 0.5839261 0.4502003 0
vt 0.5955676 0.4607718 0
vt 0.6072015 0.4713487 0
vt 0.6188088 0.4819241 0
vt 0.5041508 0.4499997 0
vt 0.5041366 0.457267 0
vt 0.5041224 0.4645342 0
vt 0.5041081 0.4718014 0
vt 0.5040939 0.4790685 0
vt 0.5040797 0.4863358 0
vt 0.5040654 0.4936027 0
vt 0.5040512 0.5008703 0
vt 0.504037 0.5081373 0
vt 0.5040227 0.5154043 0
vt 0.5040085 0.522672 0
vt 0.5039943 0.5299389 0
vt 0.50398 0.5372059 0
vt 0.5039658 0.5444736 0
vt 0.5039516 0.5517406 0
vt 0.5039373 0.5590075 0
vt 0.5039231 0.5662753 0
vt 0.5039088 0.5735423 0
vt 0.4425314 0.4552549 0
vt 0.4425167 0.4622091 0
vt 0.442502 0.4691633 0
vt 0.4424873 0.4761175 0
vt 0.4424726 0.4830717 0
vt 0.4424578 0.4900254 0
vt 0.4424431 0.4969801 0
vt 0.4424284 0.5039338 0
vt 0.4424137 0.510888 0
vt 0.4423989 0.5178422 0
vt 0.4423838 0.5247964 0
vt 0.4423691 0.5317506 0
vt 0.4423543 0.5387048 0
vt 0.4423396 0.545659 0
vt 0.4423249 0.5526132 0
vt 0.4423102 0.5595674 0
vt 0.4422955 0.5665212 0
vt 0.4422807 0.5734754 0
vt 0.3348426 0.978359 0
vt 0.3562746 0.9785558 0
vt 0.3777074 0.9787526 0
vt 0.3991394 0.9789494 0
vt 0.4205722 0.9791461 0
vt 0.4420043 0.9793429 0
vt 0.4634363 0.979539 0
vt 0.4848691 0.9797357 0
vt 0.5063011 0.9799325 0
vt 0.5277339 0.9801293 0
vt 0.5491659 0.9803261 0
vt 0.5705987 0.9805229 0
vt 0.5920307 0.9807197 0
vt 0.6134635 0.9809157 0
vt 0.6348955 0.9811125 0
vt 0.6563283 0.9813093 0
vt 0.6777603 0.981506 0
vt 0.4316557 0.4552317 0
vt 0.5155088 0.450022 0
vt 0.5154945 0.4572893 0
vt 0.5154803 0.4645564 0
vt 0.5154661 0.4718237 0
vt 0.5154518 0.4790908 0
vt 0.5154376 0.486358 0
vt 0.5154234 0.493625 0
vt 0.5154091 0.5008926 0
vt 0.5153949 0.5081595 0
vt 0.5153807 0.5154265 0
vt 0.5153664 0.5226943 0
vt 0.5153522 0.5299612 0
vt 0.5153379 0.5372281 0
vt 0.5153237 0.5444959 0
vt 0.5153095 0.5517629 0
vt 0.5152952 0.5590298 0
vt 0.515281 0.5662975 0
vt 0.04391779 0.3997964 0
vt 0.5057927 0.4500029 0
vt 0.5057785 0.4572703 0
vt 0.5057642 0.4645374 0
vt 0.50575 0.4718046 0
vt 0.5057358 0.4790718 0
vt 0.5057215 0.486339 0
vt 0.5057073 0.4936059 0
vt 0.5056931 0.5008735 0
vt 0.5056788 0.5081405 0
vt 0.5056646 0.5154075 0
vt 0.5056504 0.5226752 0
vt 0.5056361 0.5299421 0
vt 0.5056219 0.5372091 0
vt 0.5056077 0.5444769 0
vt 0.5055934 0.5517438 0
vt 0.5055792 0.5590107 0
vt 0.505565 0.5662785 0
vt 0.5055507 0.5735455 0
vt 0.5062534 0.5735468 0
vt 0.5062676 0.5662799 0
vt 0.5062819 0.5590121 0
vt 0.5062961 0.5517452 0
vt 0.5063103 0.5444782 0
vt 0.5063246 0.5372105 0
vt 0.5063388 0.5299435 0
vt 0.506353 0.5226766 0
vt 0.5063673 0.5154089 0
vt 0.5063815 0.5081419 0
vt 0.5063957 0.5008749 0
vt 0.50641 0.4936073 0
vt 0.5064242 0.4863403 0
vt 0.5064384 0.4790731 0
vt 0.5064527 0.471806 0
vt 0.5064669 0.4645388 0
vt 0.5064812 0.4572716 0
vt 0.5064954 0.4500043 0
vt 0.5067443 0.5735478 0
vt 0.5067585 0.5662808 0
vt 0.5067727 0.5590131 0
vt 0.506787 0.5517462 0
vt 0.5068012 0.5444792 0
vt 0.5068154 0.5372115 0
vt 0.5068297 0.5299445 0
vt 0.5068439 0.5226776 0
vt 0.5068581 0.5154098 0
vt 0.5068724 0.5081428 0
vt 0.5068866 0.5008759 0
vt 0.5069009 0.4936083 0
vt 0.5069151 0.4863412 0
vt 0.5069293 0.4790741 0
vt 0.5069436 0.471807 0
vt 0.5069578 0.4645397 0
vt 0.506972 0.4572726 0
vt 0.5069863 0.4500053 0
vt 0.50731 0.5735489 0
vt 0.5073242 0.5662819 0
vt 0.5073384 0.5590142 0
vt 0.5073527 0.5517473 0
vt 0.5073669 0.5444803 0
vt 0.5073811 0.5372126 0
vt 0.5073954 0.5299456 0
vt 0.5074096 0.5226787 0
vt 0.5074238 0.5154109 0
vt 0.5074381 0.508144 0
vt 0.5074523 0.500877 0
vt 0.5074665 0.4936094 0
vt 0.5074808 0.4863423 0
vt 0.507495 0.4790752 0
vt 0.5075092 0.4718081 0
vt 0.5075235 0.4645408 0
vt 0.5075377 0.4572737 0
vt 0.507552 0.4500064 0
vt 0.5077316 0.5735497 0
vt 0.5077458 0.5662828 0
vt 0.50776 0.559015 0
vt 0.5077743 0.5517481 0
vt 0.5077885 0.5444811 0
vt 0.5078027 0.5372134 0
vt 0.507817 0.5299464 0
vt 0.5078312 0.5226795 0
vt 0.5078455 0.5154118 0
vt 0.5078597 0.5081448 0
vt 0.5078739 0.5008778 0
vt 0.5078882 0.4936102 0
vt 0.5079024 0.4863431 0
vt 0.5079166 0.479076 0
vt 0.5079309 0.4718089 0
vt 0.5079451 0.4645417 0
vt 0.5079593 0.4572745 0
vt 0.5079736 0.4500072 0
vt 0.5088271 0.5735519 0
vt 0.5088413 0.5662849 0
vt 0.5088556 0.5590172 0
vt 0.5088698 0.5517503 0
vt 0.508884 0.5444833 0
vt 0.5088983 0.5372155 0
vt 0.5089125 0.5299486 0
vt 0.5089267 0.5226816 0
vt 0.508941 0.5154139 0
vt 0.5089552 0.5081469 0
vt 0.5089694 0.5008799 0
vt 0.5089837 0.4936123 0
vt 0.5089979 0.4863453 0
vt 0.5090121 0.4790782 0
vt 0.5090264 0.4718111 0
vt 0.5090406 0.4645438 0
vt 0.5090548 0.4572767 0
vt 0.5090691 0.4500094 0
vt 0.5098125 0.5735538 0
vt 0.5098267 0.5662868 0
vt 0.509841 0.5590191 0
vt 0.5098552 0.5517522 0
vt 0.5098694 0.5444852 0
vt 0.5098837 0.5372175 0
vt 0.5098979 0.5299505 0
vt 0.5099122 0.5226836 0
vt 0.5099264 0.5154158 0
vt 0.5099406 0.5081489 0
vt 0.5099549 0.5008819 0
vt 0.5099691 0.4936143 0
vt 0.5099833 0.4863472 0
vt 0.5099976 0.4790801 0
vt 0.5100118 0.471813 0
vt 0.510026 0.4645457 0
vt 0.5100403 0.4572786 0
vt 0.5100545 0.4500113 0
vt 0.5109256 0.573556 0
vt 0.5109399 0.566289 0
vt 0.5109541 0.5590213 0
vt 0.5109684 0.5517544 0
vt 0.5109826 0.5444874 0
vt 0.5109968 0.5372196 0
vt 0.5110111 0.5299527 0
vt 0.5110253 0.5226858 0
vt 0.5110395 0.515418 0
vt 0.5110538 0.508151 0
vt 0.511068 0.5008841 0
vt 0.5110822 0.4936165 0
vt 0.5110965 0.4863494 0
vt 0.5111107 0.4790823 0
vt 0.5111249 0.4718152 0
vt 0.5111392 0.4645479 0
vt 0.5111534 0.4572808 0
vt 0.5111676 0.4500135 0
vt 0.5118739 0.5735579 0
vt 0.5118881 0.5662909 0
vt 0.5119024 0.5590231 0
vt 0.5119166 0.5517562 0
vt 0.5119309 0.5444892 0
vt 0.5119451 0.5372215 0
vt 0.5119593 0.5299545 0
vt 0.5119736 0.5226876 0
vt 0.5119878 0.5154199 0
vt 0.512002 0.5081529 0
vt 0.5120163 0.5008859 0
vt 0.5120305 0.4936183 0
vt 0.5120447 0.4863513 0
vt 0.512059 0.4790841 0
vt 0.5120732 0.471817 0
vt 0.5120874 0.4645498 0
vt 0.5121017 0.4572826 0
vt 0.5121159 0.4500153 0
vt 0.5130083 0.5735601 0
vt 0.5130226 0.5662931 0
vt 0.5130368 0.5590254 0
vt 0.513051 0.5517584 0
vt 0.5130653 0.5444915 0
vt 0.5130795 0.5372237 0
vt 0.5130937 0.5299567 0
vt 0.513108 0.5226898 0
vt 0.5131222 0.5154221 0
vt 0.5131364 0.5081551 0
vt 0.5131507 0.5008881 0
vt 0.5131649 0.4936205 0
vt 0.5131791 0.4863535 0
vt 0.5131934 0.4790864 0
vt 0.5132076 0.4718192 0
vt 0.5132218 0.464552 0
vt 0.5132361 0.4572849 0
vt 0.5132503 0.4500175 0
vt 0.5134299 0.5735609 0
vt 0.5134442 0.5662939 0
vt 0.5134584 0.5590262 0
vt 0.5134726 0.5517593 0
vt 0.5134869 0.5444923 0
vt 0.5135011 0.5372246 0
vt 0.5135153 0.5299576 0
vt 0.5135296 0.5226907 0
vt 0.5135438 0.5154229 0
vt 0.5135581 0.5081559 0
vt 0.5135723 0.500889 0
vt 0.5135865 0.4936214 0
vt 0.5136008 0.4863543 0
vt 0.513615 0.4790872 0
vt 0.5136292 0.4718201 0
vt 0.5136435 0.4645528 0
vt 0.5136577 0.4572857 0
vt 0.5136719 0.4500184 0
vt 0.5138516 0.5735617 0
vt 0.5138658 0.5662947 0
vt 0.51388 0.559027 0
vt 0.5138943 0.5517601 0
vt 0.5139085 0.5444931 0
vt 0.5139227 0.5372254 0
vt 0.513937 0.5299584 0
vt 0.5139512 0.5226915 0
vt 0.5139654 0.5154237 0
vt 0.5139797 0.5081568 0
vt 0.5139939 0.5008898 0
vt 0.5140081 0.4936222 0
vt 0.5140224 0.4863551 0
vt 0.5140366 0.479088 0
vt 0.5140508 0.4718209 0
vt 0.5140651 0.4645536 0
vt 0.5140793 0.4572865 0
vt 0.5140936 0.4500192 0
vt 0.5148353 0.5735637 0
vt 0.5148496 0.5662967 0
vt 0.5148638 0.5590289 0
vt 0.5148781 0.551762 0
vt 0.5148923 0.544495 0
vt 0.5149065 0.5372273 0
vt 0.5149208 0.5299603 0
vt 0.514935 0.5226934 0
vt 0.5149492 0.5154257 0
vt 0.5149635 0.5081587 0
vt 0.5149777 0.5008917 0
vt 0.5149919 0.4936241 0
vt 0.5150062 0.4863571 0
vt 0.5150204 0.4790899 0
vt 0.5150346 0.4718228 0
vt 0.5150489 0.4645556 0
vt 0.5150631 0.4572884 0
vt 0.5150773 0.4500211 0
vt 0.4318179 0.5734534 0
vt 0.4318326 0.5664992 0
vt 0.4318473 0.559545 0
vt 0.4318621 0.5525908 0
vt 0.4318768 0.5456366 0
vt 0.4318915 0.5386824 0
vt 0.4319062 0.5317282 0
vt 0.431921 0.524774 0
vt 0.4319357 0.5178198 0
vt 0.4319508 0.5108661 0
vt 0.4319655 0.5039119 0
vt 0.4319803 0.4969577 0
vt 0.431995 0.4900035 0
vt 0.4320097 0.4830493 0
vt 0.4320244 0.4760951 0
vt 0.4320392 0.4691409 0
vt 0.4320539 0.4621867 0
vt 0.4320686 0.4552329 0
vt 0.4327412 0.4552341 0
vt 0.4327264 0.4621883 0
vt 0.4327117 0.4691425 0
vt 0.432697 0.4760967 0
vt 0.4326823 0.4830509 0
vt 0.4326675 0.4900047 0
vt 0.4326524 0.4969589 0
vt 0.4326377 0.5039131 0
vt 0.4326229 0.5108673 0
vt 0.4326082 0.5178215 0
vt 0.4325935 0.5247757 0
vt 0.4325788 0.5317299 0
vt 0.432564 0.5386841 0
vt 0.4325493 0.5456383 0
vt 0.4325346 0.552592 0
vt 0.4325199 0.5595467 0
vt 0.4325052 0.5665004 0
vt 0.4324904 0.5734546 0
vt 0.4332107 0.455235 0
vt 0.433196 0.4621892 0
vt 0.4331812 0.4691434 0
vt 0.4331665 0.4760976 0
vt 0.4331518 0.4830518 0
vt 0.4331371 0.490006 0
vt 0.4331223 0.4969602 0
vt 0.4331076 0.503914 0
vt 0.4330929 0.5108682 0
vt 0.4330782 0.5178224 0
vt 0.4330635 0.5247766 0
vt 0.4330483 0.5317307 0
vt 0.4330336 0.5386849 0
vt 0.4330189 0.5456391 0
vt 0.4330041 0.5525933 0
vt 0.4329894 0.5595475 0
vt 0.4329747 0.5665013 0
vt 0.43296 0.5734555 0
vt 0.4337523 0.4552362 0
vt 0.4337376 0.4621904 0
vt 0.4337229 0.4691446 0
vt 0.4337077 0.4760988 0
vt 0.433693 0.483053 0
vt 0.4336783 0.4900072 0
vt 0.4336636 0.496961 0
vt 0.4336488 0.5039152 0
vt 0.4336341 0.5108694 0
vt 0.4336194 0.5178236 0
vt 0.4336047 0.5247778 0
vt 0.4335899 0.531732 0
vt 0.4335752 0.5386862 0
vt 0.4335605 0.5456404 0
vt 0.4335458 0.5525946 0
vt 0.4335311 0.5595488 0
vt 0.4335159 0.5665025 0
vt 0.4335012 0.5734567 0
vt 0.4341558 0.4552373 0
vt 0.434141 0.4621915 0
vt 0.4341263 0.4691453 0
vt 0.4341112 0.4760994 0
vt 0.4340964 0.4830536 0
vt 0.4340817 0.4900078 0
vt 0.434067 0.496962 0
vt 0.4340523 0.5039162 0
vt 0.4340376 0.5108704 0
vt 0.4340228 0.5178246 0
vt 0.4340081 0.5247788 0
vt 0.4339934 0.5317326 0
vt 0.4339787 0.5386872 0
vt 0.4339639 0.545641 0
vt 0.4339492 0.5525952 0
vt 0.4339341 0.5595494 0
vt 0.4339193 0.5665036 0
vt 0.4339046 0.5734578 0
vt 0.4352039 0.4552396 0
vt 0.4351891 0.4621938 0
vt 0.4351744 0.4691475 0
vt 0.4351597 0.4761017 0
vt 0.435145 0.4830559 0
vt 0.4351302 0.4900101 0
vt 0.4351155 0.4969643 0
vt 0.4351008 0.5039185 0
vt 0.4350861 0.5108727 0
vt 0.4350713 0.5178269 0
vt 0.4350566 0.5247811 0
vt 0.4350419 0.5317349 0
vt 0.4350268 0.5386891 0
vt 0.435012 0.5456433 0
vt 0.4349973 0.5525975 0
vt 0.4349826 0.5595517 0
vt 0.4349679 0.5665059 0
vt 0.4349531 0.5734601 0
vt 0.4361468 0.4552414 0
vt 0.4361321 0.4621956 0
vt 0.4361173 0.4691498 0
vt 0.4361026 0.476104 0
vt 0.4360879 0.4830582 0
vt 0.4360732 0.4900119 0
vt 0.4360585 0.4969661 0
vt 0.4360437 0.5039203 0
vt 0.436029 0.5108745 0
vt 0.4360143 0.5178287 0
vt 0.4359991 0.5247829 0
vt 0.4359844 0.5317371 0
vt 0.4359697 0.5386913 0
vt 0.435955 0.5456455 0
vt 0.4359402 0.5525993 0
vt 0.4359255 0.5595535 0
vt 0.4359108 0.5665077 0
vt 0.4358961 0.5734619 0
vt 0.437212 0.4552435 0
vt 0.4371973 0.4621977 0
vt 0.4371826 0.4691519 0
vt 0.4371679 0.4761061 0
vt 0.4371532 0.4830603 0
vt 0.4371384 0.4900145 0
vt 0.4371237 0.4969687 0
vt 0.437109 0.5039225 0
vt 0.4370938 0.5108767 0
vt 0.4370791 0.5178309 0
vt 0.4370644 0.524785 0
vt 0.4370497 0.5317392 0
vt 0.4370349 0.5386934 0
vt 0.4370202 0.5456476 0
vt 0.4370055 0.5526018 0
vt 0.4369908 0.559556 0
vt 0.4369761 0.5665098 0
vt 0.4369613 0.573464 0
vt 0.4381194 0.4552456 0
vt 0.4381046 0.4621998 0
vt 0.4380899 0.469154 0
vt 0.4380752 0.4761082 0
vt 0.4380605 0.483062 0
vt 0.4380457 0.4900162 0
vt 0.438031 0.4969704 0
vt 0.4380163 0.5039246 0
vt 0.4380016 0.5108788 0
vt 0.4379864 0.5178329 0
vt 0.4379717 0.5247871 0
vt 0.437957 0.5317413 0
vt 0.4379423 0.5386955 0
vt 0.4379275 0.5456493 0
vt 0.4379128 0.5526035 0
vt 0.4378981 0.5595577 0
vt 0.4378834 0.5665119 0
vt 0.4378686 0.5734661 0
vt 0.4392052 0.4552481 0
vt 0.4391905 0.4622018 0
vt 0.4391753 0.469156 0
vt 0.4391606 0.4761102 0
vt 0.4391459 0.4830644 0
vt 0.4391312 0.4900186 0
vt 0.4391164 0.4969728 0
vt 0.4391017 0.503927 0
vt 0.439087 0.5108812 0
vt 0.4390723 0.5178354 0
vt 0.4390576 0.5247896 0
vt 0.4390428 0.5317434 0
vt 0.4390281 0.5386976 0
vt 0.439013 0.5456518 0
vt 0.4389982 0.552606 0
vt 0.4389835 0.5595602 0
vt 0.4389688 0.5665144 0
vt 0.4389541 0.5734686 0
vt 0.4396087 0.4552487 0
vt 0.4395935 0.4622029 0
vt 0.4395788 0.4691571 0
vt 0.4395641 0.4761113 0
vt 0.4395493 0.4830655 0
vt 0.4395346 0.4900193 0
vt 0.4395199 0.4969735 0
vt 0.4395052 0.5039277 0
vt 0.4394904 0.5108819 0
vt 0.4394757 0.5178361 0
vt 0.439461 0.5247903 0
vt 0.4394463 0.5317445 0
vt 0.4394315 0.5386986 0
vt 0.4394168 0.5456528 0
vt 0.4394021 0.5526066 0
vt 0.439387 0.5595608 0
vt 0.4393722 0.566515 0
vt 0.4393575 0.5734692 0
vt 0.4400121 0.4552498 0
vt 0.4399974 0.4622036 0
vt 0.4399822 0.4691577 0
vt 0.4399675 0.4761119 0
vt 0.4399528 0.4830661 0
vt 0.439938 0.4900203 0
vt 0.4399233 0.4969745 0
vt 0.4399086 0.5039287 0
vt 0.4398939 0.5108829 0
vt 0.4398792 0.5178371 0
vt 0.4398644 0.5247913 0
vt 0.4398497 0.5317451 0
vt 0.439835 0.5386993 0
vt 0.4398203 0.5456535 0
vt 0.4398051 0.5526077 0
vt 0.4397904 0.5595619 0
vt 0.4397757 0.5665161 0
vt 0.4397609 0.5734703 0
vt 0.4409533 0.4552516 0
vt 0.4409386 0.4622058 0
vt 0.4409239 0.46916 0
vt 0.4409091 0.4761142 0
vt 0.4408944 0.4830684 0
vt 0.4408797 0.4900221 0
vt 0.440865 0.4969763 0
vt 0.4408503 0.5039305 0
vt 0.4408351 0.5108847 0
vt 0.4408204 0.5178389 0
vt 0.4408057 0.5247931 0
vt 0.4407909 0.5317473 0
vt 0.4407762 0.5387015 0
vt 0.4407615 0.5456557 0
vt 0.4407468 0.5526095 0
vt 0.440732 0.5595637 0
vt 0.4407173 0.5665179 0
vt 0.4407026 0.5734721 0
vt 0.3371752 0.7241484 0
vt 0.3586073 0.7243452 0
vt 0.3800393 0.7245419 0
vt 0.4014721 0.724738 0
vt 0.4229049 0.7249348 0
vt 0.4443369 0.7251315 0
vt 0.4657689 0.7253283 0
vt 0.4872017 0.7255251 0
vt 0.5086345 0.7257219 0
vt 0.5300665 0.7259179 0
vt 0.5514986 0.7261147 0
vt 0.5729313 0.7263115 0
vt 0.5943634 0.7265083 0
vt 0.6157954 0.7267051 0
vt 0.6372282 0.7269018 0
vt 0.658661 0.7270979 0
vt 0.680093 0.7272947 0
vt 0.701525 0.7274914 0
vt 0.003979514 0.5509787 0
vt 0.004052781 0.5420667 0
vt 0.004126046 0.5331551 0
vt 0.004199311 0.5242432 0
vt 0.004272576 0.5153315 0
vt 0.004345842 0.5064197 0
vt 0.004419104 0.4975083 0
vt 0.004492374 0.488596 0
vt 0.004565637 0.4796845 0
vt 0.0046389 0.470773 0
vt 0.004712171 0.4618605 0
vt 0.004785433 0.4529491 0
vt 0.004858696 0.4440376 0
vt 0.004931967 0.4351252 0
vt 0.00500523 0.4262137 0
vt 0.005078492 0.4173022 0
vt 0.005151763 0.4083898 0
vt 0.005225026 0.3994783 0
vt 0.3349652 0.96498 0
vt 0.356398 0.9651768 0
vt 0.37783 0.9653735 0
vt 0.3992621 0.9655696 0
vt 0.4206948 0.9657664 0
vt 0.4421269 0.9659631 0
vt 0.4635597 0.9661599 0
vt 0.4849917 0.9663567 0
vt 0.5064245 0.9665535 0
vt 0.5278565 0.9667503 0
vt 0.5492893 0.9669463 0
vt 0.5707213 0.9671431 0
vt 0.5921533 0.9673399 0
vt 0.6135861 0.9675367 0
vt 0.6350181 0.9677334 0
vt 0.6564509 0.9679295 0
vt 0.677883 0.9681262 0
vt 0.6993157 0.968323 0
vt 0.3350878 0.9516002 0
vt 0.3565206 0.951797 0
vt 0.3779526 0.9519938 0
vt 0.3993854 0.9521905 0
vt 0.4208175 0.9523866 0
vt 0.4422495 0.9525834 0
vt 0.4636823 0.9527801 0
vt 0.4851143 0.9529769 0
vt 0.5065471 0.9531737 0
vt 0.5279791 0.9533705 0
vt 0.5494119 0.9535673 0
vt 0.5708439 0.9537633 0
vt 0.5922767 0.9539601 0
vt 0.6137087 0.9541569 0
vt 0.6351408 0.9543537 0
vt 0.6565735 0.9545504 0
vt 0.6780063 0.9547472 0
vt 0.6994384 0.9549432 0
vt 0.3352104 0.9382212 0
vt 0.3566432 0.9384172 0
vt 0.3780753 0.938614 0
vt 0.399508 0.9388108 0
vt 0.4209401 0.9390075 0
vt 0.4423728 0.9392043 0
vt 0.4638049 0.9394011 0
vt 0.4852369 0.9395971 0
vt 0.5066697 0.9397939 0
vt 0.5281017 0.9399907 0
vt 0.5495345 0.9401875 0
vt 0.5709665 0.9403843 0
vt 0.5923993 0.9405811 0
vt 0.6138313 0.9407771 0
vt 0.6352641 0.9409739 0
vt 0.6566962 0.9411707 0
vt 0.6781289 0.9413674 0
vt 0.699561 0.9415642 0
vt 0.3353338 0.9248414 0
vt 0.3567658 0.9250382 0
vt 0.3781979 0.9252349 0
vt 0.3996306 0.925431 0
vt 0.4210627 0.9256278 0
vt 0.4424955 0.9258245 0
vt 0.4639275 0.9260213 0
vt 0.4853603 0.9262181 0
vt 0.5067923 0.9264149 0
vt 0.5282251 0.9266109 0
vt 0.5496571 0.9268077 0
vt 0.5710899 0.9270045 0
vt 0.5925219 0.9272013 0
vt 0.613954 0.9273981 0
vt 0.6353867 0.9275948 0
vt 0.6568195 0.9277916 0
vt 0.6782515 0.9279877 0
vt 0.6996836 0.9281844 0
vt 0.3354564 0.9114616 0
vt 0.3568884 0.9116584 0
vt 0.3783212 0.9118552 0
vt 0.3997533 0.9120519 0
vt 0.421186 0.912248 0
vt 0.4426181 0.9124448 0
vt 0.4640509 0.9126415 0
vt 0.4854829 0.9128383 0
vt 0.5069157 0.9130351 0
vt 0.5283477 0.9132319 0
vt 0.5497797 0.9134279 0
vt 0.5712125 0.9136247 0
vt 0.5926445 0.9138215 0
vt 0.6140773 0.9140183 0
vt 0.6355093 0.9142151 0
vt 0.6569421 0.9144118 0
vt 0.6783742 0.9146086 0
vt 0.6998069 0.9148046 0
vt 0.335579 0.8980826 0
vt 0.3570118 0.8982786 0
vt 0.3784438 0.8984754 0
vt 0.3998759 0.8986722 0
vt 0.4213087 0.8988689 0
vt 0.4427407 0.8990657 0
vt 0.4641735 0.8992625 0
vt 0.4856055 0.8994585 0
vt 0.5070383 0.8996553 0
vt 0.5284703 0.8998521 0
vt 0.5499031 0.9000489 0
vt 0.5713351 0.9002457 0
vt 0.5927671 0.9004425 0
vt 0.6141999 0.9006385 0
vt 0.635632 0.9008353 0
vt 0.6570647 0.9010321 0
vt 0.6784968 0.9012288 0
vt 0.6999296 0.9014256 0
vt 0.3357016 0.8847028 0
vt 0.3571344 0.8848996 0
vt 0.3785665 0.8850956 0
vt 0.3999992 0.8852924 0
vt 0.4214313 0.8854892 0
vt 0.4428641 0.8856859 0
vt 0.4642961 0.8858827 0
vt 0.4857281 0.8860795 0
vt 0.5071609 0.8862755 0
vt 0.5285929 0.8864723 0
vt 0.5500257 0.8866691 0
vt 0.5714577 0.8868659 0
vt 0.5928905 0.8870627 0
vt 0.6143225 0.8872595 0
vt 0.6357546 0.8874562 0
vt 0.6571874 0.8876523 0
vt 0.6786194 0.8878491 0
vt 0.7000522 0.8880458 0
vt 0.3358243 0.871323 0
vt 0.357257 0.8715198 0
vt 0.3786891 0.8717166 0
vt 0.4001219 0.8719133 0
vt 0.4215539 0.8721101 0
vt 0.4429867 0.8723062 0
vt 0.4644187 0.8725029 0
vt 0.4858515 0.8726997 0
vt 0.5072835 0.8728965 0
vt 0.5287155 0.8730933 0
vt 0.5501483 0.8732893 0
vt 0.5715803 0.8734861 0
vt 0.5930131 0.8736829 0
vt 0.6144452 0.8738797 0
vt 0.6358779 0.8740765 0
vt 0.65731 0.8742732 0
vt 0.6787428 0.87447 0
vt 0.7001748 0.874666 0
vt 0.3359476 0.857944 0
vt 0.3573796 0.85814 0
vt 0.3788117 0.8583368 0
vt 0.4002445 0.8585336 0
vt 0.4216765 0.8587303 0
vt 0.4431093 0.8589271 0
vt 0.4645413 0.8591239 0
vt 0.4859741 0.8593199 0
vt 0.5074061 0.8595167 0
vt 0.5288381 0.8597135 0
vt 0.5502709 0.8599103 0
vt 0.5717037 0.8601071 0
vt 0.5931357 0.8603039 0
vt 0.6145678 0.8605006 0
vt 0.6360006 0.8606967 0
vt 0.6574326 0.8608935 0
vt 0.6788654 0.8610902 0
vt 0.7002974 0.861287 0
vt 0.3360702 0.8445642 0
vt 0.3575023 0.844761 0
vt 0.378935 0.844957 0
vt 0.4003671 0.8451538 0
vt 0.4217999 0.8453506 0
vt 0.4432319 0.8455473 0
vt 0.4646639 0.8457441 0
vt 0.4860967 0.8459409 0
vt 0.5075295 0.8461377 0
vt 0.5289615 0.8463337 0
vt 0.5503935 0.8465305 0
vt 0.5718263 0.8467273 0
vt 0.5932584 0.8469241 0
vt 0.6146911 0.8471209 0
vt 0.6361232 0.8473176 0
vt 0.6575559 0.8475137 0
vt 0.678988 0.8477105 0
vt 0.7004208 0.8479072 0
vt 0.3361928 0.8311844 0
vt 0.3576256 0.8313812 0
vt 0.3790577 0.831578 0
vt 0.4004904 0.8317747 0
vt 0.4219225 0.8319715 0
vt 0.4433545 0.8321676 0
vt 0.4647873 0.8323643 0
vt 0.4862193 0.8325611 0
vt 0.5076521 0.8327579 0
vt 0.5290841 0.8329547 0
vt 0.5505169 0.8331515 0
vt 0.5719489 0.8333475 0
vt 0.5933817 0.8335443 0
vt 0.6148137 0.8337411 0
vt 0.6362458 0.8339379 0
vt 0.6576786 0.8341346 0
vt 0.6791106 0.8343314 0
vt 0.7005434 0.8345274 0
vt 0.3363155 0.8178054 0
vt 0.3577482 0.8180021 0
vt 0.3791803 0.8181982 0
vt 0.4006131 0.818395 0
vt 0.4220451 0.8185917 0
vt 0.4434779 0.8187885 0
vt 0.4649099 0.8189853 0
vt 0.4863419 0.8191821 0
vt 0.5077747 0.8193781 0
vt 0.5292067 0.8195749 0
vt 0.5506395 0.8197717 0
vt 0.5720715 0.8199685 0
vt 0.5935043 0.8201653 0
vt 0.6149364 0.8203613 0
vt 0.6363691 0.8205581 0
vt 0.6578012 0.8207549 0
vt 0.679234 0.8209516 0
vt 0.700666 0.8211484 0
vt 0.3364381 0.8044256 0
vt 0.3578709 0.8046224 0
vt 0.3793029 0.8048184 0
vt 0.4007357 0.8050152 0
vt 0.4221677 0.805212 0
vt 0.4436005 0.8054087 0
vt 0.4650325 0.8056055 0
vt 0.4864653 0.8058023 0
vt 0.5078973 0.8059991 0
vt 0.5293293 0.8061951 0
vt 0.5507621 0.8063919 0
vt 0.5721942 0.8065887 0
vt 0.5936269 0.8067855 0
vt 0.615059 0.8069823 0
vt 0.6364918 0.8071783 0
vt 0.6579238 0.8073751 0
vt 0.6793566 0.8075719 0
vt 0.7007886 0.8077686 0
vt 0.3365614 0.7910458 0
vt 0.3579935 0.7912426 0
vt 0.3794255 0.7914394 0
vt 0.4008583 0.7916361 0
vt 0.4222903 0.7918329 0
vt 0.4437231 0.792029 0
vt 0.4651551 0.7922257 0
vt 0.4865879 0.7924225 0
vt 0.5080199 0.7926193 0
vt 0.5294527 0.7928161 0
vt 0.5508847 0.7930129 0
vt 0.5723175 0.7932089 0
vt 0.5937496 0.7934057 0
vt 0.6151823 0.7936025 0
vt 0.6366144 0.7937993 0
vt 0.6580472 0.793996 0
vt 0.6794792 0.7941928 0
vt 0.7009112 0.7943888 0
vt 0.336684 0.7776668 0
vt 0.3581161 0.7778635 0
vt 0.3795489 0.7780596 0
vt 0.4009809 0.7782564 0
vt 0.4224137 0.7784531 0
vt 0.4438457 0.7786499 0
vt 0.4652785 0.7788467 0
vt 0.4867105 0.7790435 0
vt 0.5081433 0.7792395 0
vt 0.5295753 0.7794363 0
vt 0.5510074 0.7796331 0
vt 0.5724401 0.7798299 0
vt 0.5938722 0.7800267 0
vt 0.6153049 0.7802234 0
vt 0.636737 0.7804195 0
vt 0.6581698 0.7806163 0
vt 0.6796018 0.780813 0
vt 0.7010346 0.7810098 0
vt 0.3368067 0.764287 0
vt 0.3582394 0.7644838 0
vt 0.3796715 0.7646805 0
vt 0.4011043 0.7648766 0
vt 0.4225363 0.7650734 0
vt 0.4439683 0.7652701 0
vt 0.4654011 0.7654669 0
vt 0.4868331 0.7656637 0
vt 0.5082659 0.7658605 0
vt 0.5296979 0.7660565 0
vt 0.5511307 0.7662533 0
vt 0.5725627 0.7664501 0
vt 0.5939948 0.7666469 0
vt 0.6154276 0.7668437 0
vt 0.6368596 0.7670404 0
vt 0.6582924 0.7672365 0
vt 0.6797244 0.7674333 0
vt 0.7011572 0.76763 0
vt 0.3369293 0.7509072 0
vt 0.3583621 0.751104 0
vt 0.3797941 0.7513008 0
vt 0.4012269 0.7514975 0
vt 0.4226589 0.7516943 0
vt 0.4440909 0.7518904 0
vt 0.4655237 0.7520871 0
vt 0.4869557 0.7522839 0
vt 0.5083885 0.7524807 0
vt 0.5298205 0.7526775 0
vt 0.5512533 0.7528743 0
vt 0.5726854 0.7530703 0
vt 0.5941181 0.7532671 0
vt 0.6155502 0.7534639 0
vt 0.6369822 0.7536607 0
vt 0.658415 0.7538574 0
vt 0.6798478 0.7540542 0
vt 0.7012798 0.7542502 0
vt 0.3370519 0.7375274 0
vt 0.3584847 0.7377242 0
vt 0.3799167 0.737921 0
vt 0.4013495 0.7381178 0
vt 0.4227815 0.7383145 0
vt 0.4442143 0.7385113 0
vt 0.4656463 0.7387074 0
vt 0.4870791 0.7389041 0
vt 0.5085111 0.7391009 0
vt 0.5299432 0.7392977 0
vt 0.5513759 0.7394945 0
vt 0.572808 0.7396913 0
vt 0.5942408 0.7398873 0
vt 0.6156728 0.7400841 0
vt 0.6371056 0.7402809 0
vt 0.6585376 0.7404777 0
vt 0.6799704 0.7406744 0
vt 0.7014024 0.7408712 0
vt 0.01420382 0.9330891 0
vt 0.01579226 0.908956 0
vt 0.01745118 0.8847555 0
vt 0.01963674 0.8606133 0
vt 0.02226533 0.836522 0
vt 0.02544116 0.8124439 0
vt 0.02931732 0.7883921 0
vt 0.03392791 0.7645016 0
vt 0.03866069 0.7407631 0
vt 0.04316651 0.7172526 0
vt 0.04841705 0.694065 0
vt 0.05460541 0.6713422 0
vt 0.06131883 0.6491256 0
vt 0.06798722 0.6273027 0
vt 0.07423231 0.605719 0
vt 0.07975019 0.5841987 0
vt 0.0843801 0.5625878 0
vt 0.08805722 0.5407525 0
vt 0.02925925 0.9341115 0
vt 0.03083667 0.910022 0
vt 0.03237101 0.8859064 0
vt 0.03460523 0.8619821 0
vt 0.03722185 0.8381935 0
vt 0.04033931 0.8144716 0
vt 0.0441358 0.7907451 0
vt 0.04888186 0.7670786 0
vt 0.05371015 0.7433501 0
vt 0.05775884 0.720115 0
vt 0.06277411 0.6971828 0
vt 0.06898309 0.674598 0
vt 0.07579621 0.6524183 0
vt 0.08258183 0.630478 0
vt 0.08893863 0.6086334 0
vt 0.09457291 0.5867456 0
vt 0.09931928 0.5647062 0
vt 0.1031067 0.5424262 0
vt 0.04431508 0.9351393 0
vt 0.04590682 0.9110393 0
vt 0.04717916 0.8869703 0
vt 0.04956018 0.8633073 0
vt 0.05216321 0.8398495 0
vt 0.0552111 0.816501 0
vt 0.05877192 0.7931926 0
vt 0.06381059 0.7696939 0
vt 0.0691525 0.7453852 0
vt 0.07229135 0.7227072 0
vt 0.07689378 0.7001667 0
vt 0.08323024 0.6777089 0
vt 0.09025217 0.6556248 0
vt 0.09719043 0.6336255 0
vt 0.1036779 0.6115838 0
vt 0.1094343 0.5893955 0
vt 0.1143003 0.5669961 0
vt 0.1182077 0.544341 0
vt 0.05939826 0.9361835 0
vt 0.06101379 0.9122636 0
vt 0.0646737 0.8644201 0
vt 0.06705515 0.8414594 0
vt 0.07035534 0.8185452 0
vt 0.0732667 0.7958693 0
vt 0.08119774 0.7735234 0
vt 0.08243562 0.7467781 0
vt 0.08674933 0.7250812 0
vt 0.09059877 0.7032534 0
vt 0.09732692 0.6807581 0
vt 0.1046998 0.6588861 0
vt 0.1118146 0.6368645 0
vt 0.1184536 0.6146551 0
vt 0.1243414 0.5921946 0
vt 0.1293335 0.5694678 0
vt 0.1333739 0.5464834 0
vt 0.07447283 0.9371391 0
vt 0.07609885 0.9131345 0
vt 0.07848479 0.8893047 0
vt 0.09036147 0.7729516 0
vt 0.08659056 0.7493115 0
vt 0.1192056 0.6623984 0
vt 0.1264429 0.6403196 0
vt 0.1332585 0.6179288 0
vt 0.1392904 0.5951831 0
vt 0.1444181 0.5721252 0
vt 0.1486115 0.5488321 0
vt 0.08954313 0.9380301 0
vt 0.09110416 0.914061 0
vt 0.1030003 0.7725081 0
vt 0.1024988 0.7498027 0
vt 0.1062673 0.7253264 0
vt 0.127751 0.6840804 0
vt 0.1334671 0.6664152 0
vt 0.1410269 0.6440987 0
vt 0.1480728 0.6214786 0
vt 0.1542661 0.5983898 0
vt 0.1595414 0.5749588 0
vt 0.1639181 0.5513503 0
vt 0.1046 0.938816 0
vt 0.106073 0.9148168 0
vt 0.1073353 0.887883 0
vt 0.1187584 0.7729437 0
vt 0.1193354 0.7498739 0
vt 0.1207854 0.7265461 0
vt 0.1417025 0.6889921 0
vt 0.1474394 0.6707938 0
vt 0.155522 0.648237 0
vt 0.1628691 0.6253723 0
vt 0.1692452 0.6018252 0
vt 0.1746818 0.5779402 0
vt 0.1792872 0.5539907 0
vt 0.11963 0.9395097 0
vt 0.1210091 0.9154101 0
vt 0.1220154 0.8913515 0
vt 0.1331184 0.7963975 0
vt 0.134135 0.7730053 0
vt 0.134682 0.7500519 0
vt 0.1349211 0.7270489 0
vt 0.1363779 0.703251 0
vt 0.1698283 0.6530092 0
vt 0.1776108 0.6297148 0
vt 0.1842 0.6054653 0
vt 0.1898096 0.5810134 0
vt 0.1947137 0.5566981 0
vt 0.1346587 0.940179 0
vt 0.1359996 0.9161321 0
vt 0.1478991 0.7960004 0
vt 0.1495746 0.7726541 0
vt 0.15018 0.7496617 0
vt 0.1486665 0.7269069 0
vt 0.1497146 0.7035298 0
vt 0.1841613 0.6583738 0
vt 0.1922383 0.6345918 0
vt 0.1991123 0.6091853 0
vt 0.204891 0.5840828 0
vt 0.2102022 0.5594128 0
vt 0.1496708 0.9408141 0
vt 0.1510312 0.9166918 0
vt 0.1526091 0.8926818 0
vt 0.16263 0.7962 0
vt 0.1650471 0.7722284 0
vt 0.1661334 0.7483511 0
vt 0.1620856 0.7259303 0
vt 0.1857076 0.6918609 0
vt 0.2096722 0.632526 0
vt 0.2140596 0.6120374 0
vt 0.2199754 0.5869204 0
vt 0.2257133 0.5621742 0
vt 0.1646698 0.9414673 0
vt 0.1660312 0.9173573 0
vt 0.1673434 0.8930108 0
vt 0.1735235 0.8217664 0
vt 0.177844 0.7973169 0
vt 0.1832034 0.7727684 0
vt 0.1830947 0.7449756 0
vt 0.174131 0.7247684 0
vt 0.2289342 0.6146861 0
vt 0.2350223 0.5897482 0
vt 0.2413099 0.5650868 0
vt 0.179643 0.942163 0
vt 0.1810903 0.9179636 0
vt 0.1836624 0.8862145 0
vt 0.1918528 0.7969191 0
vt 0.1856019 0.7278462 0
vt 0.1806659 0.7188636 0
vt 0.2379041 0.6422177 0
vt 0.2434948 0.6178598 0
vt 0.2498549 0.593057 0
vt 0.2569717 0.5682613 0
vt 0.1946224 0.942966 0
vt 0.1961216 0.9189743 0
vt 0.1983792 0.8950712 0
vt 0.2016113 0.8249709 0
vt 0.1480925 0.3818598 0
vt 0.1746483 0.3831932 0
vt 0.2269338 0.384422 0
vt 0.2779136 0.3844678 0
vt 0.2579268 0.6216221 0
vt 0.2643213 0.5971005 0
vt 0.2724611 0.5721224 0
vt 0.2095918 0.9437641 0
vt 0.2110953 0.91981 0
vt 0.2161888 0.830737 0
vt 0.1482039 0.3989118 0
vt 0.1742931 0.3995204 0
vt 0.200872 0.3982484 0
vt 0.2272881 0.401023 0
vt 0.2532943 0.4009914 0
vt 0.2665975 0.6504299 0
vt 0.2728802 0.6267605 0
vt 0.2784774 0.6021765 0
vt 0.224545 0.9445428 0
vt 0.2260276 0.9205497 0
vt 0.2272828 0.90207 0
vt 0.2275792 0.8500342 0
vt 0.1478785 0.4151413 0
vt 0.1740703 0.4157462 0
vt 0.2004022 0.4163628 0
vt 0.2268854 0.4172786 0
vt 0.2758149 0.4175364 0
vt 0.3098818 0.5767128 0
vt 0.2394763 0.9453383 0
vt 0.2409682 0.921241 0
vt 0.2426396 0.8969745 0
vt 0.2441811 0.8495547 0
vt 0.2451211 0.8252724 0
vt 0.2453537 0.8017289 0
vt 0.1735866 0.4319321 0
vt 0.1998672 0.4329086 0
vt 0.2273935 0.4357663 0
vt 0.2578684 0.4341589 0
vt 0.3281394 0.5766827 0
vt 0.2544026 0.9461957 0
vt 0.2558481 0.9221044 0
vt 0.2578961 0.8887602 0
vt 0.2583737 0.8674655 0
vt 0.2586208 0.8497804 0
vt 0.2586294 0.8242397 0
vt 0.2589166 0.7998981 0
vt 0.1702264 0.4516677 0
vt 0.198588 0.4493207 0
vt 0.2244741 0.4522568 0
vt 0.3165412 0.668245 0
vt 0.3299772 0.6584869 0
vt 0.3454445 0.6212837 0
vt 0.3416996 0.5988004 0
vt 0.269347 0.9471098 0
vt 0.2707941 0.923074 0
vt 0.273552 0.8501186 0
vt 0.2739502 0.8256347 0
vt 0.273943 0.8007373 0
vt 0.2741435 0.7755191 0
vt 0.2748132 0.7512855 0
vt 0.2810145 0.7241783 0
vt 0.3008078 0.7128981 0
vt 0.315507 0.6981818 0
vt 0.3305313 0.6842749 0
vt 0.3451728 0.6689789 0
vt 0.3570336 0.6496269 0
vt 0.361277 0.6268029 0
vt 0.3646997 0.6031582 0
vt 0.3646838 0.5780444 0
vt 0.265327 0.3655798 0
vt 0.2641354 0.3682218 0
vt 0.2654247 0.3710891 0
vt 0.2660214 0.3669757 0
vt 0.2662954 0.3672997 0
vt 0.2665015 0.3678499 0
vt 0.265674 0.3686888 0
vt 0.2656647 0.3678357 0
vt 0.2663296 0.3682794 0
vt 0.2663318 0.3693444 0
vt 0.2660883 0.369651 0
vt 0.2665212 0.3687546 0
vt 0.1713413 0.7046466 0
vt 0.1775113 0.7115259 0
vt 0.2555159 0.3554914 0
vt 0.1741122 0.7057039 0
vt 0.1740295 0.7041828 0
vt 0.1754611 0.7048433 0
vt 0.1779142 0.707053 0
vt 0.1764723 0.7080622 0
vt 0.1766705 0.7058338 0
vt 0.1760333 0.7019488 0
vt 0.1774203 0.7020208 0
vt 0.1765259 0.7036879 0
vt 0.1577126 0.7032447 0
vt 0.1622718 0.7085837 0
vt 0.1668848 0.7039285 0
vt 0.160006 0.7039978 0
vt 0.160677 0.7033118 0
vt 0.1615799 0.7039097 0
vt 0.1629973 0.706002 0
vt 0.16164 0.7059088 0
vt 0.1623392 0.7047739 0
vt 0.1640162 0.7035632 0
vt 0.1646452 0.7043488 0
vt 0.1631052 0.7040269 0
vt 0.1283852 0.7039111 0
vt 0.1231511 0.7100551 0
vt 0.1198576 0.7042574 0
vt 0.126039 0.7049612 0
vt 0.1255693 0.7040306 0
vt 0.1246215 0.7048996 0
vt 0.123007 0.7072099 0
vt 0.1241897 0.7071602 0
vt 0.1237848 0.7059031 0
vt 0.1224971 0.7041594 0
vt 0.1218293 0.7051448 0
vt 0.1232309 0.7049605 0
vt 0.1153931 0.7038834 0
vt 0.1102395 0.7083869 0
vt 0.1102328 0.702381 0
vt 0.1134916 0.7044672 0
vt 0.1133582 0.7034942 0
vt 0.1125777 0.7041406 0
vt 0.1109885 0.7058534 0
vt 0.1117047 0.7060727 0
vt 0.1118032 0.7048756 0
vt 0.1115556 0.7029461 0
vt 0.1109587 0.7036809 0
vt 0.1117612 0.7038782 0
vt 0.1079813 0.7012167 0
vt 0.1027067 0.705894 0
vt 0.09916384 0.7016721 0
vt 0.1066396 0.6952378 0
vt 0.1060477 0.701599 0
vt 0.1071503 0.7001139 0
vt 0.1054497 0.7006857 0
vt 0.1027633 0.7033445 0
vt 0.1040189 0.7032606 0
vt 0.103946 0.7018044 0
vt 0.1022224 0.7003499 0
vt 0.1016076 0.7018833 0
vt 0.1033773 0.700817 0
vt 0.1067745 0.6980921 0
vt 0.1049842 0.6980549 0
vt 0.1050914 0.6994665 0
vt 0.1106309 0.6875323 0
vt 0.1078476 0.6828936 0
vt 0.1133671 0.6801168 0
vt 0.1163518 0.6845623 0
vt 0.1107117 0.6857037 0
vt 0.1119657 0.6860314 0
vt 0.1117485 0.6848126 0
vt 0.1100998 0.6828854 0
vt 0.1097053 0.6839689 0
vt 0.1111024 0.683741 0
vt 0.11336 0.6821887 0
vt 0.1120912 0.6819216 0
vt 0.1123599 0.6831371 0
vt 0.114047 0.68488 0
vt 0.1144338 0.6837496 0
vt 0.1130278 0.6841335 0
vt 0.1523352 0.6906932 0
vt 0.1573648 0.6876491 0
vt 0.1544031 0.6905516 0
vt 0.1562446 0.6894423 0
vt 0.1601512 0.6786958 0
vt 0.1579547 0.6742469 0
vt 0.1623021 0.671941 0
vt 0.1630216 0.6773849 0
vt 0.1601255 0.6768632 0
vt 0.1609147 0.6773307 0
vt 0.1607176 0.6761435 0
vt 0.1596533 0.6742582 0
vt 0.1593437 0.6752581 0
vt 0.1603086 0.675089 0
vt 0.16192 0.6738743 0
vt 0.1611926 0.673425 0
vt 0.1611773 0.6746138 0
vt 0.1618833 0.6768379 0
vt 0.162199 0.6758499 0
vt 0.1614201 0.6757943 0
vt 0.1700104 0.6846985 0
vt 0.1743643 0.68348 0
vt 0.1763165 0.6882154 0
vt 0.1715646 0.6855343 0
vt 0.1717914 0.6862242 0
vt 0.1725235 0.6862994 0
vt 0.1739903 0.6856168 0
vt 0.1730744 0.6851106 0
vt 0.1731928 0.6861459 0
vt 0.1740545 0.6874886 0
vt 0.1746742 0.6872904 0
vt 0.1735323 0.686868 0
vt 0.1940252 0.6747984 0
vt 0.1879103 0.6601588 0
vt 0.2026601 0.6554568 0
vt 0.1945138 0.6692102 0
vt 0.196748 0.6687294 0
vt 0.1961644 0.6660849 0
vt 0.1934888 0.6612006 0
vt 0.1923025 0.663924 0
vt 0.1951555 0.6636559 0
vt 0.199855 0.6616475 0
vt 0.1987671 0.6595443 0
vt 0.1975724 0.662892 0
vt 0.2145743 0.6354144 0
vt 0.2233723 0.6307659 0
vt 0.228244 0.6401445 0
vt 0.2181272 0.6358541 0
vt 0.2188519 0.6370355 0
vt 0.2203333 0.6369309 0
vt 0.2232354 0.6349604 0
vt 0.2212212 0.6342667 0
vt 0.2217326 0.636282 0
vt 0.2237257 0.6387617 0
vt 0.2249739 0.6382515 0
vt 0.2225523 0.6377209 0
vt 0.2454876 0.6442771 0
vt 0.2541017 0.63852 0
vt 0.2589294 0.6480013 0
vt 0.2491551 0.6441689 0
vt 0.2498502 0.6457685 0
vt 0.2513755 0.645025 0
vt 0.2541467 0.6425259 0
vt 0.2522164 0.6420295 0
vt 0.2527666 0.6439898 0
vt 0.2546264 0.6467181 0
vt 0.2558605 0.6458892 0
vt 0.2535621 0.6454847 0
vt 0.2845085 0.5824647 0
vt 0.2828148 0.5754251 0
vt 0.2906508 0.5711049 0
vt 0.2956338 0.5771134 0
vt 0.2851175 0.5801823 0
vt 0.2846983 0.5819058 0
vt 0.2868058 0.5791252 0
vt 0.2857061 0.5754826 0
vt 0.2847971 0.5771854 0
vt 0.2867169 0.5770379 0
vt 0.2904945 0.574243 0
vt 0.2886936 0.5739052 0
vt 0.2887872 0.5759405 0
vt 0.2910555 0.5788192 0
vt 0.2920518 0.5765543 0
vt 0.2894405 0.5776533 0
vt 0.2640674 0.3846928 0
vt 0.253308 0.3954883 0
vt 0.242604 0.384623 0
vt 0.2605437 0.3765092 0
vt 0.2587596 0.3862948 0
vt 0.2597223 0.3834447 0
vt 0.2563985 0.3848871 0
vt 0.2517824 0.3901885 0
vt 0.2548575 0.3901977 0
vt 0.2536406 0.3872207 0
vt 0.248943 0.3834524 0
vt 0.2479119 0.3862481 0
vt 0.2516458 0.384928 0
vt 0.2585324 0.3805697 0
vt 0.2555121 0.3804783 0
vt 0.2553078 0.3829665 0
vt 0.2537743 0.4193684 0
vt 0.2509218 0.4172462 0
vt 0.25318 0.4150112 0
vt 0.2554021 0.4172958 0
vt 0.2531515 0.4183163 0
vt 0.2538067 0.418322 0
vt 0.2533331 0.417714 0
vt 0.2520326 0.4169101 0
vt 0.2521169 0.4175489 0
vt 0.2527225 0.4172278 0
vt 0.2534938 0.4161139 0
vt 0.2528435 0.4161056 0
vt 0.2531914 0.4167365 0
vt 0.2543791 0.4175924 0
vt 0.2542918 0.4169391 0
vt 0.2537193 0.4172473 0
vt 0.2743887 0.4090536 0
vt 0.2662182 0.4011139 0
vt 0.2753297 0.3935847 0
vt 0.2730795 0.4051811 0
vt 0.2744568 0.404123 0
vt 0.2733896 0.4025587 0
vt 0.2702689 0.4000723 0
vt 0.2701333 0.4023235 0
vt 0.2720394 0.4012386 0
vt 0.2748028 0.3984844 0
vt 0.2735633 0.3973612 0
vt 0.2735515 0.3999833 0
vt 0.3377377 0.6338971 0
vt 0.3422925 0.64394 0
vt 0.3331454 0.6491264 0
vt 0.3364634 0.6381832 0
vt 0.3352655 0.6393821 0
vt 0.335199 0.640876 0
vt 0.337495 0.6436841 0
vt 0.3380599 0.6414328 0
vt 0.3358677 0.6421747 0
vt 0.3339998 0.6444937 0
vt 0.334405 0.6455413 0
vt 0.3346189 0.6431884 0
vt 0.3358988 0.5812374 0
vt 0.3427716 0.5783759 0
vt 0.3488766 0.5825526 0
vt 0.3426793 0.5901729 0
vt 0.3392725 0.5820112 0
vt 0.3394079 0.5839538 0
vt 0.3411384 0.5836753 0
vt 0.3434951 0.5812215 0
vt 0.3416233 0.5810326 0
vt 0.3425044 0.5827735 0
vt 0.3456196 0.5845074 0
vt 0.3456363 0.5826433 0
vt 0.3438374 0.5839223 0
vt 0.3417533 0.5873372 0
vt 0.3433976 0.5873483 0
vt 0.3425069 0.5855 0
vt 0.2991898 0.6941817 0
vt 0.2978584 0.703756 0
vt 0.2922887 0.7005339 0
vt 0.2955431 0.6938162 0
vt 0.2980143 0.6971068 0
vt 0.2973837 0.6957934 0
vt 0.2970966 0.697723 0
vt 0.2965546 0.7014711 0
vt 0.2975584 0.7004197 0
vt 0.2966863 0.6996291 0
vt 0.2945258 0.6989684 0
vt 0.294813 0.7005594 0
vt 0.2956929 0.6991324 0
vt 0.296488 0.6958396 0
vt 0.2954643 0.6966156 0
vt 0.2962397 0.6975687 0
vt 0.3078427 0.6821425 0
vt 0.309254 0.6902298 0
vt 0.3034654 0.6892305 0
vt 0.3073536 0.684738 0
vt 0.3063232 0.6845534 0
vt 0.3064955 0.6858842 0
vt 0.3072845 0.6887072 0
vt 0.3079097 0.6876838 0
vt 0.3067876 0.6872475 0
vt 0.3048069 0.6872481 0
vt 0.3051634 0.6883669 0
vt 0.3057862 0.6871081 0
vt 0.0710272 0.8884166 0
vt 0.06229417 0.8963642 0
vt 0.05510478 0.887422 0
vt 0.06382246 0.8794657 0
vt 0.06688356 0.8892868 0
vt 0.06726591 0.8867748 0
vt 0.0648721 0.8878958 0
vt 0.06166323 0.891963 0
vt 0.06379326 0.8920856 0
vt 0.06298808 0.8896592 0
vt 0.05940865 0.8864378 0
vt 0.05915311 0.8888573 0
vt 0.06152154 0.8877354 0
vt 0.06484726 0.8836562 0
vt 0.06251573 0.8836053 0
vt 0.06342012 0.8859568 0
vt 0.1488664 0.8179645 0
vt 0.145598 0.8154273 0
vt 0.1471244 0.8180679 0
vt 0.1459255 0.8171359 0
vt 0.1208678 0.791519 0
vt 0.1181657 0.7871428 0
vt 0.1194196 0.7904944 0
vt 0.1184317 0.7888926 0
vt 0.1809808 0.8223952 0
vt 0.1888334 0.8150198 0
vt 0.1944551 0.8239324 0
vt 0.1845803 0.8215285 0
vt 0.1853362 0.8228669 0
vt 0.1867993 0.8219422 0
vt 0.189242 0.8191157 0
vt 0.1873491 0.8188966 0
vt 0.1880623 0.8207693 0
vt 0.1901686 0.8234197 0
vt 0.1912288 0.8222904 0
vt 0.1889814 0.8221969 0
vt 0.2238061 0.8282682 0
vt 0.2310874 0.8180793 0
vt 0.2382591 0.8254813 0
vt 0.2297335 0.833358 0
vt 0.2272775 0.8259089 0
vt 0.2271232 0.8281569 0
vt 0.2291897 0.8263971 0
vt 0.2320442 0.8218093 0
vt 0.2299427 0.8222136 0
vt 0.2308998 0.8242235 0
vt 0.234399 0.8267279 0
vt 0.2345996 0.8244658 0
vt 0.2324163 0.8257638 0
vt 0.2291524 0.8298497 0
vt 0.2313503 0.829547 0
vt 0.2305614 0.8276429 0
vt 0.1576083 0.8148911 0
vt 0.1610577 0.8104827 0
vt 0.1629003 0.8153093 0
vt 0.1591282 0.8138875 0
vt 0.159449 0.814582 0
vt 0.160044 0.8139011 0
vt 0.1611179 0.8123492 0
vt 0.1603608 0.8122938 0
vt 0.160599 0.8131765 0
vt 0.1613208 0.8147227 0
vt 0.1617848 0.81409 0
vt 0.1609095 0.8139688 0
vt 0.272459 0.8929684 0
vt 0.2776035 0.8989148 0
vt 0.2719454 0.9041512 0
vt 0.2678834 0.8953717 0
vt 0.2731271 0.895787 0
vt 0.2716771 0.8952821 0
vt 0.2723779 0.8970263 0
vt 0.2748811 0.8995398 0
vt 0.274948 0.8979151 0
vt 0.2734677 0.8984931 0
vt 0.2715141 0.9008866 0
vt 0.2728802 0.9013904 0
vt 0.2723081 0.8994982 0
vt 0.2701502 0.896095 0
vt 0.27004 0.897721 0
vt 0.2713587 0.8976796 0
vt 0.2674618 0.8714999 0
vt 0.2735519 0.8676698 0
vt 0.2798848 0.8744809 0
vt 0.2733217 0.880523 0
vt 0.2704393 0.8718257 0
vt 0.2703201 0.8737139 0
vt 0.2720986 0.8734092 0
vt 0.2744433 0.8708941 0
vt 0.2725909 0.8704726 0
vt 0.2734883 0.8724496 0
vt 0.2766925 0.8752453 0
vt 0.2767294 0.8733475 0
vt 0.2749001 0.8740942 0
vt 0.2724607 0.8770044 0
vt 0.2743204 0.8774189 0
vt 0.2734405 0.8753382 0
vt 0.2208326 0.8993831 0
vt 0.2121718 0.9051437 0
vt 0.2040609 0.8954061 0
vt 0.2167672 0.8990669 0
vt 0.2156274 0.8976782 0
vt 0.2139828 0.8979554 0
vt 0.2111937 0.9005228 0
vt 0.2137032 0.901093 0
vt 0.2125633 0.8988595 0
vt 0.2095044 0.8962063 0
vt 0.208268 0.8970243 0
vt 0.211188 0.8972762 0
vt 0.1438653 0.8938908 0
vt 0.13674 0.9025101 0
vt 0.1306188 0.8933295 0
vt 0.140392 0.8955066 0
vt 0.139601 0.8940726 0
vt 0.1382178 0.8953578 0
vt 0.1360715 0.8985158 0
vt 0.1378598 0.89859 0
vt 0.1370675 0.8967705 0
vt 0.1348552 0.8938763 0
vt 0.1339005 0.8952361 0
vt 0.1360813 0.8952757 0
vt 0.1001055 0.8897215 0
vt 0.09220101 0.8995752 0
vt 0.08558416 0.8904612 0
vt 0.09642334 0.8918124 0
vt 0.0954316 0.8904757 0
vt 0.09395562 0.8918786 0
vt 0.09144772 0.895487 0
vt 0.09357215 0.8953824 0
vt 0.09264494 0.89351 0
vt 0.0901627 0.8907513 0
vt 0.08905896 0.8922014 0
vt 0.09153472 0.8920093 0
vt 0.03554868 0.01457424 0
vt 0.03503376 0.03667158 0
vt 0.03606734 0.02743764 0
vt 0.6382852 0.5188836 0
vt 0.03517247 0.026816 0
vt 0.7605322 0.9863926 0
vt 0.5821248 0.1470357 0
vt 0.7403375 0.711194 0
vt 0.1189821 0.004362505 0
vt 0.6429129 0.4966234 0
vt 0.1133414 0.003903657 0
vt 0.04424587 0.06500014 0
vt 0.04794257 0.02780365 0
vt 0.63894 0.4859686 0
vt 0.04887397 0.02723814 0
vt 0.04925018 0.01499653 0
vt 0.3157425 0.7239516 0
vt 0.2929498 0.6847399 0
vt 0.2835119 0.7088376 0
vt 0.07763841 0.4900236 0
vt 0.4612082 0.5330513 0
vt 0.7040307 0.2014917 0
vt 0.8275628 0.2900033 0
vt 0.3442287 0.1724896 0
vt 0.4254057 0.3182433 0
vt 0.7936727 0.4769208 0
vt 0.2636993 0.09772419 0
vt 0.07615893 0.5123997 0
vt 0.6794265 0.02111907 0
vt 0.4314643 0.5456358 0
vt 0.3431055 0.09979298 0
vt 0.7989985 0.4879855 0
vt 0.4845085 0.3717675 0
vt 0.6821173 0.07892884 0
vt 0.4311641 0.2878047 0
vt 0.9624887 0.4166667 0
vt 0.431405 0.5734522 0
vt 0.3446032 0.1967236 0
vt 0.6261805 0.3336317 0
vt 0.6826417 0.02114927 0
vt 0.008862024 0.01897098 0
vt 0.8358286 0.3990889 0
vt 0.9349675 0.08122394 0
vt 0.5453743 0.1941813 0
vt 0.613903 0.5141307 0
vt 0.9216602 0.08110315 0
vt 0.6222699 0.1595456 0
vt 0.630761 0.5342143 0
vt 0.6428882 0.5236987 0
vt 0.03415894 0.06385714 0
vt 0.4773563 0.1960686 0
vt 0.3578586 0.07532757 0
vt 0.4078041 0.5735857 0
vt 0.8525638 0.1439856 0
vt 0.3574842 0.05109636 0
vt 0.9846469 0.6372822 0
vt 0.8361999 0.4119659 0
vt 0.2050576 0.1484876 0
vt 0.8331038 0.3606086 0
vt 0.2914576 0.7791836 0
vt 0.4077721 0.5381486 0
vt 0.9854942 0.6181659 0
vt 0.2886869 0.8266813 0
vt 0.4619604 0.5752991 0
vt 0.3559827 0.67919 0
vt 0.00390625 0.290113 0
vt 0.4028812 0.1719352 0
vt 0.8680364 0.2161319 0
vt 0.4912405 0.2162746 0
vt 0.4600262 0.4666618 0
vt 0.2341997 0.4825306 0
vt 0.4601337 0.472697 0
vt 0.8506288 0.1318181 0
vt 0.3434799 0.124027 0
vt 0.8489668 0.1196149 0
vt 0.8149792 0.42352 0
vt 0.96748 0.4284543 0
vt 0.8473176 0.1074071 0
vt 0.428876 0.1345831 0
vt 0.9456395 0.3681604 0
vt 0.9325525 0.31835 0
vt 0.4605635 0.4968391 0
vt 0.929776 0.3057739 0
vt 0.2501482 0.4846251 0
vt 0.3232971 0.07780681 0
vt 0.4077977 0.5664981 0
vt 0.3427311 0.07556131 0
vt 0.3873984 0.2063382 0
vt 0.8355461 0.4247608 0
vt 0.3317663 0.4915804 0
vt 0.938791 0.3433676 0
vt 0.8544921 0.1561592 0
vt 0.897063 0.6728254 0
vt 0.8348072 0.3733581 0
vt 0.9421213 0.3558 0
vt 0.3695167 0.6575367 0
vt 0.8134432 0.4491929 0
vt 0.2646241 0.1219425 0
vt 0.4077914 0.5594108 0
vt 0.856418 0.1683147 0
vt 0.8355087 0.3862049 0
vt 0.4613157 0.5390865 0
vt 0.1944515 0.2717579 0
vt 0.4276556 0.174997 0
vt 0.6753709 0.1662454 0
vt 0.7087011 0.1901795 0
vt 0.4077149 0.4743622 0
vt 0.9223044 0.6736529 0
vt 0.8584631 0.1804703 0
vt 0.2884454 0.8749846 0
vt 0.266204 0.4865862 0
vt 0.4611008 0.5270157 0
vt 0.8609506 0.1926494 0
vt 0.4111294 0.1328694 0
vt 0.6991931 0.2127273 0
vt 0.8644152 0.2044172 0
vt 0.6935643 0.2236893 0
vt 0.3086551 0.7243551 0
vt 0.814211 0.4363552 0
vt 0.4615306 0.551157 0
vt 0.8762657 0.2393755 0
vt 0.180075 0.3204546 0
vt 0.8124121 0.4620142 0
vt 0.4614231 0.5451218 0
vt 0.8433569 0.5552662 0
vt 0.186888 0.4758969 0
vt 0.5788988 0.4574713 0
vt 0.8186342 0.2815067 0
vt 0.8808071 0.2508807 0
vt 0.8553163 0.5599999 0
vt 0.460912 0.3503412 0
vt 0.3956009 0.09569841 0
vt 0.9788512 0.4515695 0
vt 0.8364922 0.2985014 0
vt 0.8860277 0.2621265 0
vt 0.8670177 0.5653408 0
vt 0.9847016 0.4630338 0
vt 0.5411585 0.1541375 0
vt 0.8787195 0.5706824 0
vt 0.4183415 0.6780174 0
vt 0.5351786 0.235356 0
vt 0.9913391 0.4740545 0
vt 0.528346 0.5858668 0
vt 0.8586167 0.2940279 0
vt 0.5161344 0.596107 0
vt 0.8751793 0.2832261 0
vt 0.889133 0.5782319 0
vt 0.5591311 0.07781168 0
vt 0.1200886 0.3214974 0
vt 0.1208247 0.345728 0
vt 0.1215554 0.3699601 0
vt 0.1222822 0.3942139 0
vt 0.6586109 0.3926554 0
vt 0.1230005 0.4185485 0
vt 0.9812498 0.4967048 0
vt 0.6000225 0.69777 0
vt 0.5942374 0.7099329 0
vt 0.6058077 0.6856069 0
vt 0.6115934 0.6734426 0
vt 0.3756067 0.6325697 0
vt 0.2270653 0.3508752 0
vt 0.6173786 0.6612796 0
vt 0.6002366 0.2864135 0
vt 0.6231637 0.6491167 0
vt 0.6289495 0.6369524 0
vt 0.6347347 0.6247893 0
vt 0.6405197 0.6126264 0
vt 0.6463054 0.6004622 0
vt 0.3806039 0.5813978 0
vt 0.6520906 0.5882991 0
vt 0.6578757 0.5761362 0
vt 0.6636613 0.5639723 0
vt 0.6694464 0.5518091 0
vt 0.6752311 0.5396461 0
vt 0.5031779 0.135943 0
vt 0.6810139 0.5274829 0
vt 0.6867894 0.5153171 0
vt 0.6925407 0.5031404 0
vt 0.7523577 0.7271494 0
vt 0.5081065 0.3931942 0
vt 0.560815 0.1485243 0
vt 0.4313903 0.5804064 0
vt 0.8418122 0.08037842 0
vt 0.842486 0.7478582 0
vt 0.2520811 0.3530924 0
vt 0.8426141 0.7288717 0
vt 0.5772791 0.1853498 0
vt 0.570137 0.1677603 0
vt 0.9066308 0.2969032 0
vt 0.5817064 0.1611526 0
vt 0.3816573 0.4925055 0
vt 0.9270442 0.2931213 0
vt 0.6023375 0.1608657 0
vt 0.5854064 0.2032912 0
vt 0.5930904 0.2222628 0
vt 0.6424566 0.1576288 0
vt 0.5510527 0.152442 0
vt 0.8960592 0.6915974 0
vt 0.933228 0.74906 0
vt 0.3245442 0.710115 0
vt 0.9326798 0.7677287 0
vt 0.8948677 0.7101673 0
vt 0.5527718 0.5653865 0
vt 0.5805746 0.2276012 0
vt 0.5407163 0.1347809 0
vt 0.5436823 0.1751335 0
vt 0.4697611 0.1161122 0
vt 0.5561975 0.1732291 0
vt 0.4078104 0.580673 0
vt 0.5641173 0.1910676 0
vt 0.5474345 0.2138109 0
vt 0.5937502 0.2746081 0
vt 0.572027 0.2092377 0
vt 0.465976 0.07696616 0
vt 0.5405591 0.575626 0
vt 0.5487395 0.2342396 0
vt -0.0008446183 0.9320832 0
vt 0.5273145 0.1346653 0
vt 0.9313112 0.7867712 0
vt 0.5169647 0.1556624 0
vt 0.5165933 0.1360884 0
vt 0.3940315 0.6994234 0
vt 0.5271739 0.1549058 0
vt 0.8080144 0.1111791 0
vt 0.5182331 0.196168 0
vt 0.691007 0.4516869 0
vt 0.5177131 0.1768814 0
vt 0.3604795 0.2449527 0
vt 0.5292554 0.1763542 0
vt 0.3608539 0.2691865 0
vt 0.5310893 0.1955206 0
vt 0.5179212 0.2165986 0
vt 0.3612284 0.2934182 0
vt 0.5328629 0.2152332 0
vt 0.5043094 0.2166405 0
vt 0.502818 0.1559441 0
vt 0.4916965 0.1965072 0
vt 0.4921222 0.1772383 0
vt 0.5034299 0.1772092 0
vt 0.6974396 0.4635323 0
vt 0.5037021 0.1963869 0
vt 0.4899013 0.2367054 0
vt 0.5724386 0.07793246 0
vt 0.4795323 0.1356823 0
vt 0.8565941 0.729107 0
vt 0.8718444 0.672128 0
vt 0.4316263 0.4691401 0
vt 0.8737745 0.6528467 0
vt 0.3619772 0.3418827 0
vt 0.4763113 0.2360663 0
vt 0.4687546 0.1363362 0
vt 0.4674871 0.1554159 0
vt 0.5649848 0.5551478 0
vt 0.8706385 0.6908928 0
vt 0.6391529 0.3572415 0
vt 0.4667892 0.1766169 0
vt 0.4778966 0.1769486 0
vt 0.358233 0.09955925 0
vt 0.4766063 0.2158183 0
vt 0.4561899 0.1150638 0
vt 0.4496013 0.2350683 0
vt 0.4439836 0.1152834 0
vt 0.4442742 0.09503384 0
vt 0.4432308 0.1350468 0
vt 0.4077531 0.5168864 0
vt 0.4542441 0.1354251 0
vt 0.4425171 0.1542753 0
vt 0.4534227 0.1547786 0
vt 0.4608859 0.5149452 0
vt 0.45266 0.1760203 0
vt 0.4516186 0.1951034 0
vt 0.4602412 0.478733 0
vt 0.4503816 0.214831 0
vt 0.519905 0.4039071 0
vt 0.4369436 0.2349571 0
vt 0.4306826 0.09439578 0
vt 0.9215751 0.6923339 0
vt 0.4233674 0.2340348 0
vt 0.4036793 0.114292 0
vt 0.4293499 0.114825 0
vt 0.4134067 0.3073175 0
vt 0.4172143 0.1526088 0
vt 0.428421 0.1537499 0
vt 0.416539 0.175435 0
vt 0.42621 0.1939152 0
vt 0.4243708 0.2135961 0
vt 0.4315085 0.5247732 0
vt 0.3907771 0.2308482 0
vt 0.3786857 0.2246135 0
vt 0.4032803 0.1552855 0
vt 0.3961208 0.1888472 0
vt 0.6391772 0.5194884 0
vt 0.4077851 0.5523235 0
vt 0.4077784 0.5452362 0
vt 0.4077658 0.5310613 0
vt 0.8517094 0.3450846 0
vt 0.4077595 0.523974 0
vt 0.4077465 0.509799 0
vt 0.4077402 0.5027117 0
vt 0.4077338 0.4956244 0
vt 0.4077275 0.4885368 0
vt 0.4077212 0.4814495 0
vt 0.4491142 0.3396337 0
vt 0.4077085 0.4672746 0
vt 0.4077019 0.4601873 0
vt 0.6456387 0.3690458 0
vt 0.3593562 0.1722559 0
vt 0.6521245 0.3808501 0
vt 0.3589818 0.1480244 0
vt 0.3597307 0.1964899 0
vt 0.3601051 0.2207215 0
vt 0.3616028 0.3176494 0
vt 0.6416059 0.1440485 0
vt 0.4617455 0.5632282 0
vt 0.461638 0.557193 0
vt 0.4609933 0.5209804 0
vt 0.4607784 0.5089096 0
vt 0.460671 0.5028743 0
vt 0.4604561 0.4908031 0
vt 0.4603486 0.4847682 0
vt 0.3586074 0.1237932 0
vt 0.2769563 0.04844054 0
vt 0.3623516 0.3661143 0
vt 0.362726 0.390346 0
vt 0.3794395 0.6076952 0
vt 0.8862956 0.3004417 0
vt 0.3631004 0.4145777 0
vt 0.3438543 0.1482582 0
vt 0.8276808 0.1093753 0
vt 0.7087337 0.07917055 0
vt 0.7220411 0.07929133 0
vt 0.7353496 0.07941212 0
vt 0.7486575 0.07953291 0
vt 0.6132083 0.3100221 0
vt 0.7619649 0.07965369 0
vt 0.7752725 0.07977448 0
vt 0.1400685 0.4521051 0
vt 0.788581 0.07989527 0
vt 0.8018884 0.08001606 0
vt 0.8151963 0.08013684 0
vt 0.8285048 0.08025764 0
vt 0.8551198 0.08049921 0
vt 0.8684287 0.08062 0
vt 0.2048194 0.8006879 0
vt 0.8817362 0.08074079 0
vt 0.8950436 0.08086157 0
vt 0.4373007 0.3289418 0
vt 0.9083525 0.08098237 0
vt 0.1425587 0.2459847 0
vt 0.4059292 0.6883916 0
vt 0.4306438 0.6677838 0
vt 0.4428682 0.6575523 0
vt 0.4550785 0.6473131 0
vt 0.6845469 0.4398746 0
vt 0.6991924 0.9817028 0
vt 0.4672892 0.6370712 0
vt 0.4794998 0.6268301 0
vt 0.4917106 0.6165894 0
vt 0.5039226 0.6063479 0
vt 0.5771969 0.5449096 0
vt 0.6715827 0.4162645 0
vt 0.5894054 0.5346668 0
vt 0.6016167 0.5244036 0
vt 0.4315379 0.5108653 0
vt 0.2087566 0.2001404 0
vt 0.5317035 0.4146199 0
vt 0.7500246 0.2553881 0
vt 0.2134433 0.2029584 0
vt 0.27805 0.06783826 0
vt 0.6689228 0.1126064 0
vt 0.3398981 0.6958381 0
vt 0.1472004 0.2189679 0
vt 0.6789021 0.07889877 0
vt 0.4727104 0.3610546 0
vt 0.1915251 0.1939382 0
vt 0.2101055 0.1724764 0
vt 0.2275496 0.3673063 0
vt 0.3478723 0.4082985 0
vt 0.8680432 0.3165033 0
vt 0.3323714 0.3843493 0
vt 0.4315232 0.517819 0
vt 0.6780675 0.4280691 0
vt 0.3017174 0.3589829 0
vt 0.5553014 0.4360461 0
vt -0.002424223 0.9562027 0
vt 0.4265765 0.0188241 0
vt 0.6869337 0.6797528 0
vt 0.6807164 0.6902477 0
vt 0.6655943 0.07877798 0
vt 0.4185813 0.2775151 0
vt 0.3820955 0.5544679 0
vt 0.04475881 0.06481248 0
vt 0.7206252 0.9818996 0
vt 0.1464457 0.4329429 0
vt 0.2308403 0.8023081 0
vt 0.2180572 0.8028324 0
vt 0.7041922 0.4753902 0
vt 0.6650967 0.4044596 0
vt 0.6326664 0.345436 0
vt 0.6196948 0.3218276 0
vt 0.6067224 0.2982178 0
vt 0.4314197 0.5664984 0
vt 0.4314345 0.5595442 0
vt 0.4314496 0.55259 0
vt 0.4314791 0.5386816 0
vt 0.4314938 0.5317274 0
vt 0.4315527 0.5039111 0
vt 0.4315674 0.4969569 0
vt 0.4315821 0.4900027 0
vt 0.4315968 0.4830485 0
vt 0.4316116 0.4760943 0
vt 0.431641 0.4621859 0
vt 0.2936375 0.7345414 0
vt 0.2904572 0.7544246 0
vt 0.2887974 0.8028254 0
vt 0.2885464 0.8506672 0
vt 0.2878418 0.8996097 0
vt 0.2857664 0.9240034 0
vt 0.4526671 0.07684537 0
vt 0.4792834 0.07708695 0
vt 0.4925909 0.07720773 0
vt 0.5058998 0.07732853 0
vt 0.1760865 0.6984292 0
vt 0.5192073 0.07744931 0
vt 0.5325147 0.0775701 0
vt 0.5458236 0.07769089 0
vt 0.5857472 0.07805326 0
vt 0.5990546 0.07817404 0
vt 0.6123626 0.07829483 0
vt 0.6256704 0.07841562 0
vt 0.6389784 0.07853641 0
vt 0.6522862 0.07865719 0
vt 0.6143253 0.4896952 0
vt 0.6024939 0.4789285 0
vt 0.5906957 0.4681886 0
vt 0.5671004 0.4467588 0
vt 0.543503 0.4253336 0
vt 0.4963068 0.3824803 0
vt 0.6261907 0.5040318 0
vt 0.04384452 0.4087079 0
vt 0.5152668 0.5735645 0
vt 0.04377125 0.4176203 0
vt 0.04369799 0.4265318 0
vt 0.04362473 0.4354433 0
vt 0.04355145 0.4443557 0
vt 0.04347819 0.4532672 0
vt 0.04340493 0.4621786 0
vt 0.04333166 0.4710911 0
vt 0.0432584 0.4800026 0
vt 0.04318513 0.4889141 0
vt 0.04311186 0.4978264 0
vt 0.0430386 0.5067378 0
vt 0.04296533 0.5156496 0
vt 0.04289207 0.5245613 0
vt 0.0428188 0.5334732 0
vt 0.04274554 0.5423848 0
vt 0.04267227 0.5512968 0
vt 0.515523 0.4427549 0
vt 0.04399105 0.3908849 0
#end 6502 textures vertices 

#begin 1850 normals 
vn 1 -0 -0
vn 0.9239 -0 -0.3827
vn -0 -1 -0
vn 0.5491 -0.8042 -0.2276
vn -0.0001 -1 -0.0001
vn 0.5492 0.8042 -0.2273
vn 0.8127 0.4866 -0.3205
vn 0.4008 0.9161 -0
vn 0.6122 0.7407 -0.2768
vn 0.8944 0.4473 -0
vn 0.5645 0.781 -0.2671
vn -0 1 -0
vn 0.4384 0.8831 -0.1669
vn 0.9391 0.3438 -0
vn 0.7494 0.5818 -0.3161
vn 0.5078 0.8615 -0
vn 0.4519 0.8649 -0.2183
vn 0.4517 0.8921 -0
vn 0.5337 0.8105 -0.2414
vn 0.5881 0.8088 -0
vn 0.8217 0.4329 -0.3708
vn 0.753 0.658 -0
vn 0.9811 0.1933 -0
vn 0.658 0.696 -0.2875
vn 0.5492 0.8042 -0.2274
vn 0.7173 0.6302 -0.2971
vn 0.0001 1 -0
vn 0.0001 1 0.0001
vn 0.5833 -0.7654 -0.2718
vn 0.9162 -0.4008 -0
vn 0.6482 -0.702 -0.295
vn 0.4473 -0.8944 -0
vn 0.8227 -0.4675 -0.3234
vn 0.7065 -0.6257 -0.3307
vn 0.3438 -0.9391 -0
vn 0.6447 -0.7077 -0.2891
vn 0.8615 -0.5078 -0
vn 0.837 -0.4182 -0.353
vn 0.8921 -0.4518 -0
vn 0.7435 -0.5782 -0.3361
vn 0.8088 -0.5881 -0
vn 0.3792 -0.911 -0.1621
vn 0.6581 -0.753 -0
vn 0.1933 -0.9811 -0
vn 0.7654 -0.5649 -0.3082
vn 0.5491 -0.8042 -0.2275
vn 0.7173 -0.6303 -0.2971
vn -0.0001 1 -0
vn 0.1191 0.9929 -0
vn 0.1305 0.9914 -0
vn 0.9914 0.1306 -0
vn 0.9914 -0.1305 -0
vn 0.9903 -0.0984 -0.0985
vn 0.9903 0.0985 -0.0985
vn 0.2587 -0 0.966
vn 0.707 -0 0.7072
vn 0.882 -0.3332 0.3332
vn 0.8686 0.0583 0.492
vn 0.9903 -0.0984 0.0985
vn 0.9903 0.0984 0.0985
vn 0.4124 -0.6627 -0.6251
vn 0.5202 -0 -0.8541
vn 0.2587 -0 -0.966
vn 0.2583 -0 -0.9661
vn 0.7077 0.0004 -0.7065
vn 0.7077 -0 -0.7065
vn 0.7073 -0 -0.7069
vn 0.8686 -0.492 -0.0583
vn 0.8687 0.492 -0.0583
vn 0.866 0.5 -0
vn 0.7072 0.707 -0
vn 0.2587 0.966 -0
vn 0.0935 0.9956 -0
vn 0.1305 0.9915 -0
vn 0.1305 -0.9914 -0
vn 0.1191 -0.9929 -0
vn 0.2589 -0.9659 -0
vn 0.5 -0.866 -0
vn 0.7071 -0.7071 -0
vn 0.866 -0.5 -0
vn -1 -0 -0
vn -0.4008 -0.9162 -0
vn -0.8945 -0.4472 -0
vn -0.939 -0.3438 -0
vn -0.5078 -0.8615 -0
vn -0.4518 -0.8921 -0
vn -0.5881 -0.8088 -0
vn -0.7529 -0.6581 -0
vn -0.9812 -0.1932 -0
vn 0.8921 -0.4517 -0
vn 0.658 -0.753 -0
vn -0 -0 1
vn 0.9664 -0.2185 0.1357
vn 0.959 0.0017 0.2834
vn 0.9675 -0.092 0.2356
vn 0.9746 -0.1304 0.1821
vn 0.953 -0.3031 -0.0022
vn 0.9882 -0.153 -0.0025
vn 0.993 -0.116 -0.0239
vn 0.9727 -0.2273 -0.046
vn 0.9852 -0.1694 -0.0268
vn 0.9949 -0.0972 0.026
vn 0.9872 -0.1334 0.0873
vn 0.9678 -0.2489 -0.0381
vn 0.9919 -0.1262 -0.0127
vn 0.9973 -0.0596 -0.0423
vn 0.9889 -0.1208 -0.0862
vn 0.9471 -0.2326 0.2211
vn 0.9208 -0.1563 0.3575
vn 0.9427 -0.0881 0.3218
vn 0.9733 -0.0507 0.2238
vn 0.9811 -0.0935 -0.1691
vn 0.9612 -0.2252 -0.1593
vn 0.9446 -0.2941 -0.1456
vn 0.9318 -0.3466 -0.1075
vn 0.9969 -0.0317 -0.0725
vn 0.9988 -0.0414 -0.0258
vn 0.9664 -0.2221 0.1295
vn 0.9445 -0.3211 0.0696
vn 0.9516 -0.289 0.1044
vn 0.9609 -0.2273 0.1584
vn 0.9984 0.045 -0.0353
vn 0.9952 0.0405 -0.0891
vn 0.9903 0.1003 0.0956
vn 0.9956 -0.0845 0.0405
vn 0.9966 0.0438 -0.0697
vn 0.9983 -0.0215 0.0538
vn 0.996 -0.0803 0.0389
vn 0.9988 -0.0305 0.0383
vn 0.9984 -0.0291 0.0486
vn 0.9977 -0.0611 0.0296
vn 0.9978 -0.0637 -0.0191
vn 0.9934 0.0904 -0.0712
vn 0.9994 -0.0166 -0.0314
vn 0.995 -0.0955 -0.0286
vn 0.9947 0.0994 -0.026
vn 0.9892 0.1464 0.0023
vn 0.9932 -0.1148 -0.0166
vn 0.9992 0.0339 -0.0232
vn 0.9574 -0.2516 0.1415
vn 0.9934 -0.1018 0.0528
vn 0.9638 -0.2637 0.0382
vn 0.9508 -0.304 0.06
vn 0.998 0.0006 -0.0635
vn 0.9664 0.2571 -0
vn 0.9771 0.2 -0.0732
vn 0.9892 0.1075 -0.0998
vn 0.9861 0.1326 -0.0999
vn 0.9945 0.0994 -0.0341
vn 0.9759 0.2132 -0.0459
vn 0.9689 0.2237 -0.1061
vn 0.96 0.2778 -0.0361
vn 0.9988 0.0286 0.0403
vn 0.9951 -0.0219 0.0967
vn 0.9973 -0.0386 0.0632
vn 0.9956 -0.0848 0.0396
vn 0.9995 0.0328 -0.0033
vn 0.9951 -0.0395 0.0911
vn 0.9256 -0.3553 0.1302
vn 0.9975 0.071 0.0068
vn 0.9898 0.1419 0.0136
vn 0.9932 0.1161 -0.0053
vn 0.9959 0.0901 -0.0004
vn 0.9952 -0.0976 -0.0037
vn 0.9982 -0.0419 -0.0435
vn 0.9896 -0.0456 -0.1363
vn 0.9699 -0.0328 -0.2412
vn 0.9998 -0.0172 -0.0126
vn 0.9995 0.0182 0.0269
vn 0.9919 -0.0019 0.1267
vn 0.9969 0.0204 0.0754
vn 0.9798 0.1057 -0.1695
vn 0.9755 -0.163 -0.1474
vn 0.9763 -0.208 -0.0592
vn 0.9805 -0.1902 -0.0493
vn 0.9993 -0.0357 0.0108
vn 0.9975 0.06 0.0374
vn 0.9972 0.0748 -0
vn 0.9999 0.0121 -0.0038
vn 0.998 0.063 -0.0016
vn 0.9982 -0.0458 -0.0382
vn 0.9531 -0.2874 0.0952
vn 0.9963 -0.0536 -0.0675
vn 0.9995 -0.0131 0.0275
vn 0.9914 -0.1062 -0.0761
vn 0.9975 -0.0707 0.0062
vn 0.9979 -0.0533 -0.0379
vn 0.9967 -0.0676 0.0443
vn 0.9015 -0.0579 -0.4289
vn 0.9113 -0.0011 -0.4118
vn 0.8733 0.0394 -0.4855
vn 0.9003 0.0429 -0.4331
vn 0.9938 0.0428 -0.1027
vn 0.9998 -0.0019 0.0183
vn 0.9963 -0.0286 0.081
vn 0.9204 -0.3562 0.161
vn 0.9618 -0.2551 -0.0989
vn 0.9812 -0.1777 0.0756
vn 0.994 0.0427 -0.1003
vn 0.9985 0.025 -0.0481
vn 0.9951 0.0163 0.0975
vn 0.975 -0.211 0.0702
vn 0.9991 0.0377 0.0209
vn 0.9815 -0.1825 0.0571
vn 0.9982 0.0581 -0.0111
vn 0.9989 -0.0249 0.0389
vn 0.9913 -0.0676 -0.1133
vn 0.9988 -0.0195 -0.0448
vn 0.997 0.0662 0.0413
vn 0.9939 0.0578 0.0938
vn 0.9916 0.1291 -0.005
vn 0.999 -0.0419 0.0133
vn 0.9988 0.0235 0.0433
vn 0.9984 -0 -0.0572
vn 0.9901 0.0521 0.1302
vn 0.9969 0.0639 0.0468
vn 0.9728 -0.1855 -0.1391
vn 0.9967 -0.0717 0.0372
vn 0.9945 -0.0828 -0.0641
vn 0.9993 -0.0311 0.0194
vn 0.997 -0.0654 0.0408
vn 0.9858 -0 -0.1677
vn 0.9512 -0.2311 -0.2045
vn 0.9499 -0.3097 -0.043
vn 0.8488 -0.4485 -0.28
vn 0.9988 0.017 -0.0464
vn 0.994 0.0208 0.1074
vn 0.984 0.0509 0.1706
vn 0.9745 0.1305 0.1824
vn 0.9736 0.0756 0.2153
vn 0.9949 0.0185 -0.0991
vn 0.9991 -0.0362 0.0226
vn 0.9944 -0.0898 0.056
vn 0.9906 -0.0778 -0.1128
vn 0.992 0.0524 -0.1144
vn 0.9979 -0.0348 -0.0552
vn 0.9968 0.039 0.0692
vn 0.9989 0.0469 0.0035
vn 0.9876 0.0794 0.1358
vn 0.9947 0.0961 -0.0359
vn 0.9707 0.0679 -0.2304
vn 0.9645 -0.1029 -0.2432
vn 0.9812 -0.1787 -0.0732
vn 0.8979 -0.2993 -0.3228
vn 0.9968 0.003 -0.0803
vn 0.999 -0 0.0454
vn 0.9958 -0 0.0911
vn 0.998 0.0255 -0.0572
vn 0.9995 -0.0041 -0.0302
vn 0.9969 0.0106 -0.0779
vn 0.9969 -0.0371 0.0689
vn 0.9874 -0.0748 0.1392
vn 0.9803 0.117 -0.1594
vn 0.9903 0.0201 -0.1374
vn 0.9969 -0.0005 -0.0782
vn 0.9866 -0.057 -0.153
vn 0.9977 -0.0244 -0.0637
vn 0.9997 -0.0217 -0.0135
vn 0.9651 0.2604 0.0288
vn 0.8944 0.2917 0.339
vn 0.9643 0.198 0.1759
vn 0.946 0.2964 0.1312
vn 0.9931 -0.0498 -0.106
vn 0.9664 -0.2412 0.0889
vn 0.9674 -0.2378 0.0874
vn 0.9799 -0.1992 0.0081
vn 0.9982 0.0514 -0.0321
vn 0.9957 -0 0.093
vn 0.9396 -0.2903 0.1812
vn 0.8991 0.4298 -0.0837
vn 0.9602 0.2096 0.1847
vn 0.9533 0.2484 0.1715
vn 0.914 0.3907 0.1091
vn 0.9916 0.0538 -0.1174
vn 0.9997 0.0124 0.0205
vn 0.9956 0.0934 0.0009
vn 0.9962 0.0734 0.0458
vn 0.9642 0.2645 -0.0191
vn 0.9912 0.1318 -0.0109
vn 0.9909 0.1174 -0.0662
vn 0.9977 0.0589 -0.0338
vn 0.9992 0.0348 0.0175
vn 0.9998 0.0173 0.0089
vn 0.999 0.0439 -0.0119
vn 0.9997 0.0219 -0.006
vn 0.9884 0.1094 0.1053
vn 0.9965 0.0707 0.044
vn 0.9825 -0.0008 -0.1862
vn 0.9459 -0.2457 -0.2121
vn 0.9097 -0.3881 -0.1479
vn 0.9196 -0.384 -0.0831
vn 0.998 0.0534 -0.0333
vn 0.978 0.2028 -0.0482
vn 0.1083 -0.9941 -0.0003
vn 0.1261 -0.992 -0.0003
vn 0.1541 -0.988 0.0046
vn 0.1592 -0.9872 0.0046
vn 0.1566 0.9876 -0.0045
vn 0.126 0.992 0.0003
vn 0.1542 0.988 -0.0046
vn 0.1144 -0.9934 -0
vn 0.1565 0.9877 -0.0045
vn 0.119 0.9929 -0
vn 0.1537 0.0045 0.9881
vn 0.1592 0.0045 0.9872
vn 0.1081 0.9941 0.0003
vn 0.1188 -0.9929 -0
vn 0.154 -0.9881 0.0046
vn -0 -0 -1
vn 0.1146 -0 -0.9934
vn 0.9999 0.0087 0.0087
vn 0.9999 -0.0087 0.0087
vn 0.9999 -0.0087 -0.0087
vn 0.9999 0.0087 -0.0087
vn 0.1188 -0 0.9929
vn 0.1567 -0.9876 0.0047
vn 0.9916 0.1295 -0.001
vn 0.9904 -0.1385 -0.003
vn 0.9897 -0.1042 -0.0981
vn 0.9903 0.0982 -0.0984
vn 0.9909 -0.0082 0.1345
vn 0.9909 0.0016 0.1346
vn 0.9901 0.0088 -0.1402
vn 0.9901 -0.0088 -0.1402
vn 0.9901 -0.0087 0.1399
vn 0.9901 0.0087 0.1399
vn 0.9901 0.14 -0.0087
vn 0.9909 -0.1346 -0.0084
vn 0.9909 -0.1347 0.0013
vn 0.9896 0.1437 0.0033
vn 0.1261 0.992 -0.0003
vn 0.1083 0.9941 -0.0003
vn 0.1541 -0.9881 0.0046
vn 0.9897 0.1042 0.0981
vn 0.9897 -0.1042 0.0981
vn 0.9908 -0.1348 0.0084
vn 0.9908 0.1348 0.0084
vn 0.9904 -0.0027 0.1382
vn 0.9909 0.0015 0.1346
vn 0.1591 -0.9872 0.0046
vn 0.9897 -0.1043 -0.098
vn 0.9903 0.0982 -0.0986
vn 0.9909 0.1347 -0.0013
vn 0.9904 -0.1383 -0.003
vn 0.9904 0.1383 0.003
vn 0.1146 -0 0.9934
vn 0.9896 0.1436 0.0033
vn 0.1081 -0.9941 -0.0003
vn 0.1566 -0.9876 0.0045
vn 0.9896 -0.1436 -0.0033
vn 0.9901 -0.14 0.0087
vn 0.9909 0.1346 0.0084
vn 0.9903 -0.098 0.0988
vn 0.9916 -0.1295 0.001
vn 0.9904 0.1385 0.003
vn 0.126 -0.992 -0.0003
vn 0.9903 -0.0982 0.0984
vn 0.1567 -0.9876 0.0045
vn 0.9897 -0.1044 -0.0981
vn 0.1566 0.9876 -0.0047
vn 0.1143 0.9934 -0
vn 0.1191 -0 0.9929
vn 0.6581 -0.7529 -0
vn 0.3438 -0.939 -0
vn 0.4472 -0.8945 -0
vn 0.4472 -0.8944 -0
vn 0.426 0.9047 -0
vn 0.5 0.866 -0
vn 0.7071 0.7071 -0
vn 0.9914 0.1305 -0
vn 0.9659 0.2589 -0
vn 0.9984 -0.0478 0.0299
vn 0.9963 -0.0727 0.0468
vn 0.9918 -0.1261 -0.0215
vn 0.9743 -0.1987 0.1058
vn 0.9827 -0.1829 0.0295
vn 0.9756 -0.2143 0.0478
vn 0.976 0.1842 -0.116
vn 0.9654 0.2373 -0.1079
vn 0.9737 0.1648 -0.1574
vn 0.9838 0.0628 -0.1678
vn 0.9953 -0.0647 -0.0726
vn -0.0002 1 -0
vn 0.753 0.6581 -0
vn 0.4518 0.8921 -0
vn -0.3089 -0.414 -0.8563
vn 0.9294 -0.3559 -0.0975
vn 0.9278 -0.3129 -0.2033
vn 0.9405 -0.2428 -0.2376
vn 0.9437 -0.3106 -0.114
vn 0.9702 -0.23 -0.0761
vn 0.9779 -0.175 -0.1146
vn 0.9647 -0.1729 -0.1987
vn 0.9866 -0.1293 -0.0992
vn 0.0808 0.3837 -0.9199
vn 0.9963 0.0729 0.0446
vn 0.9702 0.2051 -0.129
vn 0.9718 0.2322 -0.0401
vn 0.9817 0.1905 -0.0015
vn 0.9256 0.3635 -0.106
vn 0.9555 0.2856 0.0735
vn 0.9726 0.2326 0.0062
vn 0.9109 0.3882 -0.1395
vn 0.9872 0.1034 -0.1213
vn 0.9255 0.2896 -0.2441
vn 0.8508 0.4359 -0.2936
vn 0.9807 0.0425 -0.1909
vn 0.9975 0.0697 0.0144
vn 0.9993 -0.0152 0.0333
vn 0.9969 0.0002 0.0783
vn 0.9942 0.0504 0.0951
vn 0.9289 -0.363 -0.0727
vn 0.9289 0.2459 -0.2767
vn 0.9237 0.2896 -0.2508
vn 0.9441 0.3114 -0.1082
vn 0.9247 0.3783 -0.0415
vn 0.9035 0.3476 -0.2508
vn 0.8991 0.4178 -0.1306
vn 0.846 0.5242 0.0974
vn 0.8772 0.3901 -0.2799
vn 0.9779 -0.0863 0.1904
vn 0.9895 0.0245 0.1423
vn 0.9717 -0.0483 0.2314
vn 0.9908 0.1022 -0.0887
vn 0.9274 0.2959 -0.229
vn 0.9257 0.3742 -0.0546
vn 0.9725 0.1804 0.1475
vn 0.9367 0.2862 0.2015
vn 0.9384 0.2471 0.2416
vn 0.9638 0.2572 -0.0706
vn 0.9805 0.1572 -0.118
vn 0.9783 0.0308 -0.205
vn 0.8933 0.4148 -0.1728
vn 0.891 0.3833 -0.2434
vn 0.8735 0.2138 -0.4374
vn 0.812 0.2809 -0.5116
vn 0.9521 0.2898 -0.0979
vn 0.9629 0.1078 -0.2473
vn 0.9906 0.0225 -0.1353
vn 0.9868 -0.1304 -0.0956
vn 0.9501 -0.1834 -0.2521
vn 0.895 0.0579 -0.4424
vn 0.87 -0.0397 -0.4915
vn 0.853 0.0024 -0.5218
vn 0.8857 0.4251 -0.1866
vn 0.9144 -0.3887 -0.1131
vn 0.9638 -0.2572 -0.0706
vn 0.9908 -0.1319 0.0302
vn 0.9731 -0.2255 0.0469
vn 0.9805 -0.1572 -0.118
vn 0.9998 -0 -0.0189
vn 0.9908 0.1319 0.0302
vn 0.997 -0 0.0774
vn 0.9912 -0.0507 0.1221
vn 0.896 -0.4304 -0.1095
vn 0.8881 0.2272 0.3996
vn 0.9276 -0.0171 0.3733
vn 0.9503 -0.0723 0.3029
vn 0.9281 -0.0853 0.3624
vn 0.952 0.0196 0.3055
vn 0.9808 -0.0108 0.1949
vn 0.9978 0.0075 0.0662
vn 0.996 0.0159 0.088
vn 0.9989 -0.0473 0.008
vn 0.9905 -0.109 0.0842
vn 0.9654 -0.1714 0.1965
vn 0.9505 -0.2031 0.2353
vn 0.9876 0.071 0.14
vn 0.9581 0.2501 -0.1398
vn 0.9647 0.2276 -0.1326
vn 0.9949 0.0798 -0.061
vn 0.9546 0.2722 0.1209
vn 0.9378 0.3207 0.1332
vn 0.9795 0.163 0.1181
vn 0.9963 0.0521 0.068
vn 0.9891 0.1365 0.055
vn 0.9542 0.2783 0.1099
vn 0.9788 0.1884 0.0809
vn 0.8983 0.4361 0.0527
vn 0.8562 0.5131 0.06
vn 0.9158 0.3863 0.1103
vn 0.8561 0.499 0.1341
vn 0.8807 0.4618 0.1053
vn 0.799 0.445 -0.4045
vn 0.8654 0.4377 0.244
vn 0.9109 0.3448 0.2268
vn 0.9737 0.211 0.0862
vn 0.9466 0.3155 0.0665
vn 0.946 0.1789 0.2702
vn 0.9662 0.06 0.2507
vn 0.9991 -0.04 -0.0118
vn 0.9954 0.0865 0.0412
vn 0.937 -0.0352 -0.3475
vn 0.5466 0.1459 -0.8246
vn 0.8529 0.4844 0.1944
vn 0.9009 0.2252 0.3711
vn 0.9064 0.228 0.3556
vn 0.8927 0.4152 0.1752
vn 0.8422 0.486 0.2334
vn 0.9527 0.08 0.293
vn 0.9693 0.2169 0.1155
vn 0.9089 0.4151 0.0395
vn 0.8737 0.4857 -0.029
vn 0.9321 0.0939 0.3498
vn 0.8995 -0.4364 0.0189
vn 0.8887 -0.4353 0.1439
vn 0.8723 -0.3817 0.3056
vn 0.8457 -0.4362 0.3074
vn 0.9237 -0.38 0.0482
vn 0.9368 -0.3266 0.1254
vn 0.9664 -0.2479 0.0677
vn 0.9583 -0.2275 0.1728
vn 0.892 -0.3251 0.314
vn 0.9055 -0.2704 0.3271
vn 0.9529 0.2879 0.0952
vn 0.978 0.1852 -0.0957
vn 0.9654 0.0512 -0.2556
vn 0.944 0.1074 -0.3121
vn 0.9907 0.1328 0.0289
vn 0.997 0.0002 -0.0777
vn 0.9908 -0.1324 0.0289
vn 0.9781 -0.1847 -0.0954
vn 0.9655 -0.0507 -0.2556
vn 0.944 -0.1069 -0.312
vn 0.9981 -0.0562 -0.0231
vn 0.9929 -0.1067 -0.0517
vn 0.9976 0.0692 -0
vn 0.9771 0.2 0.0732
vn 0.9892 0.1075 0.0998
vn 0.9981 -0.0562 0.0231
vn 0.9712 -0.2178 0.0968
vn 0.9486 -0.3087 0.0702
vn 0.9835 -0.181 -0
vn 0.9642 -0.2652 -0.0073
vn 0.8515 -0.0831 -0.5178
vn 0.8389 0.0466 -0.5423
vn 0.8953 0.0889 -0.4366
vn 0.832 0.1874 -0.5222
vn 0.8963 -0.035 -0.442
vn 0.9529 -0.0398 -0.3006
vn 0.9876 -0.0213 -0.1556
vn 0.9928 -0.1132 -0.0386
vn 0.9906 -0.0263 -0.1341
vn 0.9515 0.1084 -0.2879
vn 0.9953 -0.0447 -0.0859
vn 0.9155 0.195 -0.352
vn 0.9663 0.1342 -0.2197
vn 0.9558 0.1457 -0.2555
vn 0.9818 0.1303 -0.1384
vn 0.996 0.0751 -0.0478
vn 0.9929 0.0487 -0.1088
vn 0.9696 0.1009 -0.223
vn 0.9758 0.0124 -0.2181
vn 0.9422 0.0459 -0.3318
vn 0.9177 0.0525 -0.3938
vn 0.9466 0.1035 -0.3054
vn 0.9048 0.0153 -0.4256
vn 0.9267 0.0952 -0.3635
vn 0.8126 -0.0566 -0.5801
vn 0.7878 -0.0175 -0.6157
vn 0.8714 -0.1012 -0.48
vn 0.8908 -0.2092 -0.4033
vn 0.8462 -0.2402 -0.4757
vn 0.8057 -0.131 -0.5776
vn 0.8471 -0.1898 -0.4963
vn 0.7742 -0.1643 -0.6112
vn 0.9354 -0.3507 -0.0447
vn 0.9606 -0.2762 0.0311
vn 0.8393 -0.5387 -0.0735
vn 0.9843 -0.174 0.0277
vn 0.9663 -0.2408 0.0914
vn 0.9754 -0.1599 0.1519
vn 0.9258 -0.3111 0.215
vn 0.955 -0.2559 0.1498
vn 0.9629 -0.2242 0.1504
vn 0.8429 -0.4858 0.2313
vn 0.1322 -0.9908 0.0276
vn 0.8844 0.4265 0.1895
vn 0.8978 0.3973 0.1902
vn 0.936 0.2734 0.2219
vn 0.9042 0.3456 0.2508
vn 0.9415 0.3094 0.1335
vn 0.9802 0.1446 0.1356
vn 0.9956 -0.0183 0.0914
vn 0.9832 -0.1268 0.1314
vn 0.9805 -0.0062 0.1965
vn 0.9523 0.1255 0.2782
vn 0.9389 0.1556 0.3069
vn 0.9534 -0.2981 0.0474
vn 0.9639 -0.2593 -0.06
vn 0.9859 -0.1281 -0.1074
vn 0.9911 -0.0939 -0.0939
vn 0.9437 -0.3237 -0.0686
vn 0.97 -0.2158 -0.1117
vn 0.985 -0.1242 -0.1202
vn 0.9859 -0.0144 -0.1664
vn 0.9867 0.0492 -0.1549
vn 0.9928 -0.0368 -0.1144
vn 0.978 0.0788 -0.1929
vn 0.9934 0.022 -0.1127
vn 0.9979 -0.0552 0.033
vn 0.9809 -0.1603 0.1101
vn 0.9439 -0.2523 0.2129
vn 0.9388 -0.2905 0.185
vn 0.987 -0.0892 0.134
vn 0.9586 -0.1573 0.2374
vn 0.9276 -0.2507 0.2771
vn 0.9073 -0.2874 0.307
vn 0.9808 -0.1939 -0.0208
vn 0.946 -0.3242 0.0028
vn 0.9965 -0 -0.0837
vn 0.9459 0.2457 -0.2121
vn 0.9097 0.3881 -0.1479
vn 0.9808 0.1939 -0.0208
vn 0.9992 -0 0.0412
vn 0.9916 -0.0768 0.1038
vn 0.9911 -0.0728 0.1119
vn 0.9083 -0.39 0.1511
vn 0.9492 -0.3094 0.0576
vn 0.9536 -0.2681 0.1368
vn 0.9776 -0.1785 0.1114
vn 0.9314 -0.3087 0.1928
vn 0.9314 -0.3087 0.1927
vn 0.9135 0.1957 -0.3566
vn 0.9562 0.2753 -0.0999
vn 0.9456 0.0853 -0.314
vn 0.9041 0.1592 -0.3967
vn 0.9773 0.1983 0.0749
vn 0.9972 0.0105 -0.0739
vn 0.9473 -0.0654 -0.3138
vn 0.9178 -0.1764 -0.3557
vn 0.9076 -0.1402 -0.3958
vn 0.9601 0.2784 0.0257
vn 0.9687 -0.2192 0.1167
vn 0.9578 -0.2583 0.1262
vn 0.9817 -0.167 0.0917
vn 0.9872 -0.1058 0.1197
vn 0.9837 -0.0373 0.176
vn 0.9768 -0.0765 0.2003
vn 0.9767 -0.1576 0.146
vn 0.9738 -0.096 0.2059
vn 0.9693 -0.1781 0.1698
vn 0.9809 0.1388 0.1363
vn 0.9948 0.0779 0.0658
vn 0.9962 -0.0735 -0.0461
vn 0.9944 -0.0448 -0.0958
vn 0.9888 0.0378 0.1443
vn 0.9914 -0.1201 0.0512
vn 0.9844 -0.1694 -0.0476
vn 0.9755 -0.1969 -0.0979
vn 0.9941 -0.0893 0.0615
vn 0.9918 -0.0587 0.1135
vn 0.9851 -0.1721 0.0021
vn 0.953 -0.2846 -0.1041
vn 0.9687 -0.1959 -0.1526
vn 0.9971 -0.0515 -0.0567
vn 0.9994 0.0355 -0.0006
vn 0.9939 0.1073 0.0251
vn 0.9772 -0.1936 0.0872
vn 0.977 -0.2044 0.0608
vn 0.9791 -0.1681 0.1142
vn 0.9712 -0.2035 0.1243
vn 0.9856 -0.1654 0.0336
vn 0.9893 -0.1203 0.0819
vn 0.9972 -0.071 0.025
vn 0.9978 -0.0583 0.0317
vn 0.9977 -0.032 0.0595
vn 0.9897 -0.0865 0.1144
vn 0.9933 -0.0041 0.1157
vn 0.9846 -0.0335 0.1713
vn 0.9782 -0.0695 0.1958
vn 0.9803 -0.1335 0.1454
vn 0.9821 -0.1329 0.1338
vn 0.9736 -0.1526 0.1696
vn 0.9904 0.1232 -0.0624
vn 0.9666 0.2526 -0.0436
vn 0.9676 0.2358 -0.0899
vn 0.9627 0.2536 -0.0941
vn 0.9718 0.2354 -0.0124
vn 0.9756 0.2173 -0.0325
vn 0.9838 0.1783 0.0212
vn 0.9812 0.1928 -0.0116
vn 0.9815 0.1867 -0.0415
vn 0.9718 0.2182 -0.0896
vn 0.9849 0.173 -0.0057
vn 0.9754 0.2014 -0.0899
vn 0.9589 -0.1902 0.2105
vn 0.9843 -0.0853 0.1543
vn 0.9578 -0.1453 0.2481
vn 0.9987 -0 -0.0516
vn 0.9512 0.2311 -0.2045
vn 0.9499 0.3097 -0.043
vn 0.9843 0.0853 0.1543
vn 0.9589 0.1902 0.2105
vn 0.9578 0.1452 0.2481
vn 0.8489 0.4484 -0.2799
vn 0.9958 0.0918 0.0025
vn 0.9969 0.0695 0.0359
vn 0.9906 0.113 -0.0768
vn 0.9727 0.19 -0.1336
vn 0.9723 0.2212 -0.0751
vn 0.9889 0.1488 0.0028
vn 0.9857 0.1499 -0.0773
vn 0.9839 0.1749 0.0364
vn 0.1142 -0 -0.9935
vn 0.1566 0.9877 -0.0045
vn 0.1194 -0 -0.9928
vn 0.119 -0 -0.9929
vn 0.1192 -0 0.9929
vn 0.1567 0.9876 -0.0045
vn 0.1188 -0 -0.9929
vn 0.1082 0.9941 0.0003
vn 0.1261 0.992 0.0003
vn 0.1143 -0.9934 -0
vn 0.1186 -0 0.9929
vn 0.1189 -0 -0.9929
vn 0.1141 -0 -0.9935
vn 0.119 -0 0.9929
vn 0.1143 -0 0.9934
vn 0.1541 0.988 -0.0046
vn 0.1592 0.9872 -0.0046
vn 0.1144 0.9934 -0
vn 0.1082 -0.9941 -0.0003
vn 0.1262 -0.992 -0.0003
vn 0.9897 -0.1042 -0.0984
vn 0.1189 -0.9929 -0
vn 0.1188 0.9929 -0
vn 0.9905 0.1365 0.0185
vn 0.9938 -0.1031 0.0407
vn 0.9901 0.1399 -0.0087
vn 0.9909 -0.1346 0.0013
vn 0.9909 0.1346 -0.0013
vn 0.9904 0.1382 0.003
vn 0.1145 -0 0.9934
vn 0.9904 -0.1382 -0.003
vn 0.1262 0.992 -0.0003
vn 0.1084 0.9941 -0.0003
vn 0.1189 0.9929 -0
vn 0.1084 -0.9941 -0.0003
vn 0.9903 0.0982 -0.0982
vn 0.1566 -0.9877 0.0045
vn 0.9903 -0.0981 0.0987
vn 0.9901 -0.1399 0.0087
vn 0.9904 -0.0028 0.1384
vn 0.9934 -0.0412 0.1066
vn 0.9902 -0.0192 -0.1384
vn 0.9669 -0.2552 0.0042
vn 0.8805 -0.4736 0.0198
vn 0.9921 -0.1258 0.0018
vn 0.883 -0.4686 -0.0267
vn 0.9912 -0.1322 -0.0059
vn 0.8615 -0.5075 -0.0175
vn 0.6449 -0.7643 0.005
vn 0.4908 -0.8712 -0.0092
vn 0.4819 -0.876 0.02
vn 0.698 -0.7159 0.0162
vn 0.8627 -0.5057 0.0111
vn 0.8805 -0.4736 0.0199
vn 0.883 -0.4686 -0.0268
vn 0.8642 -0.5029 -0.0172
vn 0.6449 -0.7642 0.0049
vn 0.4882 -0.8727 -0.0089
vn 0.4839 -0.8749 0.0202
vn 0.4884 0.8726 0.0089
vn 0.6448 0.7643 -0.0049
vn 0.4839 0.8749 -0.0201
vn 0.8805 0.4736 -0.0199
vn 0.8626 0.5057 -0.0112
vn 0.9921 0.1258 -0.0018
vn 0.883 0.4686 0.0268
vn 0.9912 0.1322 0.0059
vn 0.8642 0.5029 0.0172
vn 0.4908 0.8712 0.0093
vn 0.6449 0.7643 -0.0049
vn 0.4838 0.8749 -0.0202
vn 0.8806 0.4735 -0.0199
vn 0.8614 0.5076 0.0175
vn 0.6449 0.7643 -0.0048
vn 0.883 0.4685 0.0268
vn 0.4819 0.876 -0.02
vn 0.6979 0.716 -0.0163
vn 0.9669 0.2552 -0.0042
vn 0.8616 0.5073 0.0175
vn 0.883 -0.4685 -0.0268
vn 0.6449 -0.7643 0.0049
vn 0.4908 -0.8712 -0.0093
vn 0.482 -0.8759 0.02
vn 0.698 -0.716 0.0162
vn 0.8627 -0.5057 0.0112
vn 0.8831 -0.4685 -0.0268
vn 0.8629 -0.505 -0.0179
vn 0.4929 -0.8701 -0.0094
vn 0.8659 -0.4936 0.0805
vn 0.9034 -0.3712 0.2145
vn 0.9944 -0.1018 0.0268
vn 0.9836 -0.1277 0.1276
vn 0.9989 -0.0425 0.0221
vn 0.9988 -0.0221 0.0425
vn 0.9035 -0.2146 0.3711
vn 0.9944 -0.0268 0.1018
vn 0.8632 -0.0808 0.4984
vn 0.7947 -0.4291 0.4293
vn 0.52 -0.1583 0.8394
vn -0.0085 -0.707 0.7072
vn -0.0086 -0.707 0.7071
vn 0.6683 -0.6935 0.269
vn 0.9988 -0.0221 -0.0425
vn 0.9836 -0.1274 -0.1274
vn 0.9989 -0.0425 -0.0221
vn 0.9034 -0.3712 -0.2145
vn 0.9944 -0.1018 -0.0268
vn 0.9651 -0.2594 -0.0366
vn 0.6863 -0.7172 -0.1208
vn 0.7945 -0.4294 -0.4293
vn 0.5173 -0.8411 -0.1579
vn -0.0086 -0.7071 -0.7071
vn -0.0086 -0.707 -0.7071
vn 0.5201 -0.1584 -0.8393
vn 0.9035 -0.2146 -0.3711
vn 0.8631 -0.081 -0.4985
vn 0.9944 -0.0268 -0.102
vn 0.9656 -0.2601 0.0045
vn 0.8806 -0.4735 0.0199
vn 0.4865 -0.8734 0.0206
vn 0.6979 -0.716 0.0174
vn 0.883 -0.4686 -0.0269
vn 0.4883 -0.8727 -0.0089
vn 0.8642 0.5029 0.0171
vn 0.6449 0.7642 -0.0049
vn 0.4839 0.8749 -0.0202
vn 0.8805 0.4736 -0.0198
vn 0.8627 0.5057 -0.0112
vn 0.9912 0.1322 0.0058
vn 0.8615 0.5075 0.0175
vn 0.645 0.7642 -0.005
vn 0.4909 0.8712 0.0092
vn 0.4865 0.8734 -0.0205
vn 0.8806 0.4735 -0.0198
vn 0.6979 0.7159 -0.0174
vn 0.9656 0.2602 -0.0044
vn 0.992 0.1258 -0.0018
vn 0.9944 0.1018 0.0268
vn 0.9034 0.3712 0.2145
vn 0.9651 0.2594 0.0366
vn 0.6863 0.7172 0.1209
vn 0.7947 0.4291 0.4293
vn 0.5173 0.8411 0.1579
vn -0.0083 0.7068 0.7074
vn 0.5198 0.1578 0.8396
vn 0.9035 0.2146 0.3711
vn 0.8632 0.0808 0.4984
vn 0.9944 0.0268 0.1018
vn 0.9836 0.1277 0.1276
vn 0.9988 0.0221 0.0425
vn 0.9989 0.0425 0.0221
vn 0.9944 0.0268 -0.102
vn 0.9033 0.2148 -0.3713
vn 0.8631 0.081 -0.4985
vn 0.7946 0.4294 -0.4293
vn 0.5201 0.1584 -0.8393
vn -0.0085 0.7072 -0.707
vn 0.6683 0.6935 -0.269
vn 0.9036 0.3709 -0.2145
vn 0.8659 0.4936 -0.0808
vn 0.9944 0.1018 -0.0268
vn 0.9836 0.1274 -0.1274
vn 0.9989 0.0425 -0.0221
vn 0.9988 0.0221 -0.0425
vn 0.883 0.4685 0.0267
vn 0.8629 0.505 0.0179
vn 0.4929 0.87 0.0094
vn 0.8627 0.5057 -0.0111
vn 0.698 0.7159 -0.0163
vn 0.8614 -0.5076 -0.0175
vn 0.6448 -0.7643 0.0049
vn 0.8626 -0.5057 0.0112
vn 0.6449 -0.7643 0.0048
vn 0.4839 -0.8749 0.0201
vn 0.8659 -0.4937 0.0805
vn 0.9035 -0.3712 0.2145
vn 0.9036 -0.2141 0.371
vn 0.7948 -0.429 0.4293
vn 0.6684 -0.6935 0.2689
vn 0.9988 -0.0221 -0.0426
vn 0.9836 -0.1275 -0.1275
vn 0.9035 -0.3712 -0.2144
vn 0.7947 -0.4293 -0.4291
vn 0.5174 -0.8411 -0.1579
vn -0.0086 -0.7072 -0.707
vn -0.0086 -0.7072 -0.7069
vn 0.9035 -0.2145 -0.3711
vn 0.9656 -0.2602 0.0044
vn 0.8805 -0.4735 0.0199
vn 0.4866 -0.8734 0.0205
vn 0.6979 -0.7159 0.0174
vn 0.9912 -0.1321 -0.0059
vn 0.4883 0.8726 0.0089
vn 0.4864 0.8735 -0.0205
vn 0.6979 0.716 -0.0174
vn 0.9656 0.2601 -0.0045
vn -0.0087 0.7071 0.707
vn -0.0084 0.7068 0.7073
vn 0.52 0.1583 0.8394
vn 0.7948 0.429 0.4293
vn 0.9035 0.2144 0.3711
vn 0.9836 0.1276 0.1276
vn 0.9035 0.3712 0.2145
vn 0.6863 0.7172 0.1208
vn 0.9944 0.0268 -0.1019
vn 0.9035 0.2144 -0.371
vn 0.52 0.1584 -0.8393
vn -0.0086 0.7072 -0.707
vn -0.0086 0.7073 -0.7069
vn 0.6684 0.6935 -0.269
vn 0.9034 0.3712 -0.2145
vn 0.8659 0.4936 -0.0805
vn 0.9836 0.1277 -0.1276
vn 0.9989 0.0221 -0.0425
vn 0.4928 0.8701 0.0094
vn 0.6449 0.7642 -0.0048
vn 0.4838 0.8749 -0.0201
vn 0.8831 0.4685 0.0268
vn 0.4907 0.8713 0.0093
vn 0.4818 0.876 -0.02
vn 0.8804 0.4739 -0.0199
vn 0.9912 0.1321 0.0059
vn 0.8614 0.5075 0.0175
vn 0.9921 -0.1257 0.0018
vn 0.4931 -0.8699 -0.0094
vn 0.9989 -0.0221 0.0425
vn -0.0084 -0.7068 0.7074
vn 0.6684 -0.6935 0.269
vn 0.9035 -0.3711 -0.2144
vn 0.9651 -0.2593 -0.0366
vn -0.0084 -0.7075 -0.7067
vn -0.0085 -0.7072 -0.7069
vn 0.9033 -0.2147 -0.3713
vn 0.9656 -0.2601 0.0044
vn 0.8806 -0.4735 0.0198
vn 0.9912 -0.1322 -0.0058
vn 0.8615 -0.5075 -0.0174
vn 0.4865 -0.8735 0.0205
vn 0.4838 -0.8749 0.0201
vn -0.0086 0.7071 0.7071
vn 0.9989 0.0221 0.0425
vn 0.8645 0.4962 0.0802
vn 0.5143 0.843 0.1578
vn 0.9033 0.2147 -0.3713
vn 0.7947 0.4293 -0.4291
vn -0.0085 0.7071 -0.707
vn -0.0086 0.707 -0.7072
vn 0.6684 0.6935 -0.2689
vn 0.9035 0.3711 -0.2144
vn 0.9836 0.1275 -0.1275
vn 0.9988 0.0221 -0.0426
vn 0.8804 0.4739 -0.0198
vn 0.8645 -0.4962 0.0802
vn 0.9034 -0.2146 0.3711
vn -0.0084 -0.7068 0.7073
vn 0.5143 -0.843 0.1578
vn 0.9836 -0.1277 -0.1276
vn 0.9036 -0.3709 -0.2145
vn 0.7946 -0.4294 -0.4293
vn -0.0086 -0.7071 -0.707
vn 0.5199 -0.1582 -0.8395
vn 0.9035 -0.2144 -0.371
vn 0.9944 -0.0268 -0.1019
vn 0.4865 -0.8734 0.0205
vn 0.698 -0.7159 0.0174
vn 0.8627 -0.5056 0.0112
vn 0.4882 -0.8727 -0.009
vn 0.8645 0.4963 0.0802
vn -0.0085 0.707 0.7072
vn 0.9036 0.2141 0.371
vn 0.7947 0.4293 -0.4292
vn -0.0086 0.7071 -0.7071
vn 0.8659 0.4937 -0.0805
vn 0.482 0.876 -0.02
vn 0.698 0.716 -0.0162
vn 0.8645 -0.4963 0.0802
vn 0.9034 -0.2147 0.3711
vn 0.52 -0.1582 0.8394
vn -0.0086 -0.7071 0.7071
vn 0.9033 -0.2148 -0.3713
vn 0.8805 -0.4735 0.0198
vn 0.992 -0.1258 0.0018
vn 0.8642 -0.5029 -0.0171
vn 0.6449 -0.7642 0.005
vn 0.4884 -0.8726 -0.0088
vn -0.0085 0.7071 0.7071
vn -0.0085 0.7072 -0.7069
vn 0.9035 0.3712 -0.2144
vn 0.866 0.4936 -0.0805
vn 0.645 0.7642 -0.0048
vn 0.8627 0.5056 -0.0111
vn 0.8615 0.5075 0.0174
vn 0.645 0.7642 -0.0049
vn 0.4909 0.8712 0.0093
vn 0.698 0.7159 -0.0162
vn 0.9837 -0.1272 0.1272
vn 0.9035 -0.2145 0.3711
vn 0.9651 -0.0363 0.2594
vn 0.6863 -0.1206 0.7172
vn 0.5173 -0.1579 0.8411
vn -0.0084 -0.7067 0.7075
vn 0.5142 -0.843 0.1578
vn -0.0085 -0.7071 -0.707
vn -0.0085 -0.7072 -0.707
vn 0.9035 -0.2146 -0.371
vn 0.4838 -0.8749 0.0202
vn 0.9656 0.0047 0.2601
vn 0.8804 0.02 0.4738
vn 0.9921 0.0018 0.1258
vn 0.8831 -0.0267 0.4684
vn 0.9912 -0.0059 0.1322
vn 0.8615 -0.0173 0.5075
vn 0.645 0.0048 0.7642
vn 0.4908 -0.0095 0.8712
vn 0.4861 0.0205 0.8736
vn 0.6981 0.0177 0.7158
vn 0.9035 0.2145 -0.3711
vn 0.6684 0.6934 -0.269
vn 0.4929 0.8701 0.0094
vn 0.8627 0.0112 0.5056
vn 0.8807 0.0198 0.4733
vn 0.9912 -0.0058 0.1322
vn 0.8642 -0.0168 0.5029
vn 0.645 0.0049 0.7642
vn 0.4884 -0.0088 0.8726
vn 0.4835 0.0199 0.8751
vn 0.7947 -0.4293 -0.4292
vn 0.9036 -0.2144 -0.371
vn 0.4864 -0.8735 0.0205
vn 0.8627 -0.5056 0.0111
vn 0.6449 -0.7642 0.0048
vn 0.9988 0.0349 -0.0349
vn 0.9901 0.0525 -0.1302
vn 0.9897 -0.1192 -0.0797
vn 0.9659 0.0538 -0.2533
vn 0.7588 0.3628 -0.5409
vn 0.9935 0.0808 0.0806
vn 0.9616 0.2105 -0.176
vn 0.9646 -0.0389 0.2609
vn 0.6448 0.7643 -0.0048
vn 0.9739 -0.1001 0.2036
vn 0.6958 -0.7182 -0.0009
vn 0.4305 -0.9026 -0.0008
vn 0.8837 -0.3299 -0.332
vn 0.7182 -0.6958 0.0009
vn 0.2583 -0.9661 -0
vn 0.2585 0.966 -0
vn 0.7181 0.6959 -0.0009
vn 0.8837 0.3299 0.3321
vn 0.4306 0.9026 0.0008
vn 0.6957 0.7183 0.0009
vn 0.8686 0.0582 -0.492
vn 0.8686 -0.0581 0.4922
vn 0.6957 -0.7183 -0.0009
vn 0.4307 -0.9025 -0.0008
vn 0.2732 -0.9619 -0.0008
vn 0.8837 -0.33 -0.3319
vn 0.7181 -0.6959 0.0009
vn 0.2584 -0.9661 -0
vn 0.2584 0.9661 -0
vn 0.2732 0.9619 0.0008
vn 0.4305 0.9026 0.0008
vn 0.6958 0.7182 0.0009
vn 0.9825 0.1314 -0.1317
vn 0.2733 -0.9619 -0.0008
vn 0.8716 -0.4869 -0.0574
vn 0.2584 -0.966 -0
vn 0.2583 0.9661 -0
vn 0.8716 0.4868 0.0574
vn 0.2732 0.962 0.0008
vn 0.9826 -0.1313 0.1316
vn 0.2732 -0.962 -0.0008
vn 0.4354 0.9003 -0.0011
vn 0.8814 0.3355 0.3325
vn 0.8814 -0.3354 0.3325
vn 0.4354 -0.9002 -0.0011
vn 0.8716 -0.4868 -0.0574
vn 0.4351 0.9004 -0.0011
vn 0.2733 0.9619 0.0008
vn 0.8686 0.0581 -0.492
vn 0.8814 -0.3355 0.3325
vn 0.8837 -0.3299 -0.3319
vn 0.4354 0.9002 -0.0011
vn 0.8815 0.3356 0.3321
vn 0.4353 -0.9003 -0.0011
vn 0.2582 -0.9661 -0
vn 0.9338 -0.1407 0.329
vn 0.8886 -0.4513 0.0823
vn 0.9031 -0.4232 0.0735
vn 0.8513 -0.5145 0.1026
vn 0.1189 -0 0.9929
vn 0.2583 -0 0.9661
vn 0.718 0.0015 0.696
vn 0.707 -0 -0.7072
vn 0.259 -0 -0.9659
vn 0.2586 -0 0.966
vn 0.7069 -0 0.7073
vn 0.2587 -0 0.9659
vn 0.2588 -0 0.9659
vn 0.426 -0 -0.9047
vn 0.4259 -0 0.9048
vn 0.4259 -0 -0.9048
vn 0.4258 -0 -0.9048
vn 0.7071 -0 0.7071
vn 0.4263 -0 -0.9046
vn 0.7068 -0 0.7074
vn 0.848 -0.1735 0.5007
vn 0.8873 -0.1403 0.4394
vn 0.2589 -0 -0.9659
vn 0.9968 -0.0523 0.0603
vn 0.9897 -0.0845 0.1159
vn 0.9987 -0 -0.0503
vn 0.9755 0.163 -0.1474
vn 0.9763 0.208 -0.0592
vn 0.9968 0.0523 0.0603
vn 0.9913 0.0834 -0.1019
vn 0.9897 0.0845 0.1158
vn 0.9824 -0.1631 0.0913
vn 0.9762 -0.1929 0.099
vn 0.9901 -0.122 0.07
vn 0.9925 -0.0803 0.0922
vn 0.9903 -0.029 0.1361
vn 0.9861 -0.0606 0.1547
vn 0.9861 -0.1215 0.1136
vn 0.9831 -0.1384 0.1199
vn 0.9816 -0.1379 0.1322
vn 0.9982 -0.0272 0.0536
vn 0.9978 0.0446 0.0499
vn 0.985 0.0942 -0.1449
vn 0.9068 0.024 -0.4209
vn 0.9779 0.0054 -0.209
vn 0.8103 -0.2101 -0.5471
vn 0.9893 -0.1211 -0.0815
vn 0.9394 -0.3123 -0.1414
vn 0.9566 -0.1353 -0.2582
vn 0.7816 -0.5541 -0.2863
vn 0.8837 0.1128 -0.4543
vn 0.9768 0.0472 0.209
vn 0.9725 0.05 0.2276
vn 0.9679 0.0849 0.2366
vn 0.9004 0.2392 0.3635
vn 0.9874 -0.1494 -0.0522
vn 0.8487 0.4486 -0.2801
vn 0.9655 -0.2574 0.0399
vn 0.9957 -0.0709 0.059
vn 0.9427 -0.283 0.1767
vn 0.9771 -0.1349 0.1646
vn 0.9736 -0.1016 0.2046
vn 0.9204 -0.3563 0.1611
vn 0.9221 0.3795 -0.0755
vn 0.9773 -0.2062 0.0487
vn 0.9873 0.116 0.1081
vn 0.9861 0.147 0.0773
vn -0 0.9162 -0.4008
vn -0 0.4473 -0.8944
vn -0 0.3438 -0.9391
vn -0 0.8615 -0.5078
vn -0 0.8615 -0.5077
vn -0 0.8921 -0.4517
vn -0 0.8088 -0.5881
vn -0 0.658 -0.753
vn -0 0.1933 -0.9811
vn -0 1 -0.0001
vn -0 -0.4008 -0.9162
vn -0 -0.8944 -0.4473
vn -0 -0.9391 -0.3438
vn -0 -0.5077 -0.8615
vn -0 -0.4518 -0.8921
vn -0 -0.5881 -0.8088
vn -0 -0.7529 -0.6581
vn -0 -0.9811 -0.1933
vn -0 1 0.0001
vn 0.2276 0.8042 -0.5491
vn -0 0.9929 -0.1191
vn -0 0.9914 -0.1305
vn -0 0.1306 -0.9914
vn -0 -0.1305 -0.9914
vn -0.0985 -0.0984 -0.9903
vn -0.0985 0.0985 -0.9903
vn 0.854 0.0001 -0.5203
vn 0.5073 -0.7725 -0.3819
vn 0.9658 -0 -0.2592
vn 0.7071 -0 -0.7071
vn 0.3332 -0.3332 -0.882
vn 0.4919 0.0583 -0.8687
vn 0.0985 -0.0985 -0.9903
vn 0.0985 0.0985 -0.9903
vn -0.966 -0 -0.2587
vn -0.9048 -0 -0.4259
vn -0.7072 -0 -0.707
vn -0.0583 -0.492 -0.8687
vn -0.0583 0.4919 -0.8687
vn -0 0.5 -0.866
vn -0 0.707 -0.7072
vn -0 0.966 -0.2587
vn -0 0.9929 -0.119
vn -0 0.9915 -0.1305
vn -0 -0.9914 -0.1305
vn -0 -0.9929 -0.1191
vn -0 -0.9659 -0.2589
vn -0 -0.866 -0.5
vn -0 -0.7071 -0.7071
vn -0 -0.5 -0.866
vn -0 -0.9161 0.4008
vn -0 -0.4472 0.8945
vn -0 -0.3438 0.939
vn -0 -0.8615 0.5078
vn -0 -0.8921 0.4518
vn -0 -0.8088 0.5881
vn -0 -0.6581 0.7529
vn -0 -0.1932 0.9812
vn -0 -0.5078 -0.8615
vn -0 -0.4517 -0.8921
vn -0 -0.753 -0.658
vn 0.1357 -0.2185 -0.9664
vn 0.2834 0.0017 -0.959
vn 0.2356 -0.092 -0.9675
vn 0.1821 -0.1304 -0.9746
vn -0.0022 -0.3031 -0.953
vn -0.0025 -0.153 -0.9882
vn -0.0239 -0.116 -0.993
vn -0.046 -0.2273 -0.9727
vn -0.0268 -0.1694 -0.9852
vn 0.0873 -0.1334 -0.9872
vn 0.0277 -0.174 -0.9843
vn -0.0446 -0.3506 -0.9354
vn -0.0381 -0.2489 -0.9678
vn -0.0127 -0.1262 -0.9919
vn -0.0423 -0.0596 -0.9973
vn -0.0862 -0.1208 -0.9889
vn 0.0474 -0.2981 -0.9534
vn -0.1075 -0.3465 -0.9318
vn -0.0686 -0.3237 -0.9437
vn -0.06 -0.2593 -0.9639
vn -0.132 -0.1935 -0.9722
vn -0.1592 -0.2251 -0.9612
vn -0.1456 -0.2941 -0.9446
vn -0.0325 -0.4232 -0.9054
vn -0.0858 -0.264 -0.9607
vn -0.0399 -0.1584 -0.9866
vn -0.1161 -0.125 -0.9853
vn -0.0078 -0.0776 -0.997
vn -0.0743 -0.0029 -0.9972
vn 0.1338 -0.1329 -0.9821
vn 0.1957 -0.0695 -0.9782
vn 0.1712 -0.0336 -0.9847
vn 0.1156 -0.0041 -0.9933
vn -0.0366 0.0477 -0.9982
vn -0.0546 -0.0047 -0.9985
vn 0.0956 0.1003 -0.9903
vn 0.1313 -0.1268 -0.9832
vn 0.0914 -0.0183 -0.9956
vn -0.1142 0.1805 -0.9769
vn -0.238 -0.1385 -0.9613
vn -0.0498 0.1162 -0.992
vn 0.2061 0.3301 -0.9212
vn 0.1158 0.1854 -0.9758
vn -0.1813 0.2904 -0.9396
vn -0.0529 -0.024 -0.9983
vn -0.0859 0.1231 -0.9887
vn -0.0306 -0.0251 -0.9992
vn 0.3708 -0.0519 -0.9273
vn 0.3728 0.0539 -0.9264
vn 0.0023 0.1464 -0.9892
vn -0.0166 -0.1148 -0.9932
vn 0.0099 0.1144 -0.9934
vn -0.0413 -0.046 -0.9981
vn 0.0001 0.0001 -1
vn -0.0126 0.2413 -0.9704
vn 0.0261 0.0871 -0.9959
vn 0.0192 -0.3427 -0.9392
vn -0.0033 -0.0158 -0.9999
vn 0.0382 -0.2637 -0.9638
vn 0.0601 -0.304 -0.9508
vn -0.0884 0.0061 -0.9961
vn -0.053 -0.0078 -0.9986
vn -0 0.2571 -0.9664
vn -0.0731 0.2 -0.9771
vn -0.0998 0.1075 -0.9892
vn -0.0999 0.1326 -0.9861
vn 0.0143 0.1843 -0.9828
vn -0.046 0.2131 -0.9759
vn -0.1063 0.2236 -0.9689
vn -0.0361 0.2779 -0.9599
vn 0.0199 -0.0491 -0.9986
vn -0 -0.2203 -0.9754
vn -0.0142 -0.124 -0.9922
vn 0.0538 -0.0504 -0.9973
vn 0.1198 -0.0045 -0.9928
vn 0.0631 -0.0385 -0.9973
vn 0.0396 -0.0848 -0.9956
vn -0.0129 0.0458 -0.9989
vn 0.0911 -0.0395 -0.9951
vn 0.1302 -0.3553 -0.9256
vn 0.0702 -0.3088 -0.9485
vn 0.0968 -0.2178 -0.9712
vn 0.0068 0.071 -0.9975
vn 0.0136 0.1419 -0.9898
vn -0.0053 0.1161 -0.9932
vn -0.0004 0.0901 -0.9959
vn -0.1177 0.1234 -0.9854
vn -0.0435 -0.0419 -0.9982
vn -0.1364 -0.0455 -0.9896
vn -0.2926 -0.0069 -0.9562
vn 0.094 -0.1506 -0.9841
vn -0.0912 -0.1095 -0.9898
vn 0.0398 -0.0586 -0.9975
vn -0.0909 -0.0871 -0.992
vn -0.0125 0.1391 -0.9902
vn -0.0124 0.2354 -0.9718
vn -0.0437 0.2526 -0.9666
vn -0.0064 0.2549 -0.967
vn 0.0108 -0.0357 -0.9993
vn 0.3827 -0 -0.9239
vn 0.4005 0.0322 -0.9157
vn -0 0.0748 -0.9972
vn -0.0038 0.0121 -0.9999
vn -0.0016 0.063 -0.998
vn 0.0953 -0.2874 -0.953
vn -0.0955 -0.1847 -0.9781
vn 0.0289 -0.1324 -0.9908
vn -0.0178 0.013 -0.9998
vn 0.0062 -0.0707 -0.9975
vn -0.0088 0.0063 -0.9999
vn 0.0443 -0.0676 -0.9967
vn -0.4339 -0.0721 -0.8981
vn -0.4117 -0.0009 -0.9113
vn -0.4858 0.0395 -0.8732
vn -0.433 0.0429 -0.9004
vn -0.0542 0.0734 -0.9958
vn -0.0486 -0.0614 -0.9969
vn 0.0332 0.1723 -0.9845
vn 0.0796 0.1678 -0.9826
vn -0.1728 0.0159 -0.9848
vn 0.1611 -0.3563 -0.9204
vn -0.0989 -0.2551 -0.9618
vn 0.0756 -0.1777 -0.9812
vn 0.0247 0.0816 -0.9964
vn 0.0145 0.0311 -0.9994
vn 0.0975 0.0163 -0.9951
vn 0.0705 -0.2111 -0.9749
vn 0.0571 -0.1825 -0.9815
vn 0.1729 -0.2275 -0.9583
vn 0.0671 -0.2477 -0.9665
vn -0.0114 0.0625 -0.998
vn 0.0513 0.0823 -0.9953
vn 0.0352 0.3842 -0.9226
vn 0.0202 0.1937 -0.9809
vn -0.1795 0.2445 -0.9529
vn -0.0173 0.1265 -0.9918
vn -0.0399 -0.183 -0.9823
vn -0.0113 -0.0731 -0.9973
vn 0.0413 0.0662 -0.997
vn 0.0997 0.0526 -0.9936
vn -0.0004 0.1296 -0.9916
vn 0.0134 -0.0416 -0.999
vn 0.0433 0.0235 -0.9988
vn -0.0572 -0 -0.9984
vn 0.1131 0.1269 -0.9854
vn 0.0468 0.0639 -0.9969
vn -0.1391 -0.1855 -0.9728
vn 0.0304 -0.08 -0.9963
vn -0.0641 -0.0828 -0.9945
vn 0.0194 -0.0311 -0.9993
vn 0.0408 -0.0654 -0.997
vn -0.1677 -0 -0.9858
vn -0.2046 -0.2312 -0.9511
vn -0.0432 -0.3098 -0.9498
vn -0.2801 -0.4486 -0.8487
vn -0.0464 0.017 -0.9988
vn 0.1196 0.0056 -0.9928
vn 0.1706 0.0508 -0.984
vn 0.1824 0.1304 -0.9745
vn 0.2041 0.0701 -0.9764
vn -0.0657 -0.0365 -0.9972
vn 0.0228 -0.1425 -0.9895
vn 0.011 -0.1588 -0.9873
vn -0.1128 -0.0778 -0.9906
vn -0.1144 0.0524 -0.9921
vn -0.0552 -0.0348 -0.9979
vn 0.0707 0.0377 -0.9968
vn 0.0035 0.0469 -0.9989
vn 0.1356 0.0797 -0.9876
vn -0.0358 0.0961 -0.9947
vn -0.2304 0.0679 -0.9707
vn -0.2431 -0.1027 -0.9646
vn -0.0728 -0.1786 -0.9812
vn -0.3228 -0.2993 -0.8979
vn -0.0147 -0.0056 -0.9999
vn 0.0646 -0.1483 -0.9868
vn 0.0287 -0.1179 -0.9926
vn -0.0538 0.0202 -0.9983
vn -0.0302 -0.0041 -0.9995
vn 0.1027 0.1247 -0.9869
vn -0.1243 0.0615 -0.9903
vn -0.1373 0.0202 -0.9903
vn -0.0781 -0.0004 -0.9969
vn -0.1529 -0.057 -0.9866
vn -0.05 -0.0269 -0.9984
vn -0.0135 -0.0217 -0.9997
vn 0.1797 -0.1557 -0.9713
vn 0.3056 0.0195 -0.9519
vn 0.3736 -0.0172 -0.9274
vn 0.4448 -0.0843 -0.8916
vn -0.106 -0.0498 -0.9931
vn 0.0889 -0.2413 -0.9664
vn 0.0873 -0.2379 -0.9674
vn 0.0081 -0.1992 -0.9799
vn -0.0189 0.4788 -0.8777
vn 0.1565 0.2757 -0.9484
vn 0.1716 0.2485 -0.9533
vn 0.1091 0.3907 -0.914
vn -0.0672 -0 -0.9977
vn 0.0176 0.0149 -0.9997
vn 0.0772 0.098 -0.9922
vn 0.0382 0.0612 -0.9974
vn 0.0191 0.0306 -0.9993
vn 0.0762 0.1221 -0.9896
vn 0.0255 0.0408 -0.9988
vn -0.0756 0.0764 -0.9942
vn -0.2241 0.2267 -0.9478
vn -0.0662 0.1174 -0.9909
vn -0.0338 0.0589 -0.9977
vn 0.0175 0.0348 -0.9992
vn 0.0089 0.0173 -0.9998
vn -0.0119 0.0439 -0.999
vn -0.006 0.0219 -0.9997
vn 0.0733 0.1412 -0.9873
vn 0.0365 0.0701 -0.9969
vn -0.1929 -0 -0.9812
vn -0.2121 -0.2458 -0.9458
vn -0.1478 -0.3882 -0.9097
vn -0.2473 -0.4554 -0.8552
vn -0.0333 0.0534 -0.998
vn -0.0066 0.1605 -0.987
vn 0.2273 -0.8042 -0.5492
vn -0 -0.753 -0.6581
vn -0 -0.939 -0.3438
vn -0 -0.8945 -0.4472
vn -0 -0.8944 -0.4472
vn -0 -0.4008 -0.9161
vn -0 -0.4472 0.8944
vn -0 -0.9162 0.4008
vn -0 0.9047 -0.426
vn -0 0.866 -0.5
vn -0 0.7071 -0.7071
vn -0 0.1305 -0.9914
vn -0 0.2589 -0.9659
vn 0.3968 -0.0257 -0.9175
vn 0.2972 0.6302 -0.7172
vn 0.0405 -0.0845 -0.9956
vn 0.026 -0.0972 -0.9949
vn 0.0468 -0.0727 -0.9963
vn -0.0022 -0.1543 -0.988
vn 0.0788 -0.1262 -0.9889
vn 0.0446 -0.1786 -0.9829
vn 0.1118 -0.401 -0.9092
vn 0.1086 -0.4114 -0.905
vn -0.0782 -0.4531 -0.888
vn -0.0692 -0.4592 -0.8857
vn -0.112 -0.1794 -0.9774
vn 0.0185 -0.2162 -0.9762
vn 0.0276 -0.0818 -0.9963
vn 0.0336 -0.1654 -0.9856
vn 0.0609 -0.2044 -0.977
vn -0.1822 0.3345 -0.9246
vn -0.1078 0.2372 -0.9654
vn -0.1573 0.1647 -0.9737
vn -0.1419 -0.0173 -0.9897
vn -0.0506 -0.081 -0.9954
vn -0 1 0.0002
vn 0.2971 -0.6303 -0.7173
vn 0.2274 -0.8042 -0.5491
vn 0.3082 -0.5649 -0.7654
vn 0.1621 -0.911 -0.3793
vn 0.3361 -0.5782 -0.7435
vn 0.3529 -0.4182 -0.837
vn 0.2891 -0.7077 -0.6447
vn 0.3306 -0.6258 -0.7065
vn 0.3234 -0.4675 -0.8227
vn 0.2949 -0.702 -0.6482
vn 0.2718 -0.7654 -0.5834
vn 0.2971 0.6303 -0.7172
vn 0.2275 0.8042 -0.5491
vn 0.2875 0.696 -0.6579
vn 0.3708 0.4329 -0.8216
vn 0.2415 0.8105 -0.5336
vn -0 0.6581 -0.753
vn 0.2184 0.8649 -0.4519
vn -0 0.8921 -0.4518
vn 0.3161 0.5818 -0.7494
vn 0.167 0.8831 -0.4384
vn 0.2671 0.7811 -0.5645
vn 0.2768 0.7407 -0.6122
vn 0.3205 0.4866 -0.8127
vn -0 0.9161 -0.4008
vn -0.8563 -0.414 0.3088
vn -0.8563 -0.414 0.3089
vn -0.0976 -0.3561 -0.9293
vn -0.203 -0.3123 -0.928
vn -0.2374 -0.2428 -0.9406
vn -0.114 -0.3104 -0.9438
vn -0.1098 -0.2603 -0.9593
vn -0.1146 -0.1749 -0.9779
vn -0.1987 -0.1729 -0.9647
vn -0.0992 -0.1293 -0.9866
vn -0.9199 0.3838 -0.0809
vn -0.1988 -0.1729 -0.9647
vn 0.0586 0.0838 -0.9948
vn -0.1287 0.205 -0.9703
vn -0.0402 0.2322 -0.9718
vn -0.0241 0.2148 -0.9764
vn -0.155 0.4497 -0.8796
vn 0.0735 0.2856 -0.9555
vn 0.006 0.2326 -0.9726
vn -0.1394 0.3882 -0.911
vn -0.1213 0.1034 -0.9872
vn -0.244 0.2895 -0.9256
vn -0.1681 0.0698 -0.9833
vn -0.1908 0.0425 -0.9807
vn 0.0144 0.0697 -0.9975
vn 0.0333 -0.0152 -0.9993
vn 0.0783 0.0002 -0.9969
vn 0.0951 0.0504 -0.9942
vn -0.1711 -0.4279 -0.8875
vn -0.276 0.2459 -0.9292
vn -0.2504 0.2896 -0.9238
vn -0.1082 0.3114 -0.9441
vn -0.0415 0.3783 -0.9247
vn -0.2504 0.3476 -0.9036
vn -0.1302 0.4178 -0.8992
vn -0.1428 0.4578 -0.8775
vn -0.2796 0.3901 -0.8773
vn 0.1909 -0.0862 -0.9778
vn 0.1426 0.0245 -0.9895
vn 0.2319 -0.0484 -0.9715
vn -0.0887 0.1022 -0.9908
vn -0.2289 0.296 -0.9274
vn -0.0549 0.3742 -0.9257
vn 0.1471 0.1804 -0.9725
vn 0.2014 0.2861 -0.9368
vn 0.2413 0.2471 -0.9384
vn 0.0171 0.4751 -0.8798
vn -0.0706 0.2572 -0.9638
vn -0.1179 0.1572 -0.9805
vn -0.1967 -0.0472 -0.9793
vn -0.1728 0.4148 -0.8934
vn -0.243 0.3833 -0.8911
vn -0.4371 0.2137 -0.8736
vn -0.5109 0.2808 -0.8125
vn -0.098 0.2898 -0.952
vn -0.2474 0.1078 -0.9629
vn -0.1266 0.1045 -0.9864
vn -0.0957 -0.1303 -0.9868
vn -0.2521 -0.1834 -0.9502
vn -0.4422 0.0578 -0.895
vn -0.4914 -0.0397 -0.87
vn -0.5217 0.0023 -0.8532
vn -0.1131 -0.3887 -0.9144
vn -0.0706 -0.2572 -0.9638
vn 0.0301 -0.1319 -0.9908
vn 0.0469 -0.2255 -0.9731
vn -0.1179 -0.1572 -0.9805
vn -0.0189 -0 -0.9998
vn 0.0301 0.1319 -0.9908
vn 0.1311 0.2964 -0.946
vn 0.1759 0.198 -0.9643
vn 0.0774 -0 -0.997
vn 0.2111 0.2406 -0.9474
vn 0.1221 -0.0507 -0.9912
vn 0.4447 -0.0843 -0.8917
vn 0.303 -0.0722 -0.9503
vn 0.3625 -0.0853 -0.9281
vn 0.195 -0.0108 -0.9807
vn 0.0878 0.0158 -0.996
vn 0.008 -0.0472 -0.9989
vn 0.0841 -0.1089 -0.9905
vn 0.1964 -0.1713 -0.9654
vn 0.2351 -0.2032 -0.9505
vn 0.1183 0.0035 -0.993
vn -0.1278 0.2224 -0.9665
vn -0.1326 0.2276 -0.9647
vn -0.061 0.0797 -0.9949
vn 0.1208 0.2722 -0.9546
vn 0.1331 0.3206 -0.9378
vn 0.1181 0.163 -0.9795
vn 0.0681 0.0521 -0.9963
vn 0.055 0.1365 -0.9891
vn 0.1099 0.2783 -0.9542
vn 0.0809 0.1884 -0.9788
vn 0.0527 0.4362 -0.8983
vn 0.06 0.5131 -0.8562
vn 0.1103 0.3862 -0.9158
vn 0.1341 0.4991 -0.8561
vn 0.1052 0.4617 -0.8807
vn -0.4047 0.4449 -0.7989
vn 0.2439 0.4377 -0.8654
vn 0.2267 0.3449 -0.9108
vn 0.0861 0.2111 -0.9737
vn 0.0666 0.3156 -0.9466
vn 0.2755 0.2736 -0.9216
vn 0.2507 0.06 -0.9662
vn -0.1878 0.0889 -0.9782
vn 0.0412 0.0865 -0.9954
vn -0.1675 0.2574 -0.9517
vn -0.3477 -0.0352 -0.9369
vn -0.8244 0.1459 -0.5468
vn 0.1944 0.4844 -0.853
vn 0.3877 0.1535 -0.9089
vn 0.3555 0.228 -0.9064
vn 0.1752 0.4152 -0.8927
vn 0.2334 0.4859 -0.8423
vn 0.293 0.0801 -0.9527
vn 0.1155 0.2169 -0.9693
vn 0.0395 0.4151 -0.9089
vn -0.029 0.4857 -0.8736
vn 0.0188 -0.4364 -0.8995
vn 0.1436 -0.4353 -0.8888
vn 0.3056 -0.3817 -0.8723
vn 0.3069 -0.4361 -0.8459
vn 0.0478 -0.3799 -0.9238
vn 0.1238 -0.3264 -0.9371
vn 0.3142 -0.3251 -0.892
vn 0.3271 -0.2704 -0.9055
vn 0.0952 0.2879 -0.9529
vn -0.0955 0.1852 -0.9781
vn -0.2555 0.0512 -0.9655
vn -0.3122 0.1073 -0.9439
vn 0.0289 0.1329 -0.9907
vn -0.0777 0.0002 -0.997
vn -0.2555 -0.0507 -0.9655
vn -0.3121 -0.1069 -0.944
vn -0.0231 -0.0562 -0.9981
vn -0.0517 -0.1066 -0.993
vn -0 0.0692 -0.9976
vn 0.0731 0.2 -0.9771
vn 0.0998 0.1075 -0.9892
vn 0.0231 -0.0562 -0.9981
vn -0 -0.181 -0.9835
vn -0.0073 -0.2652 -0.9642
vn -0.5122 -0.0599 -0.8568
vn -0.5424 0.0469 -0.8388
vn -0.4367 0.0891 -0.8952
vn -0.5222 0.1877 -0.8319
vn -0.4421 -0.0349 -0.8963
vn -0.3007 -0.0398 -0.9529
vn -0.1556 -0.0213 -0.9876
vn -0.0386 -0.1133 -0.9928
vn -0.134 -0.0263 -0.9906
vn -0.2877 0.1083 -0.9516
vn -0.1973 0.0869 -0.9765
vn -0.3518 0.1949 -0.9156
vn -0.2199 0.1341 -0.9663
vn -0.2562 0.1456 -0.9556
vn -0.1383 0.1302 -0.9818
vn -0.0478 0.0751 -0.996
vn -0.1092 0.0486 -0.9928
vn -0.2232 0.101 -0.9695
vn -0.2221 0.0065 -0.975
vn -0.3323 0.0455 -0.9421
vn -0.3941 0.0527 -0.9176
vn -0.3055 0.1032 -0.9466
vn -0.4189 0.0257 -0.9077
vn -0.3636 0.0955 -0.9266
vn -0.5803 -0.0566 -0.8124
vn -0.6162 -0.0175 -0.7874
vn -0.4801 -0.1011 -0.8714
vn -0.4032 -0.2091 -0.8909
vn -0.4757 -0.2401 -0.8462
vn -0.578 -0.131 -0.8054
vn -0.4155 -0.2558 -0.8729
vn -0.6114 -0.1642 -0.7741
vn 0.031 -0.2762 -0.9606
vn -0.0735 -0.5386 -0.8394
vn 0.0914 -0.2408 -0.9662
vn 0.1519 -0.1599 -0.9754
vn 0.2149 -0.3109 -0.9258
vn 0.1499 -0.2559 -0.955
vn 0.1504 -0.2241 -0.9629
vn 0.2312 -0.4858 -0.8429
vn 0.0276 -0.9908 -0.1322
vn 0.1895 0.4266 -0.8844
vn 0.1902 0.3973 -0.8977
vn 0.2219 0.2733 -0.936
vn 0.2509 0.3456 -0.9042
vn 0.1335 0.3095 -0.9415
vn 0.1356 0.1446 -0.9802
vn 0.1965 -0.0062 -0.9805
vn 0.2782 0.1255 -0.9523
vn 0.3069 0.1555 -0.9389
vn -0.1075 -0.1281 -0.9859
vn -0.094 -0.0939 -0.9911
vn -0.1116 -0.2158 -0.97
vn -0.1202 -0.1242 -0.985
vn -0.1664 -0.0143 -0.986
vn -0.1548 0.0492 -0.9867
vn -0.1143 -0.0368 -0.9928
vn -0.1928 0.0788 -0.9781
vn -0.1126 0.022 -0.9934
vn 0.0331 -0.0552 -0.9979
vn 0.1101 -0.1602 -0.9809
vn 0.2128 -0.2524 -0.9439
vn 0.185 -0.2905 -0.9388
vn 0.1341 -0.0892 -0.9869
vn 0.2375 -0.1572 -0.9586
vn 0.2238 -0.0507 -0.9733
vn 0.322 -0.088 -0.9426
vn 0.3576 -0.156 -0.9208
vn 0.2773 -0.2506 -0.9275
vn 0.2211 -0.2326 -0.9471
vn 0.3072 -0.2871 -0.9073
vn -0.0208 -0.1939 -0.9808
vn 0.0028 -0.3242 -0.946
vn -0.0837 -0 -0.9965
vn -0.2121 0.2458 -0.9458
vn -0.1479 0.3882 -0.9097
vn -0.0208 0.1939 -0.9808
vn 0.0412 -0 -0.9992
vn 0.1039 -0.0768 -0.9916
vn 0.0746 -0.0198 -0.997
vn 0.151 -0.39 -0.9084
vn 0.0577 -0.3096 -0.9491
vn 0.1368 -0.2682 -0.9536
vn 0.1114 -0.1784 -0.9776
vn 0.1926 -0.3086 -0.9315
vn 0.1929 -0.3089 -0.9313
vn -0.3566 0.1957 -0.9135
vn -0.0998 0.2753 -0.9562
vn -0.314 0.0854 -0.9456
vn -0.3964 0.1594 -0.9042
vn 0.0749 0.1984 -0.9773
vn -0.0741 0.0105 -0.9972
vn -0.3137 -0.0654 -0.9473
vn -0.356 -0.1764 -0.9177
vn -0.3963 -0.1404 -0.9073
vn 0.1598 0.3757 -0.9128
vn 0.1168 -0.2192 -0.9687
vn 0.1263 -0.2584 -0.9578
vn 0.0916 -0.167 -0.9817
vn 0.1197 -0.1058 -0.9872
vn 0.1759 -0.0373 -0.9837
vn 0.2002 -0.0765 -0.9768
vn 0.1461 -0.1576 -0.9766
vn 0.0996 -0.2316 -0.9677
vn 0.1699 -0.1781 -0.9692
vn 0.1163 0.1369 -0.9837
vn 0.0657 0.0779 -0.9948
vn -0.046 -0.0734 -0.9962
vn -0.0959 -0.0449 -0.9944
vn 0.1442 0.0379 -0.9888
vn 0.0513 -0.1204 -0.9914
vn -0.0478 -0.1693 -0.9844
vn -0.0979 -0.197 -0.9755
vn 0.1188 0.1171 -0.986
vn 0.1213 0.1515 -0.981
vn 0.0774 0.147 -0.9861
vn 0.1295 -0.2221 -0.9664
vn 0.1584 -0.2272 -0.9609
vn 0.0614 -0.0893 -0.9941
vn 0.1135 -0.0591 -0.9918
vn 0.1044 -0.2889 -0.9516
vn 0.0022 -0.1721 -0.9851
vn 0.0001 -0.3459 -0.9383
vn -0.1042 -0.2846 -0.953
vn -0.1526 -0.1959 -0.9687
vn -0.0567 -0.0515 -0.9971
vn -0.0006 0.0355 -0.9994
vn 0.0251 0.1073 -0.9939
vn 0.1142 -0.168 -0.9791
vn 0.1243 -0.2034 -0.9712
vn 0.082 -0.1203 -0.9893
vn 0.0317 -0.0583 -0.9978
vn 0.0594 -0.032 -0.9977
vn 0.1143 -0.0865 -0.9897
vn 0.1454 -0.1334 -0.9803
vn 0.1696 -0.1524 -0.9737
vn -0.0901 0.2358 -0.9676
vn -0.0943 0.2536 -0.9627
vn -0.0325 0.2173 -0.9756
vn -0.0116 0.1928 -0.9812
vn -0.0416 0.1867 -0.9815
vn -0.0898 0.2182 -0.9718
vn -0.0057 0.173 -0.9849
vn -0.0901 0.2014 -0.9754
vn 0.2104 -0.1902 -0.9589
vn 0.1543 -0.0853 -0.9843
vn 0.248 -0.1452 -0.9578
vn -0.0516 -0 -0.9987
vn -0.2046 0.2312 -0.9511
vn -0.0432 0.3098 -0.9498
vn 0.1543 0.0853 -0.9843
vn 0.2104 0.1902 -0.9589
vn 0.248 0.1452 -0.9578
vn -0.2801 0.4487 -0.8487
vn 0.0024 0.0917 -0.9958
vn 0.0359 0.0695 -0.9969
vn -0.0768 0.1129 -0.9906
vn -0.1335 0.1899 -0.9727
vn -0.075 0.2211 -0.9724
vn 0.0027 0.1488 -0.9889
vn -0.1461 0.26 -0.9545
vn 0.0364 0.1749 -0.9839
vn 0.3804 0.1536 -0.912
vn -0.1544 0.2763 -0.9486
vn 0.2077 0.0535 -0.9767
vn 0.2367 0.0848 -0.9679
vn 0.2369 0.0851 -0.9678
vn -0.454 0.1128 -0.8838
vn 0.5451 -0.1846 -0.8178
vn 0.1826 0.2025 -0.9621
vn -0.3627 0.434 -0.8247
vn -0.1095 -0.4304 -0.896
vn -0.1866 0.4251 -0.8857
vn -0.2862 -0.554 -0.7818
vn -0.2238 -0.4628 -0.8577
vn -0.0815 -0.1211 -0.9893
vn -0.0558 -0.2333 -0.9708
vn -0.0944 0.0978 -0.9907
vn -0.0514 -0.2492 -0.9671
vn -0.2525 -0.0051 -0.9676
vn -0.4601 -0.1652 -0.8723
vn -0.4202 0.025 -0.9071
vn 0.0572 0.3933 -0.9176
vn -0.2088 0.0855 -0.9742
vn -0.0237 -0.2802 -0.9597
vn 0.4078 0.0238 -0.9127
vn 0.4093 -0.0145 -0.9123
vn -0.0382 -0.0458 -0.9982
vn 0.021 0.0377 -0.9991
vn -0.1172 0.1524 -0.9813
vn -0.316 0.2769 -0.9075
vn -0.3258 -0.2439 -0.9134
vn -0.0126 -0.0299 -0.9995
vn 0.02 -0.3371 -0.9413
vn 0.0739 -0.1317 -0.9885
vn 0.059 -0.0709 -0.9957
vn -0.009 -0.2154 -0.9765
vn -0.2801 0.4486 -0.8487
vn -0.1483 -0.0827 -0.9855
vn 0.0002 1 -0.0001
vn 0.6811 0.2686 -0.6811
vn 0.7068 0.0001 -0.7074
vn 0.7069 -0 -0.7073
vn 0.6809 0.2686 -0.6814
vn 0.3249 0.8882 -0.325
vn 0.3251 0.8881 -0.325
#end 1850 normals 

#begin 5689 faces
o esquina_exterior
s 1
f 236/236/1 740/740/1 35/35/2 7/7/2 
f 307/307/1 235/235/1 4/4/2 10/10/2 
f 271/271/3 8/8/4 36/36/5 541/541/3 
f 793/793/1 289/289/1 3/6077/6 63/6083/4 
f 307/307/1 10/10/2 21/21/7 308/308/1 
f 308/308/8 21/21/7 20/20/9 326/326/8 
f 326/326/10 20/20/9 19/19/11 344/344/10 
f 344/344/12 19/19/11 18/18/13 362/362/12 
f 362/362/14 18/18/13 17/17/15 380/380/14 
f 380/380/16 17/17/15 16/16/17 398/398/18 
f 398/398/18 16/16/17 15/15/19 416/416/20 
f 416/416/20 15/15/19 14/14/21 434/434/22 
f 434/434/23 14/14/21 13/13/24 452/452/23 
f 452/452/12 13/13/24 12/12/25 470/470/12 
f 470/470/1 12/12/25 11/11/26 488/488/1 
f 488/488/27 11/11/26 9/9/28 506/506/12 
f 541/541/3 36/36/5 47/47/29 542/542/3 
f 542/542/30 47/47/29 46/46/31 560/560/30 
f 560/560/32 46/46/31 45/45/33 578/578/32 
f 578/578/1 45/45/33 44/44/34 596/596/1 
f 596/596/35 44/44/34 43/43/36 614/614/35 
f 614/614/37 43/43/36 42/42/38 632/632/39 
f 632/632/39 42/42/38 41/41/40 650/650/41 
f 650/650/41 41/41/40 40/40/42 668/668/43 
f 668/668/44 40/40/42 39/39/45 686/686/44 
f 686/686/1 39/39/45 38/38/46 704/704/1 
f 704/704/3 38/38/46 37/37/47 722/722/3 
f 722/722/1 37/37/47 35/35/2 740/740/1 
f 272/272/48 2/2/48 49/49/48 523/523/48 
f 2061/2061/1 775/775/1 64/64/25 146/146/2 
f 758/758/12 61/61/12 66/66/49 865/865/50 
f 811/811/51 920/920/52 73/73/53 78/78/54 
f 66/66/55 69/69/55 71/71/55 68/68/55 
f 68/68/56 71/71/56 72/72/57 67/67/58 
f 67/67/58 72/72/57 70/70/59 65/65/60 
f 74/74/61 77/77/62 79/79/63 76/76/64 
f 76/76/65 79/6047/66 80/80/67 75/75/67 
f 75/75/68 80/80/69 78/78/54 73/73/53 
f 811/811/51 78/78/54 80/80/69 812/812/70 
f 812/812/70 80/80/69 79/6047/71 830/830/71 
f 830/830/72 79/6047/72 77/6335/73 848/848/74 
f 883/883/75 74/74/76 76/76/77 884/884/78 
f 884/884/78 76/76/79 75/75/68 902/902/80 
f 902/902/80 75/75/68 73/73/53 920/920/52 
f 956/956/1 1460/1460/1 142/142/1 85/85/1 
f 1027/1027/81 93/93/81 84/84/81 955/955/81 
f 991/991/3 88/88/3 119/119/3 1261/1261/3 
f 1513/1513/81 144/144/81 90/6107/81 1009/1009/81 
f 1027/1027/81 1028/1028/81 94/94/81 93/93/81 
f 1028/1028/82 1046/1046/82 96/96/82 94/94/82 
f 1046/1046/83 1064/1064/83 98/98/83 96/96/83 
f 1064/1064/3 1082/1082/3 100/100/3 98/98/3 
f 1082/1082/84 1100/1100/84 102/102/84 100/100/84 
f 1100/1100/85 1118/1118/86 104/104/86 102/102/85 
f 1118/1118/86 1136/1136/87 106/106/87 104/104/86 
f 1136/1136/87 1154/1154/88 108/108/88 106/106/87 
f 1154/1154/89 1172/1172/89 110/110/89 108/108/89 
f 1172/1172/3 1190/1190/3 112/112/3 110/110/3 
f 1190/1190/81 1208/1208/81 114/114/81 112/112/81 
f 1208/1208/3 1226/1226/3 116/116/3 114/114/3 
f 1261/1261/3 119/119/3 120/120/3 1262/1262/3 
f 1262/1262/30 120/120/30 122/122/30 1280/1280/30 
f 1280/1280/32 122/122/32 124/124/32 1298/1298/32 
f 1298/1298/1 124/124/1 126/126/1 1316/1316/1 
f 1316/1316/35 126/126/35 128/128/35 1334/1334/35 
f 1334/1334/37 128/128/37 130/130/90 1352/1352/90 
f 1352/1352/90 130/130/90 132/132/41 1370/1370/41 
f 1370/1370/41 132/132/41 134/134/91 1388/1388/91 
f 1388/1388/44 134/134/44 136/136/44 1406/1406/44 
f 1406/1406/1 136/136/1 138/138/1 1424/1424/1 
f 1424/1424/3 138/138/3 140/140/3 1442/1442/3 
f 1442/1442/1 140/140/1 142/142/1 1460/1460/1 
f 992/992/3 1243/1243/3 115/115/3 82/6109/3 
f 1837/1837/1 1495/1495/1 87/87/1 182/182/1 
f 61/61/92 143/143/92 145/145/92 66/66/92 
f 991/6099/1 1531/1531/1 199/199/1 88/6105/1 
f 1531/1531/1 1549/1549/1 198/198/1 199/199/1 
f 1549/1549/1 1567/1567/1 197/197/1 198/198/1 
f 1567/1567/1 1585/1585/1 196/196/1 197/197/1 
f 1585/1585/1 1603/1603/1 195/195/1 196/196/1 
f 1603/1603/1 1621/1621/1 194/194/1 195/195/1 
f 1621/1621/1 1639/1639/1 193/193/1 194/194/1 
f 1639/1639/1 1657/1657/1 192/192/1 193/193/1 
f 1657/1657/1 1675/1675/1 191/191/1 192/192/1 
f 1675/1675/1 1693/1693/1 190/190/1 191/191/1 
f 1693/1693/1 1711/1711/1 189/189/1 190/190/1 
f 1711/1711/1 1729/1729/1 188/188/1 189/189/1 
f 1729/1729/1 1747/1747/1 187/187/1 188/188/1 
f 1747/1747/1 1765/1765/1 186/186/1 187/187/1 
f 1765/1765/1 1783/1783/1 185/185/1 186/186/1 
f 1783/1783/1 1801/1801/1 184/184/1 185/185/1 
f 1801/1801/1 1819/1819/1 183/183/1 184/184/1 
f 1819/1819/1 1837/1837/1 182/182/1 183/183/1 
f 271/6063/1 1838/1838/1 163/163/2 8/6071/4 
f 1838/1838/1 1856/1856/1 162/162/2 163/163/2 
f 1856/1856/1 1874/1874/1 161/161/2 162/162/2 
f 1874/1874/1 1892/1892/1 160/160/2 161/161/2 
f 1892/1892/1 1909/1909/1 159/159/2 160/160/2 
f 1909/1909/1 1921/1921/1 158/158/2 159/159/2 
f 1921/1921/1 1933/1933/1 157/157/2 158/158/2 
f 1933/1933/1 1946/1946/1 156/156/2 157/157/2 
f 1946/1946/1 1959/1959/1 155/155/2 156/156/2 
f 1959/1959/1 1971/1971/1 154/154/2 155/155/2 
f 1971/1971/1 1983/1983/1 153/153/2 154/154/2 
f 1983/1983/1 1994/1994/1 152/152/2 153/153/2 
f 1994/1994/1 2005/2005/1 151/151/2 152/152/2 
f 2005/2005/1 2017/2017/1 150/150/2 151/151/2 
f 2017/2017/1 2028/2028/1 149/149/2 150/150/2 
f 2028/2028/1 2037/2037/1 148/148/2 149/149/2 
f 2037/2037/1 2048/2048/1 147/147/2 148/148/2 
f 2048/2048/1 2061/2061/1 146/146/2 147/147/2 
f 2312/2312/93 2323/2323/94 2319/2319/95 2311/2311/96 
f 2060/2060/97 2075/2075/98 2074/2074/99 2059/2059/100 
f 2297/2297/101 2073/2073/102 2298/2298/103 
f 2058/2058/104 2072/2072/105 2071/2071/106 2057/2057/107 
f 2343/2343/108 2351/2351/109 2347/2347/110 2342/2342/111 
f 2327/2327/112 2336/2336/113 2332/2332/114 2326/2326/115 
f 2056/2056/116 2068/2068/117 2067/2067/1 2055/2055/1 
f 2055/2055/1 2067/2067/1 2066/2066/1 2054/2054/1 
f 2054/2054/1 2066/2066/1 2065/2065/1 2053/2053/1 
f 2053/2053/1 2065/2065/1 2064/2064/1 2052/2052/1 
f 2417/2417/118 2418/2418/119 2425/2425/120 2421/2421/121 
f 2049/2049/122 2062/2062/123 2061/2061/1 2048/2048/1 
f 2310/2310/124 2076/2076/125 2311/2311/96 
f 2045/2045/126 2056/2056/116 2055/2055/1 2044/2044/1 
f 2044/2044/1 2055/2055/1 2054/2054/1 2043/2043/1 
f 2043/2043/1 2054/2054/1 2053/2053/1 2042/2042/1 
f 2042/2042/1 2053/2053/1 2052/2052/1 2041/2041/127 
f 3546/3546/128 3547/3547/129 3556/3556/130 3552/3552/131 
f 2039/2039/132 2050/2050/133 2049/6124/122 2038/2038/134 
f 2038/6133/134 2049/2049/122 2048/2048/1 2037/2037/1 
f 178/178/135 179/179/136 2047/2047/137 2036/2036/138 
f 2034/2034/139 2045/2045/126 2044/2044/1 2033/2033/1 
f 2033/2033/1 2044/2044/1 2043/2043/1 2032/2032/1 
f 2032/2032/1 2043/2043/1 2042/2042/1 2031/2031/1 
f 2389/2389/140 2390/2390/141 2397/2397/142 2393/2393/143 
f 2029/2029/144 2038/6133/134 2037/2037/1 2028/2028/1 
f 2238/2238/145 2245/2245/146 2241/2241/147 2237/2237/148 
f 2270/2270/149 2277/2277/150 2273/2273/151 2269/2269/152 
f 2023/2023/1 2034/2034/139 2033/2033/1 2022/2022/1 
f 2022/2022/1 2033/2033/1 2032/2032/1 2021/2021/1 
f 2021/2021/1 2032/2032/1 2031/2031/1 2020/2020/153 
f 2390/2390/141 2391/2391/154 2400/2400/155 2396/2396/156 
f 2018/2018/157 2029/2029/144 2028/2028/1 2017/2017/1 
f 2239/2239/158 2036/2036/138 2240/2240/159 
f 2015/2015/160 2027/2027/161 2026/2026/162 2014/2014/163 
f 2255/2255/164 2264/2264/165 2260/2260/166 2254/2254/167 
f 2012/2012/168 2023/2023/1 2022/2022/1 2011/2011/1 
f 2011/2011/1 2022/2022/1 2021/2021/1 2010/2010/1 
f 2010/2010/1 2021/2021/1 2020/2020/153 2009/2009/169 
f 2009/6144/169 2020/6137/153 2019/2019/170 2008/2008/171 
f 3534/3534/172 3540/3540/173 3536/3536/174 3533/3533/175 
f 2006/2006/176 2018/2018/157 2017/2017/1 2005/2005/1 
f 175/175/1 176/176/177 2016/2016/178 2004/2004/1 
f 2004/2004/1 2016/2016/178 2015/6070/160 2003/2003/1 
f 2003/2003/1 2015/6070/160 2014/6141/163 2002/2002/179 
f 2226/2226/180 2025/2025/181 2227/2227/182 
f 2000/2000/183 2012/2012/168 2011/2011/1 1999/1999/1 
f 1999/1999/1 2011/2011/1 2010/2010/1 1998/1998/1 
f 1998/1998/1 2010/2010/1 2009/2009/169 1997/1997/184 
f 1996/1996/185 2007/2007/186 2006/6123/176 1995/1995/187 
f 1995/6154/187 2006/2006/176 2005/2005/1 1994/1994/1 
f 174/174/1 175/175/1 2004/2004/1 1993/1993/1 
f 1993/1993/1 2004/2004/1 2003/2003/1 1992/1992/1 
f 1992/1992/1 2003/2003/1 2002/2002/179 1991/1991/188 
f 2286/2286/189 2292/2292/190 2288/2288/191 2285/2285/192 
f 1990/1990/193 2000/2000/183 1999/1999/1 1989/1989/1 
f 1989/1989/1 1999/1999/1 1998/1998/1 1988/1988/1 
f 1988/1988/1 1998/1998/1 1997/1997/184 1987/1987/194 
f 2378/2378/195 2379/2379/196 2387/2387/197 2383/2383/198 
f 1985/1985/199 1996/1996/185 1995/1995/187 1984/1984/200 
f 1984/6127/200 1995/6154/187 1994/1994/1 1983/1983/1 
f 173/173/1 174/174/1 1993/1993/1 1982/1982/1 
f 1982/1982/1 1993/1993/1 1992/1992/1 1981/1981/1 
f 1981/1981/1 1992/1992/1 1991/1991/188 1980/1980/201 
f 2214/2214/202 2001/2001/203 2215/2215/204 
f 1977/1977/205 1990/1990/193 1989/1989/1 1976/1976/1 
f 1976/1976/1 1989/1989/1 1988/1988/1 1975/1975/1 
f 1975/1975/1 1988/1988/1 1987/1987/194 1974/1974/206 
f 1973/1973/207 1985/1985/199 1984/1984/200 1972/1972/208 
f 1972/6114/208 1984/6127/200 1983/1983/1 1971/1971/1 
f 172/172/1 173/173/1 1982/1982/1 1970/1970/1 
f 1970/1970/1 1982/1982/1 1981/1981/1 1969/1969/1 
f 1969/1969/1 1981/1981/1 1980/1980/201 1968/1968/209 
f 1968/6160/209 1980/6158/201 1979/1979/210 1967/1967/211 
f 1964/1964/212 1977/1977/205 1976/1976/1 1963/1963/1 
f 1963/1963/1 1976/1976/1 1975/1975/1 1962/1962/1 
f 1962/6162/1 1975/6119/1 1974/6132/206 1961/1961/213 
f 1960/1960/214 1972/6114/208 1971/1971/1 1959/1959/1 
f 171/171/1 172/172/1 1970/1970/1 1958/1958/1 
f 1958/1958/1 1970/1970/1 1969/1969/1 1957/1957/1 
f 1957/1957/1 1969/1969/1 1968/1968/209 1956/1956/1 
f 1956/1956/1 1968/1968/209 1967/6101/211 1955/1955/1 
f 1955/1955/1 1967/6101/211 1966/1966/215 1954/1954/216 
f 1953/1953/217 1965/1965/218 1964/6111/212 1952/1952/219 
f 1952/6146/219 1964/1964/212 1963/1963/1 1951/1951/1 
f 1951/1951/1 1963/1963/1 1962/1962/1 1950/1950/220 
f 1950/6140/220 1962/6162/1 1961/1961/213 1949/1949/221 
f 2462/2462/222 2468/2468/223 2464/2464/224 2461/2461/225 
f 1947/1947/226 1960/1960/214 1959/1959/1 1946/1946/1 
f 170/170/1 171/171/1 1958/1958/1 1945/1945/1 
f 1945/1945/1 1958/1958/1 1957/1957/1 1944/1944/1 
f 1944/1944/1 1957/1957/1 1956/1956/1 1943/1943/1 
f 1943/1943/1 1956/1956/1 1955/1955/1 1942/1942/1 
f 1942/1942/1 1955/1955/1 1954/1954/216 1941/1941/1 
f 2174/2174/227 2181/2181/228 2177/2177/229 2173/2173/230 
f 1938/1938/231 1952/6146/219 1951/1951/1 1937/1937/232 
f 1937/1937/232 1951/1951/1 1950/1950/220 1936/6165/233 
f 1935/1935/234 1948/1948/235 1947/6120/226 1934/1934/236 
f 1934/6169/236 1947/1947/226 1946/1946/1 1933/1933/1 
f 169/169/1 170/170/1 1945/1945/1 1932/1932/1 
f 1932/1932/1 1945/1945/1 1944/1944/1 1931/1931/1 
f 1931/1931/1 1944/1944/1 1943/1943/1 1930/1930/1 
f 1930/1930/1 1943/1943/1 1942/1942/1 1929/1929/1 
f 1929/1929/1 1942/1942/1 1941/1941/1 1928/1928/1 
f 1928/1928/1 1941/1941/1 1940/1940/237 1927/1927/238 
f 1927/6066/238 1940/6171/237 1939/1939/239 1926/1926/240 
f 2114/2114/241 2120/2120/242 2116/2116/243 2113/2113/244 
f 1925/1925/245 1938/1938/231 1937/1937/232 1924/1924/246 
f 1924/6173/246 1937/6168/232 1936/1936/233 1923/1923/247 
f 1922/1922/248 1934/6169/236 1933/1933/1 1921/1921/1 
f 168/168/1 169/169/1 1932/1932/1 1920/1920/1 
f 1920/1920/1 1932/1932/1 1931/1931/1 1919/1919/1 
f 1919/1919/1 1931/1931/1 1930/1930/1 1918/1918/1 
f 1918/1918/1 1930/1930/1 1929/1929/1 1917/1917/1 
f 1917/1917/1 1929/1929/1 1928/1928/1 1916/1916/1 
f 1916/1916/1 1928/1928/1 1927/1927/238 1915/1915/249 
f 1914/1914/250 1925/1925/245 1924/1924/246 1913/1913/251 
f 1913/6179/251 1924/6173/246 1923/1923/247 1912/1912/252 
f 2474/2474/253 2480/2480/254 2476/2476/255 2473/2473/256 
f 1910/1910/257 1922/1922/248 1921/1921/1 1909/1909/1 
f 167/167/1 168/168/1 1920/1920/1 1908/1908/1 
f 1908/1908/1 1920/1920/1 1919/1919/1 1907/1907/1 
f 1907/1907/1 1919/1919/1 1918/1918/1 1906/1906/1 
f 1906/1906/1 1918/1918/1 1917/1917/1 1905/1905/1 
f 1905/1905/1 1917/1917/1 1916/1916/1 1904/1904/1 
f 1904/1904/1 1916/1916/1 1915/1915/249 1903/1903/258 
f 2139/2139/259 2140/2140/260 2151/2151/261 2147/2147/262 
f 2155/2155/263 2156/2156/264 2167/2167/265 2163/2163/266 
f 1900/1900/267 1914/1914/250 1913/1913/251 1899/1899/268 
f 1899/6182/268 1913/6179/251 1912/1912/252 1898/1898/269 
f 2355/2355/270 2356/2356/271 2367/2367/272 2363/2363/273 
f 1893/1893/274 1910/1910/257 1909/1909/1 1892/1892/1 
f 166/166/1 167/167/1 1908/1908/1 1891/1891/1 
f 1891/1891/1 1908/1908/1 1907/1907/1 1890/1890/1 
f 1890/1890/1 1907/1907/1 1906/1906/1 1889/1889/1 
f 1889/1889/1 1906/1906/1 1905/1905/1 1888/1888/1 
f 1888/1888/1 1905/1905/1 1904/1904/1 1887/1887/1 
f 1887/1887/1 1904/1904/1 1903/1903/258 1886/1886/1 
f 1886/1886/1 1903/1903/258 1902/1902/275 1885/1885/1 
f 1885/1885/1 1902/1902/275 1901/1901/276 1884/1884/1 
f 1884/1884/1 1901/1901/276 1900/1900/267 1883/1883/1 
f 1883/1883/1 1900/1900/267 1899/1899/268 1882/1882/277 
f 1882/6190/277 1899/6182/268 1898/1898/278 1881/1881/279 
f 1881/1881/279 1898/1898/278 1897/1897/280 1880/1880/281 
f 1880/1880/281 1897/1897/280 1896/1896/282 1879/1879/283 
f 1879/1879/283 1896/1896/282 1895/1895/284 1878/1878/285 
f 1878/1878/285 1895/1895/284 1894/1894/286 1877/1877/287 
f 2354/2354/288 2361/2361/289 2357/2357/290 2353/2353/291 
f 1875/1875/292 1893/1893/274 1892/1892/1 1874/1874/1 
f 165/165/1 166/166/1 1891/1891/1 1873/1873/1 
f 1873/1873/1 1891/1891/1 1890/1890/1 1872/1872/1 
f 1872/1872/1 1890/1890/1 1889/1889/1 1871/1871/1 
f 1871/1871/1 1889/1889/1 1888/1888/1 1870/1870/1 
f 1870/1870/1 1888/1888/1 1887/1887/1 1869/1869/1 
f 1869/1869/1 1887/1887/1 1886/1886/1 1868/1868/1 
f 1868/1868/1 1886/1886/1 1885/1885/1 1867/1867/1 
f 1867/1867/1 1885/1885/1 1884/1884/1 1866/1866/1 
f 1866/1866/1 1884/1884/1 1883/1883/1 1865/1865/1 
f 1865/1865/1 1883/1883/1 1882/1882/277 1864/1864/1 
f 1864/1864/1 1882/1882/277 1881/6192/279 1863/1863/1 
f 1863/1863/1 1881/6192/279 1880/6193/281 1862/1862/1 
f 1862/1862/1 1880/6193/281 1879/6194/283 1861/1861/1 
f 1861/1861/1 1879/6194/283 1878/6195/285 1860/1860/1 
f 1860/1860/1 1878/6195/285 1877/6197/287 1859/1859/1 
f 1859/1859/1 1877/6197/287 1876/1876/293 1858/1858/1 
f 1858/1858/1 1876/1876/293 1875/1875/292 1857/1857/1 
f 1857/1857/1 1875/1875/292 1874/1874/1 1856/1856/1 
f 164/164/1 165/165/1 1873/1873/1 1855/1855/1 
f 1855/1855/1 1873/1873/1 1872/1872/1 1854/1854/1 
f 1854/1854/1 1872/1872/1 1871/1871/1 1853/1853/1 
f 1853/1853/1 1871/1871/1 1870/1870/1 1852/1852/1 
f 1852/1852/1 1870/1870/1 1869/1869/1 1851/1851/1 
f 1851/1851/1 1869/1869/1 1868/1868/1 1850/1850/1 
f 1850/1850/1 1868/1868/1 1867/1867/1 1849/1849/1 
f 1849/1849/1 1867/1867/1 1866/1866/1 1848/1848/1 
f 1848/1848/1 1866/1866/1 1865/1865/1 1847/1847/1 
f 1847/1847/1 1865/1865/1 1864/1864/1 1846/1846/1 
f 1846/1846/1 1864/1864/1 1863/1863/1 1845/1845/1 
f 1845/1845/1 1863/1863/1 1862/1862/1 1844/1844/1 
f 1844/1844/1 1862/1862/1 1861/1861/1 1843/1843/1 
f 1843/1843/1 1861/1861/1 1860/1860/1 1842/1842/1 
f 1842/1842/1 1860/1860/1 1859/1859/1 1841/1841/1 
f 1841/1841/1 1859/1859/1 1858/1858/1 1840/1840/1 
f 1840/1840/1 1858/1858/1 1857/1857/1 1839/1839/1 
f 1839/1839/1 1857/1857/1 1856/1856/1 1838/1838/1 
f 1/1/1 164/164/1 1855/1855/1 254/254/1 
f 254/254/1 1855/1855/1 1854/1854/1 255/255/1 
f 255/255/1 1854/1854/1 1853/1853/1 256/256/1 
f 256/256/1 1853/1853/1 1852/1852/1 257/257/1 
f 257/257/1 1852/1852/1 1851/1851/1 258/258/1 
f 258/258/1 1851/1851/1 1850/1850/1 259/259/1 
f 259/259/1 1850/1850/1 1849/1849/1 260/260/1 
f 260/260/1 1849/1849/1 1848/1848/1 261/261/1 
f 261/261/1 1848/1848/1 1847/1847/1 262/262/1 
f 262/262/1 1847/1847/1 1846/1846/1 263/263/1 
f 263/263/1 1846/1846/1 1845/1845/1 264/264/1 
f 264/264/1 1845/1845/1 1844/1844/1 265/265/1 
f 265/265/1 1844/1844/1 1843/1843/1 266/266/1 
f 266/266/1 1843/1843/1 1842/1842/1 267/267/1 
f 267/267/1 1842/1842/1 1841/1841/1 268/268/1 
f 268/268/1 1841/1841/1 1840/1840/1 269/269/1 
f 269/269/1 1840/1840/1 1839/1839/1 270/270/1 
f 270/270/1 1839/1839/1 1838/1838/1 271/6063/1 
f 216/216/1 217/217/1 1820/1820/1 1802/1802/1 
f 1802/1802/1 1820/1820/1 1821/1821/1 1803/1803/1 
f 1803/1803/1 1821/1821/1 1822/1822/1 1804/1804/1 
f 1804/1804/1 1822/1822/1 1823/1823/1 1805/1805/1 
f 1805/1805/1 1823/1823/1 1824/1824/1 1806/1806/1 
f 1806/1806/1 1824/1824/1 1825/1825/1 1807/1807/1 
f 1807/1807/1 1825/1825/1 1826/1826/1 1808/1808/1 
f 1808/1808/1 1826/1826/1 1827/1827/1 1809/1809/1 
f 1809/1809/1 1827/1827/1 1828/1828/1 1810/1810/1 
f 1810/1810/1 1828/1828/1 1829/1829/1 1811/1811/1 
f 1811/1811/1 1829/1829/1 1830/1830/1 1812/1812/1 
f 1812/1812/1 1830/1830/1 1831/1831/1 1813/1813/1 
f 1813/1813/1 1831/1831/1 1832/6222/1 1814/1814/1 
f 1706/1706/3 3084/3084/294 3077/3077/295 1705/1705/3 
f 1815/1815/1 1833/1833/1 1834/1834/1 1816/1816/1 
f 1816/1816/1 1834/1834/1 1835/1835/1 1817/1817/1 
f 1817/1817/1 1835/1835/1 1836/1836/1 1818/1818/1 
f 1818/1818/1 1836/1836/1 1837/1837/1 1819/1819/1 
f 215/215/1 216/216/1 1802/1802/1 1784/1784/1 
f 1784/1784/1 1802/1802/1 1803/1803/1 1785/1785/1 
f 1785/1785/1 1803/1803/1 1804/1804/1 1786/1786/1 
f 1786/1786/1 1804/1804/1 1805/1805/1 1787/1787/1 
f 1787/1787/1 1805/1805/1 1806/1806/1 1788/1788/1 
f 1788/1788/1 1806/1806/1 1807/1807/1 1789/1789/1 
f 1789/1789/1 1807/1807/1 1808/1808/1 1790/1790/1 
f 1790/1790/1 1808/1808/1 1809/1809/1 1791/1791/1 
f 1791/1791/1 1809/1809/1 1810/1810/1 1792/1792/1 
f 1792/1792/1 1810/1810/1 1811/1811/1 1793/1793/1 
f 1793/1793/1 1811/1811/1 1812/1812/1 1794/1794/1 
f 1794/1794/1 1812/1812/1 1813/1813/1 1795/1795/1 
f 1795/1795/1 1813/1813/1 1814/1814/1 1796/1796/1 
f 1637/1637/3 2847/2847/296 2835/2835/297 1636/1636/3 
f 1835/6090/12 3517/3517/298 3530/3530/299 1836/6239/12 
f 1578/1578/12 2521/2521/300 2533/2533/298 1579/1579/12 
f 1636/1636/3 2835/2835/297 2819/2819/301 1635/1635/3 
f 1800/1800/1 1818/1818/1 1819/1819/1 1801/1801/1 
f 214/214/1 215/215/1 1784/1784/1 1766/1766/1 
f 1766/1766/1 1784/1784/1 1785/1785/1 1767/1767/1 
f 1767/1767/1 1785/1785/1 1786/1786/1 1768/1768/1 
f 1768/1768/1 1786/1786/1 1787/1787/1 1769/1769/1 
f 1769/1769/1 1787/1787/1 1788/1788/1 1770/1770/1 
f 1770/1770/1 1788/1788/1 1789/1789/1 1771/1771/1 
f 1771/1771/1 1789/1789/1 1790/1790/1 1772/1772/1 
f 1772/1772/1 1790/1790/1 1791/1791/1 1773/1773/1 
f 1773/1773/1 1791/1791/1 1792/1792/1 1774/1774/1 
f 1774/1774/1 1792/1792/1 1793/1793/1 1775/1775/1 
f 1775/1775/1 1793/1793/1 1794/1794/1 1776/1776/1 
f 1776/1776/1 1794/1794/1 1795/1795/1 1777/1777/1 
f 1777/1777/1 1795/1795/1 1796/1796/1 1778/1778/1 
f 1834/6236/12 3505/3505/302 3517/3517/298 1835/6090/12 
f 1779/1779/1 1797/1797/1 1798/1798/1 1780/1780/1 
f 1780/1780/1 1798/1798/1 1799/1799/1 1781/1781/1 
f 1781/1781/1 1799/1799/1 1800/1800/1 1782/1782/1 
f 1782/1782/1 1800/1800/1 1801/1801/1 1783/1783/1 
f 213/213/1 214/214/1 1766/1766/1 1748/1748/1 
f 1748/1748/1 1766/1766/1 1767/1767/1 1749/1749/1 
f 1749/1749/1 1767/1767/1 1768/1768/1 1750/1750/1 
f 1750/1750/1 1768/1768/1 1769/1769/1 1751/1751/1 
f 1751/1751/1 1769/1769/1 1770/1770/1 1752/1752/1 
f 1752/1752/1 1770/1770/1 1771/1771/1 1753/1753/1 
f 1753/1753/1 1771/1771/1 1772/1772/1 1754/1754/1 
f 1754/1754/1 1772/1772/1 1773/1773/1 1755/1755/1 
f 1755/1755/1 1773/1773/1 1774/1774/1 1756/1756/1 
f 1756/1756/1 1774/1774/1 1775/1775/1 1757/1757/1 
f 1757/1757/1 1775/1775/1 1776/1776/1 1758/1758/1 
f 1758/1758/1 1776/1776/1 1777/1777/1 1759/1759/1 
f 1577/1577/12 2518/2518/303 2521/2521/300 1578/1578/12 
f 1814/6224/92 3431/3431/304 3375/3375/305 1796/6240/92 
f 1833/6233/12 3491/3491/306 3505/3505/302 1834/6236/12 
f 1782/6259/3 3370/3370/307 3359/3359/308 1781/6254/3 
f 1779/6249/309 3331/3331/310 3386/3386/310 1797/6251/309 
f 1764/1764/1 1782/1782/1 1783/1783/1 1765/1765/1 
f 212/212/1 213/213/1 1748/1748/1 1730/1730/1 
f 1730/1730/1 1748/1748/1 1749/1749/1 1731/1731/1 
f 1731/1731/1 1749/1749/1 1750/1750/1 1732/1732/1 
f 1732/1732/1 1750/1750/1 1751/1751/1 1733/1733/1 
f 1733/1733/1 1751/1751/1 1752/1752/1 1734/1734/1 
f 1734/1734/1 1752/1752/1 1753/1753/1 1735/1735/1 
f 1735/1735/1 1753/1753/1 1754/1754/1 1736/1736/1 
f 1736/1736/1 1754/1754/1 1755/1755/1 1737/1737/1 
f 1737/1737/1 1755/1755/1 1756/1756/1 1738/1738/1 
f 1738/1738/1 1756/1756/1 1757/1757/1 1739/1739/1 
f 1739/1739/1 1757/1757/1 1758/1758/1 1740/1740/1 
f 1740/1740/1 1758/1758/1 1759/1759/1 1741/1741/1 
f 1741/1741/1 1759/1759/1 1760/1760/1 1742/1742/1 
f 3019/3019/311 3082/3082/312 3097/3097/313 3036/3036/314 
f 1743/1743/1 1761/1761/1 1762/1762/1 1744/1744/1 
f 1744/1744/1 1762/1762/1 1763/1763/1 1745/1745/1 
f 1745/1745/1 1763/1763/1 1764/1764/1 1746/1746/1 
f 1746/1746/1 1764/1764/1 1765/1765/1 1747/1747/1 
f 211/211/1 212/212/1 1730/1730/1 1712/1712/1 
f 1712/1712/1 1730/1730/1 1731/1731/1 1713/1713/1 
f 1713/1713/1 1731/1731/1 1732/1732/1 1714/1714/1 
f 1714/1714/1 1732/1732/1 1733/1733/1 1715/1715/1 
f 1715/1715/1 1733/1733/1 1734/1734/1 1716/1716/1 
f 1716/1716/1 1734/1734/1 1735/1735/1 1717/1717/1 
f 1717/1717/1 1735/1735/1 1736/1736/1 1718/1718/1 
f 1718/1718/1 1736/1736/1 1737/1737/1 1719/1719/1 
f 1719/1719/1 1737/1737/1 1738/1738/1 1720/1720/1 
f 1720/1720/1 1738/1738/1 1739/1739/1 1721/1721/1 
f 1721/1721/1 1739/1739/1 1740/1740/1 1722/1722/1 
f 1722/1722/1 1740/1740/1 1741/1741/1 1723/1723/1 
f 1832/1832/92 3485/3485/315 3431/3431/304 1814/6224/92 
f 1745/6275/3 3242/3242/307 3231/3231/316 1744/6268/3 
f 3179/3179/317 3230/3230/318 3241/3241/319 3190/3190/320 
f 3315/3315/321 3373/3373/322 3385/3385/323 3332/3332/324 
f 1727/1727/1 1745/1745/1 1746/1746/1 1728/1728/1 
f 1728/1728/1 1746/1746/1 1747/1747/1 1729/1729/1 
f 210/210/1 211/211/1 1712/1712/1 1694/1694/1 
f 1694/1694/1 1712/1712/1 1713/1713/1 1695/1695/1 
f 1695/1695/1 1713/1713/1 1714/1714/1 1696/1696/1 
f 1696/1696/1 1714/1714/1 1715/1715/1 1697/1697/1 
f 1697/1697/1 1715/1715/1 1716/1716/1 1698/1698/1 
f 1698/1698/1 1716/1716/1 1717/1717/1 1699/1699/1 
f 1699/1699/1 1717/1717/1 1718/1718/1 1700/1700/1 
f 1700/1700/1 1718/1718/1 1719/1719/1 1701/1701/1 
f 1701/1701/1 1719/1719/1 1720/1720/1 1702/1702/1 
f 1702/1702/1 1720/1720/1 1721/1721/1 1703/1703/1 
f 1703/1703/1 1721/1721/1 1722/1722/1 1704/1704/1 
f 1704/1704/1 1722/1722/1 1723/1723/1 1705/6227/1 
f 1705/6227/1 1723/1723/1 1724/1724/1 1706/6229/1 
f 3199/3199/325 3251/3251/326 3265/3265/323 3216/3216/324 
f 1707/1707/1 1725/1725/1 1726/1726/1 1708/1708/1 
f 1708/1708/1 1726/1726/1 1727/1727/1 1709/1709/1 
f 1709/1709/1 1727/1727/1 1728/1728/1 1710/1710/1 
f 1710/1710/1 1728/1728/1 1729/1729/1 1711/1711/1 
f 209/209/1 210/210/1 1694/1694/1 1676/1676/1 
f 1676/1676/1 1694/1694/1 1695/1695/1 1677/1677/1 
f 1677/1677/1 1695/1695/1 1696/1696/1 1678/1678/1 
f 1678/1678/1 1696/1696/1 1697/1697/1 1679/1679/1 
f 1679/1679/1 1697/1697/1 1698/1698/1 1680/1680/1 
f 1680/1680/1 1698/1698/1 1699/1699/1 1681/1681/1 
f 1681/1681/1 1699/1699/1 1700/1700/1 1682/1682/1 
f 1682/1682/1 1700/1700/1 1701/1701/1 1683/1683/1 
f 1683/1683/1 1701/1701/1 1702/1702/1 1684/1684/1 
f 1684/1684/1 1702/1702/1 1703/1703/1 1685/1685/1 
f 1685/1685/1 1703/1703/1 1704/1704/1 1686/1686/1 
f 1686/1686/1 1704/1704/1 1705/6227/1 1687/1687/1 
f 3163/3163/327 3214/3214/328 3229/3229/329 3177/3177/330 
f 1687/6287/12 3014/3014/331 3017/3017/332 1688/1688/12 
f 1674/1674/3 3010/3010/307 2999/2999/333 1673/1673/3 
f 3141/3141/334 3194/3194/335 3197/3197/336 3145/3145/337 
f 3374/3374/338 3429/3429/339 3441/3441/313 3388/3388/314 
f 1692/1692/1 1710/1710/1 1711/1711/1 1693/1693/1 
f 208/208/1 209/209/1 1676/1676/1 1658/1658/1 
f 1658/1658/1 1676/1676/1 1677/1677/1 1659/1659/1 
f 1659/1659/1 1677/1677/1 1678/1678/1 1660/1660/1 
f 1660/1660/1 1678/1678/1 1679/1679/1 1661/1661/1 
f 1661/1661/1 1679/1679/1 1680/1680/1 1662/1662/1 
f 1662/1662/1 1680/1680/1 1681/1681/1 1663/1663/1 
f 1663/1663/1 1681/1681/1 1682/1682/1 1664/1664/1 
f 1664/1664/1 1682/1682/1 1683/1683/1 1665/1665/1 
f 1665/1665/1 1683/1683/1 1684/1684/1 1666/1666/1 
f 1666/1666/1 1684/1684/1 1685/1685/1 1667/1667/1 
f 1667/1667/1 1685/1685/1 1686/1686/1 1668/1668/1 
f 1668/1668/1 1686/1686/1 1687/1687/1 1669/1669/1 
f 1669/1669/1 1687/1687/1 1688/6288/1 1670/1670/1 
f 1673/1673/3 2999/2999/333 2987/2987/340 1672/1672/3 
f 1671/1671/1 1689/1689/1 1690/1690/1 1672/6297/1 
f 1672/6297/1 1690/1690/1 1691/1691/1 1673/6289/1 
f 1673/6289/1 1691/1691/1 1692/1692/1 1674/6291/1 
f 1674/6291/1 1692/1692/1 1693/1693/1 1675/1675/1 
f 207/207/1 208/208/1 1658/1658/1 1640/1640/1 
f 1640/1640/1 1658/1658/1 1659/1659/1 1641/1641/1 
f 1641/1641/1 1659/1659/1 1660/1660/1 1642/1642/1 
f 1642/1642/1 1660/1660/1 1661/1661/1 1643/1643/1 
f 1643/1643/1 1661/1661/1 1662/1662/1 1644/1644/1 
f 1644/1644/1 1662/1662/1 1663/1663/1 1645/1645/1 
f 1645/1645/1 1663/1663/1 1664/1664/1 1646/1646/1 
f 1646/1646/1 1664/1664/1 1665/1665/1 1647/1647/1 
f 1647/1647/1 1665/1665/1 1666/1666/1 1648/1648/1 
f 1648/1648/1 1666/1666/1 1667/1667/1 1649/1649/1 
f 1649/1649/1 1667/1667/1 1668/1668/1 1650/1650/1 
f 2759/2759/317 2846/2846/318 2857/2857/341 2769/2769/342 
f 2747/2747/343 2834/2834/344 2845/2845/329 2757/2757/345 
f 1688/1688/92 3017/3017/346 2956/2956/346 1670/6295/92 
f 2731/2731/327 2818/2818/328 2833/2833/329 2745/2745/347 
f 1670/6295/3 2956/2956/348 2943/2943/349 1669/6294/3 
f 2703/2703/343 2790/2790/350 2801/2801/351 2713/2713/352 
f 1656/1656/1 1674/6291/1 1675/1675/1 1657/1657/1 
f 206/206/1 207/207/1 1640/1640/1 1622/1622/1 
f 1622/1622/1 1640/1640/1 1641/1641/1 1623/1623/1 
f 1623/1623/1 1641/1641/1 1642/1642/1 1624/1624/1 
f 1624/1624/1 1642/1642/1 1643/1643/1 1625/1625/1 
f 1625/1625/1 1643/1643/1 1644/1644/1 1626/1626/1 
f 1626/1626/1 1644/1644/1 1645/1645/1 1627/1627/1 
f 1627/1627/1 1645/1645/1 1646/1646/1 1628/1628/1 
f 1628/1628/1 1646/1646/1 1647/1647/1 1629/1629/1 
f 1629/1629/1 1647/1647/1 1648/1648/1 1630/1630/1 
f 1630/1630/1 1648/1648/1 1649/1649/1 1631/1631/1 
f 1631/1631/1 1649/1649/1 1650/1650/1 1632/1632/1 
f 1632/1632/1 1650/1650/1 1651/1651/1 1633/1633/1 
f 1633/1633/1 1651/1651/1 1652/1652/1 1634/1634/1 
f 2517/2517/334 2598/2598/353 2601/2601/354 2523/2523/355 
f 1635/6245/1 1653/1653/1 1654/1654/1 1636/6241/1 
f 1636/6241/1 1654/1654/1 1655/1655/1 1637/6136/1 
f 1637/6136/1 1655/1655/1 1656/1656/1 1638/1638/1 
f 1638/1638/1 1656/1656/1 1657/1657/1 1639/1639/1 
f 205/205/1 206/206/1 1622/1622/1 1604/1604/1 
f 1604/1604/1 1622/1622/1 1623/1623/1 1605/1605/1 
f 1605/1605/1 1623/1623/1 1624/1624/1 1606/1606/1 
f 1606/1606/1 1624/1624/1 1625/1625/1 1607/1607/1 
f 1607/1607/1 1625/1625/1 1626/1626/1 1608/1608/1 
f 1608/1608/1 1626/1626/1 1627/1627/1 1609/1609/1 
f 1609/1609/1 1627/1627/1 1628/1628/1 1610/1610/1 
f 1610/1610/1 1628/1628/1 1629/1629/1 1611/1611/1 
f 1611/1611/1 1629/1629/1 1630/1630/1 1612/1612/1 
f 1612/1612/1 1630/1630/1 1631/1631/1 1613/1613/1 
f 2691/2691/343 2778/2778/344 2789/2789/329 2701/2701/345 
f 1669/6294/3 2943/2943/349 2938/2938/356 1668/6250/3 
f 1601/1601/3 2671/2671/296 2659/2659/297 1600/1600/3 
f 2685/2685/334 2774/2774/357 2777/2777/354 2689/2689/355 
f 2627/2627/325 2715/2715/326 2729/2729/323 2644/2644/324 
f 1493/1493/3 2503/2503/296 2491/2491/358 1492/1492/3 
f 1620/1620/1 1638/1638/1 1639/1639/1 1621/1621/1 
f 204/204/1 205/205/1 1604/1604/1 1586/1586/1 
f 1586/1586/1 1604/1604/1 1605/1605/1 1587/1587/1 
f 1587/1587/1 1605/1605/1 1606/1606/1 1588/1588/1 
f 1588/1588/1 1606/1606/1 1607/1607/1 1589/1589/1 
f 1589/1589/1 1607/1607/1 1608/1608/1 1590/1590/1 
f 1590/1590/1 1608/1608/1 1609/1609/1 1591/1591/1 
f 1591/1591/1 1609/1609/1 1610/1610/1 1592/1592/1 
f 1592/1592/1 1610/1610/1 1611/1611/1 1593/1593/1 
f 1593/1593/1 1611/1611/1 1612/1612/1 1594/1594/1 
f 1594/1594/1 1612/1612/1 1613/1613/1 1595/1595/1 
f 1595/1595/1 1613/1613/1 1614/1614/1 1596/1596/1 
f 1596/1596/1 1614/1614/1 1615/1615/1 1597/1597/1 
f 1597/1597/1 1615/1615/1 1616/1616/1 1598/1598/1 
f 1818/6238/3 3482/3482/307 3471/3471/308 1817/6237/3 
f 1599/1599/1 1617/1617/1 1618/1618/1 1600/6320/1 
f 1600/6320/1 1618/1618/1 1619/1619/1 1601/6151/1 
f 1601/6151/1 1619/1619/1 1620/1620/1 1602/1602/1 
f 1602/1602/1 1620/1620/1 1621/1621/1 1603/1603/1 
f 203/203/1 204/204/1 1586/1586/1 1568/1568/1 
f 1568/1568/1 1586/1586/1 1587/1587/1 1569/1569/1 
f 1569/1569/1 1587/1587/1 1588/1588/1 1570/1570/1 
f 1570/1570/1 1588/1588/1 1589/1589/1 1571/1571/1 
f 1571/1571/1 1589/1589/1 1590/1590/1 1572/1572/1 
f 1572/1572/1 1590/1590/1 1591/1591/1 1573/1573/1 
f 1573/1573/1 1591/1591/1 1592/1592/1 1574/1574/1 
f 1574/1574/1 1592/1592/1 1593/1593/1 1575/1575/1 
f 1575/1575/1 1593/1593/1 1594/1594/1 1576/1576/1 
f 1576/1576/1 1594/1594/1 1595/1595/1 1577/6262/1 
f 1817/6237/3 3471/3471/308 3459/3459/340 1816/6230/3 
f 3295/3295/317 3358/3358/318 3369/3369/359 3305/3305/342 
f 1778/6181/3 3316/3316/294 3310/3310/295 1777/6248/3 
f 1709/6112/3 3127/3127/333 3115/3115/340 1708/6280/3 
f 3283/3283/343 3346/3346/344 3357/3357/329 3293/3293/345 
f 1651/6309/12 2865/2865/360 2877/2877/361 1652/6311/12 
f 3083/3083/325 3147/3147/326 3161/3161/323 3100/3100/324 
f 1584/1584/1 1602/1602/1 1603/1603/1 1585/1585/1 
f 202/202/1 203/203/1 1568/1568/1 1550/1550/1 
f 1550/1550/1 1568/1568/1 1569/1569/1 1551/1551/1 
f 1551/1551/1 1569/1569/1 1570/1570/1 1552/1552/1 
f 1552/1552/1 1570/1570/1 1571/1571/1 1553/1553/1 
f 1553/1553/1 1571/1571/1 1572/1572/1 1554/1554/1 
f 1554/1554/1 1572/1572/1 1573/1573/1 1555/1555/1 
f 1555/1555/1 1573/1573/1 1574/1574/1 1556/1556/1 
f 1556/1556/1 1574/1574/1 1575/1575/1 1557/1557/1 
f 1557/1557/1 1575/1575/1 1576/1576/1 1558/1558/1 
f 1558/1558/1 1576/1576/1 1577/6262/1 1559/1559/1 
f 1559/1559/1 1577/6262/1 1578/6244/1 1560/1560/1 
f 1560/1560/1 1578/6244/1 1579/6242/1 1561/1561/1 
f 1561/1561/1 1579/6242/1 1580/1580/1 1562/1562/1 
f 1562/1562/1 1580/1580/1 1581/1581/1 1563/1563/1 
f 1563/1563/1 1581/1581/1 1582/1582/1 1564/1564/1 
f 1564/1564/1 1582/1582/1 1583/1583/1 1565/1565/1 
f 1565/1565/1 1583/1583/1 1584/1584/1 1566/1566/1 
f 1566/1566/1 1584/1584/1 1585/1585/1 1567/1567/1 
f 201/201/1 202/202/1 1550/1550/1 1532/1532/1 
f 1532/1532/1 1550/1550/1 1551/1551/1 1533/1533/1 
f 1533/1533/1 1551/1551/1 1552/1552/1 1534/1534/1 
f 1534/1534/1 1552/1552/1 1553/1553/1 1535/1535/1 
f 1535/1535/1 1553/1553/1 1554/1554/1 1536/1536/1 
f 1536/1536/1 1554/1554/1 1555/1555/1 1537/1537/1 
f 1537/1537/1 1555/1555/1 1556/1556/1 1538/1538/1 
f 1538/1538/1 1556/1556/1 1557/1557/1 1539/1539/1 
f 1539/1539/1 1557/1557/1 1558/1558/1 1540/1540/1 
f 1540/1540/1 1558/1558/1 1559/1559/1 1541/1541/1 
f 1541/1541/1 1559/1559/1 1560/1560/1 1542/1542/1 
f 1542/1542/1 1560/1560/1 1561/1561/1 1543/1543/1 
f 1543/1543/1 1561/1561/1 1562/1562/1 1544/1544/1 
f 1544/1544/1 1562/1562/1 1563/1563/1 1545/1545/1 
f 1545/1545/1 1563/1563/1 1564/1564/1 1546/1546/1 
f 1546/1546/1 1564/1564/1 1565/1565/1 1547/1547/1 
f 1547/1547/1 1565/1565/1 1566/1566/1 1548/1548/1 
f 1548/1548/1 1566/1566/1 1567/1567/1 1549/1549/1 
f 200/200/1 201/201/1 1532/1532/1 1514/1514/1 
f 1514/1514/1 1532/1532/1 1533/1533/1 1515/1515/1 
f 1515/1515/1 1533/1533/1 1534/1534/1 1516/1516/1 
f 1516/1516/1 1534/1534/1 1535/1535/1 1517/1517/1 
f 1517/1517/1 1535/1535/1 1536/1536/1 1518/1518/1 
f 1518/1518/1 1536/1536/1 1537/1537/1 1519/1519/1 
f 1519/1519/1 1537/1537/1 1538/1538/1 1520/1520/1 
f 1520/1520/1 1538/1538/1 1539/1539/1 1521/1521/1 
f 1521/1521/1 1539/1539/1 1540/1540/1 1522/1522/1 
f 1522/1522/1 1540/1540/1 1541/1541/1 1523/1523/1 
f 1523/1523/1 1541/1541/1 1542/1542/1 1524/1524/1 
f 1524/1524/1 1542/1542/1 1543/1543/1 1525/1525/1 
f 1525/1525/1 1543/1543/1 1544/1544/1 1526/1526/1 
f 1526/1526/1 1544/1544/1 1545/1545/1 1527/1527/1 
f 1527/1527/1 1545/1545/1 1546/1546/1 1528/1528/1 
f 1528/1528/1 1546/1546/1 1547/1547/1 1529/1529/1 
f 1529/1529/1 1547/1547/1 1548/1548/1 1530/1530/1 
f 1530/1530/1 1548/1548/1 1549/1549/1 1531/1531/1 
f 89/89/1 200/200/1 1514/1514/1 974/974/1 
f 974/974/1 1514/1514/1 1515/1515/1 975/975/1 
f 975/975/1 1515/1515/1 1516/1516/1 976/976/1 
f 976/976/1 1516/1516/1 1517/1517/1 977/977/1 
f 977/977/1 1517/1517/1 1518/1518/1 978/978/1 
f 978/978/1 1518/1518/1 1519/1519/1 979/979/1 
f 979/979/1 1519/1519/1 1520/1520/1 980/980/1 
f 980/980/1 1520/1520/1 1521/1521/1 981/981/1 
f 981/981/1 1521/1521/1 1522/1522/1 982/982/1 
f 982/982/1 1522/1522/1 1523/1523/1 983/983/1 
f 983/983/1 1523/1523/1 1524/1524/1 984/984/1 
f 984/984/1 1524/1524/1 1525/1525/1 985/985/1 
f 985/985/1 1525/1525/1 1526/1526/1 986/986/1 
f 986/986/1 1526/1526/1 1527/1527/1 987/987/1 
f 987/987/1 1527/1527/1 1528/1528/1 988/988/1 
f 988/988/1 1528/1528/1 1529/1529/1 989/989/1 
f 989/989/1 1529/1529/1 1530/1530/1 990/990/1 
f 990/990/1 1530/1530/1 1531/1531/1 991/6099/1 
f 761/761/12 862/862/74 861/861/74 762/762/12 
f 762/762/12 861/861/74 860/860/74 763/763/12 
f 763/763/12 860/860/74 859/859/74 764/764/12 
f 764/764/12 859/859/74 858/858/74 765/765/12 
f 765/765/12 858/858/74 857/857/74 766/766/12 
f 766/766/12 857/857/74 856/856/74 767/767/12 
f 767/767/12 856/856/74 855/855/74 768/768/12 
f 768/768/12 855/855/74 854/854/74 769/769/12 
f 217/217/1 143/6049/1 1478/1478/1 1820/1820/1 
f 1820/1820/1 1478/1478/1 1479/1479/1 1821/1821/1 
f 1821/1821/1 1479/1479/1 1480/1480/1 1822/1822/1 
f 1822/1822/1 1480/1480/1 1481/1481/1 1823/1823/1 
f 1823/1823/1 1481/1481/1 1482/1482/1 1824/1824/1 
f 1824/1824/1 1482/1482/1 1483/1483/1 1825/1825/1 
f 1825/1825/1 1483/1483/1 1484/1484/1 1826/1826/1 
f 1826/1826/1 1484/1484/1 1485/1485/1 1827/1827/1 
f 1827/1827/1 1485/1485/1 1486/1486/1 1828/1828/1 
f 1828/1828/1 1486/1486/1 1487/1487/1 1829/1829/1 
f 1829/1829/1 1487/1487/1 1488/1488/1 1830/1830/1 
f 1830/1830/1 1488/1488/1 1489/1489/1 1831/1831/1 
f 1831/1831/1 1489/1489/1 1490/1490/1 1832/6222/1 
f 1832/6222/1 1490/1490/1 1491/1491/1 1833/6051/1 
f 3267/3267/327 3330/3330/328 3345/3345/329 3281/3281/330 
f 1741/6264/92 3193/3193/362 3142/3142/362 1723/6218/92 
f 1710/6285/3 3138/3138/307 3127/3127/333 1709/6112/3 
f 1836/1836/1 1494/1494/1 1495/1495/1 1837/1837/1 
f 90/90/3 116/116/3 1226/1226/3 1009/6084/3 
f 1009/6084/3 1226/1226/3 1227/1227/3 1008/1008/3 
f 1008/1008/3 1227/1227/3 1228/1228/3 1007/1007/3 
f 1007/1007/3 1228/1228/3 1229/1229/3 1006/1006/3 
f 1006/1006/3 1229/1229/3 1230/1230/3 1005/1005/3 
f 1005/1005/3 1230/1230/3 1231/1231/3 1004/1004/3 
f 1004/1004/3 1231/1231/3 1232/1232/3 1003/1003/3 
f 1003/1003/3 1232/1232/3 1233/1233/3 1002/1002/3 
f 1002/1002/3 1233/1233/3 1234/1234/3 1001/1001/3 
f 1001/1001/3 1234/1234/3 1235/1235/3 1000/1000/3 
f 1000/1000/3 1235/1235/3 1236/1236/3 999/999/3 
f 999/999/3 1236/1236/3 1237/1237/3 998/998/3 
f 998/998/3 1237/1237/3 1238/1238/3 997/997/3 
f 997/997/3 1238/1238/3 1239/1239/3 996/996/3 
f 996/996/3 1239/1239/3 1240/1240/3 995/995/3 
f 995/995/3 1240/1240/3 1241/1241/3 994/994/3 
f 994/994/3 1241/1241/3 1242/1242/3 993/993/3 
f 993/993/3 1242/1242/3 1243/1243/3 992/992/3 
f 139/139/1 1459/1459/1 1477/1477/1 141/141/1 
f 1459/1459/1 1458/1458/1 1476/1476/1 1477/1477/1 
f 1458/1458/1 1457/1457/1 1475/1475/1 1476/1476/1 
f 1457/1457/1 1456/1456/1 1474/1474/1 1475/1475/1 
f 1456/1456/1 1455/1455/1 1473/1473/1 1474/1474/1 
f 1455/1455/1 1454/1454/1 1472/1472/1 1473/1473/1 
f 1454/1454/1 1453/1453/1 1471/1471/1 1472/1472/1 
f 1453/1453/1 1452/1452/1 1470/1470/1 1471/1471/1 
f 1452/1452/1 1451/1451/1 1469/1469/1 1470/1470/1 
f 1451/1451/1 1450/1450/1 1468/1468/1 1469/1469/1 
f 1450/1450/1 1449/1449/1 1467/1467/1 1468/1468/1 
f 1449/1449/1 1448/1448/1 1466/1466/1 1467/1467/1 
f 1448/1448/1 1447/1447/1 1465/1465/1 1466/1466/1 
f 1447/1447/1 1446/1446/1 1464/1464/1 1465/1465/1 
f 1446/1446/1 1445/1445/1 1463/1463/1 1464/1464/1 
f 1445/1445/1 1444/1444/1 1462/1462/1 1463/1463/1 
f 1444/1444/1 1443/1443/1 1461/1461/1 1462/1462/1 
f 1443/1443/1 1442/1442/1 1460/1460/1 1461/1461/1 
f 137/137/3 1441/1441/3 1459/1459/3 139/139/3 
f 1441/1441/3 1440/1440/3 1458/1458/3 1459/1459/3 
f 1440/1440/3 1439/1439/3 1457/1457/3 1458/1458/3 
f 1439/1439/3 1438/1438/3 1456/1456/3 1457/1457/3 
f 1438/1438/3 1437/1437/3 1455/1455/3 1456/1456/3 
f 1437/1437/3 1436/1436/3 1454/1454/3 1455/1455/3 
f 1436/1436/3 1435/1435/3 1453/1453/3 1454/1454/3 
f 1435/1435/3 1434/1434/3 1452/1452/3 1453/1453/3 
f 1434/1434/3 1433/1433/3 1451/1451/3 1452/1452/3 
f 1433/1433/3 1432/1432/3 1450/1450/3 1451/1451/3 
f 1432/1432/3 1431/1431/3 1449/1449/3 1450/1450/3 
f 1431/1431/3 1430/1430/3 1448/1448/3 1449/1449/3 
f 1430/1430/3 1429/1429/3 1447/1447/3 1448/1448/3 
f 1429/1429/3 1428/1428/3 1446/1446/3 1447/1447/3 
f 1428/1428/3 1427/1427/3 1445/1445/3 1446/1446/3 
f 1427/1427/3 1426/1426/3 1444/1444/3 1445/1445/3 
f 1426/1426/3 1425/1425/3 1443/1443/3 1444/1444/3 
f 1425/1425/3 1424/1424/3 1442/1442/3 1443/1443/3 
f 135/135/1 1423/1423/1 1441/1441/1 137/137/1 
f 1423/1423/1 1422/1422/1 1440/1440/1 1441/1441/1 
f 1422/1422/1 1421/1421/1 1439/1439/1 1440/1440/1 
f 1421/1421/1 1420/1420/1 1438/1438/1 1439/1439/1 
f 1420/1420/1 1419/1419/1 1437/1437/1 1438/1438/1 
f 1419/1419/1 1418/1418/1 1436/1436/1 1437/1437/1 
f 1418/1418/1 1417/1417/1 1435/1435/1 1436/1436/1 
f 1417/1417/1 1416/1416/1 1434/1434/1 1435/1435/1 
f 1416/1416/1 1415/1415/1 1433/1433/1 1434/1434/1 
f 1415/1415/1 1414/1414/1 1432/1432/1 1433/1433/1 
f 1414/1414/1 1413/1413/1 1431/1431/1 1432/1432/1 
f 1413/1413/1 1412/1412/1 1430/1430/1 1431/1431/1 
f 1412/1412/1 1411/1411/1 1429/1429/1 1430/1430/1 
f 1411/1411/1 1410/1410/1 1428/1428/1 1429/1429/1 
f 1410/1410/1 1409/1409/1 1427/1427/1 1428/1428/1 
f 1409/1409/1 1408/1408/1 1426/1426/1 1427/1427/1 
f 1408/1408/1 1407/1407/1 1425/1425/1 1426/1426/1 
f 1407/1407/1 1406/1406/1 1424/1424/1 1425/1425/1 
f 133/133/44 1405/1405/44 1423/1423/44 135/135/44 
f 1405/1405/44 1404/1404/44 1422/1422/44 1423/1423/44 
f 1404/1404/44 1403/1403/44 1421/1421/44 1422/1422/44 
f 1403/1403/44 1402/1402/44 1420/1420/44 1421/1421/44 
f 1402/1402/44 1401/1401/44 1419/1419/44 1420/1420/44 
f 1401/1401/44 1400/1400/44 1418/1418/44 1419/1419/44 
f 1400/1400/44 1399/1399/44 1417/1417/44 1418/1418/44 
f 1399/1399/44 1398/1398/44 1416/1416/44 1417/1417/44 
f 1398/1398/44 1397/1397/44 1415/1415/44 1416/1416/44 
f 1397/1397/44 1396/1396/44 1414/1414/44 1415/1415/44 
f 1396/1396/44 1395/1395/44 1413/1413/44 1414/1414/44 
f 1395/1395/44 1394/1394/44 1412/1412/44 1413/1413/44 
f 1394/1394/44 1393/1393/44 1411/1411/44 1412/1412/44 
f 1393/1393/44 1392/1392/44 1410/1410/44 1411/1411/44 
f 1392/1392/44 1391/1391/44 1409/1409/44 1410/1410/44 
f 1391/1391/44 1390/1390/44 1408/1408/44 1409/1409/44 
f 1390/1390/44 1389/1389/44 1407/1407/44 1408/1408/44 
f 1389/1389/44 1388/1388/44 1406/1406/44 1407/1407/44 
f 131/131/41 1387/1387/41 1405/1405/363 133/133/363 
f 1387/1387/41 1386/1386/41 1404/1404/363 1405/1405/363 
f 1386/1386/41 1385/1385/41 1403/1403/363 1404/1404/363 
f 1385/1385/41 1384/1384/41 1402/1402/363 1403/1403/363 
f 1384/1384/41 1383/1383/41 1401/1401/363 1402/1402/363 
f 1383/1383/41 1382/1382/41 1400/1400/363 1401/1401/363 
f 1382/1382/41 1381/1381/41 1399/1399/363 1400/1400/363 
f 1381/1381/41 1380/1380/41 1398/1398/363 1399/1399/363 
f 1380/1380/41 1379/1379/41 1397/1397/363 1398/1398/363 
f 1379/1379/41 1378/1378/41 1396/1396/363 1397/1397/363 
f 1378/1378/41 1377/1377/41 1395/1395/363 1396/1396/363 
f 1377/1377/41 1376/1376/41 1394/1394/43 1395/1395/363 
f 1376/1376/41 1375/1375/41 1393/1393/91 1394/1394/43 
f 1375/1375/41 1374/1374/41 1392/1392/91 1393/1393/91 
f 1374/1374/41 1373/1373/41 1391/1391/91 1392/1392/91 
f 1373/1373/41 1372/1372/41 1390/1390/91 1391/1391/91 
f 1372/1372/41 1371/1371/41 1389/1389/91 1390/1390/91 
f 1371/1371/41 1370/1370/41 1388/1388/91 1389/1389/91 
f 129/129/39 1369/1369/39 1387/1387/41 131/131/41 
f 1369/1369/39 1368/1368/39 1386/1386/41 1387/1387/41 
f 1368/1368/39 1367/1367/39 1385/1385/41 1386/1386/41 
f 1367/1367/39 1366/1366/39 1384/1384/41 1385/1385/41 
f 1366/1366/39 1365/1365/39 1383/1383/41 1384/1384/41 
f 1365/1365/39 1364/1364/39 1382/1382/41 1383/1383/41 
f 1364/1364/39 1363/1363/39 1381/1381/41 1382/1382/41 
f 1363/1363/39 1362/1362/39 1380/1380/41 1381/1381/41 
f 1362/1362/39 1361/1361/39 1379/1379/41 1380/1380/41 
f 1361/1361/39 1360/1360/39 1378/1378/41 1379/1379/41 
f 1360/1360/39 1359/1359/39 1377/1377/41 1378/1378/41 
f 1359/1359/39 1358/1358/39 1376/1376/41 1377/1377/41 
f 1358/1358/39 1357/1357/90 1375/1375/41 1376/1376/41 
f 1357/1357/90 1356/1356/90 1374/1374/41 1375/1375/41 
f 1356/1356/90 1355/1355/90 1373/1373/41 1374/1374/41 
f 1355/1355/90 1354/1354/90 1372/1372/41 1373/1373/41 
f 1354/1354/90 1353/1353/90 1371/1371/41 1372/1372/41 
f 1353/1353/90 1352/1352/90 1370/1370/41 1371/1371/41 
f 127/127/37 1351/1351/37 1369/1369/39 129/129/39 
f 1351/1351/37 1350/1350/37 1368/1368/39 1369/1369/39 
f 1350/1350/37 1349/1349/37 1367/1367/39 1368/1368/39 
f 1349/1349/37 1348/1348/37 1366/1366/39 1367/1367/39 
f 1348/1348/37 1347/1347/37 1365/1365/39 1366/1366/39 
f 1347/1347/37 1346/1346/37 1364/1364/39 1365/1365/39 
f 1346/1346/37 1345/1345/37 1363/1363/39 1364/1364/39 
f 1345/1345/37 1344/1344/37 1362/1362/39 1363/1363/39 
f 1344/1344/37 1343/1343/37 1361/1361/39 1362/1362/39 
f 1343/1343/37 1342/1342/37 1360/1360/39 1361/1361/39 
f 1342/1342/37 1341/1341/37 1359/1359/39 1360/1360/39 
f 1341/1341/37 1340/1340/37 1358/1358/39 1359/1359/39 
f 1340/1340/37 1339/1339/37 1357/1357/90 1358/1358/39 
f 1339/1339/37 1338/1338/37 1356/1356/90 1357/1357/90 
f 1338/1338/37 1337/1337/37 1355/1355/90 1356/1356/90 
f 1337/1337/37 1336/1336/37 1354/1354/90 1355/1355/90 
f 1336/1336/37 1335/1335/37 1353/1353/90 1354/1354/90 
f 1335/1335/37 1334/1334/37 1352/1352/90 1353/1353/90 
f 125/125/364 1333/1333/364 1351/1351/364 127/127/364 
f 1333/1333/364 1332/1332/364 1350/1350/364 1351/1351/364 
f 1332/1332/364 1331/1331/364 1349/1349/364 1350/1350/364 
f 1331/1331/364 1330/1330/364 1348/1348/364 1349/1349/364 
f 1330/1330/364 1329/1329/364 1347/1347/364 1348/1348/364 
f 1329/1329/364 1328/1328/364 1346/1346/364 1347/1347/364 
f 1328/1328/364 1327/1327/35 1345/1345/35 1346/1346/364 
f 1327/1327/35 1326/1326/35 1344/1344/35 1345/1345/35 
f 1326/1326/35 1325/1325/35 1343/1343/35 1344/1344/35 
f 1325/1325/35 1324/1324/35 1342/1342/35 1343/1343/35 
f 1324/1324/35 1323/1323/35 1341/1341/35 1342/1342/35 
f 1323/1323/35 1322/1322/35 1340/1340/35 1341/1341/35 
f 1322/1322/35 1321/1321/35 1339/1339/35 1340/1340/35 
f 1321/1321/35 1320/1320/35 1338/1338/35 1339/1339/35 
f 1320/1320/35 1319/1319/35 1337/1337/35 1338/1338/35 
f 1319/1319/35 1318/1318/35 1336/1336/35 1337/1337/35 
f 1318/1318/35 1317/1317/35 1335/1335/35 1336/1336/35 
f 1317/1317/35 1316/1316/35 1334/1334/35 1335/1335/35 
f 123/123/1 1315/1315/1 1333/1333/1 125/125/1 
f 1315/1315/1 1314/1314/1 1332/1332/1 1333/1333/1 
f 1314/1314/1 1313/1313/1 1331/1331/1 1332/1332/1 
f 1313/1313/1 1312/1312/1 1330/1330/1 1331/1331/1 
f 1312/1312/1 1311/1311/1 1329/1329/1 1330/1330/1 
f 1311/1311/1 1310/1310/1 1328/1328/1 1329/1329/1 
f 1310/1310/1 1309/1309/1 1327/1327/1 1328/1328/1 
f 1309/1309/1 1308/1308/1 1326/1326/1 1327/1327/1 
f 1308/1308/1 1307/1307/1 1325/1325/1 1326/1326/1 
f 1307/1307/1 1306/1306/1 1324/1324/1 1325/1325/1 
f 1306/1306/1 1305/1305/1 1323/1323/1 1324/1324/1 
f 1305/1305/1 1304/1304/1 1322/1322/1 1323/1323/1 
f 1304/1304/1 1303/1303/1 1321/1321/1 1322/1322/1 
f 1303/1303/1 1302/1302/1 1320/1320/1 1321/1321/1 
f 1302/1302/1 1301/1301/1 1319/1319/1 1320/1320/1 
f 1301/1301/1 1300/1300/1 1318/1318/1 1319/1319/1 
f 1300/1300/1 1299/1299/1 1317/1317/1 1318/1318/1 
f 1299/1299/1 1298/1298/1 1316/1316/1 1317/1317/1 
f 121/121/365 1297/1297/365 1315/1315/365 123/123/365 
f 1297/1297/365 1296/1296/365 1314/1314/365 1315/1315/365 
f 1296/1296/365 1295/1295/365 1313/1313/365 1314/1314/365 
f 1295/1295/365 1294/1294/365 1312/1312/365 1313/1313/365 
f 1294/1294/365 1293/1293/365 1311/1311/365 1312/1312/365 
f 1293/1293/365 1292/1292/365 1310/1310/365 1311/1311/365 
f 1292/1292/365 1291/1291/365 1309/1309/365 1310/1310/365 
f 1291/1291/365 1290/1290/365 1308/1308/365 1309/1309/365 
f 1290/1290/365 1289/1289/365 1307/1307/365 1308/1308/365 
f 1289/1289/365 1288/1288/365 1306/1306/365 1307/1307/365 
f 1288/1288/365 1287/1287/365 1305/1305/365 1306/1306/365 
f 1287/1287/365 1286/1286/365 1304/1304/365 1305/1305/365 
f 1286/1286/365 1285/1285/365 1303/1303/365 1304/1304/365 
f 1285/1285/365 1284/1284/365 1302/1302/365 1303/1303/365 
f 1284/1284/365 1283/1283/366 1301/1301/366 1302/1302/365 
f 1283/1283/366 1282/1282/366 1300/1300/366 1301/1301/366 
f 1282/1282/366 1281/1281/32 1299/1299/32 1300/1300/366 
f 1281/1281/32 1280/1280/32 1298/1298/32 1299/1299/32 
f 117/117/30 1279/1279/30 1297/1297/30 121/121/30 
f 1279/1279/30 1278/1278/30 1296/1296/30 1297/1297/30 
f 1278/1278/30 1277/1277/30 1295/1295/30 1296/1296/30 
f 1277/1277/30 1276/1276/30 1294/1294/30 1295/1295/30 
f 1276/1276/30 1275/1275/30 1293/1293/30 1294/1294/30 
f 1275/1275/30 1274/1274/30 1292/1292/30 1293/1293/30 
f 1274/1274/30 1273/1273/30 1291/1291/30 1292/1292/30 
f 1273/1273/30 1272/1272/30 1290/1290/30 1291/1291/30 
f 1272/1272/30 1271/1271/30 1289/1289/30 1290/1290/30 
f 1271/1271/30 1270/1270/30 1288/1288/30 1289/1289/30 
f 1270/1270/30 1269/1269/30 1287/1287/30 1288/1288/30 
f 1269/1269/30 1268/1268/30 1286/1286/30 1287/1287/30 
f 1268/1268/30 1267/1267/30 1285/1285/30 1286/1286/30 
f 1267/1267/30 1266/1266/30 1284/1284/30 1285/1285/30 
f 1266/1266/30 1265/1265/30 1283/1283/30 1284/1284/30 
f 1265/1265/30 1264/1264/30 1282/1282/30 1283/1283/30 
f 1264/1264/30 1263/1263/30 1281/1281/30 1282/1282/30 
f 1263/1263/30 1262/1262/30 1280/1280/30 1281/1281/30 
f 118/118/3 1244/1244/3 1279/1279/3 117/117/3 
f 1244/1244/3 1245/1245/3 1278/1278/3 1279/1279/3 
f 1245/1245/3 1246/1246/3 1277/1277/3 1278/1278/3 
f 1246/1246/3 1247/1247/3 1276/1276/3 1277/1277/3 
f 1247/1247/3 1248/1248/3 1275/1275/3 1276/1276/3 
f 1248/1248/3 1249/1249/3 1274/1274/3 1275/1275/3 
f 1249/1249/3 1250/1250/3 1273/1273/3 1274/1274/3 
f 1250/1250/3 1251/1251/3 1272/1272/3 1273/1273/3 
f 1251/1251/3 1252/1252/3 1271/1271/3 1272/1272/3 
f 1252/1252/3 1253/1253/3 1270/1270/3 1271/1271/3 
f 1253/1253/3 1254/1254/3 1269/1269/3 1270/1270/3 
f 1254/1254/3 1255/1255/3 1268/1268/3 1269/1269/3 
f 1255/1255/3 1256/1256/3 1267/1267/3 1268/1268/3 
f 1256/1256/3 1257/1257/3 1266/1266/3 1267/1267/3 
f 1257/1257/3 1258/1258/3 1265/1265/3 1266/1266/3 
f 1258/1258/3 1259/1259/3 1264/1264/3 1265/1265/3 
f 1259/1259/3 1260/1260/3 1263/1263/3 1264/1264/3 
f 1260/1260/3 1261/1261/3 1262/1262/3 1263/1263/3 
f 113/113/3 115/115/3 1243/1243/3 1225/1225/3 
f 1225/1225/3 1243/1243/3 1242/1242/3 1224/1224/3 
f 1224/1224/3 1242/1242/3 1241/1241/3 1223/1223/3 
f 1223/1223/3 1241/1241/3 1240/1240/3 1222/1222/3 
f 1222/1222/3 1240/1240/3 1239/1239/3 1221/1221/3 
f 1221/1221/3 1239/1239/3 1238/1238/3 1220/1220/3 
f 1220/1220/3 1238/1238/3 1237/1237/3 1219/1219/3 
f 1219/1219/3 1237/1237/3 1236/1236/3 1218/1218/3 
f 1218/1218/3 1236/1236/3 1235/1235/3 1217/1217/3 
f 1217/1217/3 1235/1235/3 1234/1234/3 1216/1216/3 
f 1216/1216/3 1234/1234/3 1233/1233/3 1215/1215/3 
f 1215/1215/3 1233/1233/3 1232/1232/3 1214/1214/3 
f 1214/1214/3 1232/1232/3 1231/1231/3 1213/1213/3 
f 1213/1213/3 1231/1231/3 1230/1230/3 1212/1212/3 
f 1212/1212/3 1230/1230/3 1229/1229/3 1211/1211/3 
f 1211/1211/3 1229/1229/3 1228/1228/3 1210/1210/3 
f 1210/1210/3 1228/1228/3 1227/1227/3 1209/1209/3 
f 1209/1209/3 1227/1227/3 1226/1226/3 1208/1208/3 
f 111/111/81 113/113/81 1225/1225/81 1207/1207/81 
f 1207/1207/81 1225/1225/81 1224/1224/81 1206/1206/81 
f 1206/1206/81 1224/1224/81 1223/1223/81 1205/1205/81 
f 1205/1205/81 1223/1223/81 1222/1222/81 1204/1204/81 
f 1204/1204/81 1222/1222/81 1221/1221/81 1203/1203/81 
f 1203/1203/81 1221/1221/81 1220/1220/81 1202/1202/81 
f 1202/1202/81 1220/1220/81 1219/1219/81 1201/1201/81 
f 1201/1201/81 1219/1219/81 1218/1218/81 1200/1200/81 
f 1200/1200/81 1218/1218/81 1217/1217/81 1199/1199/81 
f 1199/1199/81 1217/1217/81 1216/1216/81 1198/1198/81 
f 1198/1198/81 1216/1216/81 1215/1215/81 1197/1197/81 
f 1197/1197/81 1215/1215/81 1214/1214/81 1196/1196/81 
f 1196/1196/81 1214/1214/81 1213/1213/81 1195/1195/81 
f 1195/1195/81 1213/1213/81 1212/1212/81 1194/1194/81 
f 1194/1194/81 1212/1212/81 1211/1211/81 1193/1193/81 
f 1193/1193/81 1211/1211/81 1210/1210/81 1192/1192/81 
f 1192/1192/81 1210/1210/81 1209/1209/81 1191/1191/81 
f 1191/1191/81 1209/1209/81 1208/1208/81 1190/1190/81 
f 109/109/3 111/111/3 1207/1207/3 1189/1189/3 
f 1189/1189/3 1207/1207/3 1206/1206/3 1188/1188/3 
f 1188/1188/3 1206/1206/3 1205/1205/3 1187/1187/3 
f 1187/1187/3 1205/1205/3 1204/1204/3 1186/1186/3 
f 1186/1186/3 1204/1204/3 1203/1203/3 1185/1185/3 
f 1185/1185/3 1203/1203/3 1202/1202/3 1184/1184/3 
f 1184/1184/3 1202/1202/3 1201/1201/3 1183/1183/3 
f 1183/1183/3 1201/1201/3 1200/1200/3 1182/1182/3 
f 1182/1182/3 1200/1200/3 1199/1199/3 1181/1181/3 
f 1181/1181/3 1199/1199/3 1198/1198/3 1180/1180/3 
f 1180/1180/3 1198/1198/3 1197/1197/3 1179/1179/3 
f 1179/1179/3 1197/1197/3 1196/1196/3 1178/1178/3 
f 1178/1178/3 1196/1196/3 1195/1195/3 1177/1177/3 
f 1177/1177/3 1195/1195/3 1194/1194/3 1176/1176/3 
f 1176/1176/3 1194/1194/3 1193/1193/3 1175/1175/3 
f 1175/1175/3 1193/1193/3 1192/1192/3 1174/1174/3 
f 1174/1174/3 1192/1192/3 1191/1191/3 1173/1173/3 
f 1173/1173/3 1191/1191/3 1190/1190/3 1172/1172/3 
f 107/107/89 109/109/89 1189/1189/89 1171/1171/89 
f 1171/1171/89 1189/1189/89 1188/1188/89 1170/1170/89 
f 1170/1170/89 1188/1188/89 1187/1187/89 1169/1169/89 
f 1169/1169/89 1187/1187/89 1186/1186/89 1168/1168/89 
f 1168/1168/89 1186/1186/89 1185/1185/89 1167/1167/89 
f 1167/1167/89 1185/1185/89 1184/1184/89 1166/1166/89 
f 1166/1166/89 1184/1184/89 1183/1183/89 1165/1165/89 
f 1165/1165/89 1183/1183/89 1182/1182/89 1164/1164/89 
f 1164/1164/89 1182/1182/89 1181/1181/89 1163/1163/89 
f 1163/1163/89 1181/1181/89 1180/1180/89 1162/1162/89 
f 1162/1162/89 1180/1180/89 1179/1179/89 1161/1161/89 
f 1161/1161/89 1179/1179/89 1178/1178/89 1160/1160/89 
f 1160/1160/89 1178/1178/89 1177/1177/89 1159/1159/89 
f 1159/1159/89 1177/1177/89 1176/1176/89 1158/1158/89 
f 1158/1158/89 1176/1176/89 1175/1175/89 1157/1157/89 
f 1157/1157/89 1175/1175/89 1174/1174/89 1156/1156/89 
f 1156/1156/89 1174/1174/89 1173/1173/89 1155/1155/89 
f 1155/1155/89 1173/1173/89 1172/1172/89 1154/1154/89 
f 105/105/87 107/107/88 1171/1171/88 1153/1153/87 
f 1153/1153/87 1171/1171/88 1170/1170/88 1152/1152/87 
f 1152/1152/87 1170/1170/88 1169/1169/88 1151/1151/87 
f 1151/1151/87 1169/1169/88 1168/1168/88 1150/1150/87 
f 1150/1150/87 1168/1168/88 1167/1167/88 1149/1149/87 
f 1149/1149/87 1167/1167/88 1166/1166/88 1148/1148/87 
f 1148/1148/87 1166/1166/88 1165/1165/88 1147/1147/87 
f 1147/1147/87 1165/1165/88 1164/1164/88 1146/1146/87 
f 1146/1146/87 1164/1164/88 1163/1163/88 1145/1145/87 
f 1145/1145/87 1163/1163/88 1162/1162/88 1144/1144/87 
f 1144/1144/87 1162/1162/88 1161/1161/88 1143/1143/87 
f 1143/1143/87 1161/1161/88 1160/1160/88 1142/1142/87 
f 1142/1142/87 1160/1160/88 1159/1159/88 1141/1141/87 
f 1141/1141/87 1159/1159/88 1158/1158/88 1140/1140/87 
f 1140/1140/87 1158/1158/88 1157/1157/88 1139/1139/87 
f 1139/1139/87 1157/1157/88 1156/1156/88 1138/1138/87 
f 1138/1138/87 1156/1156/88 1155/1155/88 1137/1137/87 
f 1137/1137/87 1155/1155/88 1154/1154/88 1136/1136/87 
f 103/103/86 105/105/87 1153/1153/87 1135/1135/86 
f 1135/1135/86 1153/1153/87 1152/1152/87 1134/1134/86 
f 1134/1134/86 1152/1152/87 1151/1151/87 1133/1133/86 
f 1133/1133/86 1151/1151/87 1150/1150/87 1132/1132/86 
f 1132/1132/86 1150/1150/87 1149/1149/87 1131/1131/86 
f 1131/1131/86 1149/1149/87 1148/1148/87 1130/1130/86 
f 1130/1130/86 1148/1148/87 1147/1147/87 1129/1129/86 
f 1129/1129/86 1147/1147/87 1146/1146/87 1128/1128/86 
f 1128/1128/86 1146/1146/87 1145/1145/87 1127/1127/86 
f 1127/1127/86 1145/1145/87 1144/1144/87 1126/1126/86 
f 1126/1126/86 1144/1144/87 1143/1143/87 1125/1125/86 
f 1125/1125/86 1143/1143/87 1142/1142/87 1124/1124/86 
f 1124/1124/86 1142/1142/87 1141/1141/87 1123/1123/86 
f 1123/1123/86 1141/1141/87 1140/1140/87 1122/1122/86 
f 1122/1122/86 1140/1140/87 1139/1139/87 1121/1121/86 
f 1121/1121/86 1139/1139/87 1138/1138/87 1120/1120/86 
f 1120/1120/86 1138/1138/87 1137/1137/87 1119/1119/86 
f 1119/1119/86 1137/1137/87 1136/1136/87 1118/1118/86 
f 101/101/85 103/103/86 1135/1135/86 1117/1117/85 
f 1117/1117/85 1135/1135/86 1134/1134/86 1116/1116/85 
f 1116/1116/85 1134/1134/86 1133/1133/86 1115/1115/85 
f 1115/1115/85 1133/1133/86 1132/1132/86 1114/1114/85 
f 1114/1114/85 1132/1132/86 1131/1131/86 1113/1113/85 
f 1113/1113/85 1131/1131/86 1130/1130/86 1112/1112/85 
f 1112/1112/85 1130/1130/86 1129/1129/86 1111/1111/85 
f 1111/1111/85 1129/1129/86 1128/1128/86 1110/1110/85 
f 1110/1110/85 1128/1128/86 1127/1127/86 1109/1109/85 
f 1109/1109/85 1127/1127/86 1126/1126/86 1108/1108/85 
f 1108/1108/85 1126/1126/86 1125/1125/86 1107/1107/85 
f 1107/1107/85 1125/1125/86 1124/1124/86 1106/1106/85 
f 1106/1106/85 1124/1124/86 1123/1123/86 1105/1105/85 
f 1105/1105/85 1123/1123/86 1122/1122/86 1104/1104/85 
f 1104/1104/85 1122/1122/86 1121/1121/86 1103/1103/85 
f 1103/1103/85 1121/1121/86 1120/1120/86 1102/1102/85 
f 1102/1102/85 1120/1120/86 1119/1119/86 1101/1101/85 
f 1101/1101/85 1119/1119/86 1118/1118/86 1100/1100/85 
f 99/99/84 101/101/84 1117/1117/84 1099/1099/84 
f 1099/1099/84 1117/1117/84 1116/1116/84 1098/1098/84 
f 1098/1098/84 1116/1116/84 1115/1115/84 1097/1097/84 
f 1097/1097/84 1115/1115/84 1114/1114/84 1096/1096/84 
f 1096/1096/84 1114/1114/84 1113/1113/84 1095/1095/84 
f 1095/1095/84 1113/1113/84 1112/1112/84 1094/1094/84 
f 1094/1094/84 1112/1112/84 1111/1111/84 1093/1093/84 
f 1093/1093/84 1111/1111/84 1110/1110/84 1092/1092/84 
f 1092/1092/84 1110/1110/84 1109/1109/84 1091/1091/84 
f 1091/1091/84 1109/1109/84 1108/1108/84 1090/1090/84 
f 1090/1090/84 1108/1108/84 1107/1107/84 1089/1089/84 
f 1089/1089/84 1107/1107/84 1106/1106/84 1088/1088/84 
f 1088/1088/84 1106/1106/84 1105/1105/84 1087/1087/84 
f 1087/1087/84 1105/1105/84 1104/1104/84 1086/1086/84 
f 1086/1086/84 1104/1104/84 1103/1103/84 1085/1085/84 
f 1085/1085/84 1103/1103/84 1102/1102/84 1084/1084/84 
f 1084/1084/84 1102/1102/84 1101/1101/84 1083/1083/84 
f 1083/1083/84 1101/1101/84 1100/1100/84 1082/1082/84 
f 97/97/3 99/99/3 1099/1099/3 1081/1081/3 
f 1081/1081/3 1099/1099/3 1098/1098/3 1080/1080/3 
f 1080/1080/3 1098/1098/3 1097/1097/3 1079/1079/3 
f 1079/1079/3 1097/1097/3 1096/1096/3 1078/1078/3 
f 1078/1078/3 1096/1096/3 1095/1095/3 1077/1077/3 
f 1077/1077/3 1095/1095/3 1094/1094/3 1076/1076/3 
f 1076/1076/3 1094/1094/3 1093/1093/3 1075/1075/3 
f 1075/1075/3 1093/1093/3 1092/1092/3 1074/1074/3 
f 1074/1074/3 1092/1092/3 1091/1091/3 1073/1073/3 
f 1073/1073/3 1091/1091/3 1090/1090/3 1072/1072/3 
f 1072/1072/3 1090/1090/3 1089/1089/3 1071/1071/3 
f 1071/1071/3 1089/1089/3 1088/1088/3 1070/1070/3 
f 1070/1070/3 1088/1088/3 1087/1087/3 1069/1069/3 
f 1069/1069/3 1087/1087/3 1086/1086/3 1068/1068/3 
f 1068/1068/3 1086/1086/3 1085/1085/3 1067/1067/3 
f 1067/1067/3 1085/1085/3 1084/1084/3 1066/1066/3 
f 1066/1066/3 1084/1084/3 1083/1083/3 1065/1065/3 
f 1065/1065/3 1083/1083/3 1082/1082/3 1064/1064/3 
f 95/95/83 97/97/83 1081/1081/83 1063/1063/83 
f 1063/1063/83 1081/1081/83 1080/1080/83 1062/1062/83 
f 1062/1062/83 1080/1080/83 1079/1079/83 1061/1061/83 
f 1061/1061/83 1079/1079/83 1078/1078/83 1060/1060/83 
f 1060/1060/83 1078/1078/83 1077/1077/83 1059/1059/83 
f 1059/1059/83 1077/1077/83 1076/1076/83 1058/1058/83 
f 1058/1058/83 1076/1076/83 1075/1075/83 1057/1057/83 
f 1057/1057/83 1075/1075/83 1074/1074/83 1056/1056/83 
f 1056/1056/83 1074/1074/83 1073/1073/83 1055/1055/83 
f 1055/1055/83 1073/1073/83 1072/1072/83 1054/1054/83 
f 1054/1054/83 1072/1072/83 1071/1071/83 1053/1053/83 
f 1053/1053/83 1071/1071/83 1070/1070/83 1052/1052/83 
f 1052/1052/83 1070/1070/83 1069/1069/83 1051/1051/83 
f 1051/1051/83 1069/1069/83 1068/1068/83 1050/1050/83 
f 1050/1050/83 1068/1068/83 1067/1067/83 1049/1049/83 
f 1049/1049/83 1067/1067/83 1066/1066/83 1048/1048/83 
f 1048/1048/83 1066/1066/83 1065/1065/83 1047/1047/83 
f 1047/1047/83 1065/1065/83 1064/1064/83 1046/1046/83 
f 91/91/82 95/95/82 1063/1063/82 1045/1045/82 
f 1045/1045/82 1063/1063/82 1062/1062/82 1044/1044/82 
f 1044/1044/82 1062/1062/82 1061/1061/82 1043/1043/82 
f 1043/1043/82 1061/1061/82 1060/1060/82 1042/1042/82 
f 1042/1042/82 1060/1060/82 1059/1059/82 1041/1041/82 
f 1041/1041/82 1059/1059/82 1058/1058/82 1040/1040/82 
f 1040/1040/82 1058/1058/82 1057/1057/82 1039/1039/82 
f 1039/1039/82 1057/1057/82 1056/1056/82 1038/1038/82 
f 1038/1038/82 1056/1056/82 1055/1055/82 1037/1037/82 
f 1037/1037/82 1055/1055/82 1054/1054/82 1036/1036/82 
f 1036/1036/82 1054/1054/82 1053/1053/82 1035/1035/82 
f 1035/1035/82 1053/1053/82 1052/1052/82 1034/1034/82 
f 1034/1034/82 1052/1052/82 1051/1051/82 1033/1033/82 
f 1033/1033/82 1051/1051/82 1050/1050/82 1032/1032/82 
f 1032/1032/82 1050/1050/82 1049/1049/82 1031/1031/82 
f 1031/1031/82 1049/1049/82 1048/1048/82 1030/1030/82 
f 1030/1030/82 1048/1048/82 1047/1047/82 1029/1029/82 
f 1029/1029/82 1047/1047/82 1046/1046/82 1028/1028/82 
f 92/92/81 91/91/81 1045/1045/81 1010/1010/81 
f 1010/1010/81 1045/1045/81 1044/1044/81 1011/1011/81 
f 1011/1011/81 1044/1044/81 1043/1043/81 1012/1012/81 
f 1012/1012/81 1043/1043/81 1042/1042/81 1013/1013/81 
f 1013/1013/81 1042/1042/81 1041/1041/81 1014/1014/81 
f 1014/1014/81 1041/1041/81 1040/1040/81 1015/1015/81 
f 1015/1015/81 1040/1040/81 1039/1039/81 1016/1016/81 
f 1016/1016/81 1039/1039/81 1038/1038/81 1017/1017/81 
f 1017/1017/81 1038/1038/81 1037/1037/81 1018/1018/81 
f 1018/1018/81 1037/1037/81 1036/1036/81 1019/1019/81 
f 1019/1019/81 1036/1036/81 1035/1035/81 1020/1020/81 
f 1020/1020/81 1035/1035/81 1034/1034/81 1021/1021/81 
f 1021/1021/81 1034/1034/81 1033/1033/81 1022/1022/81 
f 1022/1022/81 1033/1033/81 1032/1032/81 1023/1023/81 
f 1023/1023/81 1032/1032/81 1031/1031/81 1024/1024/81 
f 1024/1024/81 1031/1031/81 1030/1030/81 1025/1025/81 
f 1025/1025/81 1030/1030/81 1029/1029/81 1026/1026/81 
f 1026/1026/81 1029/1029/81 1028/1028/81 1027/1027/81 
f 81/81/81 1496/1496/81 992/6113/81 82/82/81 
f 1496/1496/81 1497/1497/81 993/6115/81 992/6113/81 
f 1497/1497/81 1498/1498/81 994/6315/81 993/6115/81 
f 1498/1498/81 1499/1499/81 995/6363/81 994/6315/81 
f 1499/1499/81 1500/1500/81 996/6362/81 995/6363/81 
f 1500/1500/81 1501/1501/81 997/6125/81 996/6362/81 
f 1501/1501/81 1502/1502/81 998/6361/81 997/6125/81 
f 1502/1502/81 1503/1503/81 999/6360/81 998/6361/81 
f 1503/1503/81 1504/1504/81 1000/6312/81 999/6360/81 
f 1504/1504/81 1505/1505/81 1001/6359/81 1000/6312/81 
f 1505/1505/81 1506/1506/81 1002/6155/81 1001/6359/81 
f 1506/1506/81 1507/1507/81 1003/6064/81 1002/6155/81 
f 1507/1507/81 1508/1508/81 1004/6145/81 1003/6064/81 
f 1508/1508/81 1509/1509/81 1005/6167/81 1004/6145/81 
f 1509/1509/81 1510/1510/81 1006/6163/81 1005/6167/81 
f 1510/1510/81 1511/1511/81 1007/6358/81 1006/6163/81 
f 1511/1511/81 1512/1512/81 1008/6357/81 1007/6358/81 
f 1512/1512/81 1513/1513/81 1009/1009/81 1008/6357/81 
f 89/6252/3 974/6096/3 1244/1244/3 118/118/3 
f 974/6096/3 975/6129/3 1245/1245/3 1244/1244/3 
f 975/6129/3 976/6142/3 1246/1246/3 1245/1245/3 
f 976/6142/3 977/6336/3 1247/1247/3 1246/1246/3 
f 977/6336/3 978/6337/3 1248/1248/3 1247/1247/3 
f 978/6337/3 979/6104/3 1249/1249/3 1248/1248/3 
f 979/6104/3 980/6338/3 1250/1250/3 1249/1249/3 
f 980/6338/3 981/6340/3 1251/1251/3 1250/1250/3 
f 981/6340/3 982/6308/3 1252/1252/3 1251/1251/3 
f 982/6308/3 983/6341/3 1253/1253/3 1252/1252/3 
f 983/6341/3 984/6342/3 1254/1254/3 1253/1253/3 
f 984/6342/3 985/6343/3 1255/1255/3 1254/1254/3 
f 985/6343/3 986/6344/3 1256/1256/3 1255/1255/3 
f 986/6344/3 987/6345/3 1257/1257/3 1256/1256/3 
f 987/6345/3 988/6150/3 1258/1258/3 1257/1257/3 
f 988/6150/3 989/6347/3 1259/1259/3 1258/1258/3 
f 989/6347/3 990/6348/3 1260/1260/3 1259/1259/3 
f 990/6348/3 991/991/3 1261/1261/3 1260/1260/3 
f 92/92/81 1010/1010/81 938/938/81 83/83/81 
f 1010/1010/81 1011/1011/81 939/939/81 938/938/81 
f 1011/1011/81 1012/1012/81 940/940/81 939/939/81 
f 1012/1012/81 1013/1013/81 941/941/81 940/940/81 
f 1013/1013/81 1014/1014/81 942/942/81 941/941/81 
f 1014/1014/81 1015/1015/81 943/943/81 942/942/81 
f 1015/1015/81 1016/1016/81 944/944/81 943/943/81 
f 1016/1016/81 1017/1017/81 945/945/81 944/944/81 
f 1017/1017/81 1018/1018/81 946/946/81 945/945/81 
f 1018/1018/81 1019/1019/81 947/947/81 946/946/81 
f 1019/1019/81 1020/1020/81 948/948/81 947/947/81 
f 1020/1020/81 1021/1021/81 949/949/81 948/948/81 
f 1021/1021/81 1022/1022/81 950/950/81 949/949/81 
f 1022/1022/81 1023/1023/81 951/951/81 950/950/81 
f 1023/1023/81 1024/1024/81 952/952/81 951/951/81 
f 1024/1024/81 1025/1025/81 953/953/81 952/952/81 
f 1025/1025/81 1026/1026/81 954/954/81 953/953/81 
f 1026/1026/81 1027/1027/81 955/955/81 954/954/81 
f 86/86/1 141/141/1 1477/1477/1 973/973/1 
f 973/973/1 1477/1477/1 1476/1476/1 972/972/1 
f 972/972/1 1476/1476/1 1475/1475/1 971/971/1 
f 971/971/1 1475/1475/1 1474/1474/1 970/970/1 
f 970/970/1 1474/1474/1 1473/1473/1 969/969/1 
f 969/969/1 1473/1473/1 1472/1472/1 968/968/1 
f 968/968/1 1472/1472/1 1471/1471/1 967/967/1 
f 967/967/1 1471/1471/1 1470/1470/1 966/966/1 
f 966/966/1 1470/1470/1 1469/1469/1 965/965/1 
f 965/965/1 1469/1469/1 1468/1468/1 964/964/1 
f 964/964/1 1468/1468/1 1467/1467/1 963/963/1 
f 963/963/1 1467/1467/1 1466/1466/1 962/962/1 
f 962/962/1 1466/1466/1 1465/1465/1 961/961/1 
f 961/961/1 1465/1465/1 1464/1464/1 960/960/1 
f 960/960/1 1464/1464/1 1463/1463/1 959/959/1 
f 959/959/1 1463/1463/1 1462/1462/1 958/958/1 
f 958/958/1 1462/1462/1 1461/1461/1 957/957/1 
f 957/957/1 1461/1461/1 1460/1460/1 956/956/1 
f 72/72/57 919/919/80 937/937/52 70/70/59 
f 919/919/80 918/918/80 936/936/52 937/937/52 
f 918/918/80 917/917/80 935/935/52 936/936/52 
f 917/917/80 916/916/80 934/934/52 935/935/52 
f 916/916/80 915/915/80 933/933/52 934/934/52 
f 915/915/80 914/914/80 932/932/52 933/933/52 
f 914/914/80 913/913/80 931/931/52 932/932/52 
f 913/913/80 912/912/80 930/930/52 931/931/52 
f 912/912/80 911/911/80 929/929/52 930/930/52 
f 911/911/80 910/910/80 928/928/52 929/929/52 
f 910/910/80 909/909/80 927/927/52 928/928/52 
f 909/909/80 908/908/80 926/926/52 927/927/52 
f 908/908/80 907/907/80 925/925/52 926/926/52 
f 907/907/80 906/906/80 924/924/52 925/925/52 
f 906/906/80 905/905/80 923/923/52 924/924/52 
f 905/905/80 904/904/80 922/922/52 923/923/52 
f 904/904/80 903/903/80 921/921/52 922/922/52 
f 903/903/80 902/902/80 920/920/52 921/921/52 
f 71/71/79 901/901/79 919/919/80 72/72/57 
f 901/901/79 900/900/78 918/918/80 919/919/80 
f 900/900/78 899/899/78 917/917/80 918/918/80 
f 899/899/78 898/898/78 916/916/80 917/917/80 
f 898/898/78 897/897/78 915/915/80 916/916/80 
f 897/897/78 896/896/78 914/914/80 915/915/80 
f 896/896/78 895/895/78 913/913/80 914/914/80 
f 895/895/78 894/894/78 912/912/80 913/913/80 
f 894/894/78 893/893/78 911/911/80 912/912/80 
f 893/893/78 892/892/78 910/910/80 911/911/80 
f 892/892/78 891/891/78 909/909/80 910/910/80 
f 891/891/78 890/890/78 908/908/80 909/909/80 
f 890/890/78 889/889/78 907/907/80 908/908/80 
f 889/889/78 888/888/78 906/906/80 907/907/80 
f 888/888/78 887/887/78 905/905/80 906/906/80 
f 887/887/78 886/886/78 904/904/80 905/905/80 
f 886/886/78 885/885/78 903/903/80 904/904/80 
f 885/885/78 884/884/78 902/902/80 903/903/80 
f 69/69/76 866/866/75 901/901/77 71/71/77 
f 866/866/75 867/867/75 900/900/78 901/901/77 
f 867/867/75 868/868/75 899/899/78 900/900/78 
f 868/868/75 869/869/75 898/898/78 899/899/78 
f 869/869/75 870/870/75 897/897/78 898/898/78 
f 870/870/75 871/871/75 896/896/78 897/897/78 
f 871/871/75 872/872/75 895/895/78 896/896/78 
f 872/872/75 873/873/75 894/894/78 895/895/78 
f 873/873/75 874/874/75 893/893/78 894/894/78 
f 874/874/75 875/875/75 892/892/78 893/893/78 
f 875/875/75 876/876/75 891/891/78 892/892/78 
f 876/876/75 877/877/75 890/890/78 891/891/78 
f 877/877/75 878/878/75 889/889/78 890/890/78 
f 878/878/75 879/879/75 888/888/78 889/889/78 
f 879/879/75 880/880/75 887/887/78 888/888/78 
f 880/880/75 881/881/75 886/886/78 887/887/78 
f 881/881/75 882/882/75 885/885/78 886/886/78 
f 882/882/75 883/883/75 884/884/78 885/885/78 
f 68/68/367 847/847/368 865/865/50 66/66/49 
f 847/847/368 846/846/368 864/864/50 865/865/50 
f 846/846/368 845/845/368 863/863/74 864/864/50 
f 845/845/368 844/844/72 862/862/74 863/863/74 
f 844/844/72 843/843/72 861/861/74 862/862/74 
f 843/843/72 842/842/72 860/860/74 861/861/74 
f 842/842/72 841/841/72 859/859/74 860/860/74 
f 841/841/72 840/840/72 858/858/74 859/859/74 
f 840/840/72 839/839/72 857/857/74 858/858/74 
f 839/839/72 838/838/72 856/856/74 857/857/74 
f 838/838/72 837/837/72 855/855/74 856/856/74 
f 837/837/72 836/836/72 854/854/74 855/855/74 
f 836/836/72 835/835/72 853/853/74 854/854/74 
f 835/835/72 834/834/72 852/852/74 853/853/74 
f 834/834/72 833/833/72 851/851/74 852/852/74 
f 833/833/72 832/832/72 850/850/74 851/851/74 
f 832/832/72 831/831/72 849/849/74 850/850/74 
f 831/831/72 830/830/72 848/848/74 849/849/74 
f 67/67/369 829/829/369 847/847/368 68/68/367 
f 829/829/369 828/828/71 846/846/368 847/847/368 
f 828/828/71 827/827/71 845/845/368 846/846/368 
f 827/827/71 826/826/71 844/844/71 845/845/368 
f 826/826/71 825/825/71 843/843/71 844/844/71 
f 825/825/71 824/824/71 842/842/71 843/843/71 
f 824/824/71 823/823/71 841/841/71 842/842/71 
f 823/823/71 822/822/71 840/840/71 841/841/71 
f 822/822/71 821/821/71 839/839/71 840/840/71 
f 821/821/71 820/820/71 838/838/71 839/839/71 
f 820/820/71 819/819/71 837/837/71 838/838/71 
f 819/819/71 818/818/71 836/836/71 837/837/71 
f 818/818/71 817/817/71 835/835/71 836/836/71 
f 817/817/71 816/816/71 834/834/71 835/835/71 
f 816/816/71 815/815/71 833/833/71 834/834/71 
f 815/815/71 814/814/70 832/832/71 833/833/71 
f 814/814/70 813/813/70 831/831/71 832/832/71 
f 813/813/70 812/812/70 830/830/71 831/831/71 
f 65/65/60 794/794/370 829/829/371 67/67/58 
f 794/794/370 795/795/370 828/828/371 829/829/371 
f 795/795/370 796/796/370 827/827/371 828/828/371 
f 796/796/370 797/797/370 826/826/371 827/827/371 
f 797/797/370 798/798/370 825/825/371 826/826/371 
f 798/798/370 799/799/370 824/824/371 825/825/371 
f 799/799/370 800/800/370 823/823/371 824/824/371 
f 800/800/370 801/801/370 822/822/371 823/823/371 
f 801/801/370 802/802/370 821/821/371 822/822/371 
f 802/802/370 803/803/370 820/820/371 821/821/371 
f 803/803/370 804/804/370 819/819/371 820/820/371 
f 804/804/370 805/805/370 818/818/371 819/819/371 
f 805/805/370 806/806/370 817/817/371 818/818/371 
f 806/806/370 807/807/370 816/816/371 817/817/371 
f 807/807/370 808/808/370 815/815/371 816/816/371 
f 808/808/370 809/809/370 814/814/70 815/815/371 
f 809/809/370 810/810/51 813/813/70 814/814/70 
f 810/810/51 811/811/51 812/812/70 813/813/70 
f 65/65/60 70/70/59 937/937/52 794/794/370 
f 794/794/370 937/937/52 936/936/52 795/795/370 
f 795/795/370 936/936/52 935/935/52 796/796/370 
f 796/796/370 935/935/52 934/934/52 797/797/370 
f 797/797/370 934/934/52 933/933/52 798/798/370 
f 798/798/370 933/933/52 932/932/52 799/799/370 
f 799/799/370 932/932/52 931/931/52 800/800/370 
f 800/800/370 931/931/52 930/930/52 801/801/370 
f 801/801/370 930/930/52 929/929/52 802/802/370 
f 802/802/370 929/929/52 928/928/52 803/803/370 
f 803/803/370 928/928/52 927/927/52 804/804/370 
f 804/804/370 927/927/52 926/926/52 805/805/370 
f 805/805/370 926/926/52 925/925/52 806/806/370 
f 806/806/370 925/925/52 924/924/52 807/807/370 
f 807/807/370 924/924/52 923/923/52 808/808/370 
f 808/808/370 923/923/52 922/922/52 809/809/370 
f 809/809/370 922/922/52 921/921/52 810/810/51 
f 810/810/51 921/921/52 920/920/52 811/811/51 
f 758/758/12 865/865/50 864/864/50 759/759/12 
f 759/759/12 864/864/50 863/863/74 760/760/12 
f 760/760/12 863/863/74 862/862/74 761/761/12 
f 769/769/12 854/854/74 853/853/74 770/770/12 
f 770/770/12 853/853/74 852/852/74 771/771/12 
f 771/771/12 852/852/74 851/851/74 772/772/12 
f 772/772/12 851/851/74 850/850/74 773/773/12 
f 773/773/12 850/850/74 849/849/74 774/774/12 
f 774/774/12 849/849/74 848/848/74 775/6091/12 
f 775/6091/12 848/848/74 77/6335/73 64/6092/25 
f 181/181/372 61/6098/1 758/6095/1 2076/6130/125 
f 2076/6130/125 758/6095/1 759/6301/1 2075/6074/98 
f 2075/6074/98 759/6301/1 760/6364/1 2074/6117/99 
f 2074/6117/99 760/6364/1 761/6352/1 2073/6371/102 
f 2073/6371/102 761/6352/1 762/6350/1 2072/6067/105 
f 2072/6067/105 762/6350/1 763/6353/1 2071/6081/106 
f 2071/6081/106 763/6353/1 764/6354/1 2070/2070/373 
f 2070/2070/373 764/6354/1 765/6271/1 2069/2069/374 
f 2069/2069/374 765/6271/1 766/6273/1 2068/2068/117 
f 2068/2068/117 766/6273/1 767/6276/1 2067/2067/1 
f 2067/2067/1 767/6276/1 768/6355/1 2066/2066/1 
f 2066/2066/1 768/6355/1 769/6292/1 2065/2065/1 
f 2065/2065/1 769/6292/1 770/6366/1 2064/2064/1 
f 2064/2064/1 770/6366/1 771/6367/1 2063/2063/1 
f 3545/3545/375 3546/3546/128 3553/3553/376 3549/3549/377 
f 2420/2420/378 2431/2431/379 2427/2427/380 2419/2419/381 
f 2062/2062/123 774/6234/382 775/775/1 2061/2061/1 
f 3/6075/6 289/6069/12 506/506/12 9/9/28 
f 289/6069/12 288/288/48 507/507/12 506/506/12 
f 288/288/48 287/287/383 508/508/12 507/507/12 
f 287/287/383 286/286/383 509/509/12 508/508/12 
f 286/286/383 285/285/383 510/510/12 509/509/12 
f 285/285/383 284/284/383 511/511/12 510/510/12 
f 284/284/383 283/283/383 512/512/12 511/511/12 
f 283/283/383 282/282/383 513/513/12 512/512/12 
f 282/282/383 281/281/383 514/514/12 513/513/12 
f 281/281/383 280/280/383 515/515/12 514/514/12 
f 280/280/383 279/279/383 516/516/12 515/515/12 
f 279/279/383 278/278/383 517/517/12 516/516/12 
f 278/278/383 277/277/383 518/518/12 517/517/12 
f 277/277/383 276/276/383 519/519/12 518/518/12 
f 276/276/383 275/275/383 520/520/12 519/519/12 
f 275/275/383 274/274/383 521/521/12 520/520/12 
f 274/274/383 273/273/383 522/522/48 521/521/12 
f 273/273/383 272/272/48 523/523/48 522/522/48 
f 34/34/1 739/739/1 757/757/1 23/23/1 
f 739/739/1 738/738/1 756/756/1 757/757/1 
f 738/738/1 737/737/1 755/755/1 756/756/1 
f 737/737/1 736/736/1 754/754/1 755/755/1 
f 736/736/1 735/735/1 753/753/1 754/754/1 
f 735/735/1 734/734/1 752/752/1 753/753/1 
f 734/734/1 733/733/1 751/751/1 752/752/1 
f 733/733/1 732/732/1 750/750/1 751/751/1 
f 732/732/1 731/731/1 749/749/1 750/750/1 
f 731/731/1 730/730/1 748/748/1 749/749/1 
f 730/730/1 729/729/1 747/747/1 748/748/1 
f 729/729/1 728/728/1 746/746/1 747/747/1 
f 728/728/1 727/727/1 745/745/1 746/746/1 
f 727/727/1 726/726/1 744/744/1 745/745/1 
f 726/726/1 725/725/1 743/743/1 744/744/1 
f 725/725/1 724/724/1 742/742/1 743/743/1 
f 724/724/1 723/723/1 741/741/1 742/742/1 
f 723/723/1 722/722/1 740/740/1 741/741/1 
f 33/33/3 721/721/3 739/739/3 34/34/3 
f 721/721/3 720/720/3 738/738/3 739/739/3 
f 720/720/3 719/719/3 737/737/3 738/738/3 
f 719/719/3 718/718/3 736/736/3 737/737/3 
f 718/718/3 717/717/3 735/735/3 736/736/3 
f 717/717/3 716/716/3 734/734/3 735/735/3 
f 716/716/3 715/715/3 733/733/3 734/734/3 
f 715/715/3 714/714/3 732/732/3 733/733/3 
f 714/714/3 713/713/3 731/731/3 732/732/3 
f 713/713/3 712/712/3 730/730/3 731/731/3 
f 712/712/3 711/711/3 729/729/3 730/730/3 
f 711/711/3 710/710/3 728/728/3 729/729/3 
f 710/710/3 709/709/3 727/727/3 728/728/3 
f 709/709/3 708/708/3 726/726/3 727/727/3 
f 708/708/3 707/707/3 725/725/3 726/726/3 
f 707/707/3 706/706/3 724/724/3 725/725/3 
f 706/706/3 705/705/3 723/723/3 724/724/3 
f 705/705/3 704/704/3 722/722/3 723/723/3 
f 32/32/1 703/703/1 721/721/1 33/33/1 
f 703/703/1 702/702/1 720/720/1 721/721/1 
f 702/702/1 701/701/1 719/719/1 720/720/1 
f 701/701/1 700/700/1 718/718/1 719/719/1 
f 700/700/1 699/699/1 717/717/1 718/718/1 
f 699/699/1 698/698/1 716/716/1 717/717/1 
f 698/698/1 697/697/1 715/715/1 716/716/1 
f 697/697/1 696/696/1 714/714/1 715/715/1 
f 696/696/1 695/695/1 713/713/1 714/714/1 
f 695/695/1 694/694/1 712/712/1 713/713/1 
f 694/694/1 693/693/1 711/711/1 712/712/1 
f 693/693/1 692/692/1 710/710/1 711/711/1 
f 692/692/1 691/691/1 709/709/1 710/710/1 
f 691/691/1 690/690/1 708/708/1 709/709/1 
f 690/690/1 689/689/1 707/707/1 708/708/1 
f 689/689/1 688/688/1 706/706/1 707/707/1 
f 688/688/1 687/687/1 705/705/1 706/706/1 
f 687/687/1 686/686/1 704/704/1 705/705/1 
f 31/31/44 685/685/44 703/703/44 32/32/44 
f 685/685/44 684/684/44 702/702/44 703/703/44 
f 684/684/44 683/683/44 701/701/44 702/702/44 
f 683/683/44 682/682/44 700/700/44 701/701/44 
f 682/682/44 681/681/44 699/699/44 700/700/44 
f 681/681/44 680/680/44 698/698/44 699/699/44 
f 680/680/44 679/679/44 697/697/44 698/698/44 
f 679/679/44 678/678/44 696/696/44 697/697/44 
f 678/678/44 677/677/44 695/695/44 696/696/44 
f 677/677/44 676/676/44 694/694/44 695/695/44 
f 676/676/44 675/675/44 693/693/44 694/694/44 
f 675/675/44 674/674/44 692/692/44 693/693/44 
f 674/674/44 673/673/44 691/691/44 692/692/44 
f 673/673/44 672/672/44 690/690/44 691/691/44 
f 672/672/44 671/671/44 689/689/44 690/690/44 
f 671/671/44 670/670/44 688/688/44 689/689/44 
f 670/670/44 669/669/44 687/687/44 688/688/44 
f 669/669/44 668/668/44 686/686/44 687/687/44 
f 30/30/41 667/667/41 685/685/43 31/31/43 
f 667/667/41 666/666/41 684/684/43 685/685/43 
f 666/666/41 665/665/41 683/683/43 684/684/43 
f 665/665/41 664/664/41 682/682/43 683/683/43 
f 664/664/41 663/663/41 681/681/43 682/682/43 
f 663/663/41 662/662/41 680/680/43 681/681/43 
f 662/662/41 661/661/41 679/679/43 680/680/43 
f 661/661/41 660/660/41 678/678/43 679/679/43 
f 660/660/41 659/659/41 677/677/43 678/678/43 
f 659/659/41 658/658/41 676/676/43 677/677/43 
f 658/658/41 657/657/41 675/675/43 676/676/43 
f 657/657/41 656/656/41 674/674/43 675/675/43 
f 656/656/41 655/655/41 673/673/43 674/674/43 
f 655/655/41 654/654/41 672/672/43 673/673/43 
f 654/654/41 653/653/41 671/671/43 672/672/43 
f 653/653/41 652/652/41 670/670/43 671/671/43 
f 652/652/41 651/651/41 669/669/43 670/670/43 
f 651/651/41 650/650/41 668/668/43 669/669/43 
f 29/29/39 649/649/39 667/667/41 30/30/41 
f 649/649/39 648/648/39 666/666/41 667/667/41 
f 648/648/39 647/647/39 665/665/41 666/666/41 
f 647/647/39 646/646/39 664/664/41 665/665/41 
f 646/646/39 645/645/39 663/663/41 664/664/41 
f 645/645/39 644/644/39 662/662/41 663/663/41 
f 644/644/39 643/643/39 661/661/41 662/662/41 
f 643/643/39 642/642/39 660/660/41 661/661/41 
f 642/642/39 641/641/39 659/659/41 660/660/41 
f 641/641/39 640/640/39 658/658/41 659/659/41 
f 640/640/39 639/639/39 657/657/41 658/658/41 
f 639/639/39 638/638/39 656/656/41 657/657/41 
f 638/638/39 637/637/39 655/655/41 656/656/41 
f 637/637/39 636/636/39 654/654/41 655/655/41 
f 636/636/39 635/635/39 653/653/41 654/654/41 
f 635/635/39 634/634/39 652/652/41 653/653/41 
f 634/634/39 633/633/39 651/651/41 652/652/41 
f 633/633/39 632/632/39 650/650/41 651/651/41 
f 28/28/37 631/631/37 649/649/39 29/29/39 
f 631/631/37 630/630/37 648/648/39 649/649/39 
f 630/630/37 629/629/37 647/647/39 648/648/39 
f 629/629/37 628/628/37 646/646/39 647/647/39 
f 628/628/37 627/627/37 645/645/39 646/646/39 
f 627/627/37 626/626/37 644/644/39 645/645/39 
f 626/626/37 625/625/37 643/643/39 644/644/39 
f 625/625/37 624/624/37 642/642/39 643/643/39 
f 624/624/37 623/623/37 641/641/39 642/642/39 
f 623/623/37 622/622/37 640/640/39 641/641/39 
f 622/622/37 621/621/37 639/639/39 640/640/39 
f 621/621/37 620/620/37 638/638/39 639/639/39 
f 620/620/37 619/619/37 637/637/39 638/638/39 
f 619/619/37 618/618/37 636/636/39 637/637/39 
f 618/618/37 617/617/37 635/635/39 636/636/39 
f 617/617/37 616/616/37 634/634/39 635/635/39 
f 616/616/37 615/615/37 633/633/39 634/634/39 
f 615/615/37 614/614/37 632/632/39 633/633/39 
f 27/27/35 613/613/35 631/631/35 28/28/35 
f 613/613/35 612/612/35 630/630/35 631/631/35 
f 612/612/35 611/611/35 629/629/35 630/630/35 
f 611/611/35 610/610/35 628/628/35 629/629/35 
f 610/610/35 609/609/35 627/627/35 628/628/35 
f 609/609/35 608/608/35 626/626/35 627/627/35 
f 608/608/35 607/607/35 625/625/35 626/626/35 
f 607/607/35 606/606/35 624/624/35 625/625/35 
f 606/606/35 605/605/35 623/623/35 624/624/35 
f 605/605/35 604/604/35 622/622/35 623/623/35 
f 604/604/35 603/603/35 621/621/35 622/622/35 
f 603/603/35 602/602/35 620/620/35 621/621/35 
f 602/602/35 601/601/35 619/619/35 620/620/35 
f 601/601/35 600/600/35 618/618/35 619/619/35 
f 600/600/35 599/599/35 617/617/35 618/618/35 
f 599/599/35 598/598/35 616/616/35 617/617/35 
f 598/598/35 597/597/35 615/615/35 616/616/35 
f 597/597/35 596/596/35 614/614/35 615/615/35 
f 26/26/1 595/595/1 613/613/1 27/27/1 
f 595/595/1 594/594/1 612/612/1 613/613/1 
f 594/594/1 593/593/1 611/611/1 612/612/1 
f 593/593/1 592/592/1 610/610/1 611/611/1 
f 592/592/1 591/591/1 609/609/1 610/610/1 
f 591/591/1 590/590/1 608/608/1 609/609/1 
f 590/590/1 589/589/1 607/607/1 608/608/1 
f 589/589/1 588/588/1 606/606/1 607/607/1 
f 588/588/1 587/587/1 605/605/1 606/606/1 
f 587/587/1 586/586/1 604/604/1 605/605/1 
f 586/586/1 585/585/1 603/603/1 604/604/1 
f 585/585/1 584/584/1 602/602/1 603/603/1 
f 584/584/1 583/583/1 601/601/1 602/602/1 
f 583/583/1 582/582/1 600/600/1 601/601/1 
f 582/582/1 581/581/1 599/599/1 600/600/1 
f 581/581/1 580/580/1 598/598/1 599/599/1 
f 580/580/1 579/579/1 597/597/1 598/598/1 
f 579/579/1 578/578/1 596/596/1 597/597/1 
f 25/25/366 577/577/366 595/595/366 26/26/366 
f 577/577/366 576/576/366 594/594/366 595/595/366 
f 576/576/366 575/575/366 593/593/366 594/594/366 
f 575/575/366 574/574/366 592/592/366 593/593/366 
f 574/574/366 573/573/366 591/591/366 592/592/366 
f 573/573/366 572/572/32 590/590/32 591/591/366 
f 572/572/32 571/571/32 589/589/32 590/590/32 
f 571/571/32 570/570/32 588/588/32 589/589/32 
f 570/570/32 569/569/32 587/587/32 588/588/32 
f 569/569/32 568/568/32 586/586/32 587/587/32 
f 568/568/32 567/567/32 585/585/32 586/586/32 
f 567/567/32 566/566/32 584/584/32 585/585/32 
f 566/566/32 565/565/32 583/583/32 584/584/32 
f 565/565/32 564/564/32 582/582/32 583/583/32 
f 564/564/32 563/563/32 581/581/32 582/582/32 
f 563/563/32 562/562/32 580/580/32 581/581/32 
f 562/562/32 561/561/32 579/579/32 580/580/32 
f 561/561/32 560/560/32 578/578/32 579/579/32 
f 24/24/30 559/559/30 577/577/30 25/25/30 
f 559/559/30 558/558/30 576/576/30 577/577/30 
f 558/558/30 557/557/30 575/575/30 576/576/30 
f 557/557/30 556/556/30 574/574/30 575/575/30 
f 556/556/30 555/555/30 573/573/30 574/574/30 
f 555/555/30 554/554/30 572/572/30 573/573/30 
f 554/554/30 553/553/30 571/571/30 572/572/30 
f 553/553/30 552/552/30 570/570/30 571/571/30 
f 552/552/30 551/551/30 569/569/30 570/570/30 
f 551/551/30 550/550/30 568/568/30 569/569/30 
f 550/550/30 549/549/30 567/567/30 568/568/30 
f 549/549/30 548/548/30 566/566/30 567/567/30 
f 548/548/30 547/547/30 565/565/30 566/566/30 
f 547/547/30 546/546/30 564/564/30 565/565/30 
f 546/546/30 545/545/30 563/563/30 564/564/30 
f 545/545/30 544/544/30 562/562/30 563/563/30 
f 544/544/30 543/543/30 561/561/30 562/562/30 
f 543/543/30 542/542/30 560/560/30 561/561/30 
f 22/22/3 524/524/3 559/559/3 24/24/3 
f 524/524/3 525/525/3 558/558/3 559/559/3 
f 525/525/3 526/526/3 557/557/3 558/558/3 
f 526/526/3 527/527/3 556/556/3 557/557/3 
f 527/527/3 528/528/3 555/555/3 556/556/3 
f 528/528/3 529/529/3 554/554/3 555/555/3 
f 529/529/3 530/530/3 553/553/3 554/554/3 
f 530/530/3 531/531/3 552/552/3 553/553/3 
f 531/531/3 532/532/3 551/551/3 552/552/3 
f 532/532/3 533/533/3 550/550/3 551/551/3 
f 533/533/3 534/534/3 549/549/3 550/550/3 
f 534/534/3 535/535/3 548/548/3 549/549/3 
f 535/535/3 536/536/3 547/547/3 548/548/3 
f 536/536/3 537/537/3 546/546/3 547/547/3 
f 537/537/3 538/538/3 545/545/3 546/546/3 
f 538/538/3 539/539/3 544/544/3 545/545/3 
f 539/539/3 540/540/3 543/543/3 544/544/3 
f 540/540/3 541/541/3 542/542/3 543/543/3 
f 60/60/12 505/505/12 523/523/48 49/49/48 
f 505/505/12 504/504/27 522/522/48 523/523/48 
f 504/504/27 503/503/27 521/521/12 522/522/48 
f 503/503/27 502/502/27 520/520/12 521/521/12 
f 502/502/27 501/501/27 519/519/12 520/520/12 
f 501/501/27 500/500/27 518/518/12 519/519/12 
f 500/500/27 499/499/27 517/517/12 518/518/12 
f 499/499/27 498/498/27 516/516/12 517/517/12 
f 498/498/27 497/497/27 515/515/12 516/516/12 
f 497/497/27 496/496/27 514/514/12 515/515/12 
f 496/496/27 495/495/27 513/513/12 514/514/12 
f 495/495/27 494/494/27 512/512/12 513/513/12 
f 494/494/27 493/493/27 511/511/12 512/512/12 
f 493/493/27 492/492/27 510/510/12 511/511/12 
f 492/492/27 491/491/27 509/509/12 510/510/12 
f 491/491/27 490/490/27 508/508/12 509/509/12 
f 490/490/27 489/489/27 507/507/12 508/508/12 
f 489/489/27 488/488/27 506/506/12 507/507/12 
f 59/59/1 487/487/1 505/505/1 60/60/1 
f 487/487/1 486/486/1 504/504/1 505/505/1 
f 486/486/1 485/485/1 503/503/1 504/504/1 
f 485/485/1 484/484/1 502/502/1 503/503/1 
f 484/484/1 483/483/1 501/501/1 502/502/1 
f 483/483/1 482/482/1 500/500/1 501/501/1 
f 482/482/1 481/481/1 499/499/1 500/500/1 
f 481/481/1 480/480/1 498/498/1 499/499/1 
f 480/480/1 479/479/1 497/497/1 498/498/1 
f 479/479/1 478/478/1 496/496/1 497/497/1 
f 478/478/1 477/477/1 495/495/1 496/496/1 
f 477/477/1 476/476/1 494/494/1 495/495/1 
f 476/476/1 475/475/1 493/493/1 494/494/1 
f 475/475/1 474/474/1 492/492/1 493/493/1 
f 474/474/1 473/473/1 491/491/1 492/492/1 
f 473/473/1 472/472/1 490/490/1 491/491/1 
f 472/472/1 471/471/1 489/489/1 490/490/1 
f 471/471/1 470/470/1 488/488/1 489/489/1 
f 58/58/12 469/469/12 487/487/12 59/59/12 
f 469/469/12 468/468/12 486/486/12 487/487/12 
f 468/468/12 467/467/12 485/485/12 486/486/12 
f 467/467/12 466/466/12 484/484/12 485/485/12 
f 466/466/12 465/465/12 483/483/12 484/484/12 
f 465/465/12 464/464/12 482/482/12 483/483/12 
f 464/464/12 463/463/12 481/481/12 482/482/12 
f 463/463/12 462/462/12 480/480/12 481/481/12 
f 462/462/12 461/461/12 479/479/12 480/480/12 
f 461/461/12 460/460/12 478/478/12 479/479/12 
f 460/460/12 459/459/12 477/477/12 478/478/12 
f 459/459/12 458/458/12 476/476/12 477/477/12 
f 458/458/12 457/457/12 475/475/12 476/476/12 
f 457/457/12 456/456/12 474/474/12 475/475/12 
f 456/456/12 455/455/12 473/473/12 474/474/12 
f 455/455/12 454/454/12 472/472/12 473/473/12 
f 454/454/12 453/453/12 471/471/12 472/472/12 
f 453/453/12 452/452/12 470/470/12 471/471/12 
f 57/57/23 451/451/23 469/469/23 58/58/23 
f 451/451/23 450/450/23 468/468/23 469/469/23 
f 450/450/23 449/449/23 467/467/23 468/468/23 
f 449/449/23 448/448/23 466/466/23 467/467/23 
f 448/448/23 447/447/23 465/465/23 466/466/23 
f 447/447/23 446/446/23 464/464/23 465/465/23 
f 446/446/23 445/445/23 463/463/23 464/464/23 
f 445/445/23 444/444/23 462/462/23 463/463/23 
f 444/444/23 443/443/23 461/461/23 462/462/23 
f 443/443/23 442/442/23 460/460/23 461/461/23 
f 442/442/23 441/441/23 459/459/23 460/460/23 
f 441/441/23 440/440/23 458/458/23 459/459/23 
f 440/440/23 439/439/23 457/457/23 458/458/23 
f 439/439/23 438/438/23 456/456/23 457/457/23 
f 438/438/23 437/437/23 455/455/23 456/456/23 
f 437/437/23 436/436/23 454/454/23 455/455/23 
f 436/436/23 435/435/23 453/453/23 454/454/23 
f 435/435/23 434/434/23 452/452/23 453/453/23 
f 56/56/20 433/433/20 451/451/384 57/57/384 
f 433/433/20 432/432/20 450/450/22 451/451/384 
f 432/432/20 431/431/20 449/449/22 450/450/22 
f 431/431/20 430/430/20 448/448/22 449/449/22 
f 430/430/20 429/429/20 447/447/22 448/448/22 
f 429/429/20 428/428/20 446/446/22 447/447/22 
f 428/428/20 427/427/20 445/445/22 446/446/22 
f 427/427/20 426/426/20 444/444/22 445/445/22 
f 426/426/20 425/425/20 443/443/22 444/444/22 
f 425/425/20 424/424/20 442/442/22 443/443/22 
f 424/424/20 423/423/20 441/441/22 442/442/22 
f 423/423/20 422/422/20 440/440/22 441/441/22 
f 422/422/20 421/421/20 439/439/22 440/440/22 
f 421/421/20 420/420/20 438/438/22 439/439/22 
f 420/420/20 419/419/20 437/437/22 438/438/22 
f 419/419/20 418/418/20 436/436/22 437/437/22 
f 418/418/20 417/417/20 435/435/22 436/436/22 
f 417/417/20 416/416/20 434/434/22 435/435/22 
f 55/55/385 415/415/385 433/433/20 56/56/20 
f 415/415/385 414/414/385 432/432/20 433/433/20 
f 414/414/385 413/413/18 431/431/20 432/432/20 
f 413/413/18 412/412/18 430/430/20 431/431/20 
f 412/412/18 411/411/18 429/429/20 430/430/20 
f 411/411/18 410/410/18 428/428/20 429/429/20 
f 410/410/18 409/409/18 427/427/20 428/428/20 
f 409/409/18 408/408/18 426/426/20 427/427/20 
f 408/408/18 407/407/18 425/425/20 426/426/20 
f 407/407/18 406/406/18 424/424/20 425/425/20 
f 406/406/18 405/405/18 423/423/20 424/424/20 
f 405/405/18 404/404/18 422/422/20 423/423/20 
f 404/404/18 403/403/18 421/421/20 422/422/20 
f 403/403/18 402/402/18 420/420/20 421/421/20 
f 402/402/18 401/401/18 419/419/20 420/420/20 
f 401/401/18 400/400/18 418/418/20 419/419/20 
f 400/400/18 399/399/18 417/417/20 418/418/20 
f 399/399/18 398/398/18 416/416/20 417/417/20 
f 54/54/16 397/397/16 415/415/385 55/55/385 
f 397/397/16 396/396/16 414/414/385 415/415/385 
f 396/396/16 395/395/16 413/413/18 414/414/385 
f 395/395/16 394/394/16 412/412/18 413/413/18 
f 394/394/16 393/393/16 411/411/18 412/412/18 
f 393/393/16 392/392/16 410/410/18 411/411/18 
f 392/392/16 391/391/16 409/409/18 410/410/18 
f 391/391/16 390/390/16 408/408/18 409/409/18 
f 390/390/16 389/389/16 407/407/18 408/408/18 
f 389/389/16 388/388/16 406/406/18 407/407/18 
f 388/388/16 387/387/16 405/405/18 406/406/18 
f 387/387/16 386/386/16 404/404/18 405/405/18 
f 386/386/16 385/385/16 403/403/18 404/404/18 
f 385/385/16 384/384/16 402/402/18 403/403/18 
f 384/384/16 383/383/16 401/401/18 402/402/18 
f 383/383/16 382/382/16 400/400/18 401/401/18 
f 382/382/16 381/381/16 399/399/18 400/400/18 
f 381/381/16 380/380/16 398/398/18 399/399/18 
f 53/53/14 379/379/14 397/397/14 54/54/14 
f 379/379/14 378/378/14 396/396/14 397/397/14 
f 378/378/14 377/377/14 395/395/14 396/396/14 
f 377/377/14 376/376/14 394/394/14 395/395/14 
f 376/376/14 375/375/14 393/393/14 394/394/14 
f 375/375/14 374/374/14 392/392/14 393/393/14 
f 374/374/14 373/373/14 391/391/14 392/392/14 
f 373/373/14 372/372/14 390/390/14 391/391/14 
f 372/372/14 371/371/14 389/389/14 390/390/14 
f 371/371/14 370/370/14 388/388/14 389/389/14 
f 370/370/14 369/369/14 387/387/14 388/388/14 
f 369/369/14 368/368/14 386/386/14 387/387/14 
f 368/368/14 367/367/14 385/385/14 386/386/14 
f 367/367/14 366/366/14 384/384/14 385/385/14 
f 366/366/14 365/365/14 383/383/14 384/384/14 
f 365/365/14 364/364/14 382/382/14 383/383/14 
f 364/364/14 363/363/14 381/381/14 382/382/14 
f 363/363/14 362/362/14 380/380/14 381/381/14 
f 52/52/12 361/361/12 379/379/12 53/53/12 
f 361/361/12 360/360/12 378/378/12 379/379/12 
f 360/360/12 359/359/12 377/377/12 378/378/12 
f 359/359/12 358/358/12 376/376/12 377/377/12 
f 358/358/12 357/357/12 375/375/12 376/376/12 
f 357/357/12 356/356/12 374/374/12 375/375/12 
f 356/356/12 355/355/12 373/373/12 374/374/12 
f 355/355/12 354/354/12 372/372/12 373/373/12 
f 354/354/12 353/353/12 371/371/12 372/372/12 
f 353/353/12 352/352/12 370/370/12 371/371/12 
f 352/352/12 351/351/12 369/369/12 370/370/12 
f 351/351/12 350/350/12 368/368/12 369/369/12 
f 350/350/12 349/349/12 367/367/12 368/368/12 
f 349/349/12 348/348/12 366/366/12 367/367/12 
f 348/348/12 347/347/12 365/365/12 366/366/12 
f 347/347/12 346/346/12 364/364/12 365/365/12 
f 346/346/12 345/345/12 363/363/12 364/364/12 
f 345/345/12 344/344/12 362/362/12 363/363/12 
f 51/51/10 343/343/10 361/361/10 52/52/10 
f 343/343/10 342/342/10 360/360/10 361/361/10 
f 342/342/10 341/341/10 359/359/10 360/360/10 
f 341/341/10 340/340/10 358/358/10 359/359/10 
f 340/340/10 339/339/10 357/357/10 358/358/10 
f 339/339/10 338/338/10 356/356/10 357/357/10 
f 338/338/10 337/337/10 355/355/10 356/356/10 
f 337/337/10 336/336/10 354/354/10 355/355/10 
f 336/336/10 335/335/10 353/353/10 354/354/10 
f 335/335/10 334/334/10 352/352/10 353/353/10 
f 334/334/10 333/333/10 351/351/10 352/352/10 
f 333/333/10 332/332/10 350/350/10 351/351/10 
f 332/332/10 331/331/10 349/349/10 350/350/10 
f 331/331/10 330/330/10 348/348/10 349/349/10 
f 330/330/10 329/329/10 347/347/10 348/348/10 
f 329/329/10 328/328/10 346/346/10 347/347/10 
f 328/328/10 327/327/10 345/345/10 346/346/10 
f 327/327/10 326/326/10 344/344/10 345/345/10 
f 50/50/8 325/325/8 343/343/8 51/51/8 
f 325/325/8 324/324/8 342/342/8 343/343/8 
f 324/324/8 323/323/8 341/341/8 342/342/8 
f 323/323/8 322/322/8 340/340/8 341/341/8 
f 322/322/8 321/321/8 339/339/8 340/340/8 
f 321/321/8 320/320/8 338/338/8 339/339/8 
f 320/320/8 319/319/8 337/337/8 338/338/8 
f 319/319/8 318/318/8 336/336/8 337/337/8 
f 318/318/8 317/317/8 335/335/8 336/336/8 
f 317/317/8 316/316/8 334/334/8 335/335/8 
f 316/316/8 315/315/8 333/333/8 334/334/8 
f 315/315/8 314/314/8 332/332/8 333/333/8 
f 314/314/8 313/313/8 331/331/8 332/332/8 
f 313/313/8 312/312/8 330/330/8 331/331/8 
f 312/312/8 311/311/8 329/329/8 330/330/8 
f 311/311/8 310/310/8 328/328/8 329/329/8 
f 310/310/8 309/309/8 327/327/8 328/328/8 
f 309/309/8 308/308/8 326/326/8 327/327/8 
f 48/48/1 290/290/1 325/325/1 50/50/1 
f 290/290/1 291/291/1 324/324/1 325/325/1 
f 291/291/1 292/292/1 323/323/1 324/324/1 
f 292/292/1 293/293/1 322/322/1 323/323/1 
f 293/293/1 294/294/1 321/321/1 322/322/1 
f 294/294/1 295/295/1 320/320/1 321/321/1 
f 295/295/1 296/296/1 319/319/1 320/320/1 
f 296/296/1 297/297/1 318/318/1 319/319/1 
f 297/297/1 298/298/1 317/317/1 318/318/1 
f 298/298/1 299/299/1 316/316/1 317/317/1 
f 299/299/1 300/300/1 315/315/1 316/316/1 
f 300/300/1 301/301/1 314/314/1 315/315/1 
f 301/301/1 302/302/1 313/313/1 314/314/1 
f 302/302/1 303/303/1 312/312/1 313/313/1 
f 303/303/1 304/304/1 311/311/1 312/312/1 
f 304/304/1 305/305/1 310/310/1 311/311/1 
f 305/305/1 306/306/1 309/309/1 310/310/1 
f 306/306/1 307/307/1 308/308/1 309/309/1 
f 62/62/1 2/6086/1 272/6089/1 776/776/1 
f 776/776/1 272/6089/1 273/6391/1 777/777/1 
f 777/777/1 273/6391/1 274/6389/1 778/778/1 
f 778/778/1 274/6389/1 275/6388/1 779/779/1 
f 779/779/1 275/6388/1 276/6386/1 780/780/1 
f 780/780/1 276/6386/1 277/6385/1 781/781/1 
f 781/781/1 277/6385/1 278/6226/1 782/782/1 
f 782/782/1 278/6226/1 279/6384/1 783/783/1 
f 783/783/1 279/6384/1 280/6383/1 784/784/1 
f 784/784/1 280/6383/1 281/6382/1 785/785/1 
f 785/785/1 281/6382/1 282/6381/1 786/786/1 
f 786/786/1 282/6381/1 283/6379/1 787/787/1 
f 787/787/1 283/6379/1 284/6378/1 788/788/1 
f 788/788/1 284/6378/1 285/6376/1 789/789/1 
f 789/789/1 285/6376/1 286/6375/1 790/790/1 
f 790/790/1 286/6375/1 287/6374/1 791/791/1 
f 791/791/1 287/6374/1 288/6373/1 792/792/1 
f 792/792/1 288/6373/1 289/289/1 793/793/1 
f 1/6200/3 254/6199/3 524/524/3 22/22/3 
f 254/6199/3 255/6201/3 525/525/3 524/524/3 
f 255/6201/3 256/6202/3 526/526/3 525/525/3 
f 256/6202/3 257/6205/3 527/527/3 526/526/3 
f 257/6205/3 258/6207/3 528/528/3 527/527/3 
f 258/6207/3 259/6208/3 529/529/3 528/528/3 
f 259/6208/3 260/6209/3 530/530/3 529/529/3 
f 260/6209/3 261/6210/3 531/531/3 530/530/3 
f 261/6210/3 262/6211/3 532/532/3 531/531/3 
f 262/6211/3 263/6213/3 533/533/3 532/532/3 
f 263/6213/3 264/6214/3 534/534/3 533/533/3 
f 264/6214/3 265/6215/3 535/535/3 534/534/3 
f 265/6215/3 266/6216/3 536/536/3 535/535/3 
f 266/6216/3 267/6217/3 537/537/3 536/536/3 
f 267/6217/3 268/6219/3 538/538/3 537/537/3 
f 268/6219/3 269/6220/3 539/539/3 538/538/3 
f 269/6220/3 270/6221/3 540/540/3 539/539/3 
f 270/6221/3 271/271/3 541/541/3 540/540/3 
f 48/48/1 5/5/1 218/218/1 290/290/1 
f 290/290/1 218/218/1 219/219/1 291/291/1 
f 291/291/1 219/219/1 220/220/1 292/292/1 
f 292/292/1 220/220/1 221/221/1 293/293/1 
f 293/293/1 221/221/1 222/222/1 294/294/1 
f 294/294/1 222/222/1 223/223/1 295/295/1 
f 295/295/1 223/223/1 224/224/1 296/296/1 
f 296/296/1 224/224/1 225/225/1 297/297/1 
f 297/297/1 225/225/1 226/226/1 298/298/1 
f 298/298/1 226/226/1 227/227/1 299/299/1 
f 299/299/1 227/227/1 228/228/1 300/300/1 
f 300/300/1 228/228/1 229/229/1 301/301/1 
f 301/301/1 229/229/1 230/230/1 302/302/1 
f 302/302/1 230/230/1 231/231/1 303/303/1 
f 303/303/1 231/231/1 232/232/1 304/304/1 
f 304/304/1 232/232/1 233/233/1 305/305/1 
f 305/305/1 233/233/1 234/234/1 306/306/1 
f 306/306/1 234/234/1 235/235/1 307/307/1 
f 6/6/1 23/23/1 757/757/1 253/253/1 
f 253/253/1 757/757/1 756/756/1 252/252/1 
f 252/252/1 756/756/1 755/755/1 251/251/1 
f 251/251/1 755/755/1 754/754/1 250/250/1 
f 250/250/1 754/754/1 753/753/1 249/249/1 
f 249/249/1 753/753/1 752/752/1 248/248/1 
f 248/248/1 752/752/1 751/751/1 247/247/1 
f 247/247/1 751/751/1 750/750/1 246/246/1 
f 246/246/1 750/750/1 749/749/1 245/245/1 
f 245/245/1 749/749/1 748/748/1 244/244/1 
f 244/244/1 748/748/1 747/747/1 243/243/1 
f 243/243/1 747/747/1 746/746/1 242/242/1 
f 242/242/1 746/746/1 745/745/1 241/241/1 
f 241/241/1 745/745/1 744/744/1 240/240/1 
f 240/240/1 744/744/1 743/743/1 239/239/1 
f 239/239/1 743/743/1 742/742/1 238/238/1 
f 238/238/1 742/742/1 741/741/1 237/237/1 
f 237/237/1 741/741/1 740/740/1 236/236/1 
f 2077/2077/386 2081/2081/386 2082/2082/386 2080/2080/386 
f 2080/2080/387 2082/2082/388 2085/2085/389 2084/2084/390 
f 2078/2078/391 2084/2084/390 2085/2085/389 2083/2083/392 
f 2083/2083/392 2085/2085/389 2088/2088/393 2087/2087/394 
f 2079/2079/395 2087/2087/395 2088/2088/395 2086/2086/395 
f 2082/2082/388 2088/2088/393 2085/2085/389 
f 2101/2101/396 2104/2104/397 2108/2108/398 2102/2102/399 
f 2089/2089/400 2093/2093/401 2094/2094/402 2092/2092/403 
f 2092/2092/403 2094/2094/402 2097/2097/404 2096/2096/405 
f 2090/2090/406 2096/2096/405 2097/2097/404 2095/2095/407 
f 2095/2095/407 2097/2097/404 2100/2100/408 2099/2099/409 
f 2091/2091/410 2099/2099/409 2100/2100/408 2098/2098/411 
f 2098/2098/411 2100/2100/408 2094/2094/402 2093/2093/401 
f 2094/2094/402 2100/2100/408 2097/2097/404 
f 2077/2077/412 2080/2080/387 2084/2084/390 2078/2078/391 
f 2101/2101/396 2105/2105/413 2106/2106/414 2104/2104/397 
f 2104/2104/397 2106/2106/414 2109/2109/415 2108/2108/398 
f 2102/2102/399 2108/2108/398 2109/2109/415 2107/2107/416 
f 2107/2107/416 2109/2109/415 2112/2112/417 2111/2111/418 
f 2103/2103/419 2111/2111/418 2112/2112/417 2110/2110/420 
f 2110/2110/420 2112/2112/417 2106/2106/414 2105/2105/413 
f 2106/2106/414 2112/2112/417 2109/2109/415 
f 2089/2089/400 2092/2092/403 2096/2096/405 2090/2090/406 
f 776/6393/3 866/866/75 69/69/76 62/6265/3 
f 777/6183/3 867/867/75 866/866/75 776/6393/3 
f 778/6394/3 868/868/75 867/867/75 777/6183/3 
f 868/868/75 778/6394/3 779/6395/3 869/869/75 
f 779/6395/3 780/6396/3 870/870/75 869/869/75 
f 870/870/75 780/6396/3 781/6399/3 871/871/75 
f 782/6400/3 872/872/75 871/871/75 781/6399/3 
f 783/6401/3 873/873/75 872/872/75 782/6400/3 
f 784/6402/3 874/874/75 873/873/75 783/6401/3 
f 785/6188/3 875/875/75 874/874/75 784/6402/3 
f 786/6186/3 876/876/75 875/875/75 785/6188/3 
f 787/6258/3 877/877/75 876/876/75 786/6186/3 
f 788/6246/3 878/878/75 877/877/75 787/6258/3 
f 789/6296/3 879/879/75 878/878/75 788/6246/3 
f 790/6403/3 880/880/75 879/879/75 789/6296/3 
f 791/6405/3 881/881/75 880/880/75 790/6403/3 
f 792/6406/3 882/882/75 881/881/75 791/6405/3 
f 793/6088/3 883/883/75 882/882/75 792/6406/3 
f 63/6482/4 74/74/61 883/883/75 793/6088/3 
f 2113/2113/421 2116/2116/243 2118/2118/422 2117/2117/423 
f 2116/2116/243 2120/2120/242 2121/2121/424 2118/2118/422 
f 2114/2114/241 2119/2119/425 2121/2121/424 2120/2120/242 
f 2119/2119/425 2123/2123/426 2124/2124/427 2121/2121/424 
f 2115/2115/428 2122/2122/429 2124/2124/427 2123/2123/426 
f 2122/2122/429 2117/2117/423 2118/2118/422 2124/2124/427 
f 2118/2118/422 2121/2121/424 2124/2124/427 
f 2139/2139/259 2148/2148/430 2144/2144/431 2138/2138/432 
f 2125/2125/433 2128/2128/434 2130/2130/435 2129/2129/436 
f 2128/2128/434 2132/2132/437 2133/2133/438 2130/2130/435 
f 2126/2126/439 2131/2131/440 2133/2133/438 2132/2132/437 
f 2131/2131/440 2135/2135/441 2136/2136/442 2133/2133/438 
f 2127/2127/443 2134/2134/444 2136/2136/442 2135/2135/441 
f 2134/2134/444 2129/2129/436 2130/2130/435 2136/2136/442 
f 2130/2130/435 2133/2133/438 2136/2136/442 
f 2114/2114/241 2115/2115/445 2123/2123/426 2119/2119/425 
f 2137/2137/446 2141/2141/447 2143/2143/448 2142/2142/449 
f 2141/2141/447 2145/2145/450 2146/2146/451 2143/2143/448 
f 2138/2138/432 2144/2144/431 2146/2146/451 2145/2145/450 
f 2144/2144/431 2148/2148/430 2149/2149/452 2146/2146/451 
f 2139/2139/259 2147/2147/262 2149/2149/452 2148/2148/430 
f 2147/2147/262 2151/2151/261 2152/2152/453 2149/2149/452 
f 2140/2140/260 2150/2150/454 2152/2152/453 2151/2151/261 
f 2150/2150/454 2142/2142/449 2143/2143/448 2152/2152/453 
f 2143/2143/448 2146/2146/451 2149/2149/452 2152/2152/453 
f 2126/2126/439 2127/2127/455 2135/2135/441 2131/2131/440 
f 2153/2153/456 2157/2157/457 2159/2159/458 2158/2158/459 
f 2157/2157/457 2161/2161/460 2162/2162/461 2159/2159/458 
f 2154/2154/462 2160/2160/463 2162/2162/461 2161/2161/460 
f 2160/2160/463 2164/2164/464 2165/2165/465 2162/2162/461 
f 2155/2155/263 2163/2163/266 2165/2165/465 2164/2164/464 
f 2163/2163/266 2167/2167/265 2168/2168/466 2165/2165/465 
f 2156/2156/264 2166/2166/467 2168/2168/466 2167/2167/265 
f 2166/2166/467 2158/2158/459 2159/2159/458 2168/2168/466 
f 2159/2159/458 2162/2162/461 2165/2165/465 2168/2168/466 
f 2154/2154/462 2155/2155/263 2164/2164/464 2160/2160/463 
f 2202/2202/468 2203/2203/469 2211/2211/470 2207/2207/471 
f 2173/2173/230 2177/2177/229 2179/2179/472 2178/2178/473 
f 2177/2177/229 2181/2181/228 2182/2182/474 2179/2179/472 
f 2174/2174/227 2180/2180/475 2182/2182/474 2181/2181/228 
f 2180/2180/475 2184/2184/476 2185/2185/477 2182/2182/474 
f 2175/2175/478 2183/2183/479 2185/2185/477 2184/2184/476 
f 2183/2183/479 2187/2187/480 2188/2188/481 2185/2185/477 
f 2176/2176/482 2186/2186/483 2188/2188/481 2187/2187/480 
f 2186/2186/483 2178/2178/473 2179/2179/472 2188/2188/481 
f 2179/2179/472 2182/2182/474 2185/2185/477 2188/2188/481 
f 2174/2174/227 2175/2175/478 2184/2184/476 2180/2180/475 
f 2189/2189/484 2192/2192/484 2194/2194/484 2193/2193/484 
f 2192/2192/485 2196/2196/486 2197/2197/487 2194/2194/488 
f 2190/2190/489 2195/2195/490 2197/2197/487 2196/2196/486 
f 2195/2195/490 2199/2199/491 2200/2200/492 2197/2197/487 
f 2191/2191/493 2198/2198/493 2200/2200/492 2199/2199/491 
f 2198/2198/494 2193/2193/494 2194/2194/494 2200/2200/494 
f 2194/2194/488 2197/2197/487 2200/2200/492 
f 2189/2189/495 2190/2190/489 2196/2196/486 2192/2192/485 
f 2201/2201/496 2204/2204/497 2206/2206/498 2205/2205/499 
f 2204/2204/497 2208/2208/500 2209/2209/501 2206/2206/498 
f 2202/2202/468 2207/2207/471 2209/2209/501 2208/2208/500 
f 2207/2207/471 2211/2211/470 2212/2212/502 2209/2209/501 
f 2203/2203/469 2210/2210/503 2212/2212/502 2211/2211/470 
f 2210/2210/503 2205/2205/499 2206/2206/498 2212/2212/502 
f 2206/2206/498 2209/2209/501 2212/2212/502 
f 2190/2190/489 2191/2191/504 2199/2199/491 2195/2195/490 
f 2213/2213/505 2216/2216/506 2218/2218/507 2217/2217/508 
f 2216/2216/506 2220/2220/509 2221/2221/510 2218/2218/507 
f 2219/2219/511 2221/2221/510 2220/2220/509 
f 2219/2219/511 2223/2223/512 2224/2224/513 2221/2221/510 
f 2215/2215/204 2222/2222/514 2224/2224/513 2223/2223/512 
f 2222/2222/514 2217/2217/508 2218/2218/507 2224/2224/513 
f 2218/2218/507 2221/2221/510 2224/2224/513 
f 2213/2213/505 2220/2220/509 2216/2216/506 
f 2225/2225/515 2228/2228/516 2230/2230/517 2229/2229/518 
f 2228/2228/516 2232/2232/519 2233/2233/520 2230/2230/517 
f 2226/2226/180 2231/2231/521 2233/2233/520 2232/2232/519 
f 2231/2231/521 2235/2235/522 2236/2236/523 2233/2233/520 
f 2227/2227/182 2234/2234/524 2236/2236/523 2235/2235/522 
f 2234/2234/524 2229/2229/518 2230/2230/517 2236/2236/523 
f 2230/2230/517 2233/2233/520 2236/2236/523 
f 2226/2226/180 2232/2232/519 2228/2228/516 2225/2225/515 
f 2237/2237/148 2241/2241/147 2243/2243/525 2242/2242/526 
f 2241/2241/147 2245/2245/146 2246/2246/527 2243/2243/525 
f 2238/2238/145 2244/2244/528 2246/2246/527 2245/2245/146 
f 2244/2244/528 2248/2248/529 2249/2249/530 2246/2246/527 
f 2239/2239/158 2247/2247/531 2249/2249/530 2248/2248/529 
f 2247/2247/531 2251/2251/532 2252/2252/533 2249/2249/530 
f 2240/2240/159 2250/2250/534 2252/2252/533 2251/2251/532 
f 2250/2250/534 2242/2242/526 2243/2243/525 2252/2252/533 
f 2243/2243/525 2246/2246/527 2249/2249/530 2252/2252/533 
f 2239/2239/158 2248/2248/529 2244/2244/528 2238/2238/145 
f 2253/2253/535 2257/2257/536 2259/2259/537 2258/2258/538 
f 2257/2257/536 2261/2261/539 2262/2262/540 2259/2259/537 
f 2254/2254/167 2260/2260/166 2262/2262/540 2261/2261/539 
f 2260/2260/166 2264/2264/165 2265/2265/541 2262/2262/540 
f 2255/2255/164 2263/2263/542 2265/2265/541 2264/2264/165 
f 2263/2263/542 2267/2267/543 2268/2268/544 2265/2265/541 
f 2256/2256/545 2266/2266/546 2268/2268/544 2267/2267/543 
f 2266/2266/546 2258/2258/538 2259/2259/537 2268/2268/544 
f 2259/2259/537 2262/2262/540 2265/2265/541 2268/2268/544 
f 2256/2256/545 2267/2267/543 2263/2263/542 2255/2255/164 
f 2269/2269/152 2273/2273/151 2275/2275/547 2274/2274/548 
f 2273/2273/151 2277/2277/150 2278/2278/549 2275/2275/547 
f 2270/2270/149 2276/2276/550 2278/2278/549 2277/2277/150 
f 2276/2276/550 2280/2280/551 2281/2281/552 2278/2278/549 
f 2271/2271/553 2279/2279/554 2281/2281/552 2280/2280/551 
f 2279/2279/554 2283/2283/555 2284/2284/556 2281/2281/552 
f 2272/2272/557 2282/2282/558 2284/2284/556 2283/2283/555 
f 2282/2282/558 2274/2274/548 2275/2275/547 2284/2284/556 
f 2275/2275/547 2278/2278/549 2281/2281/552 2284/2284/556 
f 2271/2271/553 2280/2280/551 2276/2276/550 2270/2270/149 
f 2285/2285/192 2288/2288/191 2290/2290/559 2289/2289/560 
f 2288/2288/191 2292/2292/190 2293/2293/561 2290/2290/559 
f 2286/2286/189 2291/2291/562 2293/2293/561 2292/2292/190 
f 2291/2291/562 2295/2295/563 2296/2296/564 2293/2293/561 
f 2287/2287/565 2294/2294/566 2296/2296/564 2295/2295/563 
f 2294/2294/566 2289/2289/560 2290/2290/559 2296/2296/564 
f 2290/2290/559 2293/2293/561 2296/2296/564 
f 2287/2287/565 2295/2295/563 2291/2291/562 2286/2286/189 
f 2297/2297/101 2300/2300/567 2302/2302/568 2301/2301/569 
f 2300/2300/567 2304/2304/570 2305/2305/571 2302/2302/568 
f 2298/2298/103 2303/2303/572 2305/2305/571 2304/2304/570 
f 2303/2303/572 2307/2307/573 2308/2308/574 2305/2305/571 
f 2299/2299/575 2306/2306/576 2308/2308/574 2307/2307/573 
f 2306/2306/577 2301/2301/577 2302/2302/577 2308/2308/577 
f 2302/2302/568 2305/2305/571 2308/2308/574 
f 2299/2299/575 2307/2307/573 2303/2303/572 2298/2298/103 
f 2309/2309/578 2313/2313/579 2315/2315/580 2314/2314/581 
f 2313/2313/579 2317/2317/582 2318/2318/583 2315/2315/580 
f 2310/2310/124 2316/2316/584 2318/2318/583 2317/2317/582 
f 2316/2316/584 2320/2320/585 2321/2321/586 2318/2318/583 
f 2311/2311/96 2319/2319/95 2321/2321/586 2320/2320/585 
f 2319/2319/95 2323/2323/94 2324/2324/587 2321/2321/586 
f 2312/2312/93 2322/2322/588 2324/2324/587 2323/2323/94 
f 2322/2322/588 2314/2314/581 2315/2315/580 2324/2324/587 
f 2315/2315/580 2318/2318/583 2321/2321/586 2324/2324/587 
f 2309/2309/578 2317/2317/582 2313/2313/579 
f 2325/2325/589 2329/2329/590 2331/2331/591 2330/2330/592 
f 2329/2329/590 2333/2333/593 2334/2334/594 2331/2331/591 
f 2326/2326/115 2332/2332/114 2334/2334/594 2333/2333/593 
f 2332/2332/114 2336/2336/113 2337/2337/595 2334/2334/594 
f 2327/2327/112 2335/2335/596 2337/2337/595 2336/2336/113 
f 2335/2335/596 2339/2339/597 2340/2340/598 2337/2337/595 
f 2328/2328/599 2338/2338/600 2340/2340/598 2339/2339/597 
f 2338/2338/600 2330/2330/592 2331/2331/591 2340/2340/598 
f 2331/2331/591 2334/2334/594 2337/2337/595 2340/2340/598 
f 2328/2328/599 2339/2339/597 2335/2335/596 2327/2327/112 
f 2341/2341/601 2344/2344/602 2346/2346/603 2345/2345/604 
f 2344/2344/602 2348/2348/605 2349/2349/606 2346/2346/603 
f 2342/2342/111 2347/2347/110 2349/2349/606 2348/2348/605 
f 2347/2347/110 2351/2351/109 2352/2352/607 2349/2349/606 
f 2343/2343/108 2350/2350/608 2352/2352/607 2351/2351/109 
f 2350/2350/608 2345/2345/604 2346/2346/603 2352/2352/607 
f 2346/2346/603 2349/2349/606 2352/2352/607 
f 2341/2341/601 2070/6267/373 2342/2342/111 
f 2353/2353/291 2357/2357/290 2359/2359/609 2358/2358/610 
f 2357/2357/290 2361/2361/289 2362/2362/611 2359/2359/609 
f 2354/2354/288 2360/2360/612 2362/2362/611 2361/2361/289 
f 2360/2360/612 2364/2364/613 2365/2365/614 2362/2362/611 
f 2355/2355/270 2363/2363/273 2365/2365/614 2364/2364/613 
f 2363/2363/273 2367/2367/272 2368/2368/615 2365/2365/614 
f 2356/2356/271 2366/2366/616 2368/2368/615 2367/2367/272 
f 2366/2366/616 2358/2358/610 2359/2359/609 2368/2368/615 
f 2359/2359/609 2362/2362/611 2365/2365/614 2368/2368/615 
f 2355/2355/270 2364/2364/613 2360/2360/612 2354/2354/288 
f 2406/2406/617 2407/2407/618 2415/2415/619 2411/2411/620 
f 2374/2374/621 2373/2373/622 2375/2375/623 2376/2376/623 
f 2377/2377/624 2380/2380/625 2382/2382/626 2381/2381/627 
f 2380/2380/625 2384/2384/628 2385/2385/629 2382/2382/626 
f 2378/2378/195 2383/2383/198 2385/2385/629 2384/2384/628 
f 2383/2383/198 2387/2387/197 2388/2388/630 2385/2385/629 
f 2379/2379/631 2386/2386/632 2388/2388/630 2387/2387/197 
f 2386/2386/632 2381/2381/627 2382/2382/626 2388/2388/630 
f 2382/2382/626 2385/2385/629 2388/2388/630 
f 2377/2377/633 2378/2378/195 2384/2384/628 2380/2380/625 
f 2389/2389/140 2393/2393/143 2395/2395/634 2394/2394/635 
f 2393/2393/143 2397/2397/142 2398/2398/636 2395/2395/634 
f 2390/2390/141 2396/2396/156 2398/2398/636 2397/2397/142 
f 2396/2396/156 2400/2400/155 2401/2401/637 2398/2398/636 
f 2391/2391/154 2399/2399/638 2401/2401/637 2400/2400/155 
f 2399/2399/638 2403/2403/639 2404/2404/640 2401/2401/637 
f 2392/2392/641 2402/2402/642 2404/2404/640 2403/2403/639 
f 2402/2402/642 2394/2394/635 2395/2395/634 2404/2404/640 
f 2395/2395/634 2398/2398/636 2401/2401/637 2404/2404/640 
f 2392/2392/641 2403/2403/639 2399/2399/638 2391/2391/154 
f 2405/2405/643 2408/2408/644 2410/2410/645 2409/2409/646 
f 2408/2408/644 2412/2412/647 2413/2413/648 2410/2410/645 
f 2406/2406/617 2411/2411/620 2413/2413/648 2412/2412/647 
f 2411/2411/620 2415/2415/619 2416/2416/649 2413/2413/648 
f 2407/2407/618 2414/2414/650 2416/2416/649 2415/2415/619 
f 2414/2414/650 2409/2409/646 2410/2410/645 2416/2416/649 
f 2410/2410/645 2413/2413/648 2416/2416/649 
f 2405/2405/643 2406/2406/617 2412/2412/647 2408/2408/644 
f 2417/2417/118 2421/2421/121 2423/2423/651 2422/2422/652 
f 2421/2421/121 2425/2425/120 2426/2426/653 2423/2423/651 
f 2418/2418/119 2424/2424/654 2426/2426/653 2425/2425/120 
f 2424/2424/654 2428/2428/655 2429/2429/656 2426/2426/653 
f 2419/2419/381 2427/2427/380 2429/2429/656 2428/2428/655 
f 2427/2427/380 2431/2431/379 2432/2432/657 2429/2429/656 
f 2420/2420/378 2430/2430/658 2432/2432/657 2431/2431/379 
f 2430/2430/658 2422/2422/652 2423/2423/651 2432/2432/657 
f 2423/2423/651 2426/2426/653 2429/2429/656 2432/2432/657 
f 2419/2419/381 2428/2428/655 2424/2424/654 2418/2418/119 
f 2433/2433/659 2437/2437/660 2439/2439/661 2438/2438/662 
f 2437/2437/660 2441/2441/663 2442/2442/664 2439/2439/661 
f 2434/2434/665 2440/2440/666 2442/2442/664 2441/2441/663 
f 2440/2440/666 2444/2444/667 2445/2445/668 2442/2442/664 
f 2435/2435/669 2443/2443/670 2445/2445/668 2444/2444/667 
f 2443/2443/670 2447/2447/671 2448/2448/672 2445/2445/668 
f 2436/2436/673 2446/2446/674 2448/2448/672 2447/2447/671 
f 2446/2446/674 2438/2438/662 2439/2439/661 2448/2448/672 
f 2439/2439/661 2442/2442/664 2445/2445/668 2448/2448/672 
f 2434/2434/665 2435/2435/669 2444/2444/667 2440/2440/666 
f 2449/2449/675 2452/2452/676 2454/2454/677 2453/2453/678 
f 2452/2452/676 2456/2456/679 2457/2457/680 2454/2454/677 
f 2450/2450/681 2455/2455/682 2457/2457/680 2456/2456/679 
f 2455/2455/682 2459/2459/683 2460/2460/684 2457/2457/680 
f 2451/2451/685 2458/2458/686 2460/2460/684 2459/2459/683 
f 2458/2458/686 2453/2453/678 2454/2454/677 2460/2460/684 
f 2454/2454/677 2457/2457/680 2460/2460/684 
f 2451/2451/685 2459/2459/683 2455/2455/682 2450/2450/681 
f 2461/2461/687 2464/2464/224 2466/2466/688 2465/2465/689 
f 2464/2464/224 2468/2468/223 2469/2469/690 2466/2466/688 
f 2462/2462/222 2467/2467/691 2469/2469/690 2468/2468/223 
f 2467/2467/691 2471/2471/692 2472/2472/693 2469/2469/690 
f 2463/2463/694 2470/2470/695 2472/2472/693 2471/2471/692 
f 2470/2470/695 2465/2465/689 2466/2466/688 2472/2472/693 
f 2466/2466/688 2469/2469/690 2472/2472/693 
f 2463/2463/696 2471/2471/692 2467/2467/691 2462/2462/222 
f 2473/2473/256 2476/2476/255 2478/2478/697 2477/2477/698 
f 2476/2476/255 2480/2480/254 2481/2481/699 2478/2478/697 
f 2474/2474/253 2479/2479/700 2481/2481/699 2480/2480/254 
f 2479/2479/700 2483/2483/701 2484/2484/702 2481/2481/699 
f 2475/2475/703 2482/2482/704 2484/2484/702 2483/2483/701 
f 2482/2482/704 2477/2477/698 2478/2478/697 2484/2484/702 
f 2478/2478/697 2481/2481/699 2484/2484/702 
f 2475/2475/703 2483/2483/701 2479/2479/700 2474/2474/253 
f 1815/6231/309 3443/3443/705 3491/3491/705 1833/6233/309 
f 1797/6251/12 3386/3386/306 3401/3401/706 1798/6253/12 
f 1798/6253/12 3401/3401/706 3413/3413/298 1799/6256/12 
f 1799/6256/12 3413/3413/298 3425/3425/299 1800/6247/12 
f 1800/6247/309 3425/3425/707 3482/3482/708 1818/6238/309 
f 1796/6240/92 3375/3375/305 3316/3316/346 1778/6181/92 
f 1777/6248/92 3310/3310/709 3246/3246/709 1759/6261/92 
f 1761/6272/12 3266/3266/306 3282/3282/706 1762/6274/12 
f 1762/6274/12 3282/3282/706 3294/3294/710 1763/6277/12 
f 1763/6277/12 3294/3294/710 3306/3306/299 1764/6184/12 
f 1764/6184/309 3306/3306/711 3370/3370/711 1782/6259/309 
f 1744/6268/3 3231/3231/316 3215/3215/301 1743/6270/3 
f 3148/3148/311 3198/3198/312 3213/3213/313 3164/3164/314 
f 1725/6282/12 3162/3162/712 3178/3178/710 1726/6284/12 
f 1726/6284/12 3178/3178/710 3189/3189/713 1727/6278/12 
f 1727/6278/309 3189/3189/708 3242/3242/708 1745/6275/309 
f 1708/6280/3 3115/3115/340 3099/3099/714 1707/6281/3 
f 1705/1705/92 3077/3077/715 3014/3014/715 1687/6287/92 
f 1689/6300/12 3034/3034/306 3049/3049/302 1690/6094/12 
f 1690/6094/12 3049/3049/302 3061/3061/298 1691/6302/12 
f 1691/6302/12 3061/3061/298 3073/3073/299 1692/6293/12 
f 1692/6293/309 3073/3073/716 3138/3138/707 1710/6285/309 
f 1671/6299/309 2971/2971/717 3034/3034/717 1689/6300/309 
f 1668/6250/92 2938/2938/718 2862/2862/718 1650/6303/92 
f 2879/2879/311 2954/2954/312 2969/2969/313 2896/2896/314 
f 1653/6313/12 2894/2894/306 2909/2909/302 1654/6314/12 
f 1654/6314/12 2909/2909/302 2921/2921/298 1655/6316/12 
f 1655/6316/12 2921/2921/298 2934/2934/299 1656/6304/12 
f 1656/6304/309 2934/2934/716 3010/3010/708 1674/1674/309 
f 1652/6311/92 2877/2877/719 2804/2804/719 1634/6310/92 
f 1614/6323/12 2690/2690/720 2702/2702/721 1615/6122/12 
f 1615/6122/12 2702/2702/721 2714/2714/722 1616/6326/12 
f 2716/2716/311 2802/2802/312 2817/2817/313 2732/2732/314 
f 1617/6147/12 2730/2730/306 2746/2746/706 1618/6328/12 
f 1618/6328/12 2746/2746/706 2758/2758/710 1619/6329/12 
f 1619/6329/12 2758/2758/710 2770/2770/299 1620/6321/12 
f 1620/6321/309 2770/2770/707 2858/2858/708 1638/6318/309 
f 1600/1600/3 2659/2659/297 2643/2643/301 1599/6327/3 
f 1595/6175/92 2597/2597/709 2518/2518/709 1577/1577/92 
f 1579/1579/12 2533/2533/298 2545/2545/298 1580/6333/12 
f 1580/6333/12 2545/2545/298 2557/2557/710 1581/6110/12 
f 1581/6110/12 2557/2557/710 2569/2569/298 1582/6334/12 
f 1582/6334/12 2569/2569/298 2581/2581/710 1583/6131/12 
f 1583/6131/12 2581/2581/710 2593/2593/713 1584/6332/12 
f 1584/6332/309 2593/2593/711 2682/2682/708 1602/6331/309 
f 1494/6356/3 2514/2514/307 2503/2503/296 1493/1493/3 
f 1836/6239/309 3530/3530/707 2514/2514/707 1494/6356/309 
f 2522/2522/343 2602/2602/344 2613/2613/329 2535/2535/345 
f 2534/2534/343 2614/2614/350 2625/2625/351 2547/2547/345 
f 1633/6307/3 2791/2791/349 2779/2779/358 1632/6305/3 
f 2546/2546/343 2626/2626/312 2641/2641/313 2559/2559/345 
f 1634/6310/3 2804/2804/723 2791/2791/349 1633/6307/3 
f 2558/2558/343 2642/2642/328 2657/2657/329 2571/2571/345 
f 2803/2803/325 2878/2878/326 2893/2893/323 2820/2820/324 
f 2570/2570/343 2658/2658/344 2669/2669/329 2583/2583/345 
f 1596/6322/3 2603/2603/358 2597/2597/724 1595/6175/3 
f 2582/2582/317 2670/2670/318 2681/2681/725 2594/2594/342 
f 1635/1635/309 2819/2819/310 2894/2894/310 1653/6313/309 
f 3013/3013/334 3078/3078/335 3081/3081/336 3020/3020/337 
f 1638/6318/3 2858/2858/726 2847/2847/296 1637/1637/3 
f 1650/6303/12 2862/2862/727 2865/2865/360 1651/6309/12 
f 3492/3492/728 2485/2485/729 2489/2489/354 3507/3507/347 
f 3035/3035/730 3098/3098/328 3113/3113/731 3051/3051/347 
f 1780/6087/3 3347/3347/340 3331/3331/714 1779/6249/3 
f 3506/3506/732 2490/2490/344 2501/2501/329 3519/3519/733 
f 1760/6266/92 3250/3250/734 3200/3200/734 1742/6263/92 
f 3050/3050/732 3114/3114/735 3125/3125/731 3063/3063/733 
f 1781/6254/3 3359/3359/308 3347/3347/340 1780/6087/3 
f 3518/3518/317 2502/2502/318 2513/2513/725 3529/3529/342 
f 1723/6218/12 3142/3142/736 3146/3146/737 1724/6279/12 
f 3062/3062/317 3126/3126/318 3137/3137/725 3074/3074/342 
f 1743/6270/309 3215/3215/310 3266/3266/310 1761/6272/309 
f 1759/6261/12 3246/3246/331 3250/3250/332 1760/6266/12 
f 1613/6319/12 2686/2686/738 2690/2690/720 1614/6323/12 
f 3387/3387/327 3442/3442/328 3457/3457/731 3403/3403/330 
f 2955/2955/325 3018/3018/326 3033/3033/323 2972/2972/324 
f 1742/6263/3 3200/3200/739 3193/3193/724 1741/6264/3 
f 3402/3402/732 3458/3458/344 3469/3469/731 3415/3415/733 
f 1672/1672/3 2987/2987/340 2971/2971/714 1671/6299/3 
f 3414/3414/317 3470/3470/318 3481/3481/725 3426/3426/740 
f 1597/6157/3 2615/2615/741 2603/2603/358 1596/6322/3 
f 1598/6325/3 2628/2628/348 2615/2615/741 1597/6157/3 
f 1616/6326/92 2714/2714/734 2628/2628/734 1598/6325/92 
f 1632/6305/3 2779/2779/358 2773/2773/724 1631/6306/3 
f 2861/2861/334 2937/2937/742 2941/2941/354 2867/2867/355 
f 1599/6327/309 2643/2643/310 2730/2730/310 1617/6147/309 
f 2866/2866/732 2942/2942/350 2953/2953/743 2880/2880/352 
f 1602/6331/3 2682/2682/307 2671/2671/296 1601/1601/3 
f 1631/6306/92 2773/2773/709 2686/2686/709 1613/6319/92 
f 2895/2895/327 2970/2970/328 2985/2985/731 2911/2911/347 
f 3430/3430/744 3486/3486/745 3490/3490/746 3444/3444/324 
f 1724/6279/92 3146/3146/719 3084/3084/719 1706/1706/92 
f 2910/2910/732 2986/2986/735 2997/2997/731 2923/2923/733 
f 1816/6230/3 3459/3459/340 3443/3443/714 1815/6231/3 
f 3252/3252/311 3314/3314/312 3329/3329/313 3268/3268/314 
f 2922/2922/317 2998/2998/318 3009/3009/341 2933/2933/342 
f 1707/6281/309 3099/3099/310 3162/3162/310 1725/6282/309 
f 3245/3245/334 3309/3309/335 3313/3313/336 3249/3249/337 
f 2489/2489/354 2493/2493/747 2494/2494/748 2492/2492/749 
f 2492/2492/749 2494/2494/748 2497/2497/750 2496/2496/751 
f 2490/2490/344 2496/2496/751 2497/2497/750 2495/2495/752 
f 2495/2495/752 2497/2497/750 2500/2500/753 2499/2499/754 
f 2491/2491/358 2499/2499/754 2500/2500/753 2498/2498/755 
f 2498/2498/755 2500/2500/753 2494/2494/748 2493/2493/756 
f 2494/2494/748 2500/2500/753 2497/2497/750 
f 2501/2501/329 2505/2505/757 2506/2506/758 2504/2504/749 
f 2504/2504/749 2506/2506/758 2509/2509/759 2508/2508/751 
f 2502/2502/318 2508/2508/751 2509/2509/759 2507/2507/760 
f 2507/2507/760 2509/2509/759 2512/2512/761 2511/2511/762 
f 2503/2503/296 2511/2511/762 2512/2512/761 2510/2510/763 
f 2510/2510/763 2512/2512/761 2506/2506/758 2505/2505/757 
f 2506/2506/758 2512/2512/761 2509/2509/759 
f 2521/2521/300 2525/2525/764 2526/2526/765 2524/2524/766 
f 2524/2524/766 2526/2526/765 2529/2529/767 2528/2528/768 
f 2522/2522/343 2528/2528/768 2529/2529/767 2527/2527/769 
f 2527/2527/769 2529/2529/767 2532/2532/770 2531/2531/771 
f 2523/2523/355 2531/2531/771 2532/2532/770 2530/2530/772 
f 2530/2530/772 2532/2532/770 2526/2526/765 2525/2525/764 
f 2526/2526/765 2532/2532/770 2529/2529/767 
f 2533/2533/298 2537/2537/773 2538/2538/774 2536/2536/775 
f 2536/2536/775 2538/2538/774 2541/2541/776 2540/2540/768 
f 2534/2534/343 2540/2540/768 2541/2541/776 2539/2539/769 
f 2539/2539/769 2541/2541/776 2544/2544/770 2543/2543/771 
f 2535/2535/345 2543/2543/771 2544/2544/770 2542/2542/777 
f 2542/2542/777 2544/2544/770 2538/2538/774 2537/2537/773 
f 2538/2538/774 2544/2544/770 2541/2541/776 
f 2545/2545/298 2549/2549/773 2550/2550/774 2548/2548/775 
f 2548/2548/775 2550/2550/774 2553/2553/767 2552/2552/768 
f 2546/2546/343 2552/2552/768 2553/2553/767 2551/2551/769 
f 2551/2551/769 2553/2553/767 2556/2556/770 2555/2555/771 
f 2547/2547/345 2555/2555/771 2556/2556/770 2554/2554/777 
f 2554/2554/777 2556/2556/770 2550/2550/774 2549/2549/773 
f 2550/2550/774 2556/2556/770 2553/2553/767 
f 2557/2557/710 2561/2561/773 2562/2562/765 2560/2560/766 
f 2560/2560/766 2562/2562/765 2565/2565/767 2564/2564/768 
f 2558/2558/343 2564/2564/768 2565/2565/767 2563/2563/769 
f 2563/2563/769 2565/2565/767 2568/2568/770 2567/2567/771 
f 2559/2559/345 2567/2567/771 2568/2568/770 2566/2566/777 
f 2566/2566/777 2568/2568/770 2562/2562/765 2561/2561/773 
f 2562/2562/765 2568/2568/770 2565/2565/767 
f 2569/2569/298 2573/2573/773 2574/2574/778 2572/2572/766 
f 2572/2572/766 2574/2574/778 2577/2577/767 2576/2576/768 
f 2570/2570/343 2576/2576/768 2577/2577/767 2575/2575/769 
f 2575/2575/769 2577/2577/767 2580/2580/779 2579/2579/771 
f 2571/2571/345 2579/2579/771 2580/2580/779 2578/2578/777 
f 2578/2578/777 2580/2580/779 2574/2574/778 2573/2573/773 
f 2574/2574/778 2580/2580/779 2577/2577/767 
f 2581/2581/710 2585/2585/773 2586/2586/774 2584/2584/780 
f 2584/2584/780 2586/2586/774 2589/2589/767 2588/2588/781 
f 2582/2582/317 2588/2588/782 2589/2589/767 2587/2587/769 
f 2587/2587/769 2589/2589/767 2592/2592/770 2591/2591/771 
f 2583/2583/345 2591/2591/771 2592/2592/770 2590/2590/783 
f 2590/2590/783 2592/2592/770 2586/2586/774 2585/2585/773 
f 2586/2586/774 2592/2592/770 2589/2589/767 
f 2601/2601/354 2605/2605/747 2606/2606/758 2604/2604/749 
f 2604/2604/749 2606/2606/758 2609/2609/784 2608/2608/751 
f 2602/2602/344 2608/2608/751 2609/2609/784 2607/2607/752 
f 2607/2607/752 2609/2609/784 2612/2612/785 2611/2611/786 
f 2603/2603/358 2611/2611/786 2612/2612/785 2610/2610/787 
f 2610/2610/787 2612/2612/785 2606/2606/758 2605/2605/788 
f 2606/2606/758 2612/2612/785 2609/2609/784 
f 2613/2613/329 2617/2617/789 2618/2618/758 2616/2616/749 
f 2616/2616/749 2618/2618/758 2621/2621/790 2620/2620/751 
f 2614/2614/350 2620/2620/751 2621/2621/790 2619/2619/791 
f 2619/2619/791 2621/2621/790 2624/2624/761 2623/2623/792 
f 2615/2615/741 2623/2623/792 2624/2624/761 2622/2622/763 
f 2622/2622/763 2624/2624/761 2618/2618/758 2617/2617/789 
f 2618/2618/758 2624/2624/761 2621/2621/790 
f 2625/2625/351 2630/2630/793 2631/2631/794 2629/2629/795 
f 2629/2629/795 2631/2631/794 2634/2634/796 2633/2633/797 
f 2626/2626/312 2633/2633/797 2634/2634/796 2632/2632/798 
f 2632/2632/798 2634/2634/796 2637/2637/799 2636/2636/800 
f 2627/2627/325 2636/2636/800 2637/2637/799 2635/2635/801 
f 2635/2635/801 2637/2637/799 2640/2640/802 2639/2639/803 
f 2628/2628/804 2639/2639/805 2640/2640/805 2638/2638/805 
f 2638/2638/806 2640/2640/802 2631/2631/794 2630/2630/793 
f 2631/2631/794 2640/2640/802 2637/2637/799 2634/2634/796 
f 2641/2641/313 2646/2646/807 2647/2647/808 2645/2645/809 
f 2645/2645/809 2647/2647/808 2650/2650/810 2649/2649/811 
f 2642/2642/328 2649/2649/811 2650/2650/810 2648/2648/812 
f 2648/2648/813 2650/2650/810 2653/2653/814 2652/2652/815 
f 2643/2643/816 2652/2652/817 2653/2653/817 2651/2651/817 
f 2651/2651/818 2653/2653/814 2656/2656/819 2655/2655/820 
f 2644/2644/324 2655/2655/820 2656/2656/819 2654/2654/821 
f 2654/2654/821 2656/2656/819 2647/2647/808 2646/2646/807 
f 2647/2647/808 2656/2656/819 2653/2653/814 2650/2650/810 
f 2657/2657/329 2661/2661/822 2662/2662/823 2660/2660/749 
f 2660/2660/749 2662/2662/823 2665/2665/784 2664/2664/751 
f 2658/2658/344 2664/2664/751 2665/2665/784 2663/2663/752 
f 2663/2663/752 2665/2665/784 2668/2668/753 2667/2667/786 
f 2659/2659/297 2667/2667/786 2668/2668/753 2666/2666/824 
f 2666/2666/824 2668/2668/753 2662/2662/823 2661/2661/825 
f 2662/2662/823 2668/2668/753 2665/2665/784 
f 2669/2669/329 2673/2673/789 2674/2674/758 2672/2672/749 
f 2672/2672/749 2674/2674/758 2677/2677/826 2676/2676/751 
f 2670/2670/318 2676/2676/751 2677/2677/826 2675/2675/760 
f 2675/2675/760 2677/2677/826 2680/2680/785 2679/2679/827 
f 2671/2671/296 2679/2679/827 2680/2680/785 2678/2678/763 
f 2678/2678/763 2680/2680/785 2674/2674/758 2673/2673/789 
f 2674/2674/758 2680/2680/785 2677/2677/826 
f 2689/2689/355 2693/2693/771 2694/2694/779 2692/2692/828 
f 2692/2692/828 2694/2694/779 2697/2697/829 2696/2696/764 
f 2690/2690/720 2696/2696/764 2697/2697/829 2695/2695/830 
f 2695/2695/830 2697/2697/829 2700/2700/831 2699/2699/832 
f 2691/2691/343 2699/2699/832 2700/2700/831 2698/2698/769 
f 2698/2698/769 2700/2700/831 2694/2694/779 2693/2693/771 
f 2694/2694/779 2700/2700/831 2697/2697/829 
f 2701/2701/345 2705/2705/833 2706/2706/779 2704/2704/834 
f 2704/2704/834 2706/2706/779 2709/2709/835 2708/2708/836 
f 2702/2702/721 2708/2708/836 2709/2709/835 2707/2707/837 
f 2707/2707/837 2709/2709/835 2712/2712/838 2711/2711/839 
f 2703/2703/343 2711/2711/840 2712/2712/838 2710/2710/841 
f 2710/2710/841 2712/2712/838 2706/2706/779 2705/2705/833 
f 2706/2706/779 2712/2712/838 2709/2709/835 
f 2713/2713/352 2718/2718/842 2719/2719/843 2717/2717/844 
f 2717/2717/845 2719/2719/843 2722/2722/846 2721/2721/847 
f 2714/2714/848 2721/2721/848 2722/2722/848 2720/2720/848 
f 2720/2720/849 2722/2722/846 2725/2725/850 2724/2724/851 
f 2715/2715/326 2724/2724/851 2725/2725/850 2723/2723/852 
f 2723/2723/852 2725/2725/850 2728/2728/853 2727/2727/854 
f 2716/2716/311 2727/2727/854 2728/2728/853 2726/2726/855 
f 2726/2726/855 2728/2728/853 2719/2719/843 2718/2718/842 
f 2719/2719/843 2728/2728/853 2725/2725/850 2722/2722/846 
f 2729/2729/323 2734/2734/856 2735/2735/857 2733/2733/858 
f 2733/2733/858 2735/2735/857 2738/2738/859 2737/2737/860 
f 2730/2730/861 2737/2737/861 2738/2738/861 2736/2736/861 
f 2736/2736/862 2738/2738/859 2741/2741/863 2740/2740/864 
f 2731/2731/327 2740/2740/864 2741/2741/863 2739/2739/865 
f 2739/2739/865 2741/2741/863 2744/2744/866 2743/2743/867 
f 2732/2732/314 2743/2743/867 2744/2744/866 2742/2742/868 
f 2742/2742/868 2744/2744/866 2735/2735/857 2734/2734/856 
f 2735/2735/857 2744/2744/866 2741/2741/863 2738/2738/859 
f 2745/2745/347 2749/2749/771 2750/2750/869 2748/2748/870 
f 2748/2748/870 2750/2750/869 2753/2753/829 2752/2752/871 
f 2746/2746/706 2752/2752/871 2753/2753/829 2751/2751/766 
f 2751/2751/766 2753/2753/829 2756/2756/767 2755/2755/872 
f 2747/2747/343 2755/2755/872 2756/2756/767 2754/2754/769 
f 2754/2754/769 2756/2756/767 2750/2750/869 2749/2749/771 
f 2750/2750/869 2756/2756/767 2753/2753/829 
f 2757/2757/345 2761/2761/771 2762/2762/770 2760/2760/834 
f 2760/2760/834 2762/2762/770 2765/2765/774 2764/2764/773 
f 2758/2758/710 2764/2764/773 2765/2765/774 2763/2763/780 
f 2763/2763/780 2765/2765/774 2768/2768/767 2767/2767/873 
f 2759/2759/317 2767/2767/782 2768/2768/767 2766/2766/769 
f 2766/2766/769 2768/2768/767 2762/2762/770 2761/2761/771 
f 2762/2762/770 2768/2768/767 2765/2765/774 
f 2777/2777/354 2781/2781/747 2782/2782/758 2780/2780/749 
f 2780/2780/749 2782/2782/758 2785/2785/759 2784/2784/751 
f 2778/2778/344 2784/2784/751 2785/2785/759 2783/2783/874 
f 2783/2783/874 2785/2785/759 2788/2788/875 2787/2787/786 
f 2779/2779/358 2787/2787/786 2788/2788/875 2786/2786/787 
f 2786/2786/787 2788/2788/875 2782/2782/758 2781/2781/788 
f 2782/2782/758 2788/2788/875 2785/2785/759 
f 2789/2789/329 2793/2793/876 2794/2794/758 2792/2792/749 
f 2792/2792/749 2794/2794/758 2797/2797/784 2796/2796/751 
f 2790/2790/350 2796/2796/751 2797/2797/784 2795/2795/791 
f 2795/2795/791 2797/2797/784 2800/2800/877 2799/2799/792 
f 2791/2791/349 2799/2799/792 2800/2800/877 2798/2798/878 
f 2798/2798/878 2800/2800/877 2794/2794/758 2793/2793/876 
f 2794/2794/758 2800/2800/877 2797/2797/784 
f 2801/2801/351 2806/2806/879 2807/2807/880 2805/2805/795 
f 2805/2805/795 2807/2807/880 2810/2810/796 2809/2809/797 
f 2802/2802/312 2809/2809/797 2810/2810/796 2808/2808/798 
f 2808/2808/798 2810/2810/796 2813/2813/881 2812/2812/800 
f 2803/2803/325 2812/2812/800 2813/2813/881 2811/2811/801 
f 2811/2811/801 2813/2813/881 2816/2816/882 2815/2815/803 
f 2804/2804/804 2815/2815/804 2816/2816/804 2814/2814/804 
f 2814/2814/883 2816/2816/882 2807/2807/880 2806/2806/879 
f 2807/2807/880 2816/2816/882 2813/2813/881 2810/2810/796 
f 2817/2817/313 2822/2822/884 2823/2823/885 2821/2821/809 
f 2821/2821/809 2823/2823/885 2826/2826/886 2825/2825/811 
f 2818/2818/328 2825/2825/811 2826/2826/886 2824/2824/812 
f 2824/2824/813 2826/2826/886 2829/2829/887 2828/2828/888 
f 2819/2819/889 2828/2828/889 2829/2829/890 2827/2827/889 
f 2827/2827/818 2829/2829/887 2832/2832/891 2831/2831/820 
f 2820/2820/324 2831/2831/820 2832/2832/891 2830/2830/821 
f 2830/2830/821 2832/2832/891 2823/2823/885 2822/2822/884 
f 2823/2823/885 2832/2832/891 2829/2829/887 2826/2826/886 
f 2833/2833/329 2837/2837/892 2838/2838/893 2836/2836/749 
f 2836/2836/749 2838/2838/893 2841/2841/750 2840/2840/751 
f 2834/2834/344 2840/2840/751 2841/2841/750 2839/2839/874 
f 2839/2839/874 2841/2841/750 2844/2844/753 2843/2843/786 
f 2835/2835/297 2843/2843/786 2844/2844/753 2842/2842/894 
f 2842/2842/894 2844/2844/753 2838/2838/893 2837/2837/895 
f 2838/2838/893 2844/2844/753 2841/2841/750 
f 2845/2845/329 2849/2849/876 2850/2850/893 2848/2848/749 
f 2848/2848/749 2850/2850/893 2853/2853/826 2852/2852/896 
f 2846/2846/318 2852/2852/896 2853/2853/826 2851/2851/760 
f 2851/2851/760 2853/2853/826 2856/2856/877 2855/2855/827 
f 2847/2847/296 2855/2855/827 2856/2856/877 2854/2854/878 
f 2854/2854/878 2856/2856/877 2850/2850/893 2849/2849/876 
f 2850/2850/893 2856/2856/877 2853/2853/826 
f 2865/2865/360 2869/2869/897 2870/2870/774 2868/2868/898 
f 2868/2868/898 2870/2870/774 2873/2873/838 2872/2872/899 
f 2866/2866/732 2872/2872/900 2873/2873/838 2871/2871/769 
f 2871/2871/769 2873/2873/838 2876/2876/779 2875/2875/771 
f 2867/2867/355 2875/2875/771 2876/2876/779 2874/2874/828 
f 2874/2874/828 2876/2876/779 2870/2870/774 2869/2869/897 
f 2870/2870/774 2876/2876/779 2873/2873/838 
f 2877/2877/901 2882/2882/901 2883/2883/902 2881/2881/901 
f 2881/2881/903 2883/2883/904 2886/2886/905 2885/2885/851 
f 2878/2878/326 2885/2885/851 2886/2886/905 2884/2884/852 
f 2884/2884/852 2886/2886/905 2889/2889/906 2888/2888/854 
f 2879/2879/311 2888/2888/854 2889/2889/906 2887/2887/855 
f 2887/2887/855 2889/2889/906 2892/2892/907 2891/2891/842 
f 2880/2880/352 2891/2891/842 2892/2892/907 2890/2890/844 
f 2890/2890/908 2892/2892/907 2883/2883/904 2882/2882/847 
f 2883/2883/904 2892/2892/907 2889/2889/906 2886/2886/905 
f 2893/2893/323 2898/2898/909 2899/2899/910 2897/2897/858 
f 2897/2897/858 2899/2899/910 2902/2902/859 2901/2901/911 
f 2894/2894/912 2901/2901/912 2902/2902/913 2900/2900/912 
f 2900/2900/914 2902/2902/859 2905/2905/915 2904/2904/916 
f 2895/2895/327 2904/2904/916 2905/2905/915 2903/2903/865 
f 2903/2903/865 2905/2905/915 2908/2908/917 2907/2907/867 
f 2896/2896/314 2907/2907/867 2908/2908/917 2906/2906/918 
f 2906/2906/918 2908/2908/917 2899/2899/910 2898/2898/909 
f 2899/2899/910 2908/2908/917 2905/2905/915 2902/2902/859 
f 2909/2909/302 2913/2913/919 2914/2914/920 2912/2912/921 
f 2912/2912/921 2914/2914/920 2917/2917/838 2916/2916/832 
f 2910/2910/732 2916/2916/832 2917/2917/838 2915/2915/769 
f 2915/2915/769 2917/2917/838 2920/2920/922 2919/2919/771 
f 2911/2911/347 2919/2919/771 2920/2920/922 2918/2918/870 
f 2918/2918/870 2920/2920/922 2914/2914/920 2913/2913/919 
f 2914/2914/920 2920/2920/922 2917/2917/838 
f 2921/2921/298 2925/2925/923 2926/2926/774 2924/2924/924 
f 2924/2924/924 2926/2926/774 2929/2929/925 2928/2928/873 
f 2922/2922/317 2928/2928/782 2929/2929/925 2927/2927/769 
f 2927/2927/769 2929/2929/925 2932/2932/779 2931/2931/926 
f 2923/2923/733 2931/2931/926 2932/2932/779 2930/2930/927 
f 2930/2930/927 2932/2932/779 2926/2926/774 2925/2925/923 
f 2926/2926/774 2932/2932/779 2929/2929/925 
f 2941/2941/354 2945/2945/747 2946/2946/823 2944/2944/928 
f 2944/2944/928 2946/2946/823 2949/2949/790 2948/2948/896 
f 2942/2942/350 2948/2948/896 2949/2949/790 2947/2947/791 
f 2947/2947/791 2949/2949/790 2952/2952/877 2951/2951/929 
f 2943/2943/349 2951/2951/929 2952/2952/877 2950/2950/755 
f 2950/2950/755 2952/2952/877 2946/2946/823 2945/2945/756 
f 2946/2946/823 2952/2952/877 2949/2949/790 
f 2953/2953/743 2958/2958/793 2959/2959/880 2957/2957/795 
f 2957/2957/795 2959/2959/880 2962/2962/796 2961/2961/797 
f 2954/2954/312 2961/2961/797 2962/2962/796 2960/2960/930 
f 2960/2960/930 2962/2962/796 2965/2965/799 2964/2964/800 
f 2955/2955/325 2964/2964/800 2965/2965/799 2963/2963/801 
f 2963/2963/801 2965/2965/799 2968/2968/882 2967/2967/803 
f 2956/2956/931 2967/2967/931 2968/2968/931 2966/2966/931 
f 2966/2966/932 2968/2968/882 2959/2959/880 2958/2958/793 
f 2959/2959/880 2968/2968/882 2965/2965/799 2962/2962/796 
f 2969/2969/313 2974/2974/884 2975/2975/885 2973/2973/809 
f 2973/2973/809 2975/2975/885 2978/2978/933 2977/2977/811 
f 2970/2970/328 2977/2977/811 2978/2978/933 2976/2976/934 
f 2976/2976/813 2978/2978/933 2981/2981/887 2980/2980/815 
f 2971/2971/935 2980/2980/935 2981/2981/936 2979/2979/935 
f 2979/2979/818 2981/2981/887 2984/2984/937 2983/2983/820 
f 2972/2972/324 2983/2983/820 2984/2984/937 2982/2982/821 
f 2982/2982/821 2984/2984/937 2975/2975/885 2974/2974/884 
f 2975/2975/885 2984/2984/937 2981/2981/887 2978/2978/933 
f 2985/2985/731 2989/2989/938 2990/2990/939 2988/2988/749 
f 2988/2988/749 2990/2990/939 2993/2993/750 2992/2992/940 
f 2986/2986/735 2992/2992/940 2993/2993/750 2991/2991/941 
f 2991/2991/941 2993/2993/750 2996/2996/785 2995/2995/786 
f 2987/2987/340 2995/2995/786 2996/2996/785 2994/2994/942 
f 2994/2994/942 2996/2996/785 2990/2990/939 2989/2989/895 
f 2990/2990/939 2996/2996/785 2993/2993/750 
f 2997/2997/731 3001/3001/789 3002/3002/823 3000/3000/928 
f 3000/3000/928 3002/3002/823 3005/3005/826 3004/3004/896 
f 2998/2998/318 3004/3004/896 3005/3005/826 3003/3003/760 
f 3003/3003/760 3005/3005/826 3008/3008/877 3007/3007/762 
f 2999/2999/333 3007/3007/762 3008/3008/877 3006/3006/943 
f 3006/3006/943 3008/3008/877 3002/3002/823 3001/3001/789 
f 3002/3002/823 3008/3008/877 3005/3005/826 
f 3017/3017/944 3022/3022/944 3023/3023/944 3021/3021/944 
f 3021/3021/849 3023/3023/904 3026/3026/850 3025/3025/851 
f 3018/3018/326 3025/3025/851 3026/3026/850 3024/3024/852 
f 3024/3024/852 3026/3026/850 3029/3029/853 3028/3028/945 
f 3019/3019/311 3028/3028/945 3029/3029/853 3027/3027/855 
f 3027/3027/855 3029/3029/853 3032/3032/907 3031/3031/842 
f 3020/3020/337 3031/3031/842 3032/3032/907 3030/3030/946 
f 3030/3030/946 3032/3032/907 3023/3023/904 3022/3022/947 
f 3023/3023/904 3032/3032/907 3029/3029/853 3026/3026/850 
f 3033/3033/323 3038/3038/856 3039/3039/948 3037/3037/858 
f 3037/3037/858 3039/3039/948 3042/3042/949 3041/3041/860 
f 3034/3034/950 3041/3041/951 3042/3042/951 3040/3040/951 
f 3040/3040/952 3042/3042/949 3045/3045/953 3044/3044/916 
f 3035/3035/730 3044/3044/916 3045/3045/953 3043/3043/865 
f 3043/3043/865 3045/3045/953 3048/3048/954 3047/3047/867 
f 3036/3036/314 3047/3047/867 3048/3048/954 3046/3046/955 
f 3046/3046/955 3048/3048/954 3039/3039/948 3038/3038/856 
f 3039/3039/948 3048/3048/954 3045/3045/953 3042/3042/949 
f 3049/3049/302 3053/3053/919 3054/3054/920 3052/3052/921 
f 3052/3052/921 3054/3054/920 3057/3057/838 3056/3056/832 
f 3050/3050/732 3056/3056/832 3057/3057/838 3055/3055/769 
f 3055/3055/769 3057/3057/838 3060/3060/922 3059/3059/771 
f 3051/3051/347 3059/3059/771 3060/3060/922 3058/3058/870 
f 3058/3058/870 3060/3060/922 3054/3054/920 3053/3053/919 
f 3054/3054/920 3060/3060/922 3057/3057/838 
f 3061/3061/298 3065/3065/923 3066/3066/774 3064/3064/924 
f 3064/3064/924 3066/3066/774 3069/3069/956 3068/3068/873 
f 3062/3062/317 3068/3068/782 3069/3069/956 3067/3067/769 
f 3067/3067/769 3069/3069/956 3072/3072/779 3071/3071/926 
f 3063/3063/733 3071/3071/926 3072/3072/779 3070/3070/927 
f 3070/3070/927 3072/3072/779 3066/3066/774 3065/3065/923 
f 3066/3066/774 3072/3072/779 3069/3069/956 
f 3081/3081/336 3086/3086/957 3087/3087/880 3085/3085/795 
f 3085/3085/795 3087/3087/880 3090/3090/796 3089/3089/797 
f 3082/3082/312 3089/3089/797 3090/3090/796 3088/3088/798 
f 3088/3088/798 3090/3090/796 3093/3093/958 3092/3092/800 
f 3083/3083/325 3092/3092/800 3093/3093/958 3091/3091/801 
f 3091/3091/801 3093/3093/958 3096/3096/882 3095/3095/803 
f 3084/3084/959 3095/3095/959 3096/3096/959 3094/3094/959 
f 3094/3094/960 3096/3096/882 3087/3087/880 3086/3086/957 
f 3087/3087/880 3096/3096/882 3093/3093/958 3090/3090/796 
f 3097/3097/313 3102/3102/807 3103/3103/961 3101/3101/809 
f 3101/3101/809 3103/3103/961 3106/3106/962 3105/3105/811 
f 3098/3098/328 3105/3105/811 3106/3106/962 3104/3104/812 
f 3104/3104/813 3106/3106/962 3109/3109/963 3108/3108/815 
f 3099/3099/889 3108/3108/964 3109/3109/889 3107/3107/964 
f 3107/3107/965 3109/3109/963 3112/3112/966 3111/3111/820 
f 3100/3100/324 3111/3111/820 3112/3112/966 3110/3110/967 
f 3110/3110/967 3112/3112/966 3103/3103/961 3102/3102/807 
f 3103/3103/961 3112/3112/966 3109/3109/963 3106/3106/962 
f 3113/3113/731 3117/3117/938 3118/3118/823 3116/3116/749 
f 3116/3116/749 3118/3118/823 3121/3121/759 3120/3120/751 
f 3114/3114/735 3120/3120/751 3121/3121/759 3119/3119/752 
f 3119/3119/752 3121/3121/759 3124/3124/875 3123/3123/786 
f 3115/3115/340 3123/3123/786 3124/3124/875 3122/3122/968 
f 3122/3122/968 3124/3124/875 3118/3118/823 3117/3117/969 
f 3118/3118/823 3124/3124/875 3121/3121/759 
f 3125/3125/731 3129/3129/970 3130/3130/823 3128/3128/928 
f 3128/3128/928 3130/3130/823 3133/3133/826 3132/3132/751 
f 3126/3126/318 3132/3132/751 3133/3133/826 3131/3131/760 
f 3131/3131/760 3133/3133/826 3136/3136/877 3135/3135/971 
f 3127/3127/333 3135/3135/971 3136/3136/877 3134/3134/943 
f 3134/3134/943 3136/3136/877 3130/3130/823 3129/3129/970 
f 3130/3130/823 3136/3136/877 3133/3133/826 
f 3145/3145/337 3150/3150/842 3151/3151/843 3149/3149/972 
f 3149/3149/972 3151/3151/843 3154/3154/846 3153/3153/947 
f 3146/3146/973 3153/3153/973 3154/3154/973 3152/3152/973 
f 3152/3152/903 3154/3154/846 3157/3157/974 3156/3156/851 
f 3147/3147/326 3156/3156/851 3157/3157/974 3155/3155/852 
f 3155/3155/852 3157/3157/974 3160/3160/853 3159/3159/854 
f 3148/3148/311 3159/3159/854 3160/3160/853 3158/3158/855 
f 3158/3158/855 3160/3160/853 3151/3151/843 3150/3150/842 
f 3151/3151/843 3160/3160/853 3157/3157/974 3154/3154/846 
f 3161/3161/323 3166/3166/856 3167/3167/910 3165/3165/858 
f 3165/3165/858 3167/3167/910 3170/3170/975 3169/3169/860 
f 3162/3162/976 3169/3169/861 3170/3170/861 3168/3168/861 
f 3168/3168/862 3170/3170/975 3173/3173/915 3172/3172/977 
f 3163/3163/327 3172/3172/977 3173/3173/915 3171/3171/865 
f 3171/3171/865 3173/3173/915 3176/3176/954 3175/3175/867 
f 3164/3164/314 3175/3175/867 3176/3176/954 3174/3174/955 
f 3174/3174/955 3176/3176/954 3167/3167/910 3166/3166/856 
f 3167/3167/910 3176/3176/954 3173/3173/915 3170/3170/975 
f 3177/3177/330 3181/3181/771 3182/3182/779 3180/3180/870 
f 3180/3180/870 3182/3182/779 3185/3185/920 3184/3184/871 
f 3178/3178/710 3184/3184/871 3185/3185/920 3183/3183/978 
f 3183/3183/978 3185/3185/920 3188/3188/831 3187/3187/979 
f 3179/3179/317 3187/3187/782 3188/3188/831 3186/3186/769 
f 3186/3186/769 3188/3188/831 3182/3182/779 3181/3181/771 
f 3182/3182/779 3188/3188/831 3185/3185/920 
f 3197/3197/336 3202/3202/980 3203/3203/794 3201/3201/795 
f 3201/3201/795 3203/3203/794 3206/3206/796 3205/3205/797 
f 3198/3198/312 3205/3205/797 3206/3206/796 3204/3204/798 
f 3204/3204/798 3206/3206/796 3209/3209/981 3208/3208/800 
f 3199/3199/325 3208/3208/800 3209/3209/981 3207/3207/801 
f 3207/3207/801 3209/3209/981 3212/3212/802 3211/3211/982 
f 3200/3200/983 3211/3211/805 3212/3212/805 3210/3210/805 
f 3210/3210/960 3212/3212/802 3203/3203/794 3202/3202/980 
f 3203/3203/794 3212/3212/802 3209/3209/981 3206/3206/796 
f 3213/3213/313 3218/3218/807 3219/3219/961 3217/3217/809 
f 3217/3217/809 3219/3219/961 3222/3222/810 3221/3221/811 
f 3214/3214/328 3221/3221/811 3222/3222/810 3220/3220/812 
f 3220/3220/813 3222/3222/810 3225/3225/963 3224/3224/815 
f 3215/3215/816 3224/3224/817 3225/3225/817 3223/3223/817 
f 3223/3223/818 3225/3225/963 3228/3228/984 3227/3227/820 
f 3216/3216/324 3227/3227/820 3228/3228/984 3226/3226/821 
f 3226/3226/821 3228/3228/984 3219/3219/961 3218/3218/807 
f 3219/3219/961 3228/3228/984 3225/3225/963 3222/3222/810 
f 3229/3229/329 3233/3233/892 3234/3234/985 3232/3232/986 
f 3232/3232/986 3234/3234/985 3237/3237/750 3236/3236/940 
f 3230/3230/318 3236/3236/940 3237/3237/750 3235/3235/987 
f 3235/3235/987 3237/3237/750 3240/3240/988 3239/3239/989 
f 3231/3231/316 3239/3239/989 3240/3240/988 3238/3238/894 
f 3238/3238/894 3240/3240/988 3234/3234/985 3233/3233/895 
f 3234/3234/985 3240/3240/988 3237/3237/750 
f 3249/3249/337 3254/3254/842 3255/3255/843 3253/3253/946 
f 3253/3253/946 3255/3255/843 3258/3258/904 3257/3257/947 
f 3250/3250/990 3257/3257/990 3258/3258/990 3256/3256/990 
f 3256/3256/849 3258/3258/904 3261/3261/850 3260/3260/851 
f 3251/3251/326 3260/3260/851 3261/3261/850 3259/3259/852 
f 3259/3259/852 3261/3261/850 3264/3264/853 3263/3263/854 
f 3252/3252/311 3263/3263/854 3264/3264/853 3262/3262/855 
f 3262/3262/855 3264/3264/853 3255/3255/843 3254/3254/842 
f 3255/3255/843 3264/3264/853 3261/3261/850 3258/3258/904 
f 3265/3265/323 3270/3270/856 3271/3271/948 3269/3269/858 
f 3269/3269/858 3271/3271/948 3274/3274/949 3273/3273/860 
f 3266/3266/991 3273/3273/991 3274/3274/991 3272/3272/991 
f 3272/3272/952 3274/3274/949 3277/3277/992 3276/3276/993 
f 3267/3267/327 3276/3276/993 3277/3277/992 3275/3275/865 
f 3275/3275/865 3277/3277/992 3280/3280/954 3279/3279/867 
f 3268/3268/314 3279/3279/867 3280/3280/954 3278/3278/955 
f 3278/3278/955 3280/3280/954 3271/3271/948 3270/3270/856 
f 3271/3271/948 3280/3280/954 3277/3277/992 3274/3274/949 
f 3281/3281/330 3285/3285/771 3286/3286/922 3284/3284/870 
f 3284/3284/870 3286/3286/922 3289/3289/994 3288/3288/871 
f 3282/3282/706 3288/3288/871 3289/3289/994 3287/3287/766 
f 3287/3287/766 3289/3289/994 3292/3292/838 3291/3291/995 
f 3283/3283/343 3291/3291/995 3292/3292/838 3290/3290/769 
f 3290/3290/769 3292/3292/838 3286/3286/922 3285/3285/771 
f 3286/3286/922 3292/3292/838 3289/3289/994 
f 3293/3293/345 3297/3297/771 3298/3298/770 3296/3296/996 
f 3296/3296/996 3298/3298/770 3301/3301/997 3300/3300/998 
f 3294/3294/710 3300/3300/998 3301/3301/997 3299/3299/780 
f 3299/3299/780 3301/3301/997 3304/3304/831 3303/3303/999 
f 3295/3295/317 3303/3303/782 3304/3304/831 3302/3302/769 
f 3302/3302/769 3304/3304/831 3298/3298/770 3297/3297/771 
f 3298/3298/770 3304/3304/831 3301/3301/997 
f 3313/3313/336 3318/3318/980 3319/3319/880 3317/3317/795 
f 3317/3317/795 3319/3319/880 3322/3322/1000 3321/3321/797 
f 3314/3314/312 3321/3321/797 3322/3322/1000 3320/3320/930 
f 3320/3320/930 3322/3322/1000 3325/3325/1001 3324/3324/800 
f 3315/3315/321 3324/3324/800 3325/3325/1001 3323/3323/1002 
f 3323/3323/1003 3325/3325/1001 3328/3328/882 3327/3327/1004 
f 3316/3316/1005 3327/3327/1005 3328/3328/1005 3326/3326/1005 
f 3326/3326/1006 3328/3328/882 3319/3319/880 3318/3318/980 
f 3319/3319/880 3328/3328/882 3325/3325/1001 3322/3322/1000 
f 3329/3329/313 3334/3334/884 3335/3335/885 3333/3333/809 
f 3333/3333/809 3335/3335/885 3338/3338/886 3337/3337/811 
f 3330/3330/328 3337/3337/811 3338/3338/886 3336/3336/812 
f 3336/3336/813 3338/3338/886 3341/3341/887 3340/3340/815 
f 3331/3331/964 3340/3340/1007 3341/3341/1008 3339/3339/1007 
f 3339/3339/818 3341/3341/887 3344/3344/1009 3343/3343/820 
f 3332/3332/324 3343/3343/820 3344/3344/1009 3342/3342/821 
f 3342/3342/821 3344/3344/1009 3335/3335/885 3334/3334/884 
f 3335/3335/885 3344/3344/1009 3341/3341/887 3338/3338/886 
f 3345/3345/329 3349/3349/892 3350/3350/985 3348/3348/986 
f 3348/3348/986 3350/3350/985 3353/3353/750 3352/3352/940 
f 3346/3346/344 3352/3352/940 3353/3353/750 3351/3351/941 
f 3351/3351/941 3353/3353/750 3356/3356/753 3355/3355/754 
f 3347/3347/340 3355/3355/754 3356/3356/753 3354/3354/942 
f 3354/3354/942 3356/3356/753 3350/3350/985 3349/3349/895 
f 3350/3350/985 3356/3356/753 3353/3353/750 
f 3357/3357/329 3361/3361/789 3362/3362/893 3360/3360/749 
f 3360/3360/749 3362/3362/893 3365/3365/784 3364/3364/896 
f 3358/3358/318 3364/3364/896 3365/3365/784 3363/3363/760 
f 3363/3363/760 3365/3365/784 3368/3368/785 3367/3367/762 
f 3359/3359/308 3367/3367/762 3368/3368/785 3366/3366/1010 
f 3366/3366/1010 3368/3368/785 3362/3362/893 3361/3361/789 
f 3362/3362/893 3368/3368/785 3365/3365/784 
f 3373/3373/322 3377/3377/1011 3378/3378/1012 3376/3376/1013 
f 3376/3376/1013 3378/3378/1012 3381/3381/1014 3380/3380/1015 
f 3374/3374/338 3380/3380/1015 3381/3381/1014 3379/3379/1016 
f 3379/3379/1016 3381/3381/1014 3384/3384/1017 3383/3383/1018 
f 3375/3375/305 3383/3383/1018 3384/3384/1017 3382/3382/1019 
f 3382/3382/1019 3384/3384/1017 3378/3378/1012 3377/3377/1020 
f 3378/3378/1012 3384/3384/1017 3381/3381/1014 
f 3385/3385/323 3390/3390/856 3391/3391/1021 3389/3389/858 
f 3389/3389/858 3391/3391/1021 3394/3394/975 3393/3393/860 
f 3386/3386/976 3393/3393/951 3394/3394/951 3392/3392/951 
f 3392/3392/1022 3394/3394/975 3397/3397/953 3396/3396/993 
f 3387/3387/327 3396/3396/993 3397/3397/953 3395/3395/865 
f 3395/3395/865 3397/3397/953 3400/3400/954 3399/3399/867 
f 3388/3388/314 3399/3399/867 3400/3400/954 3398/3398/955 
f 3398/3398/955 3400/3400/954 3391/3391/1021 3390/3390/856 
f 3391/3391/1021 3400/3400/954 3397/3397/953 3394/3394/975 
f 3401/3401/706 3405/3405/1023 3406/3406/778 3404/3404/921 
f 3404/3404/921 3406/3406/778 3409/3409/831 3408/3408/995 
f 3402/3402/732 3408/3408/995 3409/3409/831 3407/3407/769 
f 3407/3407/769 3409/3409/831 3412/3412/770 3411/3411/771 
f 3403/3403/330 3411/3411/771 3412/3412/770 3410/3410/870 
f 3410/3410/870 3412/3412/770 3406/3406/778 3405/3405/1023 
f 3406/3406/778 3412/3412/770 3409/3409/831 
f 3413/3413/298 3417/3417/773 3418/3418/765 3416/3416/924 
f 3416/3416/924 3418/3418/765 3421/3421/767 3420/3420/999 
f 3414/3414/317 3420/3420/782 3421/3421/767 3419/3419/769 
f 3419/3419/769 3421/3421/767 3424/3424/770 3423/3423/771 
f 3415/3415/733 3423/3423/771 3424/3424/770 3422/3422/834 
f 3422/3422/834 3424/3424/770 3418/3418/765 3417/3417/773 
f 3418/3418/765 3424/3424/770 3421/3421/767 
f 3429/3429/339 3433/3433/1024 3434/3434/1025 3432/3432/1013 
f 3432/3432/1013 3434/3434/1025 3437/3437/1014 3436/3436/1026 
f 3430/3430/744 3436/3436/1026 3437/3437/1014 3435/3435/1027 
f 3435/3435/1027 3437/3437/1014 3440/3440/1028 3439/3439/1029 
f 3431/3431/304 3439/3439/1029 3440/3440/1028 3438/3438/1030 
f 3438/3438/1030 3440/3440/1028 3434/3434/1025 3433/3433/1024 
f 3434/3434/1025 3440/3440/1028 3437/3437/1014 
f 3441/3441/313 3446/3446/884 3447/3447/885 3445/3445/809 
f 3445/3445/809 3447/3447/885 3450/3450/886 3449/3449/811 
f 3442/3442/328 3449/3449/811 3450/3450/886 3448/3448/812 
f 3448/3448/813 3450/3450/886 3453/3453/1031 3452/3452/815 
f 3443/3443/964 3452/3452/964 3453/3453/889 3451/3451/964 
f 3451/3451/818 3453/3453/1031 3456/3456/1032 3455/3455/820 
f 3444/3444/324 3455/3455/820 3456/3456/1032 3454/3454/821 
f 3454/3454/821 3456/3456/1032 3447/3447/885 3446/3446/884 
f 3447/3447/885 3456/3456/1032 3453/3453/1031 3450/3450/886 
f 3457/3457/731 3461/3461/822 3462/3462/939 3460/3460/749 
f 3460/3460/749 3462/3462/939 3465/3465/826 3464/3464/751 
f 3458/3458/344 3464/3464/751 3465/3465/826 3463/3463/752 
f 3463/3463/752 3465/3465/826 3468/3468/785 3467/3467/786 
f 3459/3459/340 3467/3467/786 3468/3468/785 3466/3466/1033 
f 3466/3466/1033 3468/3468/785 3462/3462/939 3461/3461/969 
f 3462/3462/939 3468/3468/785 3465/3465/826 
f 3469/3469/731 3473/3473/1034 3474/3474/823 3472/3472/749 
f 3472/3472/749 3474/3474/823 3477/3477/759 3476/3476/751 
f 3470/3470/318 3476/3476/751 3477/3477/759 3475/3475/760 
f 3475/3475/760 3477/3477/759 3480/3480/1035 3479/3479/971 
f 3471/3471/308 3479/3479/971 3480/3480/1035 3478/3478/878 
f 3478/3478/878 3480/3480/1035 3474/3474/823 3473/3473/1034 
f 3474/3474/823 3480/3480/1035 3477/3477/759 
f 3489/3489/1036 3494/3494/1036 3495/3495/1036 3493/3493/1036 
f 3493/3493/1037 3495/3495/1037 3498/3498/1037 3497/3497/1037 
f 3490/3490/746 3497/3497/1038 3498/3498/1039 3496/3496/858 
f 3496/3496/858 3498/3498/1040 3501/3501/949 3500/3500/860 
f 3491/3491/912 3500/3500/912 3501/3501/912 3499/3499/912 
f 3499/3499/952 3501/3501/949 3504/3504/953 3503/3503/916 
f 3492/3492/728 3503/3503/916 3504/3504/953 3502/3502/1041 
f 3502/3502/1041 3504/3504/953 3495/3495/1042 3494/3494/1043 
f 3495/3495/1042 3504/3504/953 3501/3501/949 3498/3498/1040 
f 3505/3505/302 3509/3509/919 3510/3510/1044 3508/3508/921 
f 3508/3508/921 3510/3510/1044 3513/3513/831 3512/3512/872 
f 3506/3506/732 3512/3512/872 3513/3513/831 3511/3511/769 
f 3511/3511/769 3513/3513/831 3516/3516/770 3515/3515/771 
f 3507/3507/347 3515/3515/771 3516/3516/770 3514/3514/870 
f 3514/3514/870 3516/3516/770 3510/3510/1044 3509/3509/919 
f 3510/3510/1044 3516/3516/770 3513/3513/831 
f 3517/3517/298 3521/3521/773 3522/3522/774 3520/3520/924 
f 3520/3520/924 3522/3522/774 3525/3525/831 3524/3524/999 
f 3518/3518/317 3524/3524/782 3525/3525/831 3523/3523/769 
f 3523/3523/769 3525/3525/831 3528/3528/770 3527/3527/771 
f 3519/3519/733 3527/3527/771 3528/3528/770 3526/3526/996 
f 3526/3526/996 3528/3528/770 3522/3522/774 3521/3521/773 
f 3522/3522/774 3528/3528/770 3525/3525/831 
f 2485/2485/729 2487/2487/1045 2493/2493/747 2489/2489/354 
f 2487/2487/1046 2488/2488/1047 2498/2498/755 2493/2493/756 
f 2488/2488/1047 2486/2486/295 2491/2491/358 2498/2498/755 
f 2490/2490/344 2495/2495/752 2505/2505/757 2501/2501/329 
f 2495/2495/752 2499/2499/754 2510/2510/763 2505/2505/757 
f 2499/2499/754 2491/2491/358 2503/2503/296 2510/2510/763 
f 2502/2502/318 2507/2507/760 2515/2515/1048 2513/2513/725 
f 2507/2507/760 2511/2511/762 2516/2516/1049 2515/2515/1048 
f 2511/2511/762 2503/2503/296 2514/2514/307 2516/2516/1050 
f 2518/2518/303 2520/2520/1051 2525/2525/764 2521/2521/300 
f 2520/2520/1052 2519/2519/1053 2530/2530/772 2525/2525/764 
f 2519/2519/1053 2517/2517/334 2523/2523/355 2530/2530/772 
f 2521/2521/300 2524/2524/766 2537/2537/773 2533/2533/298 
f 2524/2524/766 2528/2528/768 2542/2542/777 2537/2537/773 
f 2528/2528/768 2522/2522/343 2535/2535/345 2542/2542/777 
f 2533/2533/298 2536/2536/775 2549/2549/773 2545/2545/298 
f 2536/2536/775 2540/2540/768 2554/2554/777 2549/2549/773 
f 2540/2540/768 2534/2534/343 2547/2547/345 2554/2554/777 
f 2545/2545/298 2548/2548/775 2561/2561/773 2557/2557/710 
f 2548/2548/775 2552/2552/768 2566/2566/777 2561/2561/773 
f 2552/2552/768 2546/2546/343 2559/2559/345 2566/2566/777 
f 2557/2557/710 2560/2560/766 2573/2573/773 2569/2569/298 
f 2560/2560/766 2564/2564/768 2578/2578/777 2573/2573/773 
f 2564/2564/768 2558/2558/343 2571/2571/345 2578/2578/777 
f 2569/2569/298 2572/2572/766 2585/2585/773 2581/2581/710 
f 2572/2572/766 2576/2576/768 2590/2590/783 2585/2585/773 
f 2576/2576/768 2570/2570/343 2583/2583/345 2590/2590/783 
f 2581/2581/710 2584/2584/780 2595/2595/1054 2593/2593/713 
f 2584/2584/780 2588/2588/781 2596/2596/1055 2595/2595/1054 
f 2588/2588/782 2582/2582/317 2594/2594/342 2596/2596/1056 
f 2598/2598/353 2600/2600/1057 2605/2605/747 2601/2601/354 
f 2600/2600/1058 2599/2599/1059 2610/2610/787 2605/2605/788 
f 2599/2599/1059 2597/2597/724 2603/2603/358 2610/2610/787 
f 2602/2602/344 2607/2607/752 2617/2617/789 2613/2613/329 
f 2607/2607/752 2611/2611/786 2622/2622/763 2617/2617/789 
f 2611/2611/786 2603/2603/358 2615/2615/741 2622/2622/763 
f 2614/2614/350 2619/2619/791 2630/2630/793 2625/2625/351 
f 2619/2619/791 2623/2623/792 2638/2638/806 2630/2630/793 
f 2623/2623/792 2615/2615/741 2628/2628/348 2638/2638/1060 
f 2626/2626/312 2632/2632/798 2646/2646/807 2641/2641/313 
f 2632/2632/798 2636/2636/800 2654/2654/821 2646/2646/807 
f 2636/2636/800 2627/2627/325 2644/2644/324 2654/2654/821 
f 2642/2642/328 2648/2648/812 2661/2661/822 2657/2657/329 
f 2648/2648/813 2652/2652/815 2666/2666/824 2661/2661/825 
f 2652/2652/815 2643/2643/301 2659/2659/297 2666/2666/824 
f 2658/2658/344 2663/2663/752 2673/2673/789 2669/2669/329 
f 2663/2663/752 2667/2667/786 2678/2678/763 2673/2673/789 
f 2667/2667/786 2659/2659/297 2671/2671/296 2678/2678/763 
f 2670/2670/318 2675/2675/760 2683/2683/1061 2681/2681/725 
f 2675/2675/760 2679/2679/827 2684/2684/1062 2683/2683/1061 
f 2679/2679/827 2671/2671/296 2682/2682/307 2684/2684/1063 
f 2686/2686/738 2688/2688/1064 2696/2696/764 2690/2690/720 
f 2688/2688/1052 2687/2687/1053 2692/2692/828 2696/2696/764 
f 2687/2687/1053 2685/2685/334 2689/2689/355 2692/2692/828 
f 2690/2690/720 2695/2695/830 2708/2708/836 2702/2702/721 
f 2695/2695/830 2699/2699/832 2704/2704/834 2708/2708/836 
f 2699/2699/832 2691/2691/343 2701/2701/345 2704/2704/834 
f 2702/2702/721 2707/2707/837 2721/2721/847 2714/2714/722 
f 2707/2707/837 2711/2711/839 2717/2717/845 2721/2721/847 
f 2711/2711/840 2703/2703/343 2713/2713/352 2717/2717/844 
f 2715/2715/326 2723/2723/852 2734/2734/856 2729/2729/323 
f 2723/2723/852 2727/2727/854 2742/2742/868 2734/2734/856 
f 2727/2727/854 2716/2716/311 2732/2732/314 2742/2742/868 
f 2730/2730/306 2736/2736/1065 2752/2752/871 2746/2746/706 
f 2736/2736/862 2740/2740/864 2748/2748/870 2752/2752/871 
f 2740/2740/864 2731/2731/327 2745/2745/347 2748/2748/870 
f 2746/2746/706 2751/2751/766 2764/2764/773 2758/2758/710 
f 2751/2751/766 2755/2755/872 2760/2760/834 2764/2764/773 
f 2755/2755/872 2747/2747/343 2757/2757/345 2760/2760/834 
f 2758/2758/710 2763/2763/780 2772/2772/1066 2770/2770/299 
f 2763/2763/780 2767/2767/873 2771/2771/1067 2772/2772/1066 
f 2767/2767/782 2759/2759/317 2769/2769/342 2771/2771/1068 
f 2774/2774/357 2776/2776/1057 2781/2781/747 2777/2777/354 
f 2776/2776/1058 2775/2775/1059 2786/2786/787 2781/2781/788 
f 2775/2775/1059 2773/2773/724 2779/2779/358 2786/2786/787 
f 2778/2778/344 2783/2783/874 2793/2793/876 2789/2789/329 
f 2783/2783/874 2787/2787/786 2798/2798/878 2793/2793/876 
f 2787/2787/786 2779/2779/358 2791/2791/349 2798/2798/878 
f 2790/2790/350 2795/2795/791 2806/2806/879 2801/2801/351 
f 2795/2795/791 2799/2799/792 2814/2814/883 2806/2806/879 
f 2799/2799/792 2791/2791/349 2804/2804/723 2814/2814/1069 
f 2802/2802/312 2808/2808/798 2822/2822/884 2817/2817/313 
f 2808/2808/798 2812/2812/800 2830/2830/821 2822/2822/884 
f 2812/2812/800 2803/2803/325 2820/2820/324 2830/2830/821 
f 2818/2818/328 2824/2824/812 2837/2837/892 2833/2833/329 
f 2824/2824/813 2828/2828/888 2842/2842/894 2837/2837/895 
f 2828/2828/888 2819/2819/301 2835/2835/297 2842/2842/894 
f 2834/2834/344 2839/2839/874 2849/2849/876 2845/2845/329 
f 2839/2839/874 2843/2843/786 2854/2854/878 2849/2849/876 
f 2843/2843/786 2835/2835/297 2847/2847/296 2854/2854/878 
f 2846/2846/318 2851/2851/760 2859/2859/1070 2857/2857/341 
f 2851/2851/760 2855/2855/827 2860/2860/1062 2859/2859/1070 
f 2855/2855/827 2847/2847/296 2858/2858/726 2860/2860/1071 
f 2862/2862/727 2864/2864/1072 2869/2869/897 2865/2865/360 
f 2864/2864/1052 2863/2863/1073 2874/2874/828 2869/2869/897 
f 2863/2863/1073 2861/2861/334 2867/2867/355 2874/2874/828 
f 2865/2865/360 2868/2868/898 2882/2882/847 2877/2877/361 
f 2868/2868/898 2872/2872/899 2890/2890/908 2882/2882/847 
f 2872/2872/900 2866/2866/732 2880/2880/352 2890/2890/844 
f 2878/2878/326 2884/2884/852 2898/2898/909 2893/2893/323 
f 2884/2884/852 2888/2888/854 2906/2906/918 2898/2898/909 
f 2888/2888/854 2879/2879/311 2896/2896/314 2906/2906/918 
f 2894/2894/306 2900/2900/1074 2913/2913/919 2909/2909/302 
f 2900/2900/914 2904/2904/916 2918/2918/870 2913/2913/919 
f 2904/2904/916 2895/2895/327 2911/2911/347 2918/2918/870 
f 2909/2909/302 2912/2912/921 2925/2925/923 2921/2921/298 
f 2912/2912/921 2916/2916/832 2930/2930/927 2925/2925/923 
f 2916/2916/832 2910/2910/732 2923/2923/733 2930/2930/927 
f 2921/2921/298 2924/2924/924 2936/2936/1066 2934/2934/299 
f 2924/2924/924 2928/2928/873 2935/2935/1067 2936/2936/1066 
f 2928/2928/782 2922/2922/317 2933/2933/342 2935/2935/1068 
f 2937/2937/742 2939/2939/1075 2945/2945/747 2941/2941/354 
f 2939/2939/1046 2940/2940/1047 2950/2950/755 2945/2945/756 
f 2940/2940/1047 2938/2938/356 2943/2943/349 2950/2950/755 
f 2942/2942/350 2947/2947/791 2958/2958/793 2953/2953/743 
f 2947/2947/791 2951/2951/929 2966/2966/932 2958/2958/793 
f 2951/2951/929 2943/2943/349 2956/2956/348 2966/2966/1076 
f 2954/2954/312 2960/2960/930 2974/2974/884 2969/2969/313 
f 2960/2960/930 2964/2964/800 2982/2982/821 2974/2974/884 
f 2964/2964/800 2955/2955/325 2972/2972/324 2982/2982/821 
f 2970/2970/328 2976/2976/934 2989/2989/938 2985/2985/731 
f 2976/2976/813 2980/2980/815 2994/2994/942 2989/2989/895 
f 2980/2980/815 2971/2971/714 2987/2987/340 2994/2994/942 
f 2986/2986/735 2991/2991/941 3001/3001/789 2997/2997/731 
f 2991/2991/941 2995/2995/786 3006/3006/943 3001/3001/789 
f 2995/2995/786 2987/2987/340 2999/2999/333 3006/3006/943 
f 2998/2998/318 3003/3003/760 3011/3011/1070 3009/3009/341 
f 3003/3003/760 3007/3007/762 3012/3012/1062 3011/3011/1070 
f 3007/3007/762 2999/2999/333 3010/3010/307 3012/3012/1050 
f 3014/3014/331 3016/3016/1077 3022/3022/947 3017/3017/332 
f 3016/3016/1077 3015/3015/1078 3030/3030/946 3022/3022/947 
f 3015/3015/1078 3013/3013/334 3020/3020/337 3030/3030/946 
f 3018/3018/326 3024/3024/852 3038/3038/856 3033/3033/323 
f 3024/3024/852 3028/3028/945 3046/3046/955 3038/3038/856 
f 3028/3028/945 3019/3019/311 3036/3036/314 3046/3046/955 
f 3034/3034/306 3040/3040/1074 3053/3053/919 3049/3049/302 
f 3040/3040/952 3044/3044/916 3058/3058/870 3053/3053/919 
f 3044/3044/916 3035/3035/730 3051/3051/347 3058/3058/870 
f 3049/3049/302 3052/3052/921 3065/3065/923 3061/3061/298 
f 3052/3052/921 3056/3056/832 3070/3070/927 3065/3065/923 
f 3056/3056/832 3050/3050/732 3063/3063/733 3070/3070/927 
f 3061/3061/298 3064/3064/924 3075/3075/1066 3073/3073/299 
f 3064/3064/924 3068/3068/873 3076/3076/1067 3075/3075/1066 
f 3068/3068/782 3062/3062/317 3074/3074/342 3076/3076/1068 
f 3078/3078/335 3080/3080/1079 3086/3086/957 3081/3081/336 
f 3080/3080/1079 3079/3079/1080 3094/3094/960 3086/3086/957 
f 3079/3079/1080 3077/3077/295 3084/3084/294 3094/3094/960 
f 3082/3082/312 3088/3088/798 3102/3102/807 3097/3097/313 
f 3088/3088/798 3092/3092/800 3110/3110/967 3102/3102/807 
f 3092/3092/800 3083/3083/325 3100/3100/324 3110/3110/967 
f 3098/3098/328 3104/3104/812 3117/3117/938 3113/3113/731 
f 3104/3104/813 3108/3108/815 3122/3122/968 3117/3117/969 
f 3108/3108/815 3099/3099/714 3115/3115/340 3122/3122/968 
f 3114/3114/735 3119/3119/752 3129/3129/970 3125/3125/731 
f 3119/3119/752 3123/3123/786 3134/3134/943 3129/3129/970 
f 3123/3123/786 3115/3115/340 3127/3127/333 3134/3134/943 
f 3126/3126/318 3131/3131/760 3139/3139/1081 3137/3137/725 
f 3131/3131/760 3135/3135/971 3140/3140/1049 3139/3139/1081 
f 3135/3135/971 3127/3127/333 3138/3138/307 3140/3140/1050 
f 3142/3142/736 3144/3144/1082 3153/3153/947 3146/3146/737 
f 3144/3144/1082 3143/3143/1078 3149/3149/972 3153/3153/947 
f 3143/3143/1078 3141/3141/334 3145/3145/337 3149/3149/972 
f 3147/3147/326 3155/3155/852 3166/3166/856 3161/3161/323 
f 3155/3155/852 3159/3159/854 3174/3174/955 3166/3166/856 
f 3159/3159/854 3148/3148/311 3164/3164/314 3174/3174/955 
f 3162/3162/712 3168/3168/1083 3184/3184/871 3178/3178/710 
f 3168/3168/862 3172/3172/977 3180/3180/870 3184/3184/871 
f 3172/3172/977 3163/3163/327 3177/3177/330 3180/3180/870 
f 3178/3178/710 3183/3183/978 3191/3191/1054 3189/3189/713 
f 3183/3183/978 3187/3187/979 3192/3192/1055 3191/3191/1054 
f 3187/3187/782 3179/3179/317 3190/3190/320 3192/3192/1084 
f 3194/3194/335 3196/3196/1085 3202/3202/980 3197/3197/336 
f 3196/3196/1085 3195/3195/1080 3210/3210/960 3202/3202/980 
f 3195/3195/1080 3193/3193/724 3200/3200/739 3210/3210/960 
f 3198/3198/312 3204/3204/798 3218/3218/807 3213/3213/313 
f 3204/3204/798 3208/3208/800 3226/3226/821 3218/3218/807 
f 3208/3208/800 3199/3199/325 3216/3216/324 3226/3226/821 
f 3214/3214/328 3220/3220/812 3233/3233/892 3229/3229/329 
f 3220/3220/813 3224/3224/815 3238/3238/894 3233/3233/895 
f 3224/3224/815 3215/3215/301 3231/3231/316 3238/3238/894 
f 3230/3230/318 3235/3235/987 3243/3243/1086 3241/3241/319 
f 3235/3235/987 3239/3239/989 3244/3244/1062 3243/3243/1086 
f 3239/3239/989 3231/3231/316 3242/3242/307 3244/3244/1063 
f 3246/3246/331 3248/3248/1087 3257/3257/947 3250/3250/332 
f 3248/3248/1087 3247/3247/1088 3253/3253/946 3257/3257/947 
f 3247/3247/1088 3245/3245/334 3249/3249/337 3253/3253/946 
f 3251/3251/326 3259/3259/852 3270/3270/856 3265/3265/323 
f 3259/3259/852 3263/3263/854 3278/3278/955 3270/3270/856 
f 3263/3263/854 3252/3252/311 3268/3268/314 3278/3278/955 
f 3266/3266/306 3272/3272/1074 3288/3288/871 3282/3282/706 
f 3272/3272/952 3276/3276/993 3284/3284/870 3288/3288/871 
f 3276/3276/993 3267/3267/327 3281/3281/330 3284/3284/870 
f 3282/3282/706 3287/3287/766 3300/3300/998 3294/3294/710 
f 3287/3287/766 3291/3291/995 3296/3296/996 3300/3300/998 
f 3291/3291/995 3283/3283/343 3293/3293/345 3296/3296/996 
f 3294/3294/710 3299/3299/780 3308/3308/1066 3306/3306/299 
f 3299/3299/780 3303/3303/999 3307/3307/1067 3308/3308/1066 
f 3303/3303/782 3295/3295/317 3305/3305/342 3307/3307/1056 
f 3309/3309/335 3311/3311/1085 3318/3318/980 3313/3313/336 
f 3311/3311/1085 3312/3312/1089 3326/3326/1006 3318/3318/980 
f 3312/3312/1089 3310/3310/295 3316/3316/294 3326/3326/1006 
f 3314/3314/312 3320/3320/930 3334/3334/884 3329/3329/313 
f 3320/3320/930 3324/3324/800 3342/3342/821 3334/3334/884 
f 3324/3324/800 3315/3315/321 3332/3332/324 3342/3342/821 
f 3330/3330/328 3336/3336/812 3349/3349/892 3345/3345/329 
f 3336/3336/813 3340/3340/815 3354/3354/942 3349/3349/895 
f 3340/3340/815 3331/3331/714 3347/3347/340 3354/3354/942 
f 3346/3346/344 3351/3351/941 3361/3361/789 3357/3357/329 
f 3351/3351/941 3355/3355/754 3366/3366/1010 3361/3361/789 
f 3355/3355/754 3347/3347/340 3359/3359/308 3366/3366/1010 
f 3358/3358/318 3363/3363/760 3371/3371/1061 3369/3369/359 
f 3363/3363/760 3367/3367/762 3372/3372/1062 3371/3371/1061 
f 3367/3367/762 3359/3359/308 3370/3370/307 3372/3372/1090 
f 3373/3373/322 3376/3376/1013 3390/3390/856 3385/3385/323 
f 3376/3376/1013 3380/3380/1015 3398/3398/955 3390/3390/856 
f 3380/3380/1015 3374/3374/338 3388/3388/314 3398/3398/955 
f 3386/3386/306 3392/3392/1074 3405/3405/1023 3401/3401/706 
f 3392/3392/1022 3396/3396/993 3410/3410/870 3405/3405/1023 
f 3396/3396/993 3387/3387/327 3403/3403/330 3410/3410/870 
f 3401/3401/706 3404/3404/921 3417/3417/773 3413/3413/298 
f 3404/3404/921 3408/3408/995 3422/3422/834 3417/3417/773 
f 3408/3408/995 3402/3402/732 3415/3415/733 3422/3422/834 
f 3413/3413/298 3416/3416/924 3427/3427/1066 3425/3425/299 
f 3416/3416/924 3420/3420/999 3428/3428/1067 3427/3427/1066 
f 3420/3420/782 3414/3414/317 3426/3426/740 3428/3428/1056 
f 3429/3429/339 3432/3432/1013 3446/3446/884 3441/3441/313 
f 3432/3432/1013 3436/3436/1026 3454/3454/821 3446/3446/884 
f 3436/3436/1026 3430/3430/744 3444/3444/324 3454/3454/821 
f 3442/3442/328 3448/3448/812 3461/3461/822 3457/3457/731 
f 3448/3448/813 3452/3452/815 3466/3466/1033 3461/3461/969 
f 3452/3452/815 3443/3443/714 3459/3459/340 3466/3466/1033 
f 3458/3458/344 3463/3463/752 3473/3473/1034 3469/3469/731 
f 3463/3463/752 3467/3467/786 3478/3478/878 3473/3473/1034 
f 3467/3467/786 3459/3459/340 3471/3471/308 3478/3478/878 
f 3470/3470/318 3475/3475/760 3483/3483/1048 3481/3481/725 
f 3475/3475/760 3479/3479/971 3484/3484/1049 3483/3483/1048 
f 3479/3479/971 3471/3471/308 3482/3482/307 3484/3484/1050 
f 3486/3486/745 3488/3488/1091 3497/3497/1038 3490/3490/746 
f 3488/3488/1091 3487/3487/1092 3493/3493/1093 3497/3497/1038 
f 3487/3487/1092 3485/3485/1094 3489/3489/1094 3493/3493/1093 
f 3491/3491/306 3499/3499/1074 3509/3509/919 3505/3505/302 
f 3499/3499/952 3503/3503/916 3514/3514/870 3509/3509/919 
f 3503/3503/916 3492/3492/728 3507/3507/347 3514/3514/870 
f 3505/3505/302 3508/3508/921 3521/3521/773 3517/3517/298 
f 3508/3508/921 3512/3512/872 3526/3526/996 3521/3521/773 
f 3512/3512/872 3506/3506/732 3519/3519/733 3526/3526/996 
f 3517/3517/298 3520/3520/924 3532/3532/1066 3530/3530/299 
f 3520/3520/924 3524/3524/999 3531/3531/1067 3532/3532/1066 
f 3524/3524/782 3518/3518/317 3529/3529/342 3531/3531/1056 
f 3485/3485/1095 3487/3487/1096 3439/3439/1029 3431/3431/304 
f 3487/3487/1097 3488/3488/1091 3435/3435/1027 3439/3439/1029 
f 3488/3488/1091 3486/3486/745 3430/3430/744 3435/3435/1027 
f 3490/3490/746 3496/3496/858 3455/3455/820 3444/3444/324 
f 3496/3496/858 3500/3500/860 3451/3451/818 3455/3455/820 
f 3500/3500/860 3491/3491/705 3443/3443/705 3451/3451/818 
f 3431/3431/304 3438/3438/1030 3383/3383/1018 3375/3375/305 
f 3438/3438/1030 3433/3433/1024 3379/3379/1016 3383/3383/1018 
f 3433/3433/1024 3429/3429/339 3374/3374/338 3379/3379/1016 
f 3441/3441/313 3445/3445/809 3399/3399/867 3388/3388/314 
f 3445/3445/809 3449/3449/811 3395/3395/865 3399/3399/867 
f 3449/3449/811 3442/3442/328 3387/3387/327 3395/3395/865 
f 3457/3457/731 3460/3460/749 3411/3411/771 3403/3403/330 
f 3460/3460/749 3464/3464/751 3407/3407/769 3411/3411/771 
f 3464/3464/751 3458/3458/344 3402/3402/732 3407/3407/769 
f 3469/3469/731 3472/3472/749 3423/3423/771 3415/3415/733 
f 3472/3472/749 3476/3476/751 3419/3419/769 3423/3423/771 
f 3476/3476/751 3470/3470/318 3414/3414/317 3419/3419/769 
f 3481/3481/725 3483/3483/1048 3428/3428/1056 3426/3426/740 
f 3483/3483/1048 3484/3484/1098 3427/3427/1098 3428/3428/1056 
f 3484/3484/1099 3482/3482/708 3425/3425/707 3427/3427/1099 
f 3375/3375/305 3382/3382/1019 3327/3327/1004 3316/3316/346 
f 3382/3382/1019 3377/3377/1020 3323/3323/1003 3327/3327/1004 
f 3377/3377/1011 3373/3373/322 3315/3315/321 3323/3323/1002 
f 3385/3385/323 3389/3389/858 3343/3343/820 3332/3332/324 
f 3389/3389/858 3393/3393/860 3339/3339/818 3343/3343/820 
f 3393/3393/860 3386/3386/310 3331/3331/310 3339/3339/818 
f 3310/3310/709 3312/3312/1100 3248/3248/1100 3246/3246/709 
f 3312/3312/1101 3311/3311/1085 3247/3247/1088 3248/3248/1101 
f 3311/3311/1085 3309/3309/335 3245/3245/334 3247/3247/1088 
f 3313/3313/336 3317/3317/795 3254/3254/842 3249/3249/337 
f 3317/3317/795 3321/3321/797 3262/3262/855 3254/3254/842 
f 3321/3321/797 3314/3314/312 3252/3252/311 3262/3262/855 
f 3329/3329/313 3333/3333/809 3279/3279/867 3268/3268/314 
f 3333/3333/809 3337/3337/811 3275/3275/865 3279/3279/867 
f 3337/3337/811 3330/3330/328 3267/3267/327 3275/3275/865 
f 3345/3345/329 3348/3348/986 3285/3285/771 3281/3281/330 
f 3348/3348/986 3352/3352/940 3290/3290/769 3285/3285/771 
f 3352/3352/940 3346/3346/344 3283/3283/343 3290/3290/769 
f 3357/3357/329 3360/3360/749 3297/3297/771 3293/3293/345 
f 3360/3360/749 3364/3364/896 3302/3302/769 3297/3297/771 
f 3364/3364/896 3358/3358/318 3295/3295/317 3302/3302/769 
f 3369/3369/359 3371/3371/1061 3307/3307/1056 3305/3305/342 
f 3371/3371/1061 3372/3372/1098 3308/3308/1098 3307/3307/1056 
f 3372/3372/1099 3370/3370/711 3306/3306/711 3308/3308/1099 
f 3250/3250/734 3256/3256/849 3211/3211/982 3200/3200/734 
f 3256/3256/849 3260/3260/851 3207/3207/801 3211/3211/982 
f 3260/3260/851 3251/3251/326 3199/3199/325 3207/3207/801 
f 3265/3265/323 3269/3269/858 3227/3227/820 3216/3216/324 
f 3269/3269/858 3273/3273/860 3223/3223/818 3227/3227/820 
f 3273/3273/860 3266/3266/310 3215/3215/310 3223/3223/818 
f 3193/3193/362 3195/3195/1102 3144/3144/1102 3142/3142/362 
f 3195/3195/1101 3196/3196/1085 3143/3143/1078 3144/3144/1101 
f 3196/3196/1085 3194/3194/335 3141/3141/334 3143/3143/1078 
f 3197/3197/336 3201/3201/795 3150/3150/842 3145/3145/337 
f 3201/3201/795 3205/3205/797 3158/3158/855 3150/3150/842 
f 3205/3205/797 3198/3198/312 3148/3148/311 3158/3158/855 
f 3213/3213/313 3217/3217/809 3175/3175/867 3164/3164/314 
f 3217/3217/809 3221/3221/811 3171/3171/865 3175/3175/867 
f 3221/3221/811 3214/3214/328 3163/3163/327 3171/3171/865 
f 3229/3229/329 3232/3232/986 3181/3181/771 3177/3177/330 
f 3232/3232/986 3236/3236/940 3186/3186/769 3181/3181/771 
f 3236/3236/940 3230/3230/318 3179/3179/317 3186/3186/769 
f 3241/3241/319 3243/3243/1086 3192/3192/1084 3190/3190/320 
f 3243/3243/1086 3244/3244/1098 3191/3191/1098 3192/3192/1084 
f 3244/3244/1099 3242/3242/708 3189/3189/708 3191/3191/1099 
f 3146/3146/719 3152/3152/903 3095/3095/803 3084/3084/719 
f 3152/3152/903 3156/3156/851 3091/3091/801 3095/3095/803 
f 3156/3156/851 3147/3147/326 3083/3083/325 3091/3091/801 
f 3161/3161/323 3165/3165/858 3111/3111/820 3100/3100/324 
f 3165/3165/858 3169/3169/860 3107/3107/965 3111/3111/820 
f 3169/3169/860 3162/3162/310 3099/3099/310 3107/3107/965 
f 3077/3077/715 3079/3079/1103 3016/3016/1103 3014/3014/715 
f 3079/3079/1101 3080/3080/1079 3015/3015/1078 3016/3016/1101 
f 3080/3080/1079 3078/3078/335 3013/3013/334 3015/3015/1078 
f 3081/3081/336 3085/3085/795 3031/3031/842 3020/3020/337 
f 3085/3085/795 3089/3089/797 3027/3027/855 3031/3031/842 
f 3089/3089/797 3082/3082/312 3019/3019/311 3027/3027/855 
f 3097/3097/313 3101/3101/809 3047/3047/867 3036/3036/314 
f 3101/3101/809 3105/3105/811 3043/3043/865 3047/3047/867 
f 3105/3105/811 3098/3098/328 3035/3035/730 3043/3043/865 
f 3113/3113/731 3116/3116/749 3059/3059/771 3051/3051/347 
f 3116/3116/749 3120/3120/751 3055/3055/769 3059/3059/771 
f 3120/3120/751 3114/3114/735 3050/3050/732 3055/3055/769 
f 3125/3125/731 3128/3128/928 3071/3071/926 3063/3063/733 
f 3128/3128/928 3132/3132/751 3067/3067/769 3071/3071/926 
f 3132/3132/751 3126/3126/318 3062/3062/317 3067/3067/769 
f 3137/3137/725 3139/3139/1081 3076/3076/1068 3074/3074/342 
f 3139/3139/1098 3140/3140/1104 3075/3075/1104 3076/3076/1098 
f 3140/3140/1104 3138/3138/707 3073/3073/716 3075/3075/1104 
f 3017/3017/346 3021/3021/849 2967/2967/803 2956/2956/346 
f 3021/3021/849 3025/3025/851 2963/2963/801 2967/2967/803 
f 3025/3025/851 3018/3018/326 2955/2955/325 2963/2963/801 
f 3033/3033/323 3037/3037/858 2983/2983/820 2972/2972/324 
f 3037/3037/858 3041/3041/860 2979/2979/818 2983/2983/820 
f 3041/3041/860 3034/3034/717 2971/2971/717 2979/2979/818 
f 2938/2938/718 2940/2940/1105 2864/2864/1105 2862/2862/718 
f 2940/2940/1105 2939/2939/56 2863/2863/56 2864/2864/1105 
f 2939/2939/1075 2937/2937/742 2861/2861/334 2863/2863/1073 
f 2941/2941/354 2944/2944/928 2875/2875/771 2867/2867/355 
f 2944/2944/928 2948/2948/896 2871/2871/769 2875/2875/771 
f 2948/2948/896 2942/2942/350 2866/2866/732 2871/2871/769 
f 2953/2953/743 2957/2957/795 2891/2891/842 2880/2880/352 
f 2957/2957/795 2961/2961/797 2887/2887/855 2891/2891/842 
f 2961/2961/797 2954/2954/312 2879/2879/311 2887/2887/855 
f 2969/2969/313 2973/2973/809 2907/2907/867 2896/2896/314 
f 2973/2973/809 2977/2977/811 2903/2903/865 2907/2907/867 
f 2977/2977/811 2970/2970/328 2895/2895/327 2903/2903/865 
f 2985/2985/731 2988/2988/749 2919/2919/771 2911/2911/347 
f 2988/2988/749 2992/2992/940 2915/2915/769 2919/2919/771 
f 2992/2992/940 2986/2986/735 2910/2910/732 2915/2915/769 
f 2997/2997/731 3000/3000/928 2931/2931/926 2923/2923/733 
f 3000/3000/928 3004/3004/896 2927/2927/769 2931/2931/926 
f 3004/3004/896 2998/2998/318 2922/2922/317 2927/2927/769 
f 3009/3009/341 3011/3011/1070 2935/2935/1068 2933/2933/342 
f 3011/3011/1098 3012/3012/1106 2936/2936/1107 2935/2935/1098 
f 3012/3012/1106 3010/3010/708 2934/2934/716 2936/2936/1107 
f 2877/2877/719 2881/2881/903 2815/2815/803 2804/2804/719 
f 2881/2881/903 2885/2885/851 2811/2811/801 2815/2815/803 
f 2885/2885/851 2878/2878/326 2803/2803/325 2811/2811/801 
f 2893/2893/323 2897/2897/858 2831/2831/820 2820/2820/324 
f 2897/2897/858 2901/2901/911 2827/2827/818 2831/2831/820 
f 2901/2901/911 2894/2894/310 2819/2819/310 2827/2827/818 
f 2773/2773/709 2775/2775/55 2688/2688/55 2686/2686/709 
f 2775/2775/1108 2776/2776/1057 2687/2687/1053 2688/2688/1108 
f 2776/2776/1057 2774/2774/357 2685/2685/334 2687/2687/1053 
f 2777/2777/354 2780/2780/749 2693/2693/771 2689/2689/355 
f 2780/2780/749 2784/2784/751 2698/2698/769 2693/2693/771 
f 2784/2784/751 2778/2778/344 2691/2691/343 2698/2698/769 
f 2789/2789/329 2792/2792/749 2705/2705/833 2701/2701/345 
f 2792/2792/749 2796/2796/751 2710/2710/841 2705/2705/833 
f 2796/2796/751 2790/2790/350 2703/2703/343 2710/2710/841 
f 2801/2801/351 2805/2805/795 2718/2718/842 2713/2713/352 
f 2805/2805/795 2809/2809/797 2726/2726/855 2718/2718/842 
f 2809/2809/797 2802/2802/312 2716/2716/311 2726/2726/855 
f 2817/2817/313 2821/2821/809 2743/2743/867 2732/2732/314 
f 2821/2821/809 2825/2825/811 2739/2739/865 2743/2743/867 
f 2825/2825/811 2818/2818/328 2731/2731/327 2739/2739/865 
f 2833/2833/329 2836/2836/749 2749/2749/771 2745/2745/347 
f 2836/2836/749 2840/2840/751 2754/2754/769 2749/2749/771 
f 2840/2840/751 2834/2834/344 2747/2747/343 2754/2754/769 
f 2845/2845/329 2848/2848/749 2761/2761/771 2757/2757/345 
f 2848/2848/749 2852/2852/896 2766/2766/769 2761/2761/771 
f 2852/2852/896 2846/2846/318 2759/2759/317 2766/2766/769 
f 2857/2857/341 2859/2859/1070 2771/2771/1068 2769/2769/342 
f 2859/2859/1098 2860/2860/1109 2772/2772/1106 2771/2771/1098 
f 2860/2860/1109 2858/2858/708 2770/2770/707 2772/2772/1106 
f 2714/2714/734 2720/2720/849 2639/2639/803 2628/2628/734 
f 2720/2720/849 2724/2724/851 2635/2635/801 2639/2639/803 
f 2724/2724/851 2715/2715/326 2627/2627/325 2635/2635/801 
f 2729/2729/323 2733/2733/858 2655/2655/820 2644/2644/324 
f 2733/2733/858 2737/2737/860 2651/2651/818 2655/2655/820 
f 2737/2737/860 2730/2730/310 2643/2643/310 2651/2651/818 
f 2597/2597/709 2599/2599/1102 2520/2520/1102 2518/2518/709 
f 2599/2599/1110 2600/2600/1057 2519/2519/1053 2520/2520/1110 
f 2600/2600/1057 2598/2598/353 2517/2517/334 2519/2519/1053 
f 2601/2601/354 2604/2604/749 2531/2531/771 2523/2523/355 
f 2604/2604/749 2608/2608/751 2527/2527/769 2531/2531/771 
f 2608/2608/751 2602/2602/344 2522/2522/343 2527/2527/769 
f 2613/2613/329 2616/2616/749 2543/2543/771 2535/2535/345 
f 2616/2616/749 2620/2620/751 2539/2539/769 2543/2543/771 
f 2620/2620/751 2614/2614/350 2534/2534/343 2539/2539/769 
f 2625/2625/351 2629/2629/795 2555/2555/771 2547/2547/345 
f 2629/2629/795 2633/2633/797 2551/2551/769 2555/2555/771 
f 2633/2633/797 2626/2626/312 2546/2546/343 2551/2551/769 
f 2641/2641/313 2645/2645/809 2567/2567/771 2559/2559/345 
f 2645/2645/809 2649/2649/811 2563/2563/769 2567/2567/771 
f 2649/2649/811 2642/2642/328 2558/2558/343 2563/2563/769 
f 2657/2657/329 2660/2660/749 2579/2579/771 2571/2571/345 
f 2660/2660/749 2664/2664/751 2575/2575/769 2579/2579/771 
f 2664/2664/751 2658/2658/344 2570/2570/343 2575/2575/769 
f 2669/2669/329 2672/2672/749 2591/2591/771 2583/2583/345 
f 2672/2672/749 2676/2676/751 2587/2587/769 2591/2591/771 
f 2676/2676/751 2670/2670/318 2582/2582/317 2587/2587/769 
f 2681/2681/725 2683/2683/1061 2596/2596/1056 2594/2594/342 
f 2683/2683/1061 2684/2684/1098 2595/2595/1098 2596/2596/1056 
f 2684/2684/1099 2682/2682/708 2593/2593/711 2595/2595/1099 
f 2486/2486/1111 2488/2488/1112 3494/3494/1043 3489/3489/1111 
f 2488/2488/1112 2487/2487/1045 3502/3502/1041 3494/3494/1043 
f 2487/2487/1045 2485/2485/729 3492/3492/728 3502/3502/1041 
f 2489/2489/354 2492/2492/749 3515/3515/771 3507/3507/347 
f 2492/2492/749 2496/2496/751 3511/3511/769 3515/3515/771 
f 2496/2496/751 2490/2490/344 3506/3506/732 3511/3511/769 
f 2501/2501/329 2504/2504/749 3527/3527/771 3519/3519/733 
f 2504/2504/749 2508/2508/751 3523/3523/769 3527/3527/771 
f 2508/2508/751 2502/2502/318 3518/3518/317 3523/3523/769 
f 2513/2513/725 2515/2515/1048 3531/3531/1056 3529/3529/342 
f 2515/2515/1048 2516/2516/1098 3532/3532/1098 3531/3531/1056 
f 2516/2516/1113 2514/2514/707 3530/3530/707 3532/3532/1113 
f 1492/1492/3 2491/2491/358 2486/2486/295 1491/6050/3 
f 3533/3533/175 3536/3536/174 3538/3538/1114 3537/3537/1115 
f 3536/3536/174 3540/3540/173 3541/3541/1116 3538/3538/1114 
f 3534/3534/172 3539/3539/1117 3541/3541/1116 3540/3540/173 
f 3539/3539/1117 3543/3543/1118 3544/3544/1119 3541/3541/1116 
f 3535/3535/1120 3542/3542/1121 3544/3544/1119 3543/3543/1118 
f 3542/3542/1121 3537/3537/1115 3538/3538/1114 3544/3544/1119 
f 3538/3538/1114 3541/3541/1116 3544/3544/1119 
f 2450/2450/681 2456/2456/679 2452/2452/676 2449/2449/675 
f 3545/3545/375 3549/3549/377 3551/3551/1122 3550/3550/1123 
f 3549/3549/377 3553/3553/376 3554/3554/1124 3551/3551/1122 
f 3546/3546/128 3552/3552/131 3554/3554/1124 3553/3553/376 
f 3552/3552/131 3556/3556/130 3557/3557/1125 3554/3554/1124 
f 3547/3547/129 3555/3555/1126 3557/3557/1125 3556/3556/130 
f 3555/3555/1126 3559/3559/1127 3560/3560/1128 3557/3557/1125 
f 3548/3548/1129 3558/3558/1130 3560/3560/1128 3559/3559/1127 
f 3558/3558/1130 3550/3550/1123 3551/3551/1122 3560/3560/1128 
f 3551/3551/1122 3554/3554/1124 3557/3557/1125 3560/3560/1128 
f 2433/2433/659 2434/2434/665 2441/2441/663 2437/2437/660 
f 2214/2214/202 2219/2219/511 2220/2220/509 
f 1980/6158/201 1991/6065/188 2214/2214/202 1979/1979/210 
f 1979/1979/210 2214/2214/202 2220/2220/509 2213/2213/505 
f 1991/6065/188 2002/6149/179 2001/2001/203 2214/2214/202 
f 2219/2219/511 2214/2214/202 2215/2215/204 2223/2223/512 
f 2002/6149/179 2014/2014/163 2226/2226/180 2001/2001/203 
f 2001/2001/203 2226/2226/180 2225/2225/515 
f 2014/2014/163 2026/2026/162 2025/2025/181 2226/2226/180 
f 2231/2231/521 2226/2226/180 2227/2227/182 2235/2235/522 
f 2015/2015/160 2016/6148/178 2237/2237/148 2027/2027/161 
f 2016/6148/178 2238/2238/145 2237/2237/148 
f 177/177/1131 178/178/135 2036/2036/138 2239/2239/158 
f 2247/2247/531 2239/2239/158 2240/2240/159 2251/2251/532 
f 179/179/136 180/6413/1132 2310/2310/124 2047/2047/137 
f 2047/2047/137 2310/2310/124 2317/2317/582 2309/2309/578 
f 180/180/1132 181/181/372 2076/6130/125 2310/6128/124 
f 2316/2316/584 2310/2310/124 2311/2311/96 2320/2320/585 
f 2060/2060/97 2312/2312/93 2076/2076/125 2075/2075/98 
f 2076/2076/125 2312/2312/93 2311/2311/96 
f 2059/2059/100 2074/2074/99 2073/2073/102 2297/2297/101 
f 2300/2300/567 2297/2297/101 2298/2298/103 2304/2304/570 
f 2058/2058/104 2299/2299/575 2073/2073/102 2072/2072/105 
f 2073/2073/102 2299/2299/575 2298/2298/103 
f 2057/2057/107 2071/2071/106 2070/6267/373 2341/2341/601 
f 2344/2344/602 2341/2341/601 2342/2342/111 2348/2348/605 
f 2325/2325/589 2343/2343/108 2070/6267/373 2069/6372/374 
f 2070/6267/373 2343/2343/108 2342/2342/111 
f 2325/2325/589 2069/6372/374 2326/2326/115 
f 2329/2329/590 2325/2325/589 2326/2326/115 2333/2333/593 
f 176/176/177 177/6365/1131 2239/6412/158 2016/2016/178 
f 2016/6148/178 2239/2239/158 2238/2238/145 
f 2056/6118/116 2327/2327/112 2069/6372/374 2068/6121/117 
f 2069/6372/374 2327/2327/112 2326/2326/115 
f 2045/6116/126 2046/2046/1133 2327/2327/112 2056/6118/116 
f 2046/2046/1133 2328/2328/599 2327/2327/112 
f 2034/6097/139 2270/2270/149 2046/2046/1133 2045/6116/126 
f 2046/2046/1133 2270/2270/149 2269/2269/152 
f 2271/2271/553 2272/2272/557 2283/2283/555 2279/2279/554 
f 2035/2035/1134 2286/2286/189 2285/2285/192 
f 2271/2271/553 2035/2035/1134 2272/2272/557 
f 2024/2024/1135 2286/2286/189 2035/2035/1134 2271/2271/553 
f 2253/2253/535 2254/2254/167 2261/2261/539 2257/2257/536 
f 2286/2286/189 2024/2024/1135 2254/2254/167 
f 2013/2013/1136 2287/2287/565 2253/2253/535 
f 2287/2287/565 2286/2286/189 2254/2254/167 2253/2253/535 
f 2087/2087/394 2079/2079/1137 2078/2078/391 2083/2083/392 
f 2256/2256/545 2255/2255/164 2012/6143/168 
f 2256/2256/545 2012/6143/168 2000/6152/183 2078/2078/391 
f 2079/2079/1137 2256/2256/545 2078/2078/391 
f 2012/6143/168 2255/2255/164 2024/2024/1135 2023/6135/1 
f 2024/2024/1135 2255/2255/164 2254/2254/167 
f 2023/6135/1 2024/2024/1135 2270/2270/149 2034/6097/139 
f 2024/2024/1135 2271/2271/553 2270/2270/149 
f 2091/2091/1138 2077/2077/412 2078/2078/391 2000/6152/183 
f 2091/2091/1138 2000/6152/183 1990/6156/193 2090/2090/1139 
f 2099/2099/1140 2091/2091/1138 2090/2090/1139 2095/2095/1140 
f 2089/2089/400 2090/2090/406 1990/6156/193 
f 2103/2103/419 2089/2089/400 2102/2102/399 
f 2111/2111/418 2103/2103/419 2102/2102/399 2107/2107/416 
f 2102/2102/399 2089/2089/400 1990/6156/193 1977/6159/205 
f 2101/2101/396 2102/2102/399 1977/6159/205 1964/6111/212 
f 1965/1965/218 2101/2101/396 1964/6111/212 
f 1938/6164/231 2114/2114/241 1953/1953/217 1952/1952/219 
f 1953/1953/217 2114/2114/241 2113/2113/244 
f 2126/2126/439 2132/2132/437 2128/2128/434 2125/2125/433 
f 2126/2126/439 2125/2125/433 2115/2115/445 2114/2114/241 
f 1925/6172/245 2126/2126/439 2114/2114/241 1938/6164/231 
f 2138/2138/432 2145/2145/450 2141/2141/447 2137/2137/446 
f 2138/2138/432 2137/2137/446 2127/2127/455 2126/2126/439 
f 1914/6178/250 2138/2138/432 2126/2126/439 1925/6172/245 
f 2139/2139/259 2138/2138/432 1914/6178/250 
f 1901/1901/276 2139/6392/259 1914/1914/250 1900/1900/267 
f 2154/2154/462 2161/2161/460 2157/2157/457 2153/2153/456 
f 2154/2154/462 2153/2153/456 2140/2140/260 2139/2139/259 
f 1902/6187/275 2154/2154/462 2139/2139/259 1901/6189/276 
f 2155/2155/263 1926/1926/240 2156/2156/1141 
f 1915/6177/249 1927/6066/238 1926/1926/240 2155/2155/263 
f 2169/2169/1142 2170/2170/1143 2172/2172/1144 2171/2171/1144 
f 2174/2174/227 2173/2173/230 2170/2170/1143 2169/2169/1142 
f 1940/6171/237 2174/2174/227 2169/2169/1142 1939/1939/239 
f 1940/6171/237 2175/2175/478 2174/2174/227 
f 1941/1941/1 1954/1954/216 2175/6418/478 1940/1940/237 
f 2175/2175/478 2176/2176/482 2187/2187/480 2183/2183/479 
f 2175/2175/478 2190/2190/489 2189/2189/495 2176/2176/482 
f 1954/1954/216 1966/1966/215 2190/6408/489 2175/6418/478 
f 2202/2202/468 2208/2208/500 2204/2204/497 2201/2201/496 
f 2202/2202/468 2201/2201/496 1978/1978/1145 2191/6410/504 
f 1966/1966/215 2202/6419/468 2191/6411/504 2190/6408/489 
f 1967/1967/211 1979/1979/210 2203/2203/469 2202/2202/468 
f 1966/1966/215 1967/6101/211 2202/6419/468 
f 1902/6187/275 2155/2155/263 2154/2154/462 
f 1903/1903/258 1915/1915/249 2155/6415/263 1902/1902/275 
f 1877/1877/287 1894/1894/286 2356/2356/271 2355/2355/270 
f 1876/6198/293 1877/1877/287 2355/2355/270 
f 1876/6198/293 2355/2355/270 2354/2354/288 
f 1875/1875/292 1876/1876/293 2354/6380/288 1893/1893/274 
f 2354/2354/288 2353/2353/291 1911/1911/1146 1910/6180/257 
f 1893/6185/274 2354/2354/288 1910/6180/257 
f 2475/2475/703 2474/2474/253 1922/6176/248 
f 1911/1911/1146 2475/2475/703 1922/6176/248 1910/6180/257 
f 2474/2474/253 2473/2473/256 1935/1935/234 
f 1922/6176/248 2474/2474/253 1935/1935/234 1934/1934/236 
f 1948/1948/235 2463/2463/1147 2462/2462/222 
f 1947/6120/226 1948/1948/235 2462/2462/222 1960/6079/214 
f 2462/2462/222 2461/2461/225 1973/1973/207 
f 1960/6079/214 2462/2462/222 1973/1973/207 1972/1972/208 
f 2007/2007/186 2451/2451/685 2450/2450/681 
f 2006/6123/176 2007/2007/186 2450/2450/681 2018/6138/157 
f 3534/3534/172 3535/3535/1120 3543/3543/1118 3539/3539/1117 
f 2018/6138/157 2450/2450/681 2449/2449/675 
f 2029/6134/144 2018/6138/157 2449/2449/675 3535/3535/1120 
f 3534/3534/172 2029/6134/144 3535/3535/1120 
f 2038/2038/134 3533/3533/175 2039/2039/132 
f 2029/6134/144 3534/3534/172 3533/3533/175 2038/2038/134 
f 2420/2420/378 2419/2419/381 2062/6126/123 
f 2050/2050/133 2420/2420/378 2062/6126/123 2049/6124/122 
f 2419/2419/381 2418/2418/119 773/6232/1148 774/6235/382 
f 2062/6126/123 2419/2419/381 774/6235/382 
f 2417/2417/118 773/6232/1148 2418/2418/119 
f 2436/2436/673 2447/2447/671 2443/2443/670 2435/2435/669 
f 2436/2436/673 2435/2435/669 772/6369/1149 
f 2417/2417/118 2436/2436/673 772/6369/1149 773/6232/1148 
f 2434/2434/665 772/6369/1149 2435/2435/669 
f 2063/2063/1 771/6367/1 772/6370/1149 2434/6421/665 
f 3548/3548/1129 3559/3559/1127 3555/3555/1126 3547/3547/129 
f 2434/2434/665 3547/3547/129 2063/6422/1 
f 3548/3548/1129 3547/3547/129 2434/2434/665 2433/2433/659 
f 2051/2051/1150 3548/3548/1129 2433/2433/659 
f 3546/3546/128 2063/6422/1 3547/3547/129 
f 2052/2052/1 2064/2064/1 2063/2063/1 3546/6423/128 
f 2041/2041/127 2052/2052/1 3546/6423/128 
f 2040/2040/1151 2041/6339/127 3546/3546/128 3545/3545/375 
f 2040/2040/1151 2391/2391/154 2041/6339/127 
f 2030/2030/1152 2392/2392/641 2391/2391/154 2040/2040/1151 
f 2390/2390/141 2041/6339/127 2391/2391/154 
f 2031/2031/1 2042/2042/1 2041/2041/127 2390/6426/141 
f 2020/6137/153 2031/6102/1 2390/2390/141 
f 2019/2019/170 2020/6137/153 2390/2390/141 2389/2389/140 
f 2378/2378/195 2008/2008/171 2379/2379/1153 
f 1997/6085/184 2009/6144/169 2008/2008/171 2378/2378/195 
f 1987/6100/194 1997/6085/184 2378/2378/195 2377/2377/633 
f 1986/1986/1154 1987/6100/194 2377/2377/633 
f 2406/2406/617 1986/1986/1155 2407/2407/618 
f 1974/6132/206 1987/6100/194 1986/1986/1155 2406/2406/617 
f 2370/2370/1156 2369/2369/1157 2371/2371/1157 2372/2372/1157 
f 2370/2370/1156 2405/2405/643 2369/2369/1157 
f 2370/2370/1156 2406/2406/617 2405/2405/643 
f 1961/1961/213 1974/6132/206 2406/2406/617 2370/2370/1156 
f 2374/2374/621 1949/1949/221 2373/2373/622 
f 1936/6166/233 1950/6140/220 1949/1949/221 2374/2374/621 
f 3796/3796/309 4300/4300/309 3595/3595/309 3567/3567/309 
f 3867/3867/309 3795/3795/309 3564/3564/309 3570/3570/309 
f 3831/3831/3 3568/3568/3 3596/3596/3 4101/4101/3 
f 4353/4353/309 3849/3849/309 3563/3563/309 3623/6429/309 
f 3867/3867/309 3570/3570/309 3581/3581/309 3868/3868/309 
f 3868/3868/1158 3581/3581/1158 3580/3580/1158 3886/3886/1158 
f 3886/3886/1159 3580/3580/1159 3579/3579/1159 3904/3904/1159 
f 3904/3904/12 3579/3579/12 3578/3578/12 3922/3922/12 
f 3922/3922/1160 3578/3578/1160 3577/3577/1160 3940/3940/1160 
f 3940/3940/1161 3577/3577/1162 3576/3576/1163 3958/3958/1163 
f 3958/3958/1163 3576/3576/1163 3575/3575/1164 3976/3976/1164 
f 3976/3976/1164 3575/3575/1164 3574/3574/1165 3994/3994/1165 
f 3994/3994/1166 3574/3574/1166 3573/3573/1166 4012/4012/1166 
f 4012/4012/12 3573/3573/12 3572/3572/12 4030/4030/12 
f 4030/4030/309 3572/3572/309 3571/3571/309 4048/4048/309 
f 4048/4048/1167 3571/3571/1167 3569/3569/12 4066/4066/12 
f 4101/4101/3 3596/3596/3 3607/3607/3 4102/4102/3 
f 4102/4102/1168 3607/3607/1168 3606/3606/1168 4120/4120/1168 
f 4120/4120/1169 3606/3606/1169 3605/3605/1169 4138/4138/1169 
f 4138/4138/309 3605/3605/309 3604/3604/309 4156/4156/309 
f 4156/4156/1170 3604/3604/1170 3603/3603/1170 4174/4174/1170 
f 4174/4174/1171 3603/3603/1171 3602/3602/1172 4192/4192/1172 
f 4192/4192/1172 3602/3602/1172 3601/3601/1173 4210/4210/1173 
f 4210/4210/1173 3601/3601/1173 3600/3600/1174 4228/4228/1174 
f 4228/4228/1175 3600/3600/1175 3599/3599/1175 4246/4246/1175 
f 4246/4246/309 3599/3599/309 3598/3598/309 4264/4264/309 
f 4264/4264/3 3598/3598/3 3597/3597/3 4282/4282/3 
f 4282/4282/309 3597/3597/309 3595/3595/309 4300/4300/309 
f 3832/3832/1176 3562/3562/1177 3609/3609/28 4083/4083/1176 
f 5620/5620/309 4335/4335/309 3624/3624/309 3706/3706/309 
f 4318/4318/12 3621/3621/12 3626/3626/1178 4425/4425/1179 
f 4371/4371/1180 4480/4480/1181 3633/3633/1182 3638/3638/1183 
f 3626/6053/1184 3629/3629/1185 3631/3631/1186 3628/3628/1186 
f 3628/6057/1187 3631/3631/1187 3632/3632/1188 3627/3627/1189 
f 3627/3627/1189 3632/3632/1188 3630/3630/1190 3625/3625/1191 
f 3634/3634/1192 3637/3637/1192 3639/3639/1193 3636/3636/1193 
f 3636/3636/1193 3639/3639/1193 3640/3640/1194 3635/3635/1194 
f 3635/3635/1195 3640/3640/1196 3638/3638/1183 3633/3633/1182 
f 4371/4371/1180 3638/3638/1183 3640/3640/1196 4372/4372/1197 
f 4372/4372/1197 3640/3640/1196 3639/3639/1198 4390/4390/1198 
f 4390/4390/1199 3639/3639/1199 3637/3637/1200 4408/4408/1201 
f 4443/4443/1202 3634/3634/1203 3636/3636/1204 4444/4444/1205 
f 4444/4444/1205 3636/3636/1206 3635/3635/1195 4462/4462/1207 
f 4462/4462/1207 3635/3635/1195 3633/3633/1182 4480/4480/1181 
f 4516/4516/309 5020/5020/309 3702/3702/309 3645/3645/309 
f 4587/4587/92 3653/3653/92 3644/3644/92 4515/4515/92 
f 4551/4551/3 3648/3648/3 3679/3679/3 4821/4821/3 
f 5073/5073/92 3704/3704/92 3650/6502/92 4569/4569/92 
f 4587/4587/92 4588/4588/92 3654/3654/92 3653/3653/92 
f 4588/4588/1208 4606/4606/1208 3656/3656/1208 3654/3654/1208 
f 4606/4606/1209 4624/4624/1209 3658/3658/1209 3656/3656/1209 
f 4624/4624/3 4642/4642/3 3660/3660/3 3658/3658/3 
f 4642/4642/1210 4660/4660/1210 3662/3662/1210 3660/3660/1210 
f 4660/4660/1211 4678/4678/1212 3664/3664/1212 3662/3662/1211 
f 4678/4678/1212 4696/4696/1213 3666/3666/1213 3664/3664/1212 
f 4696/4696/1213 4714/4714/1214 3668/3668/1214 3666/3666/1213 
f 4714/4714/1215 4732/4732/1215 3670/3670/1215 3668/3668/1215 
f 4732/4732/3 4750/4750/3 3672/3672/3 3670/3670/3 
f 4750/4750/92 4768/4768/92 3674/3674/92 3672/3672/92 
f 4768/4768/3 4786/4786/3 3676/3676/3 3674/3674/3 
f 4821/4821/3 3679/3679/3 3680/3680/3 4822/4822/3 
f 4822/4822/1168 3680/3680/1168 3682/3682/1168 4840/4840/1168 
f 4840/4840/1169 3682/3682/1169 3684/3684/1169 4858/4858/1169 
f 4858/4858/309 3684/3684/309 3686/3686/309 4876/4876/309 
f 4876/4876/1170 3686/3686/1170 3688/3688/1170 4894/4894/1170 
f 4894/4894/1216 3688/3688/1216 3690/3690/1217 4912/4912/1217 
f 4912/4912/1217 3690/3690/1217 3692/3692/1173 4930/4930/1173 
f 4930/4930/1173 3692/3692/1173 3694/3694/1218 4948/4948/1218 
f 4948/4948/1175 3694/3694/1175 3696/3696/1175 4966/4966/1175 
f 4966/4966/309 3696/3696/309 3698/3698/309 4984/4984/309 
f 4984/4984/3 3698/3698/3 3700/3700/3 5002/5002/3 
f 5002/5002/309 3700/3700/309 3702/3702/309 5020/5020/309 
f 4552/4552/3 4803/4803/3 3675/3675/3 3642/6501/3 
f 5397/5397/309 5055/5055/309 3647/3647/309 3742/3742/309 
f 3621/6052/1 3703/3703/1 3705/3705/1 3626/6054/1 
f 4551/6398/309 5091/5091/309 3759/3759/309 3648/6436/309 
f 5091/5091/309 5109/5109/309 3758/3758/309 3759/3759/309 
f 5109/5109/309 5127/5127/309 3757/3757/309 3758/3758/309 
f 5127/5127/309 5145/5145/309 3756/3756/309 3757/3757/309 
f 5145/5145/309 5163/5163/309 3755/3755/309 3756/3756/309 
f 5163/5163/309 5181/5181/309 3754/3754/309 3755/3755/309 
f 5181/5181/309 5199/5199/309 3753/3753/309 3754/3754/309 
f 5199/5199/309 5217/5217/309 3752/3752/309 3753/3753/309 
f 5217/5217/309 5235/5235/309 3751/3751/309 3752/3752/309 
f 5235/5235/309 5253/5253/309 3750/3750/309 3751/3751/309 
f 5253/5253/309 5271/5271/309 3749/3749/309 3750/3750/309 
f 5271/5271/309 5289/5289/309 3748/3748/309 3749/3749/309 
f 5289/5289/309 5307/5307/309 3747/3747/309 3748/3748/309 
f 5307/5307/309 5325/5325/309 3746/3746/309 3747/3747/309 
f 5325/5325/309 5343/5343/309 3745/3745/309 3746/3746/309 
f 5343/5343/309 5361/5361/309 3744/3744/309 3745/3745/309 
f 5361/5361/309 5379/5379/309 3743/3743/309 3744/3744/309 
f 5379/5379/309 5397/5397/309 3742/3742/309 3743/3743/309 
f 3831/6260/309 5398/5398/309 3723/3723/309 3568/6428/309 
f 5398/5398/309 5416/5416/309 3722/3722/309 3723/3723/309 
f 5416/5416/309 5434/5434/309 3721/3721/309 3722/3722/309 
f 5434/5434/309 5452/5452/309 3720/3720/309 3721/3721/309 
f 5452/5452/309 5469/5469/309 3719/3719/309 3720/3720/309 
f 5469/5469/309 5480/5480/309 3718/3718/309 3719/3719/309 
f 5480/5480/309 5492/5492/309 3717/3717/309 3718/3718/309 
f 5492/5492/309 5505/5505/309 3716/3716/309 3717/3717/309 
f 5505/5505/309 5518/5518/309 3715/3715/309 3716/3716/309 
f 5518/5518/309 5530/5530/309 3714/3714/309 3715/3715/309 
f 5530/5530/309 5542/5542/309 3713/3713/309 3714/3714/309 
f 5542/5542/309 5553/5553/309 3712/3712/309 3713/3713/309 
f 5553/5553/309 5563/5563/309 3711/3711/309 3712/3712/309 
f 5563/5563/309 5574/5574/309 3710/3710/309 3711/3711/309 
f 5574/5574/309 5585/5585/309 3709/3709/309 3710/3710/309 
f 5585/5585/309 5595/5595/309 3708/3708/309 3709/3709/309 
f 5595/5595/309 5606/5606/309 3707/3707/309 3708/3708/309 
f 5606/5606/309 5620/5620/309 3706/3706/309 3707/3707/309 
f 5871/5871/1219 5882/5882/1220 5878/5878/1221 5870/5870/1222 
f 5619/5619/1223 5634/5634/1224 5633/5633/1225 5618/5618/1226 
f 5856/5856/1227 5857/5857/1228 5863/5863/1229 5859/5859/1230 
f 5617/5617/1231 5631/5631/1232 5630/5630/1233 5616/5616/1234 
f 5884/5884/1235 5885/5885/1236 5892/5892/1237 5888/5888/1238 
f 5886/5886/1239 5895/5895/1240 5891/5891/1241 5885/5885/1236 
f 5612/5612/1242 5624/5624/1243 5623/5623/1244 5611/5611/1245 
f 5611/5611/1245 5623/5623/1244 5622/5622/1246 5610/5610/1247 
f 5995/5995/1248 6006/6006/1249 6002/6002/1250 5994/5994/1251 
f 5607/5607/1252 5621/5621/1253 5620/5620/309 5606/5606/309 
f 5869/5869/1254 5870/5870/1222 5879/5879/1255 5875/5875/1256 
f 5603/5603/1257 5615/5615/1258 5614/5614/1258 5602/5602/1259 
f 5602/5602/1259 5614/5614/1260 5613/5613/1260 5601/5601/1261 
f 5599/5599/1262 5611/5611/1245 5610/5610/1247 5598/5598/1262 
f 5597/5597/1263 5608/5608/1264 5607/5607/1252 5596/5596/1265 
f 5596/5596/1265 5607/5607/1252 5606/5606/309 5595/5595/309 
f 3738/3738/1266 3739/3739/1267 5605/5605/1268 5594/5594/1269 
f 5592/5592/1270 5603/5603/1257 5602/5602/1259 5591/5591/1271 
f 5591/5591/1271 5602/5602/1259 5601/5601/1261 5590/5590/1272 
f 5590/5590/1272 5601/5601/1261 5600/6437/1273 5589/5589/1274 
f 5948/5948/1275 5949/5949/1276 5956/5956/1277 5952/5952/1278 
f 5587/5587/1279 5597/5597/1263 5596/5596/1265 5586/5586/1280 
f 5586/5586/1280 5596/5596/1265 5595/5595/309 5585/5585/309 
f 5797/5797/1281 5804/5804/1282 5800/5800/1283 5796/5796/1284 
f 5829/5829/1285 5836/5836/1286 5832/5832/1287 5828/5828/1288 
f 5580/5580/1289 5592/5592/1270 5591/5591/1271 5579/5579/1290 
f 5579/5579/1290 5591/5591/1271 5590/5590/1272 5578/5578/1291 
f 5578/5578/1291 5590/5590/1272 5589/5589/1274 5577/5577/1292 
f 5949/5949/1276 5950/5950/1293 5959/5959/1294 5955/5955/1295 
f 5575/5575/1296 5586/5586/1280 5585/5585/309 5574/5574/309 
f 5798/5798/1297 5799/5799/1298 5810/5810/1299 5806/5806/1300 
f 5572/5572/1301 5584/5584/1302 5583/5583/1303 5571/5571/1304 
f 5814/5814/1305 5823/5823/1306 5819/5819/1307 5813/5813/1308 
f 5568/5568/1309 5578/5578/1291 5577/5577/1292 5567/5567/1310 
f 5567/6387/1310 5577/6439/1292 5576/5576/1311 5566/5566/1312 
f 6009/6009/1313 6015/6015/1314 6011/6011/1315 6008/6008/1316 
f 5564/5564/1317 5575/5575/1296 5574/5574/309 5563/5563/309 
f 3735/3735/1318 3736/3736/1319 5573/5573/1320 5562/5562/309 
f 5562/5562/309 5573/5573/1320 5572/5572/1301 5561/5561/309 
f 5561/5561/309 5572/5572/1301 5571/5571/1304 5560/5560/1321 
f 5785/5785/1322 5786/5786/1323 5794/5794/1324 5790/5790/1325 
f 5555/5555/1326 5565/5565/1327 5564/5564/1317 5554/5554/1328 
f 5554/5554/1328 5564/5564/1317 5563/5563/309 5553/5553/309 
f 3734/3734/1318 3735/3735/1318 5562/5562/309 5552/5552/309 
f 5552/5552/309 5562/5562/309 5561/5561/309 5551/5551/309 
f 5551/5551/309 5561/5561/309 5560/5560/1321 5550/5550/1329 
f 5845/5845/1330 5851/5851/1331 5847/5847/1332 5844/5844/1333 
f 5549/5549/1334 5558/5558/1335 5557/5557/1336 5548/5548/1337 
f 5937/5937/1338 5938/5938/1339 5946/5946/1340 5942/5942/1341 
f 5544/5544/1342 5555/5555/1326 5554/5554/1328 5543/5543/1343 
f 5543/5543/1343 5554/5554/1328 5553/5553/309 5542/5542/309 
f 3733/3733/1318 3734/3734/1318 5552/5552/309 5541/5541/309 
f 5541/5541/309 5552/5552/309 5551/5551/309 5540/5540/309 
f 5540/5540/309 5551/5551/309 5550/5550/1329 5539/5539/1344 
f 5773/5773/1345 5774/5774/1346 5782/5782/1347 5778/5778/1348 
f 5536/5536/1349 5549/5549/1334 5548/5548/1337 5535/5535/1350 
f 5535/5535/1350 5548/5548/1337 5547/5547/1351 5534/5534/1352 
f 5534/5534/1352 5547/5547/1351 5546/5546/1353 5533/5533/1354 
f 5532/5532/1355 5544/5544/1342 5543/5543/1343 5531/5531/1356 
f 5531/5531/1356 5543/5543/1343 5542/5542/309 5530/5530/309 
f 3732/3732/1318 3733/3733/1318 5541/5541/309 5529/5529/309 
f 5529/5529/309 5541/5541/309 5540/5540/309 5528/5528/309 
f 5528/5528/309 5540/5540/309 5539/5539/1344 5527/5527/1357 
f 5527/5527/1357 5539/5539/1344 5538/5538/1358 5526/5526/1359 
f 5523/5523/1360 5536/5536/1349 5535/5535/1350 5522/5522/309 
f 5522/5522/309 5535/5535/1350 5534/5534/1352 5521/5521/309 
f 5521/5521/309 5534/5534/1352 5533/5533/1354 5520/5520/1361 
f 5519/5519/1362 5531/5531/1356 5530/5530/309 5518/5518/309 
f 3731/3731/1318 3732/3732/1318 5529/5529/309 5517/5517/309 
f 5517/5517/309 5529/5529/309 5528/5528/309 5516/5516/309 
f 5516/5516/309 5528/5528/309 5527/5527/1357 5515/5515/309 
f 5515/5515/309 5527/5527/1357 5526/5526/1359 5514/5514/309 
f 5514/5514/309 5526/5526/1359 5525/5525/1363 5513/5513/1364 
f 5512/5512/1365 5524/5524/1366 5523/5523/1360 5511/5511/1367 
f 5511/5511/1367 5523/5523/1360 5522/5522/309 5510/5510/309 
f 5510/5510/309 5522/5522/309 5521/5521/309 5509/5509/1368 
f 5509/5509/1368 5521/5521/309 5520/5520/1361 5508/5508/1369 
f 6021/6021/1370 6027/6027/1371 6023/6023/1372 6020/6020/1373 
f 5506/5506/1374 5519/5519/1362 5518/5518/309 5505/5505/309 
f 3730/3730/1318 3731/3731/1318 5517/5517/309 5504/5504/309 
f 5504/5504/309 5517/5517/309 5516/5516/309 5503/5503/309 
f 5503/5503/309 5516/5516/309 5515/5515/309 5502/5502/309 
f 5502/5502/309 5515/5515/309 5514/5514/309 5501/5501/309 
f 5501/5501/309 5514/5514/309 5513/5513/1364 5500/5500/309 
f 5733/5733/1375 5740/5740/1376 5736/5736/1377 5732/5732/1378 
f 5497/5497/1379 5511/5511/1367 5510/5510/309 5496/5496/1380 
f 5496/5496/1380 5510/5510/309 5509/5509/1368 5495/5495/1381 
f 5494/5494/1382 5507/5507/1383 5506/5506/1374 5493/5493/1384 
f 5493/5493/1384 5506/5506/1374 5505/5505/309 5492/5492/309 
f 3729/3729/1318 3730/3730/1318 5504/5504/309 5491/5491/309 
f 5491/5491/309 5504/5504/309 5503/5503/309 5490/5490/309 
f 5490/5490/309 5503/5503/309 5502/5502/309 5489/5489/309 
f 5489/5489/309 5502/5502/309 5501/5501/309 5488/5488/309 
f 5488/5488/309 5501/5501/309 5500/5500/309 5487/5487/309 
f 5487/5487/309 5500/5500/309 5499/5499/1385 5486/5486/1386 
f 5486/5486/1386 5499/5499/1385 5498/5498/1387 5485/5485/1388 
f 5673/5673/1389 5679/5679/1390 5675/5675/1391 5672/5672/1392 
f 5484/5484/1393 5497/5497/1379 5496/5496/1380 5483/5483/1394 
f 5483/5483/1394 5496/5496/1380 5495/5495/1381 5482/5482/1395 
f 5481/5481/1396 5493/5493/1384 5492/5492/309 5480/5480/309 
f 3728/3728/1318 3729/3729/1318 5491/5491/309 5479/5479/309 
f 5479/5479/309 5491/5491/309 5490/5490/309 5478/5478/309 
f 5478/5478/309 5490/5490/309 5489/5489/309 5477/5477/309 
f 5477/5477/309 5489/5489/309 5488/5488/309 5476/5476/309 
f 5476/5476/309 5488/5488/309 5487/5487/309 5475/5475/309 
f 5475/5475/309 5487/5487/309 5486/5486/1386 5474/5474/1397 
f 5473/5473/1398 5483/5483/1394 5482/5482/1395 5472/5472/1398 
f 6033/6033/1399 6039/6039/1400 6035/6035/1401 6032/6032/1402 
f 5470/5470/1403 5481/5481/1396 5480/5480/309 5469/5469/309 
f 3727/3727/1318 3728/3728/1318 5479/5479/309 5468/5468/309 
f 5468/5468/309 5479/5479/309 5478/5478/309 5467/5467/309 
f 5467/5467/309 5478/5478/309 5477/5477/309 5466/5466/309 
f 5466/5466/309 5477/5477/309 5476/5476/309 5465/5465/309 
f 5465/5465/309 5476/5476/309 5475/5475/309 5464/5464/309 
f 5464/5464/309 5475/5475/309 5474/5474/1397 5463/5463/1404 
f 5713/5713/1405 5720/5720/1406 5716/5716/1407 5712/5712/1408 
f 5714/5714/1409 5715/5715/1410 5726/5726/1411 5722/5722/1412 
f 5914/5914/1413 5915/5915/1414 5926/5926/1415 5922/5922/1416 
f 5453/5453/1417 5470/5470/1403 5469/5469/309 5452/5452/309 
f 3726/3726/1318 3727/3727/1318 5468/5468/309 5451/5451/309 
f 5451/5451/309 5468/5468/309 5467/5467/309 5450/5450/309 
f 5450/5450/309 5467/5467/309 5466/5466/309 5449/5449/309 
f 5449/5449/309 5466/5466/309 5465/5465/309 5448/5448/309 
f 5448/5448/309 5465/5465/309 5464/5464/309 5447/5447/309 
f 5447/5447/309 5464/5464/309 5463/5463/1404 5446/5446/309 
f 5446/5446/309 5463/5463/1404 5462/5462/1418 5445/5445/309 
f 5445/5445/309 5462/5462/1418 5461/5461/1419 5444/5444/309 
f 5444/5444/309 5461/5461/1419 5460/5460/1420 5443/5443/1421 
f 5443/5443/1421 5460/5460/1420 5459/5459/1422 5442/5442/1423 
f 5441/5441/1424 5458/5458/1425 5457/5457/1426 5440/5440/1427 
f 5440/5440/1427 5457/5457/1426 5456/5456/1428 5439/5439/1429 
f 5439/5439/1429 5456/5456/1428 5455/5455/1430 5438/5438/1431 
f 5438/5438/1431 5455/5455/1430 5454/5454/1432 5437/5437/1433 
f 5913/5913/1434 5920/5920/1435 5916/5916/1436 5912/5912/1437 
f 5435/5435/1438 5453/5453/1417 5452/5452/309 5434/5434/309 
f 3725/3725/1318 3726/3726/1318 5451/5451/309 5433/5433/309 
f 5433/5433/309 5451/5451/309 5450/5450/309 5432/5432/309 
f 5432/5432/309 5450/5450/309 5449/5449/309 5431/5431/309 
f 5431/5431/309 5449/5449/309 5448/5448/309 5430/5430/309 
f 5430/5430/309 5448/5448/309 5447/5447/309 5429/5429/309 
f 5429/5429/309 5447/5447/309 5446/5446/309 5428/5428/309 
f 5428/5428/309 5446/5446/309 5445/5445/309 5427/5427/309 
f 5427/5427/309 5445/5445/309 5444/5444/309 5426/5426/309 
f 5426/5426/309 5444/5444/309 5443/5443/1421 5425/5425/309 
f 5425/5425/309 5443/5443/1421 5442/5442/1423 5424/5424/309 
f 5424/5424/309 5442/5442/1423 5441/5441/1424 5423/5423/309 
f 5423/5423/309 5441/5441/1424 5440/5440/1427 5422/5422/309 
f 5422/5422/309 5440/5440/1427 5439/5439/1429 5421/5421/309 
f 5421/5421/309 5439/5439/1429 5438/5438/1431 5420/5420/309 
f 5420/5420/309 5438/5438/1431 5437/5437/1433 5419/5419/309 
f 5419/5419/309 5437/5437/1433 5436/5436/1439 5418/5418/309 
f 5418/5418/309 5436/5436/1439 5435/5435/1438 5417/5417/309 
f 5417/5417/309 5435/5435/1438 5434/5434/309 5416/5416/309 
f 3724/3724/1318 3725/3725/1318 5433/5433/309 5415/5415/309 
f 5415/5415/309 5433/5433/309 5432/5432/309 5414/5414/309 
f 5414/5414/309 5432/5432/309 5431/5431/309 5413/5413/309 
f 5413/5413/309 5431/5431/309 5430/5430/309 5412/5412/309 
f 5412/5412/309 5430/5430/309 5429/5429/309 5411/5411/309 
f 5411/5411/309 5429/5429/309 5428/5428/309 5410/5410/309 
f 5410/5410/309 5428/5428/309 5427/5427/309 5409/5409/309 
f 5409/5409/309 5427/5427/309 5426/5426/309 5408/5408/309 
f 5408/5408/309 5426/5426/309 5425/5425/309 5407/5407/309 
f 5407/5407/309 5425/5425/309 5424/5424/309 5406/5406/309 
f 5406/5406/309 5424/5424/309 5423/5423/309 5405/5405/309 
f 5405/5405/309 5423/5423/309 5422/5422/309 5404/5404/309 
f 5404/5404/309 5422/5422/309 5421/5421/309 5403/5403/309 
f 5403/5403/309 5421/5421/309 5420/5420/309 5402/5402/309 
f 5402/5402/309 5420/5420/309 5419/5419/309 5401/5401/309 
f 5401/5401/309 5419/5419/309 5418/5418/309 5400/5400/309 
f 5400/5400/309 5418/5418/309 5417/5417/309 5399/5399/309 
f 5399/5399/309 5417/5417/309 5416/5416/309 5398/5398/309 
f 3561/3561/1440 3724/3724/1318 5415/5415/309 3814/3814/309 
f 3814/3814/309 5415/5415/309 5414/5414/309 3815/3815/309 
f 3815/3815/309 5414/5414/309 5413/5413/309 3816/3816/309 
f 3816/3816/309 5413/5413/309 5412/5412/309 3817/3817/309 
f 3817/3817/309 5412/5412/309 5411/5411/309 3818/3818/309 
f 3818/3818/309 5411/5411/309 5410/5410/309 3819/3819/309 
f 3819/3819/309 5410/5410/309 5409/5409/309 3820/3820/309 
f 3820/3820/309 5409/5409/309 5408/5408/309 3821/3821/309 
f 3821/3821/309 5408/5408/309 5407/5407/309 3822/3822/309 
f 3822/3822/309 5407/5407/309 5406/5406/309 3823/3823/309 
f 3823/3823/309 5406/5406/309 5405/5405/309 3824/3824/309 
f 3824/3824/309 5405/5405/309 5404/5404/309 3825/3825/309 
f 3825/3825/309 5404/5404/309 5403/5403/309 3826/3826/309 
f 3826/3826/309 5403/5403/309 5402/5402/309 3827/3827/309 
f 3827/3827/309 5402/5402/309 5401/5401/309 3828/3828/309 
f 3828/3828/309 5401/5401/309 5400/5400/309 3829/3829/309 
f 3829/3829/309 5400/5400/309 5399/5399/309 3830/3830/309 
f 3830/3830/309 5399/5399/309 5398/5398/309 3831/6260/309 
f 3776/3776/309 3777/3777/309 5380/5380/309 5362/5362/309 
f 5362/5362/309 5380/5380/309 5381/5381/309 5363/5363/309 
f 5363/5363/309 5381/5381/309 5382/5382/309 5364/5364/309 
f 5364/5364/309 5382/5382/309 5383/5383/309 5365/5365/309 
f 5365/5365/309 5383/5383/309 5384/5384/309 5366/5366/309 
f 5366/5366/309 5384/5384/309 5385/5385/309 5367/5367/309 
f 5367/5367/309 5385/5385/309 5386/5386/309 5368/5368/309 
f 5368/5368/309 5386/5386/309 5387/5387/309 5369/5369/309 
f 5369/5369/309 5387/5387/309 5388/5388/309 5370/5370/309 
f 5370/5370/309 5388/5388/309 5389/5389/309 5371/5371/309 
f 5371/5371/309 5389/5389/309 5390/5390/309 5372/5372/309 
f 5372/5372/309 5390/5390/309 5391/5391/309 5373/5373/309 
f 5373/5373/309 5391/5391/309 5392/5392/309 5374/5374/309 
f 5374/5374/309 5392/5392/309 5393/5393/309 5375/5375/309 
f 5375/5375/309 5393/5393/309 5394/5394/309 5376/5376/309 
f 5376/5376/309 5394/5394/309 5395/5395/309 5377/5377/309 
f 5377/5377/309 5395/5395/309 5396/5396/309 5378/5378/309 
f 5378/5378/309 5396/5396/309 5397/5397/309 5379/5379/309 
f 3775/3775/309 3776/3776/309 5362/5362/309 5344/5344/309 
f 5344/5344/309 5362/5362/309 5363/5363/309 5345/5345/309 
f 5345/5345/309 5363/5363/309 5364/5364/309 5346/5346/309 
f 5346/5346/309 5364/5364/309 5365/5365/309 5347/5347/309 
f 5347/5347/309 5365/5365/309 5366/5366/309 5348/5348/309 
f 5348/5348/309 5366/5366/309 5367/5367/309 5349/5349/309 
f 5349/5349/309 5367/5367/309 5368/5368/309 5350/5350/309 
f 5350/5350/309 5368/5368/309 5369/5369/309 5351/5351/309 
f 5351/5351/309 5369/5369/309 5370/5370/309 5352/5352/309 
f 5352/5352/309 5370/5370/309 5371/5371/309 5353/5353/309 
f 5353/5353/309 5371/5371/309 5372/5372/309 5354/5354/309 
f 5354/5354/309 5372/5372/309 5373/5373/309 5355/5355/309 
f 5355/5355/309 5373/5373/309 5374/5374/309 5356/5356/309 
f 5356/5356/309 5374/5374/309 5375/5375/309 5357/5357/309 
f 5357/5357/309 5375/5375/309 5376/5376/309 5358/5358/309 
f 5358/5358/309 5376/5376/309 5377/5377/309 5359/5359/309 
f 5359/5359/309 5377/5377/309 5378/5378/309 5360/5360/309 
f 5360/5360/309 5378/5378/309 5379/5379/309 5361/5361/309 
f 3774/3774/309 3775/3775/309 5344/5344/309 5326/5326/309 
f 5326/5326/309 5344/5344/309 5345/5345/309 5327/5327/309 
f 5327/5327/309 5345/5345/309 5346/5346/309 5328/5328/309 
f 5328/5328/309 5346/5346/309 5347/5347/309 5329/5329/309 
f 5329/5329/309 5347/5347/309 5348/5348/309 5330/5330/309 
f 5330/5330/309 5348/5348/309 5349/5349/309 5331/5331/309 
f 5331/5331/309 5349/5349/309 5350/5350/309 5332/5332/309 
f 5332/5332/309 5350/5350/309 5351/5351/309 5333/5333/309 
f 5333/5333/309 5351/5351/309 5352/5352/309 5334/5334/309 
f 5334/5334/309 5352/5352/309 5353/5353/309 5335/5335/309 
f 5335/5335/309 5353/5353/309 5354/5354/309 5336/5336/309 
f 5336/5336/309 5354/5354/309 5355/5355/309 5337/5337/309 
f 5337/5337/309 5355/5355/309 5356/5356/309 5338/5338/309 
f 5338/5338/309 5356/5356/309 5357/5357/309 5339/5339/309 
f 5339/5339/309 5357/5357/309 5358/5358/309 5340/5340/309 
f 5340/5340/309 5358/5358/309 5359/5359/309 5341/5341/309 
f 5341/5341/309 5359/5359/309 5360/5360/309 5342/5342/309 
f 5342/5342/309 5360/5360/309 5361/5361/309 5343/5343/309 
f 3773/3773/309 3774/3774/309 5326/5326/309 5308/5308/309 
f 5308/5308/309 5326/5326/309 5327/5327/309 5309/5309/309 
f 5309/5309/309 5327/5327/309 5328/5328/309 5310/5310/309 
f 5310/5310/309 5328/5328/309 5329/5329/309 5311/5311/309 
f 5311/5311/309 5329/5329/309 5330/5330/309 5312/5312/309 
f 5312/5312/309 5330/5330/309 5331/5331/309 5313/5313/309 
f 5313/5313/309 5331/5331/309 5332/5332/309 5314/5314/309 
f 5314/5314/309 5332/5332/309 5333/5333/309 5315/5315/309 
f 5315/5315/309 5333/5333/309 5334/5334/309 5316/5316/309 
f 5316/5316/309 5334/5334/309 5335/5335/309 5317/5317/309 
f 5317/5317/309 5335/5335/309 5336/5336/309 5318/5318/309 
f 5318/5318/309 5336/5336/309 5337/5337/309 5319/5319/309 
f 5319/5319/309 5337/5337/309 5338/5338/309 5320/5320/309 
f 5320/5320/309 5338/5338/309 5339/5339/309 5321/5321/309 
f 5321/5321/309 5339/5339/309 5340/5340/309 5322/5322/309 
f 5322/5322/309 5340/5340/309 5341/5341/309 5323/5323/309 
f 5323/5323/309 5341/5341/309 5342/5342/309 5324/5324/309 
f 5324/5324/309 5342/5342/309 5343/5343/309 5325/5325/309 
f 3772/3772/309 3773/3773/309 5308/5308/309 5290/5290/309 
f 5290/5290/309 5308/5308/309 5309/5309/309 5291/5291/309 
f 5291/5291/309 5309/5309/309 5310/5310/309 5292/5292/309 
f 5292/5292/309 5310/5310/309 5311/5311/309 5293/5293/309 
f 5293/5293/309 5311/5311/309 5312/5312/309 5294/5294/309 
f 5294/5294/309 5312/5312/309 5313/5313/309 5295/5295/309 
f 5295/5295/309 5313/5313/309 5314/5314/309 5296/5296/309 
f 5296/5296/309 5314/5314/309 5315/5315/309 5297/5297/309 
f 5297/5297/309 5315/5315/309 5316/5316/309 5298/5298/309 
f 5298/5298/309 5316/5316/309 5317/5317/309 5299/5299/309 
f 5299/5299/309 5317/5317/309 5318/5318/309 5300/5300/309 
f 5300/5300/309 5318/5318/309 5319/5319/309 5301/5301/309 
f 5301/5301/309 5319/5319/309 5320/5320/309 5302/5302/309 
f 5302/5302/309 5320/5320/309 5321/5321/309 5303/5303/309 
f 5303/5303/309 5321/5321/309 5322/5322/309 5304/5304/309 
f 5304/5304/309 5322/5322/309 5323/5323/309 5305/5305/309 
f 5305/5305/309 5323/5323/309 5324/5324/309 5306/5306/309 
f 5306/5306/309 5324/5324/309 5325/5325/309 5307/5307/309 
f 3771/3771/309 3772/3772/309 5290/5290/309 5272/5272/309 
f 5272/5272/309 5290/5290/309 5291/5291/309 5273/5273/309 
f 5273/5273/309 5291/5291/309 5292/5292/309 5274/5274/309 
f 5274/5274/309 5292/5292/309 5293/5293/309 5275/5275/309 
f 5275/5275/309 5293/5293/309 5294/5294/309 5276/5276/309 
f 5276/5276/309 5294/5294/309 5295/5295/309 5277/5277/309 
f 5277/5277/309 5295/5295/309 5296/5296/309 5278/5278/309 
f 5278/5278/309 5296/5296/309 5297/5297/309 5279/5279/309 
f 5279/5279/309 5297/5297/309 5298/5298/309 5280/5280/309 
f 5280/5280/309 5298/5298/309 5299/5299/309 5281/5281/309 
f 5281/5281/309 5299/5299/309 5300/5300/309 5282/5282/309 
f 5282/5282/309 5300/5300/309 5301/5301/309 5283/5283/309 
f 5283/5283/309 5301/5301/309 5302/5302/309 5284/5284/309 
f 5284/5284/309 5302/5302/309 5303/5303/309 5285/5285/309 
f 5285/5285/309 5303/5303/309 5304/5304/309 5286/5286/309 
f 5286/5286/309 5304/5304/309 5305/5305/309 5287/5287/309 
f 5287/5287/309 5305/5305/309 5306/5306/309 5288/5288/309 
f 5288/5288/309 5306/5306/309 5307/5307/309 5289/5289/309 
f 3770/3770/309 3771/3771/309 5272/5272/309 5254/5254/309 
f 5254/5254/309 5272/5272/309 5273/5273/309 5255/5255/309 
f 5255/5255/309 5273/5273/309 5274/5274/309 5256/5256/309 
f 5256/5256/309 5274/5274/309 5275/5275/309 5257/5257/309 
f 5257/5257/309 5275/5275/309 5276/5276/309 5258/5258/309 
f 5258/5258/309 5276/5276/309 5277/5277/309 5259/5259/309 
f 5259/5259/309 5277/5277/309 5278/5278/309 5260/5260/309 
f 5260/5260/309 5278/5278/309 5279/5279/309 5261/5261/309 
f 5261/5261/309 5279/5279/309 5280/5280/309 5262/5262/309 
f 5262/5262/309 5280/5280/309 5281/5281/309 5263/5263/309 
f 5263/5263/309 5281/5281/309 5282/5282/309 5264/5264/309 
f 5264/5264/309 5282/5282/309 5283/5283/309 5265/5265/309 
f 5265/5265/309 5283/5283/309 5284/5284/309 5266/5266/309 
f 5266/5266/309 5284/5284/309 5285/5285/309 5267/5267/309 
f 5267/5267/309 5285/5285/309 5286/5286/309 5268/5268/309 
f 5268/5268/309 5286/5286/309 5287/5287/309 5269/5269/309 
f 5269/5269/309 5287/5287/309 5288/5288/309 5270/5270/309 
f 5270/5270/309 5288/5288/309 5289/5289/309 5271/5271/309 
f 3769/3769/309 3770/3770/309 5254/5254/309 5236/5236/309 
f 5236/5236/309 5254/5254/309 5255/5255/309 5237/5237/309 
f 5237/5237/309 5255/5255/309 5256/5256/309 5238/5238/309 
f 5238/5238/309 5256/5256/309 5257/5257/309 5239/5239/309 
f 5239/5239/309 5257/5257/309 5258/5258/309 5240/5240/309 
f 5240/5240/309 5258/5258/309 5259/5259/309 5241/5241/309 
f 5241/5241/309 5259/5259/309 5260/5260/309 5242/5242/309 
f 5242/5242/309 5260/5260/309 5261/5261/309 5243/5243/309 
f 5243/5243/309 5261/5261/309 5262/5262/309 5244/5244/309 
f 5244/5244/309 5262/5262/309 5263/5263/309 5245/5245/309 
f 5245/5245/309 5263/5263/309 5264/5264/309 5246/5246/309 
f 5246/5246/309 5264/5264/309 5265/5265/309 5247/5247/309 
f 5247/5247/309 5265/5265/309 5266/5266/309 5248/5248/309 
f 5248/5248/309 5266/5266/309 5267/5267/309 5249/5249/309 
f 5249/5249/309 5267/5267/309 5268/5268/309 5250/5250/309 
f 5250/5250/309 5268/5268/309 5269/5269/309 5251/5251/309 
f 5251/5251/309 5269/5269/309 5270/5270/309 5252/5252/309 
f 5252/5252/309 5270/5270/309 5271/5271/309 5253/5253/309 
f 3768/3768/309 3769/3769/309 5236/5236/309 5218/5218/309 
f 5218/5218/309 5236/5236/309 5237/5237/309 5219/5219/309 
f 5219/5219/309 5237/5237/309 5238/5238/309 5220/5220/309 
f 5220/5220/309 5238/5238/309 5239/5239/309 5221/5221/309 
f 5221/5221/309 5239/5239/309 5240/5240/309 5222/5222/309 
f 5222/5222/309 5240/5240/309 5241/5241/309 5223/5223/309 
f 5223/5223/309 5241/5241/309 5242/5242/309 5224/5224/309 
f 5224/5224/309 5242/5242/309 5243/5243/309 5225/5225/309 
f 5225/5225/309 5243/5243/309 5244/5244/309 5226/5226/309 
f 5226/5226/309 5244/5244/309 5245/5245/309 5227/5227/309 
f 5227/5227/309 5245/5245/309 5246/5246/309 5228/5228/309 
f 5228/5228/309 5246/5246/309 5247/5247/309 5229/5229/309 
f 5229/5229/309 5247/5247/309 5248/5248/309 5230/5230/309 
f 5230/5230/309 5248/5248/309 5249/5249/309 5231/5231/309 
f 5231/5231/309 5249/5249/309 5250/5250/309 5232/5232/309 
f 5232/5232/309 5250/5250/309 5251/5251/309 5233/5233/309 
f 5233/5233/309 5251/5251/309 5252/5252/309 5234/5234/309 
f 5234/5234/309 5252/5252/309 5253/5253/309 5235/5235/309 
f 3767/3767/309 3768/3768/309 5218/5218/309 5200/5200/309 
f 5200/5200/309 5218/5218/309 5219/5219/309 5201/5201/309 
f 5201/5201/309 5219/5219/309 5220/5220/309 5202/5202/309 
f 5202/5202/309 5220/5220/309 5221/5221/309 5203/5203/309 
f 5203/5203/309 5221/5221/309 5222/5222/309 5204/5204/309 
f 5204/5204/309 5222/5222/309 5223/5223/309 5205/5205/309 
f 5205/5205/309 5223/5223/309 5224/5224/309 5206/5206/309 
f 5206/5206/309 5224/5224/309 5225/5225/309 5207/5207/309 
f 5207/5207/309 5225/5225/309 5226/5226/309 5208/5208/309 
f 5208/5208/309 5226/5226/309 5227/5227/309 5209/5209/309 
f 5209/5209/309 5227/5227/309 5228/5228/309 5210/5210/309 
f 5210/5210/309 5228/5228/309 5229/5229/309 5211/5211/309 
f 5211/5211/309 5229/5229/309 5230/5230/309 5212/5212/309 
f 5212/5212/309 5230/5230/309 5231/5231/309 5213/5213/309 
f 5213/5213/309 5231/5231/309 5232/5232/309 5214/5214/309 
f 5214/5214/309 5232/5232/309 5233/5233/309 5215/5215/309 
f 5215/5215/309 5233/5233/309 5234/5234/309 5216/5216/309 
f 5216/5216/309 5234/5234/309 5235/5235/309 5217/5217/309 
f 3766/3766/309 3767/3767/309 5200/5200/309 5182/5182/309 
f 5182/5182/309 5200/5200/309 5201/5201/309 5183/5183/309 
f 5183/5183/309 5201/5201/309 5202/5202/309 5184/5184/309 
f 5184/5184/309 5202/5202/309 5203/5203/309 5185/5185/309 
f 5185/5185/309 5203/5203/309 5204/5204/309 5186/5186/309 
f 5186/5186/309 5204/5204/309 5205/5205/309 5187/5187/309 
f 5187/5187/309 5205/5205/309 5206/5206/309 5188/5188/309 
f 5188/5188/309 5206/5206/309 5207/5207/309 5189/5189/309 
f 5189/5189/309 5207/5207/309 5208/5208/309 5190/5190/309 
f 5190/5190/309 5208/5208/309 5209/5209/309 5191/5191/309 
f 5191/5191/309 5209/5209/309 5210/5210/309 5192/5192/309 
f 5192/5192/309 5210/5210/309 5211/5211/309 5193/5193/309 
f 5193/5193/309 5211/5211/309 5212/5212/309 5194/5194/309 
f 5194/5194/309 5212/5212/309 5213/5213/309 5195/5195/309 
f 5195/5195/309 5213/5213/309 5214/5214/309 5196/5196/309 
f 5196/5196/309 5214/5214/309 5215/5215/309 5197/5197/309 
f 5197/5197/309 5215/5215/309 5216/5216/309 5198/5198/309 
f 5198/5198/309 5216/5216/309 5217/5217/309 5199/5199/309 
f 3765/3765/309 3766/3766/309 5182/5182/309 5164/5164/309 
f 5164/5164/309 5182/5182/309 5183/5183/309 5165/5165/309 
f 5165/5165/309 5183/5183/309 5184/5184/309 5166/5166/309 
f 5166/5166/309 5184/5184/309 5185/5185/309 5167/5167/309 
f 5167/5167/309 5185/5185/309 5186/5186/309 5168/5168/309 
f 5168/5168/309 5186/5186/309 5187/5187/309 5169/5169/309 
f 5169/5169/309 5187/5187/309 5188/5188/309 5170/5170/309 
f 5170/5170/309 5188/5188/309 5189/5189/309 5171/5171/309 
f 5171/5171/309 5189/5189/309 5190/5190/309 5172/5172/309 
f 5172/5172/309 5190/5190/309 5191/5191/309 5173/5173/309 
f 5173/5173/309 5191/5191/309 5192/5192/309 5174/5174/309 
f 5174/5174/309 5192/5192/309 5193/5193/309 5175/5175/309 
f 5175/5175/309 5193/5193/309 5194/5194/309 5176/5176/309 
f 5176/5176/309 5194/5194/309 5195/5195/309 5177/5177/309 
f 5177/5177/309 5195/5195/309 5196/5196/309 5178/5178/309 
f 5178/5178/309 5196/5196/309 5197/5197/309 5179/5179/309 
f 5179/5179/309 5197/5197/309 5198/5198/309 5180/5180/309 
f 5180/5180/309 5198/5198/309 5199/5199/309 5181/5181/309 
f 3764/3764/309 3765/3765/309 5164/5164/309 5146/5146/309 
f 5146/5146/309 5164/5164/309 5165/5165/309 5147/5147/309 
f 5147/5147/309 5165/5165/309 5166/5166/309 5148/5148/309 
f 5148/5148/309 5166/5166/309 5167/5167/309 5149/5149/309 
f 5149/5149/309 5167/5167/309 5168/5168/309 5150/5150/309 
f 5150/5150/309 5168/5168/309 5169/5169/309 5151/5151/309 
f 5151/5151/309 5169/5169/309 5170/5170/309 5152/5152/309 
f 5152/5152/309 5170/5170/309 5171/5171/309 5153/5153/309 
f 5153/5153/309 5171/5171/309 5172/5172/309 5154/5154/309 
f 5154/5154/309 5172/5172/309 5173/5173/309 5155/5155/309 
f 5155/5155/309 5173/5173/309 5174/5174/309 5156/5156/309 
f 5156/5156/309 5174/5174/309 5175/5175/309 5157/5157/309 
f 5157/5157/309 5175/5175/309 5176/5176/309 5158/5158/309 
f 5158/5158/309 5176/5176/309 5177/5177/309 5159/5159/309 
f 5159/5159/309 5177/5177/309 5178/5178/309 5160/5160/309 
f 5160/5160/309 5178/5178/309 5179/5179/309 5161/5161/309 
f 5161/5161/309 5179/5179/309 5180/5180/309 5162/5162/309 
f 5162/5162/309 5180/5180/309 5181/5181/309 5163/5163/309 
f 3763/3763/309 3764/3764/309 5146/5146/309 5128/5128/309 
f 5128/5128/309 5146/5146/309 5147/5147/309 5129/5129/309 
f 5129/5129/309 5147/5147/309 5148/5148/309 5130/5130/309 
f 5130/5130/309 5148/5148/309 5149/5149/309 5131/5131/309 
f 5131/5131/309 5149/5149/309 5150/5150/309 5132/5132/309 
f 5132/5132/309 5150/5150/309 5151/5151/309 5133/5133/309 
f 5133/5133/309 5151/5151/309 5152/5152/309 5134/5134/309 
f 5134/5134/309 5152/5152/309 5153/5153/309 5135/5135/309 
f 5135/5135/309 5153/5153/309 5154/5154/309 5136/5136/309 
f 5136/5136/309 5154/5154/309 5155/5155/309 5137/5137/309 
f 5137/5137/309 5155/5155/309 5156/5156/309 5138/5138/309 
f 5138/5138/309 5156/5156/309 5157/5157/309 5139/5139/309 
f 5139/5139/309 5157/5157/309 5158/5158/309 5140/5140/309 
f 5140/5140/309 5158/5158/309 5159/5159/309 5141/5141/309 
f 5141/5141/309 5159/5159/309 5160/5160/309 5142/5142/309 
f 5142/5142/309 5160/5160/309 5161/5161/309 5143/5143/309 
f 5143/5143/309 5161/5161/309 5162/5162/309 5144/5144/309 
f 5144/5144/309 5162/5162/309 5163/5163/309 5145/5145/309 
f 3762/3762/309 3763/3763/309 5128/5128/309 5110/5110/309 
f 5110/5110/309 5128/5128/309 5129/5129/309 5111/5111/309 
f 5111/5111/309 5129/5129/309 5130/5130/309 5112/5112/309 
f 5112/5112/309 5130/5130/309 5131/5131/309 5113/5113/309 
f 5113/5113/309 5131/5131/309 5132/5132/309 5114/5114/309 
f 5114/5114/309 5132/5132/309 5133/5133/309 5115/5115/309 
f 5115/5115/309 5133/5133/309 5134/5134/309 5116/5116/309 
f 5116/5116/309 5134/5134/309 5135/5135/309 5117/5117/309 
f 5117/5117/309 5135/5135/309 5136/5136/309 5118/5118/309 
f 5118/5118/309 5136/5136/309 5137/5137/309 5119/5119/309 
f 5119/5119/309 5137/5137/309 5138/5138/309 5120/5120/309 
f 5120/5120/309 5138/5138/309 5139/5139/309 5121/5121/309 
f 5121/5121/309 5139/5139/309 5140/5140/309 5122/5122/309 
f 5122/5122/309 5140/5140/309 5141/5141/309 5123/5123/309 
f 5123/5123/309 5141/5141/309 5142/5142/309 5124/5124/309 
f 5124/5124/309 5142/5142/309 5143/5143/309 5125/5125/309 
f 5125/5125/309 5143/5143/309 5144/5144/309 5126/5126/309 
f 5126/5126/309 5144/5144/309 5145/5145/309 5127/5127/309 
f 3761/3761/309 3762/3762/309 5110/5110/309 5092/5092/309 
f 5092/5092/309 5110/5110/309 5111/5111/309 5093/5093/309 
f 5093/5093/309 5111/5111/309 5112/5112/309 5094/5094/309 
f 5094/5094/309 5112/5112/309 5113/5113/309 5095/5095/309 
f 5095/5095/309 5113/5113/309 5114/5114/309 5096/5096/309 
f 5096/5096/309 5114/5114/309 5115/5115/309 5097/5097/309 
f 5097/5097/309 5115/5115/309 5116/5116/309 5098/5098/309 
f 5098/5098/309 5116/5116/309 5117/5117/309 5099/5099/309 
f 5099/5099/309 5117/5117/309 5118/5118/309 5100/5100/309 
f 5100/5100/309 5118/5118/309 5119/5119/309 5101/5101/309 
f 5101/5101/309 5119/5119/309 5120/5120/309 5102/5102/309 
f 5102/5102/309 5120/5120/309 5121/5121/309 5103/5103/309 
f 5103/5103/309 5121/5121/309 5122/5122/309 5104/5104/309 
f 5104/5104/309 5122/5122/309 5123/5123/309 5105/5105/309 
f 5105/5105/309 5123/5123/309 5124/5124/309 5106/5106/309 
f 5106/5106/309 5124/5124/309 5125/5125/309 5107/5107/309 
f 5107/5107/309 5125/5125/309 5126/5126/309 5108/5108/309 
f 5108/5108/309 5126/5126/309 5127/5127/309 5109/5109/309 
f 3760/3760/309 3761/3761/309 5092/5092/309 5074/5074/309 
f 5074/5074/309 5092/5092/309 5093/5093/309 5075/5075/309 
f 5075/5075/309 5093/5093/309 5094/5094/309 5076/5076/309 
f 5076/5076/309 5094/5094/309 5095/5095/309 5077/5077/309 
f 5077/5077/309 5095/5095/309 5096/5096/309 5078/5078/309 
f 5078/5078/309 5096/5096/309 5097/5097/309 5079/5079/309 
f 5079/5079/309 5097/5097/309 5098/5098/309 5080/5080/309 
f 5080/5080/309 5098/5098/309 5099/5099/309 5081/5081/309 
f 5081/5081/309 5099/5099/309 5100/5100/309 5082/5082/309 
f 5082/5082/309 5100/5100/309 5101/5101/309 5083/5083/309 
f 5083/5083/309 5101/5101/309 5102/5102/309 5084/5084/309 
f 5084/5084/309 5102/5102/309 5103/5103/309 5085/5085/309 
f 5085/5085/309 5103/5103/309 5104/5104/309 5086/5086/309 
f 5086/5086/309 5104/5104/309 5105/5105/309 5087/5087/309 
f 5087/5087/309 5105/5105/309 5106/5106/309 5088/5088/309 
f 5088/5088/309 5106/5106/309 5107/5107/309 5089/5089/309 
f 5089/5089/309 5107/5107/309 5108/5108/309 5090/5090/309 
f 5090/5090/309 5108/5108/309 5109/5109/309 5091/5091/309 
f 3649/3649/309 3760/3760/309 5074/5074/309 4534/4534/309 
f 4534/4534/309 5074/5074/309 5075/5075/309 4535/4535/309 
f 4535/4535/309 5075/5075/309 5076/5076/309 4536/4536/309 
f 4536/4536/309 5076/5076/309 5077/5077/309 4537/4537/309 
f 4537/4537/309 5077/5077/309 5078/5078/309 4538/4538/309 
f 4538/4538/309 5078/5078/309 5079/5079/309 4539/4539/309 
f 4539/4539/309 5079/5079/309 5080/5080/309 4540/4540/309 
f 4540/4540/309 5080/5080/309 5081/5081/309 4541/4541/309 
f 4541/4541/309 5081/5081/309 5082/5082/309 4542/4542/309 
f 4542/4542/309 5082/5082/309 5083/5083/309 4543/4543/309 
f 4543/4543/309 5083/5083/309 5084/5084/309 4544/4544/309 
f 4544/4544/309 5084/5084/309 5085/5085/309 4545/4545/309 
f 4545/4545/309 5085/5085/309 5086/5086/309 4546/4546/309 
f 4546/4546/309 5086/5086/309 5087/5087/309 4547/4547/309 
f 4547/4547/309 5087/5087/309 5088/5088/309 4548/4548/309 
f 4548/4548/309 5088/5088/309 5089/5089/309 4549/4549/309 
f 4549/4549/309 5089/5089/309 5090/5090/309 4550/4550/309 
f 4550/4550/309 5090/5090/309 5091/5091/309 4551/6398/309 
f 4321/4321/12 4422/4422/1201 4421/4421/1201 4322/4322/12 
f 4322/4322/12 4421/4421/1201 4420/4420/1201 4323/4323/12 
f 4323/4323/12 4420/4420/1201 4419/4419/1201 4324/4324/12 
f 4324/4324/12 4419/4419/1201 4418/4418/1201 4325/4325/12 
f 4325/4325/12 4418/4418/1201 4417/4417/1201 4326/4326/12 
f 4326/4326/12 4417/4417/1201 4416/4416/1201 4327/4327/12 
f 4327/4327/12 4416/4416/1201 4415/4415/1201 4328/4328/12 
f 4328/4328/12 4415/4415/1201 4414/4414/1201 4329/4329/12 
f 3777/3777/309 3703/6060/309 5038/5038/309 5380/5380/309 
f 5380/5380/309 5038/5038/309 5039/5039/309 5381/5381/309 
f 5381/5381/309 5039/5039/309 5040/5040/309 5382/5382/309 
f 5382/5382/309 5040/5040/309 5041/5041/309 5383/5383/309 
f 5383/5383/309 5041/5041/309 5042/5042/309 5384/5384/309 
f 5384/5384/309 5042/5042/309 5043/5043/309 5385/5385/309 
f 5385/5385/309 5043/5043/309 5044/5044/309 5386/5386/309 
f 5386/5386/309 5044/5044/309 5045/5045/309 5387/5387/309 
f 5387/5387/309 5045/5045/309 5046/5046/309 5388/5388/309 
f 5388/5388/309 5046/5046/309 5047/5047/309 5389/5389/309 
f 5389/5389/309 5047/5047/309 5048/5048/309 5390/5390/309 
f 5390/5390/309 5048/5048/309 5049/5049/309 5391/5391/309 
f 5391/5391/309 5049/5049/309 5050/5050/309 5392/5392/309 
f 5392/5392/309 5050/5050/309 5051/5051/309 5393/5393/309 
f 5393/5393/309 5051/5051/309 5052/5052/309 5394/5394/309 
f 5394/5394/309 5052/5052/309 5053/5053/309 5395/5395/309 
f 5395/5395/309 5053/5053/309 5054/5054/309 5396/5396/309 
f 5396/5396/309 5054/5054/309 5055/5055/309 5397/5397/309 
f 3650/3650/3 3676/3676/3 4786/4786/3 4569/6484/3 
f 4569/6484/3 4786/4786/3 4787/4787/3 4568/4568/3 
f 4568/4568/3 4787/4787/3 4788/4788/3 4567/4567/3 
f 4567/4567/3 4788/4788/3 4789/4789/3 4566/4566/3 
f 4566/4566/3 4789/4789/3 4790/4790/3 4565/4565/3 
f 4565/4565/3 4790/4790/3 4791/4791/3 4564/4564/3 
f 4564/4564/3 4791/4791/3 4792/4792/3 4563/4563/3 
f 4563/4563/3 4792/4792/3 4793/4793/3 4562/4562/3 
f 4562/4562/3 4793/4793/3 4794/4794/3 4561/4561/3 
f 4561/4561/3 4794/4794/3 4795/4795/3 4560/4560/3 
f 4560/4560/3 4795/4795/3 4796/4796/3 4559/4559/3 
f 4559/4559/3 4796/4796/3 4797/4797/3 4558/4558/3 
f 4558/4558/3 4797/4797/3 4798/4798/3 4557/4557/3 
f 4557/4557/3 4798/4798/3 4799/4799/3 4556/4556/3 
f 4556/4556/3 4799/4799/3 4800/4800/3 4555/4555/3 
f 4555/4555/3 4800/4800/3 4801/4801/3 4554/4554/3 
f 4554/4554/3 4801/4801/3 4802/4802/3 4553/4553/3 
f 4553/4553/3 4802/4802/3 4803/4803/3 4552/4552/3 
f 3699/3699/309 5019/5019/309 5037/5037/309 3701/3701/309 
f 5019/5019/309 5018/5018/309 5036/5036/309 5037/5037/309 
f 5018/5018/309 5017/5017/309 5035/5035/309 5036/5036/309 
f 5017/5017/309 5016/5016/309 5034/5034/309 5035/5035/309 
f 5016/5016/309 5015/5015/309 5033/5033/309 5034/5034/309 
f 5015/5015/309 5014/5014/309 5032/5032/309 5033/5033/309 
f 5014/5014/309 5013/5013/309 5031/5031/309 5032/5032/309 
f 5013/5013/309 5012/5012/309 5030/5030/309 5031/5031/309 
f 5012/5012/309 5011/5011/309 5029/5029/309 5030/5030/309 
f 5011/5011/309 5010/5010/309 5028/5028/309 5029/5029/309 
f 5010/5010/309 5009/5009/309 5027/5027/309 5028/5028/309 
f 5009/5009/309 5008/5008/309 5026/5026/309 5027/5027/309 
f 5008/5008/309 5007/5007/309 5025/5025/309 5026/5026/309 
f 5007/5007/309 5006/5006/309 5024/5024/309 5025/5025/309 
f 5006/5006/309 5005/5005/309 5023/5023/309 5024/5024/309 
f 5005/5005/309 5004/5004/309 5022/5022/309 5023/5023/309 
f 5004/5004/309 5003/5003/309 5021/5021/309 5022/5022/309 
f 5003/5003/309 5002/5002/309 5020/5020/309 5021/5021/309 
f 3697/3697/3 5001/5001/3 5019/5019/3 3699/3699/3 
f 5001/5001/3 5000/5000/3 5018/5018/3 5019/5019/3 
f 5000/5000/3 4999/4999/3 5017/5017/3 5018/5018/3 
f 4999/4999/3 4998/4998/3 5016/5016/3 5017/5017/3 
f 4998/4998/3 4997/4997/3 5015/5015/3 5016/5016/3 
f 4997/4997/3 4996/4996/3 5014/5014/3 5015/5015/3 
f 4996/4996/3 4995/4995/3 5013/5013/3 5014/5014/3 
f 4995/4995/3 4994/4994/3 5012/5012/3 5013/5013/3 
f 4994/4994/3 4993/4993/3 5011/5011/3 5012/5012/3 
f 4993/4993/3 4992/4992/3 5010/5010/3 5011/5011/3 
f 4992/4992/3 4991/4991/3 5009/5009/3 5010/5010/3 
f 4991/4991/3 4990/4990/3 5008/5008/3 5009/5009/3 
f 4990/4990/3 4989/4989/3 5007/5007/3 5008/5008/3 
f 4989/4989/3 4988/4988/3 5006/5006/3 5007/5007/3 
f 4988/4988/3 4987/4987/3 5005/5005/3 5006/5006/3 
f 4987/4987/3 4986/4986/3 5004/5004/3 5005/5005/3 
f 4986/4986/3 4985/4985/3 5003/5003/3 5004/5004/3 
f 4985/4985/3 4984/4984/3 5002/5002/3 5003/5003/3 
f 3695/3695/309 4983/4983/309 5001/5001/309 3697/3697/309 
f 4983/4983/309 4982/4982/309 5000/5000/309 5001/5001/309 
f 4982/4982/309 4981/4981/309 4999/4999/309 5000/5000/309 
f 4981/4981/309 4980/4980/309 4998/4998/309 4999/4999/309 
f 4980/4980/309 4979/4979/309 4997/4997/309 4998/4998/309 
f 4979/4979/309 4978/4978/309 4996/4996/309 4997/4997/309 
f 4978/4978/309 4977/4977/309 4995/4995/309 4996/4996/309 
f 4977/4977/309 4976/4976/309 4994/4994/309 4995/4995/309 
f 4976/4976/309 4975/4975/309 4993/4993/309 4994/4994/309 
f 4975/4975/309 4974/4974/309 4992/4992/309 4993/4993/309 
f 4974/4974/309 4973/4973/309 4991/4991/309 4992/4992/309 
f 4973/4973/309 4972/4972/309 4990/4990/309 4991/4991/309 
f 4972/4972/309 4971/4971/309 4989/4989/309 4990/4990/309 
f 4971/4971/309 4970/4970/309 4988/4988/309 4989/4989/309 
f 4970/4970/309 4969/4969/309 4987/4987/309 4988/4988/309 
f 4969/4969/309 4968/4968/309 4986/4986/309 4987/4987/309 
f 4968/4968/309 4967/4967/309 4985/4985/309 4986/4986/309 
f 4967/4967/309 4966/4966/309 4984/4984/309 4985/4985/309 
f 3693/3693/1175 4965/4965/1175 4983/4983/1175 3695/3695/1175 
f 4965/4965/1175 4964/4964/1175 4982/4982/1175 4983/4983/1175 
f 4964/4964/1175 4963/4963/1175 4981/4981/1175 4982/4982/1175 
f 4963/4963/1175 4962/4962/1175 4980/4980/1175 4981/4981/1175 
f 4962/4962/1175 4961/4961/1175 4979/4979/1175 4980/4980/1175 
f 4961/4961/1175 4960/4960/1175 4978/4978/1175 4979/4979/1175 
f 4960/4960/1175 4959/4959/1175 4977/4977/1175 4978/4978/1175 
f 4959/4959/1175 4958/4958/1175 4976/4976/1175 4977/4977/1175 
f 4958/4958/1175 4957/4957/1175 4975/4975/1175 4976/4976/1175 
f 4957/4957/1175 4956/4956/1175 4974/4974/1175 4975/4975/1175 
f 4956/4956/1175 4955/4955/1175 4973/4973/1175 4974/4974/1175 
f 4955/4955/1175 4954/4954/1175 4972/4972/1175 4973/4973/1175 
f 4954/4954/1175 4953/4953/1175 4971/4971/1175 4972/4972/1175 
f 4953/4953/1175 4952/4952/1175 4970/4970/1175 4971/4971/1175 
f 4952/4952/1175 4951/4951/1175 4969/4969/1175 4970/4970/1175 
f 4951/4951/1175 4950/4950/1175 4968/4968/1175 4969/4969/1175 
f 4950/4950/1175 4949/4949/1175 4967/4967/1175 4968/4968/1175 
f 4949/4949/1175 4948/4948/1175 4966/4966/1175 4967/4967/1175 
f 3691/3691/1173 4947/4947/1173 4965/4965/1174 3693/3693/1174 
f 4947/4947/1173 4946/4946/1173 4964/4964/1174 4965/4965/1174 
f 4946/4946/1173 4945/4945/1173 4963/4963/1174 4964/4964/1174 
f 4945/4945/1173 4944/4944/1173 4962/4962/1174 4963/4963/1174 
f 4944/4944/1173 4943/4943/1173 4961/4961/1174 4962/4962/1174 
f 4943/4943/1173 4942/4942/1173 4960/4960/1174 4961/4961/1174 
f 4942/4942/1173 4941/4941/1173 4959/4959/1174 4960/4960/1174 
f 4941/4941/1173 4940/4940/1173 4958/4958/1174 4959/4959/1174 
f 4940/4940/1173 4939/4939/1173 4957/4957/1174 4958/4958/1174 
f 4939/4939/1173 4938/4938/1173 4956/4956/1174 4957/4957/1174 
f 4938/4938/1173 4937/4937/1173 4955/4955/1174 4956/4956/1174 
f 4937/4937/1173 4936/4936/1173 4954/4954/1441 4955/4955/1174 
f 4936/4936/1173 4935/4935/1173 4953/4953/1441 4954/4954/1441 
f 4935/4935/1173 4934/4934/1173 4952/4952/1218 4953/4953/1441 
f 4934/4934/1173 4933/4933/1173 4951/4951/1218 4952/4952/1218 
f 4933/4933/1173 4932/4932/1173 4950/4950/1218 4951/4951/1218 
f 4932/4932/1173 4931/4931/1173 4949/4949/1218 4950/4950/1218 
f 4931/4931/1173 4930/4930/1173 4948/4948/1218 4949/4949/1218 
f 3689/3689/1172 4929/4929/1172 4947/4947/1173 3691/3691/1173 
f 4929/4929/1172 4928/4928/1172 4946/4946/1173 4947/4947/1173 
f 4928/4928/1172 4927/4927/1172 4945/4945/1173 4946/4946/1173 
f 4927/4927/1172 4926/4926/1172 4944/4944/1173 4945/4945/1173 
f 4926/4926/1172 4925/4925/1172 4943/4943/1173 4944/4944/1173 
f 4925/4925/1172 4924/4924/1172 4942/4942/1173 4943/4943/1173 
f 4924/4924/1172 4923/4923/1172 4941/4941/1173 4942/4942/1173 
f 4923/4923/1172 4922/4922/1172 4940/4940/1173 4941/4941/1173 
f 4922/4922/1172 4921/4921/1172 4939/4939/1173 4940/4940/1173 
f 4921/4921/1172 4920/4920/1172 4938/4938/1173 4939/4939/1173 
f 4920/4920/1172 4919/4919/1172 4937/4937/1173 4938/4938/1173 
f 4919/4919/1172 4918/4918/1172 4936/4936/1173 4937/4937/1173 
f 4918/4918/1172 4917/4917/1217 4935/4935/1173 4936/4936/1173 
f 4917/4917/1217 4916/4916/1217 4934/4934/1173 4935/4935/1173 
f 4916/4916/1217 4915/4915/1217 4933/4933/1173 4934/4934/1173 
f 4915/4915/1217 4914/4914/1217 4932/4932/1173 4933/4933/1173 
f 4914/4914/1217 4913/4913/1217 4931/4931/1173 4932/4932/1173 
f 4913/4913/1217 4912/4912/1217 4930/4930/1173 4931/4931/1173 
f 3687/3687/1216 4911/4911/1216 4929/4929/1172 3689/3689/1172 
f 4911/4911/1216 4910/4910/1216 4928/4928/1172 4929/4929/1172 
f 4910/4910/1216 4909/4909/1216 4927/4927/1172 4928/4928/1172 
f 4909/4909/1216 4908/4908/1216 4926/4926/1172 4927/4927/1172 
f 4908/4908/1216 4907/4907/1216 4925/4925/1172 4926/4926/1172 
f 4907/4907/1216 4906/4906/1216 4924/4924/1172 4925/4925/1172 
f 4906/4906/1216 4905/4905/1216 4923/4923/1172 4924/4924/1172 
f 4905/4905/1216 4904/4904/1171 4922/4922/1172 4923/4923/1172 
f 4904/4904/1171 4903/4903/1171 4921/4921/1172 4922/4922/1172 
f 4903/4903/1171 4902/4902/1171 4920/4920/1172 4921/4921/1172 
f 4902/4902/1171 4901/4901/1171 4919/4919/1172 4920/4920/1172 
f 4901/4901/1171 4900/4900/1171 4918/4918/1172 4919/4919/1172 
f 4900/4900/1171 4899/4899/1216 4917/4917/1217 4918/4918/1172 
f 4899/4899/1216 4898/4898/1216 4916/4916/1217 4917/4917/1217 
f 4898/4898/1216 4897/4897/1216 4915/4915/1217 4916/4916/1217 
f 4897/4897/1216 4896/4896/1216 4914/4914/1217 4915/4915/1217 
f 4896/4896/1216 4895/4895/1216 4913/4913/1217 4914/4914/1217 
f 4895/4895/1216 4894/4894/1216 4912/4912/1217 4913/4913/1217 
f 3685/3685/1442 4893/4893/1442 4911/4911/1442 3687/3687/1442 
f 4893/4893/1442 4892/4892/1442 4910/4910/1442 4911/4911/1442 
f 4892/4892/1442 4891/4891/1442 4909/4909/1442 4910/4910/1442 
f 4891/4891/1442 4890/4890/1442 4908/4908/1442 4909/4909/1442 
f 4890/4890/1442 4889/4889/1442 4907/4907/1442 4908/4908/1442 
f 4889/4889/1442 4888/4888/1442 4906/4906/1442 4907/4907/1442 
f 4888/4888/1442 4887/4887/1170 4905/4905/1170 4906/4906/1442 
f 4887/4887/1170 4886/4886/1170 4904/4904/1170 4905/4905/1170 
f 4886/4886/1170 4885/4885/1170 4903/4903/1170 4904/4904/1170 
f 4885/4885/1170 4884/4884/1170 4902/4902/1170 4903/4903/1170 
f 4884/4884/1170 4883/4883/1170 4901/4901/1170 4902/4902/1170 
f 4883/4883/1170 4882/4882/1170 4900/4900/1170 4901/4901/1170 
f 4882/4882/1170 4881/4881/1170 4899/4899/1170 4900/4900/1170 
f 4881/4881/1170 4880/4880/1170 4898/4898/1170 4899/4899/1170 
f 4880/4880/1170 4879/4879/1170 4897/4897/1170 4898/4898/1170 
f 4879/4879/1170 4878/4878/1170 4896/4896/1170 4897/4897/1170 
f 4878/4878/1170 4877/4877/1170 4895/4895/1170 4896/4896/1170 
f 4877/4877/1170 4876/4876/1170 4894/4894/1170 4895/4895/1170 
f 3683/3683/309 4875/4875/309 4893/4893/309 3685/3685/309 
f 4875/4875/309 4874/4874/309 4892/4892/309 4893/4893/309 
f 4874/4874/309 4873/4873/309 4891/4891/309 4892/4892/309 
f 4873/4873/309 4872/4872/309 4890/4890/309 4891/4891/309 
f 4872/4872/309 4871/4871/309 4889/4889/309 4890/4890/309 
f 4871/4871/309 4870/4870/309 4888/4888/309 4889/4889/309 
f 4870/4870/309 4869/4869/309 4887/4887/309 4888/4888/309 
f 4869/4869/309 4868/4868/309 4886/4886/309 4887/4887/309 
f 4868/4868/309 4867/4867/309 4885/4885/309 4886/4886/309 
f 4867/4867/309 4866/4866/309 4884/4884/309 4885/4885/309 
f 4866/4866/309 4865/4865/309 4883/4883/309 4884/4884/309 
f 4865/4865/309 4864/4864/309 4882/4882/309 4883/4883/309 
f 4864/4864/309 4863/4863/309 4881/4881/309 4882/4882/309 
f 4863/4863/309 4862/4862/309 4880/4880/309 4881/4881/309 
f 4862/4862/309 4861/4861/309 4879/4879/309 4880/4880/309 
f 4861/4861/309 4860/4860/309 4878/4878/309 4879/4879/309 
f 4860/4860/309 4859/4859/309 4877/4877/309 4878/4878/309 
f 4859/4859/309 4858/4858/309 4876/4876/309 4877/4877/309 
f 3681/3681/1443 4857/4857/1443 4875/4875/1443 3683/3683/1443 
f 4857/4857/1443 4856/4856/1443 4874/4874/1443 4875/4875/1443 
f 4856/4856/1443 4855/4855/1443 4873/4873/1443 4874/4874/1443 
f 4855/4855/1443 4854/4854/1443 4872/4872/1443 4873/4873/1443 
f 4854/4854/1443 4853/4853/1443 4871/4871/1443 4872/4872/1443 
f 4853/4853/1443 4852/4852/1443 4870/4870/1443 4871/4871/1443 
f 4852/4852/1443 4851/4851/1443 4869/4869/1443 4870/4870/1443 
f 4851/4851/1443 4850/4850/1443 4868/4868/1443 4869/4869/1443 
f 4850/4850/1443 4849/4849/1443 4867/4867/1443 4868/4868/1443 
f 4849/4849/1443 4848/4848/1443 4866/4866/1443 4867/4867/1443 
f 4848/4848/1443 4847/4847/1443 4865/4865/1443 4866/4866/1443 
f 4847/4847/1443 4846/4846/1443 4864/4864/1443 4865/4865/1443 
f 4846/4846/1443 4845/4845/1443 4863/4863/1443 4864/4864/1443 
f 4845/4845/1443 4844/4844/1443 4862/4862/1443 4863/4863/1443 
f 4844/4844/1443 4843/4843/1444 4861/4861/1444 4862/4862/1443 
f 4843/4843/1444 4842/4842/1444 4860/4860/1444 4861/4861/1444 
f 4842/4842/1444 4841/4841/1169 4859/4859/1169 4860/4860/1444 
f 4841/4841/1169 4840/4840/1169 4858/4858/1169 4859/4859/1169 
f 3677/3677/1168 4839/4839/1168 4857/4857/1168 3681/3681/1168 
f 4839/4839/1168 4838/4838/1168 4856/4856/1168 4857/4857/1168 
f 4838/4838/1168 4837/4837/1168 4855/4855/1168 4856/4856/1168 
f 4837/4837/1168 4836/4836/1168 4854/4854/1168 4855/4855/1168 
f 4836/4836/1168 4835/4835/1445 4853/4853/1445 4854/4854/1168 
f 4835/4835/1445 4834/4834/1445 4852/4852/1445 4853/4853/1445 
f 4834/4834/1445 4833/4833/1445 4851/4851/1445 4852/4852/1445 
f 4833/4833/1445 4832/4832/1168 4850/4850/1168 4851/4851/1445 
f 4832/4832/1168 4831/4831/1168 4849/4849/1168 4850/4850/1168 
f 4831/4831/1168 4830/4830/1168 4848/4848/1168 4849/4849/1168 
f 4830/4830/1168 4829/4829/1168 4847/4847/1168 4848/4848/1168 
f 4829/4829/1168 4828/4828/1168 4846/4846/1168 4847/4847/1168 
f 4828/4828/1168 4827/4827/1168 4845/4845/1168 4846/4846/1168 
f 4827/4827/1168 4826/4826/1168 4844/4844/1168 4845/4845/1168 
f 4826/4826/1168 4825/4825/1168 4843/4843/1168 4844/4844/1168 
f 4825/4825/1168 4824/4824/1168 4842/4842/1168 4843/4843/1168 
f 4824/4824/1168 4823/4823/1168 4841/4841/1168 4842/4842/1168 
f 4823/4823/1168 4822/4822/1168 4840/4840/1168 4841/4841/1168 
f 3678/3678/3 4804/4804/3 4839/4839/3 3677/3677/3 
f 4804/4804/3 4805/4805/3 4838/4838/3 4839/4839/3 
f 4805/4805/3 4806/4806/3 4837/4837/3 4838/4838/3 
f 4806/4806/3 4807/4807/3 4836/4836/3 4837/4837/3 
f 4807/4807/3 4808/4808/3 4835/4835/3 4836/4836/3 
f 4808/4808/3 4809/4809/3 4834/4834/3 4835/4835/3 
f 4809/4809/3 4810/4810/3 4833/4833/3 4834/4834/3 
f 4810/4810/3 4811/4811/3 4832/4832/3 4833/4833/3 
f 4811/4811/3 4812/4812/3 4831/4831/3 4832/4832/3 
f 4812/4812/3 4813/4813/3 4830/4830/3 4831/4831/3 
f 4813/4813/3 4814/4814/3 4829/4829/3 4830/4830/3 
f 4814/4814/3 4815/4815/3 4828/4828/3 4829/4829/3 
f 4815/4815/3 4816/4816/3 4827/4827/3 4828/4828/3 
f 4816/4816/3 4817/4817/3 4826/4826/3 4827/4827/3 
f 4817/4817/3 4818/4818/3 4825/4825/3 4826/4826/3 
f 4818/4818/3 4819/4819/3 4824/4824/3 4825/4825/3 
f 4819/4819/3 4820/4820/3 4823/4823/3 4824/4824/3 
f 4820/4820/3 4821/4821/3 4822/4822/3 4823/4823/3 
f 3673/3673/3 3675/3675/3 4803/4803/3 4785/4785/3 
f 4785/4785/3 4803/4803/3 4802/4802/3 4784/4784/3 
f 4784/4784/3 4802/4802/3 4801/4801/3 4783/4783/3 
f 4783/4783/3 4801/4801/3 4800/4800/3 4782/4782/3 
f 4782/4782/3 4800/4800/3 4799/4799/3 4781/4781/3 
f 4781/4781/3 4799/4799/3 4798/4798/3 4780/4780/3 
f 4780/4780/3 4798/4798/3 4797/4797/3 4779/4779/3 
f 4779/4779/3 4797/4797/3 4796/4796/3 4778/4778/3 
f 4778/4778/3 4796/4796/3 4795/4795/3 4777/4777/3 
f 4777/4777/3 4795/4795/3 4794/4794/3 4776/4776/3 
f 4776/4776/3 4794/4794/3 4793/4793/3 4775/4775/3 
f 4775/4775/3 4793/4793/3 4792/4792/3 4774/4774/3 
f 4774/4774/3 4792/4792/3 4791/4791/3 4773/4773/3 
f 4773/4773/3 4791/4791/3 4790/4790/3 4772/4772/3 
f 4772/4772/3 4790/4790/3 4789/4789/3 4771/4771/3 
f 4771/4771/3 4789/4789/3 4788/4788/3 4770/4770/3 
f 4770/4770/3 4788/4788/3 4787/4787/3 4769/4769/3 
f 4769/4769/3 4787/4787/3 4786/4786/3 4768/4768/3 
f 3671/3671/92 3673/3673/92 4785/4785/92 4767/4767/92 
f 4767/4767/92 4785/4785/92 4784/4784/92 4766/4766/92 
f 4766/4766/92 4784/4784/92 4783/4783/92 4765/4765/92 
f 4765/4765/92 4783/4783/92 4782/4782/92 4764/4764/92 
f 4764/4764/92 4782/4782/92 4781/4781/92 4763/4763/92 
f 4763/4763/92 4781/4781/92 4780/4780/92 4762/4762/92 
f 4762/4762/92 4780/4780/92 4779/4779/92 4761/4761/92 
f 4761/4761/92 4779/4779/92 4778/4778/92 4760/4760/92 
f 4760/4760/92 4778/4778/92 4777/4777/92 4759/4759/92 
f 4759/4759/92 4777/4777/92 4776/4776/92 4758/4758/92 
f 4758/4758/92 4776/4776/92 4775/4775/92 4757/4757/92 
f 4757/4757/92 4775/4775/92 4774/4774/92 4756/4756/92 
f 4756/4756/92 4774/4774/92 4773/4773/92 4755/4755/92 
f 4755/4755/92 4773/4773/92 4772/4772/92 4754/4754/92 
f 4754/4754/92 4772/4772/92 4771/4771/92 4753/4753/92 
f 4753/4753/92 4771/4771/92 4770/4770/92 4752/4752/92 
f 4752/4752/92 4770/4770/92 4769/4769/92 4751/4751/92 
f 4751/4751/92 4769/4769/92 4768/4768/92 4750/4750/92 
f 3669/3669/3 3671/3671/3 4767/4767/3 4749/4749/3 
f 4749/4749/3 4767/4767/3 4766/4766/3 4748/4748/3 
f 4748/4748/3 4766/4766/3 4765/4765/3 4747/4747/3 
f 4747/4747/3 4765/4765/3 4764/4764/3 4746/4746/3 
f 4746/4746/3 4764/4764/3 4763/4763/3 4745/4745/3 
f 4745/4745/3 4763/4763/3 4762/4762/3 4744/4744/3 
f 4744/4744/3 4762/4762/3 4761/4761/3 4743/4743/3 
f 4743/4743/3 4761/4761/3 4760/4760/3 4742/4742/3 
f 4742/4742/3 4760/4760/3 4759/4759/3 4741/4741/3 
f 4741/4741/3 4759/4759/3 4758/4758/3 4740/4740/3 
f 4740/4740/3 4758/4758/3 4757/4757/3 4739/4739/3 
f 4739/4739/3 4757/4757/3 4756/4756/3 4738/4738/3 
f 4738/4738/3 4756/4756/3 4755/4755/3 4737/4737/3 
f 4737/4737/3 4755/4755/3 4754/4754/3 4736/4736/3 
f 4736/4736/3 4754/4754/3 4753/4753/3 4735/4735/3 
f 4735/4735/3 4753/4753/3 4752/4752/3 4734/4734/3 
f 4734/4734/3 4752/4752/3 4751/4751/3 4733/4733/3 
f 4733/4733/3 4751/4751/3 4750/4750/3 4732/4732/3 
f 3667/3667/1215 3669/3669/1215 4749/4749/1215 4731/4731/1215 
f 4731/4731/1215 4749/4749/1215 4748/4748/1215 4730/4730/1215 
f 4730/4730/1215 4748/4748/1215 4747/4747/1215 4729/4729/1215 
f 4729/4729/1215 4747/4747/1215 4746/4746/1215 4728/4728/1215 
f 4728/4728/1215 4746/4746/1215 4745/4745/1215 4727/4727/1215 
f 4727/4727/1215 4745/4745/1215 4744/4744/1215 4726/4726/1215 
f 4726/4726/1215 4744/4744/1215 4743/4743/1215 4725/4725/1215 
f 4725/4725/1215 4743/4743/1215 4742/4742/1215 4724/4724/1215 
f 4724/4724/1215 4742/4742/1215 4741/4741/1215 4723/4723/1215 
f 4723/4723/1215 4741/4741/1215 4740/4740/1215 4722/4722/1215 
f 4722/4722/1215 4740/4740/1215 4739/4739/1215 4721/4721/1215 
f 4721/4721/1215 4739/4739/1215 4738/4738/1215 4720/4720/1215 
f 4720/4720/1215 4738/4738/1215 4737/4737/1215 4719/4719/1215 
f 4719/4719/1215 4737/4737/1215 4736/4736/1215 4718/4718/1215 
f 4718/4718/1215 4736/4736/1215 4735/4735/1215 4717/4717/1215 
f 4717/4717/1215 4735/4735/1215 4734/4734/1215 4716/4716/1215 
f 4716/4716/1215 4734/4734/1215 4733/4733/1215 4715/4715/1215 
f 4715/4715/1215 4733/4733/1215 4732/4732/1215 4714/4714/1215 
f 3665/3665/1213 3667/3667/1214 4731/4731/1214 4713/4713/1213 
f 4713/4713/1213 4731/4731/1214 4730/4730/1214 4712/4712/1213 
f 4712/4712/1213 4730/4730/1214 4729/4729/1214 4711/4711/1213 
f 4711/4711/1213 4729/4729/1214 4728/4728/1214 4710/4710/1213 
f 4710/4710/1213 4728/4728/1214 4727/4727/1214 4709/4709/1213 
f 4709/4709/1213 4727/4727/1214 4726/4726/1214 4708/4708/1213 
f 4708/4708/1213 4726/4726/1214 4725/4725/1214 4707/4707/1213 
f 4707/4707/1213 4725/4725/1214 4724/4724/1214 4706/4706/1213 
f 4706/4706/1213 4724/4724/1214 4723/4723/1214 4705/4705/1213 
f 4705/4705/1213 4723/4723/1214 4722/4722/1214 4704/4704/1213 
f 4704/4704/1213 4722/4722/1214 4721/4721/1214 4703/4703/1213 
f 4703/4703/1213 4721/4721/1214 4720/4720/1214 4702/4702/1213 
f 4702/4702/1213 4720/4720/1214 4719/4719/1214 4701/4701/1213 
f 4701/4701/1213 4719/4719/1214 4718/4718/1214 4700/4700/1213 
f 4700/4700/1213 4718/4718/1214 4717/4717/1214 4699/4699/1213 
f 4699/4699/1213 4717/4717/1214 4716/4716/1214 4698/4698/1213 
f 4698/4698/1213 4716/4716/1214 4715/4715/1214 4697/4697/1213 
f 4697/4697/1213 4715/4715/1214 4714/4714/1214 4696/4696/1213 
f 3663/3663/1212 3665/3665/1213 4713/4713/1213 4695/4695/1212 
f 4695/4695/1212 4713/4713/1213 4712/4712/1213 4694/4694/1212 
f 4694/4694/1212 4712/4712/1213 4711/4711/1213 4693/4693/1212 
f 4693/4693/1212 4711/4711/1213 4710/4710/1213 4692/4692/1212 
f 4692/4692/1212 4710/4710/1213 4709/4709/1213 4691/4691/1212 
f 4691/4691/1212 4709/4709/1213 4708/4708/1213 4690/4690/1212 
f 4690/4690/1212 4708/4708/1213 4707/4707/1213 4689/4689/1212 
f 4689/4689/1212 4707/4707/1213 4706/4706/1213 4688/4688/1212 
f 4688/4688/1212 4706/4706/1213 4705/4705/1213 4687/4687/1212 
f 4687/4687/1212 4705/4705/1213 4704/4704/1213 4686/4686/1212 
f 4686/4686/1212 4704/4704/1213 4703/4703/1213 4685/4685/1212 
f 4685/4685/1212 4703/4703/1213 4702/4702/1213 4684/4684/1212 
f 4684/4684/1212 4702/4702/1213 4701/4701/1213 4683/4683/1212 
f 4683/4683/1212 4701/4701/1213 4700/4700/1213 4682/4682/1212 
f 4682/4682/1212 4700/4700/1213 4699/4699/1213 4681/4681/1212 
f 4681/4681/1212 4699/4699/1213 4698/4698/1213 4680/4680/1212 
f 4680/4680/1212 4698/4698/1213 4697/4697/1213 4679/4679/1212 
f 4679/4679/1212 4697/4697/1213 4696/4696/1213 4678/4678/1212 
f 3661/3661/1211 3663/3663/1212 4695/4695/1212 4677/4677/1211 
f 4677/4677/1211 4695/4695/1212 4694/4694/1212 4676/4676/1211 
f 4676/4676/1211 4694/4694/1212 4693/4693/1212 4675/4675/1211 
f 4675/4675/1211 4693/4693/1212 4692/4692/1212 4674/4674/1211 
f 4674/4674/1211 4692/4692/1212 4691/4691/1212 4673/4673/1211 
f 4673/4673/1211 4691/4691/1212 4690/4690/1212 4672/4672/1211 
f 4672/4672/1211 4690/4690/1212 4689/4689/1212 4671/4671/1211 
f 4671/4671/1211 4689/4689/1212 4688/4688/1212 4670/4670/1211 
f 4670/4670/1211 4688/4688/1212 4687/4687/1212 4669/4669/1211 
f 4669/4669/1211 4687/4687/1212 4686/4686/1212 4668/4668/1211 
f 4668/4668/1211 4686/4686/1212 4685/4685/1212 4667/4667/1211 
f 4667/4667/1211 4685/4685/1212 4684/4684/1212 4666/4666/1211 
f 4666/4666/1211 4684/4684/1212 4683/4683/1212 4665/4665/1211 
f 4665/4665/1211 4683/4683/1212 4682/4682/1212 4664/4664/1211 
f 4664/4664/1211 4682/4682/1212 4681/4681/1212 4663/4663/1211 
f 4663/4663/1211 4681/4681/1212 4680/4680/1212 4662/4662/1211 
f 4662/4662/1211 4680/4680/1212 4679/4679/1212 4661/4661/1211 
f 4661/4661/1211 4679/4679/1212 4678/4678/1212 4660/4660/1211 
f 3659/3659/1210 3661/3661/1210 4677/4677/1210 4659/4659/1210 
f 4659/4659/1210 4677/4677/1210 4676/4676/1210 4658/4658/1210 
f 4658/4658/1210 4676/4676/1210 4675/4675/1210 4657/4657/1210 
f 4657/4657/1210 4675/4675/1210 4674/4674/1210 4656/4656/1210 
f 4656/4656/1210 4674/4674/1210 4673/4673/1210 4655/4655/1210 
f 4655/4655/1210 4673/4673/1210 4672/4672/1210 4654/4654/1210 
f 4654/4654/1210 4672/4672/1210 4671/4671/1210 4653/4653/1210 
f 4653/4653/1210 4671/4671/1210 4670/4670/1210 4652/4652/1210 
f 4652/4652/1210 4670/4670/1210 4669/4669/1210 4651/4651/1210 
f 4651/4651/1210 4669/4669/1210 4668/4668/1210 4650/4650/1210 
f 4650/4650/1210 4668/4668/1210 4667/4667/1210 4649/4649/1210 
f 4649/4649/1210 4667/4667/1210 4666/4666/1210 4648/4648/1210 
f 4648/4648/1210 4666/4666/1210 4665/4665/1210 4647/4647/1210 
f 4647/4647/1210 4665/4665/1210 4664/4664/1210 4646/4646/1210 
f 4646/4646/1210 4664/4664/1210 4663/4663/1210 4645/4645/1210 
f 4645/4645/1210 4663/4663/1210 4662/4662/1210 4644/4644/1210 
f 4644/4644/1210 4662/4662/1210 4661/4661/1210 4643/4643/1210 
f 4643/4643/1210 4661/4661/1210 4660/4660/1210 4642/4642/1210 
f 3657/3657/3 3659/3659/3 4659/4659/3 4641/4641/3 
f 4641/4641/3 4659/4659/3 4658/4658/3 4640/4640/3 
f 4640/4640/3 4658/4658/3 4657/4657/3 4639/4639/3 
f 4639/4639/3 4657/4657/3 4656/4656/3 4638/4638/3 
f 4638/4638/3 4656/4656/3 4655/4655/3 4637/4637/3 
f 4637/4637/3 4655/4655/3 4654/4654/3 4636/4636/3 
f 4636/4636/3 4654/4654/3 4653/4653/3 4635/4635/3 
f 4635/4635/3 4653/4653/3 4652/4652/3 4634/4634/3 
f 4634/4634/3 4652/4652/3 4651/4651/3 4633/4633/3 
f 4633/4633/3 4651/4651/3 4650/4650/3 4632/4632/3 
f 4632/4632/3 4650/4650/3 4649/4649/3 4631/4631/3 
f 4631/4631/3 4649/4649/3 4648/4648/3 4630/4630/3 
f 4630/4630/3 4648/4648/3 4647/4647/3 4629/4629/3 
f 4629/4629/3 4647/4647/3 4646/4646/3 4628/4628/3 
f 4628/4628/3 4646/4646/3 4645/4645/3 4627/4627/3 
f 4627/4627/3 4645/4645/3 4644/4644/3 4626/4626/3 
f 4626/4626/3 4644/4644/3 4643/4643/3 4625/4625/3 
f 4625/4625/3 4643/4643/3 4642/4642/3 4624/4624/3 
f 3655/3655/1209 3657/3657/1209 4641/4641/1209 4623/4623/1209 
f 4623/4623/1209 4641/4641/1209 4640/4640/1209 4622/4622/1209 
f 4622/4622/1209 4640/4640/1209 4639/4639/1209 4621/4621/1209 
f 4621/4621/1209 4639/4639/1209 4638/4638/1209 4620/4620/1209 
f 4620/4620/1209 4638/4638/1209 4637/4637/1209 4619/4619/1209 
f 4619/4619/1209 4637/4637/1209 4636/4636/1209 4618/4618/1209 
f 4618/4618/1209 4636/4636/1209 4635/4635/1209 4617/4617/1209 
f 4617/4617/1209 4635/4635/1209 4634/4634/1209 4616/4616/1209 
f 4616/4616/1209 4634/4634/1209 4633/4633/1209 4615/4615/1209 
f 4615/4615/1209 4633/4633/1209 4632/4632/1209 4614/4614/1209 
f 4614/4614/1209 4632/4632/1209 4631/4631/1209 4613/4613/1209 
f 4613/4613/1209 4631/4631/1209 4630/4630/1209 4612/4612/1209 
f 4612/4612/1209 4630/4630/1209 4629/4629/1209 4611/4611/1209 
f 4611/4611/1209 4629/4629/1209 4628/4628/1209 4610/4610/1209 
f 4610/4610/1209 4628/4628/1209 4627/4627/1209 4609/4609/1209 
f 4609/4609/1209 4627/4627/1209 4626/4626/1209 4608/4608/1209 
f 4608/4608/1209 4626/4626/1209 4625/4625/1446 4607/4607/1446 
f 4607/4607/1446 4625/4625/1446 4624/4624/1209 4606/4606/1209 
f 3651/3651/1447 3655/3655/1447 4623/4623/1208 4605/4605/1208 
f 4605/4605/1208 4623/4623/1208 4622/4622/1208 4604/4604/1208 
f 4604/4604/1208 4622/4622/1208 4621/4621/1208 4603/4603/1208 
f 4603/4603/1208 4621/4621/1208 4620/4620/1208 4602/4602/1208 
f 4602/4602/1208 4620/4620/1208 4619/4619/1447 4601/4601/1447 
f 4601/4601/1447 4619/4619/1447 4618/4618/1447 4600/4600/1447 
f 4600/4600/1447 4618/4618/1447 4617/4617/1208 4599/4599/1208 
f 4599/4599/1208 4617/4617/1208 4616/4616/1208 4598/4598/1208 
f 4598/4598/1208 4616/4616/1208 4615/4615/1208 4597/4597/1208 
f 4597/4597/1208 4615/4615/1208 4614/4614/1208 4596/4596/1208 
f 4596/4596/1208 4614/4614/1208 4613/4613/1208 4595/4595/1208 
f 4595/4595/1208 4613/4613/1208 4612/4612/1208 4594/4594/1208 
f 4594/4594/1208 4612/4612/1208 4611/4611/1208 4593/4593/1208 
f 4593/4593/1208 4611/4611/1208 4610/4610/1208 4592/4592/1208 
f 4592/4592/1208 4610/4610/1208 4609/4609/1208 4591/4591/1208 
f 4591/4591/1208 4609/4609/1208 4608/4608/1208 4590/4590/1208 
f 4590/4590/1208 4608/4608/1208 4607/4607/1208 4589/4589/1208 
f 4589/4589/1208 4607/4607/1208 4606/4606/1208 4588/4588/1208 
f 3652/3652/92 3651/3651/92 4605/4605/92 4570/4570/92 
f 4570/4570/92 4605/4605/92 4604/4604/92 4571/4571/92 
f 4571/4571/92 4604/4604/92 4603/4603/92 4572/4572/92 
f 4572/4572/92 4603/4603/92 4602/4602/92 4573/4573/92 
f 4573/4573/92 4602/4602/92 4601/4601/92 4574/4574/92 
f 4574/4574/92 4601/4601/92 4600/4600/92 4575/4575/92 
f 4575/4575/92 4600/4600/92 4599/4599/92 4576/4576/92 
f 4576/4576/92 4599/4599/92 4598/4598/92 4577/4577/92 
f 4577/4577/92 4598/4598/92 4597/4597/92 4578/4578/92 
f 4578/4578/92 4597/4597/92 4596/4596/92 4579/4579/92 
f 4579/4579/92 4596/4596/92 4595/4595/92 4580/4580/92 
f 4580/4580/92 4595/4595/92 4594/4594/92 4581/4581/92 
f 4581/4581/92 4594/4594/92 4593/4593/92 4582/4582/92 
f 4582/4582/92 4593/4593/92 4592/4592/92 4583/4583/92 
f 4583/4583/92 4592/4592/92 4591/4591/92 4584/4584/92 
f 4584/4584/92 4591/4591/92 4590/4590/92 4585/4585/92 
f 4585/4585/92 4590/4590/92 4589/4589/92 4586/4586/92 
f 4586/4586/92 4589/4589/92 4588/4588/92 4587/4587/92 
f 3641/3641/92 5056/5056/92 4552/6500/92 3642/3642/92 
f 5056/5056/92 5057/5057/92 4553/6499/92 4552/6500/92 
f 5057/5057/92 5058/5058/92 4554/6498/92 4553/6499/92 
f 5058/5058/92 5059/5059/92 4555/6497/92 4554/6498/92 
f 5059/5059/92 5060/5060/92 4556/6496/92 4555/6497/92 
f 5060/5060/92 5061/5061/92 4557/6495/92 4556/6496/92 
f 5061/5061/92 5062/5062/92 4558/6494/92 4557/6495/92 
f 5062/5062/92 5063/5063/92 4559/6493/92 4558/6494/92 
f 5063/5063/92 5064/5064/92 4560/6492/92 4559/6493/92 
f 5064/5064/92 5065/5065/92 4561/6491/92 4560/6492/92 
f 5065/5065/92 5066/5066/92 4562/6490/92 4561/6491/92 
f 5066/5066/92 5067/5067/92 4563/6489/92 4562/6490/92 
f 5067/5067/92 5068/5068/92 4564/6488/92 4563/6489/92 
f 5068/5068/92 5069/5069/92 4565/6487/92 4564/6488/92 
f 5069/5069/92 5070/5070/92 4566/6486/92 4565/6487/92 
f 5070/5070/92 5071/5071/92 4567/6485/92 4566/6486/92 
f 5071/5071/92 5072/5072/92 4568/6483/92 4567/6485/92 
f 5072/5072/92 5073/5073/92 4569/4569/92 4568/6483/92 
f 3649/6225/3 4534/6080/3 4804/4804/3 3678/3678/3 
f 4534/6080/3 4535/6445/3 4805/4805/3 4804/4804/3 
f 4535/6445/3 4536/6446/3 4806/4806/3 4805/4805/3 
f 4536/6446/3 4537/6447/3 4807/4807/3 4806/4806/3 
f 4537/6447/3 4538/6073/3 4808/4808/3 4807/4807/3 
f 4538/6073/3 4539/6448/3 4809/4809/3 4808/4808/3 
f 4539/6448/3 4540/6449/3 4810/4810/3 4809/4809/3 
f 4540/6449/3 4541/6330/3 4811/4811/3 4810/4810/3 
f 4541/6330/3 4542/6424/3 4812/4812/3 4811/4811/3 
f 4542/6424/3 4543/6407/3 4813/4813/3 4812/4812/3 
f 4543/6407/3 4544/6450/3 4814/4814/3 4813/4813/3 
f 4544/6450/3 4545/6451/3 4815/4815/3 4814/4814/3 
f 4545/6451/3 4546/6452/3 4816/4816/3 4815/4815/3 
f 4546/6452/3 4547/6453/3 4817/4817/3 4816/4816/3 
f 4547/6453/3 4548/6454/3 4818/4818/3 4817/4817/3 
f 4548/6454/3 4549/6290/3 4819/4819/3 4818/4818/3 
f 4549/6290/3 4550/6455/3 4820/4820/3 4819/4819/3 
f 4550/6455/3 4551/4551/3 4821/4821/3 4820/4820/3 
f 3652/3652/92 4570/4570/92 4498/4498/92 3643/3643/92 
f 4570/4570/92 4571/4571/92 4499/4499/92 4498/4498/92 
f 4571/4571/92 4572/4572/92 4500/4500/92 4499/4499/92 
f 4572/4572/92 4573/4573/92 4501/4501/92 4500/4500/92 
f 4573/4573/92 4574/4574/92 4502/4502/92 4501/4501/92 
f 4574/4574/92 4575/4575/92 4503/4503/92 4502/4502/92 
f 4575/4575/92 4576/4576/92 4504/4504/92 4503/4503/92 
f 4576/4576/92 4577/4577/92 4505/4505/92 4504/4504/92 
f 4577/4577/92 4578/4578/92 4506/4506/92 4505/4505/92 
f 4578/4578/92 4579/4579/92 4507/4507/92 4506/4506/92 
f 4579/4579/92 4580/4580/92 4508/4508/92 4507/4507/92 
f 4580/4580/92 4581/4581/92 4509/4509/92 4508/4508/92 
f 4581/4581/92 4582/4582/92 4510/4510/92 4509/4509/92 
f 4582/4582/92 4583/4583/92 4511/4511/92 4510/4510/92 
f 4583/4583/92 4584/4584/92 4512/4512/92 4511/4511/92 
f 4584/4584/92 4585/4585/92 4513/4513/92 4512/4512/92 
f 4585/4585/92 4586/4586/92 4514/4514/92 4513/4513/92 
f 4586/4586/92 4587/4587/92 4515/4515/92 4514/4514/92 
f 3646/3646/309 3701/3701/309 5037/5037/309 4533/4533/309 
f 4533/4533/309 5037/5037/309 5036/5036/309 4532/4532/309 
f 4532/4532/309 5036/5036/309 5035/5035/309 4531/4531/309 
f 4531/4531/309 5035/5035/309 5034/5034/309 4530/4530/309 
f 4530/4530/309 5034/5034/309 5033/5033/309 4529/4529/309 
f 4529/4529/309 5033/5033/309 5032/5032/309 4528/4528/309 
f 4528/4528/309 5032/5032/309 5031/5031/309 4527/4527/309 
f 4527/4527/309 5031/5031/309 5030/5030/309 4526/4526/309 
f 4526/4526/309 5030/5030/309 5029/5029/309 4525/4525/309 
f 4525/4525/309 5029/5029/309 5028/5028/309 4524/4524/309 
f 4524/4524/309 5028/5028/309 5027/5027/309 4523/4523/309 
f 4523/4523/309 5027/5027/309 5026/5026/309 4522/4522/309 
f 4522/4522/309 5026/5026/309 5025/5025/309 4521/4521/309 
f 4521/4521/309 5025/5025/309 5024/5024/309 4520/4520/309 
f 4520/4520/309 5024/5024/309 5023/5023/309 4519/4519/309 
f 4519/4519/309 5023/5023/309 5022/5022/309 4518/4518/309 
f 4518/4518/309 5022/5022/309 5021/5021/309 4517/4517/309 
f 4517/4517/309 5021/5021/309 5020/5020/309 4516/4516/309 
f 3632/3632/1188 4479/4479/1207 4497/4497/1181 3630/3630/1190 
f 4479/4479/1207 4478/4478/1207 4496/4496/1181 4497/4497/1181 
f 4478/4478/1207 4477/4477/1207 4495/4495/1181 4496/4496/1181 
f 4477/4477/1207 4476/4476/1207 4494/4494/1181 4495/4495/1181 
f 4476/4476/1207 4475/4475/1207 4493/4493/1181 4494/4494/1181 
f 4475/4475/1207 4474/4474/1207 4492/4492/1181 4493/4493/1181 
f 4474/4474/1207 4473/4473/1207 4491/4491/1181 4492/4492/1181 
f 4473/4473/1207 4472/4472/1207 4490/4490/1181 4491/4491/1181 
f 4472/4472/1207 4471/4471/1207 4489/4489/1181 4490/4490/1181 
f 4471/4471/1207 4470/4470/1207 4488/4488/1181 4489/4489/1181 
f 4470/4470/1207 4469/4469/1207 4487/4487/1181 4488/4488/1181 
f 4469/4469/1207 4468/4468/1207 4486/4486/1181 4487/4487/1181 
f 4468/4468/1207 4467/4467/1207 4485/4485/1181 4486/4486/1181 
f 4467/4467/1207 4466/4466/1207 4484/4484/1181 4485/4485/1181 
f 4466/4466/1207 4465/4465/1207 4483/4483/1181 4484/4484/1181 
f 4465/4465/1207 4464/4464/1207 4482/4482/1181 4483/4483/1181 
f 4464/4464/1207 4463/4463/1207 4481/4481/1181 4482/4482/1181 
f 4463/4463/1207 4462/4462/1207 4480/4480/1181 4481/4481/1181 
f 3631/3631/1206 4461/4461/1206 4479/4479/1207 3632/3632/1188 
f 4461/4461/1206 4460/4460/1205 4478/4478/1207 4479/4479/1207 
f 4460/4460/1205 4459/4459/1205 4477/4477/1207 4478/4478/1207 
f 4459/4459/1205 4458/4458/1205 4476/4476/1207 4477/4477/1207 
f 4458/4458/1205 4457/4457/1205 4475/4475/1207 4476/4476/1207 
f 4457/4457/1205 4456/4456/1205 4474/4474/1207 4475/4475/1207 
f 4456/4456/1205 4455/4455/1205 4473/4473/1207 4474/4474/1207 
f 4455/4455/1205 4454/4454/1205 4472/4472/1207 4473/4473/1207 
f 4454/4454/1205 4453/4453/1205 4471/4471/1207 4472/4472/1207 
f 4453/4453/1205 4452/4452/1205 4470/4470/1207 4471/4471/1207 
f 4452/4452/1205 4451/4451/1205 4469/4469/1207 4470/4470/1207 
f 4451/4451/1205 4450/4450/1205 4468/4468/1207 4469/4469/1207 
f 4450/4450/1205 4449/4449/1205 4467/4467/1207 4468/4468/1207 
f 4449/4449/1205 4448/4448/1205 4466/4466/1207 4467/4467/1207 
f 4448/4448/1205 4447/4447/1205 4465/4465/1207 4466/4466/1207 
f 4447/4447/1205 4446/4446/1205 4464/4464/1207 4465/4465/1207 
f 4446/4446/1205 4445/4445/1205 4463/4463/1207 4464/4464/1207 
f 4445/4445/1205 4444/4444/1205 4462/4462/1207 4463/4463/1207 
f 3629/3629/1185 4426/4426/1202 4461/4461/1204 3631/3631/1204 
f 4426/4426/1202 4427/4427/1202 4460/4460/1205 4461/4461/1204 
f 4427/4427/1202 4428/4428/1202 4459/4459/1205 4460/4460/1205 
f 4428/4428/1202 4429/4429/1202 4458/4458/1205 4459/4459/1205 
f 4429/4429/1202 4430/4430/1202 4457/4457/1205 4458/4458/1205 
f 4430/4430/1202 4431/4431/1202 4456/4456/1205 4457/4457/1205 
f 4431/4431/1202 4432/4432/1202 4455/4455/1205 4456/4456/1205 
f 4432/4432/1202 4433/4433/1202 4454/4454/1205 4455/4455/1205 
f 4433/4433/1202 4434/4434/1202 4453/4453/1205 4454/4454/1205 
f 4434/4434/1202 4435/4435/1202 4452/4452/1205 4453/4453/1205 
f 4435/4435/1202 4436/4436/1202 4451/4451/1205 4452/4452/1205 
f 4436/4436/1202 4437/4437/1202 4450/4450/1205 4451/4451/1205 
f 4437/4437/1202 4438/4438/1202 4449/4449/1205 4450/4450/1205 
f 4438/4438/1202 4439/4439/1202 4448/4448/1205 4449/4449/1205 
f 4439/4439/1202 4440/4440/1202 4447/4447/1205 4448/4448/1205 
f 4440/4440/1202 4441/4441/1202 4446/4446/1205 4447/4447/1205 
f 4441/4441/1202 4442/4442/1202 4445/4445/1205 4446/4446/1205 
f 4442/4442/1202 4443/4443/1202 4444/4444/1205 4445/4445/1205 
f 3628/6057/1448 4407/4407/1449 4425/4425/1179 3626/3626/1178 
f 4407/4407/1449 4406/4406/1449 4424/4424/1179 4425/4425/1179 
f 4406/4406/1449 4405/4405/1449 4423/4423/1201 4424/4424/1179 
f 4405/4405/1449 4404/4404/1199 4422/4422/1201 4423/4423/1201 
f 4404/4404/1199 4403/4403/1199 4421/4421/1201 4422/4422/1201 
f 4403/4403/1199 4402/4402/1199 4420/4420/1201 4421/4421/1201 
f 4402/4402/1199 4401/4401/1199 4419/4419/1201 4420/4420/1201 
f 4401/4401/1199 4400/4400/1199 4418/4418/1201 4419/4419/1201 
f 4400/4400/1199 4399/4399/1199 4417/4417/1201 4418/4418/1201 
f 4399/4399/1199 4398/4398/1199 4416/4416/1201 4417/4417/1201 
f 4398/4398/1199 4397/4397/1199 4415/4415/1201 4416/4416/1201 
f 4397/4397/1199 4396/4396/1199 4414/4414/1201 4415/4415/1201 
f 4396/4396/1199 4395/4395/1199 4413/4413/1201 4414/4414/1201 
f 4395/4395/1199 4394/4394/1199 4412/4412/1201 4413/4413/1201 
f 4394/4394/1199 4393/4393/1199 4411/4411/1201 4412/4412/1201 
f 4393/4393/1199 4392/4392/1199 4410/4410/1201 4411/4411/1201 
f 4392/4392/1199 4391/4391/1199 4409/4409/1201 4410/4410/1201 
f 4391/4391/1199 4390/4390/1199 4408/4408/1201 4409/4409/1201 
f 3627/3627/1450 4389/4389/1450 4407/4407/1449 3628/6057/1448 
f 4389/4389/1450 4388/4388/1198 4406/4406/1449 4407/4407/1449 
f 4388/4388/1198 4387/4387/1198 4405/4405/1449 4406/4406/1449 
f 4387/4387/1198 4386/4386/1198 4404/4404/1198 4405/4405/1449 
f 4386/4386/1198 4385/4385/1198 4403/4403/1198 4404/4404/1198 
f 4385/4385/1198 4384/4384/1198 4402/4402/1198 4403/4403/1198 
f 4384/4384/1198 4383/4383/1198 4401/4401/1198 4402/4402/1198 
f 4383/4383/1198 4382/4382/1198 4400/4400/1198 4401/4401/1198 
f 4382/4382/1198 4381/4381/1198 4399/4399/1198 4400/4400/1198 
f 4381/4381/1198 4380/4380/1198 4398/4398/1198 4399/4399/1198 
f 4380/4380/1198 4379/4379/1198 4397/4397/1198 4398/4398/1198 
f 4379/4379/1198 4378/4378/1198 4396/4396/1198 4397/4397/1198 
f 4378/4378/1198 4377/4377/1198 4395/4395/1198 4396/4396/1198 
f 4377/4377/1198 4376/4376/1198 4394/4394/1198 4395/4395/1198 
f 4376/4376/1198 4375/4375/1198 4393/4393/1198 4394/4394/1198 
f 4375/4375/1198 4374/4374/1197 4392/4392/1198 4393/4393/1198 
f 4374/4374/1197 4373/4373/1197 4391/4391/1198 4392/4392/1198 
f 4373/4373/1197 4372/4372/1197 4390/4390/1198 4391/4391/1198 
f 3625/3625/1191 4354/4354/1451 4389/4389/1452 3627/3627/1189 
f 4354/4354/1451 4355/4355/1451 4388/4388/1452 4389/4389/1452 
f 4355/4355/1451 4356/4356/1451 4387/4387/1452 4388/4388/1452 
f 4356/4356/1451 4357/4357/1451 4386/4386/1452 4387/4387/1452 
f 4357/4357/1451 4358/4358/1451 4385/4385/1452 4386/4386/1452 
f 4358/4358/1451 4359/4359/1451 4384/4384/1452 4385/4385/1452 
f 4359/4359/1451 4360/4360/1451 4383/4383/1452 4384/4384/1452 
f 4360/4360/1451 4361/4361/1451 4382/4382/1452 4383/4383/1452 
f 4361/4361/1451 4362/4362/1451 4381/4381/1452 4382/4382/1452 
f 4362/4362/1451 4363/4363/1451 4380/4380/1452 4381/4381/1452 
f 4363/4363/1451 4364/4364/1451 4379/4379/1452 4380/4380/1452 
f 4364/4364/1451 4365/4365/1451 4378/4378/1452 4379/4379/1452 
f 4365/4365/1451 4366/4366/1451 4377/4377/1452 4378/4378/1452 
f 4366/4366/1451 4367/4367/1451 4376/4376/1452 4377/4377/1452 
f 4367/4367/1451 4368/4368/1451 4375/4375/1452 4376/4376/1452 
f 4368/4368/1451 4369/4369/1451 4374/4374/1197 4375/4375/1452 
f 4369/4369/1451 4370/4370/1180 4373/4373/1197 4374/4374/1197 
f 4370/4370/1180 4371/4371/1180 4372/4372/1197 4373/4373/1197 
f 3625/3625/1191 3630/3630/1190 4497/4497/1181 4354/4354/1451 
f 4354/4354/1451 4497/4497/1181 4496/4496/1181 4355/4355/1451 
f 4355/4355/1451 4496/4496/1181 4495/4495/1181 4356/4356/1451 
f 4356/4356/1451 4495/4495/1181 4494/4494/1181 4357/4357/1451 
f 4357/4357/1451 4494/4494/1181 4493/4493/1181 4358/4358/1451 
f 4358/4358/1451 4493/4493/1181 4492/4492/1181 4359/4359/1451 
f 4359/4359/1451 4492/4492/1181 4491/4491/1181 4360/4360/1451 
f 4360/4360/1451 4491/4491/1181 4490/4490/1181 4361/4361/1451 
f 4361/4361/1451 4490/4490/1181 4489/4489/1181 4362/4362/1451 
f 4362/4362/1451 4489/4489/1181 4488/4488/1181 4363/4363/1451 
f 4363/4363/1451 4488/4488/1181 4487/4487/1181 4364/4364/1451 
f 4364/4364/1451 4487/4487/1181 4486/4486/1181 4365/4365/1451 
f 4365/4365/1451 4486/4486/1181 4485/4485/1181 4366/4366/1451 
f 4366/4366/1451 4485/4485/1181 4484/4484/1181 4367/4367/1451 
f 4367/4367/1451 4484/4484/1181 4483/4483/1181 4368/4368/1451 
f 4368/4368/1451 4483/4483/1181 4482/4482/1181 4369/4369/1451 
f 4369/4369/1451 4482/4482/1181 4481/4481/1181 4370/4370/1180 
f 4370/4370/1180 4481/4481/1181 4480/4480/1181 4371/4371/1180 
f 4318/4318/12 4425/4425/1179 4424/4424/1179 4319/4319/12 
f 4319/4319/12 4424/4424/1179 4423/4423/1201 4320/4320/12 
f 4320/4320/12 4423/4423/1201 4422/4422/1201 4321/4321/12 
f 4329/4329/12 4414/4414/1201 4413/4413/1201 4330/4330/12 
f 4330/4330/12 4413/4413/1201 4412/4412/1201 4331/4331/12 
f 4331/4331/12 4412/4412/1201 4411/4411/1201 4332/4332/12 
f 4332/4332/12 4411/4411/1201 4410/4410/1201 4333/4333/12 
f 4333/4333/12 4410/4410/1201 4409/4409/1201 4334/4334/12 
f 4334/4334/12 4409/4409/1201 4408/4408/1201 4335/6078/12 
f 4335/6078/12 4408/4408/1201 3637/3637/1200 3624/6433/12 
f 3741/3741/1453 3621/6434/1454 4318/6212/309 5635/5635/1455 
f 5635/5635/1455 4318/6212/309 4319/6368/309 5634/5634/1224 
f 5634/5634/1224 4319/6368/309 4320/6203/309 5633/5633/1225 
f 5633/5633/1225 4320/6203/309 4321/6139/309 5632/5632/1456 
f 5632/5632/1456 4321/6139/309 4322/6108/309 5631/5631/1232 
f 5631/5631/1232 4322/6108/309 4323/6414/309 5630/5630/1233 
f 5630/5630/1233 4323/6414/309 4324/6243/309 5629/5629/1457 
f 5629/5629/1457 4324/6243/309 4325/6161/309 5628/5628/1458 
f 5628/5628/1458 4325/6161/309 4326/6456/1459 5627/5627/1460 
f 5627/5627/1460 4326/6456/1459 4327/6457/1461 5626/5626/1462 
f 5626/5626/1462 4327/6457/1461 4328/6103/1463 5625/5625/1464 
f 5625/5625/1464 4328/6103/1463 4329/6458/1465 5624/5624/1243 
f 5624/5624/1243 4329/6458/1465 4330/6106/309 5623/5623/1244 
f 5623/5623/1244 4330/6106/309 4331/6459/309 5622/5622/1246 
f 5992/5992/1466 5993/5993/1467 6000/6000/1468 5996/5996/1469 
f 5979/5979/1470 5990/5990/1471 5986/5986/1472 5978/5978/1473 
f 5621/5621/1253 4334/6461/1474 4335/4335/309 5620/5620/309 
f 3563/6431/12 3849/6430/12 4066/4066/12 3569/3569/12 
f 3849/6430/12 3848/3848/1176 4067/4067/12 4066/4066/12 
f 3848/3848/1176 3847/3847/1475 4068/4068/12 4067/4067/12 
f 3847/3847/1475 3846/3846/1475 4069/4069/12 4068/4068/12 
f 3846/3846/1475 3845/3845/1475 4070/4070/12 4069/4069/12 
f 3845/3845/1475 3844/3844/1475 4071/4071/12 4070/4070/12 
f 3844/3844/1475 3843/3843/1475 4072/4072/12 4071/4071/12 
f 3843/3843/1475 3842/3842/1475 4073/4073/12 4072/4072/12 
f 3842/3842/1475 3841/3841/1475 4074/4074/12 4073/4073/12 
f 3841/3841/1475 3840/3840/1475 4075/4075/12 4074/4074/12 
f 3840/3840/1475 3839/3839/1475 4076/4076/12 4075/4075/12 
f 3839/3839/1475 3838/3838/1475 4077/4077/12 4076/4076/12 
f 3838/3838/1475 3837/3837/1475 4078/4078/12 4077/4077/12 
f 3837/3837/1475 3836/3836/1475 4079/4079/12 4078/4078/12 
f 3836/3836/1475 3835/3835/1475 4080/4080/12 4079/4079/12 
f 3835/3835/1475 3834/3834/1475 4081/4081/12 4080/4080/12 
f 3834/3834/1475 3833/3833/1475 4082/4082/1176 4081/4081/12 
f 3833/3833/1475 3832/3832/1176 4083/4083/1176 4082/4082/1176 
f 3594/3594/1476 4299/4299/309 4317/4317/309 3583/3583/1318 
f 4299/4299/309 4298/4298/309 4316/4316/309 4317/4317/309 
f 4298/4298/309 4297/4297/309 4315/4315/309 4316/4316/309 
f 4297/4297/309 4296/4296/309 4314/4314/309 4315/4315/309 
f 4296/4296/309 4295/4295/309 4313/4313/309 4314/4314/309 
f 4295/4295/309 4294/4294/309 4312/4312/309 4313/4313/309 
f 4294/4294/309 4293/4293/309 4311/4311/309 4312/4312/309 
f 4293/4293/309 4292/4292/309 4310/4310/309 4311/4311/309 
f 4292/4292/309 4291/4291/309 4309/4309/309 4310/4310/309 
f 4291/4291/309 4290/4290/309 4308/4308/309 4309/4309/309 
f 4290/4290/309 4289/4289/309 4307/4307/309 4308/4308/309 
f 4289/4289/309 4288/4288/309 4306/4306/309 4307/4307/309 
f 4288/4288/309 4287/4287/309 4305/4305/309 4306/4306/309 
f 4287/4287/309 4286/4286/309 4304/4304/309 4305/4305/309 
f 4286/4286/309 4285/4285/309 4303/4303/309 4304/4304/309 
f 4285/4285/309 4284/4284/309 4302/4302/309 4303/4303/309 
f 4284/4284/309 4283/4283/309 4301/4301/309 4302/4302/309 
f 4283/4283/309 4282/4282/309 4300/4300/309 4301/4301/309 
f 3593/3593/1477 4281/4281/3 4299/4299/3 3594/3594/1476 
f 4281/4281/3 4280/4280/3 4298/4298/3 4299/4299/3 
f 4280/4280/3 4279/4279/3 4297/4297/3 4298/4298/3 
f 4279/4279/3 4278/4278/3 4296/4296/3 4297/4297/3 
f 4278/4278/3 4277/4277/3 4295/4295/3 4296/4296/3 
f 4277/4277/3 4276/4276/3 4294/4294/3 4295/4295/3 
f 4276/4276/3 4275/4275/3 4293/4293/3 4294/4294/3 
f 4275/4275/3 4274/4274/3 4292/4292/3 4293/4293/3 
f 4274/4274/3 4273/4273/3 4291/4291/3 4292/4292/3 
f 4273/4273/3 4272/4272/3 4290/4290/3 4291/4291/3 
f 4272/4272/3 4271/4271/3 4289/4289/3 4290/4290/3 
f 4271/4271/3 4270/4270/3 4288/4288/3 4289/4289/3 
f 4270/4270/3 4269/4269/3 4287/4287/3 4288/4288/3 
f 4269/4269/3 4268/4268/3 4286/4286/3 4287/4287/3 
f 4268/4268/3 4267/4267/3 4285/4285/3 4286/4286/3 
f 4267/4267/3 4266/4266/3 4284/4284/3 4285/4285/3 
f 4266/4266/3 4265/4265/3 4283/4283/3 4284/4284/3 
f 4265/4265/3 4264/4264/3 4282/4282/3 4283/4283/3 
f 3592/3592/1478 4263/4263/309 4281/4281/309 3593/3593/1477 
f 4263/4263/309 4262/4262/309 4280/4280/309 4281/4281/309 
f 4262/4262/309 4261/4261/309 4279/4279/309 4280/4280/309 
f 4261/4261/309 4260/4260/309 4278/4278/309 4279/4279/309 
f 4260/4260/309 4259/4259/309 4277/4277/309 4278/4278/309 
f 4259/4259/309 4258/4258/309 4276/4276/309 4277/4277/309 
f 4258/4258/309 4257/4257/309 4275/4275/309 4276/4276/309 
f 4257/4257/309 4256/4256/309 4274/4274/309 4275/4275/309 
f 4256/4256/309 4255/4255/309 4273/4273/309 4274/4274/309 
f 4255/4255/309 4254/4254/309 4272/4272/309 4273/4273/309 
f 4254/4254/309 4253/4253/309 4271/4271/309 4272/4272/309 
f 4253/4253/309 4252/4252/309 4270/4270/309 4271/4271/309 
f 4252/4252/309 4251/4251/309 4269/4269/309 4270/4270/309 
f 4251/4251/309 4250/4250/309 4268/4268/309 4269/4269/309 
f 4250/4250/309 4249/4249/309 4267/4267/309 4268/4268/309 
f 4249/4249/309 4248/4248/309 4266/4266/309 4267/4267/309 
f 4248/4248/309 4247/4247/309 4265/4265/309 4266/4266/309 
f 4247/4247/309 4246/4246/309 4264/4264/309 4265/4265/309 
f 3591/3591/1479 4245/4245/1175 4263/4263/1175 3592/3592/1478 
f 4245/4245/1175 4244/4244/1175 4262/4262/1175 4263/4263/1175 
f 4244/4244/1175 4243/4243/1175 4261/4261/1175 4262/4262/1175 
f 4243/4243/1175 4242/4242/1175 4260/4260/1175 4261/4261/1175 
f 4242/4242/1175 4241/4241/1175 4259/4259/1175 4260/4260/1175 
f 4241/4241/1175 4240/4240/1175 4258/4258/1175 4259/4259/1175 
f 4240/4240/1175 4239/4239/1175 4257/4257/1175 4258/4258/1175 
f 4239/4239/1175 4238/4238/1175 4256/4256/1175 4257/4257/1175 
f 4238/4238/1175 4237/4237/1175 4255/4255/1175 4256/4256/1175 
f 4237/4237/1175 4236/4236/1175 4254/4254/1175 4255/4255/1175 
f 4236/4236/1175 4235/4235/1175 4253/4253/1175 4254/4254/1175 
f 4235/4235/1175 4234/4234/1175 4252/4252/1175 4253/4253/1175 
f 4234/4234/1175 4233/4233/1175 4251/4251/1175 4252/4252/1175 
f 4233/4233/1175 4232/4232/1175 4250/4250/1175 4251/4251/1175 
f 4232/4232/1175 4231/4231/1175 4249/4249/1175 4250/4250/1175 
f 4231/4231/1175 4230/4230/1175 4248/4248/1175 4249/4249/1175 
f 4230/4230/1175 4229/4229/1175 4247/4247/1175 4248/4248/1175 
f 4229/4229/1175 4228/4228/1175 4246/4246/1175 4247/4247/1175 
f 3590/3590/1480 4227/4227/1173 4245/4245/1441 3591/3591/1479 
f 4227/4227/1173 4226/4226/1173 4244/4244/1441 4245/4245/1441 
f 4226/4226/1173 4225/4225/1173 4243/4243/1441 4244/4244/1441 
f 4225/4225/1173 4224/4224/1173 4242/4242/1174 4243/4243/1441 
f 4224/4224/1173 4223/4223/1173 4241/4241/1174 4242/4242/1174 
f 4223/4223/1173 4222/4222/1173 4240/4240/1174 4241/4241/1174 
f 4222/4222/1173 4221/4221/1173 4239/4239/1174 4240/4240/1174 
f 4221/4221/1173 4220/4220/1173 4238/4238/1174 4239/4239/1174 
f 4220/4220/1173 4219/4219/1173 4237/4237/1174 4238/4238/1174 
f 4219/4219/1173 4218/4218/1173 4236/4236/1174 4237/4237/1174 
f 4218/4218/1173 4217/4217/1173 4235/4235/1174 4236/4236/1174 
f 4217/4217/1173 4216/4216/1173 4234/4234/1174 4235/4235/1174 
f 4216/4216/1173 4215/4215/1173 4233/4233/1441 4234/4234/1174 
f 4215/4215/1173 4214/4214/1173 4232/4232/1441 4233/4233/1441 
f 4214/4214/1173 4213/4213/1173 4231/4231/1441 4232/4232/1441 
f 4213/4213/1173 4212/4212/1173 4230/4230/1441 4231/4231/1441 
f 4212/4212/1173 4211/4211/1173 4229/4229/1441 4230/4230/1441 
f 4211/4211/1173 4210/4210/1173 4228/4228/1174 4229/4229/1441 
f 3589/3589/1481 4209/4209/1172 4227/4227/1173 3590/3590/1480 
f 4209/4209/1172 4208/4208/1172 4226/4226/1173 4227/4227/1173 
f 4208/4208/1172 4207/4207/1172 4225/4225/1173 4226/4226/1173 
f 4207/4207/1172 4206/4206/1172 4224/4224/1173 4225/4225/1173 
f 4206/4206/1172 4205/4205/1172 4223/4223/1173 4224/4224/1173 
f 4205/4205/1172 4204/4204/1172 4222/4222/1173 4223/4223/1173 
f 4204/4204/1172 4203/4203/1172 4221/4221/1173 4222/4222/1173 
f 4203/4203/1172 4202/4202/1172 4220/4220/1173 4221/4221/1173 
f 4202/4202/1172 4201/4201/1172 4219/4219/1173 4220/4220/1173 
f 4201/4201/1172 4200/4200/1172 4218/4218/1173 4219/4219/1173 
f 4200/4200/1172 4199/4199/1172 4217/4217/1173 4218/4218/1173 
f 4199/4199/1172 4198/4198/1172 4216/4216/1173 4217/4217/1173 
f 4198/4198/1172 4197/4197/1172 4215/4215/1173 4216/4216/1173 
f 4197/4197/1172 4196/4196/1172 4214/4214/1173 4215/4215/1173 
f 4196/4196/1172 4195/4195/1172 4213/4213/1173 4214/4214/1173 
f 4195/4195/1172 4194/4194/1172 4212/4212/1173 4213/4213/1173 
f 4194/4194/1172 4193/4193/1172 4211/4211/1173 4212/4212/1173 
f 4193/4193/1172 4192/4192/1172 4210/4210/1173 4211/4211/1173 
f 3588/3588/1482 4191/4191/1216 4209/4209/1172 3589/3589/1481 
f 4191/4191/1216 4190/4190/1171 4208/4208/1172 4209/4209/1172 
f 4190/4190/1171 4189/4189/1171 4207/4207/1172 4208/4208/1172 
f 4189/4189/1171 4188/4188/1216 4206/4206/1172 4207/4207/1172 
f 4188/4188/1216 4187/4187/1216 4205/4205/1172 4206/4206/1172 
f 4187/4187/1216 4186/4186/1216 4204/4204/1172 4205/4205/1172 
f 4186/4186/1216 4185/4185/1171 4203/4203/1172 4204/4204/1172 
f 4185/4185/1171 4184/4184/1171 4202/4202/1172 4203/4203/1172 
f 4184/4184/1171 4183/4183/1216 4201/4201/1172 4202/4202/1172 
f 4183/4183/1216 4182/4182/1216 4200/4200/1172 4201/4201/1172 
f 4182/4182/1216 4181/4181/1216 4199/4199/1172 4200/4200/1172 
f 4181/4181/1216 4180/4180/1216 4198/4198/1172 4199/4199/1172 
f 4180/4180/1216 4179/4179/1216 4197/4197/1172 4198/4198/1172 
f 4179/4179/1216 4178/4178/1216 4196/4196/1172 4197/4197/1172 
f 4178/4178/1216 4177/4177/1216 4195/4195/1172 4196/4196/1172 
f 4177/4177/1216 4176/4176/1216 4194/4194/1172 4195/4195/1172 
f 4176/4176/1216 4175/4175/1171 4193/4193/1172 4194/4194/1172 
f 4175/4175/1171 4174/4174/1171 4192/4192/1172 4193/4193/1172 
f 3587/3587/1483 4173/4173/1170 4191/4191/1170 3588/3588/1482 
f 4173/4173/1170 4172/4172/1170 4190/4190/1170 4191/4191/1170 
f 4172/4172/1170 4171/4171/1170 4189/4189/1170 4190/4190/1170 
f 4171/4171/1170 4170/4170/1170 4188/4188/1170 4189/4189/1170 
f 4170/4170/1170 4169/4169/1170 4187/4187/1170 4188/4188/1170 
f 4169/4169/1170 4168/4168/1170 4186/4186/1170 4187/4187/1170 
f 4168/4168/1170 4167/4167/1170 4185/4185/1170 4186/4186/1170 
f 4167/4167/1170 4166/4166/1170 4184/4184/1170 4185/4185/1170 
f 4166/4166/1170 4165/4165/1170 4183/4183/1170 4184/4184/1170 
f 4165/4165/1170 4164/4164/1170 4182/4182/1170 4183/4183/1170 
f 4164/4164/1170 4163/4163/1170 4181/4181/1170 4182/4182/1170 
f 4163/4163/1170 4162/4162/1170 4180/4180/1170 4181/4181/1170 
f 4162/4162/1170 4161/4161/1170 4179/4179/1170 4180/4180/1170 
f 4161/4161/1170 4160/4160/1170 4178/4178/1170 4179/4179/1170 
f 4160/4160/1170 4159/4159/1170 4177/4177/1170 4178/4178/1170 
f 4159/4159/1170 4158/4158/1170 4176/4176/1170 4177/4177/1170 
f 4158/4158/1170 4157/4157/1170 4175/4175/1170 4176/4176/1170 
f 4157/4157/1170 4156/4156/1170 4174/4174/1170 4175/4175/1170 
f 3586/3586/1484 4155/4155/309 4173/4173/309 3587/3587/1483 
f 4155/4155/309 4154/4154/309 4172/4172/309 4173/4173/309 
f 4154/4154/309 4153/4153/309 4171/4171/309 4172/4172/309 
f 4153/4153/309 4152/4152/309 4170/4170/309 4171/4171/309 
f 4152/4152/309 4151/4151/309 4169/4169/309 4170/4170/309 
f 4151/4151/309 4150/4150/309 4168/4168/309 4169/4169/309 
f 4150/4150/309 4149/4149/309 4167/4167/309 4168/4168/309 
f 4149/4149/309 4148/4148/309 4166/4166/309 4167/4167/309 
f 4148/4148/309 4147/4147/309 4165/4165/309 4166/4166/309 
f 4147/4147/309 4146/4146/309 4164/4164/309 4165/4165/309 
f 4146/4146/309 4145/4145/309 4163/4163/309 4164/4164/309 
f 4145/4145/309 4144/4144/309 4162/4162/309 4163/4163/309 
f 4144/4144/309 4143/4143/309 4161/4161/309 4162/4162/309 
f 4143/4143/309 4142/4142/309 4160/4160/309 4161/4161/309 
f 4142/4142/309 4141/4141/309 4159/4159/309 4160/4160/309 
f 4141/4141/309 4140/4140/309 4158/4158/309 4159/4159/309 
f 4140/4140/309 4139/4139/309 4157/4157/309 4158/4158/309 
f 4139/4139/309 4138/4138/309 4156/4156/309 4157/4157/309 
f 3585/3585/1485 4137/4137/1444 4155/4155/1444 3586/3586/1484 
f 4137/4137/1444 4136/4136/1444 4154/4154/1444 4155/4155/1444 
f 4136/4136/1444 4135/4135/1444 4153/4153/1444 4154/4154/1444 
f 4135/4135/1444 4134/4134/1444 4152/4152/1444 4153/4153/1444 
f 4134/4134/1444 4133/4133/1444 4151/4151/1444 4152/4152/1444 
f 4133/4133/1444 4132/4132/1169 4150/4150/1169 4151/4151/1444 
f 4132/4132/1169 4131/4131/1169 4149/4149/1169 4150/4150/1169 
f 4131/4131/1169 4130/4130/1169 4148/4148/1169 4149/4149/1169 
f 4130/4130/1169 4129/4129/1169 4147/4147/1169 4148/4148/1169 
f 4129/4129/1169 4128/4128/1169 4146/4146/1169 4147/4147/1169 
f 4128/4128/1169 4127/4127/1169 4145/4145/1169 4146/4146/1169 
f 4127/4127/1169 4126/4126/1169 4144/4144/1169 4145/4145/1169 
f 4126/4126/1169 4125/4125/1169 4143/4143/1169 4144/4144/1169 
f 4125/4125/1169 4124/4124/1169 4142/4142/1169 4143/4143/1169 
f 4124/4124/1169 4123/4123/1169 4141/4141/1169 4142/4142/1169 
f 4123/4123/1169 4122/4122/1169 4140/4140/1169 4141/4141/1169 
f 4122/4122/1169 4121/4121/1169 4139/4139/1169 4140/4140/1169 
f 4121/4121/1169 4120/4120/1169 4138/4138/1169 4139/4139/1169 
f 3584/3584/1486 4119/4119/1168 4137/4137/1168 3585/3585/1485 
f 4119/4119/1168 4118/4118/1168 4136/4136/1168 4137/4137/1168 
f 4118/4118/1168 4117/4117/1168 4135/4135/1168 4136/4136/1168 
f 4117/4117/1168 4116/4116/1168 4134/4134/1168 4135/4135/1168 
f 4116/4116/1168 4115/4115/1168 4133/4133/1168 4134/4134/1168 
f 4115/4115/1168 4114/4114/1168 4132/4132/1168 4133/4133/1168 
f 4114/4114/1168 4113/4113/1168 4131/4131/1168 4132/4132/1168 
f 4113/4113/1168 4112/4112/1168 4130/4130/1168 4131/4131/1168 
f 4112/4112/1168 4111/4111/1168 4129/4129/1168 4130/4130/1168 
f 4111/4111/1168 4110/4110/1168 4128/4128/1168 4129/4129/1168 
f 4110/4110/1168 4109/4109/1168 4127/4127/1168 4128/4128/1168 
f 4109/4109/1168 4108/4108/1168 4126/4126/1168 4127/4127/1168 
f 4108/4108/1168 4107/4107/1168 4125/4125/1168 4126/4126/1168 
f 4107/4107/1168 4106/4106/1168 4124/4124/1168 4125/4125/1168 
f 4106/4106/1168 4105/4105/1168 4123/4123/1168 4124/4124/1168 
f 4105/4105/1168 4104/4104/1168 4122/4122/1168 4123/4123/1168 
f 4104/4104/1168 4103/4103/1168 4121/4121/1168 4122/4122/1168 
f 4103/4103/1168 4102/4102/1168 4120/4120/1168 4121/4121/1168 
f 3582/3582/5 4084/4084/3 4119/4119/3 3584/3584/1486 
f 4084/4084/3 4085/4085/3 4118/4118/3 4119/4119/3 
f 4085/4085/3 4086/4086/3 4117/4117/3 4118/4118/3 
f 4086/4086/3 4087/4087/3 4116/4116/3 4117/4117/3 
f 4087/4087/3 4088/4088/3 4115/4115/3 4116/4116/3 
f 4088/4088/3 4089/4089/3 4114/4114/3 4115/4115/3 
f 4089/4089/3 4090/4090/3 4113/4113/3 4114/4114/3 
f 4090/4090/3 4091/4091/3 4112/4112/3 4113/4113/3 
f 4091/4091/3 4092/4092/3 4111/4111/3 4112/4112/3 
f 4092/4092/3 4093/4093/3 4110/4110/3 4111/4111/3 
f 4093/4093/3 4094/4094/3 4109/4109/3 4110/4110/3 
f 4094/4094/3 4095/4095/3 4108/4108/3 4109/4109/3 
f 4095/4095/3 4096/4096/3 4107/4107/3 4108/4108/3 
f 4096/4096/3 4097/4097/3 4106/4106/3 4107/4107/3 
f 4097/4097/3 4098/4098/3 4105/4105/3 4106/4106/3 
f 4098/4098/3 4099/4099/3 4104/4104/3 4105/4105/3 
f 4099/4099/3 4100/4100/3 4103/4103/3 4104/4104/3 
f 4100/4100/3 4101/4101/3 4102/4102/3 4103/4103/3 
f 3620/3620/1487 4065/4065/12 4083/4083/1176 3609/3609/28 
f 4065/4065/12 4064/4064/1167 4082/4082/1176 4083/4083/1176 
f 4064/4064/1167 4063/4063/1167 4081/4081/12 4082/4082/1176 
f 4063/4063/1167 4062/4062/1167 4080/4080/12 4081/4081/12 
f 4062/4062/1167 4061/4061/1167 4079/4079/12 4080/4080/12 
f 4061/4061/1167 4060/4060/1167 4078/4078/12 4079/4079/12 
f 4060/4060/1167 4059/4059/1167 4077/4077/12 4078/4078/12 
f 4059/4059/1167 4058/4058/1167 4076/4076/12 4077/4077/12 
f 4058/4058/1167 4057/4057/1167 4075/4075/12 4076/4076/12 
f 4057/4057/1167 4056/4056/1167 4074/4074/12 4075/4075/12 
f 4056/4056/1167 4055/4055/1167 4073/4073/12 4074/4074/12 
f 4055/4055/1167 4054/4054/1167 4072/4072/12 4073/4073/12 
f 4054/4054/1167 4053/4053/1167 4071/4071/12 4072/4072/12 
f 4053/4053/1167 4052/4052/1167 4070/4070/12 4071/4071/12 
f 4052/4052/1167 4051/4051/1167 4069/4069/12 4070/4070/12 
f 4051/4051/1167 4050/4050/1167 4068/4068/12 4069/4069/12 
f 4050/4050/1167 4049/4049/1167 4067/4067/12 4068/4068/12 
f 4049/4049/1167 4048/4048/1167 4066/4066/12 4067/4067/12 
f 3619/3619/1488 4047/4047/309 4065/4065/309 3620/3620/1487 
f 4047/4047/309 4046/4046/309 4064/4064/309 4065/4065/309 
f 4046/4046/309 4045/4045/309 4063/4063/309 4064/4064/309 
f 4045/4045/309 4044/4044/309 4062/4062/309 4063/4063/309 
f 4044/4044/309 4043/4043/309 4061/4061/309 4062/4062/309 
f 4043/4043/309 4042/4042/309 4060/4060/309 4061/4061/309 
f 4042/4042/309 4041/4041/309 4059/4059/309 4060/4060/309 
f 4041/4041/309 4040/4040/309 4058/4058/309 4059/4059/309 
f 4040/4040/309 4039/4039/309 4057/4057/309 4058/4058/309 
f 4039/4039/309 4038/4038/309 4056/4056/309 4057/4057/309 
f 4038/4038/309 4037/4037/309 4055/4055/309 4056/4056/309 
f 4037/4037/309 4036/4036/309 4054/4054/309 4055/4055/309 
f 4036/4036/309 4035/4035/309 4053/4053/309 4054/4054/309 
f 4035/4035/309 4034/4034/309 4052/4052/309 4053/4053/309 
f 4034/4034/309 4033/4033/309 4051/4051/309 4052/4052/309 
f 4033/4033/309 4032/4032/309 4050/4050/309 4051/4051/309 
f 4032/4032/309 4031/4031/309 4049/4049/309 4050/4050/309 
f 4031/4031/309 4030/4030/309 4048/4048/309 4049/4049/309 
f 3618/3618/1489 4029/4029/12 4047/4047/12 3619/3619/1488 
f 4029/4029/12 4028/4028/12 4046/4046/12 4047/4047/12 
f 4028/4028/12 4027/4027/12 4045/4045/12 4046/4046/12 
f 4027/4027/12 4026/4026/12 4044/4044/12 4045/4045/12 
f 4026/4026/12 4025/4025/12 4043/4043/12 4044/4044/12 
f 4025/4025/12 4024/4024/12 4042/4042/12 4043/4043/12 
f 4024/4024/12 4023/4023/12 4041/4041/12 4042/4042/12 
f 4023/4023/12 4022/4022/12 4040/4040/12 4041/4041/12 
f 4022/4022/12 4021/4021/12 4039/4039/12 4040/4040/12 
f 4021/4021/12 4020/4020/12 4038/4038/12 4039/4039/12 
f 4020/4020/12 4019/4019/12 4037/4037/12 4038/4038/12 
f 4019/4019/12 4018/4018/12 4036/4036/12 4037/4037/12 
f 4018/4018/12 4017/4017/12 4035/4035/12 4036/4036/12 
f 4017/4017/12 4016/4016/12 4034/4034/12 4035/4035/12 
f 4016/4016/12 4015/4015/12 4033/4033/12 4034/4034/12 
f 4015/4015/12 4014/4014/12 4032/4032/12 4033/4033/12 
f 4014/4014/12 4013/4013/12 4031/4031/12 4032/4032/12 
f 4013/4013/12 4012/4012/12 4030/4030/12 4031/4031/12 
f 3617/3617/1490 4011/4011/1166 4029/4029/1166 3618/3618/1489 
f 4011/4011/1166 4010/4010/1166 4028/4028/1166 4029/4029/1166 
f 4010/4010/1166 4009/4009/1166 4027/4027/1166 4028/4028/1166 
f 4009/4009/1166 4008/4008/1166 4026/4026/1166 4027/4027/1166 
f 4008/4008/1166 4007/4007/1166 4025/4025/1166 4026/4026/1166 
f 4007/4007/1166 4006/4006/1166 4024/4024/1166 4025/4025/1166 
f 4006/4006/1166 4005/4005/1166 4023/4023/1166 4024/4024/1166 
f 4005/4005/1166 4004/4004/1166 4022/4022/1166 4023/4023/1166 
f 4004/4004/1166 4003/4003/1166 4021/4021/1166 4022/4022/1166 
f 4003/4003/1166 4002/4002/1166 4020/4020/1166 4021/4021/1166 
f 4002/4002/1166 4001/4001/1166 4019/4019/1166 4020/4020/1166 
f 4001/4001/1166 4000/4000/1166 4018/4018/1166 4019/4019/1166 
f 4000/4000/1166 3999/3999/1166 4017/4017/1166 4018/4018/1166 
f 3999/3999/1166 3998/3998/1166 4016/4016/1166 4017/4017/1166 
f 3998/3998/1166 3997/3997/1166 4015/4015/1166 4016/4016/1166 
f 3997/3997/1166 3996/3996/1166 4014/4014/1166 4015/4015/1166 
f 3996/3996/1166 3995/3995/1166 4013/4013/1166 4014/4014/1166 
f 3995/3995/1166 3994/3994/1166 4012/4012/1166 4013/4013/1166 
f 3616/3616/1491 3993/3993/1164 4011/4011/1492 3617/3617/1490 
f 3993/3993/1164 3992/3992/1164 4010/4010/1492 4011/4011/1492 
f 3992/3992/1164 3991/3991/1164 4009/4009/1165 4010/4010/1492 
f 3991/3991/1164 3990/3990/1164 4008/4008/1165 4009/4009/1165 
f 3990/3990/1164 3989/3989/1164 4007/4007/1165 4008/4008/1165 
f 3989/3989/1164 3988/3988/1164 4006/4006/1165 4007/4007/1165 
f 3988/3988/1164 3987/3987/1164 4005/4005/1165 4006/4006/1165 
f 3987/3987/1164 3986/3986/1164 4004/4004/1165 4005/4005/1165 
f 3986/3986/1164 3985/3985/1164 4003/4003/1165 4004/4004/1165 
f 3985/3985/1164 3984/3984/1164 4002/4002/1165 4003/4003/1165 
f 3984/3984/1164 3983/3983/1164 4001/4001/1165 4002/4002/1165 
f 3983/3983/1164 3982/3982/1164 4000/4000/1165 4001/4001/1165 
f 3982/3982/1164 3981/3981/1164 3999/3999/1165 4000/4000/1165 
f 3981/3981/1164 3980/3980/1164 3998/3998/1165 3999/3999/1165 
f 3980/3980/1164 3979/3979/1164 3997/3997/1165 3998/3998/1165 
f 3979/3979/1164 3978/3978/1164 3996/3996/1165 3997/3997/1165 
f 3978/3978/1164 3977/3977/1164 3995/3995/1165 3996/3996/1165 
f 3977/3977/1164 3976/3976/1164 3994/3994/1165 3995/3995/1165 
f 3615/3615/1493 3975/3975/1494 3993/3993/1164 3616/3616/1491 
f 3975/3975/1494 3974/3974/1494 3992/3992/1164 3993/3993/1164 
f 3974/3974/1494 3973/3973/1163 3991/3991/1164 3992/3992/1164 
f 3973/3973/1163 3972/3972/1163 3990/3990/1164 3991/3991/1164 
f 3972/3972/1163 3971/3971/1163 3989/3989/1164 3990/3990/1164 
f 3971/3971/1163 3970/3970/1163 3988/3988/1164 3989/3989/1164 
f 3970/3970/1163 3969/3969/1163 3987/3987/1164 3988/3988/1164 
f 3969/3969/1163 3968/3968/1163 3986/3986/1164 3987/3987/1164 
f 3968/3968/1163 3967/3967/1163 3985/3985/1164 3986/3986/1164 
f 3967/3967/1163 3966/3966/1163 3984/3984/1164 3985/3985/1164 
f 3966/3966/1163 3965/3965/1163 3983/3983/1164 3984/3984/1164 
f 3965/3965/1163 3964/3964/1163 3982/3982/1164 3983/3983/1164 
f 3964/3964/1163 3963/3963/1163 3981/3981/1164 3982/3982/1164 
f 3963/3963/1163 3962/3962/1163 3980/3980/1164 3981/3981/1164 
f 3962/3962/1163 3961/3961/1163 3979/3979/1164 3980/3980/1164 
f 3961/3961/1163 3960/3960/1163 3978/3978/1164 3979/3979/1164 
f 3960/3960/1163 3959/3959/1163 3977/3977/1164 3978/3978/1164 
f 3959/3959/1163 3958/3958/1163 3976/3976/1164 3977/3977/1164 
f 3614/3614/1495 3957/3957/1162 3975/3975/1494 3615/3615/1493 
f 3957/3957/1162 3956/3956/1162 3974/3974/1494 3975/3975/1494 
f 3956/3956/1162 3955/3955/1161 3973/3973/1163 3974/3974/1494 
f 3955/3955/1161 3954/3954/1161 3972/3972/1163 3973/3973/1163 
f 3954/3954/1161 3953/3953/1161 3971/3971/1163 3972/3972/1163 
f 3953/3953/1161 3952/3952/1162 3970/3970/1163 3971/3971/1163 
f 3952/3952/1162 3951/3951/1161 3969/3969/1163 3970/3970/1163 
f 3951/3951/1161 3950/3950/1161 3968/3968/1163 3969/3969/1163 
f 3950/3950/1161 3949/3949/1161 3967/3967/1163 3968/3968/1163 
f 3949/3949/1161 3948/3948/1161 3966/3966/1163 3967/3967/1163 
f 3948/3948/1161 3947/3947/1161 3965/3965/1163 3966/3966/1163 
f 3947/3947/1161 3946/3946/1161 3964/3964/1163 3965/3965/1163 
f 3946/3946/1161 3945/3945/1162 3963/3963/1163 3964/3964/1163 
f 3945/3945/1162 3944/3944/1162 3962/3962/1163 3963/3963/1163 
f 3944/3944/1162 3943/3943/1162 3961/3961/1163 3962/3962/1163 
f 3943/3943/1162 3942/3942/1161 3960/3960/1163 3961/3961/1163 
f 3942/3942/1161 3941/3941/1161 3959/3959/1163 3960/3960/1163 
f 3941/3941/1161 3940/3940/1161 3958/3958/1163 3959/3959/1163 
f 3613/3613/1496 3939/3939/1160 3957/3957/1160 3614/3614/1495 
f 3939/3939/1160 3938/3938/1160 3956/3956/1160 3957/3957/1160 
f 3938/3938/1160 3937/3937/1160 3955/3955/1160 3956/3956/1160 
f 3937/3937/1160 3936/3936/1160 3954/3954/1160 3955/3955/1160 
f 3936/3936/1160 3935/3935/1160 3953/3953/1160 3954/3954/1160 
f 3935/3935/1160 3934/3934/1160 3952/3952/1160 3953/3953/1160 
f 3934/3934/1160 3933/3933/1160 3951/3951/1160 3952/3952/1160 
f 3933/3933/1160 3932/3932/1160 3950/3950/1160 3951/3951/1160 
f 3932/3932/1160 3931/3931/1160 3949/3949/1160 3950/3950/1160 
f 3931/3931/1160 3930/3930/1160 3948/3948/1160 3949/3949/1160 
f 3930/3930/1160 3929/3929/1160 3947/3947/1160 3948/3948/1160 
f 3929/3929/1160 3928/3928/1160 3946/3946/1160 3947/3947/1160 
f 3928/3928/1160 3927/3927/1160 3945/3945/1160 3946/3946/1160 
f 3927/3927/1160 3926/3926/1160 3944/3944/1160 3945/3945/1160 
f 3926/3926/1160 3925/3925/1160 3943/3943/1160 3944/3944/1160 
f 3925/3925/1160 3924/3924/1160 3942/3942/1160 3943/3943/1160 
f 3924/3924/1160 3923/3923/1160 3941/3941/1160 3942/3942/1160 
f 3923/3923/1160 3922/3922/1160 3940/3940/1160 3941/3941/1160 
f 3612/3612/1497 3921/3921/12 3939/3939/12 3613/3613/1496 
f 3921/3921/12 3920/3920/12 3938/3938/12 3939/3939/12 
f 3920/3920/12 3919/3919/12 3937/3937/12 3938/3938/12 
f 3919/3919/12 3918/3918/12 3936/3936/12 3937/3937/12 
f 3918/3918/12 3917/3917/12 3935/3935/12 3936/3936/12 
f 3917/3917/12 3916/3916/12 3934/3934/12 3935/3935/12 
f 3916/3916/12 3915/3915/12 3933/3933/12 3934/3934/12 
f 3915/3915/12 3914/3914/12 3932/3932/12 3933/3933/12 
f 3914/3914/12 3913/3913/12 3931/3931/12 3932/3932/12 
f 3913/3913/12 3912/3912/12 3930/3930/12 3931/3931/12 
f 3912/3912/12 3911/3911/12 3929/3929/12 3930/3930/12 
f 3911/3911/12 3910/3910/12 3928/3928/12 3929/3929/12 
f 3910/3910/12 3909/3909/12 3927/3927/12 3928/3928/12 
f 3909/3909/12 3908/3908/12 3926/3926/12 3927/3927/12 
f 3908/3908/12 3907/3907/12 3925/3925/12 3926/3926/12 
f 3907/3907/12 3906/3906/12 3924/3924/12 3925/3925/12 
f 3906/3906/12 3905/3905/12 3923/3923/12 3924/3924/12 
f 3905/3905/12 3904/3904/12 3922/3922/12 3923/3923/12 
f 3611/3611/1498 3903/3903/1159 3921/3921/1159 3612/3612/1497 
f 3903/3903/1159 3902/3902/1159 3920/3920/1159 3921/3921/1159 
f 3902/3902/1159 3901/3901/1159 3919/3919/1159 3920/3920/1159 
f 3901/3901/1159 3900/3900/1159 3918/3918/1159 3919/3919/1159 
f 3900/3900/1159 3899/3899/1159 3917/3917/1159 3918/3918/1159 
f 3899/3899/1159 3898/3898/1159 3916/3916/1159 3917/3917/1159 
f 3898/3898/1159 3897/3897/1159 3915/3915/1159 3916/3916/1159 
f 3897/3897/1159 3896/3896/1159 3914/3914/1159 3915/3915/1159 
f 3896/3896/1159 3895/3895/1159 3913/3913/1159 3914/3914/1159 
f 3895/3895/1159 3894/3894/1159 3912/3912/1159 3913/3913/1159 
f 3894/3894/1159 3893/3893/1159 3911/3911/1159 3912/3912/1159 
f 3893/3893/1159 3892/3892/1159 3910/3910/1159 3911/3911/1159 
f 3892/3892/1159 3891/3891/1159 3909/3909/1159 3910/3910/1159 
f 3891/3891/1159 3890/3890/1159 3908/3908/1159 3909/3909/1159 
f 3890/3890/1159 3889/3889/1159 3907/3907/1159 3908/3908/1159 
f 3889/3889/1159 3888/3888/1159 3906/3906/1159 3907/3907/1159 
f 3888/3888/1159 3887/3887/1159 3905/3905/1159 3906/3906/1159 
f 3887/3887/1159 3886/3886/1159 3904/3904/1159 3905/3905/1159 
f 3610/3610/1499 3885/3885/1158 3903/3903/1158 3611/3611/1498 
f 3885/3885/1158 3884/3884/1158 3902/3902/1158 3903/3903/1158 
f 3884/3884/1158 3883/3883/1158 3901/3901/1158 3902/3902/1158 
f 3883/3883/1158 3882/3882/1158 3900/3900/1158 3901/3901/1158 
f 3882/3882/1158 3881/3881/1158 3899/3899/1158 3900/3900/1158 
f 3881/3881/1158 3880/3880/1158 3898/3898/1158 3899/3899/1158 
f 3880/3880/1158 3879/3879/1158 3897/3897/1158 3898/3898/1158 
f 3879/3879/1158 3878/3878/1158 3896/3896/1158 3897/3897/1158 
f 3878/3878/1158 3877/3877/1158 3895/3895/1158 3896/3896/1158 
f 3877/3877/1158 3876/3876/1158 3894/3894/1158 3895/3895/1158 
f 3876/3876/1158 3875/3875/1158 3893/3893/1158 3894/3894/1158 
f 3875/3875/1158 3874/3874/1158 3892/3892/1158 3893/3893/1158 
f 3874/3874/1158 3873/3873/1158 3891/3891/1158 3892/3892/1158 
f 3873/3873/1158 3872/3872/1158 3890/3890/1158 3891/3891/1158 
f 3872/3872/1158 3871/3871/1158 3889/3889/1158 3890/3890/1158 
f 3871/3871/1158 3870/3870/1158 3888/3888/1158 3889/3889/1158 
f 3870/3870/1158 3869/3869/1500 3887/3887/1500 3888/3888/1158 
f 3869/3869/1500 3868/3868/1158 3886/3886/1158 3887/3887/1500 
f 3608/3608/1318 3850/3850/309 3885/3885/309 3610/3610/1499 
f 3850/3850/309 3851/3851/309 3884/3884/309 3885/3885/309 
f 3851/3851/309 3852/3852/309 3883/3883/309 3884/3884/309 
f 3852/3852/309 3853/3853/309 3882/3882/309 3883/3883/309 
f 3853/3853/309 3854/3854/309 3881/3881/309 3882/3882/309 
f 3854/3854/309 3855/3855/309 3880/3880/309 3881/3881/309 
f 3855/3855/309 3856/3856/309 3879/3879/309 3880/3880/309 
f 3856/3856/309 3857/3857/309 3878/3878/309 3879/3879/309 
f 3857/3857/309 3858/3858/309 3877/3877/309 3878/3878/309 
f 3858/3858/309 3859/3859/309 3876/3876/309 3877/3877/309 
f 3859/3859/309 3860/3860/309 3875/3875/309 3876/3876/309 
f 3860/3860/309 3861/3861/309 3874/3874/309 3875/3875/309 
f 3861/3861/309 3862/3862/309 3873/3873/309 3874/3874/309 
f 3862/3862/309 3863/3863/309 3872/3872/309 3873/3873/309 
f 3863/3863/309 3864/3864/309 3871/3871/309 3872/3872/309 
f 3864/3864/309 3865/3865/309 3870/3870/309 3871/3871/309 
f 3865/3865/309 3866/3866/309 3869/3869/309 3870/3870/309 
f 3866/3866/309 3867/3867/309 3868/3868/309 3869/3869/309 
f 3622/6072/1477 3562/6416/1177 3832/6432/309 4336/4336/309 
f 4336/4336/309 3832/6432/309 3833/6475/309 4337/4337/309 
f 4337/4337/309 3833/6475/309 3834/6474/309 4338/4338/309 
f 4338/4338/309 3834/6474/309 3835/6473/309 4339/4339/309 
f 4339/4339/309 3835/6473/309 3836/6472/309 4340/4340/309 
f 4340/4340/309 3836/6472/309 3837/6471/309 4341/4341/309 
f 4341/4341/309 3837/6471/309 3838/6470/309 4342/4342/309 
f 4342/4342/309 3838/6470/309 3839/6286/309 4343/4343/309 
f 4343/4343/309 3839/6286/309 3840/6191/309 4344/4344/309 
f 4344/4344/309 3840/6191/309 3841/6469/309 4345/4345/309 
f 4345/4345/309 3841/6469/309 3842/6468/309 4346/4346/309 
f 4346/4346/309 3842/6468/309 3843/6467/309 4347/4347/309 
f 4347/4347/309 3843/6467/309 3844/6465/309 4348/4348/309 
f 4348/4348/309 3844/6465/309 3845/6464/309 4349/4349/309 
f 4349/4349/309 3845/6464/309 3846/6463/309 4350/4350/309 
f 4350/4350/309 3846/6463/309 3847/6257/309 4351/4351/309 
f 4351/4351/309 3847/6257/309 3848/6462/309 4352/4352/309 
f 4352/4352/309 3848/6462/309 3849/3849/309 4353/4353/309 
f 3561/6440/1440 3814/6283/3 4084/4084/3 3582/3582/5 
f 3814/6283/3 3815/6269/3 4085/4085/3 4084/4084/3 
f 3815/6269/3 3816/6397/3 4086/4086/3 4085/4085/3 
f 3816/6397/3 3817/6425/3 4087/4087/3 4086/4086/3 
f 3817/6425/3 3818/6404/3 4088/4088/3 4087/4087/3 
f 3818/6404/3 3819/6441/3 4089/4089/3 4088/4088/3 
f 3819/6441/3 3820/6196/3 4090/4090/3 4089/4089/3 
f 3820/6196/3 3821/6351/3 4091/4091/3 4090/4090/3 
f 3821/6351/3 3822/6349/3 4092/4092/3 4091/4091/3 
f 3822/6349/3 3823/6298/3 4093/4093/3 4092/4092/3 
f 3823/6298/3 3824/6442/3 4094/4094/3 4093/4093/3 
f 3824/6442/3 3825/6082/3 4095/4095/3 4094/4094/3 
f 3825/6082/3 3826/6443/3 4096/4096/3 4095/4095/3 
f 3826/6443/3 3827/6377/3 4097/4097/3 4096/4096/3 
f 3827/6377/3 3828/6444/3 4098/4098/3 4097/4097/3 
f 3828/6444/3 3829/6206/3 4099/4099/3 4098/4098/3 
f 3829/6206/3 3830/6255/3 4100/4100/3 4099/4099/3 
f 3830/6255/3 3831/3831/3 4101/4101/3 4100/4100/3 
f 3608/3608/1318 3565/3565/1318 3778/3778/309 3850/3850/309 
f 3850/3850/309 3778/3778/309 3779/3779/309 3851/3851/309 
f 3851/3851/309 3779/3779/309 3780/3780/309 3852/3852/309 
f 3852/3852/309 3780/3780/309 3781/3781/309 3853/3853/309 
f 3853/3853/309 3781/3781/309 3782/3782/309 3854/3854/309 
f 3854/3854/309 3782/3782/309 3783/3783/309 3855/3855/309 
f 3855/3855/309 3783/3783/309 3784/3784/309 3856/3856/309 
f 3856/3856/309 3784/3784/309 3785/3785/309 3857/3857/309 
f 3857/3857/309 3785/3785/309 3786/3786/309 3858/3858/309 
f 3858/3858/309 3786/3786/309 3787/3787/309 3859/3859/309 
f 3859/3859/309 3787/3787/309 3788/3788/309 3860/3860/309 
f 3860/3860/309 3788/3788/309 3789/3789/309 3861/3861/309 
f 3861/3861/309 3789/3789/309 3790/3790/309 3862/3862/309 
f 3862/3862/309 3790/3790/309 3791/3791/309 3863/3863/309 
f 3863/3863/309 3791/3791/309 3792/3792/309 3864/3864/309 
f 3864/3864/309 3792/3792/309 3793/3793/309 3865/3865/309 
f 3865/3865/309 3793/3793/309 3794/3794/309 3866/3866/309 
f 3866/3866/309 3794/3794/309 3795/3795/309 3867/3867/309 
f 3566/3566/1318 3583/3583/1318 4317/4317/309 3813/3813/309 
f 3813/3813/309 4317/4317/309 4316/4316/309 3812/3812/309 
f 3812/3812/309 4316/4316/309 4315/4315/309 3811/3811/309 
f 3811/3811/309 4315/4315/309 4314/4314/309 3810/3810/309 
f 3810/3810/309 4314/4314/309 4313/4313/309 3809/3809/309 
f 3809/3809/309 4313/4313/309 4312/4312/309 3808/3808/309 
f 3808/3808/309 4312/4312/309 4311/4311/309 3807/3807/309 
f 3807/3807/309 4311/4311/309 4310/4310/309 3806/3806/309 
f 3806/3806/309 4310/4310/309 4309/4309/309 3805/3805/309 
f 3805/3805/309 4309/4309/309 4308/4308/309 3804/3804/309 
f 3804/3804/309 4308/4308/309 4307/4307/309 3803/3803/309 
f 3803/3803/309 4307/4307/309 4306/4306/309 3802/3802/309 
f 3802/3802/309 4306/4306/309 4305/4305/309 3801/3801/309 
f 3801/3801/309 4305/4305/309 4304/4304/309 3800/3800/309 
f 3800/3800/309 4304/4304/309 4303/4303/309 3799/3799/309 
f 3799/3799/309 4303/4303/309 4302/4302/309 3798/3798/309 
f 3798/3798/309 4302/4302/309 4301/4301/309 3797/3797/309 
f 3797/3797/309 4301/4301/309 4300/4300/309 3796/3796/309 
f 5636/5636/1501 5640/5640/1502 5641/5641/1501 5639/5639/1502 
f 5639/5639/1503 5641/5641/1504 5644/5644/1505 5643/5643/1506 
f 5637/5637/1507 5643/5643/1506 5644/5644/1505 5642/5642/1508 
f 5642/5642/1508 5644/5644/1505 5647/5647/1509 5646/5646/1510 
f 5638/5638/1511 5646/5646/1511 5647/5647/1511 5645/5645/1511 
f 5641/5641/1504 5647/5647/1512 5644/5644/1505 
f 5660/5660/1513 5663/5663/1514 5667/5667/1515 5661/5661/1516 
f 5648/5648/1517 5652/5652/1518 5653/5653/1519 5651/5651/1520 
f 5651/5651/1520 5653/5653/1519 5656/5656/1521 5655/5655/1522 
f 5649/5649/1523 5655/5655/1522 5656/5656/1521 5654/5654/1524 
f 5654/5654/1524 5656/5656/1521 5659/5659/1525 5658/5658/1526 
f 5650/6466/1527 5658/5658/1526 5659/5659/1525 5657/5657/1528 
f 5657/5657/1528 5659/5659/1525 5653/5653/1519 5652/5652/1518 
f 5653/5653/1519 5659/5659/1525 5656/5656/1521 
f 5636/5636/1529 5639/5639/1503 5643/5643/1506 5637/5637/1507 
f 5660/5660/1513 5664/5664/1530 5665/5665/1531 5663/5663/1514 
f 5663/5663/1514 5665/5665/1531 5668/5668/1532 5667/5667/1515 
f 5661/5661/1516 5667/5667/1515 5668/5668/1532 5666/5666/1533 
f 5666/5666/1533 5668/5668/1532 5671/5671/1534 5670/5670/1535 
f 5662/5662/1536 5670/5670/1535 5671/5671/1534 5669/5669/1537 
f 5669/5669/1537 5671/5671/1534 5665/5665/1531 5664/5664/1530 
f 5665/5665/1531 5671/5671/1534 5668/5668/1532 
f 5648/5648/1517 5651/5651/1520 5655/5655/1522 5649/5649/1523 
f 4336/6476/3 4426/4426/1202 3629/3629/1185 3622/3622/1477 
f 4337/6477/3 4427/4427/1202 4426/4426/1202 4336/6476/3 
f 4338/6478/3 4428/4428/1202 4427/4427/1202 4337/6477/3 
f 4428/4428/1202 4338/6478/3 4339/6170/3 4429/4429/1202 
f 4339/6170/3 4340/6479/3 4430/4430/1202 4429/4429/1202 
f 4430/4430/1202 4340/6479/3 4341/6427/3 4431/4431/1202 
f 4342/6480/3 4432/4432/1202 4431/4431/1202 4341/6427/3 
f 4343/6409/3 4433/4433/1202 4432/4432/1202 4342/6480/3 
f 4344/6317/3 4434/4434/1202 4433/4433/1202 4343/6409/3 
f 4345/6223/3 4435/4435/1202 4434/4434/1202 4344/6317/3 
f 4346/6481/3 4436/4436/1202 4435/4435/1202 4345/6223/3 
f 4347/6076/3 4437/4437/1202 4436/4436/1202 4346/6481/3 
f 4348/6417/3 4438/4438/1202 4437/4437/1202 4347/6076/3 
f 4349/6174/3 4439/4439/1202 4438/4438/1202 4348/6417/3 
f 4350/6346/3 4440/4440/1202 4439/4439/1202 4349/6174/3 
f 4351/6390/3 4441/4441/1202 4440/4440/1202 4350/6346/3 
f 4352/6068/3 4442/4442/1202 4441/4441/1202 4351/6390/3 
f 4353/6324/3 4443/4443/1202 4442/4442/1202 4352/6068/3 
f 3623/3623/3 3634/3634/1203 4443/4443/1202 4353/6324/3 
f 5672/5672/1538 5675/5675/1391 5677/5677/1539 5676/5676/1540 
f 5675/5675/1391 5679/5679/1390 5680/5680/1541 5677/5677/1539 
f 5673/5673/1389 5678/5678/1542 5680/5680/1541 5679/5679/1390 
f 5678/5678/1542 5682/5682/1543 5683/5683/1544 5680/5680/1541 
f 5674/5674/1545 5681/5681/1546 5683/5683/1544 5682/5682/1543 
f 5681/5681/1546 5676/5676/1540 5677/5677/1539 5683/5683/1544 
f 5677/5677/1539 5680/5680/1541 5683/5683/1544 
f 5698/5698/1547 5707/5707/1548 5703/5703/1549 5697/5697/1550 
f 5684/5684/1551 5687/5687/1552 5689/5689/1553 5688/5688/1554 
f 5687/5687/1552 5691/5691/1555 5692/5692/1556 5689/5689/1553 
f 5685/5685/1557 5690/5690/1558 5692/5692/1556 5691/5691/1555 
f 5690/5690/1558 5694/5694/1559 5695/5695/1560 5692/5692/1556 
f 5686/5686/1561 5693/5693/1562 5695/5695/1560 5694/5694/1559 
f 5693/5693/1562 5688/5688/1554 5689/5689/1553 5695/5695/1560 
f 5689/5689/1553 5692/5692/1556 5695/5695/1560 
f 5685/5685/1557 5691/5691/1555 5687/5687/1552 5684/5684/1551 
f 5696/5696/1563 5700/5700/1564 5702/5702/1565 5701/5701/1566 
f 5700/5700/1564 5704/5704/1567 5705/5705/1568 5702/5702/1565 
f 5697/5697/1550 5703/5703/1549 5705/5705/1568 5704/5704/1567 
f 5703/5703/1549 5707/5707/1548 5708/5708/1569 5705/5705/1568 
f 5698/5698/1547 5706/5706/1570 5708/5708/1569 5707/5707/1548 
f 5706/5706/1570 5710/5710/1571 5711/5711/1572 5708/5708/1569 
f 5699/5699/1573 5709/5709/1574 5711/5711/1572 5710/5710/1571 
f 5709/5709/1574 5701/5701/1566 5702/5702/1565 5711/5711/1572 
f 5702/5702/1565 5705/5705/1568 5708/5708/1569 5711/5711/1572 
f 5697/5697/1550 5704/5704/1567 5700/5700/1564 5696/5696/1563 
f 5712/5712/1575 5716/5716/1407 5718/5718/1576 5717/5717/1577 
f 5716/5716/1407 5720/5720/1406 5721/5721/1578 5718/5718/1576 
f 5713/5713/1405 5719/5719/1579 5721/5721/1578 5720/5720/1406 
f 5719/5719/1579 5723/5723/1580 5724/5724/1581 5721/5721/1578 
f 5714/5714/1409 5722/5722/1412 5724/5724/1581 5723/5723/1580 
f 5722/5722/1412 5726/5726/1411 5727/5727/1582 5724/5724/1581 
f 5715/5715/1410 5725/5725/1583 5727/5727/1582 5726/5726/1411 
f 5725/5725/1583 5717/5717/1577 5718/5718/1576 5727/5727/1582 
f 5718/5718/1576 5721/5721/1578 5724/5724/1581 5727/5727/1582 
f 5713/5713/1405 5714/5714/1409 5723/5723/1580 5719/5719/1579 
f 5761/5761/1584 5762/5762/1585 5770/5770/1586 5766/5766/1587 
f 5732/5732/1378 5736/5736/1377 5738/5738/1588 5737/5737/1589 
f 5736/5736/1377 5740/5740/1376 5741/5741/1590 5738/5738/1588 
f 5733/5733/1375 5739/5739/1591 5741/5741/1590 5740/5740/1376 
f 5739/5739/1591 5743/5743/1592 5744/5744/1593 5741/5741/1590 
f 5734/5734/1594 5742/5742/1595 5744/5744/1593 5743/5743/1592 
f 5742/5742/1595 5746/5746/1596 5747/5747/1597 5744/5744/1593 
f 5735/5735/1598 5745/5745/1599 5747/5747/1597 5746/5746/1596 
f 5745/5745/1599 5737/5737/1589 5738/5738/1588 5747/5747/1597 
f 5738/5738/1588 5741/5741/1590 5744/5744/1593 5747/5747/1597 
f 5733/5733/1375 5734/5734/1594 5743/5743/1592 5739/5739/1591 
f 5748/5748/1600 5751/5751/1600 5753/5753/1600 5752/5752/1600 
f 5751/5751/1601 5755/5755/1602 5756/5756/1603 5753/5753/1604 
f 5749/5749/1605 5754/5754/1606 5756/5756/1603 5755/5755/1602 
f 5754/5754/1606 5758/5758/1607 5759/5759/1608 5756/5756/1603 
f 5750/5750/1609 5757/5757/1610 5759/5759/1608 5758/5758/1607 
f 5757/5757/1611 5752/5752/1611 5753/5753/1611 5759/5759/1611 
f 5753/5753/1604 5756/5756/1603 5759/5759/1608 
f 5748/5748/1612 5749/5749/1605 5755/5755/1602 5751/5751/1601 
f 5760/5760/1613 5763/5763/1614 5765/5765/1615 5764/5764/1616 
f 5763/5763/1614 5767/5767/1617 5768/5768/1618 5765/5765/1615 
f 5761/5761/1584 5766/5766/1587 5768/5768/1618 5767/5767/1617 
f 5766/5766/1587 5770/5770/1586 5771/5771/1619 5768/5768/1618 
f 5762/5762/1585 5769/5769/1620 5771/5771/1619 5770/5770/1586 
f 5769/5769/1620 5764/5764/1616 5765/5765/1615 5771/5771/1619 
f 5765/5765/1615 5768/5768/1618 5771/5771/1619 
f 5761/5761/1584 5767/5767/1617 5763/5763/1614 5760/5760/1613 
f 5772/5772/1621 5775/5775/1622 5777/5777/1623 5776/5776/1624 
f 5775/5775/1622 5779/5779/1625 5780/5780/1626 5777/5777/1623 
f 5773/5773/1345 5778/5778/1348 5780/5780/1626 5779/5779/1625 
f 5778/5778/1348 5782/5782/1347 5783/5783/1627 5780/5780/1626 
f 5774/5774/1346 5781/5781/1628 5783/5783/1627 5782/5782/1347 
f 5781/5781/1628 5776/5776/1624 5777/5777/1623 5783/5783/1627 
f 5777/5777/1623 5780/5780/1626 5783/5783/1627 
f 5772/5772/1621 5773/5773/1345 5779/5779/1625 5775/5775/1622 
f 5784/5784/1629 5787/5787/1630 5789/5789/1631 5788/5788/1632 
f 5787/5787/1630 5791/5791/1633 5792/5792/1634 5789/5789/1631 
f 5785/5785/1322 5790/5790/1325 5792/5792/1634 5791/5791/1633 
f 5790/5790/1325 5794/5794/1324 5795/5795/1635 5792/5792/1634 
f 5786/5786/1323 5793/5793/1636 5795/5795/1635 5794/5794/1324 
f 5793/5793/1636 5788/5788/1632 5789/5789/1631 5795/5795/1635 
f 5789/5789/1631 5792/5792/1634 5795/5795/1635 
f 5784/5784/1629 5785/5785/1322 5791/5791/1633 5787/5787/1630 
f 5796/5796/1284 5800/5800/1283 5802/5802/1637 5801/5801/1638 
f 5800/5800/1283 5804/5804/1282 5805/5805/1639 5802/5802/1637 
f 5797/5797/1281 5803/5803/1640 5805/5805/1639 5804/5804/1282 
f 5803/5803/1640 5807/5807/1641 5808/5808/1642 5805/5805/1639 
f 5798/5798/1297 5806/5806/1300 5808/5808/1642 5807/5807/1641 
f 5806/5806/1300 5810/5810/1299 5811/5811/1643 5808/5808/1642 
f 5799/5799/1298 5809/5809/1644 5811/5811/1643 5810/5810/1299 
f 5809/5809/1644 5801/5801/1638 5802/5802/1637 5811/5811/1643 
f 5802/5802/1637 5805/5805/1639 5808/5808/1642 5811/5811/1643 
f 5797/5797/1281 5798/5798/1297 5807/5807/1641 5803/5803/1640 
f 5812/5812/1645 5816/5816/1646 5818/5818/1647 5817/5817/1648 
f 5816/5816/1646 5820/5820/1649 5821/5821/1650 5818/5818/1647 
f 5813/5813/1308 5819/5819/1307 5821/5821/1650 5820/5820/1649 
f 5819/5819/1307 5823/5823/1306 5824/5824/1651 5821/5821/1650 
f 5814/5814/1305 5822/5822/1652 5824/5824/1651 5823/5823/1306 
f 5822/5822/1652 5826/5826/1653 5827/5827/1654 5824/5824/1651 
f 5815/5815/1655 5825/5825/1656 5827/5827/1654 5826/5826/1653 
f 5825/5825/1656 5817/5817/1648 5818/5818/1647 5827/5827/1654 
f 5818/5818/1647 5821/5821/1650 5824/5824/1651 5827/5827/1654 
f 5815/5815/1655 5826/5826/1653 5822/5822/1652 5814/5814/1305 
f 5828/5828/1288 5832/5832/1287 5834/5834/1657 5833/5833/1658 
f 5832/5832/1287 5836/5836/1286 5837/5837/1659 5834/5834/1657 
f 5829/5829/1285 5835/5835/1660 5837/5837/1659 5836/5836/1286 
f 5835/5835/1660 5839/5839/1661 5840/5840/1662 5837/5837/1659 
f 5830/5830/1663 5838/5838/1664 5840/5840/1662 5839/5839/1661 
f 5838/5838/1664 5842/5842/1665 5843/5843/1666 5840/5840/1662 
f 5831/5831/1667 5841/5841/1668 5843/5843/1666 5842/5842/1665 
f 5841/5841/1668 5833/5833/1658 5834/5834/1657 5843/5843/1666 
f 5834/5834/1657 5837/5837/1659 5840/5840/1662 5843/5843/1666 
f 5830/5830/1663 5839/5839/1661 5835/5835/1660 5829/5829/1285 
f 5844/5844/1333 5847/5847/1332 5849/5849/1669 5848/5848/1670 
f 5847/5847/1332 5851/5851/1331 5852/5852/1671 5849/5849/1669 
f 5845/5845/1330 5850/5850/1672 5852/5852/1671 5851/5851/1331 
f 5850/5850/1672 5854/5854/1673 5855/5855/1674 5852/5852/1671 
f 5846/5846/1675 5853/5853/1676 5855/5855/1674 5854/5854/1673 
f 5853/5853/1676 5848/5848/1670 5849/5849/1669 5855/5855/1674 
f 5849/5849/1669 5852/5852/1671 5855/5855/1674 
f 5812/5812/1645 5813/5813/1308 5820/5820/1649 5816/5816/1646 
f 5856/5856/1227 5859/5859/1230 5861/5861/1677 5860/5860/1678 
f 5859/5859/1230 5863/5863/1229 5864/5864/1679 5861/5861/1677 
f 5857/5857/1228 5862/5862/1680 5864/5864/1679 5863/5863/1229 
f 5862/5862/1680 5866/5866/1681 5867/5867/1682 5864/5864/1679 
f 5858/5858/1683 5865/5865/1684 5867/5867/1682 5866/5866/1681 
f 5865/5865/1685 5860/5860/1685 5861/5861/1685 5867/5867/1685 
f 5861/5861/1677 5864/5864/1679 5867/5867/1682 
f 5858/5858/1683 5866/5866/1681 5862/5862/1680 5857/5857/1228 
f 5868/5868/1686 5872/5872/1687 5874/5874/1688 5873/5873/1689 
f 5872/5872/1687 5876/5876/1690 5877/5877/1691 5874/5874/1688 
f 5869/5869/1254 5875/5875/1256 5877/5877/1691 5876/5876/1690 
f 5875/5875/1256 5879/5879/1255 5880/5880/1692 5877/5877/1691 
f 5870/5870/1222 5878/5878/1221 5880/5880/1692 5879/5879/1255 
f 5878/5878/1221 5882/5882/1220 5883/5883/1693 5880/5880/1692 
f 5871/5871/1219 5881/5881/1694 5883/5883/1693 5882/5882/1220 
f 5881/5881/1694 5873/5873/1689 5874/5874/1688 5883/5883/1693 
f 5874/5874/1688 5877/5877/1691 5880/5880/1692 5883/5883/1693 
f 5868/5868/1686 5869/5869/1254 5876/5876/1690 5872/5872/1687 
f 5884/5884/1235 5888/5888/1238 5890/5890/1695 5889/5889/1696 
f 5888/5888/1238 5892/5892/1237 5893/5893/1697 5890/5890/1695 
f 5885/5885/1236 5891/5891/1241 5893/5893/1697 5892/5892/1237 
f 5891/5891/1241 5895/5895/1240 5896/5896/1698 5893/5893/1697 
f 5886/5886/1239 5894/5894/1699 5896/5896/1698 5895/5895/1240 
f 5894/5894/1699 5898/5898/1700 5899/5899/1701 5896/5896/1698 
f 5887/5887/1702 5897/5897/1703 5899/5899/1701 5898/5898/1700 
f 5897/5897/1703 5889/5889/1696 5890/5890/1695 5899/5899/1701 
f 5890/5890/1695 5893/5893/1697 5896/5896/1698 5899/5899/1701 
f 5887/5887/1702 5898/5898/1700 5894/5894/1699 5886/5886/1239 
f 5900/5900/1704 5903/5903/1705 5905/5905/1706 5904/5904/1707 
f 5903/5903/1705 5907/5907/1708 5908/5908/1709 5905/5905/1706 
f 5901/5901/1710 5906/5906/1711 5908/5908/1709 5907/5907/1708 
f 5906/5906/1711 5910/5910/1712 5911/5911/1713 5908/5908/1709 
f 5902/5902/1714 5909/5909/1715 5911/5911/1713 5910/5910/1712 
f 5909/5909/1715 5904/5904/1707 5905/5905/1706 5911/5911/1713 
f 5905/5905/1706 5908/5908/1709 5911/5911/1713 
f 5900/5900/1704 5901/5901/1710 5907/5907/1708 5903/5903/1705 
f 5912/5912/1437 5916/5916/1436 5918/5918/1716 5917/5917/1717 
f 5916/5916/1436 5920/5920/1435 5921/5921/1718 5918/5918/1716 
f 5913/5913/1434 5919/5919/1719 5921/5921/1718 5920/5920/1435 
f 5919/5919/1719 5923/5923/1720 5924/5924/1721 5921/5921/1718 
f 5914/5914/1413 5922/5922/1416 5924/5924/1721 5923/5923/1720 
f 5922/5922/1416 5926/5926/1415 5927/5927/1722 5924/5924/1721 
f 5915/5915/1414 5925/5925/1723 5927/5927/1722 5926/5926/1415 
f 5925/5925/1723 5917/5917/1717 5918/5918/1716 5927/5927/1722 
f 5918/5918/1716 5921/5921/1718 5924/5924/1721 5927/5927/1722 
f 5914/5914/1413 5923/5923/1720 5919/5919/1719 5913/5913/1434 
f 5965/5965/1724 5966/5966/1725 5974/5974/1726 5970/5970/1727 
f 5933/5933/1728 5932/5932/1729 5934/5934/1730 5935/5935/1730 
f 5936/5936/1731 5939/5939/1732 5941/5941/1733 5940/5940/1734 
f 5939/5939/1732 5943/5943/1735 5944/5944/1736 5941/5941/1733 
f 5937/5937/1338 5942/5942/1341 5944/5944/1736 5943/5943/1735 
f 5942/5942/1341 5946/5946/1340 5947/5947/1737 5944/5944/1736 
f 5938/5938/1738 5945/5945/1739 5947/5947/1737 5946/5946/1340 
f 5945/5945/1739 5940/5940/1734 5941/5941/1733 5947/5947/1737 
f 5941/5941/1733 5944/5944/1736 5947/5947/1737 
f 5936/5936/1740 5937/5937/1338 5943/5943/1735 5939/5939/1732 
f 5948/5948/1275 5952/5952/1278 5954/5954/1741 5953/5953/1742 
f 5952/5952/1278 5956/5956/1277 5957/5957/1743 5954/5954/1741 
f 5949/5949/1276 5955/5955/1295 5957/5957/1743 5956/5956/1277 
f 5955/5955/1295 5959/5959/1294 5960/5960/1744 5957/5957/1743 
f 5950/5950/1293 5958/5958/1745 5960/5960/1744 5959/5959/1294 
f 5958/5958/1745 5962/5962/1746 5963/5963/1747 5960/5960/1744 
f 5951/5951/1748 5961/5961/1749 5963/5963/1747 5962/5962/1746 
f 5961/5961/1749 5953/5953/1742 5954/5954/1741 5963/5963/1747 
f 5954/5954/1741 5957/5957/1743 5960/5960/1744 5963/5963/1747 
f 5951/5951/1748 5962/5962/1746 5958/5958/1745 5950/5950/1293 
f 5964/5964/1750 5967/5967/1751 5969/5969/1752 5968/5968/1753 
f 5967/5967/1751 5971/5971/1754 5972/5972/1755 5969/5969/1752 
f 5965/5965/1724 5970/5970/1727 5972/5972/1755 5971/5971/1754 
f 5970/5970/1727 5974/5974/1726 5975/5975/1756 5972/5972/1755 
f 5966/5966/1725 5973/5973/1757 5975/5975/1756 5974/5974/1726 
f 5973/5973/1757 5968/5968/1753 5969/5969/1752 5975/5975/1756 
f 5969/5969/1752 5972/5972/1755 5975/5975/1756 
f 5929/5929/1758 5928/5928/1759 5930/5930/1760 5931/5931/1760 
f 5976/5976/1761 5980/5980/1762 5982/5982/1763 5981/5981/1764 
f 5980/5980/1762 5984/5984/1765 5985/5985/1766 5982/5982/1763 
f 5977/5977/1767 5983/5983/1768 5985/5985/1766 5984/5984/1765 
f 5983/5983/1768 5987/5987/1769 5988/5988/1770 5985/5985/1766 
f 5978/5978/1473 5986/5986/1472 5988/5988/1770 5987/5987/1769 
f 5986/5986/1472 5990/5990/1471 5991/5991/1771 5988/5988/1770 
f 5979/5979/1470 5989/5989/1772 5991/5991/1771 5990/5990/1471 
f 5989/5989/1772 5981/5981/1764 5982/5982/1763 5991/5991/1771 
f 5982/5982/1763 5985/5985/1766 5988/5988/1770 5991/5991/1771 
f 5978/5978/1473 5987/5987/1769 5983/5983/1768 5977/5977/1767 
f 5992/5992/1466 5996/5996/1469 5998/5998/1773 5997/5997/1774 
f 5996/5996/1469 6000/6000/1468 6001/6001/1775 5998/5998/1773 
f 5993/5993/1467 5999/5999/1776 6001/6001/1775 6000/6000/1468 
f 5999/5999/1776 6003/6003/1777 6004/6004/1778 6001/6001/1775 
f 5994/5994/1251 6002/6002/1250 6004/6004/1778 6003/6003/1777 
f 6002/6002/1250 6006/6006/1249 6007/6007/1779 6004/6004/1778 
f 5995/5995/1248 6005/6005/1780 6007/6007/1779 6006/6006/1249 
f 6005/6005/1780 5997/5997/1774 5998/5998/1773 6007/6007/1779 
f 5998/5998/1773 6001/6001/1775 6004/6004/1778 6007/6007/1779 
f 5993/5993/1467 5994/5994/1251 6003/6003/1777 5999/5999/1776 
f 6008/6008/1316 6011/6011/1315 6013/6013/1781 6012/6012/1782 
f 6011/6011/1315 6015/6015/1314 6016/6016/1783 6013/6013/1781 
f 6009/6009/1313 6014/6014/1784 6016/6016/1783 6015/6015/1314 
f 6014/6014/1784 6018/6018/1785 6019/6019/1786 6016/6016/1783 
f 6010/6010/1787 6017/6017/1788 6019/6019/1786 6018/6018/1785 
f 6017/6017/1788 6012/6012/1782 6013/6013/1781 6019/6019/1786 
f 6013/6013/1781 6016/6016/1783 6019/6019/1786 
f 6010/6010/1787 6018/6018/1785 6014/6014/1784 6009/6009/1313 
f 6020/6020/1789 6023/6023/1372 6025/6025/1790 6024/6024/1791 
f 6023/6023/1372 6027/6027/1371 6028/6028/1792 6025/6025/1790 
f 6021/6021/1370 6026/6026/1793 6028/6028/1792 6027/6027/1371 
f 6026/6026/1793 6030/6030/1794 6031/6031/1795 6028/6028/1792 
f 6022/6022/1796 6029/6029/1797 6031/6031/1795 6030/6030/1794 
f 6029/6029/1797 6024/6024/1791 6025/6025/1790 6031/6031/1795 
f 6025/6025/1790 6028/6028/1792 6031/6031/1795 
f 6022/6022/1798 6030/6030/1794 6026/6026/1793 6021/6021/1370 
f 6032/6032/1402 6035/6035/1401 6037/6037/1799 6036/6036/1800 
f 6035/6035/1401 6039/6039/1400 6040/6040/1801 6037/6037/1799 
f 6033/6033/1399 6038/6038/1802 6040/6040/1801 6039/6039/1400 
f 6038/6038/1802 6042/6042/1803 6043/6043/1804 6040/6040/1801 
f 6034/6034/1805 6041/6041/1806 6043/6043/1804 6042/6042/1803 
f 6041/6041/1806 6036/6036/1800 6037/6037/1799 6043/6043/1804 
f 6037/6037/1799 6040/6040/1801 6043/6043/1804 
f 6034/6034/1805 6042/6042/1803 6038/6038/1802 6033/6033/1399 
f 5749/5749/1605 5758/5758/1607 5754/5754/1606 
f 5525/5525/1363 5761/5761/1584 5760/5760/1613 
f 5749/5749/1605 5525/5525/1363 5760/5760/1613 5537/5537/1807 
f 5758/5758/1607 5749/5749/1808 5537/5537/1808 5750/5750/1609 
f 5525/5525/1363 5762/5762/1585 5761/5761/1584 
f 5526/5526/1359 5538/5538/1358 5762/5762/1585 5525/5525/1363 
f 5734/5734/1594 5735/5735/1598 5746/5746/1596 5742/5742/1595 
f 5734/5734/1594 5749/5749/1605 5748/5748/1612 5735/5735/1598 
f 5513/5513/1364 5525/5525/1363 5749/5749/1605 5734/5734/1594 
f 5499/5499/1385 5734/5734/1594 5733/5733/1375 
f 5500/5500/309 5513/5513/1364 5734/5734/1594 5499/5499/1385 
f 5499/5499/1385 5733/5733/1375 5732/5732/1378 
f 5728/5728/1809 5729/5729/1810 5731/5731/1811 5730/5730/1811 
f 5728/5728/1809 5732/5732/1378 5729/5729/1810 
f 5498/5498/1387 5499/5499/1385 5732/5732/1378 5728/5728/1809 
f 5714/5714/1409 5485/5485/1388 5715/5715/1812 
f 5474/5474/1397 5486/5486/1386 5485/5485/1388 5714/5714/1409 
f 5462/5462/1418 5714/5714/1409 5713/5713/1405 
f 5463/5463/1404 5474/5474/1397 5714/5714/1409 5462/5462/1418 
f 5462/5462/1813 5713/5713/1405 5712/5712/1408 
f 5698/5698/1547 5699/5699/1573 5710/5710/1571 5706/5706/1570 
f 5461/5461/1419 5462/5462/1418 5712/5712/1814 5699/5699/1573 
f 5698/5698/1547 5461/5461/1419 5699/5699/1573 
f 5461/5461/1815 5698/5698/1547 5697/5697/1550 
f 5685/5685/1557 5686/5686/1816 5694/5694/1559 5690/5690/1558 
f 5697/5697/1550 5696/5696/1563 5686/5686/1816 5685/5685/1557 
f 5673/5673/1389 5674/5674/1817 5682/5682/1543 5678/5678/1542 
f 5685/5685/1557 5684/5684/1551 5674/5674/1817 5673/5673/1389 
f 5484/5484/1393 5685/5685/1557 5673/5673/1389 5497/5497/1379 
f 5673/5673/1389 5672/5672/1392 5512/5512/1365 
f 5497/5497/1379 5673/5673/1389 5512/5512/1365 5511/5511/1367 
f 5524/5524/1366 5660/5660/1513 5661/5661/1516 
f 5523/5523/1360 5524/5524/1366 5661/5661/1516 5536/5536/1349 
f 5670/5670/1535 5662/5662/1536 5661/5661/1516 5666/5666/1533 
f 5661/5661/1516 5649/5649/1523 5549/5549/1334 5536/5536/1349 
f 5662/5662/1536 5648/5648/1517 5649/5649/1523 5661/5661/1516 
f 5658/6228/1818 5650/5650/1819 5649/3/1523 5654/63/1818 
f 5649/3/1523 5637/5637/1507 5558/6420/1335 5549/6204/1334 
f 5650/5650/1819 5636/5636/1529 5637/5637/1507 5649/3/1523 
f 5646/5646/1510 5638/5638/1820 5637/5637/1507 5642/5642/1508 
f 5638/5638/1820 5815/5815/1821 5637/5637/1507 
f 5815/5815/1655 5814/5814/1305 5569/5569/1822 
f 5637/5637/1507 5815/5815/1821 5569/5569/1823 5558/6420/1335 
f 5814/5814/1305 5813/5813/1308 5581/5581/1824 
f 5569/5569/1822 5814/5814/1305 5581/5581/1824 5580/5580/1289 
f 5812/5812/1645 5581/5581/1824 5813/5813/1308 
f 5846/5846/1675 5854/5854/1673 5850/5850/1672 5845/5845/1330 
f 5570/5570/1825 5846/5846/1675 5845/5845/1330 
f 5812/5812/1645 5570/5570/1825 5845/5845/1330 5581/5581/1824 
f 5845/5845/1330 5844/5844/1333 5593/5593/1826 
f 5830/5830/1663 5831/5831/1667 5842/5842/1665 5838/5838/1664 
f 5581/5581/1824 5845/5845/1330 5593/5593/1826 5831/5831/1667 
f 5830/5830/1663 5581/5581/1824 5831/5831/1667 
f 5581/5581/1824 5830/5830/1663 5829/5829/1285 
f 5580/5580/1289 5581/5581/1824 5829/5829/1285 5592/5592/1270 
f 5829/5829/1285 5828/5828/1288 5604/5604/1827 
f 5592/5592/1270 5829/5829/1285 5604/5604/1827 5603/5603/1257 
f 5604/6061/1828 5887/5887/1702 5886/5886/1239 
f 5886/5886/1239 5885/5885/1236 5628/5628/1458 
f 5615/6062/1829 5886/5886/1239 5628/5628/1458 5627/5627/1460 
f 5884/5884/1235 5628/5628/1458 5885/5885/1236 
f 5902/5902/1714 5910/5910/1712 5906/5906/1711 5901/5901/1710 
f 5902/5902/1714 5901/5901/1710 5629/5629/1457 
f 5884/5884/1235 5902/5902/1714 5629/5629/1457 5628/5628/1458 
f 5900/5900/1704 5629/5629/1457 5901/5901/1710 
f 5616/5616/1234 5630/5630/1233 5629/5629/1457 5900/5900/1704 
f 5858/5858/1683 5857/5857/1228 5632/5632/1456 
f 5617/5617/1231 5858/5858/1683 5632/5632/1456 5631/5631/1232 
f 5856/5856/1227 5632/5632/1456 5857/5857/1228 
f 5618/5618/1226 5633/5633/1225 5632/5632/1456 5856/5856/1227 
f 5871/5871/1219 5870/5870/1222 5635/5635/1455 
f 5619/5619/1223 5871/5871/1219 5635/5635/1455 5634/5634/1224 
f 5869/5869/1254 5635/5635/1455 5870/5870/1222 
f 3740/3740/1830 3741/3741/1453 5635/5635/1455 5869/5869/1254 
f 5605/5605/1268 5869/5869/1254 5868/5868/1686 
f 3739/3739/1267 3740/3740/1830 5869/5869/1254 5605/5605/1268 
f 5798/5798/1297 5594/5594/1269 5799/5799/1298 
f 3737/3737/1831 3738/3738/1266 5594/5594/1269 5798/5798/1297 
f 5573/5573/1320 5798/5798/1297 5797/5797/1281 
f 3736/3736/1319 3737/3737/1831 5798/5798/1297 5573/5573/1320 
f 5573/5573/1320 5797/5797/1281 5796/5796/1284 
f 5572/5572/1301 5573/5573/1320 5796/5796/1284 5584/5584/1302 
f 5785/5785/1322 5582/5582/1832 5786/5786/1323 
f 5571/5571/1304 5583/5583/1303 5582/5582/1832 5785/5785/1322 
f 5559/5559/1833 5785/5785/1322 5784/5784/1629 
f 5560/5560/1321 5571/5571/1304 5785/5785/1322 5559/5559/1833 
f 5773/5773/1345 5559/5559/1833 5774/5774/1346 
f 5550/5550/1329 5560/5560/1321 5559/5559/1833 5773/5773/1345 
f 5538/5538/1358 5773/5773/1345 5772/5772/1621 
f 5539/5539/1344 5550/5550/1329 5773/5773/1345 5538/5538/1358 
f 5933/5933/1728 5508/5508/1369 5932/5932/1729 
f 5495/5495/1381 5509/5509/1368 5508/5508/1369 5933/5933/1728 
f 5964/5964/1750 5965/5965/1724 5971/5971/1754 5967/5967/1751 
f 5929/5929/1758 5965/5965/1724 5964/5964/1750 5928/5928/1759 
f 5520/5520/1361 5533/5533/1354 5965/5965/1724 5929/5929/1758 
f 5965/5965/1724 5545/5545/1834 5966/5966/1725 
f 5533/5533/1354 5546/5546/1353 5545/5545/1834 5965/5965/1724 
f 5545/5545/1834 5937/5937/1338 5936/5936/1740 
f 5546/5546/1353 5556/5556/1835 5937/5937/1338 5545/5545/1834 
f 5937/5937/1338 5566/5566/1312 5938/5938/1339 
f 5556/5556/1836 5567/6387/1310 5566/5566/1312 5937/5937/1338 
f 5576/5576/1311 5949/5949/1276 5948/5948/1275 
f 5577/6439/1292 5589/6438/1274 5949/5949/1276 5576/5576/1311 
f 5949/5949/1276 5599/5599/1837 5950/5950/1293 
f 5589/6438/1274 5600/5600/1273 5599/5599/1837 5949/5949/1276 
f 5951/5951/1748 5950/5950/1293 5599/5599/1837 
f 5588/5588/1838 5951/5951/1748 5599/5599/1837 5598/5598/1838 
f 5609/5609/1839 5993/5993/1467 5992/5992/1466 
f 5610/5610/1247 5622/5622/1246 5993/5993/1467 5609/5609/1839 
f 5993/5993/1467 4332/6153/1840 5994/5994/1251 
f 5622/5622/1246 4331/6459/309 4332/6153/1840 5993/5993/1467 
f 5995/5995/1248 5994/5994/1251 4332/6153/1840 
f 5976/5976/1761 5995/5995/1248 4332/6153/1840 4333/6460/1841 
f 5980/5980/1762 5976/5976/1761 5977/5977/1767 5984/5984/1765 
f 5977/5977/1767 5976/5976/1761 4333/6460/1841 
f 5978/5978/1473 5977/5977/1767 4333/6460/1841 
f 5621/5621/1253 5978/5978/1473 4333/6460/1841 4334/6461/1474 
f 5608/5608/1264 5979/5979/1470 5978/5978/1473 
f 5607/5607/1252 5608/5608/1264 5978/5978/1473 5621/5621/1253 
f 6009/6009/1313 6008/6008/1316 5587/5587/1279 
f 5575/5575/1296 6009/6009/1313 5587/5587/1279 5586/5586/1280 
f 5565/5565/1327 6010/6010/1787 6009/6009/1313 
f 5564/5564/1317 5565/5565/1327 6009/6009/1313 5575/5575/1296 
f 6021/6021/1370 6020/6020/1373 5532/5532/1355 
f 5519/5519/1362 6021/6021/1370 5532/5532/1355 5531/5531/1356 
f 5507/5507/1383 6022/6022/1842 6021/6021/1370 
f 5506/5506/1374 5507/5507/1383 6021/6021/1370 5519/5519/1362 
f 6033/6033/1399 6032/6032/1402 5494/5494/1382 
f 5481/5481/1396 6033/6033/1399 5494/5494/1382 5493/5493/1384 
f 5471/5471/1843 6034/6034/1805 6033/6033/1399 
f 5470/5470/1403 5471/5471/1843 6033/6033/1399 5481/5481/1396 
f 5913/5913/1434 5912/5912/1437 5471/5471/1843 
f 5453/5453/1417 5913/5913/1434 5471/5471/1843 5470/5470/1403 
f 5436/5436/1439 5914/5914/1413 5913/5913/1434 
f 5435/5435/1438 5436/5436/1439 5913/5913/1434 5453/5453/1417 
f 5436/5436/1439 5915/5915/1414 5914/5914/1413 
f 5437/5437/1433 5454/5454/1432 5915/5915/1414 5436/5436/1439 
f 35/35/2 3583/3583/1318 3566/3566/1318 7/7/2 
f 37/37/47 3594/3594/1476 3583/3583/1318 35/35/2 
f 37/37/47 38/38/46 3593/3593/1477 3594/3594/1476 
f 38/38/46 39/39/45 3592/3592/1478 3593/3593/1477 
f 39/39/45 40/40/42 3591/3591/1479 3592/3592/1478 
f 40/40/42 41/41/40 3590/3590/1480 3591/3591/1479 
f 41/41/40 42/42/38 3589/3589/1481 3590/3590/1480 
f 42/42/38 43/43/36 3588/3588/1482 3589/3589/1481 
f 43/43/36 44/44/34 3587/3587/1483 3588/3588/1482 
f 44/44/34 45/45/33 3586/3586/1484 3587/3587/1483 
f 45/45/33 46/46/31 3585/3585/1485 3586/3586/1484 
f 46/46/31 47/47/29 3584/3584/1486 3585/3585/1485 
f 36/36/5 8/8/4 3561/6440/1440 3582/3582/5 
f 47/47/29 36/36/5 3582/3582/5 3584/3584/1486 
f 163/163/2 3724/3724/1318 3561/3561/1440 8/6071/4 
f 162/162/2 3725/3725/1318 3724/3724/1318 163/163/2 
f 161/161/2 3726/3726/1318 3725/3725/1318 162/162/2 
f 160/160/2 3727/3727/1318 3726/3726/1318 161/161/2 
f 159/159/2 3728/3728/1318 3727/3727/1318 160/160/2 
f 158/158/2 3729/3729/1318 3728/3728/1318 159/159/2 
f 157/157/2 3730/3730/1318 3729/3729/1318 158/158/2 
f 156/156/2 3731/3731/1318 3730/3730/1318 157/157/2 
f 155/155/2 3732/3732/1318 3731/3731/1318 156/156/2 
f 154/154/2 3733/3733/1318 3732/3732/1318 155/155/2 
f 153/153/2 3734/3734/1318 3733/3733/1318 154/154/2 
f 152/152/2 3735/3735/1318 3734/3734/1318 153/153/2 
f 151/151/2 3736/3736/1319 3735/3735/1318 152/152/2 
f 150/150/2 3737/3737/1831 3736/3736/1319 151/151/2 
f 149/149/2 3738/3738/1266 3737/3737/1831 150/150/2 
f 148/148/2 3739/3739/1267 3738/3738/1266 149/149/2 
f 147/147/2 3740/3740/1830 3739/3739/1267 148/148/2 
f 146/146/2 3741/3741/1453 3740/3740/1830 147/147/2 
f 146/146/2 64/64/25 3621/6434/1454 3741/3741/1453 
f 77/6045/73 3626/6055/1844 3621/6435/1454 64/6093/25 
f 74/74/61 3629/3629/1185 3626/6053/1184 77/77/62 
f 79/6048/1845 76/6044/1846 3631/6059/1847 3628/6058/1848 
f 79/6048/1845 3628/6058/1848 3626/6056/1849 77/6046/1850 
f 74/74/61 63/6482/4 3622/3622/1477 3629/3629/1185 
f 63/6083/4 3/6077/6 3562/6416/1177 3622/6072/1477 
f 9/9/28 3609/3609/28 3562/3562/1177 3/6075/6 
f 11/11/26 3620/3620/1487 3609/3609/28 9/9/28 
f 11/11/26 12/12/25 3619/3619/1488 3620/3620/1487 
f 12/12/25 13/13/24 3618/3618/1489 3619/3619/1488 
f 13/13/24 14/14/21 3617/3617/1490 3618/3618/1489 
f 14/14/21 15/15/19 3616/3616/1491 3617/3617/1490 
f 15/15/19 16/16/17 3615/3615/1493 3616/3616/1491 
f 16/16/17 17/17/15 3614/3614/1495 3615/3615/1493 
f 17/17/15 18/18/13 3613/3613/1496 3614/3614/1495 
f 18/18/13 19/19/11 3612/3612/1497 3613/3613/1496 
f 19/19/11 20/20/9 3611/3611/1498 3612/3612/1497 
f 20/20/9 21/21/7 3610/3610/1499 3611/3611/1498 
f 21/21/7 10/10/2 3608/3608/1318 3610/3610/1499 
f 10/10/2 4/4/2 3565/3565/1318 3608/3608/1318 
#end 5689 faces

#ZOMPROPERTIES_04{
#ZOMPROPERTIES_04 table {Mesh table {SymPlane table {Point vector3d 0 0 0 Normal vector3d 1 0 0 Threshold double 0.01 
#ZOMPROPERTIES_04 Enabled bool false EdgeID int -1 SymEdgeID int -1 UPos double 0.5 LocalMode bool false } RootGroup C
#ZOMPROPERTIES_04 SubMeshGroup {Children table {Tile_0_0 CSubMeshGroup {Children table {} BBoxUV box3d 0 0 0 0 0 0 BBo
#ZOMPROPERTIES_04 x3D box3d 0 0 0 0 0 0 Area3D double 0 AreaUV double 0.466108 IsRoot bool false Properties table {Sel
#ZOMPROPERTIES_04 ected bool false Box box3d 0 1 0 1 0 1 U int 0 V int 0 NU int 0 NV int 0 Tiling vector3d 1 1 1 TileR
#ZOMPROPERTIES_04 atioMode string "1:1" Overflow string "Off" Pack table {BoxFrameEdit bool false Behavior string "Fre
#ZOMPROPERTIES_04 e" } } IsTile bool true PolyIDs ints { 3449 5669 5671 5672 3419 3446 3445 3444 3443 3442 3441 3440 3
#ZOMPROPERTIES_04 439 3438 3437 3436 3435 3421 4510 4258 4257 4509 4508 4256 4238 4220 4202 4201 4200 4218 4219 4236 4
#ZOMPROPERTIES_04 237 4254 4255 4507 4506 4505 4504 4252 4234 4216 4198 4199 4181 4163 4164 4146 4128 4110 4092 4074 4
#ZOMPROPERTIES_04 075 4076 4058 4544 4545 4546 4543 4542 4056 4055 4541 4540 4054 4072 4073 4091 4090 4108 4109 4126 4
#ZOMPROPERTIES_04 127 4144 4145 4162 4161 4143 4142 4124 4106 4107 4105 4104 4122 4123 4141 4159 4160 4178 4179 4180 4
#ZOMPROPERTIES_04 197 4196 4214 4215 4232 4233 4250 4251 4503 4502 4501 4500 4248 4249 4247 4499 4498 4246 4228 4210 4
#ZOMPROPERTIES_04 211 4212 4194 4195 4177 4176 4158 4157 4175 4193 4174 4192 4191 4209 4208 4190 4189 4171 4153 4154 4
#ZOMPROPERTIES_04 155 4156 4138 4139 4121 4120 4119 4137 4118 4100 4101 4083 4065 4066 4067 4068 4069 4070 4071 4053 4
#ZOMPROPERTIES_04 088 4089 4052 4538 4539 4537 4051 4536 4050 4535 4049 4534 4048 4047 4046 4064 4063 4081 4082 4099 4
#ZOMPROPERTIES_04 117 4135 4136 4134 4152 4151 4169 4170 4188 4206 4207 4225 4226 4227 4244 4245 4497 4496 4495 4494 4
#ZOMPROPERTIES_04 242 4224 4223 4205 4187 4241 4493 4243 4133 4115 4116 4098 4097 4079 4061 4043 4044 4530 4531 4532 4
#ZOMPROPERTIES_04 533 4529 4045 4062 4080 4087 4086 4085 4103 4102 4084 4173 4172 4213 4230 4231 4229 4140 4125 4059 4
#ZOMPROPERTIES_04 060 4078 4077 4095 4096 4113 4114 4131 4132 4149 4150 4167 4168 4185 4186 4204 4203 4184 4183 4166 4
#ZOMPROPERTIES_04 165 4148 4147 4130 4129 4111 4112 4094 4093 4057 4182 4217 4235 4253 4221 4222 4239 4240 44 71 70 69
#ZOMPROPERTIES_04  68 67 66 65 64 63 62 61 60 46 1148 896 895 877 878 876 858 857 875 893 894 1146 1147 1145 1144 892 
#ZOMPROPERTIES_04 891 1143 1142 1141 889 871 872 854 855 856 838 839 840 822 823 824 841 842 860 805 787 788 786 804 8
#ZOMPROPERTIES_04 03 785 767 749 731 713 695 1181 1182 1183 1184 697 698 715 716 733 734 751 752 770 769 750 732 714 6
#ZOMPROPERTIES_04 96 1180 1179 693 694 711 712 729 730 747 748 766 765 783 784 801 802 820 821 819 837 836 835 853 852
#ZOMPROPERTIES_04  870 869 851 850 832 833 815 797 779 780 781 782 764 799 800 818 817 816 763 762 744 726 708 690 117
#ZOMPROPERTIES_04 6 1177 1178 691 692 1175 1174 688 689 706 707 724 725 742 743 761 760 778 777 795 796 814 813 831 84
#ZOMPROPERTIES_04 9 867 868 886 887 888 1140 1139 1138 1137 885 884 866 865 883 1135 1136 1134 1133 881 863 864 846 84
#ZOMPROPERTIES_04 7 829 830 828 810 811 793 775 776 758 740 722 704 705 703 685 1171 1172 1173 686 687 1170 1169 683 6
#ZOMPROPERTIES_04 84 702 720 721 739 738 756 757 774 773 791 792 809 827 845 844 862 861 879 880 1132 1131 843 825 807
#ZOMPROPERTIES_04  808 790 789 771 772 754 736 718 700 682 1168 1167 681 701 699 719 717 735 737 755 753 826 723 741 7
#ZOMPROPERTIES_04 59 794 812 882 848 709 710 728 727 745 746 798 834 768 806 859 873 874 890 3420 3423 3424 3425 3426 
#ZOMPROPERTIES_04 3427 3428 3429 3430 3431 3432 3433 3434 4025 4026 4027 4028 4029 4030 4031 4032 4033 4034 4035 4036 
#ZOMPROPERTIES_04 4037 4265 4266 4284 4285 4286 4287 4288 4289 4290 4291 4292 4293 4294 4275 4311 4312 4329 4330 4328 
#ZOMPROPERTIES_04 4310 4327 4309 4326 4308 4325 4307 4324 4306 4323 4305 4322 4304 4321 4303 4302 4301 4283 4282 4264 
#ZOMPROPERTIES_04 4038 4039 4040 4041 4042 3447 4259 4260 4278 4279 4280 4281 4263 4299 4300 4318 4319 4320 4338 4339 
#ZOMPROPERTIES_04 4340 4358 4359 4360 4361 4362 4363 4364 4365 4366 4347 4383 4384 4401 4402 4400 4382 4399 4381 4398 
#ZOMPROPERTIES_04 4380 4397 4379 4396 4378 4395 4377 4376 4375 4357 4356 4355 4337 4336 4335 4317 4316 4298 4315 4297 
#ZOMPROPERTIES_04 4296 4295 4277 4313 4314 4332 4333 4334 4352 4353 4354 4372 4373 4374 4392 4393 4394 4412 4413 4414 
#ZOMPROPERTIES_04 4432 4433 4434 4435 4436 4437 4438 4419 4455 4456 4473 4474 4528 4527 4526 4472 4454 4471 4453 4470 
#ZOMPROPERTIES_04 4452 4469 4451 4450 4449 4431 4430 4429 4411 4410 4409 4391 4390 4389 4371 4370 4369 4351 4350 4349 
#ZOMPROPERTIES_04 4331 4367 4368 4386 4387 4388 4406 4407 4408 4426 4427 4428 4446 4447 4448 4466 4467 4468 4522 4523 
#ZOMPROPERTIES_04 4524 4521 4520 4519 4465 4464 4463 4517 4518 4516 4462 4461 4443 4425 4424 4423 4405 4404 4403 4385 
#ZOMPROPERTIES_04 4421 4422 4440 4441 4442 4460 4514 4515 4513 4459 4458 4457 4439 4511 4512 4444 4445 4525 4418 4417 
#ZOMPROPERTIES_04 4416 4415 4420 4346 4345 4344 4343 4342 4341 4262 4261 4348 4274 4273 4272 4271 4270 4269 4268 4267 
#ZOMPROPERTIES_04 4276 47 1130 1129 1128 1127 1126 1125 1124 1123 1122 1121 1120 1119 1118 1117 1116 1115 1114 1113 34
#ZOMPROPERTIES_04 22 4492 4491 4490 4489 4488 4487 4486 4485 4484 4483 4482 4481 4480 4479 4478 4477 4476 4475 45 48 4
#ZOMPROPERTIES_04 9 50 51 52 53 54 55 56 57 58 59 663 664 665 666 667 668 669 670 671 672 673 674 675 676 677 678 679 
#ZOMPROPERTIES_04 680 72 897 898 916 917 918 919 920 921 922 923 924 925 926 927 928 929 930 931 932 913 949 950 967 9
#ZOMPROPERTIES_04 68 966 948 965 947 964 946 963 945 962 944 961 943 960 942 959 941 958 940 957 939 956 938 955 937 9
#ZOMPROPERTIES_04 54 936 953 935 934 933 915 951 952 970 971 972 990 991 992 993 994 995 996 997 998 999 1000 1001 100
#ZOMPROPERTIES_04 2 1003 1004 985 1021 1022 1039 1040 1038 1020 1037 1019 1036 1018 1035 1017 1034 1016 1033 1015 1032
#ZOMPROPERTIES_04  1014 1031 1013 1030 1012 1029 1011 1028 1010 1027 1009 1008 1007 989 988 987 969 1005 1006 1024 102
#ZOMPROPERTIES_04 5 1026 1044 1045 1046 1064 1065 1066 1067 1068 1069 1070 1071 1072 1073 1074 1075 1076 1057 1093 109
#ZOMPROPERTIES_04 4 1111 1112 1110 1092 1109 1091 1108 1090 1107 1089 1106 1088 1105 1087 1104 1086 1103 1085 1102 108
#ZOMPROPERTIES_04 4 1101 1083 1082 1081 1063 1062 1061 1043 1042 1041 1023 1059 1060 1078 1079 1080 1098 1099 1100 115
#ZOMPROPERTIES_04 4 1155 1156 1153 1152 1151 1097 1096 1095 1077 1149 1150 1157 1158 1159 1160 1161 1162 1163 1164 116
#ZOMPROPERTIES_04 5 1166 1056 1055 1054 1053 1052 1051 1050 1049 1048 1047 1058 984 983 982 981 980 979 978 977 976 97
#ZOMPROPERTIES_04 5 974 973 986 912 911 910 909 908 907 906 905 904 903 902 901 900 899 914 3497 3498 3504 3505 3513 3
#ZOMPROPERTIES_04 512 3511 3503 5553 5555 5554 3510 5363 5370 5369 5368 5549 5551 5552 5372 5365 5364 5366 5550 5548 3
#ZOMPROPERTIES_04 532 5373 5378 5379 5376 5375 5377 5545 5546 5547 5374 5544 5380 5355 3518 5356 5357 5358 5362 5540 5
#ZOMPROPERTIES_04 541 5536 5537 5236 5224 5225 5227 5226 5538 5223 5222 5535 5539 5543 5359 5360 5353 5354 5361 5542 5
#ZOMPROPERTIES_04 367 5371 3519 1 5688 5687 5686 5685 5684 5683 5682 5681 10 11 5680 5679 12 1643 1661 1679 1697 9 171
#ZOMPROPERTIES_04 5 8 7 1733 1751 6 1769 5 4 1787 1841 1840 1839 1838 1837 1836 1835 1834 1833 1832 1831 1830 1829 182
#ZOMPROPERTIES_04 8 1827 1826 1825 1824 1770 1771 1753 1735 1736 1718 1719 1701 1702 1684 1666 1667 1649 1650 1651 165
#ZOMPROPERTIES_04 2 1653 1654 1655 1656 1657 1658 1659 1660 1642 1624 1606 1588 1340 1341 1342 1343 1344 1584 1585 160
#ZOMPROPERTIES_04 3 1604 1605 1622 1623 1641 1640 1621 1639 1638 1620 1619 1601 1583 1345 1346 1347 1348 1580 1581 159
#ZOMPROPERTIES_04 9 1600 1618 1636 1617 1635 1616 1598 1597 1579 1578 1350 1351 1577 1595 1596 1614 1615 1633 1632 163
#ZOMPROPERTIES_04 1 1630 1648 1647 1665 1664 1646 1645 1663 1662 1644 1626 1608 1590 1572 1573 1355 28 1354 1574 1575 
#ZOMPROPERTIES_04 1353 1352 1576 1593 1594 1611 1612 1629 1610 1628 1627 1609 1592 1591 1680 1681 1682 1683 1700 1699 
#ZOMPROPERTIES_04 1717 1716 1734 1752 1698 1613 1349 1634 1582 1602 1637 1586 1587 1339 1589 15 5676 4934 3403 5675 47
#ZOMPROPERTIES_04 17 4935 4936 4937 4715 4714 4713 4939 4940 4712 4711 4710 4942 4943 4709 4708 4707 4706 4946 4947 49
#ZOMPROPERTIES_04 48 4949 4950 4951 3390 4700 3389 3388 3387 3386 3385 3384 3383 3382 3381 3380 3379 3376 5203 5202 52
#ZOMPROPERTIES_04 01 5200 5199 5198 5197 5196 5195 5194 5193 5192 5191 5190 5189 5188 5187 5186 5133 5115 5097 5098 50
#ZOMPROPERTIES_04 99 5100 5101 5102 5103 5104 5105 5106 5107 5108 5109 5110 5111 5112 5113 5130 5131 5148 5147 5129 50
#ZOMPROPERTIES_04 94 5076 5058 5040 5022 5023 5021 5039 5038 5020 5002 4984 4985 4986 4987 4969 5004 5005 4968 5003 49
#ZOMPROPERTIES_04 67 4983 4982 5000 5001 5019 5018 5036 5037 5055 5056 5057 5074 5075 5093 5092 5091 5073 5072 5090 50
#ZOMPROPERTIES_04 71 5053 5035 5034 5016 5017 4999 4981 4980 4979 4997 4998 5015 5033 5051 5052 5070 5088 5089 5069 50
#ZOMPROPERTIES_04 87 5068 5050 5049 5031 5013 5014 5012 4994 4976 4977 4978 4960 4961 4995 4996 4959 4958 4941 4975 49
#ZOMPROPERTIES_04 74 4992 4993 5011 5029 5030 5047 5048 5066 5067 5085 5084 5065 5083 5064 5046 5045 5027 5009 4991 49
#ZOMPROPERTIES_04 73 4972 4971 4989 4988 5006 5007 5008 5026 5025 5043 5044 5062 5063 5081 5080 5061 5079 5078 5060 50
#ZOMPROPERTIES_04 42 5024 4970 4952 5678 5677 14 13 1625 4990 4953 4954 4955 4956 5010 5028 5082 4957 5032 5086 4962 4
#ZOMPROPERTIES_04 944 4963 4964 5054 4965 4966 5041 5059 5077 5095 5128 5146 5127 5145 5144 5126 5125 5143 5124 5142 5
#ZOMPROPERTIES_04 123 5141 5122 5140 5139 5121 5120 5138 5119 5137 5136 5118 5117 5135 5116 5096 5114 5134 5132 5149 4
#ZOMPROPERTIES_04 701 4702 4703 4704 4705 4945 4938 4716 1338 1607 1677 1678 1695 1696 1714 1713 1731 1732 1750 1749 1
#ZOMPROPERTIES_04 767 1768 1786 1785 1784 1766 1765 1747 1748 1730 1729 1711 1712 1694 1676 1675 1693 1692 1674 1673 1
#ZOMPROPERTIES_04 691 1709 1710 1728 1746 1764 1782 1763 1781 1762 1744 1745 1727 1726 1725 1743 1761 1779 1780 1760 1
#ZOMPROPERTIES_04 778 1759 1741 1742 1724 1706 1707 1708 1690 1689 1671 1670 1688 1687 1669 1705 1704 1686 1722 1723 1
#ZOMPROPERTIES_04 740 1758 1776 1775 1757 1756 1738 1720 1721 1739 1737 1755 1773 1772 1774 1703 1777 1672 1783 1668 1
#ZOMPROPERTIES_04 685 1754 111 2031 2030 2035 2028 2029 3241 3239 3238 131 3236 144 3237 1985 1984 1990 1983 1982 1981
#ZOMPROPERTIES_04  137 3235 3255 3234 145 3232 3230 3228 175 3229 1969 1968 1967 3225 3227 3226 184 3313 1938 1960 196
#ZOMPROPERTIES_04 1 1962 1963 1958 1959 3310 3311 1957 1972 1966 1965 1970 1971 3231 1980 1974 1979 1976 1977 3233 156
#ZOMPROPERTIES_04  1978 1975 1973 1988 1987 1986 1989 2036 2027 2034 2033 2032 123 3243 3242 112 3244 113 3247 3246 11
#ZOMPROPERTIES_04 4 3248 2054 3251 115 2049 2048 2053 2052 2047 3249 2051 2050 3250 3252 3253 2038 2045 2042 2043 2046
#ZOMPROPERTIES_04  3259 3258 3260 3261 138 2001 2008 2007 2006 2009 2004 2005 3262 3264 3265 3263 165 2012 2017 2014 2
#ZOMPROPERTIES_04 015 2016 2018 3269 3266 1991 1998 1999 1996 2000 1997 3271 3274 3276 3277 3275 146 1994 3272 3273 32
#ZOMPROPERTIES_04 70 1864 1863 1865 1861 1860 1874 3278 1862 3279 3281 1882 1869 1870 1871 1872 1867 1868 1873 3280 32
#ZOMPROPERTIES_04 84 3285 3286 194 3287 3291 3290 3289 1912 1911 1916 1915 1914 1927 3293 3294 3295 1909 1920 1919 191
#ZOMPROPERTIES_04 8 1925 1924 237 3298 3297 1929 1936 1935 1934 238 3300 3301 216 3304 3303 205 1941 1940 1939 1946 19
#ZOMPROPERTIES_04 45 1944 3307 1943 1948 3308 1956 1949 1954 1955 1952 1951 1964 1953 1950 1942 1947 3302 3305 1932 19
#ZOMPROPERTIES_04 37 3315 1931 1933 1930 1928 3299 1922 1921 1923 1926 3292 1913 1910 1917 1904 1903 1908 1907 1902 21
#ZOMPROPERTIES_04 7 1906 1905 3288 1866 1875 1876 1877 1878 3283 1879 1880 1881 3282 1995 1993 1992 3267 3268 2013 201
#ZOMPROPERTIES_04 1 2010 2003 2002 3256 2041 116 2040 2044 2039 2037 3257 2026 2021 2020 2025 2024 2023 2019 2022 3245
#ZOMPROPERTIES_04  121 2093 2100 2101 2098 1336 2099 3339 3342 3341 2102 2096 3340 129 3337 3338 151 3207 3212 3213 32
#ZOMPROPERTIES_04 10 3209 3211 3333 3336 3335 3334 3332 3331 2120 2117 2116 2115 3214 2114 2113 2118 2119 160 170 179 
#ZOMPROPERTIES_04 3330 3329 198 2121 2126 2125 2124 2123 2122 2128 3327 3328 208 3326 3325 229 2129 2134 2133 2132 213
#ZOMPROPERTIES_04 6 3323 3324 3321 3322 258 2056 2055 2062 2061 2060 241 3317 257 256 255 254 253 240 228 219 3318 331
#ZOMPROPERTIES_04 9 2064 2058 2059 2063 2057 2131 2130 2135 2127 3208 2097 2095 2094 3343 3346 3345 3344 2109 2108 210
#ZOMPROPERTIES_04 7 2106 2112 2105 3224 3351 3352 3350 3353 128 3219 3218 3217 3216 1335 3356 3357 3359 142 2077 135 2
#ZOMPROPERTIES_04 076 2075 2082 2081 2084 2080 2079 2078 2083 3362 150 3364 3363 169 2070 2069 2068 2074 2067 3365 336
#ZOMPROPERTIES_04 6 3368 3367 2065 2088 2087 2086 2092 3371 3372 187 197 3374 3373 2066 3370 3369 2085 2090 2091 2089 
#ZOMPROPERTIES_04 2072 2073 2071 3361 3358 3215 3222 3223 3220 3221 3349 2103 2110 2104 2111 3347 0 5636 5204 5205 520
#ZOMPROPERTIES_04 6 5207 5208 5209 5210 5211 5212 5213 5214 5215 5216 5217 5218 5219 5220 5221 3375 3402 3401 3400 339
#ZOMPROPERTIES_04 9 3398 3397 3396 3395 3394 3393 3392 3391 3377 5185 5184 5183 4931 4930 5182 5181 5180 5179 5178 517
#ZOMPROPERTIES_04 7 5176 5175 5174 5173 5172 5171 5170 5169 5168 5648 2 16 1571 1823 1822 1570 1569 1551 1533 1534 153
#ZOMPROPERTIES_04 5 18 5646 5645 19 20 21 22 23 24 5640 5639 25 26 5638 5637 4736 4718 4719 4737 4738 4720 4739 4721 4
#ZOMPROPERTIES_04 722 4740 4741 4723 4724 4742 4743 4744 4726 4745 4727 4746 4728 4747 4748 4749 4731 4750 4751 4733 4
#ZOMPROPERTIES_04 734 4752 4753 4770 4771 4788 4789 4806 4807 4824 4825 4842 4843 4861 4860 4878 4879 4896 4897 4914 4
#ZOMPROPERTIES_04 915 4933 4932 4913 4895 4894 4876 4877 4875 4857 4858 4840 4822 4823 4821 4820 4838 4839 4856 4874 4
#ZOMPROPERTIES_04 892 4893 4911 4912 4929 4910 4928 4909 4891 4890 4872 4854 4855 4837 4836 4818 4819 4801 4802 4803 4
#ZOMPROPERTIES_04 785 4767 4766 4784 4783 4782 4764 4800 4799 4817 4835 4853 4852 4870 4871 4889 4907 4908 4926 4925 4
#ZOMPROPERTIES_04 906 4924 4905 4887 4886 4904 4922 4903 4885 4884 4902 4920 4901 4919 4900 4882 4883 4865 4866 4867 4
#ZOMPROPERTIES_04 849 4850 4851 4869 4833 4815 4816 4798 4797 4796 4778 4779 4761 4762 4780 4777 4795 4813 4814 4832 4
#ZOMPROPERTIES_04 831 4830 4848 4847 4846 4864 4863 4845 4827 4809 4810 4811 4812 4829 4793 4794 4776 4775 4774 4792 4
#ZOMPROPERTIES_04 791 4790 4808 5642 4772 4773 4755 4756 4757 4758 4759 4828 4826 4844 5644 5643 4862 4881 4899 4917 4
#ZOMPROPERTIES_04 918 4898 4916 5649 5647 4880 4760 4781 4763 4834 4868 4921 4923 4888 4765 4786 4787 4804 4768 4769 4
#ZOMPROPERTIES_04 873 4927 4805 4841 4859 4732 4730 4729 4725 4754 1391 1373 1372 1390 1408 1409 1427 1426 1444 1445 1
#ZOMPROPERTIES_04 463 1462 1480 1481 1498 1499 1517 1516 1497 1515 1514 1496 1495 1477 1459 1460 1461 1443 1425 1424 1
#ZOMPROPERTIES_04 406 1388 1370 1856 1857 1858 1859 1855 1369 1368 1854 1853 1367 1385 1386 1387 1404 1405 1423 1441 1
#ZOMPROPERTIES_04 440 1422 1421 1439 1457 1458 1476 1475 1493 1494 1512 1513 1531 1532 1550 1549 1567 1568 1820 1821 1
#ZOMPROPERTIES_04 819 1818 1566 1565 1547 1529 1530 1528 1546 1545 1527 1526 1508 1490 1472 1473 1455 1456 1474 1454 1
#ZOMPROPERTIES_04 436 1418 1400 1382 1364 1365 1366 1852 1383 1384 1402 1403 1420 1419 1437 1438 1401 1851 1850 1849 1
#ZOMPROPERTIES_04 363 1362 1380 1381 1398 1399 1417 1416 1434 1435 1453 1471 1489 1488 1470 1469 1451 1433 1415 1414 1
#ZOMPROPERTIES_04 413 1431 1432 1449 1450 1468 1486 1487 1505 1523 1524 1525 1543 1544 1562 1563 1564 1816 1817 1815 1
#ZOMPROPERTIES_04 814 1813 1812 1560 1559 1811 1810 1558 1557 1539 1540 1522 1521 1503 1502 1484 1483 1465 1447 1448 1
#ZOMPROPERTIES_04 466 1446 1428 1410 1411 1412 1394 1376 1377 1378 1360 1361 1847 1848 1846 1845 1359 1358 1357 1375 1
#ZOMPROPERTIES_04 374 1356 1842 1843 1844 1392 1379 1396 1395 1393 1429 1430 1464 1482 1500 1501 1519 1520 1538 1556 1
#ZOMPROPERTIES_04 808 1809 1807 1806 1554 1555 1537 1536 1518 1485 1541 1542 1561 1507 1506 1504 1467 1397 1452 1492 1
#ZOMPROPERTIES_04 491 1509 1510 1511 1548 1371 1389 1407 1442 1478 1479 27 5641 17 1553 1552 4735 327 2154 453 489 491
#ZOMPROPERTIES_04  523 2160 2197 562 2166 2188 2186 2220 2225 2210 2167 2168 2219 2218 2217 2192 2175 380 347 2176 217
#ZOMPROPERTIES_04 7 2178 2179 2180 2181 2224 524 2174 2222 2170 2171 2172 2173 2196 345 348 2194 2162 2163 2164 2165 4
#ZOMPROPERTIES_04 54 471 2215 2159 2155 2156 2157 2158 661 560 2153 2233 2150 2151 2152 417 2148 2208 2144 2145 2146 2
#ZOMPROPERTIES_04 147 383 2204 2200 384 2138 2139 2140 2141 542 557 2230 2137 382 363 346 2183 2182 527 3206 2770 3194
#ZOMPROPERTIES_04  3195 2752 2745 3007 3017 416 381 2142 559 2143 2209 2202 2213 660 2206 2228 2927 2928 2929 3070 455
#ZOMPROPERTIES_04  3071 2571 2578 2579 2574 3084 3083 2545 2546 2547 2542 2541 3094 2511 2510 2515 2514 2507 2513 2512
#ZOMPROPERTIES_04  3092 3093 2540 2539 2912 2195 3091 2899 2898 3090 2913 2914 3089 2897 2508 3108 3107 2481 2482 2483
#ZOMPROPERTIES_04  2478 2477 3121 2440 2441 2444 2443 2436 2437 3135 3134 3136 2401 2400 2405 2402 2403 2404 2847 2848
#ZOMPROPERTIES_04  2394 2395 2844 2845 2387 2386 2389 2384 2385 3145 2341 2342 2337 2338 2820 2821 3142 525 3143 3144 
#ZOMPROPERTIES_04 2383 2388 2841 2842 3141 3140 2819 2840 2339 2340 2343 2823 2824 2344 2345 2346 2347 2826 2827 2351 
#ZOMPROPERTIES_04 2352 2353 2354 3165 2310 2309 2308 2313 2312 2311 2805 2806 2302 2303 2304 2299 2300 2301 3178 2258 
#ZOMPROPERTIES_04 2259 2260 3176 3177 2298 2801 2802 2803 2295 2296 2799 2800 3171 2778 2254 2253 2252 2255 2250 2249 
#ZOMPROPERTIES_04 2781 2780 2256 2257 2261 2251 2782 2184 3175 3174 2292 2293 3173 2291 2798 507 3172 2779 2777 3170 2
#ZOMPROPERTIES_04 297 2294 2262 2784 2268 2263 2264 2787 2788 2187 3182 3183 2273 2274 2275 2270 2271 2790 2789 2277 2
#ZOMPROPERTIES_04 278 2793 2289 2284 2285 2796 2795 3193 3192 2817 2818 2816 3191 2193 3190 2286 2332 2331 2336 2333 2
#ZOMPROPERTIES_04 334 2335 2814 2815 2327 2812 2811 2810 2316 2189 3185 2281 2791 2272 3184 2280 3186 3187 2279 2794 2
#ZOMPROPERTIES_04 191 3188 2288 2330 2813 2325 2324 2329 2326 2328 2323 2282 2317 2322 2315 2321 2314 2807 2320 3167 5
#ZOMPROPERTIES_04 26 2828 2360 2361 2362 2363 2832 2831 2371 2372 2375 2374 2373 2836 488 3158 2376 2377 2835 2834 237
#ZOMPROPERTIES_04 8 2379 2382 2838 2839 487 2858 2859 3162 3163 2837 2860 2425 2426 2427 2856 2857 2419 2420 2421 2416
#ZOMPROPERTIES_04  2415 2852 2853 2409 2410 2411 2414 2413 2412 3137 3138 3139 2447 2448 2871 2459 2454 2455 2874 2466
#ZOMPROPERTIES_04  2461 2462 2877 2876 3133 3132 2895 2896 2894 3131 2232 3130 2463 2502 2501 2506 2503 2504 2505 2892
#ZOMPROPERTIES_04  2893 2497 2498 2499 2494 2495 3127 2456 2875 2229 3128 2465 3129 2500 2891 3126 2457 3125 2458 2872
#ZOMPROPERTIES_04  2226 2888 2889 2487 2488 2489 2492 2491 2484 2885 2886 2887 2490 3110 3111 3112 2517 2518 2519 2524
#ZOMPROPERTIES_04  2521 2522 2902 2523 2901 2900 2516 2509 3109 2212 3095 3096 3097 2520 2905 2529 2530 2525 2526 2907
#ZOMPROPERTIES_04  2537 2532 2533 2910 2911 3104 2207 2924 2925 3105 3106 2909 2926 2567 2568 2569 2922 2923 2561 2562
#ZOMPROPERTIES_04  2563 2558 2557 2918 2199 2919 2551 2552 2553 2556 2555 2554 3086 563 2930 2580 2581 2582 2583 2934 
#ZOMPROPERTIES_04 2590 2589 2594 2595 2592 2591 2937 2938 418 2948 3080 3081 3082 2936 2949 2950 2617 2618 2619 2946 2
#ZOMPROPERTIES_04 945 2607 2608 2613 2610 3066 3067 2632 2633 2638 2637 2636 2956 2231 3050 3051 2635 2634 2959 2958 2
#ZOMPROPERTIES_04 640 2641 2957 2642 2961 2960 2648 2649 2964 2963 3061 3060 2979 2980 2978 3059 558 3058 3057 2651 26
#ZOMPROPERTIES_04 46 2647 3056 2678 2679 2684 2681 2682 2683 2680 2976 2975 2673 2674 2675 2676 2973 2972 2664 2665 26
#ZOMPROPERTIES_04 66 2667 2670 2669 2662 2969 2970 2971 2668 3041 3042 3043 2694 2695 2700 2699 2698 3026 3027 2697 26
#ZOMPROPERTIES_04 96 2986 2985 2706 2701 2984 2702 2988 2987 2708 2709 2714 2711 2710 2992 2991 2990 3037 3036 3003 30
#ZOMPROPERTIES_04 04 2741 2742 2743 3000 3001 2735 2736 2737 2732 2731 2996 2997 2725 2726 2727 2730 2729 2722 2993 29
#ZOMPROPERTIES_04 94 2995 2728 3020 3021 3022 2749 2750 3009 2759 2754 2755 3012 3011 2761 2762 2767 2764 2765 2766 32
#ZOMPROPERTIES_04 00 3201 3202 2763 3016 3015 3014 3205 3204 2775 2776 2245 2246 2247 2772 2773 2238 2239 2240 2769 27
#ZOMPROPERTIES_04 68 2198 3197 2758 3010 3198 3199 2756 3013 2201 2771 2242 2237 2236 2757 3196 2751 2235 2241 2243 22
#ZOMPROPERTIES_04 48 2244 2774 3203 2205 2760 3008 2748 2753 2747 2746 3006 3005 2227 3019 3018 2718 2719 2720 3024 30
#ZOMPROPERTIES_04 23 2689 2690 2691 2686 2687 2983 2982 2981 2685 3040 3039 3038 2659 2660 2661 2656 2655 3049 3048 26
#ZOMPROPERTIES_04 28 2629 2624 2623 3063 3062 2602 2603 2604 2599 2598 3073 2149 3074 2586 2587 2585 3075 2605 2942 29
#ZOMPROPERTIES_04 43 2612 2944 2611 3065 2630 2631 2954 2955 2626 2625 3064 435 2600 2932 2577 2931 2597 2596 2940 294
#ZOMPROPERTIES_04 1 3068 3069 2939 2601 2627 2622 2952 2951 3044 3045 3046 2953 2621 3047 2653 2654 2966 2234 2967 296
#ZOMPROPERTIES_04 8 2658 2657 2688 3025 456 2715 2716 2721 2717 2723 2724 2211 3029 2705 3030 2704 3031 2703 2989 2712
#ZOMPROPERTIES_04  3032 3033 2739 2738 2999 2214 2733 2734 2998 2744 2740 3034 3002 2216 3035 2713 2707 3028 2692 2693
#ZOMPROPERTIES_04  419 2663 659 3053 2639 3054 2644 3055 2643 2962 561 2671 2974 2672 2977 2677 2650 2965 2652 2645 30
#ZOMPROPERTIES_04 52 2606 2609 3076 2584 452 3077 3078 3079 2615 2614 2935 2947 2620 2616 2593 2933 2588 3087 3088 257
#ZOMPROPERTIES_04 6 2575 3085 2543 2917 2916 2915 2548 2549 2550 3098 3099 2528 3100 2527 2908 2203 3101 2536 3102 253
#ZOMPROPERTIES_04 5 3103 2534 2565 2564 2921 2559 2560 2920 2570 2566 2538 2906 2903 2904 2531 399 2479 2480 3122 2451
#ZOMPROPERTIES_04  2869 2868 2452 2445 2867 2438 2190 2439 2453 2450 3123 3124 2485 2161 2486 2493 2449 2496 2890 2464
#ZOMPROPERTIES_04  2878 2467 2873 2460 2870 2446 2851 2850 2849 2169 3152 2366 2830 2357 3151 2399 2398 3150 2358 2356
#ZOMPROPERTIES_04  2829 2367 2365 3153 3154 2364 2833 2369 2370 3155 3156 3157 2417 490 2407 2406 2408 2418 2854 2855 
#ZOMPROPERTIES_04 2422 2423 2428 2424 3160 3159 2381 3161 2380 2368 3168 3169 2318 2355 3166 2809 2319 2808 3189 2287 
#ZOMPROPERTIES_04 2797 2290 2792 2283 2786 2276 3181 2307 3180 2266 2306 3179 2267 2305 2804 2185 2265 2269 2785 2783 
#ZOMPROPERTIES_04 3164 2359 3149 2397 2846 2392 3148 2348 492 3147 2349 2391 2393 2825 2822 2350 3146 2390 2843 522 23
#ZOMPROPERTIES_04 96 2442 3119 3120 2476 2475 2882 2883 2471 2472 2473 2880 2881 3113 3114 2862 2861 2863 3115 2221 31
#ZOMPROPERTIES_04 16 2433 2432 2431 2866 2223 3118 2470 2430 2429 2434 2864 2865 3117 2435 2469 2468 2879 2884 2474 25
#ZOMPROPERTIES_04 44 2573 2572 3072 30 1239 1240 1241 1312 1313 637 638 639 640 641 642 643 644 1314 1315 1316 1317 13
#ZOMPROPERTIES_04 18 1319 1320 40 39 38 31 43 37 36 42 41 1238 1900 1899 1898 1897 1896 1895 1894 1893 1892 1891 1890 
#ZOMPROPERTIES_04 1889 1888 1887 1225 1207 1206 1188 1296 1297 1298 1299 1300 1301 1302 1303 1304 1305 1306 1307 1308 
#ZOMPROPERTIES_04 1309 1201 1202 1219 1218 1236 1217 1235 1216 1234 1215 1233 1214 1232 1213 1231 1212 1194 1230 1229 
#ZOMPROPERTIES_04 1211 1210 1192 1209 1191 1227 1208 1226 1190 1228 1193 1195 1196 1197 1198 1199 1237 1220 1200 1291 
#ZOMPROPERTIES_04 1290 1272 1271 1253 1289 1270 1252 1288 1269 1251 1287 1268 1286 1267 1285 1266 1248 1247 1265 1264 
#ZOMPROPERTIES_04 1282 1263 1281 1245 1262 1280 1261 1279 1278 1260 1259 1277 1276 1294 1295 1186 1187 1205 1204 1222 
#ZOMPROPERTIES_04 1223 1885 1884 1883 1221 32 1203 33 34 1185 1275 1257 1293 1886 1224 1258 1242 1243 1244 1246 1283 1
#ZOMPROPERTIES_04 284 1249 1250 1254 1273 1255 1274 1292 1310 1189 1901 5673 5670 3407 4583 5245 5246 4584 4566 4565 4
#ZOMPROPERTIES_04 547 4655 4656 4657 4658 4659 4660 4661 4662 4663 4664 4665 4666 4667 4668 4669 4670 4671 4653 4652 4
#ZOMPROPERTIES_04 634 4616 4679 4680 4681 4682 3415 3414 3411 3417 3416 3410 5263 5262 5261 5260 5259 5258 5257 5256 5
#ZOMPROPERTIES_04 255 5254 5253 5252 5251 5250 5249 5248 5247 4586 4568 4567 4549 4550 4569 4551 4570 4588 4552 4571 4
#ZOMPROPERTIES_04 553 4572 4554 4573 4555 4574 4575 4557 4576 4558 4577 4578 4560 4596 4579 4580 4562 4581 4582 4564 3
#ZOMPROPERTIES_04 418 3406 3412 3413 4654 4636 4618 4635 4672 4600 4599 4563 4598 4597 4561 4595 4559 4594 4593 4592 4
#ZOMPROPERTIES_04 556 4591 4590 4589 4587 4585 4617 4678 4677 4614 4615 4632 4633 4651 4650 4631 4613 4612 4006 4676 4
#ZOMPROPERTIES_04 005 4611 4629 4630 4648 4647 4628 4627 4645 4626 4644 4625 4643 4624 4642 4623 4641 4622 4640 4621 4
#ZOMPROPERTIES_04 639 4603 4604 4675 3999 4000 4001 4002 4003 4004 4610 4609 4608 4607 4606 4605 4674 4673 4602 4601 4
#ZOMPROPERTIES_04 619 4620 4637 4638 3409 3408 3405 4646 4649 4548 35 1256 1311 74 3 1805 1804 1803 1802 1801 1800 179
#ZOMPROPERTIES_04 9 1798 1797 1796 1795 1794 1793 1792 1791 1790 1789 1788 5674 5150 5151 5152 5153 5154 5155 5156 515
#ZOMPROPERTIES_04 7 5158 5159 5160 5161 5162 5163 5164 5165 5166 5167 3378 73 662 331 330 329 328 349 91 92 90 367 366
#ZOMPROPERTIES_04  365 364 385 89 88 403 402 401 400 420 421 439 86 87 85 457 475 84 83 493 511 510 509 508 528 546 80
#ZOMPROPERTIES_04  79 564 582 78 77 600 599 581 580 579 578 577 576 575 574 556 538 539 540 541 521 503 504 505 506 48
#ZOMPROPERTIES_04 6 468 469 470 451 433 434 415 397 398 379 361 362 344 326 657 658 656 655 654 653 652 651 650 649 64
#ZOMPROPERTIES_04 8 647 646 645 314 315 333 334 335 336 337 338 339 340 341 342 324 323 359 360 377 378 376 358 375 35
#ZOMPROPERTIES_04 7 374 356 373 355 372 354 371 353 370 352 351 350 332 368 369 387 388 389 407 408 409 410 411 412 41
#ZOMPROPERTIES_04 3 414 395 431 432 449 448 430 447 429 446 428 445 427 444 426 425 424 406 405 404 386 422 423 441 44
#ZOMPROPERTIES_04 2 443 461 462 463 481 482 483 484 466 465 501 502 519 520 518 500 499 498 480 479 478 460 459 458 44
#ZOMPROPERTIES_04 0 476 477 495 496 497 515 532 533 534 535 536 554 555 573 572 571 553 570 552 569 551 550 549 531 51
#ZOMPROPERTIES_04 4 513 512 494 529 530 548 547 565 566 584 585 586 587 588 606 607 608 609 610 611 612 613 614 615 61
#ZOMPROPERTIES_04 6 617 618 636 75 76 635 598 634 597 633 596 632 595 631 594 630 593 592 629 628 591 627 590 626 589 
#ZOMPROPERTIES_04 625 624 623 605 622 604 621 603 602 601 583 619 620 568 567 517 516 537 464 467 394 393 392 391 390 
#ZOMPROPERTIES_04 396 322 321 320 319 318 317 316 325 343 450 485 545 544 543 81 82 474 473 472 438 437 436 3448 3467 
#ZOMPROPERTIES_04 3692 4024 4023 4022 3690 3691 3709 3710 3466 3465 3464 3746 3728 3727 3726 3708 3707 3689 4021 4020 
#ZOMPROPERTIES_04 4019 4018 4017 4016 4015 4014 4013 4012 4011 4010 4009 4008 4007 3675 3676 3694 3695 3696 3697 3698 
#ZOMPROPERTIES_04 3699 3700 3701 3702 3703 3704 3705 3706 3688 3724 3725 3743 3744 3745 3763 3764 3463 3462 3461 3800 
#ZOMPROPERTIES_04 3782 3781 3780 3762 3761 3760 3742 3741 3723 3740 3722 3739 3721 3738 3720 3737 3719 3736 3718 3735 
#ZOMPROPERTIES_04 3717 3734 3716 3733 3715 3732 3714 3731 3713 3712 3711 3693 3729 3730 3748 3749 3750 3768 3769 3770 
#ZOMPROPERTIES_04 3771 3772 3773 3774 3775 3776 3777 3778 3779 3797 3798 3799 3817 3818 3460 3459 3458 3854 3836 3835 
#ZOMPROPERTIES_04 3834 3816 3815 3814 3796 3813 3795 3812 3794 3811 3793 3810 3792 3809 3791 3808 3790 3807 3789 3806 
#ZOMPROPERTIES_04 3788 3805 3787 3786 3785 3767 3766 3765 3747 3783 3784 3802 3803 3804 3822 3823 3824 3842 3843 3844 
#ZOMPROPERTIES_04 3845 3846 3847 3848 3849 3850 3851 3852 3853 3871 3872 3890 3889 3888 3870 3887 3869 3886 3868 3885 
#ZOMPROPERTIES_04 3867 3884 3866 3883 3865 3882 3864 3881 3863 3880 3862 3879 3861 3860 3859 3841 3840 3839 3821 3820 
#ZOMPROPERTIES_04 3819 3801 3837 3838 3856 3857 3858 3876 3877 3878 3896 3897 3898 3916 3917 3918 3919 3920 3921 3922 
#ZOMPROPERTIES_04 3923 3924 3925 3926 3454 3455 3456 3908 3453 3452 3962 3944 3961 3943 3960 3942 3959 3941 3958 3940 
#ZOMPROPERTIES_04 3957 3939 3956 3938 3955 3937 3954 3936 3953 3935 3934 3933 3915 3914 3913 3895 3894 3893 3875 3874 
#ZOMPROPERTIES_04 3873 3855 3891 3892 3910 3911 3912 3930 3931 3932 3950 3951 3952 3970 3971 3972 3990 3991 3992 3993 
#ZOMPROPERTIES_04 3994 3995 3996 3997 3998 3450 3451 3980 3979 3978 3977 3976 3975 3974 3973 3989 3988 3987 3969 3968 
#ZOMPROPERTIES_04 3967 3949 3948 3947 3929 3928 3927 3909 3945 3946 3964 3965 3966 3984 3985 3986 3983 3982 3981 3963 
#ZOMPROPERTIES_04 3907 3906 3905 3904 3903 3902 3901 3900 3899 3457 3833 3832 3831 3830 3829 3828 3827 3826 3825 3759 
#ZOMPROPERTIES_04 3758 3757 3756 3755 3754 3753 3752 3751 3687 3686 3685 3684 3683 3682 3681 3680 3679 3678 3677 29 56
#ZOMPROPERTIES_04 68 5667 5666 5665 5664 5663 5662 5661 5660 5659 5658 101 102 188 180 103 171 104 161 105 152 106 143
#ZOMPROPERTIES_04  107 136 108 130 109 122 110 1337 199 209 100 5657 5656 5655 5654 5653 5652 5651 5650 3657 3658 3659
#ZOMPROPERTIES_04  3660 3661 3662 3663 3645 3646 3647 3648 3649 3650 3651 3652 3653 3654 3655 3656 3469 3470 3471 3472
#ZOMPROPERTIES_04  3473 3474 3475 3476 3477 3478 3479 3480 3481 3482 3483 3484 3485 3404 4699 5615 5614 5613 5611 5610
#ZOMPROPERTIES_04  5608 5609 5607 3493 4696 4695 4694 4693 4692 4691 4690 4689 4688 3489 5566 4687 4686 4685 4684 4683
#ZOMPROPERTIES_04  5570 5569 5571 5572 3496 5391 5390 5389 5396 5395 5394 3486 5393 5392 5397 5398 5573 5574 3502 3487
#ZOMPROPERTIES_04  5568 5567 3488 5381 5386 5387 5384 5385 5388 5383 5382 5565 5564 5563 5416 5409 5414 5413 5412 5411
#ZOMPROPERTIES_04  5560 5410 5415 5561 5562 5559 3490 5401 5400 5407 5404 5405 5408 5556 5403 3491 5402 5406 5399 5557
#ZOMPROPERTIES_04  5558 3492 3499 5605 5604 5446 5442 5445 5440 3514 5439 3506 5600 5601 5603 3520 5599 5598 3534 5432
#ZOMPROPERTIES_04  5431 5430 5436 5596 5597 5595 3543 3552 3562 3561 3551 3550 3541 3542 3533 5533 5534 5244 5231 5232
#ZOMPROPERTIES_04  5233 5234 5229 5230 5235 5532 5241 5242 5237 5238 5228 5530 5531 3559 5529 5528 3582 5264 5269 5268
#ZOMPROPERTIES_04  5267 5266 5265 5525 5526 5279 5272 5277 5276 5275 5523 5524 5289 5282 5281 5280 5287 5288 5285 5286
#ZOMPROPERTIES_04  5519 5521 5520 5518 3601 5290 5297 5298 5295 3602 5294 5299 5293 5292 5291 5296 5514 5515 3581 5513
#ZOMPROPERTIES_04  5512 5511 5510 5508 5509 5507 5506 5505 5305 5304 5303 5302 5309 5308 5301 3570 5307 5306 5310 5318
#ZOMPROPERTIES_04  5312 5317 5314 5315 5502 5501 5316 5499 5313 5311 5500 5326 5319 5324 5323 5322 5300 5321 5320 5325
#ZOMPROPERTIES_04  5503 5504 3549 5588 5587 5334 5327 5332 5331 3540 5585 5586 5584 5583 5342 5337 3526 5338 5341 5336
#ZOMPROPERTIES_04  5335 5340 5339 5581 5582 3517 5580 5579 3509 5345 5344 5343 5350 5349 5348 5351 3516 5575 5576 5347
#ZOMPROPERTIES_04  5352 5346 5577 5578 3523 3524 3530 3531 3525 3539 3538 3537 3547 3546 3555 3556 3557 3568 3569 3579
#ZOMPROPERTIES_04  3580 3578 3577 3567 3566 3565 3554 3576 3575 3587 3588 3589 3598 3599 3600 3591 3610 3611 3612 3628
#ZOMPROPERTIES_04  5517 3627 3626 3625 3609 3608 3607 3597 3596 3595 3606 3605 3622 3623 3624 3642 3641 3621 3640 3643
#ZOMPROPERTIES_04  3590 3586 3548 3529 5329 5328 5330 5333 3558 5516 3613 3614 3630 3629 5522 5284 5271 5283 5274 5273
#ZOMPROPERTIES_04  5278 5527 3583 3584 3592 3572 5590 3571 5270 3560 5239 5240 5243 5589 5428 5593 5592 5454 5591 5449
#ZOMPROPERTIES_04  5448 5453 5452 5447 5451 5427 5450 5594 5429 5434 5435 5433 5437 5444 5438 5443 5441 5602 5606 4697
#ZOMPROPERTIES_04  5467 5466 5473 5472 5465 5471 5470 3494 5469 5474 5468 5612 5455 5462 5463 5460 5461 4698 5459 5464
#ZOMPROPERTIES_04  5458 5616 5617 3500 3507 5619 5618 3521 5475 5480 5479 5482 5620 5621 3522 3527 3528 3535 3544 5623
#ZOMPROPERTIES_04  5622 3563 5484 5483 5488 5487 5486 5490 5624 5625 3573 3574 5627 5626 3593 5491 5496 5495 5498 5628
#ZOMPROPERTIES_04  5629 5631 5633 5632 5426 5419 5418 5417 5424 5425 5422 5423 3603 5421 5420 3619 5634 5635 3618 3635
#ZOMPROPERTIES_04  3617 3634 3616 3633 3615 3632 3636 3637 3620 3604 5630 3594 5494 5493 5492 5497 3585 3564 5485 5489
#ZOMPROPERTIES_04  3553 3545 3536 5478 5477 5476 5481 3515 3508 3501 5457 5456 3495 3638 3468 3674 3673 3672 3671 3670
#ZOMPROPERTIES_04  3669 3631 3668 3667 3666 3665 3664 3644 3639 93 94 295 277 95 259 96 242 97 230 98 220 99 3320 276 
#ZOMPROPERTIES_04 275 274 273 272 271 270 269 252 239 227 218 206 207 196 186 177 178 168 159 149 141 134 3360 127 335
#ZOMPROPERTIES_04 5 3354 1334 3348 1333 1332 1331 1330 1329 1328 1327 1326 1325 1324 1323 1322 1321 3240 117 118 125 1
#ZOMPROPERTIES_04 24 132 133 139 140 147 148 157 158 166 119 120 126 167 176 185 195 3296 251 250 249 3316 236 226 215
#ZOMPROPERTIES_04  3306 3309 3312 3314 193 192 191 183 174 164 155 154 153 3254 162 163 173 172 181 182 189 190 201 20
#ZOMPROPERTIES_04 2 203 213 224 225 235 234 233 223 212 211 210 200 221 222 232 231 243 244 261 262 263 264 265 266 26
#ZOMPROPERTIES_04 7 285 286 287 288 306 307 308 309 310 311 312 313 294 293 292 291 290 289 305 268 304 303 302 284 30
#ZOMPROPERTIES_04 1 283 300 282 299 281 298 280 279 278 260 296 297 248 247 246 245 214 204 } } } BBoxUV box3d 0 0 0 0
#ZOMPROPERTIES_04  0 0 BBox3D box3d 0 0 0 0 0 0 Area3D double 0 AreaUV double 0 IsRoot bool true Properties table {Sel
#ZOMPROPERTIES_04 ected bool false Box box3d 0 1 0 1 0 1 U int 0 V int 0 NU int 1 NV int 1 Tiling vector3d 1 1 1 TileR
#ZOMPROPERTIES_04 atioMode string "1:1" Overflow string "Off" Pack table {Rotate table {Mode int 0 Min double 0 Max do
#ZOMPROPERTIES_04 uble 90 Step double 0 } PaddingSize double 0.0078125 MarginSize double 0.00390625 Resolution int 256
#ZOMPROPERTIES_04  MapResolution int 2048 Scaling table {TexelDensity double 1024 Mode int 2 } LayoutScalingMode int 2
#ZOMPROPERTIES_04  MaxMutations int 1 } } IsTile bool false PolyIDs ints { } } Maps table {Pin table {PrimType string 
#ZOMPROPERTIES_04 "Vertex" Size int 1 DefaultValue double 0 ScaleType string "Normalized" MergeMode string "Max" MinVa
#ZOMPROPERTIES_04 lue double 0 MaxValue double 1 Data doubles { r 6502 0 } } Density table {PrimType string "Polygon" 
#ZOMPROPERTIES_04 Size int 1 DefaultValue double 1 ScaleType string "Log" MergeMode string "Average" MinValue double 0
#ZOMPROPERTIES_04 .1 MaxValue double 4 Data doubles { r 5689 1 } } Protect table {PrimType string "Vertex" Size int 1 
#ZOMPROPERTIES_04 DefaultValue double 0 ScaleType string "Normalized" MergeMode string "Average" MinValue double -1 Ma
#ZOMPROPERTIES_04 xValue double 1 Data doubles { r 6502 0 } } } } }
#ZOMPROPERTIES_04}


#ZOMSCENE_01{
#ZOMSCENE_01 CScene {Settings table {AxisSystem table {UpVector string "y" } Unit string "cm" TexelDensityDisplay
#ZOMSCENE_01 Unit string "tx/cm" } Root table {} }
#ZOMSCENE_01}

#begin 0 fatal error vertex (that RizomUV cannot handle)
#end 0 fatal error vertex (that RizomUV cannot handle)

#begin 0 error vertex
#end 0 error vertex
