# This file uses centimeters as units for non-parametric coordinates.

mtllib Teapot.mtl
g default
v -0.475314 5.995958 1.070598
v 0.196347 5.628706 1.477521
v 0.907692 5.017670 0.971281
v 0.076663 6.551421 1.070598
v 0.704166 6.300363 1.477521
v 1.482117 5.942742 1.010711
v 0.290835 6.933448 1.047565
v 1.025411 6.828917 1.380807
v 1.572648 6.559919 1.031479
v 0.005252 7.002959 -0.000000
v 1.133213 6.898028 0.000000
v 1.886779 6.548427 0.000000
v 0.310103 6.933448 -1.047565
v 1.025411 6.828917 -1.380807
v 1.572648 6.559919 -1.031479
v 0.089050 6.551421 -1.070598
v 0.704166 6.300363 -1.477521
v 1.482117 5.942742 -1.011602
v -0.462928 5.995958 -1.070598
v 0.196347 5.628706 -1.477521
v 0.907692 5.017670 -0.972172
v -0.767774 6.111294 -0.000000
v 1.050373 4.855266 -0.000696
v 1.877812 5.954298 -0.000696
v -0.306736 6.588914 -0.000000
v -1.471063 5.023307 -1.097355
v -0.302508 4.685439 -1.595330
v -2.040788 5.072665 -0.000437
v 0.655644 4.199677 -1.007535
v 0.895370 4.120456 0.000000
v -0.300488 4.685439 1.599808
v -1.479120 5.023307 1.096966
v 0.657223 4.199677 1.007389
v -0.972470 5.528372 -1.072197
v -0.075013 5.153706 -1.489158
v 0.696856 4.638894 -0.994167
v 0.880674 4.568139 0.000000
v 0.696856 4.638894 0.994167
v -0.075013 5.153706 1.489158
v -0.984857 5.528372 1.072197
v -1.815890 4.581284 -1.191617
v -0.411307 3.874170 -1.852593
v -2.262604 4.877547 -0.011414
v 0.940686 3.659862 -1.034863
v 1.271271 3.581371 0.000000
v -0.396022 3.874170 1.883066
v -1.797976 4.581284 1.188896
v 0.951738 3.659862 1.033842
v -2.346018 3.062407 -1.210830
v -0.410397 2.410394 -2.196193
v -2.855806 3.184796 -0.011414
v 1.389868 2.486984 -1.011955
v 1.802656 2.476093 0.000059
v -0.389192 2.410394 2.218501
v -2.323775 3.062407 1.207721
v 1.397543 2.486300 1.011471
v -2.136281 3.862184 -1.204364
v -0.391183 3.175980 -2.072098
v 1.234411 3.110897 -1.054769
v 1.646973 3.022989 0.000000
v 1.247042 3.110897 1.053602
v -0.367712 3.175980 2.100715
v -2.114039 3.862184 1.201255
v -2.052645 1.419689 -1.182244
v -0.428704 1.221087 -1.938737
v -2.475316 1.396151 -0.006010
v 1.004308 1.248359 -1.140097
v 1.486393 1.220872 0.006148
v -0.412898 1.221087 1.868267
v -2.037642 1.419690 1.181534
v 1.051802 1.248359 1.155802
v -2.259691 2.227293 -1.205637
v -0.434813 1.786089 -2.124855
v 1.338675 1.777046 -1.036453
v 1.754383 1.612228 0.000029
v 1.350510 1.776312 1.036880
v -0.411342 1.786089 2.138146
v -2.237450 2.227294 1.202527
v -1.565643 0.928197 -1.092202
v -0.467882 0.842483 -1.595239
v -2.071572 0.953786 -0.024144
v 0.657598 0.844542 -1.105543
v 1.093140 0.857168 0.043034
v -0.462214 0.842483 1.536798
v -1.594070 0.928198 1.105885
v 0.662634 0.844543 1.163961
v -1.462614 0.687589 -1.005400
v -0.473957 0.625170 -1.395570
v -1.918361 0.699936 -0.021995
v 0.405228 0.620054 -1.012474
v 0.831274 0.637991 0.045410
v -0.470310 0.625170 1.428031
v -1.495054 0.687589 1.022897
v 0.485886 0.620055 1.066199
v -2.146229 0.166674 -1.358838
v -0.469887 0.178488 -2.080412
v -2.716029 0.167798 0.014044
v 1.279135 0.173250 -1.308177
v 1.729171 0.163261 0.023269
v -0.508083 0.178486 2.183543
v -2.220641 0.166674 1.370539
v 1.294857 0.173250 1.343682
v 1.677854 4.808802 -0.202262
v 1.636642 4.690852 -0.000000
v 2.258750 5.457131 -0.214765
v 2.296695 5.432763 -0.000000
v 1.677854 4.808802 0.202262
v 2.258750 5.457131 0.214765
v 1.239490 4.967219 -0.338423
v 1.859376 5.686524 -0.326413
v 1.940419 5.793310 -0.004177
v 1.859376 5.686524 0.317838
v 1.239490 4.967219 0.330070
v 1.160413 4.855162 -0.004177
v 1.426655 4.792678 -0.260576
v 1.300159 4.630108 -0.000696
v 1.426655 4.792678 0.259184
v 2.108402 5.551531 0.288974
v 2.108402 5.551531 -0.290192
v 2.742851 6.010931 -0.219088
v 2.718147 6.050130 -0.000696
v 2.817883 5.867536 -0.249370
v 2.742851 6.010931 0.217870
v 2.817883 5.867536 0.249196
v 2.888387 5.716668 0.184654
v 2.908745 5.680675 0.000000
v 2.888387 5.716668 -0.184654
v 3.448732 5.982067 -0.212611
v 3.456621 6.026986 0.000000
v 3.403646 5.826841 -0.242587
v 3.448733 5.982067 0.212611
v 3.403646 5.826841 0.242587
v 3.360429 5.662760 0.179694
v 3.353262 5.621782 -0.000000
v 3.360429 5.662761 -0.179694
v 3.937782 5.669254 -0.213781
v 3.961946 5.711032 0.000000
v 3.836513 5.533377 -0.243922
v 3.937782 5.669255 0.213781
v 3.836513 5.533377 0.243922
v 3.733394 5.383889 0.180684
v 3.711281 5.345040 -0.000000
v 3.733394 5.383889 -0.180684
v 4.255357 5.172339 -0.221771
v 4.288723 5.213217 0.000000
v 4.121790 5.053232 -0.253038
v 4.255357 5.172339 0.221771
v 4.121790 5.053232 0.253038
v 3.982158 4.899341 0.187436
v 3.951169 4.857679 -0.000000
v 3.982158 4.899341 -0.187436
v 4.358811 4.486287 -0.227539
v 4.406653 4.499251 0.000000
v 4.185222 4.461043 -0.259620
v 4.358812 4.486287 0.227539
v 4.185221 4.461043 0.259620
v 4.003284 4.425742 0.192312
v 3.959557 4.413161 -0.000000
v 4.003285 4.425742 -0.192312
v 4.175676 3.869393 -0.221332
v 4.224874 3.867266 0.000000
v 4.003162 3.895833 -0.252538
v 4.175676 3.869393 0.221332
v 4.003162 3.895833 0.252538
v 3.821431 3.919024 0.187066
v 3.776554 3.920934 -0.000000
v 3.821431 3.919024 -0.187066
v 3.792356 3.261264 -0.220137
v 3.841037 3.255733 0.000000
v 3.622968 3.299499 -0.251174
v 3.792356 3.261264 0.220137
v 3.622968 3.299499 0.251174
v 3.444208 3.335149 0.186055
v 3.399799 3.340164 -0.000000
v 3.444208 3.335149 -0.186055
v 3.513589 2.823261 -0.225741
v 3.561296 2.807488 0.000000
v 3.351580 2.897204 -0.257568
v 3.513589 2.823261 0.225741
v 3.351580 2.897204 0.257568
v 3.179620 2.970521 0.190792
v 3.136095 2.984878 -0.000000
v 3.179620 2.970521 -0.190792
v 3.425069 2.630785 -0.261837
v 3.478928 2.608623 0.000000
v 3.243843 2.729606 -0.298753
v 3.425069 2.630785 0.261837
v 3.243843 2.729606 0.298753
v 3.051060 2.828523 0.221299
v 3.001919 2.848704 -0.000000
v 3.051060 2.828523 -0.221299
v 3.272485 2.446165 -0.282254
v 3.322845 2.409121 0.000000
v 3.109322 2.596073 -0.322048
v 3.272486 2.446165 0.282254
v 3.109322 2.596073 0.322048
v 2.934142 2.749076 0.238555
v 2.888183 2.782835 -0.000000
v 2.934142 2.749076 -0.238555
v 3.087723 2.315899 -0.279215
v 3.128231 2.268745 0.000000
v 2.963161 2.497632 -0.318581
v 3.087723 2.315898 0.279215
v 2.963161 2.497632 0.318581
v 2.827651 2.685051 0.235987
v 2.790671 2.728037 -0.000000
v 2.827651 2.685051 -0.235987
v 2.948178 2.281200 -0.246173
v 2.982637 2.238318 -0.000000
v 2.843281 2.445556 -0.280880
v 2.948178 2.281200 0.246173
v 2.843281 2.445556 0.280880
v 2.728866 2.615259 0.208060
v 2.697407 2.654353 -0.000000
v 2.728867 2.615259 -0.208060
v 2.879555 2.240108 -0.241805
v 2.913403 2.197986 0.000000
v 2.776518 2.401548 -0.275897
v 2.879555 2.240108 0.241805
v 2.776518 2.401548 0.275897
v 2.664134 2.568240 0.204369
v 2.633232 2.606641 -0.000000
v 2.664134 2.568240 -0.204369
v 2.772765 2.190426 -0.245223
v 2.807091 2.147709 0.000000
v 2.668272 2.354148 -0.279797
v 2.772765 2.190426 0.245223
v 2.668272 2.354148 0.279797
v 2.554299 2.523196 0.207258
v 2.522959 2.562140 -0.000000
v 2.554299 2.523196 -0.207258
v 2.587858 2.141137 -0.225854
v 2.619552 2.101743 0.000000
v 2.490946 2.292212 -0.257696
v 2.587858 2.141137 0.225854
v 2.490946 2.292212 0.257696
v 2.384651 2.447804 0.190887
v 2.355580 2.483646 -0.000000
v 2.384651 2.447804 -0.190887
v 2.436764 2.059379 -0.222435
v 2.468809 2.020476 0.000000
v 2.333361 2.209470 -0.253934
v 2.436764 2.059379 0.222435
v 2.333269 2.209316 0.253992
v 2.209787 2.365128 0.189174
v 2.180090 2.397811 0.000059
v 2.210334 2.366046 -0.188823
v 2.312183 1.943806 -0.218057
v 2.347845 1.910700 0.000000
v 2.179773 2.075909 -0.250271
v 2.312183 1.943806 0.218057
v 2.179134 2.074839 0.250681
v 1.938555 2.293341 0.265008
v 1.964541 2.348774 0.000352
v 1.942700 2.300286 -0.262345
v 2.181112 1.642564 -0.187909
v 2.200044 1.588327 0.000000
v 1.987449 1.523970 0.000029
v 2.018096 1.634674 -0.209794
v 2.181111 1.642564 0.187909
v 2.017412 1.633528 0.210234
v 1.790305 1.792716 0.306740
v 1.821566 1.684864 0.000176
v 1.794409 1.799593 -0.304103
v -1.735404 0.347374 -1.065954
v -0.491521 0.343373 -1.684406
v 0.826070 0.348519 -1.107525
v 1.231877 0.353395 0.023384
v 0.842231 0.348519 1.140185
v -0.496457 0.343373 1.725537
v -1.757713 0.347374 1.089697
v -2.254491 0.352546 0.008650
v -2.286868 0.086696 -1.461792
v -0.473103 0.096058 -2.233994
v -2.879322 0.087550 0.014093
v 1.417279 0.089785 -1.399182
v 1.895666 0.077091 0.024254
v -0.516756 0.096054 2.347944
v -2.370501 0.086697 1.471251
v 1.435247 0.089784 1.435791
v -2.154641 0.014457 -1.365634
v -0.471316 0.024948 -1.987321
v -0.700912 0.019954 0.014280
v -2.640984 0.011489 0.014044
v 1.271602 0.018301 -1.313700
v 1.637027 0.004190 0.023125
v -0.523504 0.024944 2.090535
v -2.239062 0.014457 1.379387
v 1.299552 0.018301 1.355473
v -2.238140 0.043573 -1.427661
v -0.468467 0.055109 -2.174956
v 1.371349 0.048178 -1.361963
v 1.837183 0.035821 0.024021
v 1.389318 0.048179 1.398538
v -0.512120 0.055106 2.288906
v -2.321773 0.043572 1.437121
v -2.820548 0.044273 0.014093
v -2.250826 0.119238 -1.436547
v -0.469674 0.130210 -2.190326
v 1.383307 0.123450 -1.371653
v 1.852409 0.111004 0.024081
v 1.401276 0.123449 1.408237
v -0.513328 0.130205 2.304276
v -2.334460 0.119238 1.446006
v -2.835849 0.119979 0.014093
v -0.133837 5.834809 1.415481
v -0.542576 5.360605 1.426489
v -0.899632 4.881267 1.513496
v -1.264028 4.245552 1.668231
v -1.393425 3.526951 1.807407
v -1.497481 2.738162 1.881139
v -1.474974 2.008199 1.838305
v -1.370439 1.319676 1.702237
v -1.042411 0.885737 1.445648
v -0.981261 0.657803 1.338208
v -1.168833 0.347941 1.570537
v -1.483258 0.166897 1.918867
v -1.556585 0.117599 2.017111
v -1.577852 0.084258 2.056044
v -1.549099 0.042215 2.003407
v -1.537076 0.011110 1.831715
v -1.755103 0.006868 0.013749
v -1.408401 0.011112 -1.795232
v -1.418229 0.042218 -1.965683
v -1.446983 0.084260 -2.018320
v -1.425716 0.117601 -1.979387
v -1.368748 0.166898 -1.882433
v -1.151596 0.347941 -1.543999
v -0.975112 0.657804 -1.328432
v -1.039324 0.885738 -1.457496
v -1.391181 1.319676 -1.739099
v -1.500684 2.008199 -1.865042
v -1.522813 2.738162 -1.906373
v -1.419134 3.526951 -1.831590
v -1.285648 4.245552 -1.688485
v -0.902693 4.881267 -1.516368
v -0.542576 5.360605 -1.426489
v -0.133837 5.834809 -1.415481
v 0.409067 6.440394 -1.415481
v 0.676772 6.916901 -1.326285
v 0.649333 6.991239 0.000000
v 0.675224 6.916901 1.326285
v 0.409067 6.440394 1.415481
v 0.577839 5.339242 1.357572
v 0.344685 4.883526 1.368466
v 0.220891 4.434514 1.462075
v 0.455631 3.747462 1.660753
v 0.675090 3.126804 1.809232
v 0.733759 2.432863 1.882430
v 0.636310 1.785680 1.839008
v 0.415969 1.231089 1.710204
v 0.091579 0.839971 1.449025
v 0.022051 0.619547 1.338052
v 0.220453 0.343579 1.563130
v 0.562678 0.164988 1.912974
v 0.634360 0.114409 2.011871
v 0.650481 0.080451 2.050968
v 0.628686 0.039242 1.998109
v 0.598996 0.008363 1.827788
v 0.584034 -0.002877 0.018438
v 0.526191 0.008364 -1.754897
v 0.543577 0.039244 -1.919696
v 0.565373 0.080452 -1.972556
v 0.549252 0.114411 -1.933459
v 0.488208 0.164990 -1.840938
v 0.197555 0.343580 -1.524867
v -0.060969 0.619548 -1.281573
v 0.011978 0.839972 -1.409901
v 0.333538 1.231088 -1.718675
v 0.558232 1.785679 -1.842509
v 0.657135 2.432864 -1.884660
v 0.598089 3.126805 -1.810412
v 0.389130 3.747462 -1.660879
v 0.211418 4.434514 -1.462072
v 0.344685 4.883526 -1.368466
v 0.577839 5.339242 -1.357572
v 1.094033 6.122076 -1.357572
v 1.349876 6.721976 -1.271995
v 1.542644 6.764205 0.000000
v 1.349876 6.721976 1.271996
v 1.094033 6.122076 1.357572
v 0.100855 6.995644 -0.569479
v 0.672883 6.987333 -0.703372
v 1.118600 6.899853 -0.712547
v 1.469138 6.782752 -0.674417
v 1.749973 6.583543 -0.564653
v 1.744931 5.988053 -0.496204
v 1.931069 5.792690 -0.188400
v 2.724597 6.041316 -0.115111
v 3.455971 6.016278 -0.111342
v 3.957406 5.700436 -0.111955
v 4.281991 5.201643 -0.116139
v 4.395813 4.494760 -0.119160
v 4.213320 3.866454 -0.115909
v 3.829513 3.255732 -0.115283
v 3.549726 2.809906 -0.118218
v 3.465751 2.612370 -0.137121
v 3.310089 2.416440 -0.147813
v 3.117508 2.278688 -0.146222
v 2.973442 2.247424 -0.128918
v 2.904372 2.206931 -0.126631
v 2.797933 2.156780 -0.128421
v 2.611117 2.110097 -0.118277
v 2.460501 2.028703 -0.116487
v 2.339348 1.917987 -0.114194
v 2.192338 1.592634 -0.102130
v 1.990640 1.542047 -0.109497
v 1.802296 1.700390 -0.162670
v 1.607984 1.637612 -0.490403
v 1.339226 1.227826 -0.554557
v 1.003152 0.850694 -0.567328
v 0.734281 0.629654 -0.529153
v 1.101156 0.351497 -0.555839
v 1.617554 0.168808 -0.657854
v 1.741294 0.117798 -0.690518
v 1.781407 0.084020 -0.704288
v 1.727174 0.042567 -0.685671
v 1.536351 0.010359 -0.704360
v 0.547057 0.000402 -0.932879
v -0.541222 0.020364 -1.048335
v -1.541613 0.006868 -0.938835
v -2.533884 0.011490 -0.678568
v -2.729303 0.044273 -0.652685
v -2.784703 0.087550 -0.669498
v -2.743726 0.119980 -0.657062
v -2.617547 0.167450 -0.624832
v -2.105652 0.350020 -0.520733
v -1.789424 0.696115 -0.520459
v -1.935764 0.944637 -0.563725
v -2.404763 1.466499 -0.569039
v -2.570166 2.301528 -0.637154
v -2.704921 3.166122 -0.570761
v -2.472439 3.989507 -0.649468
v -2.185811 4.758760 -0.576598
v -1.809066 5.084781 -0.543563
v -1.215881 5.586357 -0.603975
v -0.702682 6.034577 -0.540570
v -0.193063 6.578717 -0.546876
v 0.035826 6.995644 0.569479
v 0.663593 6.987333 0.703372
v 1.118600 6.899853 0.712547
v 1.469138 6.782753 0.674417
v 1.749973 6.583543 0.564653
v 1.744931 5.988053 0.494812
v 1.931069 5.792690 0.180047
v 2.724598 6.041316 0.113719
v 3.455971 6.016278 0.111342
v 3.957406 5.700436 0.111955
v 4.281991 5.201643 0.116139
v 4.395813 4.494760 0.119160
v 4.213319 3.866454 0.115909
v 3.829512 3.255732 0.115283
v 3.549726 2.809906 0.118218
v 3.465751 2.612370 0.137121
v 3.310089 2.416440 0.147813
v 3.117508 2.278688 0.146222
v 2.973442 2.247424 0.128918
v 2.904372 2.206931 0.126631
v 2.797933 2.156780 0.128421
v 2.611116 2.110097 0.118277
v 2.460501 2.028703 0.116487
v 2.339347 1.917988 0.114194
v 2.192338 1.592635 0.102130
v 1.990276 1.541435 0.109731
v 1.800108 1.696722 0.164077
v 1.609182 1.637000 0.490870
v 1.350672 1.227827 0.562555
v 1.021887 0.850693 0.613564
v 0.765001 0.629654 0.578179
v 1.107936 0.351497 0.593198
v 1.631583 0.168809 0.703275
v 1.757328 0.117799 0.737879
v 1.797442 0.084021 0.751847
v 1.743208 0.042568 0.732962
v 1.552293 0.010359 0.750400
v 0.547708 0.000401 0.973083
v -0.630625 0.020362 1.087217
v -1.642965 0.006868 0.967820
v -2.564810 0.011490 0.705359
v -2.748235 0.044273 0.679389
v -2.803635 0.087550 0.696202
v -2.762658 0.119978 0.683766
v -2.641509 0.167450 0.651623
v -2.155586 0.350020 0.542134
v -1.819147 0.696115 0.506473
v -1.958443 0.944638 0.543807
v -2.412918 1.461128 0.548097
v -2.576863 2.291935 0.617092
v -2.715140 3.160374 0.541204
v -2.484833 3.984317 0.611823
v -2.201061 4.755853 0.545995
v -1.885440 5.084780 0.541958
v -1.300545 5.586357 0.603975
v -0.784775 6.034577 0.540570
v -0.267381 6.578717 0.546876
v -1.938164 5.307610 0.401250
v -1.457889 5.684694 0.457817
v -2.055124 5.273452 -0.000000
v -1.053928 6.013941 0.396274
v -1.002599 6.070158 -0.002684
v -1.374798 5.684694 -0.457817
v -1.865460 5.307610 -0.401250
v -0.981225 6.013940 -0.397168
v -2.014381 5.582209 0.339682
v -1.582311 5.882490 0.372742
v -2.115385 5.557950 -0.000000
v -1.174941 6.154652 0.301181
v -1.078944 6.194341 -0.016496
v -1.512040 5.879663 -0.372742
v -1.952893 5.579735 -0.339682
v -1.113456 6.152177 -0.306680
v -1.910560 5.958450 0.304590
v -1.550812 6.145611 0.282139
v -1.990878 5.957320 0.000000
v -1.186241 6.288181 0.250224
v -1.101439 6.319932 -0.005036
v -1.489527 6.125172 -0.282139
v -1.856936 5.940566 -0.304590
v -1.132618 6.270296 -0.251903
v -1.640173 6.365201 0.209562
v -1.401040 6.412814 0.231024
v -1.686508 6.380831 0.000000
v -1.151567 6.431502 0.215685
v -1.111337 6.442337 -0.000392
v -1.366668 6.386614 -0.231024
v -1.610097 6.342276 -0.209562
v -1.121492 6.408577 -0.215815
v -1.572875 6.593963 0.177848
v -1.374770 6.645092 0.203665
v -1.612614 6.605161 -0.000000
v -1.165614 6.677094 0.180309
v -1.136583 6.688335 0.000000
v -1.344283 6.624704 -0.203665
v -1.546199 6.576123 -0.177848
v -1.138939 6.659254 -0.180309
v -1.599219 6.746011 0.173807
v -1.405162 6.824094 0.198636
v -1.641412 6.751247 0.000000
v -1.207864 6.902604 0.173807
v -1.181932 6.920594 0.000000
v -1.372307 6.809597 -0.198636
v -1.570472 6.733325 -0.173807
v -1.179117 6.889919 -0.173807
v -1.702212 6.901011 0.173081
v -1.510572 6.985318 0.197807
v -1.744798 6.905042 -0.000000
v -1.322279 7.080116 0.173081
v -1.298063 7.100606 0.000000
v -1.477308 6.972097 -0.197807
v -1.673106 6.889442 -0.173081
v -1.293174 7.068547 -0.173081
v -1.828252 7.076003 0.147173
v -1.688434 7.159421 0.170872
v -1.880565 7.090570 0.000000
v -1.673753 7.349021 0.147173
v -1.711790 7.411447 -0.000000
v -1.658022 7.153949 -0.170872
v -1.802168 7.070900 -0.147173
v -1.647670 7.343918 -0.147173
v -1.782115 6.984780 0.169371
v -1.605424 7.079645 0.193567
v -1.485208 7.241159 0.169371
v -1.472733 7.272358 -0.000000
v -1.455985 7.232469 -0.169371
v -1.572026 7.069714 -0.193567
v -1.752891 6.976090 -0.169371
v -1.824992 6.987114 -0.000000
v -1.634276 7.103831 -0.082126
v -1.664702 7.228373 0.000000
v -1.648968 7.106191 0.082126
v -1.735215 7.069665 0.000000
v -1.356086 6.749171 -0.062573
v -1.379983 6.844666 0.000000
v -1.322736 6.694063 0.000000
v -1.367280 6.750969 0.062573
v -1.434130 6.723931 0.000000
v -4.227620 2.284547 0.147173
v -4.252613 2.445430 0.170872
v -4.188478 2.462091 0.082126
v -4.186905 2.368443 0.000000
v -4.260715 2.241495 0.000000
v -4.422921 2.530039 0.147173
v -4.495049 2.518145 -0.000000
v -4.307662 2.493254 0.000000
v -4.180788 2.474832 -0.082126
v -4.236152 2.471580 -0.170872
v -4.213121 2.306822 -0.147173
v -4.408423 2.552313 -0.147173
v -2.800922 2.261898 0.457817
v -2.685251 1.681632 0.401250
v -2.706591 1.568234 -0.000437
v -2.901107 2.717103 0.396274
v -2.932477 2.784498 -0.003121
v -2.661194 1.738997 -0.404311
v -2.773428 2.327458 -0.461314
v -2.877049 2.774467 -0.400229
v -3.037711 2.225367 0.372742
v -2.931560 1.726126 0.339682
v -2.947832 1.623591 -0.000000
v -3.107621 2.629184 0.301181
v -3.103648 2.720455 -0.016496
v -2.906242 1.782213 -0.339682
v -3.008776 2.289466 -0.372742
v -3.082303 2.685270 -0.306680
v -3.270068 2.330101 0.282139
v -3.233349 1.940331 0.304590
v -3.262376 1.865433 0.000000
v -3.253055 2.638212 0.250224
v -3.248626 2.714847 -0.005036
v -3.196686 1.983356 -0.304590
v -3.228167 2.379274 -0.282139
v -3.216392 2.681237 -0.251903
v -3.459952 2.453493 0.231024
v -3.499699 2.214290 0.209562
v -3.531541 2.177178 0.000000
v -3.417760 2.689653 0.215685
v -3.418392 2.730653 -0.000392
v -3.467180 2.233594 -0.209562
v -3.422788 2.475555 -0.231024
v -3.385241 2.708956 -0.215815
v -3.659264 2.543973 0.203665
v -3.685023 2.340842 0.177848
v -3.710287 2.308187 -0.000000
v -3.616694 2.751650 0.180309
v -3.617260 2.783070 0.000000
v -3.658493 2.358897 -0.177848
v -3.628944 2.564607 -0.203665
v -3.590164 2.769704 -0.180309
v -3.835610 2.582528 0.198636
v -3.835874 2.373350 0.173807
v -3.856529 2.336188 0.000000
v -3.834529 2.794869 0.173807
v -3.841500 2.825651 0.000000
v -3.813346 2.395255 -0.173807
v -3.809865 2.607563 -0.198636
v -3.812002 2.816774 -0.173807
v -4.024577 2.545157 0.197807
v -4.018163 2.335891 0.173081
v -4.037847 2.297913 -0.000000
v -4.041969 2.755249 0.173081
v -4.051901 2.785376 0.000000
v -3.996536 2.358547 -0.173081
v -3.999861 2.571050 -0.197807
v -4.020343 2.777904 -0.173081
v -4.125757 2.293169 0.169371
v -4.147559 2.492528 0.193567
v -4.143978 2.254285 -0.000000
v -4.252306 2.664477 0.169371
v -4.276563 2.687727 -0.000000
v -4.125843 2.519777 -0.193567
v -4.106757 2.317012 -0.169371
v -4.233305 2.688319 -0.169371
v -3.845257 2.613578 0.000000
v -3.747762 2.599977 -0.062573
v -3.684175 2.610266 0.000000
v -3.753621 2.590270 0.062573
v -3.753581 2.518160 0.000000
v -4.005270 5.185871 0.084562
v -3.866168 5.436256 0.109503
v -3.828901 5.418617 0.016105
v -3.957404 5.256380 -0.070328
v -4.096748 5.150847 -0.070328
v -4.001167 5.689963 0.084562
v -4.097290 5.733814 -0.070328
v -3.902079 5.546599 -0.070328
v -3.814124 5.423805 -0.156760
v -3.835288 5.446451 -0.250158
v -3.978579 5.194235 -0.225217
v -3.974477 5.698327 -0.225217
v -2.733091 4.130233 0.416699
v -3.015236 3.509606 0.357615
v -3.109494 3.422520 -0.061974
v -2.456207 4.740441 0.352377
v -2.430408 4.838730 -0.064799
v -2.957109 3.540643 -0.483749
v -2.666659 4.165704 -0.543271
v -2.398080 4.771477 -0.479453
v -2.942356 4.271141 0.326385
v -3.197316 3.783338 0.287787
v -3.276428 3.713293 -0.070328
v -2.591087 4.794143 0.251385
v -2.503338 4.890673 -0.087689
v -3.139190 3.811896 -0.428443
v -2.875925 4.303779 -0.467040
v -2.532961 4.822699 -0.397827
v -3.043540 4.531760 0.259073
v -3.264685 4.203610 0.254848
v -3.332643 4.168212 -0.070328
v -2.682123 4.901615 0.226262
v -2.602691 4.983700 -0.075628
v -3.206101 4.213966 -0.395504
v -2.976588 4.543595 -0.399729
v -2.623541 4.911970 -0.368684
v -3.059550 4.846175 0.212676
v -3.318273 4.637142 0.156098
v -3.377440 4.623094 -0.070328
v -2.765924 5.074527 0.190219
v -2.723517 5.118175 -0.070740
v -3.278947 4.631021 -0.296753
v -3.014606 4.839179 -0.353332
v -2.726599 5.068407 -0.331012
v -3.153539 5.064549 0.149923
v -3.397926 4.847951 0.117721
v -3.452646 4.828170 -0.070328
v -2.887326 5.261385 0.124237
v -2.853370 5.295032 -0.070328
v -3.364296 4.844828 -0.258376
v -3.115106 5.060981 -0.290578
v -2.853697 5.258263 -0.264893
v -3.275552 5.216943 0.138723
v -3.484335 4.959067 0.112592
v -3.536299 4.930207 -0.070328
v -3.082448 5.479411 0.112592
v -3.060872 5.522117 -0.070328
v -3.451375 4.961752 -0.253247
v -3.237883 5.220013 -0.279379
v -3.049489 5.482097 -0.253247
v -3.459215 5.322272 0.137851
v -3.618555 5.049049 0.111828
v -3.664731 5.018626 -0.070328
v -3.352983 5.651354 0.111828
v -3.345054 5.704815 -0.070328
v -3.585824 5.052947 -0.252484
v -3.421807 5.326727 -0.278506
v -3.320252 5.655253 -0.252484
v -3.813304 5.102146 0.107924
v -3.630651 5.369246 0.133388
v -3.867473 5.070991 -0.070328
v -3.666329 5.710006 0.107924
v -3.683639 5.764998 -0.070328
v -3.594769 5.376812 -0.274044
v -3.781908 5.108766 -0.248579
v -3.634933 5.716627 -0.248579
v -3.559845 5.382430 -0.070328
v -3.491820 5.303707 -0.136181
v -3.452859 5.280962 -0.070328
v -3.503079 5.299754 -0.004474
v -3.561316 5.229388 -0.070328
v 1.713633 0.024519 0.722664
v 1.805290 0.017872 0.023893
v 1.064575 0.042525 1.718519
v 0.616799 0.021327 1.969283
v 1.044056 0.011147 1.574278
v 1.364271 0.030047 1.378223
v -1.436287 0.063375 -1.998741
v -0.471378 0.075579 -2.212034
v 0.557266 0.059877 -1.952894
v 1.400195 0.069061 -1.385338
v 1.761235 0.063354 -0.697363
v 1.777269 0.063355 0.744823
v 1.873912 0.056494 0.024167
v 0.642374 0.059875 2.031307
v 1.418163 0.069061 1.421934
v -1.567157 0.063372 2.036465
v -0.515032 0.075576 2.325984
v -2.783028 0.066205 0.689948
v -2.857460 0.066205 0.014093
v -2.764096 0.066205 -0.663244
v -2.268743 0.065408 -1.449097
v -1.411063 0.133166 -1.952563
v -0.467312 0.146333 -2.160241
v 0.538144 0.130402 -1.906522
v 1.359902 0.139238 -1.352686
v 1.713657 0.133664 -0.681030
v 1.729691 0.133664 0.728255
v 1.822606 0.126963 0.023962
v 0.623253 0.130400 1.984934
v 1.377870 0.139238 1.389253
v -1.541932 0.133165 1.990287
v -0.510965 0.146329 2.274191
v -2.734427 0.134915 0.675199
v -2.805898 0.134915 0.014093
v -2.715495 0.134916 -0.648494
v -2.225994 0.134252 -1.419155
v -0.304839 5.926063 1.274570
v -0.735795 5.759108 1.070598
v -0.773366 5.454916 1.280970
v -1.244871 5.271878 1.076997
v -1.203906 4.961276 1.336682
v -1.650884 4.816342 1.144076
v -1.563735 4.432219 1.454799
v -1.958209 4.248435 1.201997
v -1.798982 3.715354 1.524295
v -2.247921 3.466918 1.204547
v -1.964067 2.920605 1.560729
v -2.305518 2.648419 1.206624
v -1.907241 2.130911 1.539955
v -2.163869 1.801371 1.196699
v -1.748512 1.374849 1.472835
v -1.811634 1.131290 1.149426
v -1.331777 0.909375 1.308191
v -1.493174 0.802441 1.056420
v -1.249671 0.674748 1.209627
v -1.585816 0.517216 1.027183
v -1.479443 0.347857 1.355552
v -2.002995 0.234121 1.230859
v -1.886642 0.165510 1.672839
v -2.309628 0.134252 1.428614
v -1.984331 0.117017 1.760827
v -2.359640 0.104013 1.463643
v -2.013890 0.084137 1.793409
v -2.352376 0.065409 1.458556
v -1.973927 0.041469 1.749358
v -2.295200 0.024612 1.418509
v -1.967608 0.009789 1.597979
v -2.257692 0.005466 0.013897
v -2.161011 0.005467 0.827721
v -1.855696 0.009790 -1.581077
v -2.094105 0.005467 -0.800669
v -1.855962 0.041471 -1.734181
v -1.895925 0.084138 -1.778232
v -1.866367 0.117017 -1.745649
v -1.783424 0.165510 -1.656134
v -1.462004 0.347857 -1.331559
v -1.230824 0.674748 -1.195383
v -1.316340 0.909375 -1.299488
v -1.769696 1.374849 -1.486098
v -1.934528 2.130911 -1.556879
v -1.991354 2.920604 -1.577653
v -1.826269 3.715354 -1.541219
v -1.587612 4.432219 -1.469608
v -1.207317 4.961276 -1.338798
v -0.773366 5.454916 -1.280969
v -0.304839 5.926063 -1.274570
v 0.251282 6.503523 -1.274570
v 0.475953 6.956966 -1.194910
v 0.372212 7.026321 -0.637285
v 0.335052 7.026321 0.637285
v 0.311479 7.032067 0.000000
v 0.251282 6.503523 1.274570
v 0.469760 6.956966 1.194910
v 0.227440 6.805639 1.070598
v -0.181041 6.270795 1.070598
v 0.386493 5.490640 1.437972
v 0.142007 5.023074 1.449933
v -0.029522 4.563995 1.559932
v 0.060089 3.789757 1.825582
v 0.189567 3.125821 2.024297
v 0.209788 2.392385 2.128139
v 0.141228 1.769025 2.060924
v 0.024117 1.217238 1.837206
v -0.186701 0.837784 1.514504
v -0.222963 0.620052 1.404480
v -0.137820 0.342686 1.681194
v 0.042996 0.171968 2.105348
v 0.078791 0.122572 2.219433
v 0.085012 0.088433 2.261867
v 0.076602 0.047468 2.204496
v 0.052062 0.017087 2.014373
v -0.068167 0.009431 0.016019
v -0.051266 0.011068 1.055397
v 0.029859 0.017091 -1.917861
v -0.007610 0.011071 -1.015520
v 0.042089 0.047471 -2.098489
v 0.050499 0.088435 -2.155860
v 0.044278 0.122576 -2.113425
v 0.012797 0.171970 -2.009167
v -0.148323 0.342686 -1.639760
v -0.266289 0.620052 -1.357843
v -0.236342 0.837784 -1.529666
v -0.027040 1.217238 -1.881175
v 0.085835 1.769024 -2.052517
v 0.155905 2.392384 -2.113720
v 0.134174 3.125821 -2.005672
v 0.015121 3.789757 -1.805663
v -0.035838 4.563995 -1.557003
v 0.142007 5.023074 -1.449933
v 0.386493 5.490640 -1.437972
v 0.894717 6.214280 -1.437972
v 1.192437 6.776945 -1.345186
v 1.299909 6.843692 -0.701510
v 1.299909 6.843692 0.701510
v 1.341039 6.834419 0.000000
v 0.894717 6.214280 1.437972
v 1.192437 6.776945 1.345186
v 0.657461 6.989937 -0.350958
v 0.036150 7.000521 -0.284739
v 1.130843 6.898636 -0.351905
v 1.518559 6.770388 -0.336480
v 1.841177 6.560133 -0.282326
v 1.833518 5.965550 -0.248450
v 1.937302 5.793103 -0.096288
v 2.720297 6.047192 -0.057904
v 3.456404 6.023417 -0.055671
v 3.960432 5.707500 -0.055977
v 4.286479 5.209359 -0.058069
v 4.403039 4.497754 -0.059580
v 4.221023 3.866995 -0.057955
v 3.837196 3.255733 -0.057642
v 3.557439 2.808294 -0.059109
v 3.474535 2.609872 -0.068561
v 3.318593 2.411561 -0.073906
v 3.124656 2.272059 -0.073111
v 2.979572 2.241353 -0.064459
v 2.910392 2.200968 -0.063315
v 2.804038 2.150733 -0.064210
v 2.616740 2.104528 -0.059138
v 2.466039 2.023218 -0.058243
v 2.345013 1.913130 -0.057097
v 2.197475 1.589763 -0.051065
v 1.988543 1.530047 -0.054748
v 1.815510 1.690096 -0.081524
v 1.707253 1.619109 -0.245986
v 1.441776 1.222133 -0.272207
v 1.071350 0.854875 -0.261470
v 0.807569 0.635212 -0.243237
v 1.190382 0.352762 -0.266432
v 1.697700 0.165109 -0.318901
v 1.821924 0.113269 -0.335096
v 1.864133 0.079401 -0.341883
v 1.807067 0.038070 -0.332707
v 1.608612 0.006246 -0.342497
v 0.571337 -0.001785 -0.458701
v -0.631493 0.020091 -0.516822
v -1.667896 0.006868 -0.460977
v -2.618702 0.011489 -0.321800
v -2.808514 0.044273 -0.307339
v -2.866164 0.087549 -0.315745
v -2.823523 0.119979 -0.309528
v -2.699395 0.167682 -0.294932
v -2.208524 0.351704 -0.254752
v -1.880719 0.698662 -0.272664
v -2.034470 0.950736 -0.294828
v -2.446819 1.394759 -0.281585
v -1.981823 5.061829 -0.269557
v -2.229646 4.866695 -0.288589
v -1.692331 7.071220 -0.058662
v -1.685567 7.171587 -0.117324
v -1.739520 7.095898 -0.165006
v -1.851836 7.084626 -0.094235
v -1.692834 7.396342 -0.094235
v -1.654562 7.276551 -0.165006
v -1.642680 7.184894 -0.058662
v -0.722170 6.105737 -0.267808
v -0.269038 6.585515 -0.273438
v 0.686633 6.984730 1.058698
v 0.171375 6.990768 0.854218
v 1.091347 6.901069 1.090665
v 1.417216 6.795117 1.015266
v 1.658769 6.606954 0.846979
v 1.656344 6.010557 0.742566
v 1.924837 5.792277 0.272159
v 2.728899 6.035441 0.170927
v 3.455539 6.009139 0.167013
v 3.954379 5.693373 0.167932
v 4.277503 5.193927 0.174208
v 4.388586 4.491765 0.178739
v 4.205616 3.865913 0.173864
v 3.821829 3.255730 0.172925
v 3.542014 2.811517 0.177327
v 3.456966 2.614868 0.205682
v 3.301586 2.421319 0.221719
v 3.110361 2.285317 0.219333
v 2.967313 2.253494 0.193377
v 2.898351 2.212894 0.189946
v 2.791826 2.162827 0.192631
v 2.605492 2.115666 0.177415
v 2.454962 2.034189 0.174730
v 2.333683 1.922846 0.171291
v 2.187201 1.595507 0.153196
v 1.992191 1.553129 0.164597
v 1.784691 1.706679 0.245172
v 1.502642 1.664986 0.732967
v 1.232527 1.239860 0.854904
v 0.877535 0.847318 0.906920
v 0.652619 0.624097 0.838675
v 1.007253 0.350231 0.874599
v 1.503003 0.172508 1.028841
v 1.621344 0.122328 1.078319
v 1.659363 0.088640 1.099172
v 1.607962 0.047066 1.070979
v 1.440876 0.014471 1.100270
v 0.567556 0.002585 1.456583
v -0.569911 0.020634 1.651513
v -1.577032 0.006867 1.455811
v -2.414947 0.011489 1.095955
v -2.582000 0.044273 1.063395
v -2.635150 0.087550 1.088614
v -2.595838 0.119978 1.069961
v -2.475457 0.167217 1.015351
v -1.988878 0.348336 0.816364
v -1.684956 0.693567 0.778187
v -1.805259 0.938538 0.839143
v -2.239755 1.446542 0.869410
v -2.443041 2.276968 0.872781
v -2.504586 1.868646 0.617092
v -2.535220 3.131777 0.872781
v -2.642446 2.703979 0.617092
v -2.330106 3.935988 0.874895
v -2.609913 3.588705 0.611294
v -2.009511 4.671216 0.878907
v -2.338577 4.385889 0.613408
v -1.697062 5.060382 0.828987
v -1.163033 5.563205 0.820314
v -1.588873 5.333223 0.603975
v -0.635637 6.027128 0.820314
v -1.034615 5.810604 0.603975
v -0.115928 6.571919 0.820314
v -1.390040 5.624773 0.501832
v -1.720358 5.471381 0.458572
v -1.899416 5.207784 0.439103
v -2.042048 5.264695 0.229286
v -2.024982 5.169617 0.000000
v -0.961857 5.983904 0.439103
v -1.220018 5.876237 0.455552
v -0.915353 6.046822 0.000000
v -1.006805 6.065737 0.224477
v -1.819853 5.207784 -0.439103
v -1.637267 5.471381 -0.458572
v -1.299111 5.624772 -0.501832
v -2.000503 5.264695 -0.229286
v -0.882294 5.983903 -0.439103
v -0.965261 6.065736 -0.228056
v -1.136927 5.876236 -0.455552
v -1.530464 5.772367 0.415858
v -1.821822 5.711356 0.382616
v -1.986750 5.431972 0.366518
v -2.104625 5.550099 0.195223
v -2.095744 5.401628 0.000000
v -1.126991 6.077790 0.346612
v -1.351211 6.040563 0.358781
v -1.052836 6.125201 -0.010736
v -1.099924 6.193831 0.160391
v -1.920338 5.431973 -0.366518
v -1.751551 5.708528 -0.382616
v -1.454565 5.772367 -0.415858
v -2.069489 5.548686 -0.195223
v -1.060581 6.077789 -0.350190
v -1.064789 6.192417 -0.182385
v -1.280941 6.037735 -0.358781
v -1.587980 6.009766 0.325254
v -1.752678 6.039787 0.314548
v -1.990264 5.759657 0.325517
v -1.983388 5.947645 0.180762
v -2.082588 5.746222 0.000000
v -1.191675 6.223726 0.271044
v -1.346034 6.229878 0.278864
v -1.093804 6.259969 -0.012304
v -1.119332 6.316114 0.141721
v -1.931531 5.749761 -0.325517
v -1.691393 6.019348 -0.314548
v -1.520855 5.998455 -0.325254
v -1.952745 5.937425 -0.180762
v -1.132943 6.213828 -0.275146
v -1.088691 6.305893 -0.148436
v -1.284749 6.209438 -0.278864
v -1.474151 6.281443 0.252143
v -1.536889 6.385630 0.233907
v -1.771427 6.172720 0.257468
v -1.683860 6.373085 0.120868
v -1.833776 6.182120 0.000000
v -1.167689 6.351186 0.232744
v -1.259658 6.425195 0.238033
v -1.105870 6.372076 -0.001568
v -1.115592 6.440466 0.124732
v -1.729795 6.150667 -0.257468
v -1.502517 6.359430 -0.233907
v -1.426571 6.256241 -0.252143
v -1.666674 6.359985 -0.120868
v -1.126057 6.329133 -0.233266
v -1.098406 6.427366 -0.125255
v -1.225286 6.398995 -0.238033
v -1.374524 6.535274 0.214539
v -1.487441 6.615512 0.203255
v -1.584107 6.498628 0.186286
v -1.609965 6.598740 0.101628
v -1.624296 6.513660 0.000000
v -1.153426 6.547892 0.196129
v -1.255966 6.664408 0.204896
v -1.122083 6.556652 0.000000
v -1.138295 6.686786 0.103268
v -1.557832 6.477603 -0.186286
v -1.456955 6.595124 -0.203255
v -1.344494 6.511245 -0.214539
v -1.594722 6.588546 -0.101628
v -1.127151 6.526867 -0.196129
v -1.123052 6.676592 -0.103268
v -1.225480 6.644019 -0.204896
v -1.381945 6.738537 0.199380
v -1.514564 6.777758 0.198636
v -1.576120 6.672168 0.174457
v -1.637770 6.745504 0.099318
v -1.616935 6.679883 0.000000
v -1.180477 6.795845 0.174457
v -1.292370 6.868371 0.198636
v -1.153313 6.810701 0.000000
v -1.183320 6.918811 0.099318
v -1.548399 6.657316 -0.174457
v -1.481710 6.763260 -0.198636
v -1.350264 6.721564 -0.199380
v -1.621343 6.738255 -0.099318
v -1.152757 6.780994 -0.174457
v -1.166894 6.911562 -0.099318
v -1.259516 6.853874 -0.198636
v -1.453527 6.910251 0.198388
v -1.617973 6.934635 0.197807
v -1.647546 6.828263 0.173590
v -1.740956 6.899455 0.098904
v -1.690198 6.832673 0.000000
v -1.257620 6.995828 0.173590
v -1.402342 7.038054 0.197807
v -1.232098 7.014863 0.000000
v -1.299379 7.098778 0.098904
v -1.618457 6.816299 -0.173590
v -1.584709 6.921413 -0.197807
v -1.420282 6.896578 -0.198388
v -1.724325 6.892844 -0.098904
v -1.228531 6.983865 -0.173590
v -1.282748 7.092167 -0.098904
v -1.369078 7.024832 -0.197807
v -1.699645 7.018323 0.193567
v -1.651508 7.123950 0.190728
v -1.823801 7.036834 0.166887
v -1.820783 6.982031 0.096784
v -1.868670 7.040537 0.000000
v -1.531505 7.165737 0.193567
v -1.606083 7.328869 0.166887
v -1.473851 7.270470 0.096784
v -1.606638 7.367445 0.000000
v -1.666246 7.008390 -0.193567
v -1.794499 7.030071 -0.166887
v -1.618020 7.116221 -0.190728
v -1.804084 6.977065 -0.096784
v -1.457153 7.265505 -0.096784
v -1.576782 7.322107 -0.166887
v -1.498108 7.155806 -0.193567
v -1.559825 7.037610 0.196064
v -1.744326 6.946344 0.171556
v -1.394374 7.160066 0.171556
v -1.374075 7.184924 0.000000
v -1.365220 7.149682 -0.171556
v -1.526506 7.025740 -0.196064
v -1.715172 6.935959 -0.171556
v -1.786715 6.949235 0.000000
v -1.362581 6.808705 -0.043019
v -1.311650 6.688811 -0.039108
v -1.324155 6.746661 0.000000
v -1.370277 6.809941 0.043019
v -1.318647 6.689934 0.039108
v -1.407503 6.726935 0.043019
v -1.357997 6.671202 0.000000
v -1.399807 6.725699 -0.043019
v -1.494039 6.925269 -0.070394
v -1.521732 7.033312 0.000000
v -1.506632 6.927291 0.070394
v -1.582648 6.897484 0.000000
v -4.228753 2.349034 0.165006
v -4.273805 2.434443 0.117324
v -4.177782 2.399688 0.058662
v -4.265036 2.304788 0.000000
v -4.253502 2.251468 0.094235
v -4.364450 2.495457 0.165006
v -4.482999 2.515626 0.094235
v -4.438658 2.481997 -0.000000
v -4.264594 2.488293 0.058662
v -4.172289 2.408788 -0.058662
v -4.262820 2.452644 -0.117324
v -4.212841 2.374274 -0.165006
v -4.244447 2.265908 -0.094235
v -4.473945 2.530066 -0.094235
v -4.348538 2.520696 -0.165006
v -4.259101 2.497393 -0.058662
v -2.691767 2.284197 0.501832
v -2.732316 1.944528 0.458572
v -2.576387 1.618740 0.439103
v -2.692686 1.574594 0.229286
v -2.606001 1.515283 -0.001749
v -2.804300 2.873839 0.439103
v -2.858111 2.532358 0.455552
v -2.832567 3.171753 0.254883
v -2.861800 2.972958 -0.001749
v -2.927139 2.777324 0.224477
v -2.559263 1.652315 -0.451345
v -2.704822 2.010088 -0.462069
v -2.672197 2.322570 -0.515823
v -2.678939 1.607374 -0.231035
v -2.822788 3.179144 -0.282958
v -2.787176 2.907414 -0.451345
v -2.913391 2.810103 -0.229805
v -2.830616 2.597918 -0.459050
v -2.917499 2.233183 0.415858
v -2.976374 1.952419 0.382616
v -2.801733 1.699799 0.366518
v -2.936523 1.630628 0.195223
v -2.818186 1.588193 0.000000
v -3.007769 2.647397 0.346612
v -3.082320 2.460829 0.358781
v -3.017617 2.721669 -0.010736
v -3.111032 2.700812 0.160391
v -2.776865 1.761379 -0.366518
v -2.947438 2.016519 -0.382616
v -2.889078 2.303560 -0.415858
v -2.922055 1.662678 -0.195223
v -2.982900 2.708975 -0.350190
v -3.096564 2.732860 -0.182385
v -3.053385 2.524928 -0.358781
v -3.157772 2.265763 0.325254
v -3.249648 2.117183 0.314548
v -3.080459 1.813497 0.325517
v -3.250600 1.868755 0.180762
v -3.102572 1.722859 0.000000
v -3.183999 2.626925 0.271044
v -3.265177 2.509874 0.278864
v -3.176996 2.716842 -0.012304
v -3.251786 2.696825 0.141721
v -3.049289 1.864251 -0.325517
v -3.207748 2.166355 -0.314548
v -3.122148 2.323768 -0.325254
v -3.229650 1.893341 -0.180762
v -3.152828 2.677678 -0.275146
v -3.230835 2.721411 -0.148436
v -3.223275 2.559046 -0.278864
v -3.366988 2.394110 0.252143
v -3.479966 2.317709 0.233907
v -3.375150 2.085043 0.257468
v -3.523368 2.176734 0.120868
v -3.407213 2.030749 0.000000
v -3.330944 2.660637 0.232744
v -3.435439 2.588145 0.238033
v -3.329507 2.718488 -0.001568
v -3.418250 2.726007 0.124732
v -3.339113 2.115388 -0.257468
v -3.442802 2.339771 -0.233907
v -3.325802 2.428790 -0.252143
v -3.504786 2.187764 -0.120868
v -3.294907 2.690982 -0.233266
v -3.399668 2.737037 -0.125255
v -3.398274 2.610206 -0.238033
v -3.560382 2.503956 0.214539
v -3.673014 2.428130 0.203255
v -3.600831 2.294728 0.186286
v -3.703341 2.308239 0.101628
v -3.629818 2.263092 0.000000
v -3.513598 2.720715 0.196129
v -3.635726 2.662243 0.204896
v -3.514036 2.754228 0.000000
v -3.616464 2.780903 0.103268
v -3.571496 2.311219 -0.186286
v -3.642693 2.448764 -0.203255
v -3.526857 2.522803 -0.214539
v -3.688181 2.318556 -0.101628
v -3.484264 2.737205 -0.196129
v -3.601304 2.791220 -0.103268
v -3.605405 2.682877 -0.204896
v -3.747585 2.572017 0.199380
v -3.833611 2.463734 0.198636
v -3.758753 2.367117 0.174457
v -3.849839 2.337414 0.099318
v -3.781191 2.332161 0.000000
v -3.725282 2.780286 0.174457
v -3.834430 2.703693 0.198636
v -3.728885 2.811037 0.000000
v -3.840365 2.823696 0.099318
v -3.734601 2.387260 -0.174457
v -3.807866 2.488769 -0.198636
v -3.719982 2.595038 -0.199380
v -3.836966 2.349932 -0.099318
v -3.701131 2.800429 -0.174457
v -3.827493 2.836213 -0.099318
v -3.808685 2.728728 -0.198636
v -3.933609 2.569942 0.198388
v -4.017797 2.426592 0.197807
v -3.930238 2.359339 0.173590
v -4.031229 2.299383 0.098904
v -3.950298 2.321441 0.000000
v -3.939602 2.783641 0.173590
v -4.032948 2.665260 0.197807
v -3.947695 2.814434 0.000000
v -4.050699 2.783470 0.098904
v -3.908251 2.381832 -0.173590
v -3.993081 2.452484 -0.197807
v -3.908482 2.595649 -0.198388
v -4.018871 2.312329 -0.098904
v -3.917616 2.806134 -0.173590
v -4.038341 2.796416 -0.098904
v -4.008232 2.691152 -0.197807
v -4.125978 2.382200 0.193567
v -4.205896 2.466386 0.190728
v -4.189634 2.274008 0.166887
v -4.137689 2.256285 0.096784
v -4.209869 2.233790 0.000000
v -4.199708 2.593306 0.193567
v -4.378897 2.585240 0.166887
v -4.275232 2.685983 0.096784
v -4.414874 2.599170 0.000000
v -4.104262 2.409449 -0.193567
v -4.172391 2.298646 -0.166887
v -4.186189 2.494544 -0.190728
v -4.126831 2.269910 -0.096784
v -4.264374 2.699607 -0.096784
v -4.361654 2.609876 -0.166887
v -4.177992 2.620554 -0.193567
v -4.091506 2.519069 0.196064
v -4.075968 2.313816 0.171556
v -4.143100 2.718337 0.171556
v -4.158547 2.746468 0.000000
v -4.122553 2.741480 -0.171556
v -4.068024 2.545519 -0.196064
v -4.055422 2.336960 -0.171556
v -4.094522 2.275594 0.000000
v -3.805396 2.616248 -0.043019
v -3.675153 2.618578 -0.039108
v -3.733478 2.628646 0.000000
v -3.809424 2.609575 0.043019
v -3.678815 2.612511 0.039108
v -3.746397 2.543975 0.043019
v -3.676180 2.569009 0.000000
v -3.742369 2.550648 -0.043019
v -3.962705 2.538002 -0.070394
v -4.073257 2.552781 0.000000
v -3.969296 2.527082 0.070394
v -3.970122 2.445436 0.000000
v -3.945173 5.276727 0.103329
v -3.909864 5.443591 0.053147
v -3.902785 5.306818 -0.008590
v -4.058659 5.228072 -0.070328
v -4.077840 5.161669 0.028848
v -3.954714 5.597435 0.103329
v -4.087474 5.722932 0.028848
v -4.040917 5.636725 -0.070328
v -3.868725 5.512952 -0.008590
v -3.892230 5.310524 -0.132065
v -3.888754 5.451002 -0.193803
v -3.915348 5.286551 -0.243985
v -4.060816 5.167322 -0.169504
v -4.070451 5.728585 -0.169504
v -3.924890 5.607259 -0.243985
v -3.858170 5.516658 -0.132065
v -2.615871 4.054721 0.478643
v -2.888001 3.776859 0.417494
v -2.868376 3.393809 0.414417
v -3.092019 3.419130 0.177978
v -2.964709 3.317758 -0.036913
v -2.361165 4.723525 0.414417
v -2.573285 4.479071 0.414316
v -2.360506 4.840417 -0.036913
v -2.429484 4.831411 0.172918
v -2.831311 3.411974 -0.496987
v -2.821570 3.812330 -0.544065
v -2.573510 4.075482 -0.562962
v -3.058805 3.436866 -0.302801
v -2.324100 4.741691 -0.496987
v -2.396269 4.849146 -0.301506
v -2.506853 4.514541 -0.540887
v -2.846368 4.193882 0.367334
v -3.090447 3.990214 0.334843
v -3.123783 3.633036 0.315407
v -3.262536 3.711427 0.135130
v -3.211149 3.549756 -0.070328
v -2.531354 4.762548 0.294457
v -2.753472 4.565208 0.312503
v -2.470998 4.857472 -0.081627
v -2.522491 4.879677 0.101217
v -3.062342 3.666354 -0.456062
v -3.024016 4.022852 -0.475498
v -2.776150 4.231960 -0.507990
v -3.229320 3.727746 -0.275786
v -2.469913 4.795864 -0.438879
v -2.489277 4.895994 -0.265020
v -2.687042 4.597844 -0.453159
v -3.007706 4.387479 0.289688
v -3.176769 4.340242 0.279178
v -3.239135 3.979753 0.274750
v -3.320860 4.163018 0.119912
v -3.312090 3.926954 -0.070328
v -2.639889 4.839524 0.233890
v -2.851426 4.737011 0.260709
v -2.548487 4.932359 -0.083277
v -2.617330 4.971191 0.097910
v -3.179832 4.000063 -0.415406
v -3.109817 4.352077 -0.419833
v -2.939930 4.410690 -0.430343
v -3.287384 4.168936 -0.260568
v -2.580586 4.859832 -0.378862
v -2.583854 4.977108 -0.245632
v -2.784474 4.748846 -0.401364
v -3.050981 4.692846 0.236371
v -3.207593 4.723644 0.199346
v -3.289412 4.436235 0.206635
v -3.371104 4.617257 0.056878
v -3.352594 4.414535 -0.070328
v -2.722155 4.983339 0.212790
v -2.894632 4.974142 0.222140
v -2.662192 5.045863 -0.071978
v -2.726516 5.114309 0.079396
v -3.239832 4.436719 -0.347290
v -3.162648 4.716649 -0.340002
v -2.994318 4.693399 -0.377026
v -3.348632 4.613759 -0.197533
v -2.672576 4.983822 -0.353996
v -2.704044 5.110812 -0.220602
v -2.849687 4.967147 -0.362795
v -3.098772 4.967183 0.179086
v -3.292686 4.941361 0.147086
v -3.356225 4.765843 0.129227
v -3.446974 4.823558 0.036628
v -3.412676 4.751059 -0.070328
v -2.819372 5.165016 0.155293
v -3.002767 5.178272 0.151430
v -2.783194 5.199963 -0.070328
v -2.854177 5.292740 0.040973
v -3.321368 4.759572 -0.269883
v -3.254253 4.937793 -0.287741
v -3.058934 4.960017 -0.319742
v -3.427757 4.821774 -0.177284
v -2.784515 5.158746 -0.295949
v -2.834960 5.290956 -0.181628
v -2.964333 5.174704 -0.292086
v -3.208748 5.146947 0.139506
v -3.391036 5.068522 0.138723
v -3.438030 4.909079 0.113276
v -3.530047 4.926720 0.034198
v -3.491693 4.884167 -0.070328
v -2.974617 5.370217 0.113276
v -3.163284 5.366187 0.138723
v -2.946195 5.407189 -0.070328
v -3.061261 5.519770 0.034198
v -3.404932 4.909245 -0.253932
v -3.353367 5.071592 -0.279379
v -3.170922 5.147138 -0.280161
v -3.511213 4.928254 -0.174853
v -2.941520 5.370384 -0.253932
v -3.042428 5.521305 -0.174853
v -3.125615 5.369257 -0.279379
v -3.365107 5.277103 0.138462
v -3.543223 5.160782 0.137851
v -3.544636 5.007754 0.112364
v -3.658376 5.015384 0.033761
v -3.592942 4.977447 -0.070328
v -3.212021 5.576866 0.112364
v -3.393369 5.505210 0.137851
v -3.196603 5.625500 -0.070328
v -3.345355 5.702463 0.033761
v -3.511722 5.011279 -0.253019
v -3.505815 5.165237 -0.278506
v -3.327490 5.281132 -0.279118
v -3.639672 5.017611 -0.174417
v -3.179107 5.580391 -0.253019
v -3.326651 5.704691 -0.174417
v -3.355962 5.509666 -0.278506
v -3.713845 5.209962 0.133388
v -3.756289 5.405186 0.130400
v -3.948517 5.135863 0.105309
v -3.861029 5.068400 0.031530
v -4.007243 5.102133 -0.070328
v -3.631724 5.557392 0.133388
v -3.895346 5.718675 0.105309
v -3.683727 5.762692 0.031530
v -3.930818 5.768497 -0.070328
v -3.677963 5.217528 -0.274044
v -3.918015 5.144307 -0.245965
v -3.721430 5.414836 -0.271056
v -3.843089 5.072184 -0.172186
v -3.665787 5.766475 -0.172186
v -3.864845 5.727119 -0.245965
v -3.595844 5.564958 -0.274044
v -3.539678 5.347297 0.136015
v -3.705714 5.076860 0.110223
v -3.494980 5.691650 0.110223
v -3.497892 5.747543 -0.070328
v -3.462798 5.696668 -0.250878
v -3.502897 5.353031 -0.276671
v -3.673532 5.081878 -0.250878
v -3.754772 5.046481 -0.070328
v -3.525705 5.357891 -0.115602
v -3.439967 5.281663 -0.111486
v -3.480558 5.328912 -0.070328
v -3.533445 5.355173 -0.025054
v -3.447004 5.279193 -0.029169
v -3.534207 5.250252 -0.025054
v -3.474011 5.242121 -0.070328
v -3.526467 5.252969 -0.115602
v -3.649176 5.362897 -0.144413
v -3.721037 5.458413 -0.070328
v -3.661842 5.358451 0.003757
v -3.757035 5.245480 -0.070328
v 0.145335 6.132719 1.415481
v 0.028064 5.739559 1.476578
v 0.444245 5.955894 1.477521
v 0.551155 6.374204 1.476578
v 0.833209 5.714140 1.357572
v 0.749722 5.188393 1.235964
v 1.179207 5.472412 1.026136
v 1.273336 6.029872 1.235964
v 0.584199 6.718622 1.415481
v 0.897119 6.610026 1.477521
v 0.856724 6.874893 1.381379
v 1.254202 6.477825 1.357572
v 1.549375 6.352474 1.060946
v 1.489804 6.667008 1.158717
v 0.651268 6.989937 0.350958
v 0.915635 6.946455 0.720813
v 1.130843 6.898636 0.351905
v 0.912944 6.948430 0.000000
v 1.518559 6.770388 0.336480
v 1.635867 6.721813 0.617982
v 1.841177 6.560132 0.282326
v 1.744249 6.693992 0.000000
v 0.692827 6.984730 -1.058698
v 0.915635 6.946455 -0.720813
v 1.091347 6.901069 -1.090665
v 0.856724 6.874893 -1.381379
v 1.417216 6.795117 -1.015266
v 1.635867 6.721813 -0.617982
v 1.658769 6.606954 -0.846979
v 1.489804 6.667008 -1.158716
v 0.584199 6.718622 -1.415481
v 0.897119 6.610026 -1.477521
v 0.551155 6.374204 -1.476578
v 1.254201 6.477825 -1.357572
v 1.549375 6.352474 -1.060946
v 1.273336 6.029872 -1.235964
v 0.145335 6.132719 -1.415481
v 0.444245 5.955894 -1.477521
v 0.028064 5.739559 -1.476578
v 0.833209 5.714140 -1.357572
v 1.179207 5.472412 -1.027528
v 0.749722 5.188393 -1.235964
v -1.038271 0.015398 -1.022082
v -1.454935 0.006868 -1.423052
v -0.948838 0.019561 -1.938545
v -0.492120 0.020637 -1.580507
v 1.107274 0.001242 -0.809653
v 0.531661 0.002587 -1.400255
v 0.989184 0.011148 -1.523160
v 1.423875 0.014471 -1.059347
v -1.147014 0.015397 1.056172
v -1.724558 0.006868 0.488574
v -1.249701 0.015398 0.013700
v -0.687457 0.020090 0.545216
v 1.122939 0.001241 0.852645
v 0.564679 -0.001785 0.494700
v 1.191186 -0.003675 0.021057
v 1.617965 0.006247 0.389388
v 1.633129 4.698579 -0.126146
v 1.904624 5.072085 -0.220775
v 2.289265 5.437220 -0.117975
v 1.946919 5.048615 -0.000000
v 1.633129 4.698579 0.126146
v 2.289265 5.437220 0.117975
v 1.904624 5.072085 0.220775
v 1.761338 6.290615 -0.546876
v 1.656344 6.010557 -0.743958
v 1.761338 6.290615 0.546876
v 1.833518 5.965550 0.247058
v 1.911160 6.252157 0.000000
v -0.586092 6.027128 -0.820314
v -0.417319 6.305943 -0.546876
v -0.066383 6.571919 -0.820314
v -0.168655 6.270795 -1.070597
v -0.770695 6.105737 0.267808
v -0.491636 6.305943 0.546876
v -0.318584 6.585515 0.273438
v -0.536534 6.319675 0.000000
v -0.053954 6.827530 -0.546876
v 0.214727 6.990768 -0.854218
v 0.239827 6.805639 -1.070597
v -0.128272 6.827530 0.546876
v -0.007202 7.000521 0.284739
v -0.163480 6.835959 0.000000
v -0.719229 5.133676 -1.459514
v -0.306499 5.263209 -1.488615
v -0.195670 4.948426 -1.524069
v -0.596275 4.790258 -1.591832
v -1.504209 5.333223 -0.603975
v -1.113488 5.563205 -0.820314
v -1.232485 5.271878 -1.076997
v -1.654845 5.060382 -0.830274
v 0.252698 4.681274 -1.401150
v 0.533145 4.747270 -1.242288
v 0.645264 4.433532 -0.998910
v 0.446940 4.305582 -1.295758
v 0.825282 4.582980 -0.546876
v 0.847780 4.359558 0.000000
v 0.822445 4.139279 -0.546876
v -0.306499 5.263209 1.488615
v -0.719229 5.133676 1.459514
v -0.594508 4.790258 1.592767
v -0.195670 4.948426 1.524069
v -1.768882 7.101201 0.165006
v -1.706556 7.174957 0.117324
v -1.702826 7.072906 0.058662
v -1.823495 7.118276 0.000000
v -1.868616 7.087615 0.094235
v 0.825282 4.582980 0.546876
v 0.645264 4.433532 0.998910
v 0.822445 4.139279 0.546876
v 0.533145 4.747270 1.242288
v 0.252698 4.681274 1.401150
v 0.453256 4.305582 1.295175
v -0.355293 5.585877 -1.415481
v 0.039460 5.370888 -1.477521
v 0.434032 5.082610 -1.357572
v 0.765577 4.817269 -0.992586
v 0.990045 4.870319 -0.496467
v 0.960918 4.740202 0.000000
v 0.990045 4.870319 0.495075
v 0.765577 4.817269 0.992586
v 0.434032 5.082610 1.357572
v -0.355293 5.585877 1.415481
v 0.039460 5.370888 1.477521
v -1.683924 7.281853 0.165006
v -1.709613 7.399330 0.094235
v -1.724192 7.345623 -0.000000
v -1.653175 7.186580 0.058662
v -0.949951 5.810604 -0.603975
v -0.723409 5.759108 -1.070597
v -1.110411 4.579552 -1.598868
v -0.375522 4.295137 -1.716016
v -0.869222 4.042819 -1.814840
v -1.992051 4.921665 -0.565580
v -1.655813 4.816342 -1.145630
v -2.011261 4.671216 -0.887916
v 0.274191 4.101906 -1.557684
v 0.772840 3.935821 -1.020764
v 0.689785 3.705167 -1.405072
v 1.056579 3.856831 0.000000
v 1.165435 3.608538 -0.546876
v -1.098165 4.579552 1.587377
v -0.856092 4.042819 1.820801
v -0.367439 4.295137 1.733929
v -2.030621 4.921665 0.555549
v -2.024664 5.061829 0.267808
v -2.138013 4.965135 -0.001749
v -2.243680 4.864100 0.260514
v 0.779156 3.935821 1.020180
v 1.165435 3.608538 0.546876
v 0.312083 4.101906 1.557695
v 0.733992 3.705167 1.400987
v -1.478694 3.132728 -1.881282
v -0.924862 3.328425 -2.011310
v -0.395671 2.790335 -2.153597
v -0.982899 2.546873 -2.119815
v -2.597518 3.593894 -0.648939
v -2.339183 3.935988 -0.885191
v -2.270164 3.466918 -1.207657
v -2.544297 3.131776 -0.883077
v 0.648593 2.783983 -1.860173
v 0.947445 3.127789 -1.484696
v 1.309462 2.809035 -1.061156
v 1.034422 2.471852 -1.521278
v 1.511156 3.058251 -0.546876
v 1.740523 2.720024 0.000000
v 1.676368 2.512043 -0.491971
v -0.905855 3.328425 2.013983
v -1.453135 3.132728 1.856410
v -0.965402 2.546873 2.118282
v -0.373103 2.790334 2.178079
v 1.511156 3.058251 0.546876
v 1.322093 2.809035 1.059989
v 1.676003 2.511432 0.492206
v 0.997967 3.127789 1.480028
v 0.725444 2.783983 1.858304
v 1.084945 2.471852 1.516610
v -1.371670 3.896289 -1.766691
v -0.406461 3.519188 -1.971525
v 0.504348 3.435196 -1.744551
v 1.103014 3.389697 -1.046102
v 1.479313 3.306764 0.000000
v 1.115645 3.389697 1.044935
v 0.580893 3.435196 1.743990
v -1.346418 3.896289 1.743127
v -0.385732 3.519188 2.003853
v -2.326182 4.391080 -0.651053
v -1.980451 4.248435 -1.205106
v -1.471586 1.645935 -1.819571
v -0.982216 1.879536 -2.058366
v -0.430162 1.489782 -2.050264
v -0.913801 1.261828 -1.890678
v -2.497889 1.878239 -0.637154
v -2.452117 2.276967 -0.883077
v -2.186111 1.801370 -1.199808
v -2.243328 1.446542 -0.878105
v 0.462955 1.492710 -1.800297
v 0.960879 1.793392 -1.495988
v 1.158161 1.497063 -1.129423
v 0.695377 1.243448 -1.451916
v 1.498556 1.665903 -0.731686
v 1.483416 1.454735 -0.548153
v 1.206164 1.239860 -0.842416
v -0.963209 1.879536 2.050821
v -1.446333 1.645935 1.785790
v -0.901492 1.261828 1.828662
v -0.409433 1.489783 2.021288
v 1.707395 1.618803 0.246103
v 1.489670 1.454735 0.549082
v 1.445660 1.222134 0.282019
v 1.645663 1.436536 0.000000
v 1.015712 1.793393 1.492249
v 0.543809 1.492711 1.790448
v 0.769073 1.243449 1.461986
v 1.196976 1.497063 1.133829
v -1.523951 2.367797 -1.897468
v -0.425835 2.084303 -2.180055
v 0.624986 2.099580 -1.874701
v 1.342748 2.130231 -1.081060
v 0.701837 2.099580 1.872833
v 1.354649 2.129008 1.080362
v -1.498392 2.367797 1.872596
v -0.403266 2.084303 2.204537
v -2.635748 2.713571 -0.637154
v -2.327760 2.648418 -1.209734
v -1.213993 1.068093 -1.601669
v -0.447264 1.005711 -1.772732
v -0.746023 0.860954 -1.563631
v -2.151436 1.160170 -0.574550
v -1.804923 1.131289 -1.142940
v -1.775803 0.938538 -0.838232
v 0.164365 1.011228 -1.568249
v 0.835614 1.024946 -1.133800
v 0.340464 0.842159 -1.278933
v 1.177806 1.020738 -0.565175
v 0.871864 0.847318 -0.858513
v -1.205261 1.068093 1.574833
v -0.750003 0.860953 1.517848
v -0.437097 1.005711 1.693387
v -2.165606 1.160171 0.554570
v -2.453490 1.389963 0.265755
v -2.273438 1.177648 -0.015296
v -2.046722 0.950736 0.255723
v 1.192324 1.020738 0.592525
v 1.085204 0.854875 0.330157
v 1.294584 1.022001 0.024591
v 0.244428 1.011229 1.581327
v 0.387669 0.842160 1.338420
v 0.856777 1.024947 1.172254
v -0.966473 0.767161 -1.356796
v -0.472598 0.730233 -1.449251
v -0.716528 0.639516 -1.390464
v -1.808439 0.813368 -0.542263
v -1.457509 0.802441 -1.040337
v -1.649435 0.693568 -0.772565
v -0.067082 0.724159 -1.304509
v 0.475779 0.724865 -1.050341
v 0.174557 0.619043 -1.171052
v 0.819255 0.734916 -0.548334
v 0.595985 0.624096 -0.792037
v -0.973500 0.767161 1.356756
v -0.722275 0.639516 1.408475
v -0.468430 0.730233 1.438647
v -1.833954 0.813368 0.522365
v -1.940922 0.818580 -0.027094
v -1.897393 0.698662 0.238732
v 0.846622 0.734916 0.600246
v 0.820818 0.635212 0.316486
v 0.904968 0.743621 0.049182
v 0.019815 0.724159 1.358507
v 0.267015 0.619043 1.228974
v 0.520104 0.724866 1.111698
v -1.270900 0.237181 -1.725316
v -0.827024 0.345786 -1.657050
v -0.482303 0.242935 -1.900672
v -0.930652 0.174010 -2.031013
v -2.379770 0.235389 -0.570860
v -1.948950 0.348336 -0.793406
v -1.956247 0.234121 -1.212429
v -2.428714 0.167217 -0.997269
v 0.360458 0.236998 -1.697684
v 0.541098 0.345913 -1.341481
v 1.083317 0.243932 -1.212316
v 0.927154 0.168081 -1.599387
v 0.996238 0.350231 -0.840924
v 1.384132 0.242733 -0.607166
v 1.493650 0.172507 -0.990972
v -0.840650 0.345786 1.691258
v -1.336335 0.237180 1.757878
v -1.020286 0.174009 2.105242
v -0.504129 0.242935 1.971347
v -2.418821 0.235389 0.597912
v -2.240485 0.351704 0.273587
v -2.505903 0.236783 0.013897
v -2.709217 0.167682 0.323708
v 1.193603 0.352762 0.309694
v 1.392148 0.242733 0.647444
v 1.707053 0.165110 0.366039
v 1.508054 0.240458 0.021426
v 0.563550 0.345913 1.376245
v 0.403012 0.236996 1.750590
v 0.980690 0.168080 1.648739
v 1.092301 0.243932 1.244670
v 1.157601 4.856035 -0.195400
v 1.335995 4.879251 -0.258667
v 1.311669 4.647374 -0.149270
v 1.216800 4.744405 -0.002784
v 1.496405 5.297283 -0.385044
v 1.997784 5.603205 -0.286761
v 1.725571 5.159527 -0.297347
v 2.187201 1.595506 -0.153196
v 2.094208 1.527248 -0.104921
v 1.992738 1.554046 -0.164245
v 2.113465 1.604196 -0.201630
v 1.157601 4.856035 0.187047
v 1.311669 4.647374 0.147878
v 1.335995 4.879251 0.253099
v 2.197475 1.589763 0.051065
v 2.094209 1.527248 0.104921
v 1.988361 1.529741 0.054866
v 2.096312 1.515893 0.000000
v 1.496405 5.297283 0.376691
v 1.725571 5.159527 0.295955
v 1.997784 5.603205 0.281888
v 1.608577 5.724234 -0.643177
v 1.110659 5.025453 -0.601818
v 1.775721 5.820886 -0.344187
v 1.924837 5.792277 -0.280512
v 1.775721 5.820886 0.338618
v 1.937302 5.793103 0.087935
v 1.847156 5.803965 -0.002784
v 1.110659 5.025453 0.596250
v 1.608577 5.724234 0.637608
v 1.110905 4.892851 -0.002784
v 1.537953 4.738631 -0.242174
v 1.430581 4.581804 0.000000
v 1.537953 4.738631 0.242174
v 2.196927 5.499037 0.269182
v 1.893042 1.619204 0.110605
v 1.814416 1.688262 0.082227
v 1.890867 1.604709 0.000117
v 1.894501 1.621650 -0.109667
v 1.787974 1.712181 -0.243062
v 1.920954 1.715938 -0.208235
v 2.196927 5.499037 -0.269181
v 2.288337 5.907043 -0.126419
v 2.728899 6.035441 -0.172319
v 2.322177 5.883001 -0.238521
v 2.776103 5.949152 -0.244982
v 2.475132 5.772298 -0.269718
v 2.288337 5.907043 0.120851
v 2.720297 6.047192 0.056511
v 2.278827 5.914484 -0.002784
v 2.475132 5.772298 0.269022
v 2.776103 5.949152 0.244286
v 2.322177 5.883001 0.233649
v 2.590493 5.650666 0.199535
v 2.857422 5.783519 0.231619
v 2.621251 5.620966 -0.000000
v 2.904444 5.686550 0.101400
v 2.590493 5.650666 -0.199535
v 2.904444 5.686550 -0.101400
v 2.857422 5.783519 -0.231619
v 3.116925 6.072883 -0.111342
v 3.455539 6.009139 -0.167013
v 3.121090 6.039280 -0.212611
v 3.429178 5.915128 -0.238063
v 3.128776 5.882955 -0.242587
v 3.116925 6.072883 0.111342
v 3.456404 6.023417 0.055671
v 3.114142 6.082890 0.000000
v 3.128776 5.882955 0.242587
v 3.429178 5.915127 0.238063
v 3.121090 6.039280 0.212611
v 3.140967 5.719114 0.179694
v 3.378905 5.735726 0.225397
v 3.147332 5.679339 0.000000
v 3.353695 5.628920 0.098676
v 3.140967 5.719114 -0.179694
v 3.353695 5.628920 -0.098676
v 3.378905 5.735726 -0.225397
v 3.732385 5.886039 -0.111342
v 3.954379 5.693373 -0.167932
v 3.717617 5.853308 -0.212611
v 3.894042 5.611028 -0.239374
v 3.638327 5.707480 -0.242587
v 3.732385 5.886039 0.111342
v 3.960432 5.707500 0.055977
v 3.735386 5.896639 0.000000
v 3.638327 5.707480 0.242587
v 3.894042 5.611028 0.239374
v 3.717617 5.853308 0.212611
v 3.558970 5.552360 0.179694
v 3.778546 5.450989 0.226638
v 3.542788 5.512823 0.000000
v 3.714307 5.352104 0.099219
v 3.558970 5.552360 -0.179694
v 3.714307 5.352104 -0.099219
v 3.778546 5.450989 -0.226638
v 4.142272 5.477738 -0.113794
v 4.277503 5.193927 -0.174208
v 4.119267 5.446159 -0.217293
v 4.197897 5.123007 -0.248320
v 4.001898 5.313036 -0.247929
v 4.142272 5.477738 0.113794
v 4.286479 5.209359 0.058069
v 4.147808 5.489346 0.000000
v 4.001898 5.313036 0.247929
v 4.197897 5.123007 0.248320
v 4.119267 5.446159 0.217293
v 3.880505 5.153322 0.183652
v 4.043706 4.970315 0.235108
v 3.854111 5.111009 -0.000000
v 3.955657 4.865395 0.102927
v 3.880505 5.153322 -0.183652
v 3.955657 4.865395 -0.102927
v 4.043706 4.970315 -0.235108
v 4.371570 4.855846 -0.118269
v 4.388586 4.491765 -0.178739
v 4.339338 4.836111 -0.225838
v 4.283944 4.475838 -0.254779
v 4.183498 4.760744 -0.257679
v 4.371570 4.855846 0.118269
v 4.403039 4.497754 0.059580
v 4.380441 4.864278 0.000000
v 4.183498 4.760744 0.257679
v 4.283944 4.475838 0.254779
v 4.339338 4.836111 0.225838
v 4.020205 4.660624 0.190874
v 4.083883 4.442524 0.241224
v 3.982344 4.632003 -0.000000
v 3.966784 4.416155 0.105605
v 4.020205 4.660624 -0.190874
v 3.966784 4.416155 -0.105605
v 4.083883 4.442524 -0.241224
v 4.339523 4.172794 -0.117787
v 4.205616 3.865913 -0.173864
v 4.301378 4.171679 -0.224919
v 4.101266 3.880914 -0.247829
v 4.125163 4.179602 -0.256629
v 4.339523 4.172794 0.117787
v 4.221023 3.866995 0.057955
v 4.351048 4.174859 0.000000
v 4.125163 4.179602 0.256629
v 4.101266 3.880914 0.247829
v 4.301379 4.171679 0.224919
v 3.940032 4.183265 0.190097
v 3.902142 3.909506 0.234643
v 3.894728 4.180334 -0.000000
v 3.784257 3.921475 0.102724
v 3.940032 4.183265 -0.190097
v 3.784257 3.921475 -0.102724
v 3.902141 3.909506 -0.234643
v 4.027818 3.552244 -0.115283
v 3.821829 3.255730 -0.172925
v 3.990342 3.556534 -0.220137
v 3.719302 3.277872 -0.246490
v 3.819063 3.589146 -0.251174
v 4.027818 3.552244 0.115283
v 3.837196 3.255733 0.057642
v 4.039383 3.552638 0.000000
v 3.819063 3.589146 0.251174
v 3.719302 3.277872 0.246490
v 3.990342 3.556534 0.220137
v 3.638464 3.618847 0.186055
v 3.523654 3.320092 0.233376
v 3.593730 3.622370 -0.000000
v 3.407482 3.340166 0.102169
v 3.638464 3.618847 -0.186055
v 3.407482 3.340166 -0.102169
v 3.523654 3.320092 -0.233376
v 3.664897 3.002482 -0.115283
v 3.542014 2.811517 -0.177327
v 3.628695 3.011745 -0.220137
v 3.443743 2.855269 -0.252766
v 3.464985 3.066846 -0.251174
v 3.664897 3.002482 0.115283
v 3.557439 2.808294 0.059109
v 3.676301 3.001309 0.000000
v 3.464985 3.066846 0.251174
v 3.443743 2.855269 0.252766
v 3.628695 3.011745 0.220137
v 3.291736 3.120345 0.186055
v 3.256209 2.938727 0.239318
v 3.248306 3.129835 -0.000000
v 3.143808 2.983267 0.104770
v 3.291736 3.120345 -0.186055
v 3.143808 2.983267 -0.104770
v 3.256209 2.938727 -0.239318
v 3.499753 2.695413 -0.127023
v 3.456966 2.614868 -0.205682
v 3.461267 2.711099 -0.242555
v 3.346948 2.673539 -0.293182
v 3.289224 2.796590 -0.276752
v 3.499753 2.695413 0.127023
v 3.474535 2.609872 0.068561
v 3.512141 2.692394 0.000000
v 3.289224 2.796590 0.276752
v 3.346948 2.673539 0.293182
v 3.461267 2.711099 0.242555
v 3.106431 2.881760 0.205003
v 3.136994 2.785462 0.277584
v 3.060014 2.898789 -0.000000
v 3.010703 2.846207 0.121523
v 3.106431 2.881760 -0.205003
v 3.010703 2.846207 -0.121523
v 3.136994 2.785462 -0.277584
v 3.398490 2.514144 -0.143934
v 3.301586 2.421319 -0.221719
v 3.358338 2.537846 -0.274848
v 3.202191 2.510948 -0.316043
v 3.181362 2.660857 -0.313598
v 3.398490 2.514144 0.143934
v 3.318593 2.411561 0.073906
v 3.411747 2.508769 0.000000
v 3.181362 2.660857 0.313598
v 3.202191 2.510948 0.316043
v 3.358338 2.537846 0.274848
v 2.992401 2.785270 0.232296
v 3.012496 2.681949 0.299229
v 2.943665 2.811759 0.000000
v 2.896686 2.777957 0.130998
v 2.992401 2.785270 -0.232296
v 2.896687 2.777957 -0.130998
v 3.012496 2.681949 -0.299229
v 3.212666 2.334961 -0.149106
v 3.110361 2.285317 -0.219333
v 3.178926 2.369628 -0.284722
v 3.034103 2.394386 -0.312641
v 3.035260 2.540989 -0.324865
v 3.212666 2.334961 0.149106
v 3.124656 2.272059 0.073111
v 3.224474 2.325969 0.000000
v 3.035260 2.540989 0.324865
v 3.034103 2.394386 0.312641
v 3.178926 2.369628 0.284722
v 2.879977 2.717020 0.240642
v 2.888554 2.602490 0.296007
v 2.838402 2.756815 -0.000000
v 2.797819 2.721409 0.129588
v 2.879977 2.717020 -0.240642
v 2.797819 2.721409 -0.129588
v 2.888554 2.602490 -0.296007
v 3.035901 2.256601 -0.137570
v 2.967313 2.253494 -0.193377
v 3.008942 2.292644 -0.262694
v 2.903031 2.352178 -0.275643
v 2.897005 2.468030 -0.299731
v 3.035901 2.256601 0.137570
v 2.979572 2.241353 0.064459
v 3.045713 2.246883 0.000000
v 2.897005 2.468030 0.299731
v 2.903031 2.352178 0.275643
v 3.008942 2.292644 0.262694
v 2.774912 2.649122 0.222024
v 2.780337 2.540466 0.260978
v 2.741341 2.690840 -0.000000
v 2.703537 2.648283 0.114253
v 2.774912 2.649122 -0.222024
v 2.703537 2.648283 -0.114253
v 2.780337 2.540466 -0.260978
v 2.935727 2.229883 -0.126034
v 2.898351 2.212894 -0.189946
v 2.911028 2.262904 -0.240666
v 2.835208 2.309826 -0.270752
v 2.808477 2.423583 -0.274597
v 2.935727 2.229883 0.126034
v 2.910392 2.200968 0.063315
v 2.944716 2.220981 0.000000
v 2.808477 2.423583 0.274597
v 2.835208 2.309826 0.270752
v 2.911028 2.262904 0.240666
v 2.696622 2.589489 0.203406
v 2.714691 2.494774 0.256348
v 2.665867 2.627710 -0.000000
v 2.639254 2.600678 0.112226
v 2.696622 2.589489 -0.203406
v 2.639254 2.600678 -0.112226
v 2.714691 2.494774 -0.256348
v 2.860989 2.181520 -0.128421
v 2.791826 2.162827 -0.192631
v 2.835822 2.215166 -0.245223
v 2.727792 2.261129 -0.274580
v 2.731329 2.378888 -0.279797
v 2.860989 2.181520 0.128421
v 2.804038 2.150733 0.064210
v 2.870148 2.172449 0.000000
v 2.731329 2.378888 0.279797
v 2.727792 2.261129 0.274580
v 2.835822 2.215166 0.245223
v 2.617355 2.547936 0.207258
v 2.605571 2.448692 0.259971
v 2.586017 2.586880 -0.000000
v 2.529066 2.556093 0.113812
v 2.617356 2.547936 -0.207258
v 2.529066 2.556093 -0.113812
v 2.605571 2.448692 -0.259971
v 2.707552 2.135841 -0.123647
v 2.605492 2.115666 -0.177415
v 2.683320 2.168236 -0.236108
v 2.546205 2.206412 -0.252891
v 2.582712 2.325872 -0.269397
v 2.707552 2.135841 0.123647
v 2.616740 2.104528 0.059138
v 2.716370 2.127107 0.000000
v 2.582712 2.325872 0.269397
v 2.546205 2.206412 0.252891
v 2.683320 2.168236 0.236108
v 2.472975 2.488637 0.199554
v 2.432496 2.379263 0.239437
v 2.442801 2.526133 -0.000000
v 2.361204 2.478077 0.104822
v 2.472975 2.488637 -0.199554
v 2.361204 2.478077 -0.104822
v 2.432496 2.379263 -0.239437
v 2.529893 2.070943 -0.116487
v 2.454962 2.034189 -0.174730
v 2.506753 2.101670 -0.222435
v 2.393245 2.123979 -0.249064
v 2.409272 2.251319 -0.253796
v 2.529893 2.070942 0.116487
v 2.466039 2.023218 0.058243
v 2.538201 2.062715 0.000000
v 2.409272 2.251319 0.253796
v 2.393245 2.123979 0.249064
v 2.506753 2.101670 0.222435
v 2.300595 2.404243 0.187998
v 2.265701 2.296718 0.236597
v 2.271338 2.439464 -0.000000
v 2.184778 2.393490 0.104020
v 2.300594 2.404243 -0.187998
v 2.185143 2.394101 -0.103786
v 2.266065 2.297330 -0.236363
v 2.399556 1.993706 -0.116487
v 2.333683 1.922846 -0.171291
v 2.374651 2.023809 -0.222435
v 2.259016 1.996971 -0.244161
v 2.258881 2.172939 -0.254346
v 2.399556 1.993705 0.116487
v 2.345013 1.913129 0.057097
v 2.407864 1.985478 0.000000
v 2.258516 2.172328 0.254581
v 2.259016 1.996971 0.244161
v 2.374651 2.023809 0.222435
v 2.101209 2.337634 0.192704
v 2.077492 2.169911 0.238693
v 2.071853 2.362909 0.000234
v 1.946097 2.356022 0.163396
v 2.103399 2.341302 -0.191297
v 1.948286 2.359690 -0.161990
v 2.080046 2.174190 -0.237052
v 2.272163 1.753590 -0.107315
v 2.241128 1.768212 -0.204921
v 2.089976 1.852558 -0.236945
v 2.272163 1.753590 0.107315
v 2.281229 1.749123 0.000000
v 2.089246 1.851335 0.237413
v 2.113465 1.604196 0.201630
v 2.241128 1.768212 0.204921
v 1.839090 2.029414 0.330009
v 1.918218 1.711353 0.209993
v 1.843467 2.036749 -0.327196
v -1.044910 0.503107 -1.401269
v -0.484502 0.483501 -1.494997
v 0.042161 0.481892 -1.370595
v 0.561016 0.484249 -1.036223
v 0.856394 0.491159 -0.530745
v 0.875496 0.491159 0.572970
v 0.973263 0.496911 0.034095
v 0.091198 0.481892 1.415938
v 0.616678 0.484250 1.078195
v -1.048424 0.503106 1.420058
v -0.482418 0.483501 1.534046
v -1.941026 0.522630 0.512359
v -2.040764 0.525761 -0.006697
v -1.898683 0.522630 -0.508607
v -1.563053 0.517216 -1.005442
v 1.876069 2.369422 0.000234
v 1.686514 2.344513 -0.571187
v 1.710534 1.712604 -0.325746
v 1.610831 1.837246 -0.604547
v 1.683960 2.340234 0.572828
v 1.608095 1.832661 0.606305
v 1.709075 1.710158 0.326684
v 1.794544 1.691188 0.000117
v -1.440574 0.101817 -2.006587
v -0.959912 0.125275 -2.136630
v -0.472070 0.113860 -2.220834
v -0.972486 0.091450 -2.179194
v -2.772354 0.104833 -0.665750
v -2.548053 0.119979 -1.053210
v -2.276006 0.104013 -1.454184
v -2.587365 0.087549 -1.071863
v 0.560515 0.098196 -1.960774
v 1.012550 0.117757 -1.677958
v 1.407041 0.107439 -1.390886
v 1.038572 0.083979 -1.711844
v 1.610655 0.122328 -1.039271
v 1.769319 0.101710 -0.700138
v 1.648674 0.088640 -1.060026
v -1.062352 0.125272 2.217549
v -1.571443 0.101816 2.044312
v -1.074926 0.091447 2.260112
v -0.515723 0.113856 2.334784
v -2.791286 0.104832 0.692454
v -2.829112 0.119978 0.338501
v -2.866222 0.104832 0.014093
v -2.871752 0.087550 0.344719
v 1.832613 0.113269 0.384103
v 1.785353 0.101710 0.747638
v 1.874822 0.079402 0.391186
v 1.882630 0.094821 0.024202
v 1.073735 0.117756 1.730447
v 0.645623 0.098194 2.039186
v 1.099757 0.083978 1.764333
v 1.425010 0.107439 1.427488
v -1.402549 0.023847 -1.936978
v -0.955485 0.050061 -2.121648
v -0.465939 0.037336 -2.142761
v -2.699091 0.025230 -0.643516
v -2.534215 0.044273 -1.046644
v -2.211567 0.024612 -1.409049
v -2.355669 0.011489 -1.077873
v 0.531691 0.021329 -1.890871
v 1.003391 0.042526 -1.666030
v 1.346302 0.030047 -1.341666
v 1.597273 0.047065 -1.031966
v 1.697599 0.024518 -0.675518
v -1.057925 0.050058 2.202566
v -1.533419 0.023844 1.974702
v -1.054463 0.019557 2.012774
v -0.509593 0.037332 2.256711
v -2.718024 0.025229 0.670221
v -2.814103 0.044273 0.336312
v -2.788495 0.025230 0.014093
v -2.631588 0.011489 0.350576
v 1.817756 0.038070 0.381610
v 0.289378 6.050509 1.476578
v 1.011600 5.588010 1.235964
v 0.739397 6.666790 1.476578
v 1.412891 6.409859 1.235964
v 0.915509 6.947772 0.357494
v 1.708122 6.703266 0.308991
v 0.905755 6.945139 -1.095783
v 1.563611 6.740360 -0.926973
v 0.739397 6.666790 -1.476578
v 1.412892 6.409859 -1.235964
v 0.289378 6.050509 -1.476578
v 1.011600 5.588010 -1.235964
v -0.973845 0.015399 -1.541389
v 1.039583 0.004520 -1.215680
v -1.223113 0.015398 0.531308
v 1.169475 -0.002036 0.438041
v 1.939892 5.053509 -0.121399
v 1.939892 5.053509 0.121399
v 1.661457 6.316253 -0.820314
v 1.861219 6.264976 0.273438
v -0.306150 6.296788 -0.820314
v -0.543790 6.315098 0.273438
v 0.076363 6.821912 -0.820314
v -0.177625 6.833149 0.273438
v -0.450395 5.049308 -1.524724
v -1.395992 5.303238 -0.820314
v 0.461402 4.543794 -1.261258
v 0.787253 4.375510 -0.546876
v -0.450395 5.049308 1.524725
v -1.789586 7.119978 0.093859
v 0.787253 4.375510 0.546876
v 0.461402 4.543794 1.261258
v -0.158787 5.485209 -1.476578
v 0.609745 4.935142 -1.235964
v 0.899462 4.756392 -0.546876
v 0.899462 4.756392 0.546876
v 0.609745 4.935142 1.235964
v -0.158787 5.485209 1.476578
v -1.712812 7.303018 0.093859
v -0.849363 5.793551 -0.820314
v -0.749941 4.432813 -1.696860
v -1.848015 4.881367 -0.860152
v 0.542188 4.013502 -1.348673
v 0.967927 3.879587 -0.546876
v -0.742873 4.432813 1.700600
v -2.119014 4.952262 0.273438
v 0.967927 3.879587 0.546876
v 0.567449 4.013502 1.346339
v -0.954713 2.935429 -2.082929
v -2.471744 3.537742 -0.883077
v 1.012506 2.809191 -1.510242
v 1.598205 2.758149 -0.546876
v -0.936308 2.935429 2.082845
v 1.598205 2.758149 0.546876
v 1.063028 2.809191 1.505574
v -0.911947 3.686122 -1.920802
v 0.832371 3.418188 -1.450026
v 1.356705 3.338236 -0.546876
v 1.356705 3.338236 0.546876
v 0.882893 3.418188 1.445358
v -0.894768 3.686122 1.925949
v -2.180336 4.334951 -0.891533
v -0.960859 1.555227 -1.993050
v -2.375195 1.839311 -0.883077
v 0.848320 1.500403 -1.484330
v 1.353925 1.477621 -0.825423
v -0.943680 1.555227 1.957327
v 1.595738 1.441066 0.273438
v 0.916082 1.500404 1.483377
v -0.990814 2.202497 -2.106124
v 1.020063 2.125231 -1.512416
v 1.070586 2.125231 1.507747
v -0.972409 2.202497 2.106040
v -2.523120 2.709654 -0.883077
v -0.828099 1.031596 -1.731755
v -2.007493 1.148519 -0.863190
v 0.515040 1.019716 -1.373224
v 1.046097 1.023663 -0.859027
v -0.824315 1.031596 1.667930
v -2.249213 1.171822 0.265228
v 1.271117 1.021042 0.307762
v 0.572059 1.019716 1.408931
v -0.709842 0.746327 -1.433659
v -1.656371 0.809893 -0.803132
v 0.204800 0.723733 -1.199721
v 0.681604 0.729111 -0.824130
v -0.716411 0.746327 1.421137
v -1.917371 0.816843 0.243627
v 0.901015 0.740719 0.328695
v 0.278536 0.723734 1.264658
v -0.886067 0.240948 -1.860380
v -2.205741 0.234459 -0.893523
v 0.760357 0.239944 -1.480078
v 1.273236 0.244250 -0.917370
v -0.937287 0.240948 1.914539
v -2.496008 0.236318 0.300690
v 1.475368 0.241216 0.336178
v 0.790949 0.239943 1.520023
v 1.227414 4.753014 -0.149154
v 1.619285 5.223522 -0.294470
v 2.092806 1.534817 -0.157382
v 1.227414 4.753014 0.143585
v 2.095611 1.519678 0.052461
v 1.619285 5.223522 0.288901
v 1.345260 5.377874 -0.686642
v 1.728098 5.832166 -0.514888
v 1.823344 5.809605 0.167917
v 1.345260 5.377874 0.681073
v 1.077285 4.899335 0.339671
v 1.077285 4.899335 -0.345240
v 1.435314 4.596215 -0.138518
v 1.435314 4.596215 0.138518
v 1.826934 5.108236 0.276103
v 1.891470 1.609337 0.055302
v 1.896802 1.632738 -0.164500
v 1.826934 5.108236 -0.276103
v 2.294677 5.902082 -0.188237
v 2.391993 5.835679 -0.265740
v 2.281997 5.912003 0.059033
v 2.391993 5.835679 0.262956
v 2.542599 5.705042 0.250284
v 2.614911 5.625927 0.109571
v 2.614911 5.625927 -0.109571
v 2.542599 5.705042 -0.250284
v 3.118782 6.066211 -0.167013
v 3.124303 5.971832 -0.238063
v 3.115070 6.079554 0.055671
v 3.124303 5.971832 0.238063
v 3.134866 5.791739 0.225397
v 3.145476 5.686011 0.098676
v 3.145476 5.686011 -0.098676
v 3.134866 5.791739 -0.225397
v 3.730385 5.878973 -0.167013
v 3.683312 5.790446 -0.238063
v 3.734385 5.893106 0.055671
v 3.683312 5.790446 0.238063
v 3.593515 5.621504 0.225397
v 3.544789 5.519890 0.098676
v 3.544789 5.519890 -0.098676
v 3.593515 5.621504 -0.225397
v 4.138581 5.470000 -0.170691
v 4.068705 5.390114 -0.243306
v 4.145963 5.485477 0.056897
v 4.068705 5.390114 0.243306
v 3.933851 5.226095 0.230362
v 3.857802 5.118747 0.100849
v 3.857802 5.118747 -0.100849
v 3.933851 5.226095 -0.230362
v 4.365655 4.850225 -0.177403
v 4.272217 4.805009 -0.252874
v 4.377484 4.861467 0.059134
v 4.272217 4.805009 0.252874
v 4.092390 4.707140 0.239420
v 3.988258 4.637624 0.104815
v 3.988258 4.637624 -0.104815
v 4.092390 4.707140 -0.239420
v 4.331841 4.171418 -0.176681
v 4.225359 4.175214 -0.251844
v 4.347207 4.174170 0.058894
v 4.225359 4.175214 0.251844
v 4.022168 4.182424 0.238445
v 3.902411 4.181710 0.104388
v 3.902411 4.181710 -0.104388
v 4.022168 4.182424 -0.238445
v 4.020107 3.551982 -0.172925
v 3.916469 3.570717 -0.246490
v 4.035528 3.552507 0.057642
v 3.916469 3.570717 0.246490
v 3.718700 3.606437 0.233376
v 3.601439 3.622633 0.102169
v 3.601439 3.622633 -0.102169
v 3.718700 3.606437 -0.233376
v 3.657295 3.003264 -0.172925
v 3.558102 3.035625 -0.246490
v 3.672500 3.001700 0.057642
v 3.558102 3.035625 0.246490
v 3.368812 3.097348 0.233376
v 3.255908 3.129053 0.102169
v 3.255908 3.129053 -0.102169
v 3.368812 3.097348 -0.233376
v 3.491495 2.697425 -0.190535
v 3.387099 2.748096 -0.271592
v 3.508012 2.693400 0.063512
v 3.387099 2.748096 0.271592
v 3.187875 2.844754 0.257142
v 3.068272 2.896778 0.112574
v 3.068272 2.896778 -0.112574
v 3.187875 2.844754 -0.257142
v 3.389653 2.517728 -0.215902
v 3.282067 2.591033 -0.307750
v 3.407327 2.510561 0.071967
v 3.282067 2.591033 0.307750
v 3.076747 2.730883 0.291377
v 2.952502 2.808176 0.127561
v 2.952502 2.808176 -0.127561
v 3.076747 2.730883 -0.291377
v 3.204796 2.340956 -0.223659
v 3.117058 2.443653 -0.318807
v 3.220538 2.328966 0.074553
v 3.117058 2.443653 0.318807
v 2.949603 2.639594 0.301846
v 2.846273 2.750821 0.132144
v 2.846273 2.750821 -0.132144
v 2.949603 2.639594 -0.301846
v 3.029361 2.263078 -0.206355
v 2.960765 2.368385 -0.294142
v 3.042442 2.250122 0.068785
v 2.960765 2.368385 0.294142
v 2.829837 2.569310 0.278493
v 2.747882 2.684362 0.121920
v 2.747882 2.684362 -0.121920
v 2.829837 2.569310 -0.278493
v 2.929735 2.235818 -0.189051
v 2.866891 2.332293 -0.269477
v 2.941720 2.223948 0.063017
v 2.866890 2.332293 0.269477
v 2.746941 2.516370 0.255140
v 2.671859 2.621775 0.111697
v 2.671859 2.621775 -0.111697
v 2.746941 2.516370 -0.255140
v 2.854883 2.187567 -0.192631
v 2.790848 2.285869 -0.274580
v 2.867095 2.175473 0.064210
v 2.790848 2.285869 0.274580
v 2.668628 2.473432 0.259971
v 2.592123 2.580833 0.113812
v 2.592123 2.580833 -0.113812
v 2.668628 2.473432 -0.259971
v 2.701673 2.141663 -0.185471
v 2.640019 2.236311 -0.264373
v 2.713431 2.130018 0.061824
v 2.640019 2.236311 0.264373
v 2.522341 2.416902 0.250308
v 2.448680 2.520311 0.109582
v 2.448680 2.520311 -0.109582
v 2.522341 2.416902 -0.250308
v 2.524355 2.076428 -0.174730
v 2.465025 2.166426 -0.249064
v 2.535432 2.065458 0.058243
v 2.465025 2.166426 0.249064
v 2.349594 2.336974 0.235813
v 2.276876 2.433979 0.103236
v 2.276876 2.433979 -0.103236
v 2.349594 2.336974 -0.235813
v 2.394018 1.999191 -0.174730
v 2.327628 2.086697 -0.249064
v 2.405095 1.988220 0.058243
v 2.327628 2.086697 0.249064
v 2.172881 2.265179 0.238950
v 2.073987 2.362078 0.106373
v 2.075446 2.364524 -0.105435
v 2.174340 2.267624 -0.238012
v 2.266118 1.756567 -0.160972
v 2.178248 1.797192 -0.229453
v 2.278208 1.750612 0.053657
v 2.178248 1.797192 0.229453
v 1.985891 1.938467 0.231648
v 1.988810 1.943358 -0.229773
v -0.763049 0.492322 -1.482669
v 0.316243 0.482692 -1.228389
v 0.735675 0.487325 -0.798390
v 0.946884 0.494994 0.306641
v 0.375463 0.482691 1.272699
v -0.766334 0.492322 1.510543
v -2.023022 0.524717 0.250827
v -1.755238 0.520544 -0.761205
v 1.804161 2.394043 -0.327255
v 1.649232 1.733663 -0.484845
v 1.622664 2.099888 -0.648473
v 1.802702 2.391598 0.328193
v 1.619746 2.094998 0.650348
v 1.766672 1.696310 0.164097
v -0.968697 0.109153 -2.166367
v -2.575519 0.104832 -1.066242
v 1.030730 0.101668 -1.701633
v 1.637216 0.106302 -1.053771
v -1.071137 0.109150 2.247285
v -2.858902 0.104832 0.342845
v 1.862102 0.097118 0.389052
v 1.091915 0.101667 1.754121
v -0.946215 0.032047 -2.090266
v -2.505231 0.025230 -1.032892
v 0.984205 0.024478 -1.641046
v 1.569242 0.028950 -1.016664
v -1.048655 0.032043 2.171185
v -2.782664 0.025230 0.331728
v 1.786636 0.020087 0.376388
v 1.045389 0.024477 1.693535
v -0.966162 0.070807 -2.157789
v 1.025486 0.063313 -1.694803
v 1.629554 0.067928 -1.049589
v 1.853596 0.058780 0.387624
v 1.086670 0.063311 1.747292
v -1.068602 0.070804 2.238708
v -2.850309 0.066205 0.341592
v -2.567596 0.066205 -1.062483
v -0.951249 0.141173 -2.107304
v 0.994622 0.133622 -1.654611
v 1.584462 0.138131 -1.024972
v 1.803532 0.129197 0.379223
v 1.055806 0.133621 1.707100
v -1.053688 0.141171 2.188223
v -2.799734 0.134915 0.334217
v -2.520968 0.134916 -1.040359
v -0.551110 5.683529 1.274570
v -0.993411 5.211612 1.300167
v -1.397512 4.711566 1.395035
v -1.692080 4.092971 1.495551
v -1.900875 3.320902 1.548033
v -1.954865 2.525452 1.556343
v -1.855168 1.732447 1.516641
v -1.537138 1.102903 1.394968
v -1.243160 0.787031 1.237654
v -1.329697 0.511403 1.250377
v -1.695112 0.234967 1.520802
v -1.963967 0.132264 1.738378
v -2.004982 0.101556 1.783590
v -1.999025 0.063019 1.777024
v -1.952134 0.022758 1.725336
v -2.236467 0.005466 0.415594
v -1.960557 0.005467 -1.238236
v -1.834170 0.022760 -1.710158
v -1.881060 0.063021 -1.761846
v -1.887018 0.101556 -1.768413
v -1.846002 0.132264 -1.723201
v -1.636130 0.234967 -1.499513
v -1.318927 0.511404 -1.230495
v -1.221619 0.787031 -1.225290
v -1.540012 1.102903 -1.397248
v -1.882456 1.732447 -1.533566
v -1.982152 2.525452 -1.573268
v -1.928162 3.320902 -1.564958
v -1.719368 4.092971 -1.512476
v -1.411156 4.711566 -1.403497
v -0.993411 5.211612 -1.300167
v -0.551110 5.683529 -1.274570
v -0.012751 6.211126 -1.274570
v 0.413390 6.768057 -1.274570
v 0.441350 7.022490 -0.955928
v 0.306397 7.030152 0.318643
v 0.413390 6.768057 1.274570
v -0.012751 6.211126 1.274570
v 0.240502 5.232273 1.437972
v 0.036184 4.820949 1.485815
v -0.007667 4.190309 1.686593
v 0.132086 3.452204 1.936678
v 0.213775 2.758775 2.092853
v 0.182684 2.067968 2.115949
v 0.094184 1.479057 1.967707
v -0.086403 1.002741 1.670333
v -0.226097 0.724585 1.417137
v -0.195669 0.481093 1.502783
v -0.043022 0.239806 1.908865
v 0.074506 0.138687 2.190196
v 0.083137 0.106230 2.249079
v 0.081884 0.067948 2.240527
v 0.072015 0.029686 2.173209
v -0.072913 0.009977 0.531719
v 0.015404 0.012163 -1.527663
v 0.037503 0.029689 -2.067203
v 0.047371 0.067951 -2.134520
v 0.048624 0.106234 -2.143072
v 0.039993 0.138690 -2.084189
v -0.060278 0.239806 -1.842161
v -0.220426 0.481093 -1.458551
v -0.275613 0.724585 -1.396944
v -0.136422 1.002741 -1.709824
v 0.040618 1.479056 -1.987477
v 0.127893 2.067967 -2.100081
v 0.158983 2.758775 -2.076985
v 0.078521 3.452205 -1.915580
v -0.032928 4.190309 -1.674878
v 0.036184 4.820949 -1.485815
v 0.240502 5.232273 -1.437972
v 0.634807 5.840269 -1.437972
v 1.075499 6.545792 -1.437972
v 1.260814 6.849874 -1.066828
v 1.328997 6.837510 0.347842
v 1.075499 6.545792 1.437972
v 0.634807 5.840269 1.437972
v 0.331169 7.030152 -0.318643
v 0.915509 6.947772 -0.357494
v 1.328997 6.837510 -0.347842
v 1.708122 6.703266 -0.308991
v 1.861219 6.264976 -0.273438
v 1.823344 5.809605 -0.173486
v 2.281997 5.912003 -0.064602
v 3.115070 6.079554 -0.055671
v 3.734385 5.893106 -0.055671
v 4.145963 5.485477 -0.056897
v 4.377484 4.861467 -0.059134
v 4.347206 4.174170 -0.058894
v 4.035528 3.552507 -0.057642
v 3.672500 3.001700 -0.057642
v 3.508012 2.693400 -0.063512
v 3.407328 2.510561 -0.071967
v 3.220538 2.328966 -0.074553
v 3.042442 2.250122 -0.068785
v 2.941720 2.223948 -0.063017
v 2.867095 2.175473 -0.064210
v 2.713431 2.130018 -0.061824
v 2.535432 2.065458 -0.058243
v 2.405095 1.988220 -0.058243
v 2.278208 1.750612 -0.053657
v 2.095611 1.519678 -0.052461
v 1.892200 1.610560 -0.054833
v 1.767402 1.697532 -0.163628
v 1.594443 1.441066 -0.273438
v 1.262058 1.021042 -0.268512
v 0.885712 0.740719 -0.250195
v 0.939345 0.494993 -0.249142
v 1.470023 0.241216 -0.293628
v 1.792843 0.129197 -0.330420
v 1.851413 0.097117 -0.339837
v 1.842906 0.058780 -0.338470
v 1.775946 0.020087 -0.327704
v 1.164131 -0.002036 -0.396124
v -0.040933 0.009978 -0.500343
v -1.159155 0.015399 -0.503908
v -2.201694 0.005467 -0.387408
v -2.777075 0.025230 -0.302755
v -2.844720 0.066205 -0.312619
v -2.853313 0.104832 -0.313872
v -2.794145 0.134916 -0.305244
v -2.473490 0.236319 -0.272503
v -1.996588 0.524717 -0.258473
v -1.903951 0.816843 -0.286321
v -2.240466 1.171822 -0.293570
v -2.092204 4.952262 -0.280434
v -1.772794 7.117282 -0.093859
v -1.696021 7.300322 -0.093859
v -0.494245 6.315098 -0.273438
v -0.128080 6.833149 -0.273438
v 0.416577 7.022490 0.955928
v 0.905755 6.945139 1.095783
v 1.260814 6.849874 1.066828
v 1.563611 6.740360 0.926973
v 1.661457 6.316253 0.820314
v 1.728098 5.832166 0.509319
v 2.294677 5.902082 0.182668
v 3.118781 6.066211 0.167013
v 3.730385 5.878973 0.167013
v 4.138581 5.470000 0.170691
v 4.365655 4.850225 0.177403
v 4.331841 4.171418 0.176681
v 4.020107 3.551982 0.172925
v 3.657295 3.003264 0.172925
v 3.491495 2.697425 0.190535
v 3.389653 2.517728 0.215902
v 3.204796 2.340956 0.223659
v 3.029360 2.263078 0.206355
v 2.929735 2.235818 0.189051
v 2.854883 2.187567 0.192631
v 2.701673 2.141663 0.185471
v 2.524355 2.076428 0.174730
v 2.394018 1.999191 0.174730
v 2.266118 1.756567 0.160972
v 2.092806 1.534817 0.157382
v 1.894613 1.629070 0.165907
v 1.647043 1.729995 0.486252
v 1.372460 1.477621 0.829138
v 1.058872 1.023664 0.890404
v 0.714559 0.729112 0.875738
v 0.774391 0.487325 0.837553
v 1.278580 0.244250 0.952043
v 1.595151 0.138131 1.063952
v 1.647906 0.106302 1.092888
v 1.640244 0.067929 1.088686
v 1.579931 0.028950 1.055604
v 1.075519 0.004519 1.262686
v 0.000681 0.012160 1.595692
v -1.089023 0.015396 1.595549
v -2.054312 0.005466 1.260312
v -2.553016 0.025230 1.049642
v -2.615381 0.066205 1.079233
v -2.623303 0.104832 1.082993
v -2.568753 0.134915 1.057109
v -2.249357 0.234459 0.915598
v -1.792442 0.520544 0.776161
v -1.691331 0.809893 0.805643
v -2.020434 1.148520 0.859298
v -2.366117 1.839312 0.872781
v -2.514043 2.709655 0.872781
v -2.462667 3.537742 0.872781
v -2.171258 4.334951 0.881237
v -1.868249 4.881367 0.855004
v -1.445537 5.303238 0.820314
v -0.898908 5.793551 0.820314
v -0.355695 6.296788 0.820314
v 0.026818 6.821912 0.820314
v -1.668344 5.389363 0.501832
v -2.010673 5.160034 0.250916
v -1.137083 5.834012 0.501832
v -0.916746 6.041270 0.250916
v -1.577415 5.389363 -0.501832
v -1.965208 5.160035 -0.250916
v -0.871282 6.041270 -0.250916
v -1.046154 5.834012 -0.501832
v -1.781321 5.578997 0.418878
v -2.083801 5.393629 0.209439
v -1.297127 5.949742 0.406800
v -1.065733 6.123174 0.190204
v -1.705422 5.578998 -0.418878
v -2.045851 5.393630 -0.209439
v -1.027784 6.123174 -0.204518
v -1.221229 5.949742 -0.406800
v -1.812449 5.867599 0.349650
v -2.073218 5.737368 0.190484
v -1.365066 6.134735 0.314702
v -1.115773 6.257957 0.147333
v -1.745324 5.856288 -0.349650
v -2.039655 5.731712 -0.190484
v -1.082212 6.252301 -0.163738
v -1.297943 6.123424 -0.314702
v -1.641985 6.219984 0.271879
v -1.828945 6.173139 0.151598
v -1.301453 6.323612 0.255571
v -1.116653 6.368862 0.134244
v -1.594406 6.194781 -0.271879
v -1.805156 6.160538 -0.151598
v -1.092864 6.356261 -0.136335
v -1.253874 6.298409 -0.255571
v -1.493907 6.514169 0.212899
v -1.622103 6.506714 0.106449
v -1.248981 6.543885 0.219460
v -1.124010 6.555187 0.113011
v -1.463878 6.490139 -0.212899
v -1.607089 6.494700 -0.106449
v -1.108996 6.543172 -0.113011
v -1.218952 6.519856 -0.219460
v -1.491894 6.699576 0.199380
v -1.613738 6.673873 0.099690
v -1.267161 6.771488 0.199380
v -1.154835 6.809026 0.099690
v -1.460213 6.682602 -0.199380
v -1.597898 6.665386 -0.099690
v -1.138994 6.800539 -0.099690
v -1.235480 6.754514 -0.199380
v -1.562748 6.861456 0.198388
v -1.686407 6.827018 0.099194
v -1.341400 6.958303 0.198388
v -1.233442 7.013042 0.099194
v -1.529502 6.847783 -0.198388
v -1.669785 6.820181 -0.099194
v -1.216820 7.006206 -0.099194
v -1.308155 6.944630 -0.198388
v -1.737125 7.062809 0.190728
v -1.864214 7.035792 0.095364
v -1.614269 7.230492 0.190728
v -1.607623 7.365519 0.095364
v -1.703637 7.055080 -0.190728
v -1.847470 7.031927 -0.095364
v -1.590879 7.361654 -0.095364
v -1.580782 7.222763 -0.190728
v -1.661766 6.981261 0.196064
v -1.463287 7.104395 0.196064
v -1.375310 7.183072 0.098032
v -1.358651 7.177138 -0.098032
v -1.429968 7.092526 -0.196064
v -1.628447 6.969392 -0.196064
v -1.766063 6.937922 -0.098032
v -1.782723 6.943856 0.098032
v -1.314465 6.731431 -0.031286
v -1.320062 6.732330 0.031286
v -1.347136 6.671962 0.031286
v -1.341538 6.671063 -0.031286
v -1.501760 6.990441 -0.046929
v -1.510155 6.991789 0.046929
v -1.550766 6.901238 0.046929
v -1.542370 6.899889 -0.046929
v -4.253917 2.336867 0.093859
v -4.394892 2.476595 0.093859
v -4.245129 2.351428 -0.093859
v -4.386104 2.491155 -0.093859
v -2.621947 1.911752 0.501832
v -2.588198 1.515022 0.250916
v -2.752733 2.626213 0.501832
v -2.845922 2.963113 0.250916
v -2.602377 1.950125 -0.515823
v -2.578413 1.534208 -0.257912
v -2.836137 2.982298 -0.257912
v -2.733163 2.664585 -0.515823
v -2.849808 1.942874 0.418878
v -2.806297 1.596273 0.209439
v -2.971783 2.478416 0.406800
v -3.020567 2.708952 0.190204
v -2.821388 2.013251 -0.418878
v -2.792087 1.631461 -0.209439
v -3.006357 2.744139 -0.204518
v -2.943362 2.548792 -0.406800
v -3.113962 2.018795 0.349650
v -3.090853 1.728233 0.190484
v -3.178294 2.476040 0.314702
v -3.183356 2.695718 0.147333
v -3.078339 2.076800 -0.349650
v -3.073042 1.757235 -0.190484
v -3.165545 2.724720 -0.163738
v -3.142671 2.534045 -0.314702
v -3.370505 2.222765 0.271879
v -3.397078 2.031866 0.151598
v -3.348443 2.548156 0.255571
v -3.330564 2.707287 0.134244
v -3.329320 2.257445 -0.271879
v -3.376485 2.049206 -0.151598
v -3.309972 2.724626 -0.136335
v -3.307257 2.582836 -0.255571
v -3.581464 2.384185 0.212899
v -3.622556 2.262525 0.106449
v -3.533510 2.627101 0.219460
v -3.513399 2.751893 0.113011
v -3.547939 2.403032 -0.212899
v -3.605794 2.271948 -0.106449
v -3.496636 2.761316 -0.113011
v -3.499985 2.645947 -0.219460
v -3.752629 2.455479 0.199380
v -3.774422 2.332875 0.099690
v -3.735156 2.690789 0.199380
v -3.727902 2.809000 0.099690
v -3.725027 2.478499 -0.199380
v -3.760621 2.344385 -0.099690
v -3.714101 2.820509 -0.099690
v -3.707554 2.713810 -0.199380
v -3.929263 2.450397 0.198388
v -3.943635 2.322839 0.099194
v -3.936179 2.691905 0.198388
v -3.946510 2.812506 0.099194
v -3.904135 2.476103 -0.198388
v -3.931071 2.335692 -0.099194
v -3.933948 2.825359 -0.099194
v -3.911052 2.717611 -0.198388
v -4.181263 2.364104 0.190728
v -4.203800 2.236144 0.095364
v -4.290742 2.540811 0.190728
v -4.413456 2.597536 0.095364
v -4.161556 2.392261 -0.190728
v -4.193947 2.250223 -0.095364
v -4.403604 2.611614 -0.095364
v -4.271036 2.568968 -0.190728
v -4.077429 2.403444 0.196064
v -4.117284 2.633591 0.196064
v -4.157292 2.744629 0.098032
v -4.145552 2.757854 -0.098032
v -4.093801 2.660041 -0.196064
v -4.053947 2.429895 -0.196064
v -4.076298 2.290506 -0.098032
v -4.088038 2.277281 0.098032
v -3.715727 2.631927 -0.031286
v -3.718656 2.627074 0.031286
v -3.672818 2.579365 0.031286
v -3.669888 2.584218 -0.031286
v -4.026026 2.555247 -0.046929
v -4.030420 2.547967 0.046929
v -3.961663 2.476403 0.046929
v -3.957269 2.483683 -0.046929
v -4.002657 5.276904 0.028452
v -4.002125 5.599960 0.028452
v -3.985769 5.282834 -0.169108
v -3.985237 5.605889 -0.169108
v -2.754459 3.675136 0.478643
v -2.942723 3.308679 0.221740
v -2.467511 4.434623 0.478643
v -2.348622 4.830109 0.221740
v -2.712099 3.695897 -0.562962
v -2.921543 3.319059 -0.299063
v -2.327442 4.840489 -0.299063
v -2.425150 4.455385 -0.562962
v -3.002233 3.873696 0.370512
v -3.196086 3.548348 0.150092
v -2.671124 4.517150 0.357801
v -2.481913 4.849128 0.129848
v -2.932014 3.911773 -0.511167
v -3.160977 3.567386 -0.290748
v -2.446805 4.868165 -0.285569
v -2.600906 4.555226 -0.498456
v -3.145935 4.150979 0.307630
v -3.298979 3.923464 0.130143
v -2.812774 4.639593 0.281829
v -2.567803 4.919477 0.095709
v -3.078160 4.174190 -0.448286
v -3.265092 3.935069 -0.270799
v -2.533916 4.931081 -0.253630
v -2.744999 4.662803 -0.422484
v -3.191021 4.542251 0.239788
v -3.343619 4.408651 0.089219
v -2.871828 4.854168 0.244075
v -2.670556 5.037481 0.092406
v -3.134358 4.542804 -0.380443
v -3.315288 4.408927 -0.229874
v -2.642225 5.037757 -0.235262
v -2.815166 4.854720 -0.384731
v -3.245389 4.851059 0.167739
v -3.407162 4.745733 0.041703
v -2.940490 5.080016 0.185117
v -2.784241 5.197640 0.059080
v -3.205552 4.843893 -0.308395
v -3.387244 4.742150 -0.182358
v -2.764323 5.194057 -0.199736
v -2.900654 5.072850 -0.325772
v -3.337761 5.011417 0.139506
v -3.485721 4.880210 0.034589
v -3.074822 5.275394 0.139506
v -2.946763 5.404877 0.034589
v -3.299936 5.011607 -0.280161
v -3.466808 4.880305 -0.175244
v -2.927851 5.404972 -0.175244
v -3.036997 5.275585 -0.280161
v -3.462933 5.119975 0.138462
v -3.586598 4.974116 0.034067
v -3.274775 5.445460 0.138462
v -3.196933 5.623141 0.034067
v -3.425316 5.124004 -0.279118
v -3.567790 4.976130 -0.174723
v -3.178125 5.625155 -0.174723
v -3.237158 5.449489 -0.279118
v -3.835290 5.247317 0.130400
v -4.000740 5.099978 0.030036
v -3.806748 5.580318 0.130400
v -3.930762 5.766221 0.030036
v -3.800430 5.256967 -0.271056
v -3.983310 5.104803 -0.170692
v -3.913333 5.771046 -0.170692
v -3.771889 5.589968 -0.271056
v -3.621674 5.185947 0.136015
v -3.503142 5.537438 0.136015
v -3.498105 5.745209 0.032844
v -3.479716 5.748077 -0.173499
v -3.466362 5.543173 -0.276671
v -3.584894 5.191681 -0.276671
v -3.729990 5.046375 -0.173499
v -3.748380 5.043507 0.032844
v -3.463953 5.319682 -0.103254
v -3.469582 5.317706 -0.037401
v -3.464344 5.248273 -0.037401
v -3.458715 5.250250 -0.103254
v -3.681051 5.428770 -0.119718
v -3.689495 5.425806 -0.020938
v -3.713494 5.283850 -0.020938
v -3.705050 5.286815 -0.119718
vt 0.824955 0.598029
vt 0.269920 0.368035
vt 0.304880 0.346797
vt 0.896717 0.554434
vt 0.347079 0.314301
vt 0.301482 0.398456
vt 0.335912 0.384681
vt 0.378597 0.365059
vt 0.313233 0.419417
vt 0.353538 0.413682
vt 0.383564 0.398922
vt 0.297563 0.423231
vt 0.359453 0.417474
vt 0.400800 0.398292
vt 0.314290 0.419417
vt 0.353538 0.413682
vt 0.383564 0.398922
vt 0.302161 0.398456
vt 0.335912 0.384681
vt 0.378597 0.365059
vt 0.271875 0.367978
vt 0.308048 0.347828
vt 0.347079 0.314301
vt 0.255149 0.374307
vt 0.354907 0.305391
vt 0.400308 0.365693
vt 0.280445 0.400513
vt 0.216560 0.314611
vt 0.280677 0.296072
vt 0.185301 0.317319
vt 0.333249 0.269420
vt 0.346403 0.265073
vt 0.847264 0.450313
vt 0.706992 0.486901
vt 0.212452 0.313897
vt 0.333336 0.269420
vt 0.243917 0.342323
vt 0.293159 0.321766
vt 0.335511 0.293519
vt 0.345596 0.289636
vt 0.335511 0.293519
vt 0.874071 0.503329
vt 0.293848 0.321900
vt 0.769087 0.549079
vt 0.242703 0.344188
vt 0.197640 0.290358
vt 0.274707 0.251560
vt 0.171057 0.306069
vt 0.468649 0.795255
vt 0.348889 0.239801
vt 0.367028 0.235494
vt 0.836504 0.358942
vt 0.679297 0.447689
vt 0.198960 0.294794
vt 0.349496 0.239801
vt 0.168553 0.207019
vt 0.274757 0.171245
vt 0.142111 0.216811
vt 0.368222 0.485577
vt 0.373535 0.175447
vt 0.396184 0.174849
vt 0.837273 0.194080
vt 0.605115 0.272351
vt 0.162821 0.209376
vt 0.373956 0.175409
vt 0.180061 0.250902
vt 0.275812 0.213251
vt 0.365005 0.209680
vt 0.387642 0.204857
vt 0.365698 0.209680
vt 0.839692 0.280306
vt 0.635843 0.362265
vt 0.177791 0.253179
vt 0.184650 0.116886
vt 0.273753 0.105989
vt 0.161459 0.115595
vt 0.352380 0.107486
vt 0.378831 0.105977
vt 0.839689 0.055160
vt 0.277098 0.103567
vt 0.641040 0.078086
vt 0.180323 0.114736
vt 0.354986 0.107486
vt 0.173290 0.161198
vt 0.273418 0.136990
vt 0.370726 0.136494
vt 0.393535 0.127450
vt 0.371376 0.136453
vt 0.834779 0.123766
vt 0.621762 0.176379
vt 0.170931 0.162621
vt 0.211371 0.089919
vt 0.271603 0.085216
vt 0.183611 0.091323
vt 0.333357 0.085329
vt 0.357254 0.086022
vt 0.271914 0.085216
vt 0.209811 0.089919
vt 0.333633 0.085329
vt 0.218392 0.078474
vt 0.507491 0.541776
vt 0.272686 0.074021
vt 0.554569 0.556990
vt 0.194458 0.078981
vt 0.486738 0.495148
vt 0.313635 0.073759
vt 0.590075 0.541776
vt 0.337698 0.075141
vt 0.610940 0.490773
vt 0.271965 0.074021
vt 0.553944 0.427485
vt 0.216029 0.078474
vt 0.505442 0.444219
vt 0.320477 0.073759
vt 0.596009 0.442683
vt 0.473781 0.558234
vt 0.553535 0.592564
vt 0.446672 0.492918
vt 0.636747 0.555824
vt 0.658158 0.492479
vt 0.551718 0.389701
vt 0.470241 0.428381
vt 0.637495 0.429659
vt 0.625026 0.870956
vt 0.621665 0.861336
vt 0.672402 0.923832
vt 0.675496 0.921844
vt 0.625026 0.870956
vt 0.672402 0.923832
vt 0.583983 0.876297
vt 0.361724 0.306435
vt 0.638777 0.944736
vt 0.398588 0.352477
vt 0.396793 0.353352
vt 0.636109 0.946036
vt 0.638777 0.944736
vt 0.398588 0.352477
vt 0.583983 0.876297
vt 0.361724 0.306435
vt 0.582065 0.878190
vt 0.360434 0.307708
vt 0.604539 0.869641
vt 0.594222 0.856382
vt 0.604539 0.869641
vt 0.660140 0.931531
vt 0.660140 0.931531
vt 0.711883 0.968998
vt 0.709869 0.972195
vt 0.718003 0.957303
vt 0.711883 0.968998
vt 0.718003 0.957303
vt 0.723753 0.944999
vt 0.725413 0.942063
vt 0.723753 0.944999
vt 0.769453 0.966644
vt 0.770096 0.970307
vt 0.765776 0.953984
vt 0.769453 0.966644
vt 0.765776 0.953984
vt 0.762251 0.940602
vt 0.761667 0.937260
vt 0.762251 0.940602
vt 0.809338 0.941132
vt 0.811309 0.944539
vt 0.801079 0.930050
vt 0.809338 0.941132
vt 0.801079 0.930050
vt 0.792669 0.917858
vt 0.790865 0.914690
vt 0.792669 0.917858
vt 0.835239 0.900605
vt 0.837960 0.903939
vt 0.824345 0.890891
vt 0.835239 0.900605
vt 0.824345 0.890891
vt 0.812957 0.878340
vt 0.810430 0.874942
vt 0.812957 0.878340
vt 0.843676 0.844653
vt 0.847578 0.845710
vt 0.829519 0.842594
vt 0.843676 0.844653
vt 0.829519 0.842594
vt 0.814680 0.839715
vt 0.811114 0.838689
vt 0.814680 0.839715
vt 0.828740 0.794341
vt 0.832753 0.794167
vt 0.814670 0.796497
vt 0.828740 0.794341
vt 0.814670 0.796497
vt 0.799849 0.798388
vt 0.796189 0.798544
vt 0.799849 0.798388
vt 0.797478 0.744744
vt 0.801448 0.744292
vt 0.783663 0.747862
vt 0.797478 0.744744
vt 0.783663 0.747862
vt 0.769084 0.750769
vt 0.765462 0.751178
vt 0.769084 0.750769
vt 0.774742 0.709021
vt 0.778633 0.707735
vt 0.761529 0.715052
vt 0.774742 0.709021
vt 0.761529 0.715052
vt 0.747505 0.721031
vt 0.743955 0.722202
vt 0.747505 0.721031
vt 0.767523 0.693324
vt 0.771916 0.691516
vt 0.752743 0.701383
vt 0.767523 0.693324
vt 0.752743 0.701383
vt 0.737020 0.709451
vt 0.733012 0.711097
vt 0.737020 0.709451
vt 0.755079 0.678267
vt 0.759186 0.675246
vt 0.741772 0.690493
vt 0.755079 0.678267
vt 0.741772 0.690493
vt 0.727485 0.702971
vt 0.723736 0.705724
vt 0.727485 0.702971
vt 0.740010 0.667642
vt 0.743314 0.663797
vt 0.729851 0.682464
vt 0.740010 0.667642
vt 0.729851 0.682464
vt 0.718799 0.697749
vt 0.715783 0.701255
vt 0.718799 0.697749
vt 0.728629 0.664813
vt 0.731440 0.661315
vt 0.720074 0.678217
vt 0.728629 0.664813
vt 0.720074 0.678217
vt 0.710743 0.692057
vt 0.708177 0.695246
vt 0.710743 0.692057
vt 0.723033 0.661461
vt 0.725793 0.658026
vt 0.714629 0.674628
vt 0.723032 0.661461
vt 0.714629 0.674628
vt 0.705464 0.688223
vt 0.702943 0.691355
vt 0.705463 0.688223
vt 0.714323 0.657409
vt 0.717123 0.653926
vt 0.705801 0.670762
vt 0.714323 0.657409
vt 0.705801 0.670762
vt 0.696506 0.684549
vt 0.693950 0.687725
vt 0.696506 0.684549
vt 0.699243 0.653390
vt 0.701828 0.650177
vt 0.691339 0.665711
vt 0.699243 0.653390
vt 0.691339 0.665711
vt 0.682670 0.678400
vt 0.680299 0.681323
vt 0.682670 0.678400
vt 0.686920 0.646722
vt 0.689533 0.643549
vt 0.678487 0.658962
vt 0.686920 0.646722
vt 0.678479 0.658950
vt 0.668408 0.671658
vt 0.665986 0.674323
vt 0.668453 0.671732
vt 0.676759 0.637296
vt 0.679668 0.634596
vt 0.665960 0.648070
vt 0.676759 0.637296
vt 0.665908 0.647983
vt 0.647447 0.670040
vt 0.404420 0.167673
vt 0.647623 0.668394
vt 0.404539 0.166565
vt 0.647923 0.670838
vt 0.404741 0.168210
vt 0.666070 0.612728
vt 0.667614 0.608304
vt 0.650275 0.603055
vt 0.652775 0.612084
vt 0.666070 0.612728
vt 0.652719 0.611991
vt 0.634820 0.620583
vt 0.395926 0.134400
vt 0.635017 0.618932
vt 0.396058 0.133289
vt 0.635296 0.621381
vt 0.396246 0.134937
vt 0.493326 0.544300
vt 0.552506 0.573723
vt 0.615192 0.546278
vt 0.634498 0.492473
vt 0.615960 0.439340
vt 0.552271 0.411491
vt 0.492265 0.441742
vt 0.468630 0.493174
vt 0.467090 0.563132
vt 0.553382 0.599871
vt 0.438903 0.492915
vt 0.643319 0.560154
vt 0.666079 0.492432
vt 0.551305 0.381880
vt 0.463111 0.423589
vt 0.644174 0.425276
vt 0.179054 0.042913
vt 0.271415 0.040540
vt 0.258817 0.040266
vt 0.152369 0.042961
vt 0.367046 0.039994
vt 0.387096 0.039220
vt 0.268551 0.040539
vt 0.174422 0.042913
vt 0.368580 0.039994
vt 0.172225 0.044951
vt 0.467460 0.563215
vt 0.270937 0.042289
vt 0.553052 0.600030
vt 0.376305 0.041744
vt 0.644417 0.558926
vt 0.399302 0.040758
vt 0.664357 0.492464
vt 0.376305 0.041744
vt 0.644417 0.426942
vt 0.268010 0.042288
vt 0.550514 0.380746
vt 0.463445 0.423817
vt 0.167595 0.044951
vt 0.142145 0.044951
vt 0.441378 0.492934
vt 0.468805 0.561931
vt 0.553545 0.597793
vt 0.641703 0.558844
vt 0.664021 0.492440
vt 0.642558 0.426587
vt 0.551468 0.383957
vt 0.464826 0.424790
vt 0.440971 0.492915
vt 0.288665 0.357919
vt 0.863432 0.577263
vt 0.819998 0.526355
vt 0.779784 0.472369
vt 0.738743 0.400770
vt 0.724169 0.319835
vt 0.712449 0.230996
vt 0.714984 0.148782
vt 0.715519 0.067166
vt 0.216606 0.109416
vt 0.240080 0.087589
vt 0.245421 0.076353
vt 0.530927 0.431126
vt 0.520282 0.418866
vt 0.505323 0.402293
vt 0.501834 0.397619
vt 0.500822 0.395767
vt 0.210524 0.042480
vt 0.500669 0.397073
vt 0.212938 0.041134
vt 0.200976 0.040902
vt 0.219999 0.041135
vt 0.218839 0.042480
vt 0.507879 0.588795
vt 0.507048 0.589610
vt 0.508060 0.587758
vt 0.510771 0.583145
vt 0.521102 0.567043
vt 0.245421 0.076353
vt 0.530927 0.556046
vt 0.240249 0.087589
vt 0.220943 0.111399
vt 0.214935 0.149177
vt 0.213721 0.189229
vt 0.219410 0.232508
vt 0.226734 0.271937
vt 0.247746 0.306817
vt 0.267505 0.333118
vt 0.289932 0.359137
vt 0.319720 0.392364
vt 0.334409 0.418509
vt 0.332903 0.422588
vt 0.334324 0.418509
vt 0.319720 0.392364
vt 0.328980 0.331946
vt 0.316689 0.306908
vt 0.920956 0.472554
vt 0.306021 0.284660
vt 0.899059 0.426886
vt 0.326309 0.243450
vt 0.940705 0.342296
vt 0.340042 0.211497
vt 0.968893 0.276707
vt 0.343669 0.171988
vt 0.976338 0.195607
vt 0.336152 0.136720
vt 0.960908 0.123213
vt 0.322319 0.105392
vt 0.932513 0.058906
vt 0.302300 0.085078
vt 0.296792 0.073890
vt 0.575471 0.431326
vt 0.586379 0.419218
vt 0.602660 0.402574
vt 0.606071 0.397869
vt 0.606838 0.396009
vt 0.334908 0.040753
vt 0.608522 0.396889
vt 0.330141 0.039449
vt 0.329320 0.038832
vt 0.326146 0.039449
vt 0.328194 0.040753
vt 0.602700 0.586592
vt 0.602789 0.587433
vt 0.602022 0.585572
vt 0.599117 0.581171
vt 0.585289 0.566133
vt 0.290638 0.073890
vt 0.570135 0.552732
vt 0.297932 0.085078
vt 0.315576 0.106538
vt 0.327905 0.136967
vt 0.333331 0.172477
vt 0.330091 0.210553
vt 0.318626 0.244607
vt 0.308875 0.282305
vt 0.316188 0.306941
vt 0.328980 0.331946
vt 0.357303 0.374898
vt 0.371341 0.407814
vt 0.381918 0.410131
vt 0.371341 0.407814
vt 0.357303 0.374898
vt 0.302809 0.422830
vt 0.334195 0.422374
vt 0.358651 0.417574
vt 0.377884 0.411149
vt 0.393293 0.400218
vt 0.393017 0.367545
vt 0.397690 0.352915
vt 0.637443 0.945386
vt 0.710395 0.971476
vt 0.770043 0.969434
vt 0.810939 0.943675
vt 0.837411 0.902995
vt 0.846694 0.845344
vt 0.831810 0.794101
vt 0.800508 0.744292
vt 0.777690 0.707932
vt 0.770841 0.691822
vt 0.758146 0.675842
vt 0.742439 0.664608
vt 0.730690 0.662058
vt 0.725057 0.658755
vt 0.716376 0.654665
vt 0.701140 0.650858
vt 0.688856 0.644220
vt 0.678975 0.635190
vt 0.666985 0.608655
vt 0.650536 0.604530
vt 0.635157 0.620157
vt 0.396152 0.134113
vt 0.385503 0.128843
vt 0.370756 0.106359
vt 0.352316 0.085666
vt 0.333955 0.074450
vt 0.607695 0.518931
vt 0.628279 0.520031
vt 0.652847 0.524884
vt 0.658735 0.526438
vt 0.660643 0.527093
vt 0.393291 0.041251
vt 0.659146 0.526329
vt 0.381572 0.039559
vt 0.327291 0.039012
vt 0.267579 0.040288
vt 0.212689 0.040902
vt 0.158245 0.042961
vt 0.144470 0.044951
vt 0.443393 0.523449
vt 0.443405 0.525438
vt 0.445354 0.524846
vt 0.451357 0.523313
vt 0.475711 0.518360
vt 0.201340 0.078728
vt 0.492705 0.517993
vt 0.191063 0.090821
vt 0.165330 0.119455
vt 0.156254 0.165271
vt 0.148827 0.213162
vt 0.391523 0.472918
vt 0.160066 0.256685
vt 0.430518 0.623918
vt 0.176645 0.302710
vt 0.488036 0.783602
vt 0.198015 0.317984
vt 0.230562 0.345504
vt 0.258720 0.370097
vt 0.286682 0.399954
vt 0.299241 0.422830
vt 0.333686 0.422374
vt 0.358651 0.417574
vt 0.377884 0.411149
vt 0.393293 0.400218
vt 0.393017 0.367545
vt 0.397690 0.352915
vt 0.637443 0.945386
vt 0.710395 0.971476
vt 0.770043 0.969434
vt 0.810939 0.943675
vt 0.837411 0.902995
vt 0.846694 0.845344
vt 0.831810 0.794101
vt 0.800508 0.744292
vt 0.777690 0.707932
vt 0.770841 0.691822
vt 0.758146 0.675842
vt 0.742439 0.664608
vt 0.730690 0.662058
vt 0.725057 0.658755
vt 0.716376 0.654665
vt 0.701140 0.650858
vt 0.688856 0.644220
vt 0.678975 0.635190
vt 0.666985 0.608655
vt 0.650506 0.604480
vt 0.634919 0.619758
vt 0.395992 0.133845
vt 0.385568 0.128810
vt 0.371384 0.106359
vt 0.353345 0.085666
vt 0.335610 0.074450
vt 0.609130 0.466396
vt 0.628602 0.465364
vt 0.653515 0.460127
vt 0.659497 0.458480
vt 0.661406 0.457816
vt 0.394464 0.041251
vt 0.660163 0.458434
vt 0.382447 0.039559
vt 0.327327 0.039012
vt 0.262674 0.040288
vt 0.207128 0.040902
vt 0.156548 0.042961
vt 0.143856 0.044951
vt 0.442861 0.462270
vt 0.442504 0.460463
vt 0.444454 0.461055
vt 0.450217 0.462584
vt 0.473336 0.467793
vt 0.199868 0.078728
vt 0.491428 0.470116
vt 0.189819 0.090821
vt 0.164882 0.119160
vt 0.155887 0.164745
vt 0.148380 0.213162
vt 0.389972 0.472919
vt 0.159619 0.256685
vt 0.428967 0.623918
vt 0.176197 0.302710
vt 0.486485 0.783602
vt 0.193824 0.317984
vt 0.225916 0.345504
vt 0.254216 0.370097
vt 0.282604 0.399954
vt 0.190931 0.330210
vt 0.217283 0.350900
vt 0.184514 0.328336
vt 0.239448 0.368965
vt 0.242264 0.372050
vt 0.221842 0.350900
vt 0.194921 0.330210
vt 0.243437 0.368965
vt 0.186749 0.345277
vt 0.210456 0.361753
vt 0.181207 0.343946
vt 0.232808 0.376686
vt 0.238075 0.378863
vt 0.214312 0.361598
vt 0.190123 0.345141
vt 0.236182 0.376550
vt 0.192446 0.365921
vt 0.212185 0.376190
vt 0.188039 0.365859
vt 0.232188 0.384012
vt 0.236841 0.385754
vt 0.215547 0.375068
vt 0.195388 0.364939
vt 0.235130 0.383031
vt 0.207282 0.388238
vt 0.220402 0.390851
vt 0.204739 0.389096
vt 0.234091 0.391876
vt 0.236298 0.392471
vt 0.222288 0.389413
vt 0.208932 0.386980
vt 0.235741 0.390618
vt 0.210974 0.400790
vt 0.221844 0.403595
vt 0.208794 0.401405
vt 0.233320 0.405351
vt 0.234913 0.405968
vt 0.223517 0.402477
vt 0.212438 0.399811
vt 0.234784 0.404373
vt 0.209529 0.409133
vt 0.220176 0.413417
vt 0.207214 0.409420
vt 0.231002 0.417725
vt 0.232425 0.418712
vt 0.221979 0.412622
vt 0.211106 0.408437
vt 0.232579 0.417029
vt 0.203878 0.417637
vt 0.214393 0.422263
vt 0.201541 0.417858
vt 0.224724 0.427464
vt 0.226053 0.428589
vt 0.216218 0.421538
vt 0.205475 0.417002
vt 0.226321 0.426830
vt 0.196962 0.427239
vt 0.204634 0.431816
vt 0.194092 0.428038
vt 0.205439 0.442219
vt 0.203352 0.445644
vt 0.206302 0.431516
vt 0.198393 0.426959
vt 0.206870 0.441939
vt 0.199494 0.422234
vt 0.209188 0.427439
vt 0.215784 0.436301
vt 0.216469 0.438013
vt 0.217388 0.435824
vt 0.211021 0.426894
vt 0.201097 0.421757
vt 0.197141 0.422362
vt 0.207605 0.428766
vt 0.205936 0.435599
vt 0.206799 0.428895
vt 0.202067 0.426891
vt 0.222869 0.409306
vt 0.221558 0.414546
vt 0.224699 0.406282
vt 0.222255 0.409405
vt 0.218587 0.407921
vt 0.065313 0.164339
vt 0.063941 0.173167
vt 0.067460 0.174081
vt 0.067547 0.168943
vt 0.063497 0.161977
vt 0.054597 0.177809
vt 0.050639 0.177157
vt 0.060921 0.175791
vt 0.067882 0.174780
vt 0.064845 0.174602
vt 0.066108 0.165562
vt 0.055392 0.179031
vt 0.143593 0.163097
vt 0.149940 0.131259
vt 0.148769 0.125037
vt 0.138096 0.188073
vt 0.136375 0.191771
vt 0.151260 0.134406
vt 0.145102 0.166694
vt 0.139416 0.191221
vt 0.130601 0.161092
vt 0.136425 0.133700
vt 0.135533 0.128074
vt 0.126765 0.183249
vt 0.126983 0.188257
vt 0.137815 0.136777
vt 0.132189 0.164609
vt 0.128154 0.186327
vt 0.117852 0.166839
vt 0.119867 0.145453
vt 0.118274 0.141343
vt 0.118785 0.183745
vt 0.119028 0.187949
vt 0.121878 0.147814
vt 0.120151 0.169537
vt 0.120797 0.186105
vt 0.107433 0.173609
vt 0.105252 0.160485
vt 0.103505 0.158448
vt 0.109748 0.186567
vt 0.109714 0.188817
vt 0.107037 0.161544
vt 0.109472 0.174820
vt 0.111533 0.187626
vt 0.096497 0.178574
vt 0.095084 0.167428
vt 0.093698 0.165637
vt 0.098833 0.189969
vt 0.098802 0.191693
vt 0.096540 0.168419
vt 0.098161 0.179706
vt 0.100289 0.190959
vt 0.086822 0.180689
vt 0.086807 0.169212
vt 0.085674 0.167173
vt 0.086881 0.192340
vt 0.086498 0.194029
vt 0.088043 0.170414
vt 0.088234 0.182063
vt 0.088117 0.193542
vt 0.076453 0.178639
vt 0.076805 0.167157
vt 0.075725 0.165073
vt 0.075499 0.190166
vt 0.074954 0.191819
vt 0.077992 0.168400
vt 0.077809 0.180059
vt 0.076686 0.191409
vt 0.070902 0.164813
vt 0.069705 0.175751
vt 0.069902 0.162679
vt 0.063958 0.185186
vt 0.062627 0.186461
vt 0.070897 0.177246
vt 0.071944 0.166121
vt 0.065001 0.186494
vt 0.086292 0.182393
vt 0.091642 0.181647
vt 0.095131 0.182211
vt 0.091320 0.181114
vt 0.091322 0.177157
vt 0.144099 0.855839
vt 0.170579 0.903503
vt 0.177674 0.900145
vt 0.153211 0.869261
vt 0.126685 0.849171
vt 0.144880 0.951800
vt 0.126582 0.960148
vt 0.163743 0.924509
vt 0.180487 0.901133
vt 0.176458 0.905444
vt 0.149180 0.857431
vt 0.149961 0.953393
vt 0.386278 0.654882
vt 0.332567 0.536737
vt 0.314624 0.520159
vt 0.438987 0.771045
vt 0.443898 0.789755
vt 0.343632 0.542645
vt 0.398924 0.661635
vt 0.450052 0.776953
vt 0.346441 0.681706
vt 0.297905 0.588846
vt 0.282845 0.575512
vt 0.413310 0.781268
vt 0.430015 0.799643
vt 0.308971 0.594282
vt 0.359087 0.687919
vt 0.424375 0.786704
vt 0.327179 0.731319
vt 0.285081 0.668851
vt 0.272144 0.662112
vt 0.395980 0.801727
vt 0.411101 0.817353
vt 0.296233 0.670822
vt 0.339924 0.733572
vt 0.407132 0.803698
vt 0.324131 0.791173
vt 0.274880 0.751380
vt 0.263616 0.748706
vt 0.380027 0.834643
vt 0.388100 0.842952
vt 0.282366 0.750215
vt 0.332687 0.789841
vt 0.387514 0.833478
vt 0.306239 0.832743
vt 0.259716 0.791511
vt 0.249300 0.787745
vt 0.356917 0.870214
vt 0.363381 0.876619
vt 0.266118 0.790916
vt 0.313555 0.832064
vt 0.363318 0.869620
vt 0.283012 0.861754
vt 0.243267 0.812663
vt 0.233375 0.807169
vt 0.319772 0.911719
vt 0.323879 0.919848
vt 0.249542 0.813175
vt 0.290183 0.862338
vt 0.326047 0.912230
vt 0.248049 0.881805
vt 0.217716 0.829793
vt 0.208926 0.824001
vt 0.268272 0.944451
vt 0.269781 0.954628
vt 0.223947 0.830535
vt 0.255170 0.882653
vt 0.274503 0.945193
vt 0.180643 0.839900
vt 0.215414 0.890747
vt 0.170331 0.833970
vt 0.208622 0.955616
vt 0.205326 0.966084
vt 0.222244 0.892187
vt 0.186620 0.841161
vt 0.214599 0.956876
vt 0.228893 0.893257
vt 0.241842 0.878271
vt 0.249259 0.873941
vt 0.239699 0.877518
vt 0.228613 0.864123
vt 0.313153 0.370972
vt 0.352780 0.345595
vt 0.337845 0.404786
vt 0.374798 0.390689
vt 0.347508 0.420203
vt 0.390997 0.406787
vt 0.346973 0.420059
vt 0.383068 0.408823
vt 0.337845 0.404786
vt 0.374798 0.390689
vt 0.313153 0.370972
vt 0.352780 0.345595
vt 0.243842 0.040557
vt 0.354315 0.039238
vt 0.230165 0.040557
vt 0.361442 0.038878
vt 0.646397 0.890913
vt 0.646397 0.890913
vt 0.388437 0.385553
vt 0.399397 0.382739
vt 0.280477 0.384485
vt 0.267438 0.385489
vt 0.301465 0.413297
vt 0.287529 0.413914
vt 0.272563 0.316037
vt 0.220679 0.329970
vt 0.322592 0.288301
vt 0.340470 0.279067
vt 0.830380 0.491295
vt 0.199084 0.429652
vt 0.340471 0.279067
vt 0.322592 0.288301
vt 0.288563 0.339955
vt 0.330731 0.309773
vt 0.346627 0.299966
vt 0.346627 0.299966
vt 0.330731 0.309773
vt 0.863223 0.540389
vt 0.203296 0.439695
vt 0.250672 0.356873
vt 0.256127 0.282211
vt 0.195878 0.306823
vt 0.327024 0.259204
vt 0.350384 0.251857
vt 0.797439 0.421860
vt 0.181008 0.310713
vt 0.350384 0.251857
vt 0.328410 0.259204
vt 0.244892 0.200052
vt 0.161655 0.233100
vt 0.352830 0.193126
vt 0.384966 0.190325
vt 0.775653 0.253214
vt 0.384966 0.190325
vt 0.355602 0.193126
vt 0.247238 0.241242
vt 0.342946 0.226541
vt 0.371715 0.222154
vt 0.371715 0.222154
vt 0.345718 0.226541
vt 0.780331 0.337762
vt 0.177644 0.276842
vt 0.244555 0.124323
vt 0.166952 0.139910
vt 0.343821 0.121315
vt 0.371563 0.120065
vt 0.774823 0.097765
vt 0.384831 0.118059
vt 0.347539 0.121315
vt 0.242911 0.159838
vt 0.353244 0.155598
vt 0.356017 0.155598
vt 0.771587 0.170665
vt 0.158836 0.187664
vt 0.251839 0.095592
vt 0.187127 0.102008
vt 0.325535 0.094940
vt 0.354673 0.095157
vt 0.252046 0.095592
vt 0.173865 0.103286
vt 0.367019 0.095013
vt 0.328663 0.094940
vt 0.258327 0.079940
vt 0.206393 0.083428
vt 0.308512 0.078700
vt 0.334674 0.078995
vt 0.257967 0.079940
vt 0.192072 0.083809
vt 0.346712 0.079632
vt 0.312558 0.078700
vt 0.533735 0.582096
vt 0.470950 0.536096
vt 0.612065 0.564002
vt 0.636466 0.537231
vt 0.531298 0.402499
vt 0.457140 0.479280
vt 0.646083 0.477592
vt 0.613521 0.421269
vt 0.588289 0.866406
vt 0.620249 0.904779
vt 0.658868 0.603940
vt 0.588289 0.866406
vt 0.659097 0.602705
vt 0.620249 0.904779
vt 0.371087 0.334065
vt 0.392093 0.358992
vt 0.397319 0.357754
vt 0.371087 0.334065
vt 0.356384 0.307809
vt 0.356384 0.307809
vt 0.605245 0.853618
vt 0.605245 0.853618
vt 0.637184 0.895377
vt 0.642448 0.610018
vt 0.642882 0.611926
vt 0.637184 0.895377
vt 0.675332 0.960120
vt 0.683269 0.954705
vt 0.674298 0.960930
vt 0.683269 0.954705
vt 0.695552 0.944050
vt 0.701449 0.937598
vt 0.701449 0.937598
vt 0.695552 0.944050
vt 0.742543 0.973506
vt 0.742993 0.965809
vt 0.742240 0.974595
vt 0.742993 0.965809
vt 0.743855 0.951121
vt 0.744720 0.942498
vt 0.744720 0.942498
vt 0.743855 0.951121
vt 0.792423 0.958236
vt 0.788584 0.951016
vt 0.792750 0.959388
vt 0.788584 0.951016
vt 0.781261 0.937237
vt 0.777287 0.928950
vt 0.777287 0.928950
vt 0.781261 0.937237
vt 0.825715 0.924881
vt 0.820016 0.918366
vt 0.826317 0.926143
vt 0.820016 0.918366
vt 0.809018 0.904989
vt 0.802815 0.896234
vt 0.802815 0.896234
vt 0.809018 0.904989
vt 0.844234 0.874334
vt 0.836614 0.870647
vt 0.845199 0.875251
vt 0.836614 0.870647
vt 0.821948 0.862665
vt 0.813455 0.856995
vt 0.813455 0.856995
vt 0.821948 0.862665
vt 0.841476 0.818973
vt 0.832792 0.819282
vt 0.842730 0.819197
vt 0.832792 0.819282
vt 0.816221 0.819870
vt 0.806453 0.819812
vt 0.806453 0.819812
vt 0.816221 0.819871
vt 0.816052 0.768454
vt 0.807600 0.769982
vt 0.817310 0.768496
vt 0.807600 0.769982
vt 0.791471 0.772895
vt 0.781907 0.774216
vt 0.781907 0.774216
vt 0.791471 0.772895
vt 0.786463 0.723702
vt 0.778373 0.726341
vt 0.787703 0.723574
vt 0.778373 0.726341
vt 0.762935 0.731375
vt 0.753727 0.733961
vt 0.753727 0.733961
vt 0.762935 0.731375
vt 0.772940 0.698759
vt 0.764426 0.702891
vt 0.774288 0.698430
vt 0.764426 0.702891
vt 0.748178 0.710774
vt 0.738424 0.715017
vt 0.738424 0.715017
vt 0.748178 0.710774
vt 0.764635 0.684103
vt 0.755860 0.690082
vt 0.766076 0.683519
vt 0.755860 0.690082
vt 0.739115 0.701487
vt 0.728982 0.707791
vt 0.728982 0.707791
vt 0.739115 0.701487
vt 0.749558 0.669686
vt 0.742402 0.678062
vt 0.750842 0.668708
vt 0.742403 0.678062
vt 0.728745 0.694042
vt 0.720318 0.703113
vt 0.720318 0.703113
vt 0.728745 0.694042
vt 0.735250 0.663335
vt 0.729656 0.671923
vt 0.736317 0.662278
vt 0.729656 0.671923
vt 0.718978 0.688310
vt 0.712294 0.697693
vt 0.712294 0.697693
vt 0.718978 0.688310
vt 0.727125 0.661111
vt 0.722000 0.668980
vt 0.728103 0.660143
vt 0.722000 0.668980
vt 0.712217 0.683992
vt 0.706094 0.692589
vt 0.706094 0.692589
vt 0.712217 0.683992
vt 0.721020 0.657176
vt 0.715798 0.665193
vt 0.722016 0.656190
vt 0.715798 0.665193
vt 0.705830 0.680490
vt 0.699590 0.689250
vt 0.699590 0.689250
vt 0.705830 0.680490
vt 0.708525 0.653432
vt 0.703497 0.661152
vt 0.709484 0.652483
vt 0.703497 0.661152
vt 0.693899 0.675880
vt 0.687892 0.684314
vt 0.687892 0.684314
vt 0.693899 0.675880
vt 0.694064 0.648112
vt 0.689225 0.655452
vt 0.694967 0.647217
vt 0.689225 0.655452
vt 0.679811 0.669361
vt 0.673880 0.677273
vt 0.673880 0.677273
vt 0.679811 0.669361
vt 0.683434 0.641813
vt 0.678019 0.648950
vt 0.684337 0.640918
vt 0.678019 0.648950
vt 0.665398 0.663506
vt 0.657333 0.671409
vt 0.657452 0.671608
vt 0.665517 0.663705
vt 0.673003 0.622025
vt 0.665836 0.625338
vt 0.673989 0.621540
vt 0.665836 0.625338
vt 0.650148 0.636860
vt 0.650386 0.637259
vt 0.539587 0.564126
vt 0.590936 0.552028
vt 0.610891 0.531570
vt 0.620939 0.478997
vt 0.593753 0.433036
vt 0.539431 0.421720
vt 0.479643 0.481652
vt 0.492383 0.529801
vt 0.396267 0.170347
vt 0.387766 0.134113
vt 0.386308 0.154208
vt 0.396187 0.170213
vt 0.386148 0.153939
vt 0.394210 0.132064
vt 0.529803 0.596653
vt 0.453357 0.544314
vt 0.624929 0.574543
vt 0.653783 0.543720
vt 0.524930 0.386669
vt 0.439875 0.477275
vt 0.664482 0.475076
vt 0.627840 0.410131
vt 0.245358 0.041471
vt 0.159817 0.043986
vt 0.351277 0.040333
vt 0.383377 0.040579
vt 0.239737 0.041470
vt 0.144595 0.043986
vt 0.395305 0.040092
vt 0.354634 0.040333
vt 0.529924 0.596245
vt 0.624679 0.574218
vt 0.653418 0.543521
vt 0.664077 0.475144
vt 0.627590 0.410456
vt 0.525050 0.387077
vt 0.440283 0.477334
vt 0.453734 0.544135
vt 0.530634 0.593843
vt 0.623211 0.572306
vt 0.651273 0.542350
vt 0.661696 0.475544
vt 0.626122 0.412368
vt 0.525760 0.389479
vt 0.442690 0.477685
vt 0.455952 0.543082
vt 0.819037 0.562725
vt 0.769222 0.509574
vt 0.723709 0.453256
vt 0.690532 0.383585
vt 0.667016 0.296629
vt 0.660935 0.207039
vt 0.672164 0.117725
vt 0.212935 0.099505
vt 0.229065 0.082173
vt 0.512628 0.434098
vt 0.495243 0.421232
vt 0.482452 0.410880
vt 0.480501 0.408729
vt 0.480784 0.409042
vt 0.190165 0.042767
vt 0.174564 0.041818
vt 0.189703 0.041818
vt 0.196637 0.042767
vt 0.486397 0.577408
vt 0.486113 0.577720
vt 0.488065 0.575569
vt 0.498049 0.564927
vt 0.513141 0.552128
vt 0.230247 0.082173
vt 0.212777 0.099505
vt 0.193988 0.134047
vt 0.188518 0.177558
vt 0.191480 0.221203
vt 0.202936 0.263565
vt 0.219847 0.297506
vt 0.242768 0.324943
vt 0.267037 0.350836
vt 0.296576 0.379784
vt 0.319957 0.410342
vt 0.321491 0.424303
vt 0.314087 0.424723
vt 0.319957 0.410342
vt 0.296576 0.379784
vt 0.310471 0.326076
vt 0.885182 0.465575
vt 0.880244 0.394548
vt 0.895984 0.311417
vt 0.905184 0.233318
vt 0.901682 0.155514
vt 0.891715 0.089186
vt 0.292534 0.094009
vt 0.284870 0.078747
vt 0.566581 0.422089
vt 0.573843 0.402769
vt 0.579435 0.389385
vt 0.579846 0.386583
vt 0.579786 0.386990
vt 0.301227 0.040619
vt 0.293275 0.039538
vt 0.298120 0.039657
vt 0.299333 0.040619
vt 0.578144 0.595138
vt 0.578204 0.595545
vt 0.577793 0.592744
vt 0.573022 0.581229
vt 0.565403 0.562978
vt 0.282153 0.078747
vt 0.289790 0.094009
vt 0.299504 0.120144
vt 0.304293 0.152456
vt 0.305998 0.190360
vt 0.301584 0.228407
vt 0.295469 0.268906
vt 0.299261 0.303508
vt 0.310471 0.326076
vt 0.332106 0.359436
vt 0.356286 0.398147
vt 0.366454 0.414832
vt 0.370195 0.414153
vt 0.356286 0.398147
vt 0.332106 0.359436
vt 0.315446 0.424723
vt 0.347508 0.420203
vt 0.370195 0.414153
vt 0.390997 0.406787
vt 0.399397 0.382739
vt 0.397319 0.357754
vt 0.674298 0.960930
vt 0.742240 0.974595
vt 0.792750 0.959388
vt 0.826317 0.926143
vt 0.845199 0.875251
vt 0.842730 0.819197
vt 0.817310 0.768496
vt 0.787703 0.723574
vt 0.774288 0.698430
vt 0.766076 0.683519
vt 0.750842 0.668708
vt 0.736317 0.662278
vt 0.728103 0.660143
vt 0.722016 0.656190
vt 0.709484 0.652483
vt 0.694967 0.647217
vt 0.684337 0.640918
vt 0.673989 0.621540
vt 0.659097 0.602705
vt 0.642507 0.610117
vt 0.394250 0.132131
vt 0.384760 0.118059
vt 0.366522 0.095013
vt 0.345873 0.079632
vt 0.620581 0.505439
vt 0.645828 0.507556
vt 0.661187 0.509306
vt 0.663974 0.509754
vt 0.663569 0.509689
vt 0.394719 0.040092
vt 0.361149 0.038878
vt 0.295029 0.039538
vt 0.233674 0.040557
vt 0.176472 0.041818
vt 0.144902 0.043986
vt 0.440549 0.508459
vt 0.440141 0.508519
vt 0.442956 0.508108
vt 0.458211 0.506550
vt 0.480900 0.505883
vt 0.192809 0.083809
vt 0.174345 0.103286
vt 0.182479 0.310713
vt 0.200005 0.429504
vt 0.204217 0.439547
vt 0.270157 0.385489
vt 0.290248 0.413914
vt 0.320132 0.424303
vt 0.346973 0.420059
vt 0.366454 0.414832
vt 0.383068 0.408823
vt 0.388437 0.385553
vt 0.392093 0.358992
vt 0.675332 0.960120
vt 0.742543 0.973506
vt 0.792423 0.958236
vt 0.825715 0.924881
vt 0.844234 0.874334
vt 0.841476 0.818973
vt 0.816052 0.768454
vt 0.786463 0.723702
vt 0.772940 0.698759
vt 0.764635 0.684103
vt 0.749558 0.669686
vt 0.735250 0.663335
vt 0.727125 0.661111
vt 0.721020 0.657176
vt 0.708525 0.653432
vt 0.694064 0.648112
vt 0.683434 0.641813
vt 0.673003 0.622025
vt 0.658868 0.603940
vt 0.642704 0.611627
vt 0.387646 0.133912
vt 0.372580 0.120065
vt 0.355374 0.095157
vt 0.336482 0.078995
vt 0.612733 0.453738
vt 0.636720 0.448291
vt 0.651782 0.442967
vt 0.654291 0.441590
vt 0.653927 0.441790
vt 0.383964 0.040579
vt 0.356287 0.039238
vt 0.297313 0.039657
vt 0.237522 0.040557
vt 0.184558 0.041818
vt 0.157195 0.043986
vt 0.451460 0.442240
vt 0.451084 0.442061
vt 0.453679 0.443293
vt 0.468874 0.450025
vt 0.490613 0.456659
vt 0.204475 0.083428
vt 0.186417 0.102008
vt 0.167450 0.139910
vt 0.159334 0.187664
vt 0.162153 0.233100
vt 0.178142 0.276842
vt 0.194767 0.306823
vt 0.217961 0.329970
vt 0.247954 0.356873
vt 0.277759 0.384485
vt 0.298747 0.413297
vt 0.205736 0.334696
vt 0.186953 0.322113
vt 0.234885 0.359093
vt 0.246975 0.370465
vt 0.210725 0.334696
vt 0.189447 0.322113
vt 0.249469 0.370465
vt 0.239874 0.359093
vt 0.199537 0.345101
vt 0.182941 0.334930
vt 0.226104 0.365443
vt 0.238800 0.374959
vt 0.203702 0.345101
vt 0.185023 0.334930
vt 0.240882 0.374959
vt 0.230268 0.365443
vt 0.197829 0.360936
vt 0.183521 0.353790
vt 0.222376 0.375593
vt 0.236055 0.382354
vt 0.201512 0.360315
vt 0.185363 0.353480
vt 0.237896 0.382044
vt 0.226059 0.374972
vt 0.207182 0.380270
vt 0.196924 0.377700
vt 0.225867 0.385956
vt 0.236006 0.388439
vt 0.209793 0.378888
vt 0.198229 0.377009
vt 0.237312 0.387748
vt 0.228477 0.384574
vt 0.215307 0.396412
vt 0.208273 0.396003
vt 0.228746 0.398042
vt 0.235603 0.398662
vt 0.216955 0.395093
vt 0.209097 0.395344
vt 0.236426 0.398003
vt 0.230393 0.396724
vt 0.215417 0.406585
vt 0.208732 0.405175
vt 0.227748 0.410531
vt 0.233911 0.412590
vt 0.217156 0.405654
vt 0.209601 0.404709
vt 0.234780 0.412125
vt 0.229486 0.409599
vt 0.211530 0.415467
vt 0.204745 0.413577
vt 0.223675 0.420781
vt 0.229598 0.423784
vt 0.213354 0.414717
vt 0.205657 0.413202
vt 0.230510 0.423409
vt 0.225499 0.420031
vt 0.201962 0.426515
vt 0.194989 0.425032
vt 0.208703 0.435715
vt 0.209068 0.443124
vt 0.203799 0.426091
vt 0.195908 0.424820
vt 0.209986 0.442912
vt 0.210540 0.435291
vt 0.206097 0.422040
vt 0.216987 0.428797
vt 0.221814 0.433114
vt 0.222728 0.432788
vt 0.218815 0.428145
vt 0.207925 0.421389
vt 0.200374 0.419662
vt 0.199460 0.419988
vt 0.225153 0.408333
vt 0.224846 0.408382
vt 0.223360 0.405070
vt 0.223667 0.405020
vt 0.214876 0.422544
vt 0.214416 0.422618
vt 0.212187 0.417650
vt 0.212648 0.417576
vt 0.063870 0.167210
vt 0.056135 0.174877
vt 0.064352 0.168009
vt 0.056617 0.175676
vt 0.153413 0.143885
vt 0.155265 0.122117
vt 0.146237 0.183086
vt 0.141124 0.201571
vt 0.154487 0.145990
vt 0.155802 0.123170
vt 0.141661 0.202624
vt 0.147311 0.185192
vt 0.140911 0.145592
vt 0.143298 0.126575
vt 0.134218 0.174977
vt 0.131542 0.187626
vt 0.142470 0.149454
vt 0.144078 0.128506
vt 0.132321 0.189557
vt 0.135778 0.178838
vt 0.126417 0.149758
vt 0.127685 0.133815
vt 0.122888 0.174846
vt 0.122610 0.186900
vt 0.128372 0.152941
vt 0.128662 0.135407
vt 0.123587 0.188491
vt 0.124842 0.178029
vt 0.112341 0.160950
vt 0.110883 0.150475
vt 0.113552 0.178803
vt 0.114533 0.187535
vt 0.114601 0.162852
vt 0.112013 0.151427
vt 0.115662 0.188486
vt 0.115811 0.180706
vt 0.100766 0.169807
vt 0.098511 0.163131
vt 0.103397 0.183135
vt 0.104501 0.189982
vt 0.102606 0.170841
vt 0.099431 0.163648
vt 0.105421 0.190499
vt 0.105237 0.184169
vt 0.091375 0.173718
vt 0.090179 0.166991
vt 0.092333 0.186629
vt 0.092731 0.193115
vt 0.092889 0.174981
vt 0.090936 0.167623
vt 0.093489 0.193747
vt 0.093848 0.187892
vt 0.081683 0.173439
vt 0.080894 0.166440
vt 0.081304 0.186691
vt 0.080737 0.193308
vt 0.083062 0.174850
vt 0.081584 0.167146
vt 0.081426 0.194013
vt 0.082682 0.188101
vt 0.067856 0.168705
vt 0.066620 0.161684
vt 0.061849 0.178400
vt 0.055116 0.181513
vt 0.068937 0.170250
vt 0.067160 0.162456
vt 0.055657 0.182285
vt 0.062930 0.179945
vt 0.073553 0.170863
vt 0.071367 0.183491
vt 0.069171 0.189583
vt 0.069816 0.190309
vt 0.072655 0.184942
vt 0.074842 0.172314
vt 0.073615 0.164666
vt 0.072971 0.163941
vt 0.093399 0.183400
vt 0.093239 0.183133
vt 0.095754 0.180516
vt 0.095914 0.180782
vt 0.076374 0.179192
vt 0.076133 0.178793
vt 0.079905 0.174866
vt 0.080146 0.175266
vt 0.144597 0.873168
vt 0.144698 0.934667
vt 0.147812 0.874297
vt 0.147913 0.935796
vt 0.382210 0.568248
vt 0.346371 0.498487
vt 0.436835 0.712828
vt 0.459467 0.788114
vt 0.390274 0.572200
vt 0.350403 0.500463
vt 0.463499 0.790090
vt 0.444899 0.716780
vt 0.335042 0.606047
vt 0.298140 0.544112
vt 0.398074 0.728538
vt 0.434093 0.791735
vt 0.348410 0.613295
vt 0.304823 0.547736
vt 0.440776 0.795359
vt 0.411441 0.735786
vt 0.307686 0.658832
vt 0.278552 0.615521
vt 0.371109 0.751847
vt 0.417743 0.805127
vt 0.320589 0.663250
vt 0.285003 0.617730
vt 0.424194 0.807336
vt 0.384011 0.756265
vt 0.299104 0.733316
vt 0.270054 0.707883
vt 0.359867 0.792694
vt 0.398182 0.827590
vt 0.309890 0.733421
vt 0.275448 0.707936
vt 0.403575 0.827643
vt 0.370654 0.792799
vt 0.288754 0.792102
vt 0.257958 0.772052
vt 0.346796 0.835688
vt 0.376540 0.858079
vt 0.296338 0.790738
vt 0.261750 0.771370
vt 0.380332 0.857397
vt 0.354380 0.834324
vt 0.271170 0.822629
vt 0.243003 0.797652
vt 0.321224 0.872881
vt 0.345602 0.897530
vt 0.278370 0.822665
vt 0.246604 0.797670
vt 0.349202 0.897548
vt 0.328425 0.872917
vt 0.247341 0.843295
vt 0.223800 0.815528
vt 0.283160 0.905255
vt 0.297978 0.939080
vt 0.254502 0.844062
vt 0.227380 0.815912
vt 0.301559 0.939463
vt 0.290321 0.906022
vt 0.176458 0.867536
vt 0.144962 0.839488
vt 0.181891 0.930928
vt 0.158283 0.966317
vt 0.183094 0.869373
vt 0.148280 0.840406
vt 0.161601 0.967236
vt 0.188527 0.932765
vt 0.217122 0.855853
vt 0.239687 0.922765
vt 0.240646 0.962317
vt 0.244146 0.962863
vt 0.246688 0.923856
vt 0.224124 0.856945
vt 0.196503 0.829284
vt 0.193002 0.828738
vt 0.247147 0.881312
vt 0.246076 0.880935
vt 0.247073 0.867718
vt 0.248144 0.868094
vt 0.205819 0.902078
vt 0.204212 0.901514
vt 0.199643 0.874491
vt 0.201251 0.875055
vt 0.305250 0.375482
vt 0.296772 0.352358
vt 0.880074 0.565849
vt 0.321650 0.365780
vt 0.327516 0.388732
vt 0.342992 0.352516
vt 0.338411 0.323669
vt 0.361976 0.339252
vt 0.367141 0.369839
vt 0.329329 0.407630
vt 0.346499 0.401671
vt 0.344282 0.416204
vt 0.366091 0.394418
vt 0.382287 0.387540
vt 0.379018 0.404798
vt 0.333009 0.422516
vt 0.347515 0.420131
vt 0.359323 0.417507
vt 0.347367 0.420239
vt 0.380596 0.410470
vt 0.387033 0.407805
vt 0.398298 0.398934
vt 0.392979 0.406279
vt 0.335290 0.422231
vt 0.347515 0.420131
vt 0.357156 0.417641
vt 0.344282 0.416204
vt 0.375036 0.411827
vt 0.387033 0.407805
vt 0.388289 0.401503
vt 0.379018 0.404798
vt 0.329329 0.407630
vt 0.346499 0.401671
vt 0.327516 0.388732
vt 0.366091 0.394418
vt 0.382287 0.387540
vt 0.367141 0.369839
vt 0.305250 0.375482
vt 0.321650 0.365780
vt 0.298815 0.353910
vt 0.342992 0.352516
vt 0.361976 0.339252
vt 0.338411 0.323669
vt 0.240307 0.040557
vt 0.217445 0.040902
vt 0.245214 0.040786
vt 0.270273 0.040303
vt 0.358030 0.039058
vt 0.326447 0.039132
vt 0.351550 0.039602
vt 0.375401 0.039784
vt 0.234340 0.040557
vt 0.202652 0.040902
vt 0.228706 0.040557
vt 0.259556 0.040273
vt 0.358889 0.039058
vt 0.328258 0.038892
vt 0.362634 0.038788
vt 0.386050 0.039333
vt 0.621378 0.861966
vt 0.643520 0.892428
vt 0.674890 0.922208
vt 0.646970 0.890514
vt 0.621378 0.861966
vt 0.674890 0.922208
vt 0.643520 0.892428
vt 0.393917 0.384146
vt 0.388156 0.368780
vt 0.393917 0.384146
vt 0.397877 0.366310
vt 0.402137 0.382036
vt 0.265117 0.369689
vt 0.274378 0.384987
vt 0.293633 0.399581
vt 0.288021 0.383058
vt 0.254988 0.374002
vt 0.270300 0.384987
vt 0.279795 0.400327
vt 0.267836 0.385740
vt 0.294315 0.413606
vt 0.309057 0.422562
vt 0.310434 0.412404
vt 0.290237 0.413606
vt 0.296880 0.423097
vt 0.288305 0.414068
vt 0.257812 0.320667
vt 0.280458 0.327774
vt 0.286539 0.310502
vt 0.264559 0.301824
vt 0.214742 0.331615
vt 0.236180 0.344234
vt 0.229651 0.328249
vt 0.206477 0.316645
vt 0.311140 0.295844
vt 0.326528 0.299465
vt 0.332680 0.282251
vt 0.321798 0.275230
vt 0.342557 0.290451
vt 0.343792 0.278192
vt 0.342401 0.266106
vt 0.846587 0.515386
vt 0.800102 0.500797
vt 0.814149 0.462119
vt 0.859069 0.479933
vt 0.200220 0.428621
vt 0.203639 0.432668
vt 0.203844 0.427069
vt 0.197223 0.429558
vt 0.194747 0.427876
vt 0.342557 0.290451
vt 0.332680 0.282251
vt 0.342401 0.266106
vt 0.326528 0.299465
vt 0.311355 0.295784
vt 0.910008 0.449720
vt 0.322145 0.275230
vt 0.277781 0.345478
vt 0.299440 0.333682
vt 0.321090 0.317865
vt 0.339281 0.303306
vt 0.351597 0.306217
vt 0.349999 0.299077
vt 0.351597 0.306217
vt 0.339281 0.303306
vt 0.321090 0.317865
vt 0.841091 0.551727
vt 0.885394 0.528881
vt 0.299364 0.334348
vt 0.204881 0.438534
vt 0.203472 0.444979
vt 0.202672 0.442032
vt 0.206568 0.433306
vt 0.245153 0.357809
vt 0.257583 0.354983
vt 0.236349 0.290263
vt 0.276671 0.274657
vt 0.249582 0.260813
vt 0.187975 0.309034
vt 0.206424 0.303255
vt 0.186921 0.295292
vt 0.312320 0.264055
vt 0.339680 0.254942
vt 0.335123 0.242287
vt 0.355248 0.250608
vt 0.361221 0.236985
vt 0.757423 0.438387
vt 0.784687 0.377936
vt 0.839723 0.406354
vt 0.185858 0.309034
vt 0.186185 0.316724
vt 0.179966 0.311419
vt 0.173627 0.304389
vt 0.477567 0.789429
vt 0.340026 0.254942
vt 0.361221 0.236985
vt 0.316165 0.264055
vt 0.919882 0.384591
vt 0.337548 0.242287
vt 0.216142 0.210878
vt 0.246530 0.221615
vt 0.275565 0.192091
vt 0.243345 0.178733
vt 0.154447 0.234923
vt 0.411021 0.548418
vt 0.168928 0.254951
vt 0.172715 0.229214
vt 0.157674 0.210826
vt 0.332862 0.191743
vt 0.349260 0.210607
vt 0.369123 0.193117
vt 0.354032 0.174617
vt 0.380190 0.206791
vt 0.392775 0.188233
vt 0.389255 0.176822
vt 0.779083 0.297476
vt 0.717444 0.275435
vt 0.772376 0.209452
vt 0.839085 0.236872
vt 0.380190 0.206791
vt 0.369816 0.193117
vt 0.389235 0.176788
vt 0.352032 0.210607
vt 0.341855 0.191743
vt 0.972615 0.236157
vt 0.356804 0.174617
vt 0.222014 0.252773
vt 0.274973 0.232082
vt 0.324948 0.227474
vt 0.357796 0.224977
vt 0.378443 0.220427
vt 0.358489 0.224977
vt 0.333175 0.227474
vt 0.954799 0.309501
vt 0.729463 0.361433
vt 0.837663 0.318961
vt 0.168355 0.279697
vt 0.459277 0.703760
vt 0.188611 0.272095
vt 0.216532 0.129300
vt 0.243383 0.142117
vt 0.273673 0.120732
vt 0.247137 0.108225
vt 0.160220 0.142046
vt 0.162732 0.163924
vt 0.177327 0.137828
vt 0.174188 0.118360
vt 0.322677 0.120893
vt 0.349997 0.137391
vt 0.360822 0.121132
vt 0.335429 0.107216
vt 0.379499 0.130396
vt 0.378668 0.118809
vt 0.363455 0.107019
vt 0.772623 0.134291
vt 0.718210 0.107981
vt 0.777604 0.061163
vt 0.246852 0.106492
vt 0.834994 0.090394
vt 0.390957 0.127811
vt 0.379011 0.118809
vt 0.376596 0.106047
vt 0.387570 0.117811
vt 0.353006 0.137391
vt 0.329235 0.121056
vt 0.946711 0.091060
vt 0.339473 0.107216
vt 0.362951 0.121132
vt 0.213659 0.168907
vt 0.273910 0.153352
vt 0.331567 0.154191
vt 0.370950 0.155872
vt 0.339910 0.154354
vt 0.968623 0.159410
vt 0.371603 0.155805
vt 0.712347 0.189283
vt 0.835688 0.157354
vt 0.152656 0.187879
vt 0.169555 0.184305
vt 0.230665 0.097595
vt 0.272735 0.094172
vt 0.256342 0.086229
vt 0.179229 0.102647
vt 0.198242 0.101062
vt 0.199840 0.090486
vt 0.306294 0.094475
vt 0.343124 0.095227
vt 0.315956 0.085198
vt 0.361900 0.094996
vt 0.345113 0.085481
vt 0.231145 0.097595
vt 0.256124 0.086229
vt 0.273292 0.094172
vt 0.178452 0.102647
vt 0.162656 0.115255
vt 0.172535 0.103606
vt 0.184975 0.091155
vt 0.362696 0.094996
vt 0.356819 0.085896
vt 0.368307 0.095066
vt 0.310687 0.094475
vt 0.318546 0.085198
vt 0.344285 0.095227
vt 0.244246 0.081083
vt 0.271345 0.079057
vt 0.259053 0.075187
vt 0.542748 0.556518
vt 0.198049 0.083618
vt 0.217304 0.083019
vt 0.209866 0.078601
vt 0.500098 0.529885
vt 0.293595 0.078724
vt 0.323380 0.078762
vt 0.302136 0.073825
vt 0.580105 0.547254
vt 0.342226 0.079314
vt 0.323795 0.074105
vt 0.598885 0.530353
vt 0.243861 0.081083
vt 0.258693 0.075187
vt 0.542436 0.429305
vt 0.271573 0.079057
vt 0.196649 0.083618
vt 0.190780 0.083904
vt 0.197163 0.078854
vt 0.489083 0.482632
vt 0.343728 0.079314
vt 0.336654 0.074795
vt 0.610035 0.478585
vt 0.346929 0.079791
vt 0.298362 0.078724
vt 0.308635 0.073825
vt 0.585740 0.437005
vt 0.325813 0.078762
vt 0.515426 0.575670
vt 0.536544 0.572422
vt 0.552944 0.584013
vt 0.531613 0.590214
vt 0.462670 0.520745
vt 0.483167 0.531333
vt 0.482819 0.551269
vt 0.460341 0.541032
vt 0.593040 0.574355
vt 0.601634 0.557408
vt 0.627430 0.551263
vt 0.620001 0.569679
vt 0.623288 0.533594
vt 0.641742 0.522473
vt 0.646953 0.540733
vt 0.535895 0.413122
vt 0.512313 0.409953
vt 0.527349 0.393426
vt 0.551906 0.399797
vt 0.460812 0.465140
vt 0.469297 0.480570
vt 0.456669 0.492925
vt 0.446996 0.478185
vt 0.632677 0.478852
vt 0.642123 0.462783
vt 0.657105 0.476171
vt 0.647638 0.492566
vt 0.602702 0.428109
vt 0.595064 0.410299
vt 0.622548 0.415145
vt 0.627858 0.434369
vt 0.583024 0.877244
vt 0.361079 0.307071
vt 0.597145 0.876702
vt 0.595161 0.857790
vt 0.587424 0.865704
vt 0.611380 0.910516
vt 0.380156 0.329456
vt 0.651118 0.935745
vt 0.628917 0.899560
vt 0.666566 0.608890
vt 0.658982 0.603323
vt 0.650707 0.605508
vt 0.660553 0.609598
vt 0.583024 0.877244
vt 0.361079 0.307071
vt 0.595161 0.857790
vt 0.597145 0.876702
vt 0.667404 0.608421
vt 0.658982 0.603323
vt 0.650350 0.603526
vt 0.659154 0.602397
vt 0.611380 0.910516
vt 0.380156 0.329456
vt 0.628917 0.899560
vt 0.651118 0.935745
vt 0.385535 0.353069
vt 0.358215 0.314729
vt 0.394706 0.358373
vt 0.398139 0.352696
vt 0.638110 0.945061
vt 0.394706 0.358373
vt 0.397242 0.353134
vt 0.636776 0.945711
vt 0.398626 0.357444
vt 0.358215 0.314729
vt 0.385535 0.353069
vt 0.358229 0.307453
vt 0.613616 0.865233
vt 0.604859 0.852443
vt 0.613616 0.865233
vt 0.667360 0.927249
vt 0.642576 0.610822
vt 0.634968 0.619345
vt 0.396025 0.133567
vt 0.642398 0.609640
vt 0.642695 0.611022
vt 0.635227 0.620769
vt 0.396199 0.134525
vt 0.644852 0.618712
vt 0.667360 0.927249
vt 0.674815 0.960525
vt 0.710746 0.970997
vt 0.677575 0.958564
vt 0.714595 0.963959
vt 0.690049 0.949536
vt 0.674815 0.960525
vt 0.710044 0.971955
vt 0.674039 0.961132
vt 0.690049 0.949536
vt 0.714595 0.963959
vt 0.677575 0.958564
vt 0.699458 0.939616
vt 0.721228 0.950451
vt 0.701966 0.937194
vt 0.725062 0.942542
vt 0.699458 0.939616
vt 0.725062 0.942542
vt 0.721228 0.950451
vt 0.742392 0.974050
vt 0.770008 0.968852
vt 0.742731 0.971310
vt 0.767858 0.961184
vt 0.743358 0.958560
vt 0.742392 0.974050
vt 0.770079 0.970016
vt 0.742165 0.974867
vt 0.743358 0.958560
vt 0.767858 0.961184
vt 0.742731 0.971310
vt 0.744353 0.945198
vt 0.763758 0.946553
vt 0.744872 0.941954
vt 0.761702 0.937842
vt 0.744352 0.945198
vt 0.761702 0.937842
vt 0.763758 0.946553
vt 0.792587 0.958812
vt 0.810692 0.943099
vt 0.791382 0.956143
vt 0.805771 0.936383
vt 0.784916 0.944249
vt 0.792587 0.958812
vt 0.811185 0.944251
vt 0.792831 0.959677
vt 0.784916 0.944249
vt 0.805771 0.936383
vt 0.791382 0.956143
vt 0.778444 0.931598
vt 0.796351 0.923331
vt 0.777124 0.928374
vt 0.791112 0.915266
vt 0.778444 0.931598
vt 0.791112 0.915266
vt 0.796351 0.923331
vt 0.826016 0.925512
vt 0.837045 0.902366
vt 0.824139 0.922937
vt 0.830552 0.896582
vt 0.814567 0.912080
vt 0.826016 0.925512
vt 0.837777 0.903624
vt 0.826467 0.926459
vt 0.814567 0.912080
vt 0.830552 0.896582
vt 0.824140 0.922937
vt 0.804667 0.899054
vt 0.817977 0.884128
vt 0.802514 0.895603
vt 0.810796 0.875571
vt 0.804667 0.899054
vt 0.810796 0.875571
vt 0.817977 0.884128
vt 0.844717 0.874793
vt 0.846104 0.845099
vt 0.842088 0.873183
vt 0.837570 0.843800
vt 0.829378 0.867036
vt 0.844717 0.874793
vt 0.847283 0.845588
vt 0.845440 0.875480
vt 0.829378 0.867036
vt 0.837570 0.843800
vt 0.842088 0.873183
vt 0.816060 0.858871
vt 0.821254 0.841084
vt 0.812972 0.856537
vt 0.811704 0.838933
vt 0.816060 0.858871
vt 0.811704 0.838933
vt 0.821254 0.841084
vt 0.842103 0.819085
vt 0.831182 0.794057
vt 0.838992 0.818994
vt 0.822671 0.795280
vt 0.824620 0.819640
vt 0.842103 0.819085
vt 0.832438 0.794145
vt 0.843043 0.819253
vt 0.824620 0.819640
vt 0.822671 0.795280
vt 0.838992 0.818994
vt 0.809522 0.819939
vt 0.806431 0.797612
vt 0.805827 0.819700
vt 0.796817 0.798588
vt 0.809522 0.819939
vt 0.796817 0.798588
vt 0.806431 0.797612
vt 0.816681 0.768475
vt 0.799881 0.744292
vt 0.813625 0.768825
vt 0.791520 0.746098
vt 0.799656 0.771484
vt 0.816681 0.768475
vt 0.801135 0.744292
vt 0.817625 0.768507
vt 0.799656 0.771484
vt 0.791520 0.746098
vt 0.813625 0.768825
vt 0.784927 0.773907
vt 0.775563 0.749541
vt 0.781278 0.774194
vt 0.766089 0.751179
vt 0.784927 0.773907
vt 0.766089 0.751179
vt 0.775563 0.749541
vt 0.787083 0.723638
vt 0.777061 0.708064
vt 0.784130 0.724394
vt 0.769046 0.711632
vt 0.770778 0.728887
vt 0.787083 0.723638
vt 0.778319 0.707801
vt 0.788013 0.723543
vt 0.770778 0.728887
vt 0.769046 0.711632
vt 0.784130 0.724394
vt 0.756649 0.733251
vt 0.753751 0.718438
vt 0.753107 0.734025
vt 0.744584 0.722071
vt 0.756649 0.733251
vt 0.744584 0.722071
vt 0.753751 0.718438
vt 0.773614 0.698595
vt 0.770124 0.692026
vt 0.770475 0.699874
vt 0.761152 0.696810
vt 0.756444 0.706846
vt 0.773614 0.698595
vt 0.771557 0.691618
vt 0.774624 0.698348
vt 0.756444 0.706846
vt 0.761152 0.696810
vt 0.770475 0.699874
vt 0.741536 0.713792
vt 0.744029 0.705939
vt 0.737750 0.715181
vt 0.733729 0.710893
vt 0.741536 0.713792
vt 0.733729 0.710893
vt 0.744028 0.705939
vt 0.765355 0.683811
vt 0.757452 0.676240
vt 0.762081 0.685744
vt 0.749346 0.683550
vt 0.747647 0.695776
vt 0.765355 0.683811
vt 0.758839 0.675444
vt 0.766436 0.683372
vt 0.747647 0.695776
vt 0.749346 0.683550
vt 0.762081 0.685744
vt 0.732236 0.705923
vt 0.733875 0.697497
vt 0.728261 0.708083
vt 0.724430 0.705327
vt 0.732236 0.705923
vt 0.724430 0.705327
vt 0.733875 0.697497
vt 0.750200 0.669197
vt 0.741856 0.665148
vt 0.747448 0.672024
vt 0.735637 0.674044
vt 0.735731 0.686000
vt 0.750200 0.669197
vt 0.743022 0.664067
vt 0.751163 0.668464
vt 0.735731 0.686000
vt 0.735637 0.674044
vt 0.747448 0.672024
vt 0.723067 0.700357
vt 0.723766 0.691016
vt 0.719676 0.703602
vt 0.716366 0.700715
vt 0.723067 0.700357
vt 0.716366 0.700715
vt 0.723766 0.691016
vt 0.735784 0.662806
vt 0.730190 0.662553
vt 0.733585 0.665746
vt 0.724947 0.670601
vt 0.724456 0.680050
vt 0.735784 0.662806
vt 0.731190 0.661563
vt 0.736584 0.662014
vt 0.724456 0.680050
vt 0.724947 0.670601
vt 0.733585 0.665746
vt 0.714498 0.694819
vt 0.714941 0.685958
vt 0.711760 0.698222
vt 0.708677 0.694751
vt 0.714498 0.694819
vt 0.708677 0.694751
vt 0.714941 0.685958
vt 0.727614 0.660627
vt 0.724565 0.659242
vt 0.725599 0.663320
vt 0.719416 0.667147
vt 0.717236 0.676425
vt 0.727614 0.660627
vt 0.725548 0.658269
vt 0.728347 0.659901
vt 0.717236 0.676425
vt 0.719416 0.667147
vt 0.725599 0.663320
vt 0.708113 0.689956
vt 0.709587 0.682231
vt 0.705605 0.693073
vt 0.703434 0.690868
vt 0.708113 0.689956
vt 0.703434 0.690868
vt 0.709587 0.682231
vt 0.721518 0.656683
vt 0.715878 0.655158
vt 0.719466 0.659427
vt 0.710655 0.663176
vt 0.710944 0.672780
vt 0.721518 0.656683
vt 0.716874 0.654172
vt 0.722265 0.655943
vt 0.710944 0.672780
vt 0.710655 0.663176
vt 0.719466 0.659427
vt 0.701648 0.686567
vt 0.700687 0.678473
vt 0.699092 0.689743
vt 0.694448 0.687232
vt 0.701648 0.686567
vt 0.694448 0.687232
vt 0.700687 0.678473
vt 0.709005 0.652958
vt 0.700681 0.651312
vt 0.707028 0.655600
vt 0.695845 0.658713
vt 0.698823 0.668456
vt 0.709004 0.652958
vt 0.701598 0.650404
vt 0.709724 0.652245
vt 0.698823 0.668456
vt 0.695845 0.658713
vt 0.707028 0.655600
vt 0.689873 0.681731
vt 0.686572 0.672810
vt 0.687412 0.684789
vt 0.680758 0.680869
vt 0.689873 0.681731
vt 0.680758 0.680869
vt 0.686572 0.672810
vt 0.694515 0.647665
vt 0.688404 0.644667
vt 0.692628 0.650171
vt 0.683371 0.651990
vt 0.684678 0.662376
vt 0.694515 0.647665
vt 0.689308 0.643772
vt 0.695193 0.646994
vt 0.684678 0.662376
vt 0.683371 0.651990
vt 0.692628 0.650171
vt 0.675814 0.674848
vt 0.672968 0.666078
vt 0.673428 0.677720
vt 0.666369 0.673971
vt 0.675814 0.674848
vt 0.666399 0.674020
vt 0.672998 0.666128
vt 0.683885 0.641366
vt 0.678513 0.635586
vt 0.681854 0.643821
vt 0.672423 0.641632
vt 0.672412 0.655983
vt 0.683885 0.641366
vt 0.679437 0.634794
vt 0.684563 0.640694
vt 0.672383 0.655933
vt 0.672423 0.641632
vt 0.681854 0.643821
vt 0.659553 0.669415
vt 0.657619 0.655736
vt 0.657159 0.671477
vt 0.647535 0.669217
vt 0.404480 0.167119
vt 0.659732 0.669714
vt 0.647773 0.669616
vt 0.404640 0.167387
vt 0.657827 0.656085
vt 0.673496 0.621782
vt 0.670964 0.622975
vt 0.658637 0.629854
vt 0.673496 0.621782
vt 0.674235 0.621418
vt 0.658577 0.629754
vt 0.660553 0.609598
vt 0.670964 0.622975
vt 0.641134 0.645312
vt 0.400173 0.151037
vt 0.644629 0.618338
vt 0.641610 0.646110
vt 0.400493 0.151573
vt 0.526177 0.560253
vt 0.552840 0.564712
vt 0.577896 0.558794
vt 0.602581 0.542885
vt 0.616634 0.518837
vt 0.617543 0.466326
vt 0.622195 0.491964
vt 0.580229 0.426221
vt 0.605229 0.442289
vt 0.526010 0.426025
vt 0.552939 0.420602
vt 0.483544 0.469210
vt 0.478799 0.493904
vt 0.485558 0.517783
vt 0.501526 0.541421
vt 0.400212 0.168997
vt 0.389812 0.167630
vt 0.391129 0.132958
vt 0.385659 0.139797
vt 0.389671 0.167395
vt 0.385509 0.139545
vt 0.391049 0.132824
vt 0.395739 0.131783
vt 0.507353 0.589052
vt 0.530221 0.595239
vt 0.553431 0.599245
vt 0.529623 0.597264
vt 0.443992 0.525260
vt 0.454664 0.543694
vt 0.467607 0.562770
vt 0.452793 0.544581
vt 0.602557 0.586872
vt 0.624064 0.573417
vt 0.642832 0.559759
vt 0.625302 0.575029
vt 0.652519 0.543030
vt 0.660068 0.526896
vt 0.654328 0.544018
vt 0.525348 0.388083
vt 0.501127 0.396325
vt 0.524749 0.386058
vt 0.551354 0.382506
vt 0.443092 0.460642
vt 0.441292 0.477481
vt 0.439526 0.492915
vt 0.439263 0.477185
vt 0.663079 0.475312
vt 0.660831 0.458016
vt 0.665087 0.474975
vt 0.665459 0.492434
vt 0.626975 0.411258
vt 0.606607 0.396569
vt 0.628213 0.409646
vt 0.643687 0.425671
vt 0.220320 0.041833
vt 0.244888 0.042384
vt 0.530465 0.594413
vt 0.271710 0.041219
vt 0.149180 0.043986
vt 0.158348 0.044951
vt 0.455427 0.543332
vt 0.175930 0.043681
vt 0.168024 0.042961
vt 0.326448 0.040160
vt 0.352250 0.041248
vt 0.623559 0.572759
vt 0.371145 0.040639
vt 0.384798 0.041497
vt 0.651781 0.542628
vt 0.390420 0.040335
vt 0.239267 0.042384
vt 0.525592 0.388909
vt 0.213139 0.041833
vt 0.239419 0.040785
vt 0.269315 0.041219
vt 0.148142 0.043986
vt 0.143001 0.044951
vt 0.442119 0.477602
vt 0.144275 0.043986
vt 0.152884 0.042961
vt 0.396883 0.041004
vt 0.662260 0.475449
vt 0.391299 0.040335
vt 0.396329 0.039971
vt 0.355607 0.041248
vt 0.626470 0.411915
vt 0.331118 0.040160
vt 0.354561 0.039602
vt 0.372131 0.040639
vt 0.507557 0.588678
vt 0.553464 0.598826
vt 0.602403 0.586497
vt 0.642506 0.559495
vt 0.659683 0.526764
vt 0.660446 0.458150
vt 0.665044 0.492436
vt 0.606452 0.396944
vt 0.643361 0.425936
vt 0.501331 0.396699
vt 0.551387 0.382924
vt 0.443484 0.460761
vt 0.439943 0.492915
vt 0.444385 0.525140
vt 0.467952 0.562528
vt 0.508757 0.586481
vt 0.553657 0.596362
vt 0.601493 0.584291
vt 0.640589 0.557941
vt 0.657420 0.525987
vt 0.658182 0.458938
vt 0.662603 0.492446
vt 0.605542 0.399150
vt 0.641444 0.427490
vt 0.502531 0.398896
vt 0.551581 0.385388
vt 0.445797 0.461462
vt 0.442396 0.492915
vt 0.446697 0.524439
vt 0.469986 0.561104
vt 0.844194 0.587646
vt 0.279292 0.362977
vt 0.797021 0.573554
vt 0.256312 0.356111
vt 0.794005 0.536977
vt 0.738040 0.517990
vt 0.227578 0.329042
vt 0.745514 0.481380
vt 0.693145 0.467295
vt 0.205706 0.304346
vt 0.704987 0.421793
vt 0.657570 0.404977
vt 0.188375 0.273986
vt 0.678492 0.341055
vt 0.620479 0.317308
vt 0.170306 0.231277
vt 0.659899 0.251544
vt 0.613438 0.224365
vt 0.166876 0.185998
vt 0.666299 0.162603
vt 0.631401 0.127232
vt 0.175627 0.138678
vt 0.678280 0.072626
vt 0.198464 0.112076
vt 0.197874 0.101062
vt 0.224203 0.088886
vt 0.215347 0.083019
vt 0.230725 0.077413
vt 0.518184 0.437672
vt 0.500443 0.444716
vt 0.505504 0.429094
vt 0.480595 0.435026
vt 0.486131 0.413999
vt 0.466007 0.425618
vt 0.481483 0.409812
vt 0.463628 0.423951
vt 0.480077 0.408262
vt 0.463973 0.424193
vt 0.482057 0.410445
vt 0.189060 0.043715
vt 0.171341 0.043681
vt 0.189316 0.042055
vt 0.173399 0.041818
vt 0.178704 0.041818
vt 0.195456 0.042055
vt 0.182375 0.041818
vt 0.195532 0.043716
vt 0.487669 0.576005
vt 0.485689 0.578187
vt 0.487096 0.576637
vt 0.491042 0.572378
vt 0.506334 0.556936
vt 0.519209 0.548911
vt 0.231906 0.077413
vt 0.225050 0.088886
vt 0.200175 0.114426
vt 0.191131 0.155910
vt 0.188013 0.199239
vt 0.197071 0.242846
vt 0.210166 0.282179
vt 0.231032 0.311207
vt 0.254842 0.338292
vt 0.280549 0.364143
vt 0.311063 0.395828
vt 0.323390 0.420708
vt 0.317698 0.424513
vt 0.315659 0.424513
vt 0.314366 0.424828
vt 0.311063 0.395828
vt 0.323050 0.420708
vt 0.309755 0.412404
vt 0.287342 0.383058
vt 0.318482 0.340253
vt 0.305268 0.314404
vt 0.897514 0.487942
vt 0.877782 0.436635
vt 0.887875 0.349435
vt 0.902457 0.274657
vt 0.904735 0.192052
vt 0.897013 0.121845
vt 0.886101 0.057033
vt 0.299708 0.104480
vt 0.287031 0.084958
vt 0.284379 0.073956
vt 0.564708 0.429405
vt 0.569333 0.413601
vt 0.577936 0.393421
vt 0.579639 0.387994
vt 0.579935 0.385975
vt 0.579518 0.388817
vt 0.301459 0.041521
vt 0.300132 0.039928
vt 0.293535 0.039508
vt 0.294462 0.039597
vt 0.298914 0.039928
vt 0.296858 0.039598
vt 0.299565 0.041521
vt 0.577876 0.593311
vt 0.578293 0.596153
vt 0.577997 0.594135
vt 0.576499 0.589174
vt 0.568834 0.571599
vt 0.562352 0.554861
vt 0.281662 0.073956
vt 0.284307 0.084958
vt 0.295792 0.105778
vt 0.301985 0.136054
vt 0.305829 0.170256
vt 0.304637 0.210499
vt 0.298105 0.246928
vt 0.295309 0.289409
vt 0.305067 0.314598
vt 0.318482 0.340253
vt 0.346367 0.379957
vt 0.362702 0.410830
vt 0.368599 0.414492
vt 0.368599 0.414492
vt 0.370856 0.413984
vt 0.346367 0.379957
vt 0.362702 0.410830
vt 0.333349 0.422516
vt 0.299259 0.423097
vt 0.359323 0.417507
vt 0.380596 0.410470
vt 0.398298 0.398934
vt 0.397877 0.366310
vt 0.397242 0.353134
vt 0.636776 0.945711
vt 0.710044 0.971955
vt 0.770079 0.970016
vt 0.811185 0.944251
vt 0.837777 0.903624
vt 0.847283 0.845588
vt 0.832438 0.794145
vt 0.801135 0.744292
vt 0.778319 0.707801
vt 0.771557 0.691618
vt 0.758839 0.675444
vt 0.743022 0.664067
vt 0.731190 0.661563
vt 0.725548 0.658269
vt 0.716874 0.654172
vt 0.701598 0.650404
vt 0.689308 0.643772
vt 0.679437 0.634794
vt 0.667404 0.608421
vt 0.650364 0.603551
vt 0.635087 0.619544
vt 0.396105 0.133701
vt 0.390949 0.127828
vt 0.376383 0.106047
vt 0.356058 0.085896
vt 0.335826 0.074795
vt 0.609318 0.504852
vt 0.632524 0.506262
vt 0.656660 0.508758
vt 0.662571 0.509528
vt 0.664579 0.509851
vt 0.661751 0.509397
vt 0.396297 0.041004
vt 0.385537 0.039333
vt 0.328624 0.038892
vt 0.262626 0.040273
vt 0.205761 0.040902
vt 0.153591 0.042961
vt 0.143307 0.044951
vt 0.442385 0.508191
vt 0.439529 0.508608
vt 0.441558 0.508312
vt 0.447463 0.507618
vt 0.470817 0.505706
vt 0.489722 0.506571
vt 0.197899 0.078854
vt 0.185647 0.091155
vt 0.163022 0.115518
vt 0.188536 0.316724
vt 0.173851 0.304389
vt 0.478342 0.789429
vt 0.204420 0.426976
vt 0.204791 0.432483
vt 0.201831 0.428330
vt 0.195668 0.427712
vt 0.204392 0.444815
vt 0.206492 0.438243
vt 0.207144 0.433214
vt 0.257651 0.374002
vt 0.282514 0.400327
vt 0.334950 0.422231
vt 0.306678 0.422562
vt 0.357156 0.417641
vt 0.375036 0.411827
vt 0.388289 0.401503
vt 0.388156 0.368780
vt 0.398139 0.352696
vt 0.638110 0.945061
vt 0.710746 0.970997
vt 0.770008 0.968852
vt 0.810692 0.943099
vt 0.837045 0.902366
vt 0.846104 0.845099
vt 0.831182 0.794057
vt 0.799881 0.744292
vt 0.777061 0.708064
vt 0.770124 0.692026
vt 0.757452 0.676240
vt 0.741856 0.665148
vt 0.730190 0.662553
vt 0.724565 0.659242
vt 0.715878 0.655158
vt 0.700681 0.651312
vt 0.688404 0.644667
vt 0.678513 0.635586
vt 0.666566 0.608890
vt 0.650662 0.605433
vt 0.634870 0.620170
vt 0.395959 0.134122
vt 0.379723 0.130345
vt 0.364902 0.107019
vt 0.345424 0.085481
vt 0.328043 0.074105
vt 0.602569 0.454540
vt 0.623812 0.451976
vt 0.647398 0.444637
vt 0.653028 0.442284
vt 0.654837 0.441291
vt 0.652290 0.442688
vt 0.385385 0.041497
vt 0.376334 0.039784
vt 0.328416 0.039132
vt 0.266005 0.040303
vt 0.210746 0.040902
vt 0.164771 0.042961
vt 0.155726 0.044951
vt 0.453153 0.443043
vt 0.450520 0.441794
vt 0.452390 0.442681
vt 0.458117 0.445279
vt 0.481267 0.454746
vt 0.498435 0.457168
vt 0.207948 0.078601
vt 0.198224 0.090486
vt 0.174384 0.118360
vt 0.163230 0.163924
vt 0.159853 0.141520
vt 0.158172 0.210826
vt 0.152289 0.187353
vt 0.169426 0.254951
vt 0.154000 0.234923
vt 0.409469 0.548418
vt 0.187017 0.295292
vt 0.167908 0.279697
vt 0.457726 0.703760
vt 0.204160 0.316645
vt 0.233461 0.344234
vt 0.210096 0.331615
vt 0.262399 0.369689
vt 0.240508 0.357809
vt 0.290914 0.399581
vt 0.221006 0.347612
vt 0.202882 0.339196
vt 0.193057 0.324733
vt 0.185231 0.327855
vt 0.186168 0.322639
vt 0.244500 0.367317
vt 0.230335 0.361410
vt 0.247051 0.370769
vt 0.242033 0.371807
vt 0.197423 0.324733
vt 0.207441 0.339196
vt 0.225995 0.347612
vt 0.187511 0.327855
vt 0.248865 0.367317
vt 0.244313 0.371807
vt 0.234894 0.361410
vt 0.213301 0.355710
vt 0.197315 0.352363
vt 0.188266 0.337034
vt 0.181798 0.343515
vt 0.182285 0.335369
vt 0.235439 0.372469
vt 0.223136 0.370426
vt 0.239508 0.375070
vt 0.236924 0.378836
vt 0.191909 0.337034
vt 0.201171 0.352208
vt 0.217466 0.355710
vt 0.183726 0.343437
vt 0.239083 0.372468
vt 0.238852 0.378758
vt 0.226992 0.370271
vt 0.210145 0.368736
vt 0.201109 0.370383
vt 0.188073 0.355013
vt 0.188450 0.365328
vt 0.183007 0.354276
vt 0.231890 0.380476
vt 0.223421 0.380813
vt 0.237260 0.382464
vt 0.235859 0.385545
vt 0.191295 0.354470
vt 0.204471 0.369262
vt 0.213828 0.368116
vt 0.190131 0.364767
vt 0.235113 0.379933
vt 0.237541 0.384984
vt 0.226783 0.379692
vt 0.216391 0.383643
vt 0.212949 0.389359
vt 0.200080 0.377677
vt 0.204885 0.388671
vt 0.196659 0.378193
vt 0.233206 0.387469
vt 0.228160 0.391530
vt 0.236598 0.388616
vt 0.236065 0.392368
vt 0.202364 0.376467
vt 0.214835 0.387922
vt 0.219002 0.382260
vt 0.205828 0.387952
vt 0.235490 0.386259
vt 0.237007 0.391649
vt 0.230046 0.390092
vt 0.221857 0.397570
vt 0.215662 0.401972
vt 0.210358 0.395559
vt 0.208939 0.401052
vt 0.208153 0.396384
vt 0.233989 0.398262
vt 0.228362 0.404655
vt 0.235708 0.398743
vt 0.234819 0.405883
vt 0.211800 0.394406
vt 0.217335 0.400854
vt 0.223505 0.396251
vt 0.209775 0.400493
vt 0.235430 0.397109
vt 0.235655 0.405324
vt 0.230035 0.403537
vt 0.221450 0.408723
vt 0.214174 0.410875
vt 0.210796 0.405081
vt 0.207414 0.409105
vt 0.208557 0.405504
vt 0.232504 0.411867
vt 0.226365 0.415846
vt 0.233995 0.412682
vt 0.232348 0.418614
vt 0.212317 0.404266
vt 0.215976 0.410079
vt 0.223188 0.407791
vt 0.208315 0.408707
vt 0.234025 0.411052
vt 0.233250 0.418216
vt 0.228168 0.415051
vt 0.217523 0.418144
vt 0.208500 0.419482
vt 0.206877 0.413646
vt 0.201752 0.417552
vt 0.204537 0.413888
vt 0.228272 0.422840
vt 0.220331 0.425157
vt 0.229672 0.423884
vt 0.225980 0.428488
vt 0.208473 0.412989
vt 0.210325 0.418757
vt 0.219347 0.417394
vt 0.202664 0.417189
vt 0.229868 0.422183
vt 0.226893 0.428126
vt 0.222156 0.424431
vt 0.204019 0.424074
vt 0.206660 0.429870
vt 0.197206 0.425090
vt 0.197372 0.422083
vt 0.194744 0.425293
vt 0.213244 0.432162
vt 0.209152 0.441113
vt 0.216407 0.437909
vt 0.209122 0.443230
vt 0.205851 0.423529
vt 0.198814 0.424719
vt 0.208497 0.429446
vt 0.198288 0.421810
vt 0.217324 0.437637
vt 0.210760 0.440742
vt 0.215077 0.431617
vt 0.211690 0.425132
vt 0.201567 0.420125
vt 0.220768 0.431851
vt 0.221882 0.433215
vt 0.222368 0.431282
vt 0.213518 0.424481
vt 0.203166 0.419555
vt 0.199241 0.420283
vt 0.222513 0.412573
vt 0.225307 0.405994
vt 0.224621 0.409168
vt 0.222090 0.412640
vt 0.224923 0.406056
vt 0.220048 0.408086
vt 0.222764 0.405028
vt 0.220470 0.408018
vt 0.215300 0.418968
vt 0.213780 0.424896
vt 0.214609 0.419079
vt 0.210438 0.417444
vt 0.065250 0.167878
vt 0.062779 0.172564
vt 0.068047 0.170657
vt 0.063260 0.165450
vt 0.063893 0.162525
vt 0.057805 0.175912
vt 0.051300 0.177018
vt 0.053733 0.175173
vt 0.063284 0.175519
vt 0.068349 0.171156
vt 0.063381 0.173563
vt 0.066124 0.169263
vt 0.064389 0.163317
vt 0.051797 0.177811
vt 0.058678 0.177297
vt 0.063585 0.176018
vt 0.149582 0.164320
vt 0.147358 0.145683
vt 0.155913 0.127808
vt 0.149532 0.125386
vt 0.154288 0.122131
vt 0.143408 0.196673
vt 0.140455 0.177936
vt 0.145245 0.214987
vt 0.379097 0.479248
vt 0.140253 0.202111
vt 0.136668 0.191377
vt 0.156853 0.129650
vt 0.148866 0.149280
vt 0.150656 0.166426
vt 0.150286 0.127184
vt 0.145469 0.214986
vt 0.379873 0.479247
vt 0.144348 0.198515
vt 0.137422 0.193176
vt 0.141964 0.181534
vt 0.137197 0.161521
vt 0.133967 0.146116
vt 0.143549 0.132255
vt 0.136153 0.128460
vt 0.142646 0.126132
vt 0.132244 0.184248
vt 0.128153 0.174012
vt 0.131703 0.188324
vt 0.126578 0.187179
vt 0.144913 0.135634
vt 0.135554 0.149633
vt 0.138756 0.165383
vt 0.136947 0.130219
vt 0.133608 0.187627
vt 0.127372 0.188938
vt 0.129741 0.177529
vt 0.124014 0.163309
vt 0.118972 0.155156
vt 0.128256 0.138494
vt 0.118920 0.141526
vt 0.127042 0.133521
vt 0.122574 0.183125
vt 0.118120 0.176703
vt 0.122959 0.188059
vt 0.118855 0.186961
vt 0.129966 0.141279
vt 0.121271 0.157855
vt 0.125968 0.166492
vt 0.120070 0.142875
vt 0.124285 0.185910
vt 0.120005 0.188309
vt 0.120419 0.179401
vt 0.112534 0.170351
vt 0.106335 0.166159
vt 0.112086 0.153393
vt 0.103954 0.158424
vt 0.110327 0.150414
vt 0.114512 0.184975
vt 0.108778 0.180997
vt 0.114591 0.188149
vt 0.109721 0.188562
vt 0.114064 0.155058
vt 0.108374 0.167370
vt 0.114794 0.172254
vt 0.104973 0.159029
vt 0.116489 0.186640
vt 0.110741 0.189167
vt 0.110817 0.182208
vt 0.101923 0.176378
vt 0.095743 0.172218
vt 0.099704 0.164898
vt 0.094079 0.165639
vt 0.098113 0.163162
vt 0.104490 0.188271
vt 0.097789 0.185063
vt 0.104466 0.190110
vt 0.098846 0.191574
vt 0.101313 0.165803
vt 0.097407 0.173350
vt 0.103762 0.177412
vt 0.094911 0.166205
vt 0.106099 0.189176
vt 0.099678 0.192140
vt 0.099453 0.186195
vt 0.091651 0.180113
vt 0.086931 0.174171
vt 0.091039 0.168870
vt 0.086041 0.167240
vt 0.089807 0.166952
vt 0.092875 0.191540
vt 0.086886 0.187337
vt 0.092677 0.193227
vt 0.086561 0.193922
vt 0.092364 0.169975
vt 0.088344 0.175545
vt 0.093166 0.181376
vt 0.086747 0.167927
vt 0.094200 0.192645
vt 0.087267 0.194609
vt 0.088299 0.188711
vt 0.081445 0.179999
vt 0.076825 0.172133
vt 0.081629 0.168443
vt 0.076088 0.165154
vt 0.080529 0.166364
vt 0.081116 0.191724
vt 0.075994 0.185229
vt 0.080672 0.193414
vt 0.075020 0.191715
vt 0.082836 0.169677
vt 0.078181 0.173554
vt 0.082823 0.181409
vt 0.076766 0.165864
vt 0.082322 0.192958
vt 0.075698 0.192425
vt 0.077350 0.186649
vt 0.070890 0.169698
vt 0.066505 0.174317
vt 0.067397 0.163761
vt 0.070247 0.162789
vt 0.066287 0.161555
vt 0.066844 0.181281
vt 0.057012 0.180838
vt 0.062700 0.186366
vt 0.055038 0.181602
vt 0.072081 0.171193
vt 0.068343 0.165113
vt 0.067586 0.175862
vt 0.070843 0.163536
vt 0.063296 0.187113
vt 0.057958 0.182190
vt 0.068036 0.182776
vt 0.072781 0.177207
vt 0.073634 0.165945
vt 0.069950 0.188141
vt 0.069103 0.189684
vt 0.071077 0.189411
vt 0.074069 0.178659
vt 0.074761 0.167215
vt 0.072616 0.163848
vt 0.088479 0.182539
vt 0.095626 0.182667
vt 0.092425 0.183220
vt 0.088258 0.182173
vt 0.095425 0.182334
vt 0.091717 0.178574
vt 0.095569 0.179947
vt 0.091938 0.178940
vt 0.079848 0.178246
vt 0.073782 0.179057
vt 0.079487 0.177647
vt 0.079441 0.173167
vt 0.155540 0.873134
vt 0.162261 0.904899
vt 0.163609 0.878863
vt 0.133936 0.863872
vt 0.130285 0.851231
vt 0.153723 0.934186
vt 0.128450 0.958076
vt 0.137313 0.941666
vt 0.170093 0.918103
vt 0.165618 0.879568
vt 0.166280 0.906311
vt 0.161217 0.875005
vt 0.133525 0.852308
vt 0.131691 0.959153
vt 0.159401 0.936056
vt 0.172102 0.918809
vt 0.408592 0.640507
vt 0.356788 0.587612
vt 0.360524 0.514693
vt 0.317950 0.519513
vt 0.342186 0.500216
vt 0.457079 0.767824
vt 0.416699 0.721289
vt 0.457205 0.790076
vt 0.444074 0.788362
vt 0.367580 0.518151
vt 0.369434 0.594365
vt 0.416656 0.644460
vt 0.324273 0.522890
vt 0.464135 0.771283
vt 0.450397 0.791738
vt 0.429345 0.728041
vt 0.364713 0.666999
vt 0.318249 0.628228
vt 0.311904 0.560233
vt 0.285490 0.575156
vt 0.295272 0.544380
vt 0.424681 0.775253
vt 0.382398 0.737686
vt 0.436171 0.793323
vt 0.426368 0.797550
vt 0.323600 0.566576
vt 0.330896 0.634441
vt 0.378081 0.674248
vt 0.291813 0.578263
vt 0.436377 0.781595
vt 0.432691 0.800656
vt 0.395044 0.743899
vt 0.334000 0.703853
vt 0.301817 0.694861
vt 0.289945 0.626236
vt 0.274387 0.661124
vt 0.276056 0.616185
vt 0.404020 0.789907
vt 0.363751 0.770392
vt 0.421420 0.807579
vt 0.408315 0.814971
vt 0.301234 0.630103
vt 0.314562 0.697114
vt 0.346903 0.708272
vt 0.280760 0.662250
vt 0.415309 0.793772
vt 0.414687 0.816098
vt 0.376496 0.772645
vt 0.325763 0.761984
vt 0.295949 0.767847
vt 0.280374 0.713134
vt 0.264822 0.747595
vt 0.268346 0.709004
vt 0.388359 0.817284
vt 0.355526 0.815533
vt 0.399774 0.829186
vt 0.387529 0.842216
vt 0.289812 0.713227
vt 0.304505 0.766515
vt 0.336549 0.762089
vt 0.269100 0.746929
vt 0.397798 0.817376
vt 0.391807 0.841550
vt 0.364082 0.814201
vt 0.316665 0.814208
vt 0.279750 0.809293
vt 0.267655 0.775880
vt 0.250379 0.786867
vt 0.256908 0.773066
vt 0.369853 0.851869
vt 0.334941 0.854392
vt 0.376740 0.858521
vt 0.363227 0.876183
vt 0.274290 0.774686
vt 0.287067 0.808613
vt 0.324248 0.812844
vt 0.254037 0.786527
vt 0.376488 0.850675
vt 0.366885 0.875843
vt 0.342257 0.853713
vt 0.295729 0.848429
vt 0.261028 0.833500
vt 0.252082 0.803147
vt 0.234565 0.806506
vt 0.241866 0.798405
vt 0.340299 0.890932
vt 0.304384 0.890165
vt 0.345710 0.897970
vt 0.323805 0.919401
vt 0.258383 0.803179
vt 0.268199 0.834084
vt 0.302930 0.848465
vt 0.238150 0.806798
vt 0.346600 0.890964
vt 0.327391 0.919694
vt 0.311555 0.890749
vt 0.265964 0.873206
vt 0.232057 0.851063
vt 0.231788 0.821932
vt 0.210136 0.823384
vt 0.222592 0.816162
vt 0.295106 0.930271
vt 0.260584 0.916630
vt 0.298041 0.939529
vt 0.269724 0.954180
vt 0.238054 0.822603
vt 0.239178 0.851911
vt 0.273125 0.873973
vt 0.213696 0.823808
vt 0.301372 0.930942
vt 0.273284 0.954604
vt 0.267705 0.917478
vt 0.199576 0.860425
vt 0.191496 0.897589
vt 0.154903 0.846319
vt 0.171558 0.833476
vt 0.143724 0.839898
vt 0.215209 0.926563
vt 0.165025 0.957266
vt 0.205310 0.965645
vt 0.158272 0.966750
vt 0.206407 0.861865
vt 0.160710 0.847926
vt 0.198133 0.899426
vt 0.174973 0.834197
vt 0.208725 0.966365
vt 0.170831 0.958873
vt 0.222040 0.928004
vt 0.232732 0.886569
vt 0.201124 0.835087
vt 0.241241 0.952121
vt 0.240686 0.962761
vt 0.247367 0.953077
vt 0.239733 0.887660
vt 0.207251 0.836042
vt 0.191785 0.829304
vt 0.235392 0.888585
vt 0.251713 0.874074
vt 0.243986 0.883069
vt 0.233918 0.888068
vt 0.250374 0.873604
vt 0.233773 0.868095
vt 0.245232 0.866547
vt 0.235247 0.868612
vt 0.211887 0.889538
vt 0.198207 0.907721
vt 0.209476 0.888692
vt 0.191354 0.867186
vn -0.414931 0.308544 0.855940
vn -0.379611 0.342956 0.859230
vn -0.131981 0.112923 0.984799
vn -0.140794 0.102471 0.984722
vn -0.351936 0.328143 0.876620
vn -0.125206 0.106971 0.986347
vn 0.071512 -0.047874 0.996290
vn 0.078514 -0.057089 0.995277
vn 0.089512 -0.059427 0.994211
vn 0.388413 -0.210738 0.897065
vn 0.346351 -0.226788 0.910279
vn 0.533453 -0.343696 0.772853
vn 0.575077 -0.284691 0.766967
vn 0.338046 -0.213458 0.916603
vn 0.539980 -0.347949 0.766390
vn 0.706040 -0.488574 0.512642
vn 0.679273 -0.455127 0.575715
vn 0.732182 -0.343861 0.587937
vn -0.103947 0.812230 0.574002
vn -0.376206 0.366034 0.851169
vn -0.093717 0.233505 0.967829
vn 0.104487 0.771954 0.627033
vn 0.141356 0.086238 0.986196
vn 0.277051 0.682425 0.676416
vn 0.571656 0.436228 0.694920
vn 0.471263 -0.082177 0.878156
vn 0.650475 -0.143623 0.745825
vn 0.734483 0.302958 0.607249
vn 0.806238 -0.151421 0.571885
vn 0.872214 0.054515 0.486077
vn 0.137560 0.990492 0.001876
vn 0.135758 0.990737 0.003058
vn 0.188149 0.982138 0.002080
vn 0.188546 0.982064 0.000390
vn 0.141888 0.989882 -0.001393
vn 0.192186 0.981347 0.004868
vn 0.258860 0.965867 0.009672
vn 0.257872 0.966174 0.002951
vn 0.257418 0.966300 0.000000
vn 0.331593 0.943423 0.000000
vn 0.335673 0.941911 0.011267
vn 0.553999 0.829527 0.070498
vn 0.546185 0.837664 0.000000
vn 0.343758 0.938879 0.018368
vn 0.586834 0.803448 0.100488
vn 0.927860 0.245519 0.280706
vn 0.929295 0.305553 0.207481
vn 0.945116 0.326737 0.000000
vn -0.105704 0.810314 -0.576384
vn 0.126345 0.985839 -0.110261
vn 0.197108 0.972573 -0.123495
vn 0.104858 0.770410 -0.628866
vn 0.149986 0.988687 0.001765
vn 0.195377 0.980716 -0.004865
vn 0.258860 0.965867 -0.009673
vn 0.273485 0.951940 -0.137897
vn 0.277052 0.682426 -0.676415
vn 0.571656 0.436229 -0.694920
vn 0.425254 0.887282 -0.178577
vn 0.646722 0.730513 -0.219319
vn 0.734483 0.302958 -0.607249
vn 0.343757 0.938879 -0.018367
vn 0.586833 0.803448 -0.100488
vn 0.927860 0.245519 -0.280706
vn 0.923767 0.195372 -0.329369
vn 0.872214 0.054515 -0.486077
vn -0.414931 0.308544 -0.855940
vn -0.376797 0.367709 -0.850185
vn -0.093777 0.233517 -0.967820
vn -0.140794 0.102471 -0.984722
vn 0.141356 0.086237 -0.986196
vn 0.089512 -0.059427 -0.994211
vn 0.388413 -0.210738 -0.897065
vn 0.471263 -0.082177 -0.878156
vn 0.650240 -0.143270 -0.746098
vn 0.574318 -0.283933 -0.767816
vn 0.806125 -0.150606 -0.572259
vn 0.731064 -0.341680 -0.590594
vn -0.351936 0.328143 -0.876620
vn -0.379611 0.342956 -0.859230
vn -0.131981 0.112923 -0.984799
vn -0.125206 0.106971 -0.986347
vn 0.078514 -0.057089 -0.995277
vn 0.071512 -0.047874 -0.996290
vn 0.338046 -0.213458 -0.916603
vn 0.346351 -0.226788 -0.910279
vn 0.532341 -0.343016 -0.773920
vn 0.538935 -0.347690 -0.767243
vn 0.677124 -0.453795 -0.579287
vn 0.704163 -0.488726 -0.515074
vn -0.004418 -0.999990 -0.001000
vn 0.013506 -0.999906 0.002252
vn 0.013214 -0.999907 -0.003484
vn -0.003441 -0.999979 -0.005572
vn 0.010620 -0.999941 0.002286
vn 0.009427 -0.999949 -0.003654
vn -0.001745 -0.999424 -0.033883
vn 0.007335 -0.999465 -0.031872
vn -0.002157 -0.999460 -0.032800
vn 0.043657 -0.998819 -0.021339
vn 0.011724 -0.999883 -0.009827
vn 0.016603 -0.999746 -0.015241
vn 0.051895 -0.998134 -0.032169
vn -0.008605 -0.999951 -0.004873
vn -0.005418 -0.999935 -0.010024
vn 0.007497 -0.999209 -0.039054
vn 0.035819 -0.998366 -0.044522
vn 0.070014 -0.995743 -0.059946
vn -0.003845 -0.999992 0.000994
vn 0.013286 -0.999911 -0.001566
vn 0.012892 -0.999916 -0.001208
vn -0.004279 -0.999991 0.000564
vn 0.010804 -0.999940 -0.001596
vn 0.010161 -0.999948 -0.001063
vn 0.009704 -0.999953 0.000543
vn 0.012802 -0.999918 0.000785
vn -0.004282 -0.999991 -0.000078
vn 0.043679 -0.998825 0.020979
vn 0.011370 -0.999892 0.009321
vn 0.008240 -0.999945 0.006449
vn 0.037608 -0.999222 0.011848
vn -0.008394 -0.999953 0.004867
vn -0.009737 -0.999947 0.003349
vn -0.010308 -0.999947 -0.000179
vn 0.007148 -0.999975 -0.000061
vn 0.035845 -0.999357 -0.000409
vn 0.666191 -0.745782 -0.000000
vn 0.630590 -0.735206 -0.248653
vn 0.730586 -0.651239 -0.205263
vn 0.747656 -0.664087 0.000000
vn 0.558009 -0.544412 -0.626292
vn 0.580060 -0.526162 -0.621839
vn 0.525281 -0.596399 -0.606949
vn 0.635776 -0.744192 -0.204858
vn 0.648384 -0.761313 0.000000
vn 0.558010 -0.544412 0.626292
vn 0.630590 -0.735206 0.248653
vn 0.730586 -0.651239 0.205263
vn 0.580061 -0.526162 0.621839
vn 0.635775 -0.744193 0.204859
vn 0.525281 -0.596399 0.606949
vn 0.940917 -0.043828 -0.335788
vn 0.910604 -0.091830 -0.402949
vn 0.935670 -0.102889 -0.337543
vn 0.879543 -0.194627 -0.434194
vn 0.940862 -0.044608 0.335839
vn 0.965769 -0.027788 0.257911
vn 0.935228 -0.106360 0.337692
vn 0.956155 -0.129273 0.262785
vn 0.991707 -0.128517 0.000228
vn 0.999823 -0.018812 0.000133
vn -0.587898 0.626785 -0.511387
vn -0.634214 0.690223 -0.348375
vn -0.671519 0.642653 -0.368863
vn -0.612662 0.596371 -0.518640
vn -0.618829 0.729104 -0.292332
vn -0.700872 0.660036 -0.270426
vn -0.777513 0.553324 -0.298841
vn -0.732938 0.535627 -0.419411
vn -0.667267 0.500952 -0.551183
vn -0.585965 0.808652 -0.052225
vn -0.600282 0.794011 0.095959
vn -0.721284 0.688124 0.078963
vn -0.721387 0.689423 -0.065553
vn -0.605142 0.733404 0.309711
vn -0.696506 0.663681 0.272776
vn -0.775903 0.554990 0.299934
vn -0.812090 0.579131 0.071537
vn -0.810803 0.580626 -0.073972
vn -0.758910 0.490663 -0.428141
vn -0.693796 0.438823 -0.571035
vn -0.788250 0.540538 -0.294076
vn -0.441197 0.882462 -0.163113
vn -0.464538 0.843392 -0.269990
vn -0.567311 0.653558 -0.501018
vn -0.804012 0.591579 0.059985
vn -0.798843 0.597449 -0.070032
vn -0.784003 0.547955 0.291693
vn -0.428423 0.888675 0.163436
vn -0.389848 0.920238 0.034346
vn -0.376344 0.926000 -0.029822
vn -0.239886 0.394607 -0.886984
vn -0.263866 0.366675 -0.892146
vn -0.042120 0.241097 -0.969587
vn -0.032053 0.291796 -0.955943
vn -0.286992 0.324576 -0.901269
vn -0.070126 0.161632 -0.984356
vn 0.111139 0.051005 -0.992495
vn 0.139481 0.155881 -0.977878
vn 0.139904 0.245081 -0.959355
vn -0.626491 0.648055 -0.433053
vn -0.594541 0.643051 -0.482707
vn -0.613020 0.661101 -0.432611
vn -0.596847 0.668284 -0.444040
vn -0.580064 0.665789 -0.469308
vn -0.612357 0.678403 -0.405942
vn -0.568648 0.605128 -0.557190
vn -0.561472 0.592838 -0.577315
vn -0.537827 0.602881 -0.589301
vn 0.523389 0.233377 -0.819512
vn 0.475438 0.039796 -0.878849
vn 0.695855 -0.029334 -0.717583
vn 0.735085 0.235533 -0.635747
vn 0.415161 -0.090463 -0.905239
vn 0.643624 -0.187885 -0.741922
vn 0.859430 -0.260945 -0.439646
vn 0.898220 -0.048679 -0.436843
vn 0.877400 0.271388 -0.395624
vn 0.938597 -0.278891 -0.203115
vn 0.978178 -0.009339 -0.207561
vn 0.958818 -0.284023 -0.000000
vn 0.999862 0.016610 -0.000000
vn 0.928430 0.371506 -0.000000
vn 0.920554 0.335788 -0.199566
vn 0.111140 0.051005 0.992495
vn -0.070125 0.161632 0.984357
vn -0.044622 0.244172 0.968705
vn 0.140732 0.162916 0.976551
vn -0.286992 0.324576 0.901269
vn -0.266769 0.363892 0.892422
vn -0.252967 0.385951 0.887158
vn -0.046771 0.301829 0.952214
vn 0.138950 0.267081 0.953604
vn -0.573610 0.528047 0.626209
vn -0.444411 0.591303 0.672949
vn -0.167616 0.980178 -0.105627
vn -0.767914 0.583301 0.264703
vn -0.560234 0.285402 0.777614
vn -0.889568 0.310866 -0.334711
vn -0.193908 0.054883 -0.979483
vn 0.406044 0.595103 -0.693528
vn 0.595639 0.802482 0.035164
vn -0.054819 0.998059 -0.029534
vn -0.814791 0.575023 -0.073926
vn 0.938597 -0.278891 0.203115
vn 0.978296 -0.008512 0.207037
vn 0.859429 -0.260945 0.439646
vn 0.899782 -0.044671 0.434047
vn 0.879790 0.285686 0.379937
vn 0.920223 0.338394 0.196672
vn 0.643624 -0.187885 0.741922
vn 0.699891 -0.021579 0.713924
vn 0.415161 -0.090463 0.905239
vn 0.479560 0.048616 0.876162
vn 0.533708 0.264151 0.803356
vn 0.745859 0.264888 0.611169
vn -0.320665 0.305154 -0.896691
vn -0.106153 0.109443 -0.988309
vn 0.079938 -0.018985 -0.996619
vn 0.365555 -0.165657 -0.915930
vn 0.589310 -0.283497 -0.756534
vn 0.788972 -0.400512 -0.465955
vn 0.737133 -0.631954 -0.239309
vn 0.856726 -0.465738 -0.221605
vn 0.711756 -0.702427 0.000179
vn 0.868837 -0.495098 0.000142
vn 0.739555 -0.629348 0.238705
vn 0.857062 -0.465038 0.221777
vn 0.789359 -0.399886 0.465837
vn 0.589732 -0.283364 0.756254
vn 0.365555 -0.165657 0.915930
vn -0.106153 0.109443 0.988309
vn 0.079938 -0.018985 0.996619
vn -0.320665 0.305154 0.896691
vn -0.645281 0.143258 0.750393
vn -0.986026 -0.144013 0.083748
vn -0.328816 0.548406 0.768851
vn -0.390510 0.867928 0.306926
vn -0.363002 0.930643 -0.046185
vn -0.985504 -0.146305 -0.085890
vn -0.868562 -0.490027 -0.073984
vn -0.787032 -0.424490 -0.447648
vn -0.576909 0.707054 -0.408963
vn -0.611886 0.700368 -0.367533
vn -0.574687 0.624280 -0.529160
vn -0.280109 0.324244 -0.903551
vn -0.233693 0.384927 -0.892871
vn -0.038079 0.305884 -0.951307
vn -0.064116 0.296841 -0.952772
vn 0.118846 0.287667 -0.950328
vn 0.093981 0.305925 -0.947406
vn -0.635193 0.569533 -0.521691
vn -0.603233 0.698713 -0.384590
vn -0.604415 0.635141 -0.480915
vn -0.695734 0.472265 -0.541220
vn -0.547929 0.565219 -0.616686
vn -0.635019 0.431386 -0.640825
vn 0.500703 0.384760 -0.775407
vn 0.519521 0.351230 -0.778932
vn 0.717725 0.401219 -0.569118
vn 0.699939 0.440884 -0.561879
vn 0.809245 0.462705 -0.361976
vn 0.779330 0.501633 -0.375512
vn 0.826230 0.529121 -0.193325
vn 0.827459 0.561526 0.000000
vn 0.802888 0.596130 -0.000000
vn 0.797076 0.564943 -0.213330
vn -0.070794 0.319126 0.945064
vn 0.110995 0.313863 0.942958
vn -0.257595 0.373543 0.891129
vn -0.306248 0.315755 0.898060
vn -0.111985 0.304554 0.945889
vn 0.079056 0.321038 0.943761
vn -0.686396 0.511135 0.517302
vn -0.661606 0.627744 0.410140
vn -0.670389 0.708425 0.220707
vn -0.543414 0.802264 0.247132
vn -0.655396 0.591311 0.469902
vn -0.820250 0.516194 0.246444
vn -0.860971 0.504352 -0.066019
vn -0.646779 0.762032 -0.031369
vn -0.468479 0.883435 -0.008360
vn 0.825805 0.531925 0.187357
vn 0.812081 0.479238 0.332950
vn 0.787127 0.514148 0.340708
vn 0.797651 0.567100 0.205304
vn 0.730356 0.437402 0.524651
vn 0.531643 0.388605 0.752557
vn 0.516900 0.410296 0.751314
vn 0.719845 0.467107 0.513453
vn -0.461558 0.045899 -0.885922
vn -0.420372 0.144787 -0.895726
vn -0.198251 0.145991 -0.969218
vn -0.239976 0.040100 -0.969950
vn -0.386151 0.198941 -0.900728
vn -0.156327 0.213630 -0.964326
vn 0.046158 0.231676 -0.971697
vn 0.027117 0.148756 -0.988502
vn 0.008393 0.029511 -0.999529
vn -0.862688 -0.009415 -0.505649
vn -0.758215 0.156024 -0.633061
vn -0.826406 0.204769 -0.524521
vn -0.866937 0.052105 -0.495687
vn -0.721838 0.252849 -0.644219
vn -0.789758 0.282621 -0.544434
vn -0.719256 0.260420 -0.644090
vn -0.739988 0.194185 -0.643980
vn -0.776432 0.057807 -0.627544
vn 0.556498 0.004543 -0.830836
vn 0.541391 0.135181 -0.829832
vn 0.758316 0.142053 -0.636222
vn 0.761149 0.019845 -0.648274
vn 0.520666 0.256568 -0.814297
vn 0.737286 0.280246 -0.614712
vn 0.825451 0.314964 -0.468431
vn 0.842080 0.171759 -0.511273
vn 0.837724 0.060630 -0.542718
vn 0.879858 0.359832 -0.310437
vn 0.904892 0.225839 -0.360788
vn 0.922848 0.385164 -0.000000
vn 0.962927 0.269764 0.000192
vn 0.926487 0.376325 0.001473
vn 0.895608 0.243959 -0.371983
vn 0.029141 0.224737 0.973984
vn -0.205169 0.208705 0.956215
vn -0.241341 0.143654 0.959749
vn 0.011540 0.143406 0.989597
vn -0.405695 0.196121 0.892719
vn -0.436144 0.143648 0.888338
vn -0.475179 0.046413 0.878664
vn -0.279950 0.041637 0.959111
vn -0.005957 0.030563 0.999515
vn 0.882522 0.361004 0.301381
vn 0.908504 0.225048 0.352100
vn 0.841895 0.319457 0.434926
vn 0.861166 0.173551 0.477779
vn 0.856318 0.060070 0.512944
vn 0.899221 0.238419 0.366820
vn 0.767194 0.284771 0.574734
vn 0.788381 0.143534 0.598208
vn 0.538633 0.256469 0.802558
vn 0.557223 0.133537 0.819555
vn 0.570953 0.004111 0.820973
vn 0.791010 0.019378 0.611496
vn -0.344996 0.248425 -0.905131
vn -0.109571 0.264469 -0.958150
vn 0.068986 0.291667 -0.954029
vn 0.500186 0.354274 -0.790129
vn 0.707804 0.398863 -0.583027
vn 0.790108 0.449968 -0.416243
vn 0.822177 0.508883 -0.255073
vn 0.841504 0.540251 -0.000000
vn 0.823925 0.510419 0.246211
vn 0.803326 0.457529 0.381227
vn 0.735050 0.411134 0.539139
vn 0.519078 0.362679 0.773965
vn -0.163029 0.262353 0.951101
vn 0.050571 0.290882 0.955422
vn -0.368344 0.243855 0.897138
vn -0.708096 0.326099 -0.626306
vn -0.759395 0.340936 -0.554150
vn -0.698928 0.315821 -0.641682
vn -0.439290 -0.460204 -0.771516
vn -0.477003 -0.231590 -0.847841
vn -0.253293 -0.269806 -0.929003
vn -0.236290 -0.467634 -0.851754
vn -0.491301 -0.135172 -0.860437
vn -0.268778 -0.170860 -0.947927
vn -0.018594 -0.202079 -0.979193
vn -0.017592 -0.301467 -0.953314
vn -0.013615 -0.487393 -0.873077
vn -0.800576 -0.477878 -0.361541
vn -0.853753 -0.216920 -0.473341
vn -0.863042 -0.220384 -0.454521
vn -0.793892 -0.440194 -0.419482
vn -0.859514 -0.145427 -0.489987
vn -0.875783 -0.148680 -0.459237
vn -0.799926 -0.137749 -0.584076
vn -0.793387 -0.213725 -0.569964
vn -0.729754 -0.441217 -0.522290
vn 0.429933 -0.553390 -0.713385
vn 0.498872 -0.354233 -0.790978
vn 0.649099 -0.355774 -0.672380
vn 0.556023 -0.516807 -0.650961
vn 0.532900 -0.229586 -0.814438
vn 0.706524 -0.214898 -0.674272
vn 0.794275 -0.191233 -0.576678
vn 0.729794 -0.354551 -0.584547
vn 0.668326 -0.474375 -0.572982
vn 0.821452 -0.308362 -0.479718
vn 0.780333 -0.404421 -0.476996
vn 0.825054 -0.412810 -0.385840
vn 0.799687 -0.471068 -0.372284
vn 0.771811 -0.543184 -0.330544
vn 0.748533 -0.488956 -0.447907
vn -0.037670 -0.268766 0.962469
vn -0.300948 -0.215603 0.928949
vn -0.262051 -0.335040 0.905029
vn -0.038383 -0.397640 0.916738
vn -0.498684 -0.149842 0.853734
vn -0.468106 -0.248384 0.848046
vn -0.413481 -0.446457 0.793542
vn -0.214109 -0.493487 0.842987
vn -0.034413 -0.534633 0.844383
vn 0.862058 -0.506808 -0.001338
vn 0.849600 -0.454537 0.267537
vn 0.822193 -0.514182 0.244161
vn 0.832566 -0.553912 -0.003970
vn 0.835837 -0.400965 0.374971
vn 0.817722 -0.454822 0.352800
vn 0.790538 -0.526438 0.312909
vn 0.784980 -0.588013 0.195057
vn 0.777871 -0.628384 -0.007077
vn 0.820365 -0.171479 0.545524
vn 0.734565 -0.201119 0.648047
vn 0.672206 -0.332815 0.661342
vn 0.766285 -0.322833 0.555505
vn 0.535864 -0.239932 0.809495
vn 0.480705 -0.363010 0.798214
vn 0.394075 -0.532726 0.748938
vn 0.573696 -0.496271 0.651604
vn 0.697117 -0.468586 0.542637
vn -0.491124 -0.067684 -0.868456
vn -0.269463 -0.086195 -0.959146
vn -0.009627 -0.109402 -0.993951
vn 0.553863 -0.126456 -0.822949
vn 0.743240 -0.095948 -0.662109
vn 0.813682 -0.065599 -0.577597
vn 0.772798 -0.094305 0.627606
vn 0.836920 -0.063101 0.543676
vn 0.566750 -0.128228 0.813850
vn -0.308499 -0.093291 0.946639
vn -0.024653 -0.121252 0.992316
vn -0.503795 -0.069655 0.861010
vn -0.865434 -0.087296 -0.493359
vn -0.879055 -0.092323 -0.467695
vn -0.796281 -0.081248 -0.599445
vn -0.326884 -0.738869 -0.589253
vn -0.366517 -0.676616 -0.638636
vn -0.213765 -0.660608 -0.719654
vn -0.196694 -0.742773 -0.640000
vn -0.008095 -0.668956 -0.743258
vn 0.001446 -0.757424 -0.652922
vn -0.663522 -0.691271 -0.286152
vn -0.709085 -0.644154 -0.286817
vn -0.665749 -0.645963 -0.373511
vn -0.601107 -0.701790 -0.382312
vn -0.593998 -0.663847 -0.454393
vn -0.525398 -0.715765 -0.460040
vn 0.281275 -0.751061 -0.597320
vn 0.337861 -0.707616 -0.620588
vn 0.433329 -0.644838 -0.629611
vn 0.328443 -0.717897 -0.613799
vn 0.576471 -0.581477 -0.574078
vn 0.455131 -0.709349 -0.538220
vn 0.690220 -0.588283 -0.421331
vn 0.716915 -0.642581 -0.270412
vn 0.603618 -0.770487 -0.204928
vn 0.568491 -0.738437 -0.362668
vn -0.174946 -0.635756 0.751803
vn -0.030861 -0.647440 0.761491
vn -0.334803 -0.637697 0.693721
vn -0.292634 -0.690614 0.661375
vn -0.159717 -0.680190 0.715424
vn -0.027429 -0.679886 0.732805
vn -0.683120 -0.682172 0.260746
vn -0.719813 -0.635057 0.280309
vn -0.732635 -0.666520 0.137829
vn -0.719106 -0.683017 0.127965
vn -0.790589 -0.478460 0.382159
vn -0.727640 -0.666419 0.162560
vn -0.718163 -0.695610 -0.019224
vn -0.736031 -0.676810 -0.013637
vn -0.730959 -0.682242 -0.015659
vn 0.718799 -0.682097 0.134431
vn 0.695513 -0.718450 -0.009552
vn 0.732720 -0.624520 0.270364
vn 0.624831 -0.748883 0.220817
vn 0.612068 -0.786742 0.080061
vn 0.592234 -0.805675 -0.012082
vn 0.452876 -0.622287 0.638484
vn 0.598604 -0.587017 0.545055
vn 0.294172 -0.663486 0.687931
vn 0.230042 -0.695488 0.680718
vn 0.353871 -0.681011 0.641092
vn 0.495661 -0.684174 0.535001
vn -0.354925 0.246000 -0.901949
vn -0.349482 -0.565214 -0.747259
vn -0.185426 -0.631023 -0.753278
vn -0.138821 0.231695 -0.962832
vn 0.027108 -0.668916 -0.742844
vn 0.070697 0.243723 -0.967265
vn -0.877559 0.229081 -0.421204
vn -0.769678 -0.525075 -0.363170
vn -0.706457 -0.511713 -0.488947
vn -0.805596 0.198900 -0.558081
vn -0.612913 -0.506737 -0.606264
vn -0.694838 0.193401 -0.692674
vn 0.356796 0.358164 -0.862795
vn 0.314927 -0.592033 -0.741834
vn 0.339192 -0.627910 -0.700484
vn 0.455331 0.321037 -0.830427
vn 0.433880 -0.714658 -0.548645
vn 0.631122 0.229189 -0.741052
vn 0.532264 -0.769162 -0.353673
vn 0.592985 -0.779728 -0.200981
vn 0.923600 0.137467 -0.357862
vn 0.816435 0.149721 -0.557690
vn -0.172094 -0.467391 0.867139
vn -0.013724 -0.461861 0.886846
vn -0.322528 -0.479934 0.815867
vn -0.338613 0.301560 0.891293
vn -0.149715 0.356974 0.922039
vn 0.019812 0.371630 0.928169
vn -0.880715 0.299360 0.367050
vn -0.799793 -0.507891 0.319966
vn -0.837877 -0.522435 0.158189
vn -0.925976 0.331928 0.179981
vn -0.846743 -0.531458 -0.024068
vn -0.947478 0.317591 -0.037713
vn 0.630668 -0.773419 0.063887
vn 0.634890 -0.772448 -0.015471
vn 0.619056 -0.758480 0.203661
vn 0.942249 0.112028 0.315621
vn 0.976174 0.167495 0.137952
vn 0.974659 0.222787 -0.020127
vn 0.365203 -0.574717 0.732344
vn 0.500517 -0.655103 0.565970
vn 0.254270 -0.513254 0.819706
vn 0.317069 0.310170 0.896249
vn 0.476094 0.246784 0.844057
vn 0.681431 0.188791 0.707114
vn -0.153568 0.935165 -0.319192
vn -0.176588 0.918847 -0.352897
vn -0.091722 0.917928 -0.386000
vn -0.089201 0.931822 -0.351784
vn -0.238362 0.839934 -0.487540
vn -0.102377 0.850729 -0.515538
vn 0.018268 0.862763 -0.505279
vn 0.010590 0.922133 -0.386728
vn 0.011036 0.933822 -0.357567
vn -0.266504 0.958016 -0.105740
vn -0.303601 0.943378 -0.133657
vn -0.273664 0.944441 -0.182040
vn -0.237100 0.959255 -0.153665
vn -0.466240 0.856341 -0.222039
vn -0.433303 0.852243 -0.293140
vn -0.394920 0.844375 -0.362034
vn -0.247625 0.940615 -0.232219
vn -0.209187 0.956354 -0.204027
vn 0.156017 0.928214 -0.337754
vn 0.160595 0.919003 -0.360060
vn 0.206763 0.925128 -0.318412
vn 0.197091 0.932656 -0.302173
vn 0.192421 0.873378 -0.447420
vn 0.252253 0.885832 -0.389449
vn 0.311013 0.904362 -0.292234
vn 0.253702 0.938022 -0.236114
vn 0.242976 0.943150 -0.226784
vn 0.365334 0.910886 -0.191879
vn 0.293270 0.945043 -0.144525
vn 0.399661 0.906102 -0.138742
vn 0.316713 0.943563 -0.096862
vn 0.301982 0.949670 -0.083264
vn 0.280671 0.949981 -0.136964
vn 0.009784 0.880323 0.474275
vn -0.105469 0.872754 0.476631
vn -0.092564 0.936478 0.338291
vn 0.003968 0.940161 0.340709
vn -0.227191 0.862247 0.452674
vn -0.168548 0.935291 0.311162
vn -0.151472 0.948363 0.278683
vn -0.094051 0.947189 0.306574
vn 0.002328 0.949261 0.314480
vn -0.278718 0.955282 0.098760
vn -0.313409 0.940976 0.127825
vn -0.349630 0.935271 0.055014
vn -0.309378 0.950118 0.039505
vn -0.462482 0.862062 0.207267
vn -0.498896 0.861714 0.092478
vn -0.512665 0.858198 -0.025891
vn -0.359346 0.933101 -0.013932
vn -0.315098 0.949034 -0.006853
vn 0.424190 0.905564 -0.004124
vn 0.419879 0.903578 0.085136
vn 0.333400 0.941027 0.057563
vn 0.346523 0.938036 -0.003224
vn 0.409092 0.902307 0.135963
vn 0.312717 0.945016 0.095666
vn 0.295324 0.951853 0.082222
vn 0.317924 0.947181 0.042100
vn 0.332122 0.943228 -0.003939
vn 0.330371 0.896316 0.295756
vn 0.262084 0.882272 0.391034
vn 0.203018 0.935757 0.288345
vn 0.253819 0.941260 0.222721
vn 0.189126 0.877715 0.440282
vn 0.150201 0.935233 0.320593
vn 0.147143 0.944481 0.293776
vn 0.194534 0.944854 0.263454
vn 0.240193 0.948459 0.206721
vn -0.730807 -0.682584 0.000051
vn -0.320043 -0.865842 -0.384564
vn -0.640812 -0.578800 -0.504332
vn -0.828354 -0.560205 -0.000401
vn 0.505588 -0.614738 -0.605374
vn 0.025043 -0.341404 -0.939583
vn -0.089346 -0.234828 -0.967922
vn -0.469157 -0.667466 -0.578256
vn -0.604209 -0.796826 0.000368
vn 0.594121 -0.481438 -0.644389
vn 0.187174 -0.184129 -0.964916
vn 0.546150 -0.283125 -0.788391
vn 0.121165 -0.034475 -0.992034
vn 0.067076 -0.029600 -0.997309
vn 0.038324 -0.072858 -0.996606
vn 0.469030 -0.355018 -0.808686
vn 0.709681 -0.597990 -0.372506
vn 0.149292 -0.805749 -0.573132
vn 0.109940 -0.311439 -0.943885
vn 0.780394 -0.613102 -0.122850
vn 0.239649 -0.958026 -0.157337
vn -0.419516 -0.887853 -0.189007
vn -0.325687 -0.685370 -0.651303
vn -0.105536 -0.220696 -0.969616
vn 0.505732 -0.614547 0.605448
vn -0.326536 -0.863987 0.383277
vn -0.650675 -0.569652 0.502113
vn 0.004629 -0.327098 0.944979
vn -0.477381 -0.659508 0.580652
vn -0.106240 -0.220993 0.969472
vn 0.785900 -0.618354 -0.000002
vn 0.782480 -0.615921 0.091468
vn 0.266067 -0.957054 0.115134
vn 0.275848 -0.961201 -0.000744
vn 0.780394 -0.613101 0.122851
vn 0.241982 -0.957712 0.155670
vn -0.408869 -0.894848 0.179088
vn -0.400631 -0.906500 0.133236
vn -0.399726 -0.916620 -0.005115
vn 0.544602 -0.280633 0.790350
vn 0.594336 -0.481248 0.644333
vn 0.168788 -0.168164 0.971201
vn 0.102830 -0.015379 0.994580
vn 0.020797 -0.057494 0.998129
vn 0.052569 -0.013636 0.998524
vn 0.706323 -0.512780 -0.488021
vn 0.682633 -0.595643 -0.423345
vn 0.730713 -0.443123 -0.519327
vn 0.857255 -0.149406 -0.492739
vn 0.905585 0.321832 -0.276295
vn -0.139459 0.990029 -0.019837
vn 0.193127 0.790695 -0.580950
vn 0.947015 0.252361 0.198689
vn 0.967831 0.251597 -0.001364
vn 0.907878 0.314092 0.277675
vn -0.140342 0.989904 0.019866
vn -0.177924 0.983925 0.015296
vn -0.192287 0.981339 -0.000005
vn 0.708285 -0.513987 0.483890
vn 0.732056 -0.445688 0.515225
vn 0.685562 -0.594749 0.419856
vn 0.457016 -0.850475 0.260440
vn 0.068954 -0.997619 -0.001185
vn 0.451860 -0.852990 -0.261209
vn 0.101930 -0.881358 -0.461322
vn 0.143247 -0.989687 0.000174
vn 0.184529 -0.417744 -0.889629
vn 0.099549 -0.880568 0.463347
vn 0.179329 -0.414134 0.892375
vn 0.249925 -0.250131 0.935399
vn 0.259857 -0.264746 0.928646
vn -0.671014 -0.737933 0.072085
vn -0.688870 -0.724813 -0.010222
vn -0.627820 -0.771251 0.104948
vn -0.403862 -0.911742 0.074984
vn -0.536499 -0.843561 0.023952
vn -0.577844 -0.816061 -0.011866
vn -0.364234 -0.689571 -0.625960
vn 0.154145 -0.249237 -0.956096
vn -0.633018 -0.763862 -0.125711
vn -0.372298 -0.921851 -0.107635
vn 0.415367 -0.675353 -0.609400
vn 0.711435 -0.240605 -0.660280
vn 0.254698 -0.254258 -0.932996
vn 0.263382 -0.268848 -0.926472
vn -0.229071 0.899421 -0.372248
vn -0.028036 0.409289 -0.911974
vn -0.295229 0.952709 -0.072008
vn -0.195856 0.973989 -0.113953
vn -0.184268 0.937700 -0.294559
vn -0.100935 0.638107 -0.763303
vn 0.011457 0.160542 -0.986962
vn 0.070837 -0.023717 -0.997206
vn -0.005227 0.229216 -0.973362
vn 0.047417 -0.041553 -0.998011
vn -0.307678 0.949979 0.053612
vn -0.313403 0.949620 -0.000061
vn -0.295806 0.952529 0.072023
vn -0.196565 0.973841 0.113998
vn -0.199616 0.976128 0.085599
vn -0.201833 0.979420 0.000060
vn -0.002049 0.177247 0.984164
vn -0.040671 0.420635 0.906318
vn 0.062735 -0.011582 0.997963
vn 0.044660 -0.036446 0.998337
vn -0.010834 0.236721 0.971517
vn -0.106340 0.641152 0.760010
vn 0.192883 -0.318746 0.928007
vn 0.333726 -0.723448 0.604359
vn 0.119621 -0.773336 0.622610
vn 0.088597 -0.347214 0.933591
vn 0.376734 -0.905038 0.197425
vn 0.378347 -0.925664 -0.000000
vn 0.112380 -0.993665 -0.000000
vn 0.116717 -0.972701 0.200573
vn 0.376734 -0.905038 -0.197425
vn 0.333727 -0.723448 -0.604358
vn 0.119621 -0.773336 -0.622610
vn 0.116716 -0.972701 -0.200573
vn 0.194657 -0.321757 -0.926596
vn 0.089138 -0.348403 -0.933097
vn 0.035687 0.951940 -0.304198
vn 0.032912 0.629393 -0.776390
vn 0.033697 0.992496 -0.117547
vn 0.288300 0.949662 -0.122579
vn 0.278367 0.906913 -0.316261
vn 0.183297 0.585524 -0.789660
vn 0.020951 0.210686 -0.977329
vn 0.007377 -0.053190 -0.998557
vn 0.061625 0.191380 -0.979580
vn -0.017864 -0.050253 -0.998577
vn 0.030955 0.995621 0.088211
vn 0.029552 0.999563 0.000035
vn 0.033491 0.992501 0.117560
vn 0.288299 0.949662 0.122579
vn 0.286700 0.953595 0.091980
vn 0.286452 0.958095 0.000000
vn 0.019858 0.212111 0.977044
vn 0.031632 0.629981 0.775967
vn 0.006896 -0.052245 0.998611
vn -0.017864 -0.050253 0.998577
vn 0.061625 0.191380 0.979580
vn 0.183298 0.585524 0.789660
vn -0.020112 -0.339011 0.940568
vn -0.079032 -0.753768 0.652371
vn -0.275184 -0.691401 0.668011
vn -0.114873 -0.309048 0.944083
vn -0.122364 -0.969113 0.214118
vn -0.130520 -0.991446 -0.000000
vn -0.387820 -0.921735 -0.000000
vn -0.373878 -0.900107 0.223660
vn -0.122364 -0.969113 -0.214118
vn -0.079032 -0.753768 -0.652371
vn -0.275184 -0.691401 -0.668011
vn -0.373878 -0.900107 -0.223660
vn -0.020019 -0.339230 -0.940490
vn -0.114873 -0.309048 -0.944083
vn 0.505712 0.799527 -0.324054
vn 0.323168 0.506724 -0.799246
vn 0.528776 0.839436 -0.125473
vn 0.699936 0.702738 -0.127469
vn 0.666920 0.668758 -0.328605
vn 0.418029 0.420219 -0.805399
vn 0.104174 0.163166 -0.981083
vn -0.032574 -0.043292 -0.998531
vn 0.128786 0.135865 -0.982321
vn -0.049303 -0.031884 -0.998275
vn 0.528435 0.843732 0.094195
vn 0.529499 0.848311 0.000000
vn 0.528776 0.839436 0.125473
vn 0.699936 0.702739 0.127469
vn 0.700372 0.707323 0.095778
vn 0.702430 0.711752 0.000000
vn 0.104174 0.163166 0.981083
vn 0.323168 0.506724 0.799245
vn -0.032574 -0.043292 0.998531
vn -0.049303 -0.031884 0.998275
vn 0.128786 0.135865 0.982321
vn 0.418029 0.420219 0.805399
vn -0.189769 -0.262592 0.946062
vn -0.441761 -0.589117 0.676601
vn -0.574479 -0.456242 0.679572
vn -0.250754 -0.204254 0.946257
vn -0.593363 -0.771698 0.228917
vn -0.612198 -0.790705 0.000000
vn -0.791630 -0.611001 0.000001
vn -0.768964 -0.596663 0.229538
vn -0.593363 -0.771698 -0.228917
vn -0.441761 -0.589117 -0.676601
vn -0.574479 -0.456241 -0.679572
vn -0.768964 -0.596663 -0.229539
vn -0.189769 -0.262592 -0.946062
vn -0.250754 -0.204254 -0.946257
vn 0.791549 0.517318 -0.325319
vn 0.499082 0.329638 -0.801409
vn 0.831491 0.540923 -0.126588
vn 0.931690 0.343270 -0.118829
vn 0.890555 0.331481 -0.311501
vn 0.575724 0.216758 -0.788390
vn 0.151859 0.109963 -0.982266
vn -0.060339 -0.018563 -0.998005
vn 0.180772 0.075725 -0.980606
vn -0.063284 -0.006721 -0.997973
vn 0.832702 0.545488 0.095134
vn 0.835326 0.549756 -0.000000
vn 0.831491 0.540924 0.126588
vn 0.931689 0.343270 0.118829
vn 0.933574 0.347095 0.089249
vn 0.936551 0.350530 -0.000000
vn 0.151859 0.109963 0.982266
vn 0.499081 0.329638 0.801409
vn -0.060339 -0.018563 0.998005
vn -0.063284 -0.006721 0.997973
vn 0.180772 0.075725 0.980606
vn 0.575724 0.216758 0.788390
vn -0.293005 -0.146478 0.944824
vn -0.660745 -0.328916 0.674707
vn -0.725969 -0.194429 0.659672
vn -0.325384 -0.087172 0.941555
vn -0.874885 -0.428525 0.225703
vn -0.898361 -0.439258 0.000001
vn -0.967048 -0.254593 0.000000
vn -0.944605 -0.247907 0.215088
vn -0.874885 -0.428526 -0.225704
vn -0.660745 -0.328916 -0.674708
vn -0.725968 -0.194429 -0.659672
vn -0.944605 -0.247908 -0.215088
vn -0.293005 -0.146478 -0.944824
vn -0.325385 -0.087172 -0.941555
vn 0.939804 0.151456 -0.306315
vn 0.611749 0.097587 -0.785010
vn 0.980792 0.157793 -0.114669
vn 0.992106 -0.046542 -0.116448
vn 0.949141 -0.046446 -0.311407
vn 0.612361 -0.036816 -0.789721
vn 0.197318 0.034581 -0.979729
vn -0.061907 0.002469 -0.998079
vn 0.198945 -0.017220 -0.979859
vn -0.057282 0.003255 -0.998353
vn 0.983118 0.161440 0.086119
vn 0.986455 0.164032 0.000000
vn 0.980792 0.157792 0.114669
vn 0.992105 -0.046543 0.116449
vn 0.995234 -0.043067 0.087487
vn 0.999157 -0.041047 -0.000001
vn 0.197318 0.034581 0.979729
vn 0.611749 0.097587 0.785010
vn -0.061907 0.002469 0.998079
vn -0.057282 0.003255 0.998353
vn 0.198944 -0.017219 0.979860
vn 0.612361 -0.036816 0.789720
vn -0.343736 -0.018679 0.938881
vn -0.760609 -0.026685 0.648661
vn -0.748951 0.124103 0.650900
vn -0.338313 0.042365 0.940080
vn -0.978221 -0.019388 0.206658
vn -0.999857 -0.016911 0.000000
vn -0.981836 0.189733 0.000000
vn -0.960915 0.180384 0.210010
vn -0.978221 -0.019389 -0.206659
vn -0.760610 -0.026686 -0.648661
vn -0.748951 0.124103 -0.650900
vn -0.960915 0.180383 -0.210011
vn -0.343736 -0.018678 -0.938881
vn -0.338313 0.042365 -0.940080
vn 0.911606 -0.266444 -0.313022
vn 0.582456 -0.181041 -0.792445
vn 0.953829 -0.276870 -0.116420
vn 0.887883 -0.446018 -0.112840
vn 0.849789 -0.427348 -0.308597
vn 0.542576 -0.281099 -0.791577
vn 0.187041 -0.069928 -0.979860
vn -0.055911 0.004665 -0.998425
vn 0.172375 -0.098247 -0.980120
vn -0.056246 0.018704 -0.998242
vn 0.957471 -0.274957 0.087457
vn 0.961668 -0.274216 -0.000002
vn 0.953828 -0.276871 0.116422
vn 0.887882 -0.446018 0.112841
vn 0.891109 -0.445803 0.084761
vn 0.894861 -0.446345 -0.000001
vn 0.187041 -0.069928 0.979860
vn 0.582456 -0.181041 0.792445
vn -0.055911 0.004665 0.998425
vn -0.056246 0.018703 0.998242
vn 0.172375 -0.098247 0.980120
vn 0.542576 -0.281099 0.791577
vn -0.322697 0.097258 0.941492
vn -0.713081 0.248720 0.655480
vn -0.673313 0.355345 0.648367
vn -0.308550 0.152932 0.938834
vn -0.916550 0.337172 0.215060
vn -0.937350 0.348389 0.000000
vn -0.879793 0.475357 -0.000000
vn -0.860248 0.463498 0.212471
vn -0.916550 0.337172 -0.215061
vn -0.713080 0.248720 -0.655481
vn -0.673313 0.355345 -0.648367
vn -0.860248 0.463498 -0.212471
vn -0.322697 0.097259 -0.941492
vn -0.308550 0.152932 -0.938834
vn 0.805915 -0.506413 -0.306673
vn 0.512270 -0.324882 -0.795004
vn 0.841525 -0.528924 -0.109884
vn 0.829367 -0.547489 -0.111384
vn 0.792527 -0.524456 -0.311204
vn 0.497645 -0.330333 -0.802016
vn 0.160801 -0.104872 -0.981400
vn -0.058222 0.034159 -0.997719
vn 0.154192 -0.102819 -0.982677
vn -0.059441 0.040684 -0.997402
vn 0.844135 -0.529726 0.082620
vn 0.847302 -0.531111 -0.000000
vn 0.841526 -0.528924 0.109884
vn 0.829367 -0.547489 0.111384
vn 0.831931 -0.548511 0.083826
vn 0.834973 -0.550292 -0.000000
vn 0.160801 -0.104872 0.981400
vn 0.512270 -0.324882 0.795004
vn -0.058222 0.034159 0.997719
vn -0.059441 0.040684 0.997402
vn 0.154192 -0.102819 0.982677
vn 0.497645 -0.330333 0.802016
vn -0.302936 0.191809 0.933509
vn -0.649400 0.418732 0.634778
vn -0.637251 0.443063 0.630560
vn -0.299652 0.206080 0.931525
vn -0.820594 0.532524 0.207471
vn -0.838683 0.544620 -0.000000
vn -0.818801 0.574078 0.000000
vn -0.801541 0.560993 0.206925
vn -0.820594 0.532524 -0.207471
vn -0.649400 0.418732 -0.634778
vn -0.637251 0.443063 -0.630561
vn -0.801541 0.560993 -0.206926
vn -0.302936 0.191809 -0.933509
vn -0.299652 0.206081 -0.931525
vn 0.802416 -0.503079 -0.320998
vn 0.499063 -0.307776 -0.810068
vn 0.841562 -0.527196 -0.117634
vn 0.876478 -0.464800 -0.125491
vn 0.837625 -0.433293 -0.332629
vn 0.526007 -0.228725 -0.819147
vn 0.157003 -0.086974 -0.983761
vn -0.052262 0.052363 -0.997260
vn 0.182904 -0.019474 -0.982938
vn -0.023188 0.112814 -0.993346
vn 0.844595 -0.528034 0.088543
vn 0.848051 -0.529914 -0.000000
vn 0.841562 -0.527195 0.117634
vn 0.876478 -0.464800 0.125491
vn 0.879564 -0.466309 0.094467
vn 0.883309 -0.468792 -0.000000
vn 0.157003 -0.086974 0.983761
vn 0.499063 -0.307775 0.810068
vn -0.052262 0.052363 0.997260
vn -0.023188 0.112815 0.993345
vn 0.182904 -0.019473 0.982938
vn 0.526007 -0.228725 0.819147
vn -0.285589 0.216495 0.933578
vn -0.618250 0.458032 0.638728
vn -0.579598 0.505654 0.639047
vn -0.250620 0.271848 0.929133
vn -0.785471 0.581550 0.211744
vn -0.803226 0.595674 0.000001
vn -0.774881 0.632107 0.000001
vn -0.754414 0.620371 0.214476
vn -0.785471 0.581550 -0.211744
vn -0.618250 0.458032 -0.638728
vn -0.579598 0.505653 -0.639047
vn -0.754414 0.620371 -0.214475
vn -0.285589 0.216495 -0.933578
vn -0.250620 0.271848 -0.929133
vn 0.881570 -0.331769 -0.335803
vn 0.580474 -0.112090 -0.806527
vn 0.917024 -0.376767 -0.130818
vn 0.869138 -0.477269 -0.129670
vn 0.837968 -0.432265 -0.333101
vn 0.565972 -0.191017 -0.801990
vn 0.241118 0.089929 -0.966320
vn 0.038245 0.218193 -0.975156
vn 0.245523 0.055427 -0.967805
vn 0.058075 0.213769 -0.975156
vn 0.920031 -0.379291 0.098399
vn 0.924003 -0.382386 0.000000
vn 0.917024 -0.376767 0.130819
vn 0.869137 -0.477269 0.129670
vn 0.872299 -0.479176 0.097396
vn 0.876198 -0.481951 0.000000
vn 0.241118 0.089929 0.966320
vn 0.580474 -0.112091 0.806527
vn 0.038245 0.218193 0.975156
vn 0.058074 0.213770 0.975156
vn 0.245523 0.055427 0.967805
vn 0.565972 -0.191017 0.801990
vn -0.180622 0.372326 0.910357
vn -0.499628 0.595436 0.629148
vn -0.412021 0.659815 0.628397
vn -0.134904 0.396275 0.908167
vn -0.684815 0.697089 0.212356
vn -0.709989 0.704212 0.000001
vn -0.597472 0.801890 -0.000000
vn -0.575842 0.790719 0.207771
vn -0.684816 0.697088 -0.212356
vn -0.499629 0.595435 -0.629149
vn -0.412021 0.659815 -0.628397
vn -0.575842 0.790720 -0.207771
vn -0.180622 0.372326 -0.910357
vn -0.134904 0.396274 -0.908167
vn 0.748460 -0.574849 -0.330691
vn 0.496404 -0.321278 -0.806451
vn 0.779180 -0.613814 -0.126928
vn 0.689904 -0.712780 -0.126399
vn 0.659236 -0.675813 -0.329674
vn 0.427901 -0.409261 -0.805857
vn 0.201439 -0.041626 -0.978616
vn 0.031297 0.139936 -0.989666
vn 0.160535 -0.105415 -0.981385
vn 0.005613 0.087561 -0.996143
vn 0.783011 -0.614649 0.095402
vn 0.786950 -0.617017 0.000000
vn 0.779180 -0.613814 0.126927
vn 0.689904 -0.712780 0.126397
vn 0.694174 -0.713505 0.095041
vn 0.698154 -0.715948 0.000000
vn 0.201439 -0.041626 0.978616
vn 0.496404 -0.321277 0.806451
vn 0.031297 0.139936 0.989666
vn 0.005613 0.087561 0.996143
vn 0.160535 -0.105415 0.981385
vn 0.427901 -0.409262 0.805857
vn -0.137702 0.353660 0.925182
vn -0.370652 0.673046 0.640021
vn -0.358198 0.661290 0.659083
vn -0.147858 0.312789 0.938244
vn -0.493419 0.844623 0.207727
vn -0.503914 0.863754 -0.000000
vn -0.467931 0.883765 0.000000
vn -0.462665 0.859636 0.216717
vn -0.493418 0.844624 -0.207726
vn -0.370652 0.673047 -0.640020
vn -0.358197 0.661290 -0.659083
vn -0.462665 0.859637 -0.216717
vn -0.137702 0.353660 -0.925183
vn -0.147858 0.312789 -0.938244
vn 0.544599 -0.770910 -0.330317
vn 0.332295 -0.489709 -0.806080
vn 0.576621 -0.807299 -0.125603
vn 0.398160 -0.909365 -0.120515
vn 0.361967 -0.874061 -0.324034
vn 0.168462 -0.585187 -0.793207
vn 0.095394 -0.165217 -0.981633
vn -0.045650 0.034682 -0.998355
vn -0.031078 -0.245871 -0.968804
vn -0.154275 -0.040321 -0.987205
vn 0.581335 -0.808150 0.094566
vn 0.585396 -0.810748 0.000000
vn 0.576621 -0.807299 0.125602
vn 0.398161 -0.909365 0.120517
vn 0.403845 -0.910297 0.090937
vn 0.408514 -0.912752 -0.000000
vn 0.095394 -0.165217 0.981633
vn 0.332294 -0.489709 0.806081
vn -0.045650 0.034682 0.998355
vn -0.154275 -0.040321 0.987205
vn -0.031078 -0.245872 0.968804
vn 0.168462 -0.585187 0.793207
vn -0.190411 0.261212 0.946315
vn -0.391489 0.620909 0.679123
vn -0.475858 0.556799 0.680833
vn -0.288268 0.188541 0.938805
vn -0.489751 0.840957 0.230076
vn -0.494034 0.869443 0.000000
vn -0.563185 0.826331 0.000000
vn -0.560665 0.793319 0.237277
vn -0.489751 0.840957 -0.230076
vn -0.391489 0.620908 -0.679124
vn -0.475857 0.556799 -0.680834
vn -0.560664 0.793319 -0.237277
vn -0.190411 0.261212 -0.946315
vn -0.288268 0.188542 -0.938804
vn 0.158510 -0.939851 -0.302580
vn -0.013903 -0.649910 -0.759884
vn 0.200003 -0.973614 -0.109887
vn 0.240754 -0.963907 -0.113671
vn 0.192312 -0.931516 -0.308699
vn 0.004797 -0.626861 -0.779116
vn -0.163930 -0.307390 -0.937357
vn -0.258384 -0.097298 -0.961130
vn -0.145524 -0.281375 -0.948499
vn -0.240955 -0.073485 -0.967750
vn 0.203970 -0.975465 0.082849
vn 0.207470 -0.978242 -0.000001
vn 0.200003 -0.973614 0.109888
vn 0.240754 -0.963907 0.113670
vn 0.241611 -0.966606 0.085428
vn 0.242657 -0.970112 -0.000001
vn -0.163930 -0.307391 0.937357
vn -0.013903 -0.649910 0.759884
vn -0.258383 -0.097298 0.961130
vn -0.240955 -0.073485 0.967750
vn -0.145523 -0.281376 0.948499
vn 0.004797 -0.626862 0.779116
vn -0.373711 0.138588 0.917133
vn -0.546163 0.512617 0.662517
vn -0.552024 0.520853 0.651138
vn -0.363485 0.160679 0.917639
vn -0.618577 0.750145 0.233762
vn -0.619718 0.784825 0.000000
vn -0.641539 0.767090 0.000000
vn -0.636664 0.736423 0.228781
vn -0.618578 0.750145 -0.233762
vn -0.546163 0.512617 -0.662517
vn -0.552024 0.520852 -0.651140
vn -0.636664 0.736423 -0.228780
vn -0.373711 0.138588 -0.917133
vn -0.363485 0.160679 -0.917639
vn 0.465391 -0.820231 -0.332613
vn 0.254022 -0.513395 -0.819694
vn 0.498020 -0.857647 -0.128128
vn 0.541417 -0.830688 -0.129714
vn 0.521485 -0.785658 -0.332859
vn 0.346276 -0.469152 -0.812398
vn 0.039295 -0.178426 -0.983168
vn -0.089787 0.021180 -0.995736
vn 0.141704 -0.124258 -0.982079
vn 0.018602 0.083601 -0.996326
vn 0.499750 -0.860809 0.096218
vn 0.502001 -0.864867 -0.000000
vn 0.498020 -0.857648 0.128127
vn 0.541416 -0.830688 0.129714
vn 0.543238 -0.833916 0.097356
vn 0.545654 -0.838011 -0.000000
vn 0.039295 -0.178426 0.983168
vn 0.254021 -0.513395 0.819694
vn -0.089787 0.021180 0.995736
vn 0.018601 0.083602 0.996326
vn 0.141704 -0.124257 0.982080
vn 0.346276 -0.469151 0.812398
vn -0.238192 0.244614 0.939909
vn -0.463844 0.583696 0.666444
vn -0.317336 0.669665 0.671451
vn -0.115118 0.315969 0.941760
vn -0.583961 0.777937 0.231954
vn -0.596504 0.802610 0.000001
vn -0.453798 0.891105 -0.000000
vn -0.438136 0.868673 0.231180
vn -0.583961 0.777938 -0.231953
vn -0.463844 0.583697 -0.666443
vn -0.317337 0.669666 -0.671450
vn -0.438136 0.868673 -0.231180
vn -0.238191 0.244614 -0.939909
vn -0.115118 0.315969 -0.941760
vn 0.408655 -0.850543 -0.331025
vn 0.267366 -0.518778 -0.812025
vn 0.424368 -0.896846 -0.124813
vn 0.280725 -0.952702 -0.116416
vn 0.261556 -0.910871 -0.319223
vn 0.137583 -0.587546 -0.797409
vn 0.102653 -0.150078 -0.983330
vn 0.003050 0.073812 -0.997268
vn 0.004592 -0.210631 -0.977555
vn -0.077116 0.022478 -0.996769
vn 0.426101 -0.899792 0.093869
vn 0.428272 -0.903650 0.000000
vn 0.424368 -0.896847 0.124814
vn 0.280726 -0.952701 0.116417
vn 0.282682 -0.955198 0.087676
vn 0.284901 -0.958557 0.000000
vn 0.102653 -0.150078 0.983330
vn 0.267366 -0.518778 0.812025
vn 0.003051 0.073812 0.997268
vn -0.077116 0.022478 0.996769
vn 0.004592 -0.210630 0.977555
vn 0.137582 -0.587546 0.797409
vn -0.106252 0.322788 0.940489
vn -0.269021 0.696081 0.665656
vn -0.313356 0.672509 0.670478
vn -0.171704 0.281947 0.943941
vn -0.362335 0.903884 0.227392
vn -0.374002 0.927428 -0.000001
vn -0.390683 0.920525 -0.000000
vn -0.384527 0.894164 0.229370
vn -0.362334 0.903884 -0.227393
vn -0.269021 0.696081 -0.665657
vn -0.313355 0.672508 -0.670478
vn -0.384527 0.894164 -0.229370
vn -0.106252 0.322787 -0.940489
vn -0.171703 0.281947 -0.943941
vn 0.208038 -0.926774 -0.312747
vn 0.078283 -0.605745 -0.791799
vn 0.234754 -0.965436 -0.113245
vn 0.335030 -0.934551 -0.119871
vn 0.305010 -0.894907 -0.325747
vn 0.146108 -0.564198 -0.812609
vn -0.045433 -0.232811 -0.971460
vn -0.122570 -0.001783 -0.992458
vn -0.005601 -0.201632 -0.979445
vn -0.097427 0.019196 -0.995058
vn 0.235963 -0.968018 0.085226
vn 0.237372 -0.971419 0.000001
vn 0.234754 -0.965436 0.113246
vn 0.335031 -0.934551 0.119871
vn 0.335829 -0.937595 0.090190
vn 0.336938 -0.941527 0.000001
vn -0.045433 -0.232811 0.971460
vn 0.078283 -0.605745 0.791799
vn -0.122571 -0.001783 0.992458
vn -0.097427 0.019196 0.995058
vn -0.005601 -0.201632 0.979445
vn 0.146108 -0.564197 0.812609
vn -0.215354 0.259815 0.941339
vn -0.355174 0.655406 0.666555
vn -0.364183 0.655005 0.662072
vn -0.204115 0.272689 0.940201
vn -0.420315 0.878107 0.228612
vn -0.424532 0.905413 -0.000000
vn -0.451114 0.892466 0.000000
vn -0.444010 0.866530 0.227993
vn -0.420316 0.878107 -0.228612
vn -0.355174 0.655406 -0.666555
vn -0.364183 0.655004 -0.662072
vn -0.444010 0.866530 -0.227992
vn -0.215354 0.259816 -0.941339
vn -0.204115 0.272688 -0.940201
vn 0.442283 -0.830620 -0.338314
vn 0.253764 -0.504800 -0.825094
vn 0.470241 -0.873357 -0.126965
vn 0.505582 -0.853167 -0.128425
vn 0.478746 -0.808823 -0.341480
vn 0.285541 -0.485148 -0.826497
vn 0.062364 -0.160161 -0.985119
vn -0.046842 0.048707 -0.997714
vn 0.084906 -0.144856 -0.985803
vn -0.020456 0.059306 -0.998030
vn 0.471788 -0.876517 0.095574
vn 0.473838 -0.880612 0.000000
vn 0.470241 -0.873357 0.126964
vn 0.505582 -0.853167 0.128424
vn 0.507472 -0.856227 0.096685
vn 0.509921 -0.860221 0.000000
vn 0.062480 -0.160158 0.985112
vn 0.253764 -0.504800 0.825094
vn -0.046462 0.048836 0.997726
vn -0.018819 0.059430 0.998055
vn 0.085453 -0.144974 0.985739
vn 0.285541 -0.485147 0.826498
vn -0.159234 0.291430 0.943246
vn -0.326840 0.667755 0.668789
vn -0.234458 0.706675 0.667563
vn -0.106102 0.302814 0.947125
vn -0.422534 0.877762 0.225830
vn -0.435179 0.900344 0.000563
vn -0.342431 0.939536 0.003760
vn -0.323862 0.924303 0.201932
vn -0.421392 0.878534 -0.224960
vn -0.326030 0.667831 -0.669109
vn -0.230551 0.708088 -0.667427
vn -0.318538 0.927538 -0.195467
vn -0.159479 0.290973 -0.943346
vn -0.107014 0.301688 -0.947382
vn 0.626488 -0.692315 -0.358067
vn 0.341471 -0.400353 -0.850362
vn 0.666706 -0.733579 -0.131775
vn 0.872931 -0.470897 -0.127462
vn 0.821108 -0.452854 -0.347427
vn 0.447597 -0.292809 -0.844938
vn 0.080123 -0.121240 -0.989384
vn -0.041525 0.039627 -0.998351
vn 0.098397 -0.115229 -0.988454
vn -0.058998 -0.014488 -0.998153
vn 0.668254 -0.737216 0.099746
vn 0.671148 -0.741323 -0.000001
vn 0.666705 -0.733580 0.131776
vn 0.872932 -0.470897 0.127462
vn 0.876215 -0.472149 0.096551
vn 0.880706 -0.473663 -0.000001
vn 0.081855 -0.121945 0.989156
vn 0.341472 -0.400352 0.850362
vn -0.036614 0.038455 0.998589
vn -0.050785 -0.017114 0.998563
vn 0.101211 -0.116269 0.988048
vn 0.447597 -0.292809 0.844938
vn -0.007732 0.233130 0.972415
vn 0.003970 0.658663 0.752427
vn 0.662030 0.183395 0.726693
vn 0.182913 0.032275 0.982599
vn -0.130590 0.976881 0.169260
vn -0.175949 0.984359 0.008941
vn 0.089187 0.995969 0.009555
vn 0.250562 0.949796 0.187367
vn -0.126469 0.980290 -0.151780
vn 0.007576 0.662856 -0.748708
vn 0.660419 0.190657 -0.726290
vn 0.237263 0.957109 -0.166278
vn -0.010104 0.233594 -0.972282
vn 0.179962 0.033087 -0.983117
vn 0.854874 -0.402550 -0.327329
vn 0.497848 -0.288407 -0.817905
vn 0.903208 -0.411551 -0.121828
vn 0.114937 -0.145782 -0.982618
vn -0.052576 -0.069447 -0.996199
vn 0.905815 -0.413659 0.091576
vn 0.909603 -0.415478 -0.000001
vn 0.903208 -0.411550 0.121829
vn 0.118077 -0.146670 0.982113
vn 0.497849 -0.288408 0.817904
vn -0.043039 -0.072467 0.996442
vn -0.093388 -0.224519 0.969985
vn 0.114134 -0.311861 0.943248
vn 0.469029 -0.355019 0.808686
vn 0.238613 -0.093783 0.966576
vn 0.713592 -0.121312 0.689978
vn 0.711396 -0.241286 0.660073
vn 0.165054 -0.253878 0.953050
vn 0.232475 -0.091916 -0.968249
vn 0.713113 -0.120696 -0.690582
vn -0.297485 0.661517 -0.688403
vn -0.105662 0.696963 -0.709280
vn 0.041298 0.724296 -0.688251
vn 0.248567 0.767410 -0.591014
vn 0.327637 0.784676 -0.526248
vn 0.416243 0.806205 -0.420447
vn 0.504072 0.809204 -0.301829
vn 0.560935 0.800231 -0.212091
vn 0.592596 0.797707 0.111774
vn 0.581296 0.813651 -0.008201
vn 0.594320 0.778762 0.200784
vn 0.361988 0.735109 0.573219
vn 0.470557 0.763559 0.442214
vn 0.252970 0.726734 0.638642
vn -0.120612 0.718195 0.685309
vn 0.019853 0.730977 0.682113
vn -0.290540 0.682670 0.670484
vn -0.669338 0.680977 0.297080
vn -0.695659 0.705343 0.136197
vn -0.713589 0.699675 -0.035288
vn -0.689779 0.642380 -0.333995
vn -0.652551 0.612725 -0.445810
vn -0.582251 0.598810 -0.549918
vn 0.754091 0.589200 -0.290155
vn 0.830990 0.063378 -0.552665
vn 0.616614 0.787243 0.005883
vn 0.772020 -0.525864 -0.357005
vn 0.827763 -0.305297 -0.470746
vn 0.834096 -0.150553 -0.530677
vn 0.826306 -0.077371 -0.557882
vn 0.763316 0.573375 0.297642
vn 0.836461 0.059462 0.544791
vn 0.833827 -0.076527 0.546695
vn 0.841874 -0.146653 0.519366
vn 0.771649 -0.529496 0.352408
vn 0.778951 -0.588768 0.215842
vn 0.764185 -0.644990 -0.003148
vn -0.389283 -0.223541 -0.893582
vn -0.249026 0.790153 -0.560040
vn -0.142396 0.787119 -0.600139
vn -0.211491 -0.220021 -0.952293
vn -0.187704 0.889122 -0.417407
vn -0.110051 0.886882 -0.448698
vn 0.013484 0.882213 -0.470658
vn 0.015857 0.780164 -0.625374
vn 0.016330 -0.212922 -0.976933
vn -0.916935 -0.215301 -0.335970
vn -0.574057 0.790948 -0.211803
vn -0.515745 0.792636 -0.325168
vn -0.829120 -0.216084 -0.515623
vn -0.421015 0.893548 -0.155942
vn -0.378570 0.893829 -0.240322
vn -0.318177 0.893289 -0.317488
vn -0.434727 0.791681 -0.429247
vn -0.703620 -0.216261 -0.676868
vn 0.398273 -0.217670 -0.891066
vn 0.263120 0.772586 -0.577823
vn 0.346424 0.776244 -0.526721
vn 0.548885 -0.215288 -0.807698
vn 0.201229 0.876028 -0.438271
vn 0.259410 0.879305 -0.399410
vn 0.337442 0.884422 -0.322384
vn 0.453698 0.780738 -0.429658
vn 0.716456 -0.213151 -0.664273
vn 0.417335 0.883677 -0.212005
vn 0.555375 0.781196 -0.285116
vn 0.458662 0.879591 -0.126288
vn 0.603643 0.778638 -0.171285
vn 0.934236 -0.215445 -0.284229
vn 0.863699 -0.214913 -0.455890
vn 0.001550 0.883015 0.469343
vn -0.131806 0.887159 0.442239
vn -0.171525 0.787302 0.592229
vn 0.000463 0.780039 0.625731
vn -0.208768 0.889584 0.406271
vn -0.276939 0.791165 0.545310
vn -0.433215 -0.224360 0.872919
vn -0.257326 -0.220577 0.940813
vn -0.006698 -0.213586 0.976901
vn -0.930507 -0.215820 0.295936
vn -0.581782 0.791977 0.185207
vn -0.605360 0.793134 0.066918
vn -0.970277 -0.216213 0.108696
vn -0.427490 0.893682 0.136323
vn -0.446588 0.893407 0.048816
vn -0.448957 0.893545 -0.003873
vn -0.604243 0.796784 -0.005142
vn -0.975927 -0.217943 -0.008180
vn 0.474460 0.880249 -0.007050
vn 0.472493 0.879642 0.054595
vn 0.623370 0.778177 0.076490
vn 0.626368 0.779474 -0.009165
vn 0.457192 0.880160 0.127646
vn 0.603288 0.778381 0.173688
vn 0.933013 -0.215411 0.288244
vn 0.966996 -0.217113 0.133348
vn 0.975502 -0.219565 -0.013704
vn 0.354753 0.884133 0.304072
vn 0.287273 0.879971 0.378318
vn 0.383237 0.776645 0.499952
vn 0.473532 0.782951 0.403429
vn 0.215700 0.876219 0.430945
vn 0.282665 0.771606 0.569846
vn 0.426206 -0.217057 0.878200
vn 0.603783 -0.215423 0.767489
vn 0.748581 -0.214203 0.627490
vn -0.061646 -0.981605 -0.180700
vn -0.022704 -0.984490 -0.173966
vn -0.188399 -0.869667 -0.456274
vn -0.093737 -0.874034 -0.476737
vn 0.009016 -0.874045 -0.485762
vn 0.002134 -0.984865 -0.173308
vn -0.038065 -0.999178 -0.013927
vn -0.186147 -0.980339 -0.065454
vn -0.195016 -0.973890 -0.116222
vn -0.040318 -0.998888 -0.024443
vn -0.481528 -0.858018 -0.178704
vn -0.432846 -0.858940 -0.273618
vn -0.363632 -0.861159 -0.355214
vn -0.204813 -0.958029 -0.200578
vn -0.055452 -0.997101 -0.052110
vn 0.070298 -0.980940 -0.181147
vn 0.131834 -0.972168 -0.193673
vn 0.200589 -0.867566 -0.455076
vn 0.284186 -0.867612 -0.408030
vn 0.362314 -0.870412 -0.333333
vn 0.212708 -0.958444 -0.190107
vn 0.433635 -0.869845 -0.235224
vn 0.196311 -0.975028 -0.103838
vn 0.473634 -0.867296 -0.153195
vn 0.175244 -0.982613 -0.061329
vn -0.002831 -0.874965 0.484177
vn -0.118991 -0.874949 0.469366
vn -0.031798 -0.985291 0.167903
vn -0.001969 -0.985945 0.167056
vn -0.211897 -0.870707 0.443813
vn -0.071007 -0.981957 0.175266
vn -0.003353 -0.999450 0.032982
vn 0.004820 -0.999521 0.030571
vn -0.003040 -0.999497 0.031554
vn -0.040324 -0.999111 0.012297
vn -0.194531 -0.979174 0.058110
vn -0.185123 -0.982533 0.018914
vn -0.036990 -0.999307 0.004242
vn -0.489032 -0.858187 0.156085
vn -0.510926 -0.857830 0.055525
vn -0.513633 -0.857998 -0.004462
vn -0.177445 -0.984129 -0.001949
vn -0.035454 -0.999371 -0.000707
vn 0.492936 -0.870034 -0.007408
vn 0.489643 -0.868850 0.073147
vn 0.164907 -0.985884 0.028947
vn 0.161545 -0.986863 -0.002301
vn 0.471934 -0.867926 0.154867
vn 0.176358 -0.982392 0.061669
vn 0.380812 -0.869853 0.313588
vn 0.313851 -0.867844 0.385156
vn 0.143214 -0.973111 0.180400
vn 0.230535 -0.955405 0.184543
vn 0.216172 -0.867922 0.447193
vn 0.073292 -0.982573 0.170817
vn 0.008132 -0.999296 0.036616
vn 0.037201 -0.998477 0.040734
vn 0.076085 -0.995432 0.057678
vn -0.225832 -0.812906 -0.536828
vn -0.115317 -0.816499 -0.565713
vn 0.010753 -0.814751 -0.579711
vn 0.238063 -0.808649 -0.537971
vn 0.334963 -0.808379 -0.484070
vn 0.430726 -0.810329 -0.397294
vn 0.515722 -0.810598 -0.277422
vn 0.559946 -0.809082 -0.178454
vn 0.579345 -0.810599 0.085371
vn 0.583025 -0.812409 -0.008553
vn 0.558949 -0.809267 0.180726
vn 0.369474 -0.808477 0.458099
vn 0.450506 -0.811133 0.372971
vn 0.256382 -0.808343 0.529952
vn -0.144496 -0.817426 0.557616
vn -0.003244 -0.815284 0.579053
vn -0.252802 -0.814259 0.522565
vn -0.572809 -0.799126 0.182452
vn -0.597000 -0.799541 0.065771
vn -0.597809 -0.801622 -0.005109
vn -0.564711 -0.798496 -0.208578
vn -0.507887 -0.800171 -0.319025
vn -0.428344 -0.802164 -0.415998
vn -0.166926 0.916832 -0.362704
vn -0.099702 0.913130 -0.395287
vn 0.013362 0.912597 -0.408641
vn 0.177897 0.907725 -0.379985
vn 0.225309 0.912254 -0.342095
vn 0.284180 0.921490 -0.264760
vn 0.335998 0.927178 -0.165669
vn 0.362867 0.926772 -0.097065
vn 0.378180 0.924744 0.042769
vn 0.388045 0.921624 -0.005526
vn 0.357953 0.928707 0.096812
vn 0.235020 0.922280 0.306863
vn 0.287813 0.926185 0.243607
vn 0.178848 0.920524 0.347346
vn -0.113030 0.924897 0.363029
vn 0.001910 0.924820 0.380400
vn -0.175233 0.927200 0.331050
vn -0.338543 0.934570 0.109398
vn -0.364685 0.930246 0.040580
vn -0.367987 0.929822 -0.004051
vn -0.327578 0.936956 -0.121678
vn -0.292126 0.938178 -0.185699
vn -0.251094 0.935245 -0.249537
vn -0.467016 0.476521 0.744865
vn -0.448218 0.468242 0.761479
vn -0.489170 0.496831 0.716849
vn -0.568613 0.605808 0.556485
vn -0.555527 0.603656 0.571830
vn -0.548891 0.585249 0.596827
vn -0.437547 0.474205 0.763991
vn -0.421375 0.486172 0.765559
vn -0.544517 0.570731 0.614628
vn -0.531595 0.571991 0.624687
vn -0.425916 0.458740 0.779842
vn -0.492025 0.359745 0.792777
vn -0.550646 0.528679 0.645977
vn -0.631175 0.405979 0.660909
vn -0.552673 0.261880 0.791184
vn -0.571921 0.212784 0.792230
vn -0.687875 0.306599 0.657895
vn -0.706751 0.256737 0.659233
vn -0.588684 0.159559 0.792459
vn -0.623519 0.050199 0.780195
vn -0.727491 0.191521 0.658845
vn -0.763722 0.056862 0.643036
vn -0.650695 -0.068010 0.756288
vn -0.656496 -0.125586 0.743802
vn -0.783554 -0.080422 0.616097
vn -0.787099 -0.136174 0.601608
vn -0.648354 -0.204737 0.733294
vn -0.599884 -0.418274 0.682045
vn -0.781621 -0.204208 0.589380
vn -0.729019 -0.409529 0.548469
vn -0.491489 -0.634767 0.596246
vn -0.422728 -0.690914 0.586464
vn -0.610303 -0.623766 0.488309
vn -0.541363 -0.682909 0.490472
vn -0.463947 -0.487291 0.739798
vn -0.518990 0.223423 0.825064
vn -0.613209 -0.490718 0.619008
vn -0.687433 0.187566 0.701609
vn -0.450248 0.628177 0.634563
vn -0.321483 0.854263 0.408514
vn -0.570196 0.601470 0.559563
vn -0.380334 0.852101 0.359541
vn -0.210819 0.941285 0.263701
vn -0.178803 0.955854 0.233180
vn -0.238257 0.946162 0.219116
vn -0.204881 0.961052 0.185479
vn -0.212101 0.934505 0.285857
vn -0.265979 0.892016 0.365462
vn -0.254288 0.939933 0.227737
vn -0.332632 0.894524 0.298635
vn -0.360729 0.791969 0.492605
vn -0.582515 -0.220311 0.782393
vn -0.454485 0.793650 0.404429
vn -0.736100 -0.217550 0.640959
vn -0.351028 -0.807878 0.473406
vn -0.297109 -0.865685 0.402884
vn -0.447797 -0.803965 0.391303
vn -0.380386 -0.862582 0.333555
vn -0.130245 -0.972955 0.190773
vn -0.025424 -0.999006 0.036622
vn -0.220441 -0.956128 0.192939
vn -0.060935 -0.996824 0.051266
vn -0.004907 -0.999988 -0.000145
vn -0.004881 -0.999988 0.000652
vn -0.005150 -0.999986 0.001549
vn -0.023173 -0.999038 -0.037227
vn -0.006743 -0.999951 -0.007247
vn -0.004888 -0.999987 -0.001766
vn -0.277223 -0.864148 -0.419994
vn -0.118814 -0.973454 -0.195629
vn -0.544074 -0.218957 -0.809964
vn -0.327893 -0.806071 -0.492682
vn -0.248250 0.890763 -0.380675
vn -0.336675 0.790230 -0.512042
vn -0.184063 0.946972 -0.263372
vn -0.207568 0.926648 -0.313432
vn -0.338752 0.837631 -0.428510
vn -0.222410 0.930032 -0.292531
vn -0.545621 0.221528 -0.808222
vn -0.467767 0.618391 -0.631496
vn -0.433034 -0.731047 -0.527307
vn -0.491113 -0.519310 -0.699375
vn -0.614873 -0.451030 -0.646918
vn -0.496685 -0.679150 -0.540425
vn -0.671736 -0.124905 -0.730185
vn -0.667013 -0.211597 -0.714367
vn -0.637568 0.050962 -0.768707
vn -0.664593 -0.068515 -0.744058
vn -0.586401 0.216705 -0.780495
vn -0.602770 0.162309 -0.781232
vn -0.496854 0.380597 -0.779924
vn -0.565747 0.270609 -0.778911
vn -0.418590 0.506499 -0.753818
vn -0.421500 0.486092 -0.765541
vn -0.453918 0.473645 -0.754731
vn -0.440828 0.483457 -0.756267
vn -0.495246 0.503011 -0.708315
vn -0.472904 0.482386 -0.737337
vn -0.573741 0.433366 -0.694993
vn -0.523788 0.499744 -0.689857
vn -0.287594 0.807858 -0.514447
vn -0.567406 0.417672 -0.709648
vn 0.016011 0.999690 -0.019053
vn -0.020323 0.992854 -0.117597
vn 0.011929 0.999725 0.020193
vn 0.016982 0.999808 0.009757
vn 0.021128 0.999776 -0.000959
vn -0.641253 0.480144 0.598545
vn -0.566226 0.426993 0.705029
vn -0.559555 0.409542 0.720537
vn -0.665461 0.418533 0.618054
vn -0.278199 0.806951 0.520995
vn -0.546387 0.638273 0.542281
vn -0.517368 0.493281 0.699288
vn -0.591594 0.575004 0.565144
vn 0.222918 -0.093984 0.970296
vn 0.262844 -0.020092 0.964629
vn 0.205063 -0.133667 0.969578
vn 0.306485 0.108321 0.945692
vn 0.326300 0.262450 0.908101
vn 0.308621 0.340100 0.888305
vn 0.282544 0.354403 0.891385
vn 0.269773 0.319709 0.908300
vn 0.271492 0.236599 0.932906
vn 0.277283 0.137566 0.950889
vn 0.285482 0.016212 0.958247
vn 0.283991 -0.130483 0.949907
vn 0.259616 -0.264339 0.928830
vn 0.219483 -0.392464 0.893196
vn 0.170504 -0.547205 0.819448
vn 0.126474 -0.668342 0.733023
vn 0.107921 -0.694094 0.711749
vn 0.136157 -0.477999 0.867743
vn 0.172473 0.356745 0.918143
vn 0.139234 0.731090 0.667923
vn 0.106314 0.880078 0.462775
vn 0.088191 0.938107 0.334928
vn 0.089850 0.946996 0.308425
vn 0.109853 0.922005 0.371266
vn 0.129751 0.876888 0.462852
vn 0.165336 0.773571 0.611761
vn 0.233566 -0.214647 0.948353
vn 0.133820 -0.811402 0.568963
vn 0.110556 -0.870765 0.479109
vn 0.027642 -0.985837 0.165412
vn -0.007018 -0.999417 0.033424
vn -0.017714 -0.999843 -0.000528
vn -0.017255 -0.999849 0.001942
vn -0.016394 -0.999860 0.003227
vn -0.008481 -0.999360 -0.034761
vn -0.016059 -0.999842 -0.007581
vn -0.017753 -0.999837 -0.003199
vn 0.107935 -0.870581 -0.480041
vn 0.027253 -0.984379 -0.173940
vn 0.231487 -0.214668 -0.948858
vn 0.131097 -0.811418 -0.569574
vn 0.130132 0.876635 -0.463224
vn 0.165082 0.773694 -0.611674
vn 0.100786 0.930847 -0.351236
vn 0.117152 0.909154 -0.399643
vn 0.115368 0.868552 -0.481983
vn 0.098883 0.920580 -0.377828
vn 0.254597 0.324273 -0.911058
vn 0.156694 0.749776 -0.642871
vn 0.213618 -0.768755 -0.602812
vn 0.244425 -0.636154 -0.731823
vn 0.243212 -0.533060 -0.810367
vn 0.220827 -0.708585 -0.670181
vn 0.268336 -0.216857 -0.938600
vn 0.258901 -0.327071 -0.908842
vn 0.278079 0.016331 -0.960420
vn 0.278541 -0.122679 -0.952557
vn 0.259273 0.241552 -0.935110
vn 0.268119 0.142824 -0.952740
vn 0.267467 0.335293 -0.903349
vn 0.255157 0.316743 -0.913547
vn 0.316150 0.235919 -0.918908
vn 0.295292 0.309373 -0.903931
vn 0.262844 -0.020092 -0.964629
vn 0.302679 0.099939 -0.947838
vn 0.205063 -0.133667 -0.969578
vn 0.222918 -0.093984 -0.970296
vn 0.236932 -0.144493 -0.960721
vn 0.211890 -0.147320 -0.966126
vn 0.419516 0.569706 -0.706712
vn 0.303762 -0.009851 -0.952697
vn 0.315528 0.948817 -0.013740
vn 0.348849 0.923873 -0.157367
vn 0.315528 0.948817 0.013740
vn 0.314200 0.949335 0.006390
vn 0.312587 0.949889 -0.000000
vn 0.236931 -0.144493 0.960721
vn 0.303762 -0.009851 0.952697
vn 0.419515 0.569706 0.706712
vn 0.211890 -0.147320 0.966126
vn 0.019401 0.999748 -0.011311
vn -0.398705 0.913389 -0.082187
vn 0.141130 0.989991 -0.000108
vn 0.190273 0.981730 -0.001480
vn 0.257872 0.966174 -0.002951
vn 0.314200 0.949335 -0.006390
vn 0.335673 0.941911 -0.011267
vn 0.553998 0.829528 -0.070498
vn 0.929295 0.305553 -0.207481
vn 0.956604 -0.126339 -0.262577
vn 0.965827 -0.027162 -0.257761
vn 0.945282 0.258551 -0.198982
vn -0.177216 0.984053 -0.015299
vn -0.307249 0.950115 -0.053663
vn -0.199085 0.976244 -0.085514
vn 0.031110 0.995620 -0.088169
vn 0.286699 0.953595 -0.091980
vn 0.528435 0.843732 -0.094194
vn 0.700372 0.707323 -0.095777
vn 0.832702 0.545488 -0.095131
vn 0.933574 0.347095 -0.089247
vn 0.983118 0.161440 -0.086118
vn 0.995234 -0.043067 -0.087486
vn 0.957471 -0.274957 -0.087455
vn 0.891110 -0.445802 -0.084758
vn 0.844135 -0.529727 -0.082617
vn 0.831931 -0.548511 -0.083824
vn 0.844595 -0.528034 -0.088542
vn 0.879564 -0.466309 -0.094466
vn 0.920030 -0.379291 -0.098398
vn 0.872299 -0.479175 -0.097396
vn 0.783011 -0.614649 -0.095402
vn 0.694174 -0.713505 -0.095042
vn 0.581335 -0.808150 -0.094567
vn 0.403844 -0.910297 -0.090937
vn 0.203970 -0.975465 -0.082849
vn 0.241611 -0.966605 -0.085429
vn 0.499750 -0.860809 -0.096218
vn 0.543238 -0.833915 -0.097355
vn 0.426102 -0.899792 -0.093869
vn 0.282682 -0.955199 -0.087676
vn 0.235963 -0.968018 -0.085226
vn 0.335828 -0.937596 -0.090189
vn 0.471788 -0.876517 -0.095574
vn 0.507472 -0.856227 -0.096685
vn 0.668254 -0.737216 -0.099746
vn 0.876215 -0.472149 -0.096550
vn 0.905815 -0.413659 -0.091576
vn 0.782481 -0.615920 -0.091469
vn 0.265022 -0.957156 -0.116690
vn -0.405491 -0.902777 -0.143424
vn -0.673213 -0.733620 -0.092662
vn -0.524572 -0.849955 -0.049006
vn 0.846270 -0.458024 -0.272107
vn 0.780494 -0.584594 -0.221537
vn 0.814356 -0.522263 -0.253110
vn 0.770865 -0.602739 -0.206088
vn 0.700998 -0.698534 -0.143706
vn 0.597596 -0.796695 -0.090308
vn 0.625442 -0.775698 -0.084350
vn 0.965756 0.193741 -0.172569
vn 0.577532 0.806927 -0.123796
vn 0.416658 0.904532 -0.090652
vn 0.336414 0.939625 -0.062694
vn 0.322110 0.945459 -0.048497
vn 0.380618 0.923313 -0.051215
vn 0.471417 0.879514 -0.064966
vn 0.621242 0.778457 -0.089793
vn 0.964050 -0.217159 -0.153134
vn 0.577554 -0.810472 -0.097814
vn 0.488505 -0.868509 -0.083992
vn 0.165118 -0.985731 -0.032704
vn 0.037893 -0.999202 -0.012664
vn -0.009891 -0.999945 -0.003616
vn 0.008446 -0.999942 -0.006667
vn -0.017926 -0.999836 -0.002717
vn -0.004579 -0.999989 -0.000734
vn 0.010052 -0.999947 0.002103
vn 0.012935 -0.999913 0.002534
vn -0.004708 -0.999988 -0.000907
vn -0.035724 -0.999345 -0.005773
vn -0.508671 -0.858141 -0.069628
vn -0.180585 -0.983264 -0.024107
vn -0.967101 -0.216174 -0.134106
vn -0.594940 -0.799577 -0.081991
vn -0.444601 0.893647 -0.061034
vn -0.603680 0.792858 -0.083343
vn -0.296455 0.953694 -0.050810
vn -0.355292 0.933403 -0.050266
vn -0.496828 0.857418 -0.134149
vn -0.337432 0.938313 -0.075558
vn -0.927892 0.272910 -0.254040
vn -0.710458 0.674456 -0.200894
vn -0.711540 -0.684256 -0.159699
vn -0.819789 -0.533572 -0.207957
vn -0.744130 -0.642041 -0.184538
vn -0.730892 -0.663383 -0.160370
vn -0.753556 0.575102 -0.318451
vn -0.607028 0.754420 -0.249733
vn -0.468350 0.849621 -0.242471
vn 0.394922 0.570555 0.720072
vn -0.145406 0.987742 0.056778
vn -0.195952 0.057589 0.978921
vn -0.931582 0.326158 0.160552
vn -0.510580 0.255121 -0.821110
vn -0.418383 0.547162 -0.724962
vn -0.534085 0.489392 -0.689383
vn -0.729353 0.561227 -0.391240
vn -0.351244 0.857068 -0.376911
vn -0.957551 -0.145604 -0.248789
vn -0.297008 0.528845 -0.795053
vn -0.589162 0.131672 -0.797214
vn -0.829065 -0.448819 0.333486
vn -0.714662 0.676892 -0.176284
vn -0.801818 0.569915 -0.179681
vn -0.599003 0.780393 -0.179393
vn -0.798534 0.578931 -0.164868
vn -0.020325 0.992610 0.119632
vn -0.440062 0.845701 0.301887
vn 0.121731 0.986839 0.106441
vn 0.194610 0.973239 0.122198
vn 0.273485 0.951940 0.137897
vn 0.348849 0.923872 0.157367
vn 0.425255 0.887282 0.178577
vn 0.646722 0.730513 0.219319
vn 0.923767 0.195372 0.329369
vn 0.879274 -0.198267 0.433091
vn 0.910533 -0.092778 0.402893
vn 0.857316 -0.156548 0.490410
vn 0.191105 0.791340 0.580740
vn -0.232220 0.899017 0.371271
vn -0.186181 0.937338 0.294506
vn 0.035121 0.951911 0.304355
vn 0.278367 0.906913 0.316259
vn 0.505713 0.799528 0.324053
vn 0.666920 0.668758 0.328603
vn 0.791550 0.517319 0.325316
vn 0.890555 0.331481 0.311500
vn 0.939804 0.151456 0.306315
vn 0.949142 -0.046446 0.311404
vn 0.911607 -0.266445 0.313017
vn 0.849790 -0.427349 0.308594
vn 0.805916 -0.506413 0.306670
vn 0.792527 -0.524456 0.311203
vn 0.802416 -0.503079 0.320997
vn 0.837626 -0.433293 0.332627
vn 0.881570 -0.331769 0.335803
vn 0.837968 -0.432265 0.333101
vn 0.748460 -0.574849 0.330690
vn 0.659236 -0.675813 0.329672
vn 0.544599 -0.770911 0.330317
vn 0.361968 -0.874060 0.324035
vn 0.158510 -0.939851 0.302580
vn 0.192313 -0.931516 0.308698
vn 0.465391 -0.820232 0.332613
vn 0.521484 -0.785658 0.332860
vn 0.408654 -0.850543 0.331026
vn 0.261557 -0.910870 0.319223
vn 0.208038 -0.926774 0.312747
vn 0.305010 -0.894907 0.325746
vn 0.442283 -0.830620 0.338313
vn 0.478746 -0.808823 0.341479
vn 0.626488 -0.692316 0.358066
vn 0.821108 -0.452855 0.347426
vn 0.854874 -0.402550 0.327329
vn 0.709680 -0.597990 0.372507
vn 0.153939 -0.806047 0.571482
vn -0.311472 -0.694921 0.648128
vn -0.355056 -0.704507 0.614495
vn 0.396481 -0.689930 0.605641
vn 0.841589 -0.284098 0.459366
vn 0.833087 -0.299431 0.465088
vn 0.811558 -0.376459 0.446825
vn 0.770149 -0.483689 0.415831
vn 0.697446 -0.590694 0.405770
vn 0.591923 -0.713867 0.374194
vn 0.589436 -0.718445 0.369327
vn 0.854023 0.138633 0.501424
vn 0.555906 0.776847 0.295767
vn 0.383210 0.903475 0.192047
vn 0.291397 0.945749 0.143688
vn 0.274023 0.952179 0.135156
vn 0.330514 0.929272 0.164966
vn 0.416546 0.883617 0.213799
vn 0.553102 0.782175 0.286845
vn 0.861733 -0.215437 0.459352
vn 0.513867 -0.811094 0.279404
vn 0.432683 -0.869765 0.237263
vn 0.200229 -0.973911 0.106802
vn 0.053252 -0.998085 0.031458
vn -0.005056 -0.999938 0.009906
vn 0.016534 -0.999765 0.014049
vn -0.014305 -0.999865 0.008058
vn -0.003190 -0.999979 0.005636
vn 0.009409 -0.999949 0.003794
vn 0.012406 -0.999917 0.003458
vn -0.007247 -0.999949 0.007031
vn -0.043664 -0.998775 0.023277
vn -0.445171 -0.859917 0.249731
vn -0.207399 -0.972179 0.108874
vn -0.853318 -0.217035 0.474073
vn -0.522120 -0.801483 0.291575
vn -0.389144 0.894633 0.219541
vn -0.530051 0.794109 0.297384
vn -0.239488 0.960035 0.144839
vn -0.298369 0.939171 0.170099
vn -0.422336 0.856470 0.296802
vn -0.272005 0.945244 0.180351
vn -0.812069 0.231240 0.535791
vn -0.637118 0.632232 0.440866
vn -0.628290 -0.680509 0.377039
vn -0.733191 -0.494683 0.466605
vn -0.795564 -0.418211 0.438381
vn -0.685981 -0.618991 0.382467
vn -0.862610 -0.146467 0.484202
vn -0.852137 -0.212709 0.478139
vn -0.827325 -0.139797 0.544050
vn -0.825145 -0.212165 0.523566
vn -0.856645 0.053348 0.513141
vn -0.866760 -0.089641 0.490604
vn -0.852783 0.015927 0.522022
vn -0.841033 -0.077225 0.535444
vn -0.784615 0.280602 0.552849
vn -0.818990 0.203774 0.536407
vn -0.741139 0.260068 0.618932
vn -0.769720 0.169220 0.615546
vn -0.707475 0.436382 0.555923
vn -0.757916 0.332432 0.561295
vn -0.730344 0.325014 0.600802
vn -0.596959 0.621383 0.507468
vn -0.628164 0.575792 0.523329
vn -0.587635 0.651281 0.480123
vn -0.592227 0.629446 0.503056
vn -0.559021 0.641085 0.525837
vn -0.581151 0.611133 0.537383
vn -0.612704 0.671715 0.416405
vn -0.588507 0.678401 0.439808
vn -0.556356 0.690329 0.462509
vn -0.649388 0.623354 0.435575
vn -0.704518 0.515446 0.487822
vn -0.727626 0.476975 0.493007
vn -0.462000 0.432532 0.774256
vn -0.685628 0.294396 0.665767
vn -0.411685 0.489386 0.768776
vn -0.242328 0.311267 0.918907
vn -0.299605 0.235068 0.924651
vn -0.605295 0.032798 0.795325
vn -0.954435 0.030711 0.296836
vn -0.994036 -0.062896 -0.089085
vn -0.928389 -0.234744 0.288077
vn -0.952898 -0.290686 -0.086530
vn -0.402980 0.587910 0.701405
vn -0.352657 0.817069 0.456104
vn 0.019780 0.721975 0.691636
vn -0.212150 0.415114 0.884688
vn -0.232082 0.962520 0.140331
vn -0.169008 0.985525 -0.013315
vn 0.479566 0.876387 0.044292
vn 0.380386 0.902376 0.202547
vn -0.454448 0.438649 -0.775283
vn -0.411068 0.488882 -0.769426
vn -0.643975 0.317724 -0.695951
vn -0.555148 0.029815 -0.831217
vn -0.285240 0.223878 -0.931943
vn -0.233230 0.300098 -0.924957
vn -0.899741 0.067061 -0.431241
vn -0.874894 -0.221223 -0.430838
vn -0.236039 0.956141 -0.173436
vn -0.362381 0.804237 -0.471044
vn 0.019094 0.719979 -0.693733
vn 0.393292 0.910425 -0.128253
vn -0.404767 0.586256 -0.701760
vn -0.205959 0.399316 -0.893380
vn -0.256970 0.196424 0.946247
vn -0.601444 0.016767 0.798739
vn -0.190888 0.281869 0.940272
vn -0.154891 0.293640 0.943284
vn -0.223081 0.202846 0.953461
vn -0.624113 0.103798 0.774409
vn -0.942272 -0.179020 0.282975
vn -0.974355 -0.207412 -0.087253
vn -0.962950 0.031792 0.267801
vn -0.995474 0.035537 -0.088137
vn -0.154580 0.384948 0.909901
vn 0.169454 0.624784 0.762188
vn 0.269026 0.517806 0.812097
vn -0.123696 0.384466 0.914814
vn 0.703088 0.664417 0.253412
vn 0.815183 0.573820 0.078786
vn 0.937496 0.335199 0.093506
vn 0.856327 0.422172 0.297448
vn -0.247244 0.190090 -0.950124
vn -0.187233 0.277054 -0.942436
vn -0.552824 0.014396 -0.833174
vn -0.574727 0.096160 -0.812676
vn -0.219340 0.202407 -0.954422
vn -0.159692 0.299416 -0.940664
vn -0.888730 -0.170547 -0.425527
vn -0.909949 0.029484 -0.413672
vn 0.730435 0.670951 -0.127632
vn 0.162703 0.625568 -0.763016
vn 0.229228 0.544451 -0.806863
vn 0.882559 0.444519 -0.153270
vn -0.156230 0.374657 -0.913906
vn -0.139403 0.389759 -0.910305
vn -0.168131 0.238031 0.956595
vn -0.620962 0.251758 0.742310
vn -0.102044 0.303609 0.947317
vn -0.042824 0.268853 0.962229
vn -0.120761 0.284479 0.951046
vn -0.593146 0.417336 0.688483
vn -0.927985 0.278883 0.247120
vn -0.951762 0.294270 -0.086918
vn -0.849120 0.478874 0.222882
vn -0.867991 0.489108 -0.085818
vn -0.092673 0.370422 0.924229
vn 0.346185 0.370296 0.861996
vn 0.420744 0.200178 0.884818
vn -0.046676 0.300564 0.952619
vn 0.921897 0.206999 0.327503
vn 0.979314 0.175170 0.101291
vn 0.992208 0.074284 0.100029
vn 0.949423 0.042234 0.311146
vn -0.168816 0.243736 -0.955036
vn -0.112900 0.320605 -0.940461
vn -0.569160 0.238144 -0.786985
vn -0.537106 0.388716 -0.748610
vn -0.118083 0.285259 -0.951149
vn -0.049246 0.282621 -0.957967
vn -0.878322 0.267812 -0.396014
vn -0.805069 0.459403 -0.375251
vn 0.955873 0.248506 -0.156690
vn 0.287596 0.445294 -0.847940
vn 0.394987 0.292600 -0.870845
vn 0.985417 0.113575 -0.126701
vn -0.119746 0.395729 -0.910527
vn -0.065486 0.322737 -0.944220
vn -0.101768 0.286847 0.952556
vn -0.560037 0.516463 0.647784
vn -0.026956 0.218604 0.975441
vn -0.038545 0.173027 0.984163
vn -0.113603 0.236342 0.965006
vn -0.554633 0.476561 0.682109
vn -0.785833 0.581977 0.209209
vn -0.810142 0.579792 -0.086663
vn -0.808764 0.547442 0.214960
vn -0.839750 0.535749 -0.088281
vn 0.002508 0.207242 0.978287
vn 0.504653 0.084918 0.859136
vn 0.596573 0.102184 0.796027
vn 0.051183 0.157484 0.986194
vn 0.967850 -0.003770 0.251501
vn 0.995365 0.048527 0.083034
vn 0.995070 0.072484 0.067691
vn 0.979327 0.056108 0.194349
vn -0.095566 0.281164 -0.954890
vn -0.027026 0.220031 -0.975118
vn -0.503854 0.473984 -0.722129
vn -0.502671 0.435373 -0.746841
vn -0.108713 0.230801 -0.966909
vn -0.037000 0.169380 -0.984856
vn -0.746875 0.556175 -0.364482
vn -0.768655 0.520987 -0.371137
vn 0.992811 0.071877 -0.095705
vn 0.505578 0.172594 -0.845341
vn 0.612987 0.143926 -0.776874
vn 0.994310 0.084400 -0.065002
vn -0.005724 0.219694 -0.975552
vn 0.045423 0.163060 -0.985570
vn -0.133610 0.157072 0.978507
vn -0.595458 0.289087 0.749572
vn -0.039197 0.129481 0.990807
vn -0.025794 0.077189 0.996683
vn -0.134673 0.075383 0.988019
vn -0.621259 0.085076 0.778973
vn -0.916814 0.329485 0.225592
vn -0.946465 0.311374 -0.085149
vn -0.972678 0.060645 0.224096
vn -0.995933 0.045399 -0.077829
vn 0.080444 0.137450 0.987237
vn 0.638233 0.141566 0.756715
vn 0.655076 0.134128 0.743562
vn 0.102677 0.094600 0.990206
vn 0.980486 0.104209 0.166698
vn 0.993297 0.096446 0.063709
vn 0.990654 0.118774 0.067060
vn 0.978942 0.127060 0.159775
vn -0.130527 0.152175 -0.979697
vn -0.038460 0.125674 -0.991326
vn -0.545923 0.266871 -0.794196
vn -0.574625 0.086712 -0.813810
vn -0.132070 0.074131 -0.988465
vn -0.025369 0.074872 -0.996870
vn -0.871498 0.315607 -0.375345
vn -0.929568 0.066819 -0.362546
vn 0.993894 0.101989 -0.042101
vn 0.672452 0.146629 -0.725471
vn 0.700138 0.129417 -0.702181
vn 0.992598 0.118330 -0.027336
vn 0.077866 0.135571 -0.987703
vn 0.103291 0.091495 -0.990434
vn -0.113846 0.007852 0.993467
vn -0.594395 -0.077523 0.800428
vn -0.009357 0.027240 0.999585
vn -0.001839 0.004881 0.999986
vn -0.098407 -0.037713 0.994431
vn -0.546019 -0.241437 0.802229
vn -0.959106 -0.175577 0.222010
vn -0.978226 -0.195198 -0.070514
vn -0.883974 -0.419583 0.206251
vn -0.898185 -0.435715 -0.058445
vn 0.121982 0.051168 0.991213
vn 0.657327 0.142315 0.740046
vn 0.620782 0.240204 0.746278
vn 0.120329 0.052072 0.991368
vn 0.967989 0.190958 0.162887
vn 0.979233 0.190465 0.069472
vn 0.929772 0.362699 0.063029
vn 0.918470 0.356602 0.171022
vn -0.112600 0.009638 -0.993594
vn -0.009187 0.026577 -0.999605
vn -0.554397 -0.059459 -0.830126
vn -0.515098 -0.216667 -0.829295
vn -0.097182 -0.035344 -0.994639
vn -0.001813 0.004816 -0.999987
vn -0.923191 -0.155870 -0.351316
vn -0.860582 -0.398667 -0.316959
vn 0.982430 0.184775 -0.026276
vn 0.706139 0.139738 -0.694147
vn 0.665140 0.245000 -0.705382
vn 0.933547 0.355237 -0.047931
vn 0.124330 0.048902 -0.991035
vn 0.123355 0.051011 -0.991051
vn -0.096657 -0.057761 0.993640
vn -0.521131 -0.339781 0.782925
vn -0.001771 0.003956 0.999991
vn -0.006492 0.012270 0.999904
vn -0.098517 -0.060955 0.993267
vn -0.505961 -0.397835 0.765331
vn -0.815414 -0.547985 0.186582
vn -0.827011 -0.559992 -0.049622
vn -0.760074 -0.627153 0.170193
vn -0.767897 -0.639117 -0.043177
vn 0.103929 0.072896 0.991910
vn 0.550241 0.355870 0.755375
vn 0.503271 0.427287 0.751095
vn 0.093550 0.093875 0.991179
vn 0.826815 0.533788 0.177335
vn 0.837296 0.544363 0.051041
vn 0.766251 0.641063 0.043555
vn 0.754924 0.631013 0.178639
vn -0.095666 -0.056285 -0.993821
vn -0.001762 0.003935 -0.999991
vn -0.497211 -0.319004 -0.806856
vn -0.488110 -0.377102 -0.787111
vn -0.097975 -0.059824 -0.993389
vn -0.006432 0.012161 -0.999905
vn -0.798874 -0.532522 -0.279679
vn -0.750148 -0.611692 -0.251218
vn 0.839478 0.537807 -0.077721
vn 0.582129 0.368860 -0.724616
vn 0.527717 0.441458 -0.725693
vn 0.766027 0.635845 -0.094357
vn 0.105748 0.073052 -0.991706
vn 0.094881 0.093606 -0.991078
vn -0.502016 -0.410010 0.761493
vn -0.114176 -0.045055 0.992438
vn -0.201185 0.099525 0.974484
vn -0.613179 -0.194153 0.765713
vn -0.025230 0.028281 0.999282
vn -0.126727 0.087382 0.988081
vn -0.750439 -0.659070 -0.049686
vn -0.740495 -0.647260 0.180889
vn -0.884920 -0.409784 0.221346
vn -0.903331 -0.423046 -0.070883
vn 0.072453 0.129911 0.988875
vn -0.048425 0.153580 0.986949
vn 0.413085 0.537829 0.734916
vn 0.281336 0.611962 0.739157
vn 0.605880 0.774693 0.180999
vn 0.468796 0.860142 0.200961
vn 0.616342 0.786758 0.033688
vn 0.487396 0.872872 0.023215
vn -0.024683 0.027736 -0.999311
vn -0.113193 -0.042098 -0.992681
vn -0.191887 0.094479 -0.976859
vn -0.122200 0.083889 -0.988954
vn -0.480110 -0.377456 -0.791847
vn -0.571098 -0.174907 -0.802032
vn -0.730270 -0.624618 -0.276691
vn -0.854559 -0.392049 -0.340628
vn 0.617043 0.778136 -0.117310
vn 0.480106 0.864087 -0.151169
vn 0.433646 0.548505 -0.714908
vn 0.305392 0.626946 -0.716711
vn 0.074787 0.128928 -0.988830
vn -0.042400 0.151544 -0.987541
vn -0.102596 -0.051329 0.993398
vn -0.486594 -0.431785 0.759465
vn -0.016572 0.025017 0.999550
vn 0.084996 0.118448 0.989316
vn 0.466675 0.488610 0.737208
vn 0.688808 0.702539 0.178839
vn 0.699772 0.713327 0.038526
vn 0.700470 0.705858 -0.105386
vn 0.489370 0.499520 -0.714841
vn 0.086801 0.117302 -0.989296
vn -0.016258 0.024583 -0.999566
vn -0.102148 -0.049260 -0.993549
vn -0.471012 -0.403643 -0.784360
vn -0.707089 -0.663609 -0.244228
vn -0.717665 -0.695193 -0.040786
vn -0.711735 -0.682949 0.164359
vn -0.804835 -0.590501 -0.059571
vn -0.682641 -0.462525 0.565749
vn -0.895919 -0.310654 0.317528
vn -0.902459 -0.424641 -0.072439
vn -0.038618 0.102422 0.993991
vn -0.511273 0.397483 0.761976
vn -0.910337 0.403401 -0.092490
vn -0.036723 0.099174 -0.994392
vn -0.644457 -0.437726 -0.626954
vn -0.849167 -0.300213 -0.434496
vn -0.492182 0.370128 -0.787884
vn 0.738481 0.671096 0.065389
vn 0.471151 0.478417 -0.741036
vn 0.194785 0.766328 -0.612210
vn 0.413099 0.909872 0.038493
vn 0.170469 0.764257 0.621975
vn 0.442606 0.452266 0.774310
vn -0.694122 -0.496284 0.521438
vn -0.805877 -0.588665 -0.063530
vn -0.037305 0.025697 0.998974
vn -0.654897 -0.468205 -0.593206
vn -0.037930 0.025458 -0.998956
vn 0.498082 0.454399 -0.738537
vn 0.746805 0.662504 0.058060
vn 0.470226 0.428819 0.771364
vn -0.704419 -0.334144 0.626212
vn -0.714694 -0.190661 0.672949
vn -0.971630 0.211612 -0.105626
vn -0.828413 -0.493623 0.264703
vn -0.474419 -0.412604 0.777615
vn -0.621354 -0.708443 -0.334707
vn -0.123500 -0.159249 -0.979483
vn -0.399762 0.599343 -0.693526
vn -0.521058 0.852796 0.035164
vn -0.945974 0.322894 -0.029533
vn -0.838287 -0.540195 -0.073925
vn -0.374463 -0.544689 0.750394
vn -0.235687 -0.968214 0.083747
vn -0.631634 -0.099538 0.768851
vn -0.951010 -0.037096 0.306926
vn -0.998862 0.011895 -0.046182
vn -0.233367 -0.968588 -0.085890
vn 0.129138 -0.988863 -0.073985
vn 0.098898 -0.888724 -0.447649
vn -0.381164 0.579836 0.720072
vn -0.970326 0.235038 0.056783
vn -0.126774 -0.160130 0.978921
vn -0.651261 -0.741674 0.160556
vn -0.427749 -0.377903 -0.821109
vn -0.664018 -0.183056 -0.724963
vn -0.653779 -0.311969 -0.689383
vn -0.793506 -0.466134 -0.391237
vn -0.926239 -0.004754 -0.376908
vn -0.223549 -0.942407 -0.248788
vn -0.601585 -0.077370 -0.795053
vn -0.342707 -0.496996 -0.797212
vn 0.105718 -0.936809 0.333484
vn -0.619394 -0.184821 0.763015
vn -0.688534 -0.444642 0.572900
vn -0.581236 -0.103126 0.807174
vn -0.349991 -0.065334 0.934472
vn -0.358030 -0.147232 0.922029
vn -0.423022 -0.482645 0.766881
vn -0.655576 -0.724480 0.212954
vn -0.627871 -0.777213 -0.041445
vn -0.402175 -0.874246 0.271937
vn -0.367025 -0.927349 -0.072915
vn -0.639669 -0.026059 0.768209
vn -0.826750 0.116675 0.550337
vn -0.684049 0.319993 0.655501
vn -0.416923 0.023381 0.908641
vn -0.944755 -0.197556 0.261552
vn -0.955859 0.200015 0.215241
vn -0.956289 -0.291336 -0.025173
vn -0.979356 0.202017 -0.007135
vn -0.839739 0.542714 0.017351
vn -0.836484 0.513901 0.190264
vn -0.711857 -0.192229 -0.675506
vn -0.669958 -0.119466 -0.732724
vn -0.759260 -0.402193 -0.511629
vn -0.513904 -0.433978 -0.739977
vn -0.438818 -0.154197 -0.885247
vn -0.421231 -0.079661 -0.903448
vn -0.711573 -0.654017 -0.256760
vn -0.471424 -0.796349 -0.378929
vn -0.934305 -0.221795 -0.279071
vn -0.958752 0.182155 -0.218209
vn -0.850540 0.086691 -0.518716
vn -0.709759 0.312351 -0.631410
vn -0.836993 0.524236 -0.156904
vn -0.705999 -0.046872 -0.706660
vn -0.476822 0.009520 -0.878949
vn -0.302199 -0.148758 0.941566
vn -0.298345 -0.525788 0.796578
vn -0.332064 -0.051366 0.941857
vn -0.330315 -0.020535 0.943647
vn -0.282782 -0.127616 0.950657
vn -0.348016 -0.536255 0.768970
vn -0.251245 -0.925928 0.282017
vn -0.231522 -0.969065 -0.085506
vn -0.408266 -0.873264 0.265950
vn -0.423849 -0.901442 -0.088053
vn -0.398752 0.049461 0.915724
vn -0.524123 0.470469 0.709898
vn -0.363930 0.555332 0.747771
vn -0.391822 0.073443 0.917105
vn -0.459258 0.861032 0.218417
vn -0.384595 0.920728 0.065923
vn -0.067325 0.993838 0.088052
vn -0.144651 0.956538 0.253203
vn -0.316188 -0.144980 -0.937553
vn -0.346948 -0.054339 -0.936309
vn -0.307716 -0.479650 -0.821734
vn -0.321503 -0.493562 -0.808104
vn -0.281398 -0.124309 -0.951505
vn -0.338287 -0.022886 -0.940765
vn -0.258257 -0.869539 -0.420957
vn -0.385602 -0.825579 -0.411985
vn -0.448037 0.887881 -0.104552
vn -0.533218 0.478782 -0.697457
vn -0.402140 0.542542 -0.737518
vn -0.154275 0.981881 -0.110040
vn -0.409555 0.041414 -0.911345
vn -0.403862 0.059403 -0.912889
vn -0.280864 -0.061625 0.957767
vn -0.446993 -0.481099 0.754149
vn -0.316540 0.031998 0.948039
vn -0.280859 0.068526 0.957300
vn -0.302279 -0.000040 0.953220
vn -0.539577 -0.413394 0.733459
vn -0.585754 -0.770688 0.250864
vn -0.605403 -0.791120 -0.087268
vn -0.692914 -0.681275 0.236079
vn -0.705186 -0.703649 -0.087122
vn -0.363374 0.093829 0.926907
vn -0.254488 0.559381 0.788878
vn -0.109909 0.576005 0.810024
vn -0.282364 0.103131 0.953748
vn -0.067840 0.955715 0.286370
vn -0.045448 0.995064 0.088215
vn 0.027548 0.996076 0.084105
vn 0.047028 0.958511 0.281150
vn -0.287300 -0.060119 -0.955952
vn -0.336663 0.028421 -0.941196
vn -0.416403 -0.438020 -0.796710
vn -0.497002 -0.370002 -0.784912
vn -0.304237 0.003165 -0.952591
vn -0.295646 0.066907 -0.952952
vn -0.556968 -0.727946 -0.399851
vn -0.658872 -0.643888 -0.388968
vn -0.108043 0.984958 -0.134853
vn -0.338145 0.543189 -0.768507
vn -0.200645 0.592305 -0.780331
vn -0.014043 0.991931 -0.126003
vn -0.396716 0.077878 -0.914632
vn -0.309904 0.095397 -0.945970
vn -0.320666 0.012305 0.947113
vn -0.616716 -0.366998 0.696401
vn -0.236123 0.059146 0.969921
vn -0.192745 0.024575 0.980941
vn -0.282224 -0.025587 0.959007
vn -0.591678 -0.385761 0.707888
vn -0.750909 -0.621862 0.222313
vn -0.752138 -0.653191 -0.087353
vn -0.725542 -0.652256 0.219433
vn -0.720312 -0.688234 -0.086520
vn -0.198930 0.095578 0.975342
vn -0.002126 0.599573 0.800318
vn 0.043134 0.622048 0.781790
vn -0.155813 0.095867 0.983124
vn 0.140060 0.961147 0.237865
vn 0.114082 0.990859 0.071993
vn 0.204153 0.976935 0.062609
vn 0.207181 0.959266 0.192055
vn -0.314129 0.016200 -0.949242
vn -0.237509 0.059547 -0.969559
vn -0.562525 -0.327636 -0.759092
vn -0.539623 -0.350752 -0.765363
vn -0.274054 -0.023075 -0.961437
vn -0.188600 0.025489 -0.981723
vn -0.713497 -0.590278 -0.377483
vn -0.689526 -0.621081 -0.372575
vn 0.082891 0.991316 -0.102090
vn -0.076820 0.629566 -0.773140
vn 0.005168 0.649170 -0.760626
vn 0.182863 0.980513 -0.071807
vn -0.212325 0.091593 -0.972897
vn -0.160704 0.090141 -0.982878
vn -0.200114 -0.074627 0.976926
vn -0.459225 -0.472587 0.752180
vn -0.144857 0.005704 0.989436
vn -0.085101 0.002821 0.996368
vn -0.121627 -0.098214 0.987705
vn -0.311520 -0.544203 0.778973
vn -0.594985 -0.772237 0.222809
vn -0.589089 -0.803825 -0.082703
vn -0.420456 -0.879203 0.224096
vn -0.415026 -0.906474 -0.077829
vn -0.121180 0.110688 0.986440
vn 0.069849 0.640750 0.764566
vn 0.110649 0.651264 0.750741
vn -0.058141 0.124403 0.990527
vn 0.244514 0.955220 0.166635
vn 0.260659 0.963417 0.062329
vn 0.258388 0.963691 0.067341
vn 0.244975 0.956132 0.160620
vn -0.193653 -0.073166 -0.978338
vn -0.140307 0.005168 -0.990095
vn -0.423459 -0.434005 -0.795187
vn -0.295575 -0.500347 -0.813811
vn -0.119420 -0.096184 -0.988174
vn -0.082613 0.002396 -0.996579
vn -0.569165 -0.734882 -0.368781
vn -0.410039 -0.836916 -0.362545
vn 0.252091 0.966669 -0.044725
vn 0.075247 0.671484 -0.737189
vn 0.132703 0.689340 -0.712180
vn 0.259656 0.965275 -0.028690
vn -0.119520 0.106719 -0.987080
vn -0.054684 0.123533 -0.990833
vn -0.050035 -0.102904 0.993432
vn -0.150691 -0.580178 0.800428
vn -0.029089 0.001347 0.999576
vn -0.005214 0.000122 0.999986
vn -0.001880 -0.105370 0.994431
vn 0.019412 -0.596700 0.802229
vn -0.196337 -0.955072 0.222011
vn -0.185305 -0.980148 -0.070514
vn 0.058048 -0.976776 0.206252
vn 0.067685 -0.995993 -0.058445
vn -0.002951 0.131027 0.991374
vn 0.111164 0.660798 0.742286
vn 0.009727 0.665563 0.746279
vn -0.003226 0.131074 0.991367
vn 0.182196 0.969596 0.163369
vn 0.186948 0.979911 0.069462
vn 0.011848 0.997941 0.063030
vn 0.013269 0.985178 0.171024
vn -0.051224 -0.101069 -0.993560
vn -0.028400 0.001259 -0.999596
vn -0.152463 -0.536328 -0.830125
vn 0.008022 -0.558755 -0.829294
vn -0.003618 -0.103346 -0.994639
vn -0.005144 0.000122 -0.999987
vn -0.201163 -0.914391 -0.351316
vn 0.047413 -0.947253 -0.316960
vn 0.193608 0.980699 -0.027315
vn 0.131848 0.704339 -0.697512
vn 0.021890 0.708487 -0.705384
vn 0.020180 0.998647 -0.047933
vn 0.000074 0.132292 -0.991211
vn -0.001109 0.133481 -0.991051
vn 0.017364 -0.111254 0.993640
vn 0.119920 -0.610448 0.782925
vn -0.004331 -0.000161 0.999991
vn -0.013808 -0.001426 0.999904
vn 0.019630 -0.114174 0.993267
vn 0.179431 -0.618122 0.765330
vn 0.202781 -0.961284 0.186582
vn 0.209571 -0.976533 -0.049623
vn 0.296910 -0.939616 0.170192
vn 0.305075 -0.951349 -0.043179
vn -0.028676 0.123664 0.991910
vn -0.123938 0.643466 0.755375
vn -0.207747 0.626655 0.751095
vn -0.052014 0.121896 0.991179
vn -0.185346 0.966540 0.177336
vn -0.191226 0.980218 0.051042
vn -0.307496 0.950552 0.043555
vn -0.302418 0.936286 0.178641
vn 0.016367 -0.109782 -0.993821
vn -0.004308 -0.000160 -0.999991
vn 0.109611 -0.580490 -0.806856
vn 0.166889 -0.593806 -0.787110
vn 0.018784 -0.113249 -0.993389
vn -0.013685 -0.001410 -0.999905
vn 0.194635 -0.940158 -0.279679
vn 0.286292 -0.924622 -0.251220
vn -0.184331 0.979786 -0.077723
vn -0.124042 0.677896 -0.724617
vn -0.211733 0.654627 -0.725694
vn -0.302742 0.948390 -0.094361
vn -0.028139 0.125409 -0.991706
vn -0.051267 0.123029 -0.991078
vn 0.192198 -0.619021 0.761494
vn -0.000977 -0.122740 0.992438
vn -0.167619 -0.149279 0.974484
vn -0.049580 -0.641266 0.765715
vn -0.035670 -0.012804 0.999282
vn -0.128479 -0.084786 0.988081
vn 0.330114 -0.942633 -0.049687
vn 0.322888 -0.928990 0.180888
vn 0.048608 -0.973983 0.221346
vn 0.054009 -0.996021 -0.070883
vn -0.093329 0.115828 0.988875
vn -0.160539 0.012607 0.986949
vn -0.344018 0.584425 0.734915
vn -0.462093 0.490020 0.739155
vn -0.491456 0.851887 0.180996
vn -0.622019 0.756775 0.200958
vn -0.498724 0.866106 0.033687
vn -0.626858 0.778787 0.023216
vn -0.034960 -0.012501 -0.999311
vn -0.003350 -0.120722 -0.992681
vn -0.159458 -0.142548 -0.976859
vn -0.123543 -0.081896 -0.988954
vn 0.170217 -0.586520 -0.791846
vn -0.051668 -0.595040 -0.802033
vn 0.305722 -0.911030 -0.276692
vn 0.043533 -0.939190 -0.340627
vn -0.490467 0.863528 -0.117312
vn -0.621441 0.768738 -0.151169
vn -0.346217 0.607487 -0.714908
vn -0.466976 0.517937 -0.716711
vn -0.091543 0.117624 -0.988830
vn -0.156394 0.017432 -0.987541
vn 0.009177 -0.114352 0.993398
vn 0.218162 -0.612877 0.759465
vn -0.029402 -0.005999 0.999550
vn -0.078003 0.123165 0.989316
vn -0.278312 0.615686 0.737206
vn -0.393497 0.901763 0.178839
vn -0.399397 0.915968 0.038526
vn -0.392209 0.913819 -0.105390
vn -0.279930 0.640814 -0.714841
vn -0.076265 0.124411 -0.989296
vn -0.028882 -0.005870 -0.999566
vn 0.007426 -0.113162 -0.993549
vn 0.197904 -0.587888 -0.784360
vn 0.350557 -0.904135 -0.244231
vn 0.375881 -0.925770 -0.040786
vn 0.366747 -0.915687 0.164359
vn 0.246164 -0.967396 -0.059570
vn 0.173254 -0.806169 0.565751
vn -0.047430 -0.947061 0.317530
vn 0.055815 -0.995810 -0.072440
vn -0.109431 0.002544 0.993991
vn -0.560010 -0.325238 0.761977
vn -0.714931 -0.693051 -0.092492
vn -0.105710 0.003085 -0.994392
vn 0.164558 -0.761476 -0.626957
vn -0.039605 -0.899802 -0.434498
vn -0.527499 -0.317776 -0.787885
vn -0.345742 0.936049 0.065387
vn -0.267185 0.616020 -0.741034
vn -0.637637 0.467568 -0.612209
vn -0.688988 0.723749 0.038493
vn -0.644819 0.444242 0.621978
vn -0.253624 0.579757 0.774310
vn 0.200260 -0.829457 0.521438
vn 0.244073 -0.967674 -0.063530
vn -0.037796 -0.024969 0.998974
vn 0.188912 -0.782571 -0.593208
vn -0.037809 -0.025637 -0.998956
vn -0.234829 0.631997 -0.738535
vn -0.334657 0.940550 0.058060
vn -0.221541 0.596589 0.771364
vn -0.547555 0.028672 0.836278
vn -0.465580 0.189143 0.864558
vn -0.745978 0.658887 0.096873
vn -0.904387 -0.115539 0.410774
vn -0.388658 0.003428 0.921376
vn -0.979479 -0.062694 -0.191545
vn -0.224544 0.006279 -0.974444
vn -0.158652 0.564117 -0.810310
vn -0.213152 0.977008 0.004690
vn -0.753102 0.655705 -0.053739
vn -0.977123 -0.198200 -0.077125
vn -0.458224 -0.156352 0.874977
vn -0.761899 -0.626535 0.164206
vn -0.445628 0.203511 0.871779
vn -0.817280 0.447947 0.362487
vn -0.850027 0.523902 -0.054597
vn -0.751611 -0.654178 -0.084454
vn -0.527959 -0.846164 -0.072564
vn -0.487239 -0.682329 -0.545000
vn -0.155121 0.561337 0.812920
vn -0.730692 0.659768 -0.175487
vn -0.231028 0.009864 0.972897
vn -0.997958 -0.063672 0.005021
vn -0.361104 0.000156 -0.932526
vn -0.438458 0.176442 -0.881262
vn -0.510149 0.025215 -0.859717
vn -0.846584 -0.105498 -0.521695
vn -0.773402 0.455965 -0.440392
vn -0.728616 -0.605702 -0.319757
vn -0.419588 0.202395 -0.884863
vn -0.424718 -0.144370 -0.893740
vn -0.519338 -0.727380 0.448561
vn -0.536191 0.098982 0.838273
vn -0.674635 -0.172898 0.717617
vn -0.528308 0.198471 0.825530
vn -0.357291 0.163520 0.919567
vn -0.364179 0.065284 0.929038
vn -0.549393 -0.267465 0.791599
vn -0.745702 -0.609076 0.270103
vn -0.693089 -0.719344 -0.046591
vn -0.696697 -0.664018 0.271466
vn -0.694618 -0.715814 -0.071526
vn -0.558042 0.284759 0.779424
vn -0.525415 0.546190 0.652392
vn -0.344678 0.576177 0.741091
vn -0.399462 0.265433 0.877483
vn -0.318405 0.910059 0.265349
vn -0.187600 0.982183 0.011084
vn 0.156720 0.986670 0.043837
vn -0.041759 0.964365 0.261258
vn -0.406082 0.039273 -0.912992
vn -0.372695 0.138202 -0.917605
vn -0.608862 -0.231012 -0.758894
vn -0.446362 -0.295782 -0.844556
vn -0.222022 0.006261 -0.975022
vn -0.201161 0.098018 -0.974642
vn -0.731579 -0.596231 -0.330606
vn -0.664125 -0.635920 -0.393121
vn -0.158092 0.959011 -0.235171
vn -0.323953 0.576636 -0.750030
vn -0.088863 0.546396 -0.832799
vn 0.159041 0.966382 -0.202017
vn -0.389021 0.231691 -0.891618
vn -0.214548 0.197013 -0.956637
vn -0.333104 0.067210 0.940492
vn -0.602563 -0.202950 0.771835
vn -0.302248 0.171174 0.937735
vn -0.236527 0.172595 0.956173
vn -0.302905 0.073671 0.950169
vn -0.677731 -0.127271 0.724212
vn -0.839965 -0.469174 0.272644
vn -0.863657 -0.496324 -0.088091
vn -0.933993 -0.258352 0.246801
vn -0.961546 -0.260493 -0.087017
vn -0.344696 0.282843 0.895089
vn -0.261136 0.586077 0.767022
vn -0.049480 0.527681 0.848000
vn -0.245590 0.262232 0.933231
vn 0.245928 0.921201 0.301508
vn 0.498568 0.863003 0.081587
vn 0.648896 0.755527 0.090071
vn 0.520315 0.785155 0.335864
vn -0.284877 0.049196 -0.957301
vn -0.259622 0.151769 -0.953710
vn -0.534679 -0.199754 -0.821107
vn -0.625266 -0.114669 -0.771941
vn -0.298142 0.074767 -0.951589
vn -0.243139 0.175832 -0.953922
vn -0.792051 -0.443987 -0.418964
vn -0.886273 -0.242803 -0.394419
vn 0.316658 0.926060 -0.205282
vn -0.193291 0.562048 -0.804202
vn -0.100061 0.530001 -0.842073
vn 0.516583 0.828576 -0.215880
vn -0.297015 0.257390 -0.919529
vn -0.261333 0.263181 -0.928677
vn -0.263890 0.099895 0.959366
vn -0.724812 -0.056608 0.686617
vn -0.166379 0.166562 0.971893
vn -0.138378 0.153443 0.978421
vn -0.266514 0.139222 0.953723
vn -0.745575 0.006994 0.666386
vn -0.966658 -0.123605 0.224265
vn -0.988597 -0.123554 -0.086081
vn -0.973420 -0.069425 0.218251
vn -0.992634 -0.084125 -0.087187
vn -0.139251 0.205663 0.968665
vn 0.170688 0.389010 0.905283
vn 0.271222 0.316885 0.908858
vn -0.082196 0.154847 0.984513
vn 0.636683 0.679515 0.364546
vn 0.679678 0.728260 0.087608
vn 0.718581 0.690849 0.079802
vn 0.708198 0.612343 0.351412
vn -0.264670 0.104032 -0.958711
vn -0.179532 0.175096 -0.968044
vn -0.667865 -0.044841 -0.742930
vn -0.679849 0.012709 -0.733242
vn -0.259908 0.139796 -0.955461
vn -0.145067 0.158597 -0.976628
vn -0.920205 -0.113603 -0.374590
vn -0.925858 -0.064037 -0.372405
vn 0.621345 0.749601 -0.228100
vn 0.103457 0.428604 -0.897550
vn 0.227104 0.373050 -0.899587
vn 0.687461 0.694792 -0.211334
vn -0.165725 0.217091 -0.961981
vn -0.098954 0.164555 -0.981392
vn -0.295614 0.158506 0.942066
vn -0.736883 0.054732 0.673801
vn -0.163632 0.148119 0.975338
vn -0.197585 0.173148 0.964873
vn -0.303149 0.150897 0.940920
vn -0.681327 0.038277 0.730977
vn -0.971946 -0.066227 0.225686
vn -0.991256 -0.099147 -0.087076
vn -0.960642 -0.128770 0.246140
vn -0.980984 -0.174905 -0.084139
vn -0.072464 0.156629 0.984996
vn 0.320230 0.344892 0.882328
vn 0.315966 0.429914 0.845778
vn -0.096323 0.223725 0.969881
vn 0.748832 0.593721 0.294526
vn 0.756675 0.650440 0.066114
vn 0.794192 0.605009 0.056771
vn 0.766323 0.594399 0.243801
vn -0.282699 0.153361 -0.946870
vn -0.161012 0.145873 -0.976113
vn -0.671604 0.050922 -0.739158
vn -0.628442 0.032057 -0.777195
vn -0.292802 0.143714 -0.945311
vn -0.193082 0.167817 -0.966725
vn -0.923530 -0.064302 -0.378097
vn -0.912435 -0.124669 -0.389770
vn 0.730576 0.660313 -0.173915
vn 0.287604 0.396679 -0.871739
vn 0.298530 0.459419 -0.836549
vn 0.766321 0.627301 -0.138726
vn -0.081498 0.161875 -0.983440
vn -0.101983 0.222294 -0.969631
vn -0.269987 0.126223 0.954555
vn -0.586513 -0.054722 0.808089
vn -0.197828 0.193440 0.960961
vn -0.127589 0.131884 0.983020
vn -0.189162 0.068807 0.979532
vn -0.481890 -0.158513 0.861775
vn -0.915491 -0.294060 0.274600
vn -0.935807 -0.343704 -0.078308
vn -0.836667 -0.462602 0.293237
vn -0.859431 -0.505919 -0.073651
vn -0.108044 0.266285 0.957820
vn 0.301883 0.479186 0.824165
vn 0.341923 0.432592 0.834238
vn -0.042716 0.194449 0.979982
vn 0.766655 0.602737 0.221242
vn 0.809298 0.584617 0.057089
vn 0.787053 0.613647 0.063129
vn 0.752843 0.618779 0.224366
vn -0.262545 0.119968 -0.957433
vn -0.193135 0.186884 -0.963210
vn -0.548301 -0.050894 -0.834731
vn -0.455571 -0.142559 -0.878710
vn -0.184922 0.066285 -0.980515
vn -0.124227 0.127660 -0.984007
vn -0.871208 -0.276599 -0.405573
vn -0.800958 -0.430435 -0.416165
vn 0.787180 0.605776 -0.115685
vn 0.311122 0.487917 -0.815561
vn 0.366619 0.439450 -0.820046
vn 0.777883 0.619141 -0.107531
vn -0.107965 0.259448 -0.959703
vn -0.040595 0.189539 -0.981034
vn -0.093721 -0.006497 0.995577
vn -0.378401 -0.245454 0.892505
vn -0.038772 0.038630 0.998501
vn -0.003823 0.003131 0.999988
vn -0.048628 -0.045567 0.997777
vn -0.303500 -0.319426 0.897694
vn -0.748283 -0.589843 0.303576
vn -0.773197 -0.630193 -0.070883
vn -0.649224 -0.699191 0.299398
vn -0.676644 -0.733295 -0.066575
vn 0.038332 0.098986 0.994350
vn 0.376286 0.382265 0.843968
vn 0.345213 0.398515 0.849714
vn 0.059008 0.073795 0.995526
vn 0.714971 0.658884 0.233854
vn 0.737313 0.672269 0.066516
vn 0.654374 0.753457 0.064009
vn 0.635846 0.732776 0.242362
vn -0.093261 -0.005908 -0.995624
vn -0.037920 0.037697 -0.998570
vn -0.362035 -0.223245 -0.905037
vn -0.291268 -0.296197 -0.909632
vn -0.048771 -0.044202 -0.997831
vn -0.003775 0.003092 -0.999988
vn -0.719958 -0.550371 -0.422791
vn -0.626318 -0.661851 -0.411922
vn 0.736864 0.667166 -0.109184
vn 0.404428 0.396676 -0.824067
vn 0.370090 0.417957 -0.829666
vn 0.653819 0.746633 -0.122718
vn 0.040053 0.097730 -0.994407
vn 0.060676 0.074078 -0.995405
vn -0.041498 -0.056186 0.997558
vn -0.257391 -0.372676 0.891551
vn -0.003451 0.001896 0.999992
vn -0.010988 0.004500 0.999929
vn -0.041966 -0.062801 0.997143
vn -0.203617 -0.434934 0.877139
vn -0.542070 -0.791315 0.282808
vn -0.561464 -0.825433 -0.058476
vn -0.379859 -0.889705 0.253243
vn -0.385043 -0.921807 -0.044869
vn 0.045506 0.078465 0.995878
vn 0.275255 0.433502 0.858086
vn 0.186581 0.470006 0.862718
vn 0.025400 0.086608 0.995919
vn 0.519801 0.815664 0.253967
vn 0.536986 0.841721 0.056150
vn 0.370596 0.927778 0.043438
vn 0.357900 0.894816 0.266856
vn -0.041456 -0.055314 -0.997608
vn -0.003435 0.001888 -0.999992
vn -0.247564 -0.351716 -0.902778
vn -0.199287 -0.413825 -0.888276
vn -0.042092 -0.062188 -0.997177
vn -0.010912 0.004476 -0.999931
vn -0.525483 -0.759065 -0.384302
vn -0.375690 -0.863301 -0.336998
vn 0.533654 0.832350 -0.149693
vn 0.292837 0.453724 -0.841654
vn 0.199029 0.486720 -0.850583
vn 0.368832 0.910595 -0.186496
vn 0.046434 0.079070 -0.995787
vn 0.026169 0.086840 -0.995879
vn -0.132655 -0.476690 0.869005
vn -0.042149 -0.067784 0.996809
vn -0.115040 -0.023501 0.993083
vn -0.251959 -0.421398 0.871172
vn -0.022566 0.005326 0.999731
vn -0.079173 0.007721 0.996831
vn -0.218606 -0.975048 -0.038641
vn -0.218726 -0.945691 0.240474
vn -0.380627 -0.875736 0.297001
vn -0.376724 -0.924591 -0.056665
vn -0.009166 0.086434 0.996215
vn -0.073741 0.064884 0.995164
vn 0.022781 0.487181 0.873004
vn -0.078886 0.506531 0.858606
vn 0.045993 0.959063 0.279434
vn -0.096723 0.952941 0.287311
vn 0.047653 0.998588 0.023471
vn -0.091217 0.995734 0.013911
vn -0.022310 0.005274 -0.999737
vn -0.042546 -0.066484 -0.996880
vn -0.112186 -0.022892 -0.993423
vn -0.077730 0.007463 -0.996947
vn -0.132061 -0.454338 -0.880986
vn -0.240353 -0.399017 -0.884882
vn -0.219977 -0.923380 -0.314609
vn -0.368072 -0.846976 -0.383608
vn 0.051670 0.969517 -0.239515
vn -0.090607 0.962933 -0.254068
vn 0.028217 0.495057 -0.868402
vn -0.071997 0.521504 -0.850206
vn -0.008150 0.086523 -0.996217
vn -0.071394 0.065511 -0.995295
vn -0.044417 -0.068051 0.996693
vn -0.152366 -0.485019 0.861128
vn -0.021407 0.006961 0.999747
vn 0.000968 0.090193 0.995924
vn 0.081810 0.486807 0.869670
vn 0.165027 0.946143 0.278532
vn 0.171782 0.984694 0.029476
vn 0.173239 0.958346 -0.227070
vn 0.090100 0.496710 -0.863227
vn 0.002063 0.090108 -0.995930
vn -0.021148 0.006897 -0.999753
vn -0.044739 -0.066937 -0.996754
vn -0.151849 -0.462419 -0.873562
vn -0.250697 -0.919513 -0.302732
vn -0.249496 -0.967682 -0.036659
vn -0.248590 -0.940611 0.231201
vn -0.439328 -0.896277 -0.060653
vn -0.377264 -0.690668 0.616969
vn -0.686879 -0.680543 0.255067
vn -0.628586 -0.774079 -0.075374
vn -0.134938 0.063663 0.988807
vn -0.761482 0.088773 0.642079
vn -0.992548 -0.079328 -0.092494
vn -0.129846 0.061552 -0.989622
vn -0.355287 -0.652183 -0.669648
vn -0.651833 -0.652985 -0.385649
vn -0.718809 0.075077 -0.691141
vn 0.093397 0.994351 0.050429
vn 0.030357 0.580611 -0.813615
vn -0.363496 0.748590 -0.554513
vn -0.291124 0.956541 0.016598
vn -0.385642 0.745634 0.543424
vn 0.027658 0.557768 0.829536
vn -0.356137 -0.695285 0.624296
vn -0.439568 -0.895915 -0.064151
vn -0.074683 0.021869 0.996968
vn -0.334823 -0.654044 -0.678321
vn -0.074540 0.020860 -0.997000
vn 0.039482 0.510467 -0.858990
vn 0.076808 0.996252 0.039773
vn 0.038396 0.493802 0.868726
s 1
g tetera grupo_tetera
usemtl lambert3SG
f 343/390/1 1477/1553/2 2215/815/3 1480/1557/4
f 1477/1553/2 306/347/5 1478/1554/6 2215/815/3
f 2215/815/3 1478/1554/6 2/3/7 1479/1556/8
f 1480/1557/4 2215/815/3 1479/1556/8 5/7/9
f 381/439/10 1481/1558/11 2216/816/12 1484/1561/13
f 1481/1558/11 344/391/14 1482/1559/15 2216/816/12
f 2216/816/12 1482/1559/15 3/5/16 1483/1560/17
f 1484/1561/13 2216/816/12 1483/1560/17 6/8/18
f 342/389/19 1485/1562/20 2217/817/21 1487/1564/22
f 1485/1562/20 343/390/1 1480/1557/4 2217/817/21
f 2217/817/21 1480/1557/4 5/7/9 1486/1563/23
f 1487/1564/22 2217/817/21 1486/1563/23 8/10/24
f 380/438/25 1488/1565/26 2218/818/27 1490/1567/28
f 1488/1565/26 381/439/10 1484/1561/13 2218/818/27
f 2218/818/27 1484/1561/13 6/8/18 1489/1566/29
f 1490/1567/28 2218/818/27 1489/1566/29 9/11/30
f 341/388/31 1491/1568/32 2219/819/33 1494/1571/34
f 1491/1568/32 440/507/35 1492/1569/36 2219/819/33
f 2219/819/33 1492/1569/36 441/508/37 1493/1570/38
f 1494/1571/34 2219/819/33 1493/1570/38 11/13/39
f 379/437/40 1495/1572/41 2220/820/42 1498/1575/43
f 1495/1572/41 442/509/44 1496/1573/45 2220/820/42
f 2220/820/42 1496/1573/45 443/510/46 1497/1574/47
f 1498/1575/43 2220/820/42 1497/1574/47 12/14/48
f 340/387/49 1499/1576/50 2221/821/51 1502/1579/52
f 1499/1576/50 383/441/53 1500/1577/54 2221/821/51
f 2221/821/51 1500/1577/54 384/442/55 1501/1578/56
f 1502/1579/52 2221/821/51 1501/1578/56 14/16/57
f 378/436/58 1503/1580/59 2222/822/60 1506/1583/61
f 1503/1580/59 385/443/62 1504/1581/63 2222/822/60
f 2222/822/60 1504/1581/63 386/444/64 1505/1582/65
f 1506/1583/61 2222/822/60 1505/1582/65 15/17/66
f 339/386/67 1507/1584/68 2223/823/69 1509/1586/70
f 1507/1584/68 340/387/49 1502/1579/52 2223/823/69
f 2223/823/69 1502/1579/52 14/16/57 1508/1585/71
f 1509/1586/70 2223/823/69 1508/1585/71 17/19/72
f 377/435/73 1510/1587/74 2224/824/75 1512/1589/76
f 1510/1587/74 378/436/58 1506/1583/61 2224/824/75
f 2224/824/75 1506/1583/61 15/17/66 1511/1588/77
f 1512/1589/76 2224/824/75 1511/1588/77 18/20/78
f 338/385/79 1513/1590/80 2225/825/81 1515/1592/82
f 1513/1590/80 339/386/67 1509/1586/70 2225/825/81
f 2225/825/81 1509/1586/70 17/19/72 1514/1591/83
f 1515/1592/82 2225/825/81 1514/1591/83 20/22/84
f 376/434/85 1516/1593/86 2226/826/87 1518/1595/88
f 1516/1593/86 377/435/73 1512/1589/76 2226/826/87
f 2226/826/87 1512/1589/76 18/20/78 1517/1594/89
f 1518/1595/88 2226/826/87 1517/1594/89 21/23/90
f 420/482/91 1519/1596/92 2227/827/93 1522/1599/94
f 1519/1596/92 421/483/95 1520/1597/96 2227/827/93
f 2227/827/93 1520/1597/96 323/368/97 1521/1598/98
f 1522/1599/94 2227/827/93 1521/1598/98 282/315/99
f 418/480/100 1523/1600/101 2228/828/102 1526/1603/103
f 1523/1600/101 419/481/104 1524/1601/105 2228/828/102
f 2228/828/102 1524/1601/105 361/417/106 1525/1602/107
f 1526/1603/103 2228/828/102 1525/1602/107 285/318/108
f 477/548/109 1527/1604/110 2229/829/111 1530/1607/112
f 1527/1604/110 478/549/113 1528/1605/114 2229/829/111
f 2229/829/111 1528/1605/114 322/367/115 1529/1606/116
f 1530/1607/112 2229/829/111 1529/1606/116 283/316/117
f 475/546/118 1531/1608/119 2230/830/120 1534/1611/121
f 1531/1608/119 476/547/122 1532/1609/123 2230/830/120
f 2230/830/120 1532/1609/123 360/416/124 1533/1610/125
f 1534/1611/121 2230/830/120 1533/1610/125 286/319/126
f 104/125/127 1535/1612/128 2231/831/129 1538/1615/130
f 1535/1612/128 103/124/131 1536/1613/132 2231/831/129
f 2231/831/129 1536/1613/132 105/126/133 1537/1614/134
f 1538/1615/130 2231/831/129 1537/1614/134 106/127/135
f 107/128/136 1539/1616/137 2232/832/138 1541/1618/139
f 1539/1616/137 104/125/127 1538/1615/130 2232/832/138
f 2232/832/138 1538/1615/130 106/127/135 1540/1617/140
f 1541/1618/139 2232/832/138 1540/1617/140 108/129/141
f 386/444/64 1542/1619/142 2233/833/143 1505/1582/65
f 1542/1619/142 387/445/144 1543/1620/145 2233/833/143
f 2233/833/143 1543/1620/145 18/20/78 1511/1588/77
f 1505/1582/65 2233/833/143 1511/1588/77 15/17/66
f 443/510/46 1544/1621/146 2234/834/147 1497/1574/47
f 1544/1621/146 444/511/148 1545/1622/149 2234/834/147
f 2234/834/147 1545/1622/149 24/26/150 1546/1623/151
f 1497/1574/47 2234/834/147 1546/1623/151 12/14/48
f 19/21/152 1547/1624/153 2235/835/154 1550/1627/155
f 1547/1624/153 437/504/156 1548/1625/157 2235/835/154
f 2235/835/154 1548/1625/157 438/505/158 1549/1626/159
f 1550/1627/155 2235/835/154 1549/1626/159 16/18/160
f 22/24/161 1551/1628/162 2236/836/163 1554/1631/164
f 1551/1628/162 494/570/165 1552/1629/166 2236/836/163
f 2236/836/163 1552/1629/166 495/571/167 1553/1630/168
f 1554/1631/164 2236/836/163 1553/1630/168 25/27/169
f 16/18/160 1549/1626/159 2237/837/170 1557/1634/171
f 1549/1626/159 438/505/158 1555/1632/172 2237/837/170
f 2237/837/170 1555/1632/172 382/440/173 1556/1633/174
f 1557/1634/171 2237/837/170 1556/1633/174 13/15/175
f 25/27/169 1553/1630/168 2238/838/176 1560/1637/177
f 1553/1630/168 495/571/167 1558/1635/178 2238/838/176
f 2238/838/176 1558/1635/178 439/506/179 1559/1636/180
f 1560/1637/177 2238/838/176 1559/1636/180 10/12/181
f 336/383/182 1561/1638/183 2239/839/184 1564/1641/185
f 1561/1638/183 337/384/186 1562/1639/187 2239/839/184
f 2239/839/184 1562/1639/187 35/38/188 1563/1640/189
f 1564/1641/185 2239/839/184 1563/1640/189 27/29/190
f 435/502/191 1565/1642/192 2240/840/193 1568/1645/194
f 1565/1642/192 436/503/195 1566/1643/196 2240/840/193
f 2240/840/193 1566/1643/196 34/37/197 1567/1644/198
f 1568/1645/194 2240/840/193 1567/1644/198 26/28/199
f 374/432/200 1569/1646/201 2241/841/202 1572/1649/203
f 1569/1646/201 375/433/204 1570/1647/205 2241/841/202
f 2241/841/202 1570/1647/205 36/39/206 1571/1648/207
f 1572/1649/203 2241/841/202 1571/1648/207 29/31/208
f 36/39/206 1573/1650/209 2242/842/210 1571/1648/207
f 1573/1650/209 37/40/211 1574/1651/212 2242/842/210
f 2242/842/210 1574/1651/212 30/32/213 1575/1652/214
f 1571/1648/207 2242/842/210 1575/1652/214 29/31/208
f 39/42/215 1576/1653/216 2243/843/217 1579/1656/218
f 1576/1653/216 307/349/219 1577/1654/220 2243/843/217
f 2243/843/217 1577/1654/220 308/350/221 1578/1655/222
f 1579/1656/218 2243/843/217 1578/1655/222 31/33/223
f 552/628/224 1580/1657/225 2244/844/226 1584/1661/227
f 553/629/228 1581/1658/229 2244/844/226 1580/1657/225
f 570/646/230 1582/1659/231 2244/844/226 1581/1658/229
f 571/647/232 1583/1660/233 2244/844/226 1582/1659/231
f 554/630/234 1584/1661/227 2244/844/226 1583/1660/233
f 37/40/211 1585/1662/235 2245/845/236 1574/1651/212
f 1585/1662/235 38/41/237 1586/1663/238 2245/845/236
f 2245/845/236 1586/1663/238 33/36/239 1587/1664/240
f 1574/1651/212 2245/845/236 1587/1664/240 30/32/213
f 38/41/237 1588/1665/241 2246/846/242 1586/1663/238
f 1588/1665/241 345/392/243 1589/1666/244 2246/846/242
f 2246/846/242 1589/1666/244 346/394/245 1590/1668/246
f 1586/1663/238 2246/846/242 1590/1668/246 33/36/239
f 337/384/186 1591/1669/247 2247/847/248 1562/1639/187
f 1591/1669/247 338/385/79 1515/1592/82 2247/847/248
f 2247/847/248 1515/1592/82 20/22/84 1592/1670/249
f 1562/1639/187 2247/847/248 1592/1670/249 35/38/188
f 375/433/204 1593/1671/250 2248/848/251 1570/1647/205
f 1593/1671/250 376/434/85 1518/1595/88 2248/848/251
f 2248/848/251 1518/1595/88 21/23/90 1594/1672/252
f 1570/1647/205 2248/848/251 1594/1672/252 36/39/206
f 21/23/90 1595/1673/253 2249/849/254 1594/1672/252
f 1595/1673/253 23/25/255 1596/1674/256 2249/849/254
f 2249/849/254 1596/1674/256 37/40/211 1573/1650/209
f 1594/1672/252 2249/849/254 1573/1650/209 36/39/206
f 23/25/255 1597/1675/257 2250/850/258 1596/1674/256
f 1597/1675/257 3/5/16 1598/1676/259 2250/850/258
f 2250/850/258 1598/1676/259 38/41/237 1585/1662/235
f 1596/1674/256 2250/850/258 1585/1662/235 37/40/211
f 3/5/16 1482/1559/15 2251/851/260 1598/1676/259
f 1482/1559/15 344/391/14 1599/1677/261 2251/851/260
f 2251/851/260 1599/1677/261 345/392/243 1588/1665/241
f 1598/1676/259 2251/851/260 1588/1665/241 38/41/237
f 2/4/7 1478/1555/6 2252/852/262 1601/1679/263
f 1478/1555/6 306/348/5 1600/1678/264 2252/852/262
f 2252/852/262 1600/1678/264 307/349/219 1576/1653/216
f 1601/1679/263 2252/852/262 1576/1653/216 39/42/215
f 553/629/228 1602/1681/265 2253/853/266 1581/1658/229
f 555/631/267 1603/1682/268 2253/853/266 1602/1681/265
f 556/632/269 1604/1683/270 2253/853/266 1603/1682/268
f 569/645/271 1605/1684/272 2253/853/266 1604/1683/270
f 570/646/230 1581/1658/229 2253/853/266 1605/1684/272
f 436/503/195 1606/1685/273 2254/854/274 1566/1643/196
f 1606/1685/273 437/504/156 1547/1624/153 2254/854/274
f 2254/854/274 1547/1624/153 19/21/152 1607/1686/275
f 1566/1643/196 2254/854/274 1607/1686/275 34/37/197
f 335/382/276 1608/1687/277 2255/855/278 1610/1689/279
f 1608/1687/277 336/383/182 1564/1641/185 2255/855/278
f 2255/855/278 1564/1641/185 27/29/190 1609/1688/280
f 1610/1689/279 2255/855/278 1609/1688/280 42/47/281
f 434/500/282 1611/1690/283 2256/856/284 1613/1692/285
f 1611/1690/283 435/502/191 1568/1645/194 2256/856/284
f 2256/856/284 1568/1645/194 26/28/199 1612/1691/286
f 1613/1692/285 2256/856/284 1612/1691/286 41/46/287
f 373/431/288 1614/1693/289 2257/857/290 1616/1695/291
f 1614/1693/289 374/432/200 1572/1649/203 2257/857/290
f 2257/857/290 1572/1649/203 29/31/208 1615/1694/292
f 1616/1695/291 2257/857/290 1615/1694/292 44/50/293
f 29/31/208 1575/1652/214 2258/858/294 1615/1694/292
f 1575/1652/214 30/32/213 1617/1696/295 2258/858/294
f 2258/858/294 1617/1696/295 45/51/296 1618/1697/297
f 1615/1694/292 2258/858/294 1618/1697/297 44/50/293
f 31/33/223 1578/1655/222 2259/859/298 1621/1700/299
f 1578/1655/222 308/350/221 1619/1698/300 2259/859/298
f 2259/859/298 1619/1698/300 309/351/301 1620/1699/302
f 1621/1700/299 2259/859/298 1620/1699/302 46/52/303
f 491/566/304 1622/1701/305 2260/860/306 1625/1704/307
f 1622/1701/305 492/568/308 1623/1702/309 2260/860/306
f 2260/860/306 1623/1702/309 28/30/310 1624/1703/311
f 1625/1704/307 2260/860/306 1624/1703/311 43/48/312
f 30/32/213 1587/1664/240 2261/861/313 1617/1696/295
f 1587/1664/240 33/36/239 1626/1706/314 2261/861/313
f 2261/861/313 1626/1706/314 48/55/315 1627/1707/316
f 1617/1696/295 2261/861/313 1627/1707/316 45/51/296
f 33/36/239 1590/1668/246 2262/862/317 1626/1706/314
f 1590/1668/246 346/394/245 1628/1708/318 2262/862/317
f 2262/862/317 1628/1708/318 347/396/319 1629/1710/320
f 1626/1706/314 2262/862/317 1629/1710/320 48/55/315
f 333/380/321 1630/1711/322 2263/863/323 1633/1714/324
f 1630/1711/322 334/381/325 1631/1712/326 2263/863/323
f 2263/863/323 1631/1712/326 58/67/327 1632/1713/328
f 1633/1714/324 2263/863/323 1632/1713/328 50/57/329
f 432/496/330 1634/1715/331 2264/864/332 1637/1719/333
f 1634/1715/331 433/498/334 1635/1717/335 2264/864/332
f 2264/864/332 1635/1717/335 57/66/336 1636/1718/337
f 1637/1719/333 2264/864/332 1636/1718/337 49/56/338
f 371/429/339 1638/1720/340 2265/865/341 1641/1723/342
f 1638/1720/340 372/430/343 1639/1721/344 2265/865/341
f 2265/865/341 1639/1721/344 59/68/345 1640/1722/346
f 1641/1723/342 2265/865/341 1640/1722/346 52/60/347
f 59/68/345 1642/1724/348 2266/866/349 1640/1722/346
f 1642/1724/348 60/69/350 1643/1725/351 2266/866/349
f 2266/866/349 1643/1725/351 53/61/352 1644/1726/353
f 1640/1722/346 2266/866/349 1644/1726/353 52/60/347
f 62/71/354 1645/1727/355 2267/867/356 1648/1730/357
f 1645/1727/355 310/352/358 1646/1728/359 2267/867/356
f 2267/867/356 1646/1728/359 311/353/360 1647/1729/361
f 1648/1730/357 2267/867/356 1647/1729/361 54/62/362
f 60/69/350 1649/1731/363 2268/868/364 1643/1725/351
f 1649/1731/363 61/70/365 1650/1732/366 2268/868/364
f 2268/868/364 1650/1732/366 56/65/367 1651/1733/368
f 1643/1725/351 2268/868/364 1651/1733/368 53/61/352
f 61/70/365 1652/1734/369 2269/869/370 1650/1732/366
f 1652/1734/369 348/398/371 1653/1735/372 2269/869/370
f 2269/869/370 1653/1735/372 349/400/373 1654/1737/374
f 1650/1732/366 2269/869/370 1654/1737/374 56/65/367
f 334/381/325 1655/1738/375 2270/870/376 1631/1712/326
f 1655/1738/375 335/382/276 1610/1689/279 2270/870/376
f 2270/870/376 1610/1689/279 42/47/281 1656/1739/377
f 1631/1712/326 2270/870/376 1656/1739/377 58/67/327
f 372/430/343 1657/1740/378 2271/871/379 1639/1721/344
f 1657/1740/378 373/431/288 1616/1695/291 2271/871/379
f 2271/871/379 1616/1695/291 44/50/293 1658/1741/380
f 1639/1721/344 2271/871/379 1658/1741/380 59/68/345
f 44/50/293 1618/1697/297 2272/872/381 1658/1741/380
f 1618/1697/297 45/51/296 1659/1742/382 2272/872/381
f 2272/872/381 1659/1742/382 60/69/350 1642/1724/348
f 1658/1741/380 2272/872/381 1642/1724/348 59/68/345
f 45/51/296 1627/1707/316 2273/873/383 1659/1742/382
f 1627/1707/316 48/55/315 1660/1743/384 2273/873/383
f 2273/873/383 1660/1743/384 61/70/365 1649/1731/363
f 1659/1742/382 2273/873/383 1649/1731/363 60/69/350
f 48/55/315 1629/1710/320 2274/874/385 1660/1743/384
f 1629/1710/320 347/396/319 1661/1744/386 2274/874/385
f 2274/874/385 1661/1744/386 348/398/371 1652/1734/369
f 1660/1743/384 2274/874/385 1652/1734/369 61/70/365
f 46/52/303 1620/1699/302 2275/875/387 1663/1747/388
f 1620/1699/302 309/351/301 1662/1746/389 2275/875/387
f 2275/875/387 1662/1746/389 310/352/358 1645/1727/355
f 1663/1747/388 2275/875/387 1645/1727/355 62/71/354
f 433/498/334 1664/1748/390 2276/876/391 1635/1717/335
f 1664/1748/390 434/500/282 1613/1692/285 2276/876/391
f 2276/876/391 1613/1692/285 41/46/287 1665/1750/392
f 1635/1717/335 2276/876/391 1665/1750/392 57/66/336
f 331/378/393 1666/1751/394 2277/877/395 1669/1754/396
f 1666/1751/394 332/379/397 1667/1752/398 2277/877/395
f 2277/877/395 1667/1752/398 73/85/399 1668/1753/400
f 1669/1754/396 2277/877/395 1668/1753/400 65/75/401
f 430/494/402 1670/1755/403 2278/878/404 1673/1758/405
f 1670/1755/403 431/495/406 1671/1756/407 2278/878/404
f 2278/878/404 1671/1756/407 72/84/408 1672/1757/409
f 1673/1758/405 2278/878/404 1672/1757/409 64/74/410
f 369/427/411 1674/1759/412 2279/879/413 1677/1762/414
f 1674/1759/412 370/428/415 1675/1760/416 2279/879/413
f 2279/879/413 1675/1760/416 74/86/417 1676/1761/418
f 1677/1762/414 2279/879/413 1676/1761/418 67/77/419
f 74/86/417 1678/1763/420 2280/880/421 1676/1761/418
f 1678/1763/420 409/469/422 1679/1764/423 2280/880/421
f 2280/880/421 1679/1764/423 410/470/424 1680/1765/425
f 1676/1761/418 2280/880/421 1680/1765/425 67/77/419
f 77/89/426 1681/1766/427 2281/881/428 1684/1770/429
f 1681/1766/427 312/354/430 1682/1767/431 2281/881/428
f 2281/881/428 1682/1767/431 313/355/432 1683/1768/433
f 1684/1770/429 2281/881/428 1683/1768/433 69/79/434
f 75/87/435 1685/1771/436 2282/882/437 1688/1774/438
f 1685/1771/436 466/535/439 1686/1772/440 2282/882/437
f 2282/882/437 1686/1772/440 467/536/441 1687/1773/442
f 1688/1774/438 2282/882/437 1687/1773/442 68/78/443
f 76/88/444 1689/1775/445 2283/883/446 1692/1779/447
f 1689/1775/445 350/402/448 1690/1776/449 2283/883/446
f 2283/883/446 1690/1776/449 351/404/450 1691/1778/451
f 1692/1779/447 2283/883/446 1691/1778/451 71/83/452
f 332/379/397 1693/1780/453 2284/884/454 1667/1752/398
f 1693/1780/453 333/380/321 1633/1714/324 2284/884/454
f 2284/884/454 1633/1714/324 50/57/329 1694/1781/455
f 1667/1752/398 2284/884/454 1694/1781/455 73/85/399
f 370/428/415 1695/1782/456 2285/885/457 1675/1760/416
f 1695/1782/456 371/429/339 1641/1723/342 2285/885/457
f 2285/885/457 1641/1723/342 52/60/347 1696/1783/458
f 1675/1760/416 2285/885/457 1696/1783/458 74/86/417
f 56/65/367 1654/1737/374 2286/886/459 1698/1786/460
f 1654/1737/374 349/400/373 1697/1784/461 2286/886/459
f 2286/886/459 1697/1784/461 350/402/448 1689/1775/445
f 1698/1786/460 2286/886/459 1689/1775/445 76/88/444
f 54/62/362 1647/1729/361 2287/887/462 1700/1788/463
f 1647/1729/361 311/353/360 1699/1787/464 2287/887/462
f 2287/887/462 1699/1787/464 312/354/430 1681/1766/427
f 1700/1788/463 2287/887/462 1681/1766/427 77/89/426
f 431/495/406 1701/1789/465 2288/888/466 1671/1756/407
f 1701/1789/465 432/496/330 1637/1719/333 2288/888/466
f 2288/888/466 1637/1719/333 49/56/338 1702/1790/467
f 1671/1756/407 2288/888/466 1702/1790/467 72/84/408
f 330/377/468 1703/1791/469 2289/889/470 1705/1793/471
f 1703/1791/469 331/378/393 1669/1754/396 2289/889/470
f 2289/889/470 1669/1754/396 65/75/401 1704/1792/472
f 1705/1793/471 2289/889/470 1704/1792/472 80/93/473
f 429/493/474 1706/1794/475 2290/890/476 1708/1796/477
f 1706/1794/475 430/494/402 1673/1758/405 2290/890/476
f 2290/890/476 1673/1758/405 64/74/410 1707/1795/478
f 1708/1796/477 2290/890/476 1707/1795/478 79/92/479
f 368/426/480 1709/1797/481 2291/891/482 1711/1799/483
f 1709/1797/481 369/427/411 1677/1762/414 2291/891/482
f 2291/891/482 1677/1762/414 67/77/419 1710/1798/484
f 1711/1799/483 2291/891/482 1710/1798/484 82/95/485
f 67/77/419 1680/1765/425 2292/892/486 1710/1798/484
f 1680/1765/425 410/470/424 1712/1800/487 2292/892/486
f 2292/892/486 1712/1800/487 411/471/488 1713/1801/489
f 1710/1798/484 2292/892/486 1713/1801/489 82/95/485
f 69/80/434 1683/1769/433 2293/893/490 1716/1804/491
f 1683/1769/433 313/356/432 1714/1802/492 2293/893/490
f 2293/893/490 1714/1802/492 314/357/493 1715/1803/494
f 1716/1804/491 2293/893/490 1715/1803/494 84/97/495
f 486/559/496 1717/1805/497 2294/894/498 1720/1808/499
f 1717/1805/497 487/560/500 1718/1806/501 2294/894/498
f 2294/894/498 1718/1806/501 66/76/502 1719/1807/503
f 1720/1808/499 2294/894/498 1719/1807/503 81/94/504
f 68/78/443 1687/1773/442 2295/895/505 1723/1811/506
f 1687/1773/442 467/536/441 1721/1809/507 2295/895/505
f 2295/895/505 1721/1809/507 468/537/508 1722/1810/509
f 1723/1811/506 2295/895/505 1722/1810/509 83/96/510
f 71/83/452 1691/1778/451 2296/896/511 1726/1814/512
f 1691/1778/451 351/404/450 1724/1812/513 2296/896/511
f 2296/896/511 1724/1812/513 352/406/514 1725/1813/515
f 1726/1814/512 2296/896/511 1725/1813/515 86/99/516
f 329/375/517 1727/1815/518 2297/897/519 1729/1817/520
f 1727/1815/518 330/377/468 1705/1793/471 2297/897/519
f 2297/897/519 1705/1793/471 80/93/473 1728/1816/521
f 1729/1817/520 2297/897/519 1728/1816/521 88/102/522
f 428/491/523 1730/1819/524 2298/898/525 1732/1821/526
f 1730/1819/524 429/493/474 1708/1796/477 2298/898/525
f 2298/898/525 1708/1796/477 79/92/479 1731/1820/527
f 1732/1821/526 2298/898/525 1731/1820/527 87/100/528
f 367/424/529 1733/1823/530 2299/899/531 1735/1825/532
f 1733/1823/530 368/426/480 1711/1799/483 2299/899/531
f 2299/899/531 1711/1799/483 82/95/485 1734/1824/533
f 1735/1825/532 2299/899/531 1734/1824/533 90/106/534
f 82/95/485 1713/1801/489 2300/900/535 1734/1824/533
f 1713/1801/489 411/471/488 1736/1827/536 2300/900/535
f 2300/900/535 1736/1827/536 412/472/537 1737/1828/538
f 1734/1824/533 2300/900/535 1737/1828/538 90/106/534
f 84/97/495 1715/1803/494 2301/901/539 1740/1833/540
f 1715/1803/494 314/357/493 1738/1830/541 2301/901/539
f 2301/901/539 1738/1830/541 315/358/542 1739/1831/543
f 1740/1833/540 2301/901/539 1739/1831/543 92/110/544
f 485/557/545 1741/1834/546 2302/902/547 1743/1836/548
f 1741/1834/546 486/559/496 1720/1808/499 2302/902/547
f 2302/902/547 1720/1808/499 81/94/504 1742/1835/549
f 1743/1836/548 2302/902/547 1742/1835/549 89/104/550
f 83/96/510 1722/1810/509 2303/903/551 1746/1841/552
f 1722/1810/509 468/537/508 1744/1838/553 2303/903/551
f 2303/903/551 1744/1838/553 469/538/554 1745/1839/555
f 1746/1841/552 2303/903/551 1745/1839/555 91/108/556
f 86/99/516 1725/1813/515 2304/904/557 1749/1845/558
f 1725/1813/515 352/406/514 1747/1842/559 2304/904/557
f 2304/904/557 1747/1842/559 353/407/560 1748/1843/561
f 1749/1845/558 2304/904/557 1748/1843/561 94/114/562
f 327/373/563 1750/1846/564 2305/905/565 1753/1849/566
f 1750/1846/564 328/374/567 1751/1847/568 2305/905/565
f 2305/905/565 1751/1847/568 266/299/569 1752/1848/570
f 1753/1849/566 2305/905/565 1752/1848/570 96/117/571
f 426/489/572 1754/1850/573 2306/906/574 1757/1853/575
f 1754/1850/573 427/490/576 1755/1851/577 2306/906/574
f 2306/906/574 1755/1851/577 265/298/578 1756/1852/579
f 1757/1853/575 2306/906/574 1756/1852/579 95/116/580
f 365/422/581 1758/1854/582 2307/907/583 1761/1857/584
f 1758/1854/582 366/423/585 1759/1855/586 2307/907/583
f 2307/907/583 1759/1855/586 267/300/587 1760/1856/588
f 1761/1857/584 2307/907/583 1760/1856/588 98/119/589
f 267/300/587 1762/1858/590 2308/908/591 1760/1856/588
f 1762/1858/590 413/474/592 1763/1859/593 2308/908/591
f 2308/908/591 1763/1859/593 414/475/594 1764/1860/595
f 1760/1856/588 2308/908/591 1764/1860/595 98/119/589
f 270/303/596 1765/1861/597 2309/909/598 1768/1864/599
f 1765/1861/597 316/360/600 1766/1862/601 2309/909/598
f 2309/909/598 1766/1862/601 317/361/602 1767/1863/603
f 1768/1864/599 2309/909/598 1767/1863/603 100/121/604
f 483/555/605 1769/1865/606 2310/910/607 1772/1868/608
f 1769/1865/606 484/556/609 1770/1866/610 2310/910/607
f 2310/910/607 1770/1866/610 272/305/611 1771/1867/612
f 1772/1868/608 2310/910/607 1771/1867/612 97/118/613
f 268/301/614 1773/1869/615 2311/911/616 1776/1872/617
f 1773/1869/615 470/540/618 1774/1870/619 2311/911/616
f 2311/911/616 1774/1870/619 471/541/620 1775/1871/621
f 1776/1872/617 2311/911/616 1775/1871/621 99/120/622
f 269/302/623 1777/1873/624 2312/912/625 1780/1876/626
f 1777/1873/624 354/409/627 1778/1874/628 2312/912/625
f 2312/912/625 1778/1874/628 355/410/629 1779/1875/630
f 1780/1876/626 2312/912/625 1779/1875/630 102/123/631
f 114/140/632 1781/1877/633 2313/913/634 1784/1881/635
f 1781/1877/633 109/130/636 1782/1879/637 2313/913/634
f 2313/913/634 1782/1879/637 115/142/638 1783/1880/639
f 1784/1881/635 2313/913/634 1783/1880/639 116/143/640
f 109/130/636 1785/1882/641 2314/914/642 1782/1879/637
f 1785/1882/641 110/132/643 1786/1884/644 2314/914/642
f 2314/914/642 1786/1884/644 119/146/645 1787/1885/646
f 1782/1879/637 2314/914/642 1787/1885/646 115/142/638
f 256/286/647 1788/1886/648 2315/915/649 1791/1889/650
f 1788/1886/648 406/465/651 1789/1887/652 2315/915/649
f 2315/915/649 1789/1887/652 407/466/653 1790/1888/654
f 1791/1889/650 2315/915/649 1790/1888/654 259/289/655
f 113/138/656 1792/1890/657 2316/916/658 1794/1893/659
f 1792/1890/657 114/140/632 1784/1881/635 2316/916/658
f 2316/916/658 1784/1881/635 116/143/640 1793/1892/660
f 1794/1893/659 2316/916/658 1793/1892/660 117/144/661
f 257/287/662 1795/1894/663 2317/917/664 1798/1897/665
f 1795/1894/663 463/531/666 1796/1895/667 2317/917/664
f 2317/917/664 1796/1895/667 464/532/668 1797/1896/669
f 1798/1897/665 2317/917/664 1797/1896/669 258/288/670
f 112/136/671 1799/1898/672 2318/918/673 1801/1901/674
f 1799/1898/672 113/138/656 1794/1893/659 2318/918/673
f 2318/918/673 1794/1893/659 117/144/661 1800/1900/675
f 1801/1901/674 2318/918/673 1800/1900/675 118/145/676
f 21/23/90 1517/1594/89 2319/919/677 1803/1903/678
f 1517/1594/89 18/20/78 1802/1902/679 2319/919/677
f 2319/919/677 1802/1902/679 110/133/643 1785/1883/641
f 1803/1903/678 2319/919/677 1785/1883/641 109/131/636
f 18/20/78 1543/1620/145 2320/920/680 1802/1902/679
f 1543/1620/145 387/445/144 1804/1904/681 2320/920/680
f 2320/920/680 1804/1904/681 388/446/682 1805/1905/683
f 1802/1902/679 2320/920/680 1805/1905/683 110/133/643
f 24/26/150 1545/1622/149 2321/921/684 1808/1910/685
f 1545/1622/149 444/511/148 1806/1907/686 2321/921/684
f 2321/921/684 1806/1907/686 445/512/687 1807/1908/688
f 1808/1910/685 2321/921/684 1807/1908/688 111/134/689
f 6/8/18 1483/1560/17 2322/922/690 1810/1912/691
f 1483/1560/17 3/5/16 1809/1911/692 2322/922/690
f 2322/922/690 1809/1911/692 113/139/656 1799/1899/672
f 1810/1912/691 2322/922/690 1799/1899/672 112/137/671
f 3/5/16 1597/1675/257 2323/923/693 1809/1911/692
f 1597/1675/257 23/25/255 1811/1913/694 2323/923/693
f 2323/923/693 1811/1913/694 114/141/632 1792/1891/657
f 1809/1911/692 2323/923/693 1792/1891/657 113/139/656
f 23/25/255 1595/1673/253 2324/924/695 1811/1913/694
f 1595/1673/253 21/23/90 1803/1903/678 2324/924/695
f 2324/924/695 1803/1903/678 109/131/636 1781/1878/633
f 1811/1913/694 2324/924/695 1781/1878/633 114/141/632
f 116/143/640 1783/1880/639 2325/925/696 1813/1915/697
f 1783/1880/639 115/142/638 1812/1914/698 2325/925/696
f 2325/925/696 1812/1914/698 103/124/131 1535/1612/128
f 1813/1915/697 2325/925/696 1535/1612/128 104/125/127
f 117/144/661 1793/1892/660 2326/926/699 1814/1916/700
f 1793/1892/660 116/143/640 1813/1915/697 2326/926/699
f 2326/926/699 1813/1915/697 104/125/127 1539/1616/137
f 1814/1916/700 2326/926/699 1539/1616/137 107/128/136
f 118/145/676 1800/1900/675 2327/927/701 1815/1917/702
f 1800/1900/675 117/144/661 1814/1916/700 2327/927/701
f 2327/927/701 1814/1916/700 107/128/136 1541/1618/139
f 1815/1917/702 2327/927/701 1541/1618/139 108/129/141
f 258/288/670 1797/1896/669 2328/928/703 1818/1921/704
f 1797/1896/669 464/532/668 1816/1918/705 2328/928/703
f 2328/928/703 1816/1918/705 465/533/706 1817/1919/707
f 1818/1921/704 2328/928/703 1817/1919/707 263/294/708
f 259/289/655 1790/1888/654 2329/929/709 1821/1925/710
f 1790/1888/654 407/466/653 1819/1922/711 2329/929/709
f 2329/929/709 1819/1922/711 408/467/712 1820/1923/713
f 1821/1925/710 2329/929/709 1820/1923/713 264/296/714
f 115/142/638 1787/1885/646 2330/930/715 1812/1914/698
f 1787/1885/646 119/146/645 1822/1926/716 2330/930/715
f 2330/930/715 1822/1926/716 105/126/133 1536/1613/132
f 1812/1914/698 2330/930/715 1536/1613/132 103/124/131
f 110/132/643 1805/1906/683 2331/931/717 1825/1929/718
f 1805/1906/683 388/447/682 1823/1927/719 2331/931/717
f 2331/931/717 1823/1927/719 389/448/720 1824/1928/721
f 1825/1929/718 2331/931/717 1824/1928/721 120/147/722
f 119/146/645 1786/1884/644 2332/932/723 1827/1931/724
f 1786/1884/644 110/132/643 1825/1929/718 2332/932/723
f 2332/932/723 1825/1929/718 120/147/722 1826/1930/725
f 1827/1931/724 2332/932/723 1826/1930/725 122/149/726
f 111/135/689 1807/1909/688 2333/933/727 1830/1934/728
f 1807/1909/688 445/513/687 1828/1932/729 2333/933/727
f 2333/933/727 1828/1932/729 446/514/730 1829/1933/731
f 1830/1934/728 2333/933/727 1829/1933/731 121/148/732
f 112/136/671 1801/1901/674 2334/934/733 1833/1937/734
f 1801/1901/674 118/145/676 1831/1935/735 2334/934/733
f 2334/934/733 1831/1935/735 124/151/736 1832/1936/737
f 1833/1937/734 2334/934/733 1832/1936/737 123/150/738
f 118/145/676 1815/1917/702 2335/935/739 1831/1935/735
f 1815/1917/702 108/129/141 1834/1938/740 2335/935/739
f 2335/935/739 1834/1938/740 125/152/741 1835/1939/742
f 1831/1935/735 2335/935/739 1835/1939/742 124/151/736
f 108/129/141 1540/1617/140 2336/936/743 1834/1938/740
f 1540/1617/140 106/127/135 1836/1940/744 2336/936/743
f 2336/936/743 1836/1940/744 126/153/745 1837/1941/746
f 1834/1938/740 2336/936/743 1837/1941/746 125/152/741
f 106/127/135 1537/1614/134 2337/937/747 1836/1940/744
f 1537/1614/134 105/126/133 1838/1942/748 2337/937/747
f 2337/937/747 1838/1942/748 127/154/749 1839/1943/750
f 1836/1940/744 2337/937/747 1839/1943/750 126/153/745
f 105/126/133 1822/1926/716 2338/938/751 1838/1942/748
f 1822/1926/716 119/146/645 1827/1931/724 2338/938/751
f 2338/938/751 1827/1931/724 122/149/726 1840/1944/752
f 1838/1942/748 2338/938/751 1840/1944/752 127/154/749
f 120/147/722 1824/1928/721 2339/939/753 1843/1947/754
f 1824/1928/721 389/448/720 1841/1945/755 2339/939/753
f 2339/939/753 1841/1945/755 390/449/756 1842/1946/757
f 1843/1947/754 2339/939/753 1842/1946/757 128/155/758
f 122/149/726 1826/1930/725 2340/940/759 1845/1949/760
f 1826/1930/725 120/147/722 1843/1947/754 2340/940/759
f 2340/940/759 1843/1947/754 128/155/758 1844/1948/761
f 1845/1949/760 2340/940/759 1844/1948/761 130/157/762
f 121/148/732 1829/1933/731 2341/941/763 1848/1952/764
f 1829/1933/731 446/514/730 1846/1950/765 2341/941/763
f 2341/941/763 1846/1950/765 447/515/766 1847/1951/767
f 1848/1952/764 2341/941/763 1847/1951/767 129/156/768
f 123/150/738 1832/1936/737 2342/942/769 1851/1955/770
f 1832/1936/737 124/151/736 1849/1953/771 2342/942/769
f 2342/942/769 1849/1953/771 132/159/772 1850/1954/773
f 1851/1955/770 2342/942/769 1850/1954/773 131/158/774
f 124/151/736 1835/1939/742 2343/943/775 1849/1953/771
f 1835/1939/742 125/152/741 1852/1956/776 2343/943/775
f 2343/943/775 1852/1956/776 133/160/777 1853/1957/778
f 1849/1953/771 2343/943/775 1853/1957/778 132/159/772
f 125/152/741 1837/1941/746 2344/944/779 1852/1956/776
f 1837/1941/746 126/153/745 1854/1958/780 2344/944/779
f 2344/944/779 1854/1958/780 134/161/781 1855/1959/782
f 1852/1956/776 2344/944/779 1855/1959/782 133/160/777
f 126/153/745 1839/1943/750 2345/945/783 1854/1958/780
f 1839/1943/750 127/154/749 1856/1960/784 2345/945/783
f 2345/945/783 1856/1960/784 135/162/785 1857/1961/786
f 1854/1958/780 2345/945/783 1857/1961/786 134/161/781
f 127/154/749 1840/1944/752 2346/946/787 1856/1960/784
f 1840/1944/752 122/149/726 1845/1949/760 2346/946/787
f 2346/946/787 1845/1949/760 130/157/762 1858/1962/788
f 1856/1960/784 2346/946/787 1858/1962/788 135/162/785
f 128/155/758 1842/1946/757 2347/947/789 1861/1965/790
f 1842/1946/757 390/449/756 1859/1963/791 2347/947/789
f 2347/947/789 1859/1963/791 391/450/792 1860/1964/793
f 1861/1965/790 2347/947/789 1860/1964/793 136/163/794
f 130/157/762 1844/1948/761 2348/948/795 1863/1967/796
f 1844/1948/761 128/155/758 1861/1965/790 2348/948/795
f 2348/948/795 1861/1965/790 136/163/794 1862/1966/797
f 1863/1967/796 2348/948/795 1862/1966/797 138/165/798
f 129/156/768 1847/1951/767 2349/949/799 1866/1970/800
f 1847/1951/767 447/515/766 1864/1968/801 2349/949/799
f 2349/949/799 1864/1968/801 448/516/802 1865/1969/803
f 1866/1970/800 2349/949/799 1865/1969/803 137/164/804
f 131/158/774 1850/1954/773 2350/950/805 1869/1973/806
f 1850/1954/773 132/159/772 1867/1971/807 2350/950/805
f 2350/950/805 1867/1971/807 140/167/808 1868/1972/809
f 1869/1973/806 2350/950/805 1868/1972/809 139/166/810
f 132/159/772 1853/1957/778 2351/951/811 1867/1971/807
f 1853/1957/778 133/160/777 1870/1974/812 2351/951/811
f 2351/951/811 1870/1974/812 141/168/813 1871/1975/814
f 1867/1971/807 2351/951/811 1871/1975/814 140/167/808
f 133/160/777 1855/1959/782 2352/952/815 1870/1974/812
f 1855/1959/782 134/161/781 1872/1976/816 2352/952/815
f 2352/952/815 1872/1976/816 142/169/817 1873/1977/818
f 1870/1974/812 2352/952/815 1873/1977/818 141/168/813
f 134/161/781 1857/1961/786 2353/953/819 1872/1976/816
f 1857/1961/786 135/162/785 1874/1978/820 2353/953/819
f 2353/953/819 1874/1978/820 143/170/821 1875/1979/822
f 1872/1976/816 2353/953/819 1875/1979/822 142/169/817
f 135/162/785 1858/1962/788 2354/954/823 1874/1978/820
f 1858/1962/788 130/157/762 1863/1967/796 2354/954/823
f 2354/954/823 1863/1967/796 138/165/798 1876/1980/824
f 1874/1978/820 2354/954/823 1876/1980/824 143/170/821
f 136/163/794 1860/1964/793 2355/955/825 1879/1983/826
f 1860/1964/793 391/450/792 1877/1981/827 2355/955/825
f 2355/955/825 1877/1981/827 392/451/828 1878/1982/829
f 1879/1983/826 2355/955/825 1878/1982/829 144/171/830
f 138/165/798 1862/1966/797 2356/956/831 1881/1985/832
f 1862/1966/797 136/163/794 1879/1983/826 2356/956/831
f 2356/956/831 1879/1983/826 144/171/830 1880/1984/833
f 1881/1985/832 2356/956/831 1880/1984/833 146/173/834
f 137/164/804 1865/1969/803 2357/957/835 1884/1988/836
f 1865/1969/803 448/516/802 1882/1986/837 2357/957/835
f 2357/957/835 1882/1986/837 449/517/838 1883/1987/839
f 1884/1988/836 2357/957/835 1883/1987/839 145/172/840
f 139/166/810 1868/1972/809 2358/958/841 1887/1991/842
f 1868/1972/809 140/167/808 1885/1989/843 2358/958/841
f 2358/958/841 1885/1989/843 148/175/844 1886/1990/845
f 1887/1991/842 2358/958/841 1886/1990/845 147/174/846
f 140/167/808 1871/1975/814 2359/959/847 1885/1989/843
f 1871/1975/814 141/168/813 1888/1992/848 2359/959/847
f 2359/959/847 1888/1992/848 149/176/849 1889/1993/850
f 1885/1989/843 2359/959/847 1889/1993/850 148/175/844
f 141/168/813 1873/1977/818 2360/960/851 1888/1992/848
f 1873/1977/818 142/169/817 1890/1994/852 2360/960/851
f 2360/960/851 1890/1994/852 150/177/853 1891/1995/854
f 1888/1992/848 2360/960/851 1891/1995/854 149/176/849
f 142/169/817 1875/1979/822 2361/961/855 1890/1994/852
f 1875/1979/822 143/170/821 1892/1996/856 2361/961/855
f 2361/961/855 1892/1996/856 151/178/857 1893/1997/858
f 1890/1994/852 2361/961/855 1893/1997/858 150/177/853
f 143/170/821 1876/1980/824 2362/962/859 1892/1996/856
f 1876/1980/824 138/165/798 1881/1985/832 2362/962/859
f 2362/962/859 1881/1985/832 146/173/834 1894/1998/860
f 1892/1996/856 2362/962/859 1894/1998/860 151/178/857
f 144/171/830 1878/1982/829 2363/963/861 1897/2001/862
f 1878/1982/829 392/451/828 1895/1999/863 2363/963/861
f 2363/963/861 1895/1999/863 393/452/864 1896/2000/865
f 1897/2001/862 2363/963/861 1896/2000/865 152/179/866
f 146/173/834 1880/1984/833 2364/964/867 1899/2003/868
f 1880/1984/833 144/171/830 1897/2001/862 2364/964/867
f 2364/964/867 1897/2001/862 152/179/866 1898/2002/869
f 1899/2003/868 2364/964/867 1898/2002/869 154/181/870
f 145/172/840 1883/1987/839 2365/965/871 1902/2006/872
f 1883/1987/839 449/517/838 1900/2004/873 2365/965/871
f 2365/965/871 1900/2004/873 450/518/874 1901/2005/875
f 1902/2006/872 2365/965/871 1901/2005/875 153/180/876
f 147/174/846 1886/1990/845 2366/966/877 1905/2009/878
f 1886/1990/845 148/175/844 1903/2007/879 2366/966/877
f 2366/966/877 1903/2007/879 156/183/880 1904/2008/881
f 1905/2009/878 2366/966/877 1904/2008/881 155/182/882
f 148/175/844 1889/1993/850 2367/967/883 1903/2007/879
f 1889/1993/850 149/176/849 1906/2010/884 2367/967/883
f 2367/967/883 1906/2010/884 157/184/885 1907/2011/886
f 1903/2007/879 2367/967/883 1907/2011/886 156/183/880
f 149/176/849 1891/1995/854 2368/968/887 1906/2010/884
f 1891/1995/854 150/177/853 1908/2012/888 2368/968/887
f 2368/968/887 1908/2012/888 158/185/889 1909/2013/890
f 1906/2010/884 2368/968/887 1909/2013/890 157/184/885
f 150/177/853 1893/1997/858 2369/969/891 1908/2012/888
f 1893/1997/858 151/178/857 1910/2014/892 2369/969/891
f 2369/969/891 1910/2014/892 159/186/893 1911/2015/894
f 1908/2012/888 2369/969/891 1911/2015/894 158/185/889
f 151/178/857 1894/1998/860 2370/970/895 1910/2014/892
f 1894/1998/860 146/173/834 1899/2003/868 2370/970/895
f 2370/970/895 1899/2003/868 154/181/870 1912/2016/896
f 1910/2014/892 2370/970/895 1912/2016/896 159/186/893
f 152/179/866 1896/2000/865 2371/971/897 1915/2019/898
f 1896/2000/865 393/452/864 1913/2017/899 2371/971/897
f 2371/971/897 1913/2017/899 394/453/900 1914/2018/901
f 1915/2019/898 2371/971/897 1914/2018/901 160/187/902
f 154/181/870 1898/2002/869 2372/972/903 1917/2021/904
f 1898/2002/869 152/179/866 1915/2019/898 2372/972/903
f 2372/972/903 1915/2019/898 160/187/902 1916/2020/905
f 1917/2021/904 2372/972/903 1916/2020/905 162/189/906
f 153/180/876 1901/2005/875 2373/973/907 1920/2024/908
f 1901/2005/875 450/518/874 1918/2022/909 2373/973/907
f 2373/973/907 1918/2022/909 451/519/910 1919/2023/911
f 1920/2024/908 2373/973/907 1919/2023/911 161/188/912
f 155/182/882 1904/2008/881 2374/974/913 1923/2027/914
f 1904/2008/881 156/183/880 1921/2025/915 2374/974/913
f 2374/974/913 1921/2025/915 164/191/916 1922/2026/917
f 1923/2027/914 2374/974/913 1922/2026/917 163/190/918
f 156/183/880 1907/2011/886 2375/975/919 1921/2025/915
f 1907/2011/886 157/184/885 1924/2028/920 2375/975/919
f 2375/975/919 1924/2028/920 165/192/921 1925/2029/922
f 1921/2025/915 2375/975/919 1925/2029/922 164/191/916
f 157/184/885 1909/2013/890 2376/976/923 1924/2028/920
f 1909/2013/890 158/185/889 1926/2030/924 2376/976/923
f 2376/976/923 1926/2030/924 166/193/925 1927/2031/926
f 1924/2028/920 2376/976/923 1927/2031/926 165/192/921
f 158/185/889 1911/2015/894 2377/977/927 1926/2030/924
f 1911/2015/894 159/186/893 1928/2032/928 2377/977/927
f 2377/977/927 1928/2032/928 167/194/929 1929/2033/930
f 1926/2030/924 2377/977/927 1929/2033/930 166/193/925
f 159/186/893 1912/2016/896 2378/978/931 1928/2032/928
f 1912/2016/896 154/181/870 1917/2021/904 2378/978/931
f 2378/978/931 1917/2021/904 162/189/906 1930/2034/932
f 1928/2032/928 2378/978/931 1930/2034/932 167/194/929
f 160/187/902 1914/2018/901 2379/979/933 1933/2037/934
f 1914/2018/901 394/453/900 1931/2035/935 2379/979/933
f 2379/979/933 1931/2035/935 395/454/936 1932/2036/937
f 1933/2037/934 2379/979/933 1932/2036/937 168/195/938
f 162/189/906 1916/2020/905 2380/980/939 1935/2039/940
f 1916/2020/905 160/187/902 1933/2037/934 2380/980/939
f 2380/980/939 1933/2037/934 168/195/938 1934/2038/941
f 1935/2039/940 2380/980/939 1934/2038/941 170/197/942
f 161/188/912 1919/2023/911 2381/981/943 1938/2042/944
f 1919/2023/911 451/519/910 1936/2040/945 2381/981/943
f 2381/981/943 1936/2040/945 452/520/946 1937/2041/947
f 1938/2042/944 2381/981/943 1937/2041/947 169/196/948
f 163/190/918 1922/2026/917 2382/982/949 1941/2045/950
f 1922/2026/917 164/191/916 1939/2043/951 2382/982/949
f 2382/982/949 1939/2043/951 172/199/952 1940/2044/953
f 1941/2045/950 2382/982/949 1940/2044/953 171/198/954
f 164/191/916 1925/2029/922 2383/983/955 1939/2043/951
f 1925/2029/922 165/192/921 1942/2046/956 2383/983/955
f 2383/983/955 1942/2046/956 173/200/957 1943/2047/958
f 1939/2043/951 2383/983/955 1943/2047/958 172/199/952
f 165/192/921 1927/2031/926 2384/984/959 1942/2046/956
f 1927/2031/926 166/193/925 1944/2048/960 2384/984/959
f 2384/984/959 1944/2048/960 174/201/961 1945/2049/962
f 1942/2046/956 2384/984/959 1945/2049/962 173/200/957
f 166/193/925 1929/2033/930 2385/985/963 1944/2048/960
f 1929/2033/930 167/194/929 1946/2050/964 2385/985/963
f 2385/985/963 1946/2050/964 175/202/965 1947/2051/966
f 1944/2048/960 2385/985/963 1947/2051/966 174/201/961
f 167/194/929 1930/2034/932 2386/986/967 1946/2050/964
f 1930/2034/932 162/189/906 1935/2039/940 2386/986/967
f 2386/986/967 1935/2039/940 170/197/942 1948/2052/968
f 1946/2050/964 2386/986/967 1948/2052/968 175/202/965
f 168/195/938 1932/2036/937 2387/987/969 1951/2055/970
f 1932/2036/937 395/454/936 1949/2053/971 2387/987/969
f 2387/987/969 1949/2053/971 396/455/972 1950/2054/973
f 1951/2055/970 2387/987/969 1950/2054/973 176/203/974
f 170/197/942 1934/2038/941 2388/988/975 1953/2057/976
f 1934/2038/941 168/195/938 1951/2055/970 2388/988/975
f 2388/988/975 1951/2055/970 176/203/974 1952/2056/977
f 1953/2057/976 2388/988/975 1952/2056/977 178/205/978
f 169/196/948 1937/2041/947 2389/989/979 1956/2060/980
f 1937/2041/947 452/520/946 1954/2058/981 2389/989/979
f 2389/989/979 1954/2058/981 453/521/982 1955/2059/983
f 1956/2060/980 2389/989/979 1955/2059/983 177/204/984
f 171/198/954 1940/2044/953 2390/990/985 1959/2063/986
f 1940/2044/953 172/199/952 1957/2061/987 2390/990/985
f 2390/990/985 1957/2061/987 180/207/988 1958/2062/989
f 1959/2063/986 2390/990/985 1958/2062/989 179/206/990
f 172/199/952 1943/2047/958 2391/991/991 1957/2061/987
f 1943/2047/958 173/200/957 1960/2064/992 2391/991/991
f 2391/991/991 1960/2064/992 181/208/993 1961/2065/994
f 1957/2061/987 2391/991/991 1961/2065/994 180/207/988
f 173/200/957 1945/2049/962 2392/992/995 1960/2064/992
f 1945/2049/962 174/201/961 1962/2066/996 2392/992/995
f 2392/992/995 1962/2066/996 182/209/997 1963/2067/998
f 1960/2064/992 2392/992/995 1963/2067/998 181/208/993
f 174/201/961 1947/2051/966 2393/993/999 1962/2066/996
f 1947/2051/966 175/202/965 1964/2068/1000 2393/993/999
f 2393/993/999 1964/2068/1000 183/210/1001 1965/2069/1002
f 1962/2066/996 2393/993/999 1965/2069/1002 182/209/997
f 175/202/965 1948/2052/968 2394/994/1003 1964/2068/1000
f 1948/2052/968 170/197/942 1953/2057/976 2394/994/1003
f 2394/994/1003 1953/2057/976 178/205/978 1966/2070/1004
f 1964/2068/1000 2394/994/1003 1966/2070/1004 183/210/1001
f 176/203/974 1950/2054/973 2395/995/1005 1969/2073/1006
f 1950/2054/973 396/455/972 1967/2071/1007 2395/995/1005
f 2395/995/1005 1967/2071/1007 397/456/1008 1968/2072/1009
f 1969/2073/1006 2395/995/1005 1968/2072/1009 184/211/1010
f 178/205/978 1952/2056/977 2396/996/1011 1971/2075/1012
f 1952/2056/977 176/203/974 1969/2073/1006 2396/996/1011
f 2396/996/1011 1969/2073/1006 184/211/1010 1970/2074/1013
f 1971/2075/1012 2396/996/1011 1970/2074/1013 186/213/1014
f 177/204/984 1955/2059/983 2397/997/1015 1974/2078/1016
f 1955/2059/983 453/521/982 1972/2076/1017 2397/997/1015
f 2397/997/1015 1972/2076/1017 454/522/1018 1973/2077/1019
f 1974/2078/1016 2397/997/1015 1973/2077/1019 185/212/1020
f 179/206/990 1958/2062/989 2398/998/1021 1977/2081/1022
f 1958/2062/989 180/207/988 1975/2079/1023 2398/998/1021
f 2398/998/1021 1975/2079/1023 188/215/1024 1976/2080/1025
f 1977/2081/1022 2398/998/1021 1976/2080/1025 187/214/1026
f 180/207/988 1961/2065/994 2399/999/1027 1975/2079/1023
f 1961/2065/994 181/208/993 1978/2082/1028 2399/999/1027
f 2399/999/1027 1978/2082/1028 189/216/1029 1979/2083/1030
f 1975/2079/1023 2399/999/1027 1979/2083/1030 188/215/1024
f 181/208/993 1963/2067/998 2400/1000/1031 1978/2082/1028
f 1963/2067/998 182/209/997 1980/2084/1032 2400/1000/1031
f 2400/1000/1031 1980/2084/1032 190/217/1033 1981/2085/1034
f 1978/2082/1028 2400/1000/1031 1981/2085/1034 189/216/1029
f 182/209/997 1965/2069/1002 2401/1001/1035 1980/2084/1032
f 1965/2069/1002 183/210/1001 1982/2086/1036 2401/1001/1035
f 2401/1001/1035 1982/2086/1036 191/218/1037 1983/2087/1038
f 1980/2084/1032 2401/1001/1035 1983/2087/1038 190/217/1033
f 183/210/1001 1966/2070/1004 2402/1002/1039 1982/2086/1036
f 1966/2070/1004 178/205/978 1971/2075/1012 2402/1002/1039
f 2402/1002/1039 1971/2075/1012 186/213/1014 1984/2088/1040
f 1982/2086/1036 2402/1002/1039 1984/2088/1040 191/218/1037
f 184/211/1010 1968/2072/1009 2403/1003/1041 1987/2091/1042
f 1968/2072/1009 397/456/1008 1985/2089/1043 2403/1003/1041
f 2403/1003/1041 1985/2089/1043 398/457/1044 1986/2090/1045
f 1987/2091/1042 2403/1003/1041 1986/2090/1045 192/219/1046
f 186/213/1014 1970/2074/1013 2404/1004/1047 1989/2093/1048
f 1970/2074/1013 184/211/1010 1987/2091/1042 2404/1004/1047
f 2404/1004/1047 1987/2091/1042 192/219/1046 1988/2092/1049
f 1989/2093/1048 2404/1004/1047 1988/2092/1049 194/221/1050
f 185/212/1020 1973/2077/1019 2405/1005/1051 1992/2096/1052
f 1973/2077/1019 454/522/1018 1990/2094/1053 2405/1005/1051
f 2405/1005/1051 1990/2094/1053 455/523/1054 1991/2095/1055
f 1992/2096/1052 2405/1005/1051 1991/2095/1055 193/220/1056
f 187/214/1026 1976/2080/1025 2406/1006/1057 1995/2099/1058
f 1976/2080/1025 188/215/1024 1993/2097/1059 2406/1006/1057
f 2406/1006/1057 1993/2097/1059 196/223/1060 1994/2098/1061
f 1995/2099/1058 2406/1006/1057 1994/2098/1061 195/222/1062
f 188/215/1024 1979/2083/1030 2407/1007/1063 1993/2097/1059
f 1979/2083/1030 189/216/1029 1996/2100/1064 2407/1007/1063
f 2407/1007/1063 1996/2100/1064 197/224/1065 1997/2101/1066
f 1993/2097/1059 2407/1007/1063 1997/2101/1066 196/223/1060
f 189/216/1029 1981/2085/1034 2408/1008/1067 1996/2100/1064
f 1981/2085/1034 190/217/1033 1998/2102/1068 2408/1008/1067
f 2408/1008/1067 1998/2102/1068 198/225/1069 1999/2103/1070
f 1996/2100/1064 2408/1008/1067 1999/2103/1070 197/224/1065
f 190/217/1033 1983/2087/1038 2409/1009/1071 1998/2102/1068
f 1983/2087/1038 191/218/1037 2000/2104/1072 2409/1009/1071
f 2409/1009/1071 2000/2104/1072 199/226/1073 2001/2105/1074
f 1998/2102/1068 2409/1009/1071 2001/2105/1074 198/225/1069
f 191/218/1037 1984/2088/1040 2410/1010/1075 2000/2104/1072
f 1984/2088/1040 186/213/1014 1989/2093/1048 2410/1010/1075
f 2410/1010/1075 1989/2093/1048 194/221/1050 2002/2106/1076
f 2000/2104/1072 2410/1010/1075 2002/2106/1076 199/226/1073
f 192/219/1046 1986/2090/1045 2411/1011/1077 2005/2109/1078
f 1986/2090/1045 398/457/1044 2003/2107/1079 2411/1011/1077
f 2411/1011/1077 2003/2107/1079 399/458/1080 2004/2108/1081
f 2005/2109/1078 2411/1011/1077 2004/2108/1081 200/227/1082
f 194/221/1050 1988/2092/1049 2412/1012/1083 2007/2111/1084
f 1988/2092/1049 192/219/1046 2005/2109/1078 2412/1012/1083
f 2412/1012/1083 2005/2109/1078 200/227/1082 2006/2110/1085
f 2007/2111/1084 2412/1012/1083 2006/2110/1085 202/229/1086
f 193/220/1056 1991/2095/1055 2413/1013/1087 2010/2114/1088
f 1991/2095/1055 455/523/1054 2008/2112/1089 2413/1013/1087
f 2413/1013/1087 2008/2112/1089 456/524/1090 2009/2113/1091
f 2010/2114/1088 2413/1013/1087 2009/2113/1091 201/228/1092
f 195/222/1062 1994/2098/1061 2414/1014/1093 2013/2117/1094
f 1994/2098/1061 196/223/1060 2011/2115/1095 2414/1014/1093
f 2414/1014/1093 2011/2115/1095 204/231/1096 2012/2116/1097
f 2013/2117/1094 2414/1014/1093 2012/2116/1097 203/230/1098
f 196/223/1060 1997/2101/1066 2415/1015/1099 2011/2115/1095
f 1997/2101/1066 197/224/1065 2014/2118/1100 2415/1015/1099
f 2415/1015/1099 2014/2118/1100 205/232/1101 2015/2119/1102
f 2011/2115/1095 2415/1015/1099 2015/2119/1102 204/231/1096
f 197/224/1065 1999/2103/1070 2416/1016/1103 2014/2118/1100
f 1999/2103/1070 198/225/1069 2016/2120/1104 2416/1016/1103
f 2416/1016/1103 2016/2120/1104 206/233/1105 2017/2121/1106
f 2014/2118/1100 2416/1016/1103 2017/2121/1106 205/232/1101
f 198/225/1069 2001/2105/1074 2417/1017/1107 2016/2120/1104
f 2001/2105/1074 199/226/1073 2018/2122/1108 2417/1017/1107
f 2417/1017/1107 2018/2122/1108 207/234/1109 2019/2123/1110
f 2016/2120/1104 2417/1017/1107 2019/2123/1110 206/233/1105
f 199/226/1073 2002/2106/1076 2418/1018/1111 2018/2122/1108
f 2002/2106/1076 194/221/1050 2007/2111/1084 2418/1018/1111
f 2418/1018/1111 2007/2111/1084 202/229/1086 2020/2124/1112
f 2018/2122/1108 2418/1018/1111 2020/2124/1112 207/234/1109
f 200/227/1082 2004/2108/1081 2419/1019/1113 2023/2127/1114
f 2004/2108/1081 399/458/1080 2021/2125/1115 2419/1019/1113
f 2419/1019/1113 2021/2125/1115 400/459/1116 2022/2126/1117
f 2023/2127/1114 2419/1019/1113 2022/2126/1117 208/235/1118
f 202/229/1086 2006/2110/1085 2420/1020/1119 2025/2129/1120
f 2006/2110/1085 200/227/1082 2023/2127/1114 2420/1020/1119
f 2420/1020/1119 2023/2127/1114 208/235/1118 2024/2128/1121
f 2025/2129/1120 2420/1020/1119 2024/2128/1121 210/237/1122
f 201/228/1092 2009/2113/1091 2421/1021/1123 2028/2132/1124
f 2009/2113/1091 456/524/1090 2026/2130/1125 2421/1021/1123
f 2421/1021/1123 2026/2130/1125 457/525/1126 2027/2131/1127
f 2028/2132/1124 2421/1021/1123 2027/2131/1127 209/236/1128
f 203/230/1098 2012/2116/1097 2422/1022/1129 2031/2135/1130
f 2012/2116/1097 204/231/1096 2029/2133/1131 2422/1022/1129
f 2422/1022/1129 2029/2133/1131 212/239/1132 2030/2134/1133
f 2031/2135/1130 2422/1022/1129 2030/2134/1133 211/238/1134
f 204/231/1096 2015/2119/1102 2423/1023/1135 2029/2133/1131
f 2015/2119/1102 205/232/1101 2032/2136/1136 2423/1023/1135
f 2423/1023/1135 2032/2136/1136 213/240/1137 2033/2137/1138
f 2029/2133/1131 2423/1023/1135 2033/2137/1138 212/239/1132
f 205/232/1101 2017/2121/1106 2424/1024/1139 2032/2136/1136
f 2017/2121/1106 206/233/1105 2034/2138/1140 2424/1024/1139
f 2424/1024/1139 2034/2138/1140 214/241/1141 2035/2139/1142
f 2032/2136/1136 2424/1024/1139 2035/2139/1142 213/240/1137
f 206/233/1105 2019/2123/1110 2425/1025/1143 2034/2138/1140
f 2019/2123/1110 207/234/1109 2036/2140/1144 2425/1025/1143
f 2425/1025/1143 2036/2140/1144 215/242/1145 2037/2141/1146
f 2034/2138/1140 2425/1025/1143 2037/2141/1146 214/241/1141
f 207/234/1109 2020/2124/1112 2426/1026/1147 2036/2140/1144
f 2020/2124/1112 202/229/1086 2025/2129/1120 2426/1026/1147
f 2426/1026/1147 2025/2129/1120 210/237/1122 2038/2142/1148
f 2036/2140/1144 2426/1026/1147 2038/2142/1148 215/242/1145
f 208/235/1118 2022/2126/1117 2427/1027/1149 2041/2145/1150
f 2022/2126/1117 400/459/1116 2039/2143/1151 2427/1027/1149
f 2427/1027/1149 2039/2143/1151 401/460/1152 2040/2144/1153
f 2041/2145/1150 2427/1027/1149 2040/2144/1153 216/243/1154
f 210/237/1122 2024/2128/1121 2428/1028/1155 2043/2147/1156
f 2024/2128/1121 208/235/1118 2041/2145/1150 2428/1028/1155
f 2428/1028/1155 2041/2145/1150 216/243/1154 2042/2146/1157
f 2043/2147/1156 2428/1028/1155 2042/2146/1157 218/245/1158
f 209/236/1128 2027/2131/1127 2429/1029/1159 2046/2150/1160
f 2027/2131/1127 457/525/1126 2044/2148/1161 2429/1029/1159
f 2429/1029/1159 2044/2148/1161 458/526/1162 2045/2149/1163
f 2046/2150/1160 2429/1029/1159 2045/2149/1163 217/244/1164
f 211/238/1134 2030/2134/1133 2430/1030/1165 2049/2153/1166
f 2030/2134/1133 212/239/1132 2047/2151/1167 2430/1030/1165
f 2430/1030/1165 2047/2151/1167 220/247/1168 2048/2152/1169
f 2049/2153/1166 2430/1030/1165 2048/2152/1169 219/246/1170
f 212/239/1132 2033/2137/1138 2431/1031/1171 2047/2151/1167
f 2033/2137/1138 213/240/1137 2050/2154/1172 2431/1031/1171
f 2431/1031/1171 2050/2154/1172 221/248/1173 2051/2155/1174
f 2047/2151/1167 2431/1031/1171 2051/2155/1174 220/247/1168
f 213/240/1137 2035/2139/1142 2432/1032/1175 2050/2154/1172
f 2035/2139/1142 214/241/1141 2052/2156/1176 2432/1032/1175
f 2432/1032/1175 2052/2156/1176 222/249/1177 2053/2157/1178
f 2050/2154/1172 2432/1032/1175 2053/2157/1178 221/248/1173
f 214/241/1141 2037/2141/1146 2433/1033/1179 2052/2156/1176
f 2037/2141/1146 215/242/1145 2054/2158/1180 2433/1033/1179
f 2433/1033/1179 2054/2158/1180 223/250/1181 2055/2159/1182
f 2052/2156/1176 2433/1033/1179 2055/2159/1182 222/249/1177
f 215/242/1145 2038/2142/1148 2434/1034/1183 2054/2158/1180
f 2038/2142/1148 210/237/1122 2043/2147/1156 2434/1034/1183
f 2434/1034/1183 2043/2147/1156 218/245/1158 2056/2160/1184
f 2054/2158/1180 2434/1034/1183 2056/2160/1184 223/250/1181
f 216/243/1154 2040/2144/1153 2435/1035/1185 2059/2163/1186
f 2040/2144/1153 401/460/1152 2057/2161/1187 2435/1035/1185
f 2435/1035/1185 2057/2161/1187 402/461/1188 2058/2162/1189
f 2059/2163/1186 2435/1035/1185 2058/2162/1189 224/251/1190
f 218/245/1158 2042/2146/1157 2436/1036/1191 2061/2165/1192
f 2042/2146/1157 216/243/1154 2059/2163/1186 2436/1036/1191
f 2436/1036/1191 2059/2163/1186 224/251/1190 2060/2164/1193
f 2061/2165/1192 2436/1036/1191 2060/2164/1193 226/253/1194
f 217/244/1164 2045/2149/1163 2437/1037/1195 2064/2168/1196
f 2045/2149/1163 458/526/1162 2062/2166/1197 2437/1037/1195
f 2437/1037/1195 2062/2166/1197 459/527/1198 2063/2167/1199
f 2064/2168/1196 2437/1037/1195 2063/2167/1199 225/252/1200
f 219/246/1170 2048/2152/1169 2438/1038/1201 2067/2171/1202
f 2048/2152/1169 220/247/1168 2065/2169/1203 2438/1038/1201
f 2438/1038/1201 2065/2169/1203 228/255/1204 2066/2170/1205
f 2067/2171/1202 2438/1038/1201 2066/2170/1205 227/254/1206
f 220/247/1168 2051/2155/1174 2439/1039/1207 2065/2169/1203
f 2051/2155/1174 221/248/1173 2068/2172/1208 2439/1039/1207
f 2439/1039/1207 2068/2172/1208 229/256/1209 2069/2173/1210
f 2065/2169/1203 2439/1039/1207 2069/2173/1210 228/255/1204
f 221/248/1173 2053/2157/1178 2440/1040/1211 2068/2172/1208
f 2053/2157/1178 222/249/1177 2070/2174/1212 2440/1040/1211
f 2440/1040/1211 2070/2174/1212 230/257/1213 2071/2175/1214
f 2068/2172/1208 2440/1040/1211 2071/2175/1214 229/256/1209
f 222/249/1177 2055/2159/1182 2441/1041/1215 2070/2174/1212
f 2055/2159/1182 223/250/1181 2072/2176/1216 2441/1041/1215
f 2441/1041/1215 2072/2176/1216 231/258/1217 2073/2177/1218
f 2070/2174/1212 2441/1041/1215 2073/2177/1218 230/257/1213
f 223/250/1181 2056/2160/1184 2442/1042/1219 2072/2176/1216
f 2056/2160/1184 218/245/1158 2061/2165/1192 2442/1042/1219
f 2442/1042/1219 2061/2165/1192 226/253/1194 2074/2178/1220
f 2072/2176/1216 2442/1042/1219 2074/2178/1220 231/258/1217
f 224/251/1190 2058/2162/1189 2443/1043/1221 2077/2181/1222
f 2058/2162/1189 402/461/1188 2075/2179/1223 2443/1043/1221
f 2443/1043/1221 2075/2179/1223 403/462/1224 2076/2180/1225
f 2077/2181/1222 2443/1043/1221 2076/2180/1225 232/259/1226
f 226/253/1194 2060/2164/1193 2444/1044/1227 2079/2183/1228
f 2060/2164/1193 224/251/1190 2077/2181/1222 2444/1044/1227
f 2444/1044/1227 2077/2181/1222 232/259/1226 2078/2182/1229
f 2079/2183/1228 2444/1044/1227 2078/2182/1229 234/261/1230
f 225/252/1200 2063/2167/1199 2445/1045/1231 2082/2186/1232
f 2063/2167/1199 459/527/1198 2080/2184/1233 2445/1045/1231
f 2445/1045/1231 2080/2184/1233 460/528/1234 2081/2185/1235
f 2082/2186/1232 2445/1045/1231 2081/2185/1235 233/260/1236
f 227/254/1206 2066/2170/1205 2446/1046/1237 2085/2189/1238
f 2066/2170/1205 228/255/1204 2083/2187/1239 2446/1046/1237
f 2446/1046/1237 2083/2187/1239 236/263/1240 2084/2188/1241
f 2085/2189/1238 2446/1046/1237 2084/2188/1241 235/262/1242
f 228/255/1204 2069/2173/1210 2447/1047/1243 2083/2187/1239
f 2069/2173/1210 229/256/1209 2086/2190/1244 2447/1047/1243
f 2447/1047/1243 2086/2190/1244 237/264/1245 2087/2191/1246
f 2083/2187/1239 2447/1047/1243 2087/2191/1246 236/263/1240
f 229/256/1209 2071/2175/1214 2448/1048/1247 2086/2190/1244
f 2071/2175/1214 230/257/1213 2088/2192/1248 2448/1048/1247
f 2448/1048/1247 2088/2192/1248 238/265/1249 2089/2193/1250
f 2086/2190/1244 2448/1048/1247 2089/2193/1250 237/264/1245
f 230/257/1213 2073/2177/1218 2449/1049/1251 2088/2192/1248
f 2073/2177/1218 231/258/1217 2090/2194/1252 2449/1049/1251
f 2449/1049/1251 2090/2194/1252 239/266/1253 2091/2195/1254
f 2088/2192/1248 2449/1049/1251 2091/2195/1254 238/265/1249
f 231/258/1217 2074/2178/1220 2450/1050/1255 2090/2194/1252
f 2074/2178/1220 226/253/1194 2079/2183/1228 2450/1050/1255
f 2450/1050/1255 2079/2183/1228 234/261/1230 2092/2196/1256
f 2090/2194/1252 2450/1050/1255 2092/2196/1256 239/266/1253
f 232/259/1226 2076/2180/1225 2451/1051/1257 2095/2199/1258
f 2076/2180/1225 403/462/1224 2093/2197/1259 2451/1051/1257
f 2451/1051/1257 2093/2197/1259 404/463/1260 2094/2198/1261
f 2095/2199/1258 2451/1051/1257 2094/2198/1261 240/267/1262
f 234/261/1230 2078/2182/1229 2452/1052/1263 2097/2201/1264
f 2078/2182/1229 232/259/1226 2095/2199/1258 2452/1052/1263
f 2452/1052/1263 2095/2199/1258 240/267/1262 2096/2200/1265
f 2097/2201/1264 2452/1052/1263 2096/2200/1265 242/269/1266
f 233/260/1236 2081/2185/1235 2453/1053/1267 2100/2204/1268
f 2081/2185/1235 460/528/1234 2098/2202/1269 2453/1053/1267
f 2453/1053/1267 2098/2202/1269 461/529/1270 2099/2203/1271
f 2100/2204/1268 2453/1053/1267 2099/2203/1271 241/268/1272
f 235/262/1242 2084/2188/1241 2454/1054/1273 2103/2207/1274
f 2084/2188/1241 236/263/1240 2101/2205/1275 2454/1054/1273
f 2454/1054/1273 2101/2205/1275 244/271/1276 2102/2206/1277
f 2103/2207/1274 2454/1054/1273 2102/2206/1277 243/270/1278
f 236/263/1240 2087/2191/1246 2455/1055/1279 2101/2205/1275
f 2087/2191/1246 237/264/1245 2104/2208/1280 2455/1055/1279
f 2455/1055/1279 2104/2208/1280 245/272/1281 2105/2209/1282
f 2101/2205/1275 2455/1055/1279 2105/2209/1282 244/271/1276
f 237/264/1245 2089/2193/1250 2456/1056/1283 2104/2208/1280
f 2089/2193/1250 238/265/1249 2106/2210/1284 2456/1056/1283
f 2456/1056/1283 2106/2210/1284 246/273/1285 2107/2211/1286
f 2104/2208/1280 2456/1056/1283 2107/2211/1286 245/272/1281
f 238/265/1249 2091/2195/1254 2457/1057/1287 2106/2210/1284
f 2091/2195/1254 239/266/1253 2108/2212/1288 2457/1057/1287
f 2457/1057/1287 2108/2212/1288 247/274/1289 2109/2213/1290
f 2106/2210/1284 2457/1057/1287 2109/2213/1290 246/273/1285
f 239/266/1253 2092/2196/1256 2458/1058/1291 2108/2212/1288
f 2092/2196/1256 234/261/1230 2097/2201/1264 2458/1058/1291
f 2458/1058/1291 2097/2201/1264 242/269/1266 2110/2214/1292
f 2108/2212/1288 2458/1058/1291 2110/2214/1292 247/274/1289
f 240/267/1262 2094/2198/1261 2459/1059/1293 2113/2217/1294
f 2094/2198/1261 404/463/1260 2111/2215/1295 2459/1059/1293
f 2459/1059/1293 2111/2215/1295 405/464/1296 2112/2216/1297
f 2113/2217/1294 2459/1059/1293 2112/2216/1297 248/275/1298
f 242/269/1266 2096/2200/1265 2460/1060/1299 2115/2219/1300
f 2096/2200/1265 240/267/1262 2113/2217/1294 2460/1060/1299
f 2460/1060/1299 2113/2217/1294 248/275/1298 2114/2218/1301
f 2115/2219/1300 2460/1060/1299 2114/2218/1301 250/277/1302
f 241/268/1272 2099/2203/1271 2461/1061/1303 2118/2222/1304
f 2099/2203/1271 461/529/1270 2116/2220/1305 2461/1061/1303
f 2461/1061/1303 2116/2220/1305 462/530/1306 2117/2221/1307
f 2118/2222/1304 2461/1061/1303 2117/2221/1307 249/276/1308
f 243/270/1278 2102/2206/1277 2462/1062/1309 2121/2225/1310
f 2102/2206/1277 244/271/1276 2119/2223/1311 2462/1062/1309
f 2462/1062/1309 2119/2223/1311 252/279/1312 2120/2224/1313
f 2121/2225/1310 2462/1062/1309 2120/2224/1313 251/278/1314
f 244/271/1276 2105/2209/1282 2463/1063/1315 2119/2223/1311
f 2105/2209/1282 245/272/1281 2122/2226/1316 2463/1063/1315
f 2463/1063/1315 2122/2226/1316 253/280/1317 2123/2227/1318
f 2119/2223/1311 2463/1063/1315 2123/2227/1318 252/279/1312
f 245/272/1281 2107/2211/1286 2464/1064/1319 2122/2226/1316
f 2107/2211/1286 246/273/1285 2124/2228/1320 2464/1064/1319
f 2464/1064/1319 2124/2228/1320 254/282/1321 2125/2229/1322
f 2122/2226/1316 2464/1064/1319 2125/2229/1322 253/280/1317
f 246/273/1285 2109/2213/1290 2465/1065/1323 2124/2228/1320
f 2109/2213/1290 247/274/1289 2126/2231/1324 2465/1065/1323
f 2465/1065/1323 2126/2231/1324 255/284/1325 2127/2232/1326
f 2124/2228/1320 2465/1065/1323 2127/2232/1326 254/282/1321
f 247/274/1289 2110/2214/1292 2466/1066/1327 2126/2231/1324
f 2110/2214/1292 242/269/1266 2115/2219/1300 2466/1066/1327
f 2466/1066/1327 2115/2219/1300 250/277/1302 2128/2234/1328
f 2126/2231/1324 2466/1066/1327 2128/2234/1328 255/284/1325
f 248/275/1298 2112/2216/1297 2467/1067/1329 2130/2236/1330
f 2112/2216/1297 405/464/1296 2129/2235/1331 2467/1067/1329
f 2467/1067/1329 2129/2235/1331 406/465/651 1788/1886/648
f 2130/2236/1330 2467/1067/1329 1788/1886/648 256/286/647
f 250/277/1302 2114/2218/1301 2468/1068/1332 2131/2237/1333
f 2114/2218/1301 248/275/1298 2130/2236/1330 2468/1068/1332
f 2468/1068/1332 2130/2236/1330 256/286/647 1791/1889/650
f 2131/2237/1333 2468/1068/1332 1791/1889/650 259/289/655
f 249/276/1308 2117/2221/1307 2469/1069/1334 2133/2239/1335
f 2117/2221/1307 462/530/1306 2132/2238/1336 2469/1069/1334
f 2469/1069/1334 2132/2238/1336 463/531/666 1795/1894/663
f 2133/2239/1335 2469/1069/1334 1795/1894/663 257/287/662
f 251/278/1314 2120/2224/1313 2470/1070/1337 2136/2242/1338
f 2120/2224/1313 252/279/1312 2134/2240/1339 2470/1070/1337
f 2470/1070/1337 2134/2240/1339 261/291/1340 2135/2241/1341
f 2136/2242/1338 2470/1070/1337 2135/2241/1341 260/290/1342
f 252/279/1312 2123/2227/1318 2471/1071/1343 2134/2240/1339
f 2123/2227/1318 253/280/1317 2137/2243/1344 2471/1071/1343
f 2471/1071/1343 2137/2243/1344 262/292/1345 2138/2245/1346
f 2134/2240/1339 2471/1071/1343 2138/2245/1346 261/291/1340
f 255/284/1325 2128/2234/1328 2472/1072/1347 2139/2246/1348
f 2128/2234/1328 250/277/1302 2131/2237/1333 2472/1072/1347
f 2472/1072/1347 2131/2237/1333 259/289/655 1821/1925/710
f 2139/2246/1348 2472/1072/1347 1821/1925/710 264/296/714
f 328/374/567 2140/2248/1349 2473/1073/1350 1751/1847/568
f 2140/2248/1349 329/376/517 1729/1818/520 2473/1073/1350
f 2473/1073/1350 1729/1818/520 88/103/522 2141/2249/1351
f 1751/1847/568 2473/1073/1350 2141/2249/1351 266/299/569
f 366/423/585 2142/2250/1352 2474/1074/1353 1759/1855/586
f 2142/2250/1352 367/425/529 1735/1826/532 2474/1074/1353
f 2474/1074/1353 1735/1826/532 90/107/534 2143/2251/1354
f 1759/1855/586 2474/1074/1353 2143/2251/1354 267/300/587
f 90/107/534 1737/1829/538 2475/1075/1355 2143/2251/1354
f 1737/1829/538 412/473/537 2144/2252/1356 2475/1075/1355
f 2475/1075/1355 2144/2252/1356 413/474/592 1762/1858/590
f 2143/2251/1354 2475/1075/1355 1762/1858/590 267/300/587
f 91/109/556 1745/1840/555 2476/1076/1357 2146/2254/1358
f 1745/1840/555 469/539/554 2145/2253/1359 2476/1076/1357
f 2476/1076/1357 2145/2253/1359 470/540/618 1773/1869/615
f 2146/2254/1358 2476/1076/1357 1773/1869/615 268/301/614
f 94/115/562 1748/1844/561 2477/1077/1360 2148/2256/1361
f 1748/1844/561 353/408/560 2147/2255/1362 2477/1077/1360
f 2477/1077/1360 2147/2255/1362 354/409/627 1777/1873/624
f 2148/2256/1361 2477/1077/1360 1777/1873/624 269/302/623
f 92/111/544 1739/1832/543 2478/1078/1363 2150/2258/1364
f 1739/1832/543 315/359/542 2149/2257/1365 2478/1078/1363
f 2478/1078/1363 2149/2257/1365 316/360/600 1765/1861/597
f 2150/2258/1364 2478/1078/1363 1765/1861/597 270/303/596
f 484/556/609 2151/2259/1366 2479/1079/1367 1770/1866/610
f 2151/2259/1366 485/558/545 1743/1837/548 2479/1079/1367
f 2479/1079/1367 1743/1837/548 89/105/550 2152/2260/1368
f 1770/1866/610 2479/1079/1367 2152/2260/1368 272/305/611
f 427/490/576 2153/2261/1369 2480/1080/1370 1755/1851/577
f 2153/2261/1369 428/492/523 1732/1822/526 2480/1080/1370
f 2480/1080/1370 1732/1822/526 87/101/528 2154/2262/1371
f 1755/1851/577 2480/1080/1370 2154/2262/1371 265/298/578
f 52/60/347 1644/1726/353 2481/1081/1372 2156/2264/1373
f 1644/1726/353 53/61/352 2155/2263/1374 2481/1081/1372
f 2481/1081/1372 2155/2263/1374 254/283/1321 2127/2233/1326
f 2156/2264/1373 2481/1081/1372 2127/2233/1326 255/285/1325
f 408/468/712 2157/2265/1375 2482/1082/1376 1820/1924/713
f 2157/2265/1375 409/469/422 1678/1763/420 2482/1082/1376
f 2482/1082/1376 1678/1763/420 74/86/417 2158/2266/1377
f 1820/1924/713 2482/1082/1376 2158/2266/1377 264/297/714
f 74/86/417 1696/1783/458 2483/1083/1378 2158/2266/1377
f 1696/1783/458 52/60/347 2156/2264/1373 2483/1083/1378
f 2483/1083/1378 2156/2264/1373 255/285/1325 2139/2247/1348
f 2158/2266/1377 2483/1083/1378 2139/2247/1348 264/297/714
f 53/61/352 1651/1733/368 2484/1084/1379 2155/2263/1374
f 1651/1733/368 56/65/367 2159/2267/1380 2484/1084/1379
f 2484/1084/1379 2159/2267/1380 253/281/1317 2125/2230/1322
f 2155/2263/1374 2484/1084/1379 2125/2230/1322 254/283/1321
f 56/65/367 1698/1786/460 2485/1085/1381 2159/2267/1380
f 1698/1786/460 76/88/444 2160/2268/1382 2485/1085/1381
f 2485/1085/1381 2160/2268/1382 262/293/1345 2137/2244/1344
f 2159/2267/1380 2485/1085/1381 2137/2244/1344 253/281/1317
f 465/534/706 2161/2269/1383 2486/1086/1384 1817/1920/707
f 2161/2269/1383 466/535/439 1685/1771/436 2486/1086/1384
f 2486/1086/1384 1685/1771/436 75/87/435 2162/2270/1385
f 1817/1920/707 2486/1086/1384 2162/2270/1385 263/295/708
f 325/371/1386 2163/2271/1387 2487/1087/1388 2166/2274/1389
f 2163/2271/1387 326/372/1390 2164/2272/1391 2487/1087/1388
f 2487/1087/1388 2164/2272/1391 299/340/1392 2165/2273/1393
f 2166/2274/1389 2487/1087/1388 2165/2273/1393 274/307/1394
f 424/487/1395 2167/2275/1396 2488/1088/1397 2170/2278/1398
f 2167/2275/1396 425/488/1399 2168/2276/1400 2488/1088/1397
f 2488/1088/1397 2168/2276/1400 298/339/1401 2169/2277/1402
f 2170/2278/1398 2488/1088/1397 2169/2277/1402 273/306/1403
f 363/420/1404 2171/2279/1405 2489/1089/1406 2174/2282/1407
f 2171/2279/1405 364/421/1408 2172/2280/1409 2489/1089/1406
f 2489/1089/1406 2172/2280/1409 300/341/1410 2173/2281/1411
f 2174/2282/1407 2489/1089/1406 2173/2281/1411 276/309/1412
f 300/341/1410 2175/2283/1413 2490/1090/1414 2173/2281/1411
f 2175/2283/1413 415/476/1415 2176/2284/1416 2490/1090/1414
f 2490/1090/1414 2176/2284/1416 416/477/1417 2177/2285/1418
f 2173/2281/1411 2490/1090/1414 2177/2285/1418 276/309/1412
f 303/344/1419 2178/2286/1420 2491/1091/1421 2181/2289/1422
f 2178/2286/1420 318/362/1423 2179/2287/1424 2491/1091/1421
f 2491/1091/1421 2179/2287/1424 319/363/1425 2180/2288/1426
f 2181/2289/1422 2491/1091/1421 2180/2288/1426 278/311/1427
f 481/553/1428 2182/2290/1429 2492/1092/1430 2185/2293/1431
f 2182/2290/1429 482/554/1432 2183/2291/1433 2492/1092/1430
f 2492/1092/1430 2183/2291/1433 305/346/1434 2184/2292/1435
f 2185/2293/1431 2492/1092/1430 2184/2292/1435 275/308/1436
f 301/342/1437 2186/2294/1438 2493/1093/1439 2189/2297/1440
f 2186/2294/1438 472/542/1441 2187/2295/1442 2493/1093/1439
f 2493/1093/1439 2187/2295/1442 473/543/1443 2188/2296/1444
f 2189/2297/1440 2493/1093/1439 2188/2296/1444 277/310/1445
f 302/343/1446 2190/2298/1447 2494/1094/1448 2193/2301/1449
f 2190/2298/1447 356/411/1450 2191/2299/1451 2494/1094/1448
f 2494/1094/1448 2191/2299/1451 357/412/1452 2192/2300/1453
f 2193/2301/1449 2494/1094/1448 2192/2300/1453 280/313/1454
f 323/368/97 2194/2302/1455 2495/1095/1456 1521/1598/98
f 2194/2302/1455 324/369/1457 2195/2303/1458 2495/1095/1456
f 2495/1095/1456 2195/2303/1458 291/325/1459 2196/2305/1460
f 1521/1598/98 2495/1095/1456 2196/2305/1460 282/315/99
f 422/484/1461 2197/2306/1462 2496/1096/1463 2200/2310/1464
f 2197/2306/1462 423/485/1465 2198/2307/1466 2496/1096/1463
f 2496/1096/1463 2198/2307/1466 290/323/1467 2199/2309/1468
f 2200/2310/1464 2496/1096/1463 2199/2309/1468 281/314/1469
f 361/417/106 2201/2311/1470 2497/1097/1471 1525/1602/107
f 2201/2311/1470 362/418/1472 2202/2312/1473 2497/1097/1471
f 2497/1097/1471 2202/2312/1473 292/327/1474 2203/2314/1475
f 1525/1602/107 2497/1097/1471 2203/2314/1475 285/318/108
f 292/327/1474 2204/2315/1476 2498/1098/1477 2203/2314/1475
f 2204/2315/1476 417/478/1478 2205/2317/1479 2498/1098/1477
f 2498/1098/1477 2205/2317/1479 418/480/100 1526/1603/103
f 2203/2314/1475 2498/1098/1477 1526/1603/103 285/318/108
f 295/333/1480 2206/2318/1481 2499/1099/1482 2209/2322/1483
f 2206/2318/1481 320/364/1484 2207/2320/1485 2499/1099/1482
f 2499/1099/1482 2207/2320/1485 321/366/1486 2208/2321/1487
f 2209/2322/1483 2499/1099/1482 2208/2321/1487 287/320/1488
f 479/550/1489 2210/2323/1490 2500/1100/1491 2213/2327/1492
f 2210/2323/1490 480/551/1493 2211/2324/1494 2500/1100/1491
f 2500/1100/1491 2211/2324/1494 297/337/1495 2212/2326/1496
f 2213/2327/1492 2500/1100/1491 2212/2326/1496 284/317/1497
f 293/329/1498 2214/2328/1499 2501/1101/1500 740/2331/1501
f 2214/2328/1499 474/544/1502 739/2330/1503 2501/1101/1500
f 2501/1101/1500 739/2330/1503 475/546/118 1534/1611/121
f 740/2331/1501 2501/1101/1500 1534/1611/121 286/319/126
f 294/331/1504 741/2332/1505 2502/1102/1506 744/2336/1507
f 741/2332/1505 358/413/1508 742/2334/1509 2502/1102/1506
f 2502/1102/1506 742/2334/1509 359/415/1510 743/2335/1511
f 744/2336/1507 2502/1102/1506 743/2335/1511 289/322/1512
f 324/370/1457 745/2337/1513 2503/1103/1514 2195/2304/1458
f 745/2337/1513 325/371/1386 2166/2274/1389 2503/1103/1514
f 2503/1103/1514 2166/2274/1389 274/307/1394 746/2338/1515
f 2195/2304/1458 2503/1103/1514 746/2338/1515 291/326/1459
f 362/419/1472 747/2339/1516 2504/1104/1517 2202/2313/1473
f 747/2339/1516 363/420/1404 2174/2282/1407 2504/1104/1517
f 2504/1104/1517 2174/2282/1407 276/309/1412 748/2340/1518
f 2202/2313/1473 2504/1104/1517 748/2340/1518 292/328/1474
f 276/309/1412 2177/2285/1418 2505/1105/1519 748/2340/1518
f 2177/2285/1418 416/477/1417 749/2341/1520 2505/1105/1519
f 2505/1105/1519 749/2341/1520 417/479/1478 2204/2316/1476
f 748/2340/1518 2505/1105/1519 2204/2316/1476 292/328/1474
f 277/310/1445 2188/2296/1444 2506/1106/1521 751/2343/1522
f 2188/2296/1444 473/543/1443 750/2342/1523 2506/1106/1521
f 2506/1106/1521 750/2342/1523 474/545/1502 2214/2329/1499
f 751/2343/1522 2506/1106/1521 2214/2329/1499 293/330/1498
f 280/313/1454 2192/2300/1453 2507/1107/1524 753/2345/1525
f 2192/2300/1453 357/412/1452 752/2344/1526 2507/1107/1524
f 2507/1107/1524 752/2344/1526 358/414/1508 741/2333/1505
f 753/2345/1525 2507/1107/1524 741/2333/1505 294/332/1504
f 278/311/1427 2180/2288/1426 2508/1108/1527 755/2347/1528
f 2180/2288/1426 319/363/1425 754/2346/1529 2508/1108/1527
f 2508/1108/1527 754/2346/1529 320/365/1484 2206/2319/1481
f 755/2347/1528 2508/1108/1527 2206/2319/1481 295/334/1480
f 480/552/1493 756/2348/1530 2509/1109/1531 2211/2325/1494
f 756/2348/1530 481/553/1428 2185/2293/1431 2509/1109/1531
f 2509/1109/1531 2185/2293/1431 275/308/1436 757/2349/1532
f 2211/2325/1494 2509/1109/1531 757/2349/1532 297/338/1495
f 423/486/1465 758/2350/1533 2510/1110/1534 2198/2308/1466
f 758/2350/1533 424/487/1395 2170/2278/1398 2510/1110/1534
f 2510/1110/1534 2170/2278/1398 273/306/1403 759/2351/1535
f 2198/2308/1466 2510/1110/1534 759/2351/1535 290/324/1467
f 326/372/1390 760/2352/1536 2511/1111/1537 2164/2272/1391
f 760/2352/1536 327/373/563 1753/1849/566 2511/1111/1537
f 2511/1111/1537 1753/1849/566 96/117/571 761/2353/1538
f 2164/2272/1391 2511/1111/1537 761/2353/1538 299/340/1392
f 364/421/1408 762/2354/1539 2512/1112/1540 2172/2280/1409
f 762/2354/1539 365/422/581 1761/1857/584 2512/1112/1540
f 2512/1112/1540 1761/1857/584 98/119/589 763/2355/1541
f 2172/2280/1409 2512/1112/1540 763/2355/1541 300/341/1410
f 98/119/589 1764/1860/595 2513/1113/1542 763/2355/1541
f 1764/1860/595 414/475/594 764/2356/1543 2513/1113/1542
f 2513/1113/1542 764/2356/1543 415/476/1415 2175/2283/1413
f 763/2355/1541 2513/1113/1542 2175/2283/1413 300/341/1410
f 99/120/622 1775/1871/621 2514/1114/1544 766/2358/1545
f 1775/1871/621 471/541/620 765/2357/1546 2514/1114/1544
f 2514/1114/1544 765/2357/1546 472/542/1441 2186/2294/1438
f 766/2358/1545 2514/1114/1544 2186/2294/1438 301/342/1437
f 102/123/631 1779/1875/630 2515/1115/1547 768/2360/1548
f 1779/1875/630 355/410/629 767/2359/1549 2515/1115/1547
f 2515/1115/1547 767/2359/1549 356/411/1450 2190/2298/1447
f 768/2360/1548 2515/1115/1547 2190/2298/1447 302/343/1446
f 100/121/604 1767/1863/603 2516/1116/1550 770/2362/1551
f 1767/1863/603 317/361/602 769/2361/1552 2516/1116/1550
f 2516/1116/1550 769/2361/1552 318/362/1423 2178/2286/1420
f 770/2362/1551 2516/1116/1550 2178/2286/1420 303/344/1419
f 482/554/1432 771/2363/1553 2517/1117/1554 2183/2291/1433
f 771/2363/1553 483/555/605 1772/1868/608 2517/1117/1554
f 2517/1117/1554 1772/1868/608 97/118/613 772/2364/1555
f 2183/2291/1433 2517/1117/1554 772/2364/1555 305/346/1434
f 425/488/1399 773/2365/1556 2518/1118/1557 2168/2276/1400
f 773/2365/1556 426/489/572 1757/1853/575 2518/1118/1557
f 2518/1118/1557 1757/1853/575 95/116/580 774/2366/1558
f 2168/2276/1400 2518/1118/1557 774/2366/1558 298/339/1401
f 307/349/219 1600/1678/264 2519/1119/1559 777/2371/1560
f 1600/1678/264 306/348/5 775/2367/1561 2519/1119/1559
f 2519/1119/1559 775/2367/1561 1/1/1562 776/2369/1563
f 777/2371/1560 2519/1119/1559 776/2369/1563 40/44/1564
f 308/350/221 1577/1654/220 2520/1120/1565 779/2374/1566
f 1577/1654/220 307/349/219 777/2371/1560 2520/1120/1565
f 2520/1120/1565 777/2371/1560 40/44/1564 778/2372/1567
f 779/2374/1566 2520/1120/1565 778/2372/1567 32/34/1568
f 309/351/301 1619/1698/300 2521/1121/1569 781/2377/1570
f 1619/1698/300 308/350/221 779/2374/1566 2521/1121/1569
f 2521/1121/1569 779/2374/1566 32/34/1568 780/2375/1571
f 781/2377/1570 2521/1121/1569 780/2375/1571 47/53/1572
f 310/352/358 1662/1746/389 2522/1122/1573 783/2380/1574
f 1662/1746/389 309/351/301 781/2377/1570 2522/1122/1573
f 2522/1122/1573 781/2377/1570 47/53/1572 782/2378/1575
f 783/2380/1574 2522/1122/1573 782/2378/1575 63/72/1576
f 311/353/360 1646/1728/359 2523/1123/1577 785/2383/1578
f 1646/1728/359 310/352/358 783/2380/1574 2523/1123/1577
f 2523/1123/1577 783/2380/1574 63/72/1576 784/2381/1579
f 785/2383/1578 2523/1123/1577 784/2381/1579 55/63/1580
f 312/354/430 1699/1787/464 2524/1124/1581 787/2386/1582
f 1699/1787/464 311/353/360 785/2383/1578 2524/1124/1581
f 2524/1124/1581 785/2383/1578 55/63/1580 786/2384/1583
f 787/2386/1582 2524/1124/1581 786/2384/1583 78/90/1584
f 313/355/432 1682/1767/431 2525/1125/1585 789/2389/1586
f 1682/1767/431 312/354/430 787/2386/1582 2525/1125/1585
f 2525/1125/1585 787/2386/1582 78/90/1584 788/2387/1587
f 789/2389/1586 2525/1125/1585 788/2387/1587 70/81/1588
f 314/357/493 1714/1802/492 2526/1126/1589 791/2392/1590
f 1714/1802/492 313/356/432 789/2390/1586 2526/1126/1589
f 2526/1126/1589 789/2390/1586 70/82/1588 790/2391/1591
f 791/2392/1590 2526/1126/1589 790/2391/1591 85/98/1592
f 315/358/542 1738/1830/541 2527/1127/1593 793/2394/1594
f 1738/1830/541 314/357/493 791/2392/1590 2527/1127/1593
f 2527/1127/1593 791/2392/1590 85/98/1592 792/2393/1595
f 793/2394/1594 2527/1127/1593 792/2393/1595 93/112/1596
f 316/360/600 2149/2257/1365 2528/1128/1597 795/2397/1598
f 2149/2257/1365 315/359/542 793/2395/1594 2528/1128/1597
f 2528/1128/1597 793/2395/1594 93/113/1596 794/2396/1599
f 795/2397/1598 2528/1128/1597 794/2396/1599 271/304/1600
f 317/361/602 1766/1862/601 2529/1129/1601 797/2399/1602
f 1766/1862/601 316/360/600 795/2397/1598 2529/1129/1601
f 2529/1129/1601 795/2397/1598 271/304/1600 796/2398/1603
f 797/2399/1602 2529/1129/1601 796/2398/1603 101/122/1604
f 318/362/1423 769/2361/1552 2530/1130/1605 799/2401/1606
f 769/2361/1552 317/361/602 797/2399/1602 2530/1130/1605
f 2530/1130/1605 797/2399/1602 101/122/1604 798/2400/1607
f 799/2401/1606 2530/1130/1605 798/2400/1607 304/345/1608
f 319/363/1425 2179/2287/1424 2531/1131/1609 801/2403/1610
f 2179/2287/1424 318/362/1423 799/2401/1606 2531/1131/1609
f 2531/1131/1609 799/2401/1606 304/345/1608 800/2402/1611
f 801/2403/1610 2531/1131/1609 800/2402/1611 279/312/1612
f 320/365/1484 754/2346/1529 2532/1132/1613 803/2405/1614
f 754/2346/1529 319/363/1425 801/2403/1610 2532/1132/1613
f 2532/1132/1613 801/2403/1610 279/312/1612 802/2404/1615
f 803/2405/1614 2532/1132/1613 802/2404/1615 296/335/1616
f 321/366/1486 2207/2320/1485 2533/1133/1617 805/2408/1618
f 2207/2320/1485 320/364/1484 803/2406/1614 2533/1133/1617
f 2533/1133/1617 803/2406/1614 296/336/1616 804/2407/1619
f 805/2408/1618 2533/1133/1617 804/2407/1619 288/321/1620
f 284/317/1497 806/2409/1621 2534/1134/1622 2213/2327/1492
f 806/2409/1621 322/367/115 1528/1605/114 2534/1134/1622
f 2534/1134/1622 1528/1605/114 478/549/113 807/2410/1623
f 2213/2327/1492 2534/1134/1622 807/2410/1623 479/550/1489
f 281/314/1469 808/2411/1624 2535/1135/1625 2200/2310/1464
f 808/2411/1624 323/368/97 1520/1597/96 2535/1135/1625
f 2535/1135/1625 1520/1597/96 421/483/95 809/2412/1626
f 2200/2310/1464 2535/1135/1625 809/2412/1626 422/484/1461
f 290/323/1467 810/2413/1627 2536/1136/1628 2199/2309/1468
f 810/2413/1627 324/369/1457 2194/2302/1455 2536/1136/1628
f 2536/1136/1628 2194/2302/1455 323/368/97 808/2411/1624
f 2199/2309/1468 2536/1136/1628 808/2411/1624 281/314/1469
f 273/306/1403 811/2415/1629 2537/1137/1630 759/2351/1535
f 811/2415/1629 325/371/1386 745/2337/1513 2537/1137/1630
f 2537/1137/1630 745/2337/1513 324/370/1457 810/2414/1627
f 759/2351/1535 2537/1137/1630 810/2414/1627 290/324/1467
f 298/339/1401 812/2416/1631 2538/1138/1632 2169/2277/1402
f 812/2416/1631 326/372/1390 2163/2271/1387 2538/1138/1632
f 2538/1138/1632 2163/2271/1387 325/371/1386 811/2415/1629
f 2169/2277/1402 2538/1138/1632 811/2415/1629 273/306/1403
f 95/116/580 813/2417/1633 2539/1139/1634 774/2366/1558
f 813/2417/1633 327/373/563 760/2352/1536 2539/1139/1634
f 2539/1139/1634 760/2352/1536 326/372/1390 812/2416/1631
f 774/2366/1558 2539/1139/1634 812/2416/1631 298/339/1401
f 265/298/578 814/2418/1635 2540/1140/1636 1756/1852/579
f 814/2418/1635 328/374/567 1750/1846/564 2540/1140/1636
f 2540/1140/1636 1750/1846/564 327/373/563 813/2417/1633
f 1756/1852/579 2540/1140/1636 813/2417/1633 95/116/580
f 87/101/528 815/2419/1637 2541/1141/1638 2154/2262/1371
f 815/2419/1637 329/376/517 2140/2248/1349 2541/1141/1638
f 2541/1141/1638 2140/2248/1349 328/374/567 814/2418/1635
f 2154/2262/1371 2541/1141/1638 814/2418/1635 265/298/578
f 79/92/479 816/2421/1639 2542/1142/1640 1731/1820/527
f 816/2421/1639 330/377/468 1727/1815/518 2542/1142/1640
f 2542/1142/1640 1727/1815/518 329/375/517 815/2420/1637
f 1731/1820/527 2542/1142/1640 815/2420/1637 87/100/528
f 64/74/410 817/2422/1641 2543/1143/1642 1707/1795/478
f 817/2422/1641 331/378/393 1703/1791/469 2543/1143/1642
f 2543/1143/1642 1703/1791/469 330/377/468 816/2421/1639
f 1707/1795/478 2543/1143/1642 816/2421/1639 79/92/479
f 72/84/408 818/2423/1643 2544/1144/1644 1672/1757/409
f 818/2423/1643 332/379/397 1666/1751/394 2544/1144/1644
f 2544/1144/1644 1666/1751/394 331/378/393 817/2422/1641
f 1672/1757/409 2544/1144/1644 817/2422/1641 64/74/410
f 49/56/338 819/2424/1645 2545/1145/1646 1702/1790/467
f 819/2424/1645 333/380/321 1693/1780/453 2545/1145/1646
f 2545/1145/1646 1693/1780/453 332/379/397 818/2423/1643
f 1702/1790/467 2545/1145/1646 818/2423/1643 72/84/408
f 57/66/336 820/2425/1647 2546/1146/1648 1636/1718/337
f 820/2425/1647 334/381/325 1630/1711/322 2546/1146/1648
f 2546/1146/1648 1630/1711/322 333/380/321 819/2424/1645
f 1636/1718/337 2546/1146/1648 819/2424/1645 49/56/338
f 41/46/287 821/2426/1649 2547/1147/1650 1665/1750/392
f 821/2426/1649 335/382/276 1655/1738/375 2547/1147/1650
f 2547/1147/1650 1655/1738/375 334/381/325 820/2425/1647
f 1665/1750/392 2547/1147/1650 820/2425/1647 57/66/336
f 26/28/199 822/2427/1651 2548/1148/1652 1612/1691/286
f 822/2427/1651 336/383/182 1608/1687/277 2548/1148/1652
f 2548/1148/1652 1608/1687/277 335/382/276 821/2426/1649
f 1612/1691/286 2548/1148/1652 821/2426/1649 41/46/287
f 34/37/197 823/2428/1653 2549/1149/1654 1567/1644/198
f 823/2428/1653 337/384/186 1561/1638/183 2549/1149/1654
f 2549/1149/1654 1561/1638/183 336/383/182 822/2427/1651
f 1567/1644/198 2549/1149/1654 822/2427/1651 26/28/199
f 19/21/152 824/2429/1655 2550/1150/1656 1607/1686/275
f 824/2429/1655 338/385/79 1591/1669/247 2550/1150/1656
f 2550/1150/1656 1591/1669/247 337/384/186 823/2428/1653
f 1607/1686/275 2550/1150/1656 823/2428/1653 34/37/197
f 16/18/160 825/2430/1657 2551/1151/1658 1550/1627/155
f 825/2430/1657 339/386/67 1513/1590/80 2551/1151/1658
f 2551/1151/1658 1513/1590/80 338/385/79 824/2429/1655
f 1550/1627/155 2551/1151/1658 824/2429/1655 19/21/152
f 13/15/175 826/2431/1659 2552/1152/1660 1557/1634/171
f 826/2431/1659 340/387/49 1507/1584/68 2552/1152/1660
f 2552/1152/1660 1507/1584/68 339/386/67 825/2430/1657
f 1557/1634/171 2552/1152/1660 825/2430/1657 16/18/160
f 382/440/173 827/2432/1661 2553/1153/1662 1556/1633/174
f 827/2432/1661 383/441/53 1499/1576/50 2553/1153/1662
f 2553/1153/1662 1499/1576/50 340/387/49 826/2431/1659
f 1556/1633/174 2553/1153/1662 826/2431/1659 13/15/175
f 439/506/179 828/2433/1663 2554/1154/1664 1559/1636/180
f 828/2433/1663 440/507/35 1491/1568/32 2554/1154/1664
f 2554/1154/1664 1491/1568/32 341/388/31 829/2434/1665
f 1559/1636/180 2554/1154/1664 829/2434/1665 10/12/181
f 4/6/1666 830/2435/1667 2555/1155/1668 832/2437/1669
f 830/2435/1667 343/390/1 1485/1562/20 2555/1155/1668
f 2555/1155/1668 1485/1562/20 342/389/19 831/2436/1670
f 832/2437/1669 2555/1155/1668 831/2436/1670 7/9/1671
f 1/2/1562 775/2368/1561 2556/1156/1672 833/2438/1673
f 775/2368/1561 306/347/5 1477/1553/2 2556/1156/1672
f 2556/1156/1672 1477/1553/2 343/390/1 830/2435/1667
f 833/2438/1673 2556/1156/1672 830/2435/1667 4/6/1666
f 345/392/243 1599/1677/261 2557/1157/1674 835/2440/1675
f 1599/1677/261 344/391/14 834/2439/1676 2557/1157/1674
f 2557/1157/1674 834/2439/1676 2/3/7 1601/1680/263
f 835/2440/1675 2557/1157/1674 1601/1680/263 39/43/215
f 346/395/245 1589/1667/244 2558/1158/1677 836/2442/1678
f 1589/1667/244 345/393/243 835/2441/1675 2558/1158/1677
f 2558/1158/1677 835/2441/1675 39/42/215 1579/1656/218
f 836/2442/1678 2558/1158/1677 1579/1656/218 31/33/223
f 347/397/319 1628/1709/318 2559/1159/1679 837/2443/1680
f 1628/1709/318 346/395/245 836/2442/1678 2559/1159/1679
f 2559/1159/1679 836/2442/1678 31/33/223 1621/1700/299
f 837/2443/1680 2559/1159/1679 1621/1700/299 46/52/303
f 348/399/371 1661/1745/386 2560/1160/1681 838/2444/1682
f 1661/1745/386 347/397/319 837/2443/1680 2560/1160/1681
f 2560/1160/1681 837/2443/1680 46/52/303 1663/1747/388
f 838/2444/1682 2560/1160/1681 1663/1747/388 62/71/354
f 349/401/373 1653/1736/372 2561/1161/1683 839/2445/1684
f 1653/1736/372 348/399/371 838/2444/1682 2561/1161/1683
f 2561/1161/1683 838/2444/1682 62/71/354 1648/1730/357
f 839/2445/1684 2561/1161/1683 1648/1730/357 54/62/362
f 350/403/448 1697/1785/461 2562/1162/1685 840/2446/1686
f 1697/1785/461 349/401/373 839/2445/1684 2562/1162/1685
f 2562/1162/1685 839/2445/1684 54/62/362 1700/1788/463
f 840/2446/1686 2562/1162/1685 1700/1788/463 77/89/426
f 351/405/450 1690/1777/449 2563/1163/1687 841/2447/1688
f 1690/1777/449 350/403/448 840/2446/1686 2563/1163/1687
f 2563/1163/1687 840/2446/1686 77/89/426 1684/1770/429
f 841/2447/1688 2563/1163/1687 1684/1770/429 69/79/434
f 352/406/514 1724/1812/513 2564/1164/1689 842/2449/1690
f 1724/1812/513 351/404/450 841/2448/1688 2564/1164/1689
f 2564/1164/1689 841/2448/1688 69/80/434 1716/1804/491
f 842/2449/1690 2564/1164/1689 1716/1804/491 84/97/495
f 353/407/560 1747/1842/559 2565/1165/1691 843/2450/1692
f 1747/1842/559 352/406/514 842/2449/1690 2565/1165/1691
f 2565/1165/1691 842/2449/1690 84/97/495 1740/1833/540
f 843/2450/1692 2565/1165/1691 1740/1833/540 92/110/544
f 354/409/627 2147/2255/1362 2566/1166/1693 844/2452/1694
f 2147/2255/1362 353/408/560 843/2451/1692 2566/1166/1693
f 2566/1166/1693 843/2451/1692 92/111/544 2150/2258/1364
f 844/2452/1694 2566/1166/1693 2150/2258/1364 270/303/596
f 355/410/629 1778/1874/628 2567/1167/1695 845/2453/1696
f 1778/1874/628 354/409/627 844/2452/1694 2567/1167/1695
f 2567/1167/1695 844/2452/1694 270/303/596 1768/1864/599
f 845/2453/1696 2567/1167/1695 1768/1864/599 100/121/604
f 356/411/1450 767/2359/1549 2568/1168/1697 846/2454/1698
f 767/2359/1549 355/410/629 845/2453/1696 2568/1168/1697
f 2568/1168/1697 845/2453/1696 100/121/604 770/2362/1551
f 846/2454/1698 2568/1168/1697 770/2362/1551 303/344/1419
f 357/412/1452 2191/2299/1451 2569/1169/1699 847/2455/1700
f 2191/2299/1451 356/411/1450 846/2454/1698 2569/1169/1699
f 2569/1169/1699 846/2454/1698 303/344/1419 2181/2289/1422
f 847/2455/1700 2569/1169/1699 2181/2289/1422 278/311/1427
f 358/414/1508 752/2344/1526 2570/1170/1701 848/2456/1702
f 752/2344/1526 357/412/1452 847/2455/1700 2570/1170/1701
f 2570/1170/1701 847/2455/1700 278/311/1427 755/2347/1528
f 848/2456/1702 2570/1170/1701 755/2347/1528 295/334/1480
f 359/415/1510 742/2334/1509 2571/1171/1703 849/2458/1704
f 742/2334/1509 358/413/1508 848/2457/1702 2571/1171/1703
f 2571/1171/1703 848/2457/1702 295/333/1480 2209/2322/1483
f 849/2458/1704 2571/1171/1703 2209/2322/1483 287/320/1488
f 283/316/117 850/2459/1705 2572/1172/1706 1530/1607/112
f 850/2459/1705 360/416/124 1532/1609/123 2572/1172/1706
f 2572/1172/1706 1532/1609/123 476/547/122 851/2460/1707
f 1530/1607/112 2572/1172/1706 851/2460/1707 477/548/109
f 282/315/99 852/2461/1708 2573/1173/1709 1522/1599/94
f 852/2461/1708 361/417/106 1524/1601/105 2573/1173/1709
f 2573/1173/1709 1524/1601/105 419/481/104 853/2462/1710
f 1522/1599/94 2573/1173/1709 853/2462/1710 420/482/91
f 291/325/1459 854/2463/1711 2574/1174/1712 2196/2305/1460
f 854/2463/1711 362/418/1472 2201/2311/1470 2574/1174/1712
f 2574/1174/1712 2201/2311/1470 361/417/106 852/2461/1708
f 2196/2305/1460 2574/1174/1712 852/2461/1708 282/315/99
f 274/307/1394 855/2465/1713 2575/1175/1714 746/2338/1515
f 855/2465/1713 363/420/1404 747/2339/1516 2575/1175/1714
f 2575/1175/1714 747/2339/1516 362/419/1472 854/2464/1711
f 746/2338/1515 2575/1175/1714 854/2464/1711 291/326/1459
f 299/340/1392 856/2466/1715 2576/1176/1716 2165/2273/1393
f 856/2466/1715 364/421/1408 2171/2279/1405 2576/1176/1716
f 2576/1176/1716 2171/2279/1405 363/420/1404 855/2465/1713
f 2165/2273/1393 2576/1176/1716 855/2465/1713 274/307/1394
f 96/117/571 857/2467/1717 2577/1177/1718 761/2353/1538
f 857/2467/1717 365/422/581 762/2354/1539 2577/1177/1718
f 2577/1177/1718 762/2354/1539 364/421/1408 856/2466/1715
f 761/2353/1538 2577/1177/1718 856/2466/1715 299/340/1392
f 266/299/569 858/2468/1719 2578/1178/1720 1752/1848/570
f 858/2468/1719 366/423/585 1758/1854/582 2578/1178/1720
f 2578/1178/1720 1758/1854/582 365/422/581 857/2467/1717
f 1752/1848/570 2578/1178/1720 857/2467/1717 96/117/571
f 88/103/522 859/2469/1721 2579/1179/1722 2141/2249/1351
f 859/2469/1721 367/425/529 2142/2250/1352 2579/1179/1722
f 2579/1179/1722 2142/2250/1352 366/423/585 858/2468/1719
f 2141/2249/1351 2579/1179/1722 858/2468/1719 266/299/569
f 80/93/473 860/2471/1723 2580/1180/1724 1728/1816/521
f 860/2471/1723 368/426/480 1733/1823/530 2580/1180/1724
f 2580/1180/1724 1733/1823/530 367/424/529 859/2470/1721
f 1728/1816/521 2580/1180/1724 859/2470/1721 88/102/522
f 65/75/401 861/2472/1725 2581/1181/1726 1704/1792/472
f 861/2472/1725 369/427/411 1709/1797/481 2581/1181/1726
f 2581/1181/1726 1709/1797/481 368/426/480 860/2471/1723
f 1704/1792/472 2581/1181/1726 860/2471/1723 80/93/473
f 73/85/399 862/2473/1727 2582/1182/1728 1668/1753/400
f 862/2473/1727 370/428/415 1674/1759/412 2582/1182/1728
f 2582/1182/1728 1674/1759/412 369/427/411 861/2472/1725
f 1668/1753/400 2582/1182/1728 861/2472/1725 65/75/401
f 50/57/329 863/2474/1729 2583/1183/1730 1694/1781/455
f 863/2474/1729 371/429/339 1695/1782/456 2583/1183/1730
f 2583/1183/1730 1695/1782/456 370/428/415 862/2473/1727
f 1694/1781/455 2583/1183/1730 862/2473/1727 73/85/399
f 58/67/327 864/2475/1731 2584/1184/1732 1632/1713/328
f 864/2475/1731 372/430/343 1638/1720/340 2584/1184/1732
f 2584/1184/1732 1638/1720/340 371/429/339 863/2474/1729
f 1632/1713/328 2584/1184/1732 863/2474/1729 50/57/329
f 42/47/281 865/2476/1733 2585/1185/1734 1656/1739/377
f 865/2476/1733 373/431/288 1657/1740/378 2585/1185/1734
f 2585/1185/1734 1657/1740/378 372/430/343 864/2475/1731
f 1656/1739/377 2585/1185/1734 864/2475/1731 58/67/327
f 27/29/190 866/2477/1735 2586/1186/1736 1609/1688/280
f 866/2477/1735 374/432/200 1614/1693/289 2586/1186/1736
f 2586/1186/1736 1614/1693/289 373/431/288 865/2476/1733
f 1609/1688/280 2586/1186/1736 865/2476/1733 42/47/281
f 35/38/188 867/2478/1737 2587/1187/1738 1563/1640/189
f 867/2478/1737 375/433/204 1569/1646/201 2587/1187/1738
f 2587/1187/1738 1569/1646/201 374/432/200 866/2477/1735
f 1563/1640/189 2587/1187/1738 866/2477/1735 27/29/190
f 20/22/84 868/2479/1739 2588/1188/1740 1592/1670/249
f 868/2479/1739 376/434/85 1593/1671/250 2588/1188/1740
f 2588/1188/1740 1593/1671/250 375/433/204 867/2478/1737
f 1592/1670/249 2588/1188/1740 867/2478/1737 35/38/188
f 17/19/72 869/2480/1741 2589/1189/1742 1514/1591/83
f 869/2480/1741 377/435/73 1516/1593/86 2589/1189/1742
f 2589/1189/1742 1516/1593/86 376/434/85 868/2479/1739
f 1514/1591/83 2589/1189/1742 868/2479/1739 20/22/84
f 14/16/57 870/2481/1743 2590/1190/1744 1508/1585/71
f 870/2481/1743 378/436/58 1510/1587/74 2590/1190/1744
f 2590/1190/1744 1510/1587/74 377/435/73 869/2480/1741
f 1508/1585/71 2590/1190/1744 869/2480/1741 17/19/72
f 384/442/55 871/2482/1745 2591/1191/1746 1501/1578/56
f 871/2482/1745 385/443/62 1503/1580/59 2591/1191/1746
f 2591/1191/1746 1503/1580/59 378/436/58 870/2481/1743
f 1501/1578/56 2591/1191/1746 870/2481/1743 14/16/57
f 441/508/37 872/2483/1747 2592/1192/1748 1493/1570/38
f 872/2483/1747 442/509/44 1495/1572/41 2592/1192/1748
f 2592/1192/1748 1495/1572/41 379/437/40 873/2484/1749
f 1493/1570/38 2592/1192/1748 873/2484/1749 11/13/39
f 5/7/9 874/2485/1750 2593/1193/1751 1486/1563/23
f 874/2485/1750 381/439/10 1488/1565/26 2593/1193/1751
f 2593/1193/1751 1488/1565/26 380/438/25 875/2486/1752
f 1486/1563/23 2593/1193/1751 875/2486/1752 8/10/24
f 2/3/7 834/2439/1676 2594/1194/1753 1479/1556/8
f 834/2439/1676 344/391/14 1481/1558/11 2594/1194/1753
f 2594/1194/1753 1481/1558/11 381/439/10 874/2485/1750
f 1479/1556/8 2594/1194/1753 874/2485/1750 5/7/9
f 10/12/181 829/2434/1665 2595/1195/1754 877/2488/1755
f 829/2434/1665 341/388/31 876/2487/1756 2595/1195/1754
f 2595/1195/1754 876/2487/1756 383/441/53 827/2432/1661
f 877/2488/1755 2595/1195/1754 827/2432/1661 382/440/173
f 384/442/55 1500/1577/54 2596/1196/1757 878/2489/1758
f 1500/1577/54 383/441/53 876/2487/1756 2596/1196/1757
f 2596/1196/1757 876/2487/1756 341/388/31 1494/1571/34
f 878/2489/1758 2596/1196/1757 1494/1571/34 11/13/39
f 11/13/39 873/2484/1749 2597/1197/1759 878/2489/1758
f 873/2484/1749 379/437/40 879/2490/1760 2597/1197/1759
f 2597/1197/1759 879/2490/1760 385/443/62 871/2482/1745
f 878/2489/1758 2597/1197/1759 871/2482/1745 384/442/55
f 386/444/64 1504/1581/63 2598/1198/1761 880/2491/1762
f 1504/1581/63 385/443/62 879/2490/1760 2598/1198/1761
f 2598/1198/1761 879/2490/1760 379/437/40 1498/1575/43
f 880/2491/1762 2598/1198/1761 1498/1575/43 12/14/48
f 24/26/150 881/2492/1763 2599/1199/1764 1546/1623/151
f 881/2492/1763 387/445/144 1542/1619/142 2599/1199/1764
f 2599/1199/1764 1542/1619/142 386/444/64 880/2491/1762
f 1546/1623/151 2599/1199/1764 880/2491/1762 12/14/48
f 388/446/682 1804/1904/681 2600/1200/1765 882/2493/1766
f 1804/1904/681 387/445/144 881/2492/1763 2600/1200/1765
f 2600/1200/1765 881/2492/1763 24/26/150 1808/1910/685
f 882/2493/1766 2600/1200/1765 1808/1910/685 111/134/689
f 389/448/720 1823/1927/719 2601/1201/1767 883/2495/1768
f 1823/1927/719 388/447/682 882/2494/1766 2601/1201/1767
f 2601/1201/1767 882/2494/1766 111/135/689 1830/1934/728
f 883/2495/1768 2601/1201/1767 1830/1934/728 121/148/732
f 390/449/756 1841/1945/755 2602/1202/1769 884/2496/1770
f 1841/1945/755 389/448/720 883/2495/1768 2602/1202/1769
f 2602/1202/1769 883/2495/1768 121/148/732 1848/1952/764
f 884/2496/1770 2602/1202/1769 1848/1952/764 129/156/768
f 391/450/792 1859/1963/791 2603/1203/1771 885/2497/1772
f 1859/1963/791 390/449/756 884/2496/1770 2603/1203/1771
f 2603/1203/1771 884/2496/1770 129/156/768 1866/1970/800
f 885/2497/1772 2603/1203/1771 1866/1970/800 137/164/804
f 392/451/828 1877/1981/827 2604/1204/1773 886/2498/1774
f 1877/1981/827 391/450/792 885/2497/1772 2604/1204/1773
f 2604/1204/1773 885/2497/1772 137/164/804 1884/1988/836
f 886/2498/1774 2604/1204/1773 1884/1988/836 145/172/840
f 393/452/864 1895/1999/863 2605/1205/1775 887/2499/1776
f 1895/1999/863 392/451/828 886/2498/1774 2605/1205/1775
f 2605/1205/1775 886/2498/1774 145/172/840 1902/2006/872
f 887/2499/1776 2605/1205/1775 1902/2006/872 153/180/876
f 394/453/900 1913/2017/899 2606/1206/1777 888/2500/1778
f 1913/2017/899 393/452/864 887/2499/1776 2606/1206/1777
f 2606/1206/1777 887/2499/1776 153/180/876 1920/2024/908
f 888/2500/1778 2606/1206/1777 1920/2024/908 161/188/912
f 395/454/936 1931/2035/935 2607/1207/1779 889/2501/1780
f 1931/2035/935 394/453/900 888/2500/1778 2607/1207/1779
f 2607/1207/1779 888/2500/1778 161/188/912 1938/2042/944
f 889/2501/1780 2607/1207/1779 1938/2042/944 169/196/948
f 396/455/972 1949/2053/971 2608/1208/1781 890/2502/1782
f 1949/2053/971 395/454/936 889/2501/1780 2608/1208/1781
f 2608/1208/1781 889/2501/1780 169/196/948 1956/2060/980
f 890/2502/1782 2608/1208/1781 1956/2060/980 177/204/984
f 397/456/1008 1967/2071/1007 2609/1209/1783 891/2503/1784
f 1967/2071/1007 396/455/972 890/2502/1782 2609/1209/1783
f 2609/1209/1783 890/2502/1782 177/204/984 1974/2078/1016
f 891/2503/1784 2609/1209/1783 1974/2078/1016 185/212/1020
f 398/457/1044 1985/2089/1043 2610/1210/1785 892/2504/1786
f 1985/2089/1043 397/456/1008 891/2503/1784 2610/1210/1785
f 2610/1210/1785 891/2503/1784 185/212/1020 1992/2096/1052
f 892/2504/1786 2610/1210/1785 1992/2096/1052 193/220/1056
f 399/458/1080 2003/2107/1079 2611/1211/1787 893/2505/1788
f 2003/2107/1079 398/457/1044 892/2504/1786 2611/1211/1787
f 2611/1211/1787 892/2504/1786 193/220/1056 2010/2114/1088
f 893/2505/1788 2611/1211/1787 2010/2114/1088 201/228/1092
f 400/459/1116 2021/2125/1115 2612/1212/1789 894/2506/1790
f 2021/2125/1115 399/458/1080 893/2505/1788 2612/1212/1789
f 2612/1212/1789 893/2505/1788 201/228/1092 2028/2132/1124
f 894/2506/1790 2612/1212/1789 2028/2132/1124 209/236/1128
f 401/460/1152 2039/2143/1151 2613/1213/1791 895/2507/1792
f 2039/2143/1151 400/459/1116 894/2506/1790 2613/1213/1791
f 2613/1213/1791 894/2506/1790 209/236/1128 2046/2150/1160
f 895/2507/1792 2613/1213/1791 2046/2150/1160 217/244/1164
f 402/461/1188 2057/2161/1187 2614/1214/1793 896/2508/1794
f 2057/2161/1187 401/460/1152 895/2507/1792 2614/1214/1793
f 2614/1214/1793 895/2507/1792 217/244/1164 2064/2168/1196
f 896/2508/1794 2614/1214/1793 2064/2168/1196 225/252/1200
f 403/462/1224 2075/2179/1223 2615/1215/1795 897/2509/1796
f 2075/2179/1223 402/461/1188 896/2508/1794 2615/1215/1795
f 2615/1215/1795 896/2508/1794 225/252/1200 2082/2186/1232
f 897/2509/1796 2615/1215/1795 2082/2186/1232 233/260/1236
f 404/463/1260 2093/2197/1259 2616/1216/1797 898/2510/1798
f 2093/2197/1259 403/462/1224 897/2509/1796 2616/1216/1797
f 2616/1216/1797 897/2509/1796 233/260/1236 2100/2204/1268
f 898/2510/1798 2616/1216/1797 2100/2204/1268 241/268/1272
f 405/464/1296 2111/2215/1295 2617/1217/1799 899/2511/1800
f 2111/2215/1295 404/463/1260 898/2510/1798 2617/1217/1799
f 2617/1217/1799 898/2510/1798 241/268/1272 2118/2222/1304
f 899/2511/1800 2617/1217/1799 2118/2222/1304 249/276/1308
f 406/465/651 2129/2235/1331 2618/1218/1801 900/2512/1802
f 2129/2235/1331 405/464/1296 899/2511/1800 2618/1218/1801
f 2618/1218/1801 899/2511/1800 249/276/1308 2133/2239/1335
f 900/2512/1802 2618/1218/1801 2133/2239/1335 257/287/662
f 407/466/653 1789/1887/652 2619/1219/1803 901/2513/1804
f 1789/1887/652 406/465/651 900/2512/1802 2619/1219/1803
f 2619/1219/1803 900/2512/1802 257/287/662 1798/1897/665
f 901/2513/1804 2619/1219/1803 1798/1897/665 258/288/670
f 408/467/712 1819/1922/711 2620/1220/1805 902/2514/1806
f 1819/1922/711 407/466/653 901/2513/1804 2620/1220/1805
f 2620/1220/1805 901/2513/1804 258/288/670 1818/1921/704
f 902/2514/1806 2620/1220/1805 1818/1921/704 263/294/708
f 75/87/435 903/2516/1807 2621/1221/1808 2162/2270/1385
f 903/2516/1807 409/469/422 2157/2265/1375 2621/1221/1808
f 2621/1221/1808 2157/2265/1375 408/468/712 902/2515/1806
f 2162/2270/1385 2621/1221/1808 902/2515/1806 263/295/708
f 410/470/424 1679/1764/423 2622/1222/1809 904/2517/1810
f 1679/1764/423 409/469/422 903/2516/1807 2622/1222/1809
f 2622/1222/1809 903/2516/1807 75/87/435 1688/1774/438
f 904/2517/1810 2622/1222/1809 1688/1774/438 68/78/443
f 411/471/488 1712/1800/487 2623/1223/1811 905/2518/1812
f 1712/1800/487 410/470/424 904/2517/1810 2623/1223/1811
f 2623/1223/1811 904/2517/1810 68/78/443 1723/1811/506
f 905/2518/1812 2623/1223/1811 1723/1811/506 83/96/510
f 412/472/537 1736/1827/536 2624/1224/1813 906/2519/1814
f 1736/1827/536 411/471/488 905/2518/1812 2624/1224/1813
f 2624/1224/1813 905/2518/1812 83/96/510 1746/1841/552
f 906/2519/1814 2624/1224/1813 1746/1841/552 91/108/556
f 413/474/592 2144/2252/1356 2625/1225/1815 907/2521/1816
f 2144/2252/1356 412/473/537 906/2520/1814 2625/1225/1815
f 2625/1225/1815 906/2520/1814 91/109/556 2146/2254/1358
f 907/2521/1816 2625/1225/1815 2146/2254/1358 268/301/614
f 414/475/594 1763/1859/593 2626/1226/1817 908/2522/1818
f 1763/1859/593 413/474/592 907/2521/1816 2626/1226/1817
f 2626/1226/1817 907/2521/1816 268/301/614 1776/1872/617
f 908/2522/1818 2626/1226/1817 1776/1872/617 99/120/622
f 415/476/1415 764/2356/1543 2627/1227/1819 909/2523/1820
f 764/2356/1543 414/475/594 908/2522/1818 2627/1227/1819
f 2627/1227/1819 908/2522/1818 99/120/622 766/2358/1545
f 909/2523/1820 2627/1227/1819 766/2358/1545 301/342/1437
f 416/477/1417 2176/2284/1416 2628/1228/1821 910/2524/1822
f 2176/2284/1416 415/476/1415 909/2523/1820 2628/1228/1821
f 2628/1228/1821 909/2523/1820 301/342/1437 2189/2297/1440
f 910/2524/1822 2628/1228/1821 2189/2297/1440 277/310/1445
f 417/479/1478 749/2341/1520 2629/1229/1823 911/2525/1824
f 749/2341/1520 416/477/1417 910/2524/1822 2629/1229/1823
f 2629/1229/1823 910/2524/1822 277/310/1445 751/2343/1522
f 911/2525/1824 2629/1229/1823 751/2343/1522 293/330/1498
f 418/480/100 2205/2317/1479 2630/1230/1825 912/2527/1826
f 2205/2317/1479 417/478/1478 911/2526/1824 2630/1230/1825
f 2630/1230/1825 911/2526/1824 293/329/1498 740/2331/1501
f 912/2527/1826 2630/1230/1825 740/2331/1501 286/319/126
f 360/416/124 913/2528/1827 2631/1231/1828 1533/1610/125
f 913/2528/1827 419/481/104 1523/1600/101 2631/1231/1828
f 2631/1231/1828 1523/1600/101 418/480/100 912/2527/1826
f 1533/1610/125 2631/1231/1828 912/2527/1826 286/319/126
f 420/482/91 853/2462/1710 2632/1232/1829 914/2529/1830
f 853/2462/1710 419/481/104 913/2528/1827 2632/1232/1829
f 2632/1232/1829 913/2528/1827 360/416/124 850/2459/1705
f 914/2529/1830 2632/1232/1829 850/2459/1705 283/316/117
f 322/367/115 915/2530/1831 2633/1233/1832 1529/1606/116
f 915/2530/1831 421/483/95 1519/1596/92 2633/1233/1832
f 2633/1233/1832 1519/1596/92 420/482/91 914/2529/1830
f 1529/1606/116 2633/1233/1832 914/2529/1830 283/316/117
f 422/484/1461 809/2412/1626 2634/1234/1833 916/2531/1834
f 809/2412/1626 421/483/95 915/2530/1831 2634/1234/1833
f 2634/1234/1833 915/2530/1831 322/367/115 806/2409/1621
f 916/2531/1834 2634/1234/1833 806/2409/1621 284/317/1497
f 297/337/1495 917/2532/1835 2635/1235/1836 2212/2326/1496
f 917/2532/1835 423/485/1465 2197/2306/1462 2635/1235/1836
f 2635/1235/1836 2197/2306/1462 422/484/1461 916/2531/1834
f 2212/2326/1496 2635/1235/1836 916/2531/1834 284/317/1497
f 275/308/1436 918/2534/1837 2636/1236/1838 757/2349/1532
f 918/2534/1837 424/487/1395 758/2350/1533 2636/1236/1838
f 2636/1236/1838 758/2350/1533 423/486/1465 917/2533/1835
f 757/2349/1532 2636/1236/1838 917/2533/1835 297/338/1495
f 305/346/1434 919/2535/1839 2637/1237/1840 2184/2292/1435
f 919/2535/1839 425/488/1399 2167/2275/1396 2637/1237/1840
f 2637/1237/1840 2167/2275/1396 424/487/1395 918/2534/1837
f 2184/2292/1435 2637/1237/1840 918/2534/1837 275/308/1436
f 97/118/613 920/2536/1841 2638/1238/1842 772/2364/1555
f 920/2536/1841 426/489/572 773/2365/1556 2638/1238/1842
f 2638/1238/1842 773/2365/1556 425/488/1399 919/2535/1839
f 772/2364/1555 2638/1238/1842 919/2535/1839 305/346/1434
f 272/305/611 921/2537/1843 2639/1239/1844 1771/1867/612
f 921/2537/1843 427/490/576 1754/1850/573 2639/1239/1844
f 2639/1239/1844 1754/1850/573 426/489/572 920/2536/1841
f 1771/1867/612 2639/1239/1844 920/2536/1841 97/118/613
f 89/105/550 922/2538/1845 2640/1240/1846 2152/2260/1368
f 922/2538/1845 428/492/523 2153/2261/1369 2640/1240/1846
f 2640/1240/1846 2153/2261/1369 427/490/576 921/2537/1843
f 2152/2260/1368 2640/1240/1846 921/2537/1843 272/305/611
f 81/94/504 923/2540/1847 2641/1241/1848 1742/1835/549
f 923/2540/1847 429/493/474 1730/1819/524 2641/1241/1848
f 2641/1241/1848 1730/1819/524 428/491/523 922/2539/1845
f 1742/1835/549 2641/1241/1848 922/2539/1845 89/104/550
f 66/76/502 924/2541/1849 2642/1242/1850 1719/1807/503
f 924/2541/1849 430/494/402 1706/1794/475 2642/1242/1850
f 2642/1242/1850 1706/1794/475 429/493/474 923/2540/1847
f 1719/1807/503 2642/1242/1850 923/2540/1847 81/94/504
f 28/30/310 925/2542/1851 2643/1243/1852 1624/1703/311
f 925/2542/1851 435/502/191 1611/1690/283 2643/1243/1852
f 2643/1243/1852 1611/1690/283 434/500/282 926/2543/1853
f 1624/1703/311 2643/1243/1852 926/2543/1853 43/48/312
f 571/647/232 927/2545/1854 2644/1244/1855 1583/1660/233
f 568/644/1856 928/2546/1857 2644/1244/1855 927/2545/1854
f 557/633/1858 929/2547/1859 2644/1244/1855 928/2546/1857
f 558/634/1860 930/2548/1861 2644/1244/1855 929/2547/1859
f 554/630/234 1583/1660/233 2644/1244/1855 930/2548/1861
f 556/632/269 931/2549/1862 2645/1245/1863 1604/1683/270
f 559/635/1864 932/2550/1865 2645/1245/1863 931/2549/1862
f 557/633/1858 928/2546/1857 2645/1245/1863 932/2550/1865
f 568/644/1856 933/2551/1866 2645/1245/1863 928/2546/1857
f 569/645/271 1604/1683/270 2645/1245/1863 933/2551/1866
f 438/505/158 1548/1625/157 2646/1246/1867 935/2553/1868
f 1548/1625/157 437/504/156 934/2552/1869 2646/1246/1867
f 2646/1246/1867 934/2552/1869 22/24/161 1554/1631/164
f 935/2553/1868 2646/1246/1867 1554/1631/164 25/27/169
f 382/440/173 1555/1632/172 2647/1247/1870 877/2488/1755
f 1555/1632/172 438/505/158 935/2553/1868 2647/1247/1870
f 2647/1247/1870 935/2553/1868 25/27/169 1560/1637/177
f 877/2488/1755 2647/1247/1870 1560/1637/177 10/12/181
f 7/9/1671 831/2436/1670 2648/1248/1871 937/2555/1872
f 831/2436/1670 342/389/19 936/2554/1873 2648/1248/1871
f 2648/1248/1871 936/2554/1873 440/507/35 828/2433/1663
f 937/2555/1872 2648/1248/1871 828/2433/1663 439/506/179
f 441/508/37 1492/1569/36 2649/1249/1874 938/2556/1875
f 1492/1569/36 440/507/35 936/2554/1873 2649/1249/1874
f 2649/1249/1874 936/2554/1873 342/389/19 1487/1564/22
f 938/2556/1875 2649/1249/1874 1487/1564/22 8/10/24
f 8/10/24 875/2486/1752 2650/1250/1876 938/2556/1875
f 875/2486/1752 380/438/25 939/2557/1877 2650/1250/1876
f 2650/1250/1876 939/2557/1877 442/509/44 872/2483/1747
f 938/2556/1875 2650/1250/1876 872/2483/1747 441/508/37
f 443/510/46 1496/1573/45 2651/1251/1878 940/2558/1879
f 1496/1573/45 442/509/44 939/2557/1877 2651/1251/1878
f 2651/1251/1878 939/2557/1877 380/438/25 1490/1567/28
f 940/2558/1879 2651/1251/1878 1490/1567/28 9/11/30
f 6/8/18 941/2559/1880 2652/1252/1881 1489/1566/29
f 941/2559/1880 444/511/148 1544/1621/146 2652/1252/1881
f 2652/1252/1881 1544/1621/146 443/510/46 940/2558/1879
f 1489/1566/29 2652/1252/1881 940/2558/1879 9/11/30
f 445/512/687 1806/1907/686 2653/1253/1882 942/2560/1883
f 1806/1907/686 444/511/148 941/2559/1880 2653/1253/1882
f 2653/1253/1882 941/2559/1880 6/8/18 1810/1912/691
f 942/2560/1883 2653/1253/1882 1810/1912/691 112/137/671
f 446/514/730 1828/1932/729 2654/1254/1884 943/2562/1885
f 1828/1932/729 445/513/687 942/2561/1883 2654/1254/1884
f 2654/1254/1884 942/2561/1883 112/136/671 1833/1937/734
f 943/2562/1885 2654/1254/1884 1833/1937/734 123/150/738
f 447/515/766 1846/1950/765 2655/1255/1886 944/2563/1887
f 1846/1950/765 446/514/730 943/2562/1885 2655/1255/1886
f 2655/1255/1886 943/2562/1885 123/150/738 1851/1955/770
f 944/2563/1887 2655/1255/1886 1851/1955/770 131/158/774
f 448/516/802 1864/1968/801 2656/1256/1888 945/2564/1889
f 1864/1968/801 447/515/766 944/2563/1887 2656/1256/1888
f 2656/1256/1888 944/2563/1887 131/158/774 1869/1973/806
f 945/2564/1889 2656/1256/1888 1869/1973/806 139/166/810
f 449/517/838 1882/1986/837 2657/1257/1890 946/2565/1891
f 1882/1986/837 448/516/802 945/2564/1889 2657/1257/1890
f 2657/1257/1890 945/2564/1889 139/166/810 1887/1991/842
f 946/2565/1891 2657/1257/1890 1887/1991/842 147/174/846
f 450/518/874 1900/2004/873 2658/1258/1892 947/2566/1893
f 1900/2004/873 449/517/838 946/2565/1891 2658/1258/1892
f 2658/1258/1892 946/2565/1891 147/174/846 1905/2009/878
f 947/2566/1893 2658/1258/1892 1905/2009/878 155/182/882
f 451/519/910 1918/2022/909 2659/1259/1894 948/2567/1895
f 1918/2022/909 450/518/874 947/2566/1893 2659/1259/1894
f 2659/1259/1894 947/2566/1893 155/182/882 1923/2027/914
f 948/2567/1895 2659/1259/1894 1923/2027/914 163/190/918
f 452/520/946 1936/2040/945 2660/1260/1896 949/2568/1897
f 1936/2040/945 451/519/910 948/2567/1895 2660/1260/1896
f 2660/1260/1896 948/2567/1895 163/190/918 1941/2045/950
f 949/2568/1897 2660/1260/1896 1941/2045/950 171/198/954
f 453/521/982 1954/2058/981 2661/1261/1898 950/2569/1899
f 1954/2058/981 452/520/946 949/2568/1897 2661/1261/1898
f 2661/1261/1898 949/2568/1897 171/198/954 1959/2063/986
f 950/2569/1899 2661/1261/1898 1959/2063/986 179/206/990
f 454/522/1018 1972/2076/1017 2662/1262/1900 951/2570/1901
f 1972/2076/1017 453/521/982 950/2569/1899 2662/1262/1900
f 2662/1262/1900 950/2569/1899 179/206/990 1977/2081/1022
f 951/2570/1901 2662/1262/1900 1977/2081/1022 187/214/1026
f 455/523/1054 1990/2094/1053 2663/1263/1902 952/2571/1903
f 1990/2094/1053 454/522/1018 951/2570/1901 2663/1263/1902
f 2663/1263/1902 951/2570/1901 187/214/1026 1995/2099/1058
f 952/2571/1903 2663/1263/1902 1995/2099/1058 195/222/1062
f 456/524/1090 2008/2112/1089 2664/1264/1904 953/2572/1905
f 2008/2112/1089 455/523/1054 952/2571/1903 2664/1264/1904
f 2664/1264/1904 952/2571/1903 195/222/1062 2013/2117/1094
f 953/2572/1905 2664/1264/1904 2013/2117/1094 203/230/1098
f 457/525/1126 2026/2130/1125 2665/1265/1906 954/2573/1907
f 2026/2130/1125 456/524/1090 953/2572/1905 2665/1265/1906
f 2665/1265/1906 953/2572/1905 203/230/1098 2031/2135/1130
f 954/2573/1907 2665/1265/1906 2031/2135/1130 211/238/1134
f 458/526/1162 2044/2148/1161 2666/1266/1908 955/2574/1909
f 2044/2148/1161 457/525/1126 954/2573/1907 2666/1266/1908
f 2666/1266/1908 954/2573/1907 211/238/1134 2049/2153/1166
f 955/2574/1909 2666/1266/1908 2049/2153/1166 219/246/1170
f 459/527/1198 2062/2166/1197 2667/1267/1910 956/2575/1911
f 2062/2166/1197 458/526/1162 955/2574/1909 2667/1267/1910
f 2667/1267/1910 955/2574/1909 219/246/1170 2067/2171/1202
f 956/2575/1911 2667/1267/1910 2067/2171/1202 227/254/1206
f 460/528/1234 2080/2184/1233 2668/1268/1912 957/2576/1913
f 2080/2184/1233 459/527/1198 956/2575/1911 2668/1268/1912
f 2668/1268/1912 956/2575/1911 227/254/1206 2085/2189/1238
f 957/2576/1913 2668/1268/1912 2085/2189/1238 235/262/1242
f 461/529/1270 2098/2202/1269 2669/1269/1914 958/2577/1915
f 2098/2202/1269 460/528/1234 957/2576/1913 2669/1269/1914
f 2669/1269/1914 957/2576/1913 235/262/1242 2103/2207/1274
f 958/2577/1915 2669/1269/1914 2103/2207/1274 243/270/1278
f 462/530/1306 2116/2220/1305 2670/1270/1916 959/2578/1917
f 2116/2220/1305 461/529/1270 958/2577/1915 2670/1270/1916
f 2670/1270/1916 958/2577/1915 243/270/1278 2121/2225/1310
f 959/2578/1917 2670/1270/1916 2121/2225/1310 251/278/1314
f 463/531/666 2132/2238/1336 2671/1271/1918 960/2579/1919
f 2132/2238/1336 462/530/1306 959/2578/1917 2671/1271/1918
f 2671/1271/1918 959/2578/1917 251/278/1314 2136/2242/1338
f 960/2579/1919 2671/1271/1918 2136/2242/1338 260/290/1342
f 464/532/668 1796/1895/667 2672/1272/1920 961/2580/1921
f 1796/1895/667 463/531/666 960/2579/1919 2672/1272/1920
f 2672/1272/1920 960/2579/1919 260/290/1342 2135/2241/1341
f 961/2580/1921 2672/1272/1920 2135/2241/1341 261/291/1340
f 465/533/706 1816/1918/705 2673/1273/1922 962/2581/1923
f 1816/1918/705 464/532/668 961/2580/1921 2673/1273/1922
f 2673/1273/1922 961/2580/1921 261/291/1340 2138/2245/1346
f 962/2581/1923 2673/1273/1922 2138/2245/1346 262/292/1345
f 76/88/444 963/2583/1924 2674/1274/1925 2160/2268/1382
f 963/2583/1924 466/535/439 2161/2269/1383 2674/1274/1925
f 2674/1274/1925 2161/2269/1383 465/534/706 962/2582/1923
f 2160/2268/1382 2674/1274/1925 962/2582/1923 262/293/1345
f 467/536/441 1686/1772/440 2675/1275/1926 964/2584/1927
f 1686/1772/440 466/535/439 963/2583/1924 2675/1275/1926
f 2675/1275/1926 963/2583/1924 76/88/444 1692/1779/447
f 964/2584/1927 2675/1275/1926 1692/1779/447 71/83/452
f 468/537/508 1721/1809/507 2676/1276/1928 965/2585/1929
f 1721/1809/507 467/536/441 964/2584/1927 2676/1276/1928
f 2676/1276/1928 964/2584/1927 71/83/452 1726/1814/512
f 965/2585/1929 2676/1276/1928 1726/1814/512 86/99/516
f 469/538/554 1744/1838/553 2677/1277/1930 966/2586/1931
f 1744/1838/553 468/537/508 965/2585/1929 2677/1277/1930
f 2677/1277/1930 965/2585/1929 86/99/516 1749/1845/558
f 966/2586/1931 2677/1277/1930 1749/1845/558 94/114/562
f 470/540/618 2145/2253/1359 2678/1278/1932 967/2588/1933
f 2145/2253/1359 469/539/554 966/2587/1931 2678/1278/1932
f 2678/1278/1932 966/2587/1931 94/115/562 2148/2256/1361
f 967/2588/1933 2678/1278/1932 2148/2256/1361 269/302/623
f 471/541/620 1774/1870/619 2679/1279/1934 968/2589/1935
f 1774/1870/619 470/540/618 967/2588/1933 2679/1279/1934
f 2679/1279/1934 967/2588/1933 269/302/623 1780/1876/626
f 968/2589/1935 2679/1279/1934 1780/1876/626 102/123/631
f 472/542/1441 765/2357/1546 2680/1280/1936 969/2590/1937
f 765/2357/1546 471/541/620 968/2589/1935 2680/1280/1936
f 2680/1280/1936 968/2589/1935 102/123/631 768/2360/1548
f 969/2590/1937 2680/1280/1936 768/2360/1548 302/343/1446
f 473/543/1443 2187/2295/1442 2681/1281/1938 970/2591/1939
f 2187/2295/1442 472/542/1441 969/2590/1937 2681/1281/1938
f 2681/1281/1938 969/2590/1937 302/343/1446 2193/2301/1449
f 970/2591/1939 2681/1281/1938 2193/2301/1449 280/313/1454
f 474/545/1502 750/2342/1523 2682/1282/1940 971/2592/1941
f 750/2342/1523 473/543/1443 970/2591/1939 2682/1282/1940
f 2682/1282/1940 970/2591/1939 280/313/1454 753/2345/1525
f 971/2592/1941 2682/1282/1940 753/2345/1525 294/332/1504
f 475/546/118 739/2330/1503 2683/1283/1942 972/2594/1943
f 739/2330/1503 474/544/1502 971/2593/1941 2683/1283/1942
f 2683/1283/1942 971/2593/1941 294/331/1504 744/2336/1507
f 972/2594/1943 2683/1283/1942 744/2336/1507 289/322/1512
f 359/415/1510 973/2595/1944 2684/1284/1945 743/2335/1511
f 973/2595/1944 476/547/122 1531/1608/119 2684/1284/1945
f 2684/1284/1945 1531/1608/119 475/546/118 972/2594/1943
f 743/2335/1511 2684/1284/1945 972/2594/1943 289/322/1512
f 477/548/109 851/2460/1707 2685/1285/1946 974/2596/1947
f 851/2460/1707 476/547/122 973/2595/1944 2685/1285/1946
f 2685/1285/1946 973/2595/1944 359/415/1510 849/2458/1704
f 974/2596/1947 2685/1285/1946 849/2458/1704 287/320/1488
f 321/366/1486 975/2597/1948 2686/1286/1949 2208/2321/1487
f 975/2597/1948 478/549/113 1527/1604/110 2686/1286/1949
f 2686/1286/1949 1527/1604/110 477/548/109 974/2596/1947
f 2208/2321/1487 2686/1286/1949 974/2596/1947 287/320/1488
f 479/550/1489 807/2410/1623 2687/1287/1950 976/2598/1951
f 807/2410/1623 478/549/113 975/2597/1948 2687/1287/1950
f 2687/1287/1950 975/2597/1948 321/366/1486 805/2408/1618
f 976/2598/1951 2687/1287/1950 805/2408/1618 288/321/1620
f 296/336/1616 977/2599/1952 2688/1288/1953 804/2407/1619
f 977/2599/1952 480/551/1493 2210/2323/1490 2688/1288/1953
f 2688/1288/1953 2210/2323/1490 479/550/1489 976/2598/1951
f 804/2407/1619 2688/1288/1953 976/2598/1951 288/321/1620
f 279/312/1612 978/2601/1954 2689/1289/1955 802/2404/1615
f 978/2601/1954 481/553/1428 756/2348/1530 2689/1289/1955
f 2689/1289/1955 756/2348/1530 480/552/1493 977/2600/1952
f 802/2404/1615 2689/1289/1955 977/2600/1952 296/335/1616
f 304/345/1608 979/2602/1956 2690/1290/1957 800/2402/1611
f 979/2602/1956 482/554/1432 2182/2290/1429 2690/1290/1957
f 2690/1290/1957 2182/2290/1429 481/553/1428 978/2601/1954
f 800/2402/1611 2690/1290/1957 978/2601/1954 279/312/1612
f 101/122/1604 980/2603/1958 2691/1291/1959 798/2400/1607
f 980/2603/1958 483/555/605 771/2363/1553 2691/1291/1959
f 2691/1291/1959 771/2363/1553 482/554/1432 979/2602/1956
f 798/2400/1607 2691/1291/1959 979/2602/1956 304/345/1608
f 271/304/1600 981/2604/1960 2692/1292/1961 796/2398/1603
f 981/2604/1960 484/556/609 1769/1865/606 2692/1292/1961
f 2692/1292/1961 1769/1865/606 483/555/605 980/2603/1958
f 796/2398/1603 2692/1292/1961 980/2603/1958 101/122/1604
f 93/113/1596 982/2605/1962 2693/1293/1963 794/2396/1599
f 982/2605/1962 485/558/545 2151/2259/1366 2693/1293/1963
f 2693/1293/1963 2151/2259/1366 484/556/609 981/2604/1960
f 794/2396/1599 2693/1293/1963 981/2604/1960 271/304/1600
f 85/98/1592 983/2607/1964 2694/1294/1965 792/2393/1595
f 983/2607/1964 486/559/496 1741/1834/546 2694/1294/1965
f 2694/1294/1965 1741/1834/546 485/557/545 982/2606/1962
f 792/2393/1595 2694/1294/1965 982/2606/1962 93/112/1596
f 70/82/1588 984/2608/1966 2695/1295/1967 790/2391/1591
f 984/2608/1966 487/560/500 1717/1805/497 2695/1295/1967
f 2695/1295/1967 1717/1805/497 486/559/496 983/2607/1964
f 790/2391/1591 2695/1295/1967 983/2607/1964 85/98/1592
f 78/91/1584 985/2609/1968 2696/1296/1969 788/2388/1587
f 985/2609/1968 488/561/1970 986/2610/1971 2696/1296/1969
f 2696/1296/1969 986/2610/1971 487/560/500 984/2608/1966
f 788/2388/1587 2696/1296/1969 984/2608/1966 70/82/1588
f 55/64/1580 987/2611/1972 2697/1297/1973 786/2385/1583
f 987/2611/1972 489/562/1974 988/2612/1975 2697/1297/1973
f 2697/1297/1973 988/2612/1975 488/561/1970 985/2609/1968
f 786/2385/1583 2697/1297/1973 985/2609/1968 78/91/1584
f 63/73/1576 989/2613/1976 2698/1298/1977 784/2382/1579
f 989/2613/1976 490/564/1978 990/2614/1979 2698/1298/1977
f 2698/1298/1977 990/2614/1979 489/562/1974 987/2611/1972
f 784/2382/1579 2698/1298/1977 987/2611/1972 55/64/1580
f 47/54/1572 991/2616/1980 2699/1299/1981 782/2379/1575
f 991/2616/1980 491/566/304 992/2617/1982 2699/1299/1981
f 2699/1299/1981 992/2617/1982 490/564/1978 989/2613/1976
f 782/2379/1575 2699/1299/1981 989/2613/1976 63/73/1576
f 32/35/1568 993/2619/1983 2700/1300/1984 780/2376/1571
f 993/2619/1983 492/568/308 1622/1701/305 2700/1300/1984
f 2700/1300/1984 1622/1701/305 491/566/304 991/2616/1980
f 780/2376/1571 2700/1300/1984 991/2616/1980 47/54/1572
f 40/45/1564 994/2620/1985 2701/1301/1986 778/2373/1567
f 994/2620/1985 493/569/1987 995/2621/1988 2701/1301/1986
f 2701/1301/1986 995/2621/1988 492/568/308 993/2619/1983
f 778/2373/1567 2701/1301/1986 993/2619/1983 32/35/1568
f 1/2/1562 996/2622/1989 2702/1302/1990 776/2370/1563
f 996/2622/1989 494/570/165 997/2623/1991 2702/1302/1990
f 2702/1302/1990 997/2623/1991 493/569/1987 994/2620/1985
f 776/2370/1563 2702/1302/1990 994/2620/1985 40/45/1564
f 495/571/167 1552/1629/166 2703/1303/1992 998/2624/1993
f 1552/1629/166 494/570/165 996/2622/1989 2703/1303/1992
f 2703/1303/1992 996/2622/1989 1/2/1562 833/2438/1673
f 998/2624/1993 2703/1303/1992 833/2438/1673 4/6/1666
f 439/506/179 1558/1635/178 2704/1304/1994 937/2555/1872
f 1558/1635/178 495/571/167 998/2624/1993 2704/1304/1994
f 2704/1304/1994 998/2624/1993 4/6/1666 832/2437/1669
f 937/2555/1872 2704/1304/1994 832/2437/1669 7/9/1671
f 492/568/308 995/2621/1988 2705/1305/1995 1001/2627/1996
f 995/2621/1988 493/569/1987 999/2625/1997 2705/1305/1995
f 2705/1305/1995 999/2625/1997 497/573/1998 1000/2626/1999
f 1001/2627/1996 2705/1305/1995 1000/2626/1999 496/572/2000
f 28/30/310 1623/1702/309 2706/1306/2001 1003/2629/2002
f 1623/1702/309 492/568/308 1001/2627/1996 2706/1306/2001
f 2706/1306/2001 1001/2627/1996 496/572/2000 1002/2628/2003
f 1003/2629/2002 2706/1306/2001 1002/2628/2003 498/574/2004
f 493/569/1987 997/2623/1991 2707/1307/2005 999/2625/1997
f 997/2623/1991 494/570/165 1004/2630/2006 2707/1307/2005
f 2707/1307/2005 1004/2630/2006 499/575/2007 1005/2631/2008
f 999/2625/1997 2707/1307/2005 1005/2631/2008 497/573/1998
f 494/570/165 1551/1628/162 2708/1308/2009 1004/2630/2006
f 1551/1628/162 22/24/161 1006/2632/2010 2708/1308/2009
f 2708/1308/2009 1006/2632/2010 500/576/2011 1007/2633/2012
f 1004/2630/2006 2708/1308/2009 1007/2633/2012 499/575/2007
f 436/503/195 1565/1642/192 2709/1309/2013 1010/2636/2014
f 1565/1642/192 435/502/191 1008/2634/2015 2709/1309/2013
f 2709/1309/2013 1008/2634/2015 502/578/2016 1009/2635/2017
f 1010/2636/2014 2709/1309/2013 1009/2635/2017 501/577/2018
f 435/502/191 925/2542/1851 2710/1310/2019 1008/2634/2015
f 925/2542/1851 28/30/310 1003/2629/2002 2710/1310/2019
f 2710/1310/2019 1003/2629/2002 498/574/2004 1011/2637/2020
f 1008/2634/2015 2710/1310/2019 1011/2637/2020 502/578/2016
f 22/24/161 934/2552/1869 2711/1311/2021 1006/2632/2010
f 934/2552/1869 437/504/156 1012/2638/2022 2711/1311/2021
f 2711/1311/2021 1012/2638/2022 503/579/2023 1013/2639/2024
f 1006/2632/2010 2711/1311/2021 1013/2639/2024 500/576/2011
f 437/504/156 1606/1685/273 2712/1312/2025 1012/2638/2022
f 1606/1685/273 436/503/195 1010/2636/2014 2712/1312/2025
f 2712/1312/2025 1010/2636/2014 501/577/2018 1014/2640/2026
f 1012/2638/2022 2712/1312/2025 1014/2640/2026 503/579/2023
f 496/572/2000 1000/2626/1999 2713/1313/2027 1017/2643/2028
f 1000/2626/1999 497/573/1998 1015/2641/2029 2713/1313/2027
f 2713/1313/2027 1015/2641/2029 505/581/2030 1016/2642/2031
f 1017/2643/2028 2713/1313/2027 1016/2642/2031 504/580/2032
f 498/574/2004 1002/2628/2003 2714/1314/2033 1019/2645/2034
f 1002/2628/2003 496/572/2000 1017/2643/2028 2714/1314/2033
f 2714/1314/2033 1017/2643/2028 504/580/2032 1018/2644/2035
f 1019/2645/2034 2714/1314/2033 1018/2644/2035 506/582/2036
f 497/573/1998 1005/2631/2008 2715/1315/2037 1015/2641/2029
f 1005/2631/2008 499/575/2007 1020/2646/2038 2715/1315/2037
f 2715/1315/2037 1020/2646/2038 507/583/2039 1021/2647/2040
f 1015/2641/2029 2715/1315/2037 1021/2647/2040 505/581/2030
f 499/575/2007 1007/2633/2012 2716/1316/2041 1020/2646/2038
f 1007/2633/2012 500/576/2011 1022/2648/2042 2716/1316/2041
f 2716/1316/2041 1022/2648/2042 508/584/2043 1023/2649/2044
f 1020/2646/2038 2716/1316/2041 1023/2649/2044 507/583/2039
f 501/577/2018 1009/2635/2017 2717/1317/2045 1026/2652/2046
f 1009/2635/2017 502/578/2016 1024/2650/2047 2717/1317/2045
f 2717/1317/2045 1024/2650/2047 510/586/2048 1025/2651/2049
f 1026/2652/2046 2717/1317/2045 1025/2651/2049 509/585/2050
f 502/578/2016 1011/2637/2020 2718/1318/2051 1024/2650/2047
f 1011/2637/2020 498/574/2004 1019/2645/2034 2718/1318/2051
f 2718/1318/2051 1019/2645/2034 506/582/2036 1027/2653/2052
f 1024/2650/2047 2718/1318/2051 1027/2653/2052 510/586/2048
f 500/576/2011 1013/2639/2024 2719/1319/2053 1022/2648/2042
f 1013/2639/2024 503/579/2023 1028/2654/2054 2719/1319/2053
f 2719/1319/2053 1028/2654/2054 511/587/2055 1029/2655/2056
f 1022/2648/2042 2719/1319/2053 1029/2655/2056 508/584/2043
f 503/579/2023 1014/2640/2026 2720/1320/2057 1028/2654/2054
f 1014/2640/2026 501/577/2018 1026/2652/2046 2720/1320/2057
f 2720/1320/2057 1026/2652/2046 509/585/2050 1030/2656/2058
f 1028/2654/2054 2720/1320/2057 1030/2656/2058 511/587/2055
f 504/580/2032 1016/2642/2031 2721/1321/2059 1033/2659/2060
f 1016/2642/2031 505/581/2030 1031/2657/2061 2721/1321/2059
f 2721/1321/2059 1031/2657/2061 513/589/2062 1032/2658/2063
f 1033/2659/2060 2721/1321/2059 1032/2658/2063 512/588/2064
f 506/582/2036 1018/2644/2035 2722/1322/2065 1035/2661/2066
f 1018/2644/2035 504/580/2032 1033/2659/2060 2722/1322/2065
f 2722/1322/2065 1033/2659/2060 512/588/2064 1034/2660/2067
f 1035/2661/2066 2722/1322/2065 1034/2660/2067 514/590/2068
f 505/581/2030 1021/2647/2040 2723/1323/2069 1031/2657/2061
f 1021/2647/2040 507/583/2039 1036/2662/2070 2723/1323/2069
f 2723/1323/2069 1036/2662/2070 515/591/2071 1037/2663/2072
f 1031/2657/2061 2723/1323/2069 1037/2663/2072 513/589/2062
f 507/583/2039 1023/2649/2044 2724/1324/2073 1036/2662/2070
f 1023/2649/2044 508/584/2043 1038/2664/2074 2724/1324/2073
f 2724/1324/2073 1038/2664/2074 516/592/2075 1039/2665/2076
f 1036/2662/2070 2724/1324/2073 1039/2665/2076 515/591/2071
f 509/585/2050 1025/2651/2049 2725/1325/2077 1042/2668/2078
f 1025/2651/2049 510/586/2048 1040/2666/2079 2725/1325/2077
f 2725/1325/2077 1040/2666/2079 518/594/2080 1041/2667/2081
f 1042/2668/2078 2725/1325/2077 1041/2667/2081 517/593/2082
f 510/586/2048 1027/2653/2052 2726/1326/2083 1040/2666/2079
f 1027/2653/2052 506/582/2036 1035/2661/2066 2726/1326/2083
f 2726/1326/2083 1035/2661/2066 514/590/2068 1043/2669/2084
f 1040/2666/2079 2726/1326/2083 1043/2669/2084 518/594/2080
f 508/584/2043 1029/2655/2056 2727/1327/2085 1038/2664/2074
f 1029/2655/2056 511/587/2055 1044/2670/2086 2727/1327/2085
f 2727/1327/2085 1044/2670/2086 519/595/2087 1045/2671/2088
f 1038/2664/2074 2727/1327/2085 1045/2671/2088 516/592/2075
f 511/587/2055 1030/2656/2058 2728/1328/2089 1044/2670/2086
f 1030/2656/2058 509/585/2050 1042/2668/2078 2728/1328/2089
f 2728/1328/2089 1042/2668/2078 517/593/2082 1046/2672/2090
f 1044/2670/2086 2728/1328/2089 1046/2672/2090 519/595/2087
f 512/588/2064 1032/2658/2063 2729/1329/2091 1049/2675/2092
f 1032/2658/2063 513/589/2062 1047/2673/2093 2729/1329/2091
f 2729/1329/2091 1047/2673/2093 521/597/2094 1048/2674/2095
f 1049/2675/2092 2729/1329/2091 1048/2674/2095 520/596/2096
f 514/590/2068 1034/2660/2067 2730/1330/2097 1051/2677/2098
f 1034/2660/2067 512/588/2064 1049/2675/2092 2730/1330/2097
f 2730/1330/2097 1049/2675/2092 520/596/2096 1050/2676/2099
f 1051/2677/2098 2730/1330/2097 1050/2676/2099 522/598/2100
f 513/589/2062 1037/2663/2072 2731/1331/2101 1047/2673/2093
f 1037/2663/2072 515/591/2071 1052/2678/2102 2731/1331/2101
f 2731/1331/2101 1052/2678/2102 523/599/2103 1053/2679/2104
f 1047/2673/2093 2731/1331/2101 1053/2679/2104 521/597/2094
f 515/591/2071 1039/2665/2076 2732/1332/2105 1052/2678/2102
f 1039/2665/2076 516/592/2075 1054/2680/2106 2732/1332/2105
f 2732/1332/2105 1054/2680/2106 524/600/2107 1055/2681/2108
f 1052/2678/2102 2732/1332/2105 1055/2681/2108 523/599/2103
f 517/593/2082 1041/2667/2081 2733/1333/2109 1058/2684/2110
f 1041/2667/2081 518/594/2080 1056/2682/2111 2733/1333/2109
f 2733/1333/2109 1056/2682/2111 526/602/2112 1057/2683/2113
f 1058/2684/2110 2733/1333/2109 1057/2683/2113 525/601/2114
f 518/594/2080 1043/2669/2084 2734/1334/2115 1056/2682/2111
f 1043/2669/2084 514/590/2068 1051/2677/2098 2734/1334/2115
f 2734/1334/2115 1051/2677/2098 522/598/2100 1059/2685/2116
f 1056/2682/2111 2734/1334/2115 1059/2685/2116 526/602/2112
f 516/592/2075 1045/2671/2088 2735/1335/2117 1054/2680/2106
f 1045/2671/2088 519/595/2087 1060/2686/2118 2735/1335/2117
f 2735/1335/2117 1060/2686/2118 527/603/2119 1061/2687/2120
f 1054/2680/2106 2735/1335/2117 1061/2687/2120 524/600/2107
f 519/595/2087 1046/2672/2090 2736/1336/2121 1060/2686/2118
f 1046/2672/2090 517/593/2082 1058/2684/2110 2736/1336/2121
f 2736/1336/2121 1058/2684/2110 525/601/2114 1062/2688/2122
f 1060/2686/2118 2736/1336/2121 1062/2688/2122 527/603/2119
f 520/596/2096 1048/2674/2095 2737/1337/2123 1065/2691/2124
f 1048/2674/2095 521/597/2094 1063/2689/2125 2737/1337/2123
f 2737/1337/2123 1063/2689/2125 529/605/2126 1064/2690/2127
f 1065/2691/2124 2737/1337/2123 1064/2690/2127 528/604/2128
f 522/598/2100 1050/2676/2099 2738/1338/2129 1067/2693/2130
f 1050/2676/2099 520/596/2096 1065/2691/2124 2738/1338/2129
f 2738/1338/2129 1065/2691/2124 528/604/2128 1066/2692/2131
f 1067/2693/2130 2738/1338/2129 1066/2692/2131 530/606/2132
f 521/597/2094 1053/2679/2104 2739/1339/2133 1063/2689/2125
f 1053/2679/2104 523/599/2103 1068/2694/2134 2739/1339/2133
f 2739/1339/2133 1068/2694/2134 531/607/2135 1069/2695/2136
f 1063/2689/2125 2739/1339/2133 1069/2695/2136 529/605/2126
f 523/599/2103 1055/2681/2108 2740/1340/2137 1068/2694/2134
f 1055/2681/2108 524/600/2107 1070/2696/2138 2740/1340/2137
f 2740/1340/2137 1070/2696/2138 532/608/2139 1071/2697/2140
f 1068/2694/2134 2740/1340/2137 1071/2697/2140 531/607/2135
f 525/601/2114 1057/2683/2113 2741/1341/2141 1074/2700/2142
f 1057/2683/2113 526/602/2112 1072/2698/2143 2741/1341/2141
f 2741/1341/2141 1072/2698/2143 534/610/2144 1073/2699/2145
f 1074/2700/2142 2741/1341/2141 1073/2699/2145 533/609/2146
f 526/602/2112 1059/2685/2116 2742/1342/2147 1072/2698/2143
f 1059/2685/2116 522/598/2100 1067/2693/2130 2742/1342/2147
f 2742/1342/2147 1067/2693/2130 530/606/2132 1075/2701/2148
f 1072/2698/2143 2742/1342/2147 1075/2701/2148 534/610/2144
f 524/600/2107 1061/2687/2120 2743/1343/2149 1070/2696/2138
f 1061/2687/2120 527/603/2119 1076/2702/2150 2743/1343/2149
f 2743/1343/2149 1076/2702/2150 535/611/2151 1077/2703/2152
f 1070/2696/2138 2743/1343/2149 1077/2703/2152 532/608/2139
f 527/603/2119 1062/2688/2122 2744/1344/2153 1076/2702/2150
f 1062/2688/2122 525/601/2114 1074/2700/2142 2744/1344/2153
f 2744/1344/2153 1074/2700/2142 533/609/2146 1078/2704/2154
f 1076/2702/2150 2744/1344/2153 1078/2704/2154 535/611/2151
f 528/604/2128 1064/2690/2127 2745/1345/2155 1081/2707/2156
f 1064/2690/2127 529/605/2126 1079/2705/2157 2745/1345/2155
f 2745/1345/2155 1079/2705/2157 537/613/2158 1080/2706/2159
f 1081/2707/2156 2745/1345/2155 1080/2706/2159 536/612/2160
f 530/606/2132 1066/2692/2131 2746/1346/2161 1083/2709/2162
f 1066/2692/2131 528/604/2128 1081/2707/2156 2746/1346/2161
f 2746/1346/2161 1081/2707/2156 536/612/2160 1082/2708/2163
f 1083/2709/2162 2746/1346/2161 1082/2708/2163 538/614/2164
f 529/605/2126 1069/2695/2136 2747/1347/2165 1079/2705/2157
f 1069/2695/2136 531/607/2135 1084/2710/2166 2747/1347/2165
f 2747/1347/2165 1084/2710/2166 539/615/2167 1085/2711/2168
f 1079/2705/2157 2747/1347/2165 1085/2711/2168 537/613/2158
f 531/607/2135 1071/2697/2140 2748/1348/2169 1084/2710/2166
f 1071/2697/2140 532/608/2139 1086/2712/2170 2748/1348/2169
f 2748/1348/2169 1086/2712/2170 540/616/2171 1087/2713/2172
f 1084/2710/2166 2748/1348/2169 1087/2713/2172 539/615/2167
f 533/609/2146 1073/2699/2145 2749/1349/2173 1090/2716/2174
f 1073/2699/2145 534/610/2144 1088/2714/2175 2749/1349/2173
f 2749/1349/2173 1088/2714/2175 542/618/2176 1089/2715/2177
f 1090/2716/2174 2749/1349/2173 1089/2715/2177 541/617/2178
f 534/610/2144 1075/2701/2148 2750/1350/2179 1088/2714/2175
f 1075/2701/2148 530/606/2132 1083/2709/2162 2750/1350/2179
f 2750/1350/2179 1083/2709/2162 538/614/2164 1091/2717/2180
f 1088/2714/2175 2750/1350/2179 1091/2717/2180 542/618/2176
f 532/608/2139 1077/2703/2152 2751/1351/2181 1086/2712/2170
f 1077/2703/2152 535/611/2151 1092/2718/2182 2751/1351/2181
f 2751/1351/2181 1092/2718/2182 543/619/2183 1093/2719/2184
f 1086/2712/2170 2751/1351/2181 1093/2719/2184 540/616/2171
f 535/611/2151 1078/2704/2154 2752/1352/2185 1092/2718/2182
f 1078/2704/2154 533/609/2146 1090/2716/2174 2752/1352/2185
f 2752/1352/2185 1090/2716/2174 541/617/2178 1094/2720/2186
f 1092/2718/2182 2752/1352/2185 1094/2720/2186 543/619/2183
f 536/612/2160 1080/2706/2159 2753/1353/2187 1097/2723/2188
f 1080/2706/2159 537/613/2158 1095/2721/2189 2753/1353/2187
f 2753/1353/2187 1095/2721/2189 545/621/2190 1096/2722/2191
f 1097/2723/2188 2753/1353/2187 1096/2722/2191 544/620/2192
f 538/614/2164 1082/2708/2163 2754/1354/2193 1099/2725/2194
f 1082/2708/2163 536/612/2160 1097/2723/2188 2754/1354/2193
f 2754/1354/2193 1097/2723/2188 544/620/2192 1098/2724/2195
f 1099/2725/2194 2754/1354/2193 1098/2724/2195 546/622/2196
f 537/613/2158 1085/2711/2168 2755/1355/2197 1095/2721/2189
f 1085/2711/2168 539/615/2167 1100/2726/2198 2755/1355/2197
f 2755/1355/2197 1100/2726/2198 547/623/2199 1101/2727/2200
f 1095/2721/2189 2755/1355/2197 1101/2727/2200 545/621/2190
f 539/615/2167 1087/2713/2172 2756/1356/2201 1100/2726/2198
f 1087/2713/2172 540/616/2171 1102/2728/2202 2756/1356/2201
f 2756/1356/2201 1102/2728/2202 548/624/2203 1103/2729/2204
f 1100/2726/2198 2756/1356/2201 1103/2729/2204 547/623/2199
f 541/617/2178 1089/2715/2177 2757/1357/2205 1106/2732/2206
f 1089/2715/2177 542/618/2176 1104/2730/2207 2757/1357/2205
f 2757/1357/2205 1104/2730/2207 550/626/2208 1105/2731/2209
f 1106/2732/2206 2757/1357/2205 1105/2731/2209 549/625/2210
f 542/618/2176 1091/2717/2180 2758/1358/2211 1104/2730/2207
f 1091/2717/2180 538/614/2164 1099/2725/2194 2758/1358/2211
f 2758/1358/2211 1099/2725/2194 546/622/2196 1107/2733/2212
f 1104/2730/2207 2758/1358/2211 1107/2733/2212 550/626/2208
f 540/616/2171 1093/2719/2184 2759/1359/2213 1102/2728/2202
f 1093/2719/2184 543/619/2183 1108/2734/2214 2759/1359/2213
f 2759/1359/2213 1108/2734/2214 551/627/2215 1109/2735/2216
f 1102/2728/2202 2759/1359/2213 1109/2735/2216 548/624/2203
f 543/619/2183 1094/2720/2186 2760/1360/2217 1108/2734/2214
f 1094/2720/2186 541/617/2178 1106/2732/2206 2760/1360/2217
f 2760/1360/2217 1106/2732/2206 549/625/2210 1110/2736/2218
f 1108/2734/2214 2760/1360/2217 1110/2736/2218 551/627/2215
f 560/636/2219 1111/2737/2220 2761/1361/2221 1113/2739/2222
f 1111/2737/2220 561/637/2223 1112/2738/2224 2761/1361/2221
f 2761/1361/2221 1112/2738/2224 553/629/228 1580/1657/225
f 1113/2739/2222 2761/1361/2221 1580/1657/225 552/628/224
f 567/643/2225 1114/2740/2226 2762/1362/2227 1115/2741/2228
f 1114/2740/2226 560/636/2219 1113/2739/2222 2762/1362/2227
f 2762/1362/2227 1113/2739/2222 552/628/224 1584/1661/227
f 1115/2741/2228 2762/1362/2227 1584/1661/227 554/630/234
f 561/637/2223 1116/2742/2229 2763/1363/2230 1112/2738/2224
f 1116/2742/2229 562/638/2231 1117/2743/2232 2763/1363/2230
f 2763/1363/2230 1117/2743/2232 555/631/267 1602/1681/265
f 1112/2738/2224 2763/1363/2230 1602/1681/265 553/629/228
f 562/638/2231 1118/2744/2233 2764/1364/2234 1117/2743/2232
f 1118/2744/2233 563/639/2235 1119/2745/2236 2764/1364/2234
f 2764/1364/2234 1119/2745/2236 556/632/269 1603/1682/268
f 1117/2743/2232 2764/1364/2234 1603/1682/268 555/631/267
f 565/641/2237 1120/2746/2238 2765/1365/2239 1122/2748/2240
f 1120/2746/2238 566/642/2241 1121/2747/2242 2765/1365/2239
f 2765/1365/2239 1121/2747/2242 558/634/1860 929/2547/1859
f 1122/2748/2240 2765/1365/2239 929/2547/1859 557/633/1858
f 566/642/2241 1123/2749/2243 2766/1366/2244 1121/2747/2242
f 1123/2749/2243 567/643/2225 1115/2741/2228 2766/1366/2244
f 2766/1366/2244 1115/2741/2228 554/630/234 930/2548/1861
f 1121/2747/2242 2766/1366/2244 930/2548/1861 558/634/1860
f 563/639/2235 1124/2750/2245 2767/1367/2246 1119/2745/2236
f 1124/2750/2245 564/640/2247 1125/2751/2248 2767/1367/2246
f 2767/1367/2246 1125/2751/2248 559/635/1864 931/2549/1862
f 1119/2745/2236 2767/1367/2246 931/2549/1862 556/632/269
f 564/640/2247 1126/2752/2249 2768/1368/2250 1125/2751/2248
f 1126/2752/2249 565/641/2237 1122/2748/2240 2768/1368/2250
f 2768/1368/2250 1122/2748/2240 557/633/1858 932/2550/1865
f 1125/2751/2248 2768/1368/2250 932/2550/1865 559/635/1864
f 544/620/2192 1096/2722/2191 2769/1369/2251 1128/2754/2252
f 1096/2722/2191 545/621/2190 1127/2753/2253 2769/1369/2251
f 2769/1369/2251 1127/2753/2253 561/637/2223 1111/2737/2220
f 1128/2754/2252 2769/1369/2251 1111/2737/2220 560/636/2219
f 545/621/2190 1101/2727/2200 2770/1370/2254 1127/2753/2253
f 1101/2727/2200 547/623/2199 1129/2755/2255 2770/1370/2254
f 2770/1370/2254 1129/2755/2255 562/638/2231 1116/2742/2229
f 1127/2753/2253 2770/1370/2254 1116/2742/2229 561/637/2223
f 547/623/2199 1103/2729/2204 2771/1371/2256 1129/2755/2255
f 1103/2729/2204 548/624/2203 1130/2756/2257 2771/1371/2256
f 2771/1371/2256 1130/2756/2257 563/639/2235 1118/2744/2233
f 1129/2755/2255 2771/1371/2256 1118/2744/2233 562/638/2231
f 548/624/2203 1109/2735/2216 2772/1372/2258 1130/2756/2257
f 1109/2735/2216 551/627/2215 1131/2757/2259 2772/1372/2258
f 2772/1372/2258 1131/2757/2259 564/640/2247 1124/2750/2245
f 1130/2756/2257 2772/1372/2258 1124/2750/2245 563/639/2235
f 551/627/2215 1110/2736/2218 2773/1373/2260 1131/2757/2259
f 1110/2736/2218 549/625/2210 1132/2758/2261 2773/1373/2260
f 2773/1373/2260 1132/2758/2261 565/641/2237 1126/2752/2249
f 1131/2757/2259 2773/1373/2260 1126/2752/2249 564/640/2247
f 549/625/2210 1105/2731/2209 2774/1374/2262 1132/2758/2261
f 1105/2731/2209 550/626/2208 1133/2759/2263 2774/1374/2262
f 2774/1374/2262 1133/2759/2263 566/642/2241 1120/2746/2238
f 1132/2758/2261 2774/1374/2262 1120/2746/2238 565/641/2237
f 550/626/2208 1107/2733/2212 2775/1375/2264 1133/2759/2263
f 1107/2733/2212 546/622/2196 1134/2760/2265 2775/1375/2264
f 2775/1375/2264 1134/2760/2265 567/643/2225 1123/2749/2243
f 1133/2759/2263 2775/1375/2264 1123/2749/2243 566/642/2241
f 546/622/2196 1098/2724/2195 2776/1376/2266 1134/2760/2265
f 1098/2724/2195 544/620/2192 1128/2754/2252 2776/1376/2266
f 2776/1376/2266 1128/2754/2252 560/636/2219 1114/2740/2226
f 1134/2760/2265 2776/1376/2266 1114/2740/2226 567/643/2225
f 573/649/2267 1135/2761/2268 2777/1377/2269 1137/2763/2270
f 572/648/2271 1136/2762/2272 2777/1377/2269 1135/2761/2268
f 574/650/2273 1137/2763/2270 2777/1377/2269 1136/2762/2272
f 575/651/2274 1138/2764/2275 2778/1378/2276 1139/2765/2277
f 573/649/2267 1137/2763/2270 2778/1378/2276 1138/2764/2275
f 574/650/2273 1139/2765/2277 2778/1378/2276 1137/2763/2270
f 576/652/2278 1140/2766/2279 2779/1379/2280 1141/2767/2281
f 575/651/2274 1139/2765/2277 2779/1379/2280 1140/2766/2279
f 574/650/2273 1141/2767/2281 2779/1379/2280 1139/2765/2277
f 574/650/2273 1136/2762/2272 2780/1380/2282 1141/2767/2281
f 572/648/2271 1142/2768/2283 2780/1380/2282 1136/2762/2272
f 576/652/2278 1141/2767/2281 2780/1380/2282 1142/2768/2283
f 569/645/271 933/2551/1866 2781/1381/2284 1144/2770/2285
f 933/2551/1866 568/644/1856 1143/2769/2286 2781/1381/2284
f 2781/1381/2284 1143/2769/2286 572/648/2271 1135/2761/2268
f 1144/2770/2285 2781/1381/2284 1135/2761/2268 573/649/2267
f 570/646/230 1605/1684/272 2782/1382/2287 1145/2771/2288
f 1605/1684/272 569/645/271 1144/2770/2285 2782/1382/2287
f 2782/1382/2287 1144/2770/2285 573/649/2267 1138/2764/2275
f 1145/2771/2288 2782/1382/2287 1138/2764/2275 575/651/2274
f 571/647/232 1582/1659/231 2783/1383/2289 1146/2772/2290
f 1582/1659/231 570/646/230 1145/2771/2288 2783/1383/2289
f 2783/1383/2289 1145/2771/2288 575/651/2274 1140/2766/2279
f 1146/2772/2290 2783/1383/2289 1140/2766/2279 576/652/2278
f 568/644/1856 927/2545/1854 2784/1384/2291 1143/2769/2286
f 927/2545/1854 571/647/232 1146/2772/2290 2784/1384/2291
f 2784/1384/2291 1146/2772/2290 576/652/2278 1142/2768/2283
f 1143/2769/2286 2784/1384/2291 1142/2768/2283 572/648/2271
f 577/653/2292 1147/2773/2293 2785/1385/2294 1151/2777/2295
f 578/654/2296 1148/2774/2297 2785/1385/2294 1147/2773/2293
f 579/655/2298 1149/2775/2299 2785/1385/2294 1148/2774/2297
f 580/656/2300 1150/2776/2301 2785/1385/2294 1149/2775/2299
f 581/657/2302 1151/2777/2295 2785/1385/2294 1150/2776/2301
f 578/654/2296 1152/2778/2303 2786/1386/2304 1148/2774/2297
f 582/658/2305 1153/2779/2306 2786/1386/2304 1152/2778/2303
f 583/659/2307 1154/2780/2308 2786/1386/2304 1153/2779/2306
f 584/660/2309 1155/2781/2310 2786/1386/2304 1154/2780/2308
f 579/655/2298 1148/2774/2297 2786/1386/2304 1155/2781/2310
f 580/656/2300 1156/2782/2311 2787/1387/2312 1150/2776/2301
f 585/661/2313 1157/2783/2314 2787/1387/2312 1156/2782/2311
f 586/662/2315 1158/2784/2316 2787/1387/2312 1157/2783/2314
f 587/663/2317 1159/2785/2318 2787/1387/2312 1158/2784/2316
f 581/657/2302 1150/2776/2301 2787/1387/2312 1159/2785/2318
f 583/659/2307 1160/2786/2319 2788/1388/2320 1154/2780/2308
f 588/664/2321 1161/2787/2322 2788/1388/2320 1160/2786/2319
f 586/662/2315 1157/2783/2314 2788/1388/2320 1161/2787/2322
f 585/661/2313 1162/2788/2323 2788/1388/2320 1157/2783/2314
f 584/660/2309 1154/2780/2308 2788/1388/2320 1162/2788/2323
f 487/560/500 986/2610/1971 2789/1389/2324 1165/2791/2325
f 986/2610/1971 488/561/1970 1163/2789/2326 2789/1389/2324
f 2789/1389/2324 1163/2789/2326 589/665/2327 1164/2790/2328
f 1165/2791/2325 2789/1389/2324 1164/2790/2328 590/666/2329
f 66/76/502 1718/1806/501 2790/1390/2330 1167/2793/2331
f 1718/1806/501 487/560/500 1165/2791/2325 2790/1390/2330
f 2790/1390/2330 1165/2791/2325 590/666/2329 1166/2792/2332
f 1167/2793/2331 2790/1390/2330 1166/2792/2332 591/667/2333
f 488/561/1970 988/2612/1975 2791/1391/2334 1163/2789/2326
f 988/2612/1975 489/562/1974 1168/2794/2335 2791/1391/2334
f 2791/1391/2334 1168/2794/2335 592/668/2336 1169/2795/2337
f 1163/2789/2326 2791/1391/2334 1169/2795/2337 589/665/2327
f 489/562/1974 1170/2796/2338 2792/1392/2339 1168/2794/2335
f 1170/2796/2338 51/58/2340 1171/2798/2341 2792/1392/2339
f 2792/1392/2339 1171/2798/2341 593/669/2342 1172/2799/2343
f 1168/2794/2335 2792/1392/2339 1172/2799/2343 592/668/2336
f 431/495/406 1670/1755/403 2793/1393/2344 1175/2802/2345
f 1670/1755/403 430/494/402 1173/2800/2346 2793/1393/2344
f 2793/1393/2344 1173/2800/2346 594/670/2347 1174/2801/2348
f 1175/2802/2345 2793/1393/2344 1174/2801/2348 595/671/2349
f 430/494/402 924/2541/1849 2794/1394/2350 1173/2800/2346
f 924/2541/1849 66/76/502 1167/2793/2331 2794/1394/2350
f 2794/1394/2350 1167/2793/2331 591/667/2333 1176/2803/2351
f 1173/2800/2346 2794/1394/2350 1176/2803/2351 594/670/2347
f 51/58/2340 1177/2804/2352 2795/1395/2353 1171/2798/2341
f 1177/2804/2352 432/496/330 1178/2806/2354 2795/1395/2353
f 2795/1395/2353 1178/2806/2354 596/672/2355 1179/2807/2356
f 1171/2798/2341 2795/1395/2353 1179/2807/2356 593/669/2342
f 432/496/330 1701/1789/465 2796/1396/2357 1178/2806/2354
f 1701/1789/465 431/495/406 1175/2802/2345 2796/1396/2357
f 2796/1396/2357 1175/2802/2345 595/671/2349 1180/2808/2358
f 1178/2806/2354 2796/1396/2357 1180/2808/2358 596/672/2355
f 590/666/2329 1164/2790/2328 2797/1397/2359 1183/2811/2360
f 1164/2790/2328 589/665/2327 1181/2809/2361 2797/1397/2359
f 2797/1397/2359 1181/2809/2361 597/673/2362 1182/2810/2363
f 1183/2811/2360 2797/1397/2359 1182/2810/2363 598/674/2364
f 591/667/2333 1166/2792/2332 2798/1398/2365 1185/2813/2366
f 1166/2792/2332 590/666/2329 1183/2811/2360 2798/1398/2365
f 2798/1398/2365 1183/2811/2360 598/674/2364 1184/2812/2367
f 1185/2813/2366 2798/1398/2365 1184/2812/2367 599/675/2368
f 589/665/2327 1169/2795/2337 2799/1399/2369 1181/2809/2361
f 1169/2795/2337 592/668/2336 1186/2814/2370 2799/1399/2369
f 2799/1399/2369 1186/2814/2370 600/676/2371 1187/2815/2372
f 1181/2809/2361 2799/1399/2369 1187/2815/2372 597/673/2362
f 592/668/2336 1172/2799/2343 2800/1400/2373 1186/2814/2370
f 1172/2799/2343 593/669/2342 1188/2816/2374 2800/1400/2373
f 2800/1400/2373 1188/2816/2374 601/677/2375 1189/2817/2376
f 1186/2814/2370 2800/1400/2373 1189/2817/2376 600/676/2371
f 595/671/2349 1174/2801/2348 2801/1401/2377 1192/2820/2378
f 1174/2801/2348 594/670/2347 1190/2818/2379 2801/1401/2377
f 2801/1401/2377 1190/2818/2379 602/678/2380 1191/2819/2381
f 1192/2820/2378 2801/1401/2377 1191/2819/2381 603/679/2382
f 594/670/2347 1176/2803/2351 2802/1402/2383 1190/2818/2379
f 1176/2803/2351 591/667/2333 1185/2813/2366 2802/1402/2383
f 2802/1402/2383 1185/2813/2366 599/675/2368 1193/2821/2384
f 1190/2818/2379 2802/1402/2383 1193/2821/2384 602/678/2380
f 593/669/2342 1179/2807/2356 2803/1403/2385 1188/2816/2374
f 1179/2807/2356 596/672/2355 1194/2822/2386 2803/1403/2385
f 2803/1403/2385 1194/2822/2386 604/680/2387 1195/2823/2388
f 1188/2816/2374 2803/1403/2385 1195/2823/2388 601/677/2375
f 596/672/2355 1180/2808/2358 2804/1404/2389 1194/2822/2386
f 1180/2808/2358 595/671/2349 1192/2820/2378 2804/1404/2389
f 2804/1404/2389 1192/2820/2378 603/679/2382 1196/2824/2390
f 1194/2822/2386 2804/1404/2389 1196/2824/2390 604/680/2387
f 598/674/2364 1182/2810/2363 2805/1405/2391 1199/2827/2392
f 1182/2810/2363 597/673/2362 1197/2825/2393 2805/1405/2391
f 2805/1405/2391 1197/2825/2393 605/681/2394 1198/2826/2395
f 1199/2827/2392 2805/1405/2391 1198/2826/2395 606/682/2396
f 599/675/2368 1184/2812/2367 2806/1406/2397 1201/2829/2398
f 1184/2812/2367 598/674/2364 1199/2827/2392 2806/1406/2397
f 2806/1406/2397 1199/2827/2392 606/682/2396 1200/2828/2399
f 1201/2829/2398 2806/1406/2397 1200/2828/2399 607/683/2400
f 597/673/2362 1187/2815/2372 2807/1407/2401 1197/2825/2393
f 1187/2815/2372 600/676/2371 1202/2830/2402 2807/1407/2401
f 2807/1407/2401 1202/2830/2402 608/684/2403 1203/2831/2404
f 1197/2825/2393 2807/1407/2401 1203/2831/2404 605/681/2394
f 600/676/2371 1189/2817/2376 2808/1408/2405 1202/2830/2402
f 1189/2817/2376 601/677/2375 1204/2832/2406 2808/1408/2405
f 2808/1408/2405 1204/2832/2406 609/685/2407 1205/2833/2408
f 1202/2830/2402 2808/1408/2405 1205/2833/2408 608/684/2403
f 603/679/2382 1191/2819/2381 2809/1409/2409 1208/2836/2410
f 1191/2819/2381 602/678/2380 1206/2834/2411 2809/1409/2409
f 2809/1409/2409 1206/2834/2411 610/686/2412 1207/2835/2413
f 1208/2836/2410 2809/1409/2409 1207/2835/2413 611/687/2414
f 602/678/2380 1193/2821/2384 2810/1410/2415 1206/2834/2411
f 1193/2821/2384 599/675/2368 1201/2829/2398 2810/1410/2415
f 2810/1410/2415 1201/2829/2398 607/683/2400 1209/2837/2416
f 1206/2834/2411 2810/1410/2415 1209/2837/2416 610/686/2412
f 601/677/2375 1195/2823/2388 2811/1411/2417 1204/2832/2406
f 1195/2823/2388 604/680/2387 1210/2838/2418 2811/1411/2417
f 2811/1411/2417 1210/2838/2418 612/688/2419 1211/2839/2420
f 1204/2832/2406 2811/1411/2417 1211/2839/2420 609/685/2407
f 604/680/2387 1196/2824/2390 2812/1412/2421 1210/2838/2418
f 1196/2824/2390 603/679/2382 1208/2836/2410 2812/1412/2421
f 2812/1412/2421 1208/2836/2410 611/687/2414 1212/2840/2422
f 1210/2838/2418 2812/1412/2421 1212/2840/2422 612/688/2419
f 606/682/2396 1198/2826/2395 2813/1413/2423 1215/2843/2424
f 1198/2826/2395 605/681/2394 1213/2841/2425 2813/1413/2423
f 2813/1413/2423 1213/2841/2425 613/689/2426 1214/2842/2427
f 1215/2843/2424 2813/1413/2423 1214/2842/2427 614/690/2428
f 607/683/2400 1200/2828/2399 2814/1414/2429 1217/2845/2430
f 1200/2828/2399 606/682/2396 1215/2843/2424 2814/1414/2429
f 2814/1414/2429 1215/2843/2424 614/690/2428 1216/2844/2431
f 1217/2845/2430 2814/1414/2429 1216/2844/2431 615/691/2432
f 605/681/2394 1203/2831/2404 2815/1415/2433 1213/2841/2425
f 1203/2831/2404 608/684/2403 1218/2846/2434 2815/1415/2433
f 2815/1415/2433 1218/2846/2434 616/692/2435 1219/2847/2436
f 1213/2841/2425 2815/1415/2433 1219/2847/2436 613/689/2426
f 608/684/2403 1205/2833/2408 2816/1416/2437 1218/2846/2434
f 1205/2833/2408 609/685/2407 1220/2848/2438 2816/1416/2437
f 2816/1416/2437 1220/2848/2438 617/693/2439 1221/2849/2440
f 1218/2846/2434 2816/1416/2437 1221/2849/2440 616/692/2435
f 611/687/2414 1207/2835/2413 2817/1417/2441 1224/2852/2442
f 1207/2835/2413 610/686/2412 1222/2850/2443 2817/1417/2441
f 2817/1417/2441 1222/2850/2443 618/694/2444 1223/2851/2445
f 1224/2852/2442 2817/1417/2441 1223/2851/2445 619/695/2446
f 610/686/2412 1209/2837/2416 2818/1418/2447 1222/2850/2443
f 1209/2837/2416 607/683/2400 1217/2845/2430 2818/1418/2447
f 2818/1418/2447 1217/2845/2430 615/691/2432 1225/2853/2448
f 1222/2850/2443 2818/1418/2447 1225/2853/2448 618/694/2444
f 609/685/2407 1211/2839/2420 2819/1419/2449 1220/2848/2438
f 1211/2839/2420 612/688/2419 1226/2854/2450 2819/1419/2449
f 2819/1419/2449 1226/2854/2450 620/696/2451 1227/2855/2452
f 1220/2848/2438 2819/1419/2449 1227/2855/2452 617/693/2439
f 612/688/2419 1212/2840/2422 2820/1420/2453 1226/2854/2450
f 1212/2840/2422 611/687/2414 1224/2852/2442 2820/1420/2453
f 2820/1420/2453 1224/2852/2442 619/695/2446 1228/2856/2454
f 1226/2854/2450 2820/1420/2453 1228/2856/2454 620/696/2451
f 614/690/2428 1214/2842/2427 2821/1421/2455 1231/2859/2456
f 1214/2842/2427 613/689/2426 1229/2857/2457 2821/1421/2455
f 2821/1421/2455 1229/2857/2457 621/697/2458 1230/2858/2459
f 1231/2859/2456 2821/1421/2455 1230/2858/2459 622/698/2460
f 615/691/2432 1216/2844/2431 2822/1422/2461 1233/2861/2462
f 1216/2844/2431 614/690/2428 1231/2859/2456 2822/1422/2461
f 2822/1422/2461 1231/2859/2456 622/698/2460 1232/2860/2463
f 1233/2861/2462 2822/1422/2461 1232/2860/2463 623/699/2464
f 613/689/2426 1219/2847/2436 2823/1423/2465 1229/2857/2457
f 1219/2847/2436 616/692/2435 1234/2862/2466 2823/1423/2465
f 2823/1423/2465 1234/2862/2466 624/700/2467 1235/2863/2468
f 1229/2857/2457 2823/1423/2465 1235/2863/2468 621/697/2458
f 616/692/2435 1221/2849/2440 2824/1424/2469 1234/2862/2466
f 1221/2849/2440 617/693/2439 1236/2864/2470 2824/1424/2469
f 2824/1424/2469 1236/2864/2470 625/701/2471 1237/2865/2472
f 1234/2862/2466 2824/1424/2469 1237/2865/2472 624/700/2467
f 619/695/2446 1223/2851/2445 2825/1425/2473 1240/2868/2474
f 1223/2851/2445 618/694/2444 1238/2866/2475 2825/1425/2473
f 2825/1425/2473 1238/2866/2475 626/702/2476 1239/2867/2477
f 1240/2868/2474 2825/1425/2473 1239/2867/2477 627/703/2478
f 618/694/2444 1225/2853/2448 2826/1426/2479 1238/2866/2475
f 1225/2853/2448 615/691/2432 1233/2861/2462 2826/1426/2479
f 2826/1426/2479 1233/2861/2462 623/699/2464 1241/2869/2480
f 1238/2866/2475 2826/1426/2479 1241/2869/2480 626/702/2476
f 617/693/2439 1227/2855/2452 2827/1427/2481 1236/2864/2470
f 1227/2855/2452 620/696/2451 1242/2870/2482 2827/1427/2481
f 2827/1427/2481 1242/2870/2482 628/704/2483 1243/2871/2484
f 1236/2864/2470 2827/1427/2481 1243/2871/2484 625/701/2471
f 620/696/2451 1228/2856/2454 2828/1428/2485 1242/2870/2482
f 1228/2856/2454 619/695/2446 1240/2868/2474 2828/1428/2485
f 2828/1428/2485 1240/2868/2474 627/703/2478 1244/2872/2486
f 1242/2870/2482 2828/1428/2485 1244/2872/2486 628/704/2483
f 622/698/2460 1230/2858/2459 2829/1429/2487 1247/2875/2488
f 1230/2858/2459 621/697/2458 1245/2873/2489 2829/1429/2487
f 2829/1429/2487 1245/2873/2489 629/705/2490 1246/2874/2491
f 1247/2875/2488 2829/1429/2487 1246/2874/2491 630/706/2492
f 623/699/2464 1232/2860/2463 2830/1430/2493 1249/2877/2494
f 1232/2860/2463 622/698/2460 1247/2875/2488 2830/1430/2493
f 2830/1430/2493 1247/2875/2488 630/706/2492 1248/2876/2495
f 1249/2877/2494 2830/1430/2493 1248/2876/2495 631/707/2496
f 621/697/2458 1235/2863/2468 2831/1431/2497 1245/2873/2489
f 1235/2863/2468 624/700/2467 1250/2878/2498 2831/1431/2497
f 2831/1431/2497 1250/2878/2498 632/708/2499 1251/2879/2500
f 1245/2873/2489 2831/1431/2497 1251/2879/2500 629/705/2490
f 624/700/2467 1237/2865/2472 2832/1432/2501 1250/2878/2498
f 1237/2865/2472 625/701/2471 1252/2880/2502 2832/1432/2501
f 2832/1432/2501 1252/2880/2502 633/709/2503 1253/2881/2504
f 1250/2878/2498 2832/1432/2501 1253/2881/2504 632/708/2499
f 627/703/2478 1239/2867/2477 2833/1433/2505 1256/2884/2506
f 1239/2867/2477 626/702/2476 1254/2882/2507 2833/1433/2505
f 2833/1433/2505 1254/2882/2507 634/710/2508 1255/2883/2509
f 1256/2884/2506 2833/1433/2505 1255/2883/2509 635/711/2510
f 626/702/2476 1241/2869/2480 2834/1434/2511 1254/2882/2507
f 1241/2869/2480 623/699/2464 1249/2877/2494 2834/1434/2511
f 2834/1434/2511 1249/2877/2494 631/707/2496 1257/2885/2512
f 1254/2882/2507 2834/1434/2511 1257/2885/2512 634/710/2508
f 625/701/2471 1243/2871/2484 2835/1435/2513 1252/2880/2502
f 1243/2871/2484 628/704/2483 1258/2886/2514 2835/1435/2513
f 2835/1435/2513 1258/2886/2514 636/712/2515 1259/2887/2516
f 1252/2880/2502 2835/1435/2513 1259/2887/2516 633/709/2503
f 628/704/2483 1244/2872/2486 2836/1436/2517 1258/2886/2514
f 1244/2872/2486 627/703/2478 1256/2884/2506 2836/1436/2517
f 2836/1436/2517 1256/2884/2506 635/711/2510 1260/2888/2518
f 1258/2886/2514 2836/1436/2517 1260/2888/2518 636/712/2515
f 630/706/2492 1246/2874/2491 2837/1437/2519 1263/2891/2520
f 1246/2874/2491 629/705/2490 1261/2889/2521 2837/1437/2519
f 2837/1437/2519 1261/2889/2521 637/713/2522 1262/2890/2523
f 1263/2891/2520 2837/1437/2519 1262/2890/2523 638/714/2524
f 631/707/2496 1248/2876/2495 2838/1438/2525 1265/2893/2526
f 1248/2876/2495 630/706/2492 1263/2891/2520 2838/1438/2525
f 2838/1438/2525 1263/2891/2520 638/714/2524 1264/2892/2527
f 1265/2893/2526 2838/1438/2525 1264/2892/2527 639/715/2528
f 629/705/2490 1251/2879/2500 2839/1439/2529 1261/2889/2521
f 1251/2879/2500 632/708/2499 1266/2894/2530 2839/1439/2529
f 2839/1439/2529 1266/2894/2530 640/716/2531 1267/2895/2532
f 1261/2889/2521 2839/1439/2529 1267/2895/2532 637/713/2522
f 632/708/2499 1253/2881/2504 2840/1440/2533 1266/2894/2530
f 1253/2881/2504 633/709/2503 1268/2896/2534 2840/1440/2533
f 2840/1440/2533 1268/2896/2534 641/717/2535 1269/2897/2536
f 1266/2894/2530 2840/1440/2533 1269/2897/2536 640/716/2531
f 635/711/2510 1255/2883/2509 2841/1441/2537 1272/2900/2538
f 1255/2883/2509 634/710/2508 1270/2898/2539 2841/1441/2537
f 2841/1441/2537 1270/2898/2539 642/718/2540 1271/2899/2541
f 1272/2900/2538 2841/1441/2537 1271/2899/2541 643/719/2542
f 634/710/2508 1257/2885/2512 2842/1442/2543 1270/2898/2539
f 1257/2885/2512 631/707/2496 1265/2893/2526 2842/1442/2543
f 2842/1442/2543 1265/2893/2526 639/715/2528 1273/2901/2544
f 1270/2898/2539 2842/1442/2543 1273/2901/2544 642/718/2540
f 633/709/2503 1259/2887/2516 2843/1443/2545 1268/2896/2534
f 1259/2887/2516 636/712/2515 1274/2902/2546 2843/1443/2545
f 2843/1443/2545 1274/2902/2546 644/720/2547 1275/2903/2548
f 1268/2896/2534 2843/1443/2545 1275/2903/2548 641/717/2535
f 636/712/2515 1260/2888/2518 2844/1444/2549 1274/2902/2546
f 1260/2888/2518 635/711/2510 1272/2900/2538 2844/1444/2549
f 2844/1444/2549 1272/2900/2538 643/719/2542 1276/2904/2550
f 1274/2902/2546 2844/1444/2549 1276/2904/2550 644/720/2547
f 645/721/2551 1277/2905/2552 2845/1445/2553 1279/2907/2554
f 1277/2905/2552 646/722/2555 1278/2906/2556 2845/1445/2553
f 2845/1445/2553 1278/2906/2556 578/654/2296 1147/2773/2293
f 1279/2907/2554 2845/1445/2553 1147/2773/2293 577/653/2292
f 647/723/2557 1280/2908/2558 2846/1446/2559 1281/2909/2560
f 1280/2908/2558 645/721/2551 1279/2907/2554 2846/1446/2559
f 2846/1446/2559 1279/2907/2554 577/653/2292 1151/2777/2295
f 1281/2909/2560 2846/1446/2559 1151/2777/2295 581/657/2302
f 646/722/2555 1282/2910/2561 2847/1447/2562 1278/2906/2556
f 1282/2910/2561 648/724/2563 1283/2911/2564 2847/1447/2562
f 2847/1447/2562 1283/2911/2564 582/658/2305 1152/2778/2303
f 1278/2906/2556 2847/1447/2562 1152/2778/2303 578/654/2296
f 648/724/2563 1284/2912/2565 2848/1448/2566 1283/2911/2564
f 1284/2912/2565 649/725/2567 1285/2913/2568 2848/1448/2566
f 2848/1448/2566 1285/2913/2568 583/659/2307 1153/2779/2306
f 1283/2911/2564 2848/1448/2566 1153/2779/2306 582/658/2305
f 650/726/2569 1286/2914/2570 2849/1449/2571 1288/2916/2572
f 1286/2914/2570 651/727/2573 1287/2915/2574 2849/1449/2571
f 2849/1449/2571 1287/2915/2574 587/663/2317 1158/2784/2316
f 1288/2916/2572 2849/1449/2571 1158/2784/2316 586/662/2315
f 651/727/2573 1289/2917/2575 2850/1450/2576 1287/2915/2574
f 1289/2917/2575 647/723/2557 1281/2909/2560 2850/1450/2576
f 2850/1450/2576 1281/2909/2560 581/657/2302 1159/2785/2318
f 1287/2915/2574 2850/1450/2576 1159/2785/2318 587/663/2317
f 649/725/2567 1290/2918/2577 2851/1451/2578 1285/2913/2568
f 1290/2918/2577 652/728/2579 1291/2919/2580 2851/1451/2578
f 2851/1451/2578 1291/2919/2580 588/664/2321 1160/2786/2319
f 1285/2913/2568 2851/1451/2578 1160/2786/2319 583/659/2307
f 652/728/2579 1292/2920/2581 2852/1452/2582 1291/2919/2580
f 1292/2920/2581 650/726/2569 1288/2916/2572 2852/1452/2582
f 2852/1452/2582 1288/2916/2572 586/662/2315 1161/2787/2322
f 1291/2919/2580 2852/1452/2582 1161/2787/2322 588/664/2321
f 638/714/2524 1262/2890/2523 2853/1453/2583 1294/2922/2584
f 1262/2890/2523 637/713/2522 1293/2921/2585 2853/1453/2583
f 2853/1453/2583 1293/2921/2585 646/722/2555 1277/2905/2552
f 1294/2922/2584 2853/1453/2583 1277/2905/2552 645/721/2551
f 637/713/2522 1267/2895/2532 2854/1454/2586 1293/2921/2585
f 1267/2895/2532 640/716/2531 1295/2923/2587 2854/1454/2586
f 2854/1454/2586 1295/2923/2587 648/724/2563 1282/2910/2561
f 1293/2921/2585 2854/1454/2586 1282/2910/2561 646/722/2555
f 640/716/2531 1269/2897/2536 2855/1455/2588 1295/2923/2587
f 1269/2897/2536 641/717/2535 1296/2924/2589 2855/1455/2588
f 2855/1455/2588 1296/2924/2589 649/725/2567 1284/2912/2565
f 1295/2923/2587 2855/1455/2588 1284/2912/2565 648/724/2563
f 641/717/2535 1275/2903/2548 2856/1456/2590 1296/2924/2589
f 1275/2903/2548 644/720/2547 1297/2925/2591 2856/1456/2590
f 2856/1456/2590 1297/2925/2591 652/728/2579 1290/2918/2577
f 1296/2924/2589 2856/1456/2590 1290/2918/2577 649/725/2567
f 644/720/2547 1276/2904/2550 2857/1457/2592 1297/2925/2591
f 1276/2904/2550 643/719/2542 1298/2926/2593 2857/1457/2592
f 2857/1457/2592 1298/2926/2593 650/726/2569 1292/2920/2581
f 1297/2925/2591 2857/1457/2592 1292/2920/2581 652/728/2579
f 643/719/2542 1271/2899/2541 2858/1458/2594 1298/2926/2593
f 1271/2899/2541 642/718/2540 1299/2927/2595 2858/1458/2594
f 2858/1458/2594 1299/2927/2595 651/727/2573 1286/2914/2570
f 1298/2926/2593 2858/1458/2594 1286/2914/2570 650/726/2569
f 642/718/2540 1273/2901/2544 2859/1459/2596 1299/2927/2595
f 1273/2901/2544 639/715/2528 1300/2928/2597 2859/1459/2596
f 2859/1459/2596 1300/2928/2597 647/723/2557 1289/2917/2575
f 1299/2927/2595 2859/1459/2596 1289/2917/2575 651/727/2573
f 639/715/2528 1264/2892/2527 2860/1460/2598 1300/2928/2597
f 1264/2892/2527 638/714/2524 1294/2922/2584 2860/1460/2598
f 2860/1460/2598 1294/2922/2584 645/721/2551 1280/2908/2558
f 1300/2928/2597 2860/1460/2598 1280/2908/2558 647/723/2557
f 653/729/2599 1301/2929/2600 2861/1461/2601 1303/2931/2602
f 654/730/2603 1302/2930/2604 2861/1461/2601 1301/2929/2600
f 655/731/2605 1303/2931/2602 2861/1461/2601 1302/2930/2604
f 656/732/2606 1304/2932/2607 2862/1462/2608 1305/2933/2609
f 653/729/2599 1303/2931/2602 2862/1462/2608 1304/2932/2607
f 655/731/2605 1305/2933/2609 2862/1462/2608 1303/2931/2602
f 657/733/2610 1306/2934/2611 2863/1463/2612 1307/2935/2613
f 656/732/2606 1305/2933/2609 2863/1463/2612 1306/2934/2611
f 655/731/2605 1307/2935/2613 2863/1463/2612 1305/2933/2609
f 655/731/2605 1302/2930/2604 2864/1464/2614 1307/2935/2613
f 654/730/2603 1308/2936/2615 2864/1464/2614 1302/2930/2604
f 657/733/2610 1307/2935/2613 2864/1464/2614 1308/2936/2615
f 584/660/2309 1162/2788/2323 2865/1465/2616 1310/2938/2617
f 1162/2788/2323 585/661/2313 1309/2937/2618 2865/1465/2616
f 2865/1465/2616 1309/2937/2618 654/730/2603 1301/2929/2600
f 1310/2938/2617 2865/1465/2616 1301/2929/2600 653/729/2599
f 579/655/2298 1155/2781/2310 2866/1466/2619 1311/2939/2620
f 1155/2781/2310 584/660/2309 1310/2938/2617 2866/1466/2619
f 2866/1466/2619 1310/2938/2617 653/729/2599 1304/2932/2607
f 1311/2939/2620 2866/1466/2619 1304/2932/2607 656/732/2606
f 580/656/2300 1149/2775/2299 2867/1467/2621 1312/2940/2622
f 1149/2775/2299 579/655/2298 1311/2939/2620 2867/1467/2621
f 2867/1467/2621 1311/2939/2620 656/732/2606 1306/2934/2611
f 1312/2940/2622 2867/1467/2621 1306/2934/2611 657/733/2610
f 585/661/2313 1156/2782/2311 2868/1468/2623 1309/2937/2618
f 1156/2782/2311 580/656/2300 1312/2940/2622 2868/1468/2623
f 2868/1468/2623 1312/2940/2622 657/733/2610 1308/2936/2615
f 1309/2937/2618 2868/1468/2623 1308/2936/2615 654/730/2603
f 658/734/2624 1313/2941/2625 2869/1469/2626 1317/2945/2627
f 659/735/2628 1314/2942/2629 2869/1469/2626 1313/2941/2625
f 660/736/2630 1315/2943/2631 2869/1469/2626 1314/2942/2629
f 661/737/2632 1316/2944/2633 2869/1469/2626 1315/2943/2631
f 662/738/2634 1317/2945/2627 2869/1469/2626 1316/2944/2633
f 659/735/2628 1318/2946/2635 2870/1470/2636 1314/2942/2629
f 663/739/2637 1319/2947/2638 2870/1470/2636 1318/2946/2635
f 664/740/2639 1320/2948/2640 2870/1470/2636 1319/2947/2638
f 665/741/2641 1321/2949/2642 2870/1470/2636 1320/2948/2640
f 660/736/2630 1314/2942/2629 2870/1470/2636 1321/2949/2642
f 661/737/2632 1322/2950/2643 2871/1471/2644 1316/2944/2633
f 666/742/2645 1323/2951/2646 2871/1471/2644 1322/2950/2643
f 667/743/2647 1324/2952/2648 2871/1471/2644 1323/2951/2646
f 668/744/2649 1325/2953/2650 2871/1471/2644 1324/2952/2648
f 662/738/2634 1316/2944/2633 2871/1471/2644 1325/2953/2650
f 664/740/2639 1326/2954/2651 2872/1472/2652 1320/2948/2640
f 669/745/2653 1327/2955/2654 2872/1472/2652 1326/2954/2651
f 667/743/2647 1323/2951/2646 2872/1472/2652 1327/2955/2654
f 666/742/2645 1328/2956/2655 2872/1472/2652 1323/2951/2646
f 665/741/2641 1320/2948/2640 2872/1472/2652 1328/2956/2655
f 489/563/1974 990/2615/1979 2873/1473/2656 1331/2959/2657
f 990/2615/1979 490/565/1978 1329/2957/2658 2873/1473/2656
f 2873/1473/2656 1329/2957/2658 670/746/2659 1330/2958/2660
f 1331/2959/2657 2873/1473/2656 1330/2958/2660 671/747/2661
f 51/59/2340 1170/2797/2338 2874/1474/2662 1333/2961/2663
f 1170/2797/2338 489/563/1974 1331/2959/2657 2874/1474/2662
f 2874/1474/2662 1331/2959/2657 671/747/2661 1332/2960/2664
f 1333/2961/2663 2874/1474/2662 1332/2960/2664 672/748/2665
f 490/565/1978 992/2618/1982 2875/1475/2666 1329/2957/2658
f 992/2618/1982 491/567/304 1334/2962/2667 2875/1475/2666
f 2875/1475/2666 1334/2962/2667 673/749/2668 1335/2963/2669
f 1329/2957/2658 2875/1475/2666 1335/2963/2669 670/746/2659
f 491/567/304 1625/1705/307 2876/1476/2670 1334/2962/2667
f 1625/1705/307 43/49/312 1336/2964/2671 2876/1476/2670
f 2876/1476/2670 1336/2964/2671 674/750/2672 1337/2965/2673
f 1334/2962/2667 2876/1476/2670 1337/2965/2673 673/749/2668
f 433/499/334 1634/1716/331 2877/1477/2674 1340/2968/2675
f 1634/1716/331 432/497/330 1338/2966/2676 2877/1477/2674
f 2877/1477/2674 1338/2966/2676 675/751/2677 1339/2967/2678
f 1340/2968/2675 2877/1477/2674 1339/2967/2678 676/752/2679
f 432/497/330 1177/2805/2352 2878/1478/2680 1338/2966/2676
f 1177/2805/2352 51/59/2340 1333/2961/2663 2878/1478/2680
f 2878/1478/2680 1333/2961/2663 672/748/2665 1341/2969/2681
f 1338/2966/2676 2878/1478/2680 1341/2969/2681 675/751/2677
f 43/49/312 926/2544/1853 2879/1479/2682 1336/2964/2671
f 926/2544/1853 434/501/282 1342/2970/2683 2879/1479/2682
f 2879/1479/2682 1342/2970/2683 677/753/2684 1343/2971/2685
f 1336/2964/2671 2879/1479/2682 1343/2971/2685 674/750/2672
f 434/501/282 1664/1749/390 2880/1480/2686 1342/2970/2683
f 1664/1749/390 433/499/334 1340/2968/2675 2880/1480/2686
f 2880/1480/2686 1340/2968/2675 676/752/2679 1344/2972/2687
f 1342/2970/2683 2880/1480/2686 1344/2972/2687 677/753/2684
f 671/747/2661 1330/2958/2660 2881/1481/2688 1347/2975/2689
f 1330/2958/2660 670/746/2659 1345/2973/2690 2881/1481/2688
f 2881/1481/2688 1345/2973/2690 678/754/2691 1346/2974/2692
f 1347/2975/2689 2881/1481/2688 1346/2974/2692 679/755/2693
f 672/748/2665 1332/2960/2664 2882/1482/2694 1349/2977/2695
f 1332/2960/2664 671/747/2661 1347/2975/2689 2882/1482/2694
f 2882/1482/2694 1347/2975/2689 679/755/2693 1348/2976/2696
f 1349/2977/2695 2882/1482/2694 1348/2976/2696 680/756/2697
f 670/746/2659 1335/2963/2669 2883/1483/2698 1345/2973/2690
f 1335/2963/2669 673/749/2668 1350/2978/2699 2883/1483/2698
f 2883/1483/2698 1350/2978/2699 681/757/2700 1351/2979/2701
f 1345/2973/2690 2883/1483/2698 1351/2979/2701 678/754/2691
f 673/749/2668 1337/2965/2673 2884/1484/2702 1350/2978/2699
f 1337/2965/2673 674/750/2672 1352/2980/2703 2884/1484/2702
f 2884/1484/2702 1352/2980/2703 682/758/2704 1353/2981/2705
f 1350/2978/2699 2884/1484/2702 1353/2981/2705 681/757/2700
f 676/752/2679 1339/2967/2678 2885/1485/2706 1356/2984/2707
f 1339/2967/2678 675/751/2677 1354/2982/2708 2885/1485/2706
f 2885/1485/2706 1354/2982/2708 683/759/2709 1355/2983/2710
f 1356/2984/2707 2885/1485/2706 1355/2983/2710 684/760/2711
f 675/751/2677 1341/2969/2681 2886/1486/2712 1354/2982/2708
f 1341/2969/2681 672/748/2665 1349/2977/2695 2886/1486/2712
f 2886/1486/2712 1349/2977/2695 680/756/2697 1357/2985/2713
f 1354/2982/2708 2886/1486/2712 1357/2985/2713 683/759/2709
f 674/750/2672 1343/2971/2685 2887/1487/2714 1352/2980/2703
f 1343/2971/2685 677/753/2684 1358/2986/2715 2887/1487/2714
f 2887/1487/2714 1358/2986/2715 685/761/2716 1359/2987/2717
f 1352/2980/2703 2887/1487/2714 1359/2987/2717 682/758/2704
f 677/753/2684 1344/2972/2687 2888/1488/2718 1358/2986/2715
f 1344/2972/2687 676/752/2679 1356/2984/2707 2888/1488/2718
f 2888/1488/2718 1356/2984/2707 684/760/2711 1360/2988/2719
f 1358/2986/2715 2888/1488/2718 1360/2988/2719 685/761/2716
f 679/755/2693 1346/2974/2692 2889/1489/2720 1363/2991/2721
f 1346/2974/2692 678/754/2691 1361/2989/2722 2889/1489/2720
f 2889/1489/2720 1361/2989/2722 686/762/2723 1362/2990/2724
f 1363/2991/2721 2889/1489/2720 1362/2990/2724 687/763/2725
f 680/756/2697 1348/2976/2696 2890/1490/2726 1365/2993/2727
f 1348/2976/2696 679/755/2693 1363/2991/2721 2890/1490/2726
f 2890/1490/2726 1363/2991/2721 687/763/2725 1364/2992/2728
f 1365/2993/2727 2890/1490/2726 1364/2992/2728 688/764/2729
f 678/754/2691 1351/2979/2701 2891/1491/2730 1361/2989/2722
f 1351/2979/2701 681/757/2700 1366/2994/2731 2891/1491/2730
f 2891/1491/2730 1366/2994/2731 689/765/2732 1367/2995/2733
f 1361/2989/2722 2891/1491/2730 1367/2995/2733 686/762/2723
f 681/757/2700 1353/2981/2705 2892/1492/2734 1366/2994/2731
f 1353/2981/2705 682/758/2704 1368/2996/2735 2892/1492/2734
f 2892/1492/2734 1368/2996/2735 690/766/2736 1369/2997/2737
f 1366/2994/2731 2892/1492/2734 1369/2997/2737 689/765/2732
f 684/760/2711 1355/2983/2710 2893/1493/2738 1372/3000/2739
f 1355/2983/2710 683/759/2709 1370/2998/2740 2893/1493/2738
f 2893/1493/2738 1370/2998/2740 691/767/2741 1371/2999/2742
f 1372/3000/2739 2893/1493/2738 1371/2999/2742 692/768/2743
f 683/759/2709 1357/2985/2713 2894/1494/2744 1370/2998/2740
f 1357/2985/2713 680/756/2697 1365/2993/2727 2894/1494/2744
f 2894/1494/2744 1365/2993/2727 688/764/2729 1373/3001/2745
f 1370/2998/2740 2894/1494/2744 1373/3001/2745 691/767/2741
f 682/758/2704 1359/2987/2717 2895/1495/2746 1368/2996/2735
f 1359/2987/2717 685/761/2716 1374/3002/2747 2895/1495/2746
f 2895/1495/2746 1374/3002/2747 693/769/2748 1375/3003/2749
f 1368/2996/2735 2895/1495/2746 1375/3003/2749 690/766/2736
f 685/761/2716 1360/2988/2719 2896/1496/2750 1374/3002/2747
f 1360/2988/2719 684/760/2711 1372/3000/2739 2896/1496/2750
f 2896/1496/2750 1372/3000/2739 692/768/2743 1376/3004/2751
f 1374/3002/2747 2896/1496/2750 1376/3004/2751 693/769/2748
f 687/763/2725 1362/2990/2724 2897/1497/2752 1379/3007/2753
f 1362/2990/2724 686/762/2723 1377/3005/2754 2897/1497/2752
f 2897/1497/2752 1377/3005/2754 694/770/2755 1378/3006/2756
f 1379/3007/2753 2897/1497/2752 1378/3006/2756 695/771/2757
f 688/764/2729 1364/2992/2728 2898/1498/2758 1381/3009/2759
f 1364/2992/2728 687/763/2725 1379/3007/2753 2898/1498/2758
f 2898/1498/2758 1379/3007/2753 695/771/2757 1380/3008/2760
f 1381/3009/2759 2898/1498/2758 1380/3008/2760 696/772/2761
f 686/762/2723 1367/2995/2733 2899/1499/2762 1377/3005/2754
f 1367/2995/2733 689/765/2732 1382/3010/2763 2899/1499/2762
f 2899/1499/2762 1382/3010/2763 697/773/2764 1383/3011/2765
f 1377/3005/2754 2899/1499/2762 1383/3011/2765 694/770/2755
f 689/765/2732 1369/2997/2737 2900/1500/2766 1382/3010/2763
f 1369/2997/2737 690/766/2736 1384/3012/2767 2900/1500/2766
f 2900/1500/2766 1384/3012/2767 698/774/2768 1385/3013/2769
f 1382/3010/2763 2900/1500/2766 1385/3013/2769 697/773/2764
f 692/768/2743 1371/2999/2742 2901/1501/2770 1388/3016/2771
f 1371/2999/2742 691/767/2741 1386/3014/2772 2901/1501/2770
f 2901/1501/2770 1386/3014/2772 699/775/2773 1387/3015/2774
f 1388/3016/2771 2901/1501/2770 1387/3015/2774 700/776/2775
f 691/767/2741 1373/3001/2745 2902/1502/2776 1386/3014/2772
f 1373/3001/2745 688/764/2729 1381/3009/2759 2902/1502/2776
f 2902/1502/2776 1381/3009/2759 696/772/2761 1389/3017/2777
f 1386/3014/2772 2902/1502/2776 1389/3017/2777 699/775/2773
f 690/766/2736 1375/3003/2749 2903/1503/2778 1384/3012/2767
f 1375/3003/2749 693/769/2748 1390/3018/2779 2903/1503/2778
f 2903/1503/2778 1390/3018/2779 701/777/2780 1391/3019/2781
f 1384/3012/2767 2903/1503/2778 1391/3019/2781 698/774/2768
f 693/769/2748 1376/3004/2751 2904/1504/2782 1390/3018/2779
f 1376/3004/2751 692/768/2743 1388/3016/2771 2904/1504/2782
f 2904/1504/2782 1388/3016/2771 700/776/2775 1392/3020/2783
f 1390/3018/2779 2904/1504/2782 1392/3020/2783 701/777/2780
f 695/771/2757 1378/3006/2756 2905/1505/2784 1395/3023/2785
f 1378/3006/2756 694/770/2755 1393/3021/2786 2905/1505/2784
f 2905/1505/2784 1393/3021/2786 702/778/2787 1394/3022/2788
f 1395/3023/2785 2905/1505/2784 1394/3022/2788 703/779/2789
f 696/772/2761 1380/3008/2760 2906/1506/2790 1397/3025/2791
f 1380/3008/2760 695/771/2757 1395/3023/2785 2906/1506/2790
f 2906/1506/2790 1395/3023/2785 703/779/2789 1396/3024/2792
f 1397/3025/2791 2906/1506/2790 1396/3024/2792 704/780/2793
f 694/770/2755 1383/3011/2765 2907/1507/2794 1393/3021/2786
f 1383/3011/2765 697/773/2764 1398/3026/2795 2907/1507/2794
f 2907/1507/2794 1398/3026/2795 705/781/2796 1399/3027/2797
f 1393/3021/2786 2907/1507/2794 1399/3027/2797 702/778/2787
f 697/773/2764 1385/3013/2769 2908/1508/2798 1398/3026/2795
f 1385/3013/2769 698/774/2768 1400/3028/2799 2908/1508/2798
f 2908/1508/2798 1400/3028/2799 706/782/2800 1401/3029/2801
f 1398/3026/2795 2908/1508/2798 1401/3029/2801 705/781/2796
f 700/776/2775 1387/3015/2774 2909/1509/2802 1404/3032/2803
f 1387/3015/2774 699/775/2773 1402/3030/2804 2909/1509/2802
f 2909/1509/2802 1402/3030/2804 707/783/2805 1403/3031/2806
f 1404/3032/2803 2909/1509/2802 1403/3031/2806 708/784/2807
f 699/775/2773 1389/3017/2777 2910/1510/2808 1402/3030/2804
f 1389/3017/2777 696/772/2761 1397/3025/2791 2910/1510/2808
f 2910/1510/2808 1397/3025/2791 704/780/2793 1405/3033/2809
f 1402/3030/2804 2910/1510/2808 1405/3033/2809 707/783/2805
f 698/774/2768 1391/3019/2781 2911/1511/2810 1400/3028/2799
f 1391/3019/2781 701/777/2780 1406/3034/2811 2911/1511/2810
f 2911/1511/2810 1406/3034/2811 709/785/2812 1407/3035/2813
f 1400/3028/2799 2911/1511/2810 1407/3035/2813 706/782/2800
f 701/777/2780 1392/3020/2783 2912/1512/2814 1406/3034/2811
f 1392/3020/2783 700/776/2775 1404/3032/2803 2912/1512/2814
f 2912/1512/2814 1404/3032/2803 708/784/2807 1408/3036/2815
f 1406/3034/2811 2912/1512/2814 1408/3036/2815 709/785/2812
f 703/779/2789 1394/3022/2788 2913/1513/2816 1411/3039/2817
f 1394/3022/2788 702/778/2787 1409/3037/2818 2913/1513/2816
f 2913/1513/2816 1409/3037/2818 710/786/2819 1410/3038/2820
f 1411/3039/2817 2913/1513/2816 1410/3038/2820 711/787/2821
f 704/780/2793 1396/3024/2792 2914/1514/2822 1413/3041/2823
f 1396/3024/2792 703/779/2789 1411/3039/2817 2914/1514/2822
f 2914/1514/2822 1411/3039/2817 711/787/2821 1412/3040/2824
f 1413/3041/2823 2914/1514/2822 1412/3040/2824 712/788/2825
f 702/778/2787 1399/3027/2797 2915/1515/2826 1409/3037/2818
f 1399/3027/2797 705/781/2796 1414/3042/2827 2915/1515/2826
f 2915/1515/2826 1414/3042/2827 713/789/2828 1415/3043/2829
f 1409/3037/2818 2915/1515/2826 1415/3043/2829 710/786/2819
f 705/781/2796 1401/3029/2801 2916/1516/2830 1414/3042/2827
f 1401/3029/2801 706/782/2800 1416/3044/2831 2916/1516/2830
f 2916/1516/2830 1416/3044/2831 714/790/2832 1417/3045/2833
f 1414/3042/2827 2916/1516/2830 1417/3045/2833 713/789/2828
f 708/784/2807 1403/3031/2806 2917/1517/2834 1420/3048/2835
f 1403/3031/2806 707/783/2805 1418/3046/2836 2917/1517/2834
f 2917/1517/2834 1418/3046/2836 715/791/2837 1419/3047/2838
f 1420/3048/2835 2917/1517/2834 1419/3047/2838 716/792/2839
f 707/783/2805 1405/3033/2809 2918/1518/2840 1418/3046/2836
f 1405/3033/2809 704/780/2793 1413/3041/2823 2918/1518/2840
f 2918/1518/2840 1413/3041/2823 712/788/2825 1421/3049/2841
f 1418/3046/2836 2918/1518/2840 1421/3049/2841 715/791/2837
f 706/782/2800 1407/3035/2813 2919/1519/2842 1416/3044/2831
f 1407/3035/2813 709/785/2812 1422/3050/2843 2919/1519/2842
f 2919/1519/2842 1422/3050/2843 717/793/2844 1423/3051/2845
f 1416/3044/2831 2919/1519/2842 1423/3051/2845 714/790/2832
f 709/785/2812 1408/3036/2815 2920/1520/2846 1422/3050/2843
f 1408/3036/2815 708/784/2807 1420/3048/2835 2920/1520/2846
f 2920/1520/2846 1420/3048/2835 716/792/2839 1424/3052/2847
f 1422/3050/2843 2920/1520/2846 1424/3052/2847 717/793/2844
f 711/787/2821 1410/3038/2820 2921/1521/2848 1427/3055/2849
f 1410/3038/2820 710/786/2819 1425/3053/2850 2921/1521/2848
f 2921/1521/2848 1425/3053/2850 718/794/2851 1426/3054/2852
f 1427/3055/2849 2921/1521/2848 1426/3054/2852 719/795/2853
f 712/788/2825 1412/3040/2824 2922/1522/2854 1429/3057/2855
f 1412/3040/2824 711/787/2821 1427/3055/2849 2922/1522/2854
f 2922/1522/2854 1427/3055/2849 719/795/2853 1428/3056/2856
f 1429/3057/2855 2922/1522/2854 1428/3056/2856 720/796/2857
f 710/786/2819 1415/3043/2829 2923/1523/2858 1425/3053/2850
f 1415/3043/2829 713/789/2828 1430/3058/2859 2923/1523/2858
f 2923/1523/2858 1430/3058/2859 721/797/2860 1431/3059/2861
f 1425/3053/2850 2923/1523/2858 1431/3059/2861 718/794/2851
f 713/789/2828 1417/3045/2833 2924/1524/2862 1430/3058/2859
f 1417/3045/2833 714/790/2832 1432/3060/2863 2924/1524/2862
f 2924/1524/2862 1432/3060/2863 722/798/2864 1433/3061/2865
f 1430/3058/2859 2924/1524/2862 1433/3061/2865 721/797/2860
f 716/792/2839 1419/3047/2838 2925/1525/2866 1436/3064/2867
f 1419/3047/2838 715/791/2837 1434/3062/2868 2925/1525/2866
f 2925/1525/2866 1434/3062/2868 723/799/2869 1435/3063/2870
f 1436/3064/2867 2925/1525/2866 1435/3063/2870 724/800/2871
f 715/791/2837 1421/3049/2841 2926/1526/2872 1434/3062/2868
f 1421/3049/2841 712/788/2825 1429/3057/2855 2926/1526/2872
f 2926/1526/2872 1429/3057/2855 720/796/2857 1437/3065/2873
f 1434/3062/2868 2926/1526/2872 1437/3065/2873 723/799/2869
f 714/790/2832 1423/3051/2845 2927/1527/2874 1432/3060/2863
f 1423/3051/2845 717/793/2844 1438/3066/2875 2927/1527/2874
f 2927/1527/2874 1438/3066/2875 725/801/2876 1439/3067/2877
f 1432/3060/2863 2927/1527/2874 1439/3067/2877 722/798/2864
f 717/793/2844 1424/3052/2847 2928/1528/2878 1438/3066/2875
f 1424/3052/2847 716/792/2839 1436/3064/2867 2928/1528/2878
f 2928/1528/2878 1436/3064/2867 724/800/2871 1440/3068/2879
f 1438/3066/2875 2928/1528/2878 1440/3068/2879 725/801/2876
f 726/802/2880 1441/3069/2881 2929/1529/2882 1443/3071/2883
f 1441/3069/2881 727/803/2884 1442/3070/2885 2929/1529/2882
f 2929/1529/2882 1442/3070/2885 659/735/2628 1313/2941/2625
f 1443/3071/2883 2929/1529/2882 1313/2941/2625 658/734/2624
f 728/804/2886 1444/3072/2887 2930/1530/2888 1445/3073/2889
f 1444/3072/2887 726/802/2880 1443/3071/2883 2930/1530/2888
f 2930/1530/2888 1443/3071/2883 658/734/2624 1317/2945/2627
f 1445/3073/2889 2930/1530/2888 1317/2945/2627 662/738/2634
f 727/803/2884 1446/3074/2890 2931/1531/2891 1442/3070/2885
f 1446/3074/2890 729/805/2892 1447/3075/2893 2931/1531/2891
f 2931/1531/2891 1447/3075/2893 663/739/2637 1318/2946/2635
f 1442/3070/2885 2931/1531/2891 1318/2946/2635 659/735/2628
f 729/805/2892 1448/3076/2894 2932/1532/2895 1447/3075/2893
f 1448/3076/2894 730/806/2896 1449/3077/2897 2932/1532/2895
f 2932/1532/2895 1449/3077/2897 664/740/2639 1319/2947/2638
f 1447/3075/2893 2932/1532/2895 1319/2947/2638 663/739/2637
f 731/807/2898 1450/3078/2899 2933/1533/2900 1452/3080/2901
f 1450/3078/2899 732/808/2902 1451/3079/2903 2933/1533/2900
f 2933/1533/2900 1451/3079/2903 668/744/2649 1324/2952/2648
f 1452/3080/2901 2933/1533/2900 1324/2952/2648 667/743/2647
f 732/808/2902 1453/3081/2904 2934/1534/2905 1451/3079/2903
f 1453/3081/2904 728/804/2886 1445/3073/2889 2934/1534/2905
f 2934/1534/2905 1445/3073/2889 662/738/2634 1325/2953/2650
f 1451/3079/2903 2934/1534/2905 1325/2953/2650 668/744/2649
f 730/806/2896 1454/3082/2906 2935/1535/2907 1449/3077/2897
f 1454/3082/2906 733/809/2908 1455/3083/2909 2935/1535/2907
f 2935/1535/2907 1455/3083/2909 669/745/2653 1326/2954/2651
f 1449/3077/2897 2935/1535/2907 1326/2954/2651 664/740/2639
f 733/809/2908 1456/3084/2910 2936/1536/2911 1455/3083/2909
f 1456/3084/2910 731/807/2898 1452/3080/2901 2936/1536/2911
f 2936/1536/2911 1452/3080/2901 667/743/2647 1327/2955/2654
f 1455/3083/2909 2936/1536/2911 1327/2955/2654 669/745/2653
f 719/795/2853 1426/3054/2852 2937/1537/2912 1458/3086/2913
f 1426/3054/2852 718/794/2851 1457/3085/2914 2937/1537/2912
f 2937/1537/2912 1457/3085/2914 727/803/2884 1441/3069/2881
f 1458/3086/2913 2937/1537/2912 1441/3069/2881 726/802/2880
f 718/794/2851 1431/3059/2861 2938/1538/2915 1457/3085/2914
f 1431/3059/2861 721/797/2860 1459/3087/2916 2938/1538/2915
f 2938/1538/2915 1459/3087/2916 729/805/2892 1446/3074/2890
f 1457/3085/2914 2938/1538/2915 1446/3074/2890 727/803/2884
f 721/797/2860 1433/3061/2865 2939/1539/2917 1459/3087/2916
f 1433/3061/2865 722/798/2864 1460/3088/2918 2939/1539/2917
f 2939/1539/2917 1460/3088/2918 730/806/2896 1448/3076/2894
f 1459/3087/2916 2939/1539/2917 1448/3076/2894 729/805/2892
f 722/798/2864 1439/3067/2877 2940/1540/2919 1460/3088/2918
f 1439/3067/2877 725/801/2876 1461/3089/2920 2940/1540/2919
f 2940/1540/2919 1461/3089/2920 733/809/2908 1454/3082/2906
f 1460/3088/2918 2940/1540/2919 1454/3082/2906 730/806/2896
f 725/801/2876 1440/3068/2879 2941/1541/2921 1461/3089/2920
f 1440/3068/2879 724/800/2871 1462/3090/2922 2941/1541/2921
f 2941/1541/2921 1462/3090/2922 731/807/2898 1456/3084/2910
f 1461/3089/2920 2941/1541/2921 1456/3084/2910 733/809/2908
f 724/800/2871 1435/3063/2870 2942/1542/2923 1462/3090/2922
f 1435/3063/2870 723/799/2869 1463/3091/2924 2942/1542/2923
f 2942/1542/2923 1463/3091/2924 732/808/2902 1450/3078/2899
f 1462/3090/2922 2942/1542/2923 1450/3078/2899 731/807/2898
f 723/799/2869 1437/3065/2873 2943/1543/2925 1463/3091/2924
f 1437/3065/2873 720/796/2857 1464/3092/2926 2943/1543/2925
f 2943/1543/2925 1464/3092/2926 728/804/2886 1453/3081/2904
f 1463/3091/2924 2943/1543/2925 1453/3081/2904 732/808/2902
f 720/796/2857 1428/3056/2856 2944/1544/2927 1464/3092/2926
f 1428/3056/2856 719/795/2853 1458/3086/2913 2944/1544/2927
f 2944/1544/2927 1458/3086/2913 726/802/2880 1444/3072/2887
f 1464/3092/2926 2944/1544/2927 1444/3072/2887 728/804/2886
f 734/810/2928 1465/3093/2929 2945/1545/2930 1467/3095/2931
f 735/811/2932 1466/3094/2933 2945/1545/2930 1465/3093/2929
f 736/812/2934 1467/3095/2931 2945/1545/2930 1466/3094/2933
f 737/813/2935 1468/3096/2936 2946/1546/2937 1469/3097/2938
f 734/810/2928 1467/3095/2931 2946/1546/2937 1468/3096/2936
f 736/812/2934 1469/3097/2938 2946/1546/2937 1467/3095/2931
f 738/814/2939 1470/3098/2940 2947/1547/2941 1471/3099/2942
f 737/813/2935 1469/3097/2938 2947/1547/2941 1470/3098/2940
f 736/812/2934 1471/3099/2942 2947/1547/2941 1469/3097/2938
f 736/812/2934 1466/3094/2933 2948/1548/2943 1471/3099/2942
f 735/811/2932 1472/3100/2944 2948/1548/2943 1466/3094/2933
f 738/814/2939 1471/3099/2942 2948/1548/2943 1472/3100/2944
f 665/741/2641 1328/2956/2655 2949/1549/2945 1474/3102/2946
f 1328/2956/2655 666/742/2645 1473/3101/2947 2949/1549/2945
f 2949/1549/2945 1473/3101/2947 735/811/2932 1465/3093/2929
f 1474/3102/2946 2949/1549/2945 1465/3093/2929 734/810/2928
f 660/736/2630 1321/2949/2642 2950/1550/2948 1475/3103/2949
f 1321/2949/2642 665/741/2641 1474/3102/2946 2950/1550/2948
f 2950/1550/2948 1474/3102/2946 734/810/2928 1468/3096/2936
f 1475/3103/2949 2950/1550/2948 1468/3096/2936 737/813/2935
f 661/737/2632 1315/2943/2631 2951/1551/2950 1476/3104/2951
f 1315/2943/2631 660/736/2630 1475/3103/2949 2951/1551/2950
f 2951/1551/2950 1475/3103/2949 737/813/2935 1470/3098/2940
f 1476/3104/2951 2951/1551/2950 1470/3098/2940 738/814/2939
f 666/742/2645 1322/2950/2643 2952/1552/2952 1473/3101/2947
f 1322/2950/2643 661/737/2632 1476/3104/2951 2952/1552/2952
f 2952/1552/2952 1476/3104/2951 738/814/2939 1472/3100/2944
f 1473/3101/2947 2952/1552/2952 1472/3100/2944 735/811/2932
g default
v 1.900626 6.519049 -0.359314
v 1.755474 6.554012 -0.685519
v 1.529396 6.608470 -0.944396
v 1.244519 6.677090 -1.110605
v 0.928732 6.753156 -1.167877
v 0.612944 6.829221 -1.110605
v 0.328069 6.897842 -0.944396
v 0.101990 6.952301 -0.685519
v -0.043164 6.987262 -0.359314
v -0.093179 6.999310 0.002287
v -0.043164 6.987262 0.363887
v 0.101990 6.952301 0.690092
v 0.328069 6.897841 0.948968
v 0.612944 6.829221 1.115178
v 0.928732 6.753156 1.172450
v 1.244519 6.677089 1.115178
v 1.529395 6.608470 0.948968
v 1.755474 6.554011 0.690092
v 1.900626 6.519050 0.363887
v 1.950640 6.507001 0.002287
v 2.024429 6.559429 -0.471176
v 1.864749 6.595788 -0.898294
v 1.616041 6.652417 -1.237257
v 1.302650 6.723775 -1.454884
v 0.955254 6.802877 -1.529873
v 0.607857 6.881978 -1.454883
v 0.294468 6.953335 -1.237257
v 0.045760 7.009965 -0.898294
v -0.113920 7.046324 -0.471176
v -0.168942 7.058853 0.002287
v -0.113920 7.046324 0.475750
v 0.045760 7.009965 0.902866
v 0.294468 6.953335 1.241830
v 0.607857 6.881978 1.459456
v 0.955254 6.802877 1.534445
v 1.302650 6.723775 1.459455
v 1.616041 6.652418 1.241830
v 1.864749 6.595787 0.902866
v 2.024429 6.559429 0.475750
v 2.079451 6.546901 0.002287
v 2.078984 6.609300 -0.485894
v 1.914633 6.648872 -0.926288
v 1.658650 6.710507 -1.275787
v 1.336097 6.788174 -1.500179
v 0.978542 6.874268 -1.577498
v 0.620985 6.960362 -1.500179
v 0.298433 7.038026 -1.275787
v 0.042454 7.099663 -0.926288
v -0.121898 7.139235 -0.485894
v -0.178537 7.152869 0.002287
v -0.121898 7.139235 0.490468
v 0.042454 7.099663 0.930861
v 0.298433 7.038028 1.280360
v 0.620984 6.960361 1.504752
v 0.978542 6.874268 1.582071
v 1.336096 6.788174 1.504752
v 1.658650 6.710507 1.280360
v 1.914632 6.648872 0.930861
v 2.078982 6.609300 0.490468
v 2.135619 6.595666 0.002287
v 1.953863 6.788317 -0.436989
v 1.811265 6.822366 -0.833262
v 1.589162 6.875402 -1.147746
v 1.309293 6.942230 -1.349660
v 0.999058 7.016311 -1.419233
v 0.688821 7.090388 -1.349659
v 0.408953 7.157216 -1.147746
v 0.186849 7.210254 -0.833262
v 0.044247 7.244302 -0.436989
v -0.004888 7.256036 0.002287
v 0.044247 7.244302 0.441562
v 0.186849 7.210254 0.837835
v 0.408953 7.157216 1.152319
v 0.688821 7.090388 1.354233
v 0.999058 7.016311 1.423806
v 1.309293 6.942230 1.354233
v 1.589161 6.875403 1.152319
v 1.811265 6.822366 0.837835
v 1.953863 6.788317 0.441562
v 2.002998 6.776585 0.002287
v 1.951595 6.956659 -0.383173
v 1.817112 6.989296 -0.730900
v 1.607651 7.040126 -1.006860
v 1.343714 7.104177 -1.184035
v 1.051137 7.175176 -1.245086
v 0.758561 7.246175 -1.184035
v 0.494623 7.310227 -1.006860
v 0.285162 7.361056 -0.730900
v 0.150680 7.393693 -0.383172
v 0.104339 7.404938 0.002287
v 0.150680 7.393693 0.387746
v 0.285162 7.361056 0.735474
v 0.494624 7.310226 1.011432
v 0.758561 7.246175 1.188608
v 1.051137 7.175176 1.249659
v 1.343714 7.104177 1.188608
v 1.607651 7.040126 1.011432
v 1.817112 6.989296 0.735474
v 1.951594 6.956659 0.387746
v 1.997934 6.945413 0.002287
v 1.868077 7.222641 -0.310925
v 1.756716 7.253586 -0.593477
v 1.583265 7.301789 -0.817712
v 1.364704 7.362526 -0.961680
v 1.122428 7.429854 -1.011288
v 0.880152 7.497181 -0.961680
v 0.661591 7.557919 -0.817712
v 0.488142 7.606120 -0.593477
v 0.376780 7.637065 -0.310925
v 0.338407 7.647730 0.002287
v 0.376780 7.637065 0.315498
v 0.488142 7.606120 0.598050
v 0.661591 7.557919 0.822285
v 0.880152 7.497181 0.966252
v 1.122428 7.429854 1.015860
v 1.364704 7.362526 0.966252
v 1.583265 7.301789 0.822284
v 1.756715 7.253588 0.598050
v 1.868077 7.222641 0.315498
v 1.906450 7.211978 0.002287
v 1.709734 7.460940 -0.260345
v 1.624477 7.481299 -0.497269
v 1.491685 7.513007 -0.685293
v 1.324359 7.552962 -0.806012
v 1.138877 7.597252 -0.847607
v 0.953394 7.641542 -0.806012
v 0.786067 7.681496 -0.685293
v 0.653276 7.713205 -0.497269
v 0.568019 7.733562 -0.260345
v 0.538642 7.740577 0.002287
v 0.568019 7.733562 0.264918
v 0.653276 7.713205 0.501842
v 0.786067 7.681496 0.689866
v 0.953394 7.641542 0.810584
v 1.138877 7.597252 0.852179
v 1.324359 7.552962 0.810584
v 1.491685 7.513007 0.689866
v 1.624477 7.481297 0.501842
v 1.709734 7.460940 0.264918
v 1.739110 7.453926 0.002287
v 1.605441 7.562285 -0.187040
v 1.539775 7.579353 -0.357834
v 1.437496 7.605936 -0.493377
v 1.308618 7.639436 -0.580401
v 1.165756 7.676568 -0.610387
v 1.022894 7.713701 -0.580401
v 0.894016 7.747200 -0.493377
v 0.791738 7.773784 -0.357834
v 0.726072 7.790852 -0.187040
v 0.703445 7.796734 0.002286
v 0.726072 7.790852 0.191613
v 0.791738 7.773784 0.362407
v 0.894016 7.747200 0.497950
v 1.022894 7.713701 0.584973
v 1.165756 7.676568 0.614960
v 1.308618 7.639436 0.584973
v 1.437496 7.605936 0.497950
v 1.539773 7.579351 0.362407
v 1.605440 7.562283 0.191613
v 1.628068 7.556403 0.002286
v 1.443449 7.739057 -0.118441
v 1.401040 7.749186 -0.227351
v 1.334984 7.764957 -0.313782
v 1.251749 7.784833 -0.369274
v 1.159483 7.806865 -0.388395
v 1.067217 7.828897 -0.369274
v 0.983982 7.848772 -0.313782
v 0.917927 7.864543 -0.227351
v 0.875517 7.874672 -0.118441
v 0.860903 7.878161 0.002286
v 0.887753 7.862297 0.131166
v 0.917927 7.864543 0.231924
v 0.983982 7.848772 0.318355
v 1.067217 7.828897 0.373847
v 1.159483 7.806865 0.392968
v 1.251749 7.784833 0.373847
v 1.334984 7.764958 0.318355
v 1.401039 7.749186 0.231923
v 1.443449 7.739058 0.123014
v 1.458063 7.735569 0.002286
v 1.603247 7.846870 -0.130648
v 1.543846 7.864375 -0.250570
v 1.451328 7.891639 -0.345740
v 1.334747 7.925994 -0.406843
v 1.205518 7.964078 -0.427898
v 1.076287 8.002161 -0.406843
v 0.959707 8.036516 -0.345740
v 0.867189 8.063780 -0.250570
v 0.807788 8.081286 -0.130648
v 0.787320 8.087317 0.002286
v 0.807788 8.081286 0.135221
v 0.867189 8.063780 0.255143
v 0.959707 8.036516 0.350313
v 1.076287 8.002161 0.411416
v 1.205518 7.964078 0.432471
v 1.334747 7.925994 0.411416
v 1.451328 7.891639 0.350313
v 1.543846 7.864375 0.255143
v 1.603247 7.846870 0.135221
v 1.623715 7.840838 0.002286
v 1.619857 7.933771 -0.129011
v 1.561188 7.951060 -0.247457
v 1.469809 7.977987 -0.341455
v 1.354664 8.011921 -0.401806
v 1.227025 8.049536 -0.422602
v 1.099385 8.087150 -0.401806
v 0.984240 8.121081 -0.341455
v 0.892861 8.148011 -0.247457
v 0.834192 8.165300 -0.129011
v 0.813976 8.171256 0.002286
v 0.834192 8.165300 0.133584
v 0.892861 8.148011 0.252029
v 0.984240 8.121081 0.346028
v 1.099385 8.087150 0.406379
v 1.227025 8.049536 0.427175
v 1.354664 8.011921 0.406379
v 1.469808 7.977988 0.346028
v 1.561188 7.951061 0.252029
v 1.619857 7.933770 0.133584
v 1.640073 7.927813 0.002286
v 1.622348 7.995957 -0.124142
v 1.565855 8.012606 -0.238194
v 1.477865 8.038535 -0.328707
v 1.366990 8.071209 -0.386819
v 1.244085 8.107428 -0.406843
v 1.121180 8.143648 -0.386819
v 1.010305 8.176321 -0.328707
v 0.922315 8.202252 -0.238194
v 0.865822 8.218899 -0.124142
v 0.846356 8.224636 0.002286
v 0.865822 8.218899 0.128714
v 0.922315 8.202252 0.242767
v 1.010305 8.176321 0.333279
v 1.121180 8.143648 0.391392
v 1.244085 8.107428 0.411416
v 1.366990 8.071209 0.391392
v 1.477865 8.038535 0.333279
v 1.565855 8.012606 0.242767
v 1.622348 7.995958 0.128714
v 1.641814 7.990221 0.002286
v 1.614675 8.058002 -0.116159
v 1.561748 8.073599 -0.223010
v 1.479313 8.097891 -0.307808
v 1.375440 8.128502 -0.362251
v 1.260295 8.162435 -0.381011
v 1.145149 8.196366 -0.362251
v 1.041276 8.226977 -0.307807
v 0.958842 8.251270 -0.223010
v 0.905915 8.266867 -0.116159
v 0.887678 8.272241 0.002286
v 0.905915 8.266867 0.120732
v 0.958842 8.251270 0.227583
v 1.041277 8.226977 0.312380
v 1.145150 8.196366 0.366824
v 1.260295 8.162435 0.385584
v 1.375440 8.128502 0.366824
v 1.479313 8.097891 0.312380
v 1.561748 8.073599 0.227583
v 1.614675 8.058002 0.120732
v 1.632911 8.052626 0.002286
v 1.597024 8.118375 -0.105260
v 1.548968 8.132536 -0.202278
v 1.474120 8.154595 -0.279273
v 1.379804 8.182388 -0.328707
v 1.275255 8.213199 -0.345740
v 1.170705 8.244008 -0.328707
v 1.076390 8.271802 -0.279273
v 1.001541 8.293860 -0.202278
v 0.953484 8.308022 -0.105260
v 0.936926 8.312901 0.002286
v 0.953484 8.308022 0.109833
v 1.001541 8.293860 0.206851
v 1.076390 8.271802 0.283846
v 1.170705 8.244008 0.333279
v 1.275255 8.213199 0.350313
v 1.379804 8.182389 0.333279
v 1.474120 8.154595 0.283846
v 1.548968 8.132536 0.206851
v 1.597024 8.118375 0.109833
v 1.613583 8.113495 0.002286
v 1.569833 8.175592 -0.091712
v 1.527831 8.187971 -0.176510
v 1.462410 8.207250 -0.243806
v 1.379976 8.231543 -0.287012
v 1.288596 8.258471 -0.301900
v 1.197216 8.285399 -0.287012
v 1.114782 8.309694 -0.243805
v 1.049361 8.328971 -0.176510
v 1.007359 8.341349 -0.091712
v 0.992886 8.345613 0.002286
v 1.007359 8.341349 0.096285
v 1.049361 8.328971 0.181083
v 1.114782 8.309694 0.248378
v 1.197216 8.285399 0.291585
v 1.288596 8.258471 0.306473
v 1.379976 8.231543 0.291585
v 1.462410 8.207248 0.248378
v 1.527831 8.187971 0.181083
v 1.569833 8.175593 0.096285
v 1.584307 8.171328 0.002286
v 1.533771 8.228246 -0.075850
v 1.498856 8.238534 -0.146339
v 1.444475 8.254560 -0.202278
v 1.375950 8.274754 -0.238194
v 1.299991 8.297138 -0.250570
v 1.224031 8.319522 -0.238194
v 1.155507 8.339717 -0.202278
v 1.101126 8.355742 -0.146339
v 1.066212 8.366031 -0.075850
v 1.054181 8.369576 0.002286
v 1.066212 8.366031 0.080423
v 1.101126 8.355742 0.150912
v 1.155507 8.339717 0.206851
v 1.224031 8.319522 0.242767
v 1.299991 8.297138 0.255143
v 1.375950 8.274754 0.242767
v 1.444475 8.254560 0.206851
v 1.498856 8.238534 0.150911
v 1.533770 8.228246 0.080423
v 1.545801 8.224700 0.002286
v 1.489724 8.275035 -0.058064
v 1.462756 8.282983 -0.112508
v 1.420754 8.295361 -0.155714
v 1.367828 8.310958 -0.183455
v 1.309158 8.328247 -0.193013
v 1.250489 8.345536 -0.183455
v 1.197563 8.361133 -0.155714
v 1.155560 8.373510 -0.112508
v 1.128593 8.381458 -0.058064
v 1.119301 8.384196 0.002286
v 1.128593 8.381458 0.062637
v 1.155560 8.373510 0.117081
v 1.197563 8.361133 0.160287
v 1.250489 8.345536 0.188027
v 1.309158 8.328247 0.197586
v 1.367828 8.310958 0.188027
v 1.420754 8.295361 0.160287
v 1.462756 8.282983 0.117081
v 1.489724 8.275036 0.062637
v 1.499016 8.272297 0.002286
v 1.438778 8.314812 -0.038793
v 1.420422 8.320220 -0.075850
v 1.391832 8.328646 -0.105260
v 1.355807 8.339262 -0.124142
v 1.315872 8.351030 -0.130648
v 1.275938 8.362799 -0.124142
v 1.239913 8.373416 -0.105260
v 1.211324 8.381841 -0.075850
v 1.192967 8.387249 -0.038793
v 1.186643 8.389114 0.002286
v 1.192967 8.387249 0.043365
v 1.211324 8.381841 0.080423
v 1.239913 8.373416 0.109833
v 1.275938 8.362799 0.128714
v 1.315872 8.351030 0.135221
v 1.355807 8.339262 0.128714
v 1.391832 8.328646 0.109833
v 1.420422 8.320220 0.080423
v 1.438778 8.314812 0.043365
v 1.445103 8.312947 0.002286
v 1.382187 8.346594 -0.018509
v 1.372895 8.349333 -0.037269
v 1.358422 8.353597 -0.052157
v 1.340184 8.358971 -0.061716
v 1.319968 8.364930 -0.065009
v 1.299752 8.370887 -0.061716
v 1.281515 8.376261 -0.052157
v 1.267042 8.380527 -0.037269
v 1.257750 8.383265 -0.018509
v 1.254548 8.384208 0.002286
v 1.257750 8.383265 0.023082
v 1.267042 8.380527 0.041842
v 1.281515 8.376261 0.056730
v 1.299752 8.370887 0.066288
v 1.319968 8.364930 0.069582
v 1.340184 8.358971 0.066288
v 1.358422 8.353597 0.056730
v 1.372895 8.349333 0.041842
v 1.382187 8.346594 0.023082
v 1.385389 8.345650 0.002286
v 0.913293 6.747341 0.002287
v 1.321345 8.369601 0.002286
v 1.523348 7.792964 -0.129830
v 1.472443 7.806779 -0.249013
v 1.393156 7.828299 -0.343598
v 1.293248 7.855414 -0.404325
v 1.182500 7.885472 -0.425250
v 1.071752 7.915528 -0.404325
v 0.971844 7.942642 -0.343598
v 0.892558 7.964162 -0.249013
v 0.841652 7.977979 -0.129830
v 0.824112 7.982739 0.002286
v 0.841652 7.977979 0.134402
v 0.892558 7.964162 0.253586
v 0.971844 7.942642 0.348171
v 1.071752 7.915528 0.408898
v 1.182500 7.885472 0.429823
v 1.293248 7.855414 0.408898
v 1.393156 7.828299 0.348171
v 1.472442 7.806780 0.253586
v 1.523348 7.792965 0.134402
v 1.540889 7.788204 0.002286
v 2.000631 6.721404 -0.455269
v 1.849902 6.757518 -0.868033
v 1.615135 6.813768 -1.195605
v 1.319312 6.884647 -1.405921
v 0.991390 6.963218 -1.478390
v 0.663465 7.041787 -1.405921
v 0.367642 7.112666 -1.195605
v 0.132877 7.168918 -0.868033
v -0.017855 7.205030 -0.455269
v -0.069794 7.217475 0.002287
v -0.017855 7.205030 0.459842
v 0.132877 7.168918 0.872606
v 0.367643 7.112667 1.200178
v 0.663465 7.041787 1.410494
v 0.991390 6.963218 1.482962
v 1.319311 6.884647 1.410494
v 1.615135 6.813769 1.200178
v 1.849902 6.757516 0.872606
v 2.000631 6.721405 0.459842
v 2.052569 6.708961 0.002287
v 1.520626 7.635839 -0.156315
v 1.467136 7.649274 -0.299391
v 1.383823 7.670197 -0.412937
v 1.278843 7.696563 -0.485838
v 1.162472 7.725789 -0.510958
v 1.046100 7.755016 -0.485838
v 0.941121 7.781381 -0.412937
v 0.857808 7.802305 -0.299391
v 0.804318 7.815737 -0.156315
v 0.785887 7.820368 0.002286
v 0.804318 7.815737 0.160888
v 0.857808 7.802305 0.303964
v 0.941121 7.781381 0.417510
v 1.046100 7.755016 0.490410
v 1.162472 7.725789 0.515530
v 1.278843 7.696563 0.490410
v 1.383823 7.670198 0.417509
v 1.467135 7.649272 0.303964
v 1.520626 7.635840 0.160888
v 1.539057 7.631211 0.002286
vt 0.609244 0.036400
vt 0.569666 0.037957
vt 0.595925 0.054501
vt 0.639356 0.053335
vt 0.508020 0.040383
vt 0.528279 0.056316
vt 0.430342 0.043439
vt 0.443040 0.058604
vt 0.344235 0.046827
vt 0.348553 0.061140
vt 0.258128 0.050215
vt 0.254064 0.063676
vt 0.180450 0.053272
vt 0.168826 0.065964
vt 0.118804 0.055698
vt 0.101180 0.067780
vt 0.079224 0.057255
vt 0.057749 0.068946
vt 0.957375 0.376785
vt 0.947064 0.377069
vt 0.963398 0.368425
vt 0.974712 0.368255
vt 0.917139 0.377892
vt 0.930565 0.368919
vt 0.870530 0.379175
vt 0.879428 0.369687
vt 0.811800 0.380792
vt 0.814991 0.370655
vt 0.746696 0.382584
vt 0.743561 0.371729
vt 0.681593 0.384376
vt 0.672132 0.372802
vt 0.622863 0.385993
vt 0.607694 0.373771
vt 0.576254 0.387276
vt 0.556556 0.374539
vt 0.546329 0.388100
vt 0.523724 0.375033
vt 0.536018 0.388384
vt 0.512410 0.375203
vt 0.065587 0.057792
vt 0.042784 0.069348
vt 0.622882 0.035863
vt 0.654322 0.052933
vt 0.606146 0.070902
vt 0.650959 0.069143
vt 0.536348 0.073642
vt 0.448397 0.077095
vt 0.350903 0.080923
vt 0.968825 0.350533
vt 0.980502 0.350213
vt 0.934943 0.351462
vt 0.882171 0.352910
vt 0.815674 0.354735
vt 0.741961 0.356758
vt 0.668248 0.358780
vt 0.601751 0.360605
vt 0.548979 0.362053
vt 0.515096 0.362983
vt 0.503421 0.363302
vt 0.253409 0.084751
vt 0.165459 0.088204
vt 0.095661 0.090944
vt 0.050848 0.092703
vt 0.035404 0.093309
vt 0.666402 0.068538
vt 0.624752 0.094239
vt 0.583663 0.095806
vt 0.570243 0.110670
vt 0.609110 0.109218
vt 0.519663 0.098247
vt 0.509705 0.112933
vt 0.439020 0.101322
vt 0.433423 0.115783
vt 0.349626 0.104732
vt 0.348863 0.118943
vt 0.260231 0.108141
vt 0.264304 0.122102
vt 0.961858 0.333020
vt 0.951153 0.333302
vt 0.940604 0.323017
vt 0.950730 0.322758
vt 0.920086 0.334119
vt 0.911218 0.323767
vt 0.871698 0.335393
vt 0.865448 0.324937
vt 0.810727 0.336997
vt 0.807774 0.326410
vt 0.743139 0.338776
vt 0.743842 0.328043
vt 0.675552 0.340555
vt 0.679910 0.329677
vt 0.614579 0.342160
vt 0.622236 0.331150
vt 0.566192 0.343434
vt 0.576466 0.332320
vt 0.535126 0.344251
vt 0.547080 0.333070
vt 0.524421 0.344532
vt 0.536955 0.333329
vt 0.179588 0.111217
vt 0.188022 0.124953
vt 0.115589 0.113658
vt 0.127484 0.127216
vt 0.074499 0.115225
vt 0.088615 0.128667
vt 0.060340 0.115765
vt 0.075223 0.129168
vt 0.638911 0.093699
vt 0.925938 0.289289
vt 0.935495 0.289010
vt 0.898203 0.290100
vt 0.855004 0.291363
vt 0.800571 0.292954
vt 0.740231 0.294717
vt 0.679891 0.296480
vt 0.625458 0.298071
vt 0.582259 0.299334
vt 0.554524 0.300145
vt 0.544967 0.300424
vt 0.622502 0.108718
vt 0.563094 0.154403
vt 0.599776 0.152897
vt 0.505960 0.156748
vt 0.433966 0.159703
vt 0.354161 0.162979
vt 0.274356 0.166254
vt 0.202363 0.169210
vt 0.145229 0.171555
vt 0.891707 0.232153
vt 0.899677 0.231656
vt 0.868576 0.233593
vt 0.832551 0.235837
vt 0.787156 0.238665
vt 0.736835 0.241799
vt 0.686514 0.244933
vt 0.641119 0.247760
vt 0.605093 0.250004
vt 0.581963 0.251445
vt 0.573993 0.251941
vt 0.108546 0.173061
vt 0.095906 0.173580
vt 0.612416 0.152378
vt 0.533654 0.220025
vt 0.564233 0.217757
vt 0.486025 0.223556
vt 0.426009 0.228006
vt 0.359481 0.232939
vt 0.292953 0.237872
vt 0.858207 0.205275
vt 0.864261 0.205120
vt 0.840638 0.205724
vt 0.813273 0.206423
vt 0.778791 0.207304
vt 0.740568 0.208280
vt 0.702345 0.209257
vt 0.667863 0.210138
vt 0.640498 0.210837
vt 0.622928 0.211286
vt 0.616875 0.211440
vt 0.232937 0.242322
vt 0.185309 0.245854
vt 0.154729 0.248121
vt 0.144192 0.248902
vt 0.574770 0.216976
vt 0.487424 0.272399
vt 0.510662 0.271530
vt 0.451229 0.273751
vt 0.429197 0.567382
vt 0.403511 0.574353
vt 0.439540 0.603415
vt 0.469513 0.594582
vt 0.363504 0.585211
vt 0.392857 0.617172
vt 0.313092 0.598893
vt 0.334032 0.634507
vt 0.257211 0.614060
vt 0.268825 0.653723
vt 0.201328 0.629226
vt 0.203617 0.672939
vt 0.150917 0.642908
vt 0.144792 0.690274
vt 0.110910 0.653766
vt 0.098109 0.704031
vt 0.085224 0.660737
vt 0.068136 0.712864
vt 0.076373 0.663139
vt 0.057809 0.715908
vt 0.550432 0.630680
vt 0.559283 0.628278
vt 0.542196 0.680406
vt 0.531868 0.683449
vt 0.584969 0.621307
vt 0.572168 0.671573
vt 0.624976 0.610448
vt 0.618852 0.657815
vt 0.675388 0.596767
vt 0.677676 0.640481
vt 0.731270 0.581601
vt 0.742884 0.621265
vt 0.787152 0.566434
vt 0.808092 0.602048
vt 0.837563 0.552752
vt 0.866916 0.584713
vt 0.877570 0.541894
vt 0.913599 0.570956
vt 0.438048 0.564980
vt 0.479841 0.591538
vt 0.448291 0.647155
vt 0.477894 0.638431
vt 0.402182 0.660742
vt 0.344081 0.677864
vt 0.279677 0.696844
vt 0.215272 0.715824
vt 0.157171 0.732945
vt 0.111063 0.746533
vt 0.081459 0.755257
vt 0.071259 0.758262
vt 0.903256 0.534923
vt 0.943572 0.562123
vt 0.912107 0.532521
vt 0.953900 0.559079
vt 0.555519 0.722798
vt 0.545318 0.725803
vt 0.585122 0.714074
vt 0.631231 0.700486
vt 0.689331 0.683365
vt 0.488095 0.635424
vt 0.450645 0.678209
vt 0.479151 0.669809
vt 0.406247 0.691293
vt 0.350301 0.707780
vt 0.288285 0.726056
vt 0.226269 0.744331
vt 0.170324 0.760818
vt 0.125925 0.773902
vt 0.097419 0.782302
vt 0.087597 0.785197
vt 0.753736 0.664385
vt 0.818141 0.645405
vt 0.876241 0.628283
vt 0.922350 0.614696
vt 0.951953 0.605972
vt 0.962154 0.602966
vt 0.571479 0.749843
vt 0.561656 0.752738
vt 0.599984 0.741443
vt 0.488973 0.666915
vt 0.448573 0.708986
vt 0.475279 0.701116
vt 0.406978 0.721243
vt 0.354565 0.736689
vt 0.296465 0.753811
vt 0.238364 0.770932
vt 0.185951 0.786378
vt 0.144356 0.798636
vt 0.117650 0.806506
vt 0.108448 0.809218
vt 0.644383 0.728359
vt 0.700328 0.711873
vt 0.762344 0.693597
vt 0.824360 0.675321
vt 0.880306 0.658834
vt 0.924705 0.645751
vt 0.953210 0.637350
vt 0.963033 0.634456
vt 0.591709 0.774047
vt 0.484481 0.698403
vt 0.442125 0.738725
vt 0.466373 0.731579
vt 0.404357 0.749855
vt 0.356767 0.763879
vt 0.304013 0.779426
vt 0.251259 0.794972
vt 0.203669 0.808996
vt 0.165901 0.820126
vt 0.141653 0.827272
vt 0.133297 0.829734
vt 0.582507 0.776759
vt 0.618415 0.766177
vt 0.660010 0.753919
vt 0.712423 0.738474
vt 0.770524 0.721352
vt 0.828624 0.704230
vt 0.881037 0.688784
vt 0.922633 0.676527
vt 0.949339 0.668657
vt 0.474729 0.729117
vt 0.431459 0.766696
vt 0.452653 0.760450
vt 0.398449 0.776424
vt 0.356854 0.788682
vt 0.310745 0.802269
vt 0.264636 0.815857
vt 0.223041 0.828116
vt 0.190030 0.837843
vt 0.168837 0.844088
vt 0.161534 0.846240
vt 0.958540 0.665944
vt 0.615712 0.794813
vt 0.607357 0.797275
vt 0.639960 0.787668
vt 0.677728 0.776538
vt 0.725318 0.762513
vt 0.778072 0.746967
vt 0.830826 0.731421
vt 0.878416 0.717396
vt 0.459956 0.758298
vt 0.416839 0.792210
vt 0.434456 0.787018
vt 0.389399 0.800296
vt 0.354823 0.810485
vt 0.316494 0.821780
vt 0.278166 0.833075
vt 0.243590 0.843265
vt 0.216150 0.851351
vt 0.198533 0.856543
vt 0.192462 0.858331
vt 0.916184 0.706266
vt 0.940432 0.699120
vt 0.948788 0.696658
vt 0.642896 0.811630
vt 0.635593 0.813781
vt 0.664090 0.805384
vt 0.697100 0.795657
vt 0.738695 0.783398
vt 0.784804 0.769810
vt 0.440527 0.785229
vt 0.398623 0.814638
vt 0.412231 0.810628
vt 0.377430 0.820883
vt 0.350724 0.828753
vt 0.321120 0.837477
vt 0.291517 0.846201
vt 0.264811 0.854071
vt 0.243617 0.860316
vt 0.230009 0.864327
vt 0.225321 0.865708
vt 0.830913 0.756223
vt 0.872508 0.743964
vt 0.905518 0.734237
vt 0.926712 0.727992
vt 0.934015 0.725840
vt 0.672592 0.824084
vt 0.666522 0.825872
vt 0.690210 0.818892
vt 0.717649 0.810806
vt 0.416919 0.809246
vt 0.377262 0.833427
vt 0.386524 0.830698
vt 0.362836 0.837679
vt 0.344658 0.843035
vt 0.324508 0.848974
vt 0.304358 0.854912
vt 0.286180 0.860269
vt 0.271754 0.864520
vt 0.262492 0.867249
vt 0.259301 0.868190
vt 0.752226 0.800616
vt 0.790554 0.789322
vt 0.828882 0.778027
vt 0.863458 0.767837
vt 0.890898 0.759751
vt 0.908515 0.754559
vt 0.914586 0.752770
vt 0.704069 0.831868
vt 0.699380 0.833250
vt 0.389716 0.829757
vt 0.353281 0.848117
vt 0.357969 0.846735
vt 0.345978 0.850269
vt 0.336776 0.852980
vt 0.326575 0.855987
vt 0.316374 0.858993
vt 0.307172 0.861705
vt 0.299869 0.863857
vt 0.295180 0.865239
vt 0.293565 0.865715
vt 0.717676 0.827857
vt 0.738870 0.821612
vt 0.765576 0.813742
vt 0.795179 0.805018
vt 0.824783 0.796294
vt 0.851489 0.788425
vt 0.872683 0.782179
vt 0.886290 0.778169
vt 0.890979 0.776787
vt 0.359585 0.846259
vt 0.327269 0.858344
vt 0.388881 0.540181
vt 0.367482 0.545292
vt 0.334151 0.553250
vt 0.292152 0.563279
vt 0.245596 0.574396
vt 0.199040 0.585513
vt 0.157041 0.595542
vt 0.123711 0.603500
vt 0.102311 0.608610
vt 0.094937 0.610371
vt 0.405622 0.275455
vt 0.829587 0.187467
vt 0.834270 0.187254
vt 0.815997 0.188085
vt 0.794830 0.189048
vt 0.768158 0.190260
vt 0.738593 0.191605
vt 0.709027 0.192949
vt 0.682355 0.194162
vt 0.661189 0.195125
vt 0.647598 0.195743
vt 0.642916 0.195956
vt 0.355066 0.277344
vt 0.304510 0.279233
vt 0.258903 0.280937
vt 0.222709 0.282290
vt 0.199471 0.283158
vt 0.191463 0.283457
vt 0.518669 0.271231
vt 0.460294 0.293509
vt 0.736551 0.834790
vt 0.733360 0.835731
vt 0.745813 0.832061
vt 0.760239 0.827810
vt 0.778417 0.822453
vt 0.798567 0.816515
vt 0.818718 0.810576
vt 0.836895 0.805220
vt 0.851321 0.800968
vt 0.396255 0.538421
vt 0.340520 0.044513
vt 0.430923 0.329907
vt 0.457414 0.306964
vt 0.268158 0.335989
vt 0.251643 0.317057
vt 0.272141 0.335840
vt 0.256679 0.316810
vt 0.283701 0.335408
vt 0.271292 0.316093
vt 0.301705 0.334736
vt 0.294054 0.314977
vt 0.324392 0.333888
vt 0.322735 0.313570
vt 0.349540 0.332948
vt 0.354529 0.312010
vt 0.374689 0.332008
vt 0.386322 0.310451
vt 0.397375 0.331161
vt 0.415003 0.309044
vt 0.426940 0.330056
vt 0.415380 0.330488
vt 0.437765 0.307928
vt 0.452379 0.307211
vt 0.749483 0.384367
vt 0.683710 0.167880
vt 0.663485 0.184983
vt 0.686722 0.167803
vt 0.667293 0.184841
vt 0.695462 0.167580
vt 0.678343 0.184430
vt 0.709074 0.167232
vt 0.478265 0.292479
vt 0.432305 0.295113
vt 0.397036 0.297135
vt 0.357940 0.299375
vt 0.318844 0.301616
vt 0.283575 0.303638
vt 0.255585 0.305242
vt 0.237615 0.306272
vt 0.231422 0.306627
vt 0.484457 0.292124
vt 0.819082 0.179191
vt 0.815274 0.179333
vt 0.800844 0.166732
vt 0.806770 0.164736
vt 0.804224 0.179744
vt 0.795019 0.165037
vt 0.787012 0.180385
vt 0.781406 0.165384
vt 0.765324 0.181192
vt 0.764254 0.165822
vt 0.741283 0.182087
vt 0.745240 0.166308
vt 0.717243 0.182982
vt 0.726226 0.166794
vt 0.695555 0.183789
vt 0.860584 0.798239
vt 0.863775 0.797299
vt 0.769240 0.832780
vt 0.767624 0.833256
vt 0.773928 0.831398
vt 0.781231 0.829246
vt 0.790433 0.826534
vt 0.800634 0.823528
vt 0.810835 0.820521
vt 0.820037 0.817810
vt 0.827340 0.815658
vt 0.832029 0.814276
vt 0.833644 0.813800
vt 0.801329 0.825885
vt 0.568997 0.577912
vt 0.582545 0.569907
vt 0.597770 0.571041
vt 0.631101 0.563083
vt 0.673099 0.553054
vt 0.719656 0.541937
vt 0.766212 0.530820
vt 0.808211 0.520791
vt 0.841541 0.512833
vt 0.862941 0.507723
vt 0.870314 0.505962
vn -0.104996 -0.994050 -0.029006
vn -0.129577 -0.990045 -0.054963
vn 0.201021 -0.947875 -0.247233
vn 0.359911 -0.920136 -0.154318
vn -0.164189 -0.983924 -0.070249
vn 0.048756 -0.953805 -0.296445
vn -0.199146 -0.977090 -0.075068
vn -0.085130 -0.941017 -0.327476
vn -0.230468 -0.970355 -0.072766
vn -0.215772 -0.913201 -0.345697
vn -0.258077 -0.963880 -0.065817
vn -0.351644 -0.870437 -0.344508
vn -0.282883 -0.957579 -0.054961
vn -0.496941 -0.804903 -0.324317
vn -0.304347 -0.951743 -0.039478
vn -0.658171 -0.699957 -0.277256
vn -0.318596 -0.947692 -0.019397
vn -0.813234 -0.554907 -0.175298
vn -0.322289 -0.946641 0.000000
vn -0.887664 -0.460492 0.000000
vn -0.318596 -0.947692 0.019397
vn -0.813234 -0.554906 0.175298
vn -0.304347 -0.951743 0.039478
vn -0.658172 -0.699956 0.277257
vn -0.282883 -0.957579 0.054961
vn -0.496942 -0.804901 0.324319
vn -0.258077 -0.963880 0.065817
vn -0.351644 -0.870437 0.344508
vn -0.230470 -0.970355 0.072767
vn -0.215772 -0.913201 0.345697
vn -0.199146 -0.977090 0.075069
vn -0.085129 -0.941017 0.327476
vn -0.164189 -0.983924 0.070250
vn 0.048757 -0.953804 0.296446
vn -0.129577 -0.990045 0.054962
vn 0.201021 -0.947874 0.247234
vn -0.104995 -0.994050 0.029005
vn 0.359912 -0.920135 0.154318
vn -0.097627 -0.995223 0.000001
vn 0.441921 -0.897054 0.000000
vn 0.876602 0.149114 -0.457531
vn 0.963004 0.147565 -0.225493
vn 0.706640 0.163680 -0.688382
vn 0.431956 0.203576 -0.878619
vn 0.072551 0.271078 -0.959819
vn -0.290206 0.351490 -0.890076
vn -0.570160 0.423662 -0.703867
vn -0.742937 0.475825 -0.470782
vn -0.830289 0.506300 -0.232982
vn -0.856431 0.516261 0.000000
vn -0.830289 0.506299 0.232983
vn -0.742937 0.475824 0.470782
vn -0.570160 0.423662 0.703866
vn -0.290206 0.351487 0.890077
vn 0.072551 0.271077 0.959820
vn 0.431955 0.203574 0.878620
vn 0.706640 0.163679 0.688382
vn 0.876602 0.149114 0.457531
vn 0.963004 0.147565 0.225494
vn 0.988936 0.148342 0.000001
vn 0.791756 0.591901 -0.150915
vn 0.736439 0.602672 -0.307317
vn 0.825779 0.387901 -0.409416
vn 0.933012 0.288021 -0.215713
vn 0.624314 0.626861 -0.466130
vn 0.650622 0.511938 -0.560902
vn 0.434410 0.669205 -0.602871
vn 0.422826 0.624815 -0.656372
vn 0.172947 0.724609 -0.667107
vn 0.164128 0.707553 -0.687336
vn -0.097947 0.776865 -0.622003
vn -0.100261 0.753674 -0.649556
vn -0.306247 0.815036 -0.491862
vn -0.344734 0.761357 -0.549085
vn -0.432741 0.839560 -0.328443
vn -0.544455 0.738794 -0.397180
vn -0.495427 0.853361 -0.162253
vn -0.675239 0.707624 -0.208135
vn -0.513896 0.857852 0.000000
vn -0.720612 0.693338 -0.000000
vn -0.495427 0.853361 0.162253
vn -0.675240 0.707624 0.208135
vn -0.432741 0.839560 0.328441
vn -0.544454 0.738795 0.397181
vn -0.306246 0.815038 0.491860
vn -0.344732 0.761359 0.549083
vn -0.097945 0.776864 0.622004
vn -0.100259 0.753675 0.649555
vn 0.172947 0.724608 0.667108
vn 0.164129 0.707553 0.687336
vn 0.434409 0.669204 0.602872
vn 0.422826 0.624816 0.656372
vn 0.624314 0.626861 0.466130
vn 0.650622 0.511937 0.560902
vn 0.736440 0.602670 0.307318
vn 0.825779 0.387900 0.409417
vn 0.791758 0.591899 0.150917
vn 0.933012 0.288021 0.215713
vn 0.808124 0.589013 0.000000
vn 0.968414 0.249347 0.000000
vn 0.850294 0.322537 -0.415896
vn 0.947819 0.235860 -0.214496
vn 0.679440 0.446296 -0.582392
vn 0.442950 0.572977 -0.689560
vn 0.165852 0.668495 -0.724988
vn -0.121648 0.715631 -0.687804
vn -0.385428 0.717723 -0.579930
vn -0.589430 0.693745 -0.413871
vn -0.712882 0.667990 -0.213515
vn -0.753385 0.657579 -0.000000
vn -0.712883 0.667989 0.213515
vn -0.589429 0.693745 0.413873
vn -0.385427 0.717724 0.579930
vn -0.121648 0.715632 0.687803
vn 0.165852 0.668495 0.724988
vn 0.442950 0.572977 0.689559
vn 0.679440 0.446296 0.582393
vn 0.850294 0.322537 0.415897
vn 0.947819 0.235861 0.214496
vn 0.978682 0.205380 0.000001
vn 0.804325 0.468330 -0.365689
vn 0.877882 0.442623 -0.182777
vn 0.665924 0.515357 -0.539399
vn 0.450950 0.581749 -0.676914
vn 0.172444 0.653167 -0.737317
vn -0.117560 0.709943 -0.694378
vn -0.356972 0.744782 -0.563800
vn -0.517346 0.763483 -0.386583
vn -0.604127 0.772818 -0.194380
vn -0.631063 0.775732 -0.000000
vn -0.604126 0.772818 0.194380
vn -0.517345 0.763483 0.386585
vn -0.356972 0.744782 0.563801
vn -0.117561 0.709943 0.694378
vn 0.172444 0.653167 0.737316
vn 0.450950 0.581749 0.676914
vn 0.665924 0.515358 0.539400
vn 0.804325 0.468331 0.365689
vn 0.877882 0.442623 0.182777
vn 0.900569 0.434714 0.000000
vn 0.703709 0.647564 -0.292327
vn 0.767523 0.623729 -0.147885
vn 0.589776 0.685442 -0.427005
vn 0.417842 0.735454 -0.533400
vn 0.198838 0.792959 -0.575916
vn -0.019178 0.846988 -0.531266
vn -0.189529 0.885742 -0.423720
vn -0.303084 0.907948 -0.289431
vn -0.367617 0.918399 -0.146289
vn -0.388764 0.921337 0.000000
vn -0.367617 0.918399 0.146289
vn -0.303083 0.907948 0.289431
vn -0.189529 0.885742 0.423721
vn -0.019178 0.846988 0.531266
vn 0.198838 0.792959 0.575916
vn 0.417842 0.735454 0.533400
vn 0.589776 0.685442 0.427005
vn 0.703708 0.647565 0.292326
vn 0.767521 0.623731 0.147885
vn 0.788184 0.615440 0.000000
vn 0.588855 0.783364 -0.198973
vn 0.646951 0.755533 -0.103068
vn 0.493891 0.824234 -0.276965
vn 0.370447 0.868547 -0.329234
vn 0.228101 0.907405 -0.352969
vn 0.075392 0.935306 -0.345713
vn -0.074419 0.950175 -0.302702
vn -0.200058 0.953936 -0.223566
vn -0.281187 0.952396 -0.117797
vn -0.308518 0.951219 -0.000000
vn -0.281186 0.952396 0.117797
vn -0.200058 0.953937 0.223566
vn -0.074419 0.950175 0.302702
vn 0.075392 0.935306 0.345714
vn 0.228101 0.907404 0.352969
vn 0.370447 0.868547 0.329235
vn 0.493894 0.824234 0.276962
vn 0.588854 0.783365 0.198972
vn 0.646950 0.755535 0.103071
vn 0.665892 0.746049 0.000001
vn 0.693284 0.709546 -0.126103
vn 0.634022 0.733116 -0.246083
vn 0.871523 0.167241 -0.460954
vn 0.968677 0.080195 -0.235019
vn 0.533833 0.768627 -0.352470
vn 0.694515 0.287520 -0.659532
vn 0.392632 0.810693 -0.434301
vn 0.434155 0.405162 -0.804582
vn 0.216900 0.851799 -0.476858
vn 0.105805 0.481101 -0.870257
vn 0.024870 0.883660 -0.467469
vn -0.251802 0.489384 -0.834924
vn -0.156940 0.901161 -0.404078
vn -0.573424 0.435419 -0.693971
vn -0.304171 0.905547 -0.295743
vn -0.801121 0.356836 -0.480493
vn -0.399946 0.903137 -0.156161
vn -0.924518 0.295149 -0.241150
vn -0.415331 0.909586 0.012384
vn -0.964188 0.263543 0.029788
vn -0.375493 0.915494 0.144481
vn -0.911266 0.326891 0.250473
vn -0.298357 0.910750 0.285512
vn -0.818485 0.345138 0.459306
vn -0.156940 0.901161 0.404078
vn -0.573424 0.435418 0.693971
vn 0.024871 0.883660 0.467469
vn -0.251801 0.489385 0.834924
vn 0.216900 0.851798 0.476858
vn 0.105806 0.481101 0.870257
vn 0.392632 0.810692 0.434302
vn 0.434155 0.405163 0.804582
vn 0.533837 0.768625 0.352469
vn 0.694519 0.287512 0.659531
vn 0.634026 0.733112 0.246085
vn 0.871522 0.167242 0.460956
vn 0.693287 0.709542 0.126108
vn 0.968676 0.080193 0.235022
vn 0.712883 0.701283 -0.000000
vn 0.998809 0.048789 -0.000000
vn 0.544500 -0.809808 -0.218474
vn 0.524007 -0.716812 -0.459996
vn 0.711575 -0.430324 -0.555412
vn 0.799250 -0.529836 -0.283680
vn 0.434203 -0.553919 -0.710381
vn 0.548043 -0.278747 -0.788637
vn 0.233013 -0.362483 -0.902392
vn 0.305062 -0.114431 -0.945433
vn -0.060360 -0.219277 -0.973794
vn 0.003040 0.007485 -0.999967
vn -0.382023 -0.167220 -0.908898
vn -0.319806 0.056783 -0.945780
vn -0.657274 -0.195882 -0.727751
vn -0.613132 0.045250 -0.788684
vn -0.835492 -0.257438 -0.485468
vn -0.831518 0.007423 -0.555449
vn -0.921717 -0.306810 -0.237290
vn -0.958515 -0.026071 -0.283846
vn -0.943463 -0.331379 0.008066
vn -0.999246 -0.038815 0.000000
vn -0.919053 -0.318234 0.232527
vn -0.958515 -0.026071 0.283846
vn -0.836859 -0.262588 0.480329
vn -0.831518 0.007424 0.555449
vn -0.657273 -0.195882 0.727752
vn -0.613132 0.045251 0.788684
vn -0.382023 -0.167220 0.908898
vn -0.319805 0.056784 0.945780
vn -0.060360 -0.219277 0.973794
vn 0.003040 0.007485 0.999967
vn 0.233013 -0.362483 0.902392
vn 0.305062 -0.114431 0.945432
vn 0.434203 -0.553920 0.710380
vn 0.548044 -0.278746 0.788637
vn 0.524006 -0.716814 0.459995
vn 0.711575 -0.430324 0.555412
vn 0.544499 -0.809809 0.218475
vn 0.799249 -0.529837 0.283680
vn 0.545360 -0.838202 0.000002
vn 0.825984 -0.563694 0.000000
vn 0.806399 -0.073029 -0.586845
vn 0.944547 -0.109668 -0.309523
vn 0.593662 -0.016456 -0.804546
vn 0.328623 0.054309 -0.942899
vn 0.036862 0.132604 -0.990484
vn -0.254959 0.211357 -0.943570
vn -0.520196 0.283320 -0.805684
vn -0.733253 0.341384 -0.588045
vn -0.871721 0.379236 -0.310295
vn -0.919796 0.392397 0.000000
vn -0.871721 0.379236 0.310294
vn -0.733253 0.341384 0.588045
vn -0.520196 0.283320 0.805684
vn -0.254959 0.211356 0.943570
vn 0.036862 0.132604 0.990484
vn 0.328623 0.054309 0.942899
vn 0.593663 -0.016457 0.804546
vn 0.806400 -0.073029 0.586845
vn 0.944546 -0.109668 0.309524
vn 0.992485 -0.122366 0.000001
vn 0.822186 0.103059 -0.559812
vn 0.953163 0.065643 -0.295249
vn 0.620487 0.161032 -0.767505
vn 0.369236 0.233883 -0.899424
vn 0.092795 0.314891 -0.944581
vn -0.183397 0.396740 -0.899424
vn -0.434003 0.471781 -0.767505
vn -0.634907 0.532451 -0.559812
vn -0.765243 0.572040 -0.295249
vn -0.810447 0.585812 -0.000000
vn -0.765244 0.572040 0.295249
vn -0.634907 0.532451 0.559812
vn -0.434004 0.471780 0.767505
vn -0.183397 0.396738 0.899424
vn 0.092795 0.314890 0.944581
vn 0.369236 0.233882 0.899424
vn 0.620488 0.161032 0.767505
vn 0.822186 0.103058 0.559811
vn 0.953162 0.065642 0.295250
vn 0.998610 0.052701 0.000001
vn 0.812914 0.262688 -0.519774
vn 0.934216 0.228426 -0.273975
vn 0.625787 0.315988 -0.713121
vn 0.392280 0.383299 -0.836181
vn 0.135118 0.458508 -0.878359
vn -0.121732 0.534776 -0.836179
vn -0.354424 0.604849 -0.713121
vn -0.540553 0.661541 -0.519775
vn -0.661049 0.698535 -0.273977
vn -0.702787 0.711400 -0.000000
vn -0.661049 0.698535 0.273977
vn -0.540553 0.661541 0.519775
vn -0.354423 0.604849 0.713121
vn -0.121731 0.534775 0.836180
vn 0.135118 0.458507 0.878359
vn 0.392280 0.383298 0.836181
vn 0.625787 0.315988 0.713121
vn 0.812915 0.262687 0.519774
vn 0.934216 0.228425 0.273976
vn 0.976261 0.216599 0.000000
vn 0.782601 0.411580 -0.467051
vn 0.891196 0.381116 -0.246009
vn 0.614684 0.459149 -0.641362
vn 0.404654 0.519481 -0.752592
vn 0.173024 0.587142 -0.790776
vn -0.058278 0.655903 -0.752592
vn -0.267459 0.719108 -0.641365
vn -0.434340 0.770202 -0.467052
vn -0.542099 0.803499 -0.246006
vn -0.579367 0.815067 -0.000000
vn -0.542099 0.803499 0.246006
vn -0.434339 0.770203 0.467051
vn -0.267458 0.719110 0.641364
vn -0.058276 0.655905 0.752591
vn 0.173024 0.587143 0.790776
vn 0.404655 0.519482 0.752591
vn 0.614684 0.459151 0.641360
vn 0.782601 0.411582 0.467051
vn 0.891196 0.381115 0.246009
vn 0.928784 0.370620 -0.000000
vn 0.733775 0.546051 -0.404232
vn 0.827339 0.519854 -0.212749
vn 0.588696 0.587087 -0.555667
vn 0.406725 0.639308 -0.652580
vn 0.205694 0.698008 -0.685912
vn 0.004963 0.757702 -0.652582
vn -0.176241 0.812510 -0.555668
vn -0.320391 0.856708 -0.404229
vn -0.413208 0.885438 -0.212742
vn -0.445255 0.895404 0.000000
vn -0.413208 0.885438 0.212741
vn -0.320390 0.856708 0.404229
vn -0.176241 0.812510 0.555668
vn 0.004963 0.757702 0.652582
vn 0.205693 0.698009 0.685911
vn 0.406727 0.639309 0.652577
vn 0.588696 0.587088 0.555666
vn 0.733771 0.546053 0.404234
vn 0.827339 0.519854 0.212749
vn 0.859669 0.510851 -0.000001
vn 0.669344 0.663687 -0.333914
vn 0.746244 0.642098 -0.175582
vn 0.549737 0.697588 -0.459522
vn 0.399244 0.740830 -0.540162
vn 0.232653 0.789493 -0.567955
vn 0.066302 0.838942 -0.540167
vn -0.083588 0.884224 -0.459523
vn -0.202467 0.920603 -0.333913
vn -0.278787 0.944166 -0.175578
vn -0.305092 0.952323 -0.000000
vn -0.278787 0.944166 0.175578
vn -0.202467 0.920603 0.333913
vn -0.083588 0.884224 0.459522
vn 0.066302 0.838942 0.540167
vn 0.232653 0.789493 0.567955
vn 0.399247 0.740828 0.540163
vn 0.549739 0.697584 0.459526
vn 0.669342 0.663687 0.333918
vn 0.746243 0.642101 0.175581
vn 0.772765 0.634692 -0.000001
vn 0.592394 0.763013 -0.258614
vn 0.651625 0.746277 -0.135848
vn 0.499948 0.789350 -0.356341
vn 0.383212 0.823003 -0.419302
vn 0.253694 0.860880 -0.441050
vn 0.124333 0.899290 -0.419306
vn 0.008001 0.934322 -0.356340
vn -0.083953 0.962326 -0.258611
vn -0.142792 0.980385 -0.135849
vn -0.163033 0.986621 0.000000
vn -0.142792 0.980385 0.135849
vn -0.083953 0.962326 0.258611
vn 0.008002 0.934322 0.356340
vn 0.124334 0.899291 0.419306
vn 0.253694 0.860880 0.441049
vn 0.383213 0.823003 0.419303
vn 0.499948 0.789349 0.356342
vn 0.592394 0.763012 0.258616
vn 0.651626 0.746277 0.135848
vn 0.672010 0.740542 -0.000001
vn 0.506557 0.842964 -0.181143
vn 0.547786 0.831204 -0.095029
vn 0.441928 0.861515 -0.249981
vn 0.359962 0.885259 -0.294524
vn 0.268758 0.911974 -0.309955
vn 0.177631 0.938989 -0.294530
vn 0.095875 0.963492 -0.249983
vn 0.031516 0.982952 -0.181140
vn -0.009494 0.995429 -0.095035
vn -0.023560 0.999722 0.000000
vn -0.009494 0.995429 0.095035
vn 0.031516 0.982952 0.181140
vn 0.095875 0.963492 0.249983
vn 0.177631 0.938989 0.294530
vn 0.268758 0.911974 0.309955
vn 0.359962 0.885259 0.294524
vn 0.441928 0.861515 0.249981
vn 0.506556 0.842964 0.181144
vn 0.547784 0.831205 0.095029
vn 0.561936 0.827181 -0.000001
vn 0.419916 0.901144 -0.107747
vn 0.444258 0.894121 -0.056408
vn 0.381522 0.912268 -0.149026
vn 0.332535 0.926544 -0.175889
vn 0.277797 0.942613 -0.185230
vn 0.223071 0.958803 -0.175887
vn 0.174154 0.973378 -0.149015
vn 0.135866 0.984852 -0.107734
vn 0.111607 0.992150 -0.056415
vn 0.103321 0.994648 -0.000000
vn 0.111607 0.992150 0.056415
vn 0.135866 0.984852 0.107734
vn 0.174155 0.973378 0.149015
vn 0.223071 0.958803 0.175887
vn 0.277797 0.942613 0.185230
vn 0.332535 0.926544 0.175889
vn 0.381522 0.912268 0.149026
vn 0.419916 0.901144 0.107748
vn 0.444258 0.894121 0.056409
vn 0.452579 0.891725 0.000001
vn -0.234230 -0.972181 -0.000000
vn 0.282675 0.959216 0.000000
s 1
g grupo_tetera tapa
usemtl lambert4SG
f 2953/3105/2953 2954/3106/2954 2974/3107/2955 2973/3108/2956
f 2954/3106/2954 2955/3109/2957 2975/3110/2958 2974/3107/2955
f 2955/3109/2957 2956/3111/2959 2976/3112/2960 2975/3110/2958
f 2956/3111/2959 2957/3113/2961 2977/3114/2962 2976/3112/2960
f 2957/3113/2961 2958/3115/2963 2978/3116/2964 2977/3114/2962
f 2958/3115/2963 2959/3117/2965 2979/3118/2966 2978/3116/2964
f 2959/3117/2965 2960/3119/2967 2980/3120/2968 2979/3118/2966
f 2960/3119/2967 2961/3121/2969 2981/3122/2970 2980/3120/2968
f 2961/3121/2969 2962/3145/2971 2982/3146/2972 2981/3122/2970
f 2962/3123/2971 2963/3124/2973 2983/3125/2974 2982/3126/2972
f 2963/3124/2973 2964/3127/2975 2984/3128/2976 2983/3125/2974
f 2964/3127/2975 2965/3129/2977 2985/3130/2978 2984/3128/2976
f 2965/3129/2977 2966/3131/2979 2986/3132/2980 2985/3130/2978
f 2966/3131/2979 2967/3133/2981 2987/3134/2982 2986/3132/2980
f 2967/3133/2981 2968/3135/2983 2988/3136/2984 2987/3134/2982
f 2968/3135/2983 2969/3137/2985 2989/3138/2986 2988/3136/2984
f 2969/3137/2985 2970/3139/2987 2990/3140/2988 2989/3138/2986
f 2970/3139/2987 2971/3141/2989 2991/3142/2990 2990/3140/2988
f 2971/3141/2989 2972/3143/2991 2992/3144/2992 2991/3142/2990
f 2972/3147/2991 2953/3105/2953 2973/3108/2956 2992/3148/2992
f 2973/3108/2956 2974/3107/2955 2994/3149/2993 2993/3150/2994
f 2974/3107/2955 2975/3110/2958 2995/3151/2995 2994/3149/2993
f 2975/3110/2958 2976/3112/2960 2996/3152/2996 2995/3151/2995
f 2976/3112/2960 2977/3114/2962 2997/3153/2997 2996/3152/2996
f 2977/3114/2962 2978/3116/2964 2998/3165/2998 2997/3153/2997
f 2978/3116/2964 2979/3118/2966 2999/3166/2999 2998/3165/2998
f 2979/3118/2966 2980/3120/2968 3000/3167/3000 2999/3166/2999
f 2980/3120/2968 2981/3122/2970 3001/3168/3001 3000/3167/3000
f 2981/3122/2970 2982/3146/2972 3002/3169/3002 3001/3168/3001
f 2982/3126/2972 2983/3125/2974 3003/3154/3003 3002/3155/3002
f 2983/3125/2974 2984/3128/2976 3004/3156/3004 3003/3154/3003
f 2984/3128/2976 2985/3130/2978 3005/3157/3005 3004/3156/3004
f 2985/3130/2978 2986/3132/2980 3006/3158/3006 3005/3157/3005
f 2986/3132/2980 2987/3134/2982 3007/3159/3007 3006/3158/3006
f 2987/3134/2982 2988/3136/2984 3008/3160/3008 3007/3159/3007
f 2988/3136/2984 2989/3138/2986 3009/3161/3009 3008/3160/3008
f 2989/3138/2986 2990/3140/2988 3010/3162/3010 3009/3161/3009
f 2990/3140/2988 2991/3142/2990 3011/3163/3011 3010/3162/3010
f 2991/3142/2990 2992/3144/2992 3012/3164/3012 3011/3163/3011
f 2992/3148/2992 2973/3108/2956 2993/3150/2994 3012/3170/3012
f 3355/3171/3013 3356/3172/3014 3014/3173/3015 3013/3174/3016
f 3356/3172/3014 3357/3175/3017 3015/3176/3018 3014/3173/3015
f 3357/3175/3017 3358/3177/3019 3016/3178/3020 3015/3176/3018
f 3358/3177/3019 3359/3179/3021 3017/3180/3022 3016/3178/3020
f 3359/3179/3021 3360/3181/3023 3018/3182/3024 3017/3180/3022
f 3360/3181/3023 3361/3205/3025 3019/3206/3026 3018/3182/3024
f 3361/3205/3025 3362/3207/3027 3020/3208/3028 3019/3206/3026
f 3362/3207/3027 3363/3209/3029 3021/3210/3030 3020/3208/3028
f 3363/3209/3029 3364/3211/3031 3022/3212/3032 3021/3210/3030
f 3364/3183/3031 3365/3184/3033 3023/3185/3034 3022/3186/3032
f 3365/3184/3033 3366/3187/3035 3024/3188/3036 3023/3185/3034
f 3366/3187/3035 3367/3189/3037 3025/3190/3038 3024/3188/3036
f 3367/3189/3037 3368/3191/3039 3026/3192/3040 3025/3190/3038
f 3368/3191/3039 3369/3193/3041 3027/3194/3042 3026/3192/3040
f 3369/3193/3041 3370/3195/3043 3028/3196/3044 3027/3194/3042
f 3370/3195/3043 3371/3197/3045 3029/3198/3046 3028/3196/3044
f 3371/3197/3045 3372/3199/3047 3030/3200/3048 3029/3198/3046
f 3372/3199/3047 3373/3201/3049 3031/3202/3050 3030/3200/3048
f 3373/3201/3049 3374/3203/3051 3032/3204/3052 3031/3202/3050
f 3374/3213/3051 3355/3171/3013 3013/3174/3016 3032/3225/3052
f 3013/3174/3016 3014/3173/3015 3034/3226/3053 3033/3227/3054
f 3014/3173/3015 3015/3176/3018 3035/3228/3055 3034/3226/3053
f 3015/3176/3018 3016/3178/3020 3036/3229/3056 3035/3228/3055
f 3016/3178/3020 3017/3180/3022 3037/3230/3057 3036/3229/3056
f 3017/3180/3022 3018/3182/3024 3038/3231/3058 3037/3230/3057
f 3018/3182/3024 3019/3206/3026 3039/3232/3059 3038/3231/3058
f 3019/3206/3026 3020/3208/3028 3040/3233/3060 3039/3232/3059
f 3020/3208/3028 3021/3210/3030 3041/3245/3061 3040/3233/3060
f 3021/3210/3030 3022/3212/3032 3042/3246/3062 3041/3245/3061
f 3022/3186/3032 3023/3185/3034 3043/3214/3063 3042/3215/3062
f 3023/3185/3034 3024/3188/3036 3044/3216/3064 3043/3214/3063
f 3024/3188/3036 3025/3190/3038 3045/3217/3065 3044/3216/3064
f 3025/3190/3038 3026/3192/3040 3046/3218/3066 3045/3217/3065
f 3026/3192/3040 3027/3194/3042 3047/3219/3067 3046/3218/3066
f 3027/3194/3042 3028/3196/3044 3048/3220/3068 3047/3219/3067
f 3028/3196/3044 3029/3198/3046 3049/3221/3069 3048/3220/3068
f 3029/3198/3046 3030/3200/3048 3050/3222/3070 3049/3221/3069
f 3030/3200/3048 3031/3202/3050 3051/3223/3071 3050/3222/3070
f 3031/3202/3050 3032/3204/3052 3052/3224/3072 3051/3223/3071
f 3032/3225/3052 3013/3174/3016 3033/3227/3054 3052/3247/3072
f 3033/3227/3054 3034/3226/3053 3054/3248/3073 3053/3249/3074
f 3034/3226/3053 3035/3228/3055 3055/3250/3075 3054/3248/3073
f 3035/3228/3055 3036/3229/3056 3056/3251/3076 3055/3250/3075
f 3036/3229/3056 3037/3230/3057 3057/3252/3077 3056/3251/3076
f 3037/3230/3057 3038/3231/3058 3058/3253/3078 3057/3252/3077
f 3038/3231/3058 3039/3232/3059 3059/3265/3079 3058/3253/3078
f 3039/3232/3059 3040/3233/3060 3060/3266/3080 3059/3265/3079
f 3040/3233/3060 3041/3245/3061 3061/3267/3081 3060/3266/3080
f 3041/3245/3061 3042/3246/3062 3062/3268/3082 3061/3267/3081
f 3042/3215/3062 3043/3214/3063 3063/3234/3083 3062/3235/3082
f 3043/3214/3063 3044/3216/3064 3064/3236/3084 3063/3234/3083
f 3044/3216/3064 3045/3217/3065 3065/3237/3085 3064/3236/3084
f 3045/3217/3065 3046/3218/3066 3066/3238/3086 3065/3237/3085
f 3046/3218/3066 3047/3219/3067 3067/3239/3087 3066/3238/3086
f 3047/3219/3067 3048/3220/3068 3068/3240/3088 3067/3239/3087
f 3048/3220/3068 3049/3221/3069 3069/3241/3089 3068/3240/3088
f 3049/3221/3069 3050/3222/3070 3070/3242/3090 3069/3241/3089
f 3050/3222/3070 3051/3223/3071 3071/3243/3091 3070/3242/3090
f 3051/3223/3071 3052/3224/3072 3072/3244/3092 3071/3243/3091
f 3052/3247/3072 3033/3227/3054 3053/3249/3074 3072/3269/3092
f 3053/3249/3074 3054/3248/3073 3074/3270/3093 3073/3271/3094
f 3054/3248/3073 3055/3250/3075 3075/3272/3095 3074/3270/3093
f 3055/3250/3075 3056/3251/3076 3076/3504/3096 3075/3272/3095
f 3056/3251/3076 3057/3252/3077 3077/3516/3097 3076/3504/3096
f 3057/3252/3077 3058/3253/3078 3078/3517/3098 3077/3516/3097
f 3058/3253/3078 3059/3265/3079 3079/3518/3099 3078/3517/3098
f 3059/3265/3079 3060/3266/3080 3080/3519/3100 3079/3518/3099
f 3060/3266/3080 3061/3267/3081 3081/3520/3101 3080/3519/3100
f 3061/3267/3081 3062/3268/3082 3082/3521/3102 3081/3520/3101
f 3062/3235/3082 3063/3234/3083 3083/3254/3103 3082/3255/3102
f 3063/3234/3083 3064/3236/3084 3084/3256/3104 3083/3254/3103
f 3064/3236/3084 3065/3237/3085 3085/3257/3105 3084/3256/3104
f 3065/3237/3085 3066/3238/3086 3086/3258/3106 3085/3257/3105
f 3066/3238/3086 3067/3239/3087 3087/3259/3107 3086/3258/3106
f 3067/3239/3087 3068/3240/3088 3088/3260/3108 3087/3259/3107
f 3068/3240/3088 3069/3241/3089 3089/3261/3109 3088/3260/3108
f 3069/3241/3089 3070/3242/3090 3090/3262/3110 3089/3261/3109
f 3070/3242/3090 3071/3243/3091 3091/3263/3111 3090/3262/3110
f 3071/3243/3091 3072/3244/3092 3092/3264/3112 3091/3263/3111
f 3072/3269/3092 3053/3249/3074 3073/3271/3094 3092/3522/3112
f 3073/3271/3094 3074/3270/3093 3094/3523/3113 3093/3565/3114
f 3074/3270/3093 3075/3272/3095 3095/3566/3115 3094/3523/3113
f 3075/3272/3095 3076/3504/3096 3096/3567/3116 3095/3566/3115
f 3076/3504/3096 3077/3516/3097 3097/3568/3117 3096/3567/3116
f 3077/3516/3097 3078/3517/3098 3098/3569/3118 3097/3568/3117
f 3078/3517/3098 3079/3518/3099 3099/3570/3119 3098/3569/3118
f 3079/3518/3099 3080/3519/3100 3100/3571/3120 3099/3570/3119
f 3080/3519/3100 3081/3520/3101 3101/3572/3121 3100/3571/3120
f 3081/3520/3101 3082/3521/3102 3102/3573/3122 3101/3572/3121
f 3082/3255/3102 3083/3254/3103 3103/3505/3123 3102/3506/3122
f 3083/3254/3103 3084/3256/3104 3104/3507/3124 3103/3505/3123
f 3084/3256/3104 3085/3257/3105 3105/3508/3125 3104/3507/3124
f 3085/3257/3105 3086/3258/3106 3106/3509/3126 3105/3508/3125
f 3086/3258/3106 3087/3259/3107 3107/3510/3127 3106/3509/3126
f 3087/3259/3107 3088/3260/3108 3108/3511/3128 3107/3510/3127
f 3088/3260/3108 3089/3261/3109 3109/3512/3129 3108/3511/3128
f 3089/3261/3109 3090/3262/3110 3110/3513/3130 3109/3512/3129
f 3090/3262/3110 3091/3263/3111 3111/3514/3131 3110/3513/3130
f 3091/3263/3111 3092/3264/3112 3112/3515/3132 3111/3514/3131
f 3092/3522/3112 3073/3271/3094 3093/3565/3114 3112/3574/3132
f 3375/3556/3133 3376/3555/3134 3114/3554/3135 3113/3553/3136
f 3376/3555/3134 3377/3552/3137 3115/3551/3138 3114/3554/3135
f 3377/3552/3137 3378/3550/3139 3116/3549/3140 3115/3551/3138
f 3378/3550/3139 3379/3548/3141 3117/3547/3142 3116/3549/3140
f 3379/3548/3141 3380/3546/3143 3118/3545/3144 3117/3547/3142
f 3380/3546/3143 3381/3544/3145 3119/3543/3146 3118/3545/3144
f 3381/3544/3145 3382/3542/3147 3120/3541/3148 3119/3543/3146
f 3382/3542/3147 3383/3540/3149 3121/3539/3150 3120/3541/3148
f 3383/3540/3149 3384/3538/3151 3122/3537/3152 3121/3539/3150
f 3384/3575/3151 3385/3576/3153 3123/3577/3154 3122/3578/3152
f 3385/3576/3153 3386/3579/3155 3124/3580/3156 3123/3577/3154
f 3386/3579/3155 3387/3581/3157 3125/3582/3158 3124/3580/3156
f 3387/3581/3157 3388/3583/3159 3126/3584/3160 3125/3582/3158
f 3388/3583/3159 3389/3585/3161 3127/3586/3162 3126/3584/3160
f 3389/3585/3161 3390/3587/3163 3128/3588/3164 3127/3586/3162
f 3390/3587/3163 3391/3589/3165 3129/3564/3166 3128/3588/3164
f 3391/3589/3165 3392/3563/3167 3130/3562/3168 3129/3564/3166
f 3392/3563/3167 3393/3561/3169 3131/3560/3170 3130/3562/3168
f 3393/3561/3169 3394/3559/3171 3132/3558/3172 3131/3560/3170
f 3394/3536/3171 3375/3556/3133 3113/3553/3136 3132/3535/3172
f 3335/3273/3173 3336/3274/3174 3134/3275/3175 3133/3276/3176
f 3336/3274/3174 3337/3277/3177 3135/3278/3178 3134/3275/3175
f 3337/3277/3177 3338/3279/3179 3136/3280/3180 3135/3278/3178
f 3338/3279/3179 3339/3281/3181 3137/3282/3182 3136/3280/3180
f 3339/3281/3181 3340/3283/3183 3138/3284/3184 3137/3282/3182
f 3340/3283/3183 3341/3285/3185 3139/3286/3186 3138/3284/3184
f 3341/3285/3185 3342/3287/3187 3140/3288/3188 3139/3286/3186
f 3342/3287/3187 3343/3289/3189 3141/3290/3190 3140/3288/3188
f 3343/3289/3189 3344/3291/3191 3142/3292/3192 3141/3290/3190
f 3344/3293/3191 3345/3294/3193 3143/3295/3194 3142/3296/3192
f 3345/3294/3193 3346/3297/3195 3144/3298/3196 3143/3295/3194
f 3346/3297/3195 3347/3299/3197 3145/3300/3198 3144/3298/3196
f 3347/3299/3197 3348/3301/3199 3146/3302/3200 3145/3300/3198
f 3348/3301/3199 3349/3303/3201 3147/3304/3202 3146/3302/3200
f 3349/3303/3201 3350/3305/3203 3148/3306/3204 3147/3304/3202
f 3350/3305/3203 3351/3307/3205 3149/3308/3206 3148/3306/3204
f 3351/3307/3205 3352/3309/3207 3150/3310/3208 3149/3308/3206
f 3352/3309/3207 3353/3323/3209 3151/3324/3210 3150/3310/3208
f 3353/3323/3209 3354/3325/3211 3152/3326/3212 3151/3324/3210
f 3354/3311/3211 3335/3273/3173 3133/3276/3176 3152/3312/3212
f 3133/3276/3176 3134/3275/3175 3154/3313/3213 3153/3314/3214
f 3134/3275/3175 3135/3278/3178 3155/3315/3215 3154/3313/3213
f 3135/3278/3178 3136/3280/3180 3156/3316/3216 3155/3315/3215
f 3136/3280/3180 3137/3282/3182 3157/3317/3217 3156/3316/3216
f 3137/3282/3182 3138/3284/3184 3158/3318/3218 3157/3317/3217
f 3138/3284/3184 3139/3286/3186 3159/3319/3219 3158/3318/3218
f 3139/3286/3186 3140/3288/3188 3160/3320/3220 3159/3319/3219
f 3140/3288/3188 3141/3290/3190 3161/3321/3221 3160/3320/3220
f 3141/3290/3190 3142/3292/3192 3162/3322/3222 3161/3321/3221
f 3142/3296/3192 3143/3295/3194 3163/3327/3223 3162/3328/3222
f 3143/3295/3194 3144/3298/3196 3164/3329/3224 3163/3327/3223
f 3144/3298/3196 3145/3300/3198 3165/3330/3225 3164/3329/3224
f 3145/3300/3198 3146/3302/3200 3166/3331/3226 3165/3330/3225
f 3146/3302/3200 3147/3304/3202 3167/3343/3227 3166/3331/3226
f 3147/3304/3202 3148/3306/3204 3168/3344/3228 3167/3343/3227
f 3148/3306/3204 3149/3308/3206 3169/3345/3229 3168/3344/3228
f 3149/3308/3206 3150/3310/3208 3170/3346/3230 3169/3345/3229
f 3150/3310/3208 3151/3324/3210 3171/3347/3231 3170/3346/3230
f 3151/3324/3210 3152/3326/3212 3172/3348/3232 3171/3347/3231
f 3152/3312/3212 3133/3276/3176 3153/3314/3214 3172/3332/3232
f 3153/3314/3214 3154/3313/3213 3174/3333/3233 3173/3334/3234
f 3154/3313/3213 3155/3315/3215 3175/3335/3235 3174/3333/3233
f 3155/3315/3215 3156/3316/3216 3176/3336/3236 3175/3335/3235
f 3156/3316/3216 3157/3317/3217 3177/3337/3237 3176/3336/3236
f 3157/3317/3217 3158/3318/3218 3178/3338/3238 3177/3337/3237
f 3158/3318/3218 3159/3319/3219 3179/3339/3239 3178/3338/3238
f 3159/3319/3219 3160/3320/3220 3180/3340/3240 3179/3339/3239
f 3160/3320/3220 3161/3321/3221 3181/3341/3241 3180/3340/3240
f 3161/3321/3221 3162/3322/3222 3182/3342/3242 3181/3341/3241
f 3162/3328/3222 3163/3327/3223 3183/3349/3243 3182/3350/3242
f 3163/3327/3223 3164/3329/3224 3184/3351/3244 3183/3349/3243
f 3164/3329/3224 3165/3330/3225 3185/3363/3245 3184/3351/3244
f 3165/3330/3225 3166/3331/3226 3186/3364/3246 3185/3363/3245
f 3166/3331/3226 3167/3343/3227 3187/3365/3247 3186/3364/3246
f 3167/3343/3227 3168/3344/3228 3188/3366/3248 3187/3365/3247
f 3168/3344/3228 3169/3345/3229 3189/3367/3249 3188/3366/3248
f 3169/3345/3229 3170/3346/3230 3190/3368/3250 3189/3367/3249
f 3170/3346/3230 3171/3347/3231 3191/3369/3251 3190/3368/3250
f 3171/3347/3231 3172/3348/3232 3192/3370/3252 3191/3369/3251
f 3172/3332/3232 3153/3314/3214 3173/3334/3234 3192/3352/3252
f 3173/3334/3234 3174/3333/3233 3194/3353/3253 3193/3354/3254
f 3174/3333/3233 3175/3335/3235 3195/3355/3255 3194/3353/3253
f 3175/3335/3235 3176/3336/3236 3196/3356/3256 3195/3355/3255
f 3176/3336/3236 3177/3337/3237 3197/3357/3257 3196/3356/3256
f 3177/3337/3237 3178/3338/3238 3198/3358/3258 3197/3357/3257
f 3178/3338/3238 3179/3339/3239 3199/3359/3259 3198/3358/3258
f 3179/3339/3239 3180/3340/3240 3200/3360/3260 3199/3359/3259
f 3180/3340/3240 3181/3341/3241 3201/3361/3261 3200/3360/3260
f 3181/3341/3241 3182/3342/3242 3202/3362/3262 3201/3361/3261
f 3182/3350/3242 3183/3349/3243 3203/3371/3263 3202/3383/3262
f 3183/3349/3243 3184/3351/3244 3204/3384/3264 3203/3371/3263
f 3184/3351/3244 3185/3363/3245 3205/3385/3265 3204/3384/3264
f 3185/3363/3245 3186/3364/3246 3206/3386/3266 3205/3385/3265
f 3186/3364/3246 3187/3365/3247 3207/3387/3267 3206/3386/3266
f 3187/3365/3247 3188/3366/3248 3208/3388/3268 3207/3387/3267
f 3188/3366/3248 3189/3367/3249 3209/3389/3269 3208/3388/3268
f 3189/3367/3249 3190/3368/3250 3210/3390/3270 3209/3389/3269
f 3190/3368/3250 3191/3369/3251 3211/3391/3271 3210/3390/3270
f 3191/3369/3251 3192/3370/3252 3212/3403/3272 3211/3391/3271
f 3192/3352/3252 3173/3334/3234 3193/3354/3254 3212/3372/3272
f 3193/3354/3254 3194/3353/3253 3214/3373/3273 3213/3374/3274
f 3194/3353/3253 3195/3355/3255 3215/3375/3275 3214/3373/3273
f 3195/3355/3255 3196/3356/3256 3216/3376/3276 3215/3375/3275
f 3196/3356/3256 3197/3357/3257 3217/3377/3277 3216/3376/3276
f 3197/3357/3257 3198/3358/3258 3218/3378/3278 3217/3377/3277
f 3198/3358/3258 3199/3359/3259 3219/3379/3279 3218/3378/3278
f 3199/3359/3259 3200/3360/3260 3220/3380/3280 3219/3379/3279
f 3200/3360/3260 3201/3361/3261 3221/3381/3281 3220/3380/3280
f 3201/3361/3261 3202/3362/3262 3222/3382/3282 3221/3381/3281
f 3202/3383/3262 3203/3371/3263 3223/3404/3283 3222/3405/3282
f 3203/3371/3263 3204/3384/3264 3224/3406/3284 3223/3404/3283
f 3204/3384/3264 3205/3385/3265 3225/3407/3285 3224/3406/3284
f 3205/3385/3265 3206/3386/3266 3226/3408/3286 3225/3407/3285
f 3206/3386/3266 3207/3387/3267 3227/3409/3287 3226/3408/3286
f 3207/3387/3267 3208/3388/3268 3228/3410/3288 3227/3409/3287
f 3208/3388/3268 3209/3389/3269 3229/3411/3289 3228/3410/3288
f 3209/3389/3269 3210/3390/3270 3230/3423/3290 3229/3411/3289
f 3210/3390/3270 3211/3391/3271 3231/3424/3291 3230/3423/3290
f 3211/3391/3271 3212/3403/3272 3232/3425/3292 3231/3424/3291
f 3212/3372/3272 3193/3354/3254 3213/3374/3274 3232/3392/3292
f 3213/3374/3274 3214/3373/3273 3234/3393/3293 3233/3394/3294
f 3214/3373/3273 3215/3375/3275 3235/3395/3295 3234/3393/3293
f 3215/3375/3275 3216/3376/3276 3236/3396/3296 3235/3395/3295
f 3216/3376/3276 3217/3377/3277 3237/3397/3297 3236/3396/3296
f 3217/3377/3277 3218/3378/3278 3238/3398/3298 3237/3397/3297
f 3218/3378/3278 3219/3379/3279 3239/3399/3299 3238/3398/3298
f 3219/3379/3279 3220/3380/3280 3240/3400/3300 3239/3399/3299
f 3220/3380/3280 3221/3381/3281 3241/3401/3301 3240/3400/3300
f 3221/3381/3281 3222/3382/3282 3242/3402/3302 3241/3401/3301
f 3222/3405/3282 3223/3404/3283 3243/3426/3303 3242/3427/3302
f 3223/3404/3283 3224/3406/3284 3244/3428/3304 3243/3426/3303
f 3224/3406/3284 3225/3407/3285 3245/3429/3305 3244/3428/3304
f 3225/3407/3285 3226/3408/3286 3246/3430/3306 3245/3429/3305
f 3226/3408/3286 3227/3409/3287 3247/3431/3307 3246/3430/3306
f 3227/3409/3287 3228/3410/3288 3248/3443/3308 3247/3431/3307
f 3228/3410/3288 3229/3411/3289 3249/3444/3309 3248/3443/3308
f 3229/3411/3289 3230/3423/3290 3250/3445/3310 3249/3444/3309
f 3230/3423/3290 3231/3424/3291 3251/3446/3311 3250/3445/3310
f 3231/3424/3291 3232/3425/3292 3252/3447/3312 3251/3446/3311
f 3232/3392/3292 3213/3374/3274 3233/3394/3294 3252/3412/3312
f 3233/3394/3294 3234/3393/3293 3254/3413/3313 3253/3414/3314
f 3234/3393/3293 3235/3395/3295 3255/3415/3315 3254/3413/3313
f 3235/3395/3295 3236/3396/3296 3256/3416/3316 3255/3415/3315
f 3236/3396/3296 3237/3397/3297 3257/3417/3317 3256/3416/3316
f 3237/3397/3297 3238/3398/3298 3258/3418/3318 3257/3417/3317
f 3238/3398/3298 3239/3399/3299 3259/3419/3319 3258/3418/3318
f 3239/3399/3299 3240/3400/3300 3260/3420/3320 3259/3419/3319
f 3240/3400/3300 3241/3401/3301 3261/3421/3321 3260/3420/3320
f 3241/3401/3301 3242/3402/3302 3262/3422/3322 3261/3421/3321
f 3242/3427/3302 3243/3426/3303 3263/3448/3323 3262/3449/3322
f 3243/3426/3303 3244/3428/3304 3264/3450/3324 3263/3448/3323
f 3244/3428/3304 3245/3429/3305 3265/3451/3325 3264/3450/3324
f 3245/3429/3305 3246/3430/3306 3266/3463/3326 3265/3451/3325
f 3246/3430/3306 3247/3431/3307 3267/3464/3327 3266/3463/3326
f 3247/3431/3307 3248/3443/3308 3268/3465/3328 3267/3464/3327
f 3248/3443/3308 3249/3444/3309 3269/3466/3329 3268/3465/3328
f 3249/3444/3309 3250/3445/3310 3270/3467/3330 3269/3466/3329
f 3250/3445/3310 3251/3446/3311 3271/3468/3331 3270/3467/3330
f 3251/3446/3311 3252/3447/3312 3272/3469/3332 3271/3468/3331
f 3252/3412/3312 3233/3394/3294 3253/3414/3314 3272/3432/3332
f 3253/3414/3314 3254/3413/3313 3274/3433/3333 3273/3434/3334
f 3254/3413/3313 3255/3415/3315 3275/3435/3335 3274/3433/3333
f 3255/3415/3315 3256/3416/3316 3276/3436/3336 3275/3435/3335
f 3256/3416/3316 3257/3417/3317 3277/3437/3337 3276/3436/3336
f 3257/3417/3317 3258/3418/3318 3278/3438/3338 3277/3437/3337
f 3258/3418/3318 3259/3419/3319 3279/3439/3339 3278/3438/3338
f 3259/3419/3319 3260/3420/3320 3280/3440/3340 3279/3439/3339
f 3260/3420/3320 3261/3421/3321 3281/3441/3341 3280/3440/3340
f 3261/3421/3321 3262/3422/3322 3282/3442/3342 3281/3441/3341
f 3262/3449/3322 3263/3448/3323 3283/3470/3343 3282/3471/3342
f 3263/3448/3323 3264/3450/3324 3284/3483/3344 3283/3470/3343
f 3264/3450/3324 3265/3451/3325 3285/3484/3345 3284/3483/3344
f 3265/3451/3325 3266/3463/3326 3286/3485/3346 3285/3484/3345
f 3266/3463/3326 3267/3464/3327 3287/3486/3347 3286/3485/3346
f 3267/3464/3327 3268/3465/3328 3288/3487/3348 3287/3486/3347
f 3268/3465/3328 3269/3466/3329 3289/3488/3349 3288/3487/3348
f 3269/3466/3329 3270/3467/3330 3290/3489/3350 3289/3488/3349
f 3270/3467/3330 3271/3468/3331 3291/3490/3351 3290/3489/3350
f 3271/3468/3331 3272/3469/3332 3292/3491/3352 3291/3490/3351
f 3272/3432/3332 3253/3414/3314 3273/3434/3334 3292/3452/3352
f 3273/3434/3334 3274/3433/3333 3294/3453/3353 3293/3454/3354
f 3274/3433/3333 3275/3435/3335 3295/3455/3355 3294/3453/3353
f 3275/3435/3335 3276/3436/3336 3296/3456/3356 3295/3455/3355
f 3276/3436/3336 3277/3437/3337 3297/3457/3357 3296/3456/3356
f 3277/3437/3337 3278/3438/3338 3298/3458/3358 3297/3457/3357
f 3278/3438/3338 3279/3439/3339 3299/3459/3359 3298/3458/3358
f 3279/3439/3339 3280/3440/3340 3300/3460/3360 3299/3459/3359
f 3280/3440/3340 3281/3441/3341 3301/3461/3361 3300/3460/3360
f 3281/3441/3341 3282/3442/3342 3302/3462/3362 3301/3461/3361
f 3282/3471/3342 3283/3470/3343 3303/3524/3363 3302/3525/3362
f 3283/3470/3343 3284/3483/3344 3304/3526/3364 3303/3524/3363
f 3284/3483/3344 3285/3484/3345 3305/3527/3365 3304/3526/3364
f 3285/3484/3345 3286/3485/3346 3306/3528/3366 3305/3527/3365
f 3286/3485/3346 3287/3486/3347 3307/3529/3367 3306/3528/3366
f 3287/3486/3347 3288/3487/3348 3308/3530/3368 3307/3529/3367
f 3288/3487/3348 3289/3488/3349 3309/3531/3369 3308/3530/3368
f 3289/3488/3349 3290/3489/3350 3310/3532/3370 3309/3531/3369
f 3290/3489/3350 3291/3490/3351 3311/3590/3371 3310/3532/3370
f 3291/3490/3351 3292/3491/3352 3312/3591/3372 3311/3590/3371
f 3292/3452/3352 3273/3434/3334 3293/3454/3354 3312/3472/3372
f 3293/3454/3354 3294/3453/3353 3314/3473/3373 3313/3474/3374
f 3294/3453/3353 3295/3455/3355 3315/3475/3375 3314/3473/3373
f 3295/3455/3355 3296/3456/3356 3316/3476/3376 3315/3475/3375
f 3296/3456/3356 3297/3457/3357 3317/3477/3377 3316/3476/3376
f 3297/3457/3357 3298/3458/3358 3318/3478/3378 3317/3477/3377
f 3298/3458/3358 3299/3459/3359 3319/3479/3379 3318/3478/3378
f 3299/3459/3359 3300/3460/3360 3320/3480/3380 3319/3479/3379
f 3300/3460/3360 3301/3461/3361 3321/3481/3381 3320/3480/3380
f 3301/3461/3361 3302/3462/3362 3322/3482/3382 3321/3481/3381
f 3302/3525/3362 3303/3524/3363 3323/3592/3383 3322/3593/3382
f 3303/3524/3363 3304/3526/3364 3324/3594/3384 3323/3592/3383
f 3304/3526/3364 3305/3527/3365 3325/3595/3385 3324/3594/3384
f 3305/3527/3365 3306/3528/3366 3326/3596/3386 3325/3595/3385
f 3306/3528/3366 3307/3529/3367 3327/3597/3387 3326/3596/3386
f 3307/3529/3367 3308/3530/3368 3328/3598/3388 3327/3597/3387
f 3308/3530/3368 3309/3531/3369 3329/3599/3389 3328/3598/3388
f 3309/3531/3369 3310/3532/3370 3330/3600/3390 3329/3599/3389
f 3310/3532/3370 3311/3590/3371 3331/3601/3391 3330/3600/3390
f 3311/3590/3371 3312/3591/3372 3332/3602/3392 3331/3601/3391
f 3312/3472/3372 3293/3454/3354 3313/3474/3374 3332/3492/3392
f 2954/3106/2954 2953/3105/2953 3333/3534/3393
f 2955/3109/2957 2954/3106/2954 3333/3534/3393
f 2956/3111/2959 2955/3109/2957 3333/3534/3393
f 2957/3113/2961 2956/3111/2959 3333/3534/3393
f 2958/3115/2963 2957/3113/2961 3333/3534/3393
f 2959/3117/2965 2958/3115/2963 3333/3534/3393
f 2960/3119/2967 2959/3117/2965 3333/3534/3393
f 2961/3121/2969 2960/3119/2967 3333/3534/3393
f 2962/3145/2971 2961/3121/2969 3333/3534/3393
f 2963/3124/2973 2962/3123/2971 3333/3557/3393
f 2964/3127/2975 2963/3124/2973 3333/3557/3393
f 2965/3129/2977 2964/3127/2975 3333/3557/3393
f 2966/3131/2979 2965/3129/2977 3333/3557/3393
f 2967/3133/2981 2966/3131/2979 3333/3557/3393
f 2968/3135/2983 2967/3133/2981 3333/3557/3393
f 2969/3137/2985 2968/3135/2983 3333/3557/3393
f 2970/3139/2987 2969/3137/2985 3333/3557/3393
f 2971/3141/2989 2970/3139/2987 3333/3557/3393
f 2972/3143/2991 2971/3141/2989 3333/3557/3393
f 2953/3105/2953 2972/3147/2991 3333/3534/3393
f 3313/3474/3374 3314/3473/3373 3334/3493/3394
f 3314/3473/3373 3315/3475/3375 3334/3493/3394
f 3315/3475/3375 3316/3476/3376 3334/3493/3394
f 3316/3476/3376 3317/3477/3377 3334/3493/3394
f 3317/3477/3377 3318/3478/3378 3334/3493/3394
f 3318/3478/3378 3319/3479/3379 3334/3493/3394
f 3319/3479/3379 3320/3480/3380 3334/3493/3394
f 3320/3480/3380 3321/3481/3381 3334/3493/3394
f 3321/3481/3381 3322/3482/3382 3334/3493/3394
f 3322/3593/3382 3323/3592/3383 3334/3603/3394
f 3323/3592/3383 3324/3594/3384 3334/3603/3394
f 3324/3594/3384 3325/3595/3385 3334/3603/3394
f 3325/3595/3385 3326/3596/3386 3334/3603/3394
f 3326/3596/3386 3327/3597/3387 3334/3603/3394
f 3327/3597/3387 3328/3598/3388 3334/3603/3394
f 3328/3598/3388 3329/3599/3389 3334/3603/3394
f 3329/3599/3389 3330/3600/3390 3334/3603/3394
f 3330/3600/3390 3331/3601/3391 3334/3603/3394
f 3331/3601/3391 3332/3602/3392 3334/3603/3394
f 3332/3492/3392 3313/3474/3374 3334/3493/3394
f 3113/3494/3136 3114/3495/3135 3336/3274/3174 3335/3273/3173
f 3114/3495/3135 3115/3496/3138 3337/3277/3177 3336/3274/3174
f 3115/3496/3138 3116/3497/3140 3338/3279/3179 3337/3277/3177
f 3116/3497/3140 3117/3498/3142 3339/3281/3181 3338/3279/3179
f 3117/3498/3142 3118/3499/3144 3340/3283/3183 3339/3281/3181
f 3118/3499/3144 3119/3500/3146 3341/3285/3185 3340/3283/3183
f 3119/3500/3146 3120/3501/3148 3342/3287/3187 3341/3285/3185
f 3120/3501/3148 3121/3502/3150 3343/3289/3189 3342/3287/3187
f 3121/3502/3150 3122/3503/3152 3344/3291/3191 3343/3289/3189
f 3122/3604/3152 3123/3605/3154 3345/3294/3193 3344/3293/3191
f 3123/3605/3154 3124/3606/3156 3346/3297/3195 3345/3294/3193
f 3124/3606/3156 3125/3607/3158 3347/3299/3197 3346/3297/3195
f 3125/3607/3158 3126/3608/3160 3348/3301/3199 3347/3299/3197
f 3126/3608/3160 3127/3609/3162 3349/3303/3201 3348/3301/3199
f 3127/3609/3162 3128/3610/3164 3350/3305/3203 3349/3303/3201
f 3128/3610/3164 3129/3611/3166 3351/3307/3205 3350/3305/3203
f 3129/3611/3166 3130/3612/3168 3352/3309/3207 3351/3307/3205
f 3130/3612/3168 3131/3613/3170 3353/3323/3209 3352/3309/3207
f 3131/3613/3170 3132/3614/3172 3354/3325/3211 3353/3323/3209
f 3132/3533/3172 3113/3494/3136 3335/3273/3173 3354/3311/3211
f 2993/3150/2994 2994/3149/2993 3356/3172/3014 3355/3171/3013
f 2994/3149/2993 2995/3151/2995 3357/3175/3017 3356/3172/3014
f 2995/3151/2995 2996/3152/2996 3358/3177/3019 3357/3175/3017
f 2996/3152/2996 2997/3153/2997 3359/3179/3021 3358/3177/3019
f 2997/3153/2997 2998/3165/2998 3360/3181/3023 3359/3179/3021
f 2998/3165/2998 2999/3166/2999 3361/3205/3025 3360/3181/3023
f 2999/3166/2999 3000/3167/3000 3362/3207/3027 3361/3205/3025
f 3000/3167/3000 3001/3168/3001 3363/3209/3029 3362/3207/3027
f 3001/3168/3001 3002/3169/3002 3364/3211/3031 3363/3209/3029
f 3002/3155/3002 3003/3154/3003 3365/3184/3033 3364/3183/3031
f 3003/3154/3003 3004/3156/3004 3366/3187/3035 3365/3184/3033
f 3004/3156/3004 3005/3157/3005 3367/3189/3037 3366/3187/3035
f 3005/3157/3005 3006/3158/3006 3368/3191/3039 3367/3189/3037
f 3006/3158/3006 3007/3159/3007 3369/3193/3041 3368/3191/3039
f 3007/3159/3007 3008/3160/3008 3370/3195/3043 3369/3193/3041
f 3008/3160/3008 3009/3161/3009 3371/3197/3045 3370/3195/3043
f 3009/3161/3009 3010/3162/3010 3372/3199/3047 3371/3197/3045
f 3010/3162/3010 3011/3163/3011 3373/3201/3049 3372/3199/3047
f 3011/3163/3011 3012/3164/3012 3374/3203/3051 3373/3201/3049
f 3012/3170/3012 2993/3150/2994 3355/3171/3013 3374/3213/3051
f 3093/3565/3114 3094/3523/3113 3376/3555/3134 3375/3556/3133
f 3094/3523/3113 3095/3566/3115 3377/3552/3137 3376/3555/3134
f 3095/3566/3115 3096/3567/3116 3378/3550/3139 3377/3552/3137
f 3096/3567/3116 3097/3568/3117 3379/3548/3141 3378/3550/3139
f 3097/3568/3117 3098/3569/3118 3380/3546/3143 3379/3548/3141
f 3098/3569/3118 3099/3570/3119 3381/3544/3145 3380/3546/3143
f 3099/3570/3119 3100/3571/3120 3382/3542/3147 3381/3544/3145
f 3100/3571/3120 3101/3572/3121 3383/3540/3149 3382/3542/3147
f 3101/3572/3121 3102/3573/3122 3384/3538/3151 3383/3540/3149
f 3102/3506/3122 3103/3505/3123 3385/3576/3153 3384/3575/3151
f 3103/3505/3123 3104/3507/3124 3386/3579/3155 3385/3576/3153
f 3104/3507/3124 3105/3508/3125 3387/3581/3157 3386/3579/3155
f 3105/3508/3125 3106/3509/3126 3388/3583/3159 3387/3581/3157
f 3106/3509/3126 3107/3510/3127 3389/3585/3161 3388/3583/3159
f 3107/3510/3127 3108/3511/3128 3390/3587/3163 3389/3585/3161
f 3108/3511/3128 3109/3512/3129 3391/3589/3165 3390/3587/3163
f 3109/3512/3129 3110/3513/3130 3392/3563/3167 3391/3589/3165
f 3110/3513/3130 3111/3514/3131 3393/3561/3169 3392/3563/3167
f 3111/3514/3131 3112/3515/3132 3394/3559/3171 3393/3561/3169
f 3112/3574/3132 3093/3565/3114 3375/3556/3133 3394/3536/3171
