# This file uses meters as units for non-parametric coordinates.

mtllib Libros.mtl
g default
v 239.289027 13.233910 1154.603867
v 239.289027 50.694563 1154.521104
v 245.888576 13.233910 1154.603867
v 245.888576 50.694567 1154.521104
v 245.888576 49.347132 1185.045029
v 245.888576 14.581343 1185.045029
v 239.289027 49.347132 1185.045029
v 239.289027 14.581343 1185.045029
v 245.888576 14.581343 1155.808396
v 239.289027 14.581343 1155.808396
v 245.888576 49.347132 1155.725693
v 239.289027 49.347132 1155.725693
v 244.830867 13.233910 1153.830552
v 244.830867 14.581343 1154.746018
v 244.830867 14.581343 1185.045029
v 244.830867 49.347132 1185.045029
v 244.830867 49.347132 1155.032273
v 244.830867 50.694567 1153.827744
v 240.346767 13.233910 1153.830552
v 240.346767 14.581343 1154.746018
v 240.346767 14.581343 1185.045029
v 240.346767 49.347132 1185.045029
v 240.346767 49.347132 1155.032273
v 240.346767 50.694563 1153.827744
v 246.792995 13.284201 1186.389146
v 246.845637 13.405617 1186.389146
v 246.792995 13.405617 1186.516160
v 246.665950 13.405617 1186.568772
v 246.665950 13.284201 1186.516160
v 246.665950 13.233910 1186.389146
v 246.792995 50.644274 1186.389146
v 246.665950 50.694567 1186.389146
v 246.665950 50.644274 1186.516160
v 246.665950 50.522860 1186.568772
v 246.792995 50.522860 1186.516160
v 246.845637 50.522860 1186.389146
v 238.511684 13.284201 1186.516160
v 238.511684 13.405617 1186.568772
v 238.384639 13.405617 1186.516160
v 238.331996 13.405617 1186.389146
v 238.384639 13.284201 1186.389146
v 238.511684 13.233910 1186.389146
v 238.511684 50.644274 1186.516160
v 238.511684 50.694563 1186.389146
v 238.384639 50.644274 1186.389146
v 238.331996 50.522860 1186.389146
v 238.384639 50.522860 1186.516160
v 238.511684 50.522860 1186.568772
v 238.441158 13.284199 1153.547227
v 238.394038 13.405617 1153.571824
v 238.391566 13.399443 1153.428208
v 238.479427 13.394356 1153.322861
v 238.503902 13.280810 1153.369859
v 238.554225 13.233910 1153.486741
v 238.441158 50.644274 1153.547227
v 238.554225 50.694563 1153.486741
v 238.509059 50.644274 1153.366746
v 238.489803 50.522860 1153.317185
v 238.394557 50.522860 1153.426682
v 238.394038 50.522860 1153.571824
v 246.668575 13.284199 1153.366746
v 246.687801 13.405617 1153.317185
v 246.784297 13.399554 1153.423508
v 246.787624 13.394356 1153.560654
v 246.738277 13.280810 1153.541489
v 246.623408 13.233910 1153.486741
v 246.668575 50.644274 1153.366746
v 246.623408 50.694567 1153.486741
v 246.736476 50.644274 1153.547227
v 246.783565 50.522860 1153.571824
v 246.783046 50.522860 1153.426682
v 246.687801 50.522860 1153.317185
v 245.941219 13.284201 1186.389146
v 246.068294 13.233910 1186.389146
v 246.068294 13.284201 1186.516160
v 246.068294 13.405617 1186.568772
v 245.941219 13.405617 1186.516160
v 245.888576 13.405617 1186.389146
v 245.941219 50.522860 1186.516160
v 246.068294 50.522860 1186.568772
v 246.068294 50.644274 1186.516160
v 246.068294 50.694567 1186.389146
v 245.941219 50.644274 1186.389146
v 245.888576 50.522860 1186.389146
v 238.331996 13.405617 1155.901414
v 238.384639 13.284201 1155.911485
v 238.511684 13.233910 1155.935715
v 238.331996 50.522860 1155.901414
v 238.384639 50.644274 1155.911485
v 238.511684 50.694563 1155.935715
v 239.373531 13.233910 1153.040818
v 239.313777 13.284201 1152.928635
v 239.289027 13.405617 1152.882188
v 239.289027 50.522860 1152.882188
v 239.313777 50.644274 1152.928635
v 239.373531 50.694563 1153.040818
v 246.369411 13.405617 1154.696885
v 246.313106 13.284201 1154.697556
v 246.177119 13.233910 1154.699204
v 246.369411 50.522860 1154.696885
v 246.313106 50.644274 1154.697556
v 246.177119 50.694567 1154.699204
v 238.808192 50.522860 1154.696885
v 238.864497 50.644274 1154.697556
v 239.000484 50.694563 1154.699204
v 238.808192 13.405617 1154.696885
v 238.864497 13.284201 1154.697556
v 239.000484 13.233910 1154.699204
v 246.845637 13.405617 1155.901414
v 246.792995 13.284201 1155.911485
v 246.665950 13.233910 1155.935715
v 246.845637 50.522860 1155.901414
v 246.792995 50.644274 1155.911485
v 246.665950 50.694567 1155.935715
v 239.236415 50.644274 1186.389146
v 239.109309 50.694563 1186.389146
v 239.109309 50.644274 1186.516160
v 239.109309 50.522860 1186.568772
v 239.236415 50.522860 1186.516160
v 239.289027 50.522860 1186.389146
v 239.236415 13.405617 1186.516160
v 239.109309 13.405617 1186.568772
v 239.109309 13.284201 1186.516160
v 239.109309 13.233910 1186.389146
v 239.236415 13.284201 1186.389146
v 239.289027 13.405617 1186.389146
v 239.109309 13.233910 1155.734238
v 239.236415 13.284201 1155.786729
v 239.289027 13.405617 1155.808396
v 240.272090 13.233910 1154.566331
v 240.324886 13.284201 1154.693406
v 240.346767 13.405617 1154.746018
v 240.346767 13.405617 1152.330674
v 240.359645 13.284201 1152.383286
v 240.390773 13.233910 1152.510361
v 240.346767 50.522860 1152.330674
v 240.359645 50.644274 1152.383286
v 240.390773 50.694563 1152.510361
v 239.109309 50.694563 1155.628648
v 239.236415 50.644274 1155.697312
v 239.289027 50.522860 1155.725693
v 246.068294 13.233910 1155.734238
v 245.941219 13.284201 1155.786729
v 245.888576 13.405617 1155.808396
v 245.888576 13.405617 1152.882188
v 245.863856 13.284201 1152.928635
v 245.804073 13.233910 1153.040818
v 245.804073 50.694567 1153.040818
v 245.863856 50.644274 1152.928635
v 245.888576 50.522860 1152.882188
v 246.068294 50.694567 1155.628648
v 245.941219 50.644274 1155.697312
v 245.888576 50.522860 1155.725693
v 244.830867 50.522860 1155.032273
v 244.846584 50.644274 1154.979722
v 244.884517 50.694567 1154.852647
v 244.786861 50.694567 1152.510361
v 244.817989 50.644274 1152.383286
v 244.830867 50.522860 1152.330674
v 244.830867 13.405617 1152.330674
v 244.817989 13.284201 1152.383286
v 244.786861 13.233910 1152.510361
v 244.905544 13.233910 1154.566331
v 244.852718 13.284201 1154.693406
v 244.830867 13.405617 1154.746018
v 240.346767 50.522860 1155.032273
v 240.331050 50.644274 1154.979722
v 240.293117 50.694563 1154.852647
v 246.769649 13.306515 1186.492783
v 246.769649 50.621958 1186.492783
v 238.407985 13.306515 1186.492783
v 238.407985 50.621958 1186.492783
v 238.422176 13.303883 1153.439133
v 238.424373 50.621966 1153.437913
v 246.754024 13.303925 1153.435532
v 246.753261 50.621966 1153.437913
v 245.964565 13.306515 1186.492783
v 245.964565 50.621958 1186.492783
v 239.213069 50.621958 1186.492783
v 239.213069 13.306515 1186.492783
vt -1.001780 0.912634
vt -1.001783 0.958468
vt -1.003178 0.958468
vt -1.003175 0.912634
vt -1.001777 0.872689
vt -1.003172 0.874089
vt -1.001786 0.998035
vt -1.003180 0.997121
vt -0.994471 0.874090
vt -0.994474 0.912634
vt -0.995868 0.912634
vt -0.995866 0.872689
vt -0.994477 0.958468
vt -0.995872 0.958468
vt -0.994480 0.997121
vt -0.995874 0.998036
vt -0.941850 0.989318
vt -0.941859 0.989492
vt -0.982321 0.989084
vt -0.982321 0.988909
vt -0.941868 0.989671
vt -0.982307 0.989265
vt -0.941489 0.989290
vt -0.941670 0.989297
vt -0.941672 0.940087
vt -0.941491 0.940089
vt -0.941853 0.940086
vt -0.941510 0.989630
vt -0.941491 0.989457
vt -0.940688 0.989437
vt -0.940657 0.989614
vt -0.940702 0.989270
vt -0.941544 0.939738
vt -0.941714 0.939727
vt -0.941749 0.938928
vt -0.941579 0.938893
vt -0.941887 0.939733
vt -0.941921 0.938946
vt -0.983172 0.929045
vt -0.983222 0.929213
vt -0.984006 0.929157
vt -0.983958 0.928992
vt -0.982961 0.929473
vt -0.982788 0.929429
vt -0.982675 0.930206
vt -0.982843 0.930264
vt -0.982813 0.929076
vt -0.982994 0.929076
vt -0.982985 0.879947
vt -0.982804 0.879924
vt -0.983166 0.879971
vt -0.982747 0.879579
vt -0.982909 0.879530
vt -0.982823 0.878767
vt -0.982659 0.878804
vt -0.983079 0.879494
vt -0.982979 0.878703
vt -0.982760 0.879757
vt -0.942262 0.879990
vt -0.942251 0.880166
vt -0.942312 0.879811
vt -0.932006 0.995434
vt -0.931967 0.995607
vt -0.933596 0.995686
vt -0.933585 0.995509
vt -0.931791 0.995767
vt -0.931611 0.995783
vt -0.931639 0.997529
vt -0.931820 0.997438
vt -0.931636 0.995432
vt -0.931816 0.995432
vt -0.931813 0.946289
vt -0.931622 0.946296
vt -0.932004 0.946281
vt -0.931617 0.995600
vt -0.930389 0.995573
vt -0.930350 0.995762
vt -0.930426 0.995389
vt -0.931610 0.946116
vt -0.930388 0.946139
vt -0.930426 0.946326
vt -0.931611 0.945929
vt -0.930349 0.945946
vt -0.920231 0.995426
vt -0.920243 0.995608
vt -0.921465 0.995582
vt -0.921427 0.995394
vt -0.920243 0.995796
vt -0.921506 0.995775
vt -0.919861 0.995455
vt -0.920042 0.995440
vt -0.920040 0.946285
vt -0.919849 0.946276
vt -0.920231 0.946292
vt -0.920243 0.945928
vt -0.920244 0.946113
vt -0.921463 0.946139
vt -0.921502 0.945950
vt -0.921426 0.946323
vt -0.919888 0.946102
vt -0.918259 0.946023
vt -0.918270 0.946199
vt -0.920063 0.945943
vt -0.920212 0.944182
vt -0.920031 0.944273
vt -0.941905 0.990453
vt -0.941914 0.990633
vt -0.982465 0.990234
vt -0.982548 0.990053
vt -0.941921 0.990806
vt -0.982418 0.990408
vt -0.940339 0.989285
vt -0.940520 0.989272
vt -0.940521 0.940096
vt -0.940340 0.940097
vt -0.940703 0.940095
vt -0.982656 0.878625
vt -0.942117 0.878851
vt -0.942005 0.879032
vt -0.982671 0.878453
vt -0.942179 0.878676
vt -0.984310 0.880124
vt -0.984130 0.880099
vt -0.984138 0.928982
vt -0.984319 0.928967
vt -0.983949 0.880075
vt -0.933305 0.874508
vt -0.933195 0.874614
vt -0.934673 0.875563
vt -0.934766 0.875415
vt -0.933025 0.874692
vt -0.934559 0.875704
vt -0.942869 0.928998
vt -0.981807 0.940255
vt -0.981781 0.939901
vt -0.982141 0.939115
vt -0.933588 0.946207
vt -0.920219 0.997558
vt -0.920639 0.997630
vt -0.918261 0.995519
vt -0.920676 0.944211
vt -0.940569 0.880347
vt -0.941172 0.929118
vt -0.983888 0.989656
vt -0.984116 0.989975
vt -0.984029 0.988911
vt -0.983514 0.940192
vt -0.983382 0.939187
vt -0.983610 0.938794
vt -0.942621 0.930135
vt -0.942903 0.929351
vt -0.941004 0.929876
vt -0.941195 0.929534
vt -0.931219 0.997600
vt -0.931652 0.944173
vt -0.931187 0.944197
vt -0.940370 0.879856
vt -0.940671 0.879947
vt -0.989388 0.995051
vt -0.988786 0.995804
vt -0.989529 0.997904
vt -0.989917 0.996517
vt -0.928852 0.995605
vt -0.929245 0.997239
vt -0.928869 0.946460
vt -0.928876 0.995262
vt -0.929241 0.944418
vt -0.928845 0.946122
vt -0.939819 0.878777
vt -0.938856 0.879784
vt -0.938567 0.941652
vt -0.938567 0.987711
vt -0.986093 0.927424
vt -0.986081 0.881776
vt -0.943739 0.992332
vt -0.982200 0.991939
vt -0.982661 0.930559
vt -0.942751 0.930490
vt -0.942957 0.932037
vt -0.980870 0.932100
vt -0.989185 0.997918
vt -0.988460 0.995977
vt -0.987160 0.996887
vt -0.987884 0.998528
vt -0.941914 0.938591
vt -0.982021 0.938760
vt -0.982038 0.937210
vt -0.943714 0.937048
vt -0.939943 0.878450
vt -0.941867 0.878571
vt -0.941419 0.876776
vt -0.940456 0.877111
vt -0.980937 0.876921
vt -0.942445 0.877136
vt -0.922983 0.995259
vt -0.922976 0.946452
vt -0.922612 0.997304
vt -0.923008 0.995596
vt -0.984621 0.991174
vt -0.985476 0.990683
vt -0.983469 0.992676
vt -0.984409 0.991468
vt -0.935441 0.874021
vt -0.933960 0.873231
vt -0.933970 0.876888
vt -0.933141 0.875910
vt -0.923001 0.946109
vt -0.922616 0.944477
vt -0.982797 0.929249
vt -0.942873 0.929171
vt -0.940634 0.880143
vt -0.928861 0.946294
vt -0.920066 0.995773
vt -0.920038 0.997467
vt -0.919891 0.995620
vt -0.918251 0.995696
vt -0.983524 0.940013
vt -0.981800 0.940081
vt -0.983573 0.939830
vt -0.931790 0.945946
vt -0.931832 0.944266
vt -0.931966 0.946107
vt -0.933599 0.946031
vt -0.941199 0.929324
vt -0.984099 0.989270
vt -0.984044 0.989089
vt -0.941877 0.939913
vt -0.982663 0.930385
vt -0.942704 0.930316
vt -0.989346 0.997891
vt -0.988615 0.995886
vt -0.928868 0.995430
vt -0.984516 0.991328
vt -0.922992 0.995424
vt -0.922984 0.946283
vt -0.941923 0.938765
vt -0.982055 0.938935
vt -0.939882 0.878610
vt -0.941906 0.878794
vt -0.941719 0.989520
vt -0.941632 0.989427
vt -0.941647 0.939949
vt -0.941741 0.939868
vt -0.982954 0.929272
vt -0.983081 0.929218
vt -0.983014 0.879721
vt -0.982901 0.879679
vt -0.931782 0.995584
vt -0.931779 0.946131
vt -0.920075 0.995593
vt -0.920074 0.946127
vt -0.940456 0.989490
vt -0.940550 0.989403
vt -0.941704 0.938698
vt -0.941787 0.938791
vt -0.982860 0.878542
vt -0.982780 0.878642
vt -0.982828 0.930543
vt -0.982801 0.930400
vt -0.984140 0.929105
vn 0.000000 0.000000 1.000000
vn 0.000000 0.000000 1.000000
vn 0.000000 0.000000 1.000000
vn 0.000000 0.000000 1.000000
vn 0.000000 -1.000000 0.000000
vn 0.000000 -1.000000 0.000000
vn 0.000000 -1.000000 0.000000
vn 0.000000 -1.000000 0.000000
vn 0.000000 1.000000 0.000000
vn 0.000000 1.000000 0.000000
vn 0.000000 1.000000 0.000000
vn 0.000000 1.000000 0.000000
vn 0.000000 -1.000000 0.000000
vn 0.000000 -1.000000 0.000000
vn 0.000000 -1.000000 0.000000
vn 0.000000 -1.000000 0.000000
vn 0.000000 0.000000 1.000000
vn 0.000000 0.000000 1.000000
vn 0.000000 0.000000 1.000000
vn 0.000000 0.000000 1.000000
vn 0.000000 1.000000 0.000000
vn 0.000000 1.000000 0.000000
vn 0.000000 1.000000 0.000000
vn 0.000000 1.000000 0.000000
vn 0.000000 -1.000000 0.000000
vn 0.000000 -1.000000 0.000000
vn 0.000000 -1.000000 0.000000
vn 0.000000 -1.000000 0.000000
vn 0.000000 0.000000 1.000000
vn 0.000000 0.000000 1.000000
vn 0.000000 0.000000 1.000000
vn 0.000000 0.000000 1.000000
vn 0.000000 1.000000 0.000000
vn 0.000000 1.000000 0.000000
vn 0.000000 1.000000 0.000000
vn 0.000000 1.000000 0.000000
vn 0.917464 -0.397819 0.000000
vn 0.917464 -0.397819 0.000000
vn 0.917464 -0.397819 0.000000
vn 0.917464 -0.397819 0.000000
vn 0.368066 -0.929800 0.000000
vn 0.368066 -0.929800 0.000000
vn 0.368066 -0.929800 0.000000
vn 0.368066 -0.929800 0.000000
vn 0.382671 0.000000 0.923885
vn 0.382671 0.000000 0.923885
vn 0.382671 0.000000 0.923885
vn 0.382671 0.000000 0.923885
vn 0.923875 0.000000 0.382695
vn 0.923875 0.000000 0.382695
vn 0.923875 0.000000 0.382695
vn 0.923875 0.000000 0.382695
vn 0.000000 -0.929811 0.368038
vn 0.000000 -0.929811 0.368038
vn 0.000000 -0.929811 0.368038
vn 0.000000 -0.929811 0.368038
vn 0.000000 -0.397715 0.917509
vn 0.000000 -0.397715 0.917509
vn 0.000000 -0.397715 0.917509
vn 0.000000 -0.397715 0.917509
vn 0.000000 0.397708 0.917512
vn 0.000000 0.397708 0.917512
vn 0.000000 0.397708 0.917512
vn 0.000000 0.397708 0.917512
vn 0.000000 0.929819 0.368018
vn 0.000000 0.929819 0.368018
vn 0.000000 0.929819 0.368018
vn 0.000000 0.929819 0.368018
vn 0.000000 -0.397722 0.917506
vn 0.000000 -0.397722 0.917506
vn 0.000000 -0.397722 0.917506
vn 0.000000 -0.397722 0.917506
vn 0.000000 -0.929814 0.368031
vn 0.000000 -0.929814 0.368031
vn 0.000000 -0.929814 0.368031
vn 0.000000 -0.929814 0.368031
vn -0.923872 0.000000 0.382701
vn -0.923872 0.000000 0.382701
vn -0.923872 0.000000 0.382701
vn -0.923872 0.000000 0.382701
vn -0.382685 0.000000 0.923879
vn -0.382685 0.000000 0.923879
vn -0.382685 0.000000 0.923879
vn -0.382685 0.000000 0.923879
vn 0.000000 0.929819 0.368018
vn 0.000000 0.929819 0.368018
vn 0.000000 0.929819 0.368018
vn 0.000000 0.929819 0.368018
vn 0.000000 0.397720 0.917507
vn 0.000000 0.397720 0.917507
vn 0.000000 0.397720 0.917507
vn 0.000000 0.397720 0.917507
vn -0.917527 0.397673 0.000000
vn -0.917527 0.397673 0.000000
vn -0.917527 0.397673 0.000000
vn -0.917527 0.397673 0.000000
vn -0.368001 0.929825 0.000000
vn -0.368001 0.929825 0.000000
vn -0.368001 0.929825 0.000000
vn -0.368001 0.929825 0.000000
vn -0.860969 -0.397892 0.316884
vn -0.860969 -0.397892 0.316884
vn -0.860969 -0.397892 0.316884
vn -0.860969 -0.397892 0.316884
vn -0.345420 -0.929797 0.127134
vn -0.345420 -0.929797 0.127134
vn -0.345420 -0.929797 0.127134
vn -0.345420 -0.929797 0.127134
vn -0.760971 0.000074 -0.648786
vn -0.760971 0.000074 -0.648786
vn -0.760971 0.000074 -0.648786
vn -0.760971 0.000074 -0.648786
vn -0.999976 0.000041 0.006885
vn -0.999976 0.000041 0.006885
vn -0.999976 0.000041 0.006885
vn -0.999976 0.000041 0.006885
vn -0.169482 -0.933906 -0.314795
vn -0.169482 -0.933906 -0.314795
vn -0.169482 -0.933906 -0.314795
vn -0.169482 -0.933906 -0.314795
vn -0.433386 -0.409794 -0.802649
vn -0.433386 -0.409794 -0.802649
vn -0.433386 -0.409794 -0.802649
vn -0.433386 -0.409794 -0.802649
vn -0.438644 0.397928 -0.805757
vn -0.438644 0.397928 -0.805757
vn -0.438644 0.397928 -0.805757
vn -0.438644 0.397928 -0.805757
vn -0.175995 0.929781 -0.323316
vn -0.175995 0.929781 -0.323316
vn -0.175995 0.929781 -0.323316
vn -0.175995 0.929781 -0.323316
vn 0.438655 -0.397884 -0.805773
vn 0.438655 -0.397884 -0.805773
vn 0.438655 -0.397884 -0.805773
vn 0.438655 -0.397884 -0.805773
vn 0.175998 -0.929786 -0.323300
vn 0.175998 -0.929786 -0.323300
vn 0.175998 -0.929786 -0.323300
vn 0.175998 -0.929786 -0.323300
vn 0.999907 0.000074 -0.013622
vn 0.999907 0.000074 -0.013622
vn 0.999907 0.000074 -0.013622
vn 0.999907 0.000074 -0.013622
vn 0.747469 0.000042 -0.664297
vn 0.747469 0.000042 -0.664297
vn 0.747469 0.000042 -0.664297
vn 0.747469 0.000042 -0.664297
vn 0.175990 0.929793 -0.323284
vn 0.175990 0.929793 -0.323284
vn 0.175990 0.929793 -0.323284
vn 0.175990 0.929793 -0.323284
vn 0.438664 0.397852 -0.805784
vn 0.438664 0.397852 -0.805784
vn 0.438664 0.397852 -0.805784
vn 0.438664 0.397852 -0.805784
vn 0.861012 0.397779 0.316909
vn 0.861012 0.397779 0.316909
vn 0.861012 0.397779 0.316909
vn 0.861012 0.397779 0.316909
vn 0.345418 0.929798 0.127126
vn 0.345418 0.929798 0.127126
vn 0.345418 0.929798 0.127126
vn 0.345418 0.929798 0.127126
vn -0.368104 -0.929785 0.000000
vn -0.368104 -0.929785 0.000000
vn -0.368104 -0.929785 0.000000
vn -0.368104 -0.929785 0.000000
vn -0.917540 -0.397644 0.000000
vn -0.917540 -0.397644 0.000000
vn -0.917540 -0.397644 0.000000
vn -0.917540 -0.397644 0.000000
vn -0.923908 0.000000 0.382615
vn -0.923908 0.000000 0.382615
vn -0.923908 0.000000 0.382615
vn -0.923908 0.000000 0.382615
vn -0.382671 0.000000 0.923885
vn -0.382671 0.000000 0.923885
vn -0.382671 0.000000 0.923885
vn -0.382671 0.000000 0.923885
vn 0.368024 0.929816 0.000000
vn 0.368024 0.929816 0.000000
vn 0.368024 0.929816 0.000000
vn 0.368024 0.929816 0.000000
vn 0.917507 0.397719 0.000000
vn 0.917507 0.397719 0.000000
vn 0.917507 0.397719 0.000000
vn 0.917507 0.397719 0.000000
vn 0.923872 0.000000 0.382701
vn 0.923872 0.000000 0.382701
vn 0.923872 0.000000 0.382701
vn 0.923872 0.000000 0.382701
vn 0.382685 0.000000 0.923879
vn 0.382685 0.000000 0.923879
vn 0.382685 0.000000 0.923879
vn 0.382685 0.000000 0.923879
vn -0.503044 0.397667 0.767338
vn -0.503044 0.397667 0.767338
vn -0.503044 0.397667 0.767338
vn -0.503044 0.397667 0.767338
vn -0.201776 0.929813 0.307789
vn -0.201776 0.929813 0.307789
vn -0.201776 0.929813 0.307789
vn -0.201776 0.929813 0.307789
vn 0.000000 0.000000 1.000000
vn 0.000000 0.000000 1.000000
vn 0.000000 0.000000 1.000000
vn 0.000000 0.000000 1.000000
vn -1.000000 0.000000 0.000000
vn -1.000000 0.000000 0.000000
vn -1.000000 0.000000 0.000000
vn -1.000000 0.000000 0.000000
vn 0.478111 0.000000 -0.878300
vn 0.478111 0.000000 -0.878300
vn 0.478111 0.000000 -0.878300
vn 0.478111 0.000000 -0.878300
vn 1.000000 0.000000 0.000000
vn 1.000000 0.000000 0.000000
vn 1.000000 0.000000 0.000000
vn 1.000000 0.000000 0.000000
vn 0.000000 1.000000 0.000000
vn 0.000000 1.000000 0.000000
vn 0.000000 1.000000 0.000000
vn 0.000000 1.000000 0.000000
vn 0.000000 -1.000000 0.000000
vn 0.000000 -1.000000 0.000000
vn 0.000000 -1.000000 0.000000
vn 0.000000 -1.000000 0.000000
vn -0.938445 0.000000 0.345428
vn -0.938445 0.000000 0.345428
vn -0.938445 0.000000 0.345428
vn -0.938445 0.000000 0.345428
vn 0.000000 -1.000000 0.000000
vn 0.000000 -1.000000 0.000000
vn 0.000000 -1.000000 0.000000
vn 0.000000 -1.000000 0.000000
vn 0.938447 0.000000 0.345422
vn 0.938447 0.000000 0.345422
vn 0.938447 0.000000 0.345422
vn 0.938447 0.000000 0.345422
vn 0.000000 1.000000 -0.000003
vn 0.000000 1.000000 -0.000003
vn 0.000000 1.000000 -0.000003
vn 0.000000 1.000000 -0.000003
vn -0.929967 0.000000 -0.367643
vn -0.929967 0.000000 -0.367643
vn -0.929967 0.000000 -0.367643
vn -0.929967 0.000000 -0.367643
vn 0.000000 -1.000000 0.000000
vn 0.000000 -1.000000 0.000000
vn 0.000000 -1.000000 0.000000
vn 0.000000 -1.000000 0.000000
vn 0.929967 0.000000 -0.367643
vn 0.929967 0.000000 -0.367643
vn 0.929967 0.000000 -0.367643
vn 0.929967 0.000000 -0.367643
vn 0.000000 1.000000 0.000003
vn 0.000000 1.000000 0.000003
vn 0.000000 1.000000 0.000003
vn 0.000000 1.000000 0.000003
vn 0.000000 0.000000 1.000000
vn 0.000000 0.000000 1.000000
vn 0.000000 0.000000 1.000000
vn 0.000000 0.000000 1.000000
vn 0.000000 -1.000000 0.000000
vn 0.000000 -1.000000 0.000000
vn 0.000000 -1.000000 0.000000
vn 0.000000 -1.000000 0.000000
vn 0.000000 -1.000000 0.000000
vn 0.000000 -1.000000 0.000000
vn 0.000000 -1.000000 0.000000
vn 0.000000 -1.000000 0.000000
vn 0.000000 -1.000000 0.000000
vn 0.000000 -1.000000 0.000000
vn 0.000000 -1.000000 0.000000
vn 0.000000 -1.000000 0.000000
vn -0.478105 0.000000 -0.878303
vn -0.478105 0.000000 -0.878303
vn -0.478105 0.000000 -0.878303
vn -0.478105 0.000000 -0.878303
vn 0.000000 1.000000 0.000000
vn 0.000000 1.000000 0.000000
vn 0.000000 1.000000 0.000000
vn 0.000000 1.000000 0.000000
vn 0.000000 1.000000 0.000006
vn 0.000000 1.000000 0.000006
vn 0.000000 1.000000 0.000006
vn 0.000000 1.000000 0.000006
vn 0.000000 1.000000 0.000000
vn 0.000000 1.000000 0.000000
vn 0.000000 1.000000 0.000000
vn 0.000000 1.000000 0.000000
vn 0.000000 -1.000000 0.000000
vn 0.000000 -1.000000 0.000000
vn 0.000000 -1.000000 0.000000
vn 0.000000 -1.000000 0.000000
vn 0.000000 -1.000000 0.000000
vn 0.000000 -1.000000 0.000000
vn 0.000000 -1.000000 0.000000
vn 0.000000 -1.000000 0.000000
vn -0.462339 0.000000 -0.886703
vn -0.462339 0.000000 -0.886703
vn -0.462339 0.000000 -0.886703
vn -0.462339 0.000000 -0.886703
vn 0.000000 1.000000 0.000000
vn 0.000000 1.000000 0.000000
vn 0.000000 1.000000 0.000000
vn 0.000000 1.000000 0.000000
vn 0.000000 1.000000 0.000001
vn 0.000000 1.000000 0.000001
vn 0.000000 1.000000 0.000001
vn 0.000000 1.000000 0.000001
vn -1.000000 0.000000 0.000000
vn -1.000000 0.000000 0.000000
vn -1.000000 0.000000 0.000000
vn -1.000000 0.000000 0.000000
vn 1.000000 0.000000 0.000000
vn 1.000000 0.000000 0.000000
vn 1.000000 0.000000 0.000000
vn 1.000000 0.000000 0.000000
vn -1.000000 0.000000 0.000000
vn -1.000000 0.000000 0.000000
vn -1.000000 0.000000 0.000000
vn -1.000000 0.000000 0.000000
vn 1.000000 0.000005 0.000000
vn 1.000000 0.000005 0.000000
vn 1.000000 0.000005 0.000000
vn 1.000000 0.000005 0.000000
vn 0.708674 0.000000 0.705536
vn 0.708674 0.000000 0.705536
vn 0.708674 0.000000 0.705536
vn 0.708674 0.000000 0.705536
vn -1.000000 0.000014 0.000000
vn -1.000000 0.000014 0.000000
vn -1.000000 0.000014 0.000000
vn -1.000000 0.000014 0.000000
vn 0.548250 0.000000 0.836314
vn 0.548250 0.000000 0.836314
vn 0.548250 0.000000 0.836314
vn 0.548250 0.000000 0.836314
vn 1.000000 0.000000 0.000000
vn 1.000000 0.000000 0.000000
vn 1.000000 0.000000 0.000000
vn 1.000000 0.000000 0.000000
vn 0.462338 0.000000 -0.886704
vn 0.462338 0.000000 -0.886704
vn 0.462338 0.000000 -0.886704
vn 0.462338 0.000000 -0.886704
vn 0.000000 -1.000000 0.000000
vn 0.000000 -1.000000 0.000000
vn 0.000000 -1.000000 0.000000
vn 0.000000 -1.000000 0.000000
vn 0.000000 -1.000000 0.000000
vn 0.000000 -1.000000 0.000000
vn 0.000000 -1.000000 0.000000
vn 0.000000 -1.000000 0.000000
vn -0.708674 0.000000 0.705536
vn -0.708674 0.000000 0.705536
vn -0.708674 0.000000 0.705536
vn -0.708674 0.000000 0.705536
vn -0.548249 0.000000 0.836315
vn -0.548249 0.000000 0.836315
vn -0.548249 0.000000 0.836315
vn -0.548249 0.000000 0.836315
vn 0.000000 1.000000 0.000000
vn 0.000000 1.000000 0.000000
vn 0.000000 1.000000 0.000000
vn 0.000000 1.000000 0.000000
vn 0.000000 1.000000 0.000000
vn 0.000000 1.000000 0.000000
vn 0.000000 1.000000 0.000000
vn 0.000000 1.000000 0.000000
vn 0.000000 0.000000 -1.000000
vn 0.000000 0.000000 -1.000000
vn 0.000000 0.000000 -1.000000
vn 0.000000 0.000000 -1.000000
vn 0.000000 -1.000000 0.000000
vn 0.000000 -1.000000 0.000000
vn 0.000000 -1.000000 0.000000
vn 0.000000 -1.000000 0.000000
vn 0.000000 -1.000000 0.000000
vn 0.000000 -1.000000 0.000000
vn 0.000000 -1.000000 0.000000
vn 0.000000 -1.000000 0.000000
vn 0.000000 0.000000 1.000000
vn 0.000000 0.000000 1.000000
vn 0.000000 0.000000 1.000000
vn 0.000000 0.000000 1.000000
vn 0.000000 0.000000 1.000000
vn 0.000000 0.000000 1.000000
vn 0.000000 0.000000 1.000000
vn 0.000000 0.000000 1.000000
vn -0.000001 1.000000 0.000000
vn -0.000001 1.000000 0.000000
vn -0.000001 1.000000 0.000000
vn -0.000001 1.000000 0.000000
vn -0.000001 1.000000 0.000000
vn -0.000001 1.000000 0.000000
vn -0.000001 1.000000 0.000000
vn -0.000001 1.000000 0.000000
vn -0.368008 -0.929823 0.000000
vn -0.368008 -0.929823 0.000000
vn -0.368008 -0.929823 0.000000
vn -0.368008 -0.929823 0.000000
vn -0.917527 -0.397673 0.000000
vn -0.917527 -0.397673 0.000000
vn -0.917527 -0.397673 0.000000
vn -0.917527 -0.397673 0.000000
vn -0.853232 0.397768 -0.337307
vn -0.853232 0.397768 -0.337307
vn -0.853232 0.397768 -0.337307
vn -0.853232 0.397768 -0.337307
vn -0.342262 0.929812 -0.135299
vn -0.342262 0.929812 -0.135299
vn -0.342262 0.929812 -0.135299
vn -0.342262 0.929812 -0.135299
vn -0.424207 0.397727 -0.813549
vn -0.424207 0.397727 -0.813549
vn -0.424207 0.397727 -0.813549
vn -0.424207 0.397727 -0.813549
vn -0.170151 0.929822 -0.326312
vn -0.170151 0.929822 -0.326312
vn -0.170151 0.929822 -0.326312
vn -0.170151 0.929822 -0.326312
vn 0.335316 -0.933814 0.124715
vn 0.335316 -0.933814 0.124715
vn 0.335316 -0.933814 0.124715
vn 0.335316 -0.933814 0.124715
vn 0.855297 -0.409606 0.317318
vn 0.855297 -0.409606 0.317318
vn 0.855297 -0.409606 0.317318
vn 0.855297 -0.409606 0.317318
vn 0.853230 0.397767 -0.337313
vn 0.853230 0.397767 -0.337313
vn 0.853230 0.397767 -0.337313
vn 0.853230 0.397767 -0.337313
vn 0.342301 0.929795 -0.135321
vn 0.342301 0.929795 -0.135321
vn 0.342301 0.929795 -0.135321
vn 0.342301 0.929795 -0.135321
vn -0.345420 0.929797 0.127133
vn -0.345420 0.929797 0.127133
vn -0.345420 0.929797 0.127133
vn -0.345420 0.929797 0.127133
vn -0.860968 0.397894 0.316883
vn -0.860968 0.397894 0.316883
vn -0.860968 0.397894 0.316883
vn -0.860968 0.397894 0.316883
vn -0.342268 -0.929809 -0.135307
vn -0.342268 -0.929809 -0.135307
vn -0.342268 -0.929809 -0.135307
vn -0.342268 -0.929809 -0.135307
vn -0.853233 -0.397766 -0.337306
vn -0.853233 -0.397766 -0.337306
vn -0.853233 -0.397766 -0.337306
vn -0.853233 -0.397766 -0.337306
vn 0.342307 -0.929792 -0.135324
vn 0.342307 -0.929792 -0.135324
vn 0.342307 -0.929792 -0.135324
vn 0.342307 -0.929792 -0.135324
vn 0.853232 -0.397766 -0.337310
vn 0.853232 -0.397766 -0.337310
vn 0.853232 -0.397766 -0.337310
vn 0.853232 -0.397766 -0.337310
vn 0.368059 0.929802 0.000000
vn 0.368059 0.929802 0.000000
vn 0.368059 0.929802 0.000000
vn 0.368059 0.929802 0.000000
vn 0.917464 0.397820 0.000000
vn 0.917464 0.397820 0.000000
vn 0.917464 0.397820 0.000000
vn 0.917464 0.397819 0.000000
vn 0.917477 -0.397789 0.000000
vn 0.917477 -0.397789 0.000000
vn 0.917477 -0.397789 0.000000
vn 0.917477 -0.397789 0.000000
vn 0.367989 -0.929830 0.000000
vn 0.367989 -0.929830 0.000000
vn 0.367989 -0.929830 0.000000
vn 0.367989 -0.929830 0.000000
vn 0.650228 -0.397672 0.647349
vn 0.650228 -0.397672 0.647349
vn 0.650228 -0.397672 0.647349
vn 0.650228 -0.397672 0.647349
vn 0.260808 -0.929817 0.259654
vn 0.260808 -0.929817 0.259654
vn 0.260808 -0.929817 0.259654
vn 0.260808 -0.929817 0.259654
vn -0.170154 -0.929815 -0.326331
vn -0.170154 -0.929815 -0.326331
vn -0.170154 -0.929815 -0.326331
vn -0.170154 -0.929815 -0.326331
vn -0.424198 -0.397724 -0.813555
vn -0.424198 -0.397724 -0.813555
vn -0.424198 -0.397724 -0.813555
vn -0.424198 -0.397724 -0.813555
vn -0.260809 -0.929817 0.259653
vn -0.260809 -0.929817 0.259653
vn -0.260809 -0.929817 0.259653
vn -0.260809 -0.929817 0.259653
vn -0.650256 -0.397581 0.647377
vn -0.650256 -0.397581 0.647377
vn -0.650256 -0.397581 0.647377
vn -0.650256 -0.397581 0.647377
vn 0.424187 -0.397783 -0.813532
vn 0.424187 -0.397783 -0.813532
vn 0.424187 -0.397783 -0.813532
vn 0.424187 -0.397783 -0.813532
vn 0.170154 -0.929815 -0.326331
vn 0.170154 -0.929815 -0.326331
vn 0.170154 -0.929815 -0.326331
vn 0.170154 -0.929815 -0.326331
vn 0.170140 0.929826 -0.326306
vn 0.170140 0.929826 -0.326306
vn 0.170140 0.929826 -0.326306
vn 0.170140 0.929826 -0.326306
vn 0.424195 0.397786 -0.813526
vn 0.424195 0.397786 -0.813526
vn 0.424195 0.397786 -0.813526
vn 0.424195 0.397786 -0.813526
vn -0.917570 0.397575 0.000000
vn -0.917570 0.397575 0.000000
vn -0.917570 0.397574 0.000000
vn -0.917570 0.397575 0.000000
vn -0.367967 0.929839 0.000000
vn -0.367967 0.929839 0.000000
vn -0.367967 0.929839 0.000000
vn -0.367967 0.929839 0.000000
vn 0.000000 0.397698 0.917517
vn 0.000000 0.397698 0.917517
vn 0.000000 0.397698 0.917517
vn 0.000000 0.397698 0.917517
vn -0.000001 0.929830 0.367989
vn -0.000001 0.929830 0.367989
vn -0.000001 0.929830 0.367989
vn -0.000001 0.929830 0.367989
vn -0.000001 0.397710 -0.917511
vn -0.000001 0.397710 -0.917511
vn -0.000001 0.397710 -0.917511
vn -0.000001 0.397710 -0.917511
vn -0.000001 0.929825 -0.368003
vn -0.000001 0.929825 -0.368003
vn -0.000001 0.929825 -0.368003
vn -0.000001 0.929825 -0.368003
vn 0.000000 -0.929812 -0.368035
vn 0.000000 -0.929812 -0.368035
vn 0.000000 -0.929812 -0.368035
vn 0.000000 -0.929812 -0.368035
vn 0.000000 -0.397724 -0.917505
vn 0.000000 -0.397724 -0.917505
vn 0.000000 -0.397724 -0.917505
vn 0.000000 -0.397724 -0.917505
vn 0.000000 -0.397706 0.917513
vn 0.000000 -0.397706 0.917513
vn 0.000000 -0.397706 0.917513
vn 0.000000 -0.397706 0.917513
vn 0.000000 -0.929813 0.368032
vn 0.000000 -0.929813 0.368032
vn 0.000000 -0.929813 0.368032
vn 0.000000 -0.929813 0.368032
vn 0.201776 0.929813 0.307789
vn 0.201776 0.929813 0.307789
vn 0.201776 0.929813 0.307789
vn 0.201776 0.929813 0.307789
vn 0.503031 0.397720 0.767319
vn 0.503031 0.397720 0.767319
vn 0.503031 0.397720 0.767319
vn 0.503031 0.397720 0.767319
vn 0.313693 -0.896206 0.313707
vn 0.313693 -0.896206 0.313707
vn 0.313693 -0.896206 0.313707
vn 0.313693 -0.896206 0.313707
vn 0.883482 -0.338649 0.323692
vn 0.883482 -0.338649 0.323692
vn 0.883482 -0.338649 0.323692
vn 0.883482 -0.338649 0.323692
vn 0.323665 -0.338735 0.883459
vn 0.323665 -0.338735 0.883459
vn 0.323665 -0.338735 0.883459
vn 0.323665 -0.338735 0.883459
vn 0.883474 0.338672 0.323690
vn 0.883474 0.338672 0.323690
vn 0.883474 0.338672 0.323690
vn 0.883474 0.338672 0.323690
vn 0.313706 0.896196 0.313723
vn 0.313706 0.896196 0.313722
vn 0.313706 0.896196 0.313722
vn 0.313706 0.896196 0.313723
vn 0.323661 0.338734 0.883461
vn 0.323661 0.338734 0.883461
vn 0.323661 0.338734 0.883461
vn 0.323662 0.338734 0.883461
vn -0.313700 -0.896201 0.313713
vn -0.313700 -0.896201 0.313713
vn -0.313700 -0.896201 0.313713
vn -0.313700 -0.896201 0.313713
vn -0.323652 -0.338698 0.883478
vn -0.323652 -0.338698 0.883478
vn -0.323652 -0.338698 0.883478
vn -0.323652 -0.338698 0.883478
vn -0.883491 -0.338674 0.323640
vn -0.883491 -0.338674 0.323640
vn -0.883491 -0.338674 0.323640
vn -0.883491 -0.338674 0.323640
vn -0.323652 0.338698 0.883478
vn -0.323652 0.338698 0.883478
vn -0.323652 0.338698 0.883478
vn -0.323652 0.338698 0.883478
vn -0.313695 0.896209 0.313695
vn -0.313695 0.896209 0.313695
vn -0.313695 0.896209 0.313695
vn -0.313695 0.896209 0.313695
vn -0.883493 0.338655 0.323657
vn -0.883493 0.338655 0.323657
vn -0.883493 0.338655 0.323657
vn -0.883493 0.338655 0.323657
vn -0.426073 -0.894778 -0.133547
vn -0.426073 -0.894778 -0.133547
vn -0.426073 -0.894778 -0.133547
vn -0.426073 -0.894778 -0.133547
vn -0.938300 -0.340259 0.061782
vn -0.938300 -0.340259 0.061782
vn -0.938300 -0.340259 0.061782
vn -0.938300 -0.340259 0.061782
vn -0.698537 -0.356014 -0.620725
vn -0.698537 -0.356014 -0.620725
vn -0.698537 -0.356014 -0.620725
vn -0.698537 -0.356014 -0.620725
vn -0.943157 0.330868 0.031324
vn -0.943157 0.330868 0.031324
vn -0.943157 0.330868 0.031324
vn -0.943157 0.330868 0.031324
vn -0.433897 0.886049 -0.163248
vn -0.433897 0.886049 -0.163248
vn -0.433897 0.886049 -0.163248
vn -0.433897 0.886049 -0.163248
vn -0.688666 0.330870 -0.645186
vn -0.688666 0.330870 -0.645186
vn -0.688666 0.330870 -0.645186
vn -0.688666 0.330870 -0.645186
vn 0.408652 -0.894672 -0.180459
vn 0.408652 -0.894672 -0.180459
vn 0.408652 -0.894672 -0.180459
vn 0.408652 -0.894672 -0.180459
vn 0.665105 -0.340098 -0.664807
vn 0.665105 -0.340098 -0.664807
vn 0.665105 -0.340098 -0.664807
vn 0.665105 -0.340098 -0.664807
vn 0.934577 -0.355708 0.006180
vn 0.934577 -0.355708 0.006180
vn 0.934577 -0.355708 0.006180
vn 0.934577 -0.355708 0.006180
vn 0.688703 0.330704 -0.645231
vn 0.688703 0.330704 -0.645231
vn 0.688703 0.330704 -0.645231
vn 0.688703 0.330704 -0.645231
vn 0.433916 0.886045 -0.163222
vn 0.433916 0.886045 -0.163222
vn 0.433916 0.886045 -0.163222
vn 0.433916 0.886045 -0.163222
vn 0.943211 0.330712 0.031341
vn 0.943211 0.330712 0.031341
vn 0.943211 0.330712 0.031341
vn 0.943211 0.330712 0.031341
vn -0.883513 -0.338610 0.323648
vn -0.883513 -0.338610 0.323648
vn -0.883513 -0.338611 0.323648
vn -0.883513 -0.338611 0.323648
vn -0.313725 -0.896183 0.313739
vn -0.313725 -0.896183 0.313739
vn -0.313725 -0.896183 0.313739
vn -0.313725 -0.896183 0.313739
vn -0.323663 -0.338757 0.883451
vn -0.323663 -0.338757 0.883451
vn -0.323663 -0.338757 0.883451
vn -0.323663 -0.338757 0.883451
vn -0.883527 0.338571 0.323651
vn -0.883527 0.338571 0.323651
vn -0.883527 0.338571 0.323651
vn -0.883527 0.338571 0.323651
vn -0.323662 0.338756 0.883452
vn -0.323662 0.338756 0.883452
vn -0.323662 0.338756 0.883452
vn -0.323662 0.338756 0.883452
vn -0.313726 0.896180 0.313748
vn -0.313726 0.896180 0.313748
vn -0.313726 0.896180 0.313748
vn -0.313726 0.896180 0.313748
vn 0.883449 0.338782 0.323641
vn 0.883449 0.338782 0.323641
vn 0.883449 0.338782 0.323641
vn 0.883449 0.338782 0.323641
vn 0.313734 0.896184 0.313729
vn 0.313734 0.896184 0.313729
vn 0.313734 0.896184 0.313729
vn 0.313734 0.896184 0.313729
vn 0.323659 0.338636 0.883499
vn 0.323659 0.338636 0.883499
vn 0.323659 0.338636 0.883499
vn 0.323659 0.338636 0.883499
vn 0.883469 -0.338739 0.323633
vn 0.883469 -0.338739 0.323633
vn 0.883469 -0.338739 0.323633
vn 0.883469 -0.338739 0.323633
vn 0.323660 -0.338634 0.883499
vn 0.323660 -0.338634 0.883499
vn 0.323660 -0.338634 0.883499
vn 0.323660 -0.338634 0.883499
vn 0.313713 -0.896192 0.313726
vn 0.313713 -0.896192 0.313726
vn 0.313713 -0.896192 0.313726
vn 0.313713 -0.896192 0.313726
s off
g polySurface321 UV_opuesta_mostrador polySurface181
usemtl lambert7SG
f 21/1/1 22/2/2 7/3/3 8/4/4
f 20/5/5 21/1/6 8/4/7 10/6/8
f 22/2/9 23/7/10 12/8/11 7/3/12
f 9/9/13 6/10/14 15/11/15 14/12/16
f 6/10/17 5/13/18 16/14/19 15/11/20
f 5/13/21 11/15/22 17/16/23 16/14/24
f 14/12/25 15/11/26 21/1/27 20/5/28
f 15/11/29 16/14/30 22/2/31 21/1/32
f 16/14/33 17/16/34 23/7/35 22/2/36
f 26/17/37 25/18/38 110/19/39 109/20/40
f 25/18/41 30/21/42 111/22/43 110/19/44
f 28/23/45 27/24/46 35/25/47 34/26/48
f 27/24/49 26/17/50 36/27/51 35/25/52
f 30/28/53 29/29/54 75/30/55 74/31/56
f 29/29/57 28/23/58 76/32/59 75/30/60
f 34/33/61 33/34/62 81/35/63 80/36/64
f 33/34/65 32/37/66 82/38/67 81/35/68
f 38/39/69 37/40/70 123/41/71 122/42/72
f 37/43/73 42/44/74 124/45/75 123/46/76
f 40/47/77 39/48/78 47/49/79 46/50/80
f 39/48/81 38/39/82 48/51/83 47/49/84
f 44/52/85 43/53/86 117/54/87 116/55/88
f 43/53/89 48/56/90 118/57/91 117/54/92
f 46/50/93 45/58/94 89/59/95 88/60/96
f 45/58/97 44/52/98 90/61/99 89/59/100
f 50/62/101 49/63/102 107/64/103 106/65/104
f 49/66/105 54/67/106 108/68/107 107/69/108
f 52/70/109 51/71/110 59/72/111 58/73/112
f 51/71/113 50/62/114 60/74/115 59/72/116
f 54/67/117 53/75/118 92/76/119 91/77/120
f 53/75/121 52/70/122 93/78/123 92/76/124
f 58/73/125 57/79/126 95/80/127 94/81/128
f 57/79/129 56/82/130 96/83/131 95/80/132
f 62/84/133 61/85/134 146/86/135 145/87/136
f 61/85/137 66/88/138 147/89/139 146/86/140
f 64/90/141 63/91/142 71/92/143 70/93/144
f 63/91/145 62/84/146 72/94/147 71/92/148
f 68/95/149 67/96/150 149/97/151 148/98/152
f 67/96/153 72/94/154 150/99/155 149/97/156
f 70/93/157 69/100/158 101/101/159 100/102/160
f 69/103/161 68/95/162 102/104/163 101/105/164
f 74/106/165 73/107/166 143/108/167 142/109/168
f 73/107/169 78/110/170 144/111/171 143/108/172
f 78/112/173 77/113/174 79/114/175 84/115/176
f 77/113/177 76/32/178 80/116/179 79/114/180
f 116/55/181 115/117/182 140/118/183 139/119/184
f 115/117/185 120/120/186 141/121/187 140/118/188
f 120/122/189 119/123/190 121/124/191 126/125/192
f 119/123/193 118/126/194 122/42/195 121/124/196
f 153/127/197 152/128/198 155/129/199 154/130/200
f 152/128/201 151/131/202 156/132/203 155/129/204
f 28/23/205 34/26/206 80/116/207 76/32/208
f 40/47/209 46/50/210 88/60/211 85/133/212
f 145/87/213 150/99/214 72/94/215 62/84/216
f 109/20/217 112/134/218 36/27/219 26/17/220
f 32/37/221 114/135/222 151/136/223 82/38/224
f 111/22/225 30/21/226 74/106/227 142/109/228
f 106/65/229 103/137/230 60/74/231 50/62/232
f 66/88/233 99/138/234 3/139/235 147/89/236
f 64/90/237 70/93/238 100/102/239 97/140/240
f 4/141/241 102/104/242 68/95/243 148/98/244
f 85/133/245 88/60/246 103/142/247 106/143/248
f 99/144/249 111/22/250 142/109/251 3/145/252
f 97/146/253 100/147/254 112/134/255 109/20/256
f 151/136/257 114/135/258 102/148/259 4/149/260
f 122/42/261 118/126/262 48/51/263 38/39/264
f 127/150/265 124/45/266 42/44/267 87/151/268
f 1/152/269 127/150/270 87/151/271 108/153/272
f 91/77/273 1/154/274 108/68/275 54/67/276
f 52/70/277 58/73/278 94/81/279 93/78/280
f 105/155/281 2/156/282 96/83/283 56/82/284
f 90/61/285 139/119/286 2/157/287 105/158/288
f 116/55/289 139/119/290 90/61/291 44/52/292
f 19/159/293 130/160/294 127/161/295 1/162/296
f 135/163/297 19/164/298 1/154/299 91/77/300
f 93/78/301 94/81/302 136/165/303 133/166/304
f 2/156/305 24/167/306 138/168/307 96/83/308
f 139/119/309 168/169/310 24/170/311 2/157/312
f 78/112/313 84/115/314 5/171/315 6/172/316
f 120/122/317 126/125/318 8/173/319 7/174/320
f 144/111/321 78/110/322 6/175/323 9/176/324
f 126/177/325 129/178/326 10/179/327 8/180/328
f 129/181/329 132/182/330 20/183/331 10/184/332
f 84/185/333 153/186/334 11/187/335 5/188/336
f 166/189/337 141/190/338 12/191/339 23/192/340
f 141/121/341 120/120/342 7/193/343 12/194/344
f 160/195/345 159/196/346 150/99/347 145/87/348
f 147/89/349 3/139/350 13/197/351 162/198/352
f 3/145/353 142/109/354 163/199/355 13/200/356
f 14/201/357 165/202/358 144/111/359 9/176/360
f 153/127/361 154/130/362 17/203/363 11/204/364
f 18/205/365 156/132/366 151/131/367 4/206/368
f 157/207/369 18/208/370 4/141/371 148/98/372
f 133/166/373 136/165/374 159/196/375 160/195/376
f 162/198/377 13/197/378 19/164/379 135/163/380
f 13/200/381 163/199/382 130/160/383 19/159/384
f 20/183/385 132/182/386 165/202/387 14/201/388
f 154/130/389 166/189/390 23/192/391 17/203/392
f 24/170/393 168/169/394 156/132/395 18/205/396
f 138/168/397 24/167/398 18/208/399 157/207/400
f 42/44/401 41/209/402 86/210/403 87/151/404
f 41/209/405 40/47/406 85/133/407 86/210/408
f 88/60/409 89/59/410 104/211/411 103/142/412
f 89/59/413 90/61/414 105/158/415 104/211/416
f 94/81/417 95/80/418 137/212/419 136/165/420
f 95/80/421 96/83/422 138/168/423 137/212/424
f 66/88/425 65/213/426 98/214/427 99/138/428
f 65/215/429 64/90/430 97/140/431 98/216/432
f 100/147/433 101/217/434 113/218/435 112/134/436
f 101/217/437 102/219/438 114/135/439 113/218/440
f 56/82/441 55/220/442 104/221/443 105/155/444
f 55/222/445 60/74/446 103/137/447 104/223/448
f 87/151/449 86/210/450 107/224/451 108/153/452
f 86/210/453 85/133/454 106/143/455 107/224/456
f 99/225/457 98/226/458 110/19/459 111/22/460
f 98/226/461 97/146/462 109/20/463 110/19/464
f 32/37/465 31/227/466 113/218/467 114/135/468
f 31/227/469 36/27/470 112/134/471 113/218/472
f 126/177/473 125/228/474 128/229/475 129/178/476
f 125/228/477 124/45/478 127/150/479 128/229/480
f 129/181/481 128/230/482 131/231/483 132/182/484
f 128/230/485 127/161/486 130/160/487 131/231/488
f 91/77/489 92/76/490 134/232/491 135/163/492
f 92/76/493 93/78/494 133/166/495 134/232/496
f 142/109/497 143/108/498 164/233/499 163/199/500
f 143/108/501 144/111/502 165/202/503 164/233/504
f 145/87/505 146/86/506 161/234/507 160/195/508
f 146/86/509 147/89/510 162/198/511 161/234/512
f 148/98/513 149/97/514 158/235/515 157/207/516
f 149/97/517 150/99/518 159/196/519 158/235/520
f 84/185/521 83/236/522 152/237/523 153/186/524
f 83/236/525 82/38/526 151/136/527 152/237/528
f 154/130/529 155/129/530 167/238/531 166/189/532
f 155/129/533 156/132/534 168/169/535 167/238/536
f 136/165/537 137/212/538 158/235/539 159/196/540
f 137/212/541 138/168/542 157/207/543 158/235/544
f 135/163/545 134/232/546 161/234/547 162/198/548
f 134/232/549 133/166/550 160/195/551 161/234/552
f 132/182/553 131/231/554 164/233/555 165/202/556
f 131/231/557 130/160/558 163/199/559 164/233/560
f 139/119/561 140/239/562 167/238/563 168/169/564
f 140/239/565 141/190/566 166/189/567 167/238/568
f 29/29/569 30/28/570 25/240/571 169/241/572
f 25/240/573 26/17/574 27/24/575 169/241/576
f 27/24/577 28/23/578 29/29/579 169/241/580
f 35/242/581 36/27/582 31/227/583 170/243/584
f 31/227/585 32/37/586 33/34/587 170/243/588
f 33/34/589 34/33/590 35/242/591 170/243/592
f 41/209/593 42/44/594 37/43/595 171/244/596
f 37/40/597 38/39/598 39/48/599 171/245/600
f 39/48/601 40/47/602 41/209/603 171/244/604
f 47/246/605 48/56/606 43/53/607 172/247/608
f 43/53/609 44/52/610 45/58/611 172/247/612
f 45/58/613 46/50/614 47/246/615 172/247/616
f 53/75/617 54/67/618 49/66/619 173/248/620
f 49/63/621 50/62/622 51/71/623 173/248/624
f 51/71/625 52/70/626 53/75/627 173/248/628
f 59/72/629 60/74/630 55/222/631 174/249/632
f 55/220/633 56/82/634 57/79/635 174/249/636
f 57/79/637 58/73/638 59/72/639 174/249/640
f 65/213/641 66/88/642 61/85/643 175/250/644
f 61/85/645 62/84/646 63/91/647 175/250/648
f 63/91/649 64/90/650 65/215/651 175/250/652
f 71/92/653 72/94/654 67/96/655 176/251/656
f 67/96/657 68/95/658 69/103/659 176/251/660
f 69/100/661 70/93/662 71/92/663 176/251/664
f 77/113/665 78/112/666 73/252/667 177/253/668
f 73/252/669 74/31/670 75/30/671 177/253/672
f 75/30/673 76/32/674 77/113/675 177/253/676
f 83/236/677 84/185/678 79/254/679 178/255/680
f 79/254/681 80/36/682 81/35/683 178/255/684
f 81/35/685 82/38/686 83/236/687 178/255/688
f 119/256/689 120/120/690 115/117/691 179/257/692
f 115/117/693 116/55/694 117/54/695 179/257/696
f 117/54/697 118/57/698 119/256/699 179/257/700
f 125/228/701 126/177/702 121/258/703 180/259/704
f 121/124/705 122/42/706 123/41/707 180/260/708
f 123/46/709 124/45/710 125/228/711 180/259/712
g default
v 249.071638 14.619484 1152.152863
v 249.074047 54.782995 1152.064210
v 256.144605 14.619483 1152.354074
v 256.146807 54.783002 1152.265376
v 255.215926 53.338345 1184.978553
v 255.215926 16.064137 1184.978553
v 248.143117 53.338345 1184.777150
v 248.143117 16.064137 1184.777150
v 256.108010 16.064138 1153.644875
v 249.034787 16.064138 1153.443866
v 256.110261 53.338345 1153.556415
v 249.037507 53.338345 1153.355038
v 255.034559 14.619484 1151.492972
v 255.006614 16.064138 1152.474179
v 254.082450 16.064137 1184.946125
v 254.082450 53.338345 1184.946125
v 254.998146 53.338345 1152.781150
v 255.034823 54.782995 1151.490146
v 250.228840 14.619483 1151.356249
v 250.201074 16.064138 1152.337246
v 249.276752 16.064138 1184.809385
v 249.276752 53.338345 1184.809385
v 250.192131 53.338345 1152.644314
v 250.228905 54.782995 1151.353303
v 256.144218 14.673403 1186.446558
v 256.200542 14.803579 1186.448254
v 256.140480 14.803579 1186.582563
v 256.002745 14.803574 1186.635107
v 256.004139 14.673403 1186.578882
v 256.008057 14.619481 1186.442666
v 256.144218 54.729073 1186.446558
v 256.008057 54.782995 1186.442666
v 256.004139 54.729073 1186.578882
v 256.002745 54.598900 1186.635107
v 256.140480 54.598907 1186.582563
v 256.200542 54.598900 1186.448254
v 247.265047 14.673405 1186.330118
v 247.263516 14.803579 1186.386520
v 247.128908 14.803579 1186.326209
v 247.076398 14.803579 1186.188517
v 247.132646 14.673403 1186.190204
v 247.269041 14.619483 1186.193912
v 247.265047 54.729073 1186.330118
v 247.269041 54.782995 1186.193912
v 247.132646 54.729073 1186.190204
v 247.076398 54.598900 1186.188517
v 247.128908 54.598900 1186.326209
v 247.263516 54.598900 1186.386520
v 248.195300 14.673401 1150.994444
v 248.143890 14.803574 1151.019559
v 248.145595 14.796964 1150.865508
v 248.243153 14.791505 1150.755181
v 248.267711 14.669767 1150.806408
v 248.317946 14.619481 1150.933343
v 248.195300 54.729073 1150.994444
v 248.317946 54.782995 1150.933343
v 248.273559 54.729073 1150.803060
v 248.254533 54.598900 1150.749352
v 248.148827 54.598900 1150.864006
v 248.143890 54.598900 1151.019559
v 257.017903 14.673401 1151.051974
v 257.040269 14.803574 1150.999552
v 257.140402 14.797079 1151.116481
v 257.140007 14.791503 1151.263508
v 257.087446 14.669764 1151.241492
v 256.966179 14.619484 1151.179258
v 257.017903 54.729073 1151.051974
v 256.966179 54.782995 1151.179258
v 257.085357 54.729087 1151.247611
v 257.135094 54.598900 1151.275426
v 257.139127 54.598900 1151.119686
v 257.040269 54.598900 1150.999552
v 255.231495 14.673403 1186.420481
v 255.367635 14.619483 1186.424390
v 255.363820 14.673405 1186.560386
v 255.362109 14.803579 1186.616998
v 255.227523 14.803579 1186.556671
v 255.175013 14.803579 1186.418979
v 255.227523 54.598900 1186.556671
v 255.362109 54.598907 1186.616998
v 255.363820 54.729073 1186.560386
v 255.367635 54.783002 1186.424390
v 255.231495 54.729073 1186.420481
v 255.175013 54.598900 1186.418979
v 248.006214 14.803574 1153.514423
v 248.062389 14.673403 1153.526642
v 248.197913 14.619481 1153.556462
v 248.006214 54.598900 1153.514423
v 248.062389 54.729073 1153.526642
v 248.197913 54.782995 1153.556462
v 249.209883 14.619483 1150.480243
v 249.149213 14.673405 1150.358189
v 249.124128 14.803579 1150.307651
v 249.124128 54.598900 1150.307651
v 249.149213 54.729073 1150.358189
v 249.209883 54.782995 1150.480243
v 256.657010 14.803574 1152.468539
v 256.596684 14.673403 1152.467364
v 256.450901 14.619481 1152.465304
v 256.657010 54.598900 1152.468539
v 256.596684 54.729073 1152.467364
v 256.450901 54.782995 1152.465304
v 248.553755 54.598900 1152.237653
v 248.613732 54.729073 1152.240272
v 248.759556 54.782995 1152.246160
v 248.553755 14.803574 1152.237653
v 248.613732 14.673406 1152.240272
v 248.759556 14.619481 1152.246160
v 257.130614 14.803579 1153.773959
v 257.073918 14.673403 1153.783029
v 256.936950 14.619483 1153.805200
v 257.130614 54.598907 1153.773959
v 257.073918 54.729087 1153.783029
v 256.936950 54.783002 1153.805200
v 248.045603 54.729073 1186.216096
v 247.909518 54.782995 1186.212214
v 247.905470 54.729073 1186.348394
v 247.903993 54.598900 1186.404822
v 248.041685 54.598900 1186.352312
v 248.102183 54.598900 1186.217592
v 248.041685 14.803579 1186.352312
v 247.903993 14.803574 1186.404822
v 247.905470 14.673403 1186.348394
v 247.909518 14.619481 1186.212214
v 248.045603 14.673405 1186.216096
v 248.102183 14.803574 1186.217592
v 248.844639 14.619484 1153.358709
v 248.979137 14.673401 1153.418968
v 249.034787 14.803579 1153.443866
v 250.126513 14.619484 1152.142432
v 250.178858 14.673405 1152.280529
v 250.201074 14.803579 1152.337246
v 250.274602 14.803579 1149.748830
v 250.286959 14.673403 1149.805498
v 250.316145 14.619483 1149.942887
v 250.274602 54.598900 1149.748830
v 250.286959 54.729073 1149.805498
v 250.316145 54.782995 1149.942887
v 248.847697 54.782995 1153.245635
v 248.981941 54.729073 1153.323045
v 249.037507 54.598900 1153.355038
v 256.302521 14.619481 1153.571069
v 256.164932 14.673403 1153.623360
v 256.108010 14.803579 1153.644875
v 256.196882 14.803579 1150.509029
v 256.169168 14.673405 1150.557929
v 256.101485 14.619483 1150.676511
v 256.101485 54.782995 1150.676511
v 256.169168 54.729073 1150.557929
v 256.196882 54.598907 1150.509029
v 256.305813 54.782995 1153.457811
v 256.167523 54.729073 1153.527605
v 256.110261 54.598900 1153.556415
v 254.998146 54.598907 1152.781150
v 255.016312 54.729087 1152.725133
v 255.060860 54.782995 1152.590111
v 255.027528 54.782995 1150.076940
v 255.064848 54.729073 1149.941664
v 255.080322 54.598900 1149.885553
v 255.080322 14.803579 1149.885553
v 255.064848 14.673403 1149.941664
v 255.027528 14.619483 1150.076940
v 255.091991 14.619483 1152.283962
v 255.031576 14.673403 1152.418480
v 255.006614 14.803579 1152.474179
v 250.192131 54.598900 1152.644314
v 250.177196 54.729073 1152.587259
v 250.140269 54.782995 1152.450017
v 256.115840 14.697326 1186.556830
v 256.115840 54.705152 1186.556830
v 247.154570 14.697326 1186.302005
v 247.154570 54.705152 1186.302005
v 248.178263 14.694500 1150.877981
v 248.180687 54.705158 1150.876768
v 257.107765 14.694548 1151.128240
v 257.106826 54.705158 1151.130907
v 255.253322 14.697326 1186.532290
v 255.253322 54.705152 1186.532290
v 248.017542 54.705152 1186.326464
v 248.017542 14.697326 1186.326464
vt -0.028541 0.516937
vt -0.028550 0.572261
vt -0.030233 0.572261
vt -0.030224 0.516937
vt -0.028533 0.468721
vt -0.030216 0.470412
vt -0.028558 0.620022
vt -0.030241 0.618918
vt -0.019714 0.470413
vt -0.019722 0.516939
vt -0.021405 0.516939
vt -0.021397 0.468723
vt -0.019731 0.572263
vt -0.021414 0.572263
vt -0.019739 0.618920
vt -0.021422 0.620023
vt -0.031111 0.377334
vt -0.031121 0.377543
vt -0.079945 0.377117
vt -0.079947 0.376906
vt -0.031131 0.377759
vt -0.079926 0.377336
vt -0.030675 0.377300
vt -0.030894 0.377309
vt -0.030896 0.317935
vt -0.030677 0.317937
vt -0.031115 0.317933
vt -0.030701 0.377711
vt -0.030677 0.377502
vt -0.029708 0.377480
vt -0.029671 0.377694
vt -0.029724 0.377279
vt -0.030741 0.317514
vt -0.030946 0.317500
vt -0.030989 0.316535
vt -0.030782 0.316494
vt -0.031156 0.317507
vt -0.031196 0.316557
vt -0.076720 0.456108
vt -0.076740 0.456318
vt -0.077693 0.456290
vt -0.077671 0.456083
vt -0.076483 0.456565
vt -0.076268 0.456555
vt -0.076192 0.457503
vt -0.076406 0.457539
vt -0.076284 0.456126
vt -0.076503 0.456132
vt -0.076505 0.396655
vt -0.076286 0.396639
vt -0.076725 0.396671
vt -0.076219 0.396221
vt -0.076424 0.396189
vt -0.076344 0.395248
vt -0.076139 0.395282
vt -0.076634 0.396179
vt -0.076541 0.395191
vt -0.076235 0.396436
vt -0.027266 0.396853
vt -0.027252 0.397063
vt -0.027341 0.396639
vt -0.055339 0.534336
vt -0.055292 0.534546
vt -0.057258 0.534640
vt -0.057245 0.534427
vt -0.055079 0.534739
vt -0.054863 0.534758
vt -0.054896 0.536866
vt -0.055115 0.536756
vt -0.054892 0.534334
vt -0.055111 0.534334
vt -0.055096 0.475017
vt -0.054866 0.475025
vt -0.055327 0.475006
vt -0.054871 0.534537
vt -0.053387 0.534505
vt -0.053340 0.534733
vt -0.053432 0.534282
vt -0.054851 0.474807
vt -0.053377 0.474835
vt -0.053422 0.475062
vt -0.054852 0.474581
vt -0.053329 0.474602
vt -0.041126 0.534330
vt -0.041141 0.534549
vt -0.042616 0.534518
vt -0.042569 0.534291
vt -0.041141 0.534776
vt -0.042665 0.534750
vt -0.040679 0.534365
vt -0.040898 0.534346
vt -0.040886 0.475013
vt -0.040655 0.475002
vt -0.041117 0.475021
vt -0.041130 0.474582
vt -0.041132 0.474806
vt -0.042603 0.474837
vt -0.042651 0.474609
vt -0.042559 0.475059
vt -0.040702 0.474792
vt -0.038736 0.474697
vt -0.038749 0.474910
vt -0.040914 0.474601
vt -0.041093 0.472475
vt -0.040875 0.472584
vt -0.031176 0.378704
vt -0.031186 0.378920
vt -0.080100 0.378506
vt -0.080204 0.378288
vt -0.031195 0.379129
vt -0.080039 0.378716
vt -0.029287 0.377297
vt -0.029505 0.377281
vt -0.029506 0.317948
vt -0.029287 0.317950
vt -0.029725 0.317946
vt -0.076135 0.395065
vt -0.027216 0.395506
vt -0.027097 0.395729
vt -0.076148 0.394855
vt -0.027273 0.395290
vt -0.078115 0.396774
vt -0.077896 0.396758
vt -0.077890 0.456079
vt -0.078109 0.456072
vt -0.077677 0.396741
vt -0.019569 0.387071
vt -0.019375 0.387101
vt -0.020232 0.389098
vt -0.020416 0.388988
vt -0.019144 0.387067
vt -0.020033 0.389198
vt -0.028067 0.455936
vt -0.079358 0.318147
vt -0.079329 0.317720
vt -0.079769 0.316770
vt -0.057240 0.474916
vt -0.041113 0.536903
vt -0.041620 0.536990
vt -0.038749 0.534443
vt -0.041653 0.472509
vt -0.025209 0.397199
vt -0.026015 0.456080
vt -0.081832 0.377846
vt -0.082099 0.378237
vt -0.082007 0.376908
vt -0.081419 0.318070
vt -0.081265 0.316866
vt -0.081541 0.316394
vt -0.027748 0.457307
vt -0.028107 0.456362
vt -0.025788 0.456985
vt -0.026031 0.456577
vt -0.054389 0.536951
vt -0.054901 0.472462
vt -0.054341 0.472490
vt -0.024946 0.396463
vt -0.025322 0.396670
vt -0.088372 0.384429
vt -0.087641 0.385334
vt -0.088541 0.387861
vt -0.089006 0.386189
vt -0.051533 0.534543
vt -0.052007 0.536515
vt -0.051543 0.475223
vt -0.051562 0.534129
vt -0.051992 0.472758
vt -0.051514 0.474815
vt -0.024621 0.395037
vt -0.023157 0.395815
vt -0.027148 0.319829
vt -0.027147 0.375401
vt -0.080252 0.454211
vt -0.080258 0.398733
vt -0.033386 0.380972
vt -0.079749 0.380561
vt -0.076185 0.457931
vt -0.027882 0.457737
vt -0.027992 0.459613
vt -0.074029 0.459793
vt -0.088127 0.387880
vt -0.087246 0.385540
vt -0.085675 0.386633
vt -0.086556 0.388620
vt -0.031187 0.316129
vt -0.079622 0.316342
vt -0.079639 0.314470
vt -0.033358 0.314266
vt -0.024888 0.394718
vt -0.026985 0.395320
vt -0.027501 0.394383
vt -0.026068 0.393543
vt -0.073985 0.393008
vt -0.027693 0.393731
vt -0.044448 0.534127
vt -0.044429 0.475214
vt -0.044001 0.536596
vt -0.044478 0.534535
vt -0.082678 0.379698
vt -0.083719 0.379121
vt -0.081255 0.381488
vt -0.082415 0.380047
vt -0.021944 0.387921
vt -0.021091 0.386233
vt -0.018843 0.390289
vt -0.018424 0.388539
vt -0.044460 0.474800
vt -0.043995 0.472831
vt -0.076273 0.456337
vt -0.028075 0.456146
vt -0.025284 0.396930
vt -0.051533 0.475023
vt -0.040927 0.534749
vt -0.040894 0.536793
vt -0.040716 0.534563
vt -0.038737 0.534656
vt -0.081431 0.317855
vt -0.079351 0.317937
vt -0.081489 0.317634
vt -0.055068 0.474602
vt -0.055119 0.472574
vt -0.055281 0.474796
vt -0.057253 0.474704
vt -0.026043 0.456326
vt -0.082093 0.377341
vt -0.082027 0.377123
vt -0.031143 0.317724
vt -0.076185 0.457720
vt -0.027838 0.457525
vt -0.088321 0.387846
vt -0.087434 0.385432
vt -0.051552 0.534333
vt -0.082548 0.379881
vt -0.044458 0.534327
vt -0.044440 0.475011
vt -0.031198 0.316339
vt -0.079664 0.316552
vt -0.024755 0.394870
vt -0.027005 0.395510
vt -0.030953 0.377578
vt -0.030847 0.377466
vt -0.030865 0.317768
vt -0.030979 0.317671
vt -0.076455 0.456346
vt -0.076569 0.456301
vt -0.076530 0.396439
vt -0.076402 0.396363
vt -0.055069 0.534519
vt -0.055055 0.474826
vt -0.040938 0.534532
vt -0.040927 0.474823
vt -0.029428 0.377545
vt -0.029541 0.377439
vt -0.030933 0.316258
vt -0.031034 0.316371
vt -0.076393 0.394973
vt -0.076294 0.395090
vt -0.076404 0.457882
vt -0.076356 0.457717
vt -0.077867 0.456246
vn -0.028393 0.000000 0.999597
vn -0.028393 0.000000 0.999597
vn -0.028393 0.000000 0.999597
vn -0.028393 0.000000 0.999597
vn 0.000001 -1.000000 0.000000
vn 0.000001 -1.000000 0.000000
vn 0.000001 -1.000000 0.000000
vn 0.000001 -1.000000 0.000000
vn 0.000000 1.000000 0.000000
vn 0.000000 1.000000 0.000000
vn 0.000000 1.000000 0.000000
vn 0.000000 1.000000 0.000000
vn 0.000000 -1.000000 0.000000
vn 0.000000 -1.000000 0.000000
vn 0.000000 -1.000000 0.000000
vn 0.000000 -1.000000 0.000000
vn -0.028450 0.000000 0.999595
vn -0.028450 0.000000 0.999595
vn -0.028450 0.000000 0.999595
vn -0.028450 0.000000 0.999595
vn 0.000002 1.000000 0.000000
vn 0.000002 1.000000 0.000000
vn 0.000002 1.000000 0.000000
vn 0.000002 1.000000 0.000000
vn 0.000000 -1.000000 0.000000
vn 0.000000 -1.000000 0.000000
vn 0.000000 -1.000000 0.000000
vn 0.000000 -1.000000 0.000000
vn -0.028450 0.000000 0.999595
vn -0.028450 0.000000 0.999595
vn -0.028450 0.000000 0.999595
vn -0.028450 0.000000 0.999595
vn 0.000000 1.000000 0.000000
vn 0.000000 1.000000 0.000000
vn 0.000000 1.000000 0.000000
vn 0.000000 1.000000 0.000000
vn 0.917093 -0.397818 0.026102
vn 0.917093 -0.397818 0.026102
vn 0.917093 -0.397818 0.026102
vn 0.917093 -0.397818 0.026102
vn 0.367916 -0.929800 0.010472
vn 0.367916 -0.929800 0.010472
vn 0.367916 -0.929800 0.010472
vn 0.367916 -0.929800 0.010472
vn 0.356246 0.000000 0.934392
vn 0.356246 0.000000 0.934392
vn 0.356246 0.000000 0.934392
vn 0.356246 0.000000 0.934392
vn 0.912626 0.000000 0.408796
vn 0.912626 0.000000 0.408796
vn 0.912626 0.000000 0.408796
vn 0.912626 0.000000 0.408796
vn -0.010472 -0.929810 0.367891
vn -0.010472 -0.929810 0.367891
vn -0.010472 -0.929810 0.367891
vn -0.010472 -0.929810 0.367891
vn -0.026113 -0.397750 0.917122
vn -0.026113 -0.397750 0.917122
vn -0.026113 -0.397750 0.917122
vn -0.026113 -0.397750 0.917122
vn -0.026110 0.397757 0.917119
vn -0.026110 0.397757 0.917119
vn -0.026110 0.397757 0.917119
vn -0.026110 0.397757 0.917119
vn -0.010467 0.929809 0.367894
vn -0.010467 0.929809 0.367894
vn -0.010467 0.929809 0.367894
vn -0.010467 0.929809 0.367894
vn -0.026105 -0.397697 0.917145
vn -0.026105 -0.397697 0.917145
vn -0.026105 -0.397697 0.917145
vn -0.026105 -0.397697 0.917145
vn -0.010472 -0.929817 0.367873
vn -0.010472 -0.929817 0.367873
vn -0.010472 -0.929817 0.367873
vn -0.010472 -0.929817 0.367873
vn -0.934389 0.000000 0.356256
vn -0.934389 0.000000 0.356256
vn -0.934389 0.000000 0.356256
vn -0.934389 0.000000 0.356256
vn -0.408842 0.000000 0.912605
vn -0.408842 0.000000 0.912605
vn -0.408842 0.000000 0.912605
vn -0.408842 0.000000 0.912605
vn -0.010467 0.929834 0.367830
vn -0.010467 0.929834 0.367830
vn -0.010467 0.929834 0.367830
vn -0.010467 0.929834 0.367830
vn -0.026099 0.397679 0.917153
vn -0.026099 0.397679 0.917153
vn -0.026099 0.397679 0.917153
vn -0.026099 0.397679 0.917153
vn -0.917217 0.397532 -0.026106
vn -0.917217 0.397532 -0.026106
vn -0.917217 0.397532 -0.026106
vn -0.917217 0.397532 -0.026106
vn -0.367852 0.929825 -0.010470
vn -0.367852 0.929825 -0.010470
vn -0.367852 0.929825 -0.010470
vn -0.367852 0.929825 -0.010470
vn -0.869632 -0.397899 0.292261
vn -0.869632 -0.397899 0.292261
vn -0.869632 -0.397899 0.292261
vn -0.869632 -0.397899 0.292261
vn -0.348994 -0.929756 0.117293
vn -0.348994 -0.929756 0.117293
vn -0.348993 -0.929756 0.117293
vn -0.348993 -0.929756 0.117293
vn -0.742212 0.000074 -0.670165
vn -0.742212 0.000074 -0.670165
vn -0.742212 0.000074 -0.670165
vn -0.742212 0.000074 -0.670165
vn -0.999767 0.000041 -0.021567
vn -0.999767 0.000041 -0.021567
vn -0.999767 0.000041 -0.021567
vn -0.999767 0.000041 -0.021567
vn -0.160457 -0.933903 -0.319499
vn -0.160457 -0.933903 -0.319499
vn -0.160457 -0.933903 -0.319499
vn -0.160457 -0.933903 -0.319499
vn -0.410363 -0.409834 -0.814640
vn -0.410363 -0.409834 -0.814640
vn -0.410363 -0.409834 -0.814640
vn -0.410363 -0.409834 -0.814640
vn -0.415545 0.397919 -0.817914
vn -0.415545 0.397919 -0.817914
vn -0.415545 0.397919 -0.817914
vn -0.415545 0.397919 -0.817914
vn -0.166733 0.929788 -0.328168
vn -0.166733 0.929788 -0.328168
vn -0.166733 0.929788 -0.328168
vn -0.166733 0.929788 -0.328168
vn 0.461402 -0.397885 -0.792966
vn 0.461402 -0.397885 -0.792966
vn 0.461402 -0.397885 -0.792966
vn 0.461402 -0.397885 -0.792966
vn 0.185129 -0.929782 -0.318172
vn 0.185129 -0.929782 -0.318172
vn 0.185129 -0.929782 -0.318172
vn 0.185129 -0.929782 -0.318172
vn 0.999890 0.000074 0.014830
vn 0.999890 0.000074 0.014830
vn 0.999890 0.000074 0.014830
vn 0.999890 0.000074 0.014830
vn 0.766078 0.000042 -0.642747
vn 0.766078 0.000042 -0.642747
vn 0.766078 0.000042 -0.642747
vn 0.766078 0.000042 -0.642747
vn 0.185125 0.929787 -0.318159
vn 0.185125 0.929787 -0.318159
vn 0.185124 0.929787 -0.318159
vn 0.185125 0.929787 -0.318159
vn 0.461416 0.397850 -0.792976
vn 0.461416 0.397850 -0.792976
vn 0.461416 0.397850 -0.792976
vn 0.461416 0.397850 -0.792976
vn 0.851649 0.397776 0.341274
vn 0.851649 0.397776 0.341274
vn 0.851649 0.397776 0.341274
vn 0.851649 0.397776 0.341274
vn 0.341681 0.929788 0.136926
vn 0.341681 0.929788 0.136926
vn 0.341681 0.929788 0.136926
vn 0.341681 0.929788 0.136926
vn -0.367898 -0.929807 -0.010471
vn -0.367898 -0.929807 -0.010471
vn -0.367898 -0.929807 -0.010471
vn -0.367898 -0.929807 -0.010471
vn -0.917169 -0.397642 -0.026104
vn -0.917169 -0.397642 -0.026104
vn -0.917169 -0.397642 -0.026104
vn -0.917169 -0.397642 -0.026104
vn -0.934419 0.000000 0.356175
vn -0.934419 0.000000 0.356175
vn -0.934419 0.000000 0.356175
vn -0.934419 0.000000 0.356175
vn -0.408842 0.000000 0.912605
vn -0.408842 0.000000 0.912605
vn -0.408842 0.000000 0.912605
vn -0.408842 0.000000 0.912605
vn 0.367865 0.929820 0.010470
vn 0.367865 0.929820 0.010470
vn 0.367865 0.929820 0.010470
vn 0.367865 0.929820 0.010470
vn 0.917201 0.397570 0.026105
vn 0.917201 0.397570 0.026105
vn 0.917201 0.397570 0.026105
vn 0.917201 0.397570 0.026105
vn 0.912626 0.000000 0.408796
vn 0.912626 0.000000 0.408796
vn 0.912626 0.000000 0.408796
vn 0.912626 0.000000 0.408796
vn 0.356175 0.000000 0.934419
vn 0.356175 0.000000 0.934419
vn 0.356175 0.000000 0.934419
vn 0.356175 0.000000 0.934419
vn -0.524661 0.397726 0.752692
vn -0.524661 0.397726 0.752692
vn -0.524661 0.397726 0.752692
vn -0.524661 0.397726 0.752692
vn -0.210460 0.929806 0.301941
vn -0.210460 0.929806 0.301940
vn -0.210460 0.929806 0.301941
vn -0.210460 0.929806 0.301941
vn -0.028463 0.000000 0.999595
vn -0.028463 0.000000 0.999595
vn -0.028463 0.000000 0.999595
vn -0.028463 0.000000 0.999595
vn -0.999595 0.000000 -0.028450
vn -0.999595 0.000000 -0.028450
vn -0.999595 0.000000 -0.028450
vn -0.999595 0.000000 -0.028450
vn 0.502907 0.000000 -0.864340
vn 0.502907 0.000000 -0.864340
vn 0.502907 0.000000 -0.864340
vn 0.502907 0.000000 -0.864340
vn 0.999595 0.000000 0.028450
vn 0.999595 0.000000 0.028450
vn 0.999595 0.000000 0.028450
vn 0.999595 0.000000 0.028450
vn 0.000000 1.000000 0.000000
vn 0.000000 1.000000 0.000000
vn 0.000000 1.000000 0.000000
vn 0.000000 1.000000 0.000000
vn 0.000001 -1.000000 0.000000
vn 0.000001 -1.000000 0.000000
vn 0.000001 -1.000000 0.000000
vn 0.000001 -1.000000 0.000000
vn -0.947893 0.000000 0.318590
vn -0.947893 0.000000 0.318590
vn -0.947893 0.000000 0.318590
vn -0.947893 0.000000 0.318590
vn 0.000001 -1.000000 -0.000001
vn 0.000001 -1.000000 -0.000001
vn 0.000001 -1.000000 -0.000001
vn 0.000001 -1.000000 -0.000001
vn 0.928241 0.000000 0.371980
vn 0.928241 0.000000 0.371980
vn 0.928241 0.000000 0.371980
vn 0.928241 0.000000 0.371980
vn 0.000005 1.000000 0.000000
vn 0.000005 1.000000 0.000000
vn 0.000005 1.000000 0.000000
vn 0.000005 1.000000 0.000000
vn -0.919131 0.000000 -0.393952
vn -0.919131 0.000000 -0.393952
vn -0.919131 0.000000 -0.393952
vn -0.919131 0.000000 -0.393952
vn 0.000003 -1.000000 -0.000001
vn 0.000003 -1.000000 -0.000001
vn 0.000003 -1.000000 -0.000001
vn 0.000003 -1.000000 -0.000001
vn 0.940050 0.000000 -0.341036
vn 0.940050 0.000000 -0.341036
vn 0.940050 0.000000 -0.341036
vn 0.940050 0.000000 -0.341036
vn 0.000005 1.000000 -0.000005
vn 0.000005 1.000000 -0.000005
vn 0.000005 1.000000 -0.000005
vn 0.000005 1.000000 -0.000005
vn -0.028440 0.000000 0.999596
vn -0.028440 0.000000 0.999596
vn -0.028440 0.000000 0.999596
vn -0.028440 0.000000 0.999596
vn 0.000002 -1.000000 0.000000
vn 0.000002 -1.000000 0.000000
vn 0.000002 -1.000000 0.000000
vn 0.000002 -1.000000 0.000000
vn 0.000007 -1.000000 0.000002
vn 0.000007 -1.000000 0.000002
vn 0.000007 -1.000000 0.000002
vn 0.000007 -1.000000 0.000002
vn 0.000004 -1.000000 0.000000
vn 0.000004 -1.000000 0.000000
vn 0.000004 -1.000000 0.000000
vn 0.000004 -1.000000 0.000000
vn -0.452919 0.000000 -0.891551
vn -0.452919 0.000000 -0.891551
vn -0.452919 0.000000 -0.891551
vn -0.452919 0.000000 -0.891551
vn -0.000003 1.000000 -0.000000
vn -0.000003 1.000000 -0.000000
vn -0.000003 1.000000 -0.000000
vn -0.000003 1.000000 -0.000000
vn -0.000003 1.000000 0.000006
vn -0.000003 1.000000 0.000006
vn -0.000003 1.000000 0.000006
vn -0.000003 1.000000 0.000006
vn 0.000000 1.000000 0.000000
vn 0.000000 1.000000 0.000000
vn 0.000000 1.000000 0.000000
vn 0.000000 1.000000 0.000000
vn -0.000000 -1.000000 0.000001
vn -0.000000 -1.000000 0.000001
vn -0.000000 -1.000000 0.000001
vn -0.000000 -1.000000 0.000001
vn -0.000000 -1.000000 0.000001
vn -0.000000 -1.000000 0.000001
vn -0.000000 -1.000000 0.000001
vn -0.000000 -1.000000 0.000001
vn -0.436930 0.000000 -0.899496
vn -0.436930 0.000000 -0.899496
vn -0.436930 0.000000 -0.899496
vn -0.436930 0.000000 -0.899496
vn -0.000001 1.000000 -0.000001
vn -0.000001 1.000000 -0.000001
vn -0.000001 1.000000 -0.000001
vn -0.000001 1.000000 -0.000001
vn 0.000002 1.000000 0.000004
vn 0.000002 1.000000 0.000004
vn 0.000002 1.000000 0.000004
vn 0.000002 1.000000 0.000004
vn -0.999595 0.000000 -0.028450
vn -0.999595 0.000000 -0.028450
vn -0.999595 0.000000 -0.028450
vn -0.999595 0.000000 -0.028450
vn 0.999595 0.000000 0.028450
vn 0.999595 0.000000 0.028450
vn 0.999595 0.000000 0.028450
vn 0.999595 0.000000 0.028450
vn -0.999595 0.000000 -0.028450
vn -0.999595 0.000000 -0.028450
vn -0.999595 0.000000 -0.028450
vn -0.999595 0.000000 -0.028450
vn 0.999595 0.000008 0.028450
vn 0.999595 0.000008 0.028450
vn 0.999595 0.000008 0.028450
vn 0.999595 0.000008 0.028450
vn 0.688317 0.000000 0.725410
vn 0.688317 0.000000 0.725410
vn 0.688317 0.000000 0.725410
vn 0.688317 0.000000 0.725410
vn -0.999595 0.000004 -0.028450
vn -0.999595 0.000004 -0.028450
vn -0.999595 0.000004 -0.028450
vn -0.999595 0.000004 -0.028450
vn 0.524223 0.000000 0.851581
vn 0.524223 0.000000 0.851581
vn 0.524223 0.000000 0.851581
vn 0.524223 0.000000 0.851581
vn 0.999595 0.000020 0.028449
vn 0.999595 0.000020 0.028449
vn 0.999595 0.000020 0.028449
vn 0.999595 0.000020 0.028449
vn 0.487375 0.000000 -0.873193
vn 0.487375 0.000000 -0.873193
vn 0.487375 0.000000 -0.873193
vn 0.487375 0.000000 -0.873193
vn -0.000002 -1.000000 -0.000000
vn -0.000002 -1.000000 -0.000000
vn -0.000002 -1.000000 -0.000000
vn -0.000002 -1.000000 -0.000000
vn -0.000001 -1.000000 -0.000002
vn -0.000001 -1.000000 -0.000002
vn -0.000001 -1.000000 -0.000002
vn -0.000001 -1.000000 -0.000002
vn -0.728457 0.000000 0.685091
vn -0.728457 0.000000 0.685092
vn -0.728457 0.000000 0.685092
vn -0.728457 0.000000 0.685092
vn -0.571815 0.000000 0.820382
vn -0.571815 0.000000 0.820382
vn -0.571815 0.000000 0.820382
vn -0.571815 0.000000 0.820382
vn -0.000003 1.000000 0.000005
vn -0.000003 1.000000 0.000005
vn -0.000003 1.000000 0.000005
vn -0.000003 1.000000 0.000005
vn -0.000001 1.000000 -0.000002
vn -0.000001 1.000000 -0.000002
vn -0.000001 1.000000 -0.000002
vn -0.000001 1.000000 -0.000002
vn 0.028451 0.000000 -0.999595
vn 0.028451 0.000000 -0.999595
vn 0.028451 0.000000 -0.999595
vn 0.028451 0.000000 -0.999595
vn 0.000000 -1.000000 0.000000
vn 0.000000 -1.000000 0.000000
vn 0.000000 -1.000000 0.000000
vn 0.000000 -1.000000 0.000000
vn 0.000000 -1.000000 0.000000
vn 0.000000 -1.000000 0.000000
vn 0.000000 -1.000000 0.000000
vn 0.000000 -1.000000 0.000000
vn -0.028452 0.000000 0.999595
vn -0.028452 0.000000 0.999595
vn -0.028452 0.000000 0.999595
vn -0.028452 0.000000 0.999595
vn -0.028450 0.000000 0.999595
vn -0.028450 0.000000 0.999595
vn -0.028450 0.000000 0.999595
vn -0.028450 0.000000 0.999595
vn -0.000000 1.000000 0.000005
vn -0.000000 1.000000 0.000005
vn -0.000000 1.000000 0.000005
vn -0.000000 1.000000 0.000005
vn 0.000000 1.000000 -0.000004
vn 0.000000 1.000000 -0.000004
vn 0.000000 1.000000 -0.000004
vn 0.000000 1.000000 -0.000004
vn -0.367860 -0.929822 -0.010470
vn -0.367860 -0.929822 -0.010470
vn -0.367860 -0.929822 -0.010470
vn -0.367861 -0.929822 -0.010470
vn -0.917219 -0.397527 -0.026106
vn -0.917219 -0.397526 -0.026106
vn -0.917219 -0.397527 -0.026106
vn -0.917219 -0.397527 -0.026106
vn -0.843335 0.397655 -0.361465
vn -0.843335 0.397655 -0.361465
vn -0.843335 0.397655 -0.361465
vn -0.843335 0.397655 -0.361465
vn -0.338268 0.929816 -0.144975
vn -0.338268 0.929816 -0.144975
vn -0.338268 0.929816 -0.144975
vn -0.338268 0.929816 -0.144975
vn -0.400880 0.397722 -0.825295
vn -0.400880 0.397722 -0.825295
vn -0.400880 0.397722 -0.825295
vn -0.400880 0.397722 -0.825295
vn -0.160804 0.929819 -0.331028
vn -0.160804 0.929819 -0.331028
vn -0.160804 0.929819 -0.331028
vn -0.160804 0.929819 -0.331028
vn 0.331702 -0.933786 0.134229
vn 0.331702 -0.933786 0.134229
vn 0.331702 -0.933786 0.134229
vn 0.331702 -0.933786 0.134229
vn 0.845829 -0.409840 0.341475
vn 0.845829 -0.409840 0.341475
vn 0.845829 -0.409840 0.341475
vn 0.845829 -0.409840 0.341475
vn 0.862484 0.397766 -0.312895
vn 0.862484 0.397766 -0.312895
vn 0.862484 0.397766 -0.312895
vn 0.862484 0.397766 -0.312895
vn 0.345966 0.929814 -0.125514
vn 0.345966 0.929814 -0.125514
vn 0.345966 0.929814 -0.125513
vn 0.345966 0.929814 -0.125514
vn -0.348968 0.929767 0.117283
vn -0.348968 0.929767 0.117283
vn -0.348968 0.929767 0.117283
vn -0.348968 0.929767 0.117283
vn -0.869634 0.397891 0.292266
vn -0.869634 0.397891 0.292266
vn -0.869634 0.397891 0.292266
vn -0.869634 0.397891 0.292266
vn -0.338300 -0.929801 -0.144998
vn -0.338300 -0.929801 -0.144998
vn -0.338300 -0.929801 -0.144998
vn -0.338300 -0.929801 -0.144998
vn -0.843332 -0.397666 -0.361460
vn -0.843332 -0.397666 -0.361460
vn -0.843332 -0.397666 -0.361460
vn -0.843332 -0.397666 -0.361460
vn 0.345979 -0.929809 -0.125514
vn 0.345979 -0.929809 -0.125514
vn 0.345979 -0.929809 -0.125514
vn 0.345979 -0.929809 -0.125514
vn 0.862484 -0.397765 -0.312896
vn 0.862484 -0.397765 -0.312896
vn 0.862484 -0.397765 -0.312896
vn 0.862484 -0.397765 -0.312896
vn 0.367910 0.929802 0.010471
vn 0.367910 0.929802 0.010471
vn 0.367910 0.929802 0.010471
vn 0.367910 0.929802 0.010471
vn 0.917092 0.397820 0.026102
vn 0.917092 0.397820 0.026102
vn 0.917092 0.397820 0.026102
vn 0.917092 0.397820 0.026102
vn 0.917107 -0.397786 0.026102
vn 0.917107 -0.397786 0.026102
vn 0.917107 -0.397786 0.026102
vn 0.917107 -0.397786 0.026102
vn 0.367833 -0.929833 0.010469
vn 0.367833 -0.929833 0.010469
vn 0.367833 -0.929833 0.010469
vn 0.367833 -0.929833 0.010469
vn 0.631552 -0.397669 0.665584
vn 0.631552 -0.397669 0.665584
vn 0.631552 -0.397669 0.665584
vn 0.631552 -0.397669 0.665584
vn 0.253287 -0.929834 0.266936
vn 0.253287 -0.929834 0.266936
vn 0.253287 -0.929834 0.266936
vn 0.253287 -0.929834 0.266936
vn -0.160813 -0.929805 -0.331061
vn -0.160813 -0.929805 -0.331061
vn -0.160813 -0.929805 -0.331061
vn -0.160813 -0.929805 -0.331061
vn -0.400883 -0.397726 -0.825292
vn -0.400882 -0.397725 -0.825293
vn -0.400883 -0.397726 -0.825292
vn -0.400883 -0.397726 -0.825292
vn -0.268117 -0.929803 0.252149
vn -0.268117 -0.929803 0.252149
vn -0.268117 -0.929803 0.252149
vn -0.268117 -0.929803 0.252149
vn -0.668383 -0.397668 0.628589
vn -0.668383 -0.397668 0.628589
vn -0.668383 -0.397668 0.628589
vn -0.668383 -0.397668 0.628589
vn 0.447173 -0.397720 -0.801158
vn 0.447173 -0.397720 -0.801158
vn 0.447173 -0.397720 -0.801158
vn 0.447173 -0.397720 -0.801158
vn 0.179347 -0.929833 -0.321318
vn 0.179347 -0.929833 -0.321318
vn 0.179347 -0.929833 -0.321318
vn 0.179347 -0.929833 -0.321318
vn 0.179343 0.929830 -0.321327
vn 0.179343 0.929830 -0.321327
vn 0.179343 0.929830 -0.321327
vn 0.179343 0.929830 -0.321327
vn 0.447177 0.397735 -0.801149
vn 0.447177 0.397735 -0.801149
vn 0.447177 0.397735 -0.801149
vn 0.447177 0.397735 -0.801149
vn -0.917199 0.397574 -0.026105
vn -0.917199 0.397574 -0.026105
vn -0.917199 0.397574 -0.026105
vn -0.917199 0.397574 -0.026105
vn -0.367828 0.929835 -0.010469
vn -0.367828 0.929835 -0.010469
vn -0.367828 0.929835 -0.010469
vn -0.367828 0.929835 -0.010469
vn -0.026103 0.397738 0.917128
vn -0.026103 0.397738 0.917128
vn -0.026103 0.397738 0.917128
vn -0.026103 0.397738 0.917128
vn -0.010471 0.929828 0.367846
vn -0.010471 0.929828 0.367846
vn -0.010471 0.929828 0.367846
vn -0.010471 0.929828 0.367846
vn 0.026103 0.397734 -0.917130
vn 0.026103 0.397734 -0.917130
vn 0.026103 0.397734 -0.917130
vn 0.026103 0.397734 -0.917130
vn 0.010468 0.929829 -0.367844
vn 0.010468 0.929829 -0.367844
vn 0.010468 0.929829 -0.367844
vn 0.010468 0.929829 -0.367844
vn 0.010470 -0.929818 -0.367870
vn 0.010470 -0.929818 -0.367870
vn 0.010470 -0.929818 -0.367870
vn 0.010470 -0.929818 -0.367870
vn 0.026104 -0.397731 -0.917131
vn 0.026104 -0.397731 -0.917131
vn 0.026104 -0.397731 -0.917131
vn 0.026104 -0.397731 -0.917131
vn -0.026103 -0.397712 0.917139
vn -0.026103 -0.397712 0.917139
vn -0.026103 -0.397712 0.917139
vn -0.026103 -0.397712 0.917139
vn -0.010470 -0.929814 0.367880
vn -0.010470 -0.929814 0.367880
vn -0.010470 -0.929814 0.367880
vn -0.010470 -0.929814 0.367880
vn 0.192926 0.929830 0.313363
vn 0.192926 0.929830 0.313363
vn 0.192926 0.929830 0.313363
vn 0.192926 0.929830 0.313363
vn 0.480984 0.397705 0.781336
vn 0.480984 0.397705 0.781336
vn 0.480984 0.397705 0.781336
vn 0.480984 0.397705 0.781336
vn 0.304655 -0.896200 0.322506
vn 0.304655 -0.896200 0.322506
vn 0.304655 -0.896200 0.322506
vn 0.304655 -0.896200 0.322506
vn 0.873901 -0.338712 0.348670
vn 0.873901 -0.338712 0.348670
vn 0.873901 -0.338712 0.348670
vn 0.873901 -0.338712 0.348670
vn 0.298401 -0.338797 0.892286
vn 0.298401 -0.338797 0.892286
vn 0.298401 -0.338797 0.892286
vn 0.298401 -0.338797 0.892285
vn 0.873900 0.338723 0.348663
vn 0.873900 0.338723 0.348663
vn 0.873900 0.338723 0.348663
vn 0.873900 0.338723 0.348663
vn 0.304653 0.896196 0.322521
vn 0.304653 0.896196 0.322520
vn 0.304653 0.896196 0.322521
vn 0.304653 0.896196 0.322521
vn 0.298399 0.338812 0.892280
vn 0.298399 0.338812 0.892280
vn 0.298399 0.338812 0.892280
vn 0.298399 0.338812 0.892280
vn -0.322497 -0.896199 0.304668
vn -0.322497 -0.896199 0.304668
vn -0.322497 -0.896199 0.304668
vn -0.322497 -0.896199 0.304668
vn -0.348633 -0.338659 0.873937
vn -0.348633 -0.338659 0.873937
vn -0.348633 -0.338659 0.873937
vn -0.348633 -0.338659 0.873937
vn -0.892329 -0.338713 0.298366
vn -0.892329 -0.338713 0.298366
vn -0.892329 -0.338713 0.298366
vn -0.892329 -0.338713 0.298366
vn -0.348638 0.338630 0.873946
vn -0.348638 0.338630 0.873946
vn -0.348638 0.338630 0.873946
vn -0.348638 0.338630 0.873946
vn -0.322492 0.896216 0.304624
vn -0.322492 0.896216 0.304624
vn -0.322492 0.896216 0.304624
vn -0.322492 0.896216 0.304624
vn -0.892326 0.338723 0.298364
vn -0.892326 0.338723 0.298364
vn -0.892326 0.338723 0.298364
vn -0.892326 0.338723 0.298364
vn -0.422149 -0.894753 -0.145629
vn -0.422149 -0.894753 -0.145629
vn -0.422149 -0.894753 -0.145629
vn -0.422149 -0.894753 -0.145629
vn -0.939715 -0.340158 0.035058
vn -0.939715 -0.340158 0.035058
vn -0.939715 -0.340158 0.035058
vn -0.939715 -0.340158 0.035058
vn -0.680610 -0.355975 -0.640354
vn -0.680610 -0.355975 -0.640354
vn -0.680610 -0.355975 -0.640354
vn -0.680610 -0.355975 -0.640354
vn -0.943634 0.330960 0.004482
vn -0.943634 0.330960 0.004482
vn -0.943634 0.330960 0.004482
vn -0.943634 0.330960 0.004482
vn -0.429139 0.886019 -0.175526
vn -0.429139 0.886019 -0.175526
vn -0.429139 0.886019 -0.175526
vn -0.429139 0.886019 -0.175526
vn -0.670031 0.330788 -0.664558
vn -0.670031 0.330788 -0.664558
vn -0.670031 0.330788 -0.664558
vn -0.670031 0.330788 -0.664558
vn 0.413754 -0.894613 -0.168747
vn 0.413754 -0.894613 -0.168747
vn 0.413754 -0.894613 -0.168747
vn 0.413754 -0.894613 -0.168747
vn 0.683776 -0.340200 -0.645534
vn 0.683776 -0.340200 -0.645534
vn 0.683776 -0.340200 -0.645534
vn 0.683776 -0.340200 -0.645534
vn 0.933874 -0.356101 0.032734
vn 0.933874 -0.356101 0.032734
vn 0.933874 -0.356101 0.032734
vn 0.933874 -0.356101 0.032734
vn 0.706796 0.330724 -0.625349
vn 0.706796 0.330724 -0.625349
vn 0.706796 0.330724 -0.625349
vn 0.706796 0.330724 -0.625349
vn 0.438355 0.886058 -0.150815
vn 0.438355 0.886058 -0.150815
vn 0.438355 0.886058 -0.150815
vn 0.438355 0.886058 -0.150815
vn 0.941933 0.330726 0.058154
vn 0.941933 0.330726 0.058154
vn 0.941933 0.330726 0.058154
vn 0.941933 0.330726 0.058154
vn -0.892371 -0.338601 0.298369
vn -0.892371 -0.338601 0.298369
vn -0.892371 -0.338601 0.298369
vn -0.892371 -0.338601 0.298369
vn -0.322478 -0.896208 0.304663
vn -0.322478 -0.896208 0.304663
vn -0.322478 -0.896208 0.304663
vn -0.322478 -0.896208 0.304663
vn -0.348649 -0.338718 0.873908
vn -0.348649 -0.338718 0.873908
vn -0.348649 -0.338718 0.873908
vn -0.348649 -0.338718 0.873908
vn -0.892356 0.338644 0.298363
vn -0.892356 0.338644 0.298363
vn -0.892356 0.338644 0.298363
vn -0.892356 0.338644 0.298363
vn -0.348653 0.338730 0.873901
vn -0.348653 0.338730 0.873901
vn -0.348653 0.338730 0.873901
vn -0.348653 0.338730 0.873901
vn -0.322509 0.896190 0.304683
vn -0.322509 0.896190 0.304683
vn -0.322509 0.896190 0.304683
vn -0.322509 0.896190 0.304683
vn 0.873878 0.338814 0.348629
vn 0.873878 0.338814 0.348629
vn 0.873878 0.338814 0.348629
vn 0.873878 0.338814 0.348629
vn 0.304631 0.896220 0.322473
vn 0.304631 0.896220 0.322473
vn 0.304631 0.896220 0.322473
vn 0.304631 0.896220 0.322473
vn 0.298367 0.338702 0.892333
vn 0.298367 0.338702 0.892333
vn 0.298367 0.338702 0.892333
vn 0.298367 0.338702 0.892333
vn 0.873878 -0.338822 0.348623
vn 0.873878 -0.338822 0.348623
vn 0.873878 -0.338822 0.348623
vn 0.873878 -0.338822 0.348623
vn 0.298367 -0.338702 0.892333
vn 0.298367 -0.338702 0.892333
vn 0.298367 -0.338702 0.892333
vn 0.298367 -0.338702 0.892333
vn 0.304645 -0.896209 0.322493
vn 0.304646 -0.896208 0.322493
vn 0.304645 -0.896209 0.322493
vn 0.304645 -0.896209 0.322493
s off
g UV_opuesta_mostrador polySurface181 polySurface1070
usemtl lambert7SG
f 201/261/713 202/262/714 187/263/715 188/264/716
f 200/265/717 201/261/718 188/264/719 190/266/720
f 202/262/721 203/267/722 192/268/723 187/263/724
f 189/269/725 186/270/726 195/271/727 194/272/728
f 186/270/729 185/273/730 196/274/731 195/271/732
f 185/273/733 191/275/734 197/276/735 196/274/736
f 194/272/737 195/271/738 201/261/739 200/265/740
f 195/271/741 196/274/742 202/262/743 201/261/744
f 196/274/745 197/276/746 203/267/747 202/262/748
f 206/277/749 205/278/750 290/279/751 289/280/752
f 205/278/753 210/281/754 291/282/755 290/279/756
f 208/283/757 207/284/758 215/285/759 214/286/760
f 207/284/761 206/277/762 216/287/763 215/285/764
f 210/288/765 209/289/766 255/290/767 254/291/768
f 209/289/769 208/283/770 256/292/771 255/290/772
f 214/293/773 213/294/774 261/295/775 260/296/776
f 213/294/777 212/297/778 262/298/779 261/295/780
f 218/299/781 217/300/782 303/301/783 302/302/784
f 217/303/785 222/304/786 304/305/787 303/306/788
f 220/307/789 219/308/790 227/309/791 226/310/792
f 219/308/793 218/299/794 228/311/795 227/309/796
f 224/312/797 223/313/798 297/314/799 296/315/800
f 223/313/801 228/316/802 298/317/803 297/314/804
f 226/310/805 225/318/806 269/319/807 268/320/808
f 225/318/809 224/312/810 270/321/811 269/319/812
f 230/322/813 229/323/814 287/324/815 286/325/816
f 229/326/817 234/327/818 288/328/819 287/329/820
f 232/330/821 231/331/822 239/332/823 238/333/824
f 231/331/825 230/322/826 240/334/827 239/332/828
f 234/327/829 233/335/830 272/336/831 271/337/832
f 233/335/833 232/330/834 273/338/835 272/336/836
f 238/333/837 237/339/838 275/340/839 274/341/840
f 237/339/841 236/342/842 276/343/843 275/340/844
f 242/344/845 241/345/846 326/346/847 325/347/848
f 241/345/849 246/348/850 327/349/851 326/346/852
f 244/350/853 243/351/854 251/352/855 250/353/856
f 243/351/857 242/344/858 252/354/859 251/352/860
f 248/355/861 247/356/862 329/357/863 328/358/864
f 247/356/865 252/354/866 330/359/867 329/357/868
f 250/353/869 249/360/870 281/361/871 280/362/872
f 249/363/873 248/355/874 282/364/875 281/365/876
f 254/366/877 253/367/878 323/368/879 322/369/880
f 253/367/881 258/370/882 324/371/883 323/368/884
f 258/372/885 257/373/886 259/374/887 264/375/888
f 257/373/889 256/292/890 260/376/891 259/374/892
f 296/315/893 295/377/894 320/378/895 319/379/896
f 295/377/897 300/380/898 321/381/899 320/378/900
f 300/382/901 299/383/902 301/384/903 306/385/904
f 299/383/905 298/386/906 302/302/907 301/384/908
f 333/387/909 332/388/910 335/389/911 334/390/912
f 332/388/913 331/391/914 336/392/915 335/389/916
f 208/283/917 214/286/918 260/376/919 256/292/920
f 220/307/921 226/310/922 268/320/923 265/393/924
f 325/347/925 330/359/926 252/354/927 242/344/928
f 289/280/929 292/394/930 216/287/931 206/277/932
f 212/297/933 294/395/934 331/396/935 262/298/936
f 291/282/937 210/281/938 254/366/939 322/369/940
f 286/325/941 283/397/942 240/334/943 230/322/944
f 246/348/945 279/398/946 183/399/947 327/349/948
f 244/350/949 250/353/950 280/362/951 277/400/952
f 184/401/953 282/364/954 248/355/955 328/358/956
f 265/393/957 268/320/958 283/402/959 286/403/960
f 279/404/961 291/282/962 322/369/963 183/405/964
f 277/406/965 280/407/966 292/394/967 289/280/968
f 331/396/969 294/395/970 282/408/971 184/409/972
f 302/302/973 298/386/974 228/311/975 218/299/976
f 307/410/977 304/305/978 222/304/979 267/411/980
f 181/412/981 307/410/982 267/411/983 288/413/984
f 271/337/985 181/414/986 288/328/987 234/327/988
f 232/330/989 238/333/990 274/341/991 273/338/992
f 285/415/993 182/416/994 276/343/995 236/342/996
f 270/321/997 319/379/998 182/417/999 285/418/1000
f 296/315/1001 319/379/1002 270/321/1003 224/312/1004
f 199/419/1005 310/420/1006 307/421/1007 181/422/1008
f 315/423/1009 199/424/1010 181/414/1011 271/337/1012
f 273/338/1013 274/341/1014 316/425/1015 313/426/1016
f 182/416/1017 204/427/1018 318/428/1019 276/343/1020
f 319/379/1021 348/429/1022 204/430/1023 182/417/1024
f 258/372/1025 264/375/1026 185/431/1027 186/432/1028
f 300/382/1029 306/385/1030 188/433/1031 187/434/1032
f 324/371/1033 258/370/1034 186/435/1035 189/436/1036
f 306/437/1037 309/438/1038 190/439/1039 188/440/1040
f 309/441/1041 312/442/1042 200/443/1043 190/444/1044
f 264/445/1045 333/446/1046 191/447/1047 185/448/1048
f 346/449/1049 321/450/1050 192/451/1051 203/452/1052
f 321/381/1053 300/380/1054 187/453/1055 192/454/1056
f 340/455/1057 339/456/1058 330/359/1059 325/347/1060
f 327/349/1061 183/399/1062 193/457/1063 342/458/1064
f 183/405/1065 322/369/1066 343/459/1067 193/460/1068
f 194/461/1069 345/462/1070 324/371/1071 189/436/1072
f 333/387/1073 334/390/1074 197/463/1075 191/464/1076
f 198/465/1077 336/392/1078 331/391/1079 184/466/1080
f 337/467/1081 198/468/1082 184/401/1083 328/358/1084
f 313/426/1085 316/425/1086 339/456/1087 340/455/1088
f 342/458/1089 193/457/1090 199/424/1091 315/423/1092
f 193/460/1093 343/459/1094 310/420/1095 199/419/1096
f 200/443/1097 312/442/1098 345/462/1099 194/461/1100
f 334/390/1101 346/449/1102 203/452/1103 197/463/1104
f 204/430/1105 348/429/1106 336/392/1107 198/465/1108
f 318/428/1109 204/427/1110 198/468/1111 337/467/1112
f 222/304/1113 221/469/1114 266/470/1115 267/411/1116
f 221/469/1117 220/307/1118 265/393/1119 266/470/1120
f 268/320/1121 269/319/1122 284/471/1123 283/402/1124
f 269/319/1125 270/321/1126 285/418/1127 284/471/1128
f 274/341/1129 275/340/1130 317/472/1131 316/425/1132
f 275/340/1133 276/343/1134 318/428/1135 317/472/1136
f 246/348/1137 245/473/1138 278/474/1139 279/398/1140
f 245/475/1141 244/350/1142 277/400/1143 278/476/1144
f 280/407/1145 281/477/1146 293/478/1147 292/394/1148
f 281/477/1149 282/479/1150 294/395/1151 293/478/1152
f 236/342/1153 235/480/1154 284/481/1155 285/415/1156
f 235/482/1157 240/334/1158 283/397/1159 284/483/1160
f 267/411/1161 266/470/1162 287/484/1163 288/413/1164
f 266/470/1165 265/393/1166 286/403/1167 287/484/1168
f 279/485/1169 278/486/1170 290/279/1171 291/282/1172
f 278/486/1173 277/406/1174 289/280/1175 290/279/1176
f 212/297/1177 211/487/1178 293/478/1179 294/395/1180
f 211/487/1181 216/287/1182 292/394/1183 293/478/1184
f 306/437/1185 305/488/1186 308/489/1187 309/438/1188
f 305/488/1189 304/305/1190 307/410/1191 308/489/1192
f 309/441/1193 308/490/1194 311/491/1195 312/442/1196
f 308/490/1197 307/421/1198 310/420/1199 311/491/1200
f 271/337/1201 272/336/1202 314/492/1203 315/423/1204
f 272/336/1205 273/338/1206 313/426/1207 314/492/1208
f 322/369/1209 323/368/1210 344/493/1211 343/459/1212
f 323/368/1213 324/371/1214 345/462/1215 344/493/1216
f 325/347/1217 326/346/1218 341/494/1219 340/455/1220
f 326/346/1221 327/349/1222 342/458/1223 341/494/1224
f 328/358/1225 329/357/1226 338/495/1227 337/467/1228
f 329/357/1229 330/359/1230 339/456/1231 338/495/1232
f 264/445/1233 263/496/1234 332/497/1235 333/446/1236
f 263/496/1237 262/298/1238 331/396/1239 332/497/1240
f 334/390/1241 335/389/1242 347/498/1243 346/449/1244
f 335/389/1245 336/392/1246 348/429/1247 347/498/1248
f 316/425/1249 317/472/1250 338/495/1251 339/456/1252
f 317/472/1253 318/428/1254 337/467/1255 338/495/1256
f 315/423/1257 314/492/1258 341/494/1259 342/458/1260
f 314/492/1261 313/426/1262 340/455/1263 341/494/1264
f 312/442/1265 311/491/1266 344/493/1267 345/462/1268
f 311/491/1269 310/420/1270 343/459/1271 344/493/1272
f 319/379/1273 320/499/1274 347/498/1275 348/429/1276
f 320/499/1277 321/450/1278 346/449/1279 347/498/1280
f 209/289/1281 210/288/1282 205/500/1283 349/501/1284
f 205/500/1285 206/277/1286 207/284/1287 349/501/1288
f 207/284/1289 208/283/1290 209/289/1291 349/501/1292
f 215/502/1293 216/287/1294 211/487/1295 350/503/1296
f 211/487/1297 212/297/1298 213/294/1299 350/503/1300
f 213/294/1301 214/293/1302 215/502/1303 350/503/1304
f 221/469/1305 222/304/1306 217/303/1307 351/504/1308
f 217/300/1309 218/299/1310 219/308/1311 351/505/1312
f 219/308/1313 220/307/1314 221/469/1315 351/504/1316
f 227/506/1317 228/316/1318 223/313/1319 352/507/1320
f 223/313/1321 224/312/1322 225/318/1323 352/507/1324
f 225/318/1325 226/310/1326 227/506/1327 352/507/1328
f 233/335/1329 234/327/1330 229/326/1331 353/508/1332
f 229/323/1333 230/322/1334 231/331/1335 353/508/1336
f 231/331/1337 232/330/1338 233/335/1339 353/508/1340
f 239/332/1341 240/334/1342 235/482/1343 354/509/1344
f 235/480/1345 236/342/1346 237/339/1347 354/509/1348
f 237/339/1349 238/333/1350 239/332/1351 354/509/1352
f 245/473/1353 246/348/1354 241/345/1355 355/510/1356
f 241/345/1357 242/344/1358 243/351/1359 355/510/1360
f 243/351/1361 244/350/1362 245/475/1363 355/510/1364
f 251/352/1365 252/354/1366 247/356/1367 356/511/1368
f 247/356/1369 248/355/1370 249/363/1371 356/511/1372
f 249/360/1373 250/353/1374 251/352/1375 356/511/1376
f 257/373/1377 258/372/1378 253/512/1379 357/513/1380
f 253/512/1381 254/291/1382 255/290/1383 357/513/1384
f 255/290/1385 256/292/1386 257/373/1387 357/513/1388
f 263/496/1389 264/445/1390 259/514/1391 358/515/1392
f 259/514/1393 260/296/1394 261/295/1395 358/515/1396
f 261/295/1397 262/298/1398 263/496/1399 358/515/1400
f 299/516/1401 300/380/1402 295/377/1403 359/517/1404
f 295/377/1405 296/315/1406 297/314/1407 359/517/1408
f 297/314/1409 298/317/1410 299/516/1411 359/517/1412
f 305/488/1413 306/437/1414 301/518/1415 360/519/1416
f 301/384/1417 302/302/1418 303/301/1419 360/520/1420
f 303/306/1421 304/305/1422 305/488/1423 360/519/1424
g default
v 258.519362 13.337460 1154.603867
v 258.519362 41.621997 1154.521104
v 265.118911 13.337460 1154.603867
v 265.118911 41.622003 1154.521104
v 265.118911 40.604624 1185.045029
v 265.118911 14.354833 1185.045029
v 258.519362 40.604624 1185.045029
v 258.519362 14.354833 1185.045029
v 265.118911 14.354833 1155.808396
v 258.519362 14.354833 1155.808396
v 265.118911 40.604624 1155.725693
v 258.519362 40.604624 1155.725693
v 264.061202 13.337460 1153.830552
v 264.061202 14.354833 1154.746018
v 264.061202 14.354833 1185.045029
v 264.061202 40.604624 1185.045029
v 264.061202 40.604624 1155.032273
v 264.061202 41.622003 1153.827744
v 259.577102 13.337460 1153.830552
v 259.577102 14.354833 1154.746018
v 259.577102 14.354833 1185.045029
v 259.577102 40.604624 1185.045029
v 259.577102 40.604624 1155.032273
v 259.577102 41.621997 1153.827744
v 266.023330 13.375430 1186.389146
v 266.075973 13.467105 1186.389146
v 266.023330 13.467105 1186.516160
v 265.896285 13.467105 1186.568772
v 265.896285 13.375430 1186.516160
v 265.896285 13.337460 1186.389146
v 266.023330 41.584026 1186.389146
v 265.896285 41.622003 1186.389146
v 265.896285 41.584026 1186.516160
v 265.896285 41.492350 1186.568772
v 266.023330 41.492350 1186.516160
v 266.075973 41.492350 1186.389146
v 257.742019 13.375430 1186.516160
v 257.742019 13.467105 1186.568772
v 257.614974 13.467105 1186.516160
v 257.562331 13.467105 1186.389146
v 257.614974 13.375430 1186.389146
v 257.742019 13.337460 1186.389146
v 257.742019 41.584026 1186.516160
v 257.742019 41.621997 1186.389146
v 257.614974 41.584026 1186.389146
v 257.562331 41.492350 1186.389146
v 257.614974 41.492350 1186.516160
v 257.742019 41.492350 1186.568772
v 257.671493 13.375430 1153.547227
v 257.624373 13.467105 1153.571824
v 257.621902 13.462445 1153.428208
v 257.709762 13.458604 1153.322861
v 257.734237 13.372871 1153.369859
v 257.784560 13.337460 1153.486741
v 257.671493 41.584026 1153.547227
v 257.784560 41.621997 1153.486741
v 257.739394 41.584026 1153.366746
v 257.720138 41.492350 1153.317185
v 257.624892 41.492350 1153.426682
v 257.624373 41.492350 1153.571824
v 265.898910 13.375430 1153.366746
v 265.918136 13.467105 1153.317185
v 266.014632 13.462528 1153.423508
v 266.017959 13.458604 1153.560654
v 265.968612 13.372871 1153.541489
v 265.853744 13.337460 1153.486741
v 265.898910 41.584026 1153.366746
v 265.853744 41.622003 1153.486741
v 265.966811 41.584026 1153.547227
v 266.013900 41.492350 1153.571824
v 266.013381 41.492350 1153.426682
v 265.918136 41.492350 1153.317185
v 265.171554 13.375430 1186.389146
v 265.298629 13.337460 1186.389146
v 265.298629 13.375430 1186.516160
v 265.298629 13.467105 1186.568772
v 265.171554 13.467105 1186.516160
v 265.118911 13.467105 1186.389146
v 265.171554 41.492350 1186.516160
v 265.298629 41.492350 1186.568772
v 265.298629 41.584026 1186.516160
v 265.298629 41.622003 1186.389146
v 265.171554 41.584026 1186.389146
v 265.118911 41.492350 1186.389146
v 257.562331 13.467105 1155.901414
v 257.614974 13.375430 1155.911485
v 257.742019 13.337460 1155.935715
v 257.562331 41.492350 1155.901414
v 257.614974 41.584026 1155.911485
v 257.742019 41.621997 1155.935715
v 258.603866 13.337460 1153.040818
v 258.544112 13.375430 1152.928635
v 258.519362 13.467105 1152.882188
v 258.519362 41.492350 1152.882188
v 258.544112 41.584026 1152.928635
v 258.603866 41.621997 1153.040818
v 265.599746 13.467105 1154.696885
v 265.543441 13.375430 1154.697556
v 265.407455 13.337460 1154.699204
v 265.599746 41.492350 1154.696885
v 265.543441 41.584026 1154.697556
v 265.407455 41.622003 1154.699204
v 258.038528 41.492350 1154.696885
v 258.094832 41.584026 1154.697556
v 258.230819 41.621997 1154.699204
v 258.038528 13.467105 1154.696885
v 258.094832 13.375430 1154.697556
v 258.230819 13.337460 1154.699204
v 266.075973 13.467105 1155.901414
v 266.023330 13.375430 1155.911485
v 265.896285 13.337460 1155.935715
v 266.075973 41.492350 1155.901414
v 266.023330 41.584026 1155.911485
v 265.896285 41.622003 1155.935715
v 258.466750 41.584026 1186.389146
v 258.339644 41.621997 1186.389146
v 258.339644 41.584026 1186.516160
v 258.339644 41.492350 1186.568772
v 258.466750 41.492350 1186.516160
v 258.519362 41.492350 1186.389146
v 258.466750 13.467105 1186.516160
v 258.339644 13.467105 1186.568772
v 258.339644 13.375430 1186.516160
v 258.339644 13.337460 1186.389146
v 258.466750 13.375430 1186.389146
v 258.519362 13.467105 1186.389146
v 258.339644 13.337460 1155.734238
v 258.466750 13.375430 1155.786729
v 258.519362 13.467105 1155.808396
v 259.502425 13.337460 1154.566331
v 259.555221 13.375430 1154.693406
v 259.577102 13.467105 1154.746018
v 259.577102 13.467105 1152.330674
v 259.589980 13.375430 1152.383286
v 259.621108 13.337460 1152.510361
v 259.577102 41.492350 1152.330674
v 259.589980 41.584026 1152.383286
v 259.621108 41.621997 1152.510361
v 258.339644 41.621997 1155.628648
v 258.466750 41.584026 1155.697312
v 258.519362 41.492350 1155.725693
v 265.298629 13.337460 1155.734238
v 265.171554 13.375430 1155.786729
v 265.118911 13.467105 1155.808396
v 265.118911 13.467105 1152.882188
v 265.094192 13.375430 1152.928635
v 265.034408 13.337460 1153.040818
v 265.034408 41.622003 1153.040818
v 265.094192 41.584026 1152.928635
v 265.118911 41.492350 1152.882188
v 265.298629 41.622003 1155.628648
v 265.171554 41.584026 1155.697312
v 265.118911 41.492350 1155.725693
v 264.061202 41.492350 1155.032273
v 264.076919 41.584026 1154.979722
v 264.114852 41.622003 1154.852647
v 264.017196 41.622003 1152.510361
v 264.048324 41.584026 1152.383286
v 264.061202 41.492350 1152.330674
v 264.061202 13.467105 1152.330674
v 264.048324 13.375430 1152.383286
v 264.017196 13.337460 1152.510361
v 264.135879 13.337460 1154.566331
v 264.083053 13.375430 1154.693406
v 264.061202 13.467105 1154.746018
v 259.577102 41.492350 1155.032273
v 259.561385 41.584026 1154.979722
v 259.523452 41.621997 1154.852647
v 265.999984 13.392278 1186.492783
v 265.999984 41.567177 1186.492783
v 257.638320 13.392278 1186.492783
v 257.638320 41.567177 1186.492783
v 257.652511 13.390294 1153.439133
v 257.654708 41.567185 1153.437913
v 265.984359 13.390324 1153.435532
v 265.983596 41.567185 1153.437913
v 265.194900 13.392278 1186.492783
v 265.194900 41.567177 1186.492783
v 258.443404 41.567177 1186.492783
v 258.443404 13.392278 1186.492783
vt -1.001780 0.912634
vt -1.001783 0.958468
vt -1.003178 0.958468
vt -1.003175 0.912634
vt -1.001777 0.872689
vt -1.003172 0.874089
vt -1.001786 0.998035
vt -1.003180 0.997121
vt -0.994471 0.874090
vt -0.994474 0.912634
vt -0.995868 0.912634
vt -0.995866 0.872689
vt -0.994477 0.958468
vt -0.995872 0.958468
vt -0.994480 0.997121
vt -0.995874 0.998036
vt -0.941850 0.989318
vt -0.941859 0.989492
vt -0.982321 0.989084
vt -0.982321 0.988909
vt -0.941868 0.989671
vt -0.982307 0.989265
vt -0.941489 0.989290
vt -0.941670 0.989297
vt -0.941672 0.940087
vt -0.941491 0.940089
vt -0.941853 0.940086
vt -0.941510 0.989630
vt -0.941491 0.989457
vt -0.940688 0.989437
vt -0.940657 0.989614
vt -0.940702 0.989270
vt -0.941544 0.939738
vt -0.941714 0.939727
vt -0.941749 0.938928
vt -0.941579 0.938893
vt -0.941887 0.939733
vt -0.941921 0.938946
vt -0.983172 0.929045
vt -0.983222 0.929213
vt -0.984006 0.929157
vt -0.983958 0.928992
vt -0.982961 0.929473
vt -0.982788 0.929429
vt -0.982675 0.930206
vt -0.982843 0.930264
vt -0.982813 0.929076
vt -0.982994 0.929076
vt -0.982985 0.879947
vt -0.982804 0.879924
vt -0.983166 0.879971
vt -0.982747 0.879579
vt -0.982909 0.879530
vt -0.982823 0.878767
vt -0.982659 0.878804
vt -0.983079 0.879494
vt -0.982979 0.878703
vt -0.982760 0.879757
vt -0.942262 0.879990
vt -0.942251 0.880166
vt -0.942312 0.879811
vt -0.932006 0.995434
vt -0.931967 0.995607
vt -0.933596 0.995686
vt -0.933585 0.995509
vt -0.931791 0.995767
vt -0.931611 0.995783
vt -0.931639 0.997529
vt -0.931820 0.997438
vt -0.931636 0.995432
vt -0.931816 0.995432
vt -0.931813 0.946289
vt -0.931622 0.946296
vt -0.932004 0.946281
vt -0.931617 0.995600
vt -0.930389 0.995573
vt -0.930350 0.995762
vt -0.930426 0.995389
vt -0.931610 0.946116
vt -0.930388 0.946139
vt -0.930426 0.946326
vt -0.931611 0.945929
vt -0.930349 0.945946
vt -0.920231 0.995426
vt -0.920243 0.995608
vt -0.921465 0.995582
vt -0.921427 0.995394
vt -0.920243 0.995796
vt -0.921506 0.995775
vt -0.919861 0.995455
vt -0.920042 0.995440
vt -0.920040 0.946285
vt -0.919849 0.946276
vt -0.920231 0.946292
vt -0.920243 0.945928
vt -0.920244 0.946113
vt -0.921463 0.946139
vt -0.921502 0.945950
vt -0.921426 0.946323
vt -0.919888 0.946102
vt -0.918259 0.946023
vt -0.918270 0.946199
vt -0.920063 0.945943
vt -0.920212 0.944182
vt -0.920031 0.944273
vt -0.941905 0.990453
vt -0.941914 0.990633
vt -0.982465 0.990234
vt -0.982548 0.990053
vt -0.941921 0.990806
vt -0.982418 0.990408
vt -0.940339 0.989285
vt -0.940520 0.989272
vt -0.940521 0.940096
vt -0.940340 0.940097
vt -0.940703 0.940095
vt -0.982656 0.878625
vt -0.942117 0.878851
vt -0.942005 0.879032
vt -0.982671 0.878453
vt -0.942179 0.878676
vt -0.984310 0.880124
vt -0.984130 0.880099
vt -0.984138 0.928982
vt -0.984319 0.928967
vt -0.983949 0.880075
vt -0.933305 0.874508
vt -0.933195 0.874614
vt -0.934673 0.875563
vt -0.934766 0.875415
vt -0.933025 0.874692
vt -0.934559 0.875704
vt -0.942869 0.928998
vt -0.981807 0.940255
vt -0.981781 0.939901
vt -0.982141 0.939115
vt -0.933588 0.946207
vt -0.920219 0.997558
vt -0.920639 0.997630
vt -0.918261 0.995519
vt -0.920676 0.944211
vt -0.940569 0.880347
vt -0.941172 0.929118
vt -0.983888 0.989656
vt -0.984116 0.989975
vt -0.984029 0.988911
vt -0.983514 0.940192
vt -0.983382 0.939187
vt -0.983610 0.938794
vt -0.942621 0.930135
vt -0.942903 0.929351
vt -0.941004 0.929876
vt -0.941195 0.929534
vt -0.931219 0.997600
vt -0.931652 0.944173
vt -0.931187 0.944197
vt -0.940370 0.879856
vt -0.940671 0.879947
vt -0.989388 0.995051
vt -0.988786 0.995804
vt -0.989529 0.997904
vt -0.989917 0.996517
vt -0.928852 0.995605
vt -0.929245 0.997239
vt -0.928869 0.946460
vt -0.928876 0.995262
vt -0.929241 0.944418
vt -0.928845 0.946122
vt -0.939819 0.878777
vt -0.938856 0.879784
vt -0.938567 0.941652
vt -0.938567 0.987711
vt -0.986093 0.927424
vt -0.986081 0.881776
vt -0.943739 0.992332
vt -0.982200 0.991939
vt -0.982661 0.930559
vt -0.942751 0.930490
vt -0.942957 0.932037
vt -0.980870 0.932100
vt -0.989185 0.997918
vt -0.988460 0.995977
vt -0.987160 0.996887
vt -0.987884 0.998528
vt -0.941914 0.938591
vt -0.982021 0.938760
vt -0.982038 0.937210
vt -0.943714 0.937048
vt -0.939943 0.878450
vt -0.941867 0.878571
vt -0.941419 0.876776
vt -0.940456 0.877111
vt -0.980937 0.876921
vt -0.942445 0.877136
vt -0.922983 0.995259
vt -0.922976 0.946452
vt -0.922612 0.997304
vt -0.923008 0.995596
vt -0.984621 0.991174
vt -0.985476 0.990683
vt -0.983469 0.992676
vt -0.984409 0.991468
vt -0.935441 0.874021
vt -0.933960 0.873231
vt -0.933970 0.876888
vt -0.933141 0.875910
vt -0.923001 0.946109
vt -0.922616 0.944477
vt -0.982797 0.929249
vt -0.942873 0.929171
vt -0.940634 0.880143
vt -0.928861 0.946294
vt -0.920066 0.995773
vt -0.920038 0.997467
vt -0.919891 0.995620
vt -0.918251 0.995696
vt -0.983524 0.940013
vt -0.981800 0.940081
vt -0.983573 0.939830
vt -0.931790 0.945946
vt -0.931832 0.944266
vt -0.931966 0.946107
vt -0.933599 0.946031
vt -0.941199 0.929324
vt -0.984099 0.989270
vt -0.984044 0.989089
vt -0.941877 0.939913
vt -0.982663 0.930385
vt -0.942704 0.930316
vt -0.989346 0.997891
vt -0.988615 0.995886
vt -0.928868 0.995430
vt -0.984516 0.991328
vt -0.922992 0.995424
vt -0.922984 0.946283
vt -0.941923 0.938765
vt -0.982055 0.938935
vt -0.939882 0.878610
vt -0.941906 0.878794
vt -0.941719 0.989520
vt -0.941632 0.989427
vt -0.941647 0.939949
vt -0.941741 0.939868
vt -0.982954 0.929272
vt -0.983081 0.929218
vt -0.983014 0.879721
vt -0.982901 0.879679
vt -0.931782 0.995584
vt -0.931779 0.946131
vt -0.920075 0.995593
vt -0.920074 0.946127
vt -0.940456 0.989490
vt -0.940550 0.989403
vt -0.941704 0.938698
vt -0.941787 0.938791
vt -0.982860 0.878542
vt -0.982780 0.878642
vt -0.982828 0.930543
vt -0.982801 0.930400
vt -0.984140 0.929105
vn 0.000000 0.000000 1.000000
vn 0.000000 0.000000 1.000000
vn 0.000000 0.000000 1.000000
vn 0.000000 0.000000 1.000000
vn 0.000000 -1.000000 0.000000
vn 0.000000 -1.000000 0.000000
vn 0.000000 -1.000000 0.000000
vn 0.000000 -1.000000 0.000000
vn 0.000000 1.000000 0.000000
vn 0.000000 1.000000 0.000000
vn 0.000000 1.000000 0.000000
vn 0.000000 1.000000 0.000000
vn 0.000000 -1.000000 0.000000
vn 0.000000 -1.000000 0.000000
vn 0.000000 -1.000000 0.000000
vn 0.000000 -1.000000 0.000000
vn 0.000000 0.000000 1.000000
vn 0.000000 0.000000 1.000000
vn 0.000000 0.000000 1.000000
vn 0.000000 0.000000 1.000000
vn 0.000000 1.000000 0.000000
vn 0.000000 1.000000 0.000000
vn 0.000000 1.000000 0.000000
vn 0.000000 1.000000 0.000000
vn 0.000000 -1.000000 0.000000
vn 0.000000 -1.000000 0.000000
vn 0.000000 -1.000000 0.000000
vn 0.000000 -1.000000 0.000000
vn 0.000000 0.000000 1.000000
vn 0.000000 0.000000 1.000000
vn 0.000000 0.000000 1.000000
vn 0.000000 0.000000 1.000000
vn 0.000000 1.000000 0.000000
vn 0.000000 1.000000 0.000000
vn 0.000000 1.000000 0.000000
vn 0.000000 1.000000 0.000000
vn 0.867177 -0.498001 0.000000
vn 0.867177 -0.498001 0.000000
vn 0.867177 -0.498001 0.000000
vn 0.867177 -0.498001 0.000000
vn 0.286371 -0.958119 0.000000
vn 0.286371 -0.958119 0.000000
vn 0.286371 -0.958119 0.000000
vn 0.286371 -0.958119 0.000000
vn 0.382671 0.000000 0.923885
vn 0.382671 0.000000 0.923885
vn 0.382671 0.000000 0.923885
vn 0.382671 0.000000 0.923885
vn 0.923875 0.000000 0.382695
vn 0.923875 0.000000 0.382695
vn 0.923875 0.000000 0.382695
vn 0.923875 0.000000 0.382695
vn 0.000000 -0.958126 0.286348
vn 0.000000 -0.958126 0.286348
vn 0.000000 -0.958126 0.286348
vn 0.000000 -0.958126 0.286348
vn 0.000000 -0.497885 0.867243
vn 0.000000 -0.497885 0.867243
vn 0.000000 -0.497885 0.867243
vn 0.000000 -0.497885 0.867243
vn 0.000000 0.497877 0.867248
vn 0.000000 0.497877 0.867248
vn 0.000000 0.497877 0.867248
vn 0.000000 0.497877 0.867248
vn 0.000000 0.958130 0.286332
vn 0.000000 0.958130 0.286332
vn 0.000000 0.958130 0.286332
vn 0.000000 0.958130 0.286332
vn 0.000000 -0.497893 0.867239
vn 0.000000 -0.497893 0.867239
vn 0.000000 -0.497893 0.867239
vn 0.000000 -0.497893 0.867239
vn 0.000000 -0.958127 0.286342
vn 0.000000 -0.958127 0.286342
vn 0.000000 -0.958127 0.286342
vn 0.000000 -0.958127 0.286342
vn -0.923872 0.000000 0.382701
vn -0.923872 0.000000 0.382701
vn -0.923872 0.000000 0.382701
vn -0.923872 0.000000 0.382701
vn -0.382685 0.000000 0.923879
vn -0.382685 0.000000 0.923879
vn -0.382685 0.000000 0.923879
vn -0.382685 0.000000 0.923879
vn 0.000000 0.958130 0.286332
vn 0.000000 0.958130 0.286332
vn 0.000000 0.958130 0.286332
vn 0.000000 0.958130 0.286332
vn 0.000000 0.497890 0.867240
vn 0.000000 0.497890 0.867240
vn 0.000000 0.497890 0.867240
vn 0.000000 0.497890 0.867240
vn -0.867270 0.497838 0.000000
vn -0.867270 0.497838 0.000000
vn -0.867270 0.497838 0.000000
vn -0.867270 0.497838 0.000000
vn -0.286318 0.958135 0.000000
vn -0.286318 0.958135 0.000000
vn -0.286318 0.958135 0.000000
vn -0.286318 0.958135 0.000000
vn -0.813762 -0.498082 0.299509
vn -0.813762 -0.498082 0.299509
vn -0.813762 -0.498082 0.299509
vn -0.813762 -0.498082 0.299509
vn -0.268752 -0.958117 0.098916
vn -0.268752 -0.958117 0.098916
vn -0.268752 -0.958117 0.098916
vn -0.268752 -0.958117 0.098916
vn -0.760971 0.000098 -0.648786
vn -0.760971 0.000098 -0.648786
vn -0.760971 0.000098 -0.648786
vn -0.760971 0.000098 -0.648786
vn -0.999976 0.000054 0.006885
vn -0.999976 0.000054 0.006885
vn -0.999976 0.000054 0.006885
vn -0.999976 0.000054 0.006885
vn -0.131634 -0.960674 -0.244497
vn -0.131634 -0.960674 -0.244497
vn -0.131634 -0.960674 -0.244497
vn -0.131634 -0.960674 -0.244497
vn -0.408303 -0.511329 -0.756195
vn -0.408303 -0.511329 -0.756195
vn -0.408303 -0.511329 -0.756195
vn -0.408303 -0.511329 -0.756195
vn -0.414589 0.498123 -0.761570
vn -0.414589 0.498123 -0.761570
vn -0.414589 0.498123 -0.761570
vn -0.414589 0.498123 -0.761570
vn -0.136933 0.958107 -0.251556
vn -0.136933 0.958107 -0.251556
vn -0.136933 0.958107 -0.251556
vn -0.136933 0.958107 -0.251556
vn 0.414605 -0.498074 -0.761594
vn 0.414605 -0.498074 -0.761594
vn 0.414605 -0.498074 -0.761594
vn 0.414605 -0.498074 -0.761594
vn 0.136935 -0.958110 -0.251543
vn 0.136935 -0.958110 -0.251543
vn 0.136935 -0.958110 -0.251543
vn 0.136935 -0.958110 -0.251543
vn 0.999907 0.000098 -0.013622
vn 0.999907 0.000098 -0.013622
vn 0.999907 0.000098 -0.013622
vn 0.999907 0.000098 -0.013622
vn 0.747469 0.000055 -0.664297
vn 0.747469 0.000055 -0.664297
vn 0.747469 0.000055 -0.664297
vn 0.747469 0.000055 -0.664297
vn 0.136928 0.958115 -0.251529
vn 0.136928 0.958115 -0.251529
vn 0.136928 0.958115 -0.251529
vn 0.136928 0.958115 -0.251529
vn 0.414616 0.498037 -0.761611
vn 0.414616 0.498037 -0.761611
vn 0.414616 0.498037 -0.761611
vn 0.414616 0.498037 -0.761611
vn 0.813827 0.497956 0.299542
vn 0.813827 0.497956 0.299542
vn 0.813827 0.497956 0.299542
vn 0.813827 0.497956 0.299542
vn 0.268751 0.958118 0.098910
vn 0.268751 0.958118 0.098910
vn 0.268751 0.958118 0.098910
vn 0.268751 0.958118 0.098910
vn -0.286402 -0.958109 0.000000
vn -0.286402 -0.958109 0.000000
vn -0.286402 -0.958109 0.000000
vn -0.286402 -0.958109 0.000000
vn -0.867289 -0.497805 0.000000
vn -0.867289 -0.497805 0.000000
vn -0.867289 -0.497805 0.000000
vn -0.867289 -0.497805 0.000000
vn -0.923908 0.000000 0.382615
vn -0.923908 0.000000 0.382615
vn -0.923908 0.000000 0.382615
vn -0.923908 0.000000 0.382615
vn -0.382671 0.000000 0.923885
vn -0.382671 0.000000 0.923885
vn -0.382671 0.000000 0.923885
vn -0.382671 0.000000 0.923885
vn 0.286337 0.958129 0.000000
vn 0.286337 0.958129 0.000000
vn 0.286337 0.958129 0.000000
vn 0.286337 0.958129 0.000000
vn 0.867240 0.497890 0.000000
vn 0.867240 0.497890 0.000000
vn 0.867240 0.497890 0.000000
vn 0.867240 0.497890 0.000000
vn 0.923872 0.000000 0.382701
vn 0.923872 0.000000 0.382701
vn 0.923872 0.000000 0.382701
vn 0.923872 0.000000 0.382701
vn 0.382685 0.000000 0.923879
vn 0.382685 0.000000 0.923879
vn 0.382685 0.000000 0.923879
vn 0.382685 0.000000 0.923879
vn -0.475490 0.497831 0.725309
vn -0.475490 0.497831 0.725309
vn -0.475490 0.497831 0.725309
vn -0.475490 0.497831 0.725309
vn -0.156990 0.958127 0.239472
vn -0.156990 0.958127 0.239472
vn -0.156990 0.958127 0.239472
vn -0.156990 0.958127 0.239472
vn 0.000000 0.000000 1.000000
vn 0.000000 0.000000 1.000000
vn 0.000000 0.000000 1.000000
vn 0.000000 0.000000 1.000000
vn -1.000000 0.000000 0.000000
vn -1.000000 0.000000 0.000000
vn -1.000000 0.000000 0.000000
vn -1.000000 0.000000 0.000000
vn 0.478111 0.000000 -0.878300
vn 0.478111 0.000000 -0.878300
vn 0.478111 0.000000 -0.878300
vn 0.478111 0.000000 -0.878300
vn 1.000000 0.000000 0.000000
vn 1.000000 0.000000 0.000000
vn 1.000000 0.000000 0.000000
vn 1.000000 0.000000 0.000000
vn 0.000000 1.000000 0.000000
vn 0.000000 1.000000 0.000000
vn 0.000000 1.000000 0.000000
vn 0.000000 1.000000 0.000000
vn 0.000000 -1.000000 0.000000
vn 0.000000 -1.000000 0.000000
vn 0.000000 -1.000000 0.000000
vn 0.000000 -1.000000 0.000000
vn -0.938445 0.000000 0.345428
vn -0.938445 0.000000 0.345428
vn -0.938445 0.000000 0.345428
vn -0.938445 0.000000 0.345428
vn 0.000000 -1.000000 0.000000
vn 0.000000 -1.000000 0.000000
vn 0.000000 -1.000000 0.000000
vn 0.000000 -1.000000 0.000000
vn 0.938447 0.000000 0.345422
vn 0.938447 0.000000 0.345422
vn 0.938447 0.000000 0.345422
vn 0.938447 0.000000 0.345422
vn 0.000000 1.000000 -0.000002
vn 0.000000 1.000000 -0.000002
vn 0.000000 1.000000 -0.000002
vn 0.000000 1.000000 -0.000002
vn -0.929967 0.000000 -0.367643
vn -0.929967 0.000000 -0.367643
vn -0.929967 0.000000 -0.367643
vn -0.929967 0.000000 -0.367643
vn 0.000000 -1.000000 0.000000
vn 0.000000 -1.000000 0.000000
vn 0.000000 -1.000000 0.000000
vn 0.000000 -1.000000 0.000000
vn 0.929967 0.000000 -0.367643
vn 0.929967 0.000000 -0.367643
vn 0.929967 0.000000 -0.367643
vn 0.929967 0.000000 -0.367643
vn 0.000000 1.000000 0.000002
vn 0.000000 1.000000 0.000002
vn 0.000000 1.000000 0.000002
vn 0.000000 1.000000 0.000002
vn 0.000000 0.000000 1.000000
vn 0.000000 0.000000 1.000000
vn 0.000000 0.000000 1.000000
vn 0.000000 0.000000 1.000000
vn 0.000000 -1.000000 0.000000
vn 0.000000 -1.000000 0.000000
vn 0.000000 -1.000000 0.000000
vn 0.000000 -1.000000 0.000000
vn 0.000000 -1.000000 0.000000
vn 0.000000 -1.000000 0.000000
vn 0.000000 -1.000000 0.000000
vn 0.000000 -1.000000 0.000000
vn 0.000000 -1.000000 0.000000
vn 0.000000 -1.000000 0.000000
vn 0.000000 -1.000000 0.000000
vn 0.000000 -1.000000 0.000000
vn -0.478105 0.000000 -0.878303
vn -0.478105 0.000000 -0.878303
vn -0.478105 0.000000 -0.878303
vn -0.478105 0.000000 -0.878303
vn 0.000000 1.000000 0.000000
vn 0.000000 1.000000 0.000000
vn 0.000000 1.000000 0.000000
vn 0.000000 1.000000 0.000000
vn 0.000000 1.000000 0.000004
vn 0.000000 1.000000 0.000004
vn 0.000000 1.000000 0.000004
vn 0.000000 1.000000 0.000004
vn 0.000000 1.000000 0.000000
vn 0.000000 1.000000 0.000000
vn 0.000000 1.000000 0.000000
vn 0.000000 1.000000 0.000000
vn 0.000000 -1.000000 0.000000
vn 0.000000 -1.000000 0.000000
vn 0.000000 -1.000000 0.000000
vn 0.000000 -1.000000 0.000000
vn 0.000000 -1.000000 0.000000
vn 0.000000 -1.000000 0.000000
vn 0.000000 -1.000000 0.000000
vn 0.000000 -1.000000 0.000000
vn -0.462339 0.000000 -0.886703
vn -0.462339 0.000000 -0.886703
vn -0.462339 0.000000 -0.886703
vn -0.462339 0.000000 -0.886703
vn 0.000000 1.000000 0.000000
vn 0.000000 1.000000 0.000000
vn 0.000000 1.000000 0.000000
vn 0.000000 1.000000 0.000000
vn 0.000000 1.000000 0.000001
vn 0.000000 1.000000 0.000001
vn 0.000000 1.000000 0.000001
vn 0.000000 1.000000 0.000001
vn -1.000000 0.000000 0.000000
vn -1.000000 0.000000 0.000000
vn -1.000000 0.000000 0.000000
vn -1.000000 0.000000 0.000000
vn 1.000000 0.000000 0.000000
vn 1.000000 0.000000 0.000000
vn 1.000000 0.000000 0.000000
vn 1.000000 0.000000 0.000000
vn -1.000000 0.000000 0.000000
vn -1.000000 0.000000 0.000000
vn -1.000000 0.000000 0.000000
vn -1.000000 0.000000 0.000000
vn 1.000000 0.000007 0.000000
vn 1.000000 0.000007 0.000000
vn 1.000000 0.000007 0.000000
vn 1.000000 0.000007 0.000000
vn 0.708674 0.000000 0.705536
vn 0.708674 0.000000 0.705536
vn 0.708674 0.000000 0.705536
vn 0.708674 0.000000 0.705536
vn -1.000000 0.000018 0.000000
vn -1.000000 0.000018 0.000000
vn -1.000000 0.000018 0.000000
vn -1.000000 0.000018 0.000000
vn 0.548250 0.000000 0.836314
vn 0.548250 0.000000 0.836314
vn 0.548250 0.000000 0.836314
vn 0.548250 0.000000 0.836314
vn 1.000000 0.000000 0.000000
vn 1.000000 0.000000 0.000000
vn 1.000000 0.000000 0.000000
vn 1.000000 0.000000 0.000000
vn 0.462338 0.000000 -0.886704
vn 0.462338 0.000000 -0.886704
vn 0.462338 0.000000 -0.886704
vn 0.462338 0.000000 -0.886704
vn 0.000000 -1.000000 0.000000
vn 0.000000 -1.000000 0.000000
vn 0.000000 -1.000000 0.000000
vn 0.000000 -1.000000 0.000000
vn 0.000000 -1.000000 0.000000
vn 0.000000 -1.000000 0.000000
vn 0.000000 -1.000000 0.000000
vn 0.000000 -1.000000 0.000000
vn -0.708674 0.000000 0.705536
vn -0.708674 0.000000 0.705536
vn -0.708674 0.000000 0.705536
vn -0.708674 0.000000 0.705536
vn -0.548249 0.000000 0.836315
vn -0.548249 0.000000 0.836315
vn -0.548249 0.000000 0.836315
vn -0.548249 0.000000 0.836315
vn 0.000000 1.000000 0.000000
vn 0.000000 1.000000 0.000000
vn 0.000000 1.000000 0.000000
vn 0.000000 1.000000 0.000000
vn 0.000000 1.000000 0.000000
vn 0.000000 1.000000 0.000000
vn 0.000000 1.000000 0.000000
vn 0.000000 1.000000 0.000000
vn 0.000000 0.000000 -1.000000
vn 0.000000 0.000000 -1.000000
vn 0.000000 0.000000 -1.000000
vn 0.000000 0.000000 -1.000000
vn 0.000000 -1.000000 0.000000
vn 0.000000 -1.000000 0.000000
vn 0.000000 -1.000000 0.000000
vn 0.000000 -1.000000 0.000000
vn 0.000000 -1.000000 0.000000
vn 0.000000 -1.000000 0.000000
vn 0.000000 -1.000000 0.000000
vn 0.000000 -1.000000 0.000000
vn 0.000000 0.000000 1.000000
vn 0.000000 0.000000 1.000000
vn 0.000000 0.000000 1.000000
vn 0.000000 0.000000 1.000000
vn 0.000000 0.000000 1.000000
vn 0.000000 0.000000 1.000000
vn 0.000000 0.000000 1.000000
vn 0.000000 0.000000 1.000000
vn -0.000001 1.000000 0.000000
vn -0.000001 1.000000 0.000000
vn -0.000001 1.000000 0.000000
vn -0.000001 1.000000 0.000000
vn -0.000001 1.000000 0.000000
vn -0.000001 1.000000 0.000000
vn -0.000001 1.000000 0.000000
vn -0.000001 1.000000 0.000000
vn -0.286324 -0.958133 0.000000
vn -0.286324 -0.958133 0.000000
vn -0.286324 -0.958133 0.000000
vn -0.286324 -0.958133 0.000000
vn -0.867270 -0.497838 0.000000
vn -0.867270 -0.497838 0.000000
vn -0.867270 -0.497838 0.000000
vn -0.867270 -0.497838 0.000000
vn -0.806476 0.497944 -0.318823
vn -0.806476 0.497944 -0.318823
vn -0.806476 0.497944 -0.318823
vn -0.806476 0.497944 -0.318823
vn -0.266293 0.958127 -0.105268
vn -0.266294 0.958126 -0.105268
vn -0.266293 0.958127 -0.105268
vn -0.266294 0.958126 -0.105268
vn -0.400965 0.497899 -0.768976
vn -0.400965 0.497899 -0.768976
vn -0.400965 0.497899 -0.768976
vn -0.400965 0.497899 -0.768976
vn -0.132384 0.958133 -0.253883
vn -0.132384 0.958133 -0.253883
vn -0.132384 0.958133 -0.253883
vn -0.132384 0.958133 -0.253883
vn 0.260446 -0.960617 0.096868
vn 0.260446 -0.960617 0.096868
vn 0.260446 -0.960617 0.096868
vn 0.260446 -0.960617 0.096868
vn 0.805838 -0.511120 0.298968
vn 0.805838 -0.511120 0.298968
vn 0.805838 -0.511120 0.298968
vn 0.805838 -0.511120 0.298968
vn 0.806474 0.497943 -0.318829
vn 0.806474 0.497943 -0.318829
vn 0.806474 0.497943 -0.318829
vn 0.806474 0.497943 -0.318829
vn 0.266325 0.958116 -0.105286
vn 0.266325 0.958116 -0.105286
vn 0.266325 0.958116 -0.105286
vn 0.266325 0.958116 -0.105286
vn -0.268752 0.958117 0.098915
vn -0.268752 0.958117 0.098915
vn -0.268752 0.958117 0.098915
vn -0.268752 0.958117 0.098915
vn -0.813761 0.498085 0.299508
vn -0.813761 0.498085 0.299508
vn -0.813761 0.498085 0.299508
vn -0.813761 0.498085 0.299508
vn -0.266299 -0.958124 -0.105275
vn -0.266299 -0.958124 -0.105275
vn -0.266299 -0.958124 -0.105275
vn -0.266299 -0.958124 -0.105275
vn -0.806478 -0.497942 -0.318822
vn -0.806478 -0.497942 -0.318822
vn -0.806478 -0.497942 -0.318822
vn -0.806478 -0.497942 -0.318822
vn 0.266331 -0.958114 -0.105288
vn 0.266331 -0.958114 -0.105288
vn 0.266331 -0.958114 -0.105288
vn 0.266331 -0.958114 -0.105288
vn 0.806476 -0.497942 -0.318826
vn 0.806476 -0.497942 -0.318826
vn 0.806476 -0.497942 -0.318826
vn 0.806476 -0.497942 -0.318826
vn 0.286366 0.958120 0.000000
vn 0.286366 0.958120 0.000000
vn 0.286366 0.958120 0.000000
vn 0.286366 0.958120 0.000000
vn 0.867176 0.498002 0.000000
vn 0.867176 0.498002 0.000000
vn 0.867176 0.498002 0.000000
vn 0.867176 0.498001 0.000000
vn 0.867196 -0.497967 0.000000
vn 0.867196 -0.497967 0.000000
vn 0.867196 -0.497967 0.000000
vn 0.867196 -0.497967 0.000000
vn 0.286307 -0.958138 0.000000
vn 0.286307 -0.958138 0.000000
vn 0.286307 -0.958138 0.000000
vn 0.286307 -0.958138 0.000000
vn 0.614612 -0.497837 0.611891
vn 0.614612 -0.497837 0.611891
vn 0.614612 -0.497837 0.611891
vn 0.614612 -0.497837 0.611891
vn 0.202919 -0.958129 0.202021
vn 0.202919 -0.958129 0.202021
vn 0.202919 -0.958129 0.202021
vn 0.202919 -0.958129 0.202021
vn -0.132386 -0.958128 -0.253898
vn -0.132386 -0.958128 -0.253898
vn -0.132386 -0.958128 -0.253898
vn -0.132386 -0.958128 -0.253898
vn -0.400957 -0.497895 -0.768982
vn -0.400957 -0.497895 -0.768982
vn -0.400957 -0.497895 -0.768982
vn -0.400957 -0.497895 -0.768982
vn -0.202919 -0.958129 0.202020
vn -0.202919 -0.958129 0.202020
vn -0.202919 -0.958129 0.202020
vn -0.202919 -0.958129 0.202020
vn -0.614654 -0.497735 0.611932
vn -0.614654 -0.497735 0.611932
vn -0.614654 -0.497735 0.611932
vn -0.614654 -0.497735 0.611932
vn 0.400941 -0.497960 -0.768949
vn 0.400941 -0.497960 -0.768949
vn 0.400941 -0.497960 -0.768949
vn 0.400941 -0.497960 -0.768949
vn 0.132387 -0.958128 -0.253898
vn 0.132387 -0.958128 -0.253898
vn 0.132387 -0.958128 -0.253898
vn 0.132387 -0.958128 -0.253898
vn 0.132374 0.958135 -0.253878
vn 0.132374 0.958135 -0.253878
vn 0.132374 0.958135 -0.253878
vn 0.132374 0.958135 -0.253878
vn 0.400948 0.497964 -0.768943
vn 0.400948 0.497964 -0.768943
vn 0.400948 0.497964 -0.768943
vn 0.400948 0.497964 -0.768943
vn -0.867333 0.497728 0.000000
vn -0.867333 0.497728 0.000000
vn -0.867334 0.497727 0.000000
vn -0.867333 0.497728 0.000000
vn -0.286290 0.958143 0.000000
vn -0.286290 0.958143 0.000000
vn -0.286290 0.958143 0.000000
vn -0.286290 0.958143 0.000000
vn 0.000000 0.497865 0.867254
vn 0.000000 0.497865 0.867254
vn 0.000000 0.497865 0.867254
vn 0.000000 0.497865 0.867254
vn -0.000001 0.958138 0.286307
vn -0.000001 0.958138 0.286307
vn -0.000001 0.958138 0.286307
vn -0.000001 0.958138 0.286307
vn -0.000001 0.497879 -0.867246
vn -0.000001 0.497879 -0.867246
vn -0.000001 0.497880 -0.867246
vn -0.000001 0.497879 -0.867246
vn -0.000001 0.958134 -0.286319
vn -0.000001 0.958134 -0.286319
vn -0.000001 0.958134 -0.286319
vn -0.000001 0.958134 -0.286319
vn 0.000000 -0.958126 -0.286345
vn 0.000000 -0.958126 -0.286345
vn 0.000000 -0.958126 -0.286345
vn 0.000000 -0.958126 -0.286345
vn 0.000000 -0.497895 -0.867237
vn 0.000000 -0.497895 -0.867237
vn 0.000000 -0.497895 -0.867237
vn 0.000000 -0.497895 -0.867237
vn 0.000000 -0.497875 0.867249
vn 0.000000 -0.497875 0.867249
vn 0.000000 -0.497875 0.867249
vn 0.000000 -0.497875 0.867249
vn 0.000000 -0.958127 0.286343
vn 0.000000 -0.958127 0.286343
vn 0.000000 -0.958127 0.286343
vn 0.000000 -0.958127 0.286343
vn 0.156990 0.958127 0.239472
vn 0.156990 0.958127 0.239472
vn 0.156990 0.958127 0.239472
vn 0.156990 0.958127 0.239472
vn 0.475472 0.497891 0.725280
vn 0.475472 0.497891 0.725280
vn 0.475472 0.497891 0.725280
vn 0.475472 0.497891 0.725280
vn 0.247558 -0.936710 0.247568
vn 0.247558 -0.936710 0.247568
vn 0.247558 -0.936710 0.247568
vn 0.247558 -0.936710 0.247568
vn 0.847591 -0.430293 0.310543
vn 0.847591 -0.430293 0.310543
vn 0.847591 -0.430293 0.310543
vn 0.847591 -0.430293 0.310543
vn 0.310510 -0.430394 0.847552
vn 0.310510 -0.430394 0.847552
vn 0.310510 -0.430394 0.847552
vn 0.310510 -0.430394 0.847552
vn 0.847579 0.430321 0.310539
vn 0.847579 0.430321 0.310539
vn 0.847579 0.430321 0.310539
vn 0.847579 0.430321 0.310539
vn 0.247568 0.936703 0.247582
vn 0.247568 0.936703 0.247581
vn 0.247568 0.936703 0.247581
vn 0.247568 0.936703 0.247582
vn 0.310506 0.430393 0.847554
vn 0.310506 0.430393 0.847554
vn 0.310506 0.430393 0.847554
vn 0.310507 0.430393 0.847554
vn -0.247563 -0.936707 0.247574
vn -0.247563 -0.936707 0.247574
vn -0.247563 -0.936707 0.247574
vn -0.247563 -0.936707 0.247574
vn -0.310501 -0.430351 0.847577
vn -0.310501 -0.430351 0.847577
vn -0.310501 -0.430351 0.847577
vn -0.310501 -0.430351 0.847577
vn -0.847595 -0.430323 0.310491
vn -0.847595 -0.430323 0.310491
vn -0.847595 -0.430323 0.310491
vn -0.847595 -0.430323 0.310491
vn -0.310501 0.430351 0.847577
vn -0.310501 0.430351 0.847577
vn -0.310500 0.430351 0.847578
vn -0.310500 0.430351 0.847578
vn -0.247558 0.936712 0.247558
vn -0.247558 0.936712 0.247558
vn -0.247558 0.936712 0.247558
vn -0.247558 0.936712 0.247558
vn -0.847600 0.430300 0.310508
vn -0.847600 0.430300 0.310508
vn -0.847600 0.430300 0.310508
vn -0.847600 0.430300 0.310508
vn -0.336447 -0.935779 -0.105454
vn -0.336447 -0.935779 -0.105454
vn -0.336447 -0.935779 -0.105454
vn -0.336447 -0.935779 -0.105454
vn -0.899841 -0.432175 0.059250
vn -0.899841 -0.432175 0.059250
vn -0.899841 -0.432175 0.059250
vn -0.899841 -0.432175 0.059250
vn -0.667372 -0.450476 -0.593032
vn -0.667372 -0.450476 -0.593032
vn -0.667372 -0.450476 -0.593032
vn -0.667372 -0.450476 -0.593032
vn -0.906482 0.421169 0.030106
vn -0.906482 0.421169 0.030106
vn -0.906482 0.421169 0.030106
vn -0.906482 0.421169 0.030106
vn -0.343884 0.930056 -0.129382
vn -0.343884 0.930056 -0.129382
vn -0.343884 0.930056 -0.129382
vn -0.343884 0.930056 -0.129382
vn -0.661887 0.421171 -0.620098
vn -0.661887 0.421171 -0.620098
vn -0.661887 0.421171 -0.620098
vn -0.661887 0.421171 -0.620098
vn 0.322704 -0.935711 -0.142505
vn 0.322704 -0.935711 -0.142505
vn 0.322704 -0.935711 -0.142505
vn 0.322704 -0.935711 -0.142505
vn 0.637868 -0.431987 -0.637583
vn 0.637868 -0.431987 -0.637583
vn 0.637868 -0.431987 -0.637583
vn 0.637868 -0.431987 -0.637583
vn 0.892947 -0.450122 0.005904
vn 0.892947 -0.450122 0.005904
vn 0.892947 -0.450122 0.005904
vn 0.892947 -0.450122 0.005904
vn 0.661948 0.420976 -0.620165
vn 0.661948 0.420976 -0.620165
vn 0.661948 0.420976 -0.620165
vn 0.661948 0.420976 -0.620165
vn 0.343899 0.930053 -0.129361
vn 0.343899 0.930053 -0.129361
vn 0.343899 0.930053 -0.129361
vn 0.343899 0.930053 -0.129361
vn 0.906567 0.420986 0.030123
vn 0.906567 0.420986 0.030123
vn 0.906567 0.420986 0.030123
vn 0.906567 0.420986 0.030123
vn -0.847629 -0.430248 0.310503
vn -0.847629 -0.430248 0.310503
vn -0.847628 -0.430250 0.310503
vn -0.847628 -0.430250 0.310503
vn -0.247585 -0.936695 0.247596
vn -0.247585 -0.936695 0.247596
vn -0.247585 -0.936695 0.247596
vn -0.247585 -0.936695 0.247596
vn -0.310506 -0.430420 0.847540
vn -0.310506 -0.430420 0.847540
vn -0.310506 -0.430420 0.847540
vn -0.310506 -0.430420 0.847540
vn -0.847650 0.430203 0.310509
vn -0.847650 0.430203 0.310509
vn -0.847650 0.430203 0.310509
vn -0.847650 0.430203 0.310509
vn -0.310505 0.430418 0.847541
vn -0.310505 0.430418 0.847541
vn -0.310505 0.430418 0.847541
vn -0.310505 0.430418 0.847541
vn -0.247586 0.936693 0.247603
vn -0.247586 0.936693 0.247603
vn -0.247586 0.936693 0.247603
vn -0.247586 0.936693 0.247603
vn 0.847533 0.430450 0.310484
vn 0.847533 0.430450 0.310484
vn 0.847533 0.430450 0.310484
vn 0.847533 0.430450 0.310484
vn 0.247592 0.936695 0.247588
vn 0.247592 0.936695 0.247588
vn 0.247592 0.936695 0.247588
vn 0.247592 0.936695 0.247588
vn 0.310511 0.430279 0.847610
vn 0.310511 0.430279 0.847610
vn 0.310511 0.430279 0.847610
vn 0.310511 0.430279 0.847610
vn 0.847561 -0.430399 0.310479
vn 0.847561 -0.430399 0.310479
vn 0.847561 -0.430399 0.310479
vn 0.847561 -0.430399 0.310479
vn 0.310512 -0.430276 0.847611
vn 0.310512 -0.430276 0.847611
vn 0.310512 -0.430276 0.847611
vn 0.310512 -0.430276 0.847611
vn 0.247574 -0.936701 0.247585
vn 0.247574 -0.936701 0.247585
vn 0.247574 -0.936701 0.247585
vn 0.247574 -0.936701 0.247585
s off
g UV_opuesta_mostrador polySurface181 polySurface1065
usemtl lambert7SG
f 381/521/1425 382/522/1426 367/523/1427 368/524/1428
f 380/525/1429 381/521/1430 368/524/1431 370/526/1432
f 382/522/1433 383/527/1434 372/528/1435 367/523/1436
f 369/529/1437 366/530/1438 375/531/1439 374/532/1440
f 366/530/1441 365/533/1442 376/534/1443 375/531/1444
f 365/533/1445 371/535/1446 377/536/1447 376/534/1448
f 374/532/1449 375/531/1450 381/521/1451 380/525/1452
f 375/531/1453 376/534/1454 382/522/1455 381/521/1456
f 376/534/1457 377/536/1458 383/527/1459 382/522/1460
f 386/537/1461 385/538/1462 470/539/1463 469/540/1464
f 385/538/1465 390/541/1466 471/542/1467 470/539/1468
f 388/543/1469 387/544/1470 395/545/1471 394/546/1472
f 387/544/1473 386/537/1474 396/547/1475 395/545/1476
f 390/548/1477 389/549/1478 435/550/1479 434/551/1480
f 389/549/1481 388/543/1482 436/552/1483 435/550/1484
f 394/553/1485 393/554/1486 441/555/1487 440/556/1488
f 393/554/1489 392/557/1490 442/558/1491 441/555/1492
f 398/559/1493 397/560/1494 483/561/1495 482/562/1496
f 397/563/1497 402/564/1498 484/565/1499 483/566/1500
f 400/567/1501 399/568/1502 407/569/1503 406/570/1504
f 399/568/1505 398/559/1506 408/571/1507 407/569/1508
f 404/572/1509 403/573/1510 477/574/1511 476/575/1512
f 403/573/1513 408/576/1514 478/577/1515 477/574/1516
f 406/570/1517 405/578/1518 449/579/1519 448/580/1520
f 405/578/1521 404/572/1522 450/581/1523 449/579/1524
f 410/582/1525 409/583/1526 467/584/1527 466/585/1528
f 409/586/1529 414/587/1530 468/588/1531 467/589/1532
f 412/590/1533 411/591/1534 419/592/1535 418/593/1536
f 411/591/1537 410/582/1538 420/594/1539 419/592/1540
f 414/587/1541 413/595/1542 452/596/1543 451/597/1544
f 413/595/1545 412/590/1546 453/598/1547 452/596/1548
f 418/593/1549 417/599/1550 455/600/1551 454/601/1552
f 417/599/1553 416/602/1554 456/603/1555 455/600/1556
f 422/604/1557 421/605/1558 506/606/1559 505/607/1560
f 421/605/1561 426/608/1562 507/609/1563 506/606/1564
f 424/610/1565 423/611/1566 431/612/1567 430/613/1568
f 423/611/1569 422/604/1570 432/614/1571 431/612/1572
f 428/615/1573 427/616/1574 509/617/1575 508/618/1576
f 427/616/1577 432/614/1578 510/619/1579 509/617/1580
f 430/613/1581 429/620/1582 461/621/1583 460/622/1584
f 429/623/1585 428/615/1586 462/624/1587 461/625/1588
f 434/626/1589 433/627/1590 503/628/1591 502/629/1592
f 433/627/1593 438/630/1594 504/631/1595 503/628/1596
f 438/632/1597 437/633/1598 439/634/1599 444/635/1600
f 437/633/1601 436/552/1602 440/636/1603 439/634/1604
f 476/575/1605 475/637/1606 500/638/1607 499/639/1608
f 475/637/1609 480/640/1610 501/641/1611 500/638/1612
f 480/642/1613 479/643/1614 481/644/1615 486/645/1616
f 479/643/1617 478/646/1618 482/562/1619 481/644/1620
f 513/647/1621 512/648/1622 515/649/1623 514/650/1624
f 512/648/1625 511/651/1626 516/652/1627 515/649/1628
f 388/543/1629 394/546/1630 440/636/1631 436/552/1632
f 400/567/1633 406/570/1634 448/580/1635 445/653/1636
f 505/607/1637 510/619/1638 432/614/1639 422/604/1640
f 469/540/1641 472/654/1642 396/547/1643 386/537/1644
f 392/557/1645 474/655/1646 511/656/1647 442/558/1648
f 471/542/1649 390/541/1650 434/626/1651 502/629/1652
f 466/585/1653 463/657/1654 420/594/1655 410/582/1656
f 426/608/1657 459/658/1658 363/659/1659 507/609/1660
f 424/610/1661 430/613/1662 460/622/1663 457/660/1664
f 364/661/1665 462/624/1666 428/615/1667 508/618/1668
f 445/653/1669 448/580/1670 463/662/1671 466/663/1672
f 459/664/1673 471/542/1674 502/629/1675 363/665/1676
f 457/666/1677 460/667/1678 472/654/1679 469/540/1680
f 511/656/1681 474/655/1682 462/668/1683 364/669/1684
f 482/562/1685 478/646/1686 408/571/1687 398/559/1688
f 487/670/1689 484/565/1690 402/564/1691 447/671/1692
f 361/672/1693 487/670/1694 447/671/1695 468/673/1696
f 451/597/1697 361/674/1698 468/588/1699 414/587/1700
f 412/590/1701 418/593/1702 454/601/1703 453/598/1704
f 465/675/1705 362/676/1706 456/603/1707 416/602/1708
f 450/581/1709 499/639/1710 362/677/1711 465/678/1712
f 476/575/1713 499/639/1714 450/581/1715 404/572/1716
f 379/679/1717 490/680/1718 487/681/1719 361/682/1720
f 495/683/1721 379/684/1722 361/674/1723 451/597/1724
f 453/598/1725 454/601/1726 496/685/1727 493/686/1728
f 362/676/1729 384/687/1730 498/688/1731 456/603/1732
f 499/639/1733 528/689/1734 384/690/1735 362/677/1736
f 438/632/1737 444/635/1738 365/691/1739 366/692/1740
f 480/642/1741 486/645/1742 368/693/1743 367/694/1744
f 504/631/1745 438/630/1746 366/695/1747 369/696/1748
f 486/697/1749 489/698/1750 370/699/1751 368/700/1752
f 489/701/1753 492/702/1754 380/703/1755 370/704/1756
f 444/705/1757 513/706/1758 371/707/1759 365/708/1760
f 526/709/1761 501/710/1762 372/711/1763 383/712/1764
f 501/641/1765 480/640/1766 367/713/1767 372/714/1768
f 520/715/1769 519/716/1770 510/619/1771 505/607/1772
f 507/609/1773 363/659/1774 373/717/1775 522/718/1776
f 363/665/1777 502/629/1778 523/719/1779 373/720/1780
f 374/721/1781 525/722/1782 504/631/1783 369/696/1784
f 513/647/1785 514/650/1786 377/723/1787 371/724/1788
f 378/725/1789 516/652/1790 511/651/1791 364/726/1792
f 517/727/1793 378/728/1794 364/661/1795 508/618/1796
f 493/686/1797 496/685/1798 519/716/1799 520/715/1800
f 522/718/1801 373/717/1802 379/684/1803 495/683/1804
f 373/720/1805 523/719/1806 490/680/1807 379/679/1808
f 380/703/1809 492/702/1810 525/722/1811 374/721/1812
f 514/650/1813 526/709/1814 383/712/1815 377/723/1816
f 384/690/1817 528/689/1818 516/652/1819 378/725/1820
f 498/688/1821 384/687/1822 378/728/1823 517/727/1824
f 402/564/1825 401/729/1826 446/730/1827 447/671/1828
f 401/729/1829 400/567/1830 445/653/1831 446/730/1832
f 448/580/1833 449/579/1834 464/731/1835 463/662/1836
f 449/579/1837 450/581/1838 465/678/1839 464/731/1840
f 454/601/1841 455/600/1842 497/732/1843 496/685/1844
f 455/600/1845 456/603/1846 498/688/1847 497/732/1848
f 426/608/1849 425/733/1850 458/734/1851 459/658/1852
f 425/735/1853 424/610/1854 457/660/1855 458/736/1856
f 460/667/1857 461/737/1858 473/738/1859 472/654/1860
f 461/737/1861 462/739/1862 474/655/1863 473/738/1864
f 416/602/1865 415/740/1866 464/741/1867 465/675/1868
f 415/742/1869 420/594/1870 463/657/1871 464/743/1872
f 447/671/1873 446/730/1874 467/744/1875 468/673/1876
f 446/730/1877 445/653/1878 466/663/1879 467/744/1880
f 459/745/1881 458/746/1882 470/539/1883 471/542/1884
f 458/746/1885 457/666/1886 469/540/1887 470/539/1888
f 392/557/1889 391/747/1890 473/738/1891 474/655/1892
f 391/747/1893 396/547/1894 472/654/1895 473/738/1896
f 486/697/1897 485/748/1898 488/749/1899 489/698/1900
f 485/748/1901 484/565/1902 487/670/1903 488/749/1904
f 489/701/1905 488/750/1906 491/751/1907 492/702/1908
f 488/750/1909 487/681/1910 490/680/1911 491/751/1912
f 451/597/1913 452/596/1914 494/752/1915 495/683/1916
f 452/596/1917 453/598/1918 493/686/1919 494/752/1920
f 502/629/1921 503/628/1922 524/753/1923 523/719/1924
f 503/628/1925 504/631/1926 525/722/1927 524/753/1928
f 505/607/1929 506/606/1930 521/754/1931 520/715/1932
f 506/606/1933 507/609/1934 522/718/1935 521/754/1936
f 508/618/1937 509/617/1938 518/755/1939 517/727/1940
f 509/617/1941 510/619/1942 519/716/1943 518/755/1944
f 444/705/1945 443/756/1946 512/757/1947 513/706/1948
f 443/756/1949 442/558/1950 511/656/1951 512/757/1952
f 514/650/1953 515/649/1954 527/758/1955 526/709/1956
f 515/649/1957 516/652/1958 528/689/1959 527/758/1960
f 496/685/1961 497/732/1962 518/755/1963 519/716/1964
f 497/732/1965 498/688/1966 517/727/1967 518/755/1968
f 495/683/1969 494/752/1970 521/754/1971 522/718/1972
f 494/752/1973 493/686/1974 520/715/1975 521/754/1976
f 492/702/1977 491/751/1978 524/753/1979 525/722/1980
f 491/751/1981 490/680/1982 523/719/1983 524/753/1984
f 499/639/1985 500/759/1986 527/758/1987 528/689/1988
f 500/759/1989 501/710/1990 526/709/1991 527/758/1992
f 389/549/1993 390/548/1994 385/760/1995 529/761/1996
f 385/760/1997 386/537/1998 387/544/1999 529/761/2000
f 387/544/2001 388/543/2002 389/549/2003 529/761/2004
f 395/762/2005 396/547/2006 391/747/2007 530/763/2008
f 391/747/2009 392/557/2010 393/554/2011 530/763/2012
f 393/554/2013 394/553/2014 395/762/2015 530/763/2016
f 401/729/2017 402/564/2018 397/563/2019 531/764/2020
f 397/560/2021 398/559/2022 399/568/2023 531/765/2024
f 399/568/2025 400/567/2026 401/729/2027 531/764/2028
f 407/766/2029 408/576/2030 403/573/2031 532/767/2032
f 403/573/2033 404/572/2034 405/578/2035 532/767/2036
f 405/578/2037 406/570/2038 407/766/2039 532/767/2040
f 413/595/2041 414/587/2042 409/586/2043 533/768/2044
f 409/583/2045 410/582/2046 411/591/2047 533/768/2048
f 411/591/2049 412/590/2050 413/595/2051 533/768/2052
f 419/592/2053 420/594/2054 415/742/2055 534/769/2056
f 415/740/2057 416/602/2058 417/599/2059 534/769/2060
f 417/599/2061 418/593/2062 419/592/2063 534/769/2064
f 425/733/2065 426/608/2066 421/605/2067 535/770/2068
f 421/605/2069 422/604/2070 423/611/2071 535/770/2072
f 423/611/2073 424/610/2074 425/735/2075 535/770/2076
f 431/612/2077 432/614/2078 427/616/2079 536/771/2080
f 427/616/2081 428/615/2082 429/623/2083 536/771/2084
f 429/620/2085 430/613/2086 431/612/2087 536/771/2088
f 437/633/2089 438/632/2090 433/772/2091 537/773/2092
f 433/772/2093 434/551/2094 435/550/2095 537/773/2096
f 435/550/2097 436/552/2098 437/633/2099 537/773/2100
f 443/756/2101 444/705/2102 439/774/2103 538/775/2104
f 439/774/2105 440/556/2106 441/555/2107 538/775/2108
f 441/555/2109 442/558/2110 443/756/2111 538/775/2112
f 479/776/2113 480/640/2114 475/637/2115 539/777/2116
f 475/637/2117 476/575/2118 477/574/2119 539/777/2120
f 477/574/2121 478/577/2122 479/776/2123 539/777/2124
f 485/748/2125 486/697/2126 481/778/2127 540/779/2128
f 481/644/2129 482/562/2130 483/561/2131 540/780/2132
f 483/566/2133 484/565/2134 485/748/2135 540/779/2136
g default
v 268.090312 13.317344 1154.603867
v 268.090312 47.900422 1154.521104
v 274.689861 13.317344 1154.603867
v 274.689861 47.900425 1154.521104
v 274.689861 46.656495 1185.045029
v 274.689861 14.561272 1185.045029
v 268.090312 46.656495 1185.045029
v 268.090312 14.561272 1185.045029
v 274.689861 14.561272 1155.808396
v 268.090312 14.561272 1155.808396
v 274.689861 46.656495 1155.725693
v 268.090312 46.656495 1155.725693
v 273.632152 13.317344 1153.830552
v 273.632152 14.561272 1154.746018
v 273.632152 14.561272 1185.045029
v 273.632152 46.656495 1185.045029
v 273.632152 46.656495 1155.032273
v 273.632152 47.900425 1153.827744
v 269.148052 13.317344 1153.830552
v 269.148052 14.561272 1154.746018
v 269.148052 14.561272 1185.045029
v 269.148052 46.656495 1185.045029
v 269.148052 46.656495 1155.032273
v 269.148052 47.900422 1153.827744
v 275.594280 13.363772 1186.389146
v 275.646923 13.475861 1186.389146
v 275.594280 13.475861 1186.516160
v 275.467235 13.475861 1186.568772
v 275.467235 13.363772 1186.516160
v 275.467235 13.317344 1186.389146
v 275.594280 47.853996 1186.389146
v 275.467235 47.900425 1186.389146
v 275.467235 47.853996 1186.516160
v 275.467235 47.741908 1186.568772
v 275.594280 47.741908 1186.516160
v 275.646923 47.741908 1186.389146
v 267.312969 13.363772 1186.516160
v 267.312969 13.475861 1186.568772
v 267.185924 13.475861 1186.516160
v 267.133281 13.475861 1186.389146
v 267.185924 13.363772 1186.389146
v 267.312969 13.317344 1186.389146
v 267.312969 47.853996 1186.516160
v 267.312969 47.900422 1186.389146
v 267.185924 47.853996 1186.389146
v 267.133281 47.741908 1186.389146
v 267.185924 47.741908 1186.516160
v 267.312969 47.741908 1186.568772
v 267.242443 13.363770 1153.547227
v 267.195323 13.475861 1153.571824
v 267.192852 13.470163 1153.428208
v 267.280712 13.465465 1153.322861
v 267.305187 13.360641 1153.369859
v 267.355510 13.317344 1153.486741
v 267.242443 47.853996 1153.547227
v 267.355510 47.900422 1153.486741
v 267.310344 47.853996 1153.366746
v 267.291088 47.741908 1153.317185
v 267.195842 47.741908 1153.426682
v 267.195323 47.741908 1153.571824
v 275.469860 13.363770 1153.366746
v 275.489086 13.475861 1153.317185
v 275.585582 13.470263 1153.423508
v 275.588909 13.465465 1153.560654
v 275.539562 13.360641 1153.541489
v 275.424694 13.317344 1153.486741
v 275.469860 47.853996 1153.366746
v 275.424694 47.900425 1153.486741
v 275.537761 47.853996 1153.547227
v 275.584850 47.741908 1153.571824
v 275.584331 47.741908 1153.426682
v 275.489086 47.741908 1153.317185
v 274.742504 13.363772 1186.389146
v 274.869579 13.317344 1186.389146
v 274.869579 13.363772 1186.516160
v 274.869579 13.475861 1186.568772
v 274.742504 13.475861 1186.516160
v 274.689861 13.475861 1186.389146
v 274.742504 47.741908 1186.516160
v 274.869579 47.741908 1186.568772
v 274.869579 47.853996 1186.516160
v 274.869579 47.900425 1186.389146
v 274.742504 47.853996 1186.389146
v 274.689861 47.741908 1186.389146
v 267.133281 13.475861 1155.901414
v 267.185924 13.363772 1155.911485
v 267.312969 13.317344 1155.935715
v 267.133281 47.741908 1155.901414
v 267.185924 47.853996 1155.911485
v 267.312969 47.900422 1155.935715
v 268.174816 13.317344 1153.040818
v 268.115062 13.363772 1152.928635
v 268.090312 13.475861 1152.882188
v 268.090312 47.741908 1152.882188
v 268.115062 47.853996 1152.928635
v 268.174816 47.900422 1153.040818
v 275.170696 13.475861 1154.696885
v 275.114391 13.363772 1154.697556
v 274.978405 13.317344 1154.699204
v 275.170696 47.741908 1154.696885
v 275.114391 47.853996 1154.697556
v 274.978405 47.900425 1154.699204
v 267.609478 47.741908 1154.696885
v 267.665782 47.853996 1154.697556
v 267.801769 47.900422 1154.699204
v 267.609478 13.475861 1154.696885
v 267.665782 13.363772 1154.697556
v 267.801769 13.317344 1154.699204
v 275.646923 13.475861 1155.901414
v 275.594280 13.363772 1155.911485
v 275.467235 13.317344 1155.935715
v 275.646923 47.741908 1155.901414
v 275.594280 47.853996 1155.911485
v 275.467235 47.900425 1155.935715
v 268.037700 47.853996 1186.389146
v 267.910594 47.900422 1186.389146
v 267.910594 47.853996 1186.516160
v 267.910594 47.741908 1186.568772
v 268.037700 47.741908 1186.516160
v 268.090312 47.741908 1186.389146
v 268.037700 13.475861 1186.516160
v 267.910594 13.475861 1186.568772
v 267.910594 13.363772 1186.516160
v 267.910594 13.317344 1186.389146
v 268.037700 13.363772 1186.389146
v 268.090312 13.475861 1186.389146
v 267.910594 13.317344 1155.734238
v 268.037700 13.363772 1155.786729
v 268.090312 13.475861 1155.808396
v 269.073375 13.317344 1154.566331
v 269.126171 13.363772 1154.693406
v 269.148052 13.475861 1154.746018
v 269.148052 13.475861 1152.330674
v 269.160930 13.363772 1152.383286
v 269.192058 13.317344 1152.510361
v 269.148052 47.741908 1152.330674
v 269.160930 47.853996 1152.383286
v 269.192058 47.900422 1152.510361
v 267.910594 47.900422 1155.628648
v 268.037700 47.853996 1155.697312
v 268.090312 47.741908 1155.725693
v 274.869579 13.317344 1155.734238
v 274.742504 13.363772 1155.786729
v 274.689861 13.475861 1155.808396
v 274.689861 13.475861 1152.882188
v 274.665142 13.363772 1152.928635
v 274.605358 13.317344 1153.040818
v 274.605358 47.900425 1153.040818
v 274.665142 47.853996 1152.928635
v 274.689861 47.741908 1152.882188
v 274.869579 47.900425 1155.628648
v 274.742504 47.853996 1155.697312
v 274.689861 47.741908 1155.725693
v 273.632152 47.741908 1155.032273
v 273.647869 47.853996 1154.979722
v 273.685802 47.900425 1154.852647
v 273.588146 47.900425 1152.510361
v 273.619274 47.853996 1152.383286
v 273.632152 47.741908 1152.330674
v 273.632152 13.475861 1152.330674
v 273.619274 13.363772 1152.383286
v 273.588146 13.317344 1152.510361
v 273.706829 13.317344 1154.566331
v 273.654003 13.363772 1154.693406
v 273.632152 13.475861 1154.746018
v 269.148052 47.741908 1155.032273
v 269.132335 47.853996 1154.979722
v 269.094402 47.900422 1154.852647
v 275.570934 13.384372 1186.492783
v 275.570934 47.833394 1186.492783
v 267.209270 13.384372 1186.492783
v 267.209270 47.833394 1186.492783
v 267.223461 13.381942 1153.439133
v 267.225658 47.833401 1153.437913
v 275.555309 13.381980 1153.435532
v 275.554546 47.833401 1153.437913
v 274.765850 13.384372 1186.492783
v 274.765850 47.833394 1186.492783
v 268.014354 47.833394 1186.492783
v 268.014354 13.384372 1186.492783
vt -1.001780 0.912634
vt -1.001783 0.958468
vt -1.003178 0.958468
vt -1.003175 0.912634
vt -1.001777 0.872689
vt -1.003172 0.874089
vt -1.001786 0.998035
vt -1.003180 0.997121
vt -0.994471 0.874090
vt -0.994474 0.912634
vt -0.995868 0.912634
vt -0.995866 0.872689
vt -0.994477 0.958468
vt -0.995872 0.958468
vt -0.994480 0.997121
vt -0.995874 0.998036
vt -0.941850 0.989318
vt -0.941859 0.989492
vt -0.982321 0.989084
vt -0.982321 0.988909
vt -0.941868 0.989671
vt -0.982307 0.989265
vt -0.941489 0.989290
vt -0.941670 0.989297
vt -0.941672 0.940087
vt -0.941491 0.940089
vt -0.941853 0.940086
vt -0.941510 0.989630
vt -0.941491 0.989457
vt -0.940688 0.989437
vt -0.940657 0.989614
vt -0.940702 0.989270
vt -0.941544 0.939738
vt -0.941714 0.939727
vt -0.941749 0.938928
vt -0.941579 0.938893
vt -0.941887 0.939733
vt -0.941921 0.938946
vt -0.983172 0.929045
vt -0.983222 0.929213
vt -0.984006 0.929157
vt -0.983958 0.928992
vt -0.982961 0.929473
vt -0.982788 0.929429
vt -0.982675 0.930206
vt -0.982843 0.930264
vt -0.982813 0.929076
vt -0.982994 0.929076
vt -0.982985 0.879947
vt -0.982804 0.879924
vt -0.983166 0.879971
vt -0.982747 0.879579
vt -0.982909 0.879530
vt -0.982823 0.878767
vt -0.982659 0.878804
vt -0.983079 0.879494
vt -0.982979 0.878703
vt -0.982760 0.879757
vt -0.942262 0.879990
vt -0.942251 0.880166
vt -0.942312 0.879811
vt -0.932006 0.995434
vt -0.931967 0.995607
vt -0.933596 0.995686
vt -0.933585 0.995509
vt -0.931791 0.995767
vt -0.931611 0.995783
vt -0.931639 0.997529
vt -0.931820 0.997438
vt -0.931636 0.995432
vt -0.931816 0.995432
vt -0.931813 0.946289
vt -0.931622 0.946296
vt -0.932004 0.946281
vt -0.931617 0.995600
vt -0.930389 0.995573
vt -0.930350 0.995762
vt -0.930426 0.995389
vt -0.931610 0.946116
vt -0.930388 0.946139
vt -0.930426 0.946326
vt -0.931611 0.945929
vt -0.930349 0.945946
vt -0.920231 0.995426
vt -0.920243 0.995608
vt -0.921465 0.995582
vt -0.921427 0.995394
vt -0.920243 0.995796
vt -0.921506 0.995775
vt -0.919861 0.995455
vt -0.920042 0.995440
vt -0.920040 0.946285
vt -0.919849 0.946276
vt -0.920231 0.946292
vt -0.920243 0.945928
vt -0.920244 0.946113
vt -0.921463 0.946139
vt -0.921502 0.945950
vt -0.921426 0.946323
vt -0.919888 0.946102
vt -0.918259 0.946023
vt -0.918270 0.946199
vt -0.920063 0.945943
vt -0.920212 0.944182
vt -0.920031 0.944273
vt -0.941905 0.990453
vt -0.941914 0.990633
vt -0.982465 0.990234
vt -0.982548 0.990053
vt -0.941921 0.990806
vt -0.982418 0.990408
vt -0.940339 0.989285
vt -0.940520 0.989272
vt -0.940521 0.940096
vt -0.940340 0.940097
vt -0.940703 0.940095
vt -0.982656 0.878625
vt -0.942117 0.878851
vt -0.942005 0.879032
vt -0.982671 0.878453
vt -0.942179 0.878676
vt -0.984310 0.880124
vt -0.984130 0.880099
vt -0.984138 0.928982
vt -0.984319 0.928967
vt -0.983949 0.880075
vt -0.933305 0.874508
vt -0.933195 0.874614
vt -0.934673 0.875563
vt -0.934766 0.875415
vt -0.933025 0.874692
vt -0.934559 0.875704
vt -0.942869 0.928998
vt -0.981807 0.940255
vt -0.981781 0.939901
vt -0.982141 0.939115
vt -0.933588 0.946207
vt -0.920219 0.997558
vt -0.920639 0.997630
vt -0.918261 0.995519
vt -0.920676 0.944211
vt -0.940569 0.880347
vt -0.941172 0.929118
vt -0.983888 0.989656
vt -0.984116 0.989975
vt -0.984029 0.988911
vt -0.983514 0.940192
vt -0.983382 0.939187
vt -0.983610 0.938794
vt -0.942621 0.930135
vt -0.942903 0.929351
vt -0.941004 0.929876
vt -0.941195 0.929534
vt -0.931219 0.997600
vt -0.931652 0.944173
vt -0.931187 0.944197
vt -0.940370 0.879856
vt -0.940671 0.879947
vt -0.989388 0.995051
vt -0.988786 0.995804
vt -0.989529 0.997904
vt -0.989917 0.996517
vt -0.928852 0.995605
vt -0.929245 0.997239
vt -0.928869 0.946460
vt -0.928876 0.995262
vt -0.929241 0.944418
vt -0.928845 0.946122
vt -0.939819 0.878777
vt -0.938856 0.879784
vt -0.938567 0.941652
vt -0.938567 0.987711
vt -0.986093 0.927424
vt -0.986081 0.881776
vt -0.943739 0.992332
vt -0.982200 0.991939
vt -0.982661 0.930559
vt -0.942751 0.930490
vt -0.942957 0.932037
vt -0.980870 0.932100
vt -0.989185 0.997918
vt -0.988460 0.995977
vt -0.987160 0.996887
vt -0.987884 0.998528
vt -0.941914 0.938591
vt -0.982021 0.938760
vt -0.982038 0.937210
vt -0.943714 0.937048
vt -0.939943 0.878450
vt -0.941867 0.878571
vt -0.941419 0.876776
vt -0.940456 0.877111
vt -0.980937 0.876921
vt -0.942445 0.877136
vt -0.922983 0.995259
vt -0.922976 0.946452
vt -0.922612 0.997304
vt -0.923008 0.995596
vt -0.984621 0.991174
vt -0.985476 0.990683
vt -0.983469 0.992676
vt -0.984409 0.991468
vt -0.935441 0.874021
vt -0.933960 0.873231
vt -0.933970 0.876888
vt -0.933141 0.875910
vt -0.923001 0.946109
vt -0.922616 0.944477
vt -0.982797 0.929249
vt -0.942873 0.929171
vt -0.940634 0.880143
vt -0.928861 0.946294
vt -0.920066 0.995773
vt -0.920038 0.997467
vt -0.919891 0.995620
vt -0.918251 0.995696
vt -0.983524 0.940013
vt -0.981800 0.940081
vt -0.983573 0.939830
vt -0.931790 0.945946
vt -0.931832 0.944266
vt -0.931966 0.946107
vt -0.933599 0.946031
vt -0.941199 0.929324
vt -0.984099 0.989270
vt -0.984044 0.989089
vt -0.941877 0.939913
vt -0.982663 0.930385
vt -0.942704 0.930316
vt -0.989346 0.997891
vt -0.988615 0.995886
vt -0.928868 0.995430
vt -0.984516 0.991328
vt -0.922992 0.995424
vt -0.922984 0.946283
vt -0.941923 0.938765
vt -0.982055 0.938935
vt -0.939882 0.878610
vt -0.941906 0.878794
vt -0.941719 0.989520
vt -0.941632 0.989427
vt -0.941647 0.939949
vt -0.941741 0.939868
vt -0.982954 0.929272
vt -0.983081 0.929218
vt -0.983014 0.879721
vt -0.982901 0.879679
vt -0.931782 0.995584
vt -0.931779 0.946131
vt -0.920075 0.995593
vt -0.920074 0.946127
vt -0.940456 0.989490
vt -0.940550 0.989403
vt -0.941704 0.938698
vt -0.941787 0.938791
vt -0.982860 0.878542
vt -0.982780 0.878642
vt -0.982828 0.930543
vt -0.982801 0.930400
vt -0.984140 0.929105
vn 0.000000 0.000000 1.000000
vn 0.000000 0.000000 1.000000
vn 0.000000 0.000000 1.000000
vn 0.000000 0.000000 1.000000
vn 0.000000 -1.000000 0.000000
vn 0.000000 -1.000000 0.000000
vn 0.000000 -1.000000 0.000000
vn 0.000000 -1.000000 0.000000
vn 0.000000 1.000000 0.000000
vn 0.000000 1.000000 0.000000
vn 0.000000 1.000000 0.000000
vn 0.000000 1.000000 0.000000
vn 0.000000 -1.000000 0.000000
vn 0.000000 -1.000000 0.000000
vn 0.000000 -1.000000 0.000000
vn 0.000000 -1.000000 0.000000
vn 0.000000 0.000000 1.000000
vn 0.000000 0.000000 1.000000
vn 0.000000 0.000000 1.000000
vn 0.000000 0.000000 1.000000
vn 0.000000 1.000000 0.000000
vn 0.000000 1.000000 0.000000
vn 0.000000 1.000000 0.000000
vn 0.000000 1.000000 0.000000
vn 0.000000 -1.000000 0.000000
vn 0.000000 -1.000000 0.000000
vn 0.000000 -1.000000 0.000000
vn 0.000000 -1.000000 0.000000
vn 0.000000 0.000000 1.000000
vn 0.000000 0.000000 1.000000
vn 0.000000 0.000000 1.000000
vn 0.000000 0.000000 1.000000
vn 0.000000 1.000000 0.000000
vn 0.000000 1.000000 0.000000
vn 0.000000 1.000000 0.000000
vn 0.000000 1.000000 0.000000
vn 0.905133 -0.425128 0.000000
vn 0.905133 -0.425128 0.000000
vn 0.905133 -0.425128 0.000000
vn 0.905133 -0.425128 0.000000
vn 0.343245 -0.939246 0.000000
vn 0.343245 -0.939246 0.000000
vn 0.343245 -0.939246 0.000000
vn 0.343245 -0.939246 0.000000
vn 0.382671 0.000000 0.923885
vn 0.382671 0.000000 0.923885
vn 0.382671 0.000000 0.923885
vn 0.382671 0.000000 0.923885
vn 0.923875 0.000000 0.382695
vn 0.923875 0.000000 0.382695
vn 0.923875 0.000000 0.382695
vn 0.923875 0.000000 0.382695
vn 0.000000 -0.939256 0.343218
vn 0.000000 -0.939256 0.343218
vn 0.000000 -0.939256 0.343218
vn 0.000000 -0.939256 0.343218
vn 0.000000 -0.425021 0.905184
vn 0.000000 -0.425021 0.905184
vn 0.000000 -0.425021 0.905184
vn 0.000000 -0.425021 0.905184
vn 0.000000 0.425014 0.905187
vn 0.000000 0.425014 0.905187
vn 0.000000 0.425014 0.905187
vn 0.000000 0.425014 0.905187
vn 0.000000 0.939263 0.343199
vn 0.000000 0.939263 0.343199
vn 0.000000 0.939263 0.343199
vn 0.000000 0.939263 0.343199
vn 0.000000 -0.425028 0.905180
vn 0.000000 -0.425028 0.905180
vn 0.000000 -0.425028 0.905180
vn 0.000000 -0.425028 0.905180
vn 0.000000 -0.939258 0.343211
vn 0.000000 -0.939258 0.343211
vn 0.000000 -0.939258 0.343211
vn 0.000000 -0.939258 0.343211
vn -0.923872 0.000000 0.382701
vn -0.923872 0.000000 0.382701
vn -0.923872 0.000000 0.382701
vn -0.923872 0.000000 0.382701
vn -0.382685 0.000000 0.923879
vn -0.382685 0.000000 0.923879
vn -0.382685 0.000000 0.923879
vn -0.382685 0.000000 0.923879
vn 0.000000 0.939263 0.343199
vn 0.000000 0.939263 0.343199
vn 0.000000 0.939263 0.343199
vn 0.000000 0.939263 0.343199
vn 0.000000 0.425026 0.905181
vn 0.000000 0.425026 0.905181
vn 0.000000 0.425026 0.905181
vn 0.000000 0.425026 0.905181
vn -0.905204 0.424977 0.000000
vn -0.905204 0.424977 0.000000
vn -0.905204 0.424977 0.000000
vn -0.905204 0.424977 0.000000
vn -0.343183 0.939268 0.000000
vn -0.343183 0.939268 0.000000
vn -0.343183 0.939268 0.000000
vn -0.343183 0.939268 0.000000
vn -0.849393 -0.425204 0.312624
vn -0.849393 -0.425204 0.312624
vn -0.849393 -0.425204 0.312624
vn -0.849393 -0.425204 0.312624
vn -0.322126 -0.939243 0.118561
vn -0.322126 -0.939243 0.118561
vn -0.322126 -0.939243 0.118561
vn -0.322126 -0.939243 0.118561
vn -0.760971 0.000080 -0.648786
vn -0.760971 0.000080 -0.648786
vn -0.760971 0.000080 -0.648786
vn -0.760971 0.000080 -0.648786
vn -0.999976 0.000044 0.006885
vn -0.999976 0.000044 0.006885
vn -0.999976 0.000044 0.006885
vn -0.999976 0.000044 0.006885
vn -0.157961 -0.942850 -0.293397
vn -0.157961 -0.942850 -0.293397
vn -0.157961 -0.942850 -0.293397
vn -0.157961 -0.942850 -0.293397
vn -0.427212 -0.437569 -0.791216
vn -0.427212 -0.437569 -0.791216
vn -0.427212 -0.437569 -0.791216
vn -0.427212 -0.437569 -0.791216
vn -0.432745 0.425243 -0.794922
vn -0.432745 0.425243 -0.794922
vn -0.432745 0.425243 -0.794922
vn -0.432745 0.425243 -0.794922
vn -0.164127 0.939230 -0.301513
vn -0.164127 0.939230 -0.301513
vn -0.164127 0.939230 -0.301513
vn -0.164127 0.939230 -0.301513
vn 0.432758 -0.425197 -0.794939
vn 0.432758 -0.425197 -0.794939
vn 0.432758 -0.425197 -0.794939
vn 0.432758 -0.425197 -0.794939
vn 0.164130 -0.939234 -0.301499
vn 0.164130 -0.939234 -0.301499
vn 0.164129 -0.939234 -0.301498
vn 0.164130 -0.939234 -0.301499
vn 0.999907 0.000080 -0.013622
vn 0.999907 0.000080 -0.013622
vn 0.999907 0.000080 -0.013622
vn 0.999907 0.000080 -0.013622
vn 0.747469 0.000045 -0.664297
vn 0.747469 0.000045 -0.664297
vn 0.747469 0.000045 -0.664297
vn 0.747469 0.000045 -0.664297
vn 0.164122 0.939240 -0.301483
vn 0.164122 0.939240 -0.301483
vn 0.164122 0.939240 -0.301483
vn 0.164122 0.939240 -0.301483
vn 0.432767 0.425163 -0.794953
vn 0.432767 0.425163 -0.794953
vn 0.432767 0.425163 -0.794953
vn 0.432767 0.425163 -0.794953
vn 0.849441 0.425087 0.312651
vn 0.849441 0.425087 0.312651
vn 0.849441 0.425087 0.312651
vn 0.849441 0.425087 0.312651
vn 0.322125 0.939245 0.118553
vn 0.322125 0.939245 0.118553
vn 0.322125 0.939245 0.118553
vn 0.322125 0.939245 0.118553
vn -0.343281 -0.939233 0.000000
vn -0.343281 -0.939233 0.000000
vn -0.343281 -0.939233 0.000000
vn -0.343281 -0.939233 0.000000
vn -0.905218 -0.424946 0.000000
vn -0.905218 -0.424946 0.000000
vn -0.905218 -0.424946 0.000000
vn -0.905218 -0.424946 0.000000
vn -0.923908 0.000000 0.382615
vn -0.923908 0.000000 0.382615
vn -0.923908 0.000000 0.382615
vn -0.923908 0.000000 0.382615
vn -0.382671 0.000000 0.923885
vn -0.382671 0.000000 0.923885
vn -0.382671 0.000000 0.923885
vn -0.382671 0.000000 0.923885
vn 0.343205 0.939261 0.000000
vn 0.343205 0.939261 0.000000
vn 0.343205 0.939261 0.000000
vn 0.343205 0.939261 0.000000
vn 0.905182 0.425025 0.000000
vn 0.905182 0.425025 0.000000
vn 0.905182 0.425025 0.000000
vn 0.905182 0.425025 0.000000
vn 0.923872 0.000000 0.382701
vn 0.923872 0.000000 0.382701
vn 0.923872 0.000000 0.382701
vn 0.923872 0.000000 0.382701
vn 0.382685 0.000000 0.923879
vn 0.382685 0.000000 0.923879
vn 0.382685 0.000000 0.923879
vn 0.382685 0.000000 0.923879
vn -0.496288 0.424971 0.757033
vn -0.496288 0.424971 0.757033
vn -0.496288 0.424971 0.757033
vn -0.496288 0.424971 0.757033
vn -0.188169 0.939258 0.287032
vn -0.188169 0.939258 0.287032
vn -0.188169 0.939258 0.287032
vn -0.188169 0.939258 0.287032
vn 0.000000 0.000000 1.000000
vn 0.000000 0.000000 1.000000
vn 0.000000 0.000000 1.000000
vn 0.000000 0.000000 1.000000
vn -1.000000 0.000000 0.000000
vn -1.000000 0.000000 0.000000
vn -1.000000 0.000000 0.000000
vn -1.000000 0.000000 0.000000
vn 0.478111 0.000000 -0.878300
vn 0.478111 0.000000 -0.878300
vn 0.478111 0.000000 -0.878300
vn 0.478111 0.000000 -0.878300
vn 1.000000 0.000000 0.000000
vn 1.000000 0.000000 0.000000
vn 1.000000 0.000000 0.000000
vn 1.000000 0.000000 0.000000
vn 0.000000 1.000000 0.000000
vn 0.000000 1.000000 0.000000
vn 0.000000 1.000000 0.000000
vn 0.000000 1.000000 0.000000
vn 0.000000 -1.000000 0.000000
vn 0.000000 -1.000000 0.000000
vn 0.000000 -1.000000 0.000000
vn 0.000000 -1.000000 0.000000
vn -0.938445 0.000000 0.345428
vn -0.938445 0.000000 0.345428
vn -0.938445 0.000000 0.345428
vn -0.938445 0.000000 0.345428
vn 0.000000 -1.000000 0.000000
vn 0.000000 -1.000000 0.000000
vn 0.000000 -1.000000 0.000000
vn 0.000000 -1.000000 0.000000
vn 0.938447 0.000000 0.345422
vn 0.938447 0.000000 0.345422
vn 0.938447 0.000000 0.345422
vn 0.938447 0.000000 0.345422
vn 0.000000 1.000000 -0.000003
vn 0.000000 1.000000 -0.000003
vn 0.000000 1.000000 -0.000003
vn 0.000000 1.000000 -0.000003
vn -0.929967 0.000000 -0.367643
vn -0.929967 0.000000 -0.367643
vn -0.929967 0.000000 -0.367643
vn -0.929967 0.000000 -0.367643
vn 0.000000 -1.000000 0.000000
vn 0.000000 -1.000000 0.000000
vn 0.000000 -1.000000 0.000000
vn 0.000000 -1.000000 0.000000
vn 0.929967 0.000000 -0.367643
vn 0.929967 0.000000 -0.367643
vn 0.929967 0.000000 -0.367643
vn 0.929967 0.000000 -0.367643
vn 0.000000 1.000000 0.000003
vn 0.000000 1.000000 0.000003
vn 0.000000 1.000000 0.000003
vn 0.000000 1.000000 0.000003
vn 0.000000 0.000000 1.000000
vn 0.000000 0.000000 1.000000
vn 0.000000 0.000000 1.000000
vn 0.000000 0.000000 1.000000
vn 0.000000 -1.000000 0.000000
vn 0.000000 -1.000000 0.000000
vn 0.000000 -1.000000 0.000000
vn 0.000000 -1.000000 0.000000
vn 0.000000 -1.000000 0.000000
vn 0.000000 -1.000000 0.000000
vn 0.000000 -1.000000 0.000000
vn 0.000000 -1.000000 0.000000
vn 0.000000 -1.000000 0.000000
vn 0.000000 -1.000000 0.000000
vn 0.000000 -1.000000 0.000000
vn 0.000000 -1.000000 0.000000
vn -0.478105 0.000000 -0.878303
vn -0.478105 0.000000 -0.878303
vn -0.478105 0.000000 -0.878303
vn -0.478105 0.000000 -0.878303
vn 0.000000 1.000000 0.000000
vn 0.000000 1.000000 0.000000
vn 0.000000 1.000000 0.000000
vn 0.000000 1.000000 0.000000
vn 0.000000 1.000000 0.000005
vn 0.000000 1.000000 0.000005
vn 0.000000 1.000000 0.000005
vn 0.000000 1.000000 0.000005
vn 0.000000 1.000000 0.000000
vn 0.000000 1.000000 0.000000
vn 0.000000 1.000000 0.000000
vn 0.000000 1.000000 0.000000
vn 0.000000 -1.000000 0.000000
vn 0.000000 -1.000000 0.000000
vn 0.000000 -1.000000 0.000000
vn 0.000000 -1.000000 0.000000
vn 0.000000 -1.000000 0.000000
vn 0.000000 -1.000000 0.000000
vn 0.000000 -1.000000 0.000000
vn 0.000000 -1.000000 0.000000
vn -0.462339 0.000000 -0.886703
vn -0.462339 0.000000 -0.886703
vn -0.462339 0.000000 -0.886703
vn -0.462339 0.000000 -0.886703
vn 0.000000 1.000000 0.000000
vn 0.000000 1.000000 0.000000
vn 0.000000 1.000000 0.000000
vn 0.000000 1.000000 0.000000
vn 0.000000 1.000000 0.000001
vn 0.000000 1.000000 0.000001
vn 0.000000 1.000000 0.000001
vn 0.000000 1.000000 0.000001
vn -1.000000 0.000000 0.000000
vn -1.000000 0.000000 0.000000
vn -1.000000 0.000000 0.000000
vn -1.000000 0.000000 0.000000
vn 1.000000 0.000000 0.000000
vn 1.000000 0.000000 0.000000
vn 1.000000 0.000000 0.000000
vn 1.000000 0.000000 0.000000
vn -1.000000 0.000000 0.000000
vn -1.000000 0.000000 0.000000
vn -1.000000 0.000000 0.000000
vn -1.000000 0.000000 0.000000
vn 1.000000 0.000006 0.000000
vn 1.000000 0.000006 0.000000
vn 1.000000 0.000006 0.000000
vn 1.000000 0.000006 0.000000
vn 0.708674 0.000000 0.705536
vn 0.708674 0.000000 0.705536
vn 0.708674 0.000000 0.705536
vn 0.708674 0.000000 0.705536
vn -1.000000 0.000015 0.000000
vn -1.000000 0.000015 0.000000
vn -1.000000 0.000015 0.000000
vn -1.000000 0.000015 0.000000
vn 0.548250 0.000000 0.836314
vn 0.548250 0.000000 0.836314
vn 0.548250 0.000000 0.836314
vn 0.548250 0.000000 0.836314
vn 1.000000 0.000000 0.000000
vn 1.000000 0.000000 0.000000
vn 1.000000 0.000000 0.000000
vn 1.000000 0.000000 0.000000
vn 0.462338 0.000000 -0.886704
vn 0.462338 0.000000 -0.886704
vn 0.462338 0.000000 -0.886704
vn 0.462338 0.000000 -0.886704
vn 0.000000 -1.000000 0.000000
vn 0.000000 -1.000000 0.000000
vn 0.000000 -1.000000 0.000000
vn 0.000000 -1.000000 0.000000
vn 0.000000 -1.000000 0.000000
vn 0.000000 -1.000000 0.000000
vn 0.000000 -1.000000 0.000000
vn 0.000000 -1.000000 0.000000
vn -0.708674 0.000000 0.705536
vn -0.708674 0.000000 0.705536
vn -0.708674 0.000000 0.705536
vn -0.708674 0.000000 0.705536
vn -0.548249 0.000000 0.836315
vn -0.548249 0.000000 0.836315
vn -0.548249 0.000000 0.836315
vn -0.548249 0.000000 0.836315
vn 0.000000 1.000000 0.000000
vn 0.000000 1.000000 0.000000
vn 0.000000 1.000000 0.000000
vn 0.000000 1.000000 0.000000
vn 0.000000 1.000000 0.000000
vn 0.000000 1.000000 0.000000
vn 0.000000 1.000000 0.000000
vn 0.000000 1.000000 0.000000
vn 0.000000 0.000000 -1.000000
vn 0.000000 0.000000 -1.000000
vn 0.000000 0.000000 -1.000000
vn 0.000000 0.000000 -1.000000
vn 0.000000 -1.000000 0.000000
vn 0.000000 -1.000000 0.000000
vn 0.000000 -1.000000 0.000000
vn 0.000000 -1.000000 0.000000
vn 0.000000 -1.000000 0.000000
vn 0.000000 -1.000000 0.000000
vn 0.000000 -1.000000 0.000000
vn 0.000000 -1.000000 0.000000
vn 0.000000 0.000000 1.000000
vn 0.000000 0.000000 1.000000
vn 0.000000 0.000000 1.000000
vn 0.000000 0.000000 1.000000
vn 0.000000 0.000000 1.000000
vn 0.000000 0.000000 1.000000
vn 0.000000 0.000000 1.000000
vn 0.000000 0.000000 1.000000
vn -0.000001 1.000000 0.000000
vn -0.000001 1.000000 0.000000
vn -0.000001 1.000000 0.000000
vn -0.000001 1.000000 0.000000
vn -0.000001 1.000000 0.000000
vn -0.000001 1.000000 0.000000
vn -0.000001 1.000000 0.000000
vn -0.000001 1.000000 0.000000
vn -0.343190 -0.939266 0.000000
vn -0.343190 -0.939266 0.000000
vn -0.343190 -0.939266 0.000000
vn -0.343190 -0.939266 0.000000
vn -0.905204 -0.424977 0.000000
vn -0.905204 -0.424977 0.000000
vn -0.905204 -0.424977 0.000000
vn -0.905204 -0.424977 0.000000
vn -0.841767 0.425076 -0.332774
vn -0.841767 0.425076 -0.332774
vn -0.841767 0.425076 -0.332774
vn -0.841767 0.425076 -0.332774
vn -0.319180 0.939257 -0.126174
vn -0.319181 0.939257 -0.126174
vn -0.319180 0.939257 -0.126174
vn -0.319181 0.939257 -0.126174
vn -0.418508 0.425034 -0.802619
vn -0.418508 0.425034 -0.802619
vn -0.418508 0.425034 -0.802619
vn -0.418508 0.425034 -0.802619
vn -0.158676 0.939265 -0.304306
vn -0.158676 0.939265 -0.304306
vn -0.158676 0.939265 -0.304306
vn -0.158676 0.939265 -0.304306
vn 0.312527 -0.942770 0.116239
vn 0.312527 -0.942770 0.116239
vn 0.312527 -0.942770 0.116239
vn 0.312527 -0.942770 0.116239
vn 0.843125 -0.437374 0.312802
vn 0.843125 -0.437374 0.312802
vn 0.843125 -0.437374 0.312802
vn 0.843125 -0.437374 0.312802
vn 0.841765 0.425075 -0.332781
vn 0.841765 0.425075 -0.332781
vn 0.841765 0.425075 -0.332781
vn 0.841765 0.425075 -0.332781
vn 0.319217 0.939242 -0.126196
vn 0.319217 0.939242 -0.126196
vn 0.319217 0.939242 -0.126196
vn 0.319217 0.939242 -0.126196
vn -0.322126 0.939244 0.118560
vn -0.322126 0.939244 0.118560
vn -0.322126 0.939244 0.118560
vn -0.322126 0.939244 0.118560
vn -0.849392 0.425207 0.312623
vn -0.849392 0.425207 0.312623
vn -0.849392 0.425207 0.312623
vn -0.849392 0.425207 0.312623
vn -0.319187 -0.939254 -0.126183
vn -0.319187 -0.939254 -0.126183
vn -0.319187 -0.939254 -0.126183
vn -0.319187 -0.939254 -0.126183
vn -0.841768 -0.425074 -0.332773
vn -0.841768 -0.425074 -0.332773
vn -0.841768 -0.425074 -0.332773
vn -0.841768 -0.425074 -0.332773
vn 0.319224 -0.939239 -0.126198
vn 0.319224 -0.939239 -0.126198
vn 0.319224 -0.939239 -0.126198
vn 0.319224 -0.939239 -0.126198
vn 0.841767 -0.425074 -0.332777
vn 0.841767 -0.425074 -0.332777
vn 0.841767 -0.425074 -0.332777
vn 0.841767 -0.425074 -0.332777
vn 0.343238 0.939248 0.000000
vn 0.343238 0.939248 0.000000
vn 0.343238 0.939248 0.000000
vn 0.343238 0.939248 0.000000
vn 0.905132 0.425130 0.000000
vn 0.905132 0.425130 0.000000
vn 0.905132 0.425130 0.000000
vn 0.905133 0.425129 0.000000
vn 0.905148 -0.425097 0.000000
vn 0.905148 -0.425097 0.000000
vn 0.905148 -0.425097 0.000000
vn 0.905148 -0.425097 0.000000
vn 0.343171 -0.939273 0.000000
vn 0.343171 -0.939273 0.000000
vn 0.343171 -0.939273 0.000000
vn 0.343171 -0.939273 0.000000
vn 0.641495 -0.424976 0.638655
vn 0.641495 -0.424976 0.638655
vn 0.641495 -0.424976 0.638655
vn 0.641495 -0.424976 0.638655
vn 0.243220 -0.939261 0.242143
vn 0.243220 -0.939261 0.242143
vn 0.243220 -0.939261 0.242143
vn 0.243220 -0.939261 0.242143
vn -0.158679 -0.939259 -0.304323
vn -0.158679 -0.939259 -0.304323
vn -0.158679 -0.939259 -0.304323
vn -0.158679 -0.939259 -0.304323
vn -0.418499 -0.425030 -0.802625
vn -0.418499 -0.425030 -0.802625
vn -0.418499 -0.425030 -0.802625
vn -0.418499 -0.425030 -0.802625
vn -0.243221 -0.939261 0.242143
vn -0.243220 -0.939261 0.242142
vn -0.243221 -0.939261 0.242143
vn -0.243221 -0.939261 0.242143
vn -0.641526 -0.424881 0.638686
vn -0.641526 -0.424881 0.638686
vn -0.641526 -0.424881 0.638686
vn -0.641526 -0.424881 0.638686
vn 0.418487 -0.425091 -0.802600
vn 0.418487 -0.425091 -0.802600
vn 0.418487 -0.425091 -0.802600
vn 0.418487 -0.425091 -0.802600
vn 0.158679 -0.939259 -0.304324
vn 0.158679 -0.939259 -0.304324
vn 0.158679 -0.939259 -0.304324
vn 0.158679 -0.939259 -0.304324
vn 0.158665 0.939269 -0.304300
vn 0.158665 0.939269 -0.304300
vn 0.158665 0.939269 -0.304300
vn 0.158665 0.939269 -0.304300
vn 0.418495 0.425094 -0.802594
vn 0.418495 0.425094 -0.802594
vn 0.418495 0.425094 -0.802594
vn 0.418495 0.425094 -0.802594
vn -0.905252 0.424875 0.000000
vn -0.905252 0.424875 0.000000
vn -0.905253 0.424874 0.000000
vn -0.905252 0.424875 0.000000
vn -0.343151 0.939280 0.000000
vn -0.343151 0.939280 0.000000
vn -0.343151 0.939280 0.000000
vn -0.343151 0.939280 0.000000
vn 0.000000 0.425003 0.905192
vn 0.000000 0.425003 0.905192
vn 0.000000 0.425003 0.905192
vn 0.000000 0.425003 0.905192
vn -0.000001 0.939273 0.343171
vn -0.000001 0.939273 0.343171
vn -0.000001 0.939273 0.343171
vn -0.000001 0.939273 0.343171
vn -0.000001 0.425015 -0.905186
vn -0.000001 0.425015 -0.905186
vn -0.000001 0.425016 -0.905186
vn -0.000001 0.425015 -0.905186
vn -0.000001 0.939268 -0.343184
vn -0.000001 0.939268 -0.343184
vn -0.000001 0.939268 -0.343184
vn -0.000001 0.939268 -0.343184
vn 0.000000 -0.939257 -0.343215
vn 0.000000 -0.939257 -0.343215
vn 0.000000 -0.939257 -0.343215
vn 0.000000 -0.939257 -0.343215
vn 0.000000 -0.425030 -0.905179
vn 0.000000 -0.425030 -0.905179
vn 0.000000 -0.425030 -0.905179
vn 0.000000 -0.425030 -0.905179
vn 0.000000 -0.425011 0.905188
vn 0.000000 -0.425011 0.905188
vn 0.000000 -0.425011 0.905188
vn 0.000000 -0.425011 0.905188
vn 0.000000 -0.939258 0.343212
vn 0.000000 -0.939258 0.343212
vn 0.000000 -0.939258 0.343212
vn 0.000000 -0.939258 0.343212
vn 0.188169 0.939258 0.287032
vn 0.188169 0.939258 0.287032
vn 0.188169 0.939258 0.287032
vn 0.188169 0.939258 0.287032
vn 0.496273 0.425026 0.757011
vn 0.496273 0.425026 0.757011
vn 0.496273 0.425026 0.757011
vn 0.496273 0.425026 0.757011
vn 0.293901 -0.909526 0.293913
vn 0.293901 -0.909526 0.293913
vn 0.293901 -0.909526 0.293913
vn 0.293901 -0.909526 0.293913
vn 0.874829 -0.363234 0.320522
vn 0.874829 -0.363234 0.320522
vn 0.874829 -0.363234 0.320522
vn 0.874829 -0.363234 0.320522
vn 0.320493 -0.363325 0.874802
vn 0.320493 -0.363325 0.874802
vn 0.320493 -0.363325 0.874802
vn 0.320493 -0.363325 0.874802
vn 0.874820 0.363259 0.320520
vn 0.874820 0.363259 0.320520
vn 0.874820 0.363259 0.320520
vn 0.874820 0.363259 0.320520
vn 0.293913 0.909517 0.293929
vn 0.293913 0.909517 0.293928
vn 0.293913 0.909517 0.293928
vn 0.293913 0.909517 0.293929
vn 0.320489 0.363324 0.874804
vn 0.320489 0.363324 0.874804
vn 0.320489 0.363324 0.874804
vn 0.320490 0.363324 0.874804
vn -0.293907 -0.909522 0.293920
vn -0.293907 -0.909522 0.293920
vn -0.293907 -0.909522 0.293920
vn -0.293907 -0.909522 0.293920
vn -0.320482 -0.363286 0.874823
vn -0.320482 -0.363286 0.874823
vn -0.320482 -0.363286 0.874823
vn -0.320482 -0.363286 0.874823
vn -0.874837 -0.363261 0.320470
vn -0.874837 -0.363261 0.320470
vn -0.874837 -0.363261 0.320470
vn -0.874837 -0.363261 0.320470
vn -0.320482 0.363286 0.874823
vn -0.320482 0.363286 0.874823
vn -0.320481 0.363286 0.874823
vn -0.320481 0.363286 0.874823
vn -0.293902 0.909529 0.293902
vn -0.293902 0.909529 0.293902
vn -0.293902 0.909529 0.293902
vn -0.293902 0.909529 0.293902
vn -0.874840 0.363241 0.320487
vn -0.874840 0.363241 0.320487
vn -0.874840 0.363241 0.320487
vn -0.874840 0.363241 0.320487
vn -0.399268 -0.908253 -0.125145
vn -0.399268 -0.908253 -0.125145
vn -0.399268 -0.908253 -0.125145
vn -0.399268 -0.908253 -0.125145
vn -0.929024 -0.364927 0.061171
vn -0.929024 -0.364927 0.061171
vn -0.929024 -0.364927 0.061171
vn -0.929024 -0.364927 0.061171
vn -0.690988 -0.381469 -0.614017
vn -0.690988 -0.381469 -0.614017
vn -0.690988 -0.381469 -0.614017
vn -0.690988 -0.381469 -0.614017
vn -0.934334 0.355046 0.031031
vn -0.934334 0.355046 0.031031
vn -0.934334 0.355046 0.031031
vn -0.934334 0.355046 0.031031
vn -0.407081 0.900459 -0.153159
vn -0.407081 0.900459 -0.153159
vn -0.407081 0.900459 -0.153159
vn -0.407081 0.900459 -0.153159
vn -0.682223 0.355048 -0.639150
vn -0.682223 0.355048 -0.639150
vn -0.682223 0.355048 -0.639150
vn -0.682223 0.355048 -0.639150
vn 0.382948 -0.908159 -0.169109
vn 0.382948 -0.908159 -0.169109
vn 0.382948 -0.908159 -0.169109
vn 0.382948 -0.908159 -0.169109
vn 0.658536 -0.364758 -0.658242
vn 0.658536 -0.364758 -0.658242
vn 0.658536 -0.364758 -0.658242
vn 0.658536 -0.364758 -0.658242
vn 0.924494 -0.381148 0.006113
vn 0.924494 -0.381148 0.006113
vn 0.924494 -0.381148 0.006113
vn 0.924494 -0.381148 0.006113
vn 0.682266 0.354873 -0.639201
vn 0.682266 0.354873 -0.639201
vn 0.682266 0.354873 -0.639201
vn 0.682266 0.354873 -0.639201
vn 0.407099 0.900456 -0.153135
vn 0.407099 0.900456 -0.153135
vn 0.407099 0.900456 -0.153135
vn 0.407099 0.900456 -0.153135
vn 0.934395 0.354882 0.031048
vn 0.934395 0.354882 0.031048
vn 0.934395 0.354882 0.031048
vn 0.934395 0.354882 0.031048
vn -0.874862 -0.363194 0.320479
vn -0.874862 -0.363194 0.320479
vn -0.874861 -0.363195 0.320479
vn -0.874861 -0.363195 0.320479
vn -0.293932 -0.909506 0.293945
vn -0.293932 -0.909506 0.293945
vn -0.293932 -0.909506 0.293945
vn -0.293932 -0.909506 0.293945
vn -0.320491 -0.363348 0.874794
vn -0.320491 -0.363348 0.874794
vn -0.320491 -0.363348 0.874794
vn -0.320491 -0.363348 0.874794
vn -0.874878 0.363153 0.320483
vn -0.874878 0.363153 0.320483
vn -0.874878 0.363153 0.320483
vn -0.874878 0.363153 0.320483
vn -0.320490 0.363347 0.874794
vn -0.320490 0.363347 0.874794
vn -0.320490 0.363347 0.874794
vn -0.320490 0.363347 0.874794
vn -0.293932 0.909503 0.293953
vn -0.293932 0.909503 0.293953
vn -0.293932 0.909503 0.293953
vn -0.293932 0.909503 0.293953
vn 0.874790 0.363375 0.320469
vn 0.874790 0.363375 0.320469
vn 0.874790 0.363375 0.320469
vn 0.874790 0.363375 0.320469
vn 0.293940 0.909506 0.293935
vn 0.293940 0.909506 0.293935
vn 0.293940 0.909506 0.293935
vn 0.293940 0.909506 0.293935
vn 0.320489 0.363221 0.874847
vn 0.320489 0.363221 0.874847
vn 0.320489 0.363221 0.874847
vn 0.320489 0.363221 0.874847
vn 0.874812 -0.363329 0.320461
vn 0.874812 -0.363329 0.320461
vn 0.874812 -0.363329 0.320461
vn 0.874812 -0.363329 0.320461
vn 0.320490 -0.363219 0.874847
vn 0.320490 -0.363219 0.874847
vn 0.320490 -0.363219 0.874847
vn 0.320490 -0.363219 0.874847
vn 0.293919 -0.909514 0.293932
vn 0.293919 -0.909514 0.293932
vn 0.293919 -0.909514 0.293932
vn 0.293919 -0.909514 0.293932
s off
g UV_opuesta_mostrador polySurface181 polySurface1066
usemtl lambert7SG
f 561/781/2137 562/782/2138 547/783/2139 548/784/2140
f 560/785/2141 561/781/2142 548/784/2143 550/786/2144
f 562/782/2145 563/787/2146 552/788/2147 547/783/2148
f 549/789/2149 546/790/2150 555/791/2151 554/792/2152
f 546/790/2153 545/793/2154 556/794/2155 555/791/2156
f 545/793/2157 551/795/2158 557/796/2159 556/794/2160
f 554/792/2161 555/791/2162 561/781/2163 560/785/2164
f 555/791/2165 556/794/2166 562/782/2167 561/781/2168
f 556/794/2169 557/796/2170 563/787/2171 562/782/2172
f 566/797/2173 565/798/2174 650/799/2175 649/800/2176
f 565/798/2177 570/801/2178 651/802/2179 650/799/2180
f 568/803/2181 567/804/2182 575/805/2183 574/806/2184
f 567/804/2185 566/797/2186 576/807/2187 575/805/2188
f 570/808/2189 569/809/2190 615/810/2191 614/811/2192
f 569/809/2193 568/803/2194 616/812/2195 615/810/2196
f 574/813/2197 573/814/2198 621/815/2199 620/816/2200
f 573/814/2201 572/817/2202 622/818/2203 621/815/2204
f 578/819/2205 577/820/2206 663/821/2207 662/822/2208
f 577/823/2209 582/824/2210 664/825/2211 663/826/2212
f 580/827/2213 579/828/2214 587/829/2215 586/830/2216
f 579/828/2217 578/819/2218 588/831/2219 587/829/2220
f 584/832/2221 583/833/2222 657/834/2223 656/835/2224
f 583/833/2225 588/836/2226 658/837/2227 657/834/2228
f 586/830/2229 585/838/2230 629/839/2231 628/840/2232
f 585/838/2233 584/832/2234 630/841/2235 629/839/2236
f 590/842/2237 589/843/2238 647/844/2239 646/845/2240
f 589/846/2241 594/847/2242 648/848/2243 647/849/2244
f 592/850/2245 591/851/2246 599/852/2247 598/853/2248
f 591/851/2249 590/842/2250 600/854/2251 599/852/2252
f 594/847/2253 593/855/2254 632/856/2255 631/857/2256
f 593/855/2257 592/850/2258 633/858/2259 632/856/2260
f 598/853/2261 597/859/2262 635/860/2263 634/861/2264
f 597/859/2265 596/862/2266 636/863/2267 635/860/2268
f 602/864/2269 601/865/2270 686/866/2271 685/867/2272
f 601/865/2273 606/868/2274 687/869/2275 686/866/2276
f 604/870/2277 603/871/2278 611/872/2279 610/873/2280
f 603/871/2281 602/864/2282 612/874/2283 611/872/2284
f 608/875/2285 607/876/2286 689/877/2287 688/878/2288
f 607/876/2289 612/874/2290 690/879/2291 689/877/2292
f 610/873/2293 609/880/2294 641/881/2295 640/882/2296
f 609/883/2297 608/875/2298 642/884/2299 641/885/2300
f 614/886/2301 613/887/2302 683/888/2303 682/889/2304
f 613/887/2305 618/890/2306 684/891/2307 683/888/2308
f 618/892/2309 617/893/2310 619/894/2311 624/895/2312
f 617/893/2313 616/812/2314 620/896/2315 619/894/2316
f 656/835/2317 655/897/2318 680/898/2319 679/899/2320
f 655/897/2321 660/900/2322 681/901/2323 680/898/2324
f 660/902/2325 659/903/2326 661/904/2327 666/905/2328
f 659/903/2329 658/906/2330 662/822/2331 661/904/2332
f 693/907/2333 692/908/2334 695/909/2335 694/910/2336
f 692/908/2337 691/911/2338 696/912/2339 695/909/2340
f 568/803/2341 574/806/2342 620/896/2343 616/812/2344
f 580/827/2345 586/830/2346 628/840/2347 625/913/2348
f 685/867/2349 690/879/2350 612/874/2351 602/864/2352
f 649/800/2353 652/914/2354 576/807/2355 566/797/2356
f 572/817/2357 654/915/2358 691/916/2359 622/818/2360
f 651/802/2361 570/801/2362 614/886/2363 682/889/2364
f 646/845/2365 643/917/2366 600/854/2367 590/842/2368
f 606/868/2369 639/918/2370 543/919/2371 687/869/2372
f 604/870/2373 610/873/2374 640/882/2375 637/920/2376
f 544/921/2377 642/884/2378 608/875/2379 688/878/2380
f 625/913/2381 628/840/2382 643/922/2383 646/923/2384
f 639/924/2385 651/802/2386 682/889/2387 543/925/2388
f 637/926/2389 640/927/2390 652/914/2391 649/800/2392
f 691/916/2393 654/915/2394 642/928/2395 544/929/2396
f 662/822/2397 658/906/2398 588/831/2399 578/819/2400
f 667/930/2401 664/825/2402 582/824/2403 627/931/2404
f 541/932/2405 667/930/2406 627/931/2407 648/933/2408
f 631/857/2409 541/934/2410 648/848/2411 594/847/2412
f 592/850/2413 598/853/2414 634/861/2415 633/858/2416
f 645/935/2417 542/936/2418 636/863/2419 596/862/2420
f 630/841/2421 679/899/2422 542/937/2423 645/938/2424
f 656/835/2425 679/899/2426 630/841/2427 584/832/2428
f 559/939/2429 670/940/2430 667/941/2431 541/942/2432
f 675/943/2433 559/944/2434 541/934/2435 631/857/2436
f 633/858/2437 634/861/2438 676/945/2439 673/946/2440
f 542/936/2441 564/947/2442 678/948/2443 636/863/2444
f 679/899/2445 708/949/2446 564/950/2447 542/937/2448
f 618/892/2449 624/895/2450 545/951/2451 546/952/2452
f 660/902/2453 666/905/2454 548/953/2455 547/954/2456
f 684/891/2457 618/890/2458 546/955/2459 549/956/2460
f 666/957/2461 669/958/2462 550/959/2463 548/960/2464
f 669/961/2465 672/962/2466 560/963/2467 550/964/2468
f 624/965/2469 693/966/2470 551/967/2471 545/968/2472
f 706/969/2473 681/970/2474 552/971/2475 563/972/2476
f 681/901/2477 660/900/2478 547/973/2479 552/974/2480
f 700/975/2481 699/976/2482 690/879/2483 685/867/2484
f 687/869/2485 543/919/2486 553/977/2487 702/978/2488
f 543/925/2489 682/889/2490 703/979/2491 553/980/2492
f 554/981/2493 705/982/2494 684/891/2495 549/956/2496
f 693/907/2497 694/910/2498 557/983/2499 551/984/2500
f 558/985/2501 696/912/2502 691/911/2503 544/986/2504
f 697/987/2505 558/988/2506 544/921/2507 688/878/2508
f 673/946/2509 676/945/2510 699/976/2511 700/975/2512
f 702/978/2513 553/977/2514 559/944/2515 675/943/2516
f 553/980/2517 703/979/2518 670/940/2519 559/939/2520
f 560/963/2521 672/962/2522 705/982/2523 554/981/2524
f 694/910/2525 706/969/2526 563/972/2527 557/983/2528
f 564/950/2529 708/949/2530 696/912/2531 558/985/2532
f 678/948/2533 564/947/2534 558/988/2535 697/987/2536
f 582/824/2537 581/989/2538 626/990/2539 627/931/2540
f 581/989/2541 580/827/2542 625/913/2543 626/990/2544
f 628/840/2545 629/839/2546 644/991/2547 643/922/2548
f 629/839/2549 630/841/2550 645/938/2551 644/991/2552
f 634/861/2553 635/860/2554 677/992/2555 676/945/2556
f 635/860/2557 636/863/2558 678/948/2559 677/992/2560
f 606/868/2561 605/993/2562 638/994/2563 639/918/2564
f 605/995/2565 604/870/2566 637/920/2567 638/996/2568
f 640/927/2569 641/997/2570 653/998/2571 652/914/2572
f 641/997/2573 642/999/2574 654/915/2575 653/998/2576
f 596/862/2577 595/1000/2578 644/1001/2579 645/935/2580
f 595/1002/2581 600/854/2582 643/917/2583 644/1003/2584
f 627/931/2585 626/990/2586 647/1004/2587 648/933/2588
f 626/990/2589 625/913/2590 646/923/2591 647/1004/2592
f 639/1005/2593 638/1006/2594 650/799/2595 651/802/2596
f 638/1006/2597 637/926/2598 649/800/2599 650/799/2600
f 572/817/2601 571/1007/2602 653/998/2603 654/915/2604
f 571/1007/2605 576/807/2606 652/914/2607 653/998/2608
f 666/957/2609 665/1008/2610 668/1009/2611 669/958/2612
f 665/1008/2613 664/825/2614 667/930/2615 668/1009/2616
f 669/961/2617 668/1010/2618 671/1011/2619 672/962/2620
f 668/1010/2621 667/941/2622 670/940/2623 671/1011/2624
f 631/857/2625 632/856/2626 674/1012/2627 675/943/2628
f 632/856/2629 633/858/2630 673/946/2631 674/1012/2632
f 682/889/2633 683/888/2634 704/1013/2635 703/979/2636
f 683/888/2637 684/891/2638 705/982/2639 704/1013/2640
f 685/867/2641 686/866/2642 701/1014/2643 700/975/2644
f 686/866/2645 687/869/2646 702/978/2647 701/1014/2648
f 688/878/2649 689/877/2650 698/1015/2651 697/987/2652
f 689/877/2653 690/879/2654 699/976/2655 698/1015/2656
f 624/965/2657 623/1016/2658 692/1017/2659 693/966/2660
f 623/1016/2661 622/818/2662 691/916/2663 692/1017/2664
f 694/910/2665 695/909/2666 707/1018/2667 706/969/2668
f 695/909/2669 696/912/2670 708/949/2671 707/1018/2672
f 676/945/2673 677/992/2674 698/1015/2675 699/976/2676
f 677/992/2677 678/948/2678 697/987/2679 698/1015/2680
f 675/943/2681 674/1012/2682 701/1014/2683 702/978/2684
f 674/1012/2685 673/946/2686 700/975/2687 701/1014/2688
f 672/962/2689 671/1011/2690 704/1013/2691 705/982/2692
f 671/1011/2693 670/940/2694 703/979/2695 704/1013/2696
f 679/899/2697 680/1019/2698 707/1018/2699 708/949/2700
f 680/1019/2701 681/970/2702 706/969/2703 707/1018/2704
f 569/809/2705 570/808/2706 565/1020/2707 709/1021/2708
f 565/1020/2709 566/797/2710 567/804/2711 709/1021/2712
f 567/804/2713 568/803/2714 569/809/2715 709/1021/2716
f 575/1022/2717 576/807/2718 571/1007/2719 710/1023/2720
f 571/1007/2721 572/817/2722 573/814/2723 710/1023/2724
f 573/814/2725 574/813/2726 575/1022/2727 710/1023/2728
f 581/989/2729 582/824/2730 577/823/2731 711/1024/2732
f 577/820/2733 578/819/2734 579/828/2735 711/1025/2736
f 579/828/2737 580/827/2738 581/989/2739 711/1024/2740
f 587/1026/2741 588/836/2742 583/833/2743 712/1027/2744
f 583/833/2745 584/832/2746 585/838/2747 712/1027/2748
f 585/838/2749 586/830/2750 587/1026/2751 712/1027/2752
f 593/855/2753 594/847/2754 589/846/2755 713/1028/2756
f 589/843/2757 590/842/2758 591/851/2759 713/1028/2760
f 591/851/2761 592/850/2762 593/855/2763 713/1028/2764
f 599/852/2765 600/854/2766 595/1002/2767 714/1029/2768
f 595/1000/2769 596/862/2770 597/859/2771 714/1029/2772
f 597/859/2773 598/853/2774 599/852/2775 714/1029/2776
f 605/993/2777 606/868/2778 601/865/2779 715/1030/2780
f 601/865/2781 602/864/2782 603/871/2783 715/1030/2784
f 603/871/2785 604/870/2786 605/995/2787 715/1030/2788
f 611/872/2789 612/874/2790 607/876/2791 716/1031/2792
f 607/876/2793 608/875/2794 609/883/2795 716/1031/2796
f 609/880/2797 610/873/2798 611/872/2799 716/1031/2800
f 617/893/2801 618/892/2802 613/1032/2803 717/1033/2804
f 613/1032/2805 614/811/2806 615/810/2807 717/1033/2808
f 615/810/2809 616/812/2810 617/893/2811 717/1033/2812
f 623/1016/2813 624/965/2814 619/1034/2815 718/1035/2816
f 619/1034/2817 620/816/2818 621/815/2819 718/1035/2820
f 621/815/2821 622/818/2822 623/1016/2823 718/1035/2824
f 659/1036/2825 660/900/2826 655/897/2827 719/1037/2828
f 655/897/2829 656/835/2830 657/834/2831 719/1037/2832
f 657/834/2833 658/837/2834 659/1036/2835 719/1037/2836
f 665/1008/2837 666/957/2838 661/1038/2839 720/1039/2840
f 661/904/2841 662/822/2842 663/821/2843 720/1040/2844
f 663/826/2845 664/825/2846 665/1008/2847 720/1039/2848
g default
v 277.773522 14.619484 1152.152863
v 277.775931 54.782995 1152.064210
v 284.846489 14.619483 1152.354074
v 284.848996 54.783002 1152.265413
v 283.917832 53.338345 1184.978537
v 283.917832 16.064137 1184.978537
v 276.845002 53.338345 1184.777150
v 276.845002 16.064137 1184.777150
v 284.809894 16.064138 1153.644875
v 277.736671 16.064138 1153.443866
v 284.812145 53.338345 1153.556415
v 277.739391 53.338345 1153.355038
v 283.736444 14.619484 1151.492972
v 283.708498 16.064138 1152.474179
v 282.784334 16.064137 1184.946125
v 282.784334 53.338345 1184.946125
v 283.699789 53.338345 1152.781063
v 283.736488 54.782995 1151.490042
v 278.930724 14.619483 1151.356249
v 278.902937 16.064138 1152.337263
v 277.978636 16.064138 1184.809385
v 277.978636 53.338345 1184.809385
v 278.894015 53.338345 1152.644314
v 278.930768 54.782995 1151.353319
v 284.846102 14.673403 1186.446558
v 284.902426 14.803579 1186.448254
v 284.842321 14.803579 1186.582597
v 284.704650 14.803574 1186.635090
v 284.706023 14.673403 1186.578882
v 284.709941 14.619481 1186.442666
v 284.846102 54.729073 1186.446558
v 284.709941 54.782995 1186.442666
v 284.706023 54.729073 1186.578882
v 284.704650 54.598900 1186.635090
v 284.842321 54.598907 1186.582597
v 284.902426 54.598900 1186.448254
v 275.966953 14.673405 1186.330101
v 275.965421 14.803579 1186.386503
v 275.830792 14.803579 1186.326209
v 275.778282 14.803579 1186.188517
v 275.834551 14.673403 1186.190187
v 275.970925 14.619483 1186.193912
v 275.966953 54.729073 1186.330101
v 275.970925 54.782995 1186.193912
v 275.834551 54.729073 1186.190187
v 275.778282 54.598900 1186.188517
v 275.830792 54.598900 1186.326209
v 275.965421 54.598900 1186.386503
v 276.897184 14.673401 1150.994444
v 276.845774 14.803574 1151.019559
v 276.847479 14.796964 1150.865508
v 276.945038 14.791505 1150.755181
v 276.969595 14.669767 1150.806408
v 277.019852 14.619481 1150.933327
v 276.897184 54.729073 1150.994444
v 277.019852 54.782995 1150.933327
v 276.975464 54.729073 1150.803043
v 276.956417 54.598900 1150.749352
v 276.850711 54.598900 1150.864006
v 276.845774 54.598900 1151.019559
v 285.719787 14.673401 1151.051974
v 285.742153 14.803574 1150.999552
v 285.842286 14.797079 1151.116481
v 285.841891 14.791503 1151.263508
v 285.789330 14.669764 1151.241492
v 285.668064 14.619484 1151.179258
v 285.719787 54.729073 1151.051974
v 285.668064 54.782995 1151.179258
v 285.787262 54.729087 1151.247594
v 285.836979 54.598900 1151.275426
v 285.841011 54.598900 1151.119686
v 285.742153 54.598900 1150.999552
v 283.933379 14.673403 1186.420481
v 284.069540 14.619483 1186.424373
v 284.065683 14.673405 1186.560403
v 284.063993 14.803579 1186.616998
v 283.929407 14.803579 1186.556671
v 283.876876 14.803579 1186.418995
v 283.929407 54.598900 1186.556671
v 284.063993 54.598907 1186.616998
v 284.065683 54.729073 1186.560403
v 284.069540 54.783002 1186.424373
v 283.933379 54.729073 1186.420481
v 283.876876 54.598900 1186.418995
v 276.708120 14.803574 1153.514406
v 276.764273 14.673403 1153.526642
v 276.899819 14.619481 1153.556445
v 276.708120 54.598900 1153.514406
v 276.764273 54.729073 1153.526642
v 276.899819 54.782995 1153.556445
v 277.911767 14.619483 1150.480243
v 277.851118 14.673405 1150.358172
v 277.826012 14.803579 1150.307651
v 277.826012 54.598900 1150.307651
v 277.851118 54.729073 1150.358172
v 277.911767 54.782995 1150.480243
v 285.358873 14.803574 1152.468556
v 285.298569 14.673403 1152.467364
v 285.152672 14.619481 1152.465117
v 285.358873 54.598900 1152.468556
v 285.298569 54.729073 1152.467364
v 285.152672 54.782995 1152.465117
v 277.255639 54.598900 1152.237653
v 277.315616 54.729073 1152.240272
v 277.461440 54.782995 1152.246160
v 277.255639 14.803574 1152.237653
v 277.315616 14.673406 1152.240272
v 277.461440 14.619481 1152.246160
v 285.832498 14.803579 1153.773959
v 285.775802 14.673403 1153.783029
v 285.638835 14.619483 1153.805200
v 285.832498 54.598907 1153.773959
v 285.775802 54.729087 1153.783029
v 285.638835 54.783002 1153.805200
v 276.747487 54.729073 1186.216096
v 276.611424 54.782995 1186.212197
v 276.607354 54.729073 1186.348394
v 276.605877 54.598900 1186.404822
v 276.743569 54.598900 1186.352312
v 276.804067 54.598900 1186.217592
v 276.743569 14.803579 1186.352312
v 276.605877 14.803574 1186.404822
v 276.607354 14.673403 1186.348394
v 276.611424 14.619481 1186.212197
v 276.747487 14.673405 1186.216096
v 276.804067 14.803574 1186.217592
v 277.546523 14.619484 1153.358709
v 277.681022 14.673401 1153.418968
v 277.736671 14.803579 1153.443866
v 278.828418 14.619484 1152.142415
v 278.880764 14.673405 1152.280512
v 278.902937 14.803579 1152.337263
v 278.976487 14.803579 1149.748830
v 278.988843 14.673403 1149.805498
v 279.018029 14.619483 1149.942887
v 278.976487 54.598900 1149.748830
v 278.988843 54.729073 1149.805498
v 279.018029 54.782995 1149.942887
v 277.549602 54.782995 1153.245618
v 277.683825 54.729073 1153.323045
v 277.739391 54.598900 1153.355038
v 285.004405 14.619481 1153.571069
v 284.866816 14.673403 1153.623360
v 284.809894 14.803579 1153.644875
v 284.898766 14.803579 1150.509029
v 284.871053 14.673405 1150.557929
v 284.803369 14.619483 1150.676511
v 284.803369 54.782995 1150.676511
v 284.871053 54.729073 1150.557929
v 284.898766 54.598907 1150.509029
v 285.007697 54.782995 1153.457811
v 284.869364 54.729073 1153.527638
v 284.812145 54.598900 1153.556415
v 283.699789 54.598907 1152.781063
v 283.718196 54.729087 1152.725133
v 283.762744 54.782995 1152.590111
v 283.729412 54.782995 1150.076940
v 283.766732 54.729073 1149.941664
v 283.782228 54.598900 1149.885537
v 283.782228 14.803579 1149.885537
v 283.766732 14.673403 1149.941664
v 283.729412 14.619483 1150.076940
v 283.793875 14.619483 1152.283962
v 283.733439 14.673403 1152.418496
v 283.708498 14.803579 1152.474179
v 278.894015 54.598900 1152.644314
v 278.879080 54.729073 1152.587259
v 278.842154 54.782995 1152.450017
v 284.817724 14.697326 1186.556830
v 284.817724 54.705152 1186.556830
v 275.856454 14.697326 1186.302005
v 275.856454 54.705152 1186.302005
v 276.880147 14.694500 1150.877981
v 276.882572 54.705158 1150.876768
v 285.809650 14.694548 1151.128240
v 285.808710 54.705158 1151.130907
v 283.955206 14.697326 1186.532290
v 283.955206 54.705152 1186.532290
v 276.719448 54.705152 1186.326448
v 276.719448 14.697326 1186.326448
vt -0.028541 0.516937
vt -0.028550 0.572261
vt -0.030233 0.572261
vt -0.030224 0.516937
vt -0.028533 0.468721
vt -0.030216 0.470412
vt -0.028558 0.620022
vt -0.030241 0.618918
vt -0.019714 0.470413
vt -0.019722 0.516939
vt -0.021405 0.516939
vt -0.021397 0.468723
vt -0.019731 0.572263
vt -0.021414 0.572263
vt -0.019739 0.618920
vt -0.021422 0.620023
vt -0.031111 0.377334
vt -0.031121 0.377543
vt -0.079945 0.377117
vt -0.079947 0.376906
vt -0.031131 0.377759
vt -0.079926 0.377336
vt -0.030675 0.377300
vt -0.030894 0.377309
vt -0.030896 0.317935
vt -0.030677 0.317937
vt -0.031115 0.317933
vt -0.030701 0.377711
vt -0.030677 0.377502
vt -0.029708 0.377480
vt -0.029671 0.377694
vt -0.029724 0.377279
vt -0.030741 0.317514
vt -0.030946 0.317500
vt -0.030989 0.316535
vt -0.030782 0.316494
vt -0.031156 0.317507
vt -0.031196 0.316557
vt -0.076720 0.456108
vt -0.076740 0.456318
vt -0.077693 0.456290
vt -0.077671 0.456083
vt -0.076483 0.456565
vt -0.076268 0.456555
vt -0.076192 0.457503
vt -0.076406 0.457539
vt -0.076284 0.456126
vt -0.076503 0.456132
vt -0.076505 0.396655
vt -0.076286 0.396639
vt -0.076725 0.396671
vt -0.076219 0.396221
vt -0.076424 0.396189
vt -0.076344 0.395248
vt -0.076139 0.395282
vt -0.076634 0.396179
vt -0.076541 0.395191
vt -0.076235 0.396436
vt -0.027266 0.396853
vt -0.027252 0.397063
vt -0.027341 0.396639
vt -0.055339 0.534336
vt -0.055292 0.534546
vt -0.057258 0.534640
vt -0.057245 0.534427
vt -0.055079 0.534739
vt -0.054863 0.534758
vt -0.054896 0.536866
vt -0.055115 0.536756
vt -0.054892 0.534334
vt -0.055111 0.534334
vt -0.055096 0.475017
vt -0.054866 0.475025
vt -0.055327 0.475006
vt -0.054871 0.534537
vt -0.053387 0.534505
vt -0.053340 0.534733
vt -0.053432 0.534282
vt -0.054851 0.474807
vt -0.053377 0.474835
vt -0.053422 0.475062
vt -0.054852 0.474581
vt -0.053329 0.474602
vt -0.041126 0.534330
vt -0.041141 0.534549
vt -0.042616 0.534518
vt -0.042569 0.534291
vt -0.041141 0.534776
vt -0.042665 0.534750
vt -0.040679 0.534365
vt -0.040898 0.534346
vt -0.040886 0.475013
vt -0.040655 0.475002
vt -0.041117 0.475021
vt -0.041130 0.474582
vt -0.041132 0.474806
vt -0.042603 0.474837
vt -0.042651 0.474609
vt -0.042559 0.475059
vt -0.040702 0.474792
vt -0.038736 0.474697
vt -0.038749 0.474910
vt -0.040914 0.474601
vt -0.041093 0.472475
vt -0.040875 0.472584
vt -0.031176 0.378704
vt -0.031186 0.378920
vt -0.080100 0.378506
vt -0.080204 0.378288
vt -0.031195 0.379129
vt -0.080039 0.378716
vt -0.029287 0.377297
vt -0.029505 0.377281
vt -0.029506 0.317948
vt -0.029287 0.317950
vt -0.029725 0.317946
vt -0.076135 0.395065
vt -0.027216 0.395506
vt -0.027097 0.395729
vt -0.076148 0.394855
vt -0.027273 0.395290
vt -0.078115 0.396774
vt -0.077896 0.396758
vt -0.077890 0.456079
vt -0.078109 0.456072
vt -0.077677 0.396741
vt -0.019569 0.387071
vt -0.019375 0.387101
vt -0.020232 0.389098
vt -0.020416 0.388988
vt -0.019144 0.387067
vt -0.020033 0.389198
vt -0.028067 0.455936
vt -0.079358 0.318147
vt -0.079329 0.317720
vt -0.079769 0.316770
vt -0.057240 0.474916
vt -0.041113 0.536903
vt -0.041620 0.536990
vt -0.038749 0.534443
vt -0.041653 0.472509
vt -0.025209 0.397199
vt -0.026015 0.456080
vt -0.081832 0.377846
vt -0.082099 0.378237
vt -0.082007 0.376908
vt -0.081419 0.318070
vt -0.081265 0.316866
vt -0.081541 0.316394
vt -0.027748 0.457307
vt -0.028107 0.456362
vt -0.025788 0.456985
vt -0.026031 0.456577
vt -0.054389 0.536951
vt -0.054901 0.472462
vt -0.054341 0.472490
vt -0.024946 0.396463
vt -0.025322 0.396670
vt -0.088372 0.384429
vt -0.087641 0.385334
vt -0.088541 0.387861
vt -0.089006 0.386189
vt -0.051533 0.534543
vt -0.052007 0.536515
vt -0.051543 0.475223
vt -0.051562 0.534129
vt -0.051992 0.472758
vt -0.051514 0.474815
vt -0.024621 0.395037
vt -0.023157 0.395815
vt -0.027148 0.319829
vt -0.027147 0.375401
vt -0.080252 0.454211
vt -0.080258 0.398733
vt -0.033386 0.380972
vt -0.079749 0.380561
vt -0.076185 0.457931
vt -0.027882 0.457737
vt -0.027992 0.459613
vt -0.074029 0.459793
vt -0.088127 0.387880
vt -0.087246 0.385540
vt -0.085675 0.386633
vt -0.086556 0.388620
vt -0.031187 0.316129
vt -0.079622 0.316342
vt -0.079639 0.314470
vt -0.033358 0.314266
vt -0.024888 0.394718
vt -0.026985 0.395320
vt -0.027501 0.394383
vt -0.026068 0.393543
vt -0.073985 0.393008
vt -0.027693 0.393731
vt -0.044448 0.534127
vt -0.044429 0.475214
vt -0.044001 0.536596
vt -0.044478 0.534535
vt -0.082678 0.379698
vt -0.083719 0.379121
vt -0.081255 0.381488
vt -0.082415 0.380047
vt -0.021944 0.387921
vt -0.021091 0.386233
vt -0.018843 0.390289
vt -0.018424 0.388539
vt -0.044460 0.474800
vt -0.043995 0.472831
vt -0.076273 0.456337
vt -0.028075 0.456146
vt -0.025284 0.396930
vt -0.051533 0.475023
vt -0.040927 0.534749
vt -0.040894 0.536793
vt -0.040716 0.534563
vt -0.038737 0.534656
vt -0.081431 0.317855
vt -0.079351 0.317937
vt -0.081489 0.317634
vt -0.055068 0.474602
vt -0.055119 0.472574
vt -0.055281 0.474796
vt -0.057253 0.474704
vt -0.026043 0.456326
vt -0.082093 0.377341
vt -0.082027 0.377123
vt -0.031143 0.317724
vt -0.076185 0.457720
vt -0.027838 0.457525
vt -0.088321 0.387846
vt -0.087434 0.385432
vt -0.051552 0.534333
vt -0.082548 0.379881
vt -0.044458 0.534327
vt -0.044440 0.475011
vt -0.031198 0.316339
vt -0.079664 0.316552
vt -0.024755 0.394870
vt -0.027005 0.395510
vt -0.030953 0.377578
vt -0.030847 0.377466
vt -0.030865 0.317768
vt -0.030979 0.317671
vt -0.076455 0.456346
vt -0.076569 0.456301
vt -0.076530 0.396439
vt -0.076402 0.396363
vt -0.055069 0.534519
vt -0.055055 0.474826
vt -0.040938 0.534532
vt -0.040927 0.474823
vt -0.029428 0.377545
vt -0.029541 0.377439
vt -0.030933 0.316258
vt -0.031034 0.316371
vt -0.076393 0.394973
vt -0.076294 0.395090
vt -0.076404 0.457882
vt -0.076356 0.457717
vt -0.077867 0.456246
vn -0.028393 0.000000 0.999597
vn -0.028393 0.000000 0.999597
vn -0.028393 0.000000 0.999597
vn -0.028393 0.000000 0.999597
vn 0.000001 -1.000000 0.000000
vn 0.000001 -1.000000 0.000000
vn 0.000001 -1.000000 0.000000
vn 0.000001 -1.000000 0.000000
vn 0.000000 1.000000 0.000000
vn 0.000000 1.000000 0.000000
vn 0.000000 1.000000 0.000000
vn 0.000000 1.000000 0.000000
vn 0.000000 -1.000000 0.000000
vn 0.000000 -1.000000 0.000000
vn 0.000000 -1.000000 0.000000
vn 0.000000 -1.000000 0.000000
vn -0.028450 0.000000 0.999595
vn -0.028450 0.000000 0.999595
vn -0.028450 0.000000 0.999595
vn -0.028450 0.000000 0.999595
vn 0.000002 1.000000 0.000000
vn 0.000002 1.000000 0.000000
vn 0.000002 1.000000 0.000000
vn 0.000002 1.000000 0.000000
vn 0.000000 -1.000000 0.000000
vn 0.000000 -1.000000 0.000000
vn 0.000000 -1.000000 0.000000
vn 0.000000 -1.000000 0.000000
vn -0.028450 0.000000 0.999595
vn -0.028450 0.000000 0.999595
vn -0.028450 0.000000 0.999595
vn -0.028450 0.000000 0.999595
vn 0.000000 1.000000 0.000000
vn 0.000000 1.000000 0.000000
vn 0.000000 1.000000 0.000000
vn 0.000000 1.000000 0.000000
vn 0.917093 -0.397818 0.026102
vn 0.917093 -0.397818 0.026102
vn 0.917093 -0.397818 0.026102
vn 0.917093 -0.397818 0.026102
vn 0.367916 -0.929800 0.010472
vn 0.367916 -0.929800 0.010472
vn 0.367916 -0.929800 0.010472
vn 0.367916 -0.929800 0.010472
vn 0.356246 0.000000 0.934392
vn 0.356246 0.000000 0.934392
vn 0.356246 0.000000 0.934392
vn 0.356246 0.000000 0.934392
vn 0.912626 0.000000 0.408796
vn 0.912626 0.000000 0.408796
vn 0.912626 0.000000 0.408796
vn 0.912626 0.000000 0.408796
vn -0.010472 -0.929810 0.367891
vn -0.010472 -0.929810 0.367891
vn -0.010472 -0.929810 0.367891
vn -0.010472 -0.929810 0.367891
vn -0.026113 -0.397750 0.917122
vn -0.026113 -0.397750 0.917122
vn -0.026113 -0.397750 0.917122
vn -0.026113 -0.397750 0.917122
vn -0.026110 0.397757 0.917119
vn -0.026110 0.397757 0.917119
vn -0.026110 0.397757 0.917119
vn -0.026110 0.397757 0.917119
vn -0.010467 0.929809 0.367894
vn -0.010467 0.929809 0.367894
vn -0.010467 0.929809 0.367894
vn -0.010467 0.929809 0.367894
vn -0.026105 -0.397697 0.917145
vn -0.026105 -0.397697 0.917145
vn -0.026105 -0.397697 0.917145
vn -0.026105 -0.397697 0.917145
vn -0.010472 -0.929817 0.367873
vn -0.010472 -0.929817 0.367873
vn -0.010472 -0.929817 0.367873
vn -0.010472 -0.929817 0.367873
vn -0.934389 0.000000 0.356256
vn -0.934389 0.000000 0.356256
vn -0.934389 0.000000 0.356256
vn -0.934389 0.000000 0.356256
vn -0.408842 0.000000 0.912605
vn -0.408842 0.000000 0.912605
vn -0.408842 0.000000 0.912605
vn -0.408842 0.000000 0.912605
vn -0.010467 0.929834 0.367830
vn -0.010467 0.929834 0.367830
vn -0.010467 0.929834 0.367830
vn -0.010467 0.929834 0.367830
vn -0.026099 0.397679 0.917153
vn -0.026099 0.397679 0.917153
vn -0.026099 0.397679 0.917153
vn -0.026099 0.397679 0.917153
vn -0.917217 0.397532 -0.026106
vn -0.917217 0.397532 -0.026106
vn -0.917217 0.397532 -0.026106
vn -0.917217 0.397532 -0.026106
vn -0.367852 0.929825 -0.010470
vn -0.367852 0.929825 -0.010470
vn -0.367852 0.929825 -0.010470
vn -0.367852 0.929825 -0.010470
vn -0.869632 -0.397899 0.292261
vn -0.869632 -0.397899 0.292261
vn -0.869632 -0.397899 0.292261
vn -0.869632 -0.397899 0.292261
vn -0.348994 -0.929756 0.117293
vn -0.348994 -0.929756 0.117293
vn -0.348993 -0.929756 0.117293
vn -0.348993 -0.929756 0.117293
vn -0.742212 0.000074 -0.670165
vn -0.742212 0.000074 -0.670165
vn -0.742212 0.000074 -0.670165
vn -0.742212 0.000074 -0.670165
vn -0.999767 0.000041 -0.021567
vn -0.999767 0.000041 -0.021567
vn -0.999767 0.000041 -0.021567
vn -0.999767 0.000041 -0.021567
vn -0.160457 -0.933903 -0.319499
vn -0.160457 -0.933903 -0.319499
vn -0.160457 -0.933903 -0.319499
vn -0.160457 -0.933903 -0.319499
vn -0.410363 -0.409834 -0.814640
vn -0.410363 -0.409834 -0.814640
vn -0.410363 -0.409834 -0.814640
vn -0.410363 -0.409834 -0.814640
vn -0.415545 0.397919 -0.817914
vn -0.415545 0.397919 -0.817914
vn -0.415545 0.397919 -0.817914
vn -0.415545 0.397919 -0.817914
vn -0.166733 0.929788 -0.328168
vn -0.166733 0.929788 -0.328168
vn -0.166733 0.929788 -0.328168
vn -0.166733 0.929788 -0.328168
vn 0.461402 -0.397885 -0.792966
vn 0.461402 -0.397885 -0.792966
vn 0.461402 -0.397885 -0.792966
vn 0.461402 -0.397885 -0.792966
vn 0.185129 -0.929782 -0.318172
vn 0.185129 -0.929782 -0.318172
vn 0.185129 -0.929782 -0.318172
vn 0.185129 -0.929782 -0.318172
vn 0.999890 0.000074 0.014830
vn 0.999890 0.000074 0.014830
vn 0.999890 0.000074 0.014830
vn 0.999890 0.000074 0.014830
vn 0.766078 0.000042 -0.642747
vn 0.766078 0.000042 -0.642747
vn 0.766078 0.000042 -0.642747
vn 0.766078 0.000042 -0.642747
vn 0.185125 0.929787 -0.318159
vn 0.185125 0.929787 -0.318159
vn 0.185124 0.929787 -0.318159
vn 0.185125 0.929787 -0.318159
vn 0.461416 0.397850 -0.792976
vn 0.461416 0.397850 -0.792976
vn 0.461416 0.397850 -0.792976
vn 0.461416 0.397850 -0.792976
vn 0.851649 0.397776 0.341274
vn 0.851649 0.397776 0.341274
vn 0.851649 0.397776 0.341274
vn 0.851649 0.397776 0.341274
vn 0.341681 0.929788 0.136926
vn 0.341681 0.929788 0.136926
vn 0.341681 0.929788 0.136926
vn 0.341681 0.929788 0.136926
vn -0.367898 -0.929807 -0.010471
vn -0.367898 -0.929807 -0.010471
vn -0.367898 -0.929807 -0.010471
vn -0.367898 -0.929807 -0.010471
vn -0.917169 -0.397642 -0.026104
vn -0.917169 -0.397642 -0.026104
vn -0.917169 -0.397642 -0.026104
vn -0.917169 -0.397642 -0.026104
vn -0.934419 0.000000 0.356175
vn -0.934419 0.000000 0.356175
vn -0.934419 0.000000 0.356175
vn -0.934419 0.000000 0.356175
vn -0.408842 0.000000 0.912605
vn -0.408842 0.000000 0.912605
vn -0.408842 0.000000 0.912605
vn -0.408842 0.000000 0.912605
vn 0.367865 0.929820 0.010470
vn 0.367865 0.929820 0.010470
vn 0.367865 0.929820 0.010470
vn 0.367865 0.929820 0.010470
vn 0.917201 0.397570 0.026105
vn 0.917201 0.397570 0.026105
vn 0.917201 0.397570 0.026105
vn 0.917201 0.397570 0.026105
vn 0.912626 0.000000 0.408796
vn 0.912626 0.000000 0.408796
vn 0.912626 0.000000 0.408796
vn 0.912626 0.000000 0.408796
vn 0.356175 0.000000 0.934419
vn 0.356175 0.000000 0.934419
vn 0.356175 0.000000 0.934419
vn 0.356175 0.000000 0.934419
vn -0.524661 0.397726 0.752692
vn -0.524661 0.397726 0.752692
vn -0.524661 0.397726 0.752692
vn -0.524661 0.397726 0.752692
vn -0.210460 0.929806 0.301941
vn -0.210460 0.929806 0.301940
vn -0.210460 0.929806 0.301941
vn -0.210460 0.929806 0.301941
vn -0.028463 0.000000 0.999595
vn -0.028463 0.000000 0.999595
vn -0.028463 0.000000 0.999595
vn -0.028463 0.000000 0.999595
vn -0.999595 0.000000 -0.028450
vn -0.999595 0.000000 -0.028450
vn -0.999595 0.000000 -0.028450
vn -0.999595 0.000000 -0.028450
vn 0.502907 0.000000 -0.864340
vn 0.502907 0.000000 -0.864340
vn 0.502907 0.000000 -0.864340
vn 0.502907 0.000000 -0.864340
vn 0.999595 0.000000 0.028450
vn 0.999595 0.000000 0.028450
vn 0.999595 0.000000 0.028450
vn 0.999595 0.000000 0.028450
vn 0.000000 1.000000 0.000000
vn 0.000000 1.000000 0.000000
vn 0.000000 1.000000 0.000000
vn 0.000000 1.000000 0.000000
vn 0.000001 -1.000000 0.000000
vn 0.000001 -1.000000 0.000000
vn 0.000001 -1.000000 0.000000
vn 0.000001 -1.000000 0.000000
vn -0.947893 0.000000 0.318590
vn -0.947893 0.000000 0.318590
vn -0.947893 0.000000 0.318590
vn -0.947893 0.000000 0.318590
vn 0.000001 -1.000000 -0.000001
vn 0.000001 -1.000000 -0.000001
vn 0.000001 -1.000000 -0.000001
vn 0.000001 -1.000000 -0.000001
vn 0.928241 0.000000 0.371980
vn 0.928241 0.000000 0.371980
vn 0.928241 0.000000 0.371980
vn 0.928241 0.000000 0.371980
vn 0.000005 1.000000 0.000000
vn 0.000005 1.000000 0.000000
vn 0.000005 1.000000 0.000000
vn 0.000005 1.000000 0.000000
vn -0.919131 0.000000 -0.393952
vn -0.919131 0.000000 -0.393952
vn -0.919131 0.000000 -0.393952
vn -0.919131 0.000000 -0.393952
vn 0.000003 -1.000000 -0.000001
vn 0.000003 -1.000000 -0.000001
vn 0.000003 -1.000000 -0.000001
vn 0.000003 -1.000000 -0.000001
vn 0.940050 0.000000 -0.341036
vn 0.940050 0.000000 -0.341036
vn 0.940050 0.000000 -0.341036
vn 0.940050 0.000000 -0.341036
vn 0.000005 1.000000 -0.000005
vn 0.000005 1.000000 -0.000005
vn 0.000005 1.000000 -0.000005
vn 0.000005 1.000000 -0.000005
vn -0.028440 0.000000 0.999596
vn -0.028440 0.000000 0.999596
vn -0.028440 0.000000 0.999596
vn -0.028440 0.000000 0.999596
vn 0.000002 -1.000000 0.000000
vn 0.000002 -1.000000 0.000000
vn 0.000002 -1.000000 0.000000
vn 0.000002 -1.000000 0.000000
vn 0.000007 -1.000000 0.000002
vn 0.000007 -1.000000 0.000002
vn 0.000007 -1.000000 0.000002
vn 0.000007 -1.000000 0.000002
vn 0.000004 -1.000000 0.000000
vn 0.000004 -1.000000 0.000000
vn 0.000004 -1.000000 0.000000
vn 0.000004 -1.000000 0.000000
vn -0.452919 0.000000 -0.891551
vn -0.452919 0.000000 -0.891551
vn -0.452919 0.000000 -0.891551
vn -0.452919 0.000000 -0.891551
vn -0.000003 1.000000 -0.000000
vn -0.000003 1.000000 -0.000000
vn -0.000003 1.000000 -0.000000
vn -0.000003 1.000000 -0.000000
vn -0.000003 1.000000 0.000006
vn -0.000003 1.000000 0.000006
vn -0.000003 1.000000 0.000006
vn -0.000003 1.000000 0.000006
vn 0.000000 1.000000 0.000000
vn 0.000000 1.000000 0.000000
vn 0.000000 1.000000 0.000000
vn 0.000000 1.000000 0.000000
vn -0.000000 -1.000000 0.000001
vn -0.000000 -1.000000 0.000001
vn -0.000000 -1.000000 0.000001
vn -0.000000 -1.000000 0.000001
vn -0.000000 -1.000000 0.000001
vn -0.000000 -1.000000 0.000001
vn -0.000000 -1.000000 0.000001
vn -0.000000 -1.000000 0.000001
vn -0.436930 0.000000 -0.899496
vn -0.436930 0.000000 -0.899496
vn -0.436930 0.000000 -0.899496
vn -0.436930 0.000000 -0.899496
vn -0.000001 1.000000 -0.000001
vn -0.000001 1.000000 -0.000001
vn -0.000001 1.000000 -0.000001
vn -0.000001 1.000000 -0.000001
vn 0.000002 1.000000 0.000004
vn 0.000002 1.000000 0.000004
vn 0.000002 1.000000 0.000004
vn 0.000002 1.000000 0.000004
vn -0.999595 0.000000 -0.028450
vn -0.999595 0.000000 -0.028450
vn -0.999595 0.000000 -0.028450
vn -0.999595 0.000000 -0.028450
vn 0.999595 0.000000 0.028450
vn 0.999595 0.000000 0.028450
vn 0.999595 0.000000 0.028450
vn 0.999595 0.000000 0.028450
vn -0.999595 0.000000 -0.028450
vn -0.999595 0.000000 -0.028450
vn -0.999595 0.000000 -0.028450
vn -0.999595 0.000000 -0.028450
vn 0.999595 0.000008 0.028450
vn 0.999595 0.000008 0.028450
vn 0.999595 0.000008 0.028450
vn 0.999595 0.000008 0.028450
vn 0.688317 0.000000 0.725410
vn 0.688317 0.000000 0.725410
vn 0.688317 0.000000 0.725410
vn 0.688317 0.000000 0.725410
vn -0.999595 0.000004 -0.028450
vn -0.999595 0.000004 -0.028450
vn -0.999595 0.000004 -0.028450
vn -0.999595 0.000004 -0.028450
vn 0.524223 0.000000 0.851581
vn 0.524223 0.000000 0.851581
vn 0.524223 0.000000 0.851581
vn 0.524223 0.000000 0.851581
vn 0.999595 0.000020 0.028449
vn 0.999595 0.000020 0.028449
vn 0.999595 0.000020 0.028449
vn 0.999595 0.000020 0.028449
vn 0.487375 0.000000 -0.873193
vn 0.487375 0.000000 -0.873193
vn 0.487375 0.000000 -0.873193
vn 0.487375 0.000000 -0.873193
vn -0.000002 -1.000000 -0.000000
vn -0.000002 -1.000000 -0.000000
vn -0.000002 -1.000000 -0.000000
vn -0.000002 -1.000000 -0.000000
vn -0.000001 -1.000000 -0.000002
vn -0.000001 -1.000000 -0.000002
vn -0.000001 -1.000000 -0.000002
vn -0.000001 -1.000000 -0.000002
vn -0.728457 0.000000 0.685091
vn -0.728457 0.000000 0.685092
vn -0.728457 0.000000 0.685092
vn -0.728457 0.000000 0.685092
vn -0.571815 0.000000 0.820382
vn -0.571815 0.000000 0.820382
vn -0.571815 0.000000 0.820382
vn -0.571815 0.000000 0.820382
vn -0.000003 1.000000 0.000005
vn -0.000003 1.000000 0.000005
vn -0.000003 1.000000 0.000005
vn -0.000003 1.000000 0.000005
vn -0.000001 1.000000 -0.000002
vn -0.000001 1.000000 -0.000002
vn -0.000001 1.000000 -0.000002
vn -0.000001 1.000000 -0.000002
vn 0.028451 0.000000 -0.999595
vn 0.028451 0.000000 -0.999595
vn 0.028451 0.000000 -0.999595
vn 0.028451 0.000000 -0.999595
vn 0.000000 -1.000000 0.000000
vn 0.000000 -1.000000 0.000000
vn 0.000000 -1.000000 0.000000
vn 0.000000 -1.000000 0.000000
vn 0.000000 -1.000000 0.000000
vn 0.000000 -1.000000 0.000000
vn 0.000000 -1.000000 0.000000
vn 0.000000 -1.000000 0.000000
vn -0.028452 0.000000 0.999595
vn -0.028452 0.000000 0.999595
vn -0.028452 0.000000 0.999595
vn -0.028452 0.000000 0.999595
vn -0.028450 0.000000 0.999595
vn -0.028450 0.000000 0.999595
vn -0.028450 0.000000 0.999595
vn -0.028450 0.000000 0.999595
vn -0.000000 1.000000 0.000005
vn -0.000000 1.000000 0.000005
vn -0.000000 1.000000 0.000005
vn -0.000000 1.000000 0.000005
vn 0.000000 1.000000 -0.000004
vn 0.000000 1.000000 -0.000004
vn 0.000000 1.000000 -0.000004
vn 0.000000 1.000000 -0.000004
vn -0.367860 -0.929822 -0.010470
vn -0.367860 -0.929822 -0.010470
vn -0.367860 -0.929822 -0.010470
vn -0.367861 -0.929822 -0.010470
vn -0.917219 -0.397527 -0.026106
vn -0.917219 -0.397526 -0.026106
vn -0.917219 -0.397527 -0.026106
vn -0.917219 -0.397527 -0.026106
vn -0.843335 0.397655 -0.361465
vn -0.843335 0.397655 -0.361465
vn -0.843335 0.397655 -0.361465
vn -0.843335 0.397655 -0.361465
vn -0.338268 0.929816 -0.144975
vn -0.338268 0.929816 -0.144975
vn -0.338268 0.929816 -0.144975
vn -0.338268 0.929816 -0.144975
vn -0.400880 0.397722 -0.825295
vn -0.400880 0.397722 -0.825295
vn -0.400880 0.397722 -0.825295
vn -0.400880 0.397722 -0.825295
vn -0.160804 0.929819 -0.331028
vn -0.160804 0.929819 -0.331028
vn -0.160804 0.929819 -0.331028
vn -0.160804 0.929819 -0.331028
vn 0.331702 -0.933786 0.134229
vn 0.331702 -0.933786 0.134229
vn 0.331702 -0.933786 0.134229
vn 0.331702 -0.933786 0.134229
vn 0.845829 -0.409840 0.341475
vn 0.845829 -0.409840 0.341475
vn 0.845829 -0.409840 0.341475
vn 0.845829 -0.409840 0.341475
vn 0.862484 0.397766 -0.312895
vn 0.862484 0.397766 -0.312895
vn 0.862484 0.397766 -0.312895
vn 0.862484 0.397766 -0.312895
vn 0.345966 0.929814 -0.125514
vn 0.345966 0.929814 -0.125514
vn 0.345966 0.929814 -0.125513
vn 0.345966 0.929814 -0.125514
vn -0.348968 0.929767 0.117283
vn -0.348968 0.929767 0.117283
vn -0.348968 0.929767 0.117283
vn -0.348968 0.929767 0.117283
vn -0.869634 0.397891 0.292266
vn -0.869634 0.397891 0.292266
vn -0.869634 0.397891 0.292266
vn -0.869634 0.397891 0.292266
vn -0.338300 -0.929801 -0.144998
vn -0.338300 -0.929801 -0.144998
vn -0.338300 -0.929801 -0.144998
vn -0.338300 -0.929801 -0.144998
vn -0.843332 -0.397666 -0.361460
vn -0.843332 -0.397666 -0.361460
vn -0.843332 -0.397666 -0.361460
vn -0.843332 -0.397666 -0.361460
vn 0.345979 -0.929809 -0.125514
vn 0.345979 -0.929809 -0.125514
vn 0.345979 -0.929809 -0.125514
vn 0.345979 -0.929809 -0.125514
vn 0.862484 -0.397765 -0.312896
vn 0.862484 -0.397765 -0.312896
vn 0.862484 -0.397765 -0.312896
vn 0.862484 -0.397765 -0.312896
vn 0.367910 0.929802 0.010471
vn 0.367910 0.929802 0.010471
vn 0.367910 0.929802 0.010471
vn 0.367910 0.929802 0.010471
vn 0.917092 0.397820 0.026102
vn 0.917092 0.397820 0.026102
vn 0.917092 0.397820 0.026102
vn 0.917092 0.397820 0.026102
vn 0.917107 -0.397786 0.026102
vn 0.917107 -0.397786 0.026102
vn 0.917107 -0.397786 0.026102
vn 0.917107 -0.397786 0.026102
vn 0.367833 -0.929833 0.010469
vn 0.367833 -0.929833 0.010469
vn 0.367833 -0.929833 0.010469
vn 0.367833 -0.929833 0.010469
vn 0.631552 -0.397669 0.665584
vn 0.631552 -0.397669 0.665584
vn 0.631552 -0.397669 0.665584
vn 0.631552 -0.397669 0.665584
vn 0.253287 -0.929834 0.266936
vn 0.253287 -0.929834 0.266936
vn 0.253287 -0.929834 0.266936
vn 0.253287 -0.929834 0.266936
vn -0.160813 -0.929805 -0.331061
vn -0.160813 -0.929805 -0.331061
vn -0.160813 -0.929805 -0.331061
vn -0.160813 -0.929805 -0.331061
vn -0.400883 -0.397726 -0.825292
vn -0.400882 -0.397725 -0.825293
vn -0.400883 -0.397726 -0.825292
vn -0.400883 -0.397726 -0.825292
vn -0.268117 -0.929803 0.252149
vn -0.268117 -0.929803 0.252149
vn -0.268117 -0.929803 0.252149
vn -0.268117 -0.929803 0.252149
vn -0.668383 -0.397668 0.628589
vn -0.668383 -0.397668 0.628589
vn -0.668383 -0.397668 0.628589
vn -0.668383 -0.397668 0.628589
vn 0.447173 -0.397720 -0.801158
vn 0.447173 -0.397720 -0.801158
vn 0.447173 -0.397720 -0.801158
vn 0.447173 -0.397720 -0.801158
vn 0.179347 -0.929833 -0.321318
vn 0.179347 -0.929833 -0.321318
vn 0.179347 -0.929833 -0.321318
vn 0.179347 -0.929833 -0.321318
vn 0.179343 0.929830 -0.321327
vn 0.179343 0.929830 -0.321327
vn 0.179343 0.929830 -0.321327
vn 0.179343 0.929830 -0.321327
vn 0.447177 0.397735 -0.801149
vn 0.447177 0.397735 -0.801149
vn 0.447177 0.397735 -0.801149
vn 0.447177 0.397735 -0.801149
vn -0.917199 0.397574 -0.026105
vn -0.917199 0.397574 -0.026105
vn -0.917199 0.397574 -0.026105
vn -0.917199 0.397574 -0.026105
vn -0.367828 0.929835 -0.010469
vn -0.367828 0.929835 -0.010469
vn -0.367828 0.929835 -0.010469
vn -0.367828 0.929835 -0.010469
vn -0.026103 0.397738 0.917128
vn -0.026103 0.397738 0.917128
vn -0.026103 0.397738 0.917128
vn -0.026103 0.397738 0.917128
vn -0.010471 0.929828 0.367846
vn -0.010471 0.929828 0.367846
vn -0.010471 0.929828 0.367846
vn -0.010471 0.929828 0.367846
vn 0.026103 0.397734 -0.917130
vn 0.026103 0.397734 -0.917130
vn 0.026103 0.397734 -0.917130
vn 0.026103 0.397734 -0.917130
vn 0.010468 0.929829 -0.367844
vn 0.010468 0.929829 -0.367844
vn 0.010468 0.929829 -0.367844
vn 0.010468 0.929829 -0.367844
vn 0.010470 -0.929818 -0.367870
vn 0.010470 -0.929818 -0.367870
vn 0.010470 -0.929818 -0.367870
vn 0.010470 -0.929818 -0.367870
vn 0.026104 -0.397731 -0.917131
vn 0.026104 -0.397731 -0.917131
vn 0.026104 -0.397731 -0.917131
vn 0.026104 -0.397731 -0.917131
vn -0.026103 -0.397712 0.917139
vn -0.026103 -0.397712 0.917139
vn -0.026103 -0.397712 0.917139
vn -0.026103 -0.397712 0.917139
vn -0.010470 -0.929814 0.367880
vn -0.010470 -0.929814 0.367880
vn -0.010470 -0.929814 0.367880
vn -0.010470 -0.929814 0.367880
vn 0.192926 0.929830 0.313363
vn 0.192926 0.929830 0.313363
vn 0.192926 0.929830 0.313363
vn 0.192926 0.929830 0.313363
vn 0.480984 0.397705 0.781336
vn 0.480984 0.397705 0.781336
vn 0.480984 0.397705 0.781336
vn 0.480984 0.397705 0.781336
vn 0.304655 -0.896200 0.322506
vn 0.304655 -0.896200 0.322506
vn 0.304655 -0.896200 0.322506
vn 0.304655 -0.896200 0.322506
vn 0.873901 -0.338712 0.348670
vn 0.873901 -0.338712 0.348670
vn 0.873901 -0.338712 0.348670
vn 0.873901 -0.338712 0.348670
vn 0.298401 -0.338797 0.892286
vn 0.298401 -0.338797 0.892286
vn 0.298401 -0.338797 0.892286
vn 0.298401 -0.338797 0.892285
vn 0.873900 0.338723 0.348663
vn 0.873900 0.338723 0.348663
vn 0.873900 0.338723 0.348663
vn 0.873900 0.338723 0.348663
vn 0.304653 0.896196 0.322521
vn 0.304653 0.896196 0.322520
vn 0.304653 0.896196 0.322521
vn 0.304653 0.896196 0.322521
vn 0.298399 0.338812 0.892280
vn 0.298399 0.338812 0.892280
vn 0.298399 0.338812 0.892280
vn 0.298399 0.338812 0.892280
vn -0.322497 -0.896199 0.304668
vn -0.322497 -0.896199 0.304668
vn -0.322497 -0.896199 0.304668
vn -0.322497 -0.896199 0.304668
vn -0.348633 -0.338659 0.873937
vn -0.348633 -0.338659 0.873937
vn -0.348633 -0.338659 0.873937
vn -0.348633 -0.338659 0.873937
vn -0.892329 -0.338713 0.298366
vn -0.892329 -0.338713 0.298366
vn -0.892329 -0.338713 0.298366
vn -0.892329 -0.338713 0.298366
vn -0.348638 0.338630 0.873946
vn -0.348638 0.338630 0.873946
vn -0.348638 0.338630 0.873946
vn -0.348638 0.338630 0.873946
vn -0.322492 0.896216 0.304624
vn -0.322492 0.896216 0.304624
vn -0.322492 0.896216 0.304624
vn -0.322492 0.896216 0.304624
vn -0.892326 0.338723 0.298364
vn -0.892326 0.338723 0.298364
vn -0.892326 0.338723 0.298364
vn -0.892326 0.338723 0.298364
vn -0.422149 -0.894753 -0.145629
vn -0.422149 -0.894753 -0.145629
vn -0.422149 -0.894753 -0.145629
vn -0.422149 -0.894753 -0.145629
vn -0.939715 -0.340158 0.035058
vn -0.939715 -0.340158 0.035058
vn -0.939715 -0.340158 0.035058
vn -0.939715 -0.340158 0.035058
vn -0.680610 -0.355975 -0.640354
vn -0.680610 -0.355975 -0.640354
vn -0.680610 -0.355975 -0.640354
vn -0.680610 -0.355975 -0.640354
vn -0.943634 0.330960 0.004482
vn -0.943634 0.330960 0.004482
vn -0.943634 0.330960 0.004482
vn -0.943634 0.330960 0.004482
vn -0.429139 0.886019 -0.175526
vn -0.429139 0.886019 -0.175526
vn -0.429139 0.886019 -0.175526
vn -0.429139 0.886019 -0.175526
vn -0.670031 0.330788 -0.664558
vn -0.670031 0.330788 -0.664558
vn -0.670031 0.330788 -0.664558
vn -0.670031 0.330788 -0.664558
vn 0.413754 -0.894613 -0.168747
vn 0.413754 -0.894613 -0.168747
vn 0.413754 -0.894613 -0.168747
vn 0.413754 -0.894613 -0.168747
vn 0.683776 -0.340200 -0.645534
vn 0.683776 -0.340200 -0.645534
vn 0.683776 -0.340200 -0.645534
vn 0.683776 -0.340200 -0.645534
vn 0.933874 -0.356101 0.032734
vn 0.933874 -0.356101 0.032734
vn 0.933874 -0.356101 0.032734
vn 0.933874 -0.356101 0.032734
vn 0.706796 0.330724 -0.625349
vn 0.706796 0.330724 -0.625349
vn 0.706796 0.330724 -0.625349
vn 0.706796 0.330724 -0.625349
vn 0.438355 0.886058 -0.150815
vn 0.438355 0.886058 -0.150815
vn 0.438355 0.886058 -0.150815
vn 0.438355 0.886058 -0.150815
vn 0.941933 0.330726 0.058154
vn 0.941933 0.330726 0.058154
vn 0.941933 0.330726 0.058154
vn 0.941933 0.330726 0.058154
vn -0.892371 -0.338601 0.298369
vn -0.892371 -0.338601 0.298369
vn -0.892371 -0.338601 0.298369
vn -0.892371 -0.338601 0.298369
vn -0.322478 -0.896208 0.304663
vn -0.322478 -0.896208 0.304663
vn -0.322478 -0.896208 0.304663
vn -0.322478 -0.896208 0.304663
vn -0.348649 -0.338718 0.873908
vn -0.348649 -0.338718 0.873908
vn -0.348649 -0.338718 0.873908
vn -0.348649 -0.338718 0.873908
vn -0.892356 0.338644 0.298363
vn -0.892356 0.338644 0.298363
vn -0.892356 0.338644 0.298363
vn -0.892356 0.338644 0.298363
vn -0.348653 0.338730 0.873901
vn -0.348653 0.338730 0.873901
vn -0.348653 0.338730 0.873901
vn -0.348653 0.338730 0.873901
vn -0.322509 0.896190 0.304683
vn -0.322509 0.896190 0.304683
vn -0.322509 0.896190 0.304683
vn -0.322509 0.896190 0.304683
vn 0.873878 0.338814 0.348629
vn 0.873878 0.338814 0.348629
vn 0.873878 0.338814 0.348629
vn 0.873878 0.338814 0.348629
vn 0.304631 0.896220 0.322473
vn 0.304631 0.896220 0.322473
vn 0.304631 0.896220 0.322473
vn 0.304631 0.896220 0.322473
vn 0.298367 0.338702 0.892333
vn 0.298367 0.338702 0.892333
vn 0.298367 0.338702 0.892333
vn 0.298367 0.338702 0.892333
vn 0.873878 -0.338822 0.348623
vn 0.873878 -0.338822 0.348623
vn 0.873878 -0.338822 0.348623
vn 0.873878 -0.338822 0.348623
vn 0.298367 -0.338702 0.892333
vn 0.298367 -0.338702 0.892333
vn 0.298367 -0.338702 0.892333
vn 0.298367 -0.338702 0.892333
vn 0.304645 -0.896209 0.322493
vn 0.304646 -0.896208 0.322493
vn 0.304645 -0.896209 0.322493
vn 0.304645 -0.896209 0.322493
s off
g UV_opuesta_mostrador polySurface181 polySurface1069
usemtl lambert7SG
f 741/1041/2849 742/1042/2850 727/1043/2851 728/1044/2852
f 740/1045/2853 741/1041/2854 728/1044/2855 730/1046/2856
f 742/1042/2857 743/1047/2858 732/1048/2859 727/1043/2860
f 729/1049/2861 726/1050/2862 735/1051/2863 734/1052/2864
f 726/1050/2865 725/1053/2866 736/1054/2867 735/1051/2868
f 725/1053/2869 731/1055/2870 737/1056/2871 736/1054/2872
f 734/1052/2873 735/1051/2874 741/1041/2875 740/1045/2876
f 735/1051/2877 736/1054/2878 742/1042/2879 741/1041/2880
f 736/1054/2881 737/1056/2882 743/1047/2883 742/1042/2884
f 746/1057/2885 745/1058/2886 830/1059/2887 829/1060/2888
f 745/1058/2889 750/1061/2890 831/1062/2891 830/1059/2892
f 748/1063/2893 747/1064/2894 755/1065/2895 754/1066/2896
f 747/1064/2897 746/1057/2898 756/1067/2899 755/1065/2900
f 750/1068/2901 749/1069/2902 795/1070/2903 794/1071/2904
f 749/1069/2905 748/1063/2906 796/1072/2907 795/1070/2908
f 754/1073/2909 753/1074/2910 801/1075/2911 800/1076/2912
f 753/1074/2913 752/1077/2914 802/1078/2915 801/1075/2916
f 758/1079/2917 757/1080/2918 843/1081/2919 842/1082/2920
f 757/1083/2921 762/1084/2922 844/1085/2923 843/1086/2924
f 760/1087/2925 759/1088/2926 767/1089/2927 766/1090/2928
f 759/1088/2929 758/1079/2930 768/1091/2931 767/1089/2932
f 764/1092/2933 763/1093/2934 837/1094/2935 836/1095/2936
f 763/1093/2937 768/1096/2938 838/1097/2939 837/1094/2940
f 766/1090/2941 765/1098/2942 809/1099/2943 808/1100/2944
f 765/1098/2945 764/1092/2946 810/1101/2947 809/1099/2948
f 770/1102/2949 769/1103/2950 827/1104/2951 826/1105/2952
f 769/1106/2953 774/1107/2954 828/1108/2955 827/1109/2956
f 772/1110/2957 771/1111/2958 779/1112/2959 778/1113/2960
f 771/1111/2961 770/1102/2962 780/1114/2963 779/1112/2964
f 774/1107/2965 773/1115/2966 812/1116/2967 811/1117/2968
f 773/1115/2969 772/1110/2970 813/1118/2971 812/1116/2972
f 778/1113/2973 777/1119/2974 815/1120/2975 814/1121/2976
f 777/1119/2977 776/1122/2978 816/1123/2979 815/1120/2980
f 782/1124/2981 781/1125/2982 866/1126/2983 865/1127/2984
f 781/1125/2985 786/1128/2986 867/1129/2987 866/1126/2988
f 784/1130/2989 783/1131/2990 791/1132/2991 790/1133/2992
f 783/1131/2993 782/1124/2994 792/1134/2995 791/1132/2996
f 788/1135/2997 787/1136/2998 869/1137/2999 868/1138/3000
f 787/1136/3001 792/1134/3002 870/1139/3003 869/1137/3004
f 790/1133/3005 789/1140/3006 821/1141/3007 820/1142/3008
f 789/1143/3009 788/1135/3010 822/1144/3011 821/1145/3012
f 794/1146/3013 793/1147/3014 863/1148/3015 862/1149/3016
f 793/1147/3017 798/1150/3018 864/1151/3019 863/1148/3020
f 798/1152/3021 797/1153/3022 799/1154/3023 804/1155/3024
f 797/1153/3025 796/1072/3026 800/1156/3027 799/1154/3028
f 836/1095/3029 835/1157/3030 860/1158/3031 859/1159/3032
f 835/1157/3033 840/1160/3034 861/1161/3035 860/1158/3036
f 840/1162/3037 839/1163/3038 841/1164/3039 846/1165/3040
f 839/1163/3041 838/1166/3042 842/1082/3043 841/1164/3044
f 873/1167/3045 872/1168/3046 875/1169/3047 874/1170/3048
f 872/1168/3049 871/1171/3050 876/1172/3051 875/1169/3052
f 748/1063/3053 754/1066/3054 800/1156/3055 796/1072/3056
f 760/1087/3057 766/1090/3058 808/1100/3059 805/1173/3060
f 865/1127/3061 870/1139/3062 792/1134/3063 782/1124/3064
f 829/1060/3065 832/1174/3066 756/1067/3067 746/1057/3068
f 752/1077/3069 834/1175/3070 871/1176/3071 802/1078/3072
f 831/1062/3073 750/1061/3074 794/1146/3075 862/1149/3076
f 826/1105/3077 823/1177/3078 780/1114/3079 770/1102/3080
f 786/1128/3081 819/1178/3082 723/1179/3083 867/1129/3084
f 784/1130/3085 790/1133/3086 820/1142/3087 817/1180/3088
f 724/1181/3089 822/1144/3090 788/1135/3091 868/1138/3092
f 805/1173/3093 808/1100/3094 823/1182/3095 826/1183/3096
f 819/1184/3097 831/1062/3098 862/1149/3099 723/1185/3100
f 817/1186/3101 820/1187/3102 832/1174/3103 829/1060/3104
f 871/1176/3105 834/1175/3106 822/1188/3107 724/1189/3108
f 842/1082/3109 838/1166/3110 768/1091/3111 758/1079/3112
f 847/1190/3113 844/1085/3114 762/1084/3115 807/1191/3116
f 721/1192/3117 847/1190/3118 807/1191/3119 828/1193/3120
f 811/1117/3121 721/1194/3122 828/1108/3123 774/1107/3124
f 772/1110/3125 778/1113/3126 814/1121/3127 813/1118/3128
f 825/1195/3129 722/1196/3130 816/1123/3131 776/1122/3132
f 810/1101/3133 859/1159/3134 722/1197/3135 825/1198/3136
f 836/1095/3137 859/1159/3138 810/1101/3139 764/1092/3140
f 739/1199/3141 850/1200/3142 847/1201/3143 721/1202/3144
f 855/1203/3145 739/1204/3146 721/1194/3147 811/1117/3148
f 813/1118/3149 814/1121/3150 856/1205/3151 853/1206/3152
f 722/1196/3153 744/1207/3154 858/1208/3155 816/1123/3156
f 859/1159/3157 888/1209/3158 744/1210/3159 722/1197/3160
f 798/1152/3161 804/1155/3162 725/1211/3163 726/1212/3164
f 840/1162/3165 846/1165/3166 728/1213/3167 727/1214/3168
f 864/1151/3169 798/1150/3170 726/1215/3171 729/1216/3172
f 846/1217/3173 849/1218/3174 730/1219/3175 728/1220/3176
f 849/1221/3177 852/1222/3178 740/1223/3179 730/1224/3180
f 804/1225/3181 873/1226/3182 731/1227/3183 725/1228/3184
f 886/1229/3185 861/1230/3186 732/1231/3187 743/1232/3188
f 861/1161/3189 840/1160/3190 727/1233/3191 732/1234/3192
f 880/1235/3193 879/1236/3194 870/1139/3195 865/1127/3196
f 867/1129/3197 723/1179/3198 733/1237/3199 882/1238/3200
f 723/1185/3201 862/1149/3202 883/1239/3203 733/1240/3204
f 734/1241/3205 885/1242/3206 864/1151/3207 729/1216/3208
f 873/1167/3209 874/1170/3210 737/1243/3211 731/1244/3212
f 738/1245/3213 876/1172/3214 871/1171/3215 724/1246/3216
f 877/1247/3217 738/1248/3218 724/1181/3219 868/1138/3220
f 853/1206/3221 856/1205/3222 879/1236/3223 880/1235/3224
f 882/1238/3225 733/1237/3226 739/1204/3227 855/1203/3228
f 733/1240/3229 883/1239/3230 850/1200/3231 739/1199/3232
f 740/1223/3233 852/1222/3234 885/1242/3235 734/1241/3236
f 874/1170/3237 886/1229/3238 743/1232/3239 737/1243/3240
f 744/1210/3241 888/1209/3242 876/1172/3243 738/1245/3244
f 858/1208/3245 744/1207/3246 738/1248/3247 877/1247/3248
f 762/1084/3249 761/1249/3250 806/1250/3251 807/1191/3252
f 761/1249/3253 760/1087/3254 805/1173/3255 806/1250/3256
f 808/1100/3257 809/1099/3258 824/1251/3259 823/1182/3260
f 809/1099/3261 810/1101/3262 825/1198/3263 824/1251/3264
f 814/1121/3265 815/1120/3266 857/1252/3267 856/1205/3268
f 815/1120/3269 816/1123/3270 858/1208/3271 857/1252/3272
f 786/1128/3273 785/1253/3274 818/1254/3275 819/1178/3276
f 785/1255/3277 784/1130/3278 817/1180/3279 818/1256/3280
f 820/1187/3281 821/1257/3282 833/1258/3283 832/1174/3284
f 821/1257/3285 822/1259/3286 834/1175/3287 833/1258/3288
f 776/1122/3289 775/1260/3290 824/1261/3291 825/1195/3292
f 775/1262/3293 780/1114/3294 823/1177/3295 824/1263/3296
f 807/1191/3297 806/1250/3298 827/1264/3299 828/1193/3300
f 806/1250/3301 805/1173/3302 826/1183/3303 827/1264/3304
f 819/1265/3305 818/1266/3306 830/1059/3307 831/1062/3308
f 818/1266/3309 817/1186/3310 829/1060/3311 830/1059/3312
f 752/1077/3313 751/1267/3314 833/1258/3315 834/1175/3316
f 751/1267/3317 756/1067/3318 832/1174/3319 833/1258/3320
f 846/1217/3321 845/1268/3322 848/1269/3323 849/1218/3324
f 845/1268/3325 844/1085/3326 847/1190/3327 848/1269/3328
f 849/1221/3329 848/1270/3330 851/1271/3331 852/1222/3332
f 848/1270/3333 847/1201/3334 850/1200/3335 851/1271/3336
f 811/1117/3337 812/1116/3338 854/1272/3339 855/1203/3340
f 812/1116/3341 813/1118/3342 853/1206/3343 854/1272/3344
f 862/1149/3345 863/1148/3346 884/1273/3347 883/1239/3348
f 863/1148/3349 864/1151/3350 885/1242/3351 884/1273/3352
f 865/1127/3353 866/1126/3354 881/1274/3355 880/1235/3356
f 866/1126/3357 867/1129/3358 882/1238/3359 881/1274/3360
f 868/1138/3361 869/1137/3362 878/1275/3363 877/1247/3364
f 869/1137/3365 870/1139/3366 879/1236/3367 878/1275/3368
f 804/1225/3369 803/1276/3370 872/1277/3371 873/1226/3372
f 803/1276/3373 802/1078/3374 871/1176/3375 872/1277/3376
f 874/1170/3377 875/1169/3378 887/1278/3379 886/1229/3380
f 875/1169/3381 876/1172/3382 888/1209/3383 887/1278/3384
f 856/1205/3385 857/1252/3386 878/1275/3387 879/1236/3388
f 857/1252/3389 858/1208/3390 877/1247/3391 878/1275/3392
f 855/1203/3393 854/1272/3394 881/1274/3395 882/1238/3396
f 854/1272/3397 853/1206/3398 880/1235/3399 881/1274/3400
f 852/1222/3401 851/1271/3402 884/1273/3403 885/1242/3404
f 851/1271/3405 850/1200/3406 883/1239/3407 884/1273/3408
f 859/1159/3409 860/1279/3410 887/1278/3411 888/1209/3412
f 860/1279/3413 861/1230/3414 886/1229/3415 887/1278/3416
f 749/1069/3417 750/1068/3418 745/1280/3419 889/1281/3420
f 745/1280/3421 746/1057/3422 747/1064/3423 889/1281/3424
f 747/1064/3425 748/1063/3426 749/1069/3427 889/1281/3428
f 755/1282/3429 756/1067/3430 751/1267/3431 890/1283/3432
f 751/1267/3433 752/1077/3434 753/1074/3435 890/1283/3436
f 753/1074/3437 754/1073/3438 755/1282/3439 890/1283/3440
f 761/1249/3441 762/1084/3442 757/1083/3443 891/1284/3444
f 757/1080/3445 758/1079/3446 759/1088/3447 891/1285/3448
f 759/1088/3449 760/1087/3450 761/1249/3451 891/1284/3452
f 767/1286/3453 768/1096/3454 763/1093/3455 892/1287/3456
f 763/1093/3457 764/1092/3458 765/1098/3459 892/1287/3460
f 765/1098/3461 766/1090/3462 767/1286/3463 892/1287/3464
f 773/1115/3465 774/1107/3466 769/1106/3467 893/1288/3468
f 769/1103/3469 770/1102/3470 771/1111/3471 893/1288/3472
f 771/1111/3473 772/1110/3474 773/1115/3475 893/1288/3476
f 779/1112/3477 780/1114/3478 775/1262/3479 894/1289/3480
f 775/1260/3481 776/1122/3482 777/1119/3483 894/1289/3484
f 777/1119/3485 778/1113/3486 779/1112/3487 894/1289/3488
f 785/1253/3489 786/1128/3490 781/1125/3491 895/1290/3492
f 781/1125/3493 782/1124/3494 783/1131/3495 895/1290/3496
f 783/1131/3497 784/1130/3498 785/1255/3499 895/1290/3500
f 791/1132/3501 792/1134/3502 787/1136/3503 896/1291/3504
f 787/1136/3505 788/1135/3506 789/1143/3507 896/1291/3508
f 789/1140/3509 790/1133/3510 791/1132/3511 896/1291/3512
f 797/1153/3513 798/1152/3514 793/1292/3515 897/1293/3516
f 793/1292/3517 794/1071/3518 795/1070/3519 897/1293/3520
f 795/1070/3521 796/1072/3522 797/1153/3523 897/1293/3524
f 803/1276/3525 804/1225/3526 799/1294/3527 898/1295/3528
f 799/1294/3529 800/1076/3530 801/1075/3531 898/1295/3532
f 801/1075/3533 802/1078/3534 803/1276/3535 898/1295/3536
f 839/1296/3537 840/1160/3538 835/1157/3539 899/1297/3540
f 835/1157/3541 836/1095/3542 837/1094/3543 899/1297/3544
f 837/1094/3545 838/1097/3546 839/1296/3547 899/1297/3548
f 845/1268/3549 846/1217/3550 841/1298/3551 900/1299/3552
f 841/1164/3553 842/1082/3554 843/1081/3555 900/1300/3556
f 843/1086/3557 844/1085/3558 845/1268/3559 900/1299/3560
g default
v 286.702058 16.516665 1158.398313
v 302.568535 46.198263 1158.315550
v 292.522224 13.405443 1158.398313
v 308.388702 43.087042 1158.315550
v 307.817994 42.019412 1188.839475
v 293.092932 14.473073 1188.839475
v 301.997829 45.130636 1188.839475
v 287.272766 17.584295 1188.839475
v 293.092932 14.473073 1159.602842
v 287.272766 17.584295 1159.602842
v 307.817994 42.019412 1159.520140
v 301.997829 45.130636 1159.520140
v 291.589441 13.904105 1157.624998
v 292.160148 14.971733 1158.540464
v 292.160148 14.971733 1188.839475
v 306.885196 42.518045 1188.839475
v 306.885196 42.518045 1158.826719
v 307.455904 43.585675 1157.622190
v 287.634887 16.018024 1157.624998
v 288.205594 17.085652 1158.540464
v 288.205594 17.085652 1188.839475
v 302.930657 44.631994 1188.839475
v 302.930657 44.631994 1158.826719
v 303.501347 45.699591 1157.622190
v 293.341151 13.018950 1190.183592
v 293.438996 13.090323 1190.183592
v 293.392575 13.115150 1190.310606
v 293.280523 13.175022 1190.363218
v 293.229099 13.078823 1190.310606
v 293.207799 13.038975 1190.183592
v 309.165010 42.620822 1190.183592
v 309.074277 42.720575 1190.183592
v 309.052975 42.680726 1190.310606
v 309.001552 42.584528 1190.363218
v 309.113585 42.524620 1190.310606
v 309.160008 42.499797 1190.183592
v 286.037814 16.922971 1190.310606
v 286.089238 17.019171 1190.363218
v 285.977203 17.079074 1190.310606
v 285.930782 17.103900 1190.183592
v 285.925779 16.982874 1190.183592
v 286.016513 16.883124 1190.183592
v 301.861690 46.524875 1190.310606
v 301.882990 46.564721 1190.183592
v 301.749638 46.584746 1190.183592
v 301.651793 46.513374 1190.183592
v 301.698214 46.488548 1190.310606
v 301.810249 46.428643 1190.363218
v 285.975618 16.956221 1157.341673
v 285.985499 17.074655 1157.366270
v 285.980705 17.070931 1157.222654
v 286.056028 17.025469 1157.117307
v 286.029514 16.923951 1157.164305
v 286.054041 16.863087 1157.281187
v 301.799493 46.558123 1157.341673
v 301.920503 46.544657 1157.281187
v 301.859372 46.526106 1157.161192
v 301.790958 46.438971 1157.111631
v 301.706968 46.483884 1157.221128
v 301.706510 46.484129 1157.366270
v 293.231416 13.077590 1157.161192
v 293.299803 13.164738 1157.111631
v 293.382328 13.114429 1157.217954
v 293.383061 13.108744 1157.355100
v 293.291447 13.042037 1157.335935
v 293.170287 13.059041 1157.281187
v 309.055291 42.679492 1157.161192
v 309.036748 42.740609 1157.281187
v 309.115171 42.647475 1157.341673
v 309.105279 42.529084 1157.366270
v 309.104805 42.529298 1157.221128
v 309.020814 42.574212 1157.111631
v 292.589963 13.420496 1190.183592
v 292.680726 13.320733 1190.183592
v 292.702027 13.360582 1190.310606
v 292.753451 13.456780 1190.363218
v 292.641387 13.516696 1190.310606
v 292.594966 13.541521 1190.183592
v 308.362398 42.926168 1190.310606
v 308.474463 42.866255 1190.363218
v 308.525886 42.962454 1190.310606
v 308.547188 43.002303 1190.183592
v 308.413821 43.022366 1190.183592
v 308.315977 42.950994 1190.183592
v 285.930782 17.103900 1159.695860
v 285.925779 16.982874 1159.705931
v 286.016513 16.883124 1159.730161
v 301.651793 46.513374 1159.695860
v 301.749638 46.584746 1159.705931
v 301.882990 46.564721 1159.730161
v 286.776582 16.476828 1156.835264
v 286.745183 16.544839 1156.723081
v 286.774783 16.652713 1156.676634
v 302.495795 46.062188 1156.676634
v 302.569057 46.146740 1156.723081
v 302.643059 46.158426 1156.835264
v 293.019011 13.314833 1158.491331
v 292.917934 13.245181 1158.492002
v 292.776702 13.269434 1158.493650
v 308.740023 42.724306 1158.491331
v 308.741792 42.847051 1158.492002
v 308.643164 42.951002 1158.493650
v 302.071748 46.288873 1158.491331
v 302.172825 46.358525 1158.492002
v 302.314057 46.334272 1158.493650
v 286.350737 16.879401 1158.491331
v 286.348967 16.756654 1158.492002
v 286.447597 16.652705 1158.493650
v 293.438996 13.090323 1159.695860
v 293.341151 13.018950 1159.705931
v 293.207799 13.038975 1159.730161
v 309.160008 42.499797 1159.695860
v 309.165010 42.620822 1159.705931
v 309.074277 42.720575 1159.730161
v 302.500826 46.183201 1190.183592
v 302.410034 46.282975 1190.183592
v 302.388734 46.243128 1190.310606
v 302.337309 46.146927 1190.363218
v 302.449401 46.087000 1190.310606
v 302.495795 46.062188 1190.183592
v 286.728391 16.677528 1190.310606
v 286.616298 16.737454 1190.363218
v 286.564874 16.641254 1190.310606
v 286.543573 16.601406 1190.183592
v 286.676966 16.581328 1190.183592
v 286.774783 16.652713 1190.183592
v 286.543573 16.601406 1159.528684
v 286.676966 16.581328 1159.581175
v 286.774783 16.652713 1159.602842
v 287.569029 16.053229 1158.360777
v 287.636895 16.068196 1158.487852
v 287.707612 16.154072 1158.540464
v 287.707612 16.154072 1156.125120
v 287.667543 16.051796 1156.177732
v 287.673701 15.997287 1156.304807
v 303.428624 45.563547 1156.125120
v 303.491400 45.653665 1156.177732
v 303.540160 45.678851 1156.304807
v 302.410034 46.282975 1159.423094
v 302.500826 46.183201 1159.491758
v 302.495795 46.062188 1159.520140
v 292.680726 13.320733 1159.528684
v 292.589963 13.420496 1159.581175
v 292.594966 13.541521 1159.602842
v 292.594966 13.541521 1156.676634
v 292.521731 13.456955 1156.723081
v 292.447701 13.445280 1156.835264
v 308.314178 43.126879 1156.835264
v 308.345607 43.058858 1156.723081
v 308.315977 42.950994 1156.676634
v 308.547188 43.002303 1159.423094
v 308.413821 43.022366 1159.491758
v 308.315977 42.950994 1159.520140
v 307.383179 43.449627 1158.826719
v 307.448459 43.538410 1158.774168
v 307.503211 43.560371 1158.647093
v 307.417088 43.606409 1156.304807
v 307.423246 43.551900 1156.177732
v 307.383179 43.449627 1156.125120
v 291.662166 14.040152 1156.125120
v 291.599372 13.949999 1156.177732
v 291.550627 13.924842 1156.304807
v 291.655299 13.868900 1158.360777
v 291.630005 13.933638 1158.487852
v 291.662166 14.040152 1158.540464
v 303.428624 45.563547 1158.826719
v 303.466189 45.667157 1158.774168
v 303.454040 45.724895 1158.647093
v 293.330013 13.047635 1190.287229
v 309.134976 42.614158 1190.287229
v 285.955813 16.989538 1190.287229
v 301.760776 46.556061 1190.287229
v 285.967220 16.980776 1157.233579
v 301.775237 46.548351 1157.232359
v 293.315128 13.052933 1157.229978
v 309.120518 42.621874 1157.232359
v 292.619998 13.427160 1190.287229
v 308.424960 42.993682 1190.287229
v 302.470792 46.176537 1190.287229
v 286.665829 16.610014 1190.287229
vt -1.001780 0.912634
vt -1.001783 0.958468
vt -1.003178 0.958468
vt -1.003175 0.912634
vt -1.001777 0.872689
vt -1.003172 0.874089
vt -1.001786 0.998035
vt -1.003180 0.997121
vt -0.994471 0.874090
vt -0.994474 0.912634
vt -0.995868 0.912634
vt -0.995866 0.872689
vt -0.994477 0.958468
vt -0.995872 0.958468
vt -0.994480 0.997121
vt -0.995874 0.998036
vt -0.941850 0.989318
vt -0.941859 0.989492
vt -0.982321 0.989084
vt -0.982321 0.988909
vt -0.941868 0.989671
vt -0.982307 0.989265
vt -0.941489 0.989290
vt -0.941670 0.989297
vt -0.941672 0.940087
vt -0.941491 0.940089
vt -0.941853 0.940086
vt -0.941510 0.989630
vt -0.941491 0.989457
vt -0.940688 0.989437
vt -0.940657 0.989614
vt -0.940702 0.989270
vt -0.941544 0.939738
vt -0.941714 0.939727
vt -0.941749 0.938928
vt -0.941579 0.938893
vt -0.941887 0.939733
vt -0.941921 0.938946
vt -0.983172 0.929045
vt -0.983222 0.929213
vt -0.984006 0.929157
vt -0.983958 0.928992
vt -0.982961 0.929473
vt -0.982788 0.929429
vt -0.982675 0.930206
vt -0.982843 0.930264
vt -0.982813 0.929076
vt -0.982994 0.929076
vt -0.982985 0.879947
vt -0.982804 0.879924
vt -0.983166 0.879971
vt -0.982747 0.879579
vt -0.982909 0.879530
vt -0.982823 0.878767
vt -0.982659 0.878804
vt -0.983079 0.879494
vt -0.982979 0.878703
vt -0.982760 0.879757
vt -0.942262 0.879990
vt -0.942251 0.880166
vt -0.942312 0.879811
vt -0.932006 0.995434
vt -0.931967 0.995607
vt -0.933596 0.995686
vt -0.933585 0.995509
vt -0.931791 0.995767
vt -0.931611 0.995783
vt -0.931639 0.997529
vt -0.931820 0.997438
vt -0.931636 0.995432
vt -0.931816 0.995432
vt -0.931813 0.946289
vt -0.931622 0.946296
vt -0.932004 0.946281
vt -0.931617 0.995600
vt -0.930389 0.995573
vt -0.930350 0.995762
vt -0.930426 0.995389
vt -0.931610 0.946116
vt -0.930388 0.946139
vt -0.930426 0.946326
vt -0.931611 0.945929
vt -0.930349 0.945946
vt -0.920231 0.995426
vt -0.920243 0.995608
vt -0.921465 0.995582
vt -0.921427 0.995394
vt -0.920243 0.995796
vt -0.921506 0.995775
vt -0.919861 0.995455
vt -0.920042 0.995440
vt -0.920040 0.946285
vt -0.919849 0.946276
vt -0.920231 0.946292
vt -0.920243 0.945928
vt -0.920244 0.946113
vt -0.921463 0.946139
vt -0.921502 0.945950
vt -0.921426 0.946323
vt -0.919888 0.946102
vt -0.918259 0.946023
vt -0.918270 0.946199
vt -0.920063 0.945943
vt -0.920212 0.944182
vt -0.920031 0.944273
vt -0.941905 0.990453
vt -0.941914 0.990633
vt -0.982465 0.990234
vt -0.982548 0.990053
vt -0.941921 0.990806
vt -0.982418 0.990408
vt -0.940339 0.989285
vt -0.940520 0.989272
vt -0.940521 0.940096
vt -0.940340 0.940097
vt -0.940703 0.940095
vt -0.982656 0.878625
vt -0.942117 0.878851
vt -0.942005 0.879032
vt -0.982671 0.878453
vt -0.942179 0.878676
vt -0.984310 0.880124
vt -0.984130 0.880099
vt -0.984138 0.928982
vt -0.984319 0.928967
vt -0.983949 0.880075
vt -0.933305 0.874508
vt -0.933195 0.874614
vt -0.934673 0.875563
vt -0.934766 0.875415
vt -0.933025 0.874692
vt -0.934559 0.875704
vt -0.942869 0.928998
vt -0.981807 0.940255
vt -0.981781 0.939901
vt -0.982141 0.939115
vt -0.933588 0.946207
vt -0.920219 0.997558
vt -0.920639 0.997630
vt -0.918261 0.995519
vt -0.920676 0.944211
vt -0.940569 0.880347
vt -0.941172 0.929118
vt -0.983888 0.989656
vt -0.984116 0.989975
vt -0.984029 0.988911
vt -0.983514 0.940192
vt -0.983382 0.939187
vt -0.983610 0.938794
vt -0.942621 0.930135
vt -0.942903 0.929351
vt -0.941004 0.929876
vt -0.941195 0.929534
vt -0.931219 0.997600
vt -0.931652 0.944173
vt -0.931187 0.944197
vt -0.940370 0.879856
vt -0.940671 0.879947
vt -0.989388 0.995051
vt -0.988786 0.995804
vt -0.989529 0.997904
vt -0.989917 0.996517
vt -0.928852 0.995605
vt -0.929245 0.997239
vt -0.928869 0.946460
vt -0.928876 0.995262
vt -0.929241 0.944418
vt -0.928845 0.946122
vt -0.939819 0.878777
vt -0.938856 0.879784
vt -0.938567 0.941652
vt -0.938567 0.987711
vt -0.986093 0.927424
vt -0.986081 0.881776
vt -0.943739 0.992332
vt -0.982200 0.991939
vt -0.982661 0.930559
vt -0.942751 0.930490
vt -0.942957 0.932037
vt -0.980870 0.932100
vt -0.989185 0.997918
vt -0.988460 0.995977
vt -0.987160 0.996887
vt -0.987884 0.998528
vt -0.941914 0.938591
vt -0.982021 0.938760
vt -0.982038 0.937210
vt -0.943714 0.937048
vt -0.939943 0.878450
vt -0.941867 0.878571
vt -0.941419 0.876776
vt -0.940456 0.877111
vt -0.980937 0.876921
vt -0.942445 0.877136
vt -0.922983 0.995259
vt -0.922976 0.946452
vt -0.922612 0.997304
vt -0.923008 0.995596
vt -0.984621 0.991174
vt -0.985476 0.990683
vt -0.983469 0.992676
vt -0.984409 0.991468
vt -0.935441 0.874021
vt -0.933960 0.873231
vt -0.933970 0.876888
vt -0.933141 0.875910
vt -0.923001 0.946109
vt -0.922616 0.944477
vt -0.982797 0.929249
vt -0.942873 0.929171
vt -0.940634 0.880143
vt -0.928861 0.946294
vt -0.920066 0.995773
vt -0.920038 0.997467
vt -0.919891 0.995620
vt -0.918251 0.995696
vt -0.983524 0.940013
vt -0.981800 0.940081
vt -0.983573 0.939830
vt -0.931790 0.945946
vt -0.931832 0.944266
vt -0.931966 0.946107
vt -0.933599 0.946031
vt -0.941199 0.929324
vt -0.984099 0.989270
vt -0.984044 0.989089
vt -0.941877 0.939913
vt -0.982663 0.930385
vt -0.942704 0.930316
vt -0.989346 0.997891
vt -0.988615 0.995886
vt -0.928868 0.995430
vt -0.984516 0.991328
vt -0.922992 0.995424
vt -0.922984 0.946283
vt -0.941923 0.938765
vt -0.982055 0.938935
vt -0.939882 0.878610
vt -0.941906 0.878794
vt -0.941719 0.989520
vt -0.941632 0.989427
vt -0.941647 0.939949
vt -0.941741 0.939868
vt -0.982954 0.929272
vt -0.983081 0.929218
vt -0.983014 0.879721
vt -0.982901 0.879679
vt -0.931782 0.995584
vt -0.931779 0.946131
vt -0.920075 0.995593
vt -0.920074 0.946127
vt -0.940456 0.989490
vt -0.940550 0.989403
vt -0.941704 0.938698
vt -0.941787 0.938791
vt -0.982860 0.878542
vt -0.982780 0.878642
vt -0.982828 0.930543
vt -0.982801 0.930400
vt -0.984140 0.929105
vn -0.000004 0.000002 1.000000
vn -0.000004 0.000002 1.000000
vn -0.000004 0.000002 1.000000
vn -0.000004 0.000002 1.000000
vn -0.471428 -0.881905 0.000000
vn -0.471428 -0.881905 0.000000
vn -0.471428 -0.881905 0.000000
vn -0.471428 -0.881905 0.000000
vn 0.471428 0.881905 0.000000
vn 0.471428 0.881905 0.000000
vn 0.471428 0.881905 0.000000
vn 0.471428 0.881905 0.000000
vn -0.471428 -0.881905 0.000000
vn -0.471428 -0.881905 0.000000
vn -0.471428 -0.881905 0.000000
vn -0.471428 -0.881905 0.000000
vn 0.000000 0.000000 1.000000
vn 0.000000 0.000000 1.000000
vn 0.000000 0.000000 1.000000
vn 0.000000 0.000000 1.000000
vn 0.471428 0.881905 0.000000
vn 0.471428 0.881905 0.000000
vn 0.471428 0.881905 0.000000
vn 0.471428 0.881905 0.000000
vn -0.471428 -0.881905 0.000000
vn -0.471428 -0.881905 0.000000
vn -0.471428 -0.881905 0.000000
vn -0.471428 -0.881905 0.000000
vn 0.000000 0.000000 1.000000
vn 0.000000 0.000000 1.000000
vn 0.000000 0.000000 1.000000
vn 0.000000 0.000000 1.000000
vn 0.471428 0.881905 0.000000
vn 0.471428 0.881905 0.000000
vn 0.471428 0.881905 0.000000
vn 0.471428 0.881905 0.000000
vn 0.589338 -0.807886 0.000000
vn 0.589338 -0.807886 0.000000
vn 0.589338 -0.807886 0.000000
vn 0.589338 -0.807886 0.000000
vn -0.148654 -0.988889 0.000000
vn -0.148654 -0.988889 0.000000
vn -0.148654 -0.988889 0.000000
vn -0.148654 -0.988889 0.000000
vn 0.337479 -0.180402 0.923885
vn 0.337479 -0.180402 0.923885
vn 0.337479 -0.180402 0.923885
vn 0.337479 -0.180402 0.923885
vn 0.814770 -0.435540 0.382695
vn 0.814770 -0.435540 0.382695
vn 0.814770 -0.435540 0.382695
vn 0.814770 -0.435540 0.382695
vn -0.444177 -0.830926 0.335065
vn -0.444177 -0.830926 0.335065
vn -0.444177 -0.830926 0.335065
vn -0.444177 -0.830926 0.335065
vn -0.204854 -0.383222 0.900653
vn -0.204854 -0.383222 0.900653
vn -0.204854 -0.383222 0.900653
vn -0.204854 -0.383222 0.900653
vn 0.204850 0.383216 0.900656
vn 0.204850 0.383216 0.900656
vn 0.204850 0.383216 0.900656
vn 0.204850 0.383216 0.900656
vn 0.444180 0.830932 0.335046
vn 0.444180 0.830932 0.335046
vn 0.444180 0.830932 0.335046
vn 0.444180 0.830932 0.335046
vn -0.204857 -0.383229 0.900649
vn -0.204857 -0.383229 0.900649
vn -0.204857 -0.383229 0.900649
vn -0.204857 -0.383229 0.900649
vn -0.444178 -0.830928 0.335058
vn -0.444178 -0.830928 0.335058
vn -0.444178 -0.830928 0.335058
vn -0.444178 -0.830928 0.335058
vn -0.814767 0.435539 0.382701
vn -0.814767 0.435539 0.382701
vn -0.814767 0.435539 0.382701
vn -0.814767 0.435539 0.382701
vn -0.337492 0.180408 0.923879
vn -0.337492 0.180408 0.923879
vn -0.337492 0.180408 0.923879
vn -0.337492 0.180408 0.923879
vn 0.444180 0.830932 0.335046
vn 0.444180 0.830932 0.335046
vn 0.444180 0.830932 0.335046
vn 0.444180 0.830932 0.335046
vn 0.204856 0.383227 0.900650
vn 0.204856 0.383227 0.900650
vn 0.204856 0.383227 0.900650
vn 0.204856 0.383227 0.900650
vn -0.589476 0.807786 0.000000
vn -0.589476 0.807786 0.000000
vn -0.589476 0.807786 0.000000
vn -0.589476 0.807786 0.000000
vn 0.148717 0.988880 0.000000
vn 0.148717 0.988880 0.000000
vn 0.148717 0.988880 0.000000
vn 0.148717 0.988880 0.000000
vn -0.950272 0.015035 0.311057
vn -0.950272 0.015035 0.311057
vn -0.950272 0.015035 0.311057
vn -0.950272 0.015035 0.311057
vn -0.721508 -0.682664 0.115744
vn -0.721508 -0.682664 0.115744
vn -0.721508 -0.682664 0.115744
vn -0.721508 -0.682664 0.115744
vn -0.671065 0.358816 -0.648786
vn -0.671065 0.358816 -0.648786
vn -0.671065 0.358816 -0.648786
vn -0.671065 0.358816 -0.648786
vn -0.881863 0.471456 0.006885
vn -0.881863 0.471456 0.006885
vn -0.881863 0.471456 0.006885
vn -0.881863 0.471456 0.006885
vn -0.581769 -0.761271 -0.286375
vn -0.581769 -0.761271 -0.286375
vn -0.581769 -0.761271 -0.286375
vn -0.581769 -0.761271 -0.286375
vn -0.585602 -0.194087 -0.787020
vn -0.585602 -0.194087 -0.787020
vn -0.585602 -0.194087 -0.787020
vn -0.585602 -0.194087 -0.787020
vn -0.174768 0.586406 -0.790939
vn -0.174768 0.586406 -0.790939
vn -0.174768 0.586406 -0.790939
vn -0.174768 0.586406 -0.790939
vn 0.302859 0.906440 -0.294351
vn 0.302859 0.906440 -0.294351
vn 0.302859 0.906440 -0.294351
vn 0.302859 0.906440 -0.294351
vn 0.174801 -0.586372 -0.790957
vn 0.174801 -0.586372 -0.790957
vn 0.174801 -0.586372 -0.790957
vn 0.174801 -0.586372 -0.790957
vn -0.302859 -0.906445 -0.294337
vn -0.302859 -0.906445 -0.294337
vn -0.302859 -0.906445 -0.294336
vn -0.302859 -0.906445 -0.294337
vn 0.881862 -0.471311 -0.013622
vn 0.881862 -0.471311 -0.013622
vn 0.881862 -0.471311 -0.013622
vn 0.881862 -0.471311 -0.013622
vn 0.659218 -0.352336 -0.664297
vn 0.659218 -0.352336 -0.664297
vn 0.659218 -0.352336 -0.664297
vn 0.659218 -0.352336 -0.664297
vn 0.585471 0.755379 -0.294321
vn 0.585471 0.755379 -0.294321
vn 0.585471 0.755379 -0.294321
vn 0.585471 0.755379 -0.294321
vn 0.584669 0.180353 -0.790971
vn 0.584669 0.180353 -0.790971
vn 0.584669 0.180353 -0.790971
vn 0.584669 0.180353 -0.790971
vn 0.950261 -0.015164 0.311085
vn 0.950261 -0.015164 0.311085
vn 0.950261 -0.015164 0.311085
vn 0.950261 -0.015164 0.311085
vn 0.721507 0.682666 0.115737
vn 0.721507 0.682666 0.115737
vn 0.721507 0.682666 0.115737
vn 0.721507 0.682666 0.115737
vn -0.739716 -0.672919 0.000000
vn -0.739716 -0.672919 0.000000
vn -0.739716 -0.672919 0.000000
vn -0.739716 -0.672919 0.000000
vn -0.999140 0.041454 0.000000
vn -0.999140 0.041454 0.000000
vn -0.999140 0.041454 0.000000
vn -0.999140 0.041454 0.000000
vn -0.814799 0.435556 0.382615
vn -0.814799 0.435556 0.382615
vn -0.814799 0.435556 0.382615
vn -0.814799 0.435556 0.382615
vn -0.337479 0.180402 0.923885
vn -0.337479 0.180402 0.923885
vn -0.337479 0.180402 0.923885
vn -0.337479 0.180402 0.923885
vn 0.739663 0.672978 0.000000
vn 0.739663 0.672978 0.000000
vn 0.739663 0.672978 0.000000
vn 0.739663 0.672978 0.000000
vn 0.999144 -0.041365 0.000000
vn 0.999144 -0.041365 0.000000
vn 0.999144 -0.041365 0.000000
vn 0.999144 -0.041365 0.000000
vn 0.814767 -0.435539 0.382701
vn 0.814767 -0.435539 0.382701
vn 0.814767 -0.435539 0.382701
vn 0.814767 -0.435539 0.382701
vn 0.337492 -0.180408 0.923879
vn 0.337492 -0.180408 0.923879
vn 0.337492 -0.180408 0.923879
vn 0.337492 -0.180408 0.923879
vn -0.230658 0.615971 0.753244
vn -0.230658 0.615971 0.753244
vn -0.230658 0.615971 0.753244
vn -0.230658 0.615971 0.753244
vn 0.282173 0.917529 0.280213
vn 0.282173 0.917529 0.280213
vn 0.282173 0.917529 0.280213
vn 0.282173 0.917529 0.280213
vn 0.000000 0.000000 1.000000
vn 0.000000 0.000000 1.000000
vn 0.000000 0.000000 1.000000
vn 0.000000 0.000000 1.000000
vn -0.881905 0.471428 0.000000
vn -0.881905 0.471428 0.000000
vn -0.881905 0.471428 0.000000
vn -0.881905 0.471428 0.000000
vn 0.421648 -0.225395 -0.878300
vn 0.421648 -0.225395 -0.878300
vn 0.421648 -0.225395 -0.878300
vn 0.421648 -0.225395 -0.878300
vn 0.881905 -0.471428 0.000000
vn 0.881905 -0.471428 0.000000
vn 0.881905 -0.471428 0.000000
vn 0.881905 -0.471428 0.000000
vn 0.471428 0.881905 0.000000
vn 0.471428 0.881905 0.000000
vn 0.471428 0.881905 0.000000
vn 0.471428 0.881905 0.000000
vn -0.471428 -0.881905 0.000000
vn -0.471428 -0.881905 0.000000
vn -0.471428 -0.881905 0.000000
vn -0.471428 -0.881905 0.000000
vn -0.827619 0.442409 0.345428
vn -0.827619 0.442409 0.345428
vn -0.827619 0.442409 0.345428
vn -0.827619 0.442409 0.345428
vn -0.471428 -0.881905 0.000000
vn -0.471428 -0.881905 0.000000
vn -0.471428 -0.881905 0.000000
vn -0.471428 -0.881905 0.000000
vn 0.827621 -0.442410 0.345422
vn 0.827621 -0.442410 0.345422
vn 0.827621 -0.442410 0.345422
vn 0.827621 -0.442410 0.345422
vn 0.471428 0.881905 -0.000003
vn 0.471428 0.881905 -0.000003
vn 0.471428 0.881905 -0.000003
vn 0.471428 0.881905 -0.000003
vn -0.820142 0.438412 -0.367643
vn -0.820142 0.438412 -0.367643
vn -0.820142 0.438412 -0.367643
vn -0.820142 0.438412 -0.367643
vn -0.471428 -0.881905 0.000000
vn -0.471428 -0.881905 0.000000
vn -0.471428 -0.881905 0.000000
vn -0.471428 -0.881905 0.000000
vn 0.820142 -0.438412 -0.367643
vn 0.820142 -0.438412 -0.367643
vn 0.820142 -0.438412 -0.367643
vn 0.820142 -0.438412 -0.367643
vn 0.471428 0.881905 0.000003
vn 0.471428 0.881905 0.000003
vn 0.471428 0.881905 0.000003
vn 0.471428 0.881905 0.000003
vn 0.000000 0.000000 1.000000
vn 0.000000 0.000000 1.000000
vn 0.000000 0.000000 1.000000
vn 0.000000 0.000000 1.000000
vn -0.471428 -0.881905 0.000000
vn -0.471428 -0.881905 0.000000
vn -0.471428 -0.881905 0.000000
vn -0.471428 -0.881905 0.000000
vn -0.471428 -0.881905 0.000000
vn -0.471428 -0.881905 0.000000
vn -0.471428 -0.881905 0.000000
vn -0.471428 -0.881905 0.000000
vn -0.471428 -0.881905 0.000000
vn -0.471428 -0.881905 0.000000
vn -0.471428 -0.881905 0.000000
vn -0.471428 -0.881905 0.000000
vn -0.421643 0.225392 -0.878303
vn -0.421643 0.225392 -0.878303
vn -0.421643 0.225392 -0.878303
vn -0.421643 0.225392 -0.878303
vn 0.471428 0.881905 0.000000
vn 0.471428 0.881905 0.000000
vn 0.471428 0.881905 0.000000
vn 0.471428 0.881905 0.000000
vn 0.471428 0.881905 0.000005
vn 0.471428 0.881905 0.000005
vn 0.471428 0.881905 0.000005
vn 0.471428 0.881905 0.000005
vn 0.471428 0.881905 0.000000
vn 0.471428 0.881905 0.000000
vn 0.471428 0.881905 0.000000
vn 0.471428 0.881905 0.000000
vn -0.471428 -0.881905 0.000000
vn -0.471428 -0.881905 0.000000
vn -0.471428 -0.881905 0.000000
vn -0.471428 -0.881905 0.000000
vn -0.471428 -0.881905 0.000000
vn -0.471428 -0.881905 0.000000
vn -0.471428 -0.881905 0.000000
vn -0.471428 -0.881905 0.000000
vn -0.407739 0.217959 -0.886703
vn -0.407739 0.217959 -0.886703
vn -0.407739 0.217959 -0.886703
vn -0.407739 0.217959 -0.886703
vn 0.471428 0.881905 0.000000
vn 0.471428 0.881905 0.000000
vn 0.471428 0.881905 0.000000
vn 0.471428 0.881905 0.000000
vn 0.471428 0.881905 0.000001
vn 0.471428 0.881905 0.000001
vn 0.471428 0.881905 0.000001
vn 0.471428 0.881905 0.000001
vn -0.881905 0.471428 0.000000
vn -0.881905 0.471428 0.000000
vn -0.881905 0.471428 0.000000
vn -0.881905 0.471428 0.000000
vn 0.881905 -0.471428 0.000000
vn 0.881905 -0.471428 0.000000
vn 0.881905 -0.471428 0.000000
vn 0.881905 -0.471428 0.000000
vn -0.881905 0.471428 0.000000
vn -0.881905 0.471428 0.000000
vn -0.881905 0.471428 0.000000
vn -0.881905 0.471428 0.000000
vn 0.881908 -0.471422 0.000000
vn 0.881908 -0.471422 0.000000
vn 0.881908 -0.471422 0.000000
vn 0.881908 -0.471422 0.000000
vn 0.624983 -0.334088 0.705536
vn 0.624983 -0.334088 0.705536
vn 0.624983 -0.334088 0.705536
vn 0.624983 -0.334088 0.705536
vn -0.881898 0.471441 0.000000
vn -0.881898 0.471441 0.000000
vn -0.881898 0.471441 0.000000
vn -0.881898 0.471441 0.000000
vn 0.483505 -0.258460 0.836314
vn 0.483505 -0.258460 0.836314
vn 0.483505 -0.258460 0.836314
vn 0.483505 -0.258460 0.836314
vn 0.881905 -0.471428 0.000000
vn 0.881905 -0.471428 0.000000
vn 0.881905 -0.471428 0.000000
vn 0.881905 -0.471428 0.000000
vn 0.407738 -0.217959 -0.886704
vn 0.407738 -0.217959 -0.886704
vn 0.407738 -0.217959 -0.886704
vn 0.407738 -0.217959 -0.886704
vn -0.471428 -0.881905 0.000000
vn -0.471428 -0.881905 0.000000
vn -0.471428 -0.881905 0.000000
vn -0.471428 -0.881905 0.000000
vn -0.471428 -0.881905 0.000000
vn -0.471428 -0.881905 0.000000
vn -0.471428 -0.881905 0.000000
vn -0.471428 -0.881905 0.000000
vn -0.624983 0.334088 0.705536
vn -0.624983 0.334088 0.705536
vn -0.624983 0.334088 0.705536
vn -0.624983 0.334088 0.705536
vn -0.483504 0.258460 0.836315
vn -0.483504 0.258460 0.836315
vn -0.483504 0.258460 0.836315
vn -0.483504 0.258460 0.836315
vn 0.471428 0.881905 0.000000
vn 0.471428 0.881905 0.000000
vn 0.471428 0.881905 0.000000
vn 0.471428 0.881905 0.000000
vn 0.471428 0.881905 0.000000
vn 0.471428 0.881905 0.000000
vn 0.471428 0.881905 0.000000
vn 0.471428 0.881905 0.000000
vn 0.000000 0.000000 -1.000000
vn 0.000000 0.000000 -1.000000
vn 0.000000 0.000000 -1.000000
vn 0.000000 0.000000 -1.000000
vn -0.471428 -0.881905 0.000000
vn -0.471428 -0.881905 0.000000
vn -0.471428 -0.881905 0.000000
vn -0.471428 -0.881905 0.000000
vn -0.471428 -0.881905 0.000000
vn -0.471428 -0.881905 0.000000
vn -0.471428 -0.881905 0.000000
vn -0.471428 -0.881905 0.000000
vn 0.000000 0.000000 1.000000
vn 0.000000 0.000000 1.000000
vn 0.000000 0.000000 1.000000
vn 0.000000 0.000000 1.000000
vn 0.000000 0.000000 1.000000
vn 0.000000 0.000000 1.000000
vn 0.000000 0.000000 1.000000
vn 0.000000 0.000000 1.000000
vn 0.471427 0.881905 0.000000
vn 0.471427 0.881905 0.000000
vn 0.471427 0.881905 0.000000
vn 0.471427 0.881905 0.000000
vn 0.471427 0.881905 0.000000
vn 0.471427 0.881905 0.000000
vn 0.471427 0.881905 0.000000
vn 0.471427 0.881905 0.000000
vn -0.739652 -0.672989 0.000000
vn -0.739652 -0.672989 0.000000
vn -0.739652 -0.672989 0.000000
vn -0.739652 -0.672989 0.000000
vn -0.999142 0.041419 0.000000
vn -0.999142 0.041419 0.000000
vn -0.999142 0.041419 0.000000
vn -0.999142 0.041419 0.000000
vn -0.533761 0.778117 -0.331108
vn -0.533761 0.778117 -0.331108
vn -0.533761 0.778117 -0.331108
vn -0.533761 0.778117 -0.331108
vn 0.169378 0.977823 -0.123177
vn 0.169377 0.977823 -0.123177
vn 0.169378 0.977823 -0.123177
vn 0.169377 0.977823 -0.123177
vn -0.162377 0.579542 -0.798602
vn -0.162377 0.579542 -0.798602
vn -0.162377 0.579542 -0.798602
vn -0.162377 0.579542 -0.798602
vn 0.307568 0.903962 -0.297077
vn 0.307568 0.903962 -0.297077
vn 0.307568 0.903962 -0.297077
vn 0.307568 0.903962 -0.297077
vn -0.176736 -0.977697 0.113458
vn -0.176736 -0.977697 0.113458
vn -0.176736 -0.977697 0.113458
vn -0.176736 -0.977697 0.113458
vn 0.528870 -0.789611 0.311145
vn 0.528870 -0.789611 0.311145
vn 0.528870 -0.789611 0.311145
vn 0.528870 -0.789611 0.311145
vn 0.943519 -0.011573 -0.331115
vn 0.943519 -0.011573 -0.331115
vn 0.943519 -0.011573 -0.331115
vn 0.943519 -0.011573 -0.331115
vn 0.719002 0.684002 -0.123198
vn 0.719002 0.684002 -0.123198
vn 0.719002 0.684002 -0.123198
vn 0.719002 0.684002 -0.123198
vn 0.166835 0.979168 0.115743
vn 0.166835 0.979168 0.115743
vn 0.166835 0.979168 0.115743
vn 0.166835 0.979168 0.115743
vn -0.540388 0.781809 0.311056
vn -0.540388 0.781809 0.311056
vn -0.540388 0.781809 0.311056
vn -0.540388 0.781809 0.311056
vn -0.718981 -0.684026 -0.123185
vn -0.718981 -0.684026 -0.123185
vn -0.718981 -0.684026 -0.123185
vn -0.718981 -0.684026 -0.123185
vn -0.943522 0.011576 -0.331107
vn -0.943522 0.011576 -0.331107
vn -0.943522 0.011576 -0.331107
vn -0.943522 0.011576 -0.331107
vn -0.169332 -0.977828 -0.123201
vn -0.169332 -0.977828 -0.123201
vn -0.169332 -0.977828 -0.123201
vn -0.169332 -0.977828 -0.123201
vn 0.533762 -0.778115 -0.331111
vn 0.533762 -0.778115 -0.331111
vn 0.533762 -0.778115 -0.331111
vn 0.533762 -0.778115 -0.331111
vn 0.739686 0.672952 0.000000
vn 0.739686 0.672952 0.000000
vn 0.739686 0.672952 0.000000
vn 0.739686 0.672952 0.000000
vn 0.999149 -0.041248 0.000000
vn 0.999149 -0.041248 0.000000
vn 0.999149 -0.041248 0.000000
vn 0.999149 -0.041249 0.000000
vn 0.589366 -0.807866 0.000000
vn 0.589366 -0.807866 0.000000
vn 0.589366 -0.807866 0.000000
vn 0.589366 -0.807866 0.000000
vn -0.148730 -0.988878 0.000000
vn -0.148730 -0.988878 0.000000
vn -0.148730 -0.988878 0.000000
vn -0.148730 -0.988878 0.000000
vn 0.358074 -0.684087 0.635459
vn 0.358074 -0.684087 0.635459
vn 0.358074 -0.684087 0.635459
vn 0.358074 -0.684087 0.635459
vn -0.234778 -0.942867 0.236391
vn -0.234778 -0.942867 0.236391
vn -0.234778 -0.942867 0.236391
vn -0.234778 -0.942867 0.236391
vn -0.580794 -0.757901 -0.297094
vn -0.580794 -0.757901 -0.297094
vn -0.580794 -0.757901 -0.297094
vn -0.580794 -0.757901 -0.297094
vn -0.572087 -0.186927 -0.798608
vn -0.572087 -0.186927 -0.798608
vn -0.572087 -0.186927 -0.798608
vn -0.572087 -0.186927 -0.798608
vn -0.653581 -0.718994 0.236390
vn -0.653581 -0.718994 0.236390
vn -0.653581 -0.718994 0.236390
vn -0.653581 -0.718994 0.236390
vn -0.767722 -0.082178 0.635491
vn -0.767722 -0.082178 0.635491
vn -0.767722 -0.082178 0.635491
vn -0.767722 -0.082178 0.635491
vn 0.162330 -0.579584 -0.798581
vn 0.162330 -0.579584 -0.798581
vn 0.162330 -0.579584 -0.798581
vn 0.162330 -0.579584 -0.798581
vn -0.307563 -0.903958 -0.297094
vn -0.307563 -0.903958 -0.297094
vn -0.307563 -0.903958 -0.297094
vn -0.307563 -0.903958 -0.297094
vn 0.580786 0.757916 -0.297071
vn 0.580786 0.757916 -0.297071
vn 0.580786 0.757916 -0.297071
vn 0.580786 0.757916 -0.297071
vn 0.572113 0.186986 -0.798575
vn 0.572113 0.186986 -0.798575
vn 0.572113 0.186986 -0.798575
vn 0.572113 0.186986 -0.798575
vn -0.589569 0.807718 0.000000
vn -0.589569 0.807718 0.000000
vn -0.589569 0.807718 0.000000
vn -0.589569 0.807718 0.000000
vn 0.148751 0.988875 0.000000
vn 0.148751 0.988875 0.000000
vn 0.148751 0.988875 0.000000
vn 0.148751 0.988875 0.000000
vn 0.204845 0.383206 0.900662
vn 0.204845 0.383206 0.900662
vn 0.204845 0.383206 0.900662
vn 0.204845 0.383206 0.900662
vn 0.444184 0.830941 0.335019
vn 0.444184 0.830941 0.335019
vn 0.444184 0.830941 0.335019
vn 0.444184 0.830941 0.335019
vn 0.204850 0.383218 -0.900655
vn 0.204850 0.383218 -0.900655
vn 0.204851 0.383218 -0.900655
vn 0.204850 0.383218 -0.900655
vn 0.444181 0.830937 -0.335032
vn 0.444181 0.830937 -0.335032
vn 0.444181 0.830937 -0.335032
vn 0.444181 0.830937 -0.335032
vn -0.444177 -0.830927 -0.335062
vn -0.444177 -0.830927 -0.335062
vn -0.444177 -0.830927 -0.335062
vn -0.444177 -0.830927 -0.335062
vn -0.204858 -0.383231 -0.900648
vn -0.204858 -0.383231 -0.900648
vn -0.204858 -0.383231 -0.900648
vn -0.204858 -0.383231 -0.900648
vn -0.204849 -0.383214 0.900657
vn -0.204849 -0.383214 0.900657
vn -0.204849 -0.383214 0.900657
vn -0.204849 -0.383214 0.900657
vn -0.444178 -0.830928 0.335059
vn -0.444178 -0.830928 0.335059
vn -0.444178 -0.830928 0.335059
vn -0.444178 -0.830928 0.335059
vn 0.606182 0.744327 0.280213
vn 0.606182 0.744327 0.280213
vn 0.606182 0.744327 0.280213
vn 0.606182 0.744327 0.280213
vn 0.640331 0.150442 0.753222
vn 0.640331 0.150442 0.753222
vn 0.640331 0.150442 0.753222
vn 0.640331 0.150442 0.753222
vn -0.177342 -0.941265 0.287352
vn -0.177342 -0.941265 0.287352
vn -0.177342 -0.941265 0.287352
vn -0.177342 -0.941265 0.287352
vn 0.593380 -0.738862 0.319348
vn 0.593380 -0.738862 0.319348
vn 0.593380 -0.738862 0.319348
vn 0.593380 -0.738862 0.319348
vn 0.106255 -0.478571 0.871596
vn 0.106255 -0.478571 0.871596
vn 0.106255 -0.478571 0.871596
vn 0.106255 -0.478571 0.871596
vn 0.944003 -0.082927 0.319345
vn 0.944003 -0.082927 0.319345
vn 0.944003 -0.082927 0.319345
vn 0.944003 -0.082927 0.319345
vn 0.684160 0.670332 0.287367
vn 0.684161 0.670332 0.287367
vn 0.684161 0.670332 0.287367
vn 0.684160 0.670332 0.287367
vn 0.456958 0.177501 0.871598
vn 0.456958 0.177501 0.871598
vn 0.456958 0.177501 0.871598
vn 0.456959 0.177500 0.871598
vn -0.684157 -0.670339 0.287358
vn -0.684157 -0.670339 0.287358
vn -0.684157 -0.670339 0.287358
vn -0.684157 -0.670339 0.287358
vn -0.456933 -0.177470 0.871617
vn -0.456933 -0.177470 0.871617
vn -0.456933 -0.177470 0.871617
vn -0.456933 -0.177470 0.871617
vn -0.944019 0.082933 0.319296
vn -0.944019 0.082933 0.319296
vn -0.944019 0.082933 0.319296
vn -0.944019 0.082933 0.319296
vn -0.106264 0.478531 0.871617
vn -0.106264 0.478531 0.871617
vn -0.106264 0.478530 0.871617
vn -0.106264 0.478530 0.871617
vn 0.177342 0.941268 0.287341
vn 0.177342 0.941268 0.287341
vn 0.177342 0.941268 0.287341
vn 0.177342 0.941268 0.287341
vn -0.593386 0.738872 0.319313
vn -0.593386 0.738872 0.319313
vn -0.593386 0.738872 0.319313
vn -0.593386 0.738872 0.319313
vn -0.774448 -0.620692 -0.122359
vn -0.774448 -0.620692 -0.122359
vn -0.774448 -0.620692 -0.122359
vn -0.774448 -0.620692 -0.122359
vn -0.992403 0.106877 0.060945
vn -0.992403 0.106877 0.060945
vn -0.992403 0.106877 0.060945
vn -0.992403 0.106877 0.060945
vn -0.790966 -0.019853 -0.611538
vn -0.790966 -0.019853 -0.611538
vn -0.790966 -0.019853 -0.611538
vn -0.790966 -0.019853 -0.611538
vn -0.649723 0.759542 0.030922
vn -0.649723 0.759542 0.030922
vn -0.649723 0.759542 0.030922
vn -0.649723 0.759542 0.030922
vn 0.075495 0.985829 -0.149805
vn 0.075495 0.985829 -0.149805
vn 0.075495 0.985829 -0.149805
vn 0.075495 0.985829 -0.149805
vn -0.428163 0.641108 -0.636912
vn -0.428163 0.641108 -0.636912
vn -0.428163 0.641108 -0.636912
vn -0.428163 0.641108 -0.636912
vn -0.099923 -0.981161 -0.165344
vn -0.099923 -0.981161 -0.165344
vn -0.099923 -0.981161 -0.165344
vn -0.099923 -0.981161 -0.165344
vn 0.402581 -0.638625 -0.655810
vn 0.402581 -0.638625 -0.655810
vn 0.402581 -0.638625 -0.655810
vn 0.402581 -0.638625 -0.655810
vn 0.628141 -0.778076 0.006088
vn 0.628141 -0.778076 0.006088
vn 0.628141 -0.778076 0.006088
vn 0.628141 -0.778076 0.006088
vn 0.770893 -0.000056 -0.636965
vn 0.770893 -0.000056 -0.636965
vn 0.770893 -0.000056 -0.636965
vn 0.770893 -0.000056 -0.636965
vn 0.777801 0.610403 -0.149782
vn 0.777801 0.610403 -0.149782
vn 0.777801 0.610403 -0.149782
vn 0.777801 0.610403 -0.149782
vn 0.992473 -0.118493 0.030940
vn 0.992473 -0.118493 0.030940
vn 0.992473 -0.118493 0.030940
vn 0.992473 -0.118493 0.030940
vn -0.944010 0.083005 0.319305
vn -0.944010 0.083005 0.319305
vn -0.944010 0.083004 0.319305
vn -0.944010 0.083004 0.319305
vn -0.684172 -0.670313 0.287383
vn -0.684172 -0.670313 0.287383
vn -0.684172 -0.670313 0.287383
vn -0.684172 -0.670313 0.287383
vn -0.456971 -0.177522 0.871587
vn -0.456971 -0.177522 0.871587
vn -0.456971 -0.177522 0.871587
vn -0.456971 -0.177522 0.871587
vn -0.593463 0.738812 0.319310
vn -0.593463 0.738812 0.319310
vn -0.593463 0.738812 0.319310
vn -0.593463 0.738812 0.319310
vn -0.106242 0.478589 0.871588
vn -0.106242 0.478589 0.871588
vn -0.106242 0.478589 0.871588
vn -0.106242 0.478589 0.871588
vn 0.177304 0.941260 0.287391
vn 0.177304 0.941260 0.287391
vn 0.177304 0.941260 0.287391
vn 0.177304 0.941260 0.287391
vn 0.944031 -0.082808 0.319294
vn 0.944031 -0.082808 0.319294
vn 0.944031 -0.082808 0.319294
vn 0.944031 -0.082808 0.319294
vn 0.684179 0.670310 0.287374
vn 0.684179 0.670310 0.287374
vn 0.684179 0.670310 0.287374
vn 0.684179 0.670310 0.287374
vn 0.456909 0.177408 0.871642
vn 0.456909 0.177408 0.871642
vn 0.456909 0.177408 0.871642
vn 0.456909 0.177408 0.871642
vn 0.593318 -0.738938 0.319287
vn 0.593318 -0.738938 0.319287
vn 0.593318 -0.738938 0.319287
vn 0.593318 -0.738938 0.319287
vn 0.106304 -0.478475 0.871643
vn 0.106304 -0.478475 0.871643
vn 0.106304 -0.478475 0.871643
vn 0.106304 -0.478475 0.871643
vn -0.177320 -0.941263 0.287370
vn -0.177320 -0.941263 0.287370
vn -0.177320 -0.941263 0.287370
vn -0.177320 -0.941263 0.287370
s off
g UV_opuesta_mostrador polySurface181 polySurface1068
usemtl lambert7SG
f 921/1301/3561 922/1302/3562 907/1303/3563 908/1304/3564
f 920/1305/3565 921/1301/3566 908/1304/3567 910/1306/3568
f 922/1302/3569 923/1307/3570 912/1308/3571 907/1303/3572
f 909/1309/3573 906/1310/3574 915/1311/3575 914/1312/3576
f 906/1310/3577 905/1313/3578 916/1314/3579 915/1311/3580
f 905/1313/3581 911/1315/3582 917/1316/3583 916/1314/3584
f 914/1312/3585 915/1311/3586 921/1301/3587 920/1305/3588
f 915/1311/3589 916/1314/3590 922/1302/3591 921/1301/3592
f 916/1314/3593 917/1316/3594 923/1307/3595 922/1302/3596
f 926/1317/3597 925/1318/3598 1010/1319/3599 1009/1320/3600
f 925/1318/3601 930/1321/3602 1011/1322/3603 1010/1319/3604
f 928/1323/3605 927/1324/3606 935/1325/3607 934/1326/3608
f 927/1324/3609 926/1317/3610 936/1327/3611 935/1325/3612
f 930/1328/3613 929/1329/3614 975/1330/3615 974/1331/3616
f 929/1329/3617 928/1323/3618 976/1332/3619 975/1330/3620
f 934/1333/3621 933/1334/3622 981/1335/3623 980/1336/3624
f 933/1334/3625 932/1337/3626 982/1338/3627 981/1335/3628
f 938/1339/3629 937/1340/3630 1023/1341/3631 1022/1342/3632
f 937/1343/3633 942/1344/3634 1024/1345/3635 1023/1346/3636
f 940/1347/3637 939/1348/3638 947/1349/3639 946/1350/3640
f 939/1348/3641 938/1339/3642 948/1351/3643 947/1349/3644
f 944/1352/3645 943/1353/3646 1017/1354/3647 1016/1355/3648
f 943/1353/3649 948/1356/3650 1018/1357/3651 1017/1354/3652
f 946/1350/3653 945/1358/3654 989/1359/3655 988/1360/3656
f 945/1358/3657 944/1352/3658 990/1361/3659 989/1359/3660
f 950/1362/3661 949/1363/3662 1007/1364/3663 1006/1365/3664
f 949/1366/3665 954/1367/3666 1008/1368/3667 1007/1369/3668
f 952/1370/3669 951/1371/3670 959/1372/3671 958/1373/3672
f 951/1371/3673 950/1362/3674 960/1374/3675 959/1372/3676
f 954/1367/3677 953/1375/3678 992/1376/3679 991/1377/3680
f 953/1375/3681 952/1370/3682 993/1378/3683 992/1376/3684
f 958/1373/3685 957/1379/3686 995/1380/3687 994/1381/3688
f 957/1379/3689 956/1382/3690 996/1383/3691 995/1380/3692
f 962/1384/3693 961/1385/3694 1046/1386/3695 1045/1387/3696
f 961/1385/3697 966/1388/3698 1047/1389/3699 1046/1386/3700
f 964/1390/3701 963/1391/3702 971/1392/3703 970/1393/3704
f 963/1391/3705 962/1384/3706 972/1394/3707 971/1392/3708
f 968/1395/3709 967/1396/3710 1049/1397/3711 1048/1398/3712
f 967/1396/3713 972/1394/3714 1050/1399/3715 1049/1397/3716
f 970/1393/3717 969/1400/3718 1001/1401/3719 1000/1402/3720
f 969/1403/3721 968/1395/3722 1002/1404/3723 1001/1405/3724
f 974/1406/3725 973/1407/3726 1043/1408/3727 1042/1409/3728
f 973/1407/3729 978/1410/3730 1044/1411/3731 1043/1408/3732
f 978/1412/3733 977/1413/3734 979/1414/3735 984/1415/3736
f 977/1413/3737 976/1332/3738 980/1416/3739 979/1414/3740
f 1016/1355/3741 1015/1417/3742 1040/1418/3743 1039/1419/3744
f 1015/1417/3745 1020/1420/3746 1041/1421/3747 1040/1418/3748
f 1020/1422/3749 1019/1423/3750 1021/1424/3751 1026/1425/3752
f 1019/1423/3753 1018/1426/3754 1022/1342/3755 1021/1424/3756
f 1053/1427/3757 1052/1428/3758 1055/1429/3759 1054/1430/3760
f 1052/1428/3761 1051/1431/3762 1056/1432/3763 1055/1429/3764
f 928/1323/3765 934/1326/3766 980/1416/3767 976/1332/3768
f 940/1347/3769 946/1350/3770 988/1360/3771 985/1433/3772
f 1045/1387/3773 1050/1399/3774 972/1394/3775 962/1384/3776
f 1009/1320/3777 1012/1434/3778 936/1327/3779 926/1317/3780
f 932/1337/3781 1014/1435/3782 1051/1436/3783 982/1338/3784
f 1011/1322/3785 930/1321/3786 974/1406/3787 1042/1409/3788
f 1006/1365/3789 1003/1437/3790 960/1374/3791 950/1362/3792
f 966/1388/3793 999/1438/3794 903/1439/3795 1047/1389/3796
f 964/1390/3797 970/1393/3798 1000/1402/3799 997/1440/3800
f 904/1441/3801 1002/1404/3802 968/1395/3803 1048/1398/3804
f 985/1433/3805 988/1360/3806 1003/1442/3807 1006/1443/3808
f 999/1444/3809 1011/1322/3810 1042/1409/3811 903/1445/3812
f 997/1446/3813 1000/1447/3814 1012/1434/3815 1009/1320/3816
f 1051/1436/3817 1014/1435/3818 1002/1448/3819 904/1449/3820
f 1022/1342/3821 1018/1426/3822 948/1351/3823 938/1339/3824
f 1027/1450/3825 1024/1345/3826 942/1344/3827 987/1451/3828
f 901/1452/3829 1027/1450/3830 987/1451/3831 1008/1453/3832
f 991/1377/3833 901/1454/3834 1008/1368/3835 954/1367/3836
f 952/1370/3837 958/1373/3838 994/1381/3839 993/1378/3840
f 1005/1455/3841 902/1456/3842 996/1383/3843 956/1382/3844
f 990/1361/3845 1039/1419/3846 902/1457/3847 1005/1458/3848
f 1016/1355/3849 1039/1419/3850 990/1361/3851 944/1352/3852
f 919/1459/3853 1030/1460/3854 1027/1461/3855 901/1462/3856
f 1035/1463/3857 919/1464/3858 901/1454/3859 991/1377/3860
f 993/1378/3861 994/1381/3862 1036/1465/3863 1033/1466/3864
f 902/1456/3865 924/1467/3866 1038/1468/3867 996/1383/3868
f 1039/1419/3869 1068/1469/3870 924/1470/3871 902/1457/3872
f 978/1412/3873 984/1415/3874 905/1471/3875 906/1472/3876
f 1020/1422/3877 1026/1425/3878 908/1473/3879 907/1474/3880
f 1044/1411/3881 978/1410/3882 906/1475/3883 909/1476/3884
f 1026/1477/3885 1029/1478/3886 910/1479/3887 908/1480/3888
f 1029/1481/3889 1032/1482/3890 920/1483/3891 910/1484/3892
f 984/1485/3893 1053/1486/3894 911/1487/3895 905/1488/3896
f 1066/1489/3897 1041/1490/3898 912/1491/3899 923/1492/3900
f 1041/1421/3901 1020/1420/3902 907/1493/3903 912/1494/3904
f 1060/1495/3905 1059/1496/3906 1050/1399/3907 1045/1387/3908
f 1047/1389/3909 903/1439/3910 913/1497/3911 1062/1498/3912
f 903/1445/3913 1042/1409/3914 1063/1499/3915 913/1500/3916
f 914/1501/3917 1065/1502/3918 1044/1411/3919 909/1476/3920
f 1053/1427/3921 1054/1430/3922 917/1503/3923 911/1504/3924
f 918/1505/3925 1056/1432/3926 1051/1431/3927 904/1506/3928
f 1057/1507/3929 918/1508/3930 904/1441/3931 1048/1398/3932
f 1033/1466/3933 1036/1465/3934 1059/1496/3935 1060/1495/3936
f 1062/1498/3937 913/1497/3938 919/1464/3939 1035/1463/3940
f 913/1500/3941 1063/1499/3942 1030/1460/3943 919/1459/3944
f 920/1483/3945 1032/1482/3946 1065/1502/3947 914/1501/3948
f 1054/1430/3949 1066/1489/3950 923/1492/3951 917/1503/3952
f 924/1470/3953 1068/1469/3954 1056/1432/3955 918/1505/3956
f 1038/1468/3957 924/1467/3958 918/1508/3959 1057/1507/3960
f 942/1344/3961 941/1509/3962 986/1510/3963 987/1451/3964
f 941/1509/3965 940/1347/3966 985/1433/3967 986/1510/3968
f 988/1360/3969 989/1359/3970 1004/1511/3971 1003/1442/3972
f 989/1359/3973 990/1361/3974 1005/1458/3975 1004/1511/3976
f 994/1381/3977 995/1380/3978 1037/1512/3979 1036/1465/3980
f 995/1380/3981 996/1383/3982 1038/1468/3983 1037/1512/3984
f 966/1388/3985 965/1513/3986 998/1514/3987 999/1438/3988
f 965/1515/3989 964/1390/3990 997/1440/3991 998/1516/3992
f 1000/1447/3993 1001/1517/3994 1013/1518/3995 1012/1434/3996
f 1001/1517/3997 1002/1519/3998 1014/1435/3999 1013/1518/4000
f 956/1382/4001 955/1520/4002 1004/1521/4003 1005/1455/4004
f 955/1522/4005 960/1374/4006 1003/1437/4007 1004/1523/4008
f 987/1451/4009 986/1510/4010 1007/1524/4011 1008/1453/4012
f 986/1510/4013 985/1433/4014 1006/1443/4015 1007/1524/4016
f 999/1525/4017 998/1526/4018 1010/1319/4019 1011/1322/4020
f 998/1526/4021 997/1446/4022 1009/1320/4023 1010/1319/4024
f 932/1337/4025 931/1527/4026 1013/1518/4027 1014/1435/4028
f 931/1527/4029 936/1327/4030 1012/1434/4031 1013/1518/4032
f 1026/1477/4033 1025/1528/4034 1028/1529/4035 1029/1478/4036
f 1025/1528/4037 1024/1345/4038 1027/1450/4039 1028/1529/4040
f 1029/1481/4041 1028/1530/4042 1031/1531/4043 1032/1482/4044
f 1028/1530/4045 1027/1461/4046 1030/1460/4047 1031/1531/4048
f 991/1377/4049 992/1376/4050 1034/1532/4051 1035/1463/4052
f 992/1376/4053 993/1378/4054 1033/1466/4055 1034/1532/4056
f 1042/1409/4057 1043/1408/4058 1064/1533/4059 1063/1499/4060
f 1043/1408/4061 1044/1411/4062 1065/1502/4063 1064/1533/4064
f 1045/1387/4065 1046/1386/4066 1061/1534/4067 1060/1495/4068
f 1046/1386/4069 1047/1389/4070 1062/1498/4071 1061/1534/4072
f 1048/1398/4073 1049/1397/4074 1058/1535/4075 1057/1507/4076
f 1049/1397/4077 1050/1399/4078 1059/1496/4079 1058/1535/4080
f 984/1485/4081 983/1536/4082 1052/1537/4083 1053/1486/4084
f 983/1536/4085 982/1338/4086 1051/1436/4087 1052/1537/4088
f 1054/1430/4089 1055/1429/4090 1067/1538/4091 1066/1489/4092
f 1055/1429/4093 1056/1432/4094 1068/1469/4095 1067/1538/4096
f 1036/1465/4097 1037/1512/4098 1058/1535/4099 1059/1496/4100
f 1037/1512/4101 1038/1468/4102 1057/1507/4103 1058/1535/4104
f 1035/1463/4105 1034/1532/4106 1061/1534/4107 1062/1498/4108
f 1034/1532/4109 1033/1466/4110 1060/1495/4111 1061/1534/4112
f 1032/1482/4113 1031/1531/4114 1064/1533/4115 1065/1502/4116
f 1031/1531/4117 1030/1460/4118 1063/1499/4119 1064/1533/4120
f 1039/1419/4121 1040/1539/4122 1067/1538/4123 1068/1469/4124
f 1040/1539/4125 1041/1490/4126 1066/1489/4127 1067/1538/4128
f 929/1329/4129 930/1328/4130 925/1540/4131 1069/1541/4132
f 925/1540/4133 926/1317/4134 927/1324/4135 1069/1541/4136
f 927/1324/4137 928/1323/4138 929/1329/4139 1069/1541/4140
f 935/1542/4141 936/1327/4142 931/1527/4143 1070/1543/4144
f 931/1527/4145 932/1337/4146 933/1334/4147 1070/1543/4148
f 933/1334/4149 934/1333/4150 935/1542/4151 1070/1543/4152
f 941/1509/4153 942/1344/4154 937/1343/4155 1071/1544/4156
f 937/1340/4157 938/1339/4158 939/1348/4159 1071/1545/4160
f 939/1348/4161 940/1347/4162 941/1509/4163 1071/1544/4164
f 947/1546/4165 948/1356/4166 943/1353/4167 1072/1547/4168
f 943/1353/4169 944/1352/4170 945/1358/4171 1072/1547/4172
f 945/1358/4173 946/1350/4174 947/1546/4175 1072/1547/4176
f 953/1375/4177 954/1367/4178 949/1366/4179 1073/1548/4180
f 949/1363/4181 950/1362/4182 951/1371/4183 1073/1548/4184
f 951/1371/4185 952/1370/4186 953/1375/4187 1073/1548/4188
f 959/1372/4189 960/1374/4190 955/1522/4191 1074/1549/4192
f 955/1520/4193 956/1382/4194 957/1379/4195 1074/1549/4196
f 957/1379/4197 958/1373/4198 959/1372/4199 1074/1549/4200
f 965/1513/4201 966/1388/4202 961/1385/4203 1075/1550/4204
f 961/1385/4205 962/1384/4206 963/1391/4207 1075/1550/4208
f 963/1391/4209 964/1390/4210 965/1515/4211 1075/1550/4212
f 971/1392/4213 972/1394/4214 967/1396/4215 1076/1551/4216
f 967/1396/4217 968/1395/4218 969/1403/4219 1076/1551/4220
f 969/1400/4221 970/1393/4222 971/1392/4223 1076/1551/4224
f 977/1413/4225 978/1412/4226 973/1552/4227 1077/1553/4228
f 973/1552/4229 974/1331/4230 975/1330/4231 1077/1553/4232
f 975/1330/4233 976/1332/4234 977/1413/4235 1077/1553/4236
f 983/1536/4237 984/1485/4238 979/1554/4239 1078/1555/4240
f 979/1554/4241 980/1336/4242 981/1335/4243 1078/1555/4244
f 981/1335/4245 982/1338/4246 983/1536/4247 1078/1555/4248
f 1019/1556/4249 1020/1420/4250 1015/1417/4251 1079/1557/4252
f 1015/1417/4253 1016/1355/4254 1017/1354/4255 1079/1557/4256
f 1017/1354/4257 1018/1357/4258 1019/1556/4259 1079/1557/4260
f 1025/1528/4261 1026/1477/4262 1021/1558/4263 1080/1559/4264
f 1021/1424/4265 1022/1342/4266 1023/1341/4267 1080/1560/4268
f 1023/1346/4269 1024/1345/4270 1025/1528/4271 1080/1559/4272
