#File written by RizomUV 2023.0.70.ge90189e8. Compilation :Sep 22 2023,12:42:11
mtllib Lampara.mtl
#begin vertices
v -7.491221 2.973031 2.755248
v -7.491221 3.13766 2.835468
v -7.334571 2.973031 2.791002
v -7.369378 3.13766 2.863278
v -7.208948 2.973031 2.891184
v -7.271667 3.13766 2.9412
v -7.139232 2.973031 3.03595
v -7.217441 3.13766 3.053801
v -7.139232 2.973031 3.196629
v -7.217441 3.13766 3.178778
v -7.208948 2.973031 3.341396
v -7.271667 3.13766 3.291379
v -7.334571 2.973031 3.441577
v -7.369378 3.13766 3.369301
v -7.491221 2.973031 3.477332
v -7.491221 3.13766 3.397111
v -7.647872 2.973031 3.441577
v -7.613065 3.13766 3.369301
v -7.773496 2.973031 3.341396
v -7.710776 3.13766 3.291379
v -7.843211 2.973031 3.196629
v -7.765002 3.13766 3.178778
v -7.843211 2.973031 3.03595
v -7.765002 3.13766 3.053801
v -7.773496 2.973031 2.891184
v -7.710776 3.13766 2.9412
v -7.647872 2.973031 2.791002
v -7.613065 3.13766 2.863278
v -7.361734 3.276452 2.847407
v -7.491221 3.276452 2.817853
v -7.257894 3.276452 2.930218
v -7.200267 3.276452 3.049881
v -7.200267 3.276452 3.182698
v -7.257894 3.276452 3.302362
v -7.361734 3.276452 3.385172
v -7.491221 3.276452 3.414727
v -7.620708 3.276452 3.385172
v -7.724549 3.276452 3.302362
v -7.782176 3.276452 3.182698
v -7.782176 3.276452 3.049881
v -7.724549 3.276452 2.930218
v -7.620708 3.276452 2.847407
v -7.347158 3.276452 2.81714
v -7.491221 3.276452 2.784258
v -7.231629 3.276452 2.909271
v -7.167515 3.276452 3.042406
v -7.167515 3.276452 3.190174
v -7.231629 3.276452 3.323308
v -7.347158 3.276452 3.41544
v -7.491221 3.276452 3.448321
v -7.635284 3.276452 3.41544
v -7.750814 3.276452 3.323308
v -7.814929 3.276452 3.190174
v -7.814929 3.276452 3.042406
v -7.750814 3.276452 2.909271
v -7.635284 3.276452 2.81714
v -7.596183 4.519602 2.898336
v -7.680355 4.519602 2.965461
v -7.727067 4.519602 3.06246
v -7.727067 4.519602 3.17012
v -7.680355 4.519602 3.267119
v -7.596183 4.519602 3.334244
v -7.491221 4.519602 3.358201
v -7.386261 4.519602 3.334244
v -7.302088 4.519602 3.267119
v -7.255376 4.519602 3.17012
v -7.255376 4.519602 3.06246
v -7.302088 4.519602 2.965461
v -7.491221 4.519602 2.874379
v -7.386261 4.519602 2.898336
v -7.386261 4.494997 2.898336
v -7.491221 4.494997 2.874379
v -7.302088 4.494997 2.965461
v -7.255376 4.494997 3.06246
v -7.255376 4.494997 3.17012
v -7.302088 4.494997 3.267119
v -7.386261 4.494997 3.334244
v -7.491221 4.494997 3.358201
v -7.596183 4.494997 3.334244
v -7.680355 4.494997 3.267119
v -7.727067 4.494997 3.17012
v -7.727067 4.494997 3.06246
v -7.680355 4.494997 2.965461
v -7.596183 4.494997 2.898336
v -7.298258 3.999817 2.715596
v -7.300912 3.698121 2.721108
v -7.291127 3.848937 2.700788
v -7.491222 3.698121 2.677671
v -7.491222 3.999817 2.671554
v -7.491222 3.848937 2.655118
v -7.143513 3.999817 2.839002
v -7.148296 3.698121 2.842816
v -7.130663 3.848937 2.828754
v -7.057636 3.999817 3.017327
v -7.0636 3.698121 3.018688
v -7.041612 3.848937 3.01367
v -7.057636 3.999817 3.215253
v -7.0636 3.698121 3.213892
v -7.041612 3.848937 3.218911
v -7.143513 3.999817 3.393579
v -7.148296 3.698121 3.389765
v -7.130663 3.848937 3.403826
v -7.298258 3.999817 3.516984
v -7.300912 3.698121 3.511472
v -7.291127 3.848937 3.531792
v -7.491222 3.999817 3.561027
v -7.491222 3.698121 3.554909
v -7.491222 3.848937 3.577462
v -7.684186 3.999817 3.516984
v -7.681531 3.698121 3.511472
v -7.691317 3.848937 3.531792
v -7.838931 3.999817 3.393579
v -7.834148 3.698121 3.389765
v -7.851781 3.848937 3.403826
v -7.924808 3.999817 3.215253
v -7.918844 3.698121 3.213892
v -7.940832 3.848937 3.218911
v -7.924808 3.999817 3.017327
v -7.918844 3.698121 3.018688
v -7.940832 3.848937 3.01367
v -7.838931 3.999817 2.839002
v -7.834148 3.698121 2.842816
v -7.851781 3.848937 2.828754
v -7.684186 3.999817 2.715596
v -7.681531 3.698121 2.721108
v -7.691317 3.848937 2.700788
v -7.491221 4.559111 2.899359
v -7.585345 4.559111 2.920842
v -7.702714 4.559111 3.068018
v -7.702714 4.559111 3.164562
v -7.585345 4.559111 3.311739
v -7.491221 4.559111 3.333222
v -7.321618 4.559111 3.251545
v -7.279729 4.559111 3.164562
v -7.321618 4.559111 2.981036
v -7.397099 4.559111 2.920842
v -7.660825 4.559111 2.981036
v -7.660825 4.559111 3.251545
v -7.397099 4.559111 3.311739
v -7.279729 4.559111 3.068018
v -7.491221 4.519602 2.847862
v -7.491221 4.494997 2.847862
v -7.281355 4.519602 3.283653
v -7.281355 4.494997 3.283653
v -7.752921 4.519602 3.056559
v -7.752921 4.494997 3.056559
v -7.701088 4.494997 3.283653
v -7.701088 4.519602 3.283653
v -7.607688 4.519602 2.874444
v -7.752921 4.519602 3.176021
v -7.607688 4.519602 3.358136
v -7.491221 4.519602 3.384719
v -7.229523 4.519602 3.176021
v -7.281355 4.519602 2.948928
v -7.374755 4.519602 2.874444
v -7.701088 4.519602 2.948928
v -7.701088 4.494997 2.948928
v -7.229523 4.519602 3.056559
v -7.229523 4.494997 3.056559
v -7.281355 4.494997 2.948928
v -7.374755 4.519602 3.358136
v -7.607688 4.494997 3.358136
v -7.374755 4.494997 3.358136
v -7.374755 4.494997 2.874444
v -7.229523 4.494997 3.176021
v -7.491221 4.494997 3.384719
v -7.752921 4.494997 3.176021
v -7.607688 4.494997 2.874444
v -7.397099 4.605005 2.920842
v -7.491221 4.605005 2.899359
v -7.279729 4.605005 3.068018
v -7.321618 4.605005 2.981036
v -7.702714 4.605005 3.164562
v -7.660825 4.605005 3.251545
v -7.321618 4.605005 3.251545
v -7.279729 4.605005 3.164562
v -7.585345 4.605005 2.920842
v -7.660825 4.605005 2.981036
v -7.702714 4.605005 3.068018
v -7.397099 4.605005 3.311739
v -7.585345 4.605005 3.311739
v -7.491221 4.605005 3.333222
v -7.387853 4.559111 2.901643
v -7.491221 4.559111 2.87805
v -7.258954 4.559111 3.063277
v -7.304958 4.559111 2.96775
v -7.723489 4.559111 3.169304
v -7.677485 4.559111 3.264831
v -7.304958 4.559111 3.264831
v -7.258954 4.559111 3.169304
v -7.59459 4.559111 2.901643
v -7.677485 4.559111 2.96775
v -7.723489 4.559111 3.063277
v -7.387853 4.559111 3.330938
v -7.59459 4.559111 3.330938
v -7.491221 4.559111 3.354531
v -7.387853 4.605005 2.901643
v -7.491221 4.605005 2.87805
v -7.258954 4.605005 3.063277
v -7.304958 4.605005 2.96775
v -7.723489 4.605005 3.169304
v -7.677485 4.605005 3.264831
v -7.304958 4.605005 3.264831
v -7.258954 4.605005 3.169304
v -7.59459 4.605005 2.901643
v -7.677485 4.605005 2.96775
v -7.723489 4.605005 3.063277
v -7.387853 4.605005 3.330938
v -7.59459 4.605005 3.330938
v -7.491221 4.605005 3.354531
v -7.397099 4.615001 2.920842
v -7.491221 4.615001 2.899359
v -7.279729 4.615001 3.068018
v -7.321618 4.615001 2.981036
v -7.702714 4.615001 3.164562
v -7.660825 4.615001 3.251545
v -7.321618 4.615001 3.251545
v -7.279729 4.615001 3.164562
v -7.585345 4.615001 2.920842
v -7.660825 4.615001 2.981036
v -7.702714 4.615001 3.068018
v -7.397099 4.615001 3.311739
v -7.585345 4.615001 3.311739
v -7.491221 4.615001 3.333222
v -7.397099 4.650923 2.920842
v -7.491221 4.650923 2.899359
v -7.279729 4.650923 3.068018
v -7.321618 4.650923 2.981036
v -7.702714 4.650923 3.164562
v -7.660825 4.650923 3.251545
v -7.321618 4.650923 3.251545
v -7.279729 4.650923 3.164562
v -7.585345 4.650923 2.920842
v -7.660825 4.650923 2.981036
v -7.702714 4.650923 3.068018
v -7.397099 4.650923 3.311739
v -7.585345 4.650923 3.311739
v -7.491221 4.650923 3.333222
v -7.392832 4.615001 2.911982
v -7.491221 4.615001 2.889525
v -7.270142 4.615001 3.06583
v -7.31393 4.615001 2.974904
v -7.712301 4.615001 3.16675
v -7.668514 4.615001 3.257676
v -7.31393 4.615001 3.257676
v -7.270142 4.615001 3.16675
v -7.589612 4.615001 2.911982
v -7.668514 4.615001 2.974904
v -7.712301 4.615001 3.06583
v -7.392832 4.615001 3.320599
v -7.589612 4.615001 3.320599
v -7.491221 4.615001 3.343055
v -7.392832 4.650923 2.911982
v -7.491221 4.650923 2.889525
v -7.270142 4.650923 3.06583
v -7.31393 4.650923 2.974904
v -7.712301 4.650923 3.16675
v -7.668514 4.650923 3.257676
v -7.31393 4.650923 3.257676
v -7.270142 4.650923 3.16675
v -7.589612 4.650923 2.911982
v -7.668514 4.650923 2.974904
v -7.712301 4.650923 3.06583
v -7.392832 4.650923 3.320599
v -7.589612 4.650923 3.320599
v -7.491221 4.650923 3.343055
v -7.449992 4.837532 3.030675
v -7.491221 4.837532 3.021265
v -7.398579 4.837532 3.095145
v -7.416928 4.837532 3.057043
v -7.583865 4.837532 3.137435
v -7.565516 4.837532 3.175537
v -7.416928 4.837532 3.175537
v -7.398579 4.837532 3.137435
v -7.532452 4.837532 3.030675
v -7.565516 4.837532 3.057043
v -7.583865 4.837532 3.095145
v -7.449992 4.837532 3.201905
v -7.532452 4.837532 3.201905
v -7.491221 4.837532 3.211315
v -7.491221 4.697576 2.964777
v -7.372763 4.697576 3.021823
v -7.60968 4.697576 3.021823
v -7.343506 4.697576 3.150005
v -7.425482 4.697576 3.2528
v -7.556961 4.697576 3.2528
v -7.556961 4.697576 2.979781
v -7.425482 4.697576 2.979781
v -7.638937 4.697576 3.082575
v -7.638937 4.697576 3.150005
v -7.343506 4.697576 3.082575
v -7.372763 4.697576 3.210757
v -7.491221 4.697576 3.267804
v -7.60968 4.697576 3.210757
v -7.537859 4.778552 3.019446
v -7.552479 4.710681 2.989088
v -7.543445 4.744456 3.007847
v -7.491221 4.710681 2.975106
v -7.491221 4.778552 3.008801
v -7.491221 4.744456 2.995927
v -7.444584 4.778552 3.019446
v -7.429964 4.710681 2.989088
v -7.438998 4.744456 3.007847
v -7.380839 4.710681 3.028264
v -7.407183 4.778552 3.049272
v -7.397118 4.744456 3.041245
v -7.596016 4.778552 3.092371
v -7.628866 4.710681 3.084874
v -7.608567 4.744456 3.089507
v -7.601604 4.710681 3.028264
v -7.57526 4.778552 3.049272
v -7.585325 4.744456 3.041245
v -7.596016 4.778552 3.140209
v -7.628866 4.710681 3.147707
v -7.608567 4.744456 3.143073
v -7.386427 4.778552 3.092371
v -7.353578 4.710681 3.084874
v -7.373877 4.744456 3.089507
v -7.353578 4.710681 3.147707
v -7.386427 4.778552 3.140209
v -7.373877 4.744456 3.143073
v -7.407183 4.778552 3.183309
v -7.380839 4.710681 3.204317
v -7.397118 4.744456 3.191335
v -7.429964 4.710681 3.243493
v -7.444584 4.778552 3.213135
v -7.438998 4.744456 3.224733
v -7.491221 4.778552 3.223779
v -7.491221 4.710681 3.257474
v -7.491221 4.744456 3.236653
v -7.552479 4.710681 3.243492
v -7.537859 4.778552 3.213135
v -7.543445 4.744456 3.224733
v -7.57526 4.778552 3.183309
v -7.601604 4.710681 3.204317
v -7.585325 4.744456 3.191335
v -7.474463 5.115571 3.081491
v -7.491221 5.115571 3.077666
v -7.453566 5.115571 3.107695
v -7.461024 5.115571 3.092208
v -7.528877 5.115571 3.124884
v -7.521419 5.115571 3.140372
v -7.461024 5.115571 3.140372
v -7.453566 5.115571 3.124884
v -7.507979 5.115571 3.081491
v -7.521419 5.115571 3.092208
v -7.528877 5.115571 3.107695
v -7.474463 5.115571 3.151089
v -7.507979 5.115571 3.151089
v -7.491221 5.115571 3.154914
v -7.467266 4.61042 2.0033
v -7.448943 5.436632 2.651539
v -6.675572 4.61042 2.33123
v -7.12099 5.436632 2.802561
v -6.347642 4.61042 3.122923
v -6.997919 5.430214 3.146166
v -6.675572 4.61042 3.914617
v -7.151822 5.430214 3.471237
v -7.467266 4.61042 4.242547
v -7.444023 5.430214 3.59227
v -8.258959 4.61042 3.914617
v -7.813541 5.436632 3.443286
v -8.586889 4.61042 3.122923
v -7.93865 5.436632 3.104601
v -8.258959 4.61042 2.33123
v -7.787629 5.436632 2.776648
v -7.805952 5.59957 2.784238
v -7.946239 5.59957 3.122924
v -7.805952 5.59957 3.461609
v -7.467266 5.59957 3.601898
v -7.12858 5.59957 3.461609
v -6.988292 5.59957 3.122924
v -7.467266 5.59957 2.64395
v -7.12858 5.59957 2.784238
v -7.448839 5.169017 2.651288
v -7.448315 4.959625 2.555413
v -7.448472 5.052937 2.622555
v -7.052575 4.959625 2.735033
v -7.120739 5.169017 2.802457
v -7.100163 5.052937 2.782399
v -6.900927 4.958364 3.146962
v -6.997601 5.168687 3.146298
v -6.968459 5.051975 3.146764
v -7.083801 4.958364 3.540384
v -7.15169 5.168687 3.471555
v -7.131413 5.051975 3.492491
v -7.443227 4.958364 3.689263
v -7.443892 5.168687 3.592588
v -7.443426 5.051975 3.621731
v -7.881956 4.959625 3.510814
v -7.813792 5.169017 3.44339
v -7.834369 5.052937 3.463448
v -8.034777 4.959625 3.103973
v -7.938901 5.169017 3.104497
v -7.967634 5.052937 3.10413
v -7.855156 4.959625 2.708233
v -7.787733 5.169017 2.776397
v -7.80779 5.052937 2.75582
v -6.990366 4.847042 2.673126
v -6.790989 4.639346 2.47454
v -6.899199 4.738509 2.58226
v -6.812918 4.845796 3.147233
v -6.530866 4.638603 3.147943
v -6.683887 4.737348 3.147503
v -7.021761 4.845796 3.602806
v -6.822823 4.638603 3.80275
v -6.930713 4.737348 3.694237
v -7.486429 4.847042 3.778197
v -7.442246 4.638603 4.059323
v -7.442686 4.737348 3.906303
v -7.944165 4.847042 3.572721
v -8.143542 4.639346 3.771307
v -8.035332 4.738509 3.663587
v -8.12254 4.847042 3.10376
v -8.403941 4.639346 3.103199
v -8.251256 4.738509 3.103546
v -7.917063 4.847042 2.646024
v -8.115648 4.639346 2.446646
v -8.007929 4.738509 2.554857
v -7.447542 4.639346 2.186247
v -7.448102 4.847042 2.46765
v -7.447889 4.738509 2.338933
v -7.090945 5.460538 2.746603
v -7.467266 5.460538 2.590725
v -6.935067 5.460538 3.122924
v -7.090945 5.460538 3.499245
v -7.467266 5.460538 3.655122
v -7.090945 5.59957 2.746603
v -7.843586 5.460538 3.499245
v -7.843586 5.59957 3.499245
v -7.999464 5.460538 3.122924
v -7.467266 5.59957 2.590725
v -7.843586 5.59957 2.746603
v -7.843586 5.460538 2.746603
v -7.467266 5.59957 3.655122
v -6.935067 5.59957 3.122924
v -7.090945 5.59957 3.499245
v -7.999464 5.59957 3.122924
v -7.442152 4.615107 4.205241
v -6.719709 4.615107 3.905996
v -7.485589 5.436632 3.594308
v -7.118952 5.430214 3.438367
v -7.48606 5.052937 3.623292
v -7.485693 5.169017 3.594559
v -7.486216 4.959625 3.690434
v -7.097698 5.051975 3.458776
v -7.118634 5.168687 3.438499
v -7.049806 4.958364 3.506388
v -6.987383 4.845796 3.568428
v -6.895952 4.737348 3.659476
v -6.787439 4.638603 3.767366
v -7.442956 4.845796 3.777271
v -7.486642 4.738509 3.906914
v -7.486989 4.639346 4.059599
v -7.12858 5.460538 3.461609
v -6.384948 4.615107 3.148037
v -6.684193 4.615107 3.87048
v -6.995881 5.436632 3.104601
v -7.109339 5.056519 3.48085
v -7.12858 5.170245 3.461609
v -7.062889 4.964322 3.5273
v -6.966897 5.052937 3.10413
v -6.99563 5.169017 3.104497
v -6.899755 4.959625 3.103973
v -6.808544 4.851683 3.122924
v -6.683276 4.738509 3.103546
v -6.53059 4.639346 3.103199
v -7.001479 4.851683 3.58871
v -6.911292 4.742836 3.678897
v -6.804208 4.642114 3.785981
v -6.377051 4.614115 3.103126
v -6.682368 4.614115 2.366024
v -6.988292 5.460538 3.122924
v -7.146903 5.436632 2.776648
v -6.961082 5.056519 3.122924
v -6.988292 5.170245 3.122924
v -6.895391 4.964322 3.122924
v -7.126741 5.052937 2.75582
v -7.146799 5.169017 2.776397
v -7.079375 4.959625 2.708233
v -7.017468 4.847042 2.646024
v -6.926602 4.738509 2.554857
v -6.818882 4.639346 2.446646
v -6.811992 4.847042 3.10376
v -6.681001 4.742836 3.122923
v -6.529561 4.642114 3.122923
v -7.447468 4.614115 2.032709
v -7.12858 5.460538 2.784238
v -6.710367 4.614115 2.338026
v -7.485589 5.436632 2.651539
v -7.485693 5.169017 2.651288
v -7.48606 5.052937 2.622555
v -7.486216 4.959625 2.555413
v -7.109339 5.056519 2.764997
v -7.12858 5.170245 2.784238
v -7.062889 4.964322 2.718547
v -7.486642 4.738509 2.338933
v -7.486429 4.847042 2.46765
v -7.001479 4.851683 2.657137
v -6.911292 4.742836 2.56695
v -7.486989 4.639346 2.186247
v -6.804208 4.642114 2.459866
v -7.467266 5.460538 2.64395
v -8.224164 4.614115 2.338026
v -7.487063 4.614115 2.032709
v -7.813541 5.436632 2.802561
v -7.834369 5.052937 2.782399
v -7.813792 5.169017 2.802457
v -7.467266 5.170245 2.64395
v -7.467266 5.056519 2.616739
v -7.881956 4.959625 2.735033
v -7.467266 4.964322 2.551048
v -7.467266 4.742836 2.336658
v -7.467266 4.851683 2.464202
v -7.467266 4.642114 2.185218
v -7.944165 4.847042 2.673126
v -8.035332 4.738509 2.58226
v -8.143542 4.639346 2.47454
v -7.805952 5.460538 2.784238
v -8.55748 4.614115 3.103126
v -8.252163 4.614115 2.366024
v -7.93865 5.436632 3.141247
v -7.825192 5.056519 2.764997
v -7.805952 5.170245 2.784238
v -7.871643 4.964322 2.718547
v -7.967634 5.052937 3.141717
v -7.938901 5.169017 3.141351
v -8.034777 4.959625 3.141874
v -8.12254 4.847042 3.142087
v -8.251256 4.738509 3.1423
v -8.403941 4.639346 3.142647
v -7.933052 4.851683 2.657137
v -8.023239 4.742836 2.56695
v -8.130323 4.642114 2.459866
v -7.946239 5.460538 3.122924
v -8.252163 4.614115 3.879822
v -8.55748 4.614115 3.142721
v -7.787629 5.436632 3.469199
v -7.97345 5.056519 3.122924
v -7.946239 5.170245 3.122924
v -8.039141 4.964322 3.122924
v -7.80779 5.052937 3.490027
v -7.787733 5.169017 3.46945
v -7.855156 4.959625 3.537614
v -7.917063 4.847042 3.599823
v -8.007929 4.738509 3.69099
v -8.115648 4.639346 3.7992
v -8.125987 4.851683 3.122924
v -8.253531 4.742836 3.122923
v -8.404971 4.642114 3.122923
v -7.487063 4.614115 4.213138
v -7.805952 5.460538 3.461609
v -8.224164 4.614115 3.90782
v -7.467266 5.460538 3.601898
v -7.825192 5.056519 3.48085
v -7.805952 5.170245 3.461609
v -7.871643 4.964322 3.5273
v -7.467266 5.056519 3.629108
v -7.467266 5.170245 3.601898
v -7.467266 4.964322 3.694799
v -7.467266 4.851683 3.781645
v -7.467266 4.742836 3.909189
v -7.467266 4.642114 4.060628
v -7.933052 4.851683 3.58871
v -8.023239 4.742836 3.678897
v -8.130323 4.642114 3.785981
v -7.447985 4.603076 2.033957
v -6.710884 4.603076 2.339274
v -6.683617 4.603076 2.366542
v -6.3783 4.603076 3.103642
v -6.386171 4.604064 3.14753
v -6.685417 4.604064 3.869973
v -6.720216 4.604064 3.904772
v -7.442659 4.604064 4.204018
v -7.486547 4.603076 4.211889
v -8.223647 4.603076 3.906572
v -8.250915 4.603076 3.879305
v -8.556231 4.603076 3.142204
v -8.556231 4.603076 3.103642
v -8.250915 4.603076 2.366542
v -8.223647 4.603076 2.339274
v -7.486547 4.603076 2.033957
v -7.784225 5.167458 2.784865
v -7.482185 5.167458 2.659756
v -7.482943 5.047631 2.630078
v -7.804674 5.047631 2.763344
v -7.483504 4.952446 2.56196
v -7.852445 4.952446 2.71478
v -7.930433 5.167458 3.108004
v -7.805324 5.167458 2.805964
v -7.826846 5.047631 2.785515
v -7.960111 5.047631 3.107246
v -7.87541 4.952446 2.737745
v -8.02823 4.952446 3.106685
v -7.805324 5.167458 3.439883
v -7.930433 5.167458 3.137843
v -7.960111 5.047631 3.138601
v -7.826846 5.047631 3.460332
v -8.02823 4.952446 3.139162
v -7.87541 4.952446 3.508102
v -7.482185 5.167458 3.586091
v -7.784225 5.167458 3.460982
v -7.804674 5.047631 3.482504
v -7.482943 5.047631 3.615769
v -7.852445 4.952446 3.531067
v -7.483504 4.952446 3.683887
v -7.155197 5.167111 3.463089
v -7.447398 5.167111 3.584122
v -7.446538 5.04665 3.614215
v -7.134526 5.04665 3.484976
v -7.445935 4.951172 3.682724
v -7.08651 4.951172 3.533845
v -7.006067 5.167111 3.142791
v -7.1271 5.167111 3.434992
v -7.105214 5.04665 3.455663
v -6.975974 5.04665 3.143651
v -7.056344 4.951172 3.50368
v -6.907465 4.951172 3.144254
v -7.129208 5.167458 2.805964
v -7.004098 5.167458 3.108004
v -6.97442 5.047631 3.107246
v -7.107686 5.047631 2.785515
v -6.906301 4.952446 3.106685
v -7.059122 4.952446 2.737745
v -7.452346 5.167458 2.659756
v -7.150306 5.167458 2.784865
v -7.129857 5.047631 2.763344
v -7.451588 5.047631 2.630078
v -7.082087 4.952446 2.71478
v -7.451027 4.952446 2.56196
v -7.450471 4.838747 2.47337
v -7.019837 4.838747 2.651744
v -6.928529 4.729146 2.559509
v -7.449815 4.729146 2.343585
v -6.819905 4.628664 2.449116
v -7.448565 4.628664 2.188716
v -6.996086 4.838747 2.675495
v -6.817712 4.838747 3.106129
v -6.687927 4.729146 3.105473
v -6.903851 4.729146 2.584187
v -6.533059 4.628664 3.104222
v -6.793458 4.628664 2.475563
v -6.818627 4.837489 3.144868
v -6.993093 4.837489 3.566063
v -6.900587 4.72797 3.657556
v -6.688521 4.72797 3.145583
v -6.789885 4.627911 3.766353
v -6.533311 4.627911 3.14693
v -7.024126 4.837489 3.597097
v -7.445322 4.837489 3.771562
v -7.444606 4.72797 3.901668
v -6.932633 4.72797 3.689602
v -7.443259 4.627911 4.056878
v -6.823835 4.627911 3.800304
v -7.48406 4.838747 3.772477
v -7.914694 4.838747 3.594103
v -8.006002 4.729146 3.686338
v -7.484716 4.729146 3.902262
v -8.114626 4.628664 3.796731
v -7.485967 4.628664 4.05713
v -7.938445 4.838747 3.570352
v -8.116819 4.838747 3.139718
v -8.246604 4.729146 3.140374
v -8.03068 4.729146 3.66166
v -8.401472 4.628664 3.141625
v -8.141073 4.628664 3.770284
v -8.116819 4.838747 3.106129
v -7.938445 4.838747 2.675495
v -8.03068 4.729146 2.584187
v -8.246604 4.729146 3.105473
v -8.141073 4.628664 2.475563
v -8.401472 4.628664 3.104222
v -7.914694 4.838747 2.651744
v -7.48406 4.838747 2.47337
v -7.484716 4.729146 2.343585
v -8.006001 4.729146 2.559509
v -7.485967 4.628664 2.188716
v -8.114626 4.628664 2.449116
v -7.447566 5.430196 3.583718
v -7.155365 5.430196 3.462685
v -7.127504 5.430196 3.434824
v -7.006471 5.430196 3.142624
v -7.004433 5.436619 3.108143
v -7.129542 5.436619 2.806103
v -7.150445 5.436619 2.7852
v -7.452485 5.436619 2.660091
v -7.482046 5.436619 2.660091
v -7.784086 5.436619 2.7852
v -7.804989 5.436619 2.806103
v -7.930098 5.436619 3.108143
v -7.930098 5.436619 3.137704
v -7.804989 5.436619 3.439744
v -7.784086 5.436619 3.460647
v -7.482046 5.436619 3.585756
v -7.467266 4.604704 2.003976
v -7.451924 5.438373 2.654998
v -6.676051 4.604704 2.331708
v -7.125545 5.438373 2.802898
v -6.348317 4.604704 3.122924
v -7.001378 5.431953 3.143184
v -6.676049 4.604704 3.91414
v -7.15216 5.431953 3.466682
v -7.467265 4.604704 4.241872
v -7.447005 5.431953 3.588811
v -8.258481 4.604704 3.914138
v -7.808987 5.438373 3.442949
v -8.586213 4.604704 3.122923
v -7.935191 5.438373 3.107582
v -8.258481 4.604704 2.331708
v -7.787291 5.438373 2.781203
v -7.805952 5.593796 2.784238
v -7.946239 5.593796 3.122924
v -7.805952 5.593796 3.461609
v -7.467266 5.593796 3.601898
v -7.12858 5.593796 3.461609
v -6.988292 5.593796 3.122924
v -7.467266 5.593796 2.64395
v -7.12858 5.593796 2.784238
v -7.453343 5.168719 2.652899
v -7.452567 4.957838 2.557046
v -7.452964 5.051941 2.623995
v -7.056736 4.957838 2.733182
v -7.125063 5.168719 2.800411
v -7.104358 5.051941 2.780241
v -6.902559 4.956573 3.142711
v -6.999209 5.168386 3.141793
v -6.969899 5.050975 3.142272
v -7.08195 4.956573 3.536223
v -7.149642 5.168386 3.467232
v -7.129255 5.050975 3.488296
v -7.447478 4.956573 3.68763
v -7.448396 5.168386 3.59098
v -7.447918 5.050975 3.62029
v -7.877795 4.957838 3.512666
v -7.809468 5.168719 3.445437
v -7.830173 5.051941 3.465607
v -8.033143 4.957838 3.108225
v -7.937291 5.168719 3.109001
v -7.966194 5.051941 3.108622
v -7.857008 4.957838 2.712394
v -7.789779 5.168719 2.780721
v -7.809948 5.051941 2.760016
v -6.99439 4.844996 2.671158
v -6.79437 4.636281 2.472295
v -6.903007 4.735888 2.580333
v -6.81437 4.843747 3.142997
v -6.531666 4.635533 3.143966
v -6.685214 4.734723 3.143449
v -7.019793 4.843747 3.598784
v -6.820577 4.635533 3.799371
v -6.928784 4.734723 3.690431
v -7.482193 4.844996 3.776743
v -7.446223 4.635533 4.058523
v -7.446741 4.734723 3.904976
v -7.940141 4.844996 3.574689
v -8.140161 4.636281 3.773552
v -8.031525 4.735888 3.665514
v -8.121085 4.844996 3.107996
v -8.403138 4.636281 3.107178
v -8.249926 4.735888 3.107601
v -7.919031 4.844996 2.650048
v -8.117894 4.636281 2.450028
v -8.009855 4.735888 2.558665
v -7.45152 4.636281 2.187051
v -7.452338 4.844996 2.469104
v -7.451944 4.735888 2.340263
v -7.093574 5.464177 2.749232
v -7.467266 5.464177 2.594444
v -6.938786 5.464177 3.122924
v -7.093574 5.464177 3.496615
v -7.467266 5.464177 3.651403
v -7.093574 5.595931 2.749232
v -7.840957 5.464177 3.496615
v -7.840957 5.595931 3.496615
v -7.995745 5.464177 3.122924
v -7.467266 5.595931 2.594444
v -7.840957 5.595931 2.749232
v -7.840957 5.464177 2.749232
v -7.467266 5.595931 3.651403
v -6.938786 5.595931 3.122924
v -7.093574 5.595931 3.496615
v -7.995745 5.595931 3.122924
v -7.443353 4.609575 4.205904
v -6.718391 4.609575 3.905615
v -7.482607 5.438373 3.590849
v -7.123507 5.431953 3.438029
v -7.481567 5.051941 3.621852
v -7.481188 5.168719 3.592949
v -7.481965 4.957838 3.688801
v -7.101893 5.050975 3.460934
v -7.122957 5.168386 3.440547
v -7.053966 4.956573 3.50824
v -6.991405 4.843747 3.570396
v -6.899758 4.734723 3.661405
v -6.790817 4.635533 3.769612
v -7.447192 4.843747 3.775819
v -7.482587 4.735888 3.905584
v -7.483011 4.636281 4.058796
v -7.130595 5.465178 3.459594
v -6.384284 4.609575 3.146836
v -6.684574 4.609575 3.871798
v -6.999341 5.438373 3.107582
v -7.112307 5.053737 3.477882
v -7.131931 5.16941 3.458258
v -7.065406 4.960459 3.524783
v -6.968338 5.051941 3.108622
v -6.997241 5.168719 3.109001
v -6.901388 4.957838 3.108225
v -6.811684 4.847323 3.122924
v -6.684606 4.735888 3.107601
v -6.531393 4.636281 3.107178
v -7.003698 4.847321 3.586491
v -6.913075 4.737927 3.677114
v -6.80526 4.636626 3.784929
v -6.376391 4.608583 3.104328
v -6.682752 4.608583 2.364708
v -6.991141 5.465178 3.122924
v -7.14724 5.438373 2.781203
v -6.96528 5.05374 3.122924
v -6.993031 5.169413 3.122924
v -6.898952 4.960461 3.122924
v -7.124582 5.051941 2.760016
v -7.144753 5.168719 2.780721
v -7.077524 4.957838 2.712394
v -7.015501 4.844996 2.650048
v -6.924675 4.735888 2.558665
v -6.816638 4.636281 2.450028
v -6.813446 4.844996 3.107996
v -6.683525 4.737929 3.122923
v -6.531051 4.636627 3.122924
v -7.44867 4.608583 2.032049
v -7.130595 5.465178 2.786253
v -6.70905 4.608583 2.33841
v -7.482607 5.438373 2.654998
v -7.481188 5.168719 2.652899
v -7.481567 5.051941 2.623995
v -7.481965 4.957838 2.557046
v -7.112309 5.053742 2.767967
v -7.131931 5.169415 2.787589
v -7.065408 4.960463 2.721066
v -7.482587 4.735888 2.340263
v -7.482193 4.844996 2.469104
v -7.0037 4.847324 2.659358
v -6.913079 4.737931 2.568737
v -7.483011 4.636281 2.187051
v -6.805264 4.636628 2.460922
v -7.467266 5.465178 2.646799
v -8.225481 4.608583 2.33841
v -7.485861 4.608583 2.032049
v -7.808987 5.438373 2.802898
v -7.830173 5.051941 2.780241
v -7.809468 5.168719 2.800411
v -7.467266 5.169415 2.64869
v -7.467266 5.053742 2.620939
v -7.877795 4.957838 2.733182
v -7.467266 4.960463 2.554611
v -7.467266 4.737931 2.339185
v -7.467266 4.847324 2.467343
v -7.467266 4.636628 2.186712
v -7.940141 4.844996 2.671158
v -8.031525 4.735888 2.580333
v -8.140161 4.636281 2.472295
v -7.803936 5.465178 2.786253
v -8.55814 4.608583 3.104328
v -8.25178 4.608583 2.364708
v -7.935191 5.438373 3.138265
v -7.822222 5.053742 2.767967
v -7.8026 5.169415 2.787589
v -7.869123 4.960463 2.721066
v -7.966194 5.051941 3.137225
v -7.937291 5.168719 3.136846
v -8.033143 4.957838 3.137623
v -8.121085 4.844996 3.137851
v -8.249926 4.735888 3.138245
v -8.403138 4.636281 3.138669
v -7.930831 4.847324 2.659358
v -8.021453 4.737931 2.568737
v -8.129268 4.636628 2.460922
v -7.94339 5.465178 3.122924
v -8.25178 4.608583 3.881139
v -8.55814 4.608583 3.141519
v -7.787291 5.438373 3.464645
v -7.96925 5.053742 3.122924
v -7.9415 5.169415 3.122924
v -8.035579 4.960463 3.122924
v -7.809948 5.051941 3.485831
v -7.789779 5.168719 3.465126
v -7.857008 4.957838 3.533453
v -7.919031 4.844996 3.595799
v -8.009856 4.735888 3.687182
v -8.117894 4.636281 3.795819
v -8.122847 4.847324 3.122924
v -8.251004 4.737931 3.122923
v -8.403478 4.636628 3.122923
v -7.485861 4.608583 4.213798
v -7.803936 5.465178 3.459594
v -8.225481 4.608583 3.907437
v -7.467266 5.465178 3.599048
v -7.822222 5.053742 3.47788
v -7.8026 5.169415 3.458258
v -7.869123 4.960463 3.524781
v -7.467266 5.05374 3.624909
v -7.467266 5.169413 3.597158
v -7.467266 4.960461 3.691238
v -7.467266 4.847323 3.778506
v -7.467266 4.737929 3.906664
v -7.467265 4.636627 4.059138
v -7.930831 4.847324 3.586489
v -8.021453 4.737931 3.67711
v -8.129268 4.636628 3.784925
v -7.450359 4.599563 2.030989
v -6.707107 4.599563 2.338854
v -6.683197 4.599564 2.362764
v -6.375331 4.599563 3.106016
v -6.383195 4.600557 3.145159
v -6.684988 4.600557 3.873754
v -6.716435 4.600557 3.9052
v -7.445029 4.600557 4.206994
v -7.484172 4.599564 4.214858
v -8.227425 4.599564 3.906992
v -8.251335 4.599563 3.883082
v -8.5592 4.599563 3.13983
v -8.5592 4.599563 3.106016
v -8.251335 4.599564 2.362764
v -8.227425 4.599563 2.338854
v -7.484172 4.599563 2.030989
v -7.785785 5.167046 2.789381
v -7.477889 5.167046 2.661846
v -7.478797 5.046118 2.632123
v -7.80616 5.046118 2.767721
v -7.479289 4.950587 2.563632
v -7.854242 4.950587 2.718943
v -7.928343 5.167046 3.112301
v -7.800808 5.167046 2.804404
v -7.822469 5.046118 2.784029
v -7.958066 5.046118 3.111392
v -7.871246 4.950587 2.735947
v -8.026557 4.950587 3.1109
v -7.800808 5.167046 3.441443
v -7.928343 5.167046 3.133546
v -7.958066 5.046118 3.134456
v -7.822469 5.046118 3.461818
v -8.026557 4.950587 3.134947
v -7.871246 4.950587 3.5099
v -7.477889 5.167046 3.584002
v -7.785785 5.167046 3.456466
v -7.80616 5.046118 3.478127
v -7.478797 5.046118 3.613724
v -7.854242 4.950587 3.526904
v -7.479289 4.950587 3.682215
v -7.153638 5.166692 3.458573
v -7.451694 5.166692 3.582032
v -7.450684 5.04513 3.612174
v -7.133039 5.04513 3.480601
v -7.45015 4.949307 3.681053
v -7.084711 4.949307 3.529684
v -7.008157 5.166692 3.138495
v -7.131616 5.166692 3.436551
v -7.109589 5.04513 3.45715
v -6.978016 5.04513 3.139505
v -7.060505 4.949307 3.505478
v -6.909136 4.949307 3.14004
v -7.133723 5.167046 2.804404
v -7.006188 5.167046 3.112301
v -6.976465 5.046118 3.111392
v -7.112062 5.046118 2.784029
v -6.907974 4.950587 3.1109
v -7.063285 4.950587 2.735947
v -7.456643 5.167046 2.661846
v -7.148746 5.167046 2.789381
v -7.128371 5.046118 2.767721
v -7.455734 5.046118 2.632123
v -7.080289 4.950587 2.718943
v -7.455242 4.950587 2.563632
v -7.454511 4.836338 2.47499
v -7.018126 4.836338 2.655746
v -6.926709 4.726319 2.563268
v -7.453761 4.726319 2.344956
v -6.817957 4.624939 2.452214
v -7.452132 4.624939 2.18953
v -7.000089 4.836338 2.673784
v -6.819332 4.836338 3.110169
v -6.689298 4.726319 3.109418
v -6.90761 4.726319 2.582367
v -6.533872 4.624939 3.10779
v -6.796556 4.624939 2.473615
v -6.820244 4.835073 3.140829
v -6.997092 4.835073 3.567775
v -6.90434 4.725135 3.659378
v -6.689887 4.725135 3.141641
v -6.792974 4.624179 3.768305
v -6.534116 4.624179 3.143365
v -7.022414 4.835073 3.593097
v -7.44936 4.835073 3.769945
v -7.448548 4.725135 3.900302
v -6.930811 4.725135 3.685849
v -7.446824 4.624179 4.056073
v -6.821884 4.624179 3.797215
v -7.48002 4.836338 3.770857
v -7.916405 4.836338 3.590101
v -8.007822 4.72632 3.682579
v -7.480771 4.726319 3.900891
v -8.116573 4.624939 3.793633
v -7.482399 4.624939 4.056317
v -7.934443 4.836338 3.572063
v -8.115199 4.836338 3.135678
v -8.245234 4.726319 3.136429
v -8.026921 4.726319 3.66348
v -8.400659 4.624939 3.138057
v -8.137976 4.624939 3.772232
v -8.115199 4.836338 3.110169
v -7.934443 4.836338 2.673784
v -8.026921 4.726319 2.582367
v -8.245234 4.726319 3.109418
v -8.137976 4.624939 2.473615
v -8.40066 4.624939 3.10779
v -7.916405 4.836338 2.655746
v -7.48002 4.836338 2.47499
v -7.480771 4.726319 2.344956
v -8.007822 4.726319 2.563268
v -7.482399 4.624939 2.18953
v -8.116573 4.624939 2.452214
v -7.45118 5.433523 3.582217
v -7.15387 5.433523 3.459067
v -7.131122 5.433523 3.436319
v -7.007972 5.433523 3.139009
v -7.005933 5.439947 3.111758
v -7.133159 5.439947 2.804608
v -7.14895 5.439947 2.788817
v -7.4561 5.439947 2.661592
v -7.478432 5.439947 2.661592
v -7.785581 5.439947 2.788817
v -7.801372 5.439947 2.804608
v -7.928598 5.439947 3.111758
v -7.928598 5.439947 3.13409
v -7.801372 5.439947 3.441239
v -7.785581 5.439947 3.45703
v -7.478432 5.439947 3.584256
v -7.576243 5.006536 3.196921
v -7.576243 5.184324 3.196921
v -7.576243 5.006536 3.019134
v -7.576243 5.184324 3.019134
v -7.398456 5.006536 3.196921
v -7.398456 5.184324 3.196921
v -7.398456 5.006536 3.019134
v -7.398456 5.184324 3.019134
v -7.467266 4.604704 2.003976
v -6.676051 4.604704 2.331708
v -6.348317 4.604704 3.122924
v -6.676049 4.604704 3.91414
v -7.467265 4.604704 4.241872
v -8.258481 4.604704 3.914138
v -8.586213 4.604704 3.122923
v -8.258481 4.604704 2.331708
v -7.467266 4.001513 2.003976
v -6.676051 4.001513 2.331708
v -6.348317 4.001513 3.122924
v -6.676049 4.001512 3.91414
v -7.467265 4.001513 4.241872
v -8.258481 4.001513 3.914138
v -8.586213 4.001513 3.122923
v -8.258481 4.001513 2.331708
#end vertices

#begin 1682 textures vertices 
vt 0.9721237 0.2234409 0
vt 0.9404258 0.2510376 0
vt 0.9367708 0.1991819 0
vt 0.9219613 0.236425 0
vt 0.8950577 0.1924732 0
vt 0.8984084 0.2321211 0
vt 0.8549949 0.2043633 0
vt 0.8751104 0.238693 0
vt 0.8242358 0.2320433 0
vt 0.8566613 0.2546794 0
vt 0.8086373 0.2699557 0
vt 0.8460714 0.2768968 0
vt 0.8092193 0.3112298 0
vt 0.8477161 0.3011173 0
vt 0.827957 0.3489866 0
vt 0.8596063 0.3214813 0
vt 0.8627741 0.3728112 0
vt 0.878068 0.3360968 0
vt 0.9035923 0.3790307 0
vt 0.9018429 0.3410029 0
vt 0.9432863 0.3687701 0
vt 0.925303 0.3335536 0
vt 0.9749158 0.3420814 0
vt 0.9436512 0.3174533 0
vt 0.992186 0.3040353 0
vt 0.9533709 0.2952699 0
vt 0.9912825 0.2617982 0
vt 0.9523563 0.2713415 0
vt 0.3564742 0.3654494 0
vt 0.3905732 0.3435207 0
vt 0.3163025 0.3688102 0
vt 0.2792911 0.3547422 0
vt 0.2510817 0.3274374 0
vt 0.2372417 0.290622 0
vt 0.2397846 0.2510249 0
vt 0.2598029 0.2160066 0
vt 0.2940674 0.1941784 0
vt 0.3343296 0.1891737 0
vt 0.3722995 0.2029909 0
vt 0.4009701 0.2308541 0
vt 0.4158849 0.2683149 0
vt 0.4131305 0.3093155 0
vt 0.3542384 0.3585146 0
vt 0.3859841 0.3388247 0
vt 0.3172948 0.3619358 0
vt 0.2828988 0.3492063 0
vt 0.2569349 0.3236711 0
vt 0.2441578 0.2896048 0
vt 0.2464127 0.2530134 0
vt 0.265125 0.2209821 0
vt 0.2964906 0.2006855 0
vt 0.3336721 0.1960231 0
vt 0.3687037 0.2089901 0
vt 0.395522 0.2345157 0
vt 0.4090157 0.2693075 0
vt 0.4062781 0.30701 0
vt 0.3603437 0.2737023 0
vt 0.3599802 0.2881361 0
vt 0.3535158 0.3010347 0
vt 0.3420722 0.3098408 0
vt 0.327895 0.3129045 0
vt 0.3137267 0.3094227 0
vt 0.3024881 0.3000451 0
vt 0.2964001 0.2866507 0
vt 0.296823 0.2719253 0
vt 0.3035514 0.258875 0
vt 0.3153177 0.2501707 0
vt 0.3296011 0.2473841 0
vt 0.3545122 0.2605211 0
vt 0.3436041 0.2510871 0
vt 0.5023891 0.6790745 0
vt 0.4824733 0.6723899 0
vt 0.5237622 0.6825764 0
vt 0.5460246 0.6860245 0
vt 0.5688475 0.6883697 0
vt 0.5920658 0.688021 0
vt 0.6153918 0.6886912 0
vt 0.6386301 0.6866991 0
vt 0.6616726 0.6838689 0
vt 0.6843311 0.6800701 0
vt 0.7064751 0.6767325 0
vt 0.7274227 0.67042 0
vt 0.7467503 0.6633554 0
vt 0.4646792 0.6631171 0
vt 0.4681812 0.7715919 0
vt 0.4634723 0.8255125 0
vt 0.464297 0.7983982 0
vt 0.4305875 0.8235273 0
vt 0.4362754 0.7653254 0
vt 0.4314945 0.7941528 0
vt 0.4994034 0.776361 0
vt 0.4956296 0.8283374 0
vt 0.4962471 0.8022181 0
vt 0.529809 0.7788925 0
vt 0.5273547 0.8304464 0
vt 0.5280145 0.8046112 0
vt 0.5598428 0.7801735 0
vt 0.5586552 0.8320971 0
vt 0.5590073 0.8060169 0
vt 0.5895557 0.7813315 0
vt 0.5897017 0.8326516 0
vt 0.5894496 0.8068962 0
vt 0.6190252 0.7804371 0
vt 0.6205685 0.832149 0
vt 0.6198619 0.8064872 0
vt 0.6484482 0.7791696 0
vt 0.6513903 0.8308743 0
vt 0.6501336 0.8050127 0
vt 0.6778256 0.7767385 0
vt 0.6822094 0.8283159 0
vt 0.6805204 0.8024135 0
vt 0.7074633 0.7732377 0
vt 0.7130465 0.8244256 0
vt 0.7109661 0.7986981 0
vt 0.7375821 0.7678795 0
vt 0.7443922 0.8205056 0
vt 0.7416101 0.793956 0
vt 0.7681457 0.7619299 0
vt 0.7762251 0.8155917 0
vt 0.7735169 0.7884422 0
vt 0.7994417 0.7531428 0
vt 0.8089641 0.811224 0
vt 0.806707 0.7816869 0
vt 0.8313132 0.7406075 0
vt 0.842778 0.8099145 0
vt 0.8410181 0.7748123 0
vt 0.349327 0.2643017 0
vt 0.3539235 0.2749844 0
vt 0.3484169 0.2968997 0
vt 0.3392957 0.3040708 0
vt 0.3165777 0.3035334 0
vt 0.3076553 0.2960178 0
vt 0.3031445 0.2736162 0
vt 0.308467 0.2631826 0
vt 0.3292841 0.2540665 0
vt 0.3404773 0.2568443 0
vt 0.3534846 0.2865154 0
vt 0.327883 0.3063674 0
vt 0.302963 0.2853106 0
vt 0.3178105 0.2560792 0
vt 0.3574885 0.2583583 0
vt 0.3602513 0.2563956 0
vt 0.293276 0.2710016 0
vt 0.2900177 0.2701353 0
vt 0.3563936 0.303349 0
vt 0.3589864 0.305422 0
vt 0.3278822 0.3199641 0
vt 0.3278924 0.31658 0
vt 0.363952 0.2729985 0
vt 0.3436588 0.3131466 0
vt 0.3121078 0.3127231 0
vt 0.2995807 0.3022843 0
vt 0.3007721 0.2564666 0
vt 0.3297791 0.2437167 0
vt 0.3453578 0.2478497 0
vt 0.3635534 0.2890046 0
vt 0.3668496 0.2898047 0
vt 0.3138883 0.2467808 0
vt 0.3125523 0.2436694 0
vt 0.3299549 0.2402554 0
vt 0.2927977 0.2873837 0
vt 0.3106177 0.3157609 0
vt 0.2894722 0.2880379 0
vt 0.3470068 0.2448877 0
vt 0.2982854 0.2542944 0
vt 0.2968986 0.3043299 0
vt 0.3451602 0.3162662 0
vt 0.3672928 0.2723639 0
vt 0.4965968 0.9175758 0
vt 0.4811766 0.923983 0
vt 0.5280813 0.9269218 0
vt 0.513324 0.9188 0
vt 0.4768384 0.9823714 0
vt 0.4912926 0.9906957 0
vt 0.5404984 0.9576146 0
vt 0.5376532 0.9408677 0
vt 0.4699371 0.9362022 0
vt 0.4651608 0.9521152 0
vt 0.4676782 0.9685059 0
vt 0.5351781 0.9737227 0
vt 0.5079604 0.9921376 0
vt 0.5237276 0.9861527 0
vt 0.4981471 0.9267614 0
vt 0.4862667 0.9311971 0
vt 0.5218701 0.9338557 0
vt 0.5108825 0.9272924 0
vt 0.4832672 0.9756166 0
vt 0.4940259 0.9823145 0
vt 0.5311002 0.9568953 0
vt 0.5294909 0.9441868 0
vt 0.4778297 0.9406917 0
vt 0.4743578 0.9527883 0
vt 0.4759424 0.9653204 0
vt 0.5275781 0.9692262 0
vt 0.5067799 0.9831494 0
vt 0.5185799 0.9783731 0
vt 0.4970199 0.9202638 0
vt 0.4827355 0.9262493 0
vt 0.5262451 0.9289251 0
vt 0.5125284 0.9214344 0
vt 0.4786905 0.9803732 0
vt 0.4921076 0.9880719 0
vt 0.5376648 0.9573998 0
vt 0.5350978 0.9418767 0
vt 0.4723063 0.9375786 0
vt 0.4677508 0.9522997 0
vt 0.4702381 0.9674822 0
vt 0.5327939 0.972346 0
vt 0.5075671 0.9894318 0
vt 0.5221976 0.9839017 0
vt 0.4963521 0.9161842 0
vt 0.4803515 0.9228321 0
vt 0.529017 0.9258633 0
vt 0.5137085 0.9174371 0
vt 0.4758572 0.9833888 0
vt 0.4908468 0.9920395 0
vt 0.5419051 0.9577229 0
vt 0.53896 0.9403218 0
vt 0.4687005 0.9355157 0
vt 0.4637493 0.9520145 0
vt 0.4663518 0.9690012 0
vt 0.5363893 0.9744567 0
vt 0.5081339 0.9935412 0
vt 0.5244995 0.9873364 0
vt 0.07034006 0.9131547 0
vt 0.07394453 0.9111876 0
vt 0.06388927 0.9182548 0
vt 0.06700477 0.9155369 0
vt 0.09020058 0.9081319 0
vt 0.09452125 0.9087034 0
vt 0.05873058 0.9250417 0
vt 0.06110409 0.9214142 0
vt 0.0777709 0.9096265 0
vt 0.08180939 0.9086641 0
vt 0.08595545 0.9080423 0
vt 0.05679642 0.9291665 0
vt 0.09891217 0.9099978 0
vt 0.05536414 0.9339264 0
vt 0.06901507 0.9110179 0
vt 0.07289665 0.9089311 0
vt 0.06208081 0.916528 0
vt 0.0654354 0.9136054 0
vt 0.09040421 0.9056396 0
vt 0.09507785 0.9062906 0
vt 0.0565355 0.923858 0
vt 0.05911043 0.919953 0
vt 0.07699815 0.907287 0
vt 0.08133537 0.9061975 0
vt 0.0858106 0.9055689 0
vt 0.0545188 0.9283046 0
vt 0.09976145 0.9077079 0
vt 0.05288968 0.9332175 0
vt 0.07006019 0.912703 0
vt 0.07372189 0.9107133 0
vt 0.06351097 0.9178956 0
vt 0.06666799 0.9151233 0
vt 0.09024949 0.9076024 0
vt 0.09464516 0.9081944 0
vt 0.05826789 0.9247974 0
vt 0.06067351 0.921102 0
vt 0.07760716 0.9091271 0
vt 0.08170978 0.9081362 0
vt 0.08592888 0.9075185 0
vt 0.0563111 0.9289926 0
vt 0.09910956 0.909523 0
vt 0.05480125 0.9338954 0
vt 0.07726938 0.9242847 0
vt 0.0794622 0.9231399 0
vt 0.07334533 0.9272388 0
vt 0.07522069 0.9256566 0
vt 0.08899364 0.9210898 0
vt 0.09138776 0.9212241 0
vt 0.0701943 0.9309001 0
vt 0.07166443 0.9289981 0
vt 0.08176521 0.9222359 0
vt 0.08414407 0.9215874 0
vt 0.08656574 0.9212058 0
vt 0.06893944 0.9329052 0
vt 0.09371651 0.9215947 0
vt 0.09596076 0.9221591 0
vt 0.07586253 0.9152123 0
vt 0.06970426 0.9188583 0
vt 0.08260551 0.9129477 0
vt 0.06466199 0.9240266 0
vt 0.061029 0.9303791 0
vt 0.09697429 0.9139926 0
vt 0.07918497 0.9139645 0
vt 0.07270625 0.9168747 0
vt 0.08617557 0.9125634 0
vt 0.0898019 0.912425 0
vt 0.06704867 0.9213089 0
vt 0.062629 0.9270518 0
vt 0.1002942 0.9155818 0
vt 0.09343183 0.9129537 0
vt 0.08074214 0.918958 0
vt 0.07946719 0.914857 0
vt 0.08012328 0.9169612 0
vt 0.07624389 0.9160594 0
vt 0.07803983 0.9200167 0
vt 0.07718112 0.9181322 0
vt 0.07546602 0.921352 0
vt 0.07319801 0.9176827 0
vt 0.07436218 0.9195776 0
vt 0.07031124 0.9195954 0
vt 0.07306981 0.9229761 0
vt 0.07174194 0.921362 0
vt 0.08638081 0.9177862 0
vt 0.08621246 0.9134823 0
vt 0.08630425 0.915709 0
vt 0.08277133 0.9138955 0
vt 0.08353411 0.9181969 0
vt 0.08317854 0.9161411 0
vt 0.08923505 0.9176872 0
vt 0.08969744 0.9133709 0
vt 0.08945791 0.9156251 0
vt 0.07088986 0.9248669 0
vt 0.06773605 0.9219355 0
vt 0.06937387 0.9234591 0
vt 0.0654307 0.9245489 0
vt 0.06895162 0.9269823 0
vt 0.06726464 0.9258134 0
vt 0.06729486 0.9292796 0
vt 0.06346633 0.9274413 0
vt 0.06546903 0.9283885 0
vt 0.06192356 0.9305911 0
vt 0.065964 0.9317093 0
vt 0.06405939 0.9311336 0
vt 0.09726744 0.9194733 0
vt 0.09967626 0.9162823 0
vt 0.06316467 0.9339419 0
vt 0.09654783 0.9148025 0
vt 0.09475125 0.9185536 0
vt 0.09557146 0.9167392 0
vt 0.09204949 0.917954 0
vt 0.09318019 0.9138355 0
vt 0.09256348 0.9159865 0
vt 0.08508168 0.9377478 0
vt 0.08590111 0.9373201 0
vt 0.08358268 0.9388302 0
vt 0.08430738 0.9382552 0
vt 0.08947646 0.9364721 0
vt 0.09040388 0.9364806 0
vt 0.08231061 0.9401779 0
vt 0.0829157 0.9394735 0
vt 0.08675839 0.9369763 0
vt 0.08764559 0.9367195 0
vt 0.08855436 0.9365513 0
vt 0.08177022 0.9409356 0
vt 0.09133367 0.9365756 0
vt 0.09225491 0.9367476 0
vt 0.03048588 0.04081304 0
vt 0.04817114 0.2754832 0
vt 0.1423963 0.4606729 0
vt 0.0547452 0.8817721 0
vt 0.1453051 0.9864049 0
vt 0.06674271 0.8758046 0
vt 0.2579037 0.3712869 0
vt 0.5178508 0.5040342 0
vt 0.7020538 0.5972768 0
vt 0.5595325 0.4740891 0
vt 0.3815752 0.5157853 0
vt 0.0732091 0.8776276 0
vt 0.01535268 0.02476243 0
vt 0.1476762 0.463778 0
vt 0.05913356 0.5976029 0
vt 0.08408601 0.8574942 0
vt 0.4024305 0.0535101 0
vt 0.3517352 0.0119054 0
vt 0.2864885 0.01641185 0
vt 0.2433277 0.06621397 0
vt 0.2488865 0.1321677 0
vt 0.2996691 0.1750347 0
vt 0.4081899 0.1189963 0
vt 0.3656507 0.1690183 0
vt 0.04772444 0.3189117 0
vt 0.04148538 0.3563827 0
vt 0.04578897 0.3382266 0
vt 0.05220464 0.8761164 0
vt 0.05256238 0.8791238 0
vt 0.0481967 0.8643559 0
vt 0.07225149 0.8785065 0
vt 0.07003554 0.8764209 0
vt 0.07126141 0.8773754 0
vt 0.5598237 0.572589 0
vt 0.5426018 0.5385135 0
vt 0.5525256 0.5553324 0
vt 0.6111066 0.5357461 0
vt 0.5843093 0.5085499 0
vt 0.597081 0.5233229 0
vt 0.140846 0.1524045 0
vt 0.1335189 0.198684 0
vt 0.1357163 0.1748412 0
vt 0.05462264 0.8591829 0
vt 0.1183279 0.4800149 0
vt 0.1046138 0.4860694 0
vt 0.08971026 0.8548954 0
vt 0.08668653 0.8552311 0
vt 0.08820451 0.8548972 0
vt 0.05182858 0.8742923 0
vt 0.05114787 0.8697414 0
vt 0.05143395 0.8721296 0
vt 0.07371402 0.8796611 0
vt 0.1340945 0.3444356 0
vt 0.07540965 0.8810625 0
vt 0.5685788 0.5940623 0
vt 0.5860575 0.6482134 0
vt 0.5773735 0.6199639 0
vt 0.08723746 0.8746239 0
vt 0.674406 0.58474 0
vt 0.6504044 0.5674959 0
vt 0.1475763 0.1246328 0
vt 0.1691515 0.05789436 0
vt 0.1574566 0.09241063 0
vt 0.05621124 0.8578171 0
vt 0.03045158 0.5033698 0
vt 0.05289612 0.4992631 0
vt 0.09155332 0.854567 0
vt 0.09614381 0.8540065 0
vt 0.09373742 0.8542321 0
vt 0.01792723 0.4328184 0
vt 0.03584957 0.3788535 0
vt 0.02763137 0.4049119 0
vt 0.3538695 0.1471042 0
vt 0.3849447 0.1117986 0
vt 0.307731 0.1496677 0
vt 0.271556 0.1210387 0
vt 0.2674337 0.07468669 0
vt 0.3631528 0.1642156 0
vt 0.297425 0.03910481 0
vt 0.2891892 0.0215517 0
vt 0.3444167 0.03451547 0
vt 0.4022818 0.1171468 0
vt 0.3972356 0.05606866 0
vt 0.3789182 0.06581498 0
vt 0.24915 0.06820114 0
vt 0.3015806 0.1695733 0
vt 0.2541348 0.1297043 0
vt 0.3500591 0.01711106 0
vt 0.6947196 0.5974917 0
vt 0.5916598 0.6715344 0
vt 0.08413746 0.8820888 0
vt 0.06360167 0.878268 0
vt 0.08523249 0.8773264 0
vt 0.08442197 0.8786525 0
vt 0.08624624 0.8762124 0
vt 0.06375339 0.8831393 0
vt 0.06323231 0.8816478 0
vt 0.06452003 0.8844606 0
vt 0.225713 0.2906575 0
vt 0.23357 0.3168587 0
vt 0.2428792 0.3449082 0
vt 0.6286634 0.5508958 0
vt 0.08845624 0.87278 0
vt 0.08993304 0.8708665 0
vt 0.2782745 0.117386 0
vt 0.1249411 0.3666046 0
vt 0.2518399 0.3671558 0
vt 0.05887895 0.8819209 0
vt 0.5487744 0.557028 0
vt 0.5391358 0.5406865 0
vt 0.5559344 0.5739427 0
vt 0.1047642 0.8646854 0
vt 0.06141304 0.87953 0
vt 0.06225378 0.8765667 0
vt 0.1478177 0.2890437 0
vt 0.06358704 0.872664 0
vt 0.06408876 0.8702782 0
vt 0.5646527 0.5953133 0
vt 0.5734126 0.621075 0
vt 0.5820942 0.6492848 0
vt 0.06282352 0.8688083 0
vt 0.05250305 0.8683835 0
vt 0.3099847 0.1424664 0
vt 0.1012195 0.2760098 0
vt 0.1574362 0.2487277 0
vt 0.1592252 0.22984 0
vt 0.1533039 0.2666246 0
vt 0.1023545 0.3387883 0
vt 0.1008037 0.3194386 0
vt 0.1062978 0.3570261 0
vt 0.1114871 0.3796041 0
vt 0.1191872 0.4058202 0
vt 0.1283364 0.4339136 0
vt 0.06290583 0.8747905 0
vt 0.1397875 0.315042 0
vt 0.130257 0.3429765 0
vt 0.08241235 0.8526013 0
vt 0.3505114 0.14026 0
vt 0.07610084 0.8623039 0
vt 0.08399782 0.8616296 0
vt 0.08643242 0.8640999 0
vt 0.08788857 0.8646664 0
vt 0.08937289 0.8649646 0
vt 0.04501896 0.8636978 0
vt 0.04683553 0.8448116 0
vt 0.04086013 0.8815891 0
vt 0.09321834 0.8663938 0
vt 0.09112216 0.8656589 0
vt 0.03534074 0.9040002 0
vt 0.02727214 0.9299867 0
vt 0.09557929 0.8669497 0
vt 0.01769949 0.9579063 0
vt 0.377555 0.1095788 0
vt 0.09749418 0.8553838 0
vt 0.09705344 0.8657048 0
vt 0.1675227 0.4996198 0
vt 0.1257761 0.5242877 0
vt 0.138186 0.5158776 0
vt 0.04450796 0.3186768 0
vt 0.04261392 0.3375554 0
vt 0.06386568 0.8638151 0
vt 0.03838179 0.3554296 0
vt 0.02459555 0.4037711 0
vt 0.03277064 0.3778178 0
vt 0.01490847 0.4316512 0
vt 0.06609176 0.8632075 0
vt 0.08714941 0.5611222 0
vt 0.07156206 0.8625955 0
vt 0.3722385 0.06930526 0
vt 0.01108853 0.5056785 0
vt 0.07191753 0.8626349 0
vt 0.07680026 0.8796801 0
vt 0.1318118 0.1629865 0
vt 0.1301287 0.181915 0
vt 0.1358481 0.1450375 0
vt 0.08132663 0.8777123 0
vt 0.08013344 0.878721 0
vt 0.08229753 0.8765506 0
vt 0.05427468 0.1244513 0
vt 0.04451928 0.09219123 0
vt 0.03295817 0.05763008 0
vt 0.1412143 0.122552 0
vt 0.149108 0.0964672 0
vt 0.1584941 0.06843545 0
vt 0.3419649 0.04182621 0
vt 0.1809627 0.02907515 0
vt 0.0212586 0.02876522 0
vt 0.08696884 0.8851015 0
vt 0.1038557 0.4836806 0
vt 0.1172608 0.4777644 0
vt 0.09023511 0.4876435 0
vt 0.09185012 0.8844932 0
vt 0.09043484 0.8851554 0
vt 0.09307134 0.8835988 0
vt 0.09475995 0.8827685 0
vt 0.09671467 0.8817146 0
vt 0.09873762 0.8803754 0
vt 0.07305659 0.4923987 0
vt 0.05250654 0.4967891 0
vt 0.0300861 0.5008972 0
vt 0.09185828 0.8708677 0
vt 0.3009556 0.04585555 0
vt 0.09888153 0.8784478 0
vt 0.2747137 0.07698186 0
vt 0.1396392 0.1756379 0
vt 0.1374885 0.198942 0
vt 0.1446832 0.1535495 0
vt 0.5998851 0.5203091 0
vt 0.587475 0.5059587 0
vt 0.6136307 0.5324921 0
vt 0.6311018 0.547574 0
vt 0.6527214 0.5640966 0
vt 0.676686 0.5813258 0
vt 0.1513841 0.1258799 0
vt 0.1612122 0.09378785 0
vt 0.1728863 0.0593042 0
vt 0.08252886 0.8526612 0
vt 0.07620625 0.862383 0
vt 0.1036358 0.7128667 0
vt 0.06285373 0.8686667 0
vt 0.6710874 0.1221769 0
vt 0.06907336 0.8908543 0
vt 0.8142597 0.7008418 0
vt 0.08669543 0.8996363 0
vt 0.8027453 0.9684353 0
vt 0.09900288 0.8783695 0
vt 0.6286305 0.5413328 0
vt 0.08671127 0.8700472 0
vt 0.06188655 0.8566777 0
vt 0.636465 0.5308179 0
vt 0.4105917 0.9868968 0
vt 0.09719479 0.865736 0
vt 0.0866432 0.8551156 0
vt 0.08637699 0.8642099 0
vt 0.0878781 0.8647926 0
vt 0.08821714 0.8547708 0
vt 0.08935747 0.8650956 0
vt 0.0897215 0.8547639 0
vt 0.6782816 0.2996628 0
vt 0.732539 0.3509938 0
vt 0.7149969 0.3730786 0
vt 0.6572023 0.3184011 0
vt 0.06392537 0.8639255 0
vt 0.0545671 0.8590663 0
vt 0.7734792 0.3978555 0
vt 0.08020359 0.8788223 0
vt 0.0814325 0.8777818 0
vt 0.7573319 0.4209796 0
vt 0.08240533 0.8766268 0
vt 0.7392373 0.4406698 0
vt 0.08430987 0.8786012 0
vt 0.09047362 0.8852724 0
vt 0.09193561 0.884587 0
vt 0.08514865 0.8772312 0
vt 0.09315807 0.8836984 0
vt 0.08615621 0.8761159 0
vt 0.8614102 0.5039421 0
vt 0.9336337 0.5017149 0
vt 0.9369531 0.5298876 0
vt 0.8598329 0.5322658 0
vt 0.9436203 0.5558947 0
vt 0.8547809 0.5586342 0
vt 0.07009896 0.8763152 0
vt 0.06311221 0.8816749 0
vt 0.06365125 0.8832144 0
vt 0.07136545 0.8773029 0
vt 0.06441191 0.8845363 0
vt 0.07235743 0.8784278 0
vt 0.05244587 0.8791644 0
vt 0.06152199 0.8795874 0
vt 0.2882961 0.8198781 0
vt 0.2775754 0.7410433 0
vt 0.06238522 0.876579 0
vt 0.05207286 0.8761084 0
vt 0.2512538 0.7026481 0
vt 0.2190999 0.6352325 0
vt 0.2434134 0.6209387 0
vt 0.2776637 0.6927494 0
vt 0.2644555 0.6044357 0
vt 0.3037313 0.6867835 0
vt 0.3359297 0.6798777 0
vt 0.2900862 0.5837597 0
vt 0.3187979 0.5576474 0
vt 0.3742919 0.673999 0
vt 0.3492171 0.5284302 0
vt 0.4161417 0.6687478 0
vt 0.05169352 0.8742923 0
vt 0.06303954 0.8748097 0
vt 0.06372505 0.8726798 0
vt 0.05129508 0.87213 0
vt 0.06422719 0.8702393 0
vt 0.05101273 0.8696927 0
vt 0.07381722 0.8795741 0
vt 0.4928782 0.1132474 0
vt 0.5084708 0.07765915 0
vt 0.07551553 0.8809727 0
vt 0.5243415 0.03856707 0
vt 0.6409033 0.1379466 0
vt 0.8481353 0.5909199 0
vt 0.9522427 0.5877096 0
vt 0.9646079 0.6245436 0
vt 0.838063 0.6284459 0
vt 0.9791214 0.6641598 0
vt 0.8260178 0.6688809 0
vt 0.08713972 0.8745307 0
vt 0.09484327 0.8828748 0
vt 0.09680254 0.8818222 0
vt 0.0883561 0.8726838 0
vt 0.09886298 0.8804457 0
vt 0.08987167 0.8707366 0
vt 0.7166244 0.4646089 0
vt 0.8088721 0.5178127 0
vt 0.8000179 0.5555992 0
vt 0.6883513 0.4911955 0
vt 0.791517 0.5969114 0
vt 0.6568496 0.5192421 0
vt 0.05617305 0.8576895 0
vt 0.06614276 0.8633241 0
vt 0.6674345 0.4592552 0
vt 0.5737924 0.3706638 0
vt 0.07158494 0.8627267 0
vt 0.5366353 0.3906216 0
vt 0.09155701 0.854432 0
vt 0.09109939 0.865792 0
vt 0.09319887 0.8665314 0
vt 0.09374076 0.8540933 0
vt 0.09561534 0.8670888 0
vt 0.09619543 0.8538724 0
vt 0.9317812 0.4416378 0
vt 0.07819435 0.8903519 0
vt 0.0634962 0.8782124 0
vt 0.4648665 0.2820583 0
vt 0.05892324 0.8820316 0
vt 0.05468971 0.8818763 0
vt 0.1635959 0.6617052 0
vt 0.06718916 0.8488103 0
vt 0.08388917 0.8616765 0
vt 0.1480118 0.9626818 0
vt 0.05751861 0.8659743 0
vt 0.720543 0.2549921 0
vt 0.07678962 0.879798 0
vt 0.8042022 0.3445864 0
vt 0.9319704 0.7106569 0
vt 0.08402496 0.8821247 0
vt 0.9012746 0.06137766 0
vt 0.9211137 0.106084 0
vt 0.9554605 0.06177955 0
vt 0.07568165 0.8375478 0
vt 0.994024 0.1006677 0
vt 0.07358047 0.8204929 0
vt 0.9941204 0.1538592 0
vt 0.9468094 0.1362261 0
vt 0.9562373 0.1912013 0
vt 0.9371424 0.145493 0
vt 0.9014388 0.1912987 0
vt 0.06737626 0.843397 0
vt 0.8630291 0.1531135 0
vt 0.9076557 0.1328678 0
vt 0.8628284 0.09921626 0
vt 0.07917512 0.8411333 0
vt 0.4031607 0.05311504 0
vt 0.3519896 0.0111082 0
vt 0.2861231 0.01565873 0
vt 0.2425378 0.06594791 0
vt 0.2481456 0.1325519 0
vt 0.299427 0.1758288 0
vt 0.4089852 0.1192493 0
vt 0.3660421 0.1697589 0
vt 0.9223275 0.09387972 0
vt 0.9210734 0.08419851 0
vt 0.9225549 0.08880109 0
vt 0.07666285 0.84163 0
vt 0.07604813 0.8397602 0
vt 0.9499917 0.09580102 0
vt 0.071444 0.8240479 0
vt 0.07231941 0.8222856 0
vt 0.07180494 0.8231491 0
vt 0.9632701 0.150747 0
vt 0.9550275 0.1447676 0
vt 0.9587534 0.1485102 0
vt 0.9529566 0.1608384 0
vt 0.946148 0.1533727 0
vt 0.9502753 0.156616 0
vt 0.9036459 0.1612218 0
vt 0.9094462 0.1534138 0
vt 0.9058036 0.1569093 0
vt 0.08818673 0.8212584 0
vt 0.89548 0.1319502 0
vt 0.8904048 0.131769 0
vt 0.08329527 0.8396671 0
vt 0.08140237 0.8403992 0
vt 0.08239937 0.8400835 0
vt 0.07713663 0.8427326 0
vt 0.07850072 0.8453847 0
vt 0.07777911 0.8440062 0
vt 0.07101733 0.825167 0
vt 0.9869076 0.107058 0
vt 0.0705938 0.8265245 0
vt 0.9691414 0.1527354 0
vt 0.9844883 0.1532982 0
vt 0.9764526 0.1537995 0
vt 0.07727426 0.8279796 0
vt 0.9557802 0.1816474 0
vt 0.9563363 0.173731 0
vt 0.9017864 0.1668952 0
vt 0.9020525 0.1817908 0
vt 0.9009581 0.1739927 0
vt 0.08855934 0.8201113 0
vt 0.8701859 0.1468372 0
vt 0.8748552 0.1404566 0
vt 0.0843892 0.8391515 0
vt 0.08697961 0.8376929 0
vt 0.08563737 0.8384654 0
vt 0.9075545 0.06859799 0
vt 0.9183852 0.07885324 0
vt 0.9139093 0.0732667 0
vt 0.9349556 0.1094225 0
vt 0.9209972 0.1094129 0
vt 0.9444814 0.1195161 0
vt 0.9446615 0.1335373 0
vt 0.9343949 0.1430944 0
vt 0.9133893 0.3055343 0
vt 0.9205313 0.1431471 0
vt 0.2828611 0.008787499 0
vt 0.9109933 0.1329308 0
vt 0.9226673 0.2916702 0
vt 0.9168438 0.2748384 0
vt 0.9108141 0.1189613 0
vt 0.2353211 0.06352703 0
vt 0.297177 0.1830986 0
vt 0.2413981 0.1360549 0
vt 0.3543146 0.00390625 0
vt 0.9570324 0.1887448 0
vt 0.9916542 0.1546238 0
vt 0.08214326 0.8303808 0
vt 0.07147398 0.8188446 0
vt 0.07931703 0.8287152 0
vt 0.08021568 0.8291968 0
vt 0.07840389 0.8283792 0
vt 0.06932311 0.8214034 0
vt 0.06999067 0.8205899 0
vt 0.06860121 0.8220766 0
vt 0.9756424 0.137047 0
vt 0.9815986 0.1414111 0
vt 0.9869362 0.1474309 0
vt 0.9551816 0.1665413 0
vt 0.07590835 0.8275922 0
vt 0.07441261 0.8272001 0
vt 0.9464789 0.1343211 0
vt 0.9928412 0.1029581 0
vt 0.9929244 0.1515676 0
vt 0.07294023 0.8378639 0
vt 0.9592975 0.1476589 0
vt 0.9557512 0.1440696 0
vt 0.9636263 0.1497824 0
vt 0.95881 0.1045592 0
vt 0.07311706 0.8401989 0
vt 0.07315979 0.8422158 0
vt 0.975188 0.1162972 0
vt 0.07290913 0.8448203 0
vt 0.07268555 0.8463496 0
vt 0.9693888 0.1517317 0
vt 0.9765287 0.1527566 0
vt 0.9844965 0.1522301 0
vt 0.07254953 0.8477169 0
vt 0.07904959 0.8466654 0
vt 0.946572 0.1186593 0
vt 0.9349141 0.106302 0
vt 0.965158 0.1200723 0
vt 0.960159 0.1197297 0
vt 0.9697266 0.1187546 0
vt 0.9347584 0.08933799 0
vt 0.9349237 0.09436215 0
vt 0.9361774 0.08475185 0
vt 0.9387335 0.07939145 0
vt 0.9430178 0.07372838 0
vt 0.9491823 0.06891523 0
vt 0.07308868 0.8434144 0
vt 0.9809536 0.1121731 0
vt 0.9861566 0.1062989 0
vt 0.09052889 0.8479496 0
vt 0.9357408 0.1075932 0
vt 0.08686365 0.8534173 0
vt 0.07993132 0.8437854 0
vt 0.08211142 0.8432762 0
vt 0.08310153 0.8431304 0
vt 0.08406293 0.8431382 0
vt 0.9493799 0.09538117 0
vt 0.94566 0.09861581 0
vt 0.9516591 0.09131704 0
vt 0.08666641 0.8432923 0
vt 0.08525358 0.8431659 0
vt 0.9537481 0.0858429 0
vt 0.9548363 0.07899508 0
vt 0.08820777 0.8434517 0
vt 0.9539867 0.07133835 0
vt 0.9201743 0.1073121 0
vt 0.08822849 0.8370709 0
vt 0.08958462 0.8435265 0
vt 0.9077123 0.1190332 0
vt 0.8906524 0.119571 0
vt 0.8957016 0.1193086 0
vt 0.9215937 0.09382376 0
vt 0.921828 0.0889468 0
vt 0.09123407 0.8230821 0
vt 0.9203811 0.08451101 0
vt 0.9133415 0.07379677 0
vt 0.9177333 0.07925245 0
vt 0.9070159 0.0691856 0
vt 0.09207553 0.8222335 0
vt 0.8749096 0.1115189 0
vt 0.09430728 0.8202745 0
vt 0.9089925 0.11818 0
vt 0.863952 0.1513067 0
vt 0.09530359 0.8193216 0
vt 0.0700297 0.8425881 0
vt 0.8966325 0.104811 0
vt 0.8999556 0.1084165 0
vt 0.892503 0.102647 0
vt 0.06928355 0.8393989 0
vt 0.06947317 0.8403956 0
vt 0.06923928 0.8384277 0
vt 0.8873535 0.1525338 0
vt 0.880303 0.1534818 0
vt 0.8725414 0.1524438 0
vt 0.8869602 0.1006981 0
vt 0.8800491 0.0997668 0
vt 0.8723398 0.1007556 0
vt 0.9088992 0.1337816 0
vt 0.9008099 0.1893665 0
vt 0.8649697 0.1537331 0
vt 0.08370554 0.8280889 0
vt 0.8905515 0.1324957 0
vt 0.8954346 0.1326845 0
vt 0.8861143 0.1339607 0
vt 0.08101553 0.8260955 0
vt 0.08183199 0.826716 0
vt 0.08033184 0.8253995 0
vt 0.07950017 0.8245304 0
vt 0.07858162 0.8234432 0
vt 0.07759433 0.8222465 0
vt 0.8808503 0.1366216 0
vt 0.8753848 0.1410247 0
vt 0.8707733 0.1473758 0
vt 0.0730861 0.8267662 0
vt 0.9197397 0.1449706 0
vt 0.07666699 0.821227 0
vt 0.9352152 0.145199 0
vt 0.9064242 0.1573149 0
vt 0.9099492 0.1539504 0
vt 0.904357 0.1614885 0
vt 0.9494794 0.1572428 0
vt 0.9454957 0.1541382 0
vt 0.9520121 0.1612448 0
vt 0.9541828 0.1668083 0
vt 0.9552936 0.1738066 0
vt 0.9547123 0.1816447 0
vt 0.9025287 0.1670775 0
vt 0.9017341 0.1740286 0
vt 0.9028489 0.1817648 0
vt 0.09047038 0.8479181 0
vt 0.0868143 0.853374 0
vt 0.07903259 0.8466012 0
vt 0.07254738 0.8476512 0
vt 0.06973478 0.8291897 0
vt 0.06440933 0.8255465 0
vt 0.07908858 0.838439 0
vt 0.07793385 0.8321019 0
vt 0.07314493 0.8267957 0
vt 0.07671798 0.8212691 0
vt 0.06295997 0.834672 0
vt 0.06931029 0.8329439 0
vt 0.08964105 0.8159486 0
vt 0.09526277 0.8193736 0
vt 0.0881658 0.8370911 0
vt 0.08951877 0.8435323 0
vt 0.0814379 0.8404713 0
vt 0.08210568 0.8431958 0
vt 0.08311239 0.8430453 0
vt 0.08244507 0.840156 0
vt 0.08408015 0.8430551 0
vt 0.08334467 0.8397361 0
vt 0.08749186 0.8231548 0
vt 0.0899277 0.8245455 0
vt 0.09051233 0.8237103 0
vt 0.08795661 0.8222092 0
vt 0.09118554 0.8230123 0
vt 0.08827079 0.82127 0
vt 0.06669518 0.8411635 0
vt 0.06939297 0.8404031 0
vt 0.06919809 0.8393923 0
vt 0.06634402 0.8401809 0
vt 0.06915529 0.8384152 0
vt 0.06588358 0.8393137 0
vt 0.08024676 0.8291226 0
vt 0.08177617 0.8267738 0
vt 0.08094751 0.8261477 0
vt 0.07933633 0.8286317 0
vt 0.08026084 0.8254461 0
vt 0.07841758 0.8282954 0
vt 0.08587062 0.83522 0
vt 0.08525592 0.8325732 0
vt 0.08424383 0.8327106 0
vt 0.08485206 0.8355283 0
vt 0.08327719 0.8326933 0
vt 0.08393912 0.8359354 0
vt 0.07224706 0.8222501 0
vt 0.07004424 0.8206498 0
vt 0.06937308 0.8214731 0
vt 0.0717221 0.8231268 0
vt 0.06864631 0.8221485 0
vt 0.07136049 0.8240323 0
vt 0.07597173 0.8397858 0
vt 0.07319726 0.8402039 0
vt 0.07329001 0.8412501 0
vt 0.07621712 0.840779 0
vt 0.07324233 0.8422352 0
vt 0.07659235 0.8416775 0
vt 0.08336004 0.845508 0
vt 0.08182839 0.8478545 0
vt 0.08265744 0.8484803 0
vt 0.08427193 0.8459965 0
vt 0.0833421 0.8491757 0
vt 0.08519553 0.846335 0
vt 0.08633805 0.8467429 0
vt 0.08416949 0.8500439 0
vt 0.08507494 0.8511292 0
vt 0.08770836 0.8471481 0
vt 0.08603622 0.8523317 0
vt 0.08920098 0.8475651 0
vt 0.07706547 0.8427858 0
vt 0.07317373 0.8434393 0
vt 0.07299509 0.8448458 0
vt 0.07770716 0.8440602 0
vt 0.07277586 0.8463711 0
vt 0.0784218 0.8454331 0
vt 0.07092932 0.8251552 0
vt 0.06775123 0.8229648 0
vt 0.06663884 0.8238562 0
vt 0.07050485 0.8265122 0
vt 0.06541824 0.8247983 0
vt 0.07005739 0.827992 0
vt 0.082825 0.8364349 0
vt 0.08208653 0.832651 0
vt 0.08068303 0.8324938 0
vt 0.08155325 0.8371034 0
vt 0.07915599 0.8322982 0
vt 0.08018951 0.8378411 0
vt 0.07728408 0.8278914 0
vt 0.07942369 0.8245754 0
vt 0.0785045 0.8234891 0
vt 0.07591767 0.8275029 0
vt 0.07751756 0.8222988 0
vt 0.07442831 0.8271086 0
vt 0.06530786 0.8382533 0
vt 0.06911364 0.8372113 0
vt 0.06915556 0.8357888 0
vt 0.06455016 0.8370514 0
vt 0.06921695 0.8342444 0
vt 0.06370545 0.8357623 0
vt 0.0886477 0.8201189 0
vt 0.09202854 0.8221581 0
vt 0.09308863 0.8212145 0
vt 0.08900305 0.8187393 0
vt 0.09425313 0.820199 0
vt 0.0893604 0.8172392 0
vt 0.08444421 0.8392211 0
vt 0.08527613 0.84308 0
vt 0.08668914 0.8432055 0
vt 0.08569339 0.8385356 0
vt 0.08822585 0.8433605 0
vt 0.08703256 0.8377691 0
vt 0.08735521 0.8320621 0
vt 0.08804183 0.8345754 0
vt 0.07147293 0.8188983 0
vt 0.07352831 0.8205052 0
vt 0.07297701 0.8379031 0
vt 0.0756534 0.8375934 0
vt 0.07995091 0.846543 0
vt 0.08147534 0.8443026 0
vt 0.07996249 0.8437417 0
vt 0.07922542 0.8411522 0
vt 0.08884613 0.8264758 0
vt 0.08646092 0.8252263 0
vt 0.06998575 0.8425565 0
vt 0.06739525 0.8433475 0
vt 0.08365262 0.8280923 0
vt 0.08212618 0.8303294 0
vt 0.7186142 0.06269929 0
vt 0.7455096 0.06967911 0
vt 0.7143938 0.04030975 0
vt 0.7056405 0.02081626 0
vt 0.7377178 0.04605942 0
vt 0.7556238 0.04506148 0
vt 0.7290105 0.0326778 0
vt 0.738845 0.01676112 0
vt 0.4113378 0.3411585 0
vt 0.5095438 0.2652936 0
vt 0.6077501 0.1894286 0
vt 0.7059563 0.1135637 0
vt 0.01851328 0.644618 0
vt 0.1167195 0.568753 0
vt 0.2149256 0.4928882 0
vt 0.3131317 0.4170233 0
vt 0.4647716 0.4103279 0
vt 0.5629777 0.334463 0
vt 0.6611839 0.258598 0
vt 0.7593902 0.1827332 0
vt 0.8575963 0.1068682 0
vt 0.1701534 0.6379224 0
vt 0.2683594 0.5620576 0
vt 0.3665655 0.4861927 0
vt 0.8041625 0.03769877 0
vt 0.0719471 0.7137874 0
vt 0.1490936 0.4601528 0
vt 0.1301765 0.2290965 0
vt 0.1373545 0.2570478 0
vt 0.1594479 0.1827335 0
vt 0.5538374 0.6405748 0
vt 0.5116648 0.5024188 0
vt 0.04499229 0.2715718 0
vt 0.04712679 0.7977049 0
vt 0.8730715 0.2847083 0
vt 0.8831924 0.2951667 0
vt 0.3695733 0.1765117 0
vt 0.8977997 0.3079329 0
vt 0.4162382 0.1215153 0
vt 0.4098403 0.04947776 0
vt 0.8876357 0.2748216 0
vt 0.9031408 0.2674034 0
vt 0.08865463 0.890278 0
vt 0.08331166 0.889544 0
vt 0.08665887 0.8898906 0
vt 0.0848457 0.8896796 0
vt 0.08077385 0.8891474 0
vt 0.08210771 0.8892222 0
vt 0.0785598 0.8960311 0
vt 0.0796271 0.8968097 0
vt 0.08345161 0.8993157 0
vt 0.08073403 0.8973606 0
vt 0.08195914 0.8982795 0
vt 0.0852187 0.9003002 0
vt 0.9928266 0.6953355 0
vt 0.0893975 0.8917253 0
vt 0.8595577 0.4438649 0
vt 0.07718599 0.8935539 0
vt 0.06591454 0.8883766 0
vt 0.4653487 0.1663443 0
vt 0.06710794 0.8905611 0
vt 0.0650588 0.8863085 0
vt 0.4098809 0.2351781 0
vt 0.4778862 0.1426032 0
vt 0.448877 0.1894396 0
vt 0.572138 0.1808234 0
vt 0.5240626 0.2164031 0
vt 0.07730003 0.8826545 0
vt 0.6048127 0.1597995 0
vt 0.06671841 0.8756892 0
vt 0.5455222 0.2002691 0
vt 0.5038627 0.23632 0
vt 0.5351395 0.006268977 0
vt 0.0771152 0.8846126 0
vt 0.9474456 0.8584262 0
vt 0.9399098 0.8263695 0
vt 0.9585474 0.8956144 0
vt 0.9341475 0.800256 0
vt 0.9717083 0.9356864 0
vt 0.9317937 0.7721504 0
vt 0.8162489 0.9352395 0
vt 0.8545875 0.8000272 0
vt 0.8486754 0.8261072 0
vt 0.8409553 0.85812 0
vt 0.8296399 0.8952439 0
vt 0.857103 0.7719357 0
vt 0.08692329 0.8852117 0
vt 0.8572797 0.7104421 0
vt 0.9850209 0.9689592 0
vt 0.09194537 0.870752 0
vt 0.08550154 0.8739377 0
vt 0.8182693 0.4862515 0
vt 0.8262511 0.4607287 0
vt 0.08714543 0.872081 0
vt 0.08384915 0.8754291 0
vt 0.8381804 0.4351718 0
vt 0.8689033 0.3819027 0
vt 0.07581103 0.8652588 0
vt 0.07350199 0.8713723 0
vt 0.07483263 0.8675209 0
vt 0.07408707 0.8696012 0
vt 0.07278963 0.8726973 0
vt 0.0723408 0.8742448 0
vt 0.07311184 0.8776961 0
vt 0.7865277 0.6323996 0
vt 0.07781035 0.8647046 0
vt 0.05229579 0.8616676 0
vt 0.635027 0.333347 0
vt 0.05125968 0.8629951 0
vt 0.06075323 0.8556137 0
vt 0.05340708 0.860353 0
vt 0.6074701 0.3513756 0
vt 0.5040551 0.4055493 0
vt 0.05824454 0.8563767 0
vt 0.7013021 0.3960475 0
vt 0.7748004 0.3063231 0
vt 0.06033293 0.8652505 0
vt 0.6495654 0.4974608 0
vt 0.06216819 0.8645294 0
vt 0.07197778 0.8625095 0
vt 0.6848276 0.4245609 0
vt 0.06878001 0.8628309 0
vt 0.2091101 0.9557186 0
vt 0.2373037 0.9549558 0
vt 0.08397933 0.8574415 0
vt 0.3347727 0.9686808 0
vt 0.2638938 0.9578005 0
vt 0.2965864 0.9617518 0
vt 0.3760526 0.9773384 0
vt 0.3201759 0.8406021 0
vt 0.2535627 0.8671525 0
vt 0.2282947 0.8759071 0
vt 0.2006525 0.881508 0
vt 0.1395542 0.8884712 0
vt 0.2845278 0.855946 0
vt 0.3584491 0.8228781 0
vt 0.3899516 0.8057929 0
vt 0.09763724 0.8553642 0
vt 0.06820881 0.8582226 0
vt 0.07003559 0.8597119 0
vt 0.07492885 0.8628527 0
vt 0.06679314 0.8569378 0
vt 0.06541264 0.8554814 0
vt 0.07228276 0.8613364 0
vt 0.3734424 0.5020209 0
vt 0.07915567 0.8504813 0
vt 0.451911 0.6665426 0
vt 0.0764842 0.8497216 0
vt 0.07229539 0.8488609 0
vt 0.08200136 0.8515513 0
vt 0.0741815 0.8491967 0
vt 0.07028596 0.848656 0
vt 0.1957499 0.7291208 0
vt 0.06367411 0.8531455 0
vt 0.05210902 0.8776023 0
vt 0.3057458 0.7396694 0
vt 0.1798316 0.7294346 0
vt 0.25093 0.738776 0
vt 0.2181592 0.7355342 0
vt 0.1383738 0.7216742 0
vt 0.3666789 0.7313833 0
vt 0.2632237 0.8291786 0
vt 0.1972019 0.8571669 0
vt 0.232509 0.8410537 0
vt 0.06210904 0.8780739 0
vt 0.3158104 0.8136793 0
vt 0.3767434 0.8053931 0
vt 0.1593221 0.8757164 0
vt 0.05248239 0.8682407 0
vt 0.1281975 0.8934805 0
vt 0.05754038 0.8658636 0
vt 0.05237025 0.8617555 0
vt 0.06210325 0.8644293 0
vt 0.05347451 0.8604542 0
vt 0.06028945 0.865144 0
vt 0.05134788 0.8629346 0
vt 0.101831 0.5459659 0
vt 0.1150243 0.5338818 0
vt 0.06874658 0.8627049 0
vt 0.07175844 0.5779668 0
vt 0.05952615 0.5931533 0
vt 0.06181584 0.8567963 0
vt 0.06070241 0.855745 0
vt 0.05826011 0.8565122 0
vt 0.07353312 0.4948617 0
vt 0.0907765 0.4900916 0
vt 0.9322641 0.2635513 0
vt 0.8673527 0.3067926 0
vt 0.85483 0.2796717 0
vt 0.9415853 0.2951294 0
vt 0.8913103 0.3258363 0
vt 0.9227533 0.3221318 0
vt 0.9050481 0.2481149 0
vt 0.8765637 0.2588247 0
vt 0.863762 0.1010152 0
vt 0.885802 0.1332684 0
vt 0.08966912 0.815889 0
vt 0.08741516 0.8231309 0
vt 0.08641256 0.8252497 0
vt 0.0878726 0.8221923 0
vt 0.8804521 0.1359691 0
vt 0.8806253 0.1157367 0
vt 0.8860304 0.1182221 0
vt 0.09056651 0.8237768 0
vt 0.08998989 0.8245967 0
vt 0.08885625 0.8265285 0
vt 0.09313643 0.8212905 0
vt 0.8700427 0.1054098 0
vt 0.08926856 0.8172258 0
vt 0.08891354 0.8187322 0
vt 0.9182406 0.1452393 0
vt 0.069309 0.8342568 0
vt 0.06930051 0.8328785 0
vt 0.06293592 0.8346107 0
vt 0.06363264 0.8358199 0
vt 0.06448355 0.8371117 0
vt 0.9086284 0.1353132 0
vt 0.06524175 0.8383124 0
vt 0.8929521 0.150511 0
vt 0.06662342 0.8411996 0
vt 0.8971762 0.148197 0
vt 0.06920063 0.8372287 0
vt 0.0692436 0.8358062 0
vt 0.06581752 0.839367 0
vt 0.06627386 0.8402302 0
vt 0.900522 0.1443948 0
vt 0.934323 0.1464582 0
vt 0.9032639 0.1903686 0
vt 0.9077035 0.1840939 0
vt 0.9213525 0.1633523 0
vt 0.949751 0.1839952 0
vt 0.9544037 0.1902756 0
vt 0.9205926 0.1462442 0
vt 0.9201116 0.167995 0
vt 0.9209862 0.1582928 0
vt 0.9136823 0.1791878 0
vt 0.9177562 0.1734307 0
vt 0.9384576 0.1737074 0
vt 0.9431829 0.1792964 0
vt 0.9337668 0.1586406 0
vt 0.9338082 0.1637552 0
vt 0.9355177 0.1683627 0
vt 0.08489722 0.8356012 0
vt 0.07917647 0.8322077 0
vt 0.08590545 0.8352925 0
vt 0.07786805 0.8321056 0
vt 0.08809184 0.834595 0
vt 0.08738656 0.8320186 0
vt 0.08525096 0.8324927 0
vt 0.08211007 0.8325655 0
vt 0.08425537 0.8326257 0
vt 0.07902424 0.8384566 0
vt 0.08023933 0.8379191 0
vt 0.08160822 0.8371745 0
vt 0.08287935 0.8365052 0
vt 0.08398795 0.836005 0
vt 0.08070731 0.8324075 0
vt 0.08329493 0.8326102 0
vt 0.06659553 0.8237775 0
vt 0.9480561 0.1332145 0
vt 0.948138 0.1198382 0
vt 0.9599704 0.1329159 0
vt 0.9700491 0.1343829 0
vt 0.9652529 0.1328421 0
vt 0.06770797 0.8228874 0
vt 0.06536855 0.82472 0
vt 0.06436675 0.8255971 0
vt 0.9757072 0.1171914 0
vt 0.9816314 0.1129694 0
vt 0.960094 0.120734 0
vt 0.9653412 0.1210665 0
vt 0.970132 0.1197002 0
vt 0.06970358 0.8292483 0
vt 0.07014849 0.8280101 0
vt 0.9372557 0.1073141 0
vt 0.976375 0.099951 0
vt 0.946848 0.1171455 0
vt 0.9461604 0.0991552 0
vt 0.9551688 0.1081681 0
vt 0.07320556 0.8412357 0
vt 0.9632571 0.1024531 0
vt 0.9690921 0.1006615 0
vt 0.9920758 0.1000231 0
vt 0.984347 0.1011828 0
vt 0.9560893 0.06373007 0
vt 0.954783 0.07131626 0
vt 0.952365 0.09159934 0
vt 0.07629158 0.8407363 0
vt 0.9544871 0.0860401 0
vt 0.9556121 0.07904364 0
vt 0.08409321 0.850089 0
vt 0.08145807 0.8442513 0
vt 0.07989802 0.8465466 0
vt 0.0877184 0.8470588 0
vt 0.08177276 0.8479124 0
vt 0.08339082 0.8454336 0
vt 0.08258962 0.8485327 0
vt 0.08429089 0.8459129 0
vt 0.08327152 0.8492227 0
vt 0.0849976 0.8511746 0
vt 0.08595873 0.8523828 0
vt 0.08520867 0.846251 0
vt 0.9536452 0.06269616 0
vt 0.9030825 0.06231651 0
vt 0.08921974 0.8474745 0
vt 0.08634776 0.8466546 0
vt 0.9006411 0.06330505 0
vt 0.9034721 0.09138135 0
vt 0.9018568 0.07087141 0
vt 0.8647653 0.09861023 0
vt 0.8723179 0.09995907 0
vt 0.8800909 0.09899083 0
vt 0.9186497 0.1070625 0
vt 0.9087102 0.1166696 0
vt 0.905703 0.09564873 0
vt 0.9094426 0.09904894 0
vt 0.9006975 0.07865594 0
vt 0.9015413 0.08574223 0
vt 0.8871495 0.09995727 0
vt 0.9004897 0.1079109 0
vt 0.8970443 0.1041941 0
vt 0.8927768 0.1019383 0
vt 0.0722528 0.848968 0
vt 0.1376342 0.4573896 0
vt 0.0702803 0.8487651 0
vt 0.008165414 0.4561053 0
vt 0.08189277 0.8516316 0
vt 0.07908314 0.8505881 0
vt 0.07642039 0.8498291 0
vt 0.0741275 0.8493054 0
vt 0.06826204 0.8581138 0
vt 0.06724943 0.8488987 0
vt 0.0637749 0.8531648 0
vt 0.06549566 0.855411 0
vt 0.06685272 0.8568395 0
vt 0.07008117 0.8595957 0
vt 0.07232111 0.8612133 0
vt 0.07491854 0.8627184 0
vt 0.03842389 0.9050232 0
vt 0.103134 0.8453422 0
vt 0.1405298 0.9831411 0
vt 0.02072291 0.959061 0
vt 0.108782 0.882907 0
vt 0.01105667 0.982388 0
vt 0.1033718 0.8019121 0
vt 0.1218712 0.9316478 0
vt 0.1311354 0.9597033 0
vt 0.1140639 0.9054635 0
vt 0.05032172 0.8016033 0
vt 0.050053 0.8450332 0
vt 0.05223537 0.8776136 0
vt 0.04396747 0.8825295 0
vt 0.03031258 0.931115 0
vt 0.06198253 0.8780649 0
vt 0.07716562 0.8827049 0
vt 0.07700765 0.8845163 0
vt 0.1635077 0.1876724 0
vt 0.1436465 0.3164675 0
vt 0.1517305 0.2903355 0
vt 0.1572472 0.2678116 0
vt 0.2146612 0.2303391 0
vt 0.1614683 0.2495569 0
vt 0.2163293 0.2497961 0
vt 0.1633068 0.2301153 0
vt 0.2148304 0.1878961 0
vt 0.2203919 0.2680867 0
vt 0.06517318 0.8862367 0
vt 0.06603007 0.8882994 0
vt 0.06718891 0.8904424 0
vt 0.0690046 0.8907269 0
vt 0.0885831 0.8903717 0
vt 0.07826651 0.8904177 0
vt 0.08078232 0.8892482 0
vt 0.08207034 0.8893195 0
vt 0.0892802 0.8917063 0
vt 0.08327446 0.8896458 0
vt 0.08481362 0.8897856 0
vt 0.08662549 0.8899996 0
vt 0.08659172 0.8995789 0
vt 0.0852233 0.9001825 0
vt 0.08349479 0.8992097 0
vt 0.07862716 0.8959558 0
vt 0.0820057 0.8981789 0
vt 0.079662 0.8967118 0
vt 0.08077413 0.89726 0
vt 0.07728212 0.8935406 0
vt 0.501659 0.6619901 0
vt 0.5492354 0.6385191 0
vt 0.5300346 0.5995632 0
vt 0.5091531 0.513751 0
vt 0.5186915 0.5633094 0
vt 0.5230449 0.5814536 0
vt 0.5135796 0.5407137 0
vt 0.5052185 0.4844687 0
vt 0.5034201 0.4592824 0
vt 0.3873064 0.5165662 0
vt 0.4061986 0.5333193 0
vt 0.4270414 0.5542599 0
vt 0.4457442 0.5741793 0
vt 0.4605645 0.5919853 0
vt 0.4723141 0.6064806 0
vt 0.4824304 0.6230479 0
vt 0.06594072 0.1747052 0
vt 0.07775924 0.8648397 0
vt 0.0608976 0.1522487 0
vt 0.06804403 0.1985566 0
vt 0.08539 0.873855 0
vt 0.06795835 0.2521273 0
vt 0.08374307 0.8753455 0
vt 0.1333951 0.2522546 0
vt 0.08661633 0.8701565 0
vt 0.08700598 0.8720462 0
vt 0.07590415 0.8653682 0
vt 0.07495298 0.8675901 0
vt 0.07420391 0.8696689 0
vt 0.0736122 0.871445 0
vt 0.07289468 0.8727688 0
vt 0.07246294 0.8742619 0
vt 0.138119 0.1215497 0
vt 0.1327291 0.1441181 0
vt 0.1269485 0.2252152 0
vt 0.1286243 0.1623502 0
vt 0.1460547 0.09535905 0
vt 0.1554575 0.06730068 0
vt 0.1649705 0.04386807 0
vt 0.1269046 0.1817162 0
vt 0.07381432 0.2252883 0
vt 0.07373937 0.1817894 0
vt 0.07196729 0.1624281 0
vt 0.0678117 0.1442074 0
vt 0.06235901 0.1216541 0
vt 0.05435061 0.09548563 0
vt 0.04486977 0.06745354 0
vt 0.03529206 0.04404738 0
vt 0.5614739 0.907889 0
vt 0.7972831 0.8951808 0
vt 0.5917819 0.9086778 0
vt 0.8214867 0.8973309 0
vt 0.4482334 0.9071168 0
vt 0.4748799 0.9053712 0
vt 0.5029118 0.9047742 0
vt 0.6223881 0.9086731 0
vt 0.6530624 0.9078735 0
vt 0.683609 0.9063541 0
vt 0.7137834 0.9044031 0
vt 0.7429606 0.9000729 0
vt 0.770921 0.8966367 0
vt 0.5317528 0.9064568 0
vt 0.376818 0.2740612 0
vt 0.3632307 0.3153633 0
vt 0.2746528 0.2847849 0
vt 0.3737713 0.295956 0
vt 0.3445128 0.3275618 0
vt 0.2771862 0.2620406 0
vt 0.3008194 0.3220802 0
vt 0.2889223 0.2429658 0
vt 0.2840472 0.3060277 0
vt 0.3223075 0.3299753 0
vt 0.3080116 0.2312988 0
vt 0.3305339 0.2299078 0
vt 0.3526765 0.2355682 0
vt 0.3688462 0.2525195 0
vt 0.3300582 0.2368689 0
vt 0.3111528 0.2405767 0
vt 0.3090987 0.3187923 0
vt 0.3485974 0.2418892 0
vt 0.362984 0.2543758 0
vt 0.2956967 0.2521013 0
vt 0.2865729 0.2692352 0
vt 0.2940702 0.3064967 0
vt 0.3278263 0.3233549 0
vt 0.3465758 0.3193465 0
vt 0.3616012 0.3076017 0
vt 0.2863247 0.2886717 0
vt 0.3701433 0.2906493 0
vt 0.3704547 0.2717437 0
vt 0.4853339 0.9734641 0
vt 0.4949789 0.9794489 0
vt 0.5169331 0.9758833 0
vt 0.5198853 0.9360809 0
vt 0.5266879 0.9453202 0
vt 0.5100524 0.9302001 0
vt 0.5281307 0.9566641 0
vt 0.5249733 0.967686 0
vt 0.5063524 0.9801792 0
vt 0.4787653 0.9642379 0
vt 0.4804613 0.9421401 0
vt 0.4880043 0.9336668 0
vt 0.4773346 0.9530055 0
vt 0.498648 0.929701 0
vt 0.09992299 0.9072265 0
vt 0.05243801 0.932918 0
vt 0.09518662 0.9057912 0
vt 0.0651124 0.9132028 0
vt 0.05405193 0.928101 0
vt 0.05609037 0.9236075 0
vt 0.05870073 0.9196436 0
vt 0.06171441 0.9161692 0
vt 0.06873931 0.9105762 0
vt 0.0726814 0.9084718 0
vt 0.07683874 0.9067991 0
vt 0.08123639 0.9056843 0
vt 0.09044548 0.9051198 0
vt 0.08578169 0.9050652 0
vt 0.1037355 0.9117346 0
vt 0.09828174 0.9179238 0
vt 0.06007228 0.9339659 0
vt 0.1045814 0.9098677 0
vt 0.1033841 0.9121767 0
vt 0.06100283 0.9339429 0
vt 0.06786641 0.9349778 0
vt 0.06500673 0.9341712 0
vt 0.08129551 0.941738 0
vt 0.1046606 0.9093301 0
vt 0.1857141 0.3129063 0
vt 0.2075338 0.3238649 0
vt 0.1965752 0.3456846 0
vt 0.6909686 0.04797762 0
vt 0.1747555 0.334726 0
vt 0.404459 0.7549265 0
vt 0.7638731 0.6527948 0
vt 0.3964496 0.8242843 0
vt 0.4235391 0.9115495 0
vt 0.3966028 0.789097 0
vt 0.9011663 0.06111229 0
vt 0.9563453 0.1914668 0
vt 0.8625638 0.09910579 0
vt 0.994385 0.1539697 0
vt 0.9555709 0.06151532 0
vt 0.9013288 0.1915631 0
vt 0.9942886 0.1005575 0
vt 0.8627643 0.1532232 0
vt 0.8810062 0.1150737 0
vt 0.8956786 0.1185734 0
vt 0.890788 0.1188417 0
vt 0.8754221 0.1109348 0
vt 0.8863288 0.1175233 0
vt 0.870617 0.1048576 0
vt 0.8871604 0.151794 0
vt 0.8999725 0.1439056 0
vt 0.8967537 0.1475875 0
vt 0.8802638 0.152706 0
vt 0.8926701 0.1498055 0
vt 0.8725674 0.1516474 0
vt 0.9071528 0.1835184 0
vt 0.9194105 0.1677009 0
vt 0.9130953 0.1786782 0
vt 0.9202509 0.1583174 0
vt 0.9170907 0.1730537 0
vt 0.9206221 0.1632206 0
vt 0.9345316 0.163595 0
vt 0.9502875 0.1834056 0
vt 0.9437462 0.1787619 0
vt 0.9391036 0.1732994 0
vt 0.9362037 0.168038 0
vt 0.9345013 0.1586738 0
vt 0.9861872 0.1481924 0
vt 0.9599985 0.1339211 0
vt 0.9751163 0.137937 0
vt 0.9696299 0.1353219 0
vt 0.9809177 0.1422045 0
vt 0.9650461 0.1338312 0
vt 0.9692678 0.1014052 0
vt 0.9557099 0.1086661 0
vt 0.9635188 0.1031656 0
vt 0.976401 0.1007273 0
vt 0.9843132 0.101979 0
vt 0.9592113 0.1051822 0
vt 0.9354861 0.08948083 0
vt 0.9497324 0.06949157 0
vt 0.9368738 0.08505544 0
vt 0.9435996 0.07424327 0
vt 0.9393943 0.07977613 0
vt 0.935659 0.0943508 0
vt 0.902653 0.07090247 0
vt 0.9063168 0.09523286 0
vt 0.9014735 0.07862252 0
vt 0.9022823 0.08555442 0
vt 0.9041797 0.09110552 0
vt 0.9099276 0.0984957 0
vt 0.1036657 0.5476768 0
vt 0.1713475 0.5003423 0
vt 0.1395271 0.5179763 0
vt 0.1273985 0.526198 0
vt 0.08903967 0.5627652 0
vt 0.1168119 0.5356398 0
vt 0.1697679 0.04062047 0
vt 0.07366026 0.5795885 0
vt 0.007108794 0.5036501 0
vt 0.02921772 0.05902528 0
vt 0.05705602 0.153379 0
vt 0.04075826 0.09355389 0
vt 0.06407341 0.1987989 0
vt 0.05046229 0.1256837 0
vt 0.06201499 0.1754865 0
vt 0.06398028 0.2569049 0
vt 0.4434186 0.5764473 0
vt 0.4796336 0.6246538 0
vt 0.4248003 0.556604 0
vt 0.4581809 0.5941897 0
vt 0.5004899 0.6668929 0
vt 0.4697438 0.6084619 0
vt 0.4039841 0.5356797 0
vt 0.1868842 0.02509525 0
vt 0.5599759 0.467711 0
vt 0.5084389 0.4841478 0
vt 0.5062879 0.4542593 0
vt 0.5123769 0.5133989 0
vt 0.5167944 0.5402483 0
vt 0.5218911 0.5627592 0
vt 0.5261811 0.5806197 0
vt 0.5330109 0.5983211 0
vt 0.2296369 0.2893996 0
vt 0.218745 0.2300995 0
vt 0.2203685 0.2490021 0
vt 0.2189332 0.1829927 0
vt 0.5891157 0.6784164 0
vt 0.2374412 0.3154667 0
vt 0.2243453 0.2669339 0
vt 0.2467293 0.3434825 0
vt 0.1063538 0.8451582 0
vt 0.1171587 0.9044764 0
vt 0.1066118 0.7980513 0
vt 0.1188416 0.3706829 0
vt 0.1079494 0.8640642 0
vt 0.1249246 0.9305549 0
vt 0.1119001 0.8820027 0
vt 0.1341722 0.9585839 0
vt 0.1040243 0.3192678 0
vt 0.1044754 0.2721623 0
vt 0.1313776 0.4328065 0
vt 0.1055423 0.3381803 0
vt 0.1094195 0.3561346 0
vt 0.1145859 0.3786297 0
vt 0.122245 0.4047398 0
vt 0.006243698 0.9855959 0
vt 0.003339233 0.4592935 0
vt 0.06469538 0.1451355 0
vt 0.04183655 0.0685966 0
vt 0.07059707 0.2291784 0
vt 0.05130054 0.0966022 0
vt 0.05926667 0.122665 0
vt 0.06878161 0.1630731 0
vt 0.07051593 0.1819969 0
#end 1682 textures vertices 

#begin 1263 normals 
vn -0 0.438 -0.899
vn 0.39 0.438 -0.8099
vn 0.7028 0.438 -0.5605
vn 0.8764 0.438 -0.2
vn 0.8764 0.438 0.2
vn 0.7028 0.438 0.5605
vn 0.39 0.438 0.8099
vn -0 0.438 0.899
vn -0.39 0.438 0.8099
vn -0.7028 0.438 0.5605
vn -0.8764 0.438 0.2
vn -0.8764 0.438 -0.2
vn -0.7028 0.438 -0.5605
vn 0.4071 -0.3462 0.8453
vn 0.7335 -0.3462 0.5849
vn -0.39 0.438 -0.8099
vn 0.9461 0.2415 -0.2159
vn 0.7587 0.2415 -0.605
vn 0.7235 0.379 -0.577
vn 0.9022 0.379 -0.2059
vn -0.9147 -0.3462 -0.2088
vn -0.9147 -0.3462 0.2088
vn 0.9147 -0.3462 0.2088
vn 0.9147 -0.3462 -0.2088
vn -0.7335 -0.3462 0.5849
vn -0.4071 -0.3462 0.8453
vn -0 -0.3462 -0.9382
vn -0.4071 -0.3462 -0.8453
vn 0.7335 -0.3462 -0.5849
vn 0.4071 -0.3462 -0.8453
vn -0 -0.3462 0.9382
vn -0.7335 -0.3462 -0.5849
vn -0 1 -0
vn -0.7587 0.2415 0.605
vn -0.421 0.2415 0.8743
vn -0.4015 0.379 0.8337
vn -0.7235 0.379 0.577
vn -0.4117 -0.3155 0.855
vn -0 -0.3155 0.9489
vn -0 -0.2298 0.9732
vn -0.4223 -0.2298 0.8768
vn -0 0.2415 0.9704
vn -0 0.379 0.9254
vn 0.421 0.2415 -0.8743
vn 0.4015 0.379 -0.8337
vn -0.9461 0.2415 0.2159
vn -0.9022 0.379 0.2059
vn 0.4117 -0.3155 -0.855
vn -0 -0.3155 -0.9489
vn -0 -0.2298 -0.9732
vn 0.4223 -0.2298 -0.8768
vn -0.9461 0.2415 -0.2159
vn -0.9022 0.379 -0.2059
vn 0.9461 0.2415 0.2159
vn 0.9022 0.379 0.2059
vn -0.7587 0.2415 -0.605
vn -0.7235 0.379 -0.577
vn 0.7587 0.2415 0.605
vn 0.7235 0.379 0.577
vn -0.421 0.2415 -0.8743
vn -0.4015 0.379 -0.8337
vn 0.421 0.2415 0.8743
vn 0.4015 0.379 0.8337
vn -0.824 0.5344 0.1881
vn -0.6608 0.5344 0.527
vn -0 -1 -0
vn 0.7419 -0.3155 -0.5917
vn 0.7609 -0.2298 -0.6068
vn -0.7419 -0.3155 0.5917
vn -0.7609 -0.2298 0.6068
vn -0 0.2415 -0.9704
vn -0 0.379 -0.9254
vn -0.9251 -0.3155 0.2112
vn -0.9488 -0.2298 0.2166
vn 0.9251 -0.3155 -0.2112
vn 0.9488 -0.2298 -0.2166
vn -0.9251 -0.3155 -0.2112
vn -0.9488 -0.2298 -0.2166
vn 0.9251 -0.3155 0.2112
vn 0.9488 -0.2298 0.2166
vn -0.7419 -0.3155 -0.5917
vn -0.7609 -0.2298 -0.6068
vn 0.7419 -0.3155 0.5917
vn 0.7609 -0.2298 0.6068
vn -0.4117 -0.3155 -0.855
vn -0.4223 -0.2298 -0.8768
vn 0.4117 -0.3155 0.855
vn 0.4223 -0.2298 0.8768
vn -0 -0.0196 -0.9998
vn 0.4338 -0.0196 -0.9008
vn 0.7817 -0.0196 -0.6234
vn 0.9747 -0.0196 -0.2225
vn 0.9747 -0.0196 0.2225
vn 0.7817 -0.0196 0.6234
vn 0.4338 -0.0196 0.9008
vn -0 -0.0196 0.9998
vn -0.4338 -0.0196 0.9008
vn -0.7817 -0.0196 0.6234
vn -0.9747 -0.0196 0.2225
vn -0.9747 -0.0196 -0.2225
vn -0.7817 -0.0196 -0.6234
vn -0.4338 -0.0196 -0.9008
vn 0.824 0.5344 -0.1881
vn 0.6608 0.5344 -0.527
vn -0.6608 0.5344 -0.527
vn -0.824 0.5344 -0.1881
vn -0 0.5344 -0.8452
vn -0.3667 0.5344 -0.7615
vn -0 0.5344 0.8452
vn 0.3667 0.5344 0.7615
vn 0.3667 0.5344 -0.7615
vn -0.3667 0.5344 0.7615
vn 0.824 0.5344 0.1881
vn 0.6608 0.5344 0.527
vn 0.7818 -0 -0.6235
vn 0.4339 -0 -0.901
vn -0.9749 -0 0.2225
vn -0.7818 -0 0.6235
vn 0.9749 -0 -0.2225
vn -0.9749 -0 -0.2225
vn 0.9749 -0 0.2225
vn -0.7818 -0 -0.6235
vn 0.7818 -0 0.6235
vn -0.4339 -0 -0.901
vn 0.4339 -0 0.901
vn -0 -0 -1
vn -0 -0 1
vn -0.4339 -0 0.901
vn -0.2946 0.7341 -0.6118
vn -0.5309 0.7341 -0.4234
vn -0.6387 0.5767 -0.5094
vn -0.3545 0.5767 -0.736
vn -0.4249 0.2029 0.8822
vn -0 0.2029 0.9792
vn -0 0.1988 0.98
vn -0.4252 0.1988 0.883
vn 0.5309 0.7341 -0.4234
vn 0.2946 0.7341 -0.6118
vn 0.3545 0.5767 -0.736
vn 0.6387 0.5767 -0.5094
vn -0.6621 0.7341 -0.1511
vn -0.6621 0.7341 0.1511
vn -0.7965 0.5767 0.1818
vn -0.7965 0.5767 -0.1818
vn 0.6621 0.7341 0.1511
vn 0.6621 0.7341 -0.1511
vn 0.7965 0.5767 -0.1818
vn 0.7965 0.5767 0.1818
vn 0.2946 0.7341 0.6118
vn 0.5309 0.7341 0.4234
vn 0.6387 0.5767 0.5094
vn 0.3545 0.5767 0.736
vn -0 0.7341 -0.6791
vn -0 0.5767 -0.8169
vn -0.2946 0.7341 0.6118
vn -0 0.7341 0.6791
vn -0 0.5767 0.8169
vn -0.3545 0.5767 0.736
vn -0.5309 0.7341 0.4234
vn -0.6387 0.5767 0.5094
vn 0.416 0.2838 0.8639
vn 0.7497 0.2838 0.5979
vn 0.7656 0.2029 0.6105
vn 0.4249 0.2029 0.8822
vn -0.416 0.2838 0.8639
vn -0 0.2838 0.9589
vn 0.9349 0.2838 0.2134
vn 0.9349 0.2838 -0.2134
vn 0.9546 0.2029 -0.2179
vn 0.9546 0.2029 0.2179
vn -0.7497 0.2838 0.5979
vn -0.7656 0.2029 0.6105
vn -0.9349 0.2838 -0.2134
vn -0.9349 0.2838 0.2134
vn -0.9546 0.2029 0.2179
vn -0.9546 0.2029 -0.2179
vn 0.416 0.2838 -0.8639
vn -0 0.2838 -0.9589
vn -0 0.2029 -0.9792
vn 0.4249 0.2029 -0.8822
vn 0.7497 0.2838 -0.5979
vn 0.7656 0.2029 -0.6105
vn -0.7497 0.2838 -0.5979
vn -0.7656 0.2029 -0.6105
vn -0.416 0.2838 -0.8639
vn -0.4249 0.2029 -0.8822
vn -0 0.8142 -0.5806
vn -0.2519 0.8142 -0.5231
vn 0.454 0.8142 -0.362
vn 0.2519 0.8142 -0.5231
vn -0.454 0.8142 -0.362
vn -0.5661 0.8142 -0.1292
vn -0.5661 0.8142 0.1292
vn 0.5661 0.8142 0.1292
vn 0.5661 0.8142 -0.1292
vn 0.2519 0.8142 0.5231
vn 0.454 0.8142 0.362
vn -0.2519 0.8142 0.5231
vn -0 0.8142 0.5806
vn -0.454 0.8142 0.362
vn -0.6996 0.4465 0.5579
vn -0.3882 0.4465 0.8062
vn 0.6996 0.4465 0.5579
vn 0.8724 0.4465 0.1991
vn -0 0.4465 0.8948
vn 0.3882 0.4465 0.8062
vn -0.8724 0.4465 0.1991
vn 0.8724 0.4465 -0.1991
vn 0.6996 0.4465 -0.5579
vn -0.3882 0.4465 -0.8062
vn -0.6996 0.4465 -0.5579
vn 0.3882 0.4465 -0.8062
vn -0 0.4465 -0.8948
vn -0.8724 0.4465 -0.1991
vn -0.7662 0.1988 0.611
vn -0.9555 0.1988 0.2181
vn 0.4252 0.1988 0.883
vn 0.9555 0.1988 0.2181
vn 0.7662 0.1988 0.611
vn -0.4252 0.1988 -0.883
vn -0 0.1988 -0.98
vn 0.4252 0.1988 -0.883
vn 0.7662 0.1988 -0.611
vn -0.9555 0.1988 -0.2181
vn -0.7662 0.1988 -0.611
vn 0.9555 0.1988 -0.2181
vn 0.2989 -0.1264 0.9459
vn 0.2239 -0.1635 0.9608
vn 0.2238 -0.1634 0.9608
vn 0.2972 -0.1278 0.9462
vn -0.917 0.1215 0.3798
vn 0.8085 -0.1568 -0.5672
vn 0.8377 -0.1635 -0.5211
vn 0.8376 -0.1634 -0.5212
vn 0.8081 -0.1568 -0.5678
vn -0.1086 -0.137 0.9846
vn -0.1704 -0.1565 0.9729
vn -0.1696 -0.1565 0.973
vn -0.1082 -0.1367 0.9847
vn 0.3672 -0.0411 0.9292
vn 0.3672 -0.0413 0.9292
vn -0 -1 -0
vn 0.7149 -0.0684 -0.6959
vn 0.7372 -0.0933 -0.6692
vn 0.736 -0.092 -0.6707
vn 0.3827 -0 -0.9239
vn 0.3975 -0.0411 -0.9167
vn 0.3975 -0.0413 -0.9167
vn -0.0014 -1 0.0006
vn -0.9608 -0.1635 0.2239
vn -0.9728 -0.1568 0.1707
vn -0.9729 -0.1568 0.1699
vn -0.9608 -0.1634 0.2238
vn -0.3672 -0.0411 0.9292
vn -0.3827 -0 0.9239
vn -0.3671 -0.0413 0.9293
vn -0.3798 0.1215 0.917
vn -0.9945 -0.0933 0.048
vn -0.9976 -0.0684 0.0134
vn -0.9947 -0.092 0.0462
vn -0.2235 -0.1632 0.9609
vn -0.2986 -0.1263 0.946
vn -0.2969 -0.1277 0.9463
vn -0.2235 -0.1632 0.961
vn 0.7732 -0.1375 -0.6191
vn 0.773 -0.1372 -0.6194
vn 0.4577 -0.1263 -0.8801
vn 0.5214 -0.1632 -0.8375
vn 0.5215 -0.1632 -0.8375
vn 0.4592 -0.1277 -0.8791
vn -0.9845 -0.1375 0.109
vn -0.9846 -0.1372 0.1085
vn 0.8377 -0.1635 0.5211
vn 0.8085 -0.1568 0.5672
vn 0.8081 -0.1568 0.5678
vn 0.8376 -0.1634 0.5212
vn 0.0018 -1 0.0007
vn 0.7372 -0.0933 0.6692
vn 0.7149 -0.0684 0.6959
vn 0.736 -0.092 0.6707
vn -0.9239 -0 0.3827
vn -0.9292 -0.0411 0.3672
vn -0.9292 -0.0413 0.3672
vn -0.9728 -0.1568 -0.1707
vn -0.9608 -0.1635 -0.2239
vn -0.9608 -0.1634 -0.2238
vn -0.9729 -0.1568 -0.1699
vn 0.9167 -0.0411 -0.3974
vn 0.9239 -0 -0.3827
vn 0.9167 -0.0413 -0.3974
vn -0.9976 -0.0684 -0.0134
vn -0.9945 -0.0933 -0.048
vn -0.9947 -0.092 -0.0462
vn -0.9459 -0.1264 0.2989
vn -0.9462 -0.1278 0.2972
vn 0.7732 -0.1375 0.6191
vn 0.773 -0.1372 0.6194
vn 0.8802 -0.1264 -0.4575
vn 0.8792 -0.1278 -0.4589
vn -0.2239 -0.1635 -0.9608
vn -0.1707 -0.1568 -0.9728
vn -0.1699 -0.1568 -0.9729
vn -0.2238 -0.1634 -0.9608
vn -0.9845 -0.1375 -0.109
vn -0.9846 -0.1372 -0.1085
vn 0.5672 -0.1568 0.8085
vn 0.5211 -0.1635 0.8377
vn 0.5212 -0.1634 0.8376
vn 0.5678 -0.1568 0.8081
vn -0.0006 -1 -0.0014
vn -0.048 -0.0933 -0.9945
vn -0.0134 -0.0684 -0.9976
vn -0.0462 -0.092 -0.9947
vn 0.9239 -0 0.3827
vn 0.9167 -0.0411 0.3974
vn 0.9167 -0.0413 0.3974
vn 0.6959 -0.0684 0.7149
vn 0.6692 -0.0933 0.7372
vn 0.6707 -0.092 0.736
vn -0.9292 -0.0411 -0.3672
vn -0.9239 -0 -0.3827
vn -0.9292 -0.0413 -0.3672
vn -0.109 -0.1375 -0.9845
vn -0.1085 -0.1372 -0.9846
vn -0.9459 -0.1264 -0.2989
vn -0.9462 -0.1278 -0.2972
vn 0.6191 -0.1375 0.7732
vn 0.6194 -0.1372 0.773
vn 0.8802 -0.1264 0.4575
vn 0.8792 -0.1278 0.4589
vn -0.5211 -0.1635 0.8377
vn -0.5672 -0.1568 0.8085
vn -0.5678 -0.1568 0.8081
vn -0.5212 -0.1634 0.8376
vn -0.6692 -0.0933 0.7372
vn -0.6959 -0.0684 0.7149
vn -0.6707 -0.092 0.736
vn -0.3827 -0 -0.9239
vn -0.3672 -0.0411 -0.9292
vn -0.3672 -0.0413 -0.9292
vn -0.0006 -1 0.0014
vn 0.1707 -0.1568 -0.9728
vn 0.2239 -0.1635 -0.9608
vn 0.2238 -0.1634 -0.9608
vn 0.1699 -0.1568 -0.9729
vn 0.3974 -0.0411 0.9167
vn 0.3827 -0 0.9239
vn 0.3975 -0.0413 0.9167
vn -0 1 -0
vn 0.057 0.9819 0.1808
vn 0.0875 0.9819 0.1682
vn -0.0003 0.9856 0.1691
vn 0.1194 0.9856 0.1194
vn 0.3797 0.0003 0.9251
vn 0.3857 0.0003 0.9226
vn 0.345 0.3881 0.8546
vn 0.3659 0.1119 0.9239
vn 0.3659 0.112 0.9239
vn 0.3449 0.3896 0.854
vn 0.3131 0.5683 0.761
vn 0.3945 0.1119 0.912
vn 0.3604 0.3881 0.8483
vn 0.36 0.3896 0.8477
vn 0.3945 0.112 0.912
vn 0.3167 0.5683 0.7595
vn 0.3167 0.5683 0.7594
vn 0.2904 0.6628 0.6902
vn 0.249 0.7798 0.5744
vn 0.423 0.8013 0.423
vn 0.511 0.6912 0.511
vn 0.1492 0.9182 0.367
vn 0.2591 0.9304 0.2591
vn 0.2301 0.7798 0.5822
vn 0.2827 0.6628 0.6934
vn -0 0.6909 0.7229
vn -0 0.801 0.5987
vn 0.154 0.9182 0.365
vn -0.0003 0.9302 0.3671
vn 0.1682 0.9819 0.0875
vn 0.1808 0.9819 0.057
vn 0.1691 0.9856 -0.0003
vn 0.9226 0.0003 0.3857
vn 0.9251 0.0003 0.3797
vn 0.8483 0.3881 0.3604
vn 0.912 0.1119 0.3945
vn 0.912 0.112 0.3945
vn 0.8477 0.3896 0.36
vn 0.7595 0.5683 0.3167
vn 0.7594 0.5683 0.3167
vn 0.9239 0.1119 0.3659
vn 0.8546 0.3881 0.345
vn 0.854 0.3896 0.3449
vn 0.9239 0.112 0.3659
vn 0.761 0.5683 0.3131
vn 0.6934 0.6628 0.2827
vn 0.5822 0.7798 0.2301
vn 0.5987 0.801 -0
vn 0.7229 0.6909 -0
vn 0.365 0.9182 0.154
vn 0.3671 0.9302 -0.0003
vn 0.5744 0.7798 0.249
vn 0.6902 0.6628 0.2904
vn 0.367 0.9182 0.1492
vn 0.1816 0.9817 -0.0571
vn 0.1688 0.9817 -0.088
vn 0.1198 0.9855 -0.1198
vn 0.9251 0.0002 -0.3797
vn 0.9226 0.0002 -0.3857
vn 0.855 0.3872 -0.345
vn 0.924 0.1113 -0.3658
vn 0.924 0.1114 -0.3658
vn 0.8543 0.3888 -0.3449
vn 0.7614 0.5677 -0.313
vn 0.9121 0.1113 -0.3947
vn 0.8485 0.3872 -0.3606
vn 0.848 0.3888 -0.3602
vn 0.912 0.1114 -0.3947
vn 0.7597 0.5677 -0.317
vn 0.6906 0.6622 -0.2908
vn 0.575 0.7791 -0.2497
vn 0.4237 0.8006 -0.4237
vn 0.5114 0.6906 -0.5114
vn 0.3683 0.9176 -0.1498
vn 0.2601 0.9299 -0.2601
vn 0.5832 0.7791 -0.23
vn 0.694 0.6622 -0.2827
vn 0.3664 0.9176 -0.1545
vn 0.088 0.9817 -0.1688
vn 0.0571 0.9817 -0.1816
vn -0 0.9855 -0.1695
vn 0.3857 0.0002 -0.9226
vn 0.3797 0.0002 -0.9251
vn 0.3658 0.1113 -0.924
vn 0.345 0.3872 -0.855
vn 0.3449 0.3888 -0.8543
vn 0.3658 0.1114 -0.924
vn 0.313 0.5677 -0.7614
vn 0.3606 0.3872 -0.8485
vn 0.3947 0.1113 -0.9121
vn 0.3947 0.1114 -0.912
vn 0.3602 0.3888 -0.848
vn 0.317 0.5677 -0.7597
vn 0.2827 0.6622 -0.694
vn 0.23 0.7791 -0.5832
vn -0 0.8006 -0.5992
vn -0 0.6906 -0.7232
vn 0.2497 0.7791 -0.575
vn 0.2908 0.6622 -0.6906
vn 0.1545 0.9176 -0.3664
vn -0 0.9299 -0.3678
vn 0.1498 0.9176 -0.3683
vn -0.0571 0.9817 -0.1816
vn -0.088 0.9817 -0.1688
vn -0.1198 0.9855 -0.1198
vn -0.3797 0.0002 -0.9251
vn -0.3857 0.0002 -0.9226
vn -0.3947 0.1113 -0.9121
vn -0.3606 0.3872 -0.8485
vn -0.3602 0.3888 -0.848
vn -0.3947 0.1114 -0.912
vn -0.345 0.3872 -0.855
vn -0.3658 0.1113 -0.924
vn -0.3658 0.1114 -0.924
vn -0.3449 0.3888 -0.8543
vn -0.317 0.5677 -0.7597
vn -0.313 0.5677 -0.7614
vn -0.23 0.7791 -0.5832
vn -0.2827 0.6622 -0.694
vn -0.1545 0.9176 -0.3664
vn -0.2908 0.6622 -0.6906
vn -0.2497 0.7791 -0.575
vn -0.4237 0.8006 -0.4237
vn -0.5114 0.6906 -0.5114
vn -0.1498 0.9176 -0.3683
vn -0.2601 0.9299 -0.2601
vn -0.1688 0.9817 -0.088
vn -0.1816 0.9817 -0.0571
vn -0.1695 0.9855 -0
vn -0.9226 0.0002 -0.3857
vn -0.9251 0.0002 -0.3797
vn -0.8485 0.3872 -0.3606
vn -0.9121 0.1113 -0.3947
vn -0.912 0.1114 -0.3947
vn -0.848 0.3888 -0.3602
vn -0.7597 0.5677 -0.317
vn -0.924 0.1113 -0.3658
vn -0.855 0.3872 -0.345
vn -0.8543 0.3888 -0.3449
vn -0.924 0.1114 -0.3658
vn -0.7614 0.5677 -0.313
vn -0.694 0.6622 -0.2827
vn -0.5832 0.7791 -0.23
vn -0.5992 0.8006 -0
vn -0.7232 0.6906 -0
vn -0.3664 0.9176 -0.1545
vn -0.3678 0.9299 -0
vn -0.575 0.7791 -0.2497
vn -0.6906 0.6622 -0.2908
vn -0.3683 0.9176 -0.1498
vn -0.1816 0.9817 0.0571
vn -0.1688 0.9817 0.088
vn -0.1198 0.9855 0.1198
vn -0.9251 0.0002 0.3797
vn -0.9226 0.0002 0.3857
vn -0.855 0.3872 0.345
vn -0.924 0.1113 0.3658
vn -0.924 0.1114 0.3658
vn -0.8543 0.3888 0.3449
vn -0.7614 0.5677 0.313
vn -0.9121 0.1113 0.3947
vn -0.8485 0.3872 0.3606
vn -0.848 0.3888 0.3602
vn -0.912 0.1114 0.3947
vn -0.7597 0.5677 0.317
vn -0.6906 0.6622 0.2908
vn -0.575 0.7791 0.2497
vn -0.4237 0.8006 0.4237
vn -0.5114 0.6906 0.5114
vn -0.3683 0.9176 0.1498
vn -0.2601 0.9299 0.2601
vn -0.5832 0.7791 0.23
vn -0.694 0.6622 0.2827
vn -0.3664 0.9176 0.1545
vn -0.088 0.9817 0.1688
vn -0.0571 0.9817 0.1816
vn -0.3857 0.0002 0.9226
vn -0.3797 0.0002 0.9251
vn -0.3606 0.3872 0.8485
vn -0.3947 0.1113 0.9121
vn -0.3947 0.1114 0.912
vn -0.3602 0.3888 0.848
vn -0.317 0.5677 0.7597
vn -0.3658 0.1113 0.924
vn -0.345 0.3872 0.855
vn -0.3449 0.3888 0.8543
vn -0.3658 0.1114 0.924
vn -0.313 0.5677 0.7614
vn -0.2827 0.6622 0.694
vn -0.23 0.7791 0.5832
vn -0.1545 0.9176 0.3664
vn -0.2497 0.7791 0.575
vn -0.2908 0.6622 0.6906
vn -0.1498 0.9176 0.3683
vn 0.0673 0.9844 -0.1625
vn 0.1309 0.9397 -0.316
vn 0.066 0.985 0.1594
vn 0.1297 0.9408 0.3131
vn -0.0673 0.9844 0.1625
vn -0.1309 0.9397 0.316
vn -0.1625 0.9844 0.0673
vn -0.316 0.9397 0.1309
vn -0.1625 0.9844 -0.0673
vn -0.316 0.9397 -0.1309
vn -0.0673 0.9844 -0.1625
vn -0.1309 0.9397 -0.316
vn 0.1594 0.985 0.066
vn 0.3131 0.9408 0.1297
vn 0.9175 0.117 -0.3801
vn 0.9239 0.0013 -0.3827
vn -0.9175 0.117 -0.3801
vn -0.9239 0.0013 -0.3827
vn -0.9175 0.117 0.3801
vn -0.9239 0.0013 0.3827
vn -0.3801 0.117 0.9175
vn -0.3827 0.0013 0.9239
vn 0.38 0.1182 0.9174
vn 0.3827 0.0017 0.9239
vn 0.9174 0.1182 0.38
vn 0.9239 0.0017 0.3827
vn 0.3801 0.117 -0.9175
vn 0.3827 0.0013 -0.9239
vn 0.2813 0.6779 -0.6792
vn 0.314 0.5717 -0.758
vn 0.6792 0.6779 -0.2813
vn 0.758 0.5717 -0.314
vn 0.6782 0.6791 0.2809
vn 0.7573 0.5729 0.3137
vn 0.2809 0.6791 0.6782
vn 0.3137 0.5729 0.7573
vn -0.2813 0.6779 0.6792
vn -0.314 0.5717 0.758
vn -0.6792 0.6779 0.2813
vn -0.758 0.5717 0.314
vn -0.6792 0.6779 -0.2813
vn -0.758 0.5717 -0.314
vn -0.2813 0.6779 -0.6792
vn -0.314 0.5717 -0.758
vn -0.3801 0.117 -0.9175
vn -0.3493 0.4087 -0.8432
vn -0.8432 0.4087 -0.3493
vn -0.8432 0.4087 0.3493
vn -0.3493 0.4087 0.8432
vn 0.349 0.4103 0.8426
vn 0.8426 0.4103 0.349
vn 0.8432 0.4087 -0.3493
vn 0.3493 0.4087 -0.8432
vn -0.3827 0.0013 -0.9239
vn 0.2354 0.7885 -0.5683
vn 0.5683 0.7885 -0.2354
vn 0.316 0.9397 -0.1309
vn 0.5664 0.79 0.2346
vn 0.2346 0.79 0.5664
vn -0.2354 0.7885 0.5683
vn -0.5683 0.7885 0.2354
vn -0.5683 0.7885 -0.2354
vn -0.2354 0.7885 -0.5683
vn 0.1625 0.9844 -0.0673
vn -0.0478 -0.0925 0.9946
vn -0.046 -0.0912 0.9948
vn -0.4575 -0.1264 -0.8802
vn -0.3974 -0.0411 -0.9167
vn -0.3975 -0.0413 -0.9167
vn -0.4589 -0.1278 -0.8792
vn 0.5674 -0.1565 -0.8084
vn 0.6194 -0.137 -0.773
vn 0.6198 -0.1367 -0.7728
vn 0.5681 -0.1565 -0.8079
vn -0.5211 -0.1635 -0.8377
vn -0.5212 -0.1634 -0.8376
vn 0.6695 -0.0925 -0.7371
vn 0.6709 -0.0912 -0.7359
vn -0.9173 0.1191 -0.38
vn -0.0133 -0.0675 0.9976
vn 0.0006 -1 -0.0014
vn -0.6191 -0.1375 -0.7732
vn -0.5672 -0.1568 -0.8085
vn -0.5678 -0.1568 -0.8081
vn -0.6194 -0.1372 -0.773
vn 0.6961 -0.0675 -0.7148
vn -0.38 0.1191 -0.9173
vn 0.9459 -0.1264 0.2989
vn 0.9292 -0.0411 0.3672
vn 0.9292 -0.0413 0.3672
vn 0.9462 -0.1278 0.2972
vn -0.6692 -0.0933 -0.7372
vn -0.6707 -0.092 -0.736
vn 0.9608 -0.1635 0.2239
vn 0.9608 -0.1634 0.2238
vn 0.1707 -0.1568 0.9728
vn 0.109 -0.1375 0.9845
vn 0.1085 -0.1372 0.9846
vn 0.1699 -0.1568 0.9729
vn -0.9167 -0.0411 -0.3974
vn -0.8802 -0.1264 -0.4575
vn -0.8792 -0.1278 -0.4589
vn -0.9167 -0.0413 -0.3975
vn 0.048 -0.0933 0.9945
vn 0.0462 -0.092 0.9947
vn 0.3798 0.1215 -0.917
vn -0.8377 -0.1635 -0.5211
vn -0.8376 -0.1634 -0.5212
vn -0.6959 -0.0684 -0.7149
vn 0.0134 -0.0684 0.9976
vn 0.0007 -1 0.0018
vn 0.9845 -0.1375 0.109
vn 0.9728 -0.1568 0.1707
vn 0.9729 -0.1568 0.1699
vn 0.9846 -0.1372 0.1085
vn 0.917 0.1215 -0.3798
vn 0.9292 -0.0411 -0.3672
vn 0.946 -0.1263 -0.2986
vn 0.9463 -0.1277 -0.2969
vn 0.9293 -0.0413 -0.3671
vn -0.8085 -0.1568 -0.5672
vn -0.7732 -0.1375 -0.6191
vn -0.773 -0.1372 -0.6194
vn -0.8081 -0.1568 -0.5678
vn 0.9609 -0.1632 -0.2235
vn 0.961 -0.1632 -0.2235
vn 0.9945 -0.0933 0.048
vn 0.9947 -0.092 0.0462
vn -0.8801 -0.1263 0.4577
vn -0.9167 -0.0411 0.3975
vn -0.9167 -0.0413 0.3975
vn -0.8791 -0.1277 0.4592
vn -0.7372 -0.0933 -0.6692
vn -0.736 -0.092 -0.6707
vn 0.917 0.1215 0.3798
vn -0.8375 -0.1632 0.5214
vn -0.8375 -0.1632 0.5215
vn -0.7149 -0.0684 -0.6959
vn -0.0014 -1 -0.0006
vn 0.3798 0.1215 0.917
vn 0.9976 -0.0684 0.0134
vn -0.3974 -0.0411 0.9167
vn -0.4575 -0.1264 0.8802
vn -0.4589 -0.1278 0.8792
vn -0.3975 -0.0413 0.9167
vn -0.773 -0.137 0.6194
vn -0.8084 -0.1565 0.5674
vn -0.8079 -0.1565 0.5681
vn -0.7728 -0.1367 0.6198
vn -0.7371 -0.0925 0.6695
vn -0.7359 -0.0912 0.6709
vn 0.2989 -0.1264 -0.9459
vn 0.3672 -0.0411 -0.9292
vn 0.3672 -0.0413 -0.9292
vn 0.2972 -0.1278 -0.9462
vn 0.9729 -0.1565 -0.1704
vn 0.9846 -0.137 -0.1086
vn 0.9847 -0.1367 -0.1082
vn 0.973 -0.1565 -0.1696
vn 0.9946 -0.0925 -0.0478
vn 0.9948 -0.0912 -0.046
vn -0.7148 -0.0675 0.6961
vn 0.0014 -1 -0.0006
vn 0.109 -0.1375 -0.9845
vn 0.1085 -0.1372 -0.9846
vn 0.9976 -0.0675 -0.0133
vn -0.2989 -0.1264 -0.9459
vn -0.2972 -0.1278 -0.9462
vn 0.048 -0.0933 -0.9945
vn 0.0462 -0.092 -0.9947
vn -0.6191 -0.1375 0.7732
vn -0.6194 -0.1372 0.773
vn 0.4575 -0.1264 0.8802
vn 0.4589 -0.1278 0.8792
vn 0.0134 -0.0684 -0.9976
vn -0.2649 0.111 -0.9579
vn -0.263 0.1128 -0.9582
vn -0.2062 0.1491 -0.9671
vn -0.2064 0.1491 -0.967
vn 0.9233 0.0369 -0.3824
vn -0.8031 0.1439 0.5781
vn -0.8025 0.1439 0.5791
vn -0.8297 0.1491 0.538
vn -0.8297 0.1491 0.5379
vn 0.0959 0.1171 -0.9885
vn 0.0952 0.1165 -0.9886
vn 0.1576 0.1435 -0.977
vn 0.1587 0.1435 -0.9768
vn -0.3712 0.0376 -0.9278
vn -0.3707 0.0379 -0.928
vn -0 0.9998 -0.0191
vn -0.0135 0.9998 -0.0135
vn -0.7259 0.1099 0.6789
vn -0.7375 0.1016 0.6677
vn -0.7384 0.1009 0.6668
vn -0.3309 0.0049 0.9437
vn -0.3943 0.0379 0.9182
vn -0.3937 0.0376 0.9185
vn -0.1853 0.9797 0.0768
vn 0.967 0.1491 -0.2064
vn 0.9671 0.1491 -0.2062
vn 0.9769 0.1439 -0.1579
vn 0.9767 0.1439 -0.1591
vn 0.3711 0.0376 -0.9278
vn 0.3705 0.0379 -0.9281
vn 0.4333 0.0049 -0.9012
vn 0.3824 0.0369 -0.9232
vn 0.9936 0.1009 -0.0507
vn 0.9936 0.1016 -0.0494
vn 0.9934 0.1099 -0.0333
vn 0.2061 0.1489 -0.9671
vn 0.2059 0.1488 -0.9672
vn 0.2628 0.1126 -0.9583
vn 0.2646 0.1108 -0.958
vn -0.7665 0.1172 0.6314
vn -0.7669 0.1178 0.6308
vn -0.4902 0.1108 0.8645
vn -0.4918 0.1126 0.8634
vn -0.5383 0.1488 0.8295
vn -0.5382 0.1489 0.8296
vn 0.9884 0.1178 -0.0962
vn 0.9885 0.1172 -0.0955
vn -0.8297 0.1491 -0.5379
vn -0.8297 0.1491 -0.538
vn -0.8025 0.1439 -0.5791
vn -0.8031 0.1439 -0.5781
vn 0.1848 0.9798 0.0765
vn -0.7384 0.1009 -0.6668
vn -0.7375 0.1016 -0.6677
vn -0.7259 0.1099 -0.6789
vn 0.9012 0.0047 -0.4334
vn 0.928 0.0379 -0.3707
vn 0.9278 0.0376 -0.3712
vn 0.9767 0.1439 0.1591
vn 0.9769 0.1439 0.1579
vn 0.9671 0.1491 0.2062
vn 0.967 0.1491 0.2064
vn -0.9185 0.0376 0.3936
vn -0.9183 0.0379 0.3941
vn -0.9437 0.0047 0.3307
vn 0.9934 0.1099 0.0333
vn 0.9936 0.1016 0.0494
vn 0.9936 0.1009 0.0507
vn 0.9579 0.111 -0.2649
vn 0.9582 0.1128 -0.263
vn -0.7669 0.1178 -0.6308
vn -0.7665 0.1172 -0.6314
vn -0.8635 0.1128 0.4915
vn -0.8646 0.111 0.49
vn 0.2064 0.1491 0.967
vn 0.2062 0.1491 0.9671
vn 0.1579 0.1439 0.9769
vn 0.1591 0.1439 0.9767
vn 0.9885 0.1172 0.0955
vn 0.9884 0.1178 0.0962
vn -0.5781 0.1439 -0.8031
vn -0.5791 0.1439 -0.8025
vn -0.538 0.1491 -0.8297
vn -0.5379 0.1491 -0.8297
vn -0.0768 0.9797 -0.1854
vn 0.0507 0.1009 0.9936
vn 0.0494 0.1016 0.9936
vn 0.0333 0.1099 0.9934
vn -0.9437 0.0047 -0.3307
vn -0.9183 0.0379 -0.3941
vn -0.9185 0.0376 -0.3936
vn -0.6789 0.1099 -0.7259
vn -0.6677 0.1016 -0.7375
vn -0.6668 0.1009 -0.7384
vn 0.9278 0.0376 0.3712
vn 0.928 0.0379 0.3707
vn 0.9012 0.0047 0.4334
vn 0.0962 0.1178 0.9884
vn 0.0955 0.1172 0.9885
vn 0.9582 0.1128 0.263
vn 0.9579 0.111 0.2649
vn -0.6314 0.1172 -0.7665
vn -0.6308 0.1178 -0.7669
vn -0.8646 0.111 -0.49
vn -0.8635 0.1128 -0.4915
vn 0.5379 0.1491 -0.8297
vn 0.538 0.1491 -0.8297
vn 0.5791 0.1439 -0.8025
vn 0.5781 0.1439 -0.8031
vn 0.6668 0.1009 -0.7384
vn 0.6677 0.1016 -0.7375
vn 0.6789 0.1099 -0.7259
vn 0.4334 0.0047 0.9012
vn 0.3707 0.0379 0.928
vn 0.3712 0.0376 0.9278
vn -0.0768 0.9797 0.1854
vn -0.1591 0.1439 0.9767
vn -0.1579 0.1439 0.9769
vn -0.2062 0.1491 0.9671
vn -0.2064 0.1491 0.967
vn -0.3936 0.0376 -0.9185
vn -0.3941 0.0379 -0.9183
vn -0.3307 0.0047 -0.9437
vn 0.0135 0.9998 0.0135
vn 0.0191 0.9998 -0
vn -0.0135 0.9998 0.0135
vn -0 0.9998 0.0191
vn -0.0305 -0.9991 0.0305
vn -0.0431 -0.9991 -0
vn -0 -0.9991 0.0431
vn -0.0191 0.9998 -0
vn 0.0135 0.9998 -0.0135
vn 0.0431 -0.9991 -0
vn 0.0305 -0.9991 0.0305
vn -0 -0.9991 -0.0431
vn 0.0305 -0.9991 -0.0305
vn -0.0305 -0.9991 -0.0305
vn -0.0785 -0.9819 -0.1727
vn -0.1259 -0.984 -0.1259
vn -0.0034 -0.9838 -0.1792
vn -0.0666 -0.9818 -0.1776
vn -0.3845 0.0249 -0.9228
vn -0.3842 0.0291 -0.9228
vn -0.3809 0.0291 -0.9242
vn -0.3806 0.0249 -0.9244
vn -0.2781 -0.3958 -0.8752
vn -0.0133 -0.4132 -0.9105
vn -0.339 -0.1142 -0.9338
vn -0.3392 -0.1138 -0.9338
vn -0.2469 -0.5787 -0.7773
vn -0.0124 -0.5968 -0.8023
vn -0.4205 -0.1138 -0.9001
vn -0.4206 -0.1142 -0.9
vn -0.6438 -0.4137 -0.6438
vn -0.4222 -0.3958 -0.8155
vn -0.5672 -0.5971 -0.5672
vn -0.3751 -0.5787 -0.7242
vn -0.3477 -0.6744 -0.6514
vn -0.5113 -0.6908 -0.5113
vn -0.4234 -0.8009 -0.4234
vn -0.3082 -0.7911 -0.5283
vn -0.2615 -0.9291 -0.2615
vn -0.1988 -0.9246 -0.325
vn -0.1556 -0.7912 -0.5915
vn -0.0133 -0.8005 -0.5992
vn -0.0126 -0.6904 -0.7233
vn -0.2147 -0.6744 -0.7064
vn -0.0893 -0.9246 -0.3704
vn -0.011 -0.9288 -0.3705
vn -0.1776 -0.9818 -0.0666
vn -0.1792 -0.9838 -0.0034
vn -0.1727 -0.9819 -0.0785
vn -0.9244 0.0249 -0.3806
vn -0.9242 0.0291 -0.3809
vn -0.9228 0.0291 -0.3842
vn -0.9228 0.0249 -0.3845
vn -0.8155 -0.3958 -0.4222
vn -0.9 -0.1142 -0.4206
vn -0.9001 -0.1138 -0.4205
vn -0.7242 -0.5787 -0.3751
vn -0.9338 -0.1138 -0.3392
vn -0.9338 -0.1142 -0.339
vn -0.9105 -0.4132 -0.0133
vn -0.8752 -0.3958 -0.2781
vn -0.8023 -0.5968 -0.0124
vn -0.7773 -0.5787 -0.2469
vn -0.7064 -0.6744 -0.2147
vn -0.7233 -0.6904 -0.0126
vn -0.5992 -0.8005 -0.0133
vn -0.5915 -0.7912 -0.1556
vn -0.3705 -0.9288 -0.011
vn -0.3704 -0.9246 -0.0893
vn -0.5283 -0.7911 -0.3082
vn -0.6514 -0.6744 -0.3477
vn -0.325 -0.9246 -0.1988
vn -0.1695 -0.9819 0.085
vn -0.1275 -0.9836 0.1275
vn -0.18 -0.9819 0.0597
vn -0.9219 0.0305 0.3863
vn -0.922 0.0371 0.3854
vn -0.9245 0.0371 0.3794
vn -0.925 0.0305 0.3787
vn -0.8819 -0.3976 0.2535
vn -0.9374 -0.1145 0.329
vn -0.9373 -0.1141 0.3292
vn -0.7824 -0.5815 0.2229
vn -0.8956 -0.1141 0.43
vn -0.7019 -0.1212 0.7019
vn -0.6441 -0.4128 0.6441
vn -0.8028 -0.3976 0.4443
vn -0.5675 -0.5965 0.5675
vn -0.7108 -0.5815 0.3956
vn -0.6372 -0.6772 0.3678
vn -0.5117 -0.6901 0.5117
vn -0.4241 -0.8002 0.4241
vn -0.5121 -0.7934 0.329
vn -0.2625 -0.9285 0.2625
vn -0.3113 -0.9255 0.2157
vn -0.5947 -0.7934 0.1295
vn -0.7107 -0.6772 0.1905
vn -0.3727 -0.9255 0.0676
vn -0.0598 -0.9819 0.18
vn -0 -0.9836 0.1804
vn -0.085 -0.9819 0.1695
vn -0.3787 0.0305 0.925
vn -0.3794 0.0371 0.9245
vn -0.3854 0.0371 0.922
vn -0.3863 0.0305 0.9219
vn -0.3292 -0.1141 0.9373
vn -0 -0.1212 0.9926
vn -0 -0.4128 0.9108
vn -0.2535 -0.3976 0.8818
vn -0 -0.5965 0.8026
vn -0.2229 -0.5815 0.7824
vn -0.4443 -0.3976 0.8028
vn -0.43 -0.1141 0.8956
vn -0.3956 -0.5815 0.7108
vn -0.1905 -0.6772 0.7107
vn -0 -0.6901 0.7237
vn -0 -0.8002 0.5998
vn -0.1295 -0.7934 0.5947
vn -0.329 -0.7934 0.5121
vn -0.3678 -0.6772 0.6372
vn -0 -0.9285 0.3712
vn -0.0676 -0.9255 0.3726
vn -0.2157 -0.9255 0.3113
vn 0.085 -0.9819 0.1695
vn 0.1275 -0.9836 0.1275
vn 0.0598 -0.9819 0.18
vn 0.3863 0.0305 0.9219
vn 0.3854 0.0371 0.922
vn 0.3794 0.0371 0.9245
vn 0.3787 0.0305 0.925
vn 0.43 -0.1141 0.8956
vn 0.7019 -0.1212 0.7019
vn 0.6441 -0.4128 0.6441
vn 0.4443 -0.3976 0.8028
vn 0.2535 -0.3976 0.8818
vn 0.3292 -0.1141 0.9373
vn 0.5675 -0.5965 0.5675
vn 0.3956 -0.5815 0.7108
vn 0.2229 -0.5815 0.7824
vn 0.1295 -0.7934 0.5947
vn 0.1905 -0.6772 0.7107
vn 0.0676 -0.9255 0.3726
vn 0.3678 -0.6772 0.6372
vn 0.5117 -0.6901 0.5117
vn 0.4241 -0.8002 0.4241
vn 0.329 -0.7934 0.5121
vn 0.2625 -0.9285 0.2625
vn 0.2157 -0.9255 0.3113
vn 0.18 -0.9819 0.0598
vn 0.1804 -0.9836 -0
vn 0.1695 -0.9819 0.085
vn 0.925 0.0305 0.3787
vn 0.9245 0.0371 0.3794
vn 0.922 0.0371 0.3854
vn 0.9219 0.0305 0.3863
vn 0.8028 -0.3976 0.4443
vn 0.8956 -0.1141 0.43
vn 0.7108 -0.5815 0.3956
vn 0.9373 -0.1141 0.3292
vn 0.9926 -0.1212 -0
vn 0.9108 -0.4128 -0
vn 0.8818 -0.3976 0.2535
vn 0.8026 -0.5965 -0
vn 0.7824 -0.5815 0.2229
vn 0.7107 -0.6772 0.1905
vn 0.7237 -0.6901 -0
vn 0.5998 -0.8002 -0
vn 0.5947 -0.7934 0.1295
vn 0.3712 -0.9285 -0
vn 0.3726 -0.9255 0.0676
vn 0.5121 -0.7934 0.329
vn 0.6372 -0.6772 0.3678
vn 0.3113 -0.9255 0.2157
vn 0.1695 -0.9819 -0.085
vn 0.1275 -0.9836 -0.1275
vn 0.18 -0.9819 -0.0598
vn 0.9219 0.0305 -0.3863
vn 0.922 0.0371 -0.3854
vn 0.9245 0.0371 -0.3794
vn 0.925 0.0305 -0.3787
vn 0.8818 -0.3976 -0.2535
vn 0.9373 -0.1141 -0.3292
vn 0.7824 -0.5815 -0.2229
vn 0.8956 -0.1141 -0.43
vn 0.7019 -0.1212 -0.7019
vn 0.6441 -0.4128 -0.6441
vn 0.8028 -0.3976 -0.4443
vn 0.5675 -0.5965 -0.5675
vn 0.7108 -0.5815 -0.3956
vn 0.6372 -0.6772 -0.3678
vn 0.5117 -0.6901 -0.5117
vn 0.4241 -0.8002 -0.4241
vn 0.5121 -0.7934 -0.329
vn 0.2625 -0.9285 -0.2625
vn 0.3113 -0.9255 -0.2157
vn 0.5947 -0.7934 -0.1295
vn 0.7107 -0.6772 -0.1905
vn 0.3726 -0.9255 -0.0676
vn 0.0598 -0.9819 -0.18
vn 0.085 -0.9819 -0.1695
vn 0.3787 0.0305 -0.925
vn 0.3794 0.0371 -0.9245
vn 0.3854 0.0371 -0.922
vn 0.3863 0.0305 -0.9219
vn 0.4443 -0.3976 -0.8028
vn 0.43 -0.1141 -0.8956
vn 0.3956 -0.5815 -0.7108
vn 0.3292 -0.1141 -0.9373
vn 0.329 -0.1145 -0.9374
vn 0.2535 -0.3976 -0.8819
vn 0.2229 -0.5815 -0.7824
vn 0.1905 -0.6772 -0.7107
vn 0.1295 -0.7934 -0.5947
vn 0.0676 -0.9255 -0.3727
vn 0.329 -0.7934 -0.5121
vn 0.3678 -0.6772 -0.6372
vn 0.2157 -0.9255 -0.3113
vn -0.065 -0.9855 0.157
vn -0.1301 -0.9404 0.3141
vn -0.0636 -0.9861 -0.1536
vn -0.1288 -0.9416 -0.311
vn 0.065 -0.9855 -0.157
vn 0.1301 -0.9404 -0.3141
vn 0.157 -0.9855 -0.065
vn 0.3141 -0.9404 -0.1301
vn 0.157 -0.9855 0.065
vn 0.3141 -0.9404 0.1301
vn 0.065 -0.9855 0.157
vn 0.1301 -0.9404 0.3141
vn -0.1536 -0.9861 -0.0636
vn -0.311 -0.9416 -0.1288
vn -0.9178 -0.1149 0.3801
vn -0.9239 0.0016 0.3827
vn 0.9178 -0.1149 0.3801
vn 0.9239 0.0016 0.3827
vn 0.9178 -0.1149 -0.3801
vn 0.9239 0.0016 -0.3827
vn 0.3801 -0.1149 -0.9178
vn 0.3827 0.0016 -0.9239
vn -0.3801 -0.1161 -0.9176
vn -0.3827 0.0014 -0.9239
vn -0.9176 -0.1161 -0.3801
vn -0.9239 0.0014 -0.3827
vn -0.3801 -0.1149 0.9178
vn -0.3827 0.0016 0.9239
vn -0.2816 -0.677 0.6799
vn -0.3141 -0.5711 0.7584
vn -0.6799 -0.677 0.2816
vn -0.7584 -0.5711 0.3141
vn -0.6789 -0.6782 -0.2812
vn -0.7576 -0.5723 -0.3138
vn -0.2812 -0.6782 -0.6789
vn -0.3138 -0.5723 -0.7576
vn 0.2816 -0.677 -0.6799
vn 0.3141 -0.5711 -0.7584
vn 0.6799 -0.677 -0.2816
vn 0.7584 -0.5711 -0.3141
vn 0.6799 -0.677 0.2816
vn 0.7584 -0.5711 0.3141
vn 0.2816 -0.677 0.6799
vn 0.3141 -0.5711 0.7584
vn 0.3801 -0.1149 0.9178
vn 0.3493 -0.4084 0.8433
vn 0.8433 -0.4084 0.3493
vn 0.8433 -0.4084 -0.3493
vn 0.3493 -0.4084 -0.8433
vn -0.349 -0.41 -0.8427
vn -0.8427 -0.41 -0.349
vn -0.8433 -0.4084 0.3493
vn -0.3493 -0.4084 0.8433
vn 0.3827 0.0016 0.9239
vn -0.2359 -0.7875 0.5694
vn -0.5694 -0.7875 0.2359
vn -0.3141 -0.9404 0.1301
vn -0.5676 -0.7891 -0.2351
vn -0.2351 -0.7891 -0.5676
vn 0.2359 -0.7875 -0.5694
vn 0.5694 -0.7875 -0.2359
vn 0.5694 -0.7875 0.2359
vn 0.2359 -0.7875 0.5694
vn -0.157 -0.9855 0.065
vn 0.0507 0.0999 -0.9937
vn 0.0494 0.1006 -0.9937
vn 0.49 0.111 0.8646
vn 0.4915 0.1128 0.8635
vn 0.3941 0.0379 0.9183
vn 0.3936 0.0376 0.9185
vn -0.5785 0.1435 0.803
vn -0.5794 0.1435 0.8023
vn -0.6318 0.1165 0.7664
vn -0.6312 0.1171 0.7668
vn 0.5379 0.1491 0.8297
vn 0.538 0.1491 0.8297
vn -0.6677 0.1006 0.7376
vn -0.6668 0.0999 0.7385
vn 0.9231 0.0404 0.3824
vn 0.3307 0.0047 0.9437
vn 0.0336 0.1088 -0.9935
vn -0.4334 0.0047 -0.9012
vn 0.0768 0.9797 -0.1854
vn 0.6308 0.1178 0.7669
vn 0.6314 0.1172 0.7665
vn 0.5791 0.1439 0.8025
vn 0.5781 0.1439 0.8031
vn -0.6787 0.1088 0.7263
vn 0.3824 0.0404 0.9231
vn -0.9579 0.111 -0.2649
vn -0.9582 0.1128 -0.263
vn -0.928 0.0379 -0.3707
vn -0.9278 0.0376 -0.3712
vn 0.6668 0.1009 0.7384
vn 0.6677 0.1016 0.7375
vn -0.967 0.1491 -0.2064
vn -0.9671 0.1491 -0.2062
vn -0.1591 0.1439 -0.9767
vn -0.1579 0.1439 -0.9769
vn -0.0955 0.1172 -0.9885
vn -0.0962 0.1178 -0.9884
vn 0.9185 0.0376 0.3936
vn 0.9183 0.0379 0.3941
vn 0.8635 0.1128 0.4915
vn 0.8646 0.111 0.49
vn -0.0494 0.1016 -0.9936
vn -0.0507 0.1009 -0.9936
vn -0.3824 0.0369 0.9232
vn 0.8297 0.1491 0.538
vn 0.8297 0.1491 0.5379
vn 0.6789 0.1099 0.7259
vn -0.9012 0.0047 -0.4334
vn 0.9437 0.0047 0.3307
vn -0.0333 0.1099 -0.9934
vn 0.0765 0.9798 0.1848
vn -0.9884 0.1178 -0.0962
vn -0.9885 0.1172 -0.0955
vn -0.9769 0.1439 -0.1579
vn -0.9767 0.1439 -0.1591
vn -0.9233 0.0369 0.3824
vn -0.9278 0.0376 0.3711
vn -0.9281 0.0379 0.3705
vn -0.9583 0.1126 0.2628
vn -0.958 0.1108 0.2646
vn 0.8031 0.1439 0.5781
vn 0.8025 0.1439 0.5791
vn 0.7665 0.1172 0.6314
vn 0.7669 0.1178 0.6308
vn -0.9672 0.1488 0.2059
vn -0.9671 0.1489 0.2061
vn -0.9936 0.1009 -0.0507
vn -0.9936 0.1016 -0.0494
vn 0.8645 0.1108 -0.4902
vn 0.8634 0.1126 -0.4918
vn 0.9182 0.0379 -0.3943
vn 0.9185 0.0376 -0.3937
vn 0.7375 0.1016 0.6677
vn 0.7384 0.1009 0.6668
vn -0.9232 0.0369 -0.3824
vn 0.8296 0.1489 -0.5382
vn 0.8295 0.1488 -0.5383
vn 0.7259 0.1099 0.6789
vn 0.9437 0.0049 -0.3309
vn -0.1854 0.9797 -0.0768
vn -0.9012 0.0049 0.4333
vn -0.3824 0.0369 -0.9233
vn -0.9934 0.1099 -0.0333
vn 0.3935 0.0376 -0.9185
vn 0.3941 0.0379 -0.9183
vn 0.4915 0.1128 -0.8635
vn 0.49 0.111 -0.8646
vn 0.7668 0.1171 -0.6312
vn 0.7664 0.1165 -0.6318
vn 0.8023 0.1435 -0.5794
vn 0.803 0.1435 -0.5785
vn 0.7385 0.0999 -0.6668
vn 0.7376 0.1006 -0.6677
vn -0.2649 0.111 0.9579
vn -0.263 0.1128 0.9582
vn -0.3707 0.0379 0.928
vn -0.3712 0.0376 0.9278
vn -0.9768 0.1435 0.1587
vn -0.977 0.1435 0.1576
vn -0.9886 0.1165 0.0952
vn -0.9885 0.1171 0.0959
vn -0.9937 0.1006 0.0494
vn -0.9937 0.0999 0.0507
vn 0.3307 0.0047 -0.9437
vn 0.7263 0.1088 -0.6787
vn -0.4334 0.0047 0.9012
vn 0.1853 0.9797 -0.0768
vn -0.0962 0.1178 0.9884
vn -0.0955 0.1172 0.9885
vn -0.9935 0.1088 0.0336
vn 0.263 0.1128 0.9582
vn 0.2649 0.111 0.9579
vn -0.0507 0.1009 0.9936
vn -0.0494 0.1016 0.9936
vn 0.6314 0.1172 -0.7665
vn 0.6308 0.1178 -0.7669
vn -0.49 0.111 -0.8646
vn -0.4915 0.1128 -0.8635
vn -0.0333 0.1099 0.9934
vn 0.3804 -0.1083 0.9184
vn 0.9184 -0.1083 0.3804
vn 0.9184 -0.1086 -0.3804
vn 0.3804 -0.1087 -0.9184
vn -0.3804 -0.1087 -0.9184
vn -0.9184 -0.1087 -0.3804
vn -0.9184 -0.1087 0.3804
vn -0.3804 -0.1086 0.9184
vn -1 -0 -0
vn -0 -0 -1
vn 1 -0 -0
vn -0 -0 1
vn -0 -1 -0
vn -0 1 -0
vn 0.9239 -0 0.3827
vn 0.3827 -0 -0.9239
vn -0.9239 -0 -0.3827
vn -0.3827 -0 0.9239
vn 0.3827 -0 0.9239
vn 0.9239 -0 -0.3827
vn -0.3827 -0 -0.9239
vn -0.9239 -0 0.3827
#end 1263 normals 

#begin 1038 faces
o Cylinder:088
s 1
f 1/1/1 2/2/1 4/4/2 3/3/2 
f 3/3/2 4/4/2 6/6/3 5/5/3 
f 5/5/3 6/6/3 8/8/4 7/7/4 
f 7/7/4 8/8/4 10/10/5 9/9/5 
f 9/9/5 10/10/5 12/12/6 11/11/6 
f 11/11/6 12/12/6 14/14/7 13/13/7 
f 13/13/7 14/14/7 16/16/8 15/15/8 
f 15/15/8 16/16/8 18/18/9 17/17/9 
f 17/17/9 18/18/9 20/20/10 19/19/10 
f 19/19/10 20/20/10 22/22/11 21/21/11 
f 21/21/11 22/22/11 24/24/12 23/23/12 
f 23/23/12 24/24/12 26/26/13 25/25/13 
f 14/1492/14 12/1489/15 48/48/15 49/49/14 
f 25/25/13 26/26/13 28/28/16 27/27/16 
f 27/27/16 28/28/16 2/2/1 1/1/1 
f 94/94/17 91/91/18 73/73/19 74/74/20 
f 24/1500/21 22/1499/22 53/53/22 54/54/21 
f 10/1495/23 8/1493/24 46/46/24 47/47/23 
f 20/1498/25 18/1497/26 51/51/26 52/52/25 
f 2/1488/27 28/1490/28 56/56/28 44/44/27 
f 6/1496/29 4/1491/30 43/43/30 45/45/29 
f 16/1494/31 14/1492/14 49/49/14 50/50/31 
f 26/1487/32 24/1500/21 54/54/21 55/55/32 
f 12/1489/15 10/1495/23 47/47/23 48/48/15 
f 22/1499/22 20/1498/25 52/52/25 53/53/22 
f 8/1493/24 6/1496/29 45/45/29 46/46/24 
f 18/1497/26 16/1494/31 50/50/31 51/51/26 
f 4/1491/30 2/1488/27 44/44/27 43/43/30 
f 28/1490/28 26/1487/32 55/55/32 56/56/28 
f 30/30/33 29/29/33 43/43/33 44/44/33 
f 29/29/33 31/31/33 45/45/33 43/43/33 
f 31/31/33 32/32/33 46/46/33 45/45/33 
f 32/32/33 33/33/33 47/47/33 46/46/33 
f 33/33/33 34/34/33 48/48/33 47/47/33 
f 34/34/33 35/35/33 49/49/33 48/48/33 
f 35/35/33 36/36/33 50/50/33 49/49/33 
f 36/36/33 37/37/33 51/51/33 50/50/33 
f 37/37/33 38/38/33 52/52/33 51/51/33 
f 38/38/33 39/39/33 53/53/33 52/52/33 
f 39/39/33 40/40/33 54/54/33 53/53/33 
f 40/40/33 41/41/33 55/55/33 54/54/33 
f 41/41/33 42/42/33 56/56/33 55/55/33 
f 42/42/33 30/30/33 44/44/33 56/56/33 
f 112/112/34 109/109/35 79/79/36 80/80/37 
f 37/1482/38 36/1481/39 107/107/40 110/110/41 
f 109/109/35 106/106/42 78/78/43 79/79/36 
f 91/91/18 85/85/44 71/71/45 73/73/19 
f 115/115/46 112/112/34 80/80/37 81/81/47 
f 29/1478/48 30/1477/49 88/88/50 86/86/51 
f 118/118/52 115/115/46 81/81/47 82/82/53 
f 97/97/54 94/94/17 74/74/20 75/75/55 
f 121/121/56 118/118/52 82/82/53 83/83/57 
f 100/100/58 97/97/54 75/75/55 76/76/59 
f 124/124/60 121/121/56 83/83/57 84/1559/61 
f 103/103/62 100/100/58 76/76/59 77/77/63 
f 60/60/64 61/61/65 138/138/65 130/130/64 
f 106/106/42 103/103/62 77/77/63 78/78/43 
f 83/1513/66 82/1511/66 146/146/66 157/157/66 
f 31/1479/67 29/1478/48 86/86/51 92/92/68 
f 38/1483/69 37/1482/38 110/110/41 113/113/70 
f 89/89/71 124/1558/60 84/84/61 72/72/72 
f 39/1484/73 38/1483/69 113/113/70 116/116/74 
f 32/1486/75 31/1479/67 92/92/68 95/95/76 
f 40/1485/77 39/1484/73 116/116/74 119/119/78 
f 33/1473/79 32/1486/75 95/95/76 98/98/80 
f 41/1474/81 40/1485/77 119/119/78 122/122/82 
f 34/1475/83 33/1473/79 98/98/80 101/101/84 
f 42/1476/85 41/1474/81 122/122/82 125/125/86 
f 35/1480/87 34/1475/83 101/101/84 104/104/88 
f 30/1477/49 42/1561/85 125/1560/86 88/88/50 
f 36/1481/39 35/1480/87 104/104/88 107/107/40 
f 86/86/51 88/88/50 90/90/89 87/87/90 
f 87/87/90 90/90/89 89/89/71 85/85/44 
f 92/92/68 86/86/51 87/87/90 93/93/91 
f 93/93/91 87/87/90 85/85/44 91/91/18 
f 95/95/76 92/92/68 93/93/91 96/96/92 
f 96/96/92 93/93/91 91/91/18 94/94/17 
f 98/98/80 95/95/76 96/96/92 99/99/93 
f 99/99/93 96/96/92 94/94/17 97/97/54 
f 101/101/84 98/98/80 99/99/93 102/102/94 
f 102/102/94 99/99/93 97/97/54 100/100/58 
f 104/104/88 101/101/84 102/102/94 105/105/95 
f 105/105/95 102/102/94 100/100/58 103/103/62 
f 107/107/40 104/104/88 105/105/95 108/108/96 
f 108/108/96 105/105/95 103/103/62 106/106/42 
f 110/110/41 107/107/40 108/108/96 111/111/97 
f 111/111/97 108/108/96 106/106/42 109/109/35 
f 113/113/70 110/110/41 111/111/97 114/114/98 
f 114/114/98 111/111/97 109/109/35 112/112/34 
f 116/116/74 113/113/70 114/114/98 117/117/99 
f 117/117/99 114/114/98 112/112/34 115/115/46 
f 119/119/78 116/116/74 117/117/99 120/120/100 
f 120/120/100 117/117/99 115/115/46 118/118/52 
f 122/122/82 119/119/78 120/120/100 123/123/101 
f 123/123/101 120/120/100 118/118/52 121/121/56 
f 125/125/86 122/122/82 123/123/101 126/126/102 
f 126/126/102 123/123/101 121/121/56 124/124/60 
f 88/88/50 125/1560/86 126/1562/102 90/90/89 
f 90/90/89 126/1562/102 124/1558/60 89/89/71 
f 85/85/44 89/89/71 72/72/72 71/71/45 
f 66/66/33 65/65/33 143/143/33 153/153/33 
f 68/68/33 67/67/33 158/158/33 154/154/33 
f 82/1511/66 81/1510/66 167/167/66 146/146/66 
f 63/63/33 62/62/33 151/151/33 152/152/33 
f 64/64/33 63/63/33 152/152/33 161/161/33 
f 81/1510/66 80/1509/66 147/147/66 167/167/66 
f 60/60/33 59/59/33 145/145/33 150/150/33 
f 65/65/33 64/64/33 161/161/33 143/143/33 
f 80/1509/66 79/1503/66 162/162/66 147/147/66 
f 57/57/33 69/69/33 141/141/33 149/149/33 
f 61/61/33 60/60/33 150/150/33 148/148/33 
f 79/1503/66 78/1508/66 166/166/66 162/162/66 
f 62/62/33 61/61/33 148/148/33 151/151/33 
f 179/179/33 178/178/33 206/206/33 207/207/33 
f 67/67/103 68/68/104 135/135/104 140/140/103 
f 58/58/105 59/59/106 129/129/106 137/137/105 
f 69/69/107 57/57/108 128/128/108 127/127/107 
f 63/63/109 64/64/110 139/139/110 132/132/109 
f 70/70/111 69/69/107 127/127/107 136/136/111 
f 59/59/106 60/60/64 130/130/64 129/129/106 
f 62/62/112 63/63/109 132/132/109 131/131/112 
f 61/61/65 62/62/112 131/131/112 138/138/65 
f 66/66/113 67/67/103 140/140/103 134/134/113 
f 65/65/114 66/66/113 134/134/113 133/133/114 
f 57/57/108 58/58/105 137/137/105 128/128/108 
f 64/64/110 65/65/114 133/133/114 139/139/110 
f 68/68/104 70/70/111 136/136/111 135/135/104 
f 160/160/115 164/164/116 155/155/116 154/154/115 
f 167/167/117 147/147/118 148/148/118 150/150/117 
f 159/159/119 160/160/115 154/154/115 158/158/119 
f 146/146/120 167/167/117 150/150/117 145/145/120 
f 165/165/121 159/159/119 158/158/119 153/153/121 
f 157/157/122 146/146/120 145/145/120 156/156/122 
f 144/144/123 165/165/121 153/153/121 143/143/123 
f 168/168/124 157/157/122 156/156/122 149/149/124 
f 163/163/125 144/144/123 143/143/123 161/161/125 
f 142/142/126 168/168/124 149/149/124 141/141/126 
f 166/166/127 163/163/125 161/161/125 152/152/127 
f 162/162/128 166/166/127 152/152/127 151/151/128 
f 164/164/116 142/142/126 141/141/126 155/155/116 
f 147/147/118 162/162/128 151/151/128 148/148/118 
f 67/67/33 66/66/33 153/153/33 158/158/33 
f 84/1514/66 83/1513/66 157/157/66 168/168/66 
f 69/69/33 70/70/33 155/155/33 141/141/33 
f 70/70/33 68/68/33 154/154/33 155/155/33 
f 72/1505/66 84/1514/66 168/168/66 142/142/66 
f 71/1504/66 72/1505/66 142/142/66 164/164/66 
f 73/1501/66 71/1504/66 164/164/66 160/160/66 
f 74/1502/66 73/1501/66 160/160/66 159/159/66 
f 75/1506/66 74/1502/66 159/159/66 165/165/66 
f 76/1507/66 75/1506/66 165/165/66 144/144/66 
f 59/59/33 58/58/33 156/156/33 145/145/33 
f 77/1512/66 76/1507/66 144/144/66 163/163/66 
f 58/58/33 57/57/33 149/149/33 156/156/33 
f 78/1508/66 77/1512/66 163/163/66 166/166/66 
f 178/178/122 179/179/120 221/221/120 220/220/122 
f 140/1518/66 135/1520/66 186/186/66 185/185/66 
f 177/177/33 170/170/33 198/198/33 205/205/33 
f 136/1528/66 127/1526/66 184/184/66 183/183/66 
f 137/1527/66 129/1524/66 193/193/66 192/192/66 
f 176/176/33 175/175/33 203/203/33 204/204/33 
f 174/174/33 173/173/33 201/201/33 202/202/33 
f 172/172/33 171/171/33 199/199/33 200/200/33 
f 131/1523/66 132/1517/66 196/196/66 195/195/66 
f 170/170/33 169/169/33 197/197/33 198/198/33 
f 173/173/33 179/179/33 207/207/33 201/201/33 
f 129/1524/66 130/1515/66 187/187/66 193/193/66 
f 169/169/33 172/172/33 200/200/33 197/197/33 
f 128/1525/66 137/1527/66 192/192/66 191/191/66 
f 196/196/127 194/194/125 208/208/125 210/210/127 
f 183/183/116 184/184/126 198/198/126 197/197/116 
f 190/190/121 185/185/119 199/199/119 204/204/121 
f 188/188/118 195/195/128 209/209/128 202/202/118 
f 195/195/128 196/196/127 210/210/127 209/209/128 
f 185/185/119 186/186/115 200/200/115 199/199/119 
f 187/187/117 188/188/118 202/202/118 201/201/117 
f 186/186/115 183/183/116 197/197/116 200/200/115 
f 189/189/123 190/190/121 204/204/121 203/203/123 
f 184/184/126 191/191/124 205/205/124 198/198/126 
f 194/194/125 189/189/123 203/203/123 208/208/125 
f 193/193/120 187/187/117 201/201/117 207/207/120 
f 192/192/122 193/193/120 207/207/120 206/206/122 
f 191/191/124 192/192/122 206/206/122 205/205/124 
f 134/1519/66 140/1518/66 185/185/66 190/190/66 
f 130/1515/66 138/1516/66 188/188/66 187/187/66 
f 171/171/33 176/176/33 204/204/33 199/199/33 
f 133/1521/66 134/1519/66 190/190/66 189/189/66 
f 175/175/33 180/180/33 208/208/33 203/203/33 
f 132/1517/66 139/1522/66 194/194/66 196/196/66 
f 127/1526/66 128/1525/66 191/191/66 184/184/66 
f 178/178/33 177/177/33 205/205/33 206/206/33 
f 138/1516/66 131/1523/66 195/195/66 188/188/66 
f 182/182/33 181/181/33 209/209/33 210/210/33 
f 139/1522/66 133/1521/66 189/189/66 194/194/66 
f 180/180/33 182/182/33 210/210/33 208/208/33 
f 135/1520/66 136/1528/66 183/183/66 186/186/66 
f 181/181/33 174/174/33 202/202/33 209/209/33 
f 229/229/33 235/235/33 263/263/33 257/257/33 
f 179/179/120 173/173/117 215/215/117 221/221/120 
f 176/176/121 171/171/119 213/213/119 218/218/121 
f 180/180/125 175/175/123 217/217/123 222/222/125 
f 169/169/116 170/170/126 212/212/126 211/211/116 
f 177/177/124 178/178/122 220/220/122 219/219/124 
f 171/171/119 172/172/115 214/214/115 213/213/119 
f 181/181/128 182/182/127 224/224/127 223/223/128 
f 173/173/117 174/174/118 216/216/118 215/215/117 
f 182/182/127 180/180/125 222/222/125 224/224/127 
f 175/175/123 176/176/121 218/218/121 217/217/123 
f 174/174/118 181/181/128 223/223/128 216/216/118 
f 170/170/126 177/177/124 219/219/124 212/212/126 
f 172/172/115 169/169/116 211/211/116 214/214/115 
f 287/287/129 283/283/130 310/310/131 296/296/132 
f 211/1537/66 212/1538/66 240/240/66 239/239/66 
f 225/225/33 228/228/33 256/256/33 253/253/33 
f 221/1542/66 215/1541/66 243/243/66 249/249/66 
f 237/237/33 230/230/33 258/258/33 265/265/33 
f 214/1532/66 211/1537/66 239/239/66 242/242/66 
f 236/236/33 238/238/33 266/266/33 264/264/33 
f 216/1531/66 223/1529/66 251/251/66 244/244/66 
f 238/1547/33 237/237/33 265/265/33 266/1543/33 
f 224/1530/66 222/1533/66 250/250/66 252/252/66 
f 234/234/33 233/233/33 261/261/33 262/262/33 
f 223/1529/66 224/1552/66 252/1546/66 251/251/66 
f 231/231/33 236/236/33 264/264/33 259/259/33 
f 219/1539/66 220/1540/66 248/248/66 247/247/66 
f 252/252/127 250/250/125 264/264/125 266/266/127 
f 245/245/123 246/246/121 260/260/121 259/259/123 
f 244/244/118 251/251/128 265/265/128 258/258/118 
f 240/240/126 247/247/124 261/261/124 254/254/126 
f 242/242/115 239/239/116 253/253/116 256/256/115 
f 248/248/122 249/249/120 263/263/120 262/262/122 
f 249/249/120 243/243/117 257/257/117 263/263/120 
f 246/246/121 241/241/119 255/255/119 260/260/121 
f 250/250/125 245/245/123 259/259/123 264/264/125 
f 239/239/116 240/240/126 254/254/126 253/253/116 
f 247/247/124 248/248/122 262/262/122 261/261/124 
f 241/241/119 242/242/115 256/256/115 255/255/119 
f 251/251/128 252/1546/127 266/1543/127 265/265/128 
f 243/243/117 244/244/118 258/258/118 257/257/117 
f 213/1536/66 214/1532/66 242/242/66 241/241/66 
f 226/226/33 225/225/33 253/253/33 254/254/33 
f 215/1541/66 216/1531/66 244/244/66 243/243/66 
f 228/228/33 227/227/33 255/255/33 256/256/33 
f 217/1534/66 218/1535/66 246/246/66 245/245/66 
f 230/230/33 229/229/33 257/257/33 258/258/33 
f 212/1538/66 219/1539/66 247/247/66 240/240/66 
f 232/232/33 231/231/33 259/259/33 260/260/33 
f 220/1540/66 221/1542/66 249/249/66 248/248/66 
f 233/233/33 226/226/33 254/254/33 261/261/33 
f 218/1535/66 213/1536/66 241/241/66 246/246/66 
f 235/235/33 234/234/33 262/262/33 263/263/33 
f 222/1533/66 217/1534/66 245/245/66 250/250/66 
f 227/227/33 232/232/33 260/260/33 255/255/33 
f 279/279/133 280/280/134 350/350/135 349/349/136 
f 282/282/137 288/288/138 302/302/139 304/304/140 
f 289/289/141 290/290/142 314/314/143 308/308/144 
f 283/283/130 289/289/141 308/308/144 310/310/131 
f 284/284/145 291/291/146 317/317/147 319/319/148 
f 285/285/149 292/292/150 323/323/151 325/325/152 
f 288/288/138 281/281/153 298/298/154 302/302/139 
f 281/281/153 287/287/129 296/296/132 298/298/154 
f 291/291/146 282/282/137 304/304/140 317/317/147 
f 286/286/155 293/293/156 329/329/157 331/331/158 
f 290/290/142 294/294/159 335/335/160 314/314/143 
f 293/1545/156 285/285/149 325/325/152 329/1548/157 
f 292/292/150 284/284/145 319/319/148 323/323/151 
f 294/294/159 286/286/155 331/331/158 335/335/160 
f 326/326/161 322/322/162 273/273/163 278/278/164 
f 332/332/165 328/328/166 280/280/134 279/279/133 
f 320/320/167 316/316/168 269/269/169 274/274/170 
f 334/334/171 332/332/165 279/279/133 272/272/172 
f 307/307/173 313/313/174 271/271/175 277/277/176 
f 301/301/177 299/299/178 268/268/179 267/267/180 
f 305/305/181 301/301/177 267/267/180 270/270/182 
f 328/1550/166 326/326/161 278/278/164 280/1549/134 
f 322/322/162 320/320/167 274/274/170 273/273/163 
f 313/313/174 334/334/171 272/272/172 271/271/175 
f 311/311/183 307/307/173 277/277/176 276/276/184 
f 316/316/168 305/305/181 270/270/182 269/269/169 
f 299/299/178 295/295/185 275/275/186 268/268/179 
f 226/226/187 233/233/188 287/287/129 281/281/153 
f 228/228/189 225/225/190 288/288/138 282/282/137 
f 234/234/191 235/235/192 289/289/141 283/283/130 
f 235/235/192 229/229/193 290/290/142 289/289/141 
f 232/232/194 227/227/195 291/291/146 284/284/145 
f 236/236/196 231/231/197 292/292/150 285/285/149 
f 225/225/190 226/226/187 281/281/153 288/288/138 
f 233/233/188 234/234/191 283/283/130 287/287/129 
f 227/227/195 228/228/189 282/282/137 291/291/146 
f 237/237/198 238/1547/199 293/293/156 286/286/155 
f 229/229/193 230/230/200 294/294/159 290/290/142 
f 238/238/199 236/236/196 285/285/149 293/1545/156 
f 231/231/197 232/232/194 284/284/145 292/292/150 
f 230/230/200 237/237/198 286/286/155 294/294/159 
f 332/332/165 334/334/171 336/336/201 333/333/202 
f 333/333/202 336/336/201 335/335/160 331/331/158 
f 320/320/167 322/322/162 324/324/203 321/321/204 
f 321/321/204 324/324/203 323/323/151 319/319/148 
f 326/326/161 328/1550/166 330/330/205 327/327/206 
f 327/327/206 330/330/205 329/1548/157 325/325/152 
f 334/334/171 313/313/174 315/315/207 336/336/201 
f 336/336/201 315/315/207 314/314/143 335/335/160 
f 328/328/166 332/332/165 333/333/202 330/1544/205 
f 330/1544/205 333/333/202 331/331/158 329/329/157 
f 305/305/181 316/316/168 318/318/208 306/306/209 
f 306/306/209 318/318/208 317/317/147 304/304/140 
f 311/311/183 295/295/185 297/297/210 312/312/211 
f 312/312/211 297/297/210 296/296/132 310/310/131 
f 299/299/178 301/301/177 303/303/212 300/300/213 
f 300/300/213 303/303/212 302/302/139 298/298/154 
f 322/322/162 326/326/161 327/327/206 324/324/203 
f 324/324/203 327/327/206 325/325/152 323/323/151 
f 316/316/168 320/320/167 321/321/204 318/318/208 
f 318/318/208 321/321/204 319/319/148 317/317/147 
f 313/313/174 307/307/173 309/309/214 315/315/207 
f 315/315/207 309/309/214 308/308/144 314/314/143 
f 307/307/173 311/311/183 312/312/211 309/309/214 
f 309/309/214 312/312/211 310/310/131 308/308/144 
f 301/301/177 305/305/181 306/306/209 303/303/212 
f 303/303/212 306/306/209 304/304/140 302/302/139 
f 295/295/185 299/299/178 300/300/213 297/297/210 
f 297/297/210 300/300/213 298/298/154 296/296/132 
f 295/295/185 311/311/183 276/276/184 275/275/186 
f 271/271/175 272/272/172 342/342/215 341/341/216 
f 280/1549/134 278/278/164 348/348/217 350/1551/135 
f 273/273/163 274/274/170 344/344/218 343/343/219 
f 272/272/172 279/279/133 349/349/136 342/342/215 
f 268/268/179 275/275/186 345/345/220 338/338/221 
f 270/270/182 267/267/180 337/337/222 340/340/223 
f 276/276/184 277/277/176 347/347/224 346/346/225 
f 277/277/176 271/271/175 341/341/216 347/347/224 
f 274/274/170 269/269/169 339/339/226 344/344/218 
f 278/278/164 273/273/163 343/343/219 348/348/217 
f 267/267/180 268/268/179 338/338/221 337/337/222 
f 275/275/186 276/276/184 346/346/225 345/345/220 
f 269/269/169 270/270/182 340/340/223 339/339/226 
o Cylinder:089
s 1
f 526/526/227 528/528/228 599/599/229 597/597/230 
f 471/471/231 472/472/231 569/1207/231 570/570/231 
f 417/417/232 396/396/233 588/588/234 673/673/235 
f 404/404/236 402/402/237 643/643/238 646/646/239 
f 527/527/240 526/526/227 597/597/230 596/596/241 
f 503/503/242 519/519/242 434/434/242 424/424/242 
f 504/504/243 418/418/244 678/678/245 581/1176/243 
f 442/442/246 447/447/247 614/614/248 681/681/246 
f 362/362/249 522/522/249 691/691/249 692/1142/249 
f 493/493/250 498/498/251 674/674/252 587/587/253 
f 382/382/254 356/356/255 682/1108/255 613/613/256 
f 489/489/257 487/487/257 567/567/257 568/568/257 
f 501/501/258 505/505/259 582/582/259 677/677/260 
f 381/381/261 383/383/262 616/616/263 618/618/264 
f 418/418/244 419/419/265 676/676/266 678/678/245 
f 383/383/262 382/382/254 613/613/256 616/616/263 
f 419/419/265 417/417/232 673/673/235 676/676/266 
f 446/446/267 448/448/268 617/617/269 615/615/270 
f 497/497/271 501/501/258 677/677/260 675/675/272 
f 447/447/247 446/446/267 615/615/270 614/614/248 
f 544/544/273 545/545/274 656/656/275 605/605/276 
f 498/498/251 497/497/271 675/675/272 674/674/252 
f 356/356/277 442/442/277 681/681/277 682/1108/277 
f 547/547/278 553/553/279 576/576/279 659/659/280 
f 490/490/281 491/491/282 584/584/283 687/687/281 
f 408/408/284 445/445/285 606/606/286 655/655/287 
f 397/397/288 366/366/289 688/1163/289 583/583/290 
f 551/551/291 454/454/292 660/660/293 575/1128/291 
f 492/492/294 493/493/250 587/587/253 585/585/295 
f 546/546/296 547/547/278 659/659/280 657/657/297 
f 396/396/233 398/398/298 586/586/299 588/588/234 
f 545/545/274 546/546/296 657/657/297 656/656/275 
f 491/491/282 492/492/294 585/585/295 584/584/283 
f 464/464/300 484/484/301 638/638/302 623/623/303 
f 454/454/292 453/453/304 658/658/305 660/660/293 
f 398/398/298 397/397/288 583/583/290 586/586/299 
f 399/399/306 378/378/307 624/624/308 637/637/309 
f 453/453/304 408/408/284 655/655/287 658/658/305 
f 366/366/310 490/490/310 687/687/310 688/1163/310 
f 467/467/311 471/471/312 570/570/312 641/641/313 
f 538/538/314 543/543/315 602/602/316 693/1125/314 
f 472/472/317 400/400/318 642/642/319 569/1207/317 
f 444/444/320 441/441/321 694/694/321 601/601/322 
f 466/466/323 467/467/311 641/641/313 639/639/324 
f 445/445/285 443/443/325 604/604/326 606/606/286 
f 484/484/301 466/466/323 639/639/324 638/638/302 
f 443/443/325 444/444/320 601/601/322 604/604/326 
f 400/400/318 401/401/327 640/640/328 642/642/319 
f 542/542/329 544/544/273 605/605/276 603/603/330 
f 511/511/331 516/516/332 668/668/333 593/593/334 
f 401/401/327 399/399/306 637/637/309 640/640/328 
f 543/543/315 542/542/329 603/603/330 602/602/316 
f 518/518/335 521/521/336 580/1158/336 671/671/337 
f 458/458/338 463/463/339 620/620/340 683/683/338 
f 441/441/341 538/538/341 693/1125/341 694/694/341 
f 414/414/342 393/393/343 594/594/344 667/667/345 
f 379/379/346 354/354/347 684/684/347 619/619/348 
f 455/455/242 473/473/242 425/425/242 426/426/242 
f 552/552/242 554/554/242 427/427/242 429/429/242 
f 369/369/349 368/368/349 438/438/349 430/430/349 
f 370/370/349 369/369/349 430/430/349 435/435/349 
f 519/519/242 535/535/242 431/431/242 434/434/242 
f 473/473/242 488/488/242 423/423/242 425/425/242 
f 372/372/349 371/371/349 437/437/349 436/436/349 
f 426/426/314 425/425/314 436/436/314 437/437/314 
f 431/431/281 429/429/281 430/430/281 438/438/281 
f 423/423/246 424/424/246 432/432/246 428/428/246 
f 427/427/347 426/426/347 437/437/347 435/435/347 
f 434/434/321 431/431/321 438/438/321 433/433/321 
f 425/425/289 423/423/289 428/428/289 436/436/289 
f 429/429/255 427/427/255 435/435/255 430/430/255 
f 424/424/338 434/434/338 433/433/338 432/432/338 
f 373/373/349 374/374/349 428/428/349 432/432/349 
f 368/368/349 367/367/349 433/433/349 438/438/349 
f 374/374/349 372/372/349 436/436/349 428/428/349 
f 488/488/242 503/503/242 424/424/242 423/423/242 
f 535/535/242 552/552/242 429/429/242 431/431/242 
f 371/371/349 370/370/349 435/435/349 437/437/349 
f 367/367/349 373/373/349 432/432/349 433/433/349 
f 554/554/242 455/455/242 426/426/242 427/427/242 
f 440/440/350 439/439/351 359/359/352 357/1655/353 
f 360/360/354 358/358/355 455/1070/355 554/1643/354 
f 389/389/356 388/388/357 559/559/358 558/558/359 
f 387/387/360 389/389/356 558/558/359 560/560/360 
f 385/385/361 386/386/362 459/459/363 460/460/364 
f 386/386/362 384/384/365 461/461/366 459/459/363 
f 358/358/355 385/385/361 460/460/364 455/1070/355 
f 388/388/357 360/360/354 554/1643/354 559/559/358 
f 405/405/367 407/407/368 469/469/369 468/468/370 
f 407/407/368 406/406/371 470/470/372 469/469/369 
f 410/410/373 452/452/374 561/561/375 562/562/376 
f 409/409/377 410/410/373 562/562/376 563/563/378 
f 406/406/371 440/440/350 357/1655/353 470/470/372 
f 384/384/365 405/405/367 468/468/370 461/461/366 
f 439/439/351 409/409/377 563/563/378 359/359/352 
f 452/452/374 387/387/360 560/560/360 561/561/375 
f 456/456/379 457/457/380 357/357/353 355/1662/381 
f 442/1403/382 356/1395/383 473/1068/383 455/1654/382 
f 446/1401/384 447/1399/385 460/1652/386 459/1653/387 
f 448/1404/388 446/1401/384 459/1653/387 461/1657/389 
f 382/1402/390 383/1400/391 475/475/392 476/476/393 
f 383/1400/391 381/1398/394 477/477/394 475/475/392 
f 356/1395/383 382/1402/390 476/476/393 473/1068/383 
f 447/1399/385 442/1403/382 455/1654/382 460/1652/386 
f 402/1397/395 404/1396/396 485/485/397 465/465/398 
f 404/1396/396 403/403/399 486/486/400 485/485/397 
f 450/450/401 449/449/402 468/1651/370 469/1656/369 
f 451/451/403 450/450/401 469/1656/369 470/1658/372 
f 403/403/399 456/456/379 355/1662/381 486/486/400 
f 381/1398/394 402/1397/395 465/465/398 477/477/394 
f 457/457/380 451/451/403 470/1658/372 357/357/353 
f 449/449/402 448/1404/388 461/1657/389 468/1651/370 
f 472/1382/404 471/1379/405 355/355/381 353/1674/406 
f 458/1383/407 354/1387/408 488/1072/408 473/1661/407 
f 462/462/409 463/1378/410 476/1659/411 475/1663/412 
f 464/1381/413 462/462/409 475/1663/412 477/1665/413 
f 379/1388/414 380/380/415 494/494/416 495/495/417 
f 380/380/415 378/1390/418 496/496/418 494/494/416 
f 354/1387/408 379/1388/414 495/495/417 488/1072/408 
f 463/1378/410 458/1383/407 473/1661/407 476/1659/411 
f 399/1377/419 401/1391/420 500/500/421 499/499/422 
f 401/1391/420 400/1380/423 502/502/424 500/500/421 
f 466/1384/425 484/1386/426 465/1660/398 485/1664/397 
f 467/1385/427 466/1384/425 485/1664/397 486/1666/400 
f 400/1380/423 472/1382/404 353/1674/406 502/502/424 
f 471/1379/405 467/1385/427 486/1666/400 355/355/381 
f 378/1390/418 399/1377/419 499/499/422 496/496/418 
f 484/1386/426 464/1381/413 477/1665/413 465/1660/398 
f 487/1364/428 489/1362/429 353/353/406 351/1675/430 
f 474/474/431 352/352/432 503/1071/432 488/1668/431 
f 375/375/433 377/377/434 510/510/435 509/509/436 
f 377/377/434 376/376/437 512/512/437 510/510/435 
f 478/478/438 479/479/439 495/1667/440 494/1670/441 
f 480/480/442 478/478/438 494/1670/441 496/1671/442 
f 352/352/432 375/375/433 509/509/436 503/1071/432 
f 479/479/439 474/474/431 488/1668/431 495/1667/440 
f 421/421/443 422/422/444 513/513/445 514/514/446 
f 482/482/447 481/481/448 499/1672/422 500/1673/421 
f 422/422/444 420/420/449 515/515/450 513/513/445 
f 483/483/451 482/482/447 500/1673/421 502/1669/424 
f 489/1362/429 483/483/451 502/1669/424 353/353/406 
f 481/481/448 480/480/442 496/1671/442 499/1672/422 
f 420/420/449 487/1364/428 351/1675/430 515/515/450 
f 376/376/437 421/421/443 514/514/446 512/512/437 
f 504/1463/452 505/1472/453 351/351/430 365/1625/454 
f 490/1465/455 366/1459/456 519/1066/456 503/1678/455 
f 397/1464/457 398/1460/458 523/523/459 524/524/460 
f 492/1467/461 491/1466/462 509/1682/463 510/1681/464 
f 398/1460/458 396/1458/465 525/525/465 523/523/459 
f 493/1468/466 492/1467/461 510/1681/464 512/1676/466 
f 366/1459/456 397/1464/457 524/524/460 519/1066/456 
f 491/1466/462 490/1465/455 503/1678/455 509/1682/463 
f 497/1470/467 498/1469/468 514/1680/446 513/1679/445 
f 501/1471/469 497/1470/467 513/1679/445 515/1677/450 
f 417/1457/470 419/1461/471 533/533/472 532/532/473 
f 419/1461/471 418/1462/474 534/534/475 533/533/472 
f 505/1472/453 501/1471/469 515/1677/450 351/351/430 
f 498/1469/468 493/1468/466 512/1676/466 514/1680/446 
f 418/1462/474 504/1463/452 365/1625/454 534/534/475 
f 396/1458/465 417/1457/470 532/532/473 525/525/465 
f 520/520/476 521/1219/477 365/365/454 363/1627/478 
f 506/506/479 364/364/480 535/1065/480 519/1620/479 
f 507/507/481 508/508/482 524/1621/483 523/1622/484 
f 511/1216/485 507/507/481 523/1622/484 525/1624/485 
f 394/394/486 395/395/487 539/539/488 540/540/489 
f 395/395/487 393/1224/490 541/541/490 539/539/488 
f 508/508/482 506/506/479 519/1620/479 524/1621/483 
f 364/364/480 394/394/486 540/540/489 535/1065/480 
f 414/1223/491 416/416/492 549/549/493 548/548/494 
f 416/416/492 415/415/495 550/550/496 549/549/493 
f 517/517/497 516/1215/498 532/1619/473 533/1623/472 
f 518/1218/499 517/517/497 533/1623/472 534/1626/475 
f 415/415/495 520/520/476 363/1627/478 550/550/496 
f 393/1224/490 414/1223/491 548/548/494 541/541/490 
f 521/1219/477 518/1218/499 534/1626/475 365/365/454 
f 516/1215/498 511/1216/485 525/1624/485 532/1619/473 
f 536/536/500 537/537/501 363/363/478 361/1642/502 
f 522/1446/503 362/1448/504 552/1067/504 535/1634/503 
f 526/1441/505 527/1444/506 540/1631/507 539/1633/508 
f 528/1443/509 526/1441/505 539/1633/508 541/1629/509 
f 391/391/510 392/392/511 555/555/512 556/556/513 
f 392/392/511 390/390/514 557/557/514 555/555/512 
f 362/1448/504 391/391/510 556/556/513 552/1067/504 
f 527/1444/506 522/1446/503 535/1634/503 540/1631/507 
f 411/411/515 413/413/516 565/565/517 564/564/518 
f 413/413/516 412/412/519 566/566/520 565/565/517 
f 530/530/521 529/529/522 548/1632/494 549/1630/493 
f 531/531/523 530/530/521 549/1630/493 550/1628/496 
f 412/412/519 536/536/500 361/1642/502 566/566/520 
f 390/390/514 411/411/515 564/564/518 557/557/514 
f 537/537/501 531/531/523 550/1628/496 363/363/478 
f 529/529/522 528/1443/509 541/1629/509 548/1632/494 
f 551/1433/524 553/1434/525 361/361/502 359/1645/352 
f 538/1425/526 441/1426/527 554/1069/527 552/1639/526 
f 542/1439/528 543/1440/529 556/1636/530 555/1640/531 
f 544/1438/532 542/1439/528 555/1640/531 557/1638/532 
f 444/1427/533 443/1430/534 558/1649/535 559/1650/536 
f 443/1430/534 445/1429/537 560/1648/537 558/1649/535 
f 441/1426/527 444/1427/533 559/1650/536 554/1069/527 
f 543/1440/529 538/1425/526 552/1639/526 556/1636/530 
f 408/1431/538 453/1428/539 562/1646/376 561/1647/375 
f 453/1428/539 454/1432/540 563/1644/378 562/1646/376 
f 546/1436/541 545/1437/542 564/1635/518 565/1637/517 
f 547/1435/543 546/1436/541 565/1637/517 566/1641/520 
f 454/1432/540 551/1433/524 359/1645/352 563/1644/378 
f 445/1429/537 408/1431/538 561/1647/375 560/1648/537 
f 553/1434/525 547/1435/543 566/1641/520 361/361/502 
f 545/1437/542 544/1438/532 557/1638/532 564/1635/518 
f 567/1185/544 636/636/545 635/635/545 568/1183/544 
f 573/573/546 654/654/547 653/653/547 574/1093/546 
f 575/575/548 660/1119/549 659/1117/549 576/1127/548 
f 577/577/550 666/666/551 665/665/551 578/1143/550 
f 579/1151/552 672/672/553 671/1156/553 580/580/552 
f 581/581/554 678/1167/555 677/1174/555 582/1175/554 
f 571/571/556 648/648/557 647/647/557 572/1111/556 
f 619/1194/558 684/1199/559 683/1205/559 620/1204/558 
f 589/589/560 690/690/561 689/1154/561 590/590/560 
f 595/595/562 692/692/563 691/1135/563 596/1134/562 
f 601/1124/564 694/1126/565 693/693/565 602/1118/564 
f 607/607/566 680/1095/567 679/679/567 608/608/566 
f 613/1110/568 682/682/569 681/1101/569 614/1103/568 
f 625/625/570 686/1191/571 685/685/571 626/626/570 
f 631/631/572 630/630/573 629/629/573 632/632/572 
f 637/1197/574 624/1196/575 623/1200/575 638/1202/574 
f 643/1104/576 618/1109/577 617/1102/577 644/644/576 
f 649/649/578 612/612/579 611/611/579 650/650/578 
f 655/1122/580 606/1121/581 605/1114/581 656/1113/580 
f 661/661/582 600/600/583 599/1130/583 662/662/582 
f 667/1150/584 594/1146/585 593/1153/585 668/1159/584 
f 673/1166/586 588/1165/587 587/1169/587 674/1173/586 
f 583/1161/588 584/1171/588 585/1170/589 586/1162/589 
f 586/1162/589 585/1170/589 587/1169/587 588/1165/587 
f 589/589/560 590/590/560 591/591/590 592/592/590 
f 592/592/590 591/591/590 593/1153/585 594/1146/585 
f 595/595/562 596/1134/562 597/1131/591 598/598/591 
f 598/598/591 597/1131/591 599/1130/583 600/600/583 
f 601/1124/564 602/1118/564 603/1116/592 604/1120/592 
f 604/1120/592 603/1116/592 605/1114/581 606/1121/581 
f 607/607/566 608/608/566 609/609/593 610/610/593 
f 610/610/593 609/609/593 611/611/579 612/612/579 
f 613/1110/568 614/1103/568 615/1098/594 616/1105/594 
f 616/1105/594 615/1098/594 617/1102/577 618/1109/577 
f 619/1194/558 620/1204/558 621/621/595 622/622/595 
f 622/622/595 621/621/595 623/1200/575 624/1196/575 
f 625/625/570 626/626/570 627/627/596 628/628/596 
f 628/628/596 627/627/596 629/629/573 630/630/573 
f 583/1161/588 688/688/597 687/1172/597 584/1171/588 
f 631/631/572 632/632/572 633/633/598 634/634/598 
f 634/634/598 633/633/598 635/635/545 636/636/545 
f 637/1197/574 638/1202/574 639/1201/599 640/1195/599 
f 640/1195/599 639/1201/599 641/1206/600 642/1198/600 
f 643/1104/576 644/644/576 645/645/601 646/1107/601 
f 646/1107/601 645/645/601 647/647/557 648/648/557 
f 649/649/578 650/650/578 651/651/602 652/652/602 
f 652/652/602 651/651/602 653/653/547 654/654/547 
f 655/1122/580 656/1113/580 657/1115/603 658/1123/603 
f 658/1123/603 657/1115/603 659/1117/549 660/1119/549 
f 661/661/582 662/662/582 663/663/604 664/664/604 
f 664/664/604 663/663/604 665/665/551 666/666/551 
f 667/1150/584 668/1159/584 669/669/605 670/670/605 
f 670/670/605 669/669/605 671/1156/553 672/672/553 
f 673/1166/586 674/1173/586 675/1168/606 676/1164/606 
f 676/1164/606 675/1168/606 677/1174/555 678/1167/555 
f 569/569/607 642/1198/600 641/1206/600 570/1208/607 
f 403/1393/608 404/404/236 646/646/239 648/1106/609 
f 392/1455/610 391/1456/611 595/1141/612 598/1140/613 
f 449/1405/614 450/1406/615 645/1097/616 644/1100/617 
f 390/1454/618 392/1455/610 598/1140/613 600/1137/619 
f 450/1406/615 451/1407/620 647/1099/621 645/1097/616 
f 457/1408/622 456/1394/622 571/1112/622 572/572/622 
f 391/1456/611 362/362/338 692/1142/338 595/1141/612 
f 456/1394/623 403/1393/608 648/1106/609 571/1112/623 
f 522/522/347 527/527/240 596/596/241 691/691/347 
f 402/402/237 381/381/261 618/618/264 643/643/238 
f 352/1370/624 474/1371/624 685/1192/624 686/686/624 
f 413/1452/625 411/1453/626 661/1139/627 664/1138/628 
f 451/1407/620 457/1408/629 572/572/629 647/1099/621 
f 439/1417/630 440/1413/630 573/1094/630 574/574/630 
f 377/1361/631 375/1363/632 625/1190/633 628/1187/634 
f 412/1451/635 413/1452/625 664/1138/628 666/1136/636 
f 448/448/268 449/1405/614 644/1100/617 617/617/269 
f 376/1368/637 377/1361/631 628/1187/634 630/1189/638 
f 529/1447/639 530/1445/640 663/1129/641 662/1133/642 
f 479/1372/643 478/1373/644 627/1180/645 626/1181/646 
f 530/1445/640 531/1450/647 665/1132/648 663/1129/641 
f 553/553/649 551/551/649 575/1128/649 576/576/649 
f 478/1373/644 480/1369/650 629/1177/651 627/1180/645 
f 536/1442/652 412/1451/635 666/1136/636 577/1144/652 
f 375/1363/632 352/1370/314 686/686/314 625/1190/633 
f 411/1453/626 390/1454/618 600/1137/619 661/1139/627 
f 474/1371/321 479/1372/643 626/1181/646 685/1192/321 
f 531/1450/647 537/1449/653 578/578/653 665/1132/648 
f 358/1410/654 360/1424/654 679/1096/654 680/680/654 
f 422/1366/655 421/1367/656 631/1186/657 634/1184/658 
f 537/1449/659 536/1442/659 577/1144/659 578/578/659 
f 528/528/228 529/1447/639 662/1133/642 599/599/229 
f 388/1420/660 389/1422/661 609/1088/662 608/1087/663 
f 481/1374/664 482/1375/665 633/1182/666 632/1178/667 
f 389/1422/661 387/1423/668 611/1090/669 609/1088/662 
f 420/1365/670 422/1366/655 634/1184/658 636/1188/671 
f 386/1412/672 385/1411/673 607/1085/674 610/1086/675 
f 482/1375/665 483/1376/676 635/1179/677 633/1182/666 
f 521/521/678 520/1220/678 579/579/678 580/1158/678 
f 384/1414/679 386/1412/672 610/1086/675 612/1082/680 
f 483/1376/676 489/489/681 568/568/681 635/1179/677 
f 385/1411/673 358/1410/281 680/680/281 607/1085/674 
f 480/1369/650 481/1374/664 632/1178/667 629/1177/651 
f 364/1214/682 506/1209/682 689/689/682 690/1147/682 
f 360/1424/289 388/1420/660 608/1087/663 679/1096/289 
f 505/505/683 504/504/683 581/1176/683 582/582/683 
f 487/487/684 420/1365/670 636/1188/671 567/567/684 
f 508/1213/685 507/1211/686 591/1157/687 590/1155/688 
f 407/1416/689 405/1415/690 649/1084/691 652/1083/692 
f 421/1367/656 376/1368/637 630/1189/638 631/1186/657 
f 507/1211/686 511/511/331 593/593/334 591/1157/687 
f 406/1409/693 407/1416/689 652/1083/692 654/1081/694 
f 395/1212/695 394/1210/696 589/1145/697 592/1149/698 
f 452/1421/699 410/1419/700 651/1089/701 650/1091/702 
f 393/393/343 395/1212/695 592/1149/698 594/594/344 
f 410/1419/700 409/1418/703 653/1092/704 651/1089/701 
f 506/1209/255 508/1213/685 590/1155/688 689/689/255 
f 440/1413/705 406/1409/693 654/1081/694 573/1094/705 
f 394/1210/696 364/1214/246 690/1147/246 589/1145/697 
f 405/1415/690 384/1414/679 612/1082/680 649/1084/691 
f 354/354/706 458/458/706 683/683/706 684/684/706 
f 416/1222/707 414/414/342 667/667/345 670/1152/708 
f 409/1418/703 439/1417/709 574/574/709 653/1092/704 
f 463/463/339 462/1392/710 621/1203/711 620/620/340 
f 415/1221/712 416/1222/707 670/1152/708 672/1148/713 
f 387/1423/668 452/1421/699 650/1091/702 611/1090/669 
f 462/1392/710 464/464/300 623/623/303 621/1203/711 
f 516/516/332 517/1217/714 669/1160/715 668/668/333 
f 380/1389/716 379/379/346 619/619/348 622/1193/717 
f 517/1217/714 518/518/335 671/671/337 669/1160/715 
f 378/378/307 380/1389/716 622/1193/717 624/624/308 
f 520/1220/718 415/1221/712 672/1148/713 579/579/718 
f 870/870/719 941/941/720 943/943/721 872/872/722 
f 815/815/723 914/914/723 913/913/723 816/816/723 
f 761/761/724 1017/1017/725 932/932/726 740/740/727 
f 748/748/728 990/990/729 987/987/730 746/746/731 
f 871/871/732 940/940/733 941/941/720 870/870/719 
f 847/847/734 768/768/734 778/778/735 863/863/735 
f 848/848/736 925/925/736 1022/1022/737 762/762/738 
f 786/786/739 1025/1025/739 958/958/740 791/791/741 
f 706/706/742 1036/1036/742 1035/1035/742 866/866/742 
f 837/837/743 931/931/744 1018/1018/745 842/842/746 
f 726/726/747 957/957/748 1026/1026/749 700/700/749 
f 833/833/750 912/912/750 911/911/750 831/831/750 
f 845/845/751 1021/1021/752 926/926/753 849/849/753 
f 725/725/754 962/962/755 960/960/756 727/727/757 
f 762/762/738 1022/1022/737 1020/1020/758 763/763/759 
f 727/727/757 960/960/756 957/957/748 726/726/747 
f 763/763/759 1020/1020/758 1017/1017/725 761/761/724 
f 790/790/760 959/959/761 961/961/762 792/792/763 
f 841/841/764 1019/1019/765 1021/1021/752 845/845/751 
f 791/791/741 958/958/740 959/959/761 790/790/760 
f 888/888/766 949/949/767 1000/1000/768 889/889/769 
f 842/842/746 1018/1018/745 1019/1019/765 841/841/764 
f 700/700/770 1026/1026/770 1025/1025/770 786/786/770 
f 891/891/771 1003/1003/772 920/920/773 897/897/773 
f 834/834/774 1031/1031/774 928/928/775 835/835/776 
f 752/752/777 999/999/778 950/950/779 789/789/780 
f 741/741/781 927/927/782 1032/1032/783 710/710/783 
f 895/895/784 919/919/784 1004/1004/785 798/798/786 
f 836/836/787 929/929/788 931/931/744 837/837/743 
f 890/890/789 1001/1001/790 1003/1003/772 891/891/771 
f 740/740/727 932/932/726 930/930/791 742/742/792 
f 889/889/769 1000/1000/768 1001/1001/790 890/890/789 
f 835/835/776 928/928/775 929/929/788 836/836/787 
f 808/808/793 967/967/794 982/982/795 828/828/796 
f 798/798/786 1004/1004/785 1002/1002/797 797/797/798 
f 742/742/792 930/930/791 927/927/782 741/741/781 
f 743/743/799 981/981/800 968/968/801 722/722/802 
f 797/797/798 1002/1002/797 999/999/778 752/752/777 
f 710/710/803 1032/1032/803 1031/1031/803 834/834/803 
f 811/811/804 985/985/805 914/914/806 815/815/806 
f 882/882/807 1037/1037/807 946/946/808 887/887/809 
f 816/816/810 913/913/810 986/986/811 744/744/812 
f 788/788/813 945/945/814 1038/1038/815 785/785/815 
f 810/810/816 983/983/817 985/985/805 811/811/804 
f 789/789/780 950/950/779 948/948/818 787/787/819 
f 828/828/796 982/982/795 983/983/817 810/810/816 
f 787/787/819 948/948/818 945/945/814 788/788/813 
f 744/744/812 986/986/811 984/984/820 745/745/821 
f 886/886/822 947/947/823 949/949/767 888/888/766 
f 855/855/824 937/937/825 1012/1012/826 860/860/827 
f 745/745/821 984/984/820 981/981/800 743/743/799 
f 887/887/809 946/946/808 947/947/823 886/886/822 
f 862/862/828 1015/1015/829 924/924/830 865/865/830 
f 802/802/831 1027/1027/831 964/964/832 807/807/833 
f 785/785/834 1038/1038/834 1037/1037/834 882/882/834 
f 758/758/835 1011/1011/836 938/938/837 737/737/838 
f 723/723/839 963/963/840 1028/1028/841 698/698/841 
f 799/799/842 770/770/842 769/769/843 817/817/843 
f 896/896/844 773/773/844 771/771/845 898/898/845 
f 713/713/846 774/774/846 782/782/847 712/712/847 
f 714/714/848 779/779/848 774/774/846 713/713/846 
f 863/863/735 778/778/735 775/775/849 879/879/849 
f 817/817/843 769/769/843 767/767/850 832/832/850 
f 716/716/851 780/780/851 781/781/852 715/715/852 
f 770/1226/321 781/1074/321 780/1076/321 769/1229/321 
f 775/1231/289 782/1080/289 774/1079/289 773/1232/289 
f 767/1230/255 772/772/255 776/776/255 768/1228/255 
f 771/1227/338 779/1073/338 781/1074/338 770/1226/338 
f 778/1225/314 777/777/314 782/1080/314 775/1231/314 
f 769/1229/281 780/1076/281 772/772/281 767/1230/281 
f 773/1232/246 774/1079/246 779/1073/246 771/1227/246 
f 768/1228/347 776/776/347 777/777/347 778/1225/347 
f 717/717/853 776/1077/853 772/1075/854 718/718/854 
f 712/712/847 782/782/847 777/1078/855 711/711/855 
f 718/718/854 772/1075/854 780/780/851 716/716/851 
f 832/832/850 767/767/850 768/768/734 847/847/734 
f 879/879/849 775/775/849 773/773/844 896/896/844 
f 715/715/852 781/781/852 779/779/848 714/714/848 
f 711/711/855 777/1078/855 776/1077/853 717/717/853 
f 898/898/845 771/771/845 770/770/842 799/799/842 
f 784/784/856 701/701/857 703/703/858 783/783/859 
f 704/704/860 898/898/861 799/799/862 702/702/863 
f 733/733/864 902/902/865 903/903/866 732/732/867 
f 731/731/868 904/904/869 902/902/865 733/733/864 
f 729/729/870 804/804/871 803/803/872 730/730/873 
f 730/730/873 803/803/872 805/805/874 728/728/875 
f 702/702/863 799/799/862 804/804/871 729/729/870 
f 732/732/867 903/903/866 898/898/861 704/704/860 
f 749/749/876 812/812/877 813/813/878 751/751/879 
f 751/751/879 813/813/878 814/814/880 750/750/881 
f 754/754/882 906/906/883 905/905/884 796/796/885 
f 753/753/886 907/907/887 906/906/883 754/754/882 
f 750/750/881 814/814/880 701/701/857 784/784/856 
f 728/728/875 805/805/874 812/812/877 749/749/876 
f 783/783/859 703/703/858 907/907/887 753/753/886 
f 796/796/885 905/905/884 904/904/869 731/731/868 
f 800/800/888 699/699/889 701/701/857 801/801/890 
f 786/1298/891 799/799/892 817/817/893 700/1299/894 
f 790/1302/895 803/1600/872 804/1596/896 791/1300/897 
f 792/1301/898 805/1598/874 803/1600/872 790/1302/895 
f 726/1308/899 820/820/900 819/819/901 727/1309/902 
f 727/1309/902 819/819/901 821/821/903 725/1310/904 
f 700/1299/894 817/817/893 820/820/900 726/1308/899 
f 791/1300/897 804/1596/896 799/799/892 786/1298/891 
f 746/1306/905 809/809/906 829/829/907 748/1307/908 
f 748/1307/908 829/829/907 830/830/909 747/747/910 
f 794/794/911 813/1599/878 812/1597/877 793/793/912 
f 795/795/913 814/1595/880 813/1599/878 794/794/911 
f 747/747/910 830/830/909 699/699/889 800/800/888 
f 725/1310/904 821/821/903 809/809/906 746/1306/905 
f 801/801/890 701/701/857 814/1595/880 795/795/913 
f 793/793/912 812/1597/877 805/1598/874 792/1301/898 
f 816/1323/914 697/697/915 699/699/889 815/1321/916 
f 802/1315/917 817/817/918 832/832/919 698/1313/920 
f 806/806/921 819/1606/901 820/1602/922 807/1317/923 
f 808/1319/924 821/1603/903 819/1606/901 806/806/921 
f 723/1316/925 839/839/926 838/838/927 724/724/928 
f 724/724/928 838/838/927 840/840/929 722/1325/930 
f 698/1313/920 832/832/919 839/839/926 723/1316/925 
f 807/1317/923 820/1602/922 817/817/918 802/1315/917 
f 743/1327/931 843/843/932 844/844/933 745/1328/934 
f 745/1328/934 844/844/933 846/846/935 744/1324/936 
f 810/1314/937 829/1604/907 809/1601/906 828/1320/938 
f 811/1322/939 830/1605/909 829/1604/907 810/1314/937 
f 744/1324/936 846/846/935 697/697/915 816/1323/914 
f 815/1321/916 699/699/889 830/1605/909 811/1322/939 
f 722/1325/930 840/840/929 843/843/932 743/1327/931 
f 828/1320/938 809/1601/906 821/1603/903 808/1319/924 
f 831/1342/940 695/695/941 697/697/915 833/1341/942 
f 818/818/943 832/832/944 847/847/945 696/696/946 
f 719/719/947 853/853/948 854/854/949 721/721/950 
f 721/721/950 854/854/949 856/856/951 720/720/952 
f 822/822/953 838/1607/927 839/1612/926 823/823/954 
f 824/824/955 840/1609/929 838/1607/927 822/822/953 
f 696/696/946 847/847/945 853/853/948 719/719/947 
f 823/823/954 839/1612/926 832/832/944 818/818/943 
f 765/765/956 858/858/957 857/857/958 766/766/959 
f 826/826/960 844/1610/933 843/1611/932 825/825/961 
f 766/766/959 857/857/958 859/859/962 764/764/963 
f 827/827/964 846/1608/935 844/1610/933 826/826/960 
f 833/1341/942 697/697/915 846/1608/935 827/827/964 
f 825/825/961 843/1611/932 840/1609/929 824/824/955 
f 764/764/963 859/859/962 695/695/941 831/1342/940 
f 720/720/952 856/856/951 858/858/957 765/765/956 
f 848/1348/965 709/709/966 695/695/941 849/1345/967 
f 834/1351/968 847/847/969 863/863/970 710/1352/971 
f 741/1358/972 868/868/973 867/867/974 742/1359/975 
f 836/1353/976 854/1614/949 853/1618/948 835/1354/977 
f 742/1359/975 867/867/974 869/869/978 740/1360/979 
f 837/1346/980 856/1617/951 854/1614/949 836/1353/976 
f 710/1352/971 863/863/970 868/868/973 741/1358/972 
f 835/1354/977 853/1618/948 847/847/969 834/1351/968 
f 841/1355/981 857/1615/958 858/1616/957 842/1356/982 
f 845/1347/983 859/1613/962 857/1615/958 841/1355/981 
f 761/1357/984 876/876/985 877/877/986 763/1350/987 
f 763/1350/987 877/877/986 878/878/988 762/1349/989 
f 849/1345/967 695/695/941 859/1613/962 845/1347/983 
f 842/1356/982 858/1616/957 856/1617/951 837/1346/980 
f 762/1349/989 878/878/988 709/709/966 848/1348/965 
f 740/1360/979 869/869/978 876/876/985 761/1357/984 
f 864/864/990 707/707/991 709/709/966 865/1233/992 
f 850/850/993 863/863/994 879/879/995 708/708/996 
f 851/851/997 867/1573/974 868/1572/973 852/852/998 
f 855/1241/999 869/1575/978 867/1573/974 851/851/997 
f 738/738/1000 884/884/1001 883/883/1002 739/739/1003 
f 739/739/1003 883/883/1002 885/885/1004 737/1234/1005 
f 852/852/998 868/1572/973 863/863/994 850/850/993 
f 708/708/996 879/879/995 884/884/1001 738/738/1000 
f 758/1239/1006 892/892/1007 893/893/1008 760/760/1009 
f 760/760/1009 893/893/1008 894/894/1010 759/759/1011 
f 861/861/1012 877/1574/986 876/1571/985 860/1240/1013 
f 862/1246/1014 878/1576/988 877/1574/986 861/861/1012 
f 759/759/1011 894/894/1010 707/707/991 864/864/990 
f 737/1234/1005 885/885/1004 892/892/1007 758/1239/1006 
f 865/1233/992 709/709/966 878/1576/988 862/1246/1014 
f 860/1240/1013 876/1571/985 869/1575/978 855/1241/999 
f 880/880/1015 705/705/1016 707/707/991 881/881/1017 
f 866/1255/1018 879/879/1019 896/896/1020 706/1249/1021 
f 870/1259/1022 883/1579/1002 884/1578/1001 871/1264/1023 
f 872/1257/1024 885/1581/1004 883/1579/1002 870/1259/1022 
f 735/735/1025 900/900/1026 899/899/1027 736/736/1028 
f 736/736/1028 899/899/1027 901/901/1029 734/734/1030 
f 706/1249/1021 896/896/1020 900/900/1026 735/735/1025 
f 871/1264/1023 884/1578/1001 879/879/1019 866/1255/1018 
f 755/755/1031 908/908/1032 909/909/1033 757/757/1034 
f 757/757/1034 909/909/1033 910/910/1035 756/756/1036 
f 874/874/1037 893/1580/1008 892/1577/1007 873/873/1038 
f 875/875/1039 894/1582/1010 893/1580/1008 874/874/1037 
f 756/756/1036 910/910/1035 705/705/1016 880/880/1015 
f 734/734/1030 901/901/1029 908/908/1032 755/755/1031 
f 881/881/1017 707/707/991 894/1582/1010 875/875/1039 
f 873/873/1038 892/1577/1007 885/1581/1004 872/1257/1024 
f 895/1270/1040 703/703/858 705/705/1016 897/1266/1041 
f 882/1271/1042 896/896/1043 898/898/1044 785/1265/1045 
f 886/1268/1046 899/1588/1027 900/1586/1026 887/1273/1047 
f 888/1272/1048 901/1584/1029 899/1588/1027 886/1268/1046 
f 788/1278/1049 903/1594/1050 902/1589/865 787/1279/1051 
f 787/1279/1051 902/1589/865 904/1593/869 789/1280/1052 
f 785/1265/1045 898/898/1044 903/1594/1050 788/1278/1049 
f 887/1273/1047 900/1586/1026 896/896/1043 882/1271/1042 
f 752/1276/1053 905/1592/884 906/1591/883 797/1277/1054 
f 797/1277/1054 906/1591/883 907/1590/887 798/1269/1055 
f 890/1274/1056 909/1585/1033 908/1587/1032 889/1275/1057 
f 891/1267/1058 910/1583/1035 909/1585/1033 890/1274/1056 
f 798/1269/1055 907/1590/887 703/703/858 895/1270/1040 
f 789/1280/1052 904/1593/869 905/1592/884 752/1276/1053 
f 897/1266/1041 705/705/1016 910/1583/1035 891/1267/1058 
f 889/1275/1057 908/1587/1032 901/1584/1029 888/1272/1048 
f 911/911/1059 912/912/1059 979/979/1060 980/980/1060 
f 917/917/1061 918/918/1061 997/997/1062 998/998/1062 
f 919/919/1063 920/920/1063 1003/1003/1064 1004/1004/1064 
f 921/921/1065 922/922/1065 1009/1009/1066 1010/1010/1066 
f 923/923/1067 924/924/1067 1015/1015/1068 1016/1016/1068 
f 925/925/1069 926/926/1069 1021/1021/1070 1022/1022/1070 
f 915/915/1071 916/916/1071 991/991/1072 992/992/1072 
f 963/963/1073 964/964/1073 1027/1027/1074 1028/1028/1074 
f 933/933/1075 934/934/1075 1033/1033/1076 1034/1034/1076 
f 939/939/1077 940/940/1077 1035/1035/1078 1036/1036/1078 
f 945/945/1079 946/946/1079 1037/1037/1080 1038/1038/1080 
f 951/951/1081 952/952/1081 1023/1023/1082 1024/1024/1082 
f 957/957/1083 958/958/1083 1025/1025/1084 1026/1026/1084 
f 969/969/1085 970/970/1085 1029/1029/1086 1030/1030/1086 
f 975/975/1087 976/976/1087 973/973/1088 974/974/1088 
f 981/981/1089 982/982/1089 967/967/1090 968/968/1090 
f 987/987/1091 988/988/1091 961/961/1092 962/962/1092 
f 993/993/1093 994/994/1093 955/955/1094 956/956/1094 
f 999/999/1095 1000/1000/1095 949/949/1096 950/950/1096 
f 1005/1005/1097 1006/1006/1097 943/943/1098 944/944/1098 
f 1011/1011/1099 1012/1012/1099 937/937/1100 938/938/1100 
f 1017/1017/1101 1018/1018/1101 931/931/1102 932/932/1102 
f 927/927/1103 930/930/1104 929/929/1104 928/928/1103 
f 930/930/1104 932/932/1102 931/931/1102 929/929/1104 
f 933/933/1075 936/936/1105 935/935/1105 934/934/1075 
f 936/936/1105 938/938/1100 937/937/1100 935/935/1105 
f 939/939/1077 942/942/1106 941/941/1106 940/940/1077 
f 942/942/1106 944/944/1098 943/943/1098 941/941/1106 
f 945/945/1079 948/948/1107 947/947/1107 946/946/1079 
f 948/948/1107 950/950/1096 949/949/1096 947/947/1107 
f 951/951/1081 954/954/1108 953/953/1108 952/952/1081 
f 954/954/1108 956/956/1094 955/955/1094 953/953/1108 
f 957/957/1083 960/960/1109 959/959/1109 958/958/1083 
f 960/960/1109 962/962/1092 961/961/1092 959/959/1109 
f 963/963/1073 966/966/1110 965/965/1110 964/964/1073 
f 966/966/1110 968/968/1090 967/967/1090 965/965/1110 
f 969/969/1085 972/972/1111 971/971/1111 970/970/1085 
f 972/972/1111 974/974/1088 973/973/1088 971/971/1111 
f 927/927/1103 928/928/1103 1031/1031/1112 1032/1032/1112 
f 975/975/1087 978/978/1113 977/977/1113 976/976/1087 
f 978/978/1113 980/980/1060 979/979/1060 977/977/1113 
f 981/981/1089 984/984/1114 983/983/1114 982/982/1089 
f 984/984/1114 986/986/1115 985/985/1115 983/983/1114 
f 987/987/1091 990/990/1116 989/989/1116 988/988/1091 
f 990/990/1116 992/992/1072 991/991/1072 989/989/1116 
f 993/993/1093 996/996/1117 995/995/1117 994/994/1093 
f 996/996/1117 998/998/1062 997/997/1062 995/995/1117 
f 999/999/1095 1002/1002/1118 1001/1001/1118 1000/1000/1095 
f 1002/1002/1118 1004/1004/1064 1003/1003/1064 1001/1001/1118 
f 1005/1005/1097 1008/1008/1119 1007/1007/1119 1006/1006/1097 
f 1008/1008/1119 1010/1010/1066 1009/1009/1066 1007/1007/1119 
f 1011/1011/1099 1014/1014/1120 1013/1013/1120 1012/1012/1099 
f 1014/1014/1120 1016/1016/1068 1015/1015/1068 1013/1013/1120 
f 1017/1017/1101 1020/1020/1121 1019/1019/1121 1018/1018/1101 
f 1020/1020/1121 1022/1022/1070 1021/1021/1070 1019/1019/1121 
f 913/913/1122 914/914/1122 985/985/1115 986/986/1115 
f 747/1312/1123 992/992/1124 990/990/729 748/748/728 
f 736/1263/1125 942/942/1126 939/939/1127 735/1258/1128 
f 793/1303/1129 988/988/1130 989/989/1131 794/1297/1132 
f 734/1262/1133 944/944/1134 942/942/1126 736/1263/1125 
f 794/1297/1132 989/989/1131 991/991/1135 795/1304/1136 
f 801/1305/1137 916/916/1137 915/915/1137 800/1311/1137 
f 735/1258/1128 939/939/1127 1036/1036/1138 706/706/1138 
f 800/1311/1139 915/915/1139 992/992/1124 747/1312/1123 
f 866/866/1140 1035/1035/1140 940/940/733 871/871/732 
f 746/746/731 987/987/730 962/962/755 725/725/754 
f 696/1330/1141 1030/1030/1141 1029/1029/1141 818/1331/1141 
f 757/1254/1142 1008/1008/1143 1005/1005/1144 755/1256/1145 
f 795/1304/1136 991/991/1135 916/916/1146 801/1305/1146 
f 783/1284/1147 918/918/1147 917/917/1147 784/1290/1147 
f 721/1336/1148 972/972/1149 969/969/1150 719/1334/1151 
f 756/1253/1152 1010/1010/1153 1008/1008/1143 757/1254/1142 
f 792/792/763 961/961/762 988/988/1130 793/1303/1129 
f 720/1340/1154 974/974/1155 972/972/1149 721/1336/1148 
f 873/1260/1156 1006/1006/1157 1007/1007/1158 874/1261/1159 
f 823/1333/1160 970/970/1161 971/971/1162 822/1335/1163 
f 874/1261/1159 1007/1007/1158 1009/1009/1164 875/1250/1165 
f 897/897/1166 920/920/1166 919/919/1166 895/895/1166 
f 822/1335/1163 971/971/1162 973/973/1167 824/1337/1168 
f 880/1252/1169 921/921/1169 1010/1010/1153 756/1253/1152 
f 719/1334/1151 969/969/1150 1030/1030/1170 696/1330/1170 
f 755/1256/1145 1005/1005/1144 944/944/1134 734/1262/1133 
f 818/1331/1171 1029/1029/1171 970/970/1161 823/1333/1160 
f 875/1250/1165 1009/1009/1164 922/922/1172 881/1251/1172 
f 702/1285/1173 1024/1024/1173 1023/1023/1173 704/1286/1173 
f 766/1332/1174 978/978/1175 975/975/1176 765/1344/1177 
f 881/1251/1178 922/922/1178 921/921/1178 880/1252/1178 
f 872/872/722 943/943/721 1006/1006/1157 873/1260/1156 
f 732/1287/1179 952/952/1180 953/953/1181 733/1289/1182 
f 825/1329/1183 976/976/1184 977/977/1185 826/1338/1186 
f 733/1289/1182 953/953/1181 955/955/1187 731/1296/1188 
f 764/1343/1189 980/980/1190 978/978/1175 766/1332/1174 
f 730/1281/1191 954/954/1192 951/951/1193 729/1283/1194 
f 826/1338/1186 977/977/1185 979/979/1195 827/1339/1196 
f 865/865/1197 924/924/1197 923/923/1197 864/1235/1197 
f 728/1294/1198 956/956/1199 954/954/1192 730/1281/1191 
f 827/1339/1196 979/979/1195 912/912/1200 833/833/1200 
f 729/1283/1194 951/951/1193 1024/1024/1201 702/1285/1201 
f 824/1337/1168 973/973/1167 976/976/1184 825/1329/1183 
f 708/1237/1202 1034/1034/1202 1033/1033/1202 850/1244/1202 
f 704/1286/1203 1023/1023/1203 952/952/1180 732/1287/1179 
f 849/849/1204 926/926/1204 925/925/1204 848/848/1204 
f 831/831/1205 911/911/1205 980/980/1190 764/1343/1189 
f 852/1243/1206 934/934/1207 935/935/1208 851/1242/1209 
f 751/1292/1210 996/996/1211 993/993/1212 749/1293/1213 
f 765/1344/1177 975/975/1176 974/974/1155 720/1340/1154 
f 851/1242/1209 935/935/1208 937/937/825 855/855/824 
f 750/1291/1214 998/998/1215 996/996/1211 751/1292/1210 
f 739/1238/1216 936/936/1217 933/933/1218 738/1236/1219 
f 796/1288/1220 994/994/1221 995/995/1222 754/1295/1223 
f 737/737/838 938/938/837 936/936/1217 739/1238/1216 
f 754/1295/1223 995/995/1222 997/997/1224 753/1282/1225 
f 850/1244/1226 1033/1033/1226 934/934/1207 852/1243/1206 
f 784/1290/1227 917/917/1227 998/998/1215 750/1291/1214 
f 738/1236/1219 933/933/1218 1034/1034/1228 708/1237/1228 
f 749/1293/1213 993/993/1212 956/956/1199 728/1294/1198 
f 698/698/1229 1028/1028/1229 1027/1027/1229 802/802/1229 
f 760/1248/1230 1014/1014/1231 1011/1011/836 758/758/835 
f 753/1282/1225 997/997/1224 918/918/1232 783/1284/1232 
f 807/807/833 964/964/832 965/965/1233 806/1318/1234 
f 759/1247/1235 1016/1016/1236 1014/1014/1231 760/1248/1230 
f 731/1296/1188 955/955/1187 994/994/1221 796/1288/1220 
f 806/1318/1234 965/965/1233 967/967/794 808/808/793 
f 860/860/827 1012/1012/826 1013/1013/1237 861/1245/1238 
f 724/1326/1239 966/966/1240 963/963/840 723/723/839 
f 861/1245/1238 1013/1013/1237 1015/1015/829 862/862/828 
f 722/722/802 968/968/801 966/966/1240 724/1326/1239 
f 864/1235/1241 923/923/1241 1016/1016/1236 759/1247/1235 
f 373/373/347 367/367/347 711/711/347 717/717/347 
f 369/369/246 370/370/246 714/714/246 713/713/246 
f 372/372/281 374/374/281 718/718/281 716/716/281 
f 367/367/314 368/368/314 712/712/314 711/711/314 
f 370/370/338 371/371/338 715/715/338 714/714/338 
f 374/374/255 373/373/255 717/717/255 718/718/255 
f 371/371/321 372/372/321 716/716/321 715/715/321 
f 368/368/289 369/369/289 713/713/289 712/712/289 
f 357/1566/1242 359/1564/1242 703/703/1242 701/701/1242 
f 355/1569/1243 357/1566/1243 701/701/1243 699/699/1243 
f 353/1567/1244 355/1569/1244 699/699/1244 697/697/1244 
f 351/1563/1245 353/1567/1245 697/697/1245 695/695/1245 
f 365/1565/1246 351/1563/1246 695/695/1246 709/709/1246 
f 363/1570/1247 365/1565/1247 709/709/1247 707/707/1247 
f 361/1568/1248 363/1570/1248 707/707/1248 705/705/1248 
f 359/1564/1249 361/1568/1249 705/705/1249 703/703/1249 
o Cube:105
s 0
f 1039/1039/1250 1040/1556/1250 1042/1042/1250 1041/1041/1250 
f 1041/1041/1251 1042/1042/1251 1046/1046/1251 1045/1045/1251 
f 1045/1045/1252 1046/1046/1252 1044/1044/1252 1043/1043/1252 
f 1043/1043/1253 1044/1044/1253 1040/1040/1253 1039/1039/1253 
f 1041/1041/1254 1045/1045/1254 1043/1043/1254 1039/1039/1254 
f 1046/1555/1255 1042/1557/1255 1040/1553/1255 1044/1554/1255 
o Cylinder:005
s 1
f 1049/1049/1256 1050/1050/1256 1058/1058/1256 1057/1057/1256 
f 1047/1047/1257 1048/1048/1257 1056/1056/1257 1055/1055/1257 
f 1053/1053/1258 1054/1054/1258 1062/1062/1258 1061/1061/1258 
f 1051/1051/1259 1052/1052/1259 1060/1060/1259 1059/1064/1259 
f 1050/1050/1260 1051/1063/1260 1059/1059/1260 1058/1058/1260 
f 1048/1048/1261 1049/1049/1261 1057/1057/1261 1056/1056/1261 
f 1054/1054/1262 1047/1047/1262 1055/1055/1262 1062/1062/1262 
f 1052/1052/1263 1053/1053/1263 1061/1061/1263 1060/1060/1263 
#end 1038 faces

#ZOMPROPERTIES_04{
#ZOMPROPERTIES_04 table {Mesh table {SymPlane table {Point vector3d 0 0 0 Normal vector3d 1 0 0 Threshold double 0.01 
#ZOMPROPERTIES_04 Enabled bool false EdgeID int -1 SymEdgeID int -1 UPos double 0.5 LocalMode bool false } RootGroup C
#ZOMPROPERTIES_04 SubMeshGroup {Children table {Tile_0_0 CSubMeshGroup {Children table {} BBoxUV box3d 0 0 0 0 0 0 BBo
#ZOMPROPERTIES_04 x3D box3d 0 0 0 0 0 0 Area3D double 0 AreaUV double 0.48518 IsRoot bool false Properties table {Sele
#ZOMPROPERTIES_04 cted bool false Box box3d 0 1 0 1 0 1 U int 0 V int 0 NU int 0 NV int 0 Tiling vector3d 1 1 1 TileRa
#ZOMPROPERTIES_04 tioMode string "1:1" Overflow string "Off" Pack table {BoxFrameEdit bool false Behavior string "Free
#ZOMPROPERTIES_04 " } } IsTile bool true PolyIDs ints { 613 657 651 648 659 639 636 641 628 644 632 634 665 653 655 66
#ZOMPROPERTIES_04 2 339 600 607 605 612 604 602 616 353 355 343 358 346 351 349 609 385 667 669 388 638 671 664 661 39
#ZOMPROPERTIES_04 1 654 652 658 643 656 647 650 337 377 383 386 372 670 668 392 660 389 663 666 369 381 379 375 347 64
#ZOMPROPERTIES_04 6 635 629 649 617 614 624 610 626 619 622 642 633 637 640 336 340 608 344 606 601 603 625 611 615 62
#ZOMPROPERTIES_04 3 630 627 620 618 631 356 384 387 376 390 378 382 380 361 373 370 363 621 359 365 367 338 366 371 36
#ZOMPROPERTIES_04 2 374 360 368 364 345 357 354 348 645 342 350 352 881 949 993 987 926 925 989 1001 897 995 975 972 9
#ZOMPROPERTIES_04 77 891 980 964 968 970 911 910 984 991 998 675 945 896 913 689 952 691 912 687 685 682 694 892 679 9
#ZOMPROPERTIES_04 38 940 948 886 941 943 936 924 923 692 703 701 695 957 882 699 706 709 697 898 909 720 723 908 890 7
#ZOMPROPERTIES_04 26 712 714 718 716 927 928 673 713 719 922 715 711 717 705 895 921 722 708 1006 1004 914 887 996 725
#ZOMPROPERTIES_04  999 728 1002 915 935 721 1003 1005 724 974 884 1007 1000 997 727 990 905 986 983 992 888 904 988 99
#ZOMPROPERTIES_04 4 979 900 931 932 672 967 954 956 963 966 959 951 930 929 947 961 899 939 907 906 937 942 680 944 67
#ZOMPROPERTIES_04 6 889 883 674 901 903 700 704 902 707 698 710 696 918 702 681 693 690 684 981 678 686 934 933 688 88
#ZOMPROPERTIES_04 5 683 982 971 965 919 894 978 969 958 917 953 950 960 893 962 946 955 916 985 973 976 920 880 1029 4
#ZOMPROPERTIES_04 96 508 505 504 509 501 500 503 497 502 498 499 511 506 507 510 197 283 255 256 317 307 321 320 308 3
#ZOMPROPERTIES_04 18 304 305 261 257 284 288 281 254 259 309 260 211 287 282 221 250 230 231 214 247 224 235 228 245 2
#ZOMPROPERTIES_04 12 216 229 213 242 236 232 252 246 223 233 251 220 225 243 226 249 239 217 291 264 299 298 274 267 3
#ZOMPROPERTIES_04 32 324 325 275 269 331 335 328 333 327 334 329 330 323 326 253 268 270 294 295 303 262 289 219 237 2
#ZOMPROPERTIES_04 22 218 241 227 238 215 244 290 293 266 263 301 315 300 314 271 276 302 277 316 306 322 279 272 273 2
#ZOMPROPERTIES_04 78 312 296 310 311 297 265 292 258 285 313 240 286 248 234 280 319 677 817 822 818 820 831 826 827 8
#ZOMPROPERTIES_04 30 816 828 825 824 829 821 819 823 1020 1019 1018 784 797 795 794 799 787 786 791 785 734 747 801 80
#ZOMPROPERTIES_04 7 804 805 813 809 811 812 800 806 802 803 815 808 810 814 729 751 730 748 849 855 850 851 863 858 85
#ZOMPROPERTIES_04 9 862 848 1022 1023 1016 752 766 763 762 767 755 754 759 764 761 760 765 757 756 758 753 1017 768 78
#ZOMPROPERTIES_04 2 779 778 783 771 770 775 780 777 776 781 773 772 774 769 864 876 873 872 877 869 868 870 865 878 87
#ZOMPROPERTIES_04 5 874 879 867 866 871 1021 860 857 856 861 853 852 854 733 790 788 789 798 792 793 796 832 844 841 8
#ZOMPROPERTIES_04 40 845 837 836 839 833 838 834 835 847 842 843 846 448 461 459 458 463 451 450 455 449 454 452 453 4
#ZOMPROPERTIES_04 62 456 457 460 464 478 474 472 479 467 466 470 465 471 468 469 477 473 475 476 528 542 539 538 543 5
#ZOMPROPERTIES_04 31 530 535 529 534 532 533 541 536 537 540 480 492 489 488 493 485 483 487 481 486 482 484 495 490 4
#ZOMPROPERTIES_04 91 494 1024 1025 1026 1027 1028 432 446 443 442 447 435 434 439 433 438 436 437 445 440 441 444 416 
#ZOMPROPERTIES_04 430 427 426 431 419 418 423 417 422 420 421 429 424 425 428 113 190 182 181 159 166 180 175 161 165 
#ZOMPROPERTIES_04 205 208 204 206 200 207 199 203 210 201 209 202 164 170 178 158 195 156 183 171 177 160 187 179 193 
#ZOMPROPERTIES_04 188 169 173 163 191 172 192 186 194 185 174 162 176 167 189 157 196 198 184 168 155 512 526 523 522 
#ZOMPROPERTIES_04 527 515 514 519 513 518 516 517 525 520 521 524 736 741 738 743 740 737 742 739 55 110 106 130 128 1
#ZOMPROPERTIES_04 40 138 137 135 133 131 141 100 123 122 125 107 104 117 120 103 121 114 101 144 126 118 116 124 153 1
#ZOMPROPERTIES_04 51 115 119 134 132 57 102 105 142 145 146 147 127 139 148 149 136 109 143 129 150 152 154 111 108 11
#ZOMPROPERTIES_04 2 12 34 33 32 17 25 20 27 19 28 41 40 39 38 37 36 26 21 35 18 24 16 22 42 29 30 31 23 341 397 412 40
#ZOMPROPERTIES_04 1 406 403 400 405 410 399 1014 735 749 732 1009 1012 413 396 395 409 404 414 1008 750 744 746 745 73
#ZOMPROPERTIES_04 1 1015 1011 1013 408 402 407 1010 398 393 411 415 394 0 14 13 11 10 9 8 7 6 5 4 3 2 1 550 588 587 56
#ZOMPROPERTIES_04 0 577 576 556 545 590 589 561 575 574 555 546 592 591 562 573 572 554 547 594 593 563 571 570 553 55
#ZOMPROPERTIES_04 1 578 579 559 585 586 599 548 596 595 564 569 568 552 549 598 597 565 567 566 582 544 584 583 558 58
#ZOMPROPERTIES_04 1 580 557 1030 1034 1035 1031 1036 1032 1037 1033 15 46 99 60 98 97 69 48 71 73 74 58 62 64 66 68 70
#ZOMPROPERTIES_04  44 59 61 89 87 88 43 47 49 92 90 91 93 65 63 67 95 96 53 51 94 45 56 84 82 54 52 80 78 77 76 75 79 
#ZOMPROPERTIES_04 50 81 83 86 85 72 } } } BBoxUV box3d 0 0 0 0 0 0 BBox3D box3d 0 0 0 0 0 0 Area3D double 0 AreaUV dou
#ZOMPROPERTIES_04 ble 0 IsRoot bool true Properties table {Selected bool false Box box3d 0 1 0 1 0 1 U int 0 V int 0 N
#ZOMPROPERTIES_04 U int 1 NV int 1 Tiling vector3d 1 1 1 TileRatioMode string "1:1" Overflow string "Off" Pack table {
#ZOMPROPERTIES_04 Rotate table {Mode int 0 Min double 0 Max double 90 Step double 0 } PaddingSize double 0.0078125 Mar
#ZOMPROPERTIES_04 ginSize double 0.00390625 Resolution int 256 MapResolution int 2048 Scaling table {TexelDensity doub
#ZOMPROPERTIES_04 le 1024 Mode int 2 } LayoutScalingMode int 2 MaxMutations int 1 } } IsTile bool false PolyIDs ints {
#ZOMPROPERTIES_04  } } Maps table {Pin table {PrimType string "Vertex" Size int 1 DefaultValue double 0 ScaleType stri
#ZOMPROPERTIES_04 ng "Normalized" MergeMode string "Max" MinValue double 0 MaxValue double 1 Data doubles { r 1682 0 }
#ZOMPROPERTIES_04  } Density table {PrimType string "Polygon" Size int 1 DefaultValue double 1 ScaleType string "Log" 
#ZOMPROPERTIES_04 MergeMode string "Average" MinValue double 0.1 MaxValue double 4 Data doubles { r 1038 1 } } Protect
#ZOMPROPERTIES_04  table {PrimType string "Vertex" Size int 1 DefaultValue double 0 ScaleType string "Normalized" Merg
#ZOMPROPERTIES_04 eMode string "Average" MinValue double -1 MaxValue double 1 Data doubles { r 1682 0 } } } } }
#ZOMPROPERTIES_04}


#ZOMSCENE_01{
#ZOMSCENE_01 CScene {Settings table {AxisSystem table {UpVector string "y" } Unit string "cm" TexelDensityDisplay
#ZOMSCENE_01 Unit string "tx/cm" } Root table {} }
#ZOMSCENE_01}

#begin 0 fatal error vertex (that RizomUV cannot handle)
#end 0 fatal error vertex (that RizomUV cannot handle)

#begin 0 error vertex
#end 0 error vertex
