# Blender 4.2.8 LTS
# www.blender.org
mtllib CANDELABRO.mtl
o candelabro
v 19.200180 3.823257 4.997661
v 19.200661 3.837395 5.012093
v 19.200838 3.842570 5.031806
v 19.200661 3.837395 5.051519
v 19.200180 3.823257 5.065951
v 19.199524 3.803945 5.071233
v 19.198866 3.784632 5.065951
v 19.198385 3.770494 5.051519
v 19.198208 3.765319 5.031806
v 19.198385 3.770494 5.012093
v 19.198866 3.784632 4.997661
v 19.199524 3.803944 4.992379
v 19.439325 3.553425 4.997661
v 19.439716 3.567662 5.012093
v 19.439861 3.572874 5.031806
v 19.439716 3.567662 5.051519
v 19.439325 3.553425 5.065951
v 19.438257 3.514526 5.065951
v 19.437866 3.500288 5.051520
v 19.437723 3.495077 5.031806
v 19.437866 3.500288 5.012093
v 19.438257 3.514526 4.997661
v 19.573120 3.437355 4.997661
v 19.573393 3.451692 5.012093
v 19.573492 3.456940 5.031806
v 19.573393 3.451692 5.051519
v 19.573120 3.437355 5.065951
v 19.572746 3.417769 5.071233
v 19.572372 3.398184 5.065951
v 19.572100 3.383847 5.051520
v 19.572001 3.378599 5.031806
v 19.572100 3.383847 5.012093
v 19.572372 3.398184 4.997661
v 19.572746 3.417769 4.992379
v 19.614494 3.412675 4.997661
v 19.614687 3.427059 5.012093
v 19.614758 3.432325 5.031806
v 19.614687 3.427060 5.051519
v 19.614494 3.412675 5.065951
v 19.613970 3.373375 5.065951
v 19.613777 3.358990 5.051520
v 19.613707 3.353725 5.031806
v 19.613777 3.358990 5.012093
v 19.613970 3.373375 4.997661
v 19.631306 3.419965 5.012093
v 19.631357 3.425238 5.031806
v 19.631306 3.419965 5.051519
v 19.630621 3.351800 5.051520
v 19.630568 3.346527 5.031806
v 19.630621 3.351800 5.012093
v 19.645983 3.401117 4.997661
v 19.646074 3.415538 5.012093
v 19.646109 3.420816 5.031806
v 19.646074 3.415538 5.051519
v 19.645983 3.401117 5.065951
v 19.645859 3.381418 5.071233
v 19.645733 3.361719 5.065951
v 19.645641 3.347298 5.051520
v 19.645607 3.342020 5.031806
v 19.645641 3.347298 5.012093
v 19.645733 3.361719 4.997661
v 19.645859 3.381418 4.992379
v 19.659550 3.398934 4.997661
v 19.659584 3.413364 5.012093
v 19.659597 3.418646 5.031806
v 19.659584 3.413364 5.051519
v 19.659550 3.398934 5.065951
v 19.659454 3.359511 5.065951
v 19.659420 3.345082 5.051520
v 19.659407 3.339800 5.031806
v 19.659420 3.345082 5.012093
v 19.659454 3.359511 4.997661
v 19.672415 3.398762 4.997661
v 19.672390 3.413193 5.012093
v 19.672380 3.418475 5.031806
v 19.672390 3.413193 5.051519
v 19.672415 3.398762 5.065951
v 19.672447 3.379050 5.071233
v 19.672482 3.359337 5.065951
v 19.672506 3.344906 5.051520
v 19.672516 3.339624 5.031806
v 19.672506 3.344906 5.012093
v 19.672482 3.359337 4.997661
v 19.672447 3.379050 4.992379
v 19.678692 3.413823 5.012093
v 19.678671 3.419104 5.031806
v 19.678692 3.413823 5.051519
v 19.678951 3.345551 5.051520
v 19.678972 3.340270 5.031806
v 19.678951 3.345551 5.012093
v 19.691521 3.402120 4.997661
v 19.691406 3.416535 5.012093
v 19.691364 3.421812 5.031806
v 19.691406 3.416535 5.051519
v 19.691521 3.402120 5.065951
v 19.691833 3.362738 5.065951
v 19.691948 3.348323 5.051520
v 19.691990 3.343047 5.031806
v 19.691948 3.348323 5.012093
v 19.691833 3.362738 4.997661
v 19.704828 3.406933 4.997661
v 19.704655 3.421327 5.012093
v 19.704592 3.426596 5.031806
v 19.704655 3.421327 5.051519
v 19.704828 3.406933 5.065951
v 19.705297 3.367608 5.065951
v 19.705471 3.353214 5.051520
v 19.705534 3.347945 5.031806
v 19.705471 3.353214 5.012093
v 19.705297 3.367608 4.997661
v 19.719097 3.414145 4.997661
v 19.718868 3.428510 5.012093
v 19.718786 3.433769 5.031806
v 19.718868 3.428510 5.051519
v 19.719097 3.414145 5.065951
v 19.719408 3.394520 5.071233
v 19.719719 3.374896 5.065951
v 19.719946 3.360530 5.051520
v 19.720030 3.355271 5.031806
v 19.719946 3.360530 5.012093
v 19.719719 3.374896 4.997661
v 19.719408 3.394520 4.992379
v 19.752050 3.437694 4.997661
v 19.751720 3.451988 5.012093
v 19.751598 3.457220 5.031806
v 19.751720 3.451988 5.051519
v 19.752050 3.437694 5.065951
v 19.752502 3.418169 5.071233
v 19.752953 3.398643 5.065951
v 19.753283 3.384349 5.051520
v 19.753405 3.379118 5.031806
v 19.753283 3.384349 5.012093
v 19.752953 3.398643 4.997661
v 19.752502 3.418169 4.992379
v 19.792612 3.476119 4.997661
v 19.792204 3.490341 5.012093
v 19.792055 3.495547 5.031806
v 19.792204 3.490341 5.051519
v 19.792612 3.476119 5.065951
v 19.793722 3.437264 5.065951
v 19.794130 3.423042 5.051520
v 19.794279 3.417836 5.031806
v 19.794130 3.423042 5.012093
v 19.793722 3.437264 4.997661
v 20.119551 3.873817 4.997661
v 20.119131 3.888026 5.012093
v 20.118979 3.893226 5.031806
v 20.119131 3.888026 5.051519
v 20.119551 3.873817 5.065951
v 20.120697 3.834999 5.065951
v 20.121117 3.820790 5.051519
v 20.121271 3.815589 5.031806
v 20.121117 3.820790 5.012093
v 20.120697 3.834998 4.997661
v 20.159075 3.912399 4.997661
v 20.158733 3.926682 5.012093
v 20.158607 3.931910 5.031806
v 20.158733 3.926682 5.051519
v 20.159075 3.912399 5.065951
v 20.160011 3.873377 5.065951
v 20.160355 3.859094 5.051519
v 20.160480 3.853866 5.031806
v 20.160355 3.859094 5.012093
v 20.160011 3.873377 4.997661
v 20.178154 3.927942 4.997661
v 20.178154 3.927942 5.065951
v 20.178564 3.908384 5.071233
v 20.178974 3.888825 5.065951
v 20.178974 3.888825 4.997661
v 20.178564 3.908384 4.992379
v 20.197435 3.941521 4.997661
v 20.197178 3.955869 5.012093
v 20.197084 3.961121 5.031806
v 20.197178 3.955869 5.051519
v 20.197435 3.941521 5.065951
v 20.198139 3.902323 5.065951
v 20.198397 3.887975 5.051519
v 20.198492 3.882723 5.031806
v 20.198397 3.887975 5.012093
v 20.198139 3.902323 4.997661
v 20.217321 3.953425 4.997661
v 20.217104 3.967797 5.012093
v 20.217104 3.967797 5.051519
v 20.217321 3.953425 5.065951
v 20.217916 3.914160 5.065951
v 20.218134 3.899789 5.051519
v 20.218134 3.899789 5.012093
v 20.217916 3.914160 4.997661
v 20.227865 3.939163 5.071233
v 20.227865 3.939163 4.992379
v 20.237947 3.978224 5.012093
v 20.237883 3.983491 5.031806
v 20.237947 3.978224 5.051519
v 20.238802 3.910127 5.051519
v 20.238867 3.904860 5.031806
v 20.238802 3.910127 5.012093
v 20.260082 3.972817 4.997661
v 20.259935 3.987222 5.012093
v 20.259935 3.987222 5.051519
v 20.260082 3.972817 5.065951
v 20.260479 3.933462 5.065951
v 20.260624 3.919058 5.051519
v 20.260624 3.919058 5.012093
v 20.260479 3.933462 4.997661
v 20.283209 3.994751 5.012093
v 20.283167 4.000027 5.031806
v 20.283209 3.994751 5.051519
v 20.283739 3.926536 5.051519
v 20.283781 3.921259 5.031806
v 20.283739 3.926536 5.012093
v 20.307898 3.986238 4.997661
v 20.307817 4.000661 5.012093
v 20.307817 4.000661 5.051519
v 20.307898 3.986238 5.065951
v 20.308113 3.946832 5.065951
v 20.308191 3.932408 5.051519
v 20.308191 3.932408 5.012093
v 20.308113 3.946832 4.997661
v 20.320677 3.988505 4.997661
v 20.320677 3.988505 5.065951
v 20.320763 3.968798 5.071233
v 20.320847 3.949091 5.065951
v 20.320847 3.949091 4.997661
v 20.320763 3.968798 4.992379
v 20.333727 4.004691 5.012092
v 20.333710 4.009972 5.031806
v 20.333727 4.004691 5.051519
v 20.333937 3.936413 5.051519
v 20.333954 3.931131 5.031806
v 20.333937 3.936413 5.012093
v 20.360821 3.992033 4.997661
v 20.360813 4.006464 5.012093
v 20.360811 4.011746 5.031806
v 20.360813 4.006464 5.051519
v 20.360821 3.992033 5.065951
v 20.360838 3.952606 5.065951
v 20.360844 3.938175 5.051519
v 20.360846 3.932892 5.031806
v 20.360844 3.938174 5.012093
v 20.360838 3.952606 4.997661
v 20.389080 3.990826 4.997661
v 20.389126 4.005255 5.012093
v 20.389141 4.010536 5.031806
v 20.389126 4.005255 5.051519
v 20.389080 3.990826 5.065951
v 20.388958 3.951406 5.065951
v 20.388912 3.936977 5.051519
v 20.388895 3.931696 5.031806
v 20.388912 3.936977 5.012093
v 20.388958 3.951406 4.997661
v 20.403946 3.988559 4.997661
v 20.404024 4.002983 5.012093
v 20.404053 4.008262 5.031806
v 20.404024 4.002983 5.051519
v 20.403946 3.988559 5.065951
v 20.403837 3.968856 5.071233
v 20.403728 3.949154 5.065951
v 20.403648 3.934730 5.051519
v 20.403620 3.929451 5.031806
v 20.403648 3.934730 5.012093
v 20.403728 3.949153 4.997661
v 20.403837 3.968856 4.992379
v 20.419619 3.984696 4.997661
v 20.419737 3.999110 5.012093
v 20.419781 4.004385 5.031806
v 20.419737 3.999110 5.051519
v 20.419619 3.984696 5.065951
v 20.419292 3.945318 5.065951
v 20.419172 3.930904 5.051519
v 20.419128 3.925629 5.031806
v 20.419172 3.930904 5.012093
v 20.419292 3.945318 4.997661
v 20.436443 3.978750 4.997661
v 20.436607 3.993148 5.012093
v 20.436666 3.998418 5.031806
v 20.436607 3.993148 5.051519
v 20.436443 3.978750 5.065951
v 20.435999 3.939415 5.065951
v 20.435835 3.925017 5.051519
v 20.435776 3.919747 5.031806
v 20.435835 3.925017 5.012093
v 20.435999 3.939415 4.997661
v 20.455061 3.984515 5.012093
v 20.455137 3.989777 5.031806
v 20.455061 3.984515 5.051519
v 20.454075 3.916484 5.051519
v 20.453999 3.911222 5.031806
v 20.454075 3.916484 5.012093
v 20.475363 3.958180 4.997661
v 20.475616 3.972531 5.012093
v 20.475708 3.977784 5.031806
v 20.475616 3.972531 5.051519
v 20.475363 3.958180 5.065951
v 20.475019 3.938576 5.071233
v 20.474674 3.918972 5.065951
v 20.474421 3.904621 5.051519
v 20.474329 3.899369 5.031806
v 20.474421 3.904621 5.012093
v 20.474674 3.918972 4.997661
v 20.475019 3.938576 4.992379
v 20.525190 3.921023 4.997661
v 20.525520 3.935318 5.012093
v 20.525640 3.940550 5.031806
v 20.525520 3.935318 5.051519
v 20.525190 3.921023 5.065951
v 20.524740 3.901497 5.071233
v 20.524292 3.881970 5.065951
v 20.523962 3.867676 5.051519
v 20.523842 3.862444 5.031806
v 20.523962 3.867676 5.012093
v 20.524292 3.881970 4.997661
v 20.524740 3.901497 4.992379
v 20.591812 3.859894 4.997661
v 20.592197 3.874138 5.012093
v 20.592339 3.879351 5.031806
v 20.592197 3.874138 5.051519
v 20.591812 3.859894 5.065951
v 20.590759 3.820980 5.065951
v 20.590374 3.806737 5.051519
v 20.590233 3.801523 5.031806
v 20.590374 3.806737 5.012093
v 20.590759 3.820980 4.997661
v 20.972258 3.435174 4.997661
v 20.972717 3.449337 5.012093
v 20.972885 3.454521 5.031806
v 20.972717 3.449337 5.051519
v 20.972258 3.435174 5.065951
v 20.971628 3.415827 5.071233
v 20.971001 3.396480 5.065951
v 20.970539 3.382317 5.051520
v 20.970371 3.377133 5.031806
v 20.970539 3.382317 5.012093
v 20.971001 3.396480 4.997661
v 20.971628 3.415827 4.992379
v 22.897512 3.823257 4.997661
v 22.897032 3.837395 5.012093
v 22.896856 3.842570 5.031806
v 22.897032 3.837395 5.051519
v 22.897512 3.823257 5.065951
v 22.898170 3.803945 5.071233
v 22.898827 3.784632 5.065951
v 22.899309 3.770494 5.051519
v 22.899485 3.765319 5.031806
v 22.899309 3.770494 5.012093
v 22.898827 3.784632 4.997661
v 22.898170 3.803944 4.992379
v 22.658367 3.553425 4.997661
v 22.657976 3.567662 5.012093
v 22.657833 3.572874 5.031806
v 22.657976 3.567662 5.051519
v 22.658367 3.553425 5.065951
v 22.659435 3.514526 5.065951
v 22.659826 3.500288 5.051520
v 22.659969 3.495077 5.031806
v 22.659826 3.500288 5.012093
v 22.659435 3.514526 4.997661
v 22.524574 3.437355 4.997661
v 22.524302 3.451692 5.012093
v 22.524200 3.456940 5.031806
v 22.524302 3.451692 5.051519
v 22.524574 3.437355 5.065951
v 22.524946 3.417769 5.071233
v 22.525320 3.398184 5.065951
v 22.525593 3.383847 5.051520
v 22.525692 3.378599 5.031806
v 22.525593 3.383847 5.012093
v 22.525320 3.398184 4.997661
v 22.524946 3.417769 4.992379
v 22.483198 3.412675 4.997661
v 22.483006 3.427059 5.012093
v 22.482937 3.432325 5.031806
v 22.483006 3.427060 5.051519
v 22.483198 3.412675 5.065951
v 22.483725 3.373375 5.065951
v 22.483917 3.358990 5.051520
v 22.483986 3.353725 5.031806
v 22.483917 3.358990 5.012093
v 22.483725 3.373375 4.997661
v 22.466389 3.419965 5.012093
v 22.466335 3.425238 5.031806
v 22.466389 3.419965 5.051519
v 22.467072 3.351800 5.051520
v 22.467125 3.346527 5.031806
v 22.467072 3.351800 5.012093
v 22.451710 3.401117 4.997661
v 22.451618 3.415538 5.012093
v 22.451584 3.420816 5.031806
v 22.451618 3.415538 5.051519
v 22.451710 3.401117 5.065951
v 22.451836 3.381418 5.071233
v 22.451962 3.361719 5.065951
v 22.452053 3.347298 5.051520
v 22.452085 3.342020 5.031806
v 22.452053 3.347298 5.012093
v 22.451962 3.361719 4.997661
v 22.451836 3.381418 4.992379
v 22.438143 3.398934 4.997661
v 22.438108 3.413364 5.012093
v 22.438095 3.418646 5.031806
v 22.438108 3.413364 5.051519
v 22.438143 3.398934 5.065951
v 22.438238 3.359511 5.065951
v 22.438274 3.345082 5.051520
v 22.438286 3.339800 5.031806
v 22.438274 3.345082 5.012093
v 22.438238 3.359511 4.997661
v 22.425280 3.398762 4.997661
v 22.425304 3.413193 5.012093
v 22.425312 3.418475 5.031806
v 22.425304 3.413193 5.051519
v 22.425280 3.398762 5.065951
v 22.425245 3.379050 5.071233
v 22.425211 3.359337 5.065951
v 22.425186 3.344906 5.051520
v 22.425179 3.339624 5.031806
v 22.425186 3.344906 5.012093
v 22.425211 3.359337 4.997661
v 22.425245 3.379050 4.992379
v 22.419001 3.413823 5.012093
v 22.419022 3.419104 5.031806
v 22.419001 3.413823 5.051519
v 22.418741 3.345551 5.051520
v 22.418722 3.340270 5.031806
v 22.418741 3.345551 5.012093
v 22.406172 3.402120 4.997661
v 22.406286 3.416535 5.012093
v 22.406328 3.421812 5.031806
v 22.406286 3.416535 5.051519
v 22.406172 3.402120 5.065951
v 22.405859 3.362738 5.065951
v 22.405745 3.348323 5.051520
v 22.405703 3.343047 5.031806
v 22.405745 3.348323 5.012093
v 22.405859 3.362738 4.997661
v 22.392866 3.406933 4.997661
v 22.393038 3.421327 5.012093
v 22.393101 3.426596 5.031806
v 22.393038 3.421327 5.051519
v 22.392866 3.406933 5.065951
v 22.392395 3.367608 5.065951
v 22.392223 3.353214 5.051520
v 22.392160 3.347945 5.031806
v 22.392223 3.353214 5.012093
v 22.392395 3.367608 4.997661
v 22.378597 3.414145 4.997661
v 22.378824 3.428510 5.012093
v 22.378908 3.433769 5.031806
v 22.378824 3.428510 5.051519
v 22.378597 3.414145 5.065951
v 22.378284 3.394520 5.071233
v 22.377974 3.374896 5.065951
v 22.377747 3.360530 5.051520
v 22.377663 3.355271 5.031806
v 22.377747 3.360530 5.012093
v 22.377974 3.374896 4.997661
v 22.378284 3.394520 4.992379
v 22.345642 3.437694 4.997661
v 22.345974 3.451988 5.012093
v 22.346094 3.457220 5.031806
v 22.345974 3.451988 5.051519
v 22.345642 3.437694 5.065951
v 22.345192 3.418169 5.071233
v 22.344740 3.398643 5.065951
v 22.344410 3.384349 5.051520
v 22.344290 3.379118 5.031806
v 22.344410 3.384349 5.012093
v 22.344740 3.398643 4.997661
v 22.345192 3.418169 4.992379
v 22.305082 3.476119 4.997661
v 22.305489 3.490341 5.012093
v 22.305637 3.495547 5.031806
v 22.305489 3.490341 5.051519
v 22.305082 3.476119 5.065951
v 22.303970 3.437264 5.065951
v 22.303564 3.423042 5.051520
v 22.303415 3.417836 5.031806
v 22.303564 3.423042 5.012093
v 22.303970 3.437264 4.997661
v 21.978142 3.873817 4.997661
v 21.978561 3.888026 5.012093
v 21.978714 3.893226 5.031806
v 21.978561 3.888026 5.051519
v 21.978142 3.873817 5.065951
v 21.976995 3.834999 5.065951
v 21.976576 3.820790 5.051519
v 21.976421 3.815589 5.031806
v 21.976576 3.820790 5.012093
v 21.976995 3.834998 4.997661
v 21.938618 3.912399 4.997661
v 21.938961 3.926682 5.012093
v 21.939087 3.931910 5.031806
v 21.938961 3.926682 5.051519
v 21.938618 3.912399 5.065951
v 21.937681 3.873377 5.065951
v 21.937338 3.859094 5.051519
v 21.937212 3.853866 5.031806
v 21.937338 3.859094 5.012093
v 21.937681 3.873377 4.997661
v 21.929075 3.920439 4.997661
v 21.929075 3.920439 5.065951
v 21.928637 3.900903 5.071233
v 21.928637 3.900903 4.992379
v 21.919128 3.908384 5.071233
v 21.918720 3.888825 5.065951
v 21.918720 3.888825 4.997661
v 21.919128 3.908384 4.992379
v 21.900257 3.941521 4.997661
v 21.900515 3.955869 5.012093
v 21.900610 3.961121 5.031806
v 21.900515 3.955869 5.051519
v 21.900257 3.941521 5.065951
v 21.899553 3.902323 5.065951
v 21.899296 3.887975 5.051519
v 21.899202 3.882723 5.031806
v 21.899296 3.887975 5.012093
v 21.899553 3.902323 4.997661
v 21.880371 3.953425 4.997661
v 21.880589 3.967797 5.012093
v 21.880669 3.973057 5.031806
v 21.880589 3.967797 5.051519
v 21.880371 3.953425 5.065951
v 21.879559 3.899789 5.051519
v 21.879480 3.894528 5.031806
v 21.870100 3.958809 4.997661
v 21.870100 3.958809 5.065951
v 21.869827 3.939163 5.071233
v 21.869827 3.939163 4.992379
v 21.859072 3.924518 5.065951
v 21.858892 3.910127 5.051519
v 21.858826 3.904860 5.031806
v 21.858892 3.910127 5.012093
v 21.859072 3.924518 4.997661
v 21.848906 3.982901 5.012093
v 21.848965 3.988171 5.031806
v 21.848906 3.982901 5.051519
v 21.848135 3.914769 5.051519
v 21.848076 3.909499 5.031806
v 21.837612 3.972817 4.997661
v 21.837757 3.987222 5.012093
v 21.837757 3.987222 5.051519
v 21.837612 3.972817 5.065951
v 21.814066 3.940951 5.065951
v 21.813953 3.926536 5.051519
v 21.813913 3.921259 5.031806
v 21.813953 3.926536 5.012093
v 21.814066 3.940951 4.997661
v 21.802347 3.997922 5.012093
v 21.802382 4.003200 5.031806
v 21.802347 3.997922 5.051519
v 21.801893 3.929687 5.051519
v 21.801859 3.924409 5.031806
v 21.789797 3.986238 4.997661
v 21.789875 4.000661 5.012093
v 21.789875 4.000661 5.051519
v 21.789797 3.986238 5.065951
v 21.776932 3.968798 5.071233
v 21.776846 3.949091 5.065951
v 21.776846 3.949091 4.997661
v 21.776932 3.968798 4.992379
v 21.763800 3.950841 5.065951
v 21.763756 3.936413 5.051519
v 21.763741 3.931131 5.031806
v 21.763756 3.936413 5.012093
v 21.763800 3.950841 4.997661
v 21.750561 4.005888 5.012093
v 21.750570 4.011170 5.031806
v 21.750561 4.005888 5.051519
v 21.750437 3.937602 5.051519
v 21.750427 3.932320 5.031806
v 21.736874 3.992033 4.997661
v 21.736879 4.006464 5.012093
v 21.736879 4.006464 5.051519
v 21.736874 3.992033 5.065951
v 21.736847 3.932892 5.031806
v 21.736849 3.938174 5.012093
v 21.722912 4.006318 5.012093
v 21.722906 4.011600 5.031806
v 21.722912 4.006318 5.051519
v 21.722992 3.938030 5.051519
v 21.722998 3.932748 5.031806
v 21.708612 3.990826 4.997661
v 21.708569 4.005255 5.012093
v 21.708569 4.005255 5.051519
v 21.708612 3.990826 5.065951
v 21.708736 3.951406 5.065951
v 21.708782 3.936977 5.051519
v 21.708797 3.931696 5.031806
v 21.708782 3.936977 5.012093
v 21.708736 3.951406 4.997661
v 21.693748 3.988559 4.997661
v 21.693668 4.002983 5.012093
v 21.693640 4.008262 5.031806
v 21.693668 4.002983 5.051519
v 21.693748 3.988559 5.065951
v 21.693857 3.968856 5.071233
v 21.693966 3.949154 5.065951
v 21.694044 3.934730 5.051519
v 21.694073 3.929451 5.031806
v 21.694044 3.934730 5.012093
v 21.693966 3.949153 4.997661
v 21.693857 3.968856 4.992379
v 21.678076 3.984696 4.997661
v 21.677956 3.999110 5.012093
v 21.677912 4.004385 5.031806
v 21.677956 3.999110 5.051519
v 21.678076 3.984696 5.065951
v 21.678402 3.945318 5.065951
v 21.678520 3.930904 5.051519
v 21.678564 3.925629 5.031806
v 21.678520 3.930904 5.012093
v 21.678402 3.945318 4.997661
v 21.661249 3.978750 4.997661
v 21.661087 3.993148 5.012093
v 21.661026 3.998418 5.031806
v 21.661087 3.993148 5.051519
v 21.661249 3.978750 5.065951
v 21.661695 3.939415 5.065951
v 21.661858 3.925017 5.051519
v 21.661919 3.919747 5.031806
v 21.661858 3.925017 5.012093
v 21.661695 3.939415 4.997661
v 21.642632 3.984515 5.012093
v 21.642555 3.989777 5.031806
v 21.642632 3.984515 5.051519
v 21.643618 3.916484 5.051519
v 21.643694 3.911222 5.031806
v 21.643618 3.916484 5.012093
v 21.622330 3.958180 4.997661
v 21.622078 3.972531 5.012093
v 21.621984 3.977784 5.031806
v 21.622078 3.972531 5.051519
v 21.622330 3.958180 5.065951
v 21.622675 3.938576 5.071233
v 21.623020 3.918972 5.065951
v 21.623272 3.904621 5.051519
v 21.623363 3.899369 5.031806
v 21.623272 3.904621 5.012093
v 21.623020 3.918972 4.997661
v 21.622675 3.938576 4.992379
v 21.572502 3.921023 4.997661
v 21.572172 3.935318 5.012093
v 21.572052 3.940550 5.031806
v 21.572172 3.935318 5.051519
v 21.572502 3.921023 5.065951
v 21.572952 3.901497 5.071233
v 21.573402 3.881970 5.065951
v 21.573730 3.867676 5.051519
v 21.573853 3.862444 5.031806
v 21.573730 3.867676 5.012093
v 21.573402 3.881970 4.997661
v 21.572952 3.901497 4.992379
v 21.505880 3.859894 4.997661
v 21.505495 3.874138 5.012093
v 21.505354 3.879351 5.031806
v 21.505495 3.874138 5.051519
v 21.505880 3.859894 5.065951
v 21.506933 3.820980 5.065951
v 21.507318 3.806737 5.051519
v 21.507460 3.801523 5.031806
v 21.507318 3.806737 5.012093
v 21.506933 3.820980 4.997661
v 21.125437 3.435174 4.997661
v 21.124977 3.449337 5.012093
v 21.124807 3.454521 5.031806
v 21.124977 3.449337 5.051519
v 21.125437 3.435174 5.065951
v 21.126064 3.415827 5.071233
v 21.126694 3.396480 5.065951
v 21.127153 3.382317 5.051520
v 21.127321 3.377133 5.031806
v 21.127153 3.382317 5.012093
v 21.126694 3.396480 4.997661
v 21.126064 3.415827 4.992379
v 20.537455 4.115201 5.031806
v 20.822695 3.937474 5.031806
v 21.230806 3.854097 5.031806
v 21.167175 3.189270 5.031806
v 21.197893 3.176105 5.031806
v 21.072828 2.998379 5.031806
v 21.070633 2.910614 5.031806
v 21.173758 2.765800 5.031806
v 21.127682 2.717528 5.031806
v 21.226418 2.476172 5.031806
v 21.217642 2.329164 5.031806
v 21.162788 2.278699 5.031806
v 21.226418 2.232622 5.031806
v 21.107933 2.162409 5.031806
v 20.376406 1.564284 5.031806
v 20.370087 1.447380 5.031806
v 20.680962 4.192780 5.031806
v 20.626717 4.186639 5.031806
v 20.580397 4.169752 5.031806
v 20.549053 4.144689 5.031806
v 20.926807 3.888760 5.031806
v 21.006165 3.865785 5.031806
v 21.133265 3.334355 5.031806
v 21.139347 3.224056 5.031806
v 21.120792 3.298598 5.031806
v 21.123018 3.258225 5.031806
v 21.248047 3.728582 5.031806
v 21.247498 3.622366 5.031806
v 21.196707 3.444458 5.031806
v 21.239403 3.563686 5.031806
v 21.220812 3.498568 5.031806
v 21.161699 2.271441 5.031806
v 21.193222 2.233659 5.031806
v 21.162415 2.257337 5.031806
v 21.168655 2.245204 5.031806
v 21.179474 2.236889 5.031806
v 21.128445 2.680117 5.031806
v 21.170893 2.553149 5.031806
v 21.132114 2.648962 5.031806
v 21.141470 2.613892 5.031806
v 21.155088 2.580247 5.031806
v 21.151163 2.838650 5.031806
v 21.173758 2.788158 5.031806
v 21.162460 2.824495 5.031806
v 21.170731 2.806014 5.031806
v 21.142651 1.988211 5.031806
v 21.162310 2.025816 5.031806
v 21.162132 2.005573 5.031806
v 21.104889 2.117748 5.031806
v 21.108709 2.088817 5.031806
v 21.122688 2.061658 5.031806
v 21.004984 1.917652 5.031806
v 20.415413 1.593943 5.031806
v 20.573614 4.115201 5.213588
v 20.837141 3.937475 5.104431
v 21.155399 3.189270 4.972604
v 21.183781 3.176105 4.960849
v 21.068233 2.998379 5.008710
v 21.066206 2.910614 5.009550
v 21.161482 2.765800 4.970085
v 21.118912 2.717528 4.987718
v 21.210133 2.476172 4.949934
v 21.202024 2.329164 4.953292
v 21.151346 2.278699 4.974284
v 21.210133 2.232622 4.949934
v 21.100668 2.162409 4.995275
v 20.424824 1.564284 5.275219
v 20.418985 1.447380 5.277637
v 20.706196 4.192780 5.158670
v 20.656080 4.186639 5.179429
v 20.613287 4.169752 5.197155
v 20.584330 4.144689 5.209149
v 20.933327 3.888760 5.064590
v 21.006645 3.865785 5.034221
v 21.082083 3.853209 5.002973
v 21.124071 3.334355 4.985581
v 21.129690 3.224056 4.983254
v 21.112547 3.298597 4.990354
v 21.114603 3.258225 4.989502
v 21.214201 3.854033 4.948248
v 21.230116 3.728582 4.941656
v 21.229607 3.622366 4.941866
v 21.182684 3.444458 4.961303
v 21.222128 3.563686 4.944964
v 21.204952 3.498568 4.952078
v 21.150339 2.271441 4.974700
v 21.179464 2.233659 4.962636
v 21.151001 2.257337 4.974426
v 21.156767 2.245204 4.972038
v 21.166763 2.236889 4.967897
v 21.119617 2.680117 4.987426
v 21.158834 2.553149 4.971181
v 21.123007 2.648962 4.986022
v 21.131651 2.613892 4.982441
v 21.144232 2.580247 4.977230
v 21.140606 2.838650 4.978732
v 21.161482 2.788158 4.970085
v 21.151045 2.824495 4.974409
v 21.158684 2.806014 4.971243
v 21.132740 1.988211 4.981990
v 21.150904 2.025816 4.974466
v 21.150740 2.005573 4.974535
v 21.097855 2.117748 4.996440
v 21.101385 2.088817 4.994978
v 21.114298 2.061658 4.989629
v 21.005554 1.917652 5.034673
v 20.460861 1.593943 5.260292
v 20.676586 4.115201 5.367695
v 20.878281 3.937475 5.166000
v 21.166859 3.854097 4.877422
v 21.121864 3.189270 4.922415
v 21.143585 3.176105 4.900694
v 21.055151 2.998379 4.989130
v 21.053598 2.910614 4.990681
v 21.126520 2.765800 4.917761
v 21.093937 2.717528 4.950342
v 21.163755 2.476172 4.880525
v 21.157549 2.329164 4.886731
v 21.118761 2.278699 4.925519
v 21.163755 2.232622 4.880525
v 21.079975 2.162409 4.964306
v 20.562706 1.564284 5.481575
v 20.558237 1.447380 5.486043
v 20.778059 4.192780 5.266221
v 20.739702 4.186639 5.304577
v 20.706949 4.169752 5.337330
v 20.684786 4.144689 5.359494
v 21.090294 3.852015 4.953987
v 20.951899 3.888760 5.092382
v 21.008013 3.865785 5.036267
v 21.065750 3.853209 4.978529
v 21.097887 3.334355 4.946394
v 21.102186 3.224056 4.942093
v 21.089067 3.298597 4.955213
v 21.090641 3.258225 4.953639
v 21.179049 3.728582 4.865231
v 21.178659 3.622366 4.865620
v 21.142746 3.444458 4.901533
v 21.172935 3.563686 4.871344
v 21.159792 3.498568 4.884489
v 21.117992 2.271441 4.926288
v 21.140282 2.233659 4.903997
v 21.118498 2.257337 4.925782
v 21.122911 2.245204 4.921369
v 21.130562 2.236889 4.913719
v 21.094479 2.680117 4.949802
v 21.124495 2.553149 4.919786
v 21.097073 2.648962 4.947207
v 21.103687 2.613892 4.940592
v 21.113317 2.580247 4.930963
v 21.110542 2.838650 4.933737
v 21.126520 2.788158 4.917761
v 21.118530 2.824495 4.925749
v 21.124378 2.806014 4.919901
v 21.104523 1.988211 4.939758
v 21.118423 2.025816 4.925856
v 21.118299 2.005573 4.925982
v 21.077822 2.117748 4.966459
v 21.080524 2.088817 4.963757
v 21.090408 2.061658 4.953873
v 21.007177 1.917652 5.037102
v 20.590288 1.593943 5.453992
v 20.830692 4.115201 5.470666
v 20.939850 3.937475 5.207139
v 21.096025 3.854097 4.830093
v 21.071676 3.189270 4.888880
v 21.083431 3.176105 4.860500
v 21.035570 2.998379 4.976047
v 21.034731 2.910614 4.978074
v 21.074196 2.765800 4.882799
v 21.056562 2.717528 4.925368
v 21.094347 2.476172 4.834147
v 21.090988 2.329164 4.842256
v 21.069996 2.278699 4.892934
v 21.094347 2.232622 4.834147
v 21.049006 2.162409 4.943613
v 20.769062 1.564284 5.619457
v 20.766644 1.447380 5.625295
v 20.885611 4.192780 5.338083
v 20.864851 4.186639 5.388199
v 20.847126 4.169752 5.430993
v 20.835131 4.144689 5.459951
v 20.979691 3.888760 5.110952
v 21.010059 3.865785 5.037635
v 21.041307 3.853209 4.962197
v 21.058699 3.334355 4.920209
v 21.061026 3.224056 4.914590
v 21.053926 3.298597 4.931733
v 21.054777 3.258225 4.929676
v 21.102623 3.728582 4.814165
v 21.102413 3.622366 4.814673
v 21.082977 3.444458 4.861596
v 21.099316 3.563686 4.822152
v 21.092201 3.498568 4.839327
v 21.069580 2.271441 4.893940
v 21.081644 2.233659 4.864816
v 21.069855 2.257337 4.893279
v 21.072243 2.245204 4.887512
v 21.076384 2.236889 4.877517
v 21.056854 2.680117 4.924663
v 21.073099 2.553149 4.885446
v 21.058258 2.648962 4.921273
v 21.061838 2.613892 4.912629
v 21.067051 2.580247 4.900048
v 21.065548 2.838650 4.903673
v 21.074196 2.788158 4.882799
v 21.069872 2.824495 4.893236
v 21.073036 2.806014 4.885595
v 21.062290 1.988211 4.911539
v 21.069815 2.025816 4.893375
v 21.069746 2.005573 4.893539
v 21.047840 2.117748 4.946426
v 21.049303 2.088817 4.942895
v 21.054651 2.061658 4.929981
v 21.009607 1.917652 5.038726
v 20.783989 1.593943 5.583419
v 21.012474 4.115201 5.506824
v 21.012474 3.937474 5.221584
v 21.012474 3.189270 4.877104
v 21.012474 3.176105 4.846386
v 21.012474 2.998379 4.971452
v 21.012474 2.910614 4.973647
v 21.012474 2.765800 4.870522
v 21.012474 2.717528 4.916599
v 21.012474 2.476172 4.817862
v 21.012474 2.329164 4.826639
v 21.012474 2.278699 4.881492
v 21.012474 2.232622 4.817862
v 21.012474 2.162409 4.936346
v 21.012474 1.564284 5.667875
v 21.012474 1.447380 5.674194
v 21.012474 4.192780 5.363318
v 21.012474 4.186639 5.417563
v 21.012474 4.169752 5.463883
v 21.012474 4.144689 5.495227
v 21.012474 3.888760 5.117474
v 21.012474 3.865785 5.038116
v 21.012474 3.334355 4.911015
v 21.012474 3.224056 4.904933
v 21.012474 3.298597 4.923488
v 21.012474 3.258225 4.921261
v 21.012474 3.854033 4.813458
v 21.012474 3.728582 4.796233
v 21.012474 3.622366 4.796783
v 21.012474 3.444458 4.847572
v 21.012474 3.563686 4.804878
v 21.012474 3.498568 4.823468
v 21.012474 2.271441 4.882581
v 21.012474 2.233659 4.851057
v 21.012474 2.257337 4.881866
v 21.012474 2.245204 4.875624
v 21.012474 2.236889 4.864805
v 21.012474 2.680117 4.915835
v 21.012474 2.553149 4.873386
v 21.012474 2.648961 4.912165
v 21.012474 2.613892 4.902810
v 21.012474 2.580247 4.889192
v 21.012474 2.838650 4.893116
v 21.012474 2.788158 4.870522
v 21.012474 2.824495 4.881819
v 21.012474 2.806014 4.873549
v 21.012474 1.988211 4.901630
v 21.012474 2.025816 4.881970
v 21.012474 2.005573 4.882147
v 21.012474 2.117748 4.939391
v 21.012474 2.088817 4.935570
v 21.012474 2.061658 4.921592
v 21.012474 1.917652 5.039296
v 21.012474 1.593943 5.628868
v 21.085098 3.937475 5.207139
v 20.953272 3.189270 4.888880
v 20.941517 3.176105 4.860500
v 20.989378 2.998379 4.976047
v 20.990217 2.910614 4.978074
v 20.950754 2.765800 4.882799
v 20.968386 2.717528 4.925368
v 20.930601 2.476172 4.834147
v 20.933960 2.329164 4.842256
v 20.954952 2.278699 4.892934
v 20.930601 2.232622 4.834147
v 20.975943 2.162409 4.943613
v 21.258307 1.447380 5.625295
v 21.139338 4.192780 5.338083
v 21.194256 4.115266 5.470664
v 21.160097 4.186639 5.388199
v 21.177822 4.169752 5.430993
v 21.189817 4.144689 5.459951
v 21.045258 3.888760 5.110952
v 21.014889 3.865785 5.037635
v 20.983641 3.853209 4.962197
v 20.966249 3.334355 4.920209
v 20.963923 3.224056 4.914590
v 20.971022 3.298597 4.931733
v 20.970171 3.258225 4.929676
v 20.928917 3.854033 4.830079
v 20.922323 3.728582 4.814165
v 20.922535 3.622366 4.814673
v 20.941971 3.444458 4.861596
v 20.925632 3.563686 4.822152
v 20.932747 3.498568 4.839327
v 20.955368 2.271441 4.893940
v 20.943304 2.233659 4.864816
v 20.955095 2.257337 4.893279
v 20.952705 2.245204 4.887512
v 20.948566 2.236889 4.877517
v 20.968094 2.680117 4.924663
v 20.951849 2.553149 4.885445
v 20.966690 2.648962 4.921272
v 20.963110 2.613892 4.912629
v 20.957899 2.580247 4.900048
v 20.959400 2.838650 4.903673
v 20.950754 2.788158 4.882799
v 20.955076 2.824495 4.893236
v 20.951912 2.806014 4.885595
v 20.962658 1.988211 4.911539
v 20.955135 2.025816 4.893375
v 20.955202 2.005573 4.893539
v 20.977108 2.117748 4.946425
v 20.975647 2.088817 4.942895
v 20.970297 2.061658 4.929981
v 21.255873 1.564339 5.619423
v 21.015341 1.917652 5.038726
v 21.240959 1.593943 5.583419
v 21.146667 3.937475 5.165999
v 20.903084 3.189270 4.922415
v 20.881363 3.176105 4.900694
v 20.969797 2.998379 4.989130
v 20.971350 2.910614 4.990681
v 20.898430 2.765800 4.917760
v 20.931011 2.717528 4.950342
v 20.861193 2.476172 4.880525
v 20.867399 2.329164 4.886731
v 20.906187 2.278699 4.925518
v 20.861193 2.232622 4.880525
v 20.944973 2.162409 4.964305
v 21.462242 1.564284 5.481574
v 21.466711 1.447380 5.486042
v 21.246889 4.192780 5.266221
v 21.348362 4.115266 5.367693
v 21.285246 4.186639 5.304577
v 21.317999 4.169752 5.337330
v 21.340162 4.144689 5.359494
v 20.934654 3.852015 4.953987
v 21.073050 3.888760 5.092382
v 21.016935 3.865785 5.036267
v 20.927061 3.334355 4.946393
v 20.922762 3.224056 4.942093
v 20.935881 3.298597 4.955213
v 20.934307 3.258225 4.953639
v 20.858078 3.854033 4.877411
v 20.845900 3.728582 4.865231
v 20.846289 3.622366 4.865620
v 20.882202 3.444458 4.901533
v 20.852013 3.563686 4.871344
v 20.865158 3.498568 4.884489
v 20.906956 2.271441 4.926288
v 20.884666 2.233659 4.903997
v 20.906450 2.257337 4.925782
v 20.902037 2.245204 4.921368
v 20.894386 2.236889 4.913718
v 20.930471 2.680117 4.949802
v 20.900455 2.553149 4.919786
v 20.927876 2.648962 4.947207
v 20.921261 2.613892 4.940592
v 20.911631 2.580247 4.930963
v 20.914406 2.838650 4.933737
v 20.898430 2.788158 4.917760
v 20.906418 2.824495 4.925749
v 20.900570 2.806014 4.919901
v 20.920425 1.988211 4.939757
v 20.906525 2.025816 4.925856
v 20.906651 2.005573 4.925981
v 20.947126 2.117748 4.966458
v 20.944426 2.088817 4.963757
v 20.934542 2.061658 4.953873
v 21.017771 1.917652 5.037102
v 21.434660 1.593943 5.453992
v 21.187807 3.937475 5.104431
v 20.869549 3.189270 4.972604
v 20.841167 3.176105 4.960849
v 20.956715 2.998379 5.008709
v 20.958742 2.910614 5.009549
v 20.863466 2.765800 4.970085
v 20.906036 2.717528 4.987718
v 20.814816 2.476172 4.949933
v 20.822924 2.329164 4.953291
v 20.873602 2.278699 4.974283
v 20.814816 2.232622 4.949933
v 20.924280 2.162409 4.995275
v 21.605963 1.447380 5.277637
v 21.318752 4.192780 5.158670
v 21.451332 4.115266 5.213587
v 21.368868 4.186639 5.179429
v 21.411661 4.169752 5.197155
v 21.440619 4.144689 5.209149
v 21.091621 3.888760 5.064590
v 21.018303 3.865785 5.034220
v 20.942865 3.853209 5.002973
v 20.900877 3.334355 4.985581
v 20.895258 3.224056 4.983253
v 20.912401 3.298597 4.990354
v 20.910345 3.258225 4.989502
v 20.810747 3.854033 4.948248
v 20.794832 3.728582 4.941656
v 20.795341 3.622366 4.941866
v 20.842264 3.444458 4.961303
v 20.802820 3.563686 4.944964
v 20.819996 3.498568 4.952078
v 20.874609 2.271441 4.974699
v 20.845484 2.233659 4.962636
v 20.873947 2.257337 4.974426
v 20.868181 2.245204 4.972037
v 20.858185 2.236889 4.967897
v 20.905331 2.680117 4.987426
v 20.866114 2.553149 4.971181
v 20.901941 2.648962 4.986021
v 20.893297 2.613892 4.982441
v 20.880716 2.580247 4.977230
v 20.884342 2.838650 4.978732
v 20.863466 2.788158 4.970085
v 20.873903 2.824495 4.974408
v 20.866264 2.806014 4.971243
v 20.892208 1.988211 4.981989
v 20.874044 2.025816 4.974466
v 20.874208 2.005573 4.974534
v 20.927094 2.117748 4.996440
v 20.923563 2.088817 4.994977
v 20.910650 2.061658 4.989628
v 21.600092 1.564339 5.275205
v 21.019394 1.917652 5.034672
v 21.564087 1.593943 5.260291
v 21.487492 4.115201 5.031806
v 21.202253 3.937475 5.031806
v 20.857773 3.189270 5.031806
v 20.827055 3.176105 5.031806
v 20.952120 2.998379 5.031806
v 20.954315 2.910614 5.031806
v 20.851191 2.765800 5.031806
v 20.897266 2.717528 5.031806
v 20.798531 2.476172 5.031806
v 20.807306 2.329164 5.031806
v 20.862160 2.278699 5.031806
v 20.798531 2.232622 5.031806
v 20.917015 2.162409 5.031806
v 21.654861 1.447380 5.031806
v 21.343987 4.192780 5.031806
v 21.398232 4.186639 5.031806
v 21.444551 4.169752 5.031806
v 21.475895 4.144689 5.031806
v 21.098141 3.888760 5.031806
v 21.018784 3.865785 5.031806
v 20.891684 3.334355 5.031806
v 20.885601 3.224056 5.031806
v 20.904156 3.298597 5.031806
v 20.901930 3.258225 5.031806
v 20.794127 3.854033 5.031806
v 20.776901 3.728582 5.031806
v 20.777451 3.622366 5.031806
v 20.828239 3.444458 5.031806
v 20.785545 3.563686 5.031806
v 20.804136 3.498568 5.031806
v 20.863249 2.271441 5.031806
v 20.831726 2.233659 5.031806
v 20.862534 2.257337 5.031806
v 20.856291 2.245204 5.031806
v 20.845472 2.236889 5.031806
v 20.896503 2.680117 5.031806
v 20.854053 2.553149 5.031806
v 20.892834 2.648962 5.031806
v 20.883478 2.613892 5.031806
v 20.869860 2.580247 5.031806
v 20.873785 2.838650 5.031806
v 20.851191 2.788158 5.031806
v 20.862488 2.824495 5.031806
v 20.854218 2.806014 5.031806
v 20.882298 1.988211 5.031806
v 20.862638 2.025816 5.031806
v 20.862816 2.005573 5.031806
v 20.920059 2.117748 5.031806
v 20.916237 2.088817 5.031806
v 20.902260 2.061658 5.031806
v 21.648506 1.564339 5.031806
v 21.019964 1.917652 5.031806
v 21.609535 1.593943 5.031806
v 21.187807 3.937475 4.959181
v 20.869549 3.189270 5.091008
v 20.841167 3.176105 5.102763
v 20.956715 2.998379 5.054902
v 20.958742 2.910614 5.054062
v 20.863466 2.765800 5.093526
v 20.906036 2.717528 5.075893
v 20.814816 2.476172 5.113678
v 20.822924 2.329164 5.110320
v 20.873602 2.278699 5.089328
v 20.814816 2.232622 5.113678
v 20.924280 2.162409 5.068336
v 21.605963 1.447380 4.785974
v 21.318752 4.192780 4.904942
v 21.451332 4.115266 4.850025
v 21.368868 4.186639 4.884183
v 21.411661 4.169752 4.866457
v 21.440619 4.144689 4.854462
v 21.091621 3.888760 4.999022
v 21.018303 3.865785 5.029391
v 20.942865 3.853209 5.060639
v 20.900877 3.334355 5.078031
v 20.895258 3.224056 5.080358
v 20.912401 3.298597 5.073257
v 20.910343 3.258225 5.074109
v 20.810747 3.854033 5.115364
v 20.794832 3.728582 5.121956
v 20.795341 3.622366 5.121745
v 20.842264 3.444458 5.102309
v 20.802820 3.563686 5.118647
v 20.819996 3.498568 5.111533
v 20.874609 2.271441 5.088912
v 20.845484 2.233659 5.100975
v 20.873947 2.257337 5.089185
v 20.868179 2.245204 5.091574
v 20.858185 2.236889 5.095714
v 20.905331 2.680117 5.076186
v 20.866114 2.553149 5.092430
v 20.901941 2.648962 5.077590
v 20.893297 2.613892 5.081171
v 20.880716 2.580247 5.086381
v 20.884342 2.838650 5.084880
v 20.863466 2.788158 5.093526
v 20.873903 2.824495 5.089203
v 20.866264 2.806014 5.092368
v 20.892206 1.988211 5.081622
v 20.874044 2.025816 5.089145
v 20.874207 2.005573 5.089077
v 20.927094 2.117748 5.067171
v 20.923563 2.088817 5.068634
v 20.910650 2.061658 5.073983
v 21.600092 1.564339 4.788406
v 21.019394 1.917652 5.028939
v 21.564087 1.593943 4.803320
v 21.146667 3.937474 4.897612
v 20.903084 3.189270 5.141196
v 20.881363 3.176105 5.162918
v 20.969797 2.998379 5.074482
v 20.971350 2.910614 5.072930
v 20.898428 2.765800 5.145851
v 20.931009 2.717528 5.113269
v 20.861193 2.476172 5.183087
v 20.867399 2.329164 5.176881
v 20.906185 2.278699 5.138093
v 20.861193 2.232622 5.183087
v 20.944973 2.162409 5.099306
v 21.462242 1.564284 4.582037
v 21.466711 1.447380 4.577569
v 21.246889 4.192780 4.797391
v 21.348362 4.115266 4.695918
v 21.285246 4.186639 4.759034
v 21.317999 4.169752 4.726281
v 21.340162 4.144689 4.704118
v 21.073050 3.888760 4.971230
v 21.016935 3.865785 5.027344
v 20.927061 3.334355 5.117218
v 20.922762 3.224056 5.121519
v 20.935881 3.298597 5.108398
v 20.934307 3.258225 5.109972
v 20.858078 3.854033 5.186201
v 20.845898 3.728582 5.198381
v 20.846289 3.622366 5.197992
v 20.882200 3.444458 5.162079
v 20.852013 3.563686 5.192268
v 20.865156 3.498568 5.179123
v 20.906956 2.271441 5.137324
v 20.884665 2.233659 5.159614
v 20.906450 2.257337 5.137829
v 20.902037 2.245204 5.142243
v 20.894386 2.236889 5.149893
v 20.930470 2.680117 5.113809
v 20.900454 2.553149 5.143825
v 20.927876 2.648961 5.116404
v 20.921259 2.613892 5.123020
v 20.911631 2.580247 5.132649
v 20.914406 2.838650 5.129874
v 20.898428 2.788158 5.145851
v 20.906418 2.824495 5.137863
v 20.900570 2.806014 5.143711
v 20.920425 1.988211 5.123854
v 20.906525 2.025816 5.137756
v 20.906649 2.005573 5.137630
v 20.947126 2.117748 5.097153
v 20.944424 2.088817 5.099855
v 20.934540 2.061658 5.109739
v 21.017771 1.917652 5.026509
v 21.434660 1.593943 4.609619
v 21.085098 3.937475 4.856473
v 20.953272 3.189270 5.174732
v 20.941517 3.176105 5.203112
v 20.989378 2.998379 5.087565
v 20.990217 2.910614 5.085538
v 20.950752 2.765800 5.180813
v 20.968386 2.717528 5.138243
v 20.930601 2.476172 5.229464
v 20.933960 2.329164 5.221355
v 20.954952 2.278699 5.170677
v 20.930601 2.232622 5.229464
v 20.975943 2.162409 5.119999
v 21.258305 1.447380 4.438316
v 21.139338 4.192780 4.725528
v 21.194254 4.115266 4.592947
v 21.160097 4.186639 4.675413
v 21.177822 4.169752 4.632618
v 21.189817 4.144689 4.603661
v 20.970358 3.852015 5.133482
v 21.045258 3.888760 4.952659
v 21.014889 3.865785 5.025976
v 20.983641 3.853209 5.101415
v 20.966249 3.334355 5.143402
v 20.963923 3.224056 5.149021
v 20.971022 3.298597 5.131879
v 20.970171 3.258225 5.133935
v 20.928917 3.854033 5.233533
v 20.922323 3.728582 5.249447
v 20.922535 3.622366 5.248939
v 20.941971 3.444458 5.202015
v 20.925632 3.563686 5.241460
v 20.932747 3.498568 5.224285
v 20.955368 2.271441 5.169672
v 20.943304 2.233659 5.198796
v 20.955093 2.257337 5.170332
v 20.952705 2.245204 5.176099
v 20.948565 2.236889 5.186094
v 20.968094 2.680117 5.138948
v 20.951849 2.553149 5.178166
v 20.966690 2.648962 5.142339
v 20.963110 2.613892 5.150983
v 20.957897 2.580247 5.163564
v 20.959400 2.838650 5.159938
v 20.950752 2.788158 5.180813
v 20.955076 2.824495 5.170376
v 20.951912 2.806014 5.178016
v 20.962658 1.988211 5.152072
v 20.955133 2.025816 5.170236
v 20.955202 2.005573 5.170072
v 20.977108 2.117748 5.117186
v 20.975645 2.088817 5.120717
v 20.970297 2.061658 5.133630
v 21.255873 1.564339 4.444188
v 21.015341 1.917652 5.024886
v 21.240959 1.593943 4.480193
v 21.012474 3.937475 4.842027
v 21.012474 3.189270 5.186508
v 21.012474 3.176105 5.217226
v 21.012474 2.998379 5.092159
v 21.012474 2.910614 5.089965
v 21.012474 2.765800 5.193090
v 21.012474 2.717528 5.147013
v 21.012474 2.476172 5.245749
v 21.012474 2.329164 5.236973
v 21.012474 2.278699 5.182119
v 21.012474 2.232622 5.245749
v 21.012474 2.162409 5.127265
v 21.012474 1.447380 4.389418
v 21.012474 4.192780 4.700294
v 21.012474 4.115266 4.556789
v 21.012474 4.186639 4.646049
v 21.012474 4.169752 4.599729
v 21.012474 4.144689 4.568385
v 21.012474 3.888760 4.946138
v 21.012474 3.865785 5.025496
v 21.012474 3.334355 5.152597
v 21.012474 3.224056 5.158679
v 21.012474 3.298597 5.140124
v 21.012474 3.258225 5.142350
v 21.012474 3.854033 5.250154
v 21.012474 3.728582 5.267379
v 21.012474 3.622366 5.266829
v 21.012474 3.444458 5.216040
v 21.012474 3.563686 5.258734
v 21.012474 3.498568 5.240143
v 21.012474 2.271441 5.181031
v 21.012474 2.233659 5.212554
v 21.012474 2.257337 5.181746
v 21.012474 2.245204 5.187988
v 21.012474 2.236889 5.198807
v 21.012474 2.680117 5.147777
v 21.012474 2.553149 5.190225
v 21.012474 2.648962 5.151446
v 21.012474 2.613892 5.160802
v 21.012474 2.580247 5.174419
v 21.012474 2.838650 5.170496
v 21.012474 2.788158 5.193090
v 21.012474 2.824495 5.181793
v 21.012474 2.806014 5.190063
v 21.012474 1.988211 5.161982
v 21.012474 2.025816 5.181642
v 21.012474 2.005573 5.181464
v 21.012474 2.117748 5.124220
v 21.012474 2.088817 5.128042
v 21.012474 2.061658 5.142020
v 21.012474 1.564339 4.395773
v 21.012474 1.917652 5.024316
v 21.012474 1.593943 4.434744
v 20.830692 4.115201 4.592946
v 20.939848 3.937475 4.856473
v 21.096025 3.854097 5.233519
v 21.071676 3.189270 5.174732
v 21.083431 3.176105 5.203112
v 21.035570 2.998379 5.087565
v 21.034731 2.910614 5.085538
v 21.074194 2.765800 5.180813
v 21.056562 2.717528 5.138243
v 21.094347 2.476172 5.229464
v 21.090988 2.329164 5.221356
v 21.069996 2.278699 5.170678
v 21.094347 2.232622 5.229464
v 21.049006 2.162409 5.119999
v 20.769060 1.564284 4.444155
v 20.766642 1.447380 4.438317
v 20.885609 4.192780 4.725528
v 20.864851 4.186639 4.675413
v 20.847126 4.169752 4.632619
v 20.835131 4.144689 4.603661
v 20.979691 3.888760 4.952659
v 21.010059 3.865785 5.025977
v 21.041307 3.853209 5.101415
v 21.058699 3.334355 5.143402
v 21.061026 3.224056 5.149021
v 21.053925 3.298597 5.131879
v 21.054777 3.258225 5.133936
v 21.102623 3.728582 5.249447
v 21.102413 3.622366 5.248939
v 21.082977 3.444458 5.202015
v 21.099316 3.563686 5.241460
v 21.092201 3.498568 5.224285
v 21.069580 2.271441 5.169672
v 21.081644 2.233659 5.198796
v 21.069853 2.257337 5.170333
v 21.072243 2.245204 5.176100
v 21.076382 2.236889 5.186094
v 21.056854 2.680117 5.138949
v 21.073099 2.553149 5.178166
v 21.058258 2.648962 5.142339
v 21.061838 2.613892 5.150983
v 21.067049 2.580247 5.163564
v 21.065548 2.838650 5.159938
v 21.074194 2.788158 5.180813
v 21.069872 2.824495 5.170376
v 21.073036 2.806014 5.178017
v 21.062290 1.988211 5.152073
v 21.069813 2.025816 5.170236
v 21.069746 2.005573 5.170073
v 21.047840 2.117748 5.117186
v 21.049301 2.088817 5.120717
v 21.054651 2.061658 5.133630
v 21.009607 1.917652 5.024886
v 20.783987 1.593943 4.480193
v 20.676584 4.115201 4.695917
v 20.878281 3.937475 4.897612
v 21.166859 3.854097 5.186190
v 21.121864 3.189270 5.141197
v 21.143585 3.176105 5.162918
v 21.055151 2.998379 5.074482
v 21.053598 2.910614 5.072931
v 21.126518 2.765800 5.145851
v 21.093937 2.717528 5.113270
v 21.163755 2.476172 5.183087
v 21.157549 2.329164 5.176881
v 21.118761 2.278699 5.138093
v 21.163755 2.232622 5.183087
v 21.079975 2.162409 5.099306
v 20.562704 1.564284 4.582037
v 20.558237 1.447380 4.577569
v 20.778059 4.192780 4.797391
v 20.739702 4.186639 4.759035
v 20.706949 4.169752 4.726281
v 20.684786 4.144689 4.704118
v 21.090294 3.852015 5.109625
v 20.951899 3.888760 4.971230
v 21.008013 3.865785 5.027344
v 21.097885 3.334355 5.117218
v 21.102186 3.224056 5.121519
v 21.089067 3.298597 5.108398
v 21.090641 3.258225 5.109973
v 21.179049 3.728582 5.198381
v 21.178659 3.622366 5.197992
v 21.142746 3.444458 5.162079
v 21.172935 3.563686 5.192268
v 21.159790 3.498568 5.179123
v 21.117992 2.271441 5.137324
v 21.140282 2.233659 5.159615
v 21.118498 2.257337 5.137830
v 21.122911 2.245204 5.142243
v 21.130562 2.236889 5.149893
v 21.094477 2.680117 5.113810
v 21.124493 2.553149 5.143826
v 21.097073 2.648962 5.116405
v 21.103687 2.613892 5.123020
v 21.113317 2.580247 5.132649
v 21.110542 2.838650 5.129874
v 21.126518 2.788158 5.145851
v 21.118530 2.824495 5.137863
v 21.124378 2.806014 5.143711
v 21.104523 1.988211 5.123854
v 21.118423 2.025816 5.137756
v 21.118298 2.005573 5.137630
v 21.077822 2.117748 5.097153
v 21.080523 2.088817 5.099855
v 21.090406 2.061658 5.109739
v 21.007177 1.917652 5.026510
v 20.590286 1.593943 4.609620
v 20.573614 4.115201 4.850024
v 20.837141 3.937475 4.959181
v 21.155399 3.189270 5.091008
v 21.183779 3.176105 5.102763
v 21.068233 2.998379 5.054902
v 21.066206 2.910614 5.054062
v 21.161482 2.765800 5.093527
v 21.118912 2.717528 5.075894
v 21.210133 2.476172 5.113679
v 21.202024 2.329164 5.110320
v 21.151346 2.278699 5.089329
v 21.210133 2.232622 5.113679
v 21.100668 2.162409 5.068337
v 20.424822 1.564284 4.788393
v 20.418985 1.447380 4.785975
v 20.706196 4.192780 4.904942
v 20.656080 4.186639 4.884183
v 20.613287 4.169752 4.866457
v 20.584330 4.144689 4.854462
v 20.933327 3.888760 4.999022
v 21.006645 3.865785 5.029391
v 21.082083 3.853209 5.060639
v 21.124071 3.334355 5.078031
v 21.129690 3.224056 5.080358
v 21.112547 3.298597 5.073257
v 21.114603 3.258225 5.074110
v 21.214201 3.854033 5.115364
v 21.230116 3.728582 5.121956
v 21.229607 3.622366 5.121745
v 21.182684 3.444458 5.102309
v 21.222128 3.563686 5.118648
v 21.204952 3.498568 5.111533
v 21.150339 2.271441 5.088912
v 21.179464 2.233659 5.100976
v 21.151001 2.257337 5.089186
v 21.156767 2.245204 5.091575
v 21.166763 2.236889 5.095715
v 21.119617 2.680117 5.076186
v 21.158834 2.553149 5.092431
v 21.123007 2.648962 5.077590
v 21.131651 2.613892 5.081171
v 21.144232 2.580247 5.086382
v 21.140606 2.838650 5.084880
v 21.161482 2.788158 5.093527
v 21.151043 2.824495 5.089203
v 21.158684 2.806014 5.092369
v 21.132740 1.988211 5.081622
v 21.150904 2.025816 5.089146
v 21.150740 2.005573 5.089078
v 21.097855 2.117748 5.067172
v 21.101385 2.088817 5.068634
v 21.114298 2.061658 5.073983
v 21.005554 1.917652 5.028940
v 20.460861 1.593943 4.803320
v 20.902086 3.974392 5.031806
v 20.910488 3.974392 5.074049
v 20.934418 3.974392 5.109862
v 20.970230 3.974392 5.133791
v 21.012474 3.974392 5.142194
v 21.054718 3.974392 5.133791
v 21.090530 3.974392 5.109862
v 21.114460 3.974392 5.074049
v 21.122862 3.974392 5.031806
v 21.114458 3.974392 4.989563
v 21.090530 3.974392 4.953750
v 21.054718 3.974392 4.929821
v 21.012474 3.974392 4.921418
v 20.970230 3.974392 4.929821
v 20.934418 3.974392 4.953750
v 20.910488 3.974392 4.989562
v 20.882149 4.037332 5.031806
v 20.892069 4.037332 5.081679
v 20.920321 4.037332 5.123960
v 20.962601 4.037332 5.152210
v 21.012474 4.037332 5.162131
v 21.062347 4.037332 5.152210
v 21.104628 4.037332 5.123960
v 21.132879 4.037332 5.081679
v 21.142799 4.037332 5.031806
v 21.132879 4.037332 4.981933
v 21.104628 4.037332 4.939652
v 21.062347 4.037332 4.911401
v 21.012474 4.037332 4.901481
v 20.962601 4.037332 4.911401
v 20.920321 4.037332 4.939652
v 20.892069 4.037332 4.981933
v 20.920441 4.136624 5.031806
v 20.927446 4.136624 5.067026
v 20.947397 4.136624 5.096883
v 20.977255 4.136624 5.116834
v 21.012474 4.136624 5.123839
v 21.047695 4.136624 5.116833
v 21.077553 4.136624 5.096883
v 21.097502 4.136624 5.067025
v 21.104507 4.136624 5.031806
v 21.097502 4.136624 4.996586
v 21.077553 4.136624 4.966729
v 21.047695 4.136624 4.946778
v 21.012474 4.136624 4.939773
v 20.977255 4.136624 4.946778
v 20.947397 4.136624 4.966729
v 20.927446 4.136624 4.996586
v 20.835449 4.136718 5.031806
v 20.825281 4.117679 5.031806
v 20.822670 4.131153 5.031806
v 20.839529 4.117679 5.103442
v 20.848925 4.136718 5.099550
v 20.837118 4.131153 5.104441
v 20.880108 4.117679 5.164172
v 20.887299 4.136718 5.156981
v 20.878262 4.131153 5.166018
v 20.940838 4.117679 5.204750
v 20.944731 4.136718 5.195355
v 20.939838 4.131153 5.207162
v 21.012474 4.117679 5.218999
v 21.012474 4.136718 5.208830
v 21.012474 4.131152 5.221611
v 21.084110 4.117679 5.204750
v 21.080219 4.136718 5.195354
v 21.085110 4.131153 5.207162
v 21.144840 4.117679 5.164172
v 21.137650 4.136718 5.156981
v 21.146687 4.131153 5.166018
v 21.185419 4.117679 5.103442
v 21.176023 4.136718 5.099550
v 21.187830 4.131153 5.104441
v 21.199667 4.117679 5.031806
v 21.189499 4.136718 5.031806
v 21.202278 4.131153 5.031806
v 21.185419 4.117679 4.960170
v 21.176023 4.136718 4.964062
v 21.187830 4.131153 4.959171
v 21.144840 4.117679 4.899440
v 21.137650 4.136718 4.906631
v 21.146687 4.131152 4.897594
v 21.084110 4.117679 4.858861
v 21.080217 4.136718 4.868257
v 21.085110 4.131153 4.856449
v 21.012474 4.117679 4.844613
v 21.012474 4.136718 4.854782
v 21.012474 4.131153 4.842001
v 20.940838 4.117679 4.858862
v 20.944731 4.136718 4.868257
v 20.939838 4.131153 4.856450
v 20.880108 4.117679 4.899440
v 20.887299 4.136718 4.906631
v 20.878262 4.131153 4.897594
v 20.839529 4.117679 4.960170
v 20.848925 4.136718 4.964062
v 20.837118 4.131153 4.959171
v 18.748304 4.000778 5.031806
v 19.033543 3.823052 5.031806
v 18.891809 4.078357 5.031806
v 18.837564 4.072217 5.031806
v 18.791245 4.055329 5.031806
v 18.759901 4.030266 5.031806
v 19.137655 3.774338 5.031806
v 19.217012 3.751363 5.031806
v 18.784462 4.000778 5.213588
v 19.047989 3.823052 5.104431
v 18.917046 4.078357 5.158670
v 18.866930 4.072217 5.179429
v 18.824135 4.055329 5.197155
v 18.795177 4.030266 5.209149
v 19.144176 3.774338 5.064590
v 19.217493 3.751363 5.034221
v 18.887434 4.000778 5.367695
v 19.089128 3.823052 5.166000
v 18.988907 4.078357 5.266221
v 18.950550 4.072217 5.304577
v 18.917797 4.055329 5.337330
v 18.895634 4.030266 5.359494
v 19.162746 3.774338 5.092382
v 19.218861 3.751363 5.036267
v 19.041540 4.000778 5.470666
v 19.150698 3.823052 5.207139
v 19.096458 4.078357 5.338083
v 19.075699 4.072217 5.388199
v 19.057974 4.055329 5.430993
v 19.045979 4.030266 5.459951
v 19.190538 3.774338 5.110952
v 19.220907 3.751363 5.037635
v 19.223322 4.000778 5.506824
v 19.223322 3.823052 5.221584
v 19.223322 4.078357 5.363318
v 19.223322 4.072217 5.417563
v 19.223322 4.055329 5.463883
v 19.223322 4.030266 5.495227
v 19.223322 3.774338 5.117474
v 19.223322 3.751362 5.038116
v 19.405104 4.000778 5.470666
v 19.295948 3.823052 5.207139
v 19.350187 4.078357 5.338083
v 19.370945 4.072217 5.388199
v 19.388672 4.055329 5.430993
v 19.400665 4.030266 5.459951
v 19.256105 3.774338 5.110952
v 19.225737 3.751363 5.037635
v 19.357515 3.823052 5.165999
v 19.457737 4.078357 5.266221
v 19.559210 4.000844 5.367693
v 19.496094 4.072217 5.304577
v 19.528847 4.055329 5.337330
v 19.551010 4.030266 5.359494
v 19.283899 3.774338 5.092382
v 19.227783 3.751363 5.036267
v 19.398655 3.823052 5.104431
v 19.529600 4.078357 5.158670
v 19.662180 4.000844 5.213587
v 19.579716 4.072217 5.179429
v 19.622509 4.055329 5.197155
v 19.651468 4.030266 5.209149
v 19.302469 3.774338 5.064590
v 19.229153 3.751363 5.034220
v 19.413101 3.823052 5.031806
v 19.554834 4.078357 5.031806
v 19.698339 4.000844 5.031806
v 19.609079 4.072217 5.031806
v 19.655399 4.055329 5.031806
v 19.686743 4.030266 5.031806
v 19.308990 3.774338 5.031806
v 19.229631 3.751363 5.031806
v 19.398655 3.823052 4.959181
v 19.529600 4.078357 4.904942
v 19.662180 4.000844 4.850025
v 19.579716 4.072217 4.884183
v 19.622509 4.055329 4.866457
v 19.651468 4.030266 4.854462
v 19.302469 3.774338 4.999022
v 19.229153 3.751363 5.029391
v 19.357515 3.823052 4.897612
v 19.457737 4.078357 4.797391
v 19.559210 4.000844 4.695918
v 19.496094 4.072217 4.759034
v 19.528847 4.055329 4.726281
v 19.551010 4.030266 4.704118
v 19.283897 3.774338 4.971230
v 19.227783 3.751362 5.027344
v 19.295948 3.823052 4.856473
v 19.350187 4.078357 4.725528
v 19.405104 4.000844 4.592947
v 19.370945 4.072217 4.675413
v 19.388672 4.055329 4.632618
v 19.400665 4.030266 4.603661
v 19.256105 3.774338 4.952659
v 19.225737 3.751363 5.025976
v 19.223322 3.823052 4.842027
v 19.223322 4.078357 4.700294
v 19.223322 4.000844 4.556789
v 19.223322 4.072217 4.646049
v 19.223322 4.055329 4.599729
v 19.223322 4.030266 4.568385
v 19.223322 3.774338 4.946138
v 19.223322 3.751363 5.025496
v 19.041540 4.000778 4.592946
v 19.150698 3.823052 4.856473
v 19.096458 4.078357 4.725528
v 19.075699 4.072217 4.675413
v 19.057974 4.055329 4.632619
v 19.045979 4.030266 4.603661
v 19.190538 3.774338 4.952659
v 19.220907 3.751363 5.025977
v 18.887434 4.000778 4.695917
v 19.089128 3.823052 4.897612
v 18.988907 4.078357 4.797391
v 18.950550 4.072217 4.759035
v 18.917797 4.055329 4.726281
v 18.895634 4.030266 4.704118
v 19.162746 3.774338 4.971230
v 19.218861 3.751363 5.027344
v 18.784462 4.000778 4.850024
v 19.047989 3.823052 4.959181
v 18.917046 4.078357 4.904942
v 18.866930 4.072217 4.884183
v 18.824135 4.055329 4.866457
v 18.795177 4.030266 4.854462
v 19.144176 3.774338 4.999022
v 19.217493 3.751363 5.029391
v 19.112934 3.859969 5.031806
v 19.121338 3.859969 5.074049
v 19.145266 3.859969 5.109862
v 19.181078 3.859969 5.133791
v 19.223322 3.859969 5.142194
v 19.265566 3.859969 5.133791
v 19.301378 3.859969 5.109862
v 19.325308 3.859969 5.074049
v 19.333710 3.859969 5.031806
v 19.325308 3.859969 4.989563
v 19.301378 3.859969 4.953750
v 19.265566 3.859969 4.929821
v 19.223322 3.859969 4.921418
v 19.181078 3.859969 4.929821
v 19.145266 3.859969 4.953750
v 19.121338 3.859969 4.989562
v 19.092999 3.922909 5.031806
v 19.102917 3.922909 5.081679
v 19.131168 3.922909 5.123960
v 19.173449 3.922909 5.152210
v 19.223322 3.922909 5.162131
v 19.273195 3.922909 5.152210
v 19.315475 3.922909 5.123960
v 19.343727 3.922909 5.081679
v 19.353647 3.922909 5.031806
v 19.343727 3.922909 4.981933
v 19.315475 3.922909 4.939652
v 19.273195 3.922909 4.911401
v 19.223322 3.922909 4.901481
v 19.173449 3.922909 4.911401
v 19.131168 3.922909 4.939652
v 19.102917 3.922909 4.981933
v 19.131290 4.022202 5.031806
v 19.138296 4.022202 5.067026
v 19.158245 4.022202 5.096883
v 19.188103 4.022202 5.116834
v 19.223324 4.022202 5.123839
v 19.258543 4.022202 5.116833
v 19.288401 4.022202 5.096883
v 19.308350 4.022202 5.067025
v 19.315355 4.022202 5.031806
v 19.308350 4.022202 4.996586
v 19.288401 4.022202 4.966729
v 19.258543 4.022202 4.946778
v 19.223324 4.022202 4.939773
v 19.188103 4.022202 4.946778
v 19.158245 4.022202 4.966729
v 19.138296 4.022202 4.996586
v 19.046299 4.022295 5.031806
v 19.036129 4.003256 5.031806
v 19.033518 4.016730 5.031806
v 19.050379 4.003256 5.103442
v 19.059774 4.022295 5.099550
v 19.047966 4.016730 5.104441
v 19.090956 4.003256 5.164172
v 19.098148 4.022295 5.156981
v 19.089109 4.016730 5.166018
v 19.151686 4.003256 5.204750
v 19.155579 4.022295 5.195355
v 19.150688 4.016730 5.207162
v 19.223322 4.003256 5.218999
v 19.223322 4.022295 5.208830
v 19.223322 4.016730 5.221611
v 19.294958 4.003256 5.204750
v 19.291067 4.022295 5.195354
v 19.295958 4.016730 5.207162
v 19.355688 4.003256 5.164172
v 19.348497 4.022295 5.156981
v 19.357534 4.016730 5.166018
v 19.396267 4.003256 5.103442
v 19.386871 4.022295 5.099550
v 19.398680 4.016730 5.104441
v 19.410515 4.003256 5.031806
v 19.400347 4.022295 5.031806
v 19.413126 4.016730 5.031806
v 19.396267 4.003256 4.960170
v 19.386871 4.022295 4.964062
v 19.398680 4.016730 4.959171
v 19.355688 4.003256 4.899440
v 19.348497 4.022295 4.906631
v 19.357534 4.016730 4.897594
v 19.294958 4.003256 4.858861
v 19.291067 4.022295 4.868257
v 19.295958 4.016730 4.856449
v 19.223322 4.003256 4.844613
v 19.223322 4.022295 4.854782
v 19.223322 4.016730 4.842001
v 19.151686 4.003256 4.858862
v 19.155579 4.022295 4.868257
v 19.150688 4.016730 4.856450
v 19.090956 4.003256 4.899440
v 19.098148 4.022295 4.906631
v 19.089109 4.016730 4.897594
v 19.050379 4.003256 4.960170
v 19.059774 4.022295 4.964062
v 19.047966 4.016730 4.959171
v 22.374706 4.005272 5.031806
v 22.659946 3.827546 5.031806
v 22.518211 4.082851 5.031806
v 22.463966 4.076710 5.031806
v 22.417646 4.059823 5.031806
v 22.386303 4.034760 5.031806
v 22.764057 3.778831 5.031806
v 22.843414 3.755856 5.031806
v 22.410864 4.005272 5.213588
v 22.674391 3.827546 5.104431
v 22.543446 4.082851 5.158670
v 22.493332 4.076710 5.179429
v 22.450537 4.059823 5.197155
v 22.421579 4.034760 5.209149
v 22.770576 3.778831 5.064590
v 22.843895 3.755856 5.034221
v 22.513836 4.005272 5.367695
v 22.715530 3.827546 5.166000
v 22.615309 4.082851 5.266221
v 22.576952 4.076710 5.304577
v 22.544199 4.059823 5.337330
v 22.522036 4.034760 5.359494
v 22.789148 3.778831 5.092382
v 22.845263 3.755856 5.036267
v 22.667942 4.005272 5.470666
v 22.777100 3.827546 5.207139
v 22.722860 4.082851 5.338083
v 22.702101 4.076710 5.388199
v 22.684376 4.059823 5.430993
v 22.672380 4.034760 5.459951
v 22.816940 3.778831 5.110952
v 22.847309 3.755856 5.037635
v 22.849724 4.005271 5.506824
v 22.849724 3.827546 5.221584
v 22.849724 4.082850 5.363318
v 22.849724 4.076710 5.417563
v 22.849724 4.059823 5.463883
v 22.849724 4.034760 5.495227
v 22.849724 3.778831 5.117474
v 22.849724 3.755856 5.038116
v 23.031506 4.005272 5.470666
v 22.922350 3.827546 5.207139
v 22.976589 4.082851 5.338083
v 22.997347 4.076710 5.388199
v 23.015072 4.059823 5.430993
v 23.027067 4.034760 5.459951
v 22.882507 3.778831 5.110952
v 22.852139 3.755856 5.037635
v 23.185614 4.005272 5.367695
v 22.983917 3.827546 5.165999
v 23.084139 4.082851 5.266221
v 23.122496 4.076710 5.304577
v 23.155249 4.059823 5.337330
v 23.177412 4.034760 5.359494
v 22.910301 3.778831 5.092382
v 22.854185 3.755856 5.036267
v 23.288584 4.005272 5.213587
v 23.025057 3.827546 5.104431
v 23.156002 4.082851 5.158670
v 23.206118 4.076710 5.179429
v 23.248911 4.059823 5.197155
v 23.277868 4.034760 5.209149
v 22.928871 3.778831 5.064590
v 22.855553 3.755856 5.034220
v 23.039503 3.827546 5.031806
v 23.181236 4.082851 5.031806
v 23.324741 4.005337 5.031806
v 23.235481 4.076710 5.031806
v 23.281801 4.059823 5.031806
v 23.313145 4.034760 5.031806
v 22.935392 3.778831 5.031806
v 22.856033 3.755856 5.031806
v 23.025057 3.827546 4.959181
v 23.156002 4.082851 4.904942
v 23.288582 4.005337 4.850025
v 23.206118 4.076710 4.884183
v 23.248911 4.059823 4.866457
v 23.277868 4.034760 4.854462
v 22.928871 3.778831 4.999022
v 22.855553 3.755856 5.029391
v 23.185614 4.005271 4.695917
v 22.983917 3.827546 4.897612
v 23.084139 4.082850 4.797391
v 23.122496 4.076710 4.759034
v 23.155249 4.059823 4.726281
v 23.177412 4.034760 4.704118
v 22.910299 3.778831 4.971230
v 22.854185 3.755856 5.027344
v 23.031506 4.005272 4.592946
v 22.922348 3.827546 4.856473
v 22.976589 4.082851 4.725528
v 22.997347 4.076710 4.675413
v 23.015072 4.059823 4.632618
v 23.027067 4.034760 4.603661
v 22.882507 3.778831 4.952659
v 22.852139 3.755856 5.025976
v 22.849724 4.005272 4.556787
v 22.849724 3.827546 4.842027
v 22.849724 4.082851 4.700294
v 22.849724 4.076710 4.646049
v 22.849724 4.059823 4.599729
v 22.849724 4.034760 4.568385
v 22.849724 3.778831 4.946138
v 22.849724 3.755856 5.025496
v 22.667942 4.005272 4.592946
v 22.777100 3.827546 4.856473
v 22.722860 4.082851 4.725528
v 22.702101 4.076710 4.675413
v 22.684376 4.059823 4.632619
v 22.672380 4.034760 4.603661
v 22.816940 3.778831 4.952659
v 22.847309 3.755856 5.025977
v 22.513836 4.005272 4.695917
v 22.715530 3.827546 4.897612
v 22.615309 4.082851 4.797391
v 22.576952 4.076710 4.759035
v 22.544199 4.059823 4.726281
v 22.522036 4.034760 4.704118
v 22.789148 3.778831 4.971230
v 22.845263 3.755856 5.027344
v 22.674391 3.827546 4.959181
v 22.543446 4.082851 4.904942
v 22.410866 4.005337 4.850025
v 22.493332 4.076710 4.884183
v 22.450537 4.059823 4.866457
v 22.421579 4.034760 4.854462
v 22.770576 3.778831 4.999022
v 22.843895 3.755856 5.029391
v 22.739336 3.864463 5.031806
v 22.747740 3.864463 5.074049
v 22.771667 3.864463 5.109862
v 22.807480 3.864463 5.133791
v 22.849724 3.864463 5.142194
v 22.891968 3.864463 5.133791
v 22.927780 3.864463 5.109862
v 22.951710 3.864463 5.074049
v 22.960112 3.864463 5.031806
v 22.951710 3.864463 4.989563
v 22.927780 3.864463 4.953750
v 22.891968 3.864463 4.929821
v 22.849724 3.864463 4.921418
v 22.807480 3.864463 4.929821
v 22.771667 3.864463 4.953750
v 22.747738 3.864463 4.989562
v 22.719398 3.927403 5.031806
v 22.729321 3.927403 5.081679
v 22.757570 3.927403 5.123960
v 22.799850 3.927403 5.152210
v 22.849724 3.927403 5.162131
v 22.899597 3.927403 5.152210
v 22.941877 3.927403 5.123960
v 22.970129 3.927403 5.081679
v 22.980049 3.927403 5.031806
v 22.970129 3.927403 4.981933
v 22.941877 3.927403 4.939652
v 22.899597 3.927403 4.911401
v 22.849724 3.927403 4.901481
v 22.799850 3.927403 4.911401
v 22.757570 3.927403 4.939652
v 22.729321 3.927403 4.981933
v 22.757692 4.026695 5.031806
v 22.764698 4.026695 5.067026
v 22.784647 4.026695 5.096883
v 22.814505 4.026695 5.116834
v 22.849724 4.026695 5.123839
v 22.884945 4.026696 5.116833
v 22.914803 4.026696 5.096883
v 22.934752 4.026696 5.067025
v 22.941757 4.026696 5.031806
v 22.934752 4.026696 4.996586
v 22.914803 4.026695 4.966729
v 22.884945 4.026696 4.946778
v 22.849726 4.026695 4.939773
v 22.814505 4.026695 4.946778
v 22.784647 4.026695 4.966729
v 22.764698 4.026695 4.996586
v 22.672701 4.026789 5.031806
v 22.662531 4.007750 5.031806
v 22.659920 4.021224 5.031806
v 22.676781 4.007750 5.103442
v 22.686176 4.026789 5.099550
v 22.674368 4.021224 5.104441
v 22.717358 4.007750 5.164172
v 22.724550 4.026789 5.156981
v 22.715511 4.021224 5.166018
v 22.778088 4.007750 5.204750
v 22.781981 4.026789 5.195355
v 22.777088 4.021224 5.207162
v 22.849724 4.007750 5.218999
v 22.849724 4.026789 5.208830
v 22.849724 4.021224 5.221611
v 22.921360 4.007750 5.204750
v 22.917469 4.026789 5.195354
v 22.922359 4.021224 5.207162
v 22.982090 4.007750 5.164172
v 22.974899 4.026789 5.156981
v 22.983936 4.021224 5.166018
v 23.022669 4.007750 5.103442
v 23.013273 4.026789 5.099550
v 23.025082 4.021224 5.104441
v 23.036917 4.007750 5.031806
v 23.026749 4.026789 5.031806
v 23.039528 4.021224 5.031806
v 23.022669 4.007750 4.960170
v 23.013273 4.026789 4.964062
v 23.025082 4.021224 4.959171
v 22.982090 4.007750 4.899440
v 22.974899 4.026789 4.906631
v 22.983936 4.021224 4.897594
v 22.921360 4.007750 4.858861
v 22.917469 4.026789 4.868257
v 22.922359 4.021224 4.856449
v 22.849724 4.007750 4.844613
v 22.849724 4.026789 4.854782
v 22.849724 4.021224 4.842001
v 22.778088 4.007750 4.858862
v 22.781981 4.026789 4.868257
v 22.777088 4.021224 4.856450
v 22.717358 4.007750 4.899440
v 22.724548 4.026789 4.906631
v 22.715511 4.021224 4.897594
v 22.676781 4.007750 4.960170
v 22.686174 4.026789 4.964062
v 22.674368 4.021224 4.959171
v 20.920441 4.904513 5.031806
v 20.927446 4.904513 5.067026
v 20.947397 4.904513 5.096883
v 20.977255 4.904513 5.116834
v 21.012474 4.904513 5.123839
v 21.047695 4.904513 5.116833
v 21.077553 4.904513 5.096883
v 21.097502 4.904513 5.067025
v 21.104507 4.904513 5.031806
v 21.097502 4.904513 4.996586
v 21.077553 4.904513 4.966729
v 21.047695 4.904513 4.946778
v 21.012474 4.904513 4.939773
v 20.977255 4.904513 4.946778
v 20.947397 4.904513 4.966729
v 20.927446 4.904513 4.996586
v 22.844772 4.912564 5.031806
v 22.845148 4.912564 5.033701
v 22.846222 4.912564 5.035308
v 22.847828 4.912564 5.036382
v 22.849724 4.912564 5.036758
v 22.851620 4.912564 5.036382
v 22.853226 4.912564 5.035308
v 22.854300 4.912564 5.033701
v 22.854677 4.912564 5.031806
v 22.854300 4.912564 5.029911
v 22.853226 4.912564 5.028304
v 22.851620 4.912564 5.027230
v 22.849724 4.912564 5.026853
v 22.847828 4.912564 5.027230
v 22.846222 4.912564 5.028304
v 22.845148 4.912564 5.029911
v 19.131290 4.924684 5.031806
v 19.138296 4.924684 5.067026
v 19.158245 4.924684 5.096883
v 19.188103 4.924684 5.116834
v 19.223324 4.924684 5.123839
v 19.258543 4.924684 5.116833
v 19.288401 4.924684 5.096883
v 19.308350 4.924684 5.067025
v 19.315355 4.924684 5.031806
v 19.308350 4.924684 4.996586
v 19.288401 4.924684 4.966729
v 19.258543 4.924684 4.946778
v 19.223324 4.924684 4.939773
v 19.188103 4.924684 4.946778
v 19.158245 4.924684 4.966729
v 19.138296 4.924684 4.996586
v 22.757692 4.912734 5.031806
v 22.764698 4.912734 5.067026
v 22.784647 4.912734 5.096883
v 22.814505 4.912734 5.116834
v 22.849724 4.912734 5.123839
v 22.884945 4.912735 5.116833
v 22.914803 4.912735 5.096883
v 22.934752 4.912735 5.067025
v 22.941757 4.912735 5.031806
v 22.934752 4.912735 4.996586
v 22.914803 4.912735 4.966729
v 22.884945 4.912735 4.946778
v 22.849726 4.912735 4.939773
v 22.814505 4.912734 4.946778
v 22.784647 4.912734 4.966729
v 22.764698 4.912734 4.996586
v 22.854300 4.946107 5.033701
v 22.854675 4.946107 5.031806
v 22.854300 4.946107 5.029911
v 22.845377 4.956814 5.031806
v 22.845707 4.956634 5.033701
v 22.846649 4.956119 5.035308
v 22.848061 4.955348 5.036382
v 22.849724 4.954440 5.036758
v 22.851387 4.953531 5.036382
v 22.852797 4.952761 5.035308
v 22.853739 4.952246 5.033701
v 22.854071 4.952065 5.031806
v 22.853739 4.952246 5.029911
v 22.852797 4.952761 5.028304
v 22.851387 4.953531 5.027230
v 22.849724 4.954440 5.026853
v 22.848061 4.955348 5.027230
v 22.846649 4.956119 5.028304
v 22.845707 4.956634 5.029911
v 21.003284 4.904279 5.031806
v 21.003660 4.904279 5.033701
v 21.004734 4.904279 5.035308
v 21.006340 4.904279 5.036382
v 21.008236 4.904279 5.036758
v 21.010132 4.904279 5.036382
v 21.011738 4.904279 5.035308
v 21.012812 4.904279 5.033701
v 21.013189 4.904279 5.031806
v 21.012812 4.904279 5.029911
v 21.011738 4.904279 5.028304
v 21.010132 4.904279 5.027230
v 21.008236 4.904279 5.026853
v 21.006340 4.904279 5.027230
v 21.004734 4.904279 5.028304
v 21.003660 4.904279 5.029911
v 21.012812 4.937822 5.033701
v 21.013187 4.937822 5.031806
v 21.012812 4.937822 5.029911
v 21.003889 4.948529 5.031806
v 21.004219 4.948348 5.033701
v 21.005161 4.947834 5.035308
v 21.006573 4.947063 5.036382
v 21.008236 4.946155 5.036758
v 21.009899 4.945246 5.036382
v 21.011309 4.944476 5.035308
v 21.012251 4.943961 5.033701
v 21.012583 4.943780 5.031806
v 21.012251 4.943961 5.029911
v 21.011309 4.944476 5.028304
v 21.009899 4.945246 5.027230
v 21.008236 4.946155 5.026853
v 21.006573 4.947063 5.027230
v 21.005161 4.947834 5.028304
v 21.004219 4.948348 5.029911
v 19.218338 4.924526 5.031806
v 19.218714 4.924526 5.033701
v 19.219788 4.924526 5.035308
v 19.221394 4.924526 5.036382
v 19.223289 4.924526 5.036758
v 19.225185 4.924526 5.036382
v 19.226791 4.924526 5.035308
v 19.227865 4.924526 5.033701
v 19.228243 4.924526 5.031806
v 19.227865 4.924526 5.029911
v 19.226791 4.924526 5.028304
v 19.225185 4.924526 5.027230
v 19.223289 4.924526 5.026853
v 19.221394 4.924526 5.027230
v 19.219788 4.924526 5.028304
v 19.218714 4.924526 5.029911
v 19.227865 4.958068 5.033701
v 19.228241 4.958068 5.031806
v 19.227865 4.958068 5.029911
v 19.218943 4.968776 5.031806
v 19.219273 4.968595 5.033701
v 19.220215 4.968080 5.035308
v 19.221626 4.967310 5.036382
v 19.223289 4.966401 5.036758
v 19.224953 4.965493 5.036382
v 19.226362 4.964722 5.035308
v 19.227304 4.964208 5.033701
v 19.227636 4.964027 5.031806
v 19.227304 4.964208 5.029911
v 19.226362 4.964722 5.028304
v 19.224953 4.965493 5.027230
v 19.223289 4.966401 5.026853
v 19.221626 4.967310 5.027230
v 19.220215 4.968080 5.028304
v 19.219273 4.968595 5.029911
vn -0.1439 0.1275 -0.9813
vn 0.3958 -0.3835 -0.8344
vn 0.0238 -0.0134 -0.9996
vn 0.6425 -0.6557 0.3965
vn 0.7484 -0.6633 -0.0000
vn 0.6804 -0.6030 0.4164
vn -0.0157 0.0074 0.9998
vn 0.5252 -0.5118 0.6798
vn 0.3658 -0.4446 0.8176
vn -0.6500 0.6489 0.3956
vn -0.5452 0.4831 0.6851
vn -0.7075 0.6270 0.3261
vn -0.6939 0.6973 -0.1800
vn -0.3958 -0.3835 -0.8344
vn -0.6804 -0.6030 -0.4164
vn -0.3968 -0.3517 -0.8479
vn -0.1702 -0.8509 -0.4969
vn -0.0842 -0.8605 -0.5024
vn -0.0971 -0.4910 -0.8657
vn 0.6720 -0.6325 -0.3851
vn 0.7410 -0.6715 -0.0000
vn 0.7266 -0.6871 -0.0000
vn -0.3838 0.0016 0.9234
vn -0.0695 0.0008 0.9976
vn -0.4763 0.0043 0.8793
vn -0.2090 -0.5004 -0.8402
vn -0.1499 -0.4938 -0.8565
vn 0.0066 0.0128 -0.9999
vn 0.0312 0.9995 -0.0000
vn 0.1184 0.9930 -0.0000
vn 0.1094 0.9930 0.0453
vn 0.1766 -0.5038 0.8456
vn 0.1122 -0.4982 0.8598
vn -0.0039 0.0106 0.9999
vn -0.6982 -0.7159 -0.0000
vn -0.5250 -0.7330 0.4325
vn -0.6426 -0.6557 0.3964
vn -0.5322 0.7253 0.4367
vn -0.6939 0.6973 0.1797
vn -0.4579 0.8890 -0.0000
vn -0.5929 0.8053 -0.0000
vn 0.5929 0.8053 -0.0000
vn 0.6499 0.6489 -0.3957
vn 0.7086 0.7056 -0.0000
vn 0.5250 -0.7330 0.4325
vn 0.6982 -0.7159 -0.0000
vn 0.3629 0.4436 -0.8195
vn 0.4650 0.7600 -0.4540
vn 0.2776 0.4628 -0.8419
vn -0.6767 0.6061 -0.4180
vn -0.4175 0.3972 -0.8172
vn -0.3938 0.3528 -0.8488
vn 0.5992 -0.6837 0.4165
vn 0.5790 -0.5281 0.6212
vn 0.6844 -0.6216 0.3810
vn -0.4441 -0.3924 -0.8055
vn -0.5343 -0.4882 -0.6901
vn -0.0220 -0.0095 -0.9997
vn -0.7484 -0.6633 -0.0000
vn -0.6804 -0.6030 0.4165
vn 0.0238 -0.0134 0.9996
vn -0.3237 0.4515 0.8315
vn -0.2371 0.4949 0.8360
vn 0.4038 0.7867 -0.4670
vn 0.3237 0.4515 -0.8315
vn 0.5322 0.7253 -0.4367
vn -0.0976 0.8659 0.4906
vn -0.0365 0.8653 0.5000
vn -0.0458 0.9989 -0.0000
vn 0.5794 -0.8150 -0.0000
vn 0.4003 -0.7921 -0.4608
vn 0.5250 -0.7330 -0.4325
vn -0.2387 -0.4734 -0.8479
vn -0.5250 -0.7330 -0.4325
vn -0.3433 -0.4648 -0.8162
vn 0.2387 -0.4734 0.8479
vn 0.3433 -0.4648 0.8162
vn -0.0238 -0.0134 0.9996
vn -0.3433 -0.4648 0.8162
vn -0.2387 -0.4734 0.8479
vn 0.4579 0.8890 -0.0000
vn -0.5794 -0.8150 -0.0000
vn -0.4003 -0.7921 0.4609
vn 0.4038 0.7867 0.4670
vn 0.3237 0.4514 0.8315
vn 0.2371 0.4949 0.8360
vn 0.3669 0.0013 0.9302
vn 0.0004 0.0005 1.0000
vn 0.3837 0.0036 0.9235
vn 0.6307 -0.7760 -0.0000
vn 0.4600 -0.7663 -0.4485
vn 0.5745 -0.7031 -0.4192
vn 0.3434 0.9392 -0.0000
vn 0.0752 0.8604 0.5041
vn 0.1219 0.4864 0.8652
vn 0.0422 0.4924 0.8694
vn 0.2999 0.8261 0.4771
vn -0.4491 -0.8935 -0.0000
vn -0.2979 -0.8232 0.4834
vn 0.2387 -0.4734 -0.8479
vn 0.2980 -0.8232 -0.4834
vn 0.1277 -0.5007 -0.8562
vn 0.1941 -0.8512 0.4877
vn 0.3375 -0.9413 -0.0000
vn 0.2979 -0.8231 0.4834
vn 0.2258 0.9742 -0.0000
vn 0.2999 0.8261 -0.4771
vn 0.8245 -0.4511 -0.3415
vn 0.6415 -0.4206 -0.6415
vn 0.6311 -0.4511 -0.6311
vn 0.0115 -0.9999 -0.0000
vn 0.0930 -0.8619 0.4984
vn 0.1190 -0.9929 -0.0000
vn -0.5971 0.6910 0.4074
vn -0.3986 0.4338 0.8080
vn -0.3522 0.4652 0.8121
vn -0.2999 0.8261 -0.4771
vn -0.2258 0.9742 -0.0000
vn -0.3433 0.9392 -0.0000
vn 0.6311 -0.4511 0.6311
vn 0.8382 -0.4206 0.3472
vn 0.8245 -0.4511 0.3415
vn 0.0046 -0.0202 -0.9998
vn 0.0387 -0.5077 -0.8606
vn -0.0447 -0.5064 -0.8612
vn 0.0447 -0.5064 0.8611
vn 0.1277 -0.5007 0.8562
vn -0.0746 -0.8664 -0.4938
vn -0.2212 -0.9752 -0.0000
vn -0.1941 -0.8512 -0.4876
vn 0.0874 0.9962 -0.0000
vn 0.1954 0.8459 -0.4963
vn 0.0752 0.8604 -0.5040
vn 0.1219 0.4864 -0.8652
vn 0.0104 -0.0182 0.9998
vn -0.1219 0.4864 0.8652
vn -0.0422 0.4924 0.8693
vn -0.2679 0.9634 -0.0000
vn -0.2357 0.8372 0.4935
vn -0.1707 0.8622 0.4769
vn -0.1277 -0.5007 -0.8562
vn 0.0747 -0.8664 0.4938
vn 0.2212 -0.9752 -0.0000
vn 0.0747 -0.8664 -0.4938
vn 0.1941 -0.8512 -0.4876
vn -0.5452 0.4832 -0.6851
vn -0.6500 0.6489 -0.3956
vn -0.7075 0.6270 -0.3261
vn -0.0387 -0.5077 0.8606
vn -0.0752 0.8604 -0.5040
vn 0.0435 0.9991 -0.0000
vn -0.0874 0.9962 -0.0000
vn -0.0435 0.9991 -0.0000
vn 0.0375 0.8630 0.5038
vn -0.0752 0.8604 0.5040
vn -0.0422 0.4924 -0.8693
vn 0.0375 0.8630 -0.5038
vn 0.0373 -0.8676 -0.4958
vn -0.0854 -0.9963 -0.0000
vn 0.0854 -0.9964 -0.0000
vn -0.0373 -0.8676 -0.4958
vn -0.0375 0.8630 0.5038
vn -0.0367 0.4905 0.8707
vn 0.0205 -0.0143 0.9997
vn 0.0046 -0.0202 0.9998
vn 0.2057 -0.4803 0.8526
vn 0.1340 -0.8589 -0.4944
vn -0.1346 0.8567 -0.4979
vn -0.0375 0.8630 -0.5037
vn -0.1346 0.8567 0.4980
vn 0.0367 0.4905 0.8707
vn 0.1346 0.8567 0.4979
vn -0.2025 0.4858 0.8503
vn -0.1382 0.4994 0.8553
vn 0.1382 0.4993 -0.8553
vn 0.0367 0.4905 -0.8707
vn -0.0046 -0.0202 -0.9998
vn 0.1346 0.8567 -0.4979
vn 0.1530 -0.9882 -0.0000
vn 0.0373 -0.8676 0.4958
vn 0.0427 -0.9991 -0.0000
vn 0.0387 -0.5077 0.8607
vn 0.1339 -0.8589 0.4944
vn 0.1411 -0.4898 0.8603
vn 0.3065 0.4702 0.8276
vn 0.4926 0.7497 0.4419
vn 0.4106 0.7827 0.4678
vn 0.2412 0.8366 0.4919
vn 0.1557 0.9878 -0.0000
vn 0.2779 0.9606 -0.0000
vn 0.2412 0.8366 -0.4919
vn 0.2721 -0.9623 -0.0000
vn -0.4038 0.7867 -0.4670
vn 0.1005 0.4978 0.8614
vn 0.0767 0.8612 0.5025
vn 0.0117 0.4911 0.8710
vn -0.3507 0.8063 -0.4764
vn -0.2779 0.9606 -0.0000
vn -0.3999 0.9166 -0.0000
vn 0.3481 -0.8111 -0.4700
vn 0.1411 -0.4898 -0.8603
vn 0.2057 -0.4803 -0.8526
vn 0.3001 0.6205 -0.7245
vn -0.0000 0.7416 -0.6708
vn -0.0000 0.6205 -0.7842
vn -0.2025 0.4858 -0.8503
vn -0.2412 0.8365 -0.4920
vn -0.2395 -0.8420 0.4833
vn -0.3928 -0.9196 -0.0000
vn -0.2722 -0.9623 -0.0000
vn -0.2395 -0.8420 -0.4833
vn 0.3481 -0.8111 0.4700
vn 0.2395 -0.8421 0.4833
vn -0.3403 0.8766 -0.3403
vn -0.2109 0.8344 -0.5092
vn -0.3897 0.8344 -0.3897
vn -0.5124 -0.8588 -0.0000
vn -0.3481 -0.8111 -0.4700
vn -0.4650 0.7600 -0.4540
vn -0.5232 0.8522 -0.0000
vn -0.2776 0.4628 -0.8419
vn -0.2776 0.4628 0.8419
vn -0.3507 0.8063 0.4763
vn 0.5124 -0.8588 -0.0000
vn 0.3999 0.9166 -0.0000
vn 0.3507 0.8063 -0.4764
vn 0.4601 -0.7663 0.4485
vn -0.6777 0.6278 -0.3829
vn -0.3986 0.4338 -0.8080
vn -0.4328 0.3789 -0.8180
vn -0.5992 -0.6837 -0.4165
vn -0.6844 -0.6217 -0.3809
vn -0.6777 0.6278 0.3829
vn -0.4328 0.3789 0.8180
vn 0.5744 -0.7031 0.4192
vn 0.2931 -0.4762 0.8291
vn 0.5810 0.6967 -0.4208
vn 0.5232 0.8522 -0.0000
vn 0.3629 0.4436 0.8195
vn 0.4650 0.7600 0.4540
vn 0.5810 0.6967 0.4209
vn 0.5816 -0.6966 0.4202
vn -0.1219 0.4864 -0.8652
vn -0.1954 0.8459 -0.4963
vn -0.5810 0.6967 0.4209
vn -0.4650 0.7600 0.4540
vn -0.5322 0.7254 -0.4366
vn 0.1690 -0.8436 -0.5097
vn 0.1122 -0.4982 -0.8598
vn 0.0683 -0.4944 -0.8666
vn -0.5048 0.4696 0.7243
vn -0.3629 0.4436 0.8195
vn 0.0220 -0.0095 0.9997
vn 0.5098 0.4725 0.7189
vn 0.6795 0.6257 0.3832
vn 0.6844 -0.6216 -0.3811
vn 0.6578 -0.7532 -0.0000
vn -0.6795 0.6256 0.3832
vn -0.6416 0.7671 -0.0000
vn -0.1411 -0.4898 0.8603
vn -0.1339 -0.8589 0.4943
vn -0.0205 -0.0143 0.9997
vn -0.0220 -0.0095 0.9997
vn -0.3789 -0.4525 0.8073
vn -0.6795 0.6256 -0.3832
vn -0.7365 0.6765 -0.0000
vn -0.6720 -0.6326 -0.3851
vn -0.3789 -0.4525 -0.8073
vn -0.5745 -0.7030 -0.4192
vn 0.3611 0.4646 0.8085
vn 0.5946 0.6927 0.4083
vn 0.3144 0.4639 0.8282
vn -0.7410 -0.6715 -0.0000
vn -0.7266 -0.6871 -0.0000
vn -0.0157 0.0074 -0.9998
vn -0.3776 0.4512 -0.8086
vn -0.0180 0.0121 -0.9998
vn -0.4600 -0.7663 -0.4485
vn -0.2057 -0.4803 -0.8526
vn 0.2025 0.4858 -0.8503
vn 0.2931 -0.4762 -0.8290
vn -0.0000 -1.0000 -0.0000
vn 0.7449 0.6672 -0.0000
vn 0.6516 0.6487 0.3933
vn 0.6766 0.6061 0.4180
vn -0.0104 -0.0182 -0.9998
vn 0.0422 0.4924 -0.8694
vn 0.2586 -0.4773 0.8398
vn 0.4266 -0.7726 0.4702
vn 0.3660 -0.8064 0.4645
vn -0.6844 -0.6217 0.3810
vn -0.4441 -0.3924 0.8055
vn -0.5343 -0.4881 0.6901
vn -0.7323 0.6810 -0.0000
vn 0.6777 0.6278 0.3829
vn 0.4041 0.4384 0.8028
vn 0.4409 0.3858 0.8104
vn -0.6578 -0.7532 -0.0000
vn 0.5790 -0.5280 -0.6213
vn 0.5992 -0.6837 -0.4165
vn -0.7086 0.7056 -0.0000
vn -0.7484 0.6633 -0.0000
vn 0.5322 0.7253 0.4367
vn 0.6939 0.6973 0.1795
vn -0.6720 -0.6325 0.3851
vn 0.5575 -0.8302 -0.0000
vn -0.5641 -0.8257 -0.0000
vn -0.5992 -0.6837 0.4165
vn -0.4987 -0.7412 0.4493
vn -0.3688 -0.8046 -0.4654
vn -0.2880 -0.4680 -0.8355
vn -0.4903 -0.7473 -0.4485
vn 0.1382 0.4993 0.8553
vn 0.2025 0.4858 0.8503
vn -0.4988 0.7477 0.4383
vn -0.6480 0.7616 -0.0000
vn -0.4988 0.7477 -0.4383
vn -0.3034 0.4634 -0.8326
vn -0.3522 0.4652 -0.8121
vn 0.3776 0.4512 0.8086
vn 0.5768 0.7013 0.4190
vn -0.7081 0.0058 -0.7061
vn -0.4764 0.0043 -0.8792
vn -0.3838 0.0016 -0.9234
vn -0.2931 -0.4762 0.8291
vn -0.5745 -0.7030 0.4192
vn -0.4600 -0.7663 0.4485
vn 0.5007 0.7455 0.4399
vn 0.2691 0.4741 0.8383
vn 0.2991 -0.4715 -0.8296
vn 0.4266 -0.7726 -0.4702
vn 0.4987 -0.7412 -0.4494
vn 0.6425 -0.6557 -0.3965
vn -0.2606 0.4783 -0.8386
vn -0.0111 0.0125 -0.9999
vn -0.2092 -0.4768 -0.8537
vn -0.1470 -0.5046 -0.8507
vn 0.0104 0.0095 -0.9999
vn 0.3390 -0.4458 -0.8284
vn -0.4280 0.7855 0.4470
vn -0.4101 0.9120 -0.0000
vn -0.5481 0.8364 -0.0000
vn 0.4166 -0.9091 -0.0000
vn -0.3636 0.8007 -0.4760
vn -0.1748 0.4784 -0.8606
vn 0.2725 -0.9622 -0.0000
vn 0.2372 -0.8436 0.4818
vn 0.3006 -0.8167 0.4926
vn 0.3752 0.9269 -0.0000
vn 0.3474 0.8097 -0.4729
vn 0.2839 0.8341 -0.4729
vn 0.4215 0.7846 -0.4546
vn 0.2691 0.4740 -0.8384
vn 0.2338 0.4856 -0.8424
vn 0.3006 -0.8167 -0.4926
vn -0.3637 0.8007 0.4760
vn -0.3021 0.8309 0.4673
vn -0.3169 -0.8207 0.4754
vn -0.3733 -0.7994 0.4707
vn -0.2127 -0.4830 0.8494
vn -0.2416 -0.8394 -0.4868
vn -0.1748 0.4784 0.8606
vn 0.5559 0.8312 -0.0000
vn 0.5007 0.7455 -0.4399
vn -0.0104 -0.0181 0.9998
vn -0.1277 -0.5007 0.8562
vn -0.0447 -0.5064 0.8612
vn 0.1690 -0.8436 0.5097
vn -0.1170 0.9931 -0.0000
vn -0.0930 0.8621 -0.4982
vn -0.1707 0.8622 -0.4769
vn 0.0683 -0.4944 0.8666
vn 0.0117 0.4911 -0.8710
vn 0.0137 0.8686 -0.4952
vn 0.0767 0.8612 -0.5025
vn -0.1116 0.4938 0.8624
vn -0.0700 0.5024 0.8618
vn -0.0098 0.8682 0.4962
vn -0.0930 0.8621 0.4982
vn 0.5411 -0.4846 -0.6873
vn 0.6572 -0.6435 -0.3924
vn 0.7037 -0.6303 -0.3278
vn -0.0381 -0.5031 -0.8634
vn -0.1072 -0.8582 -0.5019
vn -0.0107 -0.8747 -0.4846
vn 0.0930 -0.8619 -0.4984
vn 0.5410 -0.4846 0.6873
vn 0.6572 -0.6435 0.3924
vn 0.0220 -0.0095 -0.9997
vn -0.0153 0.0045 -0.9999
vn -0.0489 0.4979 -0.8658
vn -0.0976 0.8659 -0.4906
vn -0.0365 0.8652 -0.5000
vn 0.0961 0.9954 -0.0000
vn -0.0113 0.9999 -0.0000
vn -0.9562 -0.2926 -0.0000
vn -0.4461 -0.8757 0.1848
vn -0.8834 -0.2926 0.3659
vn -0.0489 0.4979 0.8658
vn -0.0446 -0.4993 -0.8653
vn 0.0099 -0.8637 -0.5039
vn 0.0066 -0.5122 -0.8588
vn -0.0159 -0.9999 -0.0032
vn 0.0424 -0.9991 0.0041
vn -0.0039 0.0106 -0.9999
vn -0.0076 0.0132 0.9999
vn 0.0971 -0.4910 0.8657
vn 0.0364 -0.5047 0.8625
vn 0.7114 0.0273 0.7023
vn 0.7055 0.0032 0.7087
vn 0.1702 -0.8509 0.4970
vn 0.0977 -0.8601 0.5008
vn 0.1939 0.9810 -0.0000
vn 0.0838 0.8650 -0.4947
vn 0.0838 0.8650 0.4947
vn -0.0000 0.9937 0.1125
vn -0.0430 0.9937 0.1039
vn -0.0930 0.9700 0.2245
vn 0.1702 -0.8509 -0.4969
vn 0.0971 -0.4910 -0.8658
vn 0.0873 -0.8619 -0.4995
vn -0.0977 -0.9952 -0.0000
vn -0.1702 -0.8509 0.4969
vn -0.0842 -0.8605 0.5024
vn -0.0971 -0.4910 0.8657
vn -0.1499 -0.4938 0.8565
vn -0.2090 -0.5004 0.8402
vn 0.0066 0.0128 0.9999
vn 0.2844 0.9587 -0.0000
vn 0.1695 0.8546 -0.4909
vn 0.1695 0.8546 0.4909
vn 0.2054 0.4742 -0.8561
vn 0.1517 0.4920 -0.8573
vn -0.1966 -0.9805 -0.0000
vn -0.2511 -0.8350 0.4896
vn -0.2511 -0.8350 -0.4896
vn 0.2054 0.4742 0.8561
vn 0.1517 0.4920 0.8573
vn 0.3325 0.8159 -0.4730
vn 0.2499 0.8389 -0.4835
vn 0.3762 0.9265 -0.0000
vn 0.2499 0.8389 0.4835
vn 0.3325 0.8159 0.4730
vn -0.2887 -0.9574 -0.0000
vn -0.3344 -0.8120 0.4783
vn -0.3344 -0.8120 -0.4783
vn -0.4137 -0.7885 0.4551
vn 0.4612 0.8873 -0.0000
vn 0.4106 0.7827 -0.4678
vn 0.3065 0.4702 -0.8276
vn -0.4137 -0.7885 -0.4551
vn -0.3817 -0.9243 -0.0000
vn 0.2960 -0.4628 0.8356
vn 0.4967 -0.7450 0.4453
vn 0.4137 -0.7885 0.4551
vn 0.5475 0.8368 -0.0000
vn -0.4672 -0.8842 -0.0000
vn -0.4967 -0.7450 0.4453
vn -0.4967 -0.7450 -0.4453
vn -0.9454 0.0125 0.3256
vn -0.9999 0.0127 -0.0000
vn -0.9243 0.0105 0.3816
vn 0.6338 0.7735 -0.0000
vn -0.5251 -0.5117 0.6800
vn -0.1419 -0.1271 0.9817
vn 0.0157 0.0073 0.9998
vn 0.5768 0.7013 -0.4190
vn 0.4926 0.7497 -0.4419
vn -0.3658 -0.4446 -0.8177
vn -0.2960 -0.4628 -0.8356
vn -0.5816 -0.6966 -0.4202
vn -0.5558 -0.8313 -0.0000
vn -0.7075 0.7068 -0.0000
vn -0.5768 0.7013 -0.4189
vn -0.6515 0.6487 -0.3934
vn 0.0089 0.0054 0.9999
vn 0.0117 0.0030 0.9999
vn 0.6516 0.6487 -0.3933
vn 0.3776 0.4511 -0.8086
vn -0.6426 -0.6557 -0.3964
vn -0.5251 -0.5117 -0.6800
vn -0.6572 -0.6435 -0.3925
vn -0.6418 -0.7669 -0.0000
vn 0.7075 0.7068 -0.0000
vn 0.3958 -0.3835 0.8344
vn 0.3968 -0.3516 0.8479
vn -0.3958 -0.3835 0.8344
vn 0.6804 -0.6030 -0.4164
vn -0.1323 -0.9912 -0.0000
vn -0.0657 -0.9978 0.0028
vn 0.7153 -0.6989 -0.0000
vn 0.7449 -0.6672 -0.0000
vn -0.7449 0.6672 -0.0000
vn 0.4176 0.3973 0.8172
vn -0.6572 -0.6435 0.3925
vn -0.5411 -0.4846 0.6873
vn -0.6515 0.6486 0.3934
vn -0.7037 -0.6304 -0.3277
vn -0.7153 -0.6989 -0.0000
vn -0.1439 0.1275 0.9813
vn 0.7075 0.6270 -0.3261
vn 0.7484 0.6633 -0.0000
vn -0.0180 0.0121 0.9998
vn -0.3776 0.4512 0.8086
vn 0.5452 0.4832 -0.6851
vn 0.6939 0.6973 -0.1795
vn -0.0238 -0.0134 -0.9996
vn 0.1439 0.1276 -0.9813
vn -0.0697 0.0008 -0.9976
vn 0.0004 0.0005 -1.0000
vn 0.4409 0.3858 -0.8104
vn 0.6795 0.6257 -0.3831
vn 0.5098 0.4726 -0.7189
vn 0.3330 -0.9328 -0.1380
vn 0.4829 -0.8757 -0.0000
vn 0.3605 -0.9328 -0.0000
vn -0.2980 -0.8232 -0.4834
vn -0.6307 -0.7760 -0.0000
vn 0.6499 0.6489 0.3957
vn -0.2949 -0.4702 0.8318
vn -0.3378 -0.4453 0.8292
vn 0.2371 0.4949 -0.8360
vn -0.7037 -0.6304 0.3277
vn -0.7449 -0.6672 -0.0000
vn -0.3629 0.4436 -0.8195
vn -0.3960 -0.4432 0.8042
vn 0.1708 0.4794 0.8608
vn 0.2205 0.8421 0.4923
vn -0.5049 0.4696 -0.7243
vn -0.4003 -0.7921 -0.4608
vn 0.3433 -0.4648 -0.8161
vn -0.4038 0.7867 0.4670
vn 0.0104 -0.0181 -0.9998
vn 0.4003 -0.7921 0.4609
vn -0.3237 0.4515 -0.8315
vn 0.4176 0.3973 -0.8172
vn -0.1419 -0.1271 -0.9817
vn 0.0157 0.0074 -0.9998
vn 0.3670 0.0013 -0.9302
vn 0.3838 0.0036 -0.9234
vn 0.4491 -0.8935 -0.0000
vn -0.0795 0.9937 -0.0795
vn -0.0430 0.9937 -0.1039
vn -0.0930 0.9700 -0.2245
vn -0.2999 0.8261 0.4771
vn -0.3375 -0.9413 -0.0000
vn -0.1941 -0.8512 0.4876
vn -0.3472 -0.4206 0.8382
vn -0.0000 -0.4511 0.8925
vn -0.3415 -0.4511 0.8245
vn 0.3472 -0.4206 -0.8382
vn -0.0000 -0.4511 -0.8925
vn 0.3415 -0.4511 -0.8245
vn -0.6311 -0.4511 -0.6311
vn -0.8382 -0.4206 -0.3472
vn -0.8245 -0.4511 -0.3415
vn -0.0747 -0.8664 0.4937
vn -0.1954 0.8459 0.4963
vn 0.0447 -0.5064 -0.8611
vn 0.2569 -0.9605 -0.1065
vn 0.2549 -0.9328 -0.2549
vn 0.3330 -0.9328 -0.1379
vn 0.6777 0.6278 -0.3829
vn 0.7365 0.6765 -0.0000
vn -0.0387 -0.5078 -0.8606
vn -0.0373 -0.8676 0.4958
vn -0.2412 0.8365 0.4920
vn -0.9219 0.0650 -0.3819
vn -0.6965 0.7175 -0.0014
vn -0.6408 0.7202 -0.2658
vn -0.1382 0.4993 -0.8553
vn 0.0205 -0.0143 -0.9997
vn -0.2057 -0.4803 0.8526
vn -0.0046 -0.0202 0.9998
vn -0.1340 -0.8589 -0.4943
vn -0.1530 -0.9882 -0.0000
vn -0.0427 -0.9991 -0.0000
vn -0.0367 0.4905 -0.8707
vn 0.4442 -0.3924 -0.8054
vn -0.1557 0.9878 -0.0000
vn 0.2395 -0.8421 -0.4833
vn 0.8836 -0.2922 -0.3659
vn 0.9564 -0.2922 -0.0001
vn -0.1411 -0.4899 -0.8603
vn 0.3928 -0.9196 -0.0000
vn -0.3481 -0.8111 0.4700
vn 0.2776 0.4628 0.8419
vn 0.3507 0.8063 0.4763
vn 0.4694 0.8830 -0.0000
vn 0.3789 -0.4525 -0.8073
vn -0.5810 0.6967 -0.4209
vn 0.0040 0.0135 0.9999
vn -0.2931 -0.4762 -0.8291
vn 0.6415 0.7671 -0.0000
vn 0.1005 0.4978 -0.8614
vn 0.1488 0.8626 -0.4835
vn 0.2205 0.8421 -0.4923
vn -0.0153 0.0046 0.9999
vn -0.3034 0.4634 0.8326
vn -0.0111 0.0125 0.9999
vn 0.3390 -0.4458 0.8284
vn 0.4066 -0.4528 0.7935
vn -0.5971 0.6910 -0.4074
vn 0.5946 0.6927 -0.4083
vn 0.4041 0.4384 -0.8028
vn 0.3611 0.4646 -0.8085
vn 0.1766 -0.5038 -0.8456
vn 0.2586 -0.4773 -0.8398
vn 0.1439 0.1276 0.9813
vn 0.1954 0.8459 0.4963
vn 0.0004 1.0000 0.0010
vn -0.0000 1.0000 0.0011
vn -0.0000 0.9738 -0.2276
vn 0.6720 -0.6326 0.3851
vn 0.3789 -0.4525 0.8073
vn 0.7323 0.6810 -0.0000
vn -0.4904 0.7184 0.4933
vn 0.0039 1.0000 0.0044
vn -0.0492 0.9985 0.0246
vn -0.3001 0.6205 -0.7245
vn -0.3378 -0.4452 -0.8293
vn 0.6480 0.7616 -0.0000
vn -0.4288 -0.7820 0.4524
vn 0.0117 0.0030 -0.9999
vn 0.0089 0.0054 -0.9999
vn -0.6767 0.6061 0.4180
vn -0.4175 0.3972 0.8172
vn -0.2606 0.4783 0.8386
vn 0.4215 0.7847 0.4545
vn 0.2991 -0.4715 0.8296
vn 0.4987 -0.7412 0.4494
vn -0.4826 -0.8757 0.0113
vn -0.2910 -0.9567 -0.0000
vn -0.2126 -0.9771 0.0093
vn 0.3474 0.8097 0.4729
vn -0.4237 -0.9058 -0.0000
vn -0.0000 0.0650 -0.9979
vn -0.3817 -0.0705 -0.9216
vn -0.3819 0.0650 -0.9219
vn -0.3968 -0.3517 0.8479
vn 0.2338 0.4856 0.8424
vn -0.1875 -0.8494 0.4933
vn -0.2534 -0.8349 0.4886
vn -0.1489 -0.5086 0.8480
vn -0.4280 0.7855 -0.4470
vn -0.0869 -0.4863 -0.8695
vn -0.3612 -0.9324 0.0077
vn 0.2839 0.8341 0.4729
vn 0.3144 0.4639 -0.8282
vn 0.2372 -0.8436 -0.4818
vn -0.2357 0.8372 -0.4935
vn -0.1116 0.4938 -0.8624
vn 0.0099 -0.8637 0.5039
vn -0.1517 0.4920 -0.8573
vn -0.1007 0.5018 -0.8591
vn -0.0076 0.0132 -0.9999
vn 0.1708 0.4794 -0.8608
vn 0.0040 0.0135 -0.9999
vn -0.1093 0.9930 -0.0453
vn -0.0837 0.9930 -0.0837
vn -0.0221 0.9995 -0.0221
vn 0.3660 -0.8064 -0.4645
vn 0.7075 0.6270 0.3262
vn 0.2328 0.9725 -0.0000
vn 0.6418 -0.7669 -0.0000
vn 0.5558 -0.8313 -0.0000
vn -0.0700 0.5024 -0.8618
vn 0.4442 -0.3924 0.8054
vn -0.0098 0.8682 -0.4962
vn 0.0222 -0.8725 0.4881
vn 0.0811 0.9967 -0.0000
vn -0.0071 0.4938 0.8695
vn 0.0468 0.5000 0.8647
vn -0.8382 -0.4206 0.3472
vn -0.6311 -0.4511 0.6311
vn -0.8245 -0.4511 0.3415
vn -0.0071 0.4938 -0.8695
vn 0.9014 0.0328 0.4317
vn 0.7118 0.0273 0.7019
vn 0.1131 -0.9936 -0.0000
vn 0.0066 -0.5122 0.8588
vn -0.0446 -0.4993 0.8653
vn 0.1007 0.5017 -0.8591
vn 0.0468 0.5000 -0.8648
vn 0.1007 0.5018 0.8591
vn -0.1007 0.5017 0.8591
vn -0.1695 0.8546 0.4909
vn -0.1695 0.8546 -0.4909
vn 0.1499 -0.4938 -0.8565
vn 0.2090 -0.5004 -0.8402
vn -0.2844 0.9587 -0.0000
vn -0.1825 0.9832 -0.0000
vn -0.2499 0.8389 0.4835
vn 0.2090 -0.5004 0.8402
vn -0.1517 0.4920 0.8573
vn 0.1966 -0.9805 -0.0000
vn 0.2511 -0.8350 0.4895
vn 0.2888 -0.9574 -0.0000
vn 0.2511 -0.8350 -0.4896
vn -0.2372 0.4949 -0.8360
vn -0.3325 0.8159 -0.4730
vn -0.2499 0.8389 -0.4835
vn -0.3762 0.9265 -0.0000
vn -0.3325 0.8159 0.4730
vn -0.2054 0.4742 0.8561
vn 0.3344 -0.8120 0.4783
vn 0.3817 -0.9243 -0.0000
vn 0.3344 -0.8120 -0.4783
vn -0.4106 0.7827 0.4677
vn -0.3065 0.4702 0.8276
vn -0.4612 0.8873 -0.0000
vn 0.4137 -0.7885 -0.4551
vn 0.4672 -0.8842 -0.0000
vn -0.4106 0.7827 -0.4677
vn -0.2054 0.4742 -0.8561
vn -0.5475 0.8368 -0.0000
vn -0.4926 0.7497 0.4418
vn 0.4967 -0.7450 -0.4452
vn -0.5768 0.7013 0.4189
vn -0.6338 0.7735 -0.0000
vn -0.5816 -0.6966 0.4202
vn 0.3658 -0.4446 -0.8176
vn 0.5816 -0.6966 -0.4202
vn -0.4926 0.7497 -0.4418
vn -0.3658 -0.4446 0.8177
vn -0.2960 -0.4629 0.8356
vn 0.5252 -0.5118 -0.6799
vn 0.0137 0.8686 0.4952
vn 0.5452 0.4832 0.6851
vn 0.3968 -0.3517 -0.8479
vn 0.0362 -0.5036 -0.8632
vn -0.3021 0.8309 -0.4673
vn -0.5411 -0.4847 -0.6873
vn -0.4461 -0.8757 -0.1848
vn -0.8834 -0.2926 -0.3659
vn -0.1848 -0.8757 0.4461
vn -0.0000 -0.2926 0.9562
vn -0.3659 -0.2926 0.8834
vn -0.1848 -0.8757 -0.4461
vn -0.6762 -0.2926 -0.6762
vn -0.3659 -0.2927 -0.8834
vn -0.3415 -0.8757 0.3414
vn -0.6762 -0.2926 0.6762
vn 0.4462 -0.8757 0.1848
vn 0.9562 -0.2927 -0.0000
vn 0.8835 -0.2922 0.3661
vn 0.4462 -0.8756 0.1848
vn 0.6763 -0.2922 0.6762
vn 0.3415 -0.8757 0.3415
vn 0.4462 -0.8757 -0.1848
vn 0.8835 -0.2922 -0.3661
vn -0.0000 -0.8757 -0.4829
vn 0.0001 -0.2922 -0.9564
vn 0.1848 -0.8756 -0.4462
vn 0.3660 -0.2922 -0.8835
vn 0.6762 -0.2922 0.6762
vn 0.3415 -0.8756 0.3415
vn 0.4830 -0.8756 -0.0000
vn 0.8835 -0.2922 0.3660
vn 0.8835 -0.2926 0.3659
vn 0.1848 -0.8757 0.4461
vn 0.3660 -0.2926 0.8834
vn 0.5857 0.8106 -0.0000
vn 0.3639 0.9192 -0.1507
vn 0.5411 0.8106 -0.2241
vn 0.2785 0.9191 -0.2785
vn 0.4141 0.8106 -0.4141
vn 0.2241 0.8106 -0.5411
vn 0.1507 0.9191 -0.3639
vn -0.0000 0.8106 -0.5857
vn -0.1507 0.9191 -0.3639
vn -0.2241 0.8106 -0.5411
vn -0.4141 0.8106 -0.4141
vn -0.2785 0.9191 -0.2785
vn -0.5411 0.8106 -0.2241
vn -0.3939 0.9191 -0.0000
vn -0.5857 0.8106 -0.0000
vn -0.5411 0.8106 0.2241
vn -0.3639 0.9192 0.1507
vn -0.4141 0.8106 0.4141
vn -0.2785 0.9191 0.2785
vn -0.2241 0.8106 0.5411
vn -0.1507 0.9191 0.3639
vn -0.0000 0.8106 0.5857
vn 0.1507 0.9191 0.3639
vn 0.2241 0.8106 0.5411
vn 0.2785 0.9191 0.2785
vn 0.4141 0.8106 0.4141
vn 0.5411 0.8106 0.2241
vn 0.3639 0.9191 0.1507
vn -0.8178 -0.5755 -0.0000
vn -0.7556 -0.5755 0.3130
vn 0.8178 -0.5755 -0.0000
vn 0.7556 -0.5755 -0.3130
vn -0.0000 -0.5755 0.8178
vn 0.3130 -0.5755 0.7556
vn -0.0000 -0.5755 -0.8178
vn -0.3130 -0.5755 -0.7555
vn -0.3130 -0.5755 -0.7556
vn -0.5783 -0.5755 0.5783
vn -0.3130 -0.5755 0.7556
vn -0.7556 -0.5755 -0.3130
vn -0.5783 -0.5755 -0.5783
vn 0.7556 -0.5755 -0.3129
vn 0.5783 -0.5755 -0.5783
vn 0.5783 -0.5755 0.5783
vn 0.7556 -0.5755 0.3129
vn 0.7556 -0.5755 0.3130
vn 0.3130 -0.5755 -0.7556
vn 0.9997 -0.0250 -0.0000
vn 0.9236 -0.0250 -0.3826
vn 0.7069 -0.0250 -0.7068
vn 0.7069 -0.0250 -0.7069
vn 0.3826 -0.0250 -0.9236
vn -0.0000 -0.0250 -0.9997
vn -0.3826 -0.0250 -0.9236
vn -0.7069 -0.0250 -0.7069
vn -0.9236 -0.0250 -0.3826
vn -0.9997 -0.0250 -0.0000
vn -0.9236 -0.0250 0.3826
vn -0.7069 -0.0250 0.7069
vn -0.3826 -0.0250 0.9236
vn -0.0000 -0.0250 0.9997
vn 0.3826 -0.0250 0.9236
vn 0.7069 -0.0250 0.7069
vn 0.9236 -0.0250 0.3826
vn 0.7234 -0.6905 -0.0000
vn 0.6683 -0.6905 -0.2768
vn 0.5115 -0.6905 -0.5115
vn 0.2768 -0.6905 -0.6683
vn -0.0000 -0.6905 -0.7234
vn -0.2768 -0.6905 -0.6683
vn -0.5115 -0.6905 -0.5115
vn -0.6683 -0.6905 -0.2768
vn -0.7234 -0.6905 -0.0000
vn -0.6683 -0.6905 0.2768
vn -0.5115 -0.6905 0.5115
vn -0.2768 -0.6905 0.6683
vn -0.0000 -0.6905 0.7234
vn 0.2768 -0.6905 0.6683
vn 0.5115 -0.6905 0.5115
vn 0.6683 -0.6905 0.2768
vn 0.9982 -0.0596 -0.0000
vn 0.9222 -0.0596 -0.3820
vn 0.7058 -0.0596 -0.7059
vn 0.3820 -0.0596 -0.9222
vn -0.0000 -0.0596 -0.9982
vn -0.3820 -0.0596 -0.9222
vn -0.7058 -0.0596 -0.7059
vn -0.9222 -0.0596 -0.3820
vn -0.9982 -0.0596 -0.0000
vn -0.9222 -0.0596 0.3820
vn -0.7059 -0.0596 0.7058
vn -0.7058 -0.0596 0.7059
vn -0.3820 -0.0596 0.9222
vn -0.0000 -0.0596 0.9982
vn 0.3820 -0.0596 0.9222
vn 0.7058 -0.0596 0.7059
vn 0.7059 -0.0596 0.7058
vn 0.9222 -0.0596 0.3820
vn 0.6771 -0.7359 -0.0000
vn 0.6255 -0.7359 -0.2591
vn 0.4787 -0.7359 -0.4788
vn 0.2591 -0.7359 -0.6255
vn -0.0000 -0.7359 -0.6771
vn -0.2591 -0.7359 -0.6255
vn -0.4787 -0.7359 -0.4788
vn -0.6255 -0.7359 -0.2591
vn -0.6771 -0.7359 -0.0000
vn -0.6255 -0.7359 0.2591
vn -0.4788 -0.7359 0.4788
vn -0.4788 -0.7359 0.4787
vn -0.2591 -0.7359 0.6255
vn -0.0000 -0.7359 0.6771
vn 0.2591 -0.7359 0.6255
vn 0.4787 -0.7359 0.4788
vn 0.6255 -0.7359 0.2591
vn 0.5098 -0.8603 -0.0000
vn 0.4710 -0.8603 -0.1951
vn 0.3605 -0.8603 -0.3605
vn 0.1951 -0.8603 -0.4710
vn -0.0000 -0.8603 -0.5098
vn -0.1951 -0.8603 -0.4710
vn -0.3605 -0.8603 -0.3605
vn -0.3605 -0.8603 -0.3604
vn -0.4710 -0.8603 -0.1951
vn -0.5098 -0.8603 -0.0000
vn -0.4710 -0.8603 0.1951
vn -0.3605 -0.8603 0.3605
vn -0.1951 -0.8603 0.4710
vn -0.0000 -0.8603 0.5098
vn 0.1951 -0.8603 0.4710
vn 0.3605 -0.8603 0.3605
vn 0.4710 -0.8603 0.1951
vn -0.8941 0.4479 -0.0000
vn -0.9225 0.0540 0.3821
vn -0.8260 0.4479 0.3421
vn -0.7061 0.0540 0.7061
vn -0.6322 0.4479 0.6322
vn -0.3821 0.0540 0.9225
vn -0.3421 0.4479 0.8260
vn -0.0000 0.4479 0.8941
vn 0.3821 0.0542 0.9225
vn 0.3421 0.4483 0.8259
vn 0.6322 0.4479 0.6322
vn 0.9225 0.0542 0.3821
vn 0.8259 0.4483 0.3420
vn 0.8939 0.4482 -0.0000
vn 0.9985 0.0543 -0.0000
vn 0.8259 0.4483 -0.3420
vn 0.9225 0.0542 -0.3821
vn 0.6322 0.4479 -0.6322
vn 0.3821 0.0542 -0.9225
vn 0.3421 0.4483 -0.8259
vn -0.0000 0.4483 -0.8939
vn 0.0001 0.0542 -0.9985
vn -0.3422 0.4479 -0.8260
vn -0.3821 0.0540 -0.9225
vn -0.6322 0.4479 -0.6322
vn -0.9225 0.0540 -0.3821
vn -0.8260 0.4479 -0.3421
vn 0.0430 0.9937 -0.1039
vn 0.0795 0.9937 -0.0795
vn 0.1718 0.9700 -0.1718
vn -0.0000 0.9937 -0.1125
vn -0.0000 0.9700 -0.2430
vn -0.5050 0.8631 -0.0000
vn -0.2245 0.9700 0.0930
vn -0.2430 0.9700 -0.0000
vn -0.3571 0.8631 0.3571
vn -0.1718 0.9700 0.1718
vn -0.0000 0.8631 0.5050
vn -0.0000 0.9700 0.2430
vn 0.0930 0.9700 0.2245
vn 0.3571 0.8631 0.3571
vn 0.1718 0.9700 0.1718
vn 0.4666 0.8631 0.1933
vn 0.2245 0.9700 0.0930
vn 0.2430 0.9700 -0.0000
vn 0.5050 0.8631 -0.0000
vn 0.2245 0.9700 -0.0930
vn 0.4666 0.8631 -0.1933
vn 0.1933 0.8631 -0.4666
vn 0.0930 0.9700 -0.2245
vn -0.0000 0.8631 -0.5050
vn -0.1933 0.8631 -0.4666
vn -0.3571 0.8631 -0.3571
vn -0.1718 0.9700 -0.1718
vn -0.2245 0.9700 -0.0930
vn -0.7535 0.5787 0.3121
vn -0.4666 0.8631 0.1933
vn -0.5767 0.5787 0.5767
vn -0.1933 0.8631 0.4666
vn -0.0000 0.5787 0.8155
vn 0.1933 0.8631 0.4666
vn 0.5765 0.5790 0.5765
vn 0.7533 0.5790 0.3120
vn 0.8155 0.5787 -0.0000
vn 0.7532 0.5790 -0.3120
vn 0.5765 0.5790 -0.5765
vn 0.3571 0.8631 -0.3571
vn -0.0000 0.5790 -0.8153
vn -0.3121 0.5787 -0.7534
vn -0.7534 0.5787 -0.3121
vn -0.4666 0.8631 -0.1933
vn -0.8155 0.5787 -0.0000
vn -0.3121 0.5787 0.7534
vn 0.3661 -0.2922 0.8835
vn 0.3120 0.5790 0.7532
vn 0.6762 -0.2922 -0.6762
vn 0.3120 0.5790 -0.7533
vn 0.3660 -0.2922 -0.8836
vn -0.5767 0.5787 -0.5767
vn 0.3415 -0.8757 -0.3414
vn -0.3415 -0.8757 0.3415
vn -0.3330 -0.9328 0.1380
vn -0.2549 -0.9328 0.2549
vn 0.1379 -0.9328 0.3330
vn 0.2549 -0.9328 0.2549
vn 0.1848 -0.8757 0.4462
vn -0.0000 -0.9328 0.3605
vn 0.1380 -0.9328 -0.3330
vn -0.0000 -0.9328 -0.3605
vn -0.3330 -0.9328 -0.1379
vn -0.3415 -0.8757 -0.3414
vn -0.2549 -0.9328 -0.2549
vn -0.1380 -0.9328 -0.3330
vn -0.3330 -0.9328 0.1379
vn -0.4829 -0.8757 -0.0000
vn -0.3605 -0.9328 -0.0000
vn -0.1380 -0.9328 0.3330
vn 0.3330 -0.9328 0.1379
vn 0.1380 -0.9328 0.3330
vn -0.0000 -0.8757 0.4829
vn 0.1379 -0.9328 -0.3330
vn 0.3415 -0.8756 -0.3415
vn 0.2781 -0.9605 -0.0000
vn 0.1064 -0.9606 -0.2569
vn 0.1064 -0.9605 0.2571
vn 0.0002 -0.9605 0.2782
vn 0.2569 -0.9605 0.1065
vn -0.2781 -0.9606 -0.0000
vn -0.1966 -0.9606 0.1963
vn 0.2570 -0.9605 -0.1064
vn -0.1064 -0.9606 0.2567
vn -0.1966 -0.9606 -0.1964
vn -0.3330 -0.9328 -0.1380
vn -0.2570 -0.9605 -0.1064
vn -0.0000 -0.9605 -0.2781
vn -0.1208 -0.9914 -0.0499
vn -0.1146 -0.9922 0.0495
vn -0.0495 -0.9922 0.1146
vn 0.0500 -0.9914 0.1207
vn -0.0000 -1.0000 -0.0005
vn 0.1208 -0.9914 0.0500
vn 0.1208 -0.9914 -0.0501
vn 0.0008 -1.0000 -0.0000
vn 0.0500 -0.9914 -0.1208
vn -0.0000 -1.0000 0.0004
vn -0.0500 -0.9914 -0.1206
vn -0.0004 -1.0000 -0.0000
vn -0.7754 0.0091 0.6315
vn -0.9240 0.0105 0.3822
vn -0.7081 0.0057 0.7061
vn 0.0581 0.9980 -0.0257
vn 0.0595 0.9977 0.0326
vn 0.6421 0.7186 -0.2671
vn 0.9897 -0.1433 -0.0000
vn 0.8382 -0.4206 -0.3472
vn 0.9073 -0.4206 -0.0000
vn 0.9143 -0.1433 -0.3788
vn 0.3787 -0.1433 -0.9143
vn -0.0000 -0.1433 -0.9897
vn -0.0000 -0.4206 -0.9073
vn -0.3787 -0.1433 -0.9144
vn -0.3472 -0.4206 -0.8382
vn -0.6415 -0.4206 -0.6415
vn -0.6998 -0.1433 -0.6998
vn -0.9144 -0.1433 -0.3787
vn -0.9073 -0.4206 -0.0000
vn -0.9897 -0.1433 -0.0000
vn -0.9143 -0.1433 0.3788
vn -0.6415 -0.4206 0.6415
vn -0.6998 -0.1433 0.6998
vn -0.3787 -0.1433 0.9143
vn -0.0000 -0.4206 0.9073
vn 0.3787 -0.1433 0.9143
vn 0.3472 -0.4206 0.8382
vn 0.6415 -0.4206 0.6415
vn 0.9143 -0.1433 0.3788
vn 0.8936 0.2538 -0.3702
vn 0.6998 -0.1433 -0.6998
vn 0.6840 0.2538 -0.6839
vn 0.3701 0.2538 -0.8936
vn -0.0000 0.2538 -0.9673
vn -0.6839 0.2538 -0.6840
vn -0.9673 0.2538 -0.0000
vn -0.8936 0.2538 0.3702
vn -0.6840 0.2538 0.6839
vn -0.3701 0.2538 0.8936
vn -0.0000 -0.1433 0.9897
vn -0.0000 0.2538 0.9673
vn 0.3701 0.2538 0.8936
vn 0.6998 -0.1432 0.6998
vn 0.8936 0.2538 0.3702
vn 0.9672 0.2538 -0.0000
vn 0.7788 0.5379 -0.3226
vn 0.5961 0.5379 -0.5961
vn -0.0000 0.5379 -0.8430
vn -0.3226 0.5379 -0.7788
vn -0.3701 0.2538 -0.8936
vn -0.5961 0.5379 -0.5961
vn -0.8936 0.2538 -0.3702
vn -0.7788 0.5379 -0.3226
vn -0.8430 0.5379 -0.0000
vn -0.7788 0.5379 0.3226
vn -0.5961 0.5379 0.5961
vn -0.3226 0.5379 0.7788
vn -0.0000 0.5379 0.8430
vn 0.5961 0.5379 0.5961
vn 0.6840 0.2538 0.6839
vn 0.7788 0.5379 0.3226
vn 0.3415 -0.4511 0.8245
vn -0.3415 -0.4511 -0.8245
vn -0.8925 -0.4511 -0.0000
vn 0.8925 -0.4511 -0.0000
vn 0.8430 0.5379 -0.0000
vn 0.3226 0.5379 -0.7788
vn 0.3226 0.5379 0.7788
vn 0.6410 0.7200 0.2660
vn 0.9979 0.0650 -0.0000
vn 0.6944 0.7196 0.0003
vn -0.0006 0.7201 0.6939
vn 0.3819 0.0650 0.9219
vn 0.2657 0.7204 0.6406
vn 0.1488 0.8626 0.4835
vn 0.7056 0.0650 0.7056
vn -0.2659 0.7202 -0.6408
vn -0.7056 0.0650 -0.7056
vn -0.4902 0.7207 -0.4902
vn -0.2653 0.7207 0.6405
vn -0.0000 0.0650 0.9979
vn -0.9219 0.0650 0.3819
vn -0.6443 0.7167 0.2669
vn -0.3819 0.0650 0.9219
vn -0.9979 0.0650 -0.0000
vn -0.0001 0.7197 -0.6943
vn 0.4901 0.7210 0.4899
vn 0.7056 0.0650 -0.7056
vn 0.2655 0.7205 -0.6406
vn 0.4901 0.7210 -0.4899
vn 0.3819 0.0650 -0.9219
vn -0.7053 -0.0705 -0.7053
vn -0.9216 -0.0705 -0.3817
vn 0.7053 -0.0705 0.7054
vn -0.3817 -0.0705 0.9216
vn -0.7053 -0.0705 0.7053
vn -0.7056 0.0650 0.7056
vn -0.9975 -0.0705 -0.0000
vn 0.9219 0.0650 0.3819
vn -0.9216 -0.0705 0.3817
vn -0.0000 -0.0705 0.9975
vn 0.7053 -0.0705 -0.7053
vn 0.3817 -0.0705 -0.9216
vn 0.9975 -0.0705 -0.0000
vn 0.9219 0.0650 -0.3819
vn 0.9216 -0.0705 0.3817
vn 0.9216 -0.0705 -0.3818
vn 0.9789 -0.2044 -0.0000
vn 0.9044 -0.2044 -0.3746
vn 0.3746 -0.2044 -0.9044
vn -0.0000 -0.0705 -0.9975
vn -0.3746 -0.2044 -0.9044
vn -0.6922 -0.2044 -0.6922
vn -0.9044 -0.2044 -0.3746
vn -0.9789 -0.2044 -0.0000
vn -0.6922 -0.2044 0.6922
vn -0.3746 -0.2044 0.9044
vn -0.0000 -0.2044 0.9789
vn 0.3817 -0.0705 0.9216
vn 0.3746 -0.2044 0.9044
vn 0.9044 -0.2044 0.3746
vn 0.9409 -0.3388 -0.0000
vn 0.8692 -0.3388 -0.3600
vn 0.6922 -0.2044 -0.6922
vn 0.6653 -0.3388 -0.6653
vn -0.0000 -0.3388 -0.9409
vn -0.0000 -0.2044 -0.9789
vn -0.3601 -0.3388 -0.8692
vn -0.8692 -0.3388 -0.3601
vn -0.9409 -0.3388 -0.0000
vn -0.9044 -0.2044 0.3746
vn -0.8692 -0.3388 0.3601
vn -0.3601 -0.3388 0.8692
vn 0.3601 -0.3388 0.8692
vn 0.6922 -0.2044 0.6922
vn 0.8692 -0.3388 0.3600
vn 0.3601 -0.3388 -0.8692
vn -0.6653 -0.3388 -0.6653
vn -0.6653 -0.3388 0.6653
vn -0.0000 -0.3388 0.9409
vn 0.6653 -0.3388 0.6653
vn 0.9988 -0.0497 -0.0000
vn 0.8904 0.2667 -0.3688
vn 0.9227 -0.0498 -0.3822
vn 0.7063 -0.0497 -0.7062
vn 0.3688 0.2667 -0.8904
vn 0.3822 -0.0496 -0.9227
vn -0.0000 -0.0497 -0.9988
vn -0.3688 0.2667 -0.8904
vn -0.3822 -0.0497 -0.9227
vn -0.6815 0.2667 -0.6815
vn -0.7063 -0.0497 -0.7062
vn -0.8904 0.2667 -0.3688
vn -0.9227 -0.0497 -0.3822
vn -0.9988 -0.0497 -0.0000
vn -0.8904 0.2668 0.3688
vn -0.9227 -0.0498 0.3822
vn -0.6815 0.2667 0.6815
vn -0.7062 -0.0498 0.7062
vn -0.3822 -0.0496 0.9227
vn -0.3688 0.2667 0.8904
vn -0.0000 -0.0497 0.9988
vn 0.3688 0.2667 0.8904
vn 0.3822 -0.0497 0.9227
vn 0.6815 0.2667 0.6815
vn 0.7063 -0.0496 0.7062
vn 0.8904 0.2667 0.3688
vn 0.9227 -0.0498 0.3822
vn 0.9638 0.2667 -0.0000
vn 0.6986 0.6543 -0.2894
vn 0.6815 0.2667 -0.6815
vn 0.5347 0.6543 -0.5347
vn 0.2894 0.6543 -0.6986
vn -0.0000 0.2667 -0.9638
vn -0.0000 0.6543 -0.7562
vn -0.2894 0.6543 -0.6986
vn -0.6986 0.6543 -0.2894
vn -0.9638 0.2667 -0.0000
vn -0.7562 0.6544 -0.0000
vn -0.5347 0.6543 0.5347
vn -0.2894 0.6543 0.6986
vn -0.0000 0.2667 0.9638
vn -0.0000 0.6543 0.7562
vn 0.5347 0.6543 0.5347
vn 0.6986 0.6543 0.2894
vn 0.7562 0.6543 -0.0000
vn 0.4067 0.9135 -0.0000
vn 0.2876 0.9135 -0.2876
vn 0.1557 0.9135 -0.3758
vn -0.0000 0.9135 -0.4067
vn -0.1557 0.9135 -0.3758
vn -0.5347 0.6543 -0.5347
vn -0.2876 0.9135 -0.2876
vn -0.3758 0.9136 -0.1556
vn -0.4068 0.9135 -0.0000
vn -0.6986 0.6544 0.2894
vn -0.2876 0.9135 0.2876
vn -0.1557 0.9135 0.3758
vn -0.0000 0.9135 0.4067
vn 0.2894 0.6543 0.6986
vn 0.2876 0.9135 0.2876
vn 0.3758 0.9136 0.1556
vn 0.3758 0.9136 -0.1556
vn 0.1094 0.9930 -0.0453
vn 0.0837 0.9930 -0.0837
vn -0.0000 0.9930 -0.1184
vn -0.0453 0.9930 -0.1094
vn -0.1184 0.9930 -0.0000
vn -0.3758 0.9135 0.1557
vn -0.1094 0.9930 0.0453
vn -0.0837 0.9930 0.0837
vn -0.0453 0.9930 0.1094
vn -0.0000 0.9930 0.1184
vn 0.1557 0.9135 0.3758
vn 0.0837 0.9930 0.0837
vn 0.9136 -0.1485 -0.3784
vn 0.9889 -0.1484 -0.0000
vn 0.6993 -0.1483 -0.6993
vn 0.3784 -0.1483 -0.9137
vn -0.0000 -0.1483 -0.9889
vn -0.6993 -0.1482 -0.6993
vn -0.3784 -0.1482 -0.9137
vn -0.9136 -0.1485 -0.3784
vn -0.9889 -0.1484 -0.0000
vn -0.6993 -0.1484 0.6993
vn -0.9136 -0.1485 0.3784
vn -0.3784 -0.1482 0.9137
vn -0.0000 -0.1484 0.9889
vn 0.3784 -0.1483 0.9137
vn 0.6993 -0.1482 0.6993
vn 0.9136 -0.1486 0.3785
vn 0.9819 0.1895 -0.0000
vn 0.9217 0.0692 -0.3818
vn 0.9976 0.0692 -0.0000
vn 0.9071 0.1895 -0.3758
vn 0.7054 0.0692 -0.7054
vn 0.6943 0.1895 -0.6943
vn 0.3818 0.0692 -0.9217
vn 0.3757 0.1895 -0.9071
vn -0.0000 0.0692 -0.9976
vn -0.3757 0.1895 -0.9071
vn -0.3818 0.0692 -0.9217
vn -0.6943 0.1895 -0.6943
vn -0.7054 0.0692 -0.7054
vn -0.9217 0.0692 -0.3818
vn -0.9819 0.1895 -0.0000
vn -0.9976 0.0692 -0.0000
vn -0.9071 0.1895 0.3757
vn -0.9217 0.0692 0.3817
vn -0.7054 0.0692 0.7054
vn -0.6943 0.1895 0.6943
vn -0.3818 0.0692 0.9217
vn -0.0000 0.1895 0.9819
vn -0.0000 0.0692 0.9976
vn 0.3757 0.1895 0.9071
vn 0.3818 0.0692 0.9217
vn 0.6943 0.1895 0.6943
vn 0.7054 0.0692 0.7054
vn 0.9217 0.0692 0.3818
vn 0.9071 0.1895 0.3757
vn 0.8755 0.3194 -0.3626
vn 0.6701 0.3194 -0.6701
vn -0.0000 0.3194 -0.9476
vn -0.0000 0.1895 -0.9819
vn -0.3626 0.3194 -0.8755
vn -0.6701 0.3194 -0.6701
vn -0.9071 0.1895 -0.3758
vn -0.8755 0.3194 -0.3626
vn -0.8755 0.3194 0.3626
vn -0.3626 0.3194 0.8755
vn -0.3757 0.1895 0.9071
vn 0.3626 0.3194 0.8755
vn 0.8755 0.3194 0.3626
vn 0.8959 0.4442 -0.0000
vn 0.9476 0.3194 -0.0000
vn 0.8277 0.4442 -0.3429
vn 0.3429 0.4442 -0.8277
vn 0.3626 0.3194 -0.8755
vn -0.0000 0.4442 -0.8959
vn -0.6335 0.4442 -0.6335
vn -0.8959 0.4442 -0.0000
vn -0.9476 0.3194 -0.0000
vn -0.8277 0.4442 0.3429
vn -0.6701 0.3194 0.6701
vn -0.6335 0.4442 0.6335
vn -0.0000 0.4442 0.8959
vn -0.0000 0.3194 0.9476
vn 0.3428 0.4442 0.8277
vn 0.6701 0.3194 0.6701
vn 0.6335 0.4442 0.6335
vn 0.8277 0.4442 0.3429
vn 0.7729 0.5478 -0.3202
vn 0.5916 0.5478 -0.5915
vn 0.6335 0.4442 -0.6335
vn 0.3202 0.5478 -0.7729
vn -0.0000 0.5478 -0.8366
vn -0.3428 0.4442 -0.8277
vn -0.3201 0.5478 -0.7729
vn -0.7729 0.5478 -0.3202
vn -0.8277 0.4442 -0.3429
vn -0.7729 0.5478 0.3202
vn -0.5916 0.5478 0.5916
vn -0.3429 0.4442 0.8277
vn -0.3202 0.5478 0.7729
vn -0.0000 0.5478 0.8366
vn 0.3201 0.5478 0.7729
vn 0.7729 0.5478 0.3202
vn 0.9237 0.0204 -0.3826
vn 0.9998 0.0204 -0.0000
vn 0.7069 0.0204 -0.7070
vn 0.3826 0.0204 -0.9237
vn -0.0000 0.0204 -0.9998
vn -0.3826 0.0204 -0.9237
vn -0.7070 0.0204 -0.7070
vn -0.9998 0.0204 -0.0000
vn -0.9237 0.0204 -0.3826
vn -0.9237 0.0204 0.3826
vn -0.7069 0.0204 0.7070
vn -0.3826 0.0204 0.9237
vn -0.0000 0.0204 0.9998
vn 0.3826 0.0204 0.9237
vn 0.9237 0.0204 0.3826
vn 0.7070 0.0204 0.7070
vn 0.8366 0.5478 -0.0000
vn 0.7493 0.5850 -0.3104
vn 0.5735 0.5850 -0.5735
vn 0.3104 0.5850 -0.7493
vn -0.0000 0.5850 -0.8110
vn -0.3104 0.5850 -0.7493
vn -0.5916 0.5478 -0.5916
vn -0.5735 0.5850 -0.5735
vn -0.8110 0.5850 -0.0000
vn -0.8366 0.5478 -0.0000
vn -0.7493 0.5850 0.3104
vn -0.5735 0.5850 0.5735
vn -0.0000 0.5850 0.8110
vn 0.3104 0.5850 0.7493
vn 0.5916 0.5478 0.5916
vn 0.5735 0.5850 0.5735
vn 0.7493 0.5850 0.3104
vn 0.8581 0.5134 -0.0000
vn 0.6757 0.6820 -0.2799
vn 0.7314 0.6820 -0.0000
vn 0.6068 0.5134 -0.6068
vn 0.5172 0.6820 -0.5172
vn 0.3284 0.5134 -0.7928
vn 0.2799 0.6820 -0.6757
vn -0.0000 0.6820 -0.7314
vn -0.3284 0.5134 -0.7928
vn -0.2799 0.6820 -0.6757
vn -0.6068 0.5134 -0.6068
vn -0.5172 0.6820 -0.5172
vn -0.7928 0.5134 -0.3284
vn -0.6757 0.6820 -0.2799
vn -0.8581 0.5134 -0.0000
vn -0.7314 0.6820 -0.0000
vn -0.6757 0.6820 0.2799
vn -0.7928 0.5134 0.3284
vn -0.5172 0.6820 0.5172
vn -0.3284 0.5134 0.7928
vn -0.2799 0.6820 0.6757
vn -0.0000 0.6820 0.7314
vn 0.3284 0.5134 0.7928
vn 0.2799 0.6820 0.6757
vn 0.5172 0.6820 0.5172
vn 0.6068 0.5134 0.6068
vn 0.6757 0.6820 0.2799
vn 0.9583 0.2859 -0.0000
vn 0.7928 0.5134 -0.3284
vn 0.8853 0.2859 -0.3667
vn 0.6776 0.2859 -0.6776
vn 0.3667 0.2859 -0.8853
vn -0.0000 0.5134 -0.8581
vn -0.3667 0.2858 -0.8853
vn -0.8853 0.2859 -0.3667
vn -0.9583 0.2858 -0.0000
vn -0.8853 0.2859 0.3667
vn -0.6068 0.5134 0.6068
vn -0.6776 0.2859 0.6776
vn -0.0000 0.2858 0.9583
vn -0.0000 0.5134 0.8581
vn 0.3667 0.2858 0.8853
vn 0.6776 0.2858 0.6776
vn 0.8853 0.2859 0.3667
vn 0.7928 0.5134 0.3284
vn 0.9207 0.0830 -0.3814
vn 0.7047 0.0830 -0.7047
vn 0.3814 0.0830 -0.9207
vn -0.0000 0.2859 -0.9583
vn -0.0000 0.0830 -0.9965
vn -0.3814 0.0830 -0.9207
vn -0.6776 0.2859 -0.6776
vn -0.7047 0.0830 -0.7047
vn -0.9965 0.0830 -0.0000
vn -0.7047 0.0830 0.7047
vn -0.3814 0.0830 0.9207
vn -0.3667 0.2859 0.8853
vn 0.3814 0.0830 0.9207
vn 0.7047 0.0830 0.7047
vn 0.9207 0.0830 0.3814
vn 0.6156 0.7457 -0.2549
vn 0.6663 0.7457 -0.0000
vn 0.4712 0.7457 -0.4712
vn 0.2550 0.7457 -0.6156
vn -0.2550 0.7457 -0.6156
vn -0.0000 0.7457 -0.6663
vn -0.4712 0.7457 -0.4712
vn -0.6156 0.7457 -0.2550
vn -0.6156 0.7457 0.2549
vn -0.6663 0.7457 -0.0000
vn -0.4712 0.7457 0.4711
vn -0.2550 0.7456 0.6156
vn -0.0000 0.7456 0.6664
vn 0.4712 0.7457 0.4712
vn 0.2550 0.7457 0.6156
vn 0.6156 0.7457 0.2549
vn 1.0000 -0.0000 -0.0000
vn 0.9965 0.0830 -0.0000
vn 0.9239 -0.0000 -0.3827
vn 0.7071 -0.0000 -0.7071
vn 0.3827 -0.0000 -0.9239
vn -0.3827 -0.0000 -0.9239
vn -0.7071 -0.0000 -0.7071
vn -0.9207 0.0830 -0.3814
vn -0.9239 -0.0000 -0.3827
vn -1.0000 -0.0000 -0.0000
vn -0.9207 0.0830 0.3814
vn -0.9239 -0.0000 0.3827
vn -0.3827 -0.0000 0.9239
vn -0.0000 0.0830 0.9965
vn -0.0000 -0.0000 1.0000
vn 0.3827 -0.0000 0.9239
vn 0.7071 -0.0000 0.7071
vn 0.9239 -0.0000 0.3827
vn 0.4744 0.7416 -0.4744
vn 0.5545 0.6204 -0.5546
vn 0.3001 0.6205 0.7245
vn 0.4744 0.7416 0.4744
vn 0.5545 0.6205 0.5545
vn 0.7245 0.6205 0.3001
vn 0.7842 0.6205 -0.0000
vn 0.6198 0.7416 -0.2567
vn 0.7246 0.6204 -0.3001
vn -0.0000 0.7416 0.6709
vn -0.0000 0.6205 0.7842
vn -0.4744 0.7416 0.4744
vn -0.3001 0.6205 0.7245
vn -0.5545 0.6205 0.5545
vn 0.6766 0.6061 -0.4181
vn -0.7842 0.6205 -0.0000
vn -0.6198 0.7416 0.2567
vn -0.7245 0.6204 0.3001
vn -0.2567 0.7416 0.6198
vn 0.6198 0.7416 0.2567
vn -0.4744 0.7416 -0.4744
vn -0.7245 0.6205 -0.3001
vn -0.5545 0.6205 -0.5545
vn -0.6198 0.7416 -0.2567
vn 1.0000 -0.0088 -0.0000
vn 0.9239 -0.0088 -0.3827
vn 0.9239 -0.0088 -0.3826
vn 0.7071 -0.0087 -0.7071
vn 0.3827 -0.0088 -0.9238
vn -0.0000 -0.0088 -1.0000
vn -0.3827 -0.0088 -0.9238
vn -0.3826 -0.0088 -0.9239
vn -0.7071 -0.0088 -0.7071
vn -0.9238 -0.0088 -0.3827
vn -1.0000 -0.0088 -0.0000
vn -0.9239 -0.0087 0.3827
vn -0.7071 -0.0087 0.7071
vn -0.3827 -0.0088 0.9238
vn -0.0000 -0.0088 1.0000
vn 0.3827 -0.0087 0.9238
vn 0.7071 -0.0087 0.7071
vn 0.9239 -0.0088 0.3826
vn 0.9239 -0.0088 0.3827
vn 0.5759 -0.8176 -0.0000
vn 0.6147 -0.7466 -0.2546
vn 0.6653 -0.7466 -0.0000
vn 0.5320 -0.8176 -0.2204
vn 0.4704 -0.7466 -0.4704
vn 0.4072 -0.8176 -0.4072
vn 0.2546 -0.7466 -0.6147
vn 0.2204 -0.8175 -0.5320
vn -0.0000 -0.7466 -0.6653
vn -0.0000 -0.8176 -0.5758
vn -0.2546 -0.7466 -0.6146
vn -0.2204 -0.8176 -0.5320
vn -0.4704 -0.7465 -0.4705
vn -0.4072 -0.8176 -0.4072
vn -0.6147 -0.7466 -0.2546
vn -0.5320 -0.8176 -0.2204
vn -0.6653 -0.7466 -0.0000
vn -0.5320 -0.8176 0.2204
vn -0.6147 -0.7466 0.2546
vn -0.4704 -0.7466 0.4704
vn -0.4072 -0.8176 0.4072
vn -0.2546 -0.7466 0.6147
vn -0.2204 -0.8175 0.5320
vn -0.0000 -0.7466 0.6653
vn -0.0000 -0.8176 0.5759
vn 0.2546 -0.7466 0.6146
vn 0.2204 -0.8176 0.5320
vn 0.4705 -0.7466 0.4705
vn 0.4072 -0.8176 0.4072
vn 0.6147 -0.7466 0.2546
vn 0.5320 -0.8176 0.2203
vn 0.9524 0.3049 -0.0000
vn 0.9234 0.0320 -0.3825
vn 0.9995 0.0320 -0.0000
vn 0.6734 0.3049 -0.6734
vn 0.7067 0.0320 -0.7067
vn 0.3825 0.0320 -0.9234
vn 0.3645 0.3049 -0.8799
vn -0.0000 0.0320 -0.9995
vn -0.3645 0.3049 -0.8799
vn -0.3825 0.0320 -0.9234
vn -0.6734 0.3049 -0.6734
vn -0.7067 0.0320 -0.7067
vn -0.9234 0.0320 -0.3825
vn -0.8799 0.3049 -0.3645
vn -0.9995 0.0320 -0.0000
vn -0.8799 0.3049 0.3645
vn -0.9234 0.0320 0.3825
vn -0.7067 0.0320 0.7068
vn -0.6734 0.3049 0.6734
vn -0.3825 0.0320 0.9234
vn -0.0000 0.3049 0.9524
vn -0.0000 0.0320 0.9995
vn 0.3644 0.3049 0.8799
vn 0.3825 0.0320 0.9234
vn 0.6734 0.3049 0.6734
vn 0.7067 0.0320 0.7067
vn 0.8799 0.3049 0.3644
vn 0.9234 0.0320 0.3825
vn 0.8799 0.3049 -0.3644
vn -0.0000 0.3049 -0.9524
vn -0.9524 0.3049 -0.0000
vn -0.3645 0.3049 0.8799
vn 0.9217 -0.0680 -0.3818
vn 0.9977 -0.0680 -0.0000
vn 0.7055 -0.0680 -0.7055
vn -0.0000 -0.0680 -0.9977
vn 0.3818 -0.0680 -0.9217
vn -0.3818 -0.0680 -0.9217
vn -0.9218 -0.0680 -0.3818
vn -0.7055 -0.0680 -0.7055
vn -0.9977 -0.0680 -0.0000
vn -0.7055 -0.0680 0.7055
vn -0.9218 -0.0680 0.3818
vn -0.3818 -0.0680 0.9217
vn -0.0000 -0.0680 0.9977
vn 0.3818 -0.0680 0.9217
vn 0.7055 -0.0680 0.7055
vn 0.9218 -0.0680 0.3818
vn -0.5092 0.8344 0.2109
vn -0.5512 0.8344 -0.0000
vn -0.3897 0.8344 0.3897
vn -0.2109 0.8344 0.5092
vn -0.0000 0.8344 0.5512
vn 0.3897 0.8344 0.3897
vn 0.2109 0.8345 0.5090
vn 0.5090 0.8345 0.2108
vn 0.5090 0.8345 -0.2108
vn 0.5510 0.8345 -0.0000
vn 0.3897 0.8344 -0.3897
vn -0.0000 0.8345 -0.5510
vn 0.2109 0.8345 -0.5090
vn -0.5092 0.8344 -0.2109
vn -0.3404 0.8766 0.3402
vn 0.4446 0.8766 -0.1843
vn 0.1842 0.8764 0.4449
vn -0.0001 0.8764 -0.4816
vn 0.4813 0.8765 -0.0000
vn 0.1841 0.8765 -0.4448
vn -0.0000 0.8764 0.4816
vn -0.4813 0.8766 0.0003
vn 0.4447 0.8765 0.1843
vn -0.4446 0.8766 -0.1843
vn -0.4447 0.8765 0.1847
vn -0.4561 0.8899 -0.0000
vn -0.4213 0.8899 0.1748
vn -0.3225 0.8898 0.3229
vn -0.1746 0.8898 0.4217
vn -0.0001 0.8899 0.4561
vn 0.1747 0.8901 0.4210
vn 0.3226 0.8900 0.3221
vn 0.4214 0.8900 0.1742
vn -0.5759 -0.8176 -0.0000
vn 0.4562 0.8899 -0.0003
vn 0.4215 0.8898 -0.1748
vn 0.3225 0.8897 -0.3232
vn 0.1744 0.8897 -0.4220
vn -0.0001 0.8899 -0.4561
vn -0.1746 0.8901 -0.4210
vn -0.3226 0.8901 -0.3218
vn -0.4214 0.8900 -0.1743
vn 0.2689 0.7115 -0.6492
vn 0.4969 0.7115 -0.4969
vn 0.4969 0.7115 0.4969
vn 0.2689 0.7115 0.6492
vn -0.6492 0.7115 0.2689
vn -0.4969 0.7115 0.4969
vn -0.2689 0.7115 -0.6492
vn -0.4969 0.7115 -0.4969
vn 0.6492 0.7115 -0.2689
vn -0.0000 0.7115 0.7027
vn -0.7027 0.7115 -0.0000
vn -0.0000 0.7115 -0.7027
vn 0.7027 0.7115 -0.0000
vn 0.6492 0.7115 0.2689
vn -0.2689 0.7115 0.6492
vn -0.6492 0.7115 -0.2689
vn -0.3648 -0.3020 -0.8807
vn -0.6304 -0.4530 -0.6304
vn -0.3412 -0.4530 -0.8237
vn 0.6741 -0.3020 0.6741
vn 0.8237 -0.4530 0.3412
vn 0.6304 -0.4530 0.6304
vn -0.8807 -0.3020 -0.3648
vn -0.6741 -0.3020 -0.6741
vn 0.9533 -0.3020 -0.0000
vn 0.8808 -0.3020 0.3648
vn -0.8807 -0.3020 0.3648
vn -0.8915 -0.4530 -0.0000
vn -0.9533 -0.3020 -0.0000
vn -0.8237 -0.4530 -0.3412
vn 0.8237 -0.4530 -0.3412
vn 0.8915 -0.4530 -0.0000
vn -0.6304 -0.4530 0.6304
vn -0.8237 -0.4530 0.3412
vn 0.6741 -0.3020 -0.6741
vn 0.8808 -0.3020 -0.3648
vn -0.6741 -0.3020 0.6741
vn -0.3412 -0.4530 0.8237
vn 0.3648 -0.3020 -0.8807
vn 0.6304 -0.4530 -0.6304
vn -0.0000 -0.3020 0.9533
vn -0.3648 -0.3020 0.8808
vn -0.0000 -0.3020 -0.9533
vn 0.3412 -0.4530 -0.8237
vn 0.3648 -0.3020 0.8808
vn -0.0000 -0.4530 0.8915
vn -0.0000 -0.4530 -0.8915
vn 0.3412 -0.4530 0.8237
vn 0.0008 1.0000 -0.0008
vn 0.0010 1.0000 -0.0004
vn -0.1609 0.9738 0.1609
vn -0.9235 -0.3836 -0.0000
vn 0.1609 0.9738 0.1609
vn -0.0008 1.0000 -0.0008
vn -0.0004 1.0000 -0.0010
vn -0.8532 -0.3836 0.3534
vn 0.6530 -0.3836 -0.6530
vn 0.8532 -0.3836 -0.3534
vn -0.3534 -0.3836 0.8532
vn -0.6530 -0.3836 0.6530
vn 0.3534 -0.3837 -0.8532
vn -0.0000 -0.3836 -0.9235
vn -0.0000 -0.3837 0.9235
vn 0.3534 -0.3836 0.8532
vn -0.6530 -0.3836 -0.6530
vn -0.3534 -0.3837 -0.8532
vn 0.6530 -0.3836 0.6530
vn -0.8532 -0.3836 -0.3534
vn 0.9235 -0.3836 -0.0000
vn 0.8532 -0.3836 0.3534
vn -0.2103 0.9737 0.0871
vn -0.3993 0.9168 -0.0000
vn -0.3689 0.9168 0.1528
vn -0.9070 -0.1902 0.3757
vn -0.2823 0.9168 0.2823
vn -0.6942 -0.1902 0.6942
vn -0.1528 0.9168 0.3689
vn -0.0871 0.9738 0.2103
vn -0.3757 -0.1902 0.9070
vn -0.0000 0.9168 0.3993
vn -0.0000 0.9738 0.2276
vn -0.0000 -0.1903 0.9817
vn 0.1528 0.9168 0.3689
vn 0.0871 0.9738 0.2103
vn 0.3757 -0.1902 0.9070
vn 0.2823 0.9168 0.2823
vn 0.6942 -0.1903 0.6942
vn 0.3689 0.9168 0.1528
vn 0.2103 0.9737 0.0871
vn 0.9070 -0.1901 0.3757
vn 0.3993 0.9168 -0.0000
vn 0.2276 0.9737 -0.0000
vn 0.9817 -0.1902 -0.0000
vn 0.3689 0.9168 -0.1528
vn 0.2103 0.9738 -0.0871
vn 0.9070 -0.1902 -0.3757
vn 0.1610 0.9738 -0.1609
vn 0.2823 0.9168 -0.2823
vn 0.6942 -0.1903 -0.6942
vn 0.0871 0.9738 -0.2103
vn 0.1528 0.9168 -0.3688
vn 0.3757 -0.1903 -0.9070
vn -0.0000 0.9168 -0.3992
vn -0.0000 -0.1903 -0.9817
vn -0.0871 0.9738 -0.2103
vn -0.1528 0.9168 -0.3689
vn -0.3757 -0.1903 -0.9070
vn -0.1609 0.9738 -0.1609
vn -0.2823 0.9168 -0.2823
vn -0.6942 -0.1902 -0.6942
vn -0.3689 0.9168 -0.1528
vn -0.2103 0.9738 -0.0871
vn -0.9070 -0.1902 -0.3757
vn -0.2276 0.9737 -0.0000
vn -0.9817 -0.1902 -0.0000
vn -0.3415 -0.8757 -0.3415
vn 0.6762 -0.2926 -0.6761
vn 0.8836 -0.2922 -0.3660
vn 0.4462 -0.8756 -0.1848
vn 0.9563 -0.2922 -0.0000
vn 0.1125 0.9937 -0.0000
vn 0.1039 0.9937 0.0430
vn -0.1039 0.9937 0.0430
vn -0.1125 0.9937 -0.0000
vn 0.0795 0.9937 0.0795
vn 0.0430 0.9937 0.1039
vn 0.3121 0.5787 0.7535
vn 0.7533 0.5790 -0.3120
vn -0.7535 0.5787 -0.3121
vn 0.8153 0.5790 -0.0000
vn 0.6763 -0.2922 -0.6762
vn -0.1379 -0.9328 -0.3330
vn 0.1848 -0.8757 -0.4461
vn -0.3065 0.4702 -0.8276
vn -0.0001 -0.9606 -0.2780
vn -0.1065 -0.9605 0.2571
vn 0.1065 -0.9605 0.2571
vn 0.1967 -0.9606 0.1966
vn -0.1966 -0.9605 0.1967
vn -0.1380 -0.9328 0.3331
vn 0.2569 -0.9606 -0.1062
vn -0.2569 -0.9605 -0.1065
vn -0.2569 -0.9606 0.1064
vn 0.2781 -0.9606 -0.0000
vn 0.4969 0.7115 -0.4968
vn 0.4969 0.7115 0.4968
vn -0.3648 -0.3020 0.8807
vn 0.3648 -0.3020 0.8807
vn 0.0008 1.0000 0.0008
vn -0.9235 -0.3837 -0.0000
vn 0.2103 0.9738 0.0871
vn -0.0010 1.0000 -0.0004
vn 0.8532 -0.3837 -0.3534
vn -0.6530 -0.3837 0.6530
vn -0.0000 -0.3837 -0.9235
vn -0.3534 -0.3836 -0.8532
vn -0.6530 -0.3837 -0.6530
vn 0.9235 -0.3837 -0.0000
vn 0.8532 -0.3837 0.3534
vn -0.8532 -0.3837 -0.3534
vn -0.2276 0.9738 -0.0000
vn -0.2103 0.9738 0.0871
vn -0.9817 -0.1903 -0.0000
vn -0.9070 -0.1903 0.3757
vn -0.2823 0.9169 0.2823
vn -0.6942 -0.1903 0.6942
vn 0.9070 -0.1903 0.3757
vn 0.9817 -0.1903 -0.0000
vn 0.9070 -0.1903 -0.3757
vn 0.1609 0.9738 -0.1609
vn 0.6942 -0.1902 -0.6942
vn 0.1528 0.9168 -0.3689
vn -0.0000 0.9168 -0.3993
vn -0.3757 -0.1902 -0.9070
vn -0.2823 0.9169 -0.2823
vn -0.6942 -0.1903 -0.6942
vn -0.3688 0.9168 -0.1528
vn -0.9070 -0.1903 -0.3757
vn 0.3415 -0.8757 0.3414
vn 0.6762 -0.2926 0.6762
vn 0.3659 -0.2926 0.8834
vn 0.3659 -0.2926 -0.8835
vn -0.0000 -0.2926 -0.9562
vn -0.6762 -0.2927 -0.6761
vn -0.4462 -0.8757 -0.1848
vn -0.8836 -0.2921 -0.3660
vn -0.3659 -0.2926 -0.8835
vn -0.1039 0.9937 -0.0430
vn 0.5767 0.5787 0.5767
vn 0.7534 0.5787 0.3121
vn 0.3121 0.5787 -0.7535
vn -0.3121 0.5787 -0.7535
vn -0.7533 0.5790 -0.3120
vn -0.7534 0.5787 0.3121
vn 0.3121 0.5787 0.7534
vn 0.5766 0.5787 -0.5767
vn -0.0000 0.5787 -0.8155
vn -0.5766 0.5787 -0.5767
vn 0.3330 -0.9328 0.1380
vn 0.4461 -0.8757 0.1848
vn 0.1063 -0.9606 -0.2569
vn -0.0000 -0.9606 -0.2779
vn 0.2570 -0.9605 0.1064
vn -0.1064 -0.9606 -0.2568
vn -0.1065 -0.9605 -0.2570
vn -0.1967 -0.9605 -0.1969
vn -0.1063 -0.9605 0.2571
vn 0.1966 -0.9606 0.1966
vn 0.1967 -0.9605 0.1969
vn -0.2569 -0.9605 0.1065
vn -0.0000 -0.9606 0.2780
vn -0.6492 0.7115 0.2690
vn -0.7027 0.7115 0.0001
vn -0.8808 -0.3020 -0.3648
vn -0.8808 -0.3020 0.3648
vn 0.3648 -0.3020 -0.8808
vn -0.3688 0.9168 0.1528
vn -0.1528 0.9169 0.3688
vn -0.0000 -0.0000 -1.0000
vn -0.9239 -0.0000 0.3826
vn -1.0000 -0.0000 0.0001
vn -1.0000 -0.0000 -0.0001
vn -0.9239 -0.0000 -0.3826
vn -0.7071 -0.0000 0.7071
vn 0.9239 -0.0000 -0.3826
vn 1.0000 -0.0000 -0.0001
vn 1.0000 -0.0000 0.0001
vn 0.9239 -0.0000 0.3826
vn -0.0004 1.0000 0.0010
vn -0.0008 1.0000 0.0008
vn 0.7113 0.0273 -0.7024
vn 0.9326 0.0852 -0.3507
vn 0.9014 0.0328 -0.4317
vn -0.7749 0.0091 0.6321
vn 1.0000 -0.0000 0.0009
vn 0.9016 0.0328 0.4312
vn -0.9457 0.0125 -0.3248
vn -0.9240 0.0105 -0.3821
vn 0.9242 -0.0000 -0.3818
vn 1.0000 -0.0000 -0.0009
vn -0.7749 0.0091 -0.6320
vn 0.7058 0.0032 0.7085
vn 0.9012 0.0328 0.4322
vn 0.7120 0.0273 0.7017
vn 0.3835 0.0036 0.9235
vn 0.0003 0.0005 -1.0000
vn 0.3673 0.0013 -0.9301
vn 0.3836 0.0036 -0.9235
vn 0.3673 0.0013 0.9301
vn 0.0003 0.0005 1.0000
vn -0.0696 0.0008 -0.9976
vn 0.7055 0.0032 -0.7087
vn 0.4793 0.8776 -0.0001
vn 0.4794 0.8776 -0.0000
vn 0.4794 0.8776 0.0001
vn 0.9957 0.0928 -0.0000
vn 0.9328 0.0852 0.3502
vn 0.9949 0.1010 -0.0000
vn -0.7078 0.0057 -0.7064
vn -0.4767 0.0043 -0.8790
vn -0.3834 0.0016 -0.9236
vn -0.3834 0.0016 0.9236
vn -0.0699 0.0008 0.9976
vn -0.4769 0.0043 0.8789
vn 0.7116 0.0273 -0.7021
vn 0.9328 0.0852 -0.3501
vn 0.9012 0.0328 -0.4321
vn 0.7037 -0.6303 0.3278
vn -0.9453 0.0125 -0.3260
vn -0.9243 0.0105 -0.3815
vn -0.7751 0.0091 0.6318
vn -0.7079 0.0057 0.7063
vn 0.7119 0.0273 -0.7017
vn 0.9332 0.0853 -0.3490
vn 0.9012 0.0328 -0.4322
vn 0.3839 0.0036 0.9234
vn 0.3672 0.0013 -0.9301
vn 0.3840 0.0036 -0.9233
vn 0.3670 0.0013 0.9302
vn -0.0699 0.0008 -0.9976
vn 0.4793 0.8776 0.0003
vn 0.4795 0.8775 -0.0001
vn 0.9329 0.0852 0.3498
vn -0.0428 -0.8710 0.4895
vn -0.0378 -0.5037 0.8631
vn -0.7747 0.0091 -0.6323
vn 0.9243 -0.0000 0.3818
vn -0.9454 0.0125 -0.3255
vn -0.9461 0.0125 0.3237
vn 0.9243 -0.0000 -0.3818
vn 1.0000 0.0001 -0.0000
vn -0.7751 0.0091 -0.6318
vn 0.1039 0.9937 -0.0430
vn 0.7058 0.0032 -0.7085
vn 0.4794 0.8776 -0.0001
vn 0.4794 0.8776 -0.0003
vn 0.9332 0.0853 0.3492
vn -0.0000 1.0000 -0.0000
vn 0.1418 -0.1270 0.9817
vn 0.0180 0.0121 -0.9998
vn 0.0221 0.9995 0.0221
vn 0.0288 0.9995 0.0120
vn 0.0289 0.9995 -0.0120
vn 0.0221 0.9995 -0.0221
vn 0.0120 0.9995 -0.0289
vn -0.0000 0.9995 -0.0312
vn 0.0453 0.9930 -0.1094
vn 0.0120 0.9995 0.0289
vn -0.0120 0.9995 0.0289
vn -0.0000 0.9995 0.0312
vn 0.0453 0.9930 0.1094
vn -0.3960 -0.4432 -0.8042
vn -0.0205 -0.0143 -0.9997
vn 0.2567 0.7416 -0.6198
vn -0.1842 0.8764 -0.4449
vn 0.1418 -0.1270 -0.9817
vn 0.4066 -0.4528 -0.7935
vn -0.0849 -0.4902 0.8675
vn 0.1499 -0.4939 0.8565
vn -0.0795 0.9937 0.0795
vn 0.0180 0.0121 0.9998
vn -0.9999 0.0137 -0.0002
vn 0.0104 0.0096 0.9999
vn 0.3938 0.3527 0.8488
vn -0.3939 0.3528 0.8488
vn 0.3938 0.3527 -0.8488
vn 0.1966 -0.9605 -0.1967
vn 0.0010 1.0000 0.0004
vn 0.0011 1.0000 -0.0000
vn -0.0301 0.9969 0.0728
vn 0.0003 1.0000 0.0037
vn 0.0212 0.9912 -0.1310
vn 0.0609 0.9963 -0.0609
vn -0.0037 1.0000 -0.0092
vn -0.0251 0.9919 -0.1243
vn 0.0008 1.0000 -0.0055
vn -0.0547 0.9980 -0.0313
vn -0.2567 0.7416 -0.6198
vn -0.1111 -0.8569 0.5033
vn -0.0288 0.9995 0.0120
vn -0.0221 0.9995 0.0221
vn -0.0312 0.9995 -0.0000
vn -0.0289 0.9995 -0.0120
vn -0.0120 0.9995 -0.0289
vn 0.2960 -0.4628 -0.8356
vn 0.3939 0.9191 -0.0000
vn -0.0000 0.9191 -0.3939
vn -0.3639 0.9192 -0.1507
vn -0.0000 0.9191 0.3939
vn -0.7555 -0.5755 0.3130
vn -0.3130 -0.5755 0.7555
vn -0.7555 -0.5755 -0.3130
vn 0.9236 -0.0250 -0.3825
vn 0.9236 -0.0250 0.3825
vn 0.7059 -0.0596 -0.7058
vn -0.9985 0.0540 -0.0000
vn -0.0000 0.0540 0.9985
vn 0.7061 0.0540 0.7061
vn 0.7061 0.0540 -0.7061
vn -0.7061 0.0540 -0.7061
vn 0.2569 -0.9606 0.1064
vn 0.1966 -0.9606 -0.1966
vn -0.2569 -0.9606 0.1062
vn 0.1967 -0.9606 -0.1965
vn -0.2569 -0.9606 -0.1062
vn 0.0304 0.9959 0.0855
vn 0.8110 0.5850 -0.0000
vn -0.7493 0.5850 -0.3104
vn -0.3104 0.5850 0.7493
vn 0.2567 0.7416 0.6198
vn 0.6708 0.7416 -0.0000
vn -0.6708 0.7416 -0.0000
vn -0.0000 -0.0087 -1.0000
vn 0.3403 0.8766 -0.3403
vn 0.3403 0.8766 0.3403
vn -0.1842 0.8766 0.4445
vn 0.0004 1.0000 -0.0010
vn -0.0000 1.0000 -0.0011
vn -0.0011 1.0000 -0.0000
vn -0.0010 1.0000 0.0004
vn -0.0000 -0.9605 0.2783
vn 0.2780 -0.9606 -0.0000
vn -0.1966 -0.9605 -0.1967
vn -0.1966 -0.9605 0.1969
vn -0.1064 -0.9605 -0.2570
vn 0.1064 -0.9606 0.2568
vn -0.9999 0.0137 -0.0006
vn 0.4793 0.8776 0.0001
vn 0.4797 0.8775 0.0006
vn 0.4783 0.8782 -0.0017
vn 0.4790 0.8778 -0.0000
vn 0.4798 0.8774 -0.0000
vn 0.4795 0.8775 -0.0000
vn 0.4796 0.8775 -0.0000
vn 0.4764 0.8792 -0.0000
vn 0.4793 0.8777 -0.0000
vn 0.4797 0.8774 -0.0000
vn 0.4793 0.8776 -0.0000
vn 0.4794 0.8776 0.0005
vn 0.4795 0.8775 -0.0013
vn -0.9999 0.0137 -0.0001
vn 0.4797 0.8775 0.0001
vn 0.4782 0.8782 0.0008
vn 0.4785 0.8781 -0.0000
vn 0.4795 0.8776 0.0008
vn 0.4786 0.8780 -0.0002
vn 0.4813 0.8765 -0.0026
vn 0.4804 0.8771 -0.0000
vn 0.4796 0.8775 0.0002
vn 0.4808 0.8768 0.0026
vn 0.4791 0.8778 -0.0026
vn 0.4792 0.8777 -0.0001
vn 0.4785 0.8781 0.0013
vn 0.4797 0.8775 -0.0000
vn 0.4783 0.8782 -0.0000
vn 0.4789 0.8779 -0.0010
vn 0.4803 0.8771 -0.0026
vn 0.4784 0.8781 -0.0000
vn 0.4803 0.8771 0.0026
vn 0.4794 0.8776 0.0002
vn 0.4791 0.8778 -0.0000
vn 0.4792 0.8777 -0.0002
vt 0.371103 0.641966
vt 0.307666 0.593152
vt 0.286108 0.565024
vt 0.809207 0.629213
vt 0.804928 0.574246
vt 0.809207 0.573918
vt 0.567117 0.358380
vt 0.584896 0.345170
vt 0.571280 0.358778
vt 0.957944 0.457595
vt 0.961041 0.507499
vt 0.957949 0.507317
vt 0.194925 0.802828
vt 0.194925 0.725009
vt 0.196057 0.752842
vt 0.092512 0.953818
vt 0.089830 0.898520
vt 0.093386 0.896107
vt 0.537691 0.845078
vt 0.537692 0.841920
vt 0.540778 0.845092
vt 0.099722 0.978741
vt 0.103629 0.898977
vt 0.103629 0.980553
vt 0.742910 0.265794
vt 0.742603 0.256818
vt 0.742950 0.256626
vt 0.422447 0.377787
vt 0.421042 0.381290
vt 0.415874 0.384515
vt 0.742901 0.787109
vt 0.749881 0.785721
vt 0.755663 0.799684
vt 0.120979 0.417232
vt 0.123440 0.406993
vt 0.128034 0.404255
vt 0.939094 0.431061
vt 0.934866 0.459890
vt 0.934867 0.431084
vt 0.957945 0.429600
vt 0.961036 0.457759
vt 0.953722 0.420844
vt 0.953721 0.429548
vt 0.073495 0.925379
vt 0.069289 0.896107
vt 0.073514 0.896111
vt 0.934832 0.299671
vt 0.938967 0.328435
vt 0.934741 0.328396
vt 0.289295 0.526895
vt 0.287563 0.534377
vt 0.284452 0.534053
vt 0.214247 0.969842
vt 0.217365 0.878533
vt 0.217770 0.972330
vt 0.105906 0.438770
vt 0.101073 0.447770
vt 0.098035 0.447431
vt 0.288949 0.518034
vt 0.372150 0.445972
vt 0.285098 0.526788
vt 0.085544 0.898840
vt 0.080801 0.954712
vt 0.081676 0.896980
vt 0.662732 0.564956
vt 0.658528 0.564843
vt 0.664158 0.556258
vt 0.525224 0.556302
vt 0.522676 0.565422
vt 0.519601 0.564877
vt 0.983828 0.311950
vt 0.983828 0.315017
vt 0.979603 0.314986
vt 0.939059 0.299701
vt 0.943305 0.290762
vt 0.943281 0.299684
vt 0.946397 0.468885
vt 0.943315 0.459904
vt 0.946402 0.459963
vt 0.672569 0.556708
vt 0.666909 0.565338
vt 0.016350 0.567876
vt 0.012162 0.567984
vt 0.006498 0.559346
vt 0.669940 0.565886
vt 0.073491 0.934356
vt 0.069270 0.925386
vt 0.939093 0.459878
vt 0.934861 0.468830
vt 0.017996 0.558379
vt 0.020543 0.567499
vt 0.014909 0.558907
vt 0.742238 0.257009
vt 0.742516 0.265791
vt 0.742103 0.265787
vt 0.939029 0.498753
vt 0.943273 0.491596
vt 0.943251 0.498731
vt 0.077715 0.934371
vt 0.073489 0.937951
vt 0.014684 0.548947
vt 0.012169 0.552309
vt 0.011587 0.549442
vt 0.016336 0.554905
vt 0.069266 0.934368
vt 0.939088 0.468824
vt 0.934858 0.472443
vt 0.276360 0.556671
vt 0.271670 0.553632
vt 0.273669 0.549989
vt 0.934871 0.283925
vt 0.939091 0.287161
vt 0.934864 0.287141
vt 0.073488 0.941135
vt 0.069264 0.937968
vt 0.699237 0.550167
vt 0.699528 0.572500
vt 0.688233 0.549492
vt 0.533472 0.835904
vt 0.529250 0.830133
vt 0.533477 0.830142
vt 0.736273 0.849441
vt 0.739364 0.849594
vt 0.739365 0.853595
vt 0.949497 0.417366
vt 0.953723 0.414191
vt 0.953722 0.417326
vt 0.743104 0.550010
vt 0.726212 0.573127
vt 0.728933 0.550448
vt 0.536002 0.544922
vt 0.540221 0.544945
vt 0.540073 0.547713
vt 0.675918 0.547156
vt 0.678380 0.550564
vt 0.675330 0.550055
vt 0.943300 0.478630
vt 0.939081 0.475665
vt 0.943304 0.475677
vt 0.073487 0.944037
vt 0.069263 0.941156
vt 0.528535 0.546870
vt 0.531051 0.550231
vt 0.527956 0.549724
vt 0.671127 0.549724
vt 0.666896 0.549662
vt 0.667477 0.546796
vt 0.732051 0.875692
vt 0.736275 0.875731
vt 0.736275 0.880970
vt 0.946387 0.478638
vt 0.946391 0.475697
vt 0.934877 0.280972
vt 0.939098 0.283940
vt 0.943326 0.280985
vt 0.943320 0.283938
vt 0.981142 0.385447
vt 0.977634 0.442486
vt 0.977634 0.382943
vt 0.931783 0.278163
vt 0.931778 0.280955
vt 0.949499 0.411344
vt 0.953725 0.408576
vt 0.953724 0.411313
vt 0.073486 0.946777
vt 0.069262 0.944062
vt 0.957949 0.408605
vt 0.961040 0.411435
vt 0.957948 0.411347
vt 0.946405 0.411429
vt 0.949500 0.408601
vt 0.943295 0.481435
vt 0.939077 0.478622
vt 0.939103 0.280983
vt 0.943331 0.278181
vt 0.014540 0.546226
vt 0.011442 0.546708
vt 0.010134 0.536887
vt 0.007217 0.547000
vt 0.004493 0.539976
vt 0.943293 0.482816
vt 0.946382 0.481430
vt 0.069261 0.948153
vt 0.069261 0.946806
vt 0.077710 0.948156
vt 0.077710 0.946809
vt 0.545384 0.266399
vt 0.544138 0.263521
vt 0.545384 0.263007
vt 0.012918 0.539749
vt 0.012000 0.542618
vt 0.282044 0.539994
vt 0.281441 0.544080
vt 0.277207 0.544063
vt 0.545384 0.263263
vt 0.546732 0.263263
vt 0.546676 0.266399
vt 0.939070 0.482816
vt 0.934846 0.481421
vt 0.939072 0.481432
vt 0.002999 0.547022
vt -0.000000 0.545393
vt 0.003564 0.542879
vt 0.124459 0.371338
vt 0.127538 0.370797
vt 0.130277 0.375068
vt 0.957951 0.404512
vt 0.953726 0.407225
vt 0.953727 0.404491
vt 0.938999 0.507498
vt 0.943222 0.507471
vt 0.949502 0.404509
vt 0.949501 0.407248
vt 0.939064 0.485604
vt 0.934843 0.482802
vt 0.949497 0.420886
vt 0.547145 0.403891
vt 0.543229 0.395745
vt 0.546347 0.392588
vt 0.069260 0.953673
vt 0.073485 0.950825
vt 0.073485 0.953632
vt 0.541802 0.537614
vt 0.539656 0.540801
vt 0.538727 0.537898
vt 0.555882 0.211500
vt 0.562541 0.199681
vt 0.564393 0.207973
vt 0.066166 0.953790
vt 0.069260 0.950862
vt 0.934886 0.274000
vt 0.939116 0.271096
vt 0.939113 0.273999
vt 0.943336 0.274013
vt 0.001417 0.539691
vt 0.000484 0.542607
vt 0.400439 0.134172
vt 0.332460 0.240053
vt 0.297170 0.204757
vt 0.939118 0.267986
vt 0.943338 0.271114
vt 0.069260 0.956679
vt 0.073485 0.956634
vt 0.066166 0.956807
vt 0.080800 0.956811
vt 0.077709 0.953676
vt 0.080800 0.953794
vt 0.939050 0.491609
vt 0.943280 0.488496
vt 0.949506 0.398559
vt 0.953729 0.401630
vt 0.949504 0.401644
vt 0.002862 0.536552
vt 0.720751 0.850626
vt 0.724503 0.844595
vt 0.724244 0.853166
vt 0.253728 0.864914
vt 0.257508 0.870601
vt 0.254009 0.873112
vt 0.736271 0.841171
vt 0.739362 0.841339
vt 0.007681 0.529267
vt 0.005932 0.536849
vt 0.949511 0.391392
vt 0.953731 0.398550
vt 0.934823 0.491582
vt 0.659951 0.526795
vt 0.661604 0.534295
vt 0.656851 0.527109
vt 0.574302 0.359337
vt 0.946404 0.414324
vt 0.949498 0.414226
vt 0.077709 0.963590
vt 0.077709 0.956681
vt 0.949496 0.429597
vt 0.422861 0.404651
vt 0.419780 0.404915
vt 0.419403 0.402190
vt 0.026993 0.520509
vt 0.019107 0.529453
vt 0.014919 0.529654
vt 0.471027 0.945181
vt 0.467247 0.951489
vt 0.467555 0.942587
vt 0.537772 0.784572
vt 0.533529 0.792993
vt 0.533549 0.784604
vt 0.077710 0.972050
vt 0.073485 0.963533
vt 0.931788 0.274015
vt 0.934883 0.276786
vt 0.668936 0.533973
vt 0.664149 0.526734
vt 0.668321 0.526939
vt 0.080801 0.972217
vt 0.080800 0.963740
vt 0.934802 0.498717
vt 0.721237 0.938150
vt 0.716653 0.946209
vt 0.716957 0.937682
vt 0.253677 0.958040
vt 0.257508 0.963794
vt 0.254010 0.966323
vt 0.560069 0.434070
vt 0.558613 0.436484
vt 0.555796 0.427762
vt 0.529323 0.784567
vt 0.712549 0.851890
vt 0.713036 0.939415
vt 0.249732 0.873537
vt 0.249400 0.958466
vt 0.383919 0.359478
vt 0.388111 0.359393
vt 0.392164 0.369820
vt 0.943340 0.268009
vt 0.946425 0.271150
vt 0.286111 0.537446
vt 0.282994 0.537134
vt 0.540358 0.534475
vt 0.537288 0.534772
vt 0.249481 0.211500
vt 0.058537 0.249481
vt 0.020555 0.058536
vt 0.423548 0.953641
vt 0.427454 0.856847
vt 0.427837 0.954122
vt 0.535271 0.550556
vt 0.531633 0.547365
vt 0.117205 0.426441
vt 0.114133 0.426147
vt 0.116173 0.421667
vt 0.934848 0.181864
vt 0.931794 0.252154
vt 0.931749 0.181944
vt 0.732046 0.841109
vt 0.467290 0.852095
vt 0.471027 0.845754
vt 0.470762 0.854685
vt 0.939073 0.173423
vt 0.943297 0.181877
vt 0.939074 0.181839
vt 0.257175 0.955526
vt 0.442146 0.445693
vt 0.437313 0.436693
vt 0.445185 0.445354
vt 0.973351 0.442042
vt 0.973351 0.382507
vt 0.023619 0.566955
vt 0.046526 0.594981
vt 0.245489 0.956690
vt 0.245821 0.871762
vt 0.537751 0.792967
vt 0.533513 0.801129
vt 0.939074 0.165268
vt 0.934846 0.173442
vt 0.934848 0.165279
vt 0.943302 0.156627
vt 0.946384 0.165348
vt 0.943297 0.165293
vt 0.667062 0.539971
vt 0.666143 0.537101
vt 0.736274 0.857515
vt 0.732049 0.849384
vt 0.727825 0.857514
vt 0.724731 0.857648
vt 0.724731 0.853593
vt 0.431343 0.845164
vt 0.427838 0.842600
vt 0.746203 0.265635
vt 0.746223 0.256461
vt 0.746517 0.265625
vt 0.931793 0.268034
vt 0.934893 0.260843
vt 0.934891 0.267996
vt 0.552685 0.428059
vt 0.553413 0.423431
vt 0.428383 0.428668
vt 0.429087 0.424070
vt 0.431450 0.428365
vt 0.943190 0.328410
vt 0.419983 0.428492
vt 0.417602 0.424165
vt 0.420748 0.422176
vt 0.390606 0.420324
vt 0.393852 0.410647
vt 0.393797 0.422385
vt 0.431112 0.432855
vt 0.736275 0.861718
vt 0.732051 0.866082
vt 0.732050 0.857466
vt 0.533499 0.809774
vt 0.529272 0.809755
vt 0.529279 0.805330
vt 0.412458 0.419205
vt 0.413810 0.414912
vt 0.533487 0.819393
vt 0.529260 0.819379
vt 0.529266 0.814429
vt 0.979596 0.342121
vt 0.975371 0.342136
vt 0.975372 0.339724
vt 0.400041 0.424993
vt 0.396928 0.424672
vt 0.398019 0.422453
vt 0.537715 0.814434
vt 0.736275 0.866126
vt 0.736275 0.870787
vt 0.934855 0.154307
vt 0.934853 0.156614
vt 0.931754 0.156642
vt 0.943311 0.146990
vt 0.946389 0.156665
vt 0.739366 0.870898
vt 0.975369 0.349007
vt 0.979592 0.353334
vt 0.975367 0.353342
vt 0.266704 0.625744
vt 0.263690 0.626426
vt 0.263496 0.621258
vt 0.007949 0.552633
vt 0.003735 0.552689
vt 0.003146 0.549790
vt 0.529255 0.824618
vt 0.732050 0.886465
vt 0.727825 0.886497
vt 0.727826 0.880968
vt 0.120999 0.401221
vt 0.123816 0.404267
vt 0.120358 0.406728
vt 0.404323 0.393906
vt 0.407447 0.394182
vt 0.407407 0.397096
vt 0.739366 0.881067
vt 0.739366 0.883792
vt 0.736274 0.892291
vt 0.736274 0.886498
vt 0.273035 0.267889
vt 0.363266 0.346618
vt 0.270036 0.268442
vt 0.946411 0.136239
vt 0.943324 0.136230
vt 0.943332 0.130463
vt 0.537699 0.830139
vt 0.202282 0.982948
vt 0.198750 0.898544
vt 0.202282 0.896107
vt 0.528301 0.527576
vt 0.426923 0.432914
vt 0.972285 0.312037
vt 0.975379 0.311949
vt 0.975378 0.315015
vt 0.732049 0.898336
vt 0.732050 0.892261
vt 0.469716 0.722901
vt 0.403644 0.720245
vt 0.454517 0.686205
vt 0.543368 0.389863
vt 0.546841 0.386590
vt 0.540779 0.841926
vt 0.537695 0.835904
vt 0.540782 0.835900
vt 0.939110 0.130458
vt 0.939115 0.127490
vt 0.418988 0.393657
vt 0.415186 0.402178
vt 0.551682 0.383508
vt 0.555887 0.383834
vt 0.555281 0.386956
vt 0.741909 0.257169
vt 0.741734 0.265782
vt 0.558938 0.384341
vt 0.558333 0.387455
vt 0.732048 0.901544
vt 0.727823 0.898362
vt 0.736273 0.898363
vt 0.111499 0.811218
vt 0.137099 0.800610
vt 0.143523 0.810282
vt 0.391821 0.385524
vt 0.394877 0.385051
vt 0.392392 0.388645
vt 0.533469 0.841915
vt 0.529242 0.845073
vt 0.529243 0.841915
vt 0.526143 0.845083
vt 0.122178 0.383367
vt 0.120773 0.379864
vt 0.127346 0.386592
vt 0.732047 0.904934
vt 0.727823 0.901566
vt 0.736272 0.901567
vt 0.414027 0.377365
vt 0.412612 0.380893
vt 0.533468 0.845071
vt 0.529241 0.848401
vt 0.537690 0.848406
vt 0.129192 0.379442
vt 0.130607 0.382970
vt 0.410938 0.376843
vt 0.409519 0.380380
vt 0.732046 0.908585
vt 0.727822 0.904954
vt 0.736271 0.904955
vt 0.132282 0.378920
vt 0.133701 0.382457
vt 0.526143 0.852002
vt 0.526143 0.848420
vt 0.533468 0.848396
vt 0.529241 0.851974
vt 0.537690 0.851979
vt 0.540777 0.852011
vt 0.540777 0.848429
vt 0.529242 0.855886
vt 0.732044 0.912589
vt 0.727821 0.908600
vt 0.736270 0.908602
vt 0.412942 0.372991
vt 0.418760 0.369261
vt 0.537691 0.855891
vt 0.533468 0.851966
vt 0.562943 0.369010
vt 0.565977 0.369553
vt 0.563266 0.373776
vt 0.732043 0.917062
vt 0.727820 0.912601
vt 0.736269 0.912603
vt 0.533469 0.855874
vt 0.529244 0.860250
vt 0.537694 0.860255
vt 0.737029 0.256498
vt 0.737408 0.265945
vt 0.737024 0.265943
vt 0.732038 0.927966
vt 0.736267 0.917073
vt 0.736262 0.927969
vt 0.094107 0.347943
vt 0.004135 0.270466
vt 0.111902 0.361445
vt 0.424071 0.358419
vt 0.415682 0.368721
vt 0.540789 0.870952
vt 0.540780 0.860306
vt 0.537701 0.870885
vt 0.533471 0.860235
vt 0.727818 0.917071
vt 0.119148 0.360496
vt 0.979600 0.269111
vt 0.975378 0.283115
vt 0.975375 0.269170
vt 0.562747 0.431925
vt 0.564269 0.434011
vt 0.437734 0.344751
vt 0.427137 0.358976
vt 0.943316 0.431097
vt 0.269205 0.875455
vt 0.265204 0.864882
vt 0.268727 0.862388
vt 0.537717 0.885138
vt 0.533479 0.870859
vt 0.732030 0.942593
vt 0.727813 0.927968
vt 0.812734 0.626770
vt 0.812734 0.571496
vt 0.931769 0.431157
vt 0.934846 0.379668
vt 0.938781 0.379669
vt 0.943004 0.379636
vt 0.939102 0.136222
vt 0.939105 0.133368
vt 0.943756 0.000000
vt 0.939239 0.081346
vt 0.939533 0.000031
vt 0.209961 0.969429
vt 0.213842 0.876027
vt 0.430959 0.859399
vt 0.529268 0.885133
vt 0.526286 0.966843
vt 0.526169 0.885209
vt 0.205656 0.877388
vt 0.209556 0.875608
vt 0.265682 0.968641
vt 0.261401 0.878323
vt 0.265682 0.877938
vt 0.088956 0.956252
vt 0.640876 0.592853
vt 0.581038 0.641428
vt 0.576922 0.640988
vt 0.196057 0.728501
vt 0.196057 0.642919
vt 0.197243 0.698221
vt 0.710039 0.855356
vt 0.710525 0.942883
vt 0.115331 0.957815
vt 0.111398 0.897785
vt 0.115331 0.896107
vt 0.558761 0.368633
vt 0.562926 0.358251
vt 0.493640 0.592335
vt 0.436896 0.641508
vt 0.433865 0.640921
vt 0.262052 0.520990
vt 0.260867 0.552464
vt 0.260867 0.463486
vt 0.746575 0.256644
vt 0.746911 0.265611
vt 0.380472 0.445970
vt 0.300360 0.518387
vt 0.297278 0.518025
vt 0.647466 0.115166
vt 0.645179 0.139776
vt 0.640848 0.117907
vt 0.943307 0.472456
vt 0.939120 0.260826
vt 0.077738 0.896109
vt 0.564195 0.427949
vt 0.566925 0.432141
vt 0.093386 0.978780
vt 0.949495 0.457592
vt 0.953720 0.457534
vt 0.526870 0.565799
vt 0.528310 0.556830
vt 0.257508 0.967210
vt 0.261400 0.969020
vt 0.528878 0.534577
vt 0.524113 0.527376
vt 0.931748 0.173506
vt 0.549619 0.414173
vt 0.544501 0.406825
vt 0.724731 0.940693
vt 0.931763 0.468862
vt 0.943310 0.468844
vt 0.304651 0.593691
vt 0.281927 0.565362
vt 0.957946 0.420890
vt 0.961036 0.429739
vt 0.277876 0.549704
vt 0.278891 0.565876
vt 0.934856 0.290749
vt 0.931768 0.459939
vt 0.946402 0.429733
vt 0.440789 0.345319
vt 0.539085 0.268389
vt 0.431317 0.359369
vt 0.746945 0.256825
vt 0.747323 0.265596
vt 0.677291 0.553719
vt 0.675610 0.557238
vt 0.939082 0.290772
vt 0.943313 0.287155
vt 0.874094 0.038291
vt 0.848493 0.027681
vt 0.850726 0.016286
vt 0.961037 0.421011
vt 0.957947 0.417369
vt 0.939085 0.472440
vt 0.934854 0.475663
vt 0.179599 0.523802
vt 0.171626 0.500321
vt 0.186271 0.500297
vt 0.182507 0.381343
vt 0.170808 0.357859
vt 0.186166 0.357840
vt 0.077713 0.937970
vt 0.537218 0.729810
vt 0.520348 0.753309
vt 0.523029 0.729966
vt 0.652063 0.517840
vt 0.931752 0.478614
vt 0.934850 0.478617
vt 0.957947 0.414229
vt 0.537704 0.824623
vt 0.270614 0.550466
vt 0.273113 0.547084
vt 0.643402 0.742699
vt 0.653331 0.756628
vt 0.646712 0.759370
vt 0.961039 0.414330
vt 0.281557 0.546814
vt 0.459061 0.853208
vt 0.463272 0.942046
vt 0.459326 0.943700
vt 0.946418 0.278186
vt 0.946413 0.280978
vt 0.934881 0.278168
vt 0.931748 0.481406
vt 0.080801 0.950969
vt 0.077709 0.950864
vt 0.957950 0.407251
vt 0.525077 0.669290
vt 0.505995 0.642399
vt 0.524252 0.642344
vt 0.531220 0.540541
vt 0.530302 0.537672
vt 0.533085 0.534809
vt 0.674567 0.537339
vt 0.675497 0.540244
vt 0.671856 0.544091
vt 0.943332 0.276799
vt 0.939110 0.276791
vt 0.939108 0.278175
vt 0.066167 0.946891
vt 0.524557 0.518519
vt 0.527598 0.518183
vt 0.073486 0.948120
vt 0.943287 0.485600
vt 0.693719 0.184481
vt 0.657024 0.199681
vt 0.946423 0.274037
vt 0.285165 0.540293
vt 0.939058 0.488505
vt 0.934838 0.485586
vt 0.934889 0.271101
vt 0.664718 0.534005
vt 0.663023 0.537379
vt 0.957955 0.398563
vt 0.979594 0.348996
vt 0.931791 0.271128
vt 0.532483 0.527508
vt 0.529302 0.792962
vt 0.066166 0.963736
vt 0.069260 0.963587
vt 0.551000 0.401171
vt 0.943343 0.260857
vt 0.946428 0.268058
vt 0.643884 0.593424
vt 0.957960 0.391396
vt 0.953735 0.391391
vt 0.535538 0.527189
vt 0.403404 0.405199
vt 0.406527 0.405491
vt 0.406017 0.408161
vt 0.292392 0.527241
vt 0.949517 0.382507
vt 0.939119 0.252053
vt 0.720934 0.946683
vt 0.116297 0.434991
vt 0.663938 0.540237
vt 0.462964 0.950941
vt 0.123236 0.430569
vt 0.122472 0.424253
vt 0.112108 0.434932
vt 0.108960 0.439092
vt 0.716470 0.850159
vt 0.721010 0.842038
vt 0.391590 0.437669
vt 0.388496 0.437320
vt 0.390160 0.435239
vt 0.931748 0.169437
vt 0.422241 0.415155
vt 0.426015 0.424365
vt 0.196057 0.725010
vt 0.194925 0.695678
vt 0.196057 0.642920
vt 0.077712 0.941159
vt 0.383551 0.446336
vt 0.866419 0.843681
vt 0.858727 0.843681
vt 0.855175 0.825817
vt 0.015622 0.520260
vt 0.010737 0.529585
vt 0.975363 0.361740
vt 0.979582 0.370441
vt 0.975358 0.370437
vt 0.463007 0.851554
vt 0.467555 0.843147
vt 0.931795 0.260904
vt 0.934892 0.252077
vt 0.531058 0.565906
vt 0.505014 0.593455
vt 0.834666 0.696444
vt 0.808381 0.700424
vt 0.804609 0.684169
vt 0.573606 0.207973
vt 0.946383 0.169460
vt 0.979588 0.361739
vt 0.943295 0.173455
vt 0.934850 0.161046
vt 0.931749 0.165325
vt 0.385960 0.435135
vt 0.387505 0.433066
vt 0.727824 0.849440
vt 0.107903 0.980164
vt 0.983800 0.190002
vt 0.986915 0.269333
vt 0.983824 0.269171
vt 0.739366 0.861845
vt 0.739366 0.857650
vt 0.983818 0.349009
vt 0.983816 0.353344
vt 0.537728 0.805335
vt 0.724732 0.861843
vt 0.114836 0.430745
vt 0.111770 0.430442
vt 0.939076 0.161037
vt 0.496694 0.592904
vt 0.539485 0.550612
vt 0.536721 0.557269
vt 0.939088 0.146977
vt 0.939091 0.144393
vt 0.983820 0.342138
vt 0.939080 0.156607
vt 0.169463 0.297052
vt 0.150809 0.319781
vt 0.150736 0.297020
vt 0.102191 0.644020
vt 0.098063 0.644186
vt 0.038206 0.595532
vt 0.547328 0.416853
vt 0.552346 0.421201
vt 0.934864 0.144391
vt 0.934861 0.146977
vt 0.931763 0.146991
vt 0.727826 0.866124
vt 0.727826 0.861717
vt 0.946407 0.139035
vt 0.939081 0.154302
vt 0.983821 0.339726
vt 0.397608 0.429307
vt 0.394500 0.428976
vt 0.423912 0.409899
vt 0.409301 0.409445
vt 0.411340 0.404634
vt 0.529246 0.835899
vt 0.402393 0.381446
vt 0.403316 0.384755
vt 0.399084 0.384769
vt 0.400821 0.415454
vt 0.399578 0.402439
vt 0.526883 0.552828
vt 0.820055 0.756651
vt 0.809371 0.745964
vt 0.813316 0.740050
vt 0.260288 0.626050
vt 0.263303 0.626732
vt 0.263496 0.631749
vt 0.119618 0.896610
vt 0.979600 0.332058
vt 0.975375 0.332079
vt 0.975375 0.329392
vt 0.935012 0.081307
vt 0.939193 0.095553
vt 0.934966 0.095518
vt 0.939161 0.106150
vt 0.934935 0.106122
vt 0.724732 0.883790
vt 0.724732 0.881065
vt 0.107902 0.898589
vt 0.111398 0.977679
vt 0.077719 0.925388
vt 0.727825 0.892289
vt 0.934888 0.127480
vt 0.979602 0.320915
vt 0.975377 0.320941
vt 0.975378 0.318007
vt 0.135275 0.388915
vt 0.132674 0.395410
vt 0.132178 0.389412
vt 0.500889 0.753294
vt 0.482378 0.729768
vt 0.493350 0.729943
vt 0.407945 0.386838
vt 0.410545 0.393333
vt 0.407447 0.392848
vt 0.750395 0.638566
vt 0.750000 0.631405
vt 0.750395 0.629965
vt 0.939120 0.124447
vt 0.934893 0.124436
vt 0.124232 0.395734
vt 0.123737 0.389766
vt 0.411653 0.384193
vt 0.411042 0.387335
vt 0.408557 0.383689
vt 0.131567 0.386270
vt 0.134662 0.385766
vt 0.986920 0.308868
vt 0.986919 0.312040
vt 0.983828 0.308771
vt 0.943348 0.121291
vt 0.943342 0.124449
vt 0.972285 0.308866
vt 0.975379 0.308769
vt 0.393960 0.381764
vt 0.392594 0.378248
vt 0.979605 0.305387
vt 0.979604 0.308735
vt 0.983829 0.305426
vt 0.558242 0.377057
vt 0.547451 0.383449
vt 0.548409 0.380150
vt 0.939126 0.121292
vt 0.934906 0.117953
vt 0.939132 0.117970
vt 0.943355 0.117966
vt 0.282107 0.549686
vt 0.284775 0.556311
vt 0.972286 0.305529
vt 0.975380 0.301843
vt 0.975380 0.305424
vt 0.979605 0.301802
vt 0.983829 0.301845
vt 0.986920 0.305532
vt 0.986920 0.301960
vt 0.559887 0.381073
vt 0.561287 0.377581
vt 0.934914 0.114384
vt 0.939140 0.114405
vt 0.943363 0.114397
vt 0.390906 0.382247
vt 0.549823 0.376623
vt 0.548708 0.372981
vt 0.554553 0.368525
vt 0.979605 0.297893
vt 0.983829 0.297939
vt 0.077711 0.944065
vt 0.389544 0.378740
vt 0.387605 0.374914
vt 0.934923 0.110478
vt 0.939150 0.110503
vt 0.943372 0.110491
vt 0.975380 0.297938
vt 0.972286 0.301957
vt 0.979604 0.293553
vt 0.983829 0.293602
vt 0.943384 0.106135
vt 0.983827 0.283117
vt 0.986920 0.293737
vt 0.979603 0.283061
vt 0.529252 0.870880
vt 0.379751 0.359832
vt 0.384940 0.370662
vt 0.376724 0.360359
vt 0.943415 0.095531
vt 0.975379 0.293601
vt 0.526154 0.870944
vt 0.526146 0.860298
vt 0.986918 0.283267
vt 0.736254 0.942592
vt 0.366281 0.346080
vt 0.943462 0.081321
vt 0.533494 0.885108
vt 0.217770 0.864905
vt 0.983827 0.318009
vt 0.983826 0.320943
vt 0.119618 0.958326
vt 0.123109 0.899157
vt 0.123109 0.960896
vt 0.363990 0.642919
vt 0.366982 0.642361
vt 0.395664 0.399893
vt 0.395449 0.388178
vt 0.435492 0.359491
vt 0.427150 0.369733
vt 0.969440 0.384255
vt 0.419240 0.858066
vt 0.423164 0.856359
vt 0.727826 0.875729
vt 0.727826 0.870785
vt 0.269205 0.966175
vt 0.528680 0.544149
vt 0.665710 0.707528
vt 0.662920 0.641428
vt 0.699615 0.656628
vt 0.609300 0.718749
vt 0.543220 0.721409
vt 0.558419 0.684713
vt 0.683004 0.733409
vt 0.727701 0.684714
vt 0.742900 0.721409
vt 0.392424 0.709025
vt 0.389736 0.642920
vt 0.426431 0.658120
vt 0.620521 0.775158
vt 0.623200 0.841109
vt 0.586505 0.825909
vt 0.329941 0.734906
vt 0.285236 0.686205
vt 0.336014 0.720245
vt 0.651050 0.781231
vt 0.662919 0.841109
vt 0.683004 0.749278
vt 0.742900 0.761128
vt 0.361894 0.782728
vt 0.389736 0.842600
vt 0.350017 0.842600
vt 0.558419 0.797823
vt 0.609300 0.763938
vt 0.329941 0.750774
vt 0.270036 0.722900
vt 0.957953 0.401647
vt 0.617305 0.199681
vt 0.350017 0.642919
vt 0.347234 0.709025
vt 0.313321 0.658119
vt 0.906060 0.686851
vt 0.906652 0.702475
vt 0.901110 0.698802
vt 0.895691 0.713438
vt 0.891964 0.707949
vt 0.880017 0.712899
vt 0.881371 0.719371
vt 0.867086 0.712899
vt 0.851553 0.713438
vt 0.855139 0.707949
vt 0.845996 0.698803
vt 0.840595 0.702475
vt 0.841049 0.686852
vt 0.834668 0.672648
vt 0.841051 0.673917
vt 0.846001 0.661966
vt 0.840601 0.658324
vt 0.855146 0.652819
vt 0.851562 0.647361
vt 0.867094 0.647869
vt 0.865882 0.641428
vt 0.880025 0.647869
vt 0.895699 0.647361
vt 0.891971 0.652819
vt 0.906657 0.658324
vt 0.901114 0.661966
vt 0.906061 0.673916
vt 0.912587 0.672647
vt 0.809006 0.237464
vt 0.789463 0.199849
vt 0.803830 0.199908
vt 0.241340 0.591630
vt 0.222017 0.554961
vt 0.236400 0.555351
vt 0.778412 0.571580
vt 0.770166 0.609466
vt 0.762955 0.571559
vt 0.749140 0.199765
vt 0.747556 0.237650
vt 0.734400 0.199743
vt 0.783829 0.609446
vt 0.793151 0.571559
vt 0.804929 0.571496
vt 0.819333 0.199849
vt 0.800735 0.237390
vt 0.778420 0.199681
vt 0.743723 0.237630
vt 0.722623 0.199681
vt 0.248907 0.610368
vt 0.259159 0.636564
vt 0.243654 0.636564
vt 0.749132 0.571497
vt 0.246386 0.591630
vt 0.251904 0.555351
vt 0.251029 0.591504
vt 0.266167 0.554961
vt 0.778420 0.199681
vt 0.757385 0.237650
vt 0.764597 0.199743
vt 0.775198 0.609473
vt 0.241414 0.610368
vt 0.236658 0.591504
vt 0.233430 0.610020
vt 0.233054 0.591269
vt 0.761610 0.256435
vt 0.761885 0.237630
vt 0.757274 0.256455
vt 0.752354 0.237657
vt 0.747802 0.256455
vt 0.818700 0.237390
vt 0.814026 0.256241
vt 0.814052 0.237445
vt 0.804657 0.256241
vt 0.804330 0.237445
vt 0.783443 0.628251
vt 0.779995 0.609466
vt 0.775126 0.628277
vt 0.770277 0.628270
vt 0.765667 0.609446
vt 0.250751 0.610246
vt 0.556566 0.903098
vt 0.543220 0.910066
vt 0.548380 0.897606
vt 0.552880 0.911998
vt 0.543220 0.923551
vt 0.556566 0.930531
vt 0.548380 0.936010
vt 0.248397 0.668872
vt 0.237627 0.658597
vt 0.251072 0.658597
vt 0.238793 0.668872
vt 0.224806 0.658560
vt 0.568321 0.920307
vt 0.580073 0.910834
vt 0.577442 0.924061
vt 0.568321 0.901411
vt 0.577442 0.897607
vt 0.856447 0.488126
vt 0.844960 0.477970
vt 0.858445 0.477970
vt 0.131344 0.934511
vt 0.126796 0.920132
vt 0.136505 0.922052
vt 0.126796 0.910499
vt 0.136505 0.908566
vt 0.123109 0.901599
vt 0.131344 0.896107
vt 0.794363 0.477825
vt 0.780375 0.488136
vt 0.781542 0.477862
vt 0.768096 0.477862
vt 0.559197 0.897607
vt 0.566442 0.910859
vt 0.556566 0.910834
vt 0.568321 0.920307
vt 0.559197 0.924061
vt 0.248613 0.778100
vt 0.237158 0.768413
vt 0.250643 0.768413
vt 0.235027 0.831073
vt 0.219440 0.861957
vt 0.218432 0.830624
vt 0.205656 0.829794
vt 0.270037 0.720693
vt 0.253562 0.752232
vt 0.254088 0.720742
vt 0.236252 0.720742
vt 0.236458 0.752232
vt 0.219245 0.720693
vt 0.207117 0.752097
vt 0.205656 0.720602
vt 0.876135 0.571574
vt 0.860718 0.540238
vt 0.877195 0.540106
vt 0.843178 0.571700
vt 0.842829 0.540238
vt 0.827282 0.571574
vt 0.826253 0.540106
vt 0.815064 0.571342
vt 0.813512 0.539864
vt 0.812051 0.571362
vt 0.799923 0.539957
vt 0.813512 0.539867
vt 0.799019 0.571449
vt 0.782916 0.540007
vt 0.765606 0.571496
vt 0.765080 0.540007
vt 0.749131 0.539957
vt 0.268291 0.861957
vt 0.252915 0.831073
vt 0.269373 0.830624
vt 0.252509 0.862388
vt 0.154468 0.634642
vt 0.172617 0.629703
vt 0.170318 0.641207
vt 0.187473 0.641206
vt 0.185186 0.629702
vt 0.203322 0.634641
vt 0.205686 0.616005
vt 0.215453 0.622511
vt 0.210495 0.604394
vt 0.222017 0.606661
vt 0.210495 0.591825
vt 0.222017 0.589506
vt 0.205685 0.580213
vt 0.215453 0.573657
vt 0.203322 0.561526
vt 0.196798 0.571326
vt 0.187473 0.554961
vt 0.172617 0.566516
vt 0.170318 0.554962
vt 0.161005 0.571327
vt 0.154468 0.561527
vt 0.142338 0.573657
vt 0.147308 0.591825
vt 0.135773 0.589507
vt 0.147309 0.604394
vt 0.135773 0.606662
vt 0.142338 0.622511
vt 0.161006 0.624893
vt 0.025208 0.892902
vt 0.053147 0.895355
vt 0.032054 0.909429
vt 0.044703 0.922079
vt 0.058791 0.900999
vt 0.061231 0.928924
vt 0.206661 0.553421
vt 0.219579 0.528550
vt 0.224551 0.553421
vt 0.241078 0.546575
vt 0.226953 0.525495
vt 0.253728 0.533926
vt 0.232597 0.519851
vt 0.260574 0.517399
vt 0.235652 0.512477
vt 0.260574 0.499510
vt 0.232597 0.497120
vt 0.253728 0.482982
vt 0.226953 0.491476
vt 0.241079 0.470333
vt 0.224551 0.463487
vt 0.211597 0.488422
vt 0.206662 0.463487
vt 0.066165 0.863925
vt 0.044703 0.845836
vt 0.061231 0.838990
vt 0.058791 0.866980
vt 0.032053 0.858486
vt 0.053147 0.872624
vt 0.025208 0.875013
vt 0.050092 0.879998
vt 0.971504 0.278196
vt 0.946634 0.228260
vt 0.971706 0.228912
vt 0.947217 0.190002
vt 0.972284 0.191031
vt 0.904890 0.463095
vt 0.929954 0.502988
vt 0.904890 0.503498
vt 0.000148 0.991496
vt 0.025062 0.940257
vt 0.025208 0.990819
vt 0.000000 0.886878
vt 0.025073 0.887233
vt 0.025208 0.839813
vt 0.901466 0.457636
vt 0.874413 0.409315
vt 0.899505 0.408726
vt 0.898813 0.355551
vt 0.873713 0.355609
vt 0.899505 0.306202
vt 0.874413 0.305766
vt 0.901466 0.268185
vt 0.498448 0.977016
vt 0.473173 0.929987
vt 0.498246 0.929597
vt 0.498171 0.876574
vt 0.473098 0.876434
vt 0.498234 0.826010
vt 0.473173 0.825368
vt 0.498448 0.785609
vt 0.972284 0.380366
vt 0.946634 0.331745
vt 0.971706 0.331379
vt 0.272996 0.544314
vt 0.273607 0.540177
vt 0.737146 0.305659
vt 0.717552 0.325257
vt 0.707856 0.318804
vt 0.790458 0.295057
vt 0.762747 0.295054
vt 0.760447 0.283659
vt 0.111482 0.671863
vt 0.083772 0.671863
vt 0.081470 0.660468
vt 0.925298 0.079325
vt 0.915658 0.113499
vt 0.915658 0.081244
vt 0.911477 0.148830
vt 0.903319 0.143297
vt 0.880518 0.166102
vt 0.852572 0.188195
vt 0.850728 0.178443
vt 0.818483 0.178439
vt 0.783087 0.174362
vt 0.788692 0.166093
vt 0.757548 0.148813
vt 0.765891 0.143283
vt 0.753551 0.113481
vt 0.743727 0.115434
vt 0.753551 0.081227
vt 0.743727 0.079306
vt 0.765890 0.051428
vt 0.783086 0.020385
vt 0.788690 0.028623
vt 0.816453 0.006563
vt 0.818481 0.016282
vt 0.852570 0.006567
vt 0.885938 0.020396
vt 0.880517 0.028633
vt 0.903318 0.051443
vt 0.931747 0.116789
vt 0.925298 0.115453
vt 0.916924 0.152586
vt 0.885939 0.174373
vt 0.853745 0.194808
vt 0.816455 0.188191
vt 0.779220 0.179971
vt 0.751829 0.152569
vt 0.737005 0.116768
vt 0.737004 0.078019
vt 0.751828 0.042222
vt 0.757548 0.045929
vt 0.815006 0.000000
vt 0.853743 0.000004
vt 0.916923 0.042239
vt 0.911476 0.045946
vt 0.931747 0.078040
vt 0.263101 0.335132
vt 0.269616 0.299669
vt 0.269468 0.335576
vt 0.263253 0.298326
vt 0.270036 0.272070
vt 0.981142 0.384454
vt 0.987633 0.412678
vt 0.981297 0.413890
vt 0.987689 0.450439
vt 0.981352 0.450728
vt 0.987619 0.490039
vt 0.981297 0.489362
vt 0.981142 0.523908
vt 0.199247 0.784402
vt 0.204219 0.747288
vt 0.205656 0.782921
vt 0.197774 0.747877
vt 0.203714 0.708544
vt 0.197774 0.671307
vt 0.204219 0.672587
vt 0.205656 0.644893
vt 0.987904 0.525451
vt 0.994067 0.489363
vt 0.994222 0.523910
vt 0.987745 0.490040
vt 0.994012 0.450729
vt 0.987689 0.450440
vt 0.994067 0.413891
vt 0.987731 0.412679
vt 0.994222 0.384456
vt 0.263684 0.411433
vt 0.269616 0.374324
vt 0.270036 0.410014
vt 0.263253 0.374849
vt 0.671060 0.122483
vt 0.652531 0.110100
vt 0.603429 0.077293
vt 0.627067 0.084636
vt 0.622002 0.089701
vt 0.625125 0.744945
vt 0.627867 0.751563
vt 0.603228 0.749277
vt 0.625125 0.737782
vt 0.635181 0.781231
vt 0.639549 0.759369
vt 0.658396 0.751563
vt 0.661137 0.744945
vt 0.653331 0.726099
vt 0.676931 0.718748
vt 0.658396 0.731164
vt 0.676931 0.763938
vt 0.661137 0.737782
vt 0.639549 0.723358
vt 0.651050 0.701455
vt 0.646713 0.723358
vt 0.655273 0.103482
vt 0.373397 0.724856
vt 0.380015 0.727597
vt 0.351810 0.739280
vt 0.354551 0.732663
vt 0.366234 0.724856
vt 0.377763 0.702952
vt 0.359617 0.727597
vt 0.361895 0.702952
vt 0.366234 0.760868
vt 0.347234 0.776655
vt 0.359617 0.758127
vt 0.632931 0.756628
vt 0.642874 0.742699
vt 0.369546 0.744199
vt 0.641812 0.741637
vt 0.641812 0.741109
vt 0.644263 0.742125
vt 0.368483 0.742609
vt 0.643402 0.740047
vt 0.385080 0.732662
vt 0.370561 0.741748
vt 0.638028 0.101031
vt 0.370074 0.741546
vt 0.371136 0.742609
vt 0.387821 0.739281
vt 0.370934 0.743624
vt 0.387821 0.746444
vt 0.385081 0.753062
vt 0.647466 0.084636
vt 0.637541 0.098581
vt 0.640848 0.081895
vt 0.370073 0.744199
vt 0.373398 0.760868
vt 0.643890 0.740249
vt 0.642874 0.740047
vt 0.642014 0.740622
vt 0.642387 0.740249
vt 0.642387 0.742497
vt 0.642014 0.742124
vt 0.643889 0.742497
vt 0.644464 0.741109
vt 0.644465 0.741637
vt 0.644263 0.740622
vt 0.734972 0.256604
vt 0.735267 0.265943
vt 0.734972 0.265938
vt 0.743224 0.265795
vt 0.772946 0.690468
vt 0.779813 0.700742
vt 0.742902 0.696443
vt 0.716630 0.580636
vt 0.706743 0.572943
vt 0.716113 0.573163
vt 0.708227 0.580438
vt 0.191512 0.381305
vt 0.181790 0.388988
vt 0.172760 0.388999
vt 0.172437 0.381356
vt 0.164149 0.388984
vt 0.162835 0.381339
vt 0.155162 0.381297
vt 0.528172 0.760830
vt 0.529651 0.753206
vt 0.519830 0.760922
vt 0.510248 0.753340
vt 0.510773 0.760949
vt 0.502380 0.760908
vt 0.493695 0.753179
vt 0.185165 0.531409
vt 0.187271 0.523760
vt 0.178285 0.531447
vt 0.169997 0.523818
vt 0.160645 0.531451
vt 0.159927 0.523806
vt 0.150923 0.523767
vt 0.735503 0.572840
vt 0.725687 0.580603
vt 0.707991 0.589098
vt 0.701757 0.580041
vt 0.190165 0.397608
vt 0.189865 0.388953
vt 0.181924 0.397643
vt 0.172709 0.397654
vt 0.156900 0.397601
vt 0.157269 0.388947
vt 0.528465 0.769487
vt 0.510708 0.769609
vt 0.502143 0.769567
vt 0.495929 0.760805
vt 0.185535 0.540063
vt 0.178513 0.540102
vt 0.169675 0.531462
vt 0.169726 0.540117
vt 0.160510 0.540106
vt 0.152570 0.531416
vt 0.734018 0.580346
vt 0.725810 0.589266
vt 0.716567 0.589300
vt 0.706099 0.596603
vt 0.701389 0.588693
vt 0.192333 0.404948
vt 0.172298 0.405001
vt 0.162213 0.404984
vt 0.163921 0.397639
vt 0.530451 0.776858
vt 0.519951 0.769581
vt 0.520680 0.776965
vt 0.510072 0.776998
vt 0.500242 0.776950
vt 0.495560 0.769462
vt 0.188280 0.547403
vt 0.180222 0.547447
vt 0.170137 0.547464
vt 0.150102 0.547411
vt 0.152269 0.540070
vt 0.736308 0.596494
vt 0.734313 0.589004
vt 0.726549 0.596796
vt 0.142534 0.500244
vt 0.156267 0.500303
vt 0.144461 0.357770
vt 0.156163 0.357834
vt 0.507625 0.730013
vt 0.197974 0.500233
vt 0.199901 0.357781
vt 0.713529 0.550503
vt 0.714859 0.604660
vt 0.715941 0.596834
vt 0.888465 0.702950
vt 0.895965 0.695448
vt 0.184492 0.412483
vt 0.182875 0.404989
vt 0.159297 0.412478
vt 0.858264 0.702950
vt 0.850766 0.695449
vt 0.533822 0.784396
vt 0.508973 0.784567
vt 0.858270 0.657737
vt 0.850769 0.665239
vt 0.868068 0.653678
vt 0.183137 0.554940
vt 0.157943 0.554946
vt 0.159560 0.547451
vt 0.739694 0.604246
vt 0.730176 0.463330
vt 0.711315 0.490462
vt 0.711920 0.463382
vt 0.172551 0.412604
vt 0.153333 0.439490
vt 0.154349 0.412569
vt 0.983824 0.329394
vt 0.983824 0.332081
vt 0.135772 0.439415
vt 0.152527 0.270113
vt 0.135773 0.296938
vt 0.138657 0.270036
vt 0.694981 0.462998
vt 0.189908 0.412575
vt 0.172972 0.439514
vt 0.487127 0.669261
vt 0.476074 0.642109
vt 0.489078 0.642317
vt 0.203777 0.412499
vt 0.191698 0.439482
vt 0.505380 0.669350
vt 0.541068 0.642158
vt 0.169883 0.270142
vt 0.749132 0.489832
vt 0.746969 0.462798
vt 0.206662 0.296953
vt 0.188085 0.270106
vt 0.204361 0.270036
vt 0.189101 0.297028
vt 0.678970 0.489170
vt 0.681942 0.462184
vt 0.135881 0.319699
vt 0.543220 0.669090
vt 0.525119 0.692046
vt 0.135830 0.462176
vt 0.191625 0.462243
vt 0.206553 0.462162
vt 0.206661 0.439400
vt 0.505468 0.692106
vt 0.749132 0.512538
vt 0.731012 0.490391
vt 0.487258 0.692017
vt 0.172943 0.462275
vt 0.206604 0.319714
vt 0.189084 0.319789
vt 0.711404 0.513167
vt 0.693041 0.490033
vt 0.731054 0.513097
vt 0.693172 0.512739
vt 0.981142 0.445012
vt 0.976426 0.468411
vt 0.473098 0.669036
vt 0.711761 0.525602
vt 0.694157 0.525189
vt 0.679134 0.511878
vt 0.188623 0.332352
vt 0.169491 0.319813
vt 0.151666 0.332344
vt 0.137253 0.332265
vt 0.543220 0.691846
vt 0.524805 0.704587
vt 0.505831 0.704645
vt 0.474734 0.704342
vt 0.473262 0.691793
vt 0.190768 0.474807
vt 0.172729 0.474837
vt 0.153350 0.462251
vt 0.153811 0.474814
vt 0.730735 0.525534
vt 0.712539 0.539268
vt 0.696377 0.538889
vt 0.680603 0.524357
vt 0.203086 0.346213
vt 0.205540 0.332279
vt 0.170187 0.346301
vt 0.169705 0.332375
vt 0.153626 0.346273
vt 0.542282 0.704394
vt 0.524040 0.718467
vt 0.506620 0.718520
vt 0.488248 0.704559
vt 0.490478 0.718441
vt 0.205182 0.474728
vt 0.188808 0.488735
vt 0.154879 0.488742
vt 0.136895 0.474742
vt 0.748190 0.524995
vt 0.729959 0.539206
vt 0.683933 0.538125
vt 0.187555 0.346280
vt 0.140393 0.346200
vt 0.540085 0.718290
vt 0.478070 0.718242
vt 0.202042 0.488663
vt 0.172247 0.488763
vt 0.139348 0.488676
vt 0.745983 0.538711
vt 0.202952 0.806059
vt 0.200090 0.794434
vt 0.203115 0.794481
vt 0.203578 0.785563
vt 0.910591 0.596060
vt 0.907517 0.584980
vt 0.910541 0.584936
vt 0.910523 0.572496
vt 0.907517 0.560561
vt 0.910541 0.560634
vt 0.907568 0.551038
vt 0.910591 0.551155
vt 0.910724 0.549130
vt 0.907564 0.537679
vt 0.910588 0.537637
vt 0.910541 0.525160
vt 0.907564 0.513525
vt 0.910588 0.513598
vt 0.907700 0.504595
vt 0.910724 0.504711
vt 0.927184 0.200731
vt 0.924210 0.210327
vt 0.924160 0.200848
vt 0.927234 0.210254
vt 0.924228 0.222189
vt 0.927234 0.234674
vt 0.924210 0.234630
vt 0.927184 0.245851
vt 0.924160 0.245754
vt 0.203578 0.830009
vt 0.200090 0.818604
vt 0.203115 0.818535
vt 0.199926 0.806068
vt 0.197413 0.793735
vt 0.200555 0.785473
vt 0.904961 0.596987
vt 0.907568 0.596158
vt 0.904908 0.585344
vt 0.907500 0.572480
vt 0.904890 0.572324
vt 0.904909 0.559908
vt 0.907700 0.549227
vt 0.904940 0.537959
vt 0.907516 0.525142
vt 0.904890 0.524900
vt 0.905082 0.503498
vt 0.929790 0.199681
vt 0.929843 0.209602
vt 0.927251 0.222173
vt 0.929861 0.222017
vt 0.929790 0.246680
vt 0.200555 0.830133
vt 0.197413 0.818911
vt 0.197243 0.805853
vt 0.752788 0.785143
vt 0.755106 0.771624
vt 0.755106 0.784683
vt 0.758129 0.758279
vt 0.760101 0.759559
vt 0.767999 0.748406
vt 0.769332 0.750326
vt 0.780896 0.743064
vt 0.781394 0.745329
vt 0.794449 0.745331
vt 0.794855 0.743065
vt 0.806510 0.750329
vt 0.807752 0.748410
vt 0.815742 0.759564
vt 0.817623 0.758285
vt 0.820738 0.771630
vt 0.822966 0.771186
vt 0.820738 0.784689
vt 0.817624 0.798050
vt 0.815742 0.796754
vt 0.807754 0.807923
vt 0.806511 0.805987
vt 0.794857 0.813265
vt 0.794450 0.810983
vt 0.781395 0.810982
vt 0.768001 0.807919
vt 0.769333 0.805983
vt 0.760102 0.796748
vt 0.758130 0.798044
vt 0.752787 0.771179
vt 0.749881 0.770607
vt 0.755662 0.756645
vt 0.780304 0.740177
vt 0.795412 0.740179
vt 0.825837 0.770615
vt 0.822966 0.785150
vt 0.825837 0.785728
vt 0.820056 0.799690
vt 0.809373 0.810376
vt 0.795414 0.816158
vt 0.780898 0.813264
vt 0.766347 0.810372
vt 0.204652 0.794334
vt 0.204488 0.805997
vt 0.205118 0.785351
vt 0.912145 0.596203
vt 0.912095 0.584998
vt 0.912077 0.572467
vt 0.912145 0.550971
vt 0.912095 0.560518
vt 0.912276 0.549255
vt 0.912139 0.537679
vt 0.912091 0.525110
vt 0.912276 0.504512
vt 0.912139 0.513464
vt 0.922657 0.210212
vt 0.922606 0.200664
vt 0.922674 0.222160
vt 0.922657 0.234691
vt 0.205118 0.830121
vt 0.204652 0.818564
vt 0.102431 0.347396
vt 0.116082 0.361053
vt 0.238795 0.792823
vt 0.229949 0.785867
vt 0.238945 0.786110
vt 0.229515 0.792572
vt 0.223024 0.785417
vt 0.257565 0.683544
vt 0.248437 0.676890
vt 0.257083 0.676863
vt 0.248646 0.683572
vt 0.238769 0.676890
vt 0.229162 0.683544
vt 0.229550 0.676863
vt 0.221562 0.683493
vt 0.222185 0.676814
vt 0.865852 0.502762
vt 0.856479 0.496145
vt 0.865411 0.496074
vt 0.846634 0.502835
vt 0.846782 0.496145
vt 0.837364 0.502762
vt 0.837797 0.496074
vt 0.830891 0.495942
vt 0.797606 0.502758
vt 0.789618 0.496128
vt 0.796984 0.496079
vt 0.780496 0.502836
vt 0.780399 0.496155
vt 0.770522 0.502837
vt 0.770731 0.496155
vt 0.761603 0.502809
vt 0.762086 0.496128
vt 0.258001 0.792572
vt 0.248641 0.786110
vt 0.257562 0.785867
vt 0.248798 0.792823
vt 0.228413 0.800180
vt 0.222370 0.792108
vt 0.258800 0.691072
vt 0.238430 0.691101
vt 0.238672 0.683572
vt 0.228176 0.691072
vt 0.866976 0.510308
vt 0.856637 0.502835
vt 0.857042 0.510387
vt 0.836261 0.510308
vt 0.830239 0.502626
vt 0.790992 0.510336
vt 0.790006 0.502809
vt 0.769985 0.510366
vt 0.249204 0.800451
vt 0.237873 0.807834
vt 0.238418 0.800451
vt 0.226811 0.807534
vt 0.220709 0.799680
vt 0.249969 0.698332
vt 0.249184 0.691101
vt 0.238079 0.698332
vt 0.217684 0.698238
vt 0.219982 0.691017
vt 0.868614 0.517563
vt 0.845706 0.517651
vt 0.846256 0.510387
vt 0.834656 0.517563
vt 0.828579 0.510162
vt 0.801484 0.517503
vt 0.799186 0.510282
vt 0.781089 0.517596
vt 0.780738 0.510366
vt 0.769200 0.517596
vt 0.760368 0.510336
vt 0.260768 0.807534
vt 0.259127 0.800180
vt 0.249797 0.807834
vt 0.224954 0.813514
vt 0.215493 0.812899
vt 0.218295 0.806981
vt 0.260600 0.698299
vt 0.250881 0.704162
vt 0.237674 0.704162
vt 0.226743 0.698299
vt 0.225081 0.704126
vt 0.858315 0.523521
vt 0.857631 0.517651
vt 0.832794 0.523423
vt 0.823360 0.523244
vt 0.826164 0.517401
vt 0.804149 0.523324
vt 0.792425 0.517564
vt 0.794087 0.523391
vt 0.781494 0.523427
vt 0.768287 0.523427
vt 0.758568 0.517564
vt 0.250488 0.813846
vt 0.230044 0.777858
vt 0.238980 0.778100
vt 0.256986 0.668845
vt 0.229635 0.668845
vt 0.865320 0.488056
vt 0.846814 0.488126
vt 0.837888 0.488056
vt 0.796851 0.488061
vt 0.789533 0.488110
vt 0.770770 0.488136
vt 0.257476 0.777858
vt 0.237242 0.813846
vt 0.262690 0.704126
vt 0.215019 0.704059
vt 0.870516 0.523423
vt 0.845068 0.523521
vt 0.756477 0.523391
vt 0.262674 0.813514
vt 0.237615 0.755706
vt 0.227308 0.752232
vt 0.238065 0.752523
vt 0.720313 0.240919
vt 0.715613 0.252254
vt 0.713830 0.250534
vt 0.260111 0.642919
vt 0.250425 0.646002
vt 0.249772 0.642951
vt 0.238210 0.642951
vt 0.225998 0.645967
vt 0.227185 0.642919
vt 0.681424 0.256837
vt 0.670172 0.252059
vt 0.671813 0.250353
vt 0.868150 0.462184
vt 0.857957 0.465348
vt 0.857468 0.462269
vt 0.845416 0.465348
vt 0.845872 0.462269
vt 0.835126 0.462184
vt 0.663358 0.217001
vt 0.671994 0.208321
vt 0.665512 0.217936
vt 0.680822 0.199681
vt 0.681661 0.201920
vt 0.793170 0.465232
vt 0.780958 0.462216
vt 0.791983 0.462184
vt 0.768743 0.465266
vt 0.769396 0.462216
vt 0.759057 0.462184
vt 0.261693 0.755391
vt 0.249662 0.752523
vt 0.260330 0.752232
vt 0.237284 0.759772
vt 0.225981 0.755391
vt 0.225008 0.759440
vt 0.217024 0.754809
vt 0.262699 0.649938
vt 0.261605 0.645967
vt 0.250901 0.649975
vt 0.237921 0.646002
vt 0.225128 0.649938
vt 0.216471 0.645904
vt 0.869509 0.465256
vt 0.858315 0.469341
vt 0.845083 0.469341
vt 0.833795 0.465256
vt 0.832821 0.469244
vt 0.824863 0.465086
vt 0.804092 0.469136
vt 0.802696 0.465168
vt 0.781460 0.469239
vt 0.781247 0.465266
vt 0.768267 0.469239
vt 0.756469 0.469203
vt 0.757562 0.465232
vt 0.250516 0.759772
vt 0.250156 0.755706
vt 0.224651 0.763293
vt 0.215020 0.762668
vt 0.215558 0.758826
vt 0.251075 0.653806
vt 0.237708 0.649975
vt 0.237629 0.653806
vt 0.224809 0.653769
vt 0.215076 0.649871
vt 0.870867 0.473080
vt 0.870504 0.469244
vt 0.844960 0.473179
vt 0.822859 0.472897
vt 0.823397 0.469064
vt 0.794360 0.473033
vt 0.794040 0.469203
vt 0.768093 0.473070
vt 0.756070 0.473033
vt 0.263054 0.763293
vt 0.262690 0.759440
vt 0.250647 0.763632
vt 0.722623 0.229555
vt 0.704005 0.234238
vt 0.704973 0.229473
vt 0.701286 0.238270
vt 0.697232 0.240955
vt 0.692784 0.259148
vt 0.704164 0.256935
vt 0.687696 0.240914
vt 0.692461 0.241883
vt 0.683666 0.238194
vt 0.680983 0.234139
vt 0.663201 0.229300
vt 0.665414 0.240683
vt 0.681024 0.224600
vt 0.680055 0.229366
vt 0.683742 0.220568
vt 0.687796 0.217884
vt 0.692568 0.216956
vt 0.704400 0.202018
vt 0.693040 0.199707
vt 0.701362 0.220644
vt 0.697331 0.217925
vt 0.720411 0.218172
vt 0.714012 0.208502
vt 0.704046 0.224699
vt 0.237161 0.763632
vt 0.224648 0.768074
vt 0.263095 0.658560
vt 0.263098 0.653769
vt 0.214564 0.653700
vt 0.870867 0.477870
vt 0.858446 0.473179
vt 0.832464 0.473080
vt 0.832463 0.477870
vt 0.804605 0.472965
vt 0.781539 0.473070
vt 0.263050 0.768074
vt 0.542115 0.213334
vt 0.549368 0.218016
vt 0.564399 0.254303
vt 0.550977 0.257872
vt 0.555887 0.250776
vt 0.549372 0.244260
vt 0.545845 0.235746
vt 0.537324 0.224909
vt 0.545844 0.226530
vt 0.575073 0.262666
vt 0.573611 0.254303
vt 0.595499 0.249013
vt 0.582123 0.250776
vt 0.588636 0.244260
vt 0.531908 0.267376
vt 0.592159 0.226530
vt 0.600290 0.237438
vt 0.592160 0.235746
vt 0.586644 0.257871
vt 0.542120 0.249013
vt 0.586637 0.204475
vt 0.588632 0.218016
vt 0.582117 0.211500
vt 0.595494 0.213334
vt 0.204716 0.859570
vt 0.200553 0.848019
vt 0.204879 0.847945
vt 0.201017 0.839075
vt 0.205344 0.838990
vt 0.263496 0.610407
vt 0.259158 0.621538
vt 0.259158 0.610368
vt 0.744582 0.638579
vt 0.748884 0.626088
vt 0.748920 0.638579
vt 0.744546 0.614206
vt 0.748884 0.614177
vt 0.748920 0.604660
vt 0.358754 0.925882
vt 0.362954 0.914348
vt 0.363090 0.925888
vt 0.358618 0.914356
vt 0.362907 0.901820
vt 0.358618 0.890247
vt 0.362954 0.890210
vt 0.358754 0.881334
vt 0.363090 0.881287
vt 0.095316 0.896107
vt 0.099704 0.905647
vt 0.095366 0.905624
vt 0.095384 0.917535
vt 0.099722 0.917543
vt 0.095366 0.930026
vt 0.099654 0.941176
vt 0.095316 0.941196
vt 0.205344 0.883618
vt 0.200553 0.872143
vt 0.204879 0.872097
vt 0.200390 0.859631
vt 0.608549 0.246645
vt 0.613928 0.257803
vt 0.605079 0.248955
vt 0.616246 0.254341
vt 0.625489 0.262592
vt 0.626302 0.258506
vt 0.638003 0.262592
vt 0.637187 0.258506
vt 0.649564 0.257803
vt 0.647243 0.254340
vt 0.658412 0.248954
vt 0.654940 0.246644
vt 0.663201 0.237393
vt 0.659105 0.236587
vt 0.663201 0.224879
vt 0.659105 0.225703
vt 0.658412 0.213318
vt 0.647243 0.207950
vt 0.649564 0.204469
vt 0.638002 0.199681
vt 0.637186 0.203785
vt 0.625488 0.199681
vt 0.626301 0.203785
vt 0.613927 0.204470
vt 0.616246 0.207951
vt 0.605078 0.213319
vt 0.608549 0.215647
vt 0.600290 0.224880
vt 0.604384 0.225704
vt 0.600290 0.237394
vt 0.604384 0.236588
vt 0.684977 0.620279
vt 0.691319 0.613183
vt 0.691218 0.620353
vt 0.685381 0.607061
vt 0.691605 0.607660
vt 0.587220 0.913939
vt 0.580412 0.907118
vt 0.587275 0.907714
vt 0.227883 0.634494
vt 0.234065 0.626554
vt 0.234088 0.634258
vt 0.227860 0.618821
vt 0.234065 0.619208
vt 0.227883 0.612709
vt 0.234088 0.613337
vt 0.728776 0.635763
vt 0.734902 0.628163
vt 0.734986 0.635281
vt 0.728689 0.628352
vt 0.734873 0.620436
vt 0.728689 0.612849
vt 0.734902 0.613276
vt 0.734986 0.607772
vt 0.716895 0.607010
vt 0.710722 0.613519
vt 0.710691 0.607649
vt 0.716939 0.620773
vt 0.710733 0.620865
vt 0.716928 0.628796
vt 0.710722 0.628569
vt 0.716895 0.635969
vt 0.710691 0.635458
vt 0.691605 0.635185
vt 0.685082 0.628324
vt 0.691319 0.628079
vt 0.678970 0.619798
vt 0.685082 0.612812
vt 0.679090 0.611247
vt 0.588539 0.919919
vt 0.580073 0.913318
vt 0.222044 0.635317
vt 0.227860 0.626472
vt 0.222018 0.626130
vt 0.222018 0.617368
vt 0.722816 0.628979
vt 0.722780 0.619764
vt 0.728658 0.620305
vt 0.722816 0.611224
vt 0.728776 0.607117
vt 0.722731 0.604660
vt 0.716928 0.613123
vt 0.722768 0.611661
vt 0.722768 0.629610
vt 0.722731 0.637826
vt 0.685381 0.635724
vt 0.679090 0.629013
vt 0.700828 0.612708
vt 0.700724 0.620115
vt 0.701124 0.607003
vt 0.588539 0.898222
vt 0.243631 0.626454
vt 0.243654 0.634412
vt 0.243631 0.618865
vt 0.744459 0.628260
vt 0.744546 0.635612
vt 0.744429 0.620279
vt 0.744546 0.607197
vt 0.744459 0.612882
vt 0.701156 0.613191
vt 0.701124 0.607127
vt 0.701167 0.620779
vt 0.701156 0.628737
vt 0.701124 0.635436
vt 0.700828 0.628096
vt 0.270036 0.107119
vt 0.297170 0.062588
vt 0.278071 0.108714
vt 0.290383 0.057980
vt 0.332460 0.027282
vt 0.327978 0.020367
vt 0.378569 0.008171
vt 0.430268 0.000000
vt 0.377099 0.000007
vt 0.479384 0.020353
vt 0.428477 0.008164
vt 0.509876 0.062558
vt 0.474586 0.027262
vt 0.537323 0.107083
vt 0.516985 0.057948
vt 0.537323 0.160264
vt 0.528975 0.108679
vt 0.509876 0.204727
vt 0.528975 0.158602
vt 0.516978 0.209400
vt 0.474586 0.240033
vt 0.430266 0.267369
vt 0.479389 0.247017
vt 0.378569 0.259151
vt 0.428477 0.259144
vt 0.377101 0.267377
vt 0.290382 0.209436
vt 0.327978 0.247038
vt 0.270036 0.160303
vt 0.278071 0.158637
vt 0.400882 0.131945
vt 0.403107 0.134171
vt 0.402665 0.131945
vt 0.401460 0.134854
vt 0.403347 0.133593
vt 0.402086 0.134854
vt 0.402087 0.131706
vt 0.400200 0.132967
vt 0.403347 0.132966
vt 0.400200 0.133593
vt 0.400439 0.132388
vt 0.633074 0.230290
vt 0.632631 0.229848
vt 0.632052 0.229608
vt 0.631426 0.229608
vt 0.630848 0.229848
vt 0.630404 0.230290
vt 0.630165 0.230869
vt 0.630165 0.231495
vt 0.654939 0.215647
vt 0.630405 0.232074
vt 0.630847 0.232517
vt 0.631426 0.232757
vt 0.632052 0.232756
vt 0.632631 0.232517
vt 0.633074 0.232074
vt 0.633314 0.231495
vt 0.633313 0.230869
vt 0.874095 0.156430
vt 0.853113 0.110717
vt 0.893690 0.136832
vt 0.838063 0.074372
vt 0.764982 0.083489
vt 0.813786 0.084428
vt 0.810256 0.092955
vt 0.820783 0.167032
vt 0.820311 0.117240
vt 0.828836 0.120774
vt 0.856644 0.102190
vt 0.904293 0.111224
vt 0.431343 0.892349
vt 0.446197 0.939482
vt 0.436995 0.939482
vt 0.810255 0.102185
vt 0.764982 0.111209
vt 0.838063 0.120774
vt 0.848494 0.167035
vt 0.459061 0.842600
vt 0.441023 0.892349
vt 0.431343 0.842600
vt 0.904293 0.083504
vt 0.856643 0.092960
vt 0.795180 0.038283
vt 0.828835 0.074371
vt 0.820310 0.077902
vt 0.922606 0.199681
vt 0.904462 0.247365
vt 0.894888 0.199681
vt 0.330934 0.881286
vt 0.352918 0.928420
vt 0.343716 0.928420
vt 0.853112 0.084432
vt 0.846588 0.077905
vt 0.775586 0.057881
vt 0.795182 0.156422
vt 0.813787 0.110713
vt 0.813525 0.592119
vt 0.827028 0.581737
vt 0.826984 0.590015
vt 0.644145 0.888448
vt 0.656997 0.880672
vt 0.657401 0.890693
vt 0.543255 0.879671
vt 0.556781 0.890522
vt 0.543355 0.888172
vt 0.643682 0.870731
vt 0.643803 0.879960
vt 0.543255 0.861888
vt 0.556621 0.869588
vt 0.543220 0.870441
vt 0.556663 0.880485
vt 0.656997 0.859665
vt 0.656855 0.869777
vt 0.556781 0.851729
vt 0.556663 0.859490
vt 0.644145 0.855569
vt 0.643803 0.862166
vt 0.867119 0.213088
vt 0.853697 0.217996
vt 0.853653 0.209718
vt 0.813525 0.610096
vt 0.827028 0.620955
vt 0.813562 0.618325
vt 0.867169 0.228874
vt 0.867156 0.220099
vt 0.813512 0.600894
vt 0.826984 0.611239
vt 0.867156 0.238077
vt 0.853712 0.228355
vt 0.826969 0.600375
vt 0.867119 0.246306
vt 0.853697 0.239220
vt 0.889112 0.784046
vt 0.892055 0.776936
vt 0.904253 0.794165
vt 0.573598 0.867235
vt 0.841505 0.894565
vt 0.851619 0.879422
vt 0.858727 0.882368
vt 0.573658 0.852731
vt 0.858980 0.623838
vt 0.847068 0.637102
vt 0.847068 0.621450
vt 0.836560 0.212013
vt 0.836497 0.200123
vt 0.844121 0.614519
vt 0.844184 0.628474
vt 0.844099 0.598913
vt 0.836582 0.226894
vt 0.853653 0.248935
vt 0.836560 0.242499
vt 0.844184 0.572143
vt 0.844121 0.584033
vt 0.674006 0.897361
vt 0.573658 0.882887
vt 0.573828 0.897303
vt 0.673221 0.867317
vt 0.673425 0.882968
vt 0.899769 0.870429
vt 0.902424 0.855099
vt 0.902424 0.870969
vt 0.576535 0.852413
vt 0.896353 0.885631
vt 0.894107 0.884104
vt 0.573828 0.841582
vt 0.576707 0.841109
vt 0.885135 0.896852
vt 0.883644 0.894569
vt 0.833613 0.199681
vt 0.833677 0.211737
vt 0.870477 0.902924
vt 0.869973 0.900232
vt 0.833699 0.226825
vt 0.854611 0.902922
vt 0.855176 0.900231
vt 0.833677 0.242648
vt 0.839953 0.896847
vt 0.836498 0.256454
vt 0.833613 0.256798
vt 0.828735 0.885624
vt 0.831041 0.884097
vt 0.676860 0.897641
vt 0.676272 0.883047
vt 0.822663 0.870961
vt 0.825378 0.870422
vt 0.676065 0.867178
vt 0.822663 0.855091
vt 0.825378 0.855620
vt 0.676272 0.852452
vt 0.673425 0.852793
vt 0.831041 0.841945
vt 0.828734 0.840429
vt 0.674006 0.841606
vt 0.676860 0.841109
vt 0.841504 0.831480
vt 0.839952 0.829208
vt 0.847068 0.628817
vt 0.847005 0.614668
vt 0.854610 0.823136
vt 0.846982 0.598845
vt 0.869972 0.825818
vt 0.870476 0.823138
vt 0.847005 0.583756
vt 0.883643 0.831484
vt 0.885134 0.829212
vt 0.847068 0.571700
vt 0.896352 0.840436
vt 0.894106 0.841952
vt 0.576707 0.897607
vt 0.576535 0.882989
vt 0.899769 0.855627
vt 0.576474 0.867119
vt 0.409717 0.750775
vt 0.469717 0.762620
vt 0.537324 0.079981
vt 0.552524 0.043285
vt 0.403644 0.765435
vt 0.454517 0.799315
vt 0.580610 0.015200
vt 0.659839 0.133703
vt 0.721805 0.156396
vt 0.285236 0.799314
vt 0.336013 0.765435
vt 0.543220 0.761128
vt 0.727700 0.797823
vt 0.270036 0.762619
vt 0.665710 0.775159
vt 0.699614 0.825909
vt 0.620521 0.707528
vt 0.586505 0.656628
vt 0.597357 0.091954
vt 0.537324 0.119700
vt 0.617306 0.000000
vt 0.614650 0.066072
vt 0.706948 0.378585
vt 0.717552 0.404195
vt 0.707857 0.410659
vt 0.846259 0.378600
vt 0.846259 0.350880
vt 0.857623 0.348620
vt 0.058185 0.800610
vt 0.083788 0.811218
vt 0.081489 0.822625
vt 0.867264 0.382829
vt 0.857623 0.380875
vt 0.853443 0.416206
vt 0.845284 0.410673
vt 0.822484 0.433478
vt 0.794538 0.455571
vt 0.792693 0.445819
vt 0.760448 0.445815
vt 0.758421 0.455567
vt 0.730658 0.433469
vt 0.725053 0.441738
vt 0.685693 0.382810
vt 0.695517 0.380858
vt 0.695516 0.348603
vt 0.685693 0.346682
vt 0.725051 0.287761
vt 0.730656 0.295999
vt 0.758419 0.273939
vt 0.794536 0.273943
vt 0.792692 0.283662
vt 0.827904 0.287772
vt 0.822482 0.296009
vt 0.845283 0.318819
vt 0.853442 0.313322
vt 0.873713 0.345416
vt 0.867264 0.346701
vt 0.858890 0.419963
vt 0.827905 0.441749
vt 0.795711 0.462184
vt 0.756975 0.462180
vt 0.721186 0.447347
vt 0.699515 0.416189
vt 0.693795 0.419945
vt 0.678970 0.345395
vt 0.693794 0.309598
vt 0.699514 0.313305
vt 0.721185 0.282201
vt 0.756972 0.267376
vt 0.795710 0.267380
vt 0.858889 0.309615
vt 0.263101 0.476528
vt 0.269616 0.441065
vt 0.269468 0.476972
vt 0.263253 0.439723
vt 0.270036 0.413466
vt 0.993252 0.190002
vt 0.987075 0.221385
vt 0.986920 0.191950
vt 0.993411 0.220174
vt 0.987130 0.258224
vt 0.993467 0.257935
vt 0.987075 0.296858
vt 0.993238 0.332946
vt 0.986920 0.331404
vt 0.912569 0.952989
vt 0.904687 0.917944
vt 0.911131 0.917355
vt 0.904169 0.878231
vt 0.910627 0.878611
vt 0.911131 0.842655
vt 0.904687 0.841375
vt 0.912569 0.814960
vt 0.993682 0.332946
vt 0.999844 0.296858
vt 1.000000 0.331405
vt 0.993523 0.297535
vt 0.999790 0.258224
vt 0.993467 0.257935
vt 0.999844 0.221386
vt 0.993509 0.220174
vt 1.000000 0.191951
vt 0.263684 0.552829
vt 0.269616 0.515720
vt 0.270036 0.551410
vt 0.263253 0.516246
vt 0.354551 0.753062
vt 0.380015 0.758127
vt 0.377763 0.782728
vt 0.655272 0.096319
vt 0.677133 0.107822
vt 0.629311 0.060000
vt 0.633685 0.081895
vt 0.351810 0.746444
vt 0.409717 0.734906
vt 0.619261 0.096319
vt 0.597357 0.107822
vt 0.619261 0.103482
vt 0.972285 0.293734
vt 0.972284 0.283264
vt 0.635951 0.099643
vt 0.636153 0.100658
vt 0.622002 0.110100
vt 0.636526 0.101031
vt 0.627067 0.115166
vt 0.627867 0.731164
vt 0.632932 0.726099
vt 0.368685 0.743624
vt 0.636526 0.098783
vt 0.637541 0.101233
vt 0.983812 0.361742
vt 0.816061 0.423806
vt 0.795079 0.378093
vt 0.835655 0.404208
vt 0.816060 0.305667
vt 0.780029 0.341748
vt 0.706948 0.350866
vt 0.755752 0.351804
vt 0.752221 0.360331
vt 0.737147 0.423798
vt 0.770802 0.388150
vt 0.762748 0.434408
vt 0.798610 0.369566
vt 0.194470 0.896106
vt 0.172485 0.943239
vt 0.166833 0.896107
vt 0.752221 0.369561
vt 0.790460 0.434411
vt 0.780029 0.388151
vt 0.847068 0.571700
vt 0.865978 0.621450
vt 0.856748 0.621450
vt 0.798609 0.360336
vt 0.762277 0.345278
vt 0.245489 0.862388
vt 0.227344 0.910072
vt 0.217770 0.862388
vt 0.391604 0.881287
vt 0.413588 0.928421
vt 0.404386 0.928421
vt 0.835654 0.325270
vt 0.788554 0.345281
vt 0.755753 0.378089
vt 0.762277 0.384616
vt 0.166847 0.859409
vt 0.180350 0.849027
vt 0.180306 0.857305
vt 0.676981 0.879960
vt 0.690579 0.890693
vt 0.677323 0.888448
vt 0.576742 0.879671
vt 0.590269 0.890522
vt 0.576843 0.888172
vt 0.676860 0.870731
vt 0.690175 0.880672
vt 0.576707 0.870441
vt 0.590151 0.859490
vt 0.590109 0.869588
vt 0.590151 0.880485
vt 0.690175 0.859665
vt 0.690033 0.869777
vt 0.576843 0.855313
vt 0.576742 0.861888
vt 0.676981 0.862166
vt 0.690579 0.851877
vt 0.099672 0.852397
vt 0.086249 0.857305
vt 0.086206 0.849027
vt 0.166847 0.877386
vt 0.180350 0.888245
vt 0.166884 0.885615
vt 0.099722 0.868183
vt 0.099709 0.859408
vt 0.166834 0.868184
vt 0.180306 0.878529
vt 0.099709 0.877386
vt 0.086265 0.867665
vt 0.180291 0.867665
vt 0.099672 0.885615
vt 0.086249 0.878529
vt 0.793764 0.846626
vt 0.786656 0.843681
vt 0.790206 0.825817
vt 0.607086 0.867235
vt 0.751282 0.884100
vt 0.766420 0.873981
vt 0.771860 0.879423
vt 0.590269 0.851729
vt 0.607146 0.852731
vt 0.870893 0.623838
vt 0.858981 0.637102
vt 0.858981 0.621450
vt 0.069050 0.839432
vt 0.197505 0.895764
vt 0.069135 0.866203
vt 0.069113 0.851322
vt 0.197421 0.866203
vt 0.197443 0.881809
vt 0.069050 0.895763
vt 0.069113 0.881808
vt 0.197443 0.851323
vt 0.707184 0.897361
vt 0.607316 0.897303
vt 0.706400 0.867317
vt 0.706603 0.882967
vt 0.607146 0.882887
vt 0.909912 0.765688
vt 0.912569 0.781029
vt 0.909914 0.780489
vt 0.609962 0.867119
vt 0.610023 0.852413
vt 0.906499 0.795692
vt 0.610195 0.841109
vt 0.607316 0.841582
vt 0.895282 0.806914
vt 0.893791 0.804631
vt 0.066229 0.851046
vt 0.880121 0.810295
vt 0.880625 0.812987
vt 0.066251 0.866134
vt 0.864760 0.812987
vt 0.865324 0.810295
vt 0.066229 0.881957
vt 0.850101 0.806914
vt 0.851652 0.804631
vt 0.066165 0.896107
vt 0.841187 0.794165
vt 0.838881 0.795692
vt 0.709450 0.883047
vt 0.835523 0.780490
vt 0.832808 0.781029
vt 0.709243 0.867179
vt 0.835521 0.765688
vt 0.832806 0.765159
vt 0.706603 0.852793
vt 0.709450 0.852452
vt 0.841183 0.752013
vt 0.838875 0.750497
vt 0.710038 0.841109
vt 0.707184 0.841606
vt 0.851644 0.741546
vt 0.850093 0.739274
vt 0.200390 0.896107
vt 0.200326 0.881958
vt 0.865315 0.735882
vt 0.864750 0.733201
vt 0.200304 0.866134
vt 0.880615 0.733201
vt 0.880112 0.735882
vt 0.200326 0.851046
vt 0.893783 0.741546
vt 0.895274 0.739274
vt 0.200390 0.838990
vt 0.197505 0.839433
vt 0.904247 0.752012
vt 0.906494 0.750496
vt 0.610022 0.882989
vt 0.912567 0.765159
vt 0.614650 0.133703
vt 0.580609 0.184481
vt 0.552524 0.156396
vt 0.737005 0.119700
vt 0.677133 0.091954
vt 0.737005 0.079981
vt 0.603429 0.122483
vt 0.623201 0.641428
vt 0.313321 0.827400
vt 0.693720 0.015200
vt 0.645179 0.060000
vt 0.657024 0.000000
vt 0.635181 0.701455
vt 0.721805 0.043285
vt 0.659839 0.066072
vt 0.392423 0.776656
vt 0.426431 0.827401
vt 0.156682 0.702072
vt 0.137086 0.682471
vt 0.143507 0.672812
vt 0.775587 0.136819
vt 0.526145 0.841917
vt 0.188294 0.723500
vt 0.178657 0.757675
vt 0.178653 0.725420
vt 0.188298 0.759628
vt 0.166321 0.787474
vt 0.174481 0.793006
vt 0.148945 0.818552
vt 0.113734 0.822625
vt 0.079462 0.832377
vt 0.046093 0.818552
vt 0.051697 0.810282
vt 0.028893 0.787474
vt 0.020552 0.793005
vt 0.016550 0.757674
vt 0.006727 0.759627
vt 0.016547 0.725419
vt 0.006723 0.723499
vt 0.028883 0.695619
vt 0.046075 0.664575
vt 0.051681 0.672812
vt 0.115558 0.650750
vt 0.113715 0.660468
vt 0.148927 0.664575
vt 0.166310 0.695620
vt 0.174469 0.690122
vt 0.194743 0.722214
vt 0.179928 0.796762
vt 0.152539 0.824162
vt 0.115579 0.832378
vt 0.116753 0.838990
vt 0.042227 0.824161
vt 0.014833 0.796762
vt 0.000004 0.760963
vt 0.000000 0.722214
vt 0.020540 0.690121
vt 0.042208 0.659015
vt 0.079441 0.650750
vt 0.116731 0.644187
vt 0.179915 0.686415
vt 0.980191 0.065539
vt 0.973976 0.028290
vt 0.980339 0.029632
vt 0.980759 0.002033
vt 0.987306 0.001948
vt 0.993797 0.030172
vt 0.987462 0.031384
vt 0.987516 0.068222
vt 0.993797 0.107533
vt 0.987462 0.106855
vt 0.987306 0.141402
vt 0.963017 0.523990
vt 0.968003 0.486875
vt 0.969440 0.522508
vt 0.961041 0.447751
vt 0.967498 0.448131
vt 0.968003 0.412175
vt 0.961558 0.410895
vt 0.969440 0.384480
vt 0.987306 0.141401
vt 0.980815 0.107532
vt 0.987151 0.106855
vt 0.980759 0.067932
vt 0.987096 0.068221
vt 0.987151 0.031383
vt 0.980975 -0.000000
vt 0.987306 0.001947
vt 0.980759 0.139977
vt 0.973990 0.104813
vt 0.980339 0.104287
vt 0.633685 0.117907
vt 0.629310 0.139776
vt 0.652532 0.089701
vt 0.638603 0.100171
vt 0.638603 0.099643
vt 0.637013 0.101233
vt 0.370561 0.743997
vt 0.638028 0.098783
vt 0.368686 0.742121
vt 0.369546 0.741546
vt 0.116112 0.754900
vt 0.156691 0.781010
vt 0.109583 0.722088
vt 0.101058 0.718556
vt 0.038580 0.702072
vt 0.073252 0.737142
vt 0.027978 0.727681
vt 0.091836 0.764958
vt 0.167292 0.755401
vt 0.119642 0.746372
vt 0.391603 0.881287
vt 0.369618 0.928420
vt 0.363966 0.881287
vt 0.027981 0.755400
vt 0.073253 0.746372
vt 0.101063 0.764958
vt 0.894888 0.199681
vt 0.876849 0.249430
vt 0.867169 0.199681
vt 0.119640 0.737142
vt 0.167289 0.727681
vt 0.083306 0.722088
vt 0.058171 0.682471
vt 0.303214 0.881287
vt 0.322018 0.928971
vt 0.312788 0.928971
vt 0.166834 0.896107
vt 0.151980 0.943240
vt 0.139197 0.896107
vt 0.116109 0.728615
vt 0.076782 0.728614
vt 0.038588 0.781010
vt 0.083311 0.761426
vt 0.099772 0.852397
vt 0.113194 0.857305
vt 0.099735 0.859409
vt 0.270157 0.881451
vt 0.283755 0.892184
vt 0.270499 0.889939
vt 0.610330 0.888172
vt 0.623639 0.880485
vt 0.623757 0.890522
vt 0.270036 0.872222
vt 0.283351 0.882163
vt 0.610195 0.870440
vt 0.623639 0.859490
vt 0.623597 0.869588
vt 0.610230 0.879670
vt 0.283351 0.861156
vt 0.283209 0.871268
vt 0.610230 0.861888
vt 0.623757 0.851729
vt 0.270157 0.863657
vt 0.283755 0.853368
vt 0.166784 0.852397
vt 0.153361 0.857305
vt 0.153318 0.849027
vt 0.099735 0.877387
vt 0.113237 0.888245
vt 0.099772 0.885615
vt 0.166821 0.859408
vt 0.153377 0.867665
vt 0.113179 0.867665
vt 0.113194 0.878529
vt 0.166821 0.877386
vt 0.166834 0.868183
vt 0.099722 0.868184
vt 0.153318 0.888244
vt 0.153361 0.878529
vt 0.640633 0.852731
vt 0.640574 0.867235
vt 0.879082 0.262716
vt 0.867170 0.249430
vt 0.879082 0.251818
vt 0.136225 0.851323
vt 0.136162 0.839433
vt 0.130393 0.895764
vt 0.136247 0.866203
vt 0.130308 0.866203
vt 0.130330 0.881809
vt 0.136225 0.881808
vt 0.113238 0.849027
vt 0.130330 0.851323
vt 0.300360 0.898852
vt 0.640633 0.882886
vt 0.640803 0.897303
vt 0.299575 0.868808
vt 0.299779 0.884458
vt 0.820007 0.855623
vt 0.822664 0.870965
vt 0.820009 0.870425
vt 0.643510 0.852413
vt 0.816594 0.885627
vt 0.814348 0.884100
vt 0.643683 0.841109
vt 0.640803 0.841582
vt 0.805377 0.896849
vt 0.803886 0.894566
vt 0.133278 0.838990
vt 0.133341 0.851046
vt 0.790216 0.900231
vt 0.790720 0.902923
vt 0.133363 0.866134
vt 0.774854 0.902923
vt 0.775418 0.900231
vt 0.133341 0.881958
vt 0.760195 0.896849
vt 0.761747 0.894566
vt 0.133278 0.896107
vt 0.136162 0.895763
vt 0.748975 0.885627
vt 0.303214 0.899132
vt 0.302626 0.884538
vt 0.745618 0.870425
vt 0.742902 0.870965
vt 0.302419 0.868670
vt 0.742900 0.855094
vt 0.745616 0.855623
vt 0.299779 0.854284
vt 0.302626 0.853943
vt 0.751278 0.841948
vt 0.748970 0.840432
vt 0.303214 0.842600
vt 0.300360 0.843097
vt 0.761739 0.831482
vt 0.760188 0.829210
vt 0.133278 0.896107
vt 0.133214 0.881958
vt 0.774845 0.823136
vt 0.775410 0.825817
vt 0.133192 0.866135
vt 0.790710 0.823136
vt 0.133214 0.851047
vt 0.803879 0.831481
vt 0.805369 0.829210
vt 0.130393 0.839433
vt 0.133278 0.838991
vt 0.816589 0.840432
vt 0.814343 0.841948
vt 0.643683 0.897607
vt 0.643510 0.882989
vt 0.822662 0.855094
vt 0.643450 0.867119
vt 0.505308 0.949170
vt 0.512981 0.784619
vt 0.512981 0.949174
vt 0.883041 0.626774
vt 0.890357 0.462237
vt 0.890357 0.626792
vt 0.498448 0.949145
vt 0.505308 0.784615
vt 0.877195 0.462184
vt 0.883041 0.462220
vt 0.987988 0.897942
vt 0.995068 0.733540
vt 0.995068 0.897744
vt 0.987998 0.694131
vt 0.995086 0.529546
vt 0.995086 0.694074
vt 0.980293 0.897947
vt 0.987988 0.733738
vt 0.973172 0.694077
vt 0.980302 0.529604
vt 0.980302 0.694132
vt 0.987998 0.529603
vt 0.973154 0.897758
vt 0.980293 0.733743
vt 0.967691 0.693973
vt 0.973172 0.529549
vt 0.967658 0.897405
vt 0.973154 0.733554
vt 0.520297 0.949157
vt 0.526143 0.784567
vt 0.526143 0.949121
vt 0.898030 0.626787
vt 0.904890 0.462208
vt 0.904890 0.626762
vt 0.520297 0.784602
vt 0.898030 0.462233
vt 0.945778 0.719267
vt 0.952917 0.529987
vt 0.952917 0.719456
vt 0.946429 0.189843
vt 0.951910 0.000104
vt 0.951910 0.189947
vt 0.940282 0.529445
vt 0.945778 0.529798
vt 0.934436 0.719354
vt 0.940282 0.529445
vt 0.940282 0.719318
vt 0.960798 0.923123
vt 0.967658 0.733225
vt 0.967658 0.923098
vt 0.927120 0.719371
vt 0.934436 0.529481
vt 0.953125 0.733254
vt 0.960798 0.733250
vt 0.919447 0.719367
vt 0.927120 0.529498
vt 0.953125 0.923127
vt 0.945809 0.733237
vt 0.912587 0.719342
vt 0.919447 0.529493
vt 0.939963 0.923074
vt 0.945809 0.923110
vt 0.960612 0.719451
vt 0.967691 0.529784
vt 0.967691 0.719253
vt 0.966736 0.190001
vt 0.973824 0.000101
vt 0.973824 0.189944
vt 0.960612 0.529982
vt 0.959041 0.000159
vt 0.959041 0.190002
vt 0.966736 0.000158
vt 0.932875 0.926725
vt 0.939964 0.733301
vt 0.939964 0.926668
vt 0.914101 0.460904
vt 0.921796 0.267914
vt 0.921796 0.460898
vt 0.918049 0.926671
vt 0.925180 0.733360
vt 0.925180 0.926726
vt 0.932875 0.733359
vt 0.906962 0.460715
vt 0.914101 0.267919
vt 0.912569 0.926567
vt 0.918049 0.733305
vt 0.901466 0.460362
vt 0.906962 0.267730
vt 0.256206 0.463469
vt 0.262052 0.270037
vt 0.262052 0.463434
vt 0.227496 0.463482
vt 0.234357 0.270060
vt 0.234357 0.463457
vt 0.248890 0.463486
vt 0.256206 0.270072
vt 0.219824 0.463487
vt 0.227496 0.270085
vt 0.241217 0.463482
vt 0.248890 0.270090
vt 0.212508 0.270072
vt 0.219824 0.270090
vt 0.234357 0.463457
vt 0.241217 0.270085
vt 0.206662 0.463434
vt 0.212508 0.463470
vt 0.928876 0.267716
vt 0.928876 0.460701
vt 0.744714 0.265635
vt 0.744714 0.256461
vt 0.745028 0.265624
vt 0.861761 0.756690
vt 0.856322 0.762132
vt 0.744399 0.265794
vt 0.744093 0.256818
vt 0.744439 0.256626
vt 0.750395 0.629950
vt 0.750696 0.630076
vt 0.750676 0.631397
vt 0.736729 0.256604
vt 0.736729 0.265938
vt 0.751075 0.638579
vt 0.751475 0.631405
vt 0.751489 0.638578
vt 0.735650 0.265945
vt 0.736070 0.256499
vt 0.736064 0.265944
vt 0.934831 0.488483
vt 0.750691 0.638569
vt 0.751061 0.631406
vt 0.736446 0.256607
vt 0.736446 0.265940
vt 0.750656 0.265078
vt 0.750261 0.257917
vt 0.750656 0.256477
vt 0.744714 0.265795
vt 0.743399 0.257169
vt 0.743592 0.265787
vt 0.743223 0.265782
vt 0.745422 0.265610
vt 0.745436 0.256823
vt 0.745834 0.265593
vt 0.743728 0.257009
vt 0.744005 0.265791
vt 0.745066 0.256643
vt 0.747279 0.256976
vt 0.747692 0.265581
vt 0.548188 0.265211
vt 0.546873 0.264860
vt 0.547134 0.263406
vt 0.751082 0.630123
vt 0.751494 0.630084
vt 0.747692 0.265635
vt 0.747692 0.256461
vt 0.748006 0.265624
vt 0.741420 0.265794
vt 0.741113 0.256818
vt 0.741459 0.256626
vt 0.748920 0.629950
vt 0.749221 0.630076
vt 0.749202 0.631397
vt 0.198750 0.985369
vt 0.194471 0.898871
vt 0.749600 0.638579
vt 0.750014 0.638578
vt 0.737827 0.256500
vt 0.737822 0.265944
vt 0.738786 0.256498
vt 0.739165 0.265945
vt 0.738781 0.265943
vt 0.749216 0.638569
vt 0.749586 0.631406
vt 0.738486 0.256604
vt 0.738486 0.265938
vt 0.749181 0.256462
vt 0.749483 0.256588
vt 0.749463 0.257909
vt 0.741734 0.265795
vt 0.740419 0.257169
vt 0.740613 0.265787
vt 0.740244 0.265782
vt 0.748400 0.265610
vt 0.748415 0.256823
vt 0.748812 0.265593
vt 0.740748 0.257009
vt 0.741026 0.265791
vt 0.748044 0.256643
vt 0.745770 0.256973
vt 0.746203 0.265577
vt 0.552170 0.263756
vt 0.551908 0.265210
vt 0.550593 0.264860
vt 0.749607 0.630124
vt 0.750019 0.630084
vt 0.934879 0.133362
vt 0.931776 0.136216
vt 0.738203 0.256607
vt 0.738203 0.265940
vt 0.750275 0.265090
vt 0.749847 0.257918
vt 0.739584 0.256500
vt 0.739579 0.265944
vt 0.735272 0.256498
vt 0.749477 0.265081
vt 0.749861 0.265091
vt 0.739961 0.256607
vt 0.739961 0.265940
vt 0.751870 0.638566
vt 0.751870 0.629965
vt 0.833613 0.199681
vt 0.748748 0.256974
vt 0.749181 0.265577
vt 0.550311 0.263757
vt 0.550048 0.265211
vt 0.548733 0.264859
vt 0.749869 0.256635
vt 0.750281 0.256596
vt 0.341890 0.858096
vt 0.333505 0.845545
vt 0.338945 0.850986
vt 0.341891 0.865791
vt 0.326397 0.842600
vt 0.338947 0.872901
vt 0.318704 0.842600
vt 0.306158 0.850986
vt 0.333508 0.878342
vt 0.303215 0.858096
vt 0.326402 0.881287
vt 0.303216 0.865791
vt 0.318709 0.881287
vt 0.306160 0.872900
vt 0.311600 0.878342
vt 0.357384 0.881287
vt 0.344836 0.872900
vt 0.365077 0.881287
vt 0.341891 0.865791
vt 0.372184 0.878342
vt 0.377623 0.872901
vt 0.341890 0.858095
vt 0.380566 0.865791
vt 0.344833 0.850986
vt 0.380565 0.858096
vt 0.350273 0.845544
vt 0.377620 0.850986
vt 0.365072 0.842600
vt 0.372180 0.845545
vt 0.396058 0.881287
vt 0.383510 0.872899
vt 0.403750 0.881287
vt 0.380566 0.865790
vt 0.410858 0.878343
vt 0.416297 0.872902
vt 0.380565 0.858094
vt 0.419240 0.865793
vt 0.383509 0.850985
vt 0.419240 0.858097
vt 0.388949 0.845544
vt 0.416296 0.850988
vt 0.403749 0.842600
vt 0.410856 0.845546
vt 0.804928 0.629547
vt 0.674846 0.267543
vt 0.678970 0.267977
vt 0.290313 0.564955
vt 0.315991 0.592679
vt 0.470353 0.719102
vt 0.470353 0.642109
vt 0.473098 0.645217
vt 0.099722 0.897167
vt 0.422958 0.369632
vt 0.420089 0.384567
vt 0.762390 0.816287
vt 0.749745 0.803637
vt 0.742901 0.769220
vt 0.749744 0.752694
vt 0.762389 0.740045
vt 0.778911 0.733201
vt 0.766345 0.745960
vt 0.778913 0.823135
vt 0.813318 0.816292
vt 0.796796 0.823136
vt 0.780306 0.816157
vt 0.380131 0.437367
vt 0.383325 0.433237
vt 0.280234 0.533976
vt 0.280925 0.526950
vt 0.276041 0.534168
vt 0.084670 0.956580
vt 0.015264 0.551802
vt 0.228203 0.635317
vt 0.228203 0.642127
vt 0.225111 0.638879
vt 0.273312 0.557170
vt 0.678970 0.547654
vt 0.667621 0.544063
vt 0.676064 0.544387
vt 0.961041 0.408681
vt 0.946406 0.408675
vt 0.543220 0.543316
vt 0.542736 0.540529
vt 0.664412 0.542964
vt 0.542413 0.262666
vt 0.544137 0.266399
vt 0.540732 0.266399
vt 0.014342 0.536655
vt 0.537324 0.266399
vt 0.539048 0.262665
vt 0.540732 0.266399
vt 0.284662 0.543015
vt 0.544019 0.404149
vt 0.543220 0.392831
vt 0.550970 0.204475
vt 0.066166 0.950965
vt 0.400882 0.134614
vt 0.257226 0.862388
vt 0.587906 0.345741
vt 0.946403 0.421006
vt 0.540789 0.827331
vt 0.422221 0.399144
vt 0.120491 0.434781
vt 0.117324 0.438967
vt 0.109395 0.447691
vt 0.470718 0.954099
vt 0.073486 0.971988
vt 0.577963 0.444994
vt 0.570074 0.436305
vt 0.660392 0.517939
vt 0.673127 0.534210
vt 0.934773 0.507457
vt 0.561711 0.436168
vt 0.277163 0.267498
vt 0.374610 0.345610
vt 0.281315 0.267377
vt 0.396373 0.369756
vt 0.058536 0.020555
vt 0.108161 -0.000000
vt 0.161875 -0.000000
vt 0.211500 0.020555
vt 0.249481 0.058536
vt 0.270036 0.108161
vt 0.270036 0.161875
vt 0.211500 0.249481
vt 0.161875 0.270037
vt 0.108162 0.270037
vt 0.020555 0.211500
vt 0.000000 0.161875
vt -0.000000 0.108161
vt 0.531778 0.544631
vt 0.263496 0.631443
vt 0.260398 0.640863
vt 0.260398 0.631748
vt 0.263496 0.636223
vt 0.434260 0.437015
vt 0.049579 0.594413
vt 0.537735 0.801109
vt 0.724731 0.841109
vt 0.736729 0.256766
vt 0.550297 0.423719
vt 0.410962 0.401898
vt 0.422728 0.432704
vt 0.395369 0.402679
vt 0.386099 0.429074
vt 0.529286 0.801104
vt 0.724732 0.870896
vt 0.403083 0.418158
vt 0.403941 0.415760
vt 0.537722 0.809760
vt 0.537709 0.819385
vt 0.946398 0.147014
vt 0.129409 0.416989
vt 0.131880 0.406711
vt 0.133919 0.411522
vt 0.119307 0.411976
vt 0.266938 0.640091
vt 0.266938 0.629888
vt 0.270036 0.634873
vt 0.526147 0.835891
vt 0.526154 0.827322
vt 0.132258 0.403975
vt 0.135621 0.400698
vt 0.739365 0.892373
vt 0.946429 0.124439
vt 0.972284 0.318085
vt 0.403892 0.387902
vt 0.407331 0.391212
vt 0.986918 0.318088
vt 0.419482 0.387688
vt 0.555207 0.401457
vt 0.554941 0.398668
vt 0.556838 0.380558
vt 0.116069 0.371810
vt 0.120261 0.371709
vt 0.123131 0.386644
vt 0.725711 0.264742
vt 0.725711 0.256461
vt 0.728809 0.260873
vt 0.737414 0.256461
vt 0.107727 0.361568
vt -0.000000 0.270626
vt 0.556569 0.421178
vt 0.727805 0.942591
vt 0.931748 0.379761
vt 0.431343 0.956656
vt 0.529384 0.966751
vt 0.206061 0.971203
vt 0.632556 0.592291
vt 0.470353 0.722210
vt 0.473097 0.719102
vt 0.473097 0.796095
vt 0.111398 0.959501
vt 0.576572 0.344612
vt 0.670696 0.267377
vt 0.441029 0.641943
vt 0.541474 0.553540
vt 0.556639 0.409440
vt 0.559781 0.419151
vt 0.089831 0.981235
vt 0.257508 0.876507
vt 0.516227 0.518432
vt 0.433824 0.445614
vt 0.425896 0.436890
vt 0.546496 0.414445
vt 0.534944 0.267959
vt 0.893689 0.057894
vt 0.820782 0.027678
vt 0.931756 0.475672
vt 0.001746 0.555617
vt 0.569641 0.444904
vt 0.270055 0.547549
vt 0.080801 0.946895
vt 0.270036 0.543392
vt 0.946429 0.260927
vt 0.953742 0.382511
vt 0.724426 0.949242
vt 0.018663 0.520596
vt 0.125617 0.426242
vt 0.716730 0.841565
vt 0.267092 0.629888
vt 0.267092 0.552829
vt 0.270036 0.555762
vt 0.878967 0.852069
vt 0.881911 0.859179
vt 0.881911 0.866874
vt 0.873527 0.846627
vt 0.851619 0.846625
vt 0.463273 0.842600
vt 0.445156 0.642109
vt 0.802202 0.696288
vt 0.749895 0.713307
vt 0.784179 0.710451
vt 0.779669 0.733201
vt 0.762803 0.726218
vt 0.814783 0.726219
vt 0.797921 0.733201
vt 0.827686 0.713310
vt 0.827670 0.661323
vt 0.834661 0.678189
vt 0.775353 0.678349
vt 0.772944 0.684169
vt 0.765645 0.682721
vt 0.785624 0.671484
vt 0.793365 0.664193
vt 0.797742 0.673895
vt 0.575065 0.199681
vt 0.946382 0.173529
vt 0.986892 0.190180
vt 0.130761 0.421283
vt 0.931773 0.139012
vt 0.934875 0.136216
vt 0.734971 0.264704
vt 0.731896 0.258368
vt 0.734971 0.256461
vt 0.263496 0.621258
vt 0.263496 0.610367
vt 0.266609 0.612214
vt 0.263496 0.621564
vt 0.266583 0.631445
vt 0.266583 0.641648
vt 0.263496 0.636433
vt 0.401017 0.377905
vt 0.222017 0.642126
vt 0.222017 0.635317
vt 0.225111 0.638878
vt 0.832806 0.787117
vt 0.825963 0.803644
vt 0.832806 0.769229
vt 0.825962 0.752701
vt 0.796794 0.733203
vt 0.427047 0.419590
vt 0.725710 0.256461
vt 0.725710 0.265576
vt 0.722623 0.260941
vt 0.724731 0.892371
vt 0.407599 0.398621
vt 0.111398 0.896107
vt 0.135772 0.394924
vt 0.934899 0.121278
vt 0.387979 0.370152
vt 0.731896 0.256462
vt 0.731896 0.264743
vt 0.728809 0.260880
vt 0.402171 0.374274
vt 0.214247 0.862388
vt 0.449113 0.345866
vt 0.543220 0.268548
vt 0.969440 0.443798
vt 0.419624 0.955342
vt 0.603228 0.733409
vt 0.912585 0.688151
vt 0.865872 0.719371
vt 0.834665 0.688152
vt 0.881381 0.641428
vt 0.253954 0.610368
vt 0.236903 0.610246
vt 0.752426 0.256461
vt 0.744109 0.256435
vt 0.818506 0.256188
vt 0.809163 0.256259
vt 0.801194 0.256188
vt 0.779749 0.628270
vt 0.765942 0.628251
vt 0.246277 0.610368
vt 0.552880 0.921632
vt 0.570200 0.910859
vt 0.123110 0.929032
vt 0.568321 0.901411
vt 0.235354 0.862388
vt 0.207188 0.861161
vt 0.268857 0.752185
vt 0.220149 0.752185
vt 0.860333 0.571700
vt 0.782710 0.571496
vt 0.750312 0.571449
vt 0.196798 0.624893
vt 0.185186 0.566516
vt 0.152118 0.580213
vt 0.152118 0.616006
vt 0.050093 0.887980
vt 0.066165 0.904053
vt 0.211597 0.528549
vt 0.235651 0.504495
vt 0.219579 0.488422
vt 0.946429 0.278033
vt 0.929954 0.462184
vt 0.000000 0.940432
vt 0.000148 0.838990
vt 0.876405 0.458710
vt 0.876405 0.267377
vt 0.473389 0.977875
vt 0.473389 0.784566
vt 0.947217 0.381218
vt 0.274567 0.537282
vt 0.889533 0.179983
vt 0.815009 0.194804
vt 0.779219 0.014825
vt 0.889532 0.014837
vt 0.263684 0.270037
vt 0.987474 0.382507
vt 0.987460 0.525450
vt 0.197243 0.708163
vt 0.199247 0.642920
vt 0.987890 0.382507
vt 0.369059 0.743997
vt 0.370934 0.742121
vt 0.638401 0.100658
vt 0.371136 0.743136
vt 0.789587 0.686157
vt 0.646292 0.757214
vt 0.790162 0.687017
vt 0.789960 0.688032
vt 0.652113 0.754804
vt 0.658978 0.738229
vt 0.789100 0.688607
vt 0.652113 0.727953
vt 0.788085 0.688405
vt 0.639992 0.725543
vt 0.787510 0.687544
vt 0.629717 0.732408
vt 0.787712 0.686530
vt 0.791931 0.703153
vt 0.627306 0.744529
vt 0.788572 0.685955
vt 0.634172 0.754804
vt 0.743224 0.256461
vt 0.762779 0.648414
vt 0.779641 0.641428
vt 0.797894 0.641428
vt 0.814760 0.648414
vt 0.749880 0.661324
vt 0.742900 0.678189
vt 0.943341 0.252090
vt 0.698521 0.596138
vt 0.154154 0.404940
vt 0.492686 0.776829
vt 0.702859 0.604378
vt 0.196024 0.412434
vt 0.171595 0.412499
vt 0.521908 0.784527
vt 0.496986 0.784508
vt 0.170840 0.554961
vt 0.146410 0.554896
vt 0.727794 0.604614
vt 0.138073 0.412499
vt 0.979933 0.470959
vt 0.197897 0.784402
vt 0.904961 0.549988
vt 0.905082 0.549988
vt 0.904940 0.512799
vt 0.929843 0.235038
vt 0.197897 0.830920
vt 0.922606 0.245896
vt 0.008275 0.270036
vt 0.223164 0.777411
vt 0.222317 0.668796
vt 0.831027 0.487925
vt 0.762183 0.488110
vt 0.722623 0.241857
vt 0.680566 0.259072
vt 0.670368 0.206604
vt 0.215016 0.767449
vt 0.214562 0.658491
vt 0.822858 0.477687
vt 0.804607 0.477756
vt 0.756073 0.477825
vt 0.562549 0.262666
vt 0.537325 0.237438
vt 0.600289 0.224909
vt 0.263496 0.621564
vt 0.744546 0.626103
vt 0.744582 0.604700
vt 0.358570 0.901843
vt 0.099654 0.896140
vt 0.099704 0.930020
vt 0.201017 0.883650
vt 0.679432 0.604660
vt 0.580353 0.919208
vt 0.222044 0.610368
vt 0.722916 0.637467
vt 0.722916 0.604660
vt 0.722780 0.620422
vt 0.679432 0.637487
vt 0.581449 0.897607
vt 0.243654 0.612802
vt 0.701124 0.635854
vt 0.402665 0.134614
vt 0.403108 0.132388
vt 0.401460 0.131706
vt 0.469738 0.729945
vt 0.470352 0.729819
vt 0.470352 0.758949
vt 0.196057 0.728629
vt 0.196670 0.728501
vt 0.196670 0.757718
vt 0.469740 0.671465
vt 0.470352 0.671336
vt 0.470352 0.700683
vt 0.262484 0.508121
vt 0.263097 0.507991
vt 0.263097 0.537489
vt 0.263097 0.507862
vt 0.262485 0.507991
vt 0.262485 0.478345
vt 0.263100 0.448706
vt 0.262487 0.448834
vt 0.262487 0.419064
vt 0.263099 0.389281
vt 0.262486 0.389406
vt 0.262486 0.359554
vt 0.263100 0.329653
vt 0.262486 0.329776
vt 0.262486 0.299893
vt 0.263101 0.299774
vt 0.262486 0.299893
vt 0.262486 0.270037
vt 0.263101 0.359437
vt 0.262486 0.359555
vt 0.262486 0.329776
vt 0.263102 0.418949
vt 0.262487 0.419064
vt 0.262487 0.389406
vt 0.263100 0.478231
vt 0.262484 0.478345
vt 0.262484 0.448834
vt 0.266477 0.552943
vt 0.267092 0.552829
vt 0.267092 0.582188
vt 0.469737 0.642225
vt 0.470353 0.642109
vt 0.470353 0.671336
vt 0.469740 0.700801
vt 0.470355 0.700683
vt 0.470355 0.729819
vt 0.269422 0.752353
vt 0.270036 0.752232
vt 0.270036 0.781333
vt 0.846588 0.117243
vt 0.458979 0.892349
vt 0.450252 0.892349
vt 0.913692 0.247365
vt 0.358571 0.881286
vt 0.813562 0.585107
vt 0.543355 0.855313
vt 0.657401 0.851877
vt 0.883673 0.789487
vt 0.876566 0.792432
vt 0.868873 0.792432
vt 0.861765 0.789487
vt 0.892054 0.769241
vt 0.889109 0.762131
vt 0.878967 0.873984
vt 0.873528 0.879424
vt 0.866420 0.882368
vt 0.846180 0.873980
vt 0.843236 0.866870
vt 0.843236 0.859175
vt 0.846179 0.852066
vt 0.858980 0.634735
vt 0.873713 0.384165
vt 0.831499 0.447359
vt 0.678971 0.384144
vt 0.831498 0.282213
vt 0.263684 0.411433
vt 0.993411 0.297534
vt 0.906160 0.954469
vt 0.906160 0.812987
vt 0.993668 0.190003
vt 0.635951 0.100171
vt 0.368483 0.743136
vt 0.636153 0.099156
vt 0.637013 0.098581
vt 0.788554 0.384619
vt 0.181688 0.943239
vt 0.874787 0.571700
vt 0.770802 0.341747
vt 0.236574 0.910072
vt 0.419241 0.881287
vt 0.795078 0.351808
vt 0.166884 0.852397
vt 0.677323 0.855569
vt 0.086206 0.888245
vt 0.799204 0.852067
vt 0.802148 0.859177
vt 0.799207 0.873981
vt 0.802149 0.866872
vt 0.778963 0.843681
vt 0.771856 0.846625
vt 0.786661 0.882367
vt 0.778968 0.882368
vt 0.763475 0.866872
vt 0.763474 0.859176
vt 0.766417 0.852067
vt 0.793768 0.879423
vt 0.870893 0.634735
vt 0.066165 0.838990
vt 0.710038 0.897641
vt 0.610195 0.897607
vt 0.671060 0.077293
vt 0.194747 0.760963
vt 0.078016 0.838990
vt 0.014820 0.686414
vt 0.077994 0.644186
vt 0.152521 0.659015
vt 0.973824 0.065095
vt 0.974407 -0.000000
vt 0.993638 -0.000000
vt 0.993853 0.067932
vt 0.993638 0.142944
vt 0.961544 0.487465
vt 0.963017 0.382507
vt 0.980974 0.142944
vt 0.980815 0.030171
vt 0.974407 0.141396
vt 0.638401 0.099156
vt 0.369059 0.741748
vt 0.109588 0.761426
vt 0.378820 0.928420
vt 0.886079 0.249430
vt 0.091831 0.718556
vt 0.330933 0.881287
vt 0.161182 0.943240
vt 0.076785 0.754899
vt 0.610330 0.855313
vt 0.270499 0.857060
vt 0.166784 0.885615
vt 0.867170 0.265083
vt 0.498448 0.784590
vt 0.877195 0.626739
vt 0.967691 0.529445
vt 0.967658 0.733201
vt 0.946429 0.000000
vt 0.940282 0.718914
vt 0.912587 0.529468
vt 0.939963 0.733201
vt 0.912569 0.733201
vt 0.901466 0.267377
vt 0.234357 0.270060
vt 0.206662 0.270037
vt 0.738486 0.256766
vt 0.853380 0.776936
vt 0.853379 0.769241
vt 0.868868 0.753745
vt 0.876561 0.753745
vt 0.883669 0.756690
vt 0.856325 0.784046
vt 0.750395 0.638551
vt 0.747692 0.258385
vt 0.735657 0.256461
vt 0.744714 0.256461
vt 0.548450 0.263756
vt 0.548591 0.264143
vt 0.548592 0.264556
vt 0.548450 0.264931
vt 0.547847 0.265353
vt 0.547477 0.265337
vt 0.547135 0.265164
vt 0.546731 0.264473
vt 0.546731 0.264060
vt 0.546873 0.263686
vt 0.547476 0.263263
vt 0.547846 0.263280
vt 0.548188 0.263453
vt 0.740244 0.256766
vt 0.748920 0.638551
vt 0.746187 0.258382
vt 0.194471 0.985690
vt 0.739172 0.256461
vt 0.749181 0.265063
vt 0.749165 0.258382
vt 0.741734 0.256461
vt 0.552311 0.264143
vt 0.552312 0.264556
vt 0.552170 0.264930
vt 0.551567 0.265353
vt 0.551197 0.265337
vt 0.550855 0.265163
vt 0.550452 0.264473
vt 0.550452 0.264060
vt 0.550593 0.263685
vt 0.550855 0.263406
vt 0.551196 0.263263
vt 0.551566 0.263279
vt 0.551908 0.263452
vt 0.931795 0.124416
vt 0.550452 0.264144
vt 0.550452 0.264557
vt 0.550310 0.264931
vt 0.549707 0.265353
vt 0.549337 0.265336
vt 0.548995 0.265163
vt 0.548592 0.264472
vt 0.548592 0.264059
vt 0.548734 0.263685
vt 0.548996 0.263405
vt 0.549338 0.263263
vt 0.549708 0.263280
vt 0.550050 0.263453
vt 0.311597 0.845545
vt 0.350276 0.878342
vt 0.357379 0.842600
vt 0.388950 0.878341
vt 0.396056 0.842600
s 1
f 346/1/1 356/2/2 368/3/3
f 353/4/4 343/5/5 342/6/6
f 645/7/7 657/8/8 646/9/9
f 350/10/10 339/11/11 338/12/12
f 346/13/1 368/14/3 347/15/13
f 22/16/14 10/17/15 11/18/16
f 260/19/17 249/20/18 261/21/19
f 143/22/20 152/23/21 142/24/22
f 2098/25/23 2150/26/24 2149/27/25
f 282/28/26 272/29/27 262/30/28
f 686/31/29 706/32/30 1514/33/31
f 201/34/32 215/35/33 221/36/34
f 20/37/35 30/38/36 19/39/37
f 360/40/38 351/41/39 350/10/10
f 371/42/40 360/40/38 359/43/41
f 25/44/42 14/45/43 15/46/44
f 364/47/45 354/48/46 353/49/4
f 457/50/47 446/51/48 445/52/49
f 663/53/50 652/54/51 662/55/52
f 161/56/53 150/57/54 151/58/55
f 478/59/56 488/60/57 468/61/58
f 9/62/59 19/63/37 8/64/60
f 362/65/61 361/66/62 373/67/63
f 36/68/64 23/69/65 24/70/66
f 583/71/67 578/72/68 577/73/69
f 365/74/70 377/75/71 366/76/72
f 44/77/73 32/78/74 33/79/75
f 374/80/76 363/81/77 362/65/61
f 28/82/78 29/83/79 40/84/80
f 374/80/76 364/85/45 363/81/77
f 37/86/81 24/87/66 25/44/42
f 31/88/82 41/89/83 30/38/36
f 38/90/84 27/91/85 39/92/86
f 2151/93/87 2099/94/88 2100/95/89
f 131/96/90 120/97/91 132/98/92
f 38/99/84 46/100/93 37/86/81
f 66/101/94 55/102/95 67/103/96
f 47/104/97 38/90/84 39/92/86
f 46/100/93 36/105/64 37/86/81
f 42/106/98 48/107/99 41/89/83
f 378/108/100 384/109/101 395/110/102
f 392/111/103 383/112/104 382/113/105
f 53/114/106 45/115/107 46/100/93
f 756/116/108 805/117/109 811/118/110
f 238/119/111 228/120/112 229/121/113
f 158/122/114 159/123/115 166/124/116
f 379/125/117 387/126/118 380/127/119
f 1456/128/120 1503/129/121 1510/130/122
f 84/131/123 83/132/124 72/133/125
f 402/134/126 392/135/103 391/136/127
f 71/137/128 59/138/129 60/139/130
f 65/140/131 52/141/132 53/114/106
f 64/142/133 51/143/134 52/144/132
f 390/145/135 389/146/136 401/147/137
f 206/148/138 207/149/139 213/150/140
f 72/151/125 60/139/130 61/152/141
f 403/153/142 393/154/143 392/111/103
f 393/154/143 405/155/144 394/156/145
f 335/157/146 348/158/147 336/159/148
f 402/134/126 391/136/127 390/145/135
f 413/160/149 403/153/142 402/161/126
f 398/162/150 409/163/151 399/164/152
f 75/165/153 64/166/133 65/140/131
f 410/167/154 401/168/137 400/169/155
f 397/170/156 408/171/157 398/162/150
f 82/172/158 70/173/159 71/137/128
f 404/174/160 416/175/161 405/155/144
f 76/176/162 67/103/96 77/177/163
f 116/178/164 78/179/165 106/180/166
f 90/181/167 82/172/158 83/182/124
f 75/165/153 85/183/168 74/184/169
f 87/185/170 75/165/153 76/186/162
f 411/187/171 410/188/154 421/189/172
f 116/178/164 105/190/173 95/191/174
f 425/192/175 407/193/176 418/194/177
f 419/195/178 408/196/157 407/197/176
f 89/198/179 80/199/180 81/200/181
f 82/172/158 89/198/179 81/200/181
f 79/201/182 88/202/183 96/203/184
f 293/204/185 292/205/186 285/206/187
f 428/207/188 420/208/189 427/209/190
f 142/210/22 132/98/92 143/211/20
f 426/212/191 420/208/189 419/213/178
f 98/214/192 88/215/183 89/198/179
f 370/216/193 380/127/119 371/42/40
f 555/217/194 567/218/195 573/219/196
f 102/220/197 93/221/198 103/222/199
f 109/223/200 100/224/201 110/225/202
f 887/226/203 936/227/204 940/228/205
f 101/229/206 92/230/207 102/220/197
f 431/231/208 442/232/209 432/233/210
f 442/232/209 433/234/211 432/233/210
f 107/235/212 96/203/184 97/236/213
f 1479/237/214 1426/238/215 1480/239/216
f 453/240/217 443/241/218 442/232/209
f 112/242/219 103/222/199 113/243/220
f 111/244/221 102/220/197 112/242/219
f 115/245/222 104/246/223 105/247/173
f 119/248/224 109/249/200 120/97/91
f 446/250/48 437/251/225 436/252/226
f 118/253/227 106/180/166 107/235/212
f 146/254/228 155/255/229 145/256/230
f 497/257/231 488/258/57 487/259/232
f 159/123/115 148/260/233 149/261/234
f 130/262/235 117/263/236 118/253/227
f 458/264/237 447/265/238 446/250/48
f 131/96/90 118/266/227 119/248/224
f 461/267/239 448/268/240 460/269/241
f 657/8/8 647/270/242 646/9/9
f 385/271/243 386/272/244 379/125/117
f 126/273/245 113/243/220 114/274/246
f 358/275/247 371/42/40 359/43/41
f 217/276/248 218/277/249 223/278/250
f 139/279/251 127/280/252 128/281/253
f 473/282/254 460/283/241 472/284/255
f 153/285/256 162/286/257 152/287/21
f 138/288/258 125/289/259 126/273/245
f 430/290/260 431/231/208 422/291/261
f 450/292/262 462/293/263 463/294/264
f 139/295/251 126/273/245 127/296/252
f 142/210/22 130/297/235 131/96/90
f 136/298/265 125/299/259 137/300/266
f 477/301/267 467/302/268 466/303/269
f 137/300/266 146/254/228 136/298/265
f 500/304/270 492/305/271 511/306/272
f 162/286/257 151/307/55 152/287/21
f 148/308/233 137/300/266 138/309/258
f 486/310/273 477/301/267 476/311/274
f 651/312/275 640/313/276 639/314/277
f 454/315/278 444/316/279 443/241/218
f 445/52/49 436/317/226 435/318/280
f 120/319/91 110/225/202 121/320/281
f 1495/321/282 1277/322/282 1063/323/282
f 325/324/283 316/325/284 326/326/285
f 62/327/286 51/143/134 63/328/287
f 185/329/288 186/330/289 194/331/290
f 39/92/86 27/91/85 28/82/78
f 485/332/291 474/333/292 484/334/293
f 158/122/114 147/335/294 148/260/233
f 482/336/295 493/337/296 483/338/297
f 496/339/298 487/340/232 486/341/273
f 487/259/232 478/342/56 477/301/267
f 154/343/299 163/344/300 153/345/256
f 336/159/148 349/346/301 337/347/302
f 26/348/303 17/349/304 27/91/85
f 486/310/273 475/350/305 485/351/291
f 163/352/300 178/353/306 162/286/257
f 514/354/307 495/355/308 513/356/309
f 531/357/310 516/358/311 515/359/312
f 429/360/313 439/361/314 450/292/262
f 174/362/315 157/363/316 158/122/114
f 172/364/317 171/365/318 165/366/319
f 305/367/320 316/325/284 304/368/321
f 2109/369/322 2159/370/323 2108/371/324
f 451/372/325 464/373/326 452/374/327
f 510/375/328 521/376/329 511/306/272
f 180/377/330 187/378/331 179/379/332
f 354/48/46 366/76/72 355/380/333
f 171/381/318 181/382/334 190/383/335
f 532/384/336 546/385/337 527/386/338
f 163/344/300 169/387/339 179/379/332
f 183/388/340 192/389/341 173/390/342
f 195/391/343 194/392/290 186/393/289
f 191/394/344 197/395/345 181/382/334
f 209/396/346 208/397/347 202/398/348
f 534/399/349 533/400/350 539/401/351
f 518/402/352 517/403/353 524/404/354
f 195/391/343 203/405/355 209/396/346
f 192/389/341 193/406/356 199/407/357
f 536/408/358 529/409/359 528/410/360
f 545/411/361 532/412/336 531/357/310
f 207/149/139 199/407/357 200/413/362
f 518/414/352 509/415/363 508/416/364
f 201/417/32 202/418/348 208/419/347
f 56/420/365 57/421/366 68/422/367
f 229/121/113 228/120/112 216/423/368
f 226/424/369 225/425/370 212/426/371
f 228/427/112 222/428/372 216/429/368
f 570/430/373 571/431/374 565/432/375
f 213/150/140 214/433/376 220/434/377
f 234/435/378 226/424/369 227/436/379
f 672/437/380 660/438/381 671/439/382
f 564/440/383 563/441/384 575/442/385
f 230/443/386 238/119/111 229/121/113
f 668/444/387 658/445/388 657/446/8
f 134/447/389 170/448/390 154/343/299
f 581/449/391 582/450/392 576/451/393
f 234/435/378 243/452/394 233/453/395
f 1631/454/396 1640/455/397 1639/456/398
f 573/219/196 578/457/68 584/458/399
f 250/459/400 239/460/401 240/461/402
f 249/20/18 238/119/111 239/460/401
f 575/442/385 574/462/403 580/463/404
f 240/464/402 223/278/250 224/465/405
f 595/466/406 596/467/407 585/468/408
f 2152/469/409 2100/95/89 2101/470/410
f 597/471/411 586/472/412 596/467/407
f 253/473/413 242/474/414 243/452/394
f 244/475/415 253/473/413 243/452/394
f 1889/476/416 1881/477/417 1882/478/418
f 599/479/419 600/480/420 588/481/421
f 248/482/422 258/483/423 247/484/424
f 260/19/17 248/482/422 249/20/18
f 258/483/423 257/485/425 247/484/424
f 268/486/426 278/487/427 256/488/428
f 265/489/429 252/490/430 253/473/413
f 254/491/431 265/489/429 253/473/413
f 273/492/432 262/30/28 263/493/433
f 259/494/434 269/495/435 258/483/423
f 271/496/436 259/494/434 260/19/17
f 277/497/437 267/498/438 256/488/428
f 274/499/439 263/493/433 264/500/440
f 275/501/441 264/502/440 265/489/429
f 266/503/442 275/501/441 265/489/429
f 267/498/438 276/504/443 266/505/442
f 269/495/435 278/506/427 268/507/426
f 270/508/444 279/509/445 269/495/435
f 281/510/446 270/508/444 271/496/436
f 282/511/26 271/496/436 272/512/27
f 278/506/427 279/509/445 286/513/447
f 284/514/448 274/515/439 275/501/441
f 276/516/443 284/514/448 275/501/441
f 273/492/432 283/517/449 289/518/450
f 288/519/451 281/510/446 282/511/26
f 280/520/452 286/513/447 279/509/445
f 288/519/451 280/520/452 281/510/446
f 634/521/453 635/522/454 625/523/455
f 291/524/456 283/525/449 284/514/448
f 285/526/187 291/524/456 284/514/448
f 287/527/457 296/528/458 286/513/447
f 298/529/459 287/527/457 288/519/451
f 2182/530/460 2162/531/461 2163/532/462
f 303/533/463 292/534/186 304/535/321
f 318/536/464 328/537/465 306/538/466
f 302/539/467 289/518/450 290/540/468
f 311/541/469 298/529/459 299/542/470
f 310/543/471 297/544/472 298/529/459
f 303/533/463 290/545/468 291/524/456
f 293/204/185 304/546/321 292/205/186
f 654/547/473 641/548/474 653/549/475
f 503/550/476 501/551/477 500/304/270
f 314/552/478 301/553/479 302/539/467
f 32/78/74 20/37/35 21/554/480
f 322/555/481 310/556/471 311/557/469
f 321/558/482 309/559/483 310/543/471
f 315/560/484 302/561/467 303/533/463
f 352/562/485 342/6/6 341/563/486
f 18/564/487 8/565/60 19/39/37
f 343/566/5 355/380/333 344/567/488
f 563/441/384 562/568/489 569/569/490
f 671/570/382 659/571/491 670/572/492
f 664/573/493 653/574/475 663/53/50
f 317/575/494 326/326/285 316/325/284
f 319/576/495 329/577/496 318/578/464
f 664/573/493 655/579/497 654/580/473
f 332/581/498 320/582/499 321/583/482
f 21/584/480 9/62/59 10/17/15
f 352/585/485 341/586/486 340/587/500
f 362/588/61 340/589/500 351/590/39
f 149/591/234 138/309/258 139/592/251
f 15/593/44 2/594/501 3/595/502
f 645/7/7 633/596/503 644/597/504
f 14/598/43 1/599/505 2/600/501
f 13/601/506 34/602/507 12/603/508
f 2108/371/324 2158/604/509 2107/605/510
f 479/606/511 470/607/512 469/608/513
f 1933/609/514 1919/610/515 1925/611/516
f 61/152/141 60/139/130 50/612/517
f 127/296/252 114/274/246 115/245/222
f 452/374/327 465/613/518 453/240/217
f 16/614/519 25/44/42 15/46/44
f 512/615/520 504/616/521 503/550/476
f 33/617/75 21/584/480 22/16/14
f 348/618/147 359/43/41 349/619/301
f 34/620/507 23/69/65 35/621/522
f 330/622/523 320/582/499 331/623/524
f 111/624/221 123/625/525 134/447/389
f 495/355/308 484/334/293 494/626/526
f 541/627/527 549/628/528 555/217/194
f 136/298/265 145/256/230 135/629/529
f 40/630/80 30/38/36 41/89/83
f 43/631/530 31/88/82 32/78/74
f 355/632/333 367/633/531 356/2/2
f 372/634/532 361/635/62 360/40/38
f 368/3/3 378/108/100 396/636/533
f 366/637/72 378/108/100 367/633/531
f 375/638/534 365/74/70 364/47/45
f 29/639/79 19/39/37 30/38/36
f 357/640/535 370/216/193 358/275/247
f 313/641/536 334/642/537 312/643/538
f 2107/605/510 2157/644/539 2106/645/540
f 382/646/105 375/647/534 374/80/76
f 376/648/541 384/649/101 377/75/71
f 382/113/105 376/648/541 375/638/534
f 1443/650/542 1389/651/543 1390/652/544
f 373/653/63 372/634/532 381/654/545
f 50/612/517 42/106/98 43/631/530
f 380/127/119 372/634/532 371/42/40
f 40/630/80 41/89/83 48/107/99
f 387/126/118 381/654/545 380/127/119
f 49/655/546 58/656/547 48/107/99
f 1287/657/548 1347/658/549 1294/659/550
f 859/660/551 918/661/552 865/662/553
f 60/139/130 49/655/546 50/612/517
f 47/663/97 53/114/106 46/100/93
f 1026/664/554 1072/665/555 1079/666/556
f 462/293/263 461/267/239 473/667/254
f 68/668/367 58/656/547 69/669/557
f 399/164/152 388/670/558 387/126/118
f 59/138/129 69/669/557 58/656/547
f 385/271/243 398/162/150 386/272/244
f 209/396/346 217/671/248 229/121/113
f 394/672/145 406/673/559 395/110/102
f 1177/674/560 1231/675/561 1176/676/562
f 386/272/244 399/164/152 387/126/118
f 400/169/155 389/677/136 388/670/558
f 418/194/177 407/193/176 397/678/156
f 83/182/124 71/137/128 72/151/125
f 409/163/151 400/169/155 399/164/152
f 70/173/159 80/199/180 69/669/557
f 480/679/563 471/680/564 470/681/512
f 405/155/144 417/682/565 406/683/559
f 414/684/566 404/174/160 403/153/142
f 79/685/182 69/669/557 80/199/180
f 100/224/201 83/132/124 84/131/123
f 95/686/174 94/687/567 87/185/170
f 409/163/151 419/213/178 420/208/189
f 409/163/151 421/688/172 410/167/154
f 1077/689/568 1129/690/569 1076/691/570
f 91/692/571 101/693/206 122/694/572
f 440/695/573 430/696/260 412/697/574
f 417/682/565 416/175/161 424/698/575
f 414/684/566 423/699/576 415/700/577
f 416/175/161 423/699/576 424/698/575
f 73/701/578 74/184/169 85/183/168
f 144/702/579 153/345/256 143/703/20
f 94/687/567 86/704/580 87/185/170
f 92/230/207 86/704/580 93/221/198
f 496/339/298 485/332/291 495/355/308
f 98/214/192 90/181/167 99/705/581
f 422/291/261 432/233/210 423/699/576
f 105/247/173 94/687/567 95/686/174
f 1919/610/515 1929/706/582 1921/707/583
f 436/252/226 427/209/190 426/212/191
f 443/241/218 434/708/584 433/234/211
f 435/318/280 426/709/191 425/192/175
f 104/246/223 93/221/198 94/687/567
f 108/710/585 97/711/213 98/214/192
f 430/290/260 441/712/586 431/231/208
f 449/713/587 438/714/588 448/268/240
f 448/715/240 437/251/225 447/265/238
f 114/274/246 103/222/199 104/246/223
f 533/400/350 519/716/589 518/414/352
f 441/712/586 453/240/217 442/232/209
f 440/717/573 452/374/327 441/712/586
f 143/703/20 133/718/590 144/702/579
f 178/353/306 161/719/53 162/286/257
f 123/720/525 112/242/219 124/721/591
f 465/613/518 454/315/278 453/240/217
f 541/627/527 555/217/194 556/722/592
f 466/723/269 455/724/593 454/315/278
f 363/81/77 353/725/4 352/585/485
f 124/721/591 113/243/220 125/289/259
f 460/726/241 447/265/238 459/727/594
f 132/728/92 121/320/281 133/718/590
f 552/729/595 553/730/596 547/731/597
f 469/608/513 458/732/237 457/50/47
f 470/733/512 459/727/594 458/264/237
f 464/373/326 476/734/274 465/613/518
f 135/629/529 124/735/591 136/298/265
f 150/57/54 167/736/598 128/281/253
f 439/361/314 428/737/188 438/714/588
f 472/284/255 459/738/594 471/680/564
f 175/739/599 167/736/598 189/740/600
f 168/741/601 160/742/602 161/56/53
f 472/284/255 483/338/297 473/282/254
f 147/743/294 156/744/603 146/254/228
f 490/745/604 489/746/605 499/747/606
f 495/355/308 494/626/526 504/748/521
f 204/749/607 188/750/608 190/383/335
f 28/751/78 17/752/304 6/753/609
f 54/754/610 65/140/131 53/114/106
f 489/746/605 480/755/563 479/606/511
f 1580/756/611 1579/757/612 1620/758/613
f 141/759/614 129/760/615 130/262/235
f 490/761/604 481/762/616 480/763/563
f 481/764/616 492/765/271 482/336/295
f 463/766/264 475/767/305 464/373/326
f 34/620/507 33/768/75 22/769/14
f 1237/770/617 1283/771/618 1178/772/619
f 936/227/204 993/773/620 940/228/205
f 515/359/312 516/358/311 505/774/621
f 508/416/364 491/775/622 490/761/604
f 514/354/307 497/776/231 496/339/298
f 522/777/623 513/356/309 512/778/520
f 499/747/606 502/779/624 506/780/625
f 471/680/564 482/336/295 472/284/255
f 432/233/210 424/698/575 423/699/576
f 157/363/316 172/364/317 156/781/603
f 152/23/21 141/782/614 142/24/22
f 665/783/626 656/784/627 655/785/497
f 184/786/628 174/362/315 175/787/599
f 509/415/363 520/788/629 510/789/328
f 187/790/331 195/391/343 178/353/306
f 172/364/317 181/791/334 171/365/318
f 186/330/289 176/792/630 177/793/631
f 523/794/632 513/356/309 522/777/623
f 24/70/66 13/795/506 14/598/43
f 62/327/286 61/796/141 44/797/73
f 545/411/361 544/798/633 551/799/634
f 535/800/635 519/716/589 534/399/349
f 530/801/636 523/794/632 522/777/623
f 916/802/637 970/803/638 969/804/639
f 6/805/609 7/806/640 18/807/487
f 535/808/635 541/627/527 525/809/641
f 200/413/362 199/407/357 193/406/356
f 550/810/642 543/811/643 542/812/644
f 192/389/341 191/813/344 182/814/645
f 563/441/384 564/440/383 558/815/646
f 544/798/633 537/816/647 536/408/358
f 540/817/648 535/800/635 534/399/349
f 517/403/353 508/818/364 507/819/649
f 218/277/249 217/276/248 210/820/650
f 197/395/345 205/821/651 211/822/652
f 238/119/111 247/484/424 237/823/653
f 515/359/312 514/354/307 523/794/632
f 602/824/654 590/825/655 601/826/656
f 538/827/657 527/386/338 559/828/658
f 35/621/522 36/68/64 45/829/107
f 1083/830/659 1030/831/660 1007/832/661
f 204/833/607 203/834/355 196/835/662
f 396/636/533 406/673/559 418/194/177
f 383/112/104 394/156/145 384/649/101
f 4/836/663 15/593/44 3/595/502
f 548/837/664 547/838/597 553/839/596
f 658/840/388 648/841/665 647/842/242
f 562/568/489 551/799/634 550/810/642
f 647/842/242 636/843/666 635/844/454
f 219/845/667 211/846/652 212/426/371
f 151/847/55 140/848/668 141/782/614
f 26/849/303 37/86/81 25/44/42
f 226/424/369 232/850/669 225/425/370
f 579/851/670 580/463/404 574/462/403
f 566/852/671 565/853/375 571/854/374
f 244/855/415 235/856/672 245/857/673
f 1179/858/674 1240/859/675 1186/860/676
f 243/452/394 232/850/669 233/453/395
f 242/861/414 231/862/677 232/863/669
f 2168/864/410 2178/865/678 2187/866/679
f 587/867/680 580/463/404 586/868/412
f 262/30/28 224/465/405 231/862/677
f 236/869/681 246/870/682 256/488/428
f 577/73/69 576/451/393 582/450/392
f 245/857/673 235/856/672 256/488/428
f 251/871/683 241/872/684 252/873/430
f 255/874/685 254/875/431 245/857/673
f 594/876/686 584/877/399 593/878/687
f 587/867/680 599/879/419 588/880/421
f 590/881/655 591/882/688 581/449/391
f 611/883/689 621/884/690 601/826/656
f 591/882/688 604/885/691 592/886/692
f 593/878/687 604/885/691 605/887/693
f 633/596/503 634/521/453 617/888/694
f 595/466/406 594/889/686 606/890/695
f 598/891/696 608/892/697 609/893/698
f 598/891/696 610/894/699 599/879/419
f 396/636/533 385/895/243 369/896/700
f 602/897/654 613/898/701 603/899/702
f 603/899/702 614/900/703 604/885/691
f 605/887/693 614/900/703 615/901/704
f 606/902/695 615/901/704 616/903/705
f 608/904/697 617/888/694 618/905/706
f 609/893/698 618/906/706 619/907/707
f 609/893/698 620/908/708 610/894/699
f 610/909/699 621/884/690 611/883/689
f 616/910/705 624/911/709 632/912/710
f 613/898/701 623/913/711 614/900/703
f 615/901/704 623/913/711 624/914/709
f 66/915/94 75/165/153 65/140/131
f 621/884/690 620/916/708 627/917/712
f 619/907/707 625/918/455 626/919/713
f 619/907/707 627/920/712 620/908/708
f 622/921/714 613/898/701 612/922/715
f 622/921/714 630/923/716 623/913/711
f 624/914/709 630/923/716 631/924/717
f 626/919/713 635/844/454 636/843/666
f 626/919/713 637/925/718 627/920/712
f 643/926/719 632/927/710 631/924/717
f 642/928/720 631/924/717 630/923/716
f 308/929/721 297/544/472 309/559/483
f 646/9/9 635/522/454 634/521/453
f 650/930/722 637/931/718 649/932/723
f 649/933/723 636/843/666 648/841/665
f 642/928/720 629/934/724 641/548/474
f 296/528/458 307/935/725 295/936/726
f 655/785/497 644/937/504 643/926/719
f 654/547/473 643/926/719 642/928/720
f 315/560/484 304/535/321 316/938/284
f 308/929/721 318/578/464 307/935/725
f 661/939/727 649/932/723 660/438/381
f 660/940/381 648/841/665 659/571/491
f 319/576/495 309/559/483 320/941/499
f 653/574/475 640/942/276 652/54/51
f 572/943/728 567/944/195 566/852/671
f 16/945/519 5/946/729 17/947/304
f 344/948/488 356/2/2 345/949/730
f 564/950/383 589/951/731 559/828/658
f 312/643/538 311/952/469 299/953/470
f 349/346/301 338/954/12 337/347/302
f 325/324/283 314/955/478 315/956/484
f 206/148/138 205/957/651 198/958/732
f 333/959/733 321/583/482 322/555/481
f 74/960/169 63/328/287 64/142/133
f 1482/961/734 674/962/396 1481/963/735
f 837/964/736 890/965/737 836/966/738
f 1374/967/739 1427/968/740 1373/969/741
f 1648/970/742 1655/971/738 1647/972/743
f 1051/973/744 1105/974/745 1065/975/746
f 108/710/585 99/705/581 109/249/200
f 1687/976/747 1681/977/748 1679/978/749
f 1105/974/745 1158/979/750 1172/980/751
f 1320/981/752 1373/969/741 1334/982/753
f 1719/983/754 1729/984/753 1721/985/755
f 1051/973/744 1012/986/756 997/987/757
f 1695/988/758 1689/989/759 1687/976/747
f 438/990/588 427/209/190 437/251/225
f 1911/991/760 1919/610/515 1921/707/583
f 1663/992/737 1672/993/761 1671/994/762
f 1640/455/397 1647/972/743 1639/456/398
f 677/995/763 730/996/764 729/997/765
f 729/997/765 785/998/766 784/999/767
f 785/998/766 839/1000/768 784/999/767
f 840/1001/769 892/1002/770 839/1000/768
f 892/1002/770 945/1003/771 944/1004/772
f 945/1003/771 998/1005/773 944/1004/772
f 999/1006/774 1052/1007/775 998/1005/773
f 1052/1007/775 1108/1008/776 1107/1009/777
f 1108/1008/776 1159/1010/778 1107/1009/777
f 1160/1011/779 1213/1012/780 1159/1010/778
f 1214/1013/781 1266/1014/782 1213/1012/780
f 1267/1015/783 1321/1016/784 1266/1014/782
f 1321/1016/784 1377/1017/785 1376/1018/786
f 1376/1018/786 1431/1019/787 1430/1020/788
f 1431/1019/787 1483/1021/789 1430/1020/788
f 1484/1022/790 677/995/763 1483/1021/789
f 1109/1023/791 1160/1024/792 1108/1025/791
f 679/1026/793 730/1027/794 678/1028/793
f 1322/1029/795 1378/1030/796 1377/1031/796
f 893/1032/797 946/1033/798 945/1034/799
f 1215/1035/800 1267/1036/801 1214/1037/800
f 1053/1038/802 1109/1023/791 1108/1025/791
f 1160/1024/792 1215/1039/800 1214/1040/800
f 945/1034/799 1000/1041/803 999/1042/803
f 731/1043/804 785/1044/805 730/1045/794
f 1378/1030/796 1431/1046/806 1377/1031/796
f 1485/1047/807 678/1028/793 1484/1048/808
f 1432/1049/806 1484/1048/808 1431/1050/806
f 785/1051/805 841/1052/809 840/1053/809
f 1267/1036/801 1323/1054/795 1322/1029/795
f 841/1052/809 893/1032/797 840/1053/809
f 680/1055/810 731/1056/811 679/1026/810
f 731/1056/811 787/1057/812 786/1058/813
f 787/1059/812 841/1052/814 786/1060/813
f 842/1061/814 894/1062/815 841/1052/814
f 894/1062/815 947/1063/816 946/1033/816
f 947/1063/816 1000/1041/817 946/1033/816
f 1000/1064/817 1055/1065/818 1054/1066/818
f 1055/1065/818 1109/1023/819 1054/1066/818
f 1109/1023/819 1162/1067/820 1161/1068/820
f 1162/1067/820 1215/1039/821 1161/1068/820
f 1216/1069/821 1268/1070/822 1215/1035/821
f 1268/1070/822 1324/1071/823 1323/1054/823
f 1324/1071/823 1378/1030/824 1323/1054/823
f 1379/1072/824 1432/1073/825 1378/1030/824
f 1433/1074/825 1485/1047/826 1432/1049/825
f 1485/1047/826 680/1055/810 679/1026/810
f 682/1075/827 733/1076/828 681/1077/827
f 734/1078/828 788/1079/829 733/1076/828
f 788/1079/829 844/1080/830 843/1081/830
f 844/1082/830 896/1083/831 843/1084/830
f 897/1085/831 948/1086/832 896/1083/831
f 949/1087/832 1002/1088/833 948/1089/832
f 1002/1088/833 1057/1090/834 1056/1091/834
f 1057/1092/834 1111/1093/835 1056/1094/834
f 1111/1095/835 1164/1096/836 1163/1097/836
f 1163/1097/836 1218/1098/837 1217/1099/837
f 1217/1099/837 1271/1100/838 1270/1101/838
f 1270/1102/838 1326/1103/839 1325/1104/839
f 1326/1103/839 1380/1105/840 1325/1104/839
f 1380/1106/840 1435/1107/841 1434/1108/841
f 1434/1108/841 1488/1109/842 1487/1110/842
f 1488/1111/842 681/1112/827 1487/1113/842
f 683/1114/843 736/1115/844 735/1116/844
f 736/1115/844 790/1117/845 735/1116/844
f 790/1118/845 846/1119/846 845/1120/846
f 846/1119/846 898/1121/847 845/1120/846
f 899/1122/847 950/1123/848 898/1121/847
f 950/1123/848 1005/1124/849 1004/1125/849
f 1005/1126/849 1058/1127/850 1004/1128/849
f 1058/1127/850 1114/1129/851 1113/1130/851
f 1113/1130/851 1166/1131/852 1165/1132/852
f 1165/1132/852 1220/1133/853 1219/1134/854
f 1220/1135/853 1272/1136/855 1219/1137/854
f 1273/1138/855 1327/1139/856 1272/1136/855
f 1327/1139/856 1383/1140/857 1382/1141/857
f 1383/1140/857 1436/1142/858 1382/1141/857
f 1437/1143/859 1489/1144/860 1436/1145/858
f 1490/1146/860 683/1114/843 1489/1144/860
f 684/1147/861 737/1148/862 736/1149/862
f 737/1148/862 791/1150/863 736/1149/862
f 792/1151/863 846/1152/864 791/1150/863
f 846/1152/864 900/1153/865 899/1154/865
f 899/1154/865 952/1155/866 951/1156/866
f 951/1156/866 1006/1157/867 1005/1158/867
f 1005/1158/867 1060/1159/868 1059/1160/868
f 1060/1159/868 1114/1161/869 1059/1160/868
f 1115/1162/869 1166/1163/870 1114/1161/869
f 1166/1163/870 1221/1164/871 1220/1165/872
f 1220/1165/872 1274/1166/873 1273/1167/873
f 1274/1166/873 1328/1168/874 1273/1167/873
f 1328/1168/874 1384/1169/875 1383/1170/875
f 1383/1170/875 1438/1171/876 1437/1172/876
f 1438/1171/876 1490/1173/877 1437/1172/876
f 1490/1173/877 685/1174/861 684/1147/861
f 686/1175/878 739/1176/879 738/1177/879
f 739/1176/879 793/1178/880 738/1177/879
f 794/1179/880 848/1180/881 793/1178/880
f 848/1181/881 902/1182/882 901/1183/882
f 902/1182/882 953/1184/883 901/1183/882
f 954/1185/883 1007/1186/884 953/1184/883
f 1008/1187/885 1061/1188/886 1007/1186/884
f 1062/1189/886 1116/1190/887 1061/1188/886
f 1116/1190/887 1169/1191/888 1168/1192/888
f 1168/1192/888 1223/1193/889 1222/1194/889
f 1223/1193/889 1275/1195/890 1222/1194/889
f 1275/1195/890 1331/1196/891 1330/1197/891
f 1331/1198/891 1385/1199/892 1330/1200/891
f 1386/1201/892 1439/1202/893 1385/1199/892
f 1440/1203/893 1492/1204/894 1439/1202/893
f 1493/1205/894 686/1175/878 1492/1204/894
f 688/1206/895 741/1207/896 740/1208/897
f 740/1208/897 796/1209/898 795/1210/899
f 795/1211/899 851/1212/900 850/1213/901
f 851/1214/900 903/1215/902 850/1216/901
f 903/1215/902 955/1217/903 994/1218/904
f 955/1217/903 1009/1219/905 994/1218/904
f 1009/1220/905 1063/1221/906 1102/1222/907
f 1063/1221/906 1155/1223/908 1102/1222/907
f 1118/1224/909 1209/1225/910 1155/1223/908
f 1170/1226/911 1224/1227/912 1209/1225/910
f 1224/1228/912 1277/1229/913 1317/1230/914
f 1277/1229/913 1370/1231/915 1317/1230/914
f 1332/1232/916 1387/1233/917 1370/1231/915
f 1388/1234/918 1441/1235/919 1387/1233/917
f 1441/1236/919 1495/1237/920 1494/1238/921
f 1495/1237/920 688/1206/895 1494/1238/921
f 418/194/177 417/1239/565 434/1240/584
f 1720/1241/922 1712/1242/923 1714/1243/924
f 1737/1244/543 1728/1245/925 1730/1246/926
f 1961/1247/543 1953/1248/925 1954/1249/926
f 692/1250/927 743/1251/928 691/1252/929
f 743/1251/928 799/1253/930 798/1254/931
f 799/1253/930 853/1255/418 798/1254/931
f 853/1255/418 907/1256/932 906/1257/933
f 907/1256/932 958/1258/934 906/1257/933
f 958/1258/934 1014/1259/935 1013/1260/936
f 1013/1260/936 1067/1261/937 1066/1262/938
f 1067/1261/937 1120/1263/939 1066/1262/938
f 1121/1264/940 1173/1265/941 1120/1263/939
f 1174/1266/942 1228/1267/924 1173/1265/941
f 1228/1267/924 1281/1268/943 1280/1269/944
f 1280/1269/944 1336/1270/945 1335/1271/926
f 1335/1271/926 1391/1272/946 1390/652/544
f 1390/652/544 1445/1273/947 1444/1274/948
f 1445/1273/947 1497/1275/949 1444/1274/948
f 1497/1275/949 692/1250/927 691/1252/929
f 692/1250/927 745/1276/950 744/1277/951
f 745/1276/950 799/1253/930 744/1277/951
f 800/1278/952 854/1279/953 799/1253/930
f 854/1279/953 908/1280/954 907/1256/932
f 908/1280/954 959/1281/955 907/1256/932
f 959/1281/955 1015/1282/956 1014/1259/935
f 1014/1259/935 1068/1283/957 1067/1261/937
f 1067/1261/937 1122/1284/958 1121/1264/940
f 1121/1264/940 1175/1285/959 1174/1266/942
f 1174/1266/942 1230/1286/960 1229/1287/961
f 1230/1286/960 1281/1268/943 1229/1287/961
f 1281/1268/943 1337/1288/962 1336/1270/945
f 1337/1288/962 1391/1272/946 1336/1270/945
f 1392/1289/963 1445/1273/947 1391/1272/946
f 1445/1273/947 1499/1290/964 1498/1291/965
f 1498/1291/965 693/1292/966 692/1250/927
f 674/1293/396 745/1294/950 693/1295/966
f 727/1296/398 800/1297/952 745/1294/950
f 800/1298/952 836/1299/738 855/1300/967
f 855/1300/967 890/1301/737 908/1302/954
f 908/1302/954 957/1303/968 960/1304/969
f 957/1303/968 1015/1305/956 960/1304/969
f 1012/1306/756 1068/1307/957 1015/1308/956
f 1065/1309/746 1122/1310/958 1068/1307/957
f 1122/1310/958 1172/1311/751 1175/1312/959
f 1172/1311/751 1230/1313/960 1175/1312/959
f 1227/1314/970 1282/1315/971 1230/1316/960
f 1279/1317/972 1337/1318/962 1282/1315/971
f 1334/1319/753 1392/1320/963 1337/1318/962
f 1373/1321/741 1446/1322/973 1392/1320/963
f 1427/1323/740 1499/1324/964 1446/1325/973
f 1481/1326/735 693/1295/966 1499/1324/964
f 1936/1327/974 1933/609/514 1941/1328/561
f 1872/1329/975 1869/1330/976 1877/1331/977
f 997/987/757 961/1332/978 1017/1333/979
f 943/1334/980 909/1335/981 961/1332/978
f 1176/676/562 1106/1336/515 1123/1337/516
f 1320/981/752 1284/1338/982 1338/1339/983
f 1500/1340/984 1428/1341/985 1448/1342/986
f 1265/1343/754 1231/675/561 1284/1338/982
f 1428/1341/985 1393/1344/987 1448/1342/986
f 746/1345/988 675/1346/989 694/1347/990
f 1949/1348/982 1936/1327/974 1941/1328/561
f 1661/1349/991 1648/970/742 1653/1350/977
f 1693/1351/992 1679/978/749 1685/1352/979
f 1669/1353/981 1656/1354/736 1661/1349/991
f 1677/1355/993 1664/1356/994 1669/1353/981
f 1725/1357/995 1711/1358/996 1717/1359/561
f 1069/1360/992 1124/1361/997 1123/1337/516
f 1717/1359/561 1726/1362/998 1725/1357/995
f 962/1363/999 1017/1333/979 961/1332/978
f 910/1364/1000 961/1332/978 909/1335/981
f 1231/675/561 1285/1365/998 1284/1338/982
f 1285/1365/998 1338/1339/983 1284/1338/982
f 1685/1352/979 1694/1366/1001 1693/1351/992
f 1500/1340/984 695/1367/1002 694/1347/990
f 1645/1368/976 1654/1369/1003 1653/1350/977
f 1934/1370/1004 1941/1328/561 1933/609/514
f 1662/1371/1005 1669/1353/981 1661/1349/991
f 1653/1350/977 1662/1371/1005 1661/1349/991
f 1638/1372/1002 1645/1368/976 1637/1373/990
f 1750/1374/1006 1757/1375/1007 1749/1376/986
f 1973/1377/986 1982/1378/1008 1981/1379/984
f 1725/1357/995 1734/1380/1009 1733/1381/983
f 1501/1382/1010 747/1383/1011 695/1367/282
f 857/1384/1012 803/1385/282 747/1383/1011
f 962/1363/1013 910/1364/1014 857/1384/1012
f 1070/1386/1015 1018/1387/282 962/1363/1013
f 1177/674/1016 1124/1361/1017 1070/1386/1015
f 1285/1365/1018 1232/1388/1019 1177/674/1016
f 1394/1389/1020 1339/1390/282 1285/1365/1018
f 1501/1382/1010 1449/1391/1021 1394/1389/1020
f 531/357/310 530/801/636 537/816/647
f 2148/1392/1022 2096/1393/1023 2097/1394/1024
f 2149/27/25 2097/1395/1024 2098/25/23
f 748/1396/1025 1502/1397/1026 753/1398/1027
f 469/608/513 457/50/47 468/61/58
f 476/734/274 466/723/269 465/613/518
f 698/1399/1028 749/1400/1029 696/1401/1030
f 751/1402/1031 805/117/109 749/1400/1029
f 805/1403/109 861/1404/1032 859/660/551
f 859/660/551 913/1405/1033 911/1406/1034
f 911/1406/1034 966/1407/1035 964/1408/1036
f 966/1407/1035 1019/1409/1037 964/1408/1036
f 1021/1410/1038 1072/665/555 1019/1411/1037
f 1074/1412/1039 1125/1413/1040 1072/665/555
f 1127/1414/1041 1179/858/674 1125/1413/1040
f 1181/1415/1042 1233/1416/1043 1179/858/674
f 1235/1417/1044 1287/657/548 1233/1418/1043
f 1289/1419/1045 1340/1420/1046 1287/657/548
f 1340/1420/1046 1398/1421/1047 1396/1422/1048
f 1398/1421/1047 1450/1423/1049 1396/1422/1048
f 1450/1424/1049 1505/1425/1050 1503/129/121
f 1503/129/121 698/1399/1028 696/1401/1030
f 698/1399/1028 752/1426/1051 751/1402/1031
f 752/1426/1051 807/1427/1052 751/1402/1031
f 808/1428/1053 861/1404/1032 807/1429/1052
f 862/1430/1054 913/1405/1033 861/1404/1032
f 914/1431/1055 966/1407/1035 913/1405/1033
f 966/1407/1035 1022/1432/1056 1021/1433/1038
f 1022/1434/1056 1074/1412/1039 1021/1410/1038
f 1074/1412/1039 1128/1435/1057 1127/1414/1041
f 1127/1414/1041 1182/1436/1058 1181/1415/1042
f 1182/1436/1058 1235/1437/1044 1181/1415/1042
f 1236/1438/1059 1289/1419/1045 1235/1417/1044
f 1290/1439/1060 1342/1440/1061 1289/1419/1045
f 1343/1441/1062 1398/1421/1047 1342/1440/1061
f 1399/1442/1063 1452/1443/1064 1398/1421/1047
f 1452/1444/1064 1506/1445/1065 1505/1425/1050
f 1505/1425/1050 699/1446/1066 698/1399/1028
f 699/1446/1066 750/1447/1067 752/1426/1051
f 750/1447/1067 808/1448/1053 752/1426/1051
f 806/1449/1068 862/1430/1054 808/1428/1053
f 862/1430/1054 912/1450/1069 914/1431/1055
f 914/1431/1055 965/1451/1070 967/1452/1071
f 965/1451/1070 1022/1432/1056 967/1452/1071
f 1020/1453/1072 1075/1454/1073 1022/1434/1056
f 1073/1455/1074 1128/1435/1057 1075/1454/1073
f 1126/1456/1075 1182/1436/1058 1128/1435/1057
f 1180/1457/1076 1236/1458/1059 1182/1436/1058
f 1234/1459/1077 1290/1439/1060 1236/1438/1059
f 1288/1460/1078 1343/1441/1062 1290/1439/1060
f 1341/1461/1079 1399/1442/1063 1343/1441/1062
f 1399/1442/1063 1451/1462/1080 1453/1463/1081
f 1451/1464/1080 1506/1445/1065 1453/1465/1081
f 1504/1466/1082 699/1446/1066 1506/1445/1065
f 1396/1422/1048 1456/1467/120 1402/1468/1083
f 964/1408/1036 1026/1469/554 971/1470/1084
f 1125/1413/1040 1186/860/676 1132/1471/1085
f 918/661/552 964/1408/1036 971/1470/1084
f 1233/1418/1043 1294/659/550 1240/1472/675
f 811/1473/110 859/660/551 865/662/553
f 1079/666/556 1125/1413/1040 1132/1471/1085
f 1347/658/549 1396/1422/1048 1402/1468/1083
f 1503/129/121 702/1474/1086 1510/130/122
f 702/1474/1086 749/1400/1029 756/116/108
f 677/1475/763 750/1447/1067 697/1476/1087
f 729/997/765 806/1477/1068 750/1478/1067
f 806/1449/1068 839/1479/768 860/1480/1088
f 839/1479/768 912/1450/1069 860/1480/1088
f 912/1450/1069 944/1481/772 965/1451/1070
f 965/1482/1070 998/1005/773 1020/1483/1072
f 998/1484/773 1073/1455/1074 1020/1453/1072
f 1073/1455/1074 1107/1485/777 1126/1456/1075
f 1107/1485/777 1180/1457/1076 1126/1456/1075
f 1159/1010/778 1234/1486/1077 1180/1487/1076
f 1213/1012/780 1288/1488/1078 1234/1486/1077
f 1266/1489/782 1341/1461/1079 1288/1460/1078
f 1341/1461/1079 1376/1490/786 1397/1491/1089
f 1376/1490/786 1451/1462/1080 1397/1491/1089
f 1430/1492/788 1504/1466/1082 1451/1464/1080
f 1504/1466/1082 677/1475/763 697/1476/1087
f 1507/1493/1090 700/1494/1091 676/1495/1092
f 1344/1496/1093 1400/1497/1094 1375/1498/1095
f 554/1499/1096 549/1500/528 548/837/664
f 1454/1501/1097 1375/1498/1095 1400/1497/1094
f 968/1502/1098 1024/1503/1099 1023/1504/1100
f 700/1494/1091 753/1505/1027 676/1495/1092
f 1291/1506/1101 1345/1507/1102 1344/1496/1093
f 1184/1508/1103 1237/1509/617 1183/1510/1104
f 1237/1511/617 1292/1512/1105 1291/1506/1101
f 1130/1513/1106 1183/1510/1104 1129/690/569
f 1023/1514/1100 1077/689/568 1076/691/570
f 916/802/637 968/1502/1098 915/1515/1107
f 1454/1516/1097 1507/1493/1090 1429/1517/1108
f 809/1518/1109 838/1519/1110 783/1520/1111
f 863/1521/1112 915/1515/1107 838/1519/1110
f 753/1505/1027 809/1522/1109 783/1523/1111
f 969/804/639 1025/1524/1113 1024/1503/1099
f 1024/1525/1099 1078/1526/1114 1077/689/568
f 1400/1497/1094 1455/1527/1115 1454/1501/1097
f 1293/1528/1116 1345/1507/1102 1292/1512/1105
f 1239/1529/1117 1292/1512/1105 1238/1530/1118
f 1077/689/568 1131/1531/1119 1130/1513/1106
f 1455/1532/1115 1508/1533/1120 1454/1516/1097
f 1130/1513/1106 1185/1534/1121 1184/1508/1103
f 1346/1535/1122 1400/1497/1094 1345/1507/1102
f 810/1536/1123 863/1521/1112 809/1518/1109
f 864/1537/1124 916/802/637 863/1521/1112
f 701/1538/1125 754/1539/1126 700/1494/1091
f 1509/1540/1127 700/1494/1091 1508/1533/1120
f 755/1541/1128 809/1522/1109 754/1539/1126
f 347/1542/13 358/1543/247 348/158/147
f 1185/1534/1121 1238/1544/1118 1184/1508/1103
f 703/1545/1129 755/1541/1128 701/1538/1125
f 757/1546/1130 810/1547/1123 755/1541/1128
f 810/1536/1123 866/1548/1131 864/1537/1124
f 866/1548/1131 917/1549/1132 864/1537/1124
f 917/1549/1132 972/1550/1133 970/803/638
f 970/803/638 1027/1551/1134 1025/1524/1113
f 1025/1552/1113 1080/1553/1135 1078/1526/1114
f 1080/1553/1135 1131/1531/1119 1078/1526/1114
f 1133/1554/1136 1185/1534/1121 1131/1531/1119
f 1185/1534/1121 1241/1555/1137 1239/1556/1117
f 1239/1529/1117 1295/1557/1138 1293/1528/1116
f 1295/1557/1138 1346/1535/1122 1293/1528/1116
f 1348/1558/1139 1401/1559/1140 1346/1535/1122
f 1403/1560/1141 1455/1527/1115 1401/1559/1140
f 1455/1532/1115 1511/1561/1142 1509/1540/1127
f 1509/1540/1127 703/1545/1129 701/1538/1125
f 704/1562/1143 757/1546/1130 703/1545/1129
f 758/1563/1144 812/1564/1145 757/1546/1130
f 813/1565/1146 866/1548/1131 812/1566/1145
f 866/1548/1131 920/1567/1147 919/1568/1148
f 920/1567/1147 972/1550/1133 919/1568/1148
f 973/1569/1149 1027/1551/1134 972/1550/1133
f 1027/1570/1134 1081/1571/1150 1080/1553/1135
f 1080/1553/1135 1134/1572/1151 1133/1554/1136
f 1134/1572/1151 1187/1573/1152 1133/1554/1136
f 1188/1574/1153 1241/1555/1137 1187/1573/1152
f 1241/1575/1137 1296/1576/1154 1295/1557/1138
f 1296/1576/1154 1348/1558/1139 1295/1557/1138
f 1348/1558/1139 1404/1577/1155 1403/1560/1141
f 1404/1577/1155 1457/1578/1156 1403/1560/1141
f 1457/1579/1156 1512/1580/1157 1511/1561/1142
f 1512/1580/1157 703/1545/1129 1511/1561/1142
f 702/1474/1086 758/1563/1144 704/1562/1143
f 756/116/108 813/1581/1146 758/1563/1144
f 811/1473/110 867/1582/1158 813/1565/1146
f 867/1582/1158 918/661/552 920/1567/1147
f 918/661/552 973/1569/1149 920/1567/1147
f 971/1470/1084 1028/1583/1159 973/1569/1149
f 1026/664/554 1081/1571/1150 1028/1584/1159
f 1081/1571/1150 1132/1471/1085 1134/1572/1151
f 1134/1572/1151 1186/860/676 1188/1574/1153
f 1188/1574/1153 1240/859/675 1242/1585/1160
f 1240/1472/675 1296/1576/1154 1242/1586/1160
f 1294/659/550 1349/1587/1161 1296/1576/1154
f 1349/1587/1161 1402/1468/1083 1404/1577/1155
f 1402/1468/1083 1458/1588/1162 1404/1577/1155
f 1458/1589/1162 1510/130/122 1512/1580/1157
f 1512/1580/1157 702/1474/1086 704/1562/1143
f 705/1590/1163 761/1591/1164 759/1592/1165
f 761/1591/1164 814/1593/1166 759/1592/1165
f 814/1594/1166 870/1595/1167 868/1596/1168
f 870/1595/1167 921/1597/1169 868/1596/1168
f 921/1597/1169 976/1598/1170 974/1599/1171
f 974/1599/1171 1031/1600/1172 1029/1601/1173
f 1029/1602/1173 1084/1603/1174 1082/1604/1175
f 1084/1603/1174 1135/1605/1176 1082/1604/1175
f 1135/1605/1176 1191/1606/1177 1189/1607/1178
f 1189/1607/1178 1245/1608/1179 1243/1609/1180
f 1245/1610/1179 1297/1611/1181 1243/1612/1180
f 1299/1613/1182 1350/1614/1183 1297/1611/1181
f 1350/1614/1183 1407/1615/1184 1405/1616/1185
f 1405/1616/1185 1461/1617/1186 1459/1618/1187
f 1459/1619/1187 1515/1620/1188 1513/1621/1189
f 1515/1620/1188 705/1590/1163 1513/1621/1189
f 707/1622/1190 762/1623/1191 761/1591/1164
f 762/1623/1191 816/1624/1192 761/1591/1164
f 817/1625/1193 870/1595/1167 816/1626/1192
f 871/1627/1194 923/1628/1195 870/1595/1167
f 924/1629/1196 976/1598/1170 923/1628/1195
f 977/1630/1197 1031/1600/1172 976/1598/1170
f 1031/1631/1172 1085/1632/1198 1084/1603/1174
f 1085/1632/1198 1137/1633/1199 1084/1603/1174
f 1138/1634/1200 1191/1606/1177 1137/1633/1199
f 1191/1606/1177 1246/1635/1201 1245/1608/1179
f 1246/1636/1201 1299/1613/1182 1245/1610/1179
f 1300/1637/1202 1352/1638/1203 1299/1613/1182
f 1353/1639/1204 1407/1615/1184 1352/1638/1203
f 1407/1615/1184 1462/1640/1205 1461/1617/1186
f 1461/1641/1186 1516/1642/1206 1515/1620/1188
f 1515/1620/1188 708/1643/1207 707/1622/1190
f 709/1644/1208 762/1645/1191 708/1646/1207
f 762/1645/1191 818/1647/1209 817/1648/1193
f 817/1648/1193 872/1649/1210 871/1650/1194
f 871/1650/1194 925/1651/1211 924/1652/1196
f 925/1651/1211 977/1653/1197 924/1652/1196
f 978/1654/1212 1032/1655/1213 977/1653/1197
f 1033/1656/1214 1085/1657/1198 1032/1655/1213
f 1086/1658/1215 1138/1659/1200 1085/1657/1198
f 1139/1660/1216 1192/1661/1217 1138/1659/1200
f 1192/1661/1217 1247/1662/1218 1246/1663/1201
f 1246/1663/1201 1301/1664/1219 1300/1665/1202
f 1300/1665/1202 1354/1666/1220 1353/1667/1204
f 1354/1666/1220 1408/1668/1221 1353/1667/1204
f 1408/1668/1221 1463/1669/1222 1462/1670/1205
f 1463/1669/1222 1516/1671/1206 1462/1670/1205
f 1517/1672/1223 708/1646/1207 1516/1671/1206
f 706/32/30 763/1673/1224 709/1644/1208
f 760/1674/1225 818/1647/1209 763/1673/1224
f 815/1675/1226 872/1649/1210 818/1647/1209
f 872/1649/1210 922/1676/1227 925/1651/1211
f 922/1676/1227 978/1654/1212 925/1651/1211
f 975/1677/1228 1033/1656/1214 978/1654/1212
f 1033/1656/1214 1083/830/659 1086/1658/1215
f 1086/1658/1215 1136/1678/1229 1139/1660/1216
f 1136/1678/1229 1193/1679/1230 1139/1660/1216
f 1190/1680/1231 1247/1662/1218 1193/1679/1230
f 1244/1681/1232 1301/1664/1219 1247/1662/1218
f 1298/1682/1233 1354/1666/1220 1301/1664/1219
f 1351/1683/1234 1409/1684/1235 1354/1666/1220
f 1409/1684/1235 1460/1685/1236 1463/1669/1222
f 1463/1669/1222 1514/33/31 1517/1672/1223
f 1517/1672/1223 706/32/30 709/1644/1208
f 705/1590/1163 737/1686/1237 685/1687/1238
f 759/1592/1165 792/1688/1239 737/1686/1237
f 868/1596/1168 792/1689/1239 814/1594/1166
f 921/1597/1169 847/1690/1240 868/1596/1168
f 974/1599/1171 900/1691/1241 921/1597/1169
f 974/1599/1171 1006/1692/1242 952/1693/1243
f 1082/1604/1175 1006/1694/1242 1029/1602/1173
f 1135/1605/1176 1060/1695/1244 1082/1604/1175
f 1189/1607/1178 1115/1696/1245 1135/1605/1176
f 1189/1607/1178 1221/1697/1246 1167/1698/1247
f 1243/1612/1180 1274/1699/1248 1221/1700/1246
f 1350/1614/1183 1274/1699/1248 1297/1611/1181
f 1405/1616/1185 1329/1701/1249 1350/1614/1183
f 1459/1618/1187 1384/1702/1250 1405/1616/1185
f 1513/1621/1189 1438/1703/1251 1459/1619/1187
f 705/1590/1163 1491/1704/1252 1513/1621/1189
f 317/1705/494 305/1706/320 306/538/466
f 67/103/96 55/102/95 56/420/365
f 650/930/722 661/939/727 651/312/275
f 712/1707/1253 764/1708/1254 710/1709/1255
f 766/1710/1256 819/1711/1257 764/1708/1254
f 821/1712/1258 873/1713/1259 819/1714/1257
f 875/1715/1260 926/1716/1261 873/1713/1259
f 926/1716/1261 981/1717/1262 979/1718/1263
f 979/1718/1263 1036/1719/1264 1034/1720/1265
f 1036/1721/1264 1087/1722/1266 1034/1723/1265
f 1087/1722/1266 1142/1724/1267 1140/1725/1268
f 1140/1725/1268 1196/1726/1269 1194/1727/1270
f 1196/1726/1269 1248/1728/1271 1194/1727/1270
f 1250/1729/1272 1302/1730/1273 1248/1731/1271
f 1302/1730/1273 1357/1732/1274 1355/1733/1275
f 1355/1733/1275 1412/1734/1276 1410/1735/1277
f 1410/1735/1277 1466/1736/1278 1464/1737/1279
f 1466/1738/1278 1518/1739/1280 1464/1740/1279
f 1520/1741/1281 710/1709/1255 1518/1739/1280
f 712/1707/1253 767/1742/1282 766/1710/1256
f 767/1742/1282 821/1743/1258 766/1710/1256
f 822/1744/1283 875/1715/1260 821/1712/1258
f 875/1715/1260 929/1745/1284 928/1746/1285
f 928/1746/1285 982/1747/1286 981/1717/1262
f 982/1747/1286 1036/1719/1264 981/1717/1262
f 1037/1748/1287 1089/1749/1288 1036/1721/1264
f 1090/1750/1289 1142/1724/1267 1089/1749/1288
f 1142/1724/1267 1197/1751/1290 1196/1726/1269
f 1197/1751/1290 1250/1752/1272 1196/1726/1269
f 1250/1729/1272 1305/1753/1291 1304/1754/1292
f 1305/1753/1291 1357/1732/1274 1304/1754/1292
f 1357/1732/1274 1413/1755/1293 1412/1734/1276
f 1413/1755/1293 1466/1736/1278 1412/1734/1276
f 1466/1738/1278 1521/1756/1294 1520/1741/1281
f 1521/1756/1294 712/1707/1253 1520/1741/1281
f 714/1757/1295 767/1742/1282 713/1758/1296
f 768/1759/1297 822/1760/1283 767/1742/1282
f 822/1744/1283 877/1761/1298 876/1762/1299
f 876/1762/1299 930/1763/1300 929/1745/1284
f 930/1763/1300 982/1747/1286 929/1745/1284
f 982/1747/1286 1038/1764/1301 1037/1765/1287
f 1038/1766/1301 1090/1750/1289 1037/1748/1287
f 1090/1750/1289 1144/1767/1302 1143/1768/1303
f 1143/1768/1303 1198/1769/1304 1197/1751/1290
f 1198/1769/1304 1251/1770/1305 1197/1751/1290
f 1252/1771/1306 1305/1753/1291 1251/1772/1305
f 1305/1753/1291 1359/1773/1307 1358/1774/1308
f 1359/1773/1307 1413/1755/1293 1358/1774/1308
f 1414/1775/1309 1467/1776/1310 1413/1755/1293
f 1468/1777/1311 1521/1756/1294 1467/1778/1310
f 1522/1779/1312 713/1758/1296 1521/1756/1294
f 714/1757/1295 765/1780/1313 768/1759/1297
f 768/1759/1297 820/1781/1314 823/1782/1315
f 823/1783/1315 874/1784/1316 877/1761/1298
f 874/1784/1316 930/1763/1300 877/1761/1298
f 927/1785/1317 983/1786/1318 930/1763/1300
f 980/1787/1319 1038/1764/1301 983/1786/1318
f 1038/1766/1301 1088/1788/1320 1091/1789/1321
f 1088/1788/1320 1144/1767/1302 1091/1789/1321
f 1144/1767/1302 1195/1790/1322 1198/1769/1304
f 1198/1769/1304 1249/1791/1323 1252/1792/1306
f 1249/1793/1323 1306/1794/1324 1252/1771/1306
f 1303/1795/1325 1359/1773/1307 1306/1794/1324
f 1356/1796/1326 1414/1775/1309 1359/1773/1307
f 1411/1797/1327 1468/1798/1311 1414/1775/1309
f 1468/1777/1311 1519/1799/1328 1522/1779/1312
f 1519/1799/1328 714/1757/1295 1522/1779/1312
f 710/1709/1255 734/1800/1329 682/1801/1330
f 819/1711/1257 734/1800/1329 764/1708/1254
f 873/1713/1259 789/1802/1331 819/1714/1257
f 926/1716/1261 844/1082/1332 873/1713/1259
f 979/1718/1263 897/1085/1333 926/1716/1261
f 1034/1720/1265 949/1803/1334 979/1718/1263
f 1087/1722/1266 1003/1804/1335 1034/1723/1265
f 1087/1722/1266 1112/1805/1336 1057/1092/1337
f 1140/1725/1268 1164/1806/1338 1112/1805/1336
f 1248/1728/1271 1164/1806/1338 1194/1727/1270
f 1302/1730/1273 1218/1807/1339 1248/1731/1271
f 1355/1733/1275 1271/1808/1340 1302/1730/1273
f 1410/1735/1277 1326/1103/1341 1355/1733/1275
f 1464/1737/1279 1381/1809/1342 1410/1735/1277
f 1464/1740/1279 1488/1111/1343 1435/1810/1344
f 710/1709/1255 1488/1111/1343 1518/1739/1280
f 711/1811/1345 735/1116/1346 765/1780/1313
f 735/1116/1346 820/1781/1314 765/1780/1313
f 790/1118/1347 874/1784/1316 820/1812/1314
f 845/1120/1348 927/1785/1317 874/1784/1316
f 898/1121/1349 980/1787/1319 927/1785/1317
f 950/1123/1350 1035/1813/1351 980/1787/1319
f 1004/1128/1352 1088/1788/1320 1035/1814/1351
f 1088/1788/1320 1113/1130/1353 1141/1815/1354
f 1141/1815/1354 1165/1132/1355 1195/1790/1322
f 1165/1132/1355 1249/1791/1323 1195/1790/1322
f 1219/1137/1356 1303/1795/1325 1249/1793/1323
f 1303/1795/1325 1327/1139/1357 1356/1796/1326
f 1327/1139/1357 1411/1797/1327 1356/1796/1326
f 1382/1141/1358 1465/1816/1359 1411/1797/1327
f 1436/1145/1360 1519/1799/1328 1465/1817/1359
f 1489/1144/1361 711/1811/1345 1519/1799/1328
f 717/1818/1362 769/1819/1363 715/1820/1364
f 769/1821/1363 826/1822/1365 824/1823/1366
f 824/1824/1366 880/1825/1367 878/1826/1368
f 880/1825/1367 931/1827/1369 878/1826/1368
f 931/1827/1369 986/1828/1370 984/1829/1371
f 984/1830/1371 1041/1831/1372 1039/1832/1373
f 1039/1833/1373 1094/1834/1374 1092/1835/1375
f 1092/1835/1375 1147/1836/1376 1145/1837/1377
f 1147/1836/1376 1199/1838/1378 1145/1837/1377
f 1201/1839/1379 1253/1840/1380 1199/1841/1378
f 1253/1840/1380 1309/1842/1381 1307/1843/1382
f 1309/1844/1381 1360/1845/1383 1307/1846/1382
f 1360/1845/1383 1417/1847/1384 1415/1848/1385
f 1417/1847/1384 1469/1849/1386 1415/1848/1385
f 1471/1850/1387 1523/1851/1388 1469/1852/1386
f 1523/1851/1388 717/1818/1362 715/1820/1364
f 718/1853/1389 771/1854/1390 717/1818/1362
f 772/1855/1391 826/1856/1365 771/1854/1390
f 827/1857/1392 880/1825/1367 826/1858/1365
f 881/1859/1393 933/1860/1394 880/1825/1367
f 933/1860/1394 987/1861/1395 986/1828/1370
f 987/1861/1395 1041/1862/1372 986/1828/1370
f 1041/1863/1372 1095/1864/1396 1094/1834/1374
f 1094/1834/1374 1148/1865/1397 1147/1836/1376
f 1148/1865/1397 1201/1866/1379 1147/1836/1376
f 1202/1867/1398 1255/1868/1399 1201/1866/1379
f 1256/1869/1400 1309/1844/1381 1255/1870/1399
f 1309/1844/1381 1363/1871/1401 1362/1872/1402
f 1362/1872/1402 1418/1873/1403 1417/1847/1384
f 1417/1847/1384 1472/1874/1404 1471/1875/1387
f 1471/1850/1387 1526/1876/1405 1525/1877/1406
f 1525/1877/1406 718/1853/1389 717/1818/1362
f 718/1853/1389 770/1878/1407 772/1855/1391
f 772/1855/1391 825/1879/1408 827/1880/1392
f 827/1857/1392 879/1881/1409 881/1859/1393
f 879/1881/1409 934/1882/1410 881/1859/1393
f 932/1883/1411 987/1861/1395 934/1882/1410
f 985/1884/1412 1042/1885/1413 987/1861/1395
f 1040/1886/1414 1095/1864/1396 1042/1887/1413
f 1095/1864/1396 1146/1888/1415 1148/1865/1397
f 1146/1888/1415 1202/1867/1398 1148/1865/1397
f 1202/1867/1398 1254/1889/1416 1256/1890/1400
f 1256/1869/1400 1308/1891/1417 1310/1892/1418
f 1308/1891/1417 1363/1871/1401 1310/1892/1418
f 1363/1871/1401 1416/1893/1419 1418/1873/1403
f 1418/1873/1403 1470/1894/1420 1472/1874/1404
f 1470/1895/1420 1526/1876/1405 1472/1896/1404
f 1524/1897/1421 718/1853/1389 1526/1876/1405
f 715/1898/1364 732/1899/1422 680/1900/1423
f 769/1821/1363 787/1901/1424 732/1899/1422
f 824/1823/1366 842/1902/1425 787/1901/1424
f 931/1903/1369 842/1902/1425 878/1904/1368
f 931/1903/1369 947/1905/1426 895/1906/1427
f 984/1830/1371 1001/1907/1428 947/1905/1426
f 1039/1832/1373 1055/1908/1429 1001/1907/1428
f 1145/1909/1377 1055/1908/1429 1092/1910/1375
f 1145/1909/1377 1162/1911/1430 1110/1912/1431
f 1199/1841/1378 1216/1913/1432 1162/1911/1430
f 1253/1840/1380 1269/1914/1433 1216/1913/1432
f 1307/1843/1382 1324/1915/1434 1269/1914/1433
f 1415/1916/1385 1324/1915/1434 1360/1917/1383
f 1415/1916/1385 1433/1918/1435 1379/1919/1436
f 1523/1920/1388 1433/1918/1435 1469/1921/1386
f 715/1898/1364 1486/1922/1437 1523/1920/1388
f 681/1112/1438 770/1878/1407 716/1923/1439
f 733/1924/1440 825/1879/1408 770/1878/1407
f 788/1925/1441 879/1881/1409 825/1926/1408
f 843/1084/1442 932/1883/1411 879/1881/1409
f 932/1883/1411 948/1086/1443 985/1884/1412
f 948/1086/1443 1040/1927/1414 985/1884/1412
f 1002/1928/1444 1093/1929/1445 1040/1886/1414
f 1056/1094/1446 1146/1888/1415 1093/1929/1445
f 1111/1093/1447 1200/1930/1448 1146/1888/1415
f 1163/1931/1449 1254/1889/1416 1200/1930/1448
f 1254/1932/1416 1270/1102/1450 1308/1891/1417
f 1270/1102/1450 1361/1933/1451 1308/1891/1417
f 1325/1104/1452 1416/1893/1419 1361/1933/1451
f 1380/1105/1453 1470/1894/1420 1416/1893/1419
f 1434/1934/1454 1524/1897/1421 1470/1895/1420
f 1487/1113/1455 716/1923/1439 1524/1897/1421
f 829/1935/1456 887/226/203 833/1936/1457
f 1424/1937/1458 1474/1938/1459 1478/1939/1460
f 1474/1938/1459 1532/1940/1461 1478/1939/1460
f 724/1941/1462 774/1942/1463 778/1943/1464
f 1365/1944/1465 1424/1937/1458 1369/1945/1466
f 1258/1946/1467 1316/1947/1468 1262/1948/1469
f 324/1949/1470 313/641/536 314/552/478
f 1154/1950/1471 1204/1951/1472 1208/1952/1473
f 1312/1953/1474 1369/1945/1466 1316/1947/1468
f 1528/1954/1475 724/1941/1462 1532/1940/1461
f 1044/1955/1476 1101/1956/1477 1048/1957/1478
f 993/773/620 1044/1955/1476 1048/1957/1478
f 1204/1951/1472 1262/1948/1469 1208/1952/1473
f 778/1943/1464 829/1935/1456 833/1936/1457
f 1097/1958/1479 1154/1950/1471 1101/1956/1477
f 720/1959/1480 775/1960/1481 774/1961/1482
f 774/1961/1482 830/1962/1483 829/1963/1483
f 830/1964/1483 883/1965/1484 829/1966/1483
f 884/1967/1484 936/1968/1485 883/1969/1484
f 936/1968/1485 990/1970/1486 989/1971/1487
f 990/1970/1486 1044/1972/1488 989/1971/1487
f 1045/1973/1488 1097/1974/1489 1044/1975/1488
f 1098/1976/1489 1150/1977/1490 1097/1974/1489
f 1150/1977/1490 1205/1978/1491 1204/1979/1491
f 1204/1979/1491 1259/1980/1492 1258/1981/1492
f 1258/1982/1492 1313/1983/1493 1312/1984/1493
f 1313/1983/1493 1365/1985/1494 1312/1984/1493
f 1366/1986/1494 1420/1987/1495 1365/1985/1494
f 1420/1987/1495 1475/1988/1496 1474/1989/1496
f 1474/1990/1496 1529/1991/1497 1528/1992/1498
f 1528/1992/1498 721/1993/1480 720/1959/1480
f 719/1994/1499 775/1995/1500 721/1996/1501
f 773/1997/1502 830/1998/1503 775/1995/1500
f 828/1999/1504 884/2000/1505 830/1998/1503
f 882/2001/1506 937/2002/1507 884/2000/1505
f 935/2003/1508 990/2004/1509 937/2002/1507
f 988/2005/1510 1045/2006/1511 990/2004/1509
f 1043/2007/1512 1098/2008/1513 1045/2006/1511
f 1096/2009/1514 1151/2010/1515 1098/2008/1513
f 1151/2010/1515 1203/2011/1516 1205/2012/1517
f 1203/2011/1516 1259/2013/1518 1205/2012/1517
f 1257/2014/1519 1313/2015/1520 1259/2013/1518
f 1311/2016/1521 1366/2017/1522 1313/2015/1520
f 1364/2018/1523 1421/2019/1524 1366/2017/1522
f 1419/2020/1525 1475/2021/1526 1421/2019/1524
f 1473/2022/1527 1529/2023/1528 1475/2021/1526
f 1527/2024/1529 721/1996/1501 1529/2023/1528
f 723/2025/1530 776/2026/1531 722/2027/1532
f 776/2026/1531 832/2028/1533 831/2029/1534
f 832/2030/1533 885/2031/1535 831/2032/1534
f 886/2033/1536 938/2034/1537 885/2035/1535
f 938/2034/1537 992/2036/1538 991/2037/1539
f 991/2037/1539 1047/2038/1540 1046/2039/1541
f 1047/2040/1540 1099/2041/1542 1046/2042/1541
f 1100/2043/1543 1152/2044/1544 1099/2041/1542
f 1152/2044/1544 1207/2045/1545 1206/2046/1546
f 1207/2045/1545 1260/2047/1547 1206/2046/1546
f 1261/2048/1548 1314/2049/1549 1260/2050/1547
f 1314/2049/1549 1368/2051/1550 1367/2052/1551
f 1367/2052/1551 1423/2053/1552 1422/2054/1553
f 1422/2054/1553 1477/2055/1554 1476/2056/1555
f 1476/2057/1555 1531/2058/1556 1530/2059/1557
f 1530/2059/1557 723/2025/1530 722/2027/1532
f 724/2060/1462 777/2061/1558 723/2025/1530
f 778/2062/1464 832/2028/1533 777/2061/1558
f 833/2063/1457 886/2064/1536 832/2030/1533
f 887/2065/203 939/2066/1559 886/2033/1536
f 940/2067/205 992/2036/1538 939/2066/1559
f 993/2068/620 1047/2038/1540 992/2036/1538
f 1047/2040/1540 1101/2069/1477 1100/2043/1543
f 1100/2043/1543 1154/2070/1471 1153/2071/1560
f 1154/2070/1471 1207/2045/1545 1153/2071/1560
f 1208/2072/1473 1261/2073/1548 1207/2045/1545
f 1262/2074/1469 1315/2075/1561 1261/2048/1548
f 1316/2076/1468 1368/2051/1550 1315/2075/1561
f 1368/2051/1550 1424/2077/1458 1423/2053/1552
f 1423/2053/1552 1478/2078/1460 1477/2055/1554
f 1477/2079/1554 1532/2080/1461 1531/2058/1556
f 1532/2080/1461 723/2025/1530 1531/2058/1556
f 722/2027/1532 739/2081/1562 687/2082/1563
f 776/2026/1531 794/2083/1564 739/2081/1562
f 885/2031/1535 794/2084/1564 831/2032/1534
f 885/2035/1535 902/2085/1565 849/2086/1566
f 991/2037/1539 902/2085/1565 938/2034/1537
f 1046/2039/1541 954/2087/1567 991/2037/1539
f 1046/2042/1541 1062/2088/1568 1008/2089/1569
f 1099/2041/1542 1117/2090/1570 1062/2088/1568
f 1206/2046/1546 1117/2090/1570 1152/2044/1544
f 1206/2046/1546 1223/2091/1571 1169/2092/1572
f 1260/2050/1547 1276/2093/1573 1223/2094/1571
f 1367/2052/1551 1276/2093/1573 1314/2049/1549
f 1422/2054/1553 1331/2095/1574 1367/2052/1551
f 1476/2056/1555 1386/2096/1575 1422/2054/1553
f 1530/2059/1557 1440/2097/1576 1476/2057/1555
f 1530/2059/1557 687/2082/1563 1493/2098/1577
f 688/2099/895 780/2100/1578 726/2101/1579
f 740/2102/897 835/2103/1580 780/2100/1578
f 795/2104/899 889/2105/1581 835/2103/1580
f 903/2106/902 889/2105/1581 850/2107/901
f 994/2108/904 942/2109/1582 903/2106/902
f 994/2108/904 1050/2110/1583 996/2111/1584
f 1102/2112/907 1050/2110/1583 1009/2113/905
f 1155/2114/908 1104/2115/1585 1102/2112/907
f 1155/2114/908 1211/2116/1586 1157/2117/1587
f 1209/2118/910 1264/2119/1588 1211/2116/1586
f 1317/2120/914 1264/2119/1588 1224/2121/912
f 1317/2120/914 1372/2122/1589 1319/2123/1590
f 1370/2124/915 1426/238/215 1372/2122/1589
f 1441/2125/919 1426/238/215 1387/2126/917
f 1494/2127/921 1480/239/216 1441/2125/919
f 1494/2127/921 726/2101/1579 1534/2128/1591
f 834/2129/1592 780/2100/1578 835/2103/1580
f 1264/2119/1588 1210/2130/1593 1211/2116/1586
f 1050/2110/1583 995/2131/1594 996/2111/1584
f 1426/238/215 1371/2132/1595 1372/2122/1589
f 1156/2133/1596 1104/2115/1585 1157/2117/1587
f 1318/2134/1597 1264/2119/1588 1319/2123/1590
f 941/2135/1598 889/2105/1581 942/2109/1582
f 725/2136/1599 1534/2128/1591 726/2101/1579
f 1372/2122/1589 1318/2134/1597 1319/2123/1590
f 996/2111/1584 941/2135/1598 942/2109/1582
f 1103/2137/1600 1050/2110/1583 1104/2115/1585
f 1533/2138/1601 1480/239/216 1534/2128/1591
f 889/2105/1581 834/2129/1592 835/2103/1580
f 1210/2130/1593 1157/2117/1587 1211/2116/1586
f 779/2139/1602 726/2101/1579 780/2100/1578
f 725/2140/1603 773/1997/1502 719/1994/1499
f 779/2141/1604 828/1999/1504 773/1997/1502
f 834/2142/1605 882/2001/1506 828/1999/1504
f 888/2143/1606 935/2003/1508 882/2001/1506
f 941/2144/1607 988/2005/1510 935/2003/1508
f 995/2145/1608 1043/2007/1512 988/2005/1510
f 1049/2146/1609 1096/2009/1514 1043/2007/1512
f 1103/2147/1610 1149/2148/1611 1096/2009/1514
f 1156/2149/1612 1203/2011/1516 1149/2148/1611
f 1210/2150/1613 1257/2014/1519 1203/2011/1516
f 1263/2151/1614 1311/2016/1521 1257/2014/1519
f 1318/2152/1615 1364/2018/1523 1311/2016/1521
f 1371/2153/1616 1419/2020/1525 1364/2018/1523
f 1425/2154/1617 1473/2022/1527 1419/2020/1525
f 1479/2155/1618 1527/2024/1529 1473/2022/1527
f 1533/2156/1619 719/1994/1499 1527/2024/1529
f 852/2157/1620 1537/2158/1621 797/2159/1621
f 1443/650/1622 1548/2160/1623 1389/651/1623
f 1171/2161/1624 1545/2162/1625 1544/2163/1624
f 956/2164/1626 1541/2165/1627 1540/2166/1626
f 797/2159/1621 1536/2167/1628 742/2168/1628
f 1333/2169/1629 1548/2170/1623 1547/2171/1629
f 1171/2161/1624 1543/2172/1630 1119/2173/1630
f 956/2164/1626 1539/2174/1631 905/2175/1631
f 690/2176/1632 1550/2177/1633 1496/2178/1633
f 690/2179/1632 1536/2167/1628 1535/2180/1632
f 1278/2181/1634 1547/2182/1629 1546/2183/1634
f 1119/2184/1630 1542/2185/1635 1064/2186/1635
f 852/2187/1620 1539/2188/1631 1538/2189/1620
f 1443/650/1622 1550/2190/1633 1549/2191/1622
f 1278/2181/1634 1545/2162/1625 1226/2192/1625
f 1011/2193/1627 1542/2194/1635 1541/2165/1627
f 1548/2195/1636 1565/2196/1637 1564/2197/1638
f 1541/2198/1639 1558/2199/1640 1557/2200/1641
f 1550/2201/1642 1565/2202/1637 1549/2203/1643
f 1543/2204/1644 1558/2199/1640 1542/2205/1645
f 1536/2206/1646 1551/2207/1647 1535/2208/1648
f 1550/2201/1642 1551/2207/1647 1566/2209/1649
f 1543/2204/1644 1560/2210/1650 1559/2211/1651
f 1536/2206/1646 1553/2212/1652 1552/2213/1653
f 1545/2214/1654 1560/2210/1650 1544/2215/1655
f 1537/2216/1656 1554/2217/1657 1553/2218/1652
f 1546/2219/1658 1561/2220/1659 1545/2221/1654
f 1539/2222/1660 1554/2217/1657 1538/2223/1661
f 1547/2224/1662 1562/2225/1663 1546/2219/1658
f 1540/2226/1664 1555/2227/1665 1539/2222/1660
f 1548/2195/1636 1563/2228/1666 1547/2224/1662
f 1541/2229/1639 1556/2230/1667 1540/2226/1664
f 1793/2231/1668 1792/2232/1669 1814/2233/1670
f 1552/2213/1653 1584/2234/1671 1551/2207/1647
f 1602/2235/1672 1573/2236/1673 1572/2237/1674
f 1553/2212/1652 1586/2238/1675 1552/2213/1653
f 1560/2239/1650 1613/2240/1676 1610/2241/1677
f 1553/2218/1652 1592/2242/1678 1589/2243/1679
f 1561/2220/1659 1616/2244/1680 1613/2245/1676
f 1555/2227/1665 1592/2242/1678 1554/2217/1657
f 1562/2225/1663 1619/2246/1681 1616/2244/1680
f 1556/2230/1667 1595/2247/1682 1555/2227/1665
f 1564/2197/1638 1619/2246/1681 1563/2228/1666
f 1557/2248/1641 1598/2249/1683 1556/2230/1667
f 1564/2197/1638 1625/2250/1684 1622/2251/1685
f 1558/2199/1640 1601/2252/1686 1557/2200/1641
f 1565/2202/1637 1628/2253/1687 1625/2254/1684
f 1558/2199/1640 1607/2255/1688 1604/2256/1689
f 1566/2209/1649 1584/2234/1671 1628/2253/1687
f 1560/2210/1650 1607/2255/1688 1559/2211/1651
f 1587/2257/1690 1585/2258/1691 1588/2259/1692
f 1588/2260/1693 1584/2234/1671 1586/2238/1675
f 1587/2257/1690 1591/2261/1694 1590/2262/1670
f 1588/2260/1693 1589/2263/1679 1591/2264/1695
f 1590/2262/1670 1594/2265/1696 1593/2266/1697
f 1591/2267/1695 1592/2242/1678 1594/2268/1698
f 1593/2266/1697 1597/2269/1699 1596/2270/1700
f 1597/2271/1701 1592/2242/1678 1595/2247/1682
f 1596/2270/1700 1600/2272/1702 1599/2273/1703
f 1597/2271/1701 1598/2249/1683 1600/2274/1704
f 1599/2273/1703 1603/2275/1705 1602/2235/1672
f 1600/2274/1704 1601/2276/1686 1603/2277/1706
f 1602/2235/1672 1606/2278/1707 1605/2279/1708
f 1603/2280/1706 1604/2256/1689 1606/2281/1709
f 1605/2279/1708 1609/2282/1710 1608/2283/1711
f 1606/2281/1709 1607/2255/1688 1609/2284/1712
f 1608/2283/1711 1612/2285/1713 1611/2286/1714
f 1612/2287/1715 1607/2255/1688 1610/2288/1677
f 1614/2289/1716 1612/2285/1713 1615/2290/1717
f 1612/2287/1715 1613/2291/1676 1615/2292/1718
f 1617/2293/1719 1615/2290/1717 1618/2294/1720
f 1615/2295/1718 1616/2244/1680 1618/2296/1721
f 1617/2293/1719 1621/2297/1722 1620/758/613
f 1618/2296/1721 1619/2246/1681 1621/2298/1723
f 1623/2299/1724 1621/2297/1722 1624/2300/1725
f 1624/2301/1726 1619/2246/1681 1622/2251/1685
f 1626/2302/1727 1624/2300/1725 1627/2303/1728
f 1624/2301/1726 1625/2250/1684 1627/2304/1729
f 1626/2302/1727 1630/2305/1730 1629/2306/1731
f 1627/2307/1729 1628/2253/1687 1630/2308/1732
f 1629/2306/1731 1585/2258/1691 1583/2309/1733
f 1630/2308/1732 1584/2234/1671 1585/2310/1734
f 1752/2311/734 1631/454/396 1751/2312/735
f 1656/1354/736 1663/992/737 1655/971/738
f 1872/1329/975 1879/2313/738 1871/2314/743
f 1744/2315/1735 1751/2312/735 1743/2316/740
f 1863/2317/398 1872/1329/975 1871/2314/743
f 1927/2318/750 1935/2319/1736 1929/706/582
f 1711/1358/996 1705/2320/1737 1703/2321/1738
f 943/1334/980 1012/986/756 957/2322/968
f 1320/981/752 1279/2323/972 1265/1343/754
f 1695/988/758 1705/2320/1737 1697/2324/1739
f 1212/2325/996 1172/980/751 1158/979/750
f 1265/1343/754 1227/2326/970 1212/2325/996
f 890/965/737 943/1334/980 957/2322/968
f 782/2327/975 836/966/738 781/2328/743
f 1880/2329/736 1887/2330/737 1879/2313/738
f 1855/2331/396 1864/2332/397 1863/2317/398
f 1696/2333/1740 1688/2334/1741 1690/2335/938
f 1641/2336/1742 1633/2337/1743 1634/2338/929
f 1905/2339/1744 1897/2340/1745 1898/2341/934
f 1278/2181/922 1226/2192/923 1228/1267/924
f 1013/1260/936 1011/2193/1744 956/2164/1745
f 742/2168/1742 690/2179/1743 691/1252/929
f 1634/2338/929 1643/2342/951 1642/2343/928
f 1642/2343/928 1651/2344/930 1650/2345/931
f 1651/2344/930 1658/2346/418 1650/2345/931
f 1658/2346/418 1667/2347/932 1666/2348/933
f 1667/2347/932 1674/2349/934 1666/2348/933
f 1675/2350/955 1682/2351/936 1674/2349/934
f 1683/2352/935 1690/2335/938 1682/2351/936
f 1690/2335/938 1699/2353/940 1698/2354/939
f 1699/2353/940 1706/2355/941 1698/2354/939
f 1707/2356/942 1714/1243/924 1706/2355/941
f 1714/1243/924 1723/2357/943 1722/2358/944
f 1722/2358/944 1731/2359/945 1730/1246/926
f 1730/1246/926 1739/2360/946 1738/2361/544
f 1738/2361/544 1747/2362/947 1746/2363/948
f 1747/2362/947 1754/2364/949 1746/2363/948
f 1755/2365/965 1634/2338/929 1754/2364/949
f 1636/2366/966 1643/2342/951 1635/2367/927
f 1643/2342/951 1652/2368/952 1651/2344/930
f 1652/2368/952 1659/2369/953 1651/2344/930
f 1659/2369/953 1668/2370/954 1667/2347/932
f 1667/2347/932 1676/2371/1746 1675/2350/955
f 1675/2350/955 1684/2372/956 1683/2352/935
f 1684/2372/956 1691/2373/937 1683/2352/935
f 1692/2374/957 1699/2353/940 1691/2373/937
f 1699/2353/940 1708/2375/1747 1707/2356/942
f 1707/2356/942 1716/2376/960 1715/2377/961
f 1716/2376/960 1723/2357/943 1715/2377/961
f 1724/2378/971 1731/2359/945 1723/2357/943
f 1732/2379/962 1739/2360/946 1731/2359/945
f 1740/2380/963 1747/2362/947 1739/2360/946
f 1747/2362/947 1756/2381/1748 1755/2365/965
f 1755/2365/965 1636/2366/966 1635/2367/927
f 1631/2382/396 1644/2383/950 1636/2384/966
f 1639/2385/398 1652/2386/952 1644/2383/950
f 1647/2387/743 1660/2388/967 1652/2389/952
f 1655/2390/738 1668/2391/954 1660/2388/967
f 1663/2392/737 1676/2393/1746 1668/2391/954
f 1676/2393/1746 1681/2394/748 1684/2395/956
f 1684/2396/956 1689/2397/759 1692/2398/957
f 1692/2398/957 1697/2399/1739 1700/2400/1749
f 1697/2399/1739 1708/2401/1747 1700/2400/1749
f 1705/2402/1737 1716/2403/960 1708/2401/1747
f 1713/2404/1750 1724/2405/971 1716/2406/960
f 1721/2407/755 1732/2408/962 1724/2405/971
f 1729/2409/753 1740/2410/963 1732/2408/962
f 1735/2411/741 1748/2412/973 1740/2410/963
f 1743/2413/740 1756/2414/1748 1748/2415/973
f 1751/2416/735 1636/2384/966 1756/2414/1748
f 1711/1358/996 1709/2417/514 1717/1359/561
f 1752/2311/734 1749/1376/986 1757/1375/1007
f 1741/2418/1751 1727/2419/752 1733/1381/983
f 1957/2420/983 1944/2421/1752 1949/1348/982
f 1685/1352/979 1672/993/761 1677/1355/993
f 1869/1330/976 1856/2422/989 1861/2423/990
f 1727/2419/752 1725/1357/995 1733/1381/983
f 1709/2417/514 1695/988/758 1701/2424/516
f 1645/1368/976 1632/2425/989 1637/1373/990
f 1648/970/742 1645/1368/976 1653/1350/977
f 1069/1360/992 997/987/757 1017/1333/979
f 1885/2426/991 1872/1329/975 1877/1331/977
f 1701/2424/516 1687/976/747 1693/1351/992
f 1888/2427/994 1885/2426/991 1893/2428/981
f 1632/2425/989 1757/1375/1007 1637/1373/990
f 641/548/474 628/2429/1753 640/2430/276
f 1757/1375/1007 1638/1372/1002 1637/1373/990
f 1339/1390/1754 1393/1344/987 1338/1339/983
f 1734/1380/1009 1741/2418/1751 1733/1381/983
f 1886/2431/1755 1893/2428/981 1885/2426/991
f 1893/2428/981 1902/2432/1756 1901/2433/993
f 1901/2433/993 1910/2434/1757 1909/2435/979
f 803/1385/1758 856/2436/1759 802/2437/977
f 1701/2424/516 1710/2438/1760 1709/2417/514
f 1123/1337/516 1177/674/560 1176/676/562
f 1448/1342/986 1501/1382/1761 1500/1340/984
f 1870/2439/1762 1877/1331/977 1869/1330/976
f 1861/2423/990 1870/2439/1762 1869/1330/976
f 1877/1331/977 1886/2431/1755 1885/2426/991
f 1926/2440/1763 1933/609/514 1925/611/516
f 695/1367/1002 746/1345/988 694/1347/990
f 491/775/622 510/789/328 492/2441/271
f 1657/2442/1620 1761/2443/1764 1649/2444/1621
f 1745/2445/1622 1772/2446/1623 1737/1244/1623
f 1704/2447/1624 1769/2448/1625 1768/2449/1624
f 1680/2450/1627 1764/2451/1626 1673/2452/1626
f 1641/2336/1628 1761/2443/1764 1760/2453/1628
f 1737/2454/1623 1771/2455/1629 1728/2456/1629
f 1696/2333/1630 1768/2449/1624 1767/2457/1630
f 1665/2458/1631 1764/2451/1626 1763/2459/1631
f 1753/2460/1633 1759/2461/1632 1774/2462/1633
f 1641/2336/1628 1759/2463/1632 1633/2337/1632
f 1728/1245/1629 1770/2464/1634 1720/1241/1634
f 1696/2465/1630 1766/2466/1635 1688/2467/1635
f 1657/2468/1620 1763/2469/1631 1762/2470/1620
f 1753/2471/1633 1773/2472/1765 1745/2445/1622
f 1720/1241/1634 1769/2448/1625 1712/1242/1625
f 1680/2450/1627 1766/2473/1635 1765/2474/1627
f 1772/2475/1636 1789/2476/1637 1788/2477/1638
f 1766/2478/1645 1781/2479/1641 1765/2480/1639
f 1774/2481/1642 1789/2482/1637 1773/2483/1643
f 1767/2484/1644 1782/2485/1640 1766/2478/1645
f 1759/2486/1648 1776/2487/1653 1775/2488/1647
f 1774/2481/1642 1775/2488/1647 1790/2489/1649
f 1767/2484/1644 1784/2490/1650 1783/2491/1651
f 1761/2492/1656 1776/2487/1653 1760/2493/1646
f 1768/2494/1655 1785/2495/1659 1784/2490/1650
f 1761/2496/1656 1778/2497/1657 1777/2498/1652
f 1770/2499/1658 1785/2500/1659 1769/2501/1654
f 1763/2502/1660 1778/2497/1657 1762/2503/1766
f 1771/2504/1662 1786/2505/1663 1770/2499/1658
f 1764/2506/1767 1779/2507/1665 1763/2502/1660
f 1772/2475/1636 1787/2508/1666 1771/2504/1662
f 1765/2509/1639 1780/2510/1667 1764/2506/1767
f 2029/2511/1768 2028/2512/611 2071/2513/1724
f 1776/2487/1653 1808/2514/1769 1775/2488/1647
f 2053/2515/1770 2022/2516/1771 2021/2517/1673
f 1777/2518/1652 1810/2519/1675 1776/2487/1653
f 1784/2520/1650 1837/2521/1676 1834/2522/1772
f 1778/2497/1657 1813/2523/1773 1777/2498/1652
f 1786/2505/1663 1837/2524/1676 1785/2500/1659
f 1778/2497/1657 1819/2525/1682 1816/2526/1678
f 1786/2505/1663 1843/2527/1774 1840/2528/1680
f 1780/2510/1667 1819/2525/1682 1779/2507/1665
f 1788/2477/1638 1843/2527/1774 1787/2508/1666
f 1780/2510/1667 1825/2529/1686 1822/2530/1683
f 1789/2476/1637 1846/2531/1775 1788/2477/1638
f 1782/2485/1640 1825/2532/1686 1781/2479/1641
f 1790/2489/1649 1849/2533/1776 1789/2482/1637
f 1782/2485/1640 1831/2534/1777 1828/2535/1778
f 1790/2489/1649 1808/2514/1769 1852/2536/1779
f 1784/2490/1650 1831/2534/1777 1783/2491/1651
f 1807/2537/1780 1812/2538/1692 1811/2539/1781
f 1809/2540/1782 1810/2519/1675 1812/2541/1783
f 1811/2539/1781 1815/2542/1784 1814/2233/1670
f 1815/2543/1785 1810/2519/1675 1813/2544/1773
f 1814/2233/1670 1818/2545/1696 1817/2546/1697
f 1818/2547/1698 1813/2523/1773 1816/2526/1678
f 1820/2548/1700 1818/2545/1696 1821/2549/1699
f 1818/2547/1698 1819/2525/1682 1821/2550/1701
f 1820/2548/1700 1824/2551/1702 1823/2552/1703
f 1821/2550/1701 1822/2530/1683 1824/2553/1704
f 1823/2552/1703 1827/2554/1705 1826/2555/1672
f 1824/2553/1704 1825/2529/1686 1827/2556/1706
f 1829/2557/1770 1827/2554/1705 1830/2558/1707
f 1830/2559/1786 1825/2532/1686 1828/2535/1778
f 1832/2560/1711 1830/2558/1707 1833/2561/1710
f 1830/2559/1786 1831/2534/1777 1833/2562/1787
f 1835/2563/1714 1833/2561/1710 1836/2564/1713
f 1833/2562/1787 1834/2565/1772 1836/2566/1788
f 1838/2567/1789 1836/2564/1713 1839/2568/1717
f 1839/2569/1790 1834/2565/1772 1837/2570/1676
f 1841/2571/1719 1839/2568/1717 1842/2572/1791
f 1839/2573/1790 1840/2528/1680 1842/2574/1721
f 1844/2575/613 1842/2572/1791 1845/2576/1792
f 1842/2574/1721 1843/2527/1774 1845/2577/1723
f 1844/2575/613 1848/2578/1725 1847/2579/1724
f 1845/2577/1723 1846/2531/1775 1848/2580/1793
f 1850/2581/1727 1848/2578/1725 1851/2582/1794
f 1851/2583/1795 1846/2531/1775 1849/2584/1776
f 1853/2585/1731 1851/2582/1794 1854/2586/1796
f 1854/2587/1797 1849/2533/1776 1852/2536/1779
f 1807/2537/1780 1854/2586/1796 1809/2588/1691
f 1809/2540/1782 1852/2536/1779 1808/2514/1769
f 1904/2589/1798 1911/991/760 1903/2590/1799
f 1895/2591/1800 1904/2589/1798 1903/2590/1799
f 1943/2592/1801 1952/2593/752 1951/2594/1802
f 1887/2330/737 1896/2595/761 1895/2591/1800
f 1936/1327/974 1943/2592/1801 1935/2319/1736
f 675/1346/989 727/2596/398 674/962/396
f 1427/968/740 1482/961/734 1481/963/735
f 1671/994/762 1679/978/749 1681/977/748
f 1719/983/754 1713/2597/1750 1711/1358/996
f 1967/2598/1803 1975/2599/1804 1977/2600/1805
f 728/2601/397 781/2328/743 727/2596/398
f 1952/2593/752 1959/2602/1806 1951/2594/1802
f 1959/2602/1806 1968/2603/1735 1967/2598/1803
f 1736/2604/739 1743/2316/740 1735/2605/741
f 1975/2599/1804 1855/2331/396 1977/2600/1805
f 1727/2419/752 1735/2605/741 1729/984/753
f 1976/2606/1807 1969/2607/542 1970/2608/948
f 359/43/41 350/10/10 349/619/301
f 1682/2351/936 1680/2450/1744 1673/2452/1745
f 1119/2173/1740 1064/2609/1741 1066/1262/938
f 246/2610/682 237/823/653 247/484/424
f 1859/2611/927 1866/2612/928 1858/2613/929
f 1867/2614/951 1874/2615/931 1866/2612/928
f 1875/2616/930 1882/478/418 1874/2615/931
f 1883/2617/953 1890/2618/933 1882/478/418
f 1890/2618/933 1899/2619/955 1898/2341/934
f 1898/2341/934 1907/2620/935 1906/2621/936
f 1907/2620/935 1914/2622/938 1906/2621/936
f 1915/2623/937 1922/2624/939 1914/2622/938
f 1923/2625/940 1930/2626/941 1922/2624/939
f 1931/2627/942 1938/2628/924 1930/2626/941
f 1938/2628/924 1947/2629/943 1946/2630/944
f 1947/2629/943 1954/1249/926 1946/2630/944
f 1954/1249/926 1963/2631/946 1962/2632/544
f 1962/2632/544 1971/2633/947 1970/2608/948
f 1971/2633/947 1978/2634/949 1970/2608/948
f 1979/2635/965 1858/2613/929 1978/2634/949
f 1860/2636/966 1867/2614/951 1859/2611/927
f 1867/2614/951 1876/2637/952 1875/2616/930
f 1876/2637/952 1883/2617/953 1875/2616/930
f 1884/2638/967 1891/2639/932 1883/2617/953
f 1892/2640/954 1899/2619/955 1891/2639/932
f 1899/2619/955 1908/2641/1808 1907/2620/935
f 1907/2620/935 1916/2642/1809 1915/2623/937
f 1915/2623/937 1924/2643/1749 1923/2625/940
f 1923/2625/940 1932/2644/1747 1931/2627/942
f 1932/2644/1747 1939/2645/961 1931/2627/942
f 1939/2645/961 1948/2646/1810 1947/2629/943
f 1948/2646/1810 1955/2647/945 1947/2629/943
f 1955/2647/945 1964/2648/1811 1963/2631/946
f 1964/2648/1811 1971/2633/947 1963/2631/946
f 1971/2633/947 1980/2649/1812 1979/2635/965
f 1979/2635/965 1860/2636/966 1859/2611/927
f 1860/2650/966 1863/2651/398 1868/2652/1813
f 1863/2651/398 1876/2653/952 1868/2652/1813
f 1876/2654/952 1879/2655/738 1884/2656/967
f 1879/2655/738 1892/2657/954 1884/2656/967
f 1892/2657/954 1895/2658/1800 1900/2659/1814
f 1895/2658/1800 1908/2660/1808 1900/2659/1814
f 1903/2661/1799 1916/2662/1809 1908/2663/1808
f 1916/2662/1809 1921/2664/583 1924/2665/1749
f 1921/2664/583 1932/2666/1747 1924/2665/1749
f 1929/2667/582 1940/2668/1815 1932/2666/1747
f 1940/2669/1815 1943/2670/1801 1948/2671/1810
f 1948/2671/1810 1951/2672/1802 1956/2673/1816
f 1951/2672/1802 1964/2674/1811 1956/2673/1816
f 1964/2674/1811 1967/2675/1803 1972/2676/1817
f 1972/2677/1817 1977/2678/1805 1980/2679/1812
f 1977/2678/1805 1860/2650/966 1980/2679/1812
f 909/1335/981 837/964/736 856/2436/1759
f 1909/2435/979 1896/2595/761 1901/2433/993
f 1896/2595/761 1893/2428/981 1901/2433/993
f 856/2436/1759 782/2327/975 802/2437/977
f 1744/2315/1735 1741/2418/1751 1749/1376/986
f 1981/1379/984 1968/2603/1735 1973/1377/986
f 1212/2325/996 1176/676/562 1231/675/561
f 1917/2680/1818 1904/2589/1798 1909/2435/979
f 1925/611/516 1912/2681/1819 1917/2680/1818
f 782/2327/975 746/1345/988 802/2437/977
f 1968/2603/1735 1965/2682/987 1973/1377/986
f 1965/2682/987 1952/2593/752 1957/2420/983
f 1106/1336/515 1069/1360/992 1123/1337/516
f 1856/2422/989 1981/1379/984 1861/2423/990
f 675/1346/989 1500/1340/984 694/1347/990
f 1393/1344/987 1320/981/752 1338/1339/983
f 1950/2683/1820 1957/2420/983 1949/1348/982
f 1917/2680/1818 1926/2440/1763 1925/611/516
f 1958/2684/1821 1965/2682/987 1957/2420/983
f 1909/2435/979 1918/2685/1822 1917/2680/1818
f 1742/2686/1823 1749/1376/986 1741/2418/1751
f 1394/1389/1824 1448/1342/986 1393/1344/987
f 1710/2438/1760 1717/1359/561 1709/2417/514
f 1941/1328/561 1950/2683/1820 1949/1348/982
f 1965/2682/987 1974/2687/1825 1973/1377/986
f 857/1384/1826 909/1335/981 856/2436/1759
f 1018/1387/1827 1069/1360/992 1017/1333/979
f 1982/1378/1008 1861/2423/990 1981/1379/984
f 1677/1355/993 1686/2688/1828 1685/1352/979
f 747/1383/1829 802/2437/977 746/1345/988
f 1670/2689/1830 1677/1355/993 1669/1353/981
f 1694/1366/1001 1701/2424/516 1693/1351/992
f 1881/477/1620 1985/2690/1621 1873/2691/1621
f 1961/1247/1623 1997/2692/1622 1996/2693/1623
f 1937/2694/1625 1992/2695/1831 1928/2696/1624
f 1905/2339/1627 1988/2697/1626 1897/2340/1626
f 1865/2698/1628 1985/2690/1621 1984/2699/1628
f 1961/2700/1623 1995/2701/1629 1953/2702/1629
f 1920/2703/1630 1992/2695/1831 1991/2704/1832
f 1889/476/1631 1988/2697/1626 1987/2705/1631
f 1857/2706/1632 1998/2707/1633 1976/2708/1633
f 1865/2698/1628 1983/2709/1632 1857/2710/1632
f 1953/1248/1629 1994/2711/1634 1945/2712/1634
f 1913/2713/1635 1991/2714/1832 1990/2715/1635
f 1889/2716/1631 1986/2717/1620 1881/2718/1620
f 1969/2607/1622 1998/2719/1633 1997/2692/1622
f 1945/2712/1634 1993/2720/1625 1937/2694/1625
f 1913/2721/1635 1989/2722/1627 1905/2339/1627
f 1997/2723/1643 2012/2724/1638 1996/2725/1636
f 1990/2726/1645 2005/2727/1641 1989/2728/1639
f 1997/2729/1643 2014/2730/1649 2013/2731/1637
f 1991/2732/1644 2006/2733/1640 1990/2726/1645
f 1983/2734/1648 2000/2735/1653 1999/2736/1647
f 1983/2734/1648 2014/2730/1649 1998/2737/1833
f 1991/2732/1644 2008/2738/1650 2007/2739/1651
f 1984/2740/1834 2001/2741/1652 2000/2735/1653
f 1992/2742/1655 2009/2743/1659 2008/2738/1650
f 1985/2744/1656 2002/2745/1657 2001/2746/1652
f 1994/2747/1835 2009/2748/1659 1993/2749/1654
f 1986/2750/1766 2003/2751/1665 2002/2745/1657
f 1994/2747/1835 2011/2752/1666 2010/2753/1663
f 1988/2754/1664 2003/2751/1665 1987/2755/1660
f 1995/2756/1662 2012/2724/1638 2011/2752/1666
f 1988/2754/1664 2005/2757/1641 2004/2758/1667
f 1999/2736/1647 2034/2759/1675 2032/2760/1769
f 2001/2741/1652 2034/2759/1675 2000/2735/1653
f 2009/2761/1659 2058/2762/1772 2008/2763/1650
f 2001/2746/1652 2040/2764/1678 2037/2765/1679
f 2010/2753/1663 2061/2766/1676 2009/2748/1659
f 2002/2745/1657 2043/2767/1682 2040/2764/1678
f 2010/2753/1663 2067/2768/1774 2064/2769/1680
f 2004/2758/1667 2043/2767/1682 2003/2751/1665
f 2012/2724/1638 2067/2768/1774 2011/2752/1666
f 2005/2757/1641 2046/2770/1683 2004/2758/1667
f 2013/2771/1637 2070/2772/1775 2012/2724/1638
f 2006/2733/1640 2049/2773/1686 2005/2727/1641
f 2013/2731/1637 2076/2774/1779 2073/2775/1684
f 2006/2733/1640 2055/2776/1777 2052/2777/1778
f 1999/2736/1647 2076/2774/1779 2014/2730/1649
f 2008/2738/1650 2055/2776/1777 2007/2739/1651
f 2031/2778/1780 2036/2779/1836 2035/2780/1781
f 2036/2781/1693 2032/2760/1769 2034/2759/1675
f 2035/2780/1781 2039/2782/1694 2038/2783/1670
f 2039/2784/1785 2034/2759/1675 2037/2785/1679
f 2038/2783/1670 2042/2786/1837 2041/2787/1697
f 2039/2788/1785 2040/2764/1678 2042/2789/1698
f 2044/2790/1700 2042/2786/1837 2045/2791/1699
f 2042/2789/1698 2043/2767/1682 2045/2792/1701
f 2044/2790/1700 2048/2793/1702 2047/2794/1703
f 2045/2792/1701 2046/2770/1683 2048/2795/1704
f 2047/2794/1703 2051/2796/1705 2050/2797/1672
f 2051/2798/1706 2046/2770/1683 2049/2799/1686
f 2050/2797/1672 2054/2800/1707 2053/2515/1770
f 2051/2801/1706 2052/2777/1778 2054/2802/1786
f 2056/2803/1711 2054/2800/1707 2057/2804/1710
f 2054/2802/1786 2055/2776/1777 2057/2805/1787
f 2056/2803/1711 2060/2806/1713 2059/2807/1714
f 2057/2805/1787 2058/2808/1772 2060/2809/1788
f 2062/2810/1789 2060/2806/1713 2063/2811/1717
f 2063/2812/1790 2058/2808/1772 2061/2813/1676
f 2065/2814/1719 2063/2811/1717 2066/2815/1791
f 2063/2816/1790 2064/2769/1680 2066/2817/1721
f 2065/2814/1719 2069/2818/1792 2068/2819/613
f 2066/2817/1721 2067/2768/1774 2069/2820/1723
f 2071/2513/1724 2069/2818/1792 2072/2821/1725
f 2069/2820/1723 2070/2772/1775 2072/2822/1793
f 2074/2823/1727 2072/2821/1725 2075/2824/1728
f 2072/2822/1793 2073/2825/1684 2075/2826/1795
f 2074/2823/1727 2078/2827/1730 2077/2828/1731
f 2075/2829/1795 2076/2774/1779 2078/2830/1797
f 2031/2778/1780 2078/2827/1730 2033/2831/1691
f 2078/2830/1797 2032/2760/1769 2033/2832/1782
f 1572/2833/1453 2083/2834/1452 1571/2835/1452
f 1580/2836/1443 2091/2837/1838 1579/2838/1838
f 1573/2839/1454 2084/2840/1453 1572/2833/1453
f 1580/2836/1443 2093/2841/1444 2092/2842/1443
f 1574/2843/1455 2085/2844/1454 1573/2845/1454
f 1582/2846/1446 2093/2847/1444 1581/2848/1444
f 1575/2849/1438 2086/2850/1455 1574/2843/1455
f 1568/2851/1839 2079/2852/1840 1567/2853/1841
f 1567/2853/1841 2094/2854/1842 1582/2846/1446
f 1576/2855/1440 2087/2856/1438 1575/2849/1438
f 1569/2857/1843 2080/2858/1449 1568/2851/1839
f 1577/2859/1441 2088/2860/1440 1576/2855/1440
f 1570/2861/1450 2081/2862/1843 1569/2863/1843
f 1578/2864/1442 2089/2865/1441 1577/2866/1441
f 1571/2835/1452 2082/2867/1450 1570/2861/1450
f 1579/2838/1838 2090/2868/1442 1578/2864/1442
f 2024/2869/1844 2135/2870/1845 2023/2871/1846
f 2017/2872/1843 2128/2873/1839 2016/2874/1449
f 2024/2869/1844 2137/2875/1441 2136/2876/1440
f 2018/2877/1450 2129/2878/1843 2017/2879/1843
f 2026/2880/1442 2137/2881/1441 2025/2882/1441
f 2019/2883/1452 2130/2884/1450 2018/2877/1450
f 2026/2880/1442 2139/2885/1838 2138/2886/1442
f 2020/2887/1453 2131/2888/1452 2019/2883/1452
f 2027/2889/1838 2140/2890/1443 2139/2885/1838
f 2021/2891/1454 2132/2892/1453 2020/2887/1453
f 2029/2893/1444 2140/2890/1443 2028/2894/1443
f 2022/2895/1455 2133/2896/1454 2021/2897/1454
f 2030/2898/1842 2141/2899/1444 2029/2900/1444
f 2023/2871/1846 2134/2901/1847 2022/2895/1455
f 2016/2874/1449 2127/2902/1841 2015/2903/1840
f 2015/2903/1840 2142/2904/1446 2030/2898/1842
f 1806/2905/1446 2125/2906/1444 1805/2907/1444
f 1799/2908/1845 2118/2909/1455 1798/2910/1847
f 1792/2911/1839 2111/2912/1840 1791/2913/1841
f 1791/2913/1841 2126/2914/1842 1806/2905/1446
f 1800/2915/1440 2119/2916/1846 1799/2908/1845
f 1793/2917/1843 2112/2918/1449 1792/2911/1839
f 1801/2919/1441 2120/2920/1844 1800/2915/1440
f 1794/2921/1450 2113/2922/1843 1793/2923/1843
f 1802/2924/1442 2121/2925/1441 1801/2926/1441
f 1795/2927/1452 2114/2928/1450 1794/2921/1450
f 1803/2929/1838 2122/2930/1442 1802/2924/1442
f 1796/2931/1453 2115/2932/1452 1795/2927/1452
f 1803/2929/1838 2124/2933/1443 2123/2934/1838
f 1797/2935/1454 2116/2936/1453 1796/2931/1453
f 1805/2937/1444 2124/2933/1443 1804/2938/1443
f 1798/2910/1847 2117/2939/1454 1797/2940/1454
f 2176/2941/322 2194/2942/323 2175/2943/324
f 1841/2571/1719 1802/2944/1848 1801/2945/1849
f 2165/2946/23 2185/2947/24 2184/2948/25
f 2156/2949/1850 2155/2950/1851 2145/2951/1852
f 2183/2952/1853 2163/532/462 2164/2953/1024
f 2103/2954/1854 2143/2955/1855 2102/2956/1847
f 2095/2957/461 2161/2958/1856 2110/2959/1857
f 119/248/224 107/2960/212 108/710/585
f 2104/2961/1858 2144/2962/1859 2103/2954/1854
f 2110/2959/1857 2160/2963/1860 2109/2964/322
f 2203/2965/1861 2213/2966/1862 2222/2967/1863
f 2184/2948/25 2164/2968/1024 2165/2946/23
f 2187/2969/679 2167/2970/1864 2168/2971/410
f 2174/2972/1865 2192/2973/1866 2173/2974/1867
f 2186/2975/1868 2166/2976/1869 2167/2970/1864
f 2175/2943/324 2193/2977/1870 2174/2972/1865
f 2106/645/540 2156/2978/1850 2105/2979/1871
f 2149/2980/1872 2153/2981/1873 2157/2982/1874
f 2143/2955/1855 2154/2983/1875 2153/2984/1876
f 2145/2951/1852 2154/2983/1875 2144/2962/1877
f 2211/2985/1878 2229/2986/1879 2210/2987/1880
f 2200/2988/1881 2220/2989/1882 2219/2990/1883
f 2191/2991/1884 2190/2992/1885 2180/2993/1886
f 669/2994/1887 659/2995/491 658/445/388
f 2170/2996/1854 2178/865/678 2169/2997/1847
f 2162/531/461 2196/2998/1888 2177/2999/1889
f 2217/3000/460 2197/3001/461 2198/3002/1023
f 2171/3003/1858 2179/3004/1859 2170/2996/1854
f 2218/3005/1890 2198/3002/1023 2199/3006/1891
f 2226/3007/1892 2225/3008/1893 2215/3009/1894
f 2219/2990/1883 2199/3010/1891 2200/2988/1881
f 2222/3011/1863 2202/3012/1895 2203/3013/1861
f 2209/3014/1865 2227/3015/1896 2208/3016/1897
f 2221/3017/1898 2201/3018/1869 2202/3012/1895
f 2210/2987/1880 2228/3019/1899 2209/3014/1865
f 2173/2974/1867 2191/3020/1884 2172/3021/1871
f 2196/3022/1874 2184/3023/1900 2188/3024/1901
f 2178/865/678 2189/3025/1875 2188/3026/1902
f 2180/2993/1886 2189/3025/1875 2179/3004/1877
f 579/851/670 568/3027/1903 560/3028/1904
f 2177/2999/1889 2195/3029/1905 2176/3030/322
f 2204/3031/1906 2214/3032/1438 2213/2966/1862
f 2197/3001/461 2231/3033/1907 2212/3034/1857
f 2147/3035/1908 2095/2957/461 2096/1393/1023
f 2206/3036/1909 2214/3032/1438 2205/3037/1910
f 2212/3034/1857 2230/3038/1911 2211/3039/1878
f 2101/3040/410 2143/2955/1855 2152/3041/409
f 1937/2694/923 1928/2696/1912 1930/2626/941
f 1000/1064/803 1053/1038/802 999/3042/803
f 2208/3016/1897 2226/3043/1892 2207/3044/1913
f 2231/3045/1914 2219/3046/1874 2223/3047/1915
f 2213/2966/1862 2224/3048/1875 2223/3049/1916
f 2215/3009/1894 2224/3048/1875 2214/3032/1877
f 2079/3050/1917 2093/3051/1917 2094/3052/1917
f 2080/3053/1917 2092/3054/1917 2079/3050/1917
f 2081/3055/1917 2091/3056/1917 2080/3053/1917
f 2089/3057/1917 2081/3055/1917 2082/3058/1917
f 2088/3059/1917 2082/3058/1917 2083/3060/1917
f 2087/3061/1917 2083/3060/1917 2084/3062/1917
f 2086/3063/1917 2084/3062/1917 2085/3064/1917
f 2132/3065/1917 2134/3066/1917 2131/3067/1917
f 2131/3067/1917 2135/3068/1917 2130/3069/1917
f 2135/3068/1917 2129/3070/1917 2130/3069/1917
f 2136/3071/1917 2128/3072/1917 2129/3070/1917
f 2137/3073/1917 2127/3074/1917 2128/3072/1917
f 2138/3075/1917 2142/3076/1917 2127/3074/1917
f 2142/3076/1917 2140/3077/1917 2141/3078/1917
f 2116/3079/1917 2118/3080/1917 2115/3081/1917
f 2115/3081/1917 2119/3082/1917 2114/3083/1917
f 2119/3082/1917 2113/3084/1917 2114/3083/1917
f 2120/3085/1917 2112/3086/1917 2113/3084/1917
f 2121/3087/1917 2111/3088/1917 2112/3086/1917
f 2122/3089/1917 2126/3090/1917 2111/3088/1917
f 2126/3090/1917 2124/3091/1917 2125/3092/1917
f 345/949/730 356/2/2 346/1/1
f 356/2/2 367/633/531 368/3/3
f 353/4/4 354/3093/46 343/5/5
f 634/521/453 633/596/503 645/7/7
f 645/7/7 667/3094/1918 657/8/8
f 667/3094/1918 668/3095/387 657/8/8
f 646/9/9 634/521/453 645/7/7
f 350/10/10 351/41/39 339/11/11
f 368/3/3 357/3096/535 347/3097/13
f 347/3098/13 335/3099/146 346/3100/1
f 22/16/14 21/584/480 10/17/15
f 250/459/400 261/21/19 249/20/18
f 261/21/19 272/512/27 260/19/17
f 272/512/27 271/496/436 260/19/17
f 143/22/20 153/3101/256 152/23/21
f 2098/25/23 2099/94/88 2150/26/24
f 262/30/28 300/3102/1919 282/28/26
f 300/3102/1919 299/953/470 282/28/26
f 272/29/27 261/3103/19 262/30/28
f 1439/3104/1920 1492/3105/1921 1460/1685/1236
f 1492/3105/1921 686/31/29 1514/33/31
f 1460/1685/1236 1492/3105/1921 1514/33/31
f 686/31/29 738/3106/1922 760/1674/1225
f 738/3106/1922 793/3107/1923 760/1674/1225
f 793/3107/1923 848/3108/1924 815/1675/1226
f 848/3108/1924 901/3109/1925 869/3110/1926
f 815/1675/1226 848/3108/1924 869/3110/1926
f 901/3109/1925 922/1676/1227 869/3110/1926
f 1385/3111/1927 1439/3104/1920 1460/1685/1236
f 1275/3112/1928 1330/3113/1929 1351/1683/1234
f 1330/3113/1929 1385/3111/1927 1406/3114/1930
f 1351/1683/1234 1298/1682/1233 1275/3112/1928
f 1406/3114/1930 1351/1683/1234 1330/3113/1929
f 793/3107/1923 815/1675/1226 760/1674/1225
f 1460/1685/1236 1406/3114/1930 1385/3111/1927
f 686/31/29 760/1674/1225 706/32/30
f 215/35/33 222/428/372 221/36/34
f 221/36/34 189/740/600 201/34/32
f 189/740/600 167/736/598 185/329/288
f 201/34/32 189/740/600 185/329/288
f 167/736/598 168/741/601 176/792/630
f 167/736/598 176/792/630 185/329/288
f 20/37/35 31/88/82 30/38/36
f 360/40/38 361/635/62 351/41/39
f 371/42/40 372/634/532 360/40/38
f 25/44/42 24/87/66 14/45/43
f 364/47/45 365/74/70 354/48/46
f 457/50/47 458/732/237 446/51/48
f 663/53/50 653/574/475 652/54/51
f 161/56/53 160/742/602 150/57/54
f 498/3115/1931 505/3116/621 502/779/624
f 505/3116/621 506/780/625 502/779/624
f 502/779/624 468/61/58 488/60/57
f 468/61/58 456/3117/1932 467/3118/268
f 456/3117/1932 455/3119/593 467/3118/268
f 467/3118/268 478/59/56 468/61/58
f 488/60/57 498/3115/1931 502/779/624
f 9/62/59 20/3120/35 19/63/37
f 373/67/63 389/146/136 390/145/135
f 390/145/135 362/65/61 373/67/63
f 36/68/64 35/621/522 23/69/65
f 577/73/69 592/886/692 583/71/67
f 592/886/692 593/878/687 583/71/67
f 365/74/70 376/648/541 377/75/71
f 44/77/73 43/631/530 32/78/74
f 362/65/61 390/145/135 374/80/76
f 390/145/135 391/136/127 374/80/76
f 40/84/80 57/421/366 56/420/365
f 56/420/365 28/82/78 40/84/80
f 374/80/76 375/647/534 364/85/45
f 37/86/81 36/105/64 24/87/66
f 31/88/82 42/106/98 41/89/83
f 38/90/84 26/348/303 27/91/85
f 2151/93/87 2150/26/24 2099/94/88
f 131/96/90 119/248/224 120/97/91
f 38/99/84 47/663/97 46/100/93
f 66/101/94 54/3121/610 55/102/95
f 39/3122/86 55/3123/95 47/3124/97
f 55/102/95 54/3121/610 47/104/97
f 46/100/93 45/115/107 36/105/64
f 42/106/98 49/655/546 48/107/99
f 377/3125/71 384/109/101 378/108/100
f 384/109/101 394/672/145 395/110/102
f 392/111/103 393/154/143 383/112/104
f 53/114/106 52/141/132 45/115/107
f 756/116/108 749/1400/1029 805/117/109
f 238/119/111 237/823/653 228/120/112
f 166/124/116 175/787/599 174/362/315
f 174/362/315 158/122/114 166/124/116
f 379/125/117 386/272/244 387/126/118
f 1456/128/120 1450/1424/1049 1503/129/121
f 61/796/141 62/327/286 72/133/125
f 62/327/286 84/131/123 72/133/125
f 402/134/126 403/3126/142 392/135/103
f 71/137/128 70/173/159 59/138/129
f 65/140/131 64/166/133 52/141/132
f 64/142/133 63/328/287 51/143/134
f 401/147/137 411/3127/171 412/697/574
f 412/697/574 390/145/135 401/147/137
f 213/150/140 227/436/379 226/424/369
f 226/424/369 206/148/138 213/150/140
f 72/151/125 71/137/128 60/139/130
f 403/153/142 404/174/160 393/154/143
f 393/154/143 404/174/160 405/155/144
f 335/157/146 347/1542/13 348/158/147
f 390/145/135 412/697/574 402/134/126
f 412/697/574 413/3128/149 402/134/126
f 413/160/149 414/684/566 403/153/142
f 398/162/150 408/171/157 409/163/151
f 75/165/153 74/184/169 64/166/133
f 410/167/154 411/3129/171 401/168/137
f 397/170/156 407/3130/176 408/171/157
f 82/172/158 81/200/181 70/173/159
f 404/174/160 415/700/577 416/175/161
f 76/176/162 66/101/94 67/103/96
f 79/201/182 96/203/184 78/179/165
f 96/203/184 106/180/166 78/179/165
f 106/180/166 117/263/236 116/178/164
f 83/132/124 100/224/201 90/3131/167
f 100/224/201 99/3132/581 90/3131/167
f 75/165/153 86/704/580 85/183/168
f 87/185/170 86/704/580 75/165/153
f 421/3133/172 428/737/188 429/360/313
f 429/3134/313 411/3135/171 421/3136/172
f 77/177/163 78/179/165 95/191/174
f 78/179/165 116/178/164 95/191/174
f 116/178/164 115/3137/222 105/190/173
f 418/194/177 456/3117/1932 425/192/175
f 456/3117/1932 445/52/49 435/318/280
f 456/3117/1932 435/318/280 425/192/175
f 407/3138/176 425/3139/175 419/3140/178
f 425/192/175 426/709/191 419/3141/178
f 89/198/179 88/215/183 80/199/180
f 82/172/158 90/181/167 89/198/179
f 80/199/180 88/215/183 79/685/182
f 88/202/183 97/236/213 96/203/184
f 276/504/443 277/497/437 285/206/187
f 277/497/437 293/204/185 285/206/187
f 428/207/188 421/688/172 420/208/189
f 142/210/22 131/96/90 132/98/92
f 426/212/191 427/209/190 420/208/189
f 98/214/192 97/711/213 88/215/183
f 370/216/193 379/125/117 380/127/119
f 554/3142/1096 567/218/195 555/217/194
f 567/218/195 572/3143/728 573/219/196
f 102/220/197 92/230/207 93/221/198
f 109/223/200 99/3132/581 100/224/201
f 887/226/203 883/3144/1933 936/227/204
f 101/229/206 91/3145/571 92/230/207
f 431/231/208 441/712/586 442/232/209
f 442/232/209 443/241/218 433/234/211
f 107/235/212 106/180/166 96/203/184
f 1479/237/214 1425/3146/1934 1426/238/215
f 453/240/217 454/315/278 443/241/218
f 112/242/219 102/220/197 103/222/199
f 111/244/221 101/229/206 102/220/197
f 115/245/222 114/274/246 104/246/223
f 119/248/224 108/710/585 109/249/200
f 446/250/48 447/265/238 437/251/225
f 118/253/227 117/263/236 106/180/166
f 146/254/228 156/744/603 155/255/229
f 497/257/231 498/3147/1931 488/258/57
f 159/123/115 158/122/114 148/260/233
f 130/262/235 129/760/615 117/263/236
f 458/264/237 459/727/594 447/265/238
f 131/96/90 130/297/235 118/266/227
f 461/267/239 449/713/587 448/268/240
f 657/8/8 658/3148/388 647/270/242
f 370/216/193 369/3149/700 379/125/117
f 369/3149/700 385/271/243 379/125/117
f 126/273/245 125/289/259 113/243/220
f 358/275/247 370/216/193 371/42/40
f 223/3150/250 240/461/402 230/443/386
f 240/461/402 239/460/401 230/443/386
f 230/3151/386 217/276/248 223/278/250
f 128/281/253 167/736/598 139/279/251
f 167/736/598 166/3152/116 159/3153/115
f 139/279/251 167/736/598 149/3154/234
f 159/3153/115 149/3154/234 167/736/598
f 115/3137/222 116/178/164 128/281/253
f 127/280/252 115/3137/222 128/281/253
f 473/282/254 461/3155/239 460/283/241
f 153/285/256 163/352/300 162/286/257
f 138/288/258 137/3156/266 125/289/259
f 414/684/566 413/160/149 422/291/261
f 413/160/149 430/290/260 422/291/261
f 462/293/263 501/551/477 484/3157/293
f 501/551/477 503/550/476 504/616/521
f 484/3157/293 501/551/477 494/3158/526
f 504/616/521 494/3158/526 501/551/477
f 484/3157/293 474/3159/292 462/293/263
f 474/3159/292 463/294/264 462/293/263
f 451/3160/325 450/292/262 463/294/264
f 139/295/251 138/288/258 126/273/245
f 142/210/22 141/3161/614 130/297/235
f 136/298/265 124/735/591 125/299/259
f 477/301/267 478/342/56 467/302/268
f 137/300/266 147/743/294 146/254/228
f 493/3162/296 492/305/271 500/304/270
f 492/305/271 510/375/328 511/306/272
f 162/286/257 161/719/53 151/307/55
f 148/308/233 147/743/294 137/300/266
f 486/310/273 487/259/232 477/301/267
f 651/312/275 673/3163/1935 652/3164/51
f 673/3163/1935 662/3165/52 652/3164/51
f 652/3164/51 640/313/276 651/312/275
f 640/313/276 628/3166/1753 639/314/277
f 454/315/278 455/724/593 444/316/279
f 445/52/49 446/51/48 436/317/226
f 120/319/91 109/223/200 110/225/202
f 1063/323/282 1010/3167/282 955/3168/282
f 955/3168/282 904/3169/282 1063/323/282
f 904/3169/282 851/3170/282 1063/323/282
f 851/3170/282 796/3171/282 741/3172/282
f 741/3172/282 689/3173/282 851/3170/282
f 689/3173/282 1495/321/282 851/3170/282
f 1495/321/282 1442/3174/282 1277/322/282
f 1442/3174/282 1388/3175/282 1277/322/282
f 1388/3175/282 1332/3176/282 1277/322/282
f 1277/322/282 1225/3177/282 1170/3178/282
f 1170/3178/282 1118/3179/282 1277/322/282
f 1118/3179/282 1063/323/282 1277/322/282
f 1063/323/282 851/3170/282 1495/321/282
f 325/324/283 315/956/484 316/325/284
f 63/328/287 73/3180/578 84/131/123
f 84/131/123 62/327/286 63/328/287
f 194/3181/290 202/418/348 201/417/32
f 201/3182/32 185/3183/288 194/3184/290
f 28/82/78 56/420/365 39/92/86
f 56/420/365 55/102/95 39/92/86
f 485/332/291 475/767/305 474/333/292
f 158/122/114 157/363/316 147/335/294
f 482/336/295 492/765/271 493/337/296
f 496/339/298 497/776/231 487/340/232
f 487/259/232 488/258/57 478/342/56
f 154/343/299 164/3185/1936 163/344/300
f 336/159/148 348/158/147 349/346/301
f 26/348/303 16/3186/519 17/349/304
f 486/310/273 476/311/274 475/350/305
f 163/352/300 179/3187/332 178/353/306
f 514/354/307 496/339/298 495/355/308
f 531/357/310 532/412/336 516/358/311
f 439/361/314 449/713/587 450/292/262
f 450/292/262 412/697/574 429/360/313
f 412/697/574 411/3127/171 429/360/313
f 174/362/315 173/390/342 157/363/316
f 155/255/229 156/744/603 165/3188/319
f 156/781/603 172/364/317 165/366/319
f 305/367/320 317/575/494 316/325/284
f 2109/2964/322 2160/2963/1860 2159/3189/323
f 451/372/325 463/766/264 464/373/326
f 510/375/328 520/3190/629 521/376/329
f 180/377/330 188/750/608 187/378/331
f 354/48/46 365/74/70 366/76/72
f 181/382/334 197/395/345 190/383/335
f 197/395/345 211/822/652 224/465/405
f 190/383/335 197/395/345 224/465/405
f 211/822/652 219/3191/667 224/465/405
f 190/383/335 170/448/390 171/381/318
f 170/448/390 165/3192/319 171/381/318
f 546/385/337 558/3193/646 559/828/658
f 559/828/658 527/386/338 546/385/337
f 527/386/338 506/780/625 516/3194/311
f 532/384/336 527/386/338 516/3194/311
f 506/780/625 505/3116/621 516/3194/311
f 164/3185/1936 169/387/339 163/344/300
f 169/387/339 180/377/330 179/379/332
f 173/390/342 174/362/315 183/388/340
f 183/388/340 193/406/356 192/389/341
f 177/3195/631 178/353/306 186/393/289
f 178/353/306 195/391/343 186/393/289
f 181/791/334 182/814/645 191/813/344
f 191/813/344 198/958/732 197/3196/345
f 194/392/290 195/391/343 202/398/348
f 195/391/343 209/396/346 202/398/348
f 539/401/351 547/838/597 548/837/664
f 548/837/664 534/399/349 539/401/351
f 524/404/354 538/827/657 533/3197/350
f 538/827/657 539/3198/351 533/3197/350
f 533/3197/350 518/402/352 524/404/354
f 196/3199/662 203/405/355 195/391/343
f 203/405/355 210/3200/650 209/396/346
f 199/407/357 207/149/139 206/148/138
f 206/148/138 192/389/341 199/407/357
f 528/410/360 542/812/644 536/408/358
f 542/812/644 543/811/643 536/408/358
f 545/411/361 546/3201/337 532/412/336
f 200/3202/362 214/3203/376 207/3204/139
f 214/433/376 213/150/140 207/149/139
f 518/414/352 519/716/589 509/415/363
f 208/3205/347 216/429/368 215/35/33
f 215/3206/33 201/3207/32 208/3208/347
f 68/422/367 79/201/182 78/179/165
f 78/179/165 56/420/365 68/422/367
f 208/397/347 209/396/346 216/423/368
f 209/396/346 229/121/113 216/423/368
f 205/957/651 206/148/138 212/426/371
f 206/148/138 226/424/369 212/426/371
f 228/120/112 237/823/653 236/3209/681
f 236/3209/681 222/3210/372 228/120/112
f 222/428/372 215/35/33 216/429/368
f 553/730/596 552/729/595 565/432/375
f 552/729/595 570/430/373 565/432/375
f 220/3211/377 235/856/672 227/3212/379
f 235/3213/672 234/435/378 227/436/379
f 227/436/379 213/150/140 220/434/377
f 234/435/378 233/453/395 226/424/369
f 672/437/380 661/939/727 660/438/381
f 575/442/385 588/880/421 589/3214/731
f 589/3214/731 564/440/383 575/442/385
f 230/443/386 239/460/401 238/119/111
f 668/444/387 669/2994/1887 658/445/388
f 170/448/390 169/387/339 164/3185/1936
f 154/343/299 144/702/579 134/447/389
f 144/702/579 133/718/590 134/447/389
f 170/448/390 164/3185/1936 154/343/299
f 121/320/281 122/694/572 133/718/590
f 122/694/572 134/447/389 133/718/590
f 571/854/374 570/3215/373 576/451/393
f 570/430/373 581/3216/391 576/3217/393
f 234/435/378 244/475/415 243/452/394
f 1631/454/396 1632/2425/989 1640/455/397
f 572/943/728 578/72/68 573/3218/196
f 578/72/68 583/71/67 584/877/399
f 250/459/400 249/20/18 239/460/401
f 249/20/18 248/482/422 238/119/111
f 580/463/404 587/867/680 588/880/421
f 588/880/421 575/442/385 580/463/404
f 224/465/405 262/30/28 240/464/402
f 262/30/28 261/3103/19 250/3219/400
f 262/30/28 250/3219/400 240/464/402
f 557/3220/1937 556/722/592 560/3221/1904
f 556/722/592 595/466/406 585/468/408
f 560/3221/1904 556/722/592 585/468/408
f 2152/469/409 2151/93/87 2100/95/89
f 585/468/408 596/467/407 586/472/412
f 596/467/407 607/3222/1938 597/471/411
f 607/3222/1938 608/904/697 597/471/411
f 253/473/413 252/490/430 242/474/414
f 244/475/415 254/491/431 253/473/413
f 1882/478/418 1890/2618/933 1889/476/416
f 1890/2618/933 1898/2341/934 1889/476/416
f 1898/2341/934 1897/2340/1745 1889/476/416
f 1881/477/417 1873/2691/1939 1874/2615/931
f 1881/477/417 1874/2615/931 1882/478/418
f 599/479/419 610/909/699 611/883/689
f 611/883/689 600/480/420 599/479/419
f 600/480/420 589/951/731 588/481/421
f 248/482/422 259/494/434 258/483/423
f 260/19/17 259/494/434 248/482/422
f 258/483/423 269/495/435 268/507/426
f 268/507/426 257/485/425 258/483/423
f 257/485/425 246/2610/682 247/484/424
f 278/487/427 295/3223/726 294/3224/1940
f 294/3224/1940 256/488/428 278/487/427
f 256/488/428 257/3225/425 268/486/426
f 265/489/429 264/502/440 252/490/430
f 254/491/431 266/503/442 265/489/429
f 273/492/432 289/518/450 300/3102/1919
f 300/3102/1919 262/30/28 273/492/432
f 262/30/28 251/871/683 263/493/433
f 259/494/434 270/508/444 269/495/435
f 271/496/436 270/508/444 259/494/434
f 255/874/685 256/488/428 267/498/438
f 256/488/428 294/3224/1940 277/497/437
f 294/3224/1940 293/204/185 277/497/437
f 274/499/439 273/492/432 263/493/433
f 275/501/441 274/515/439 264/502/440
f 266/503/442 276/516/443 275/501/441
f 267/498/438 277/497/437 276/504/443
f 269/495/435 279/509/445 278/506/427
f 270/508/444 280/520/452 279/509/445
f 281/510/446 280/520/452 270/508/444
f 282/511/26 281/510/446 271/496/436
f 286/513/447 296/528/458 295/936/726
f 295/936/726 278/506/427 286/513/447
f 284/514/448 283/525/449 274/515/439
f 276/516/443 285/526/187 284/514/448
f 274/499/439 283/517/449 273/492/432
f 283/517/449 290/540/468 289/518/450
f 282/511/26 299/542/470 288/519/451
f 299/542/470 298/529/459 288/519/451
f 280/520/452 287/527/457 286/513/447
f 288/519/451 287/527/457 280/520/452
f 618/905/706 617/888/694 625/523/455
f 617/3226/694 634/3227/453 625/3228/455
f 291/524/456 290/545/468 283/525/449
f 285/526/187 292/534/186 291/524/456
f 287/527/457 297/544/472 296/528/458
f 298/529/459 297/544/472 287/527/457
f 2182/530/460 2181/3229/1941 2162/531/461
f 303/533/463 291/524/456 292/534/186
f 294/3224/1940 295/3223/726 306/538/466
f 295/3223/726 307/3230/725 306/538/466
f 318/536/464 329/3231/496 328/537/465
f 307/3230/725 318/536/464 306/538/466
f 302/539/467 301/553/479 289/518/450
f 311/541/469 310/543/471 298/529/459
f 310/543/471 309/559/483 297/544/472
f 303/533/463 302/561/467 290/545/468
f 293/204/185 305/1706/320 304/546/321
f 654/547/473 642/928/720 641/548/474
f 500/304/270 511/306/272 503/550/476
f 511/306/272 521/376/329 526/3232/1942
f 503/550/476 511/306/272 526/3232/1942
f 521/376/329 525/809/641 526/3232/1942
f 314/552/478 313/641/536 301/553/479
f 32/78/74 31/88/82 20/37/35
f 322/555/481 321/583/482 310/556/471
f 321/558/482 320/941/499 309/559/483
f 315/560/484 314/3233/478 302/561/467
f 352/562/485 353/4/4 342/6/6
f 18/564/487 7/3234/640 8/565/60
f 343/566/5 354/48/46 355/380/333
f 569/569/490 574/462/403 575/442/385
f 575/442/385 563/441/384 569/569/490
f 671/570/382 660/940/381 659/571/491
f 664/573/493 654/580/473 653/574/475
f 317/575/494 327/3235/1943 326/326/285
f 319/576/495 330/3236/523 329/577/496
f 664/573/493 665/3237/626 655/579/497
f 332/581/498 331/623/524 320/582/499
f 21/584/480 20/3120/35 9/62/59
f 340/587/500 362/65/61 352/585/485
f 362/65/61 363/81/77 352/585/485
f 351/3238/39 361/66/62 362/65/61
f 340/3239/500 339/3240/11 351/3241/39
f 149/591/234 148/308/233 138/309/258
f 15/593/44 14/3242/43 2/594/501
f 633/596/503 632/912/710 644/597/504
f 644/597/504 656/3243/627 645/7/7
f 656/3243/627 666/3244/1944 667/3094/1918
f 645/7/7 656/3243/627 667/3094/1918
f 14/598/43 13/795/506 1/599/505
f 13/795/506 23/69/65 34/620/507
f 12/3245/508 1/599/505 13/795/506
f 2108/371/324 2159/370/323 2158/604/509
f 479/606/511 480/755/563 470/607/512
f 1933/609/514 1927/2318/750 1919/610/515
f 43/631/530 44/77/73 50/612/517
f 44/797/73 61/796/141 50/3246/517
f 127/296/252 126/273/245 114/274/246
f 452/374/327 464/373/326 465/613/518
f 16/614/519 26/849/303 25/44/42
f 503/550/476 526/3232/1942 512/615/520
f 526/3232/1942 556/722/592 542/3247/644
f 512/615/520 526/3232/1942 528/3248/360
f 556/722/592 557/3220/1937 542/3247/644
f 542/3247/644 528/3248/360 526/3232/1942
f 33/617/75 32/3249/74 21/584/480
f 348/618/147 358/275/247 359/43/41
f 35/621/522 51/143/134 62/327/286
f 62/327/286 34/620/507 35/621/522
f 330/622/523 319/3250/495 320/582/499
f 135/3251/529 145/3252/230 170/448/390
f 145/3252/230 155/3253/229 170/448/390
f 155/3253/229 165/3192/319 170/448/390
f 170/448/390 134/447/389 135/3251/529
f 134/447/389 122/694/572 111/624/221
f 135/3251/529 134/447/389 123/625/525
f 495/355/308 485/332/291 484/334/293
f 540/3254/648 549/628/528 541/627/527
f 549/628/528 554/3142/1096 555/217/194
f 136/298/265 146/254/228 145/256/230
f 40/630/80 29/639/79 30/38/36
f 43/631/530 42/106/98 31/88/82
f 355/632/333 366/637/72 367/633/531
f 372/634/532 373/653/63 361/635/62
f 367/633/531 378/108/100 368/3/3
f 378/108/100 395/110/102 396/636/533
f 366/637/72 377/3125/71 378/108/100
f 375/638/534 376/648/541 365/74/70
f 29/639/79 18/564/487 19/39/37
f 357/640/535 369/3149/700 370/216/193
f 289/518/450 301/553/479 300/3102/1919
f 301/553/479 313/641/536 312/643/538
f 313/641/536 323/3255/1945 334/642/537
f 312/643/538 300/3102/1919 301/553/479
f 2107/605/510 2158/604/509 2157/644/539
f 374/80/76 391/136/127 382/646/105
f 391/136/127 392/135/103 382/646/105
f 376/648/541 383/112/104 384/649/101
f 382/113/105 383/112/104 376/648/541
f 1390/652/544 1444/1274/948 1443/650/542
f 1444/1274/948 1497/1275/949 1443/650/542
f 1497/1275/949 691/1252/929 1496/3256/1807
f 691/1252/929 690/2179/1743 1496/3256/1807
f 1333/3257/925 1335/1271/926 1389/651/543
f 1335/1271/926 1390/652/544 1389/651/543
f 1497/1275/949 1496/3256/1807 1443/650/542
f 381/654/545 388/670/558 389/677/136
f 389/677/136 373/653/63 381/654/545
f 50/612/517 49/655/546 42/106/98
f 380/127/119 381/654/545 372/634/532
f 48/107/99 58/656/547 57/3258/366
f 57/421/366 40/84/80 48/3259/99
f 387/126/118 388/670/558 381/654/545
f 49/655/546 59/138/129 58/656/547
f 1287/657/548 1340/1420/1046 1347/658/549
f 859/660/551 911/1406/1034 918/661/552
f 60/139/130 59/138/129 49/655/546
f 47/663/97 54/754/610 53/114/106
f 1026/664/554 1019/1411/1037 1072/665/555
f 483/3260/297 493/3162/296 501/551/477
f 493/3162/296 500/304/270 501/551/477
f 501/551/477 462/293/263 473/667/254
f 483/3260/297 501/551/477 473/667/254
f 462/293/263 450/292/262 449/713/587
f 462/293/263 449/713/587 461/267/239
f 68/668/367 57/3258/366 58/656/547
f 399/164/152 400/169/155 388/670/558
f 59/138/129 70/173/159 69/669/557
f 385/271/243 397/170/156 398/162/150
f 210/3200/650 217/671/248 209/396/346
f 217/671/248 230/443/386 229/121/113
f 394/672/145 405/3261/144 406/673/559
f 1177/674/560 1232/1388/1946 1231/675/561
f 386/272/244 398/162/150 399/164/152
f 400/169/155 401/168/137 389/677/136
f 385/895/243 396/636/533 397/678/156
f 396/636/533 418/194/177 397/678/156
f 83/182/124 82/172/158 71/137/128
f 409/163/151 410/167/154 400/169/155
f 70/173/159 81/200/181 80/199/180
f 480/679/563 481/764/616 471/680/564
f 405/155/144 416/175/161 417/682/565
f 414/684/566 415/700/577 404/174/160
f 79/685/182 68/668/367 69/669/557
f 84/131/123 122/694/572 110/225/202
f 122/694/572 121/320/281 110/225/202
f 110/225/202 100/224/201 84/131/123
f 76/186/162 77/3262/163 87/185/170
f 77/3262/163 95/686/174 87/185/170
f 409/163/151 408/171/157 419/213/178
f 409/163/151 420/208/189 421/688/172
f 1077/689/568 1130/1513/1106 1129/690/569
f 101/693/206 111/624/221 122/694/572
f 122/694/572 84/131/123 91/692/571
f 84/131/123 73/3180/578 91/692/571
f 413/3128/149 412/697/574 430/696/260
f 412/697/574 450/292/262 440/695/573
f 450/292/262 451/3160/325 440/695/573
f 424/698/575 433/234/211 434/708/584
f 434/1240/584 417/1239/565 424/3263/575
f 414/684/566 422/291/261 423/699/576
f 416/175/161 415/700/577 423/699/576
f 85/183/168 92/230/207 91/3145/571
f 91/3145/571 73/701/578 85/183/168
f 144/702/579 154/343/299 153/345/256
f 94/687/567 93/221/198 86/704/580
f 92/230/207 85/183/168 86/704/580
f 496/339/298 486/341/273 485/332/291
f 98/214/192 89/198/179 90/181/167
f 422/291/261 431/231/208 432/233/210
f 105/247/173 104/246/223 94/687/567
f 1919/610/515 1927/2318/750 1929/706/582
f 436/252/226 437/251/225 427/209/190
f 443/241/218 444/316/279 434/708/584
f 435/318/280 436/317/226 426/709/191
f 104/246/223 103/222/199 93/221/198
f 108/710/585 107/2960/212 97/711/213
f 430/290/260 440/717/573 441/712/586
f 449/713/587 439/361/314 438/714/588
f 448/715/240 438/990/588 437/251/225
f 114/274/246 113/243/220 103/222/199
f 533/400/350 534/399/349 519/716/589
f 441/712/586 452/374/327 453/240/217
f 440/717/573 451/372/325 452/374/327
f 143/703/20 132/728/92 133/718/590
f 178/353/306 177/3195/631 161/719/53
f 123/720/525 111/244/221 112/242/219
f 465/613/518 466/723/269 454/315/278
f 555/217/194 573/219/196 556/722/592
f 573/219/196 584/458/399 595/466/406
f 556/722/592 573/219/196 595/466/406
f 584/458/399 594/889/686 595/466/406
f 556/722/592 526/3232/1942 541/627/527
f 526/3232/1942 525/809/641 541/627/527
f 466/723/269 467/3264/268 455/724/593
f 363/81/77 364/85/45 353/725/4
f 124/721/591 112/242/219 113/243/220
f 460/726/241 448/715/240 447/265/238
f 132/728/92 120/319/91 121/320/281
f 539/3198/351 538/827/657 547/731/597
f 538/827/657 552/729/595 547/731/597
f 469/608/513 470/607/512 458/732/237
f 470/733/512 471/3265/564 459/727/594
f 464/373/326 475/767/305 476/734/274
f 135/629/529 123/3266/525 124/735/591
f 160/742/602 168/741/601 167/736/598
f 128/281/253 116/178/164 129/760/615
f 116/178/164 117/263/236 129/760/615
f 150/57/54 160/742/602 167/736/598
f 129/760/615 140/3267/668 128/281/253
f 140/3267/668 150/57/54 128/281/253
f 439/361/314 429/360/313 428/737/188
f 472/284/255 460/283/241 459/738/594
f 189/740/600 221/36/34 200/3202/362
f 221/36/34 220/3211/377 214/3203/376
f 200/3202/362 221/36/34 214/3203/376
f 200/3202/362 184/3268/628 189/740/600
f 184/3268/628 175/739/599 189/740/600
f 175/739/599 166/3152/116 167/736/598
f 161/56/53 177/793/631 168/741/601
f 177/793/631 176/792/630 168/741/601
f 472/284/255 482/336/295 483/338/297
f 147/743/294 157/3269/316 156/744/603
f 499/747/606 507/819/649 490/745/604
f 507/819/649 508/818/364 490/745/604
f 504/748/521 512/778/520 513/356/309
f 513/356/309 495/355/308 504/748/521
f 190/383/335 224/465/405 204/749/607
f 224/465/405 223/278/250 218/277/249
f 224/465/405 218/277/249 204/749/607
f 169/387/339 170/448/390 180/377/330
f 170/448/390 190/383/335 188/750/608
f 180/377/330 170/448/390 188/750/608
f 28/82/78 27/91/85 17/349/304
f 17/3270/304 5/3271/729 6/3272/609
f 54/754/610 66/915/94 65/140/131
f 489/746/605 490/745/604 480/755/563
f 1629/2306/1731 1583/2309/1733 1582/3273/1947
f 1583/2309/1733 1587/2257/1690 1567/3274/1948
f 1582/3273/1947 1583/2309/1733 1567/3274/1948
f 1587/2257/1690 1568/3275/1669 1567/3274/1948
f 1626/2302/1727 1629/2306/1731 1581/3276/1768
f 1581/3276/1768 1629/2306/1731 1582/3273/1947
f 1620/758/613 1623/2299/1724 1580/756/611
f 1623/2299/1724 1626/2302/1727 1581/3276/1768
f 1578/3277/1848 1617/2293/1719 1579/757/612
f 1617/2293/1719 1620/758/613 1579/757/612
f 1623/2299/1724 1581/3276/1768 1580/756/611
f 141/759/614 140/3267/668 129/760/615
f 490/761/604 491/775/622 481/762/616
f 481/764/616 491/3278/622 492/765/271
f 463/766/264 474/333/292 475/767/305
f 11/3279/16 12/3245/508 22/769/14
f 12/3245/508 34/620/507 22/769/14
f 1283/771/618 1286/3280/1949 1178/772/619
f 676/3281/1092 753/1398/1027 1447/3282/1950
f 1429/3283/1108 1507/3284/1090 1447/3282/1950
f 1507/3284/1090 676/3281/1092 1447/3282/1950
f 1344/3285/1093 1375/3286/1095 1283/771/618
f 1375/3286/1095 1429/3283/1108 1447/3282/1950
f 1237/770/617 1291/3287/1101 1283/771/618
f 1291/3287/1101 1344/3285/1093 1283/771/618
f 1129/3288/569 1183/3289/1104 1178/772/619
f 1183/3289/1104 1237/770/617 1178/772/619
f 858/3290/1951 804/3291/1952 801/3292/1953
f 963/3293/1954 858/3290/1951 801/3292/1953
f 1016/3294/1955 1129/3288/569 1071/3295/1956
f 1375/3286/1095 1447/3282/1950 1283/771/618
f 963/3293/1954 801/3292/1953 1016/3294/1955
f 1071/3295/1956 963/3293/1954 1016/3294/1955
f 1178/772/619 1071/3295/1956 1129/3288/569
f 936/227/204 989/3296/1957 993/773/620
f 498/3297/1931 497/776/231 505/774/621
f 497/776/231 515/359/312 505/774/621
f 508/416/364 509/415/363 491/775/622
f 514/354/307 515/359/312 497/776/231
f 512/778/520 528/410/360 522/777/623
f 528/410/360 529/409/359 522/777/623
f 506/780/625 527/386/338 507/819/649
f 527/386/338 524/404/354 517/403/353
f 507/819/649 527/386/338 517/403/353
f 507/819/649 499/747/606 506/780/625
f 471/680/564 481/764/616 482/336/295
f 432/233/210 433/234/211 424/698/575
f 157/363/316 173/390/342 172/364/317
f 152/23/21 151/847/55 141/782/614
f 665/783/626 666/3298/1944 656/784/627
f 184/786/628 183/388/340 174/362/315
f 509/415/363 519/716/589 520/788/629
f 178/353/306 179/3187/332 187/790/331
f 187/790/331 196/3199/662 195/391/343
f 172/364/317 182/814/645 181/791/334
f 186/330/289 185/329/288 176/792/630
f 523/794/632 514/354/307 513/356/309
f 24/70/66 23/69/65 13/795/506
f 33/768/75 34/620/507 44/797/73
f 34/620/507 62/327/286 44/797/73
f 551/799/634 562/568/489 563/441/384
f 563/441/384 545/411/361 551/799/634
f 535/800/635 520/788/629 519/716/589
f 522/777/623 529/409/359 530/801/636
f 529/409/359 536/408/358 537/816/647
f 530/801/636 529/409/359 537/816/647
f 916/802/637 917/1549/1132 970/803/638
f 18/807/487 29/83/79 28/82/78
f 28/82/78 6/805/609 18/807/487
f 521/376/329 520/3190/629 525/809/641
f 520/3190/629 535/808/635 525/809/641
f 535/808/635 540/3254/648 541/627/527
f 183/388/340 184/786/628 193/406/356
f 184/3268/628 200/3202/362 193/3299/356
f 542/812/644 557/3300/1937 550/810/642
f 557/3300/1937 560/3028/1904 561/3301/1958
f 550/3302/642 557/3303/1937 561/3304/1958
f 172/364/317 173/390/342 182/814/645
f 173/390/342 192/389/341 182/814/645
f 546/3201/337 545/411/361 558/815/646
f 545/3305/361 563/3306/384 558/3307/646
f 536/408/358 543/811/643 544/798/633
f 543/811/643 550/810/642 551/799/634
f 544/798/633 543/811/643 551/799/634
f 534/399/349 548/837/664 540/817/648
f 548/837/664 549/1500/528 540/817/648
f 517/403/353 518/402/352 508/818/364
f 203/834/355 204/833/607 210/3308/650
f 204/3309/607 218/3310/249 210/3311/650
f 198/958/732 205/957/651 197/3196/345
f 205/957/651 212/426/371 211/846/652
f 238/119/111 248/482/422 247/484/424
f 523/794/632 530/801/636 531/357/310
f 531/357/310 515/359/312 523/794/632
f 601/826/656 639/314/277 612/3312/715
f 639/314/277 628/3166/1753 612/3312/715
f 612/3312/715 602/824/654 601/826/656
f 559/828/658 601/826/656 570/430/373
f 601/826/656 590/825/655 581/3216/391
f 570/430/373 601/826/656 581/3216/391
f 570/430/373 552/729/595 559/828/658
f 552/729/595 538/827/657 559/828/658
f 538/827/657 524/404/354 527/386/338
f 45/829/107 52/144/132 51/143/134
f 51/3313/134 35/3314/522 45/3315/107
f 1168/3316/1959 1222/3317/1960 1190/1680/1231
f 1222/3317/1960 1275/3112/1928 1244/1681/1232
f 1190/1680/1231 1222/3317/1960 1244/1681/1232
f 1275/3112/1928 1298/1682/1233 1244/1681/1232
f 1116/3318/1961 1168/3316/1959 1190/1680/1231
f 1007/832/661 1061/3319/1962 1083/830/659
f 1061/3319/1962 1116/3318/1961 1083/830/659
f 901/3109/1925 953/3320/1963 975/1677/1228
f 953/3320/1963 1007/832/661 1030/831/660
f 975/1677/1228 922/1676/1227 901/3109/1925
f 1030/831/660 975/1677/1228 953/3320/1963
f 1116/3318/1961 1190/1680/1231 1136/1678/1229
f 1116/3318/1961 1136/1678/1229 1083/830/659
f 187/378/331 188/750/608 196/3321/662
f 188/3322/608 204/3323/607 196/3324/662
f 395/110/102 406/673/559 396/636/533
f 406/673/559 417/1239/565 418/194/177
f 383/112/104 393/154/143 394/156/145
f 4/836/663 16/945/519 15/593/44
f 553/839/596 565/853/375 566/852/671
f 566/852/671 548/837/664 553/839/596
f 658/840/388 659/571/491 648/841/665
f 550/810/642 561/3301/1958 562/568/489
f 561/3301/1958 568/3027/1903 569/569/490
f 562/568/489 561/3301/1958 569/569/490
f 647/842/242 648/841/665 636/843/666
f 212/426/371 225/425/370 219/845/667
f 225/425/370 232/850/669 231/3325/677
f 219/3191/667 225/3326/370 231/862/677
f 151/847/55 150/3327/54 140/848/668
f 26/849/303 38/99/84 37/86/81
f 226/424/369 233/453/395 232/850/669
f 569/569/490 568/3027/1903 574/462/403
f 568/3027/1903 579/851/670 574/462/403
f 571/854/374 576/451/393 577/73/69
f 577/73/69 566/852/671 571/854/374
f 244/855/415 234/3328/378 235/856/672
f 1179/858/674 1233/1416/1043 1240/859/675
f 243/452/394 242/474/414 232/850/669
f 242/861/414 241/872/684 231/862/677
f 2169/2997/1847 2178/865/678 2168/864/410
f 2178/865/678 2188/3026/1902 2187/866/679
f 579/851/670 586/868/412 580/463/404
f 586/868/412 597/3329/411 587/867/680
f 597/3329/411 598/891/696 587/867/680
f 219/3191/667 231/862/677 224/465/405
f 231/862/677 241/872/684 262/30/28
f 241/872/684 251/871/683 262/30/28
f 246/870/682 257/3225/425 256/488/428
f 256/488/428 221/36/34 236/869/681
f 221/36/34 222/428/372 236/869/681
f 582/450/392 591/882/688 592/886/692
f 592/886/692 577/73/69 582/450/392
f 220/3211/377 221/36/34 235/856/672
f 221/36/34 256/488/428 235/856/672
f 256/488/428 255/874/685 245/857/673
f 242/861/414 252/873/430 241/872/684
f 252/873/430 264/500/440 251/871/683
f 264/500/440 263/493/433 251/871/683
f 255/874/685 267/498/438 266/505/442
f 266/505/442 254/875/431 255/874/685
f 254/875/431 244/855/415 245/857/673
f 583/71/67 593/878/687 584/877/399
f 593/878/687 605/887/693 594/876/686
f 605/887/693 606/902/695 594/876/686
f 587/867/680 598/891/696 599/879/419
f 590/881/655 602/897/654 603/899/702
f 603/899/702 591/882/688 590/881/655
f 591/882/688 582/450/392 581/449/391
f 621/884/690 638/3330/1964 639/314/277
f 639/314/277 601/826/656 621/884/690
f 601/826/656 600/480/420 611/883/689
f 591/882/688 603/899/702 604/885/691
f 593/878/687 592/886/692 604/885/691
f 596/467/407 595/466/406 607/3222/1938
f 595/466/406 633/596/503 617/888/694
f 607/3222/1938 595/466/406 617/888/694
f 606/890/695 616/910/705 595/466/406
f 616/910/705 632/912/710 633/596/503
f 595/466/406 616/910/705 633/596/503
f 598/891/696 597/3329/411 608/892/697
f 598/891/696 609/893/698 610/894/699
f 357/3096/535 368/3/3 369/896/700
f 368/3/3 396/636/533 369/896/700
f 602/897/654 612/922/715 613/898/701
f 603/899/702 613/898/701 614/900/703
f 605/887/693 604/885/691 614/900/703
f 606/902/695 605/887/693 615/901/704
f 608/904/697 607/3222/1938 617/888/694
f 609/893/698 608/892/697 618/906/706
f 609/893/698 619/907/707 620/908/708
f 610/909/699 620/916/708 621/884/690
f 615/901/704 624/914/709 616/903/705
f 624/914/709 631/924/717 632/927/710
f 613/898/701 622/921/714 623/913/711
f 615/901/704 614/900/703 623/913/711
f 66/915/94 76/186/162 75/165/153
f 627/917/712 637/931/718 638/3330/1964
f 638/3331/1964 621/3332/690 627/3333/712
f 619/907/707 618/906/706 625/918/455
f 619/907/707 626/919/713 627/920/712
f 612/3312/715 628/3166/1753 622/3334/714
f 628/2429/1753 629/934/724 622/921/714
f 622/921/714 629/934/724 630/923/716
f 624/914/709 623/913/711 630/923/716
f 626/919/713 625/918/455 635/844/454
f 626/919/713 636/843/666 637/925/718
f 643/926/719 644/937/504 632/927/710
f 642/928/720 643/926/719 631/924/717
f 308/929/721 296/528/458 297/544/472
f 646/9/9 647/270/242 635/522/454
f 650/930/722 638/3330/1964 637/931/718
f 649/933/723 637/925/718 636/843/666
f 642/928/720 630/923/716 629/934/724
f 296/528/458 308/929/721 307/935/725
f 655/785/497 656/784/627 644/937/504
f 654/547/473 655/785/497 643/926/719
f 315/560/484 303/533/463 304/535/321
f 308/929/721 319/576/495 318/578/464
f 661/939/727 650/930/722 649/932/723
f 660/940/381 649/933/723 648/841/665
f 319/576/495 308/929/721 309/559/483
f 653/574/475 641/3335/474 640/942/276
f 566/852/671 577/73/69 572/943/728
f 577/73/69 578/72/68 572/943/728
f 16/945/519 4/836/663 5/946/729
f 344/948/488 355/632/333 356/2/2
f 589/951/731 600/480/420 601/826/656
f 601/826/656 559/828/658 589/951/731
f 559/828/658 558/3193/646 564/950/383
f 312/643/538 334/642/537 322/3336/481
f 334/642/537 333/3337/733 322/3336/481
f 299/953/470 300/3102/1919 312/643/538
f 312/643/538 322/3336/481 311/952/469
f 349/346/301 350/3338/10 338/954/12
f 325/324/283 324/3339/1470 314/955/478
f 191/813/344 192/389/341 198/958/732
f 192/389/341 206/148/138 198/958/732
f 333/959/733 332/581/498 321/583/482
f 74/960/169 73/3180/578 63/328/287
f 1482/961/734 675/1346/989 674/962/396
f 837/964/736 891/3340/994 890/965/737
f 1374/967/739 1428/1341/985 1427/968/740
f 1648/970/742 1656/1354/736 1655/971/738
f 1051/973/744 1106/1336/515 1105/974/745
f 108/710/585 98/214/192 99/705/581
f 1687/976/747 1689/989/759 1681/977/748
f 1105/974/745 1106/1336/515 1158/979/750
f 1320/981/752 1374/967/739 1373/969/741
f 1719/983/754 1727/2419/752 1729/984/753
f 1051/973/744 1065/975/746 1012/986/756
f 1695/988/758 1697/2324/1739 1689/989/759
f 438/990/588 428/207/188 427/209/190
f 1911/991/760 1912/2681/1819 1919/610/515
f 1663/992/737 1664/1356/994 1672/993/761
f 1640/455/397 1648/970/742 1647/972/743
f 677/995/763 678/3341/1965 730/996/764
f 729/997/765 730/996/764 785/998/766
f 785/998/766 840/1001/769 839/1000/768
f 840/1001/769 893/3342/1966 892/1002/770
f 892/1002/770 893/3342/1966 945/1003/771
f 945/1003/771 999/1006/774 998/1005/773
f 999/1006/774 1053/3343/1967 1052/1007/775
f 1052/1007/775 1053/3343/1967 1108/1008/776
f 1108/1008/776 1160/1011/779 1159/1010/778
f 1160/1011/779 1214/1013/781 1213/1012/780
f 1214/1013/781 1267/1015/783 1266/1014/782
f 1267/1015/783 1322/3344/1968 1321/1016/784
f 1321/1016/784 1322/3344/1968 1377/1017/785
f 1376/1018/786 1377/1017/785 1431/1019/787
f 1431/1019/787 1484/1022/790 1483/1021/789
f 1484/1022/790 678/3341/1965 677/995/763
f 1109/1023/791 1161/1068/1969 1160/1024/792
f 679/1026/793 731/1056/804 730/1027/794
f 1322/1029/795 1323/1054/795 1378/1030/796
f 893/1032/797 894/1062/797 946/1033/798
f 1215/1035/800 1268/1070/1970 1267/1036/801
f 1053/1038/802 1054/1066/1971 1109/1023/791
f 1160/1024/792 1161/1068/1969 1215/1039/800
f 945/1034/799 946/1033/798 1000/1041/803
f 731/1043/804 786/3345/805 785/1044/805
f 1378/1030/796 1432/1073/806 1431/1046/806
f 1485/1047/807 679/1026/793 678/1028/793
f 1432/1049/806 1485/1047/807 1484/1048/808
f 785/1051/805 786/1060/805 841/1052/809
f 1267/1036/801 1268/1070/1970 1323/1054/795
f 841/1052/809 894/1062/797 893/1032/797
f 680/1055/810 732/3346/1972 731/1056/811
f 731/1056/811 732/3346/1972 787/1057/812
f 787/1059/812 842/1061/814 841/1052/814
f 842/1061/814 895/3347/815 894/1062/815
f 894/1062/815 895/3347/815 947/1063/816
f 947/1063/816 1001/3348/817 1000/1041/817
f 1000/1064/817 1001/3349/817 1055/1065/818
f 1055/1065/818 1110/3350/819 1109/1023/819
f 1109/1023/819 1110/3350/819 1162/1067/820
f 1162/1067/820 1216/3351/821 1215/1039/821
f 1216/1069/821 1269/3352/822 1268/1070/822
f 1268/1070/822 1269/3352/822 1324/1071/823
f 1324/1071/823 1379/1072/824 1378/1030/824
f 1379/1072/824 1433/3353/825 1432/1073/825
f 1433/1074/825 1486/3354/1973 1485/1047/826
f 1485/1047/826 1486/3354/1973 680/1055/810
f 682/1075/827 734/1078/828 733/1076/828
f 734/1078/828 789/3355/829 788/1079/829
f 788/1079/829 789/3355/829 844/1080/830
f 844/1082/830 897/1085/831 896/1083/831
f 897/1085/831 949/1803/832 948/1086/832
f 949/1087/832 1003/3356/833 1002/1088/833
f 1002/1088/833 1003/3356/833 1057/1090/834
f 1057/1092/834 1112/1805/835 1111/1093/835
f 1111/1095/835 1112/3357/835 1164/1096/836
f 1163/1097/836 1164/1096/836 1218/1098/837
f 1217/1099/837 1218/1098/837 1271/1100/838
f 1270/1102/838 1271/1808/838 1326/1103/839
f 1326/1103/839 1381/1809/840 1380/1105/840
f 1380/1106/840 1381/3358/840 1435/1107/841
f 1434/1108/841 1435/1107/841 1488/1109/842
f 1488/1111/842 682/1801/827 681/1112/827
f 683/1114/843 684/3359/843 736/1115/844
f 736/1115/844 791/3360/1974 790/1117/845
f 790/1118/845 791/3361/1974 846/1119/846
f 846/1119/846 899/1122/847 898/1121/847
f 899/1122/847 951/3362/848 950/1123/848
f 950/1123/848 951/3362/848 1005/1124/849
f 1005/1126/849 1059/3363/850 1058/1127/850
f 1058/1127/850 1059/3363/850 1114/1129/851
f 1113/1130/851 1114/1129/851 1166/1131/852
f 1165/1132/852 1166/1131/852 1220/1133/853
f 1220/1135/853 1273/1138/855 1272/1136/855
f 1273/1138/855 1328/3364/856 1327/1139/856
f 1327/1139/856 1328/3364/856 1383/1140/857
f 1383/1140/857 1437/3365/859 1436/1142/858
f 1437/1143/859 1490/1146/860 1489/1144/860
f 1490/1146/860 684/3359/843 683/1114/843
f 684/1147/861 685/1174/861 737/1148/862
f 737/1148/862 792/1151/863 791/1150/863
f 792/1151/863 847/3366/864 846/1152/864
f 846/1152/864 847/3366/864 900/1153/865
f 899/1154/865 900/1153/865 952/1155/866
f 951/1156/866 952/1155/866 1006/1157/867
f 1005/1158/867 1006/1157/867 1060/1159/868
f 1060/1159/868 1115/1162/869 1114/1161/869
f 1115/1162/869 1167/3367/870 1166/1163/870
f 1166/1163/870 1167/3367/870 1221/1164/871
f 1220/1165/872 1221/1164/871 1274/1166/873
f 1274/1166/873 1329/3368/874 1328/1168/874
f 1328/1168/874 1329/3368/874 1384/1169/875
f 1383/1170/875 1384/1169/875 1438/1171/876
f 1438/1171/876 1491/3369/877 1490/1173/877
f 1490/1173/877 1491/3369/877 685/1174/861
f 686/1175/878 687/3370/878 739/1176/879
f 739/1176/879 794/1179/880 793/1178/880
f 794/1179/880 849/3371/881 848/1180/881
f 848/1181/881 849/3372/881 902/1182/882
f 902/1182/882 954/1185/883 953/1184/883
f 954/1185/883 1008/1187/885 1007/1186/884
f 1008/1187/885 1062/1189/886 1061/1188/886
f 1062/1189/886 1117/3373/887 1116/1190/887
f 1116/1190/887 1117/3373/887 1169/1191/888
f 1168/1192/888 1169/1191/888 1223/1193/889
f 1223/1193/889 1276/3374/890 1275/1195/890
f 1275/1195/890 1276/3374/890 1331/1196/891
f 1331/1198/891 1386/1201/892 1385/1199/892
f 1386/1201/892 1440/1203/893 1439/1202/893
f 1440/1203/893 1493/1205/894 1492/1204/894
f 1493/1205/894 687/3370/878 686/1175/878
f 688/1206/895 689/3375/1975 741/1207/896
f 740/1208/897 741/1207/896 796/1209/898
f 795/1211/899 796/3376/898 851/1212/900
f 851/1214/900 904/3377/1976 903/1215/902
f 903/1215/902 904/3377/1976 955/1217/903
f 955/1217/903 1010/3378/1977 1009/1219/905
f 1009/1220/905 1010/3379/1977 1063/1221/906
f 1063/1221/906 1118/1224/909 1155/1223/908
f 1118/1224/909 1170/1226/911 1209/1225/910
f 1170/1226/911 1225/3380/1978 1224/1227/912
f 1224/1228/912 1225/3381/1978 1277/1229/913
f 1277/1229/913 1332/1232/916 1370/1231/915
f 1332/1232/916 1388/1234/918 1387/1233/917
f 1388/1234/918 1442/3382/1979 1441/1235/919
f 1441/1236/919 1442/3383/1979 1495/1237/920
f 1495/1237/920 689/3375/1975 688/1206/895
f 434/1240/584 444/3384/279 418/194/177
f 444/3384/279 455/3119/593 456/3117/1932
f 418/194/177 444/3384/279 456/3117/1932
f 1714/1243/924 1722/2358/944 1720/1241/922
f 1722/2358/944 1730/1246/926 1720/1241/922
f 1730/1246/926 1728/1245/925 1720/1241/922
f 1712/1242/923 1704/2447/1912 1706/2355/941
f 1712/1242/923 1706/2355/941 1714/1243/924
f 1746/2363/948 1754/2364/949 1745/2445/542
f 1754/2364/949 1634/2338/929 1753/2471/1807
f 1634/2338/929 1633/2337/1743 1753/2471/1807
f 1754/2364/949 1753/2471/1807 1745/2445/542
f 1730/1246/926 1738/2361/544 1737/1244/543
f 1738/2361/544 1746/2363/948 1745/2445/542
f 1737/1244/543 1738/2361/544 1745/2445/542
f 1954/1249/926 1962/2632/544 1961/1247/543
f 1962/2632/544 1970/2608/948 1961/1247/543
f 1970/2608/948 1969/2607/542 1961/1247/543
f 1953/1248/925 1945/2712/922 1946/2630/944
f 1953/1248/925 1946/2630/944 1954/1249/926
f 692/1250/927 744/1277/951 743/1251/928
f 743/1251/928 744/1277/951 799/1253/930
f 799/1253/930 854/1279/953 853/1255/418
f 853/1255/418 854/1279/953 907/1256/932
f 907/1256/932 959/1281/955 958/1258/934
f 958/1258/934 959/1281/955 1014/1259/935
f 1013/1260/936 1014/1259/935 1067/1261/937
f 1067/1261/937 1121/1264/940 1120/1263/939
f 1121/1264/940 1174/1266/942 1173/1265/941
f 1174/1266/942 1229/1287/961 1228/1267/924
f 1228/1267/924 1229/1287/961 1281/1268/943
f 1280/1269/944 1281/1268/943 1336/1270/945
f 1335/1271/926 1336/1270/945 1391/1272/946
f 1390/652/544 1391/1272/946 1445/1273/947
f 1445/1273/947 1498/1291/965 1497/1275/949
f 1497/1275/949 1498/1291/965 692/1250/927
f 692/1250/927 693/1292/966 745/1276/950
f 745/1276/950 800/1278/952 799/1253/930
f 800/1278/952 855/3385/967 854/1279/953
f 854/1279/953 855/3385/967 908/1280/954
f 908/1280/954 960/3386/969 959/1281/955
f 959/1281/955 960/3386/969 1015/1282/956
f 1014/1259/935 1015/1282/956 1068/1283/957
f 1067/1261/937 1068/1283/957 1122/1284/958
f 1121/1264/940 1122/1284/958 1175/1285/959
f 1174/1266/942 1175/1285/959 1230/1286/960
f 1230/1286/960 1282/3387/971 1281/1268/943
f 1281/1268/943 1282/3387/971 1337/1288/962
f 1337/1288/962 1392/1289/963 1391/1272/946
f 1392/1289/963 1446/3388/973 1445/1273/947
f 1445/1273/947 1446/3388/973 1499/1290/964
f 1498/1291/965 1499/1290/964 693/1292/966
f 674/1293/396 727/1296/398 745/1294/950
f 727/1296/398 781/3389/743 800/1297/952
f 800/1298/952 781/3390/743 836/1299/738
f 855/1300/967 836/1299/738 890/1301/737
f 908/1302/954 890/1301/737 957/1303/968
f 957/1303/968 1012/3391/756 1015/1305/956
f 1012/1306/756 1065/1309/746 1068/1307/957
f 1065/1309/746 1105/3392/745 1122/1310/958
f 1122/1310/958 1105/3392/745 1172/1311/751
f 1172/1311/751 1227/3393/970 1230/1313/960
f 1227/1314/970 1279/1317/972 1282/1315/971
f 1279/1317/972 1334/1319/753 1337/1318/962
f 1334/1319/753 1373/1321/741 1392/1320/963
f 1373/1321/741 1427/3394/740 1446/1322/973
f 1427/1323/740 1481/1326/735 1499/1324/964
f 1481/1326/735 674/1293/396 693/1295/966
f 1936/1327/974 1927/2318/750 1933/609/514
f 1872/1329/975 1864/2332/397 1869/1330/976
f 997/987/757 943/1334/980 961/1332/978
f 943/1334/980 891/3340/994 909/1335/981
f 1176/676/562 1158/979/750 1106/1336/515
f 1320/981/752 1265/1343/754 1284/1338/982
f 1500/1340/984 1482/961/734 1428/1341/985
f 1265/1343/754 1212/2325/996 1231/675/561
f 1428/1341/985 1374/967/739 1393/1344/987
f 746/1345/988 728/2601/397 675/1346/989
f 1949/1348/982 1944/2421/1752 1936/1327/974
f 1661/1349/991 1656/1354/736 1648/970/742
f 1693/1351/992 1687/976/747 1679/978/749
f 1669/1353/981 1664/1356/994 1656/1354/736
f 1677/1355/993 1672/993/761 1664/1356/994
f 1725/1357/995 1719/983/754 1711/1358/996
f 1069/1360/992 1070/1386/1980 1124/1361/997
f 1717/1359/561 1718/3395/1981 1726/1362/998
f 962/1363/999 1018/1387/1827 1017/1333/979
f 910/1364/1000 962/1363/999 961/1332/978
f 1231/675/561 1232/1388/1946 1285/1365/998
f 1285/1365/998 1339/1390/1754 1338/1339/983
f 1685/1352/979 1686/2688/1828 1694/1366/1001
f 1500/1340/984 1501/1382/1761 695/1367/1002
f 1645/1368/976 1646/3396/1982 1654/1369/1003
f 1934/1370/1004 1942/3397/1983 1941/1328/561
f 1662/1371/1005 1670/2689/1830 1669/1353/981
f 1653/1350/977 1654/1369/1003 1662/1371/1005
f 1638/1372/1002 1646/3396/1982 1645/1368/976
f 1750/1374/1006 1758/3398/1984 1757/1375/1007
f 1973/1377/986 1974/2687/1825 1982/1378/1008
f 1725/1357/995 1726/1362/998 1734/1380/1009
f 1501/3399/1010 1502/1397/1026 748/1396/1025
f 1501/1382/1010 748/3400/1025 747/1383/1011
f 747/3401/1011 748/1396/1025 804/3291/1952
f 804/3291/1952 858/3290/1951 857/3402/1012
f 747/1383/1011 804/3403/1952 857/1384/1012
f 857/3402/1012 858/3290/1951 963/3293/1954
f 857/1384/1012 963/3404/1954 962/1363/1013
f 962/3405/1013 963/3293/1954 1071/3295/1956
f 962/1363/1013 1071/3406/1956 1070/1386/1015
f 1070/3407/1015 1071/3295/1956 1178/772/619
f 1070/1386/1015 1178/3408/619 1177/674/1016
f 1177/3409/1016 1178/772/619 1286/3280/1949
f 1177/674/1016 1286/3410/1949 1285/1365/1018
f 1285/3411/1018 1286/3280/1949 1395/3412/1985
f 1285/1365/1018 1395/3413/1985 1394/1389/1020
f 1394/3414/1020 1395/3412/1985 1502/1397/1026
f 1394/1389/1020 1502/3415/1026 1501/1382/1010
f 537/816/647 544/798/633 545/411/361
f 545/411/361 531/357/310 537/816/647
f 2148/1392/1022 2147/3035/1908 2096/1393/1023
f 2149/27/25 2148/3416/1022 2097/1395/1024
f 915/3417/1107 968/3418/1098 1016/3294/1955
f 968/3418/1098 1023/3419/1100 1016/3294/1955
f 1023/3419/1100 1076/3420/570 1016/3294/1955
f 1076/3420/570 1129/3288/569 1016/3294/1955
f 838/3421/1110 915/3417/1107 801/3292/1953
f 753/1398/1027 783/3422/1111 801/3292/1953
f 783/3422/1111 838/3421/1110 801/3292/1953
f 1286/3280/1949 1283/771/618 1395/3412/1985
f 1283/771/618 1447/3282/1950 1395/3412/1985
f 1447/3282/1950 753/1398/1027 1502/1397/1026
f 915/3417/1107 1016/3294/1955 801/3292/1953
f 801/3292/1953 804/3291/1952 748/1396/1025
f 1502/1397/1026 1395/3412/1985 1447/3282/1950
f 801/3292/1953 748/1396/1025 753/1398/1027
f 456/3117/1932 468/61/58 445/52/49
f 468/61/58 502/779/624 469/608/513
f 502/779/624 499/747/606 489/746/605
f 489/746/605 479/606/511 502/779/624
f 479/606/511 469/608/513 502/779/624
f 457/50/47 445/52/49 468/61/58
f 476/734/274 477/3423/267 466/723/269
f 698/1399/1028 751/1402/1031 749/1400/1029
f 751/1402/1031 807/1427/1052 805/117/109
f 805/1403/109 807/1429/1052 861/1404/1032
f 859/660/551 861/1404/1032 913/1405/1033
f 911/1406/1034 913/1405/1033 966/1407/1035
f 966/1407/1035 1021/1433/1038 1019/1409/1037
f 1021/1410/1038 1074/1412/1039 1072/665/555
f 1074/1412/1039 1127/1414/1041 1125/1413/1040
f 1127/1414/1041 1181/1415/1042 1179/858/674
f 1181/1415/1042 1235/1437/1044 1233/1416/1043
f 1235/1417/1044 1289/1419/1045 1287/657/548
f 1289/1419/1045 1342/1440/1061 1340/1420/1046
f 1340/1420/1046 1342/1440/1061 1398/1421/1047
f 1398/1421/1047 1452/1443/1064 1450/1423/1049
f 1450/1424/1049 1452/1444/1064 1505/1425/1050
f 1503/129/121 1505/1425/1050 698/1399/1028
f 698/1399/1028 699/1446/1066 752/1426/1051
f 752/1426/1051 808/1448/1053 807/1427/1052
f 808/1428/1053 862/1430/1054 861/1404/1032
f 862/1430/1054 914/1431/1055 913/1405/1033
f 914/1431/1055 967/1452/1071 966/1407/1035
f 966/1407/1035 967/1452/1071 1022/1432/1056
f 1022/1434/1056 1075/1454/1073 1074/1412/1039
f 1074/1412/1039 1075/1454/1073 1128/1435/1057
f 1127/1414/1041 1128/1435/1057 1182/1436/1058
f 1182/1436/1058 1236/1458/1059 1235/1437/1044
f 1236/1438/1059 1290/1439/1060 1289/1419/1045
f 1290/1439/1060 1343/1441/1062 1342/1440/1061
f 1343/1441/1062 1399/1442/1063 1398/1421/1047
f 1399/1442/1063 1453/1463/1081 1452/1443/1064
f 1452/1444/1064 1453/1465/1081 1506/1445/1065
f 1505/1425/1050 1506/1445/1065 699/1446/1066
f 699/1446/1066 697/1476/1087 750/1447/1067
f 750/1447/1067 806/3424/1068 808/1448/1053
f 806/1449/1068 860/1480/1088 862/1430/1054
f 862/1430/1054 860/1480/1088 912/1450/1069
f 914/1431/1055 912/1450/1069 965/1451/1070
f 965/1451/1070 1020/3425/1072 1022/1432/1056
f 1020/1453/1072 1073/1455/1074 1075/1454/1073
f 1073/1455/1074 1126/1456/1075 1128/1435/1057
f 1126/1456/1075 1180/1457/1076 1182/1436/1058
f 1180/1457/1076 1234/3426/1077 1236/1458/1059
f 1234/1459/1077 1288/1460/1078 1290/1439/1060
f 1288/1460/1078 1341/1461/1079 1343/1441/1062
f 1341/1461/1079 1397/1491/1089 1399/1442/1063
f 1399/1442/1063 1397/1491/1089 1451/1462/1080
f 1451/1464/1080 1504/1466/1082 1506/1445/1065
f 1504/1466/1082 697/1476/1087 699/1446/1066
f 1396/1422/1048 1450/1423/1049 1456/1467/120
f 964/1408/1036 1019/1409/1037 1026/1469/554
f 1125/1413/1040 1179/858/674 1186/860/676
f 918/661/552 911/1406/1034 964/1408/1036
f 1233/1418/1043 1287/657/548 1294/659/550
f 811/1473/110 805/1403/109 859/660/551
f 1079/666/556 1072/665/555 1125/1413/1040
f 1347/658/549 1340/1420/1046 1396/1422/1048
f 1503/129/121 696/1401/1030 702/1474/1086
f 702/1474/1086 696/1401/1030 749/1400/1029
f 677/1475/763 729/3427/765 750/1447/1067
f 729/997/765 784/999/767 806/1477/1068
f 806/1449/1068 784/3428/767 839/1479/768
f 839/1479/768 892/3429/770 912/1450/1069
f 912/1450/1069 892/3429/770 944/1481/772
f 965/1482/1070 944/1004/772 998/1005/773
f 998/1484/773 1052/3430/775 1073/1455/1074
f 1073/1455/1074 1052/3430/775 1107/1485/777
f 1107/1485/777 1159/3431/778 1180/1457/1076
f 1159/1010/778 1213/1012/780 1234/1486/1077
f 1213/1012/780 1266/1014/782 1288/1488/1078
f 1266/1489/782 1321/3432/784 1341/1461/1079
f 1341/1461/1079 1321/3432/784 1376/1490/786
f 1376/1490/786 1430/3433/788 1451/1462/1080
f 1430/1492/788 1483/3434/789 1504/1466/1082
f 1504/1466/1082 1483/3434/789 677/1475/763
f 1507/1493/1090 1508/1533/1120 700/1494/1091
f 1344/1496/1093 1345/1507/1102 1400/1497/1094
f 548/837/664 566/852/671 554/1499/1096
f 566/852/671 567/944/195 554/1499/1096
f 1454/1501/1097 1429/3435/1108 1375/1498/1095
f 968/1502/1098 969/804/639 1024/1503/1099
f 700/1494/1091 754/1539/1126 753/1505/1027
f 1291/1506/1101 1292/1512/1105 1345/1507/1102
f 1184/1508/1103 1238/1544/1118 1237/1509/617
f 1237/1511/617 1238/1530/1118 1292/1512/1105
f 1130/1513/1106 1184/1508/1103 1183/1510/1104
f 1023/1514/1100 1024/1525/1099 1077/689/568
f 916/802/637 969/804/639 968/1502/1098
f 1454/1516/1097 1508/1533/1120 1507/1493/1090
f 809/1518/1109 863/1521/1112 838/1519/1110
f 863/1521/1112 916/802/637 915/1515/1107
f 753/1505/1027 754/1539/1126 809/1522/1109
f 969/804/639 970/803/638 1025/1524/1113
f 1024/1525/1099 1025/1552/1113 1078/1526/1114
f 1400/1497/1094 1401/1559/1140 1455/1527/1115
f 1293/1528/1116 1346/1535/1122 1345/1507/1102
f 1239/1529/1117 1293/1528/1116 1292/1512/1105
f 1077/689/568 1078/1526/1114 1131/1531/1119
f 1455/1532/1115 1509/1540/1127 1508/1533/1120
f 1130/1513/1106 1131/1531/1119 1185/1534/1121
f 1346/1535/1122 1401/1559/1140 1400/1497/1094
f 810/1536/1123 864/1537/1124 863/1521/1112
f 864/1537/1124 917/1549/1132 916/802/637
f 701/1538/1125 755/1541/1128 754/1539/1126
f 1509/1540/1127 701/1538/1125 700/1494/1091
f 755/1541/1128 810/1547/1123 809/1522/1109
f 347/1542/13 357/3436/535 358/1543/247
f 1185/1534/1121 1239/1556/1117 1238/1544/1118
f 703/1545/1129 757/1546/1130 755/1541/1128
f 757/1546/1130 812/1564/1145 810/1547/1123
f 810/1536/1123 812/1566/1145 866/1548/1131
f 866/1548/1131 919/1568/1148 917/1549/1132
f 917/1549/1132 919/1568/1148 972/1550/1133
f 970/803/638 972/1550/1133 1027/1551/1134
f 1025/1552/1113 1027/1570/1134 1080/1553/1135
f 1080/1553/1135 1133/1554/1136 1131/1531/1119
f 1133/1554/1136 1187/1573/1152 1185/1534/1121
f 1185/1534/1121 1187/1573/1152 1241/1555/1137
f 1239/1529/1117 1241/1575/1137 1295/1557/1138
f 1295/1557/1138 1348/1558/1139 1346/1535/1122
f 1348/1558/1139 1403/1560/1141 1401/1559/1140
f 1403/1560/1141 1457/1578/1156 1455/1527/1115
f 1455/1532/1115 1457/1579/1156 1511/1561/1142
f 1509/1540/1127 1511/1561/1142 703/1545/1129
f 704/1562/1143 758/1563/1144 757/1546/1130
f 758/1563/1144 813/1581/1146 812/1564/1145
f 813/1565/1146 867/1582/1158 866/1548/1131
f 866/1548/1131 867/1582/1158 920/1567/1147
f 920/1567/1147 973/1569/1149 972/1550/1133
f 973/1569/1149 1028/1583/1159 1027/1551/1134
f 1027/1570/1134 1028/1584/1159 1081/1571/1150
f 1080/1553/1135 1081/1571/1150 1134/1572/1151
f 1134/1572/1151 1188/1574/1153 1187/1573/1152
f 1188/1574/1153 1242/1585/1160 1241/1555/1137
f 1241/1575/1137 1242/1586/1160 1296/1576/1154
f 1296/1576/1154 1349/1587/1161 1348/1558/1139
f 1348/1558/1139 1349/1587/1161 1404/1577/1155
f 1404/1577/1155 1458/1588/1162 1457/1578/1156
f 1457/1579/1156 1458/1589/1162 1512/1580/1157
f 1512/1580/1157 704/1562/1143 703/1545/1129
f 702/1474/1086 756/116/108 758/1563/1144
f 756/116/108 811/118/110 813/1581/1146
f 811/1473/110 865/662/553 867/1582/1158
f 867/1582/1158 865/662/553 918/661/552
f 918/661/552 971/1470/1084 973/1569/1149
f 971/1470/1084 1026/1469/554 1028/1583/1159
f 1026/664/554 1079/666/556 1081/1571/1150
f 1081/1571/1150 1079/666/556 1132/1471/1085
f 1134/1572/1151 1132/1471/1085 1186/860/676
f 1188/1574/1153 1186/860/676 1240/859/675
f 1240/1472/675 1294/659/550 1296/1576/1154
f 1294/659/550 1347/658/549 1349/1587/1161
f 1349/1587/1161 1347/658/549 1402/1468/1083
f 1402/1468/1083 1456/1467/120 1458/1588/1162
f 1458/1589/1162 1456/128/120 1510/130/122
f 1512/1580/1157 1510/130/122 702/1474/1086
f 705/1590/1163 707/1622/1190 761/1591/1164
f 761/1591/1164 816/1624/1192 814/1593/1166
f 814/1594/1166 816/1626/1192 870/1595/1167
f 870/1595/1167 923/1628/1195 921/1597/1169
f 921/1597/1169 923/1628/1195 976/1598/1170
f 974/1599/1171 976/1598/1170 1031/1600/1172
f 1029/1602/1173 1031/1631/1172 1084/1603/1174
f 1084/1603/1174 1137/1633/1199 1135/1605/1176
f 1135/1605/1176 1137/1633/1199 1191/1606/1177
f 1189/1607/1178 1191/1606/1177 1245/1608/1179
f 1245/1610/1179 1299/1613/1182 1297/1611/1181
f 1299/1613/1182 1352/1638/1203 1350/1614/1183
f 1350/1614/1183 1352/1638/1203 1407/1615/1184
f 1405/1616/1185 1407/1615/1184 1461/1617/1186
f 1459/1619/1187 1461/1641/1186 1515/1620/1188
f 1515/1620/1188 707/1622/1190 705/1590/1163
f 707/1622/1190 708/1643/1207 762/1623/1191
f 762/1623/1191 817/3437/1193 816/1624/1192
f 817/1625/1193 871/1627/1194 870/1595/1167
f 871/1627/1194 924/1629/1196 923/1628/1195
f 924/1629/1196 977/1630/1197 976/1598/1170
f 977/1630/1197 1032/3438/1213 1031/1600/1172
f 1031/1631/1172 1032/3439/1213 1085/1632/1198
f 1085/1632/1198 1138/1634/1200 1137/1633/1199
f 1138/1634/1200 1192/3440/1217 1191/1606/1177
f 1191/1606/1177 1192/3440/1217 1246/1635/1201
f 1246/1636/1201 1300/1637/1202 1299/1613/1182
f 1300/1637/1202 1353/1639/1204 1352/1638/1203
f 1353/1639/1204 1408/3441/1221 1407/1615/1184
f 1407/1615/1184 1408/3441/1221 1462/1640/1205
f 1461/1641/1186 1462/3442/1205 1516/1642/1206
f 1515/1620/1188 1516/1642/1206 708/1643/1207
f 709/1644/1208 763/1673/1224 762/1645/1191
f 762/1645/1191 763/1673/1224 818/1647/1209
f 817/1648/1193 818/1647/1209 872/1649/1210
f 871/1650/1194 872/1649/1210 925/1651/1211
f 925/1651/1211 978/1654/1212 977/1653/1197
f 978/1654/1212 1033/1656/1214 1032/1655/1213
f 1033/1656/1214 1086/1658/1215 1085/1657/1198
f 1086/1658/1215 1139/1660/1216 1138/1659/1200
f 1139/1660/1216 1193/1679/1230 1192/1661/1217
f 1192/1661/1217 1193/1679/1230 1247/1662/1218
f 1246/1663/1201 1247/1662/1218 1301/1664/1219
f 1300/1665/1202 1301/1664/1219 1354/1666/1220
f 1354/1666/1220 1409/1684/1235 1408/1668/1221
f 1408/1668/1221 1409/1684/1235 1463/1669/1222
f 1463/1669/1222 1517/1672/1223 1516/1671/1206
f 1517/1672/1223 709/1644/1208 708/1646/1207
f 706/32/30 760/1674/1225 763/1673/1224
f 760/1674/1225 815/1675/1226 818/1647/1209
f 815/1675/1226 869/3110/1926 872/1649/1210
f 872/1649/1210 869/3110/1926 922/1676/1227
f 922/1676/1227 975/1677/1228 978/1654/1212
f 975/1677/1228 1030/831/660 1033/1656/1214
f 1033/1656/1214 1030/831/660 1083/830/659
f 1086/1658/1215 1083/830/659 1136/1678/1229
f 1136/1678/1229 1190/1680/1231 1193/1679/1230
f 1190/1680/1231 1244/1681/1232 1247/1662/1218
f 1244/1681/1232 1298/1682/1233 1301/1664/1219
f 1298/1682/1233 1351/1683/1234 1354/1666/1220
f 1351/1683/1234 1406/3114/1930 1409/1684/1235
f 1409/1684/1235 1406/3114/1930 1460/1685/1236
f 1463/1669/1222 1460/1685/1236 1514/33/31
f 1517/1672/1223 1514/33/31 706/32/30
f 705/1590/1163 759/1592/1165 737/1686/1237
f 759/1592/1165 814/1593/1166 792/1688/1239
f 868/1596/1168 847/1690/1240 792/1689/1239
f 921/1597/1169 900/1691/1241 847/1690/1240
f 974/1599/1171 952/1693/1243 900/1691/1241
f 974/1599/1171 1029/1601/1173 1006/1692/1242
f 1082/1604/1175 1060/1695/1244 1006/1694/1242
f 1135/1605/1176 1115/1696/1245 1060/1695/1244
f 1189/1607/1178 1167/1698/1247 1115/1696/1245
f 1189/1607/1178 1243/1609/1180 1221/1697/1246
f 1243/1612/1180 1297/1611/1181 1274/1699/1248
f 1350/1614/1183 1329/1701/1249 1274/1699/1248
f 1405/1616/1185 1384/1702/1250 1329/1701/1249
f 1459/1618/1187 1438/3443/1251 1384/1702/1250
f 1513/1621/1189 1491/1704/1252 1438/1703/1251
f 705/1590/1163 685/1687/1238 1491/1704/1252
f 293/204/185 294/3224/1940 305/1706/320
f 294/3224/1940 306/538/466 305/1706/320
f 306/538/466 328/537/465 317/1705/494
f 328/537/465 327/3444/1943 317/1705/494
f 56/420/365 78/179/165 67/103/96
f 78/179/165 77/177/163 67/103/96
f 661/939/727 672/437/380 673/3163/1935
f 651/312/275 639/314/277 638/3330/1964
f 651/312/275 638/3330/1964 650/930/722
f 661/939/727 673/3163/1935 651/312/275
f 712/1707/1253 766/1710/1256 764/1708/1254
f 766/1710/1256 821/1743/1258 819/1711/1257
f 821/1712/1258 875/1715/1260 873/1713/1259
f 875/1715/1260 928/1746/1285 926/1716/1261
f 926/1716/1261 928/1746/1285 981/1717/1262
f 979/1718/1263 981/1717/1262 1036/1719/1264
f 1036/1721/1264 1089/1749/1288 1087/1722/1266
f 1087/1722/1266 1089/1749/1288 1142/1724/1267
f 1140/1725/1268 1142/1724/1267 1196/1726/1269
f 1196/1726/1269 1250/1752/1272 1248/1728/1271
f 1250/1729/1272 1304/1754/1292 1302/1730/1273
f 1302/1730/1273 1304/1754/1292 1357/1732/1274
f 1355/1733/1275 1357/1732/1274 1412/1734/1276
f 1410/1735/1277 1412/1734/1276 1466/1736/1278
f 1466/1738/1278 1520/1741/1281 1518/1739/1280
f 1520/1741/1281 712/1707/1253 710/1709/1255
f 712/1707/1253 713/1758/1296 767/1742/1282
f 767/1742/1282 822/1760/1283 821/1743/1258
f 822/1744/1283 876/1762/1299 875/1715/1260
f 875/1715/1260 876/1762/1299 929/1745/1284
f 928/1746/1285 929/1745/1284 982/1747/1286
f 982/1747/1286 1037/1765/1287 1036/1719/1264
f 1037/1748/1287 1090/1750/1289 1089/1749/1288
f 1090/1750/1289 1143/1768/1303 1142/1724/1267
f 1142/1724/1267 1143/1768/1303 1197/1751/1290
f 1197/1751/1290 1251/1770/1305 1250/1752/1272
f 1250/1729/1272 1251/1772/1305 1305/1753/1291
f 1305/1753/1291 1358/1774/1308 1357/1732/1274
f 1357/1732/1274 1358/1774/1308 1413/1755/1293
f 1413/1755/1293 1467/1776/1310 1466/1736/1278
f 1466/1738/1278 1467/1778/1310 1521/1756/1294
f 1521/1756/1294 713/1758/1296 712/1707/1253
f 714/1757/1295 768/1759/1297 767/1742/1282
f 768/1759/1297 823/1782/1315 822/1760/1283
f 822/1744/1283 823/1783/1315 877/1761/1298
f 876/1762/1299 877/1761/1298 930/1763/1300
f 930/1763/1300 983/1786/1318 982/1747/1286
f 982/1747/1286 983/1786/1318 1038/1764/1301
f 1038/1766/1301 1091/1789/1321 1090/1750/1289
f 1090/1750/1289 1091/1789/1321 1144/1767/1302
f 1143/1768/1303 1144/1767/1302 1198/1769/1304
f 1198/1769/1304 1252/1792/1306 1251/1770/1305
f 1252/1771/1306 1306/1794/1324 1305/1753/1291
f 1305/1753/1291 1306/1794/1324 1359/1773/1307
f 1359/1773/1307 1414/1775/1309 1413/1755/1293
f 1414/1775/1309 1468/1798/1311 1467/1776/1310
f 1468/1777/1311 1522/1779/1312 1521/1756/1294
f 1522/1779/1312 714/1757/1295 713/1758/1296
f 714/1757/1295 711/1811/1345 765/1780/1313
f 768/1759/1297 765/1780/1313 820/1781/1314
f 823/1783/1315 820/1812/1314 874/1784/1316
f 874/1784/1316 927/1785/1317 930/1763/1300
f 927/1785/1317 980/1787/1319 983/1786/1318
f 980/1787/1319 1035/1813/1351 1038/1764/1301
f 1038/1766/1301 1035/1814/1351 1088/1788/1320
f 1088/1788/1320 1141/1815/1354 1144/1767/1302
f 1144/1767/1302 1141/1815/1354 1195/1790/1322
f 1198/1769/1304 1195/1790/1322 1249/1791/1323
f 1249/1793/1323 1303/1795/1325 1306/1794/1324
f 1303/1795/1325 1356/1796/1326 1359/1773/1307
f 1356/1796/1326 1411/1797/1327 1414/1775/1309
f 1411/1797/1327 1465/1816/1359 1468/1798/1311
f 1468/1777/1311 1465/1817/1359 1519/1799/1328
f 1519/1799/1328 711/1811/1345 714/1757/1295
f 710/1709/1255 764/1708/1254 734/1800/1329
f 819/1711/1257 789/3445/1331 734/1800/1329
f 873/1713/1259 844/1082/1332 789/1802/1331
f 926/1716/1261 897/1085/1333 844/1082/1332
f 979/1718/1263 949/1803/1334 897/1085/1333
f 1034/1720/1265 1003/3446/1335 949/1803/1334
f 1087/1722/1266 1057/1092/1337 1003/1804/1335
f 1087/1722/1266 1140/1725/1268 1112/1805/1336
f 1140/1725/1268 1194/1727/1270 1164/1806/1338
f 1248/1728/1271 1218/3447/1339 1164/1806/1338
f 1302/1730/1273 1271/1808/1340 1218/1807/1339
f 1355/1733/1275 1326/1103/1341 1271/1808/1340
f 1410/1735/1277 1381/1809/1342 1326/1103/1341
f 1464/1737/1279 1435/3448/1344 1381/1809/1342
f 1464/1740/1279 1518/1739/1280 1488/1111/1343
f 710/1709/1255 682/1801/1330 1488/1111/1343
f 711/1811/1345 683/1114/1986 735/1116/1346
f 735/1116/1346 790/1117/1347 820/1781/1314
f 790/1118/1347 845/1120/1348 874/1784/1316
f 845/1120/1348 898/1121/1349 927/1785/1317
f 898/1121/1349 950/1123/1350 980/1787/1319
f 950/1123/1350 1004/1125/1352 1035/1813/1351
f 1004/1128/1352 1058/1127/1987 1088/1788/1320
f 1088/1788/1320 1058/1127/1987 1113/1130/1353
f 1141/1815/1354 1113/1130/1353 1165/1132/1355
f 1165/1132/1355 1219/1134/1356 1249/1791/1323
f 1219/1137/1356 1272/1136/1988 1303/1795/1325
f 1303/1795/1325 1272/1136/1988 1327/1139/1357
f 1327/1139/1357 1382/1141/1358 1411/1797/1327
f 1382/1141/1358 1436/1142/1360 1465/1816/1359
f 1436/1145/1360 1489/1144/1361 1519/1799/1328
f 1489/1144/1361 683/1114/1986 711/1811/1345
f 717/1818/1362 771/1854/1390 769/1819/1363
f 769/1821/1363 771/3449/1390 826/1822/1365
f 824/1824/1366 826/1858/1365 880/1825/1367
f 880/1825/1367 933/1860/1394 931/1827/1369
f 931/1827/1369 933/1860/1394 986/1828/1370
f 984/1830/1371 986/3450/1370 1041/1831/1372
f 1039/1833/1373 1041/1863/1372 1094/1834/1374
f 1092/1835/1375 1094/1834/1374 1147/1836/1376
f 1147/1836/1376 1201/1866/1379 1199/1838/1378
f 1201/1839/1379 1255/3451/1399 1253/1840/1380
f 1253/1840/1380 1255/3451/1399 1309/1842/1381
f 1309/1844/1381 1362/1872/1402 1360/1845/1383
f 1360/1845/1383 1362/1872/1402 1417/1847/1384
f 1417/1847/1384 1471/1875/1387 1469/1849/1386
f 1471/1850/1387 1525/1877/1406 1523/1851/1388
f 1523/1851/1388 1525/1877/1406 717/1818/1362
f 718/1853/1389 772/1855/1391 771/1854/1390
f 772/1855/1391 827/1880/1392 826/1856/1365
f 827/1857/1392 881/1859/1393 880/1825/1367
f 881/1859/1393 934/1882/1410 933/1860/1394
f 933/1860/1394 934/1882/1410 987/1861/1395
f 987/1861/1395 1042/1885/1413 1041/1862/1372
f 1041/1863/1372 1042/1887/1413 1095/1864/1396
f 1094/1834/1374 1095/1864/1396 1148/1865/1397
f 1148/1865/1397 1202/1867/1398 1201/1866/1379
f 1202/1867/1398 1256/1890/1400 1255/1868/1399
f 1256/1869/1400 1310/1892/1418 1309/1844/1381
f 1309/1844/1381 1310/1892/1418 1363/1871/1401
f 1362/1872/1402 1363/1871/1401 1418/1873/1403
f 1417/1847/1384 1418/1873/1403 1472/1874/1404
f 1471/1850/1387 1472/1896/1404 1526/1876/1405
f 1525/1877/1406 1526/1876/1405 718/1853/1389
f 718/1853/1389 716/1923/1439 770/1878/1407
f 772/1855/1391 770/1878/1407 825/1879/1408
f 827/1857/1392 825/1926/1408 879/1881/1409
f 879/1881/1409 932/1883/1411 934/1882/1410
f 932/1883/1411 985/1884/1412 987/1861/1395
f 985/1884/1412 1040/1927/1414 1042/1885/1413
f 1040/1886/1414 1093/1929/1445 1095/1864/1396
f 1095/1864/1396 1093/1929/1445 1146/1888/1415
f 1146/1888/1415 1200/1930/1448 1202/1867/1398
f 1202/1867/1398 1200/1930/1448 1254/1889/1416
f 1256/1869/1400 1254/1932/1416 1308/1891/1417
f 1308/1891/1417 1361/1933/1451 1363/1871/1401
f 1363/1871/1401 1361/1933/1451 1416/1893/1419
f 1418/1873/1403 1416/1893/1419 1470/1894/1420
f 1470/1895/1420 1524/1897/1421 1526/1876/1405
f 1524/1897/1421 716/1923/1439 718/1853/1389
f 715/1898/1364 769/1821/1363 732/1899/1422
f 769/1821/1363 824/1823/1366 787/1901/1424
f 824/1823/1366 878/1904/1368 842/1902/1425
f 931/1903/1369 895/1906/1427 842/1902/1425
f 931/1903/1369 984/1830/1371 947/1905/1426
f 984/1830/1371 1039/1832/1373 1001/1907/1428
f 1039/1832/1373 1092/1910/1375 1055/1908/1429
f 1145/1909/1377 1110/1912/1431 1055/1908/1429
f 1145/1909/1377 1199/1841/1378 1162/1911/1430
f 1199/1841/1378 1253/1840/1380 1216/1913/1432
f 1253/1840/1380 1307/1843/1382 1269/1914/1433
f 1307/1843/1382 1360/1917/1383 1324/1915/1434
f 1415/1916/1385 1379/1919/1436 1324/1915/1434
f 1415/1916/1385 1469/1921/1386 1433/1918/1435
f 1523/1920/1388 1486/1922/1437 1433/1918/1435
f 715/1898/1364 680/1900/1423 1486/1922/1437
f 681/1112/1438 733/1924/1440 770/1878/1407
f 733/1924/1440 788/3452/1441 825/1879/1408
f 788/1925/1441 843/1084/1442 879/1881/1409
f 843/1084/1442 896/1083/1838 932/1883/1411
f 932/1883/1411 896/1083/1838 948/1086/1443
f 948/1086/1443 1002/3453/1444 1040/1927/1414
f 1002/1928/1444 1056/1094/1446 1093/1929/1445
f 1056/1094/1446 1111/1093/1447 1146/1888/1415
f 1111/1093/1447 1163/1931/1449 1200/1930/1448
f 1163/1931/1449 1217/3454/1843 1254/1889/1416
f 1254/1932/1416 1217/3455/1843 1270/1102/1450
f 1270/1102/1450 1325/1104/1452 1361/1933/1451
f 1325/1104/1452 1380/1105/1453 1416/1893/1419
f 1380/1105/1453 1434/3456/1454 1470/1894/1420
f 1434/1934/1454 1487/1113/1455 1524/1897/1421
f 1487/1113/1455 681/1112/1438 716/1923/1439
f 829/1935/1456 883/3144/1933 887/226/203
f 1424/1937/1458 1420/3457/1989 1474/1938/1459
f 1474/1938/1459 1528/1954/1475 1532/1940/1461
f 724/1941/1462 720/3458/1990 774/1942/1463
f 1365/1944/1465 1420/3457/1989 1424/1937/1458
f 1258/1946/1467 1312/1953/1474 1316/1947/1468
f 324/1949/1470 323/3255/1945 313/641/536
f 1154/1950/1471 1150/3459/1991 1204/1951/1472
f 1312/1953/1474 1365/1944/1465 1369/1945/1466
f 1528/1954/1475 720/3458/1990 724/1941/1462
f 1044/1955/1476 1097/1958/1479 1101/1956/1477
f 993/773/620 989/3296/1957 1044/1955/1476
f 1204/1951/1472 1258/1946/1467 1262/1948/1469
f 778/1943/1464 774/1942/1463 829/1935/1456
f 1097/1958/1479 1150/3459/1991 1154/1950/1471
f 720/1959/1480 721/1993/1480 775/1960/1481
f 774/1961/1482 775/1960/1481 830/1962/1483
f 830/1964/1483 884/3460/1484 883/1965/1484
f 884/1967/1484 937/3461/1992 936/1968/1485
f 936/1968/1485 937/3461/1992 990/1970/1486
f 990/1970/1486 1045/3462/1488 1044/1972/1488
f 1045/1973/1488 1098/1976/1489 1097/1974/1489
f 1098/1976/1489 1151/3463/1490 1150/1977/1490
f 1150/1977/1490 1151/3463/1490 1205/1978/1491
f 1204/1979/1491 1205/1978/1491 1259/1980/1492
f 1258/1982/1492 1259/3464/1492 1313/1983/1493
f 1313/1983/1493 1366/1986/1494 1365/1985/1494
f 1366/1986/1494 1421/3465/1495 1420/1987/1495
f 1420/1987/1495 1421/3465/1495 1475/1988/1496
f 1474/1990/1496 1475/3466/1496 1529/1991/1497
f 1528/1992/1498 1529/1991/1497 721/1993/1480
f 719/1994/1499 773/1997/1502 775/1995/1500
f 773/1997/1502 828/1999/1504 830/1998/1503
f 828/1999/1504 882/2001/1506 884/2000/1505
f 882/2001/1506 935/2003/1508 937/2002/1507
f 935/2003/1508 988/2005/1510 990/2004/1509
f 988/2005/1510 1043/2007/1512 1045/2006/1511
f 1043/2007/1512 1096/2009/1514 1098/2008/1513
f 1096/2009/1514 1149/2148/1611 1151/2010/1515
f 1151/2010/1515 1149/2148/1611 1203/2011/1516
f 1203/2011/1516 1257/2014/1519 1259/2013/1518
f 1257/2014/1519 1311/2016/1521 1313/2015/1520
f 1311/2016/1521 1364/2018/1523 1366/2017/1522
f 1364/2018/1523 1419/2020/1525 1421/2019/1524
f 1419/2020/1525 1473/2022/1527 1475/2021/1526
f 1473/2022/1527 1527/2024/1529 1529/2023/1528
f 1527/2024/1529 719/1994/1499 721/1996/1501
f 723/2025/1530 777/2061/1558 776/2026/1531
f 776/2026/1531 777/2061/1558 832/2028/1533
f 832/2030/1533 886/2064/1536 885/2031/1535
f 886/2033/1536 939/2066/1559 938/2034/1537
f 938/2034/1537 939/2066/1559 992/2036/1538
f 991/2037/1539 992/2036/1538 1047/2038/1540
f 1047/2040/1540 1100/2043/1543 1099/2041/1542
f 1100/2043/1543 1153/2071/1560 1152/2044/1544
f 1152/2044/1544 1153/2071/1560 1207/2045/1545
f 1207/2045/1545 1261/2073/1548 1260/2047/1547
f 1261/2048/1548 1315/2075/1561 1314/2049/1549
f 1314/2049/1549 1315/2075/1561 1368/2051/1550
f 1367/2052/1551 1368/2051/1550 1423/2053/1552
f 1422/2054/1553 1423/2053/1552 1477/2055/1554
f 1476/2057/1555 1477/2079/1554 1531/2058/1556
f 1530/2059/1557 1531/2058/1556 723/2025/1530
f 724/2060/1462 778/2062/1464 777/2061/1558
f 778/2062/1464 833/3467/1457 832/2028/1533
f 833/2063/1457 887/3468/203 886/2064/1536
f 887/2065/203 940/2067/205 939/2066/1559
f 940/2067/205 993/2068/620 992/2036/1538
f 993/2068/620 1048/3469/1478 1047/2038/1540
f 1047/2040/1540 1048/3470/1478 1101/2069/1477
f 1100/2043/1543 1101/2069/1477 1154/2070/1471
f 1154/2070/1471 1208/2072/1473 1207/2045/1545
f 1208/2072/1473 1262/3471/1469 1261/2073/1548
f 1262/2074/1469 1316/2076/1468 1315/2075/1561
f 1316/2076/1468 1369/3472/1466 1368/2051/1550
f 1368/2051/1550 1369/3472/1466 1424/2077/1458
f 1423/2053/1552 1424/2077/1458 1478/2078/1460
f 1477/2079/1554 1478/3473/1460 1532/2080/1461
f 1532/2080/1461 724/2060/1462 723/2025/1530
f 722/2027/1532 776/2026/1531 739/2081/1562
f 776/2026/1531 831/2029/1534 794/2083/1564
f 885/2031/1535 849/3474/1566 794/2084/1564
f 885/2035/1535 938/2034/1537 902/2085/1565
f 991/2037/1539 954/2087/1567 902/2085/1565
f 1046/2039/1541 1008/3475/1569 954/2087/1567
f 1046/2042/1541 1099/2041/1542 1062/2088/1568
f 1099/2041/1542 1152/2044/1544 1117/2090/1570
f 1206/2046/1546 1169/2092/1572 1117/2090/1570
f 1206/2046/1546 1260/2047/1547 1223/2091/1571
f 1260/2050/1547 1314/2049/1549 1276/2093/1573
f 1367/2052/1551 1331/2095/1574 1276/2093/1573
f 1422/2054/1553 1386/2096/1575 1331/2095/1574
f 1476/2056/1555 1440/3476/1576 1386/2096/1575
f 1530/2059/1557 1493/2098/1577 1440/2097/1576
f 1530/2059/1557 722/2027/1532 687/2082/1563
f 688/2099/895 740/2102/897 780/2100/1578
f 740/2102/897 795/2104/899 835/2103/1580
f 795/2104/899 850/2107/901 889/2105/1581
f 903/2106/902 942/2109/1582 889/2105/1581
f 994/2108/904 996/2111/1584 942/2109/1582
f 994/2108/904 1009/2113/905 1050/2110/1583
f 1102/2112/907 1104/2115/1585 1050/2110/1583
f 1155/2114/908 1157/2117/1587 1104/2115/1585
f 1155/2114/908 1209/2118/910 1211/2116/1586
f 1209/2118/910 1224/2121/912 1264/2119/1588
f 1317/2120/914 1319/2123/1590 1264/2119/1588
f 1317/2120/914 1370/2124/915 1372/2122/1589
f 1370/2124/915 1387/2126/917 1426/238/215
f 1441/2125/919 1480/239/216 1426/238/215
f 1494/2127/921 1534/2128/1591 1480/239/216
f 1494/2127/921 688/2099/895 726/2101/1579
f 834/2129/1592 779/2139/1602 780/2100/1578
f 1264/2119/1588 1263/3477/1993 1210/2130/1593
f 1050/2110/1583 1049/3478/1994 995/2131/1594
f 1426/238/215 1425/3146/1934 1371/2132/1595
f 1156/2133/1596 1103/2137/1600 1104/2115/1585
f 1318/2134/1597 1263/3477/1993 1264/2119/1588
f 941/2135/1598 888/3479/1995 889/2105/1581
f 725/2136/1599 1533/2138/1601 1534/2128/1591
f 1372/2122/1589 1371/2132/1595 1318/2134/1597
f 996/2111/1584 995/2131/1594 941/2135/1598
f 1103/2137/1600 1049/3478/1994 1050/2110/1583
f 1533/2138/1601 1479/237/214 1480/239/216
f 889/2105/1581 888/3479/1995 834/2129/1592
f 1210/2130/1593 1156/2133/1596 1157/2117/1587
f 779/2139/1602 725/2136/1599 726/2101/1579
f 725/3480/1603 779/3481/1604 773/3482/1502
f 779/3483/1604 834/3484/1605 828/3485/1504
f 834/3486/1605 888/3487/1606 882/3488/1506
f 888/3489/1606 941/3490/1607 935/3491/1508
f 941/3492/1607 995/3493/1608 988/3494/1510
f 995/3495/1608 1049/3496/1609 1043/3497/1512
f 1049/3498/1609 1103/3499/1610 1096/3500/1514
f 1103/3501/1610 1156/3502/1612 1149/3503/1611
f 1156/3504/1612 1210/3505/1613 1203/3506/1516
f 1210/3507/1613 1263/3508/1614 1257/3509/1519
f 1263/3510/1614 1318/3511/1615 1311/3512/1521
f 1318/3513/1615 1371/3514/1616 1364/3515/1523
f 1371/3516/1616 1425/3517/1617 1419/3518/1525
f 1425/3519/1617 1479/3520/1618 1473/3521/1527
f 1479/3522/1618 1533/3523/1619 1527/3524/1529
f 1533/3525/1619 725/3526/1603 719/3527/1499
f 852/2157/1620 1538/3528/1620 1537/2158/1621
f 1443/650/1622 1549/2191/1622 1548/2160/1623
f 1171/2161/1624 1226/2192/1625 1545/2162/1625
f 956/2164/1626 1011/2193/1627 1541/2165/1627
f 797/2159/1621 1537/2158/1621 1536/2167/1628
f 1333/2169/1629 1389/3529/1623 1548/2170/1623
f 1171/2161/1624 1544/2163/1624 1543/2172/1630
f 956/2164/1626 1540/2166/1626 1539/2174/1631
f 690/2176/1632 1535/3530/1632 1550/2177/1633
f 690/2179/1632 742/2168/1628 1536/2167/1628
f 1278/2181/1634 1333/3257/1629 1547/2182/1629
f 1119/2184/1630 1543/3531/1630 1542/2185/1635
f 852/2187/1620 905/3532/1631 1539/2188/1631
f 1443/650/1622 1496/3256/1633 1550/2190/1633
f 1278/2181/1634 1546/2183/1634 1545/2162/1625
f 1011/2193/1627 1064/2609/1635 1542/2194/1635
f 1548/2195/1636 1549/3533/1643 1565/2196/1637
f 1541/2198/1639 1542/2205/1645 1558/2199/1640
f 1550/2201/1642 1566/2209/1649 1565/2202/1637
f 1543/2204/1644 1559/2211/1651 1558/2199/1640
f 1536/2206/1646 1552/2213/1653 1551/2207/1647
f 1550/2201/1642 1535/2208/1648 1551/2207/1647
f 1543/2204/1644 1544/2215/1655 1560/2210/1650
f 1536/2206/1646 1537/3534/1656 1553/2212/1652
f 1545/2214/1654 1561/3535/1659 1560/2210/1650
f 1537/2216/1656 1538/2223/1661 1554/2217/1657
f 1546/2219/1658 1562/2225/1663 1561/2220/1659
f 1539/2222/1660 1555/2227/1665 1554/2217/1657
f 1547/2224/1662 1563/2228/1666 1562/2225/1663
f 1540/2226/1664 1556/2230/1667 1555/2227/1665
f 1548/2195/1636 1564/2197/1638 1563/2228/1666
f 1541/2229/1639 1557/2248/1641 1556/2230/1667
f 1814/2233/1670 1817/2546/1697 1794/3536/1996
f 1817/2546/1697 1820/2548/1700 1795/3537/1997
f 1820/2548/1700 1823/2552/1703 1795/3537/1997
f 1823/2552/1703 1826/2555/1672 1796/3538/1674
f 1795/3537/1997 1823/2552/1703 1796/3538/1674
f 1826/2555/1672 1797/3539/1673 1796/3538/1674
f 1817/2546/1697 1795/3537/1997 1794/3536/1996
f 1807/2537/1780 1811/2539/1781 1791/3540/1948
f 1811/2539/1781 1814/2233/1670 1792/2232/1669
f 1791/3540/1948 1811/2539/1781 1792/2232/1669
f 1806/3541/1947 1853/2585/1731 1791/3540/1948
f 1853/2585/1731 1807/2537/1780 1791/3540/1948
f 1814/2233/1670 1794/3536/1996 1793/2231/1668
f 1552/2213/1653 1586/2238/1675 1584/2234/1671
f 1568/3275/1669 1587/2257/1690 1569/3542/1668
f 1587/2257/1690 1590/2262/1670 1569/3542/1668
f 1590/2262/1670 1593/2266/1697 1570/3543/1996
f 1593/2266/1697 1596/2270/1700 1570/3543/1996
f 1596/2270/1700 1599/2273/1703 1571/3544/1997
f 1599/2273/1703 1602/2235/1672 1572/2237/1674
f 1571/3544/1997 1599/2273/1703 1572/2237/1674
f 1602/2235/1672 1605/2279/1708 1574/3545/1771
f 1605/2279/1708 1608/2283/1711 1575/3546/1998
f 1608/2283/1711 1611/2286/1714 1575/3546/1998
f 1611/2286/1714 1614/2289/1716 1576/3547/1999
f 1575/3546/1998 1611/2286/1714 1576/3547/1999
f 1614/2289/1716 1617/2293/1719 1578/3277/1848
f 1614/2289/1716 1578/3277/1848 1577/3548/1849
f 1605/2279/1708 1575/3546/1998 1574/3545/1771
f 1570/3543/1996 1596/2270/1700 1571/3544/1997
f 1570/3543/1996 1569/3542/1668 1590/2262/1670
f 1614/2289/1716 1577/3548/1849 1576/3547/1999
f 1602/2235/1672 1574/3545/1771 1573/2236/1673
f 1553/2212/1652 1589/2263/1679 1586/2238/1675
f 1560/2239/1650 1561/3549/1659 1613/2240/1676
f 1553/2218/1652 1554/2217/1657 1592/2242/1678
f 1561/2220/1659 1562/2225/1663 1616/2244/1680
f 1555/2227/1665 1595/2247/1682 1592/2242/1678
f 1562/2225/1663 1563/2228/1666 1619/2246/1681
f 1556/2230/1667 1598/2249/1683 1595/2247/1682
f 1564/2197/1638 1622/2251/1685 1619/2246/1681
f 1557/2248/1641 1601/2276/1686 1598/2249/1683
f 1564/2197/1638 1565/2196/1637 1625/2250/1684
f 1558/2199/1640 1604/2256/1689 1601/2252/1686
f 1565/2202/1637 1566/2209/1649 1628/2253/1687
f 1558/2199/1640 1559/2211/1651 1607/2255/1688
f 1566/2209/1649 1551/2207/1647 1584/2234/1671
f 1560/2210/1650 1610/2288/1677 1607/2255/1688
f 1587/2257/1690 1583/2309/1733 1585/2258/1691
f 1588/2260/1693 1585/2310/1734 1584/2234/1671
f 1587/2257/1690 1588/2259/1692 1591/2261/1694
f 1588/2260/1693 1586/2238/1675 1589/2263/1679
f 1590/2262/1670 1591/2261/1694 1594/2265/1696
f 1591/2267/1695 1589/2243/1679 1592/2242/1678
f 1593/2266/1697 1594/2265/1696 1597/2269/1699
f 1597/2271/1701 1594/2268/1698 1592/2242/1678
f 1596/2270/1700 1597/2269/1699 1600/2272/1702
f 1597/2271/1701 1595/2247/1682 1598/2249/1683
f 1599/2273/1703 1600/2272/1702 1603/2275/1705
f 1600/2274/1704 1598/2249/1683 1601/2276/1686
f 1602/2235/1672 1603/2275/1705 1606/2278/1707
f 1603/2280/1706 1601/2252/1686 1604/2256/1689
f 1605/2279/1708 1606/2278/1707 1609/2282/1710
f 1606/2281/1709 1604/2256/1689 1607/2255/1688
f 1608/2283/1711 1609/2282/1710 1612/2285/1713
f 1612/2287/1715 1609/2284/1712 1607/2255/1688
f 1614/2289/1716 1611/2286/1714 1612/2285/1713
f 1612/2287/1715 1610/2288/1677 1613/2291/1676
f 1617/2293/1719 1614/2289/1716 1615/2290/1717
f 1615/2295/1718 1613/2245/1676 1616/2244/1680
f 1617/2293/1719 1618/2294/1720 1621/2297/1722
f 1618/2296/1721 1616/2244/1680 1619/2246/1681
f 1623/2299/1724 1620/758/613 1621/2297/1722
f 1624/2301/1726 1621/2298/1723 1619/2246/1681
f 1626/2302/1727 1623/2299/1724 1624/2300/1725
f 1624/2301/1726 1622/2251/1685 1625/2250/1684
f 1626/2302/1727 1627/2303/1728 1630/2305/1730
f 1627/2307/1729 1625/2254/1684 1628/2253/1687
f 1629/2306/1731 1630/2305/1730 1585/2258/1691
f 1630/2308/1732 1628/2253/1687 1584/2234/1671
f 1752/2311/734 1632/2425/989 1631/454/396
f 1656/1354/736 1664/1356/994 1663/992/737
f 1872/1329/975 1880/2329/736 1879/2313/738
f 1744/2315/1735 1752/2311/734 1751/2312/735
f 1863/2317/398 1864/2332/397 1872/1329/975
f 1927/2318/750 1936/1327/974 1935/2319/1736
f 1711/1358/996 1713/2597/1750 1705/2320/1737
f 943/1334/980 997/987/757 1012/986/756
f 1320/981/752 1334/982/753 1279/2323/972
f 1695/988/758 1703/2321/1738 1705/2320/1737
f 1212/2325/996 1227/2326/970 1172/980/751
f 1265/1343/754 1279/2323/972 1227/2326/970
f 890/965/737 891/3340/994 943/1334/980
f 782/2327/975 837/964/736 836/966/738
f 1880/2329/736 1888/2427/994 1887/2330/737
f 1855/2331/396 1856/2422/989 1864/2332/397
f 1690/2335/938 1698/2354/939 1696/2333/1740
f 1698/2354/939 1706/2355/941 1696/2333/1740
f 1706/2355/941 1704/2447/1912 1696/2333/1740
f 1634/2338/929 1642/2343/928 1641/2336/1742
f 1642/2343/928 1650/2345/931 1649/2444/1939
f 1641/2336/1742 1642/2343/928 1649/2444/1939
f 1650/2345/931 1658/2346/418 1649/2444/1939
f 1658/2346/418 1666/2348/933 1657/2442/417
f 1666/2348/933 1665/2458/416 1657/2442/417
f 1658/2346/418 1657/2442/417 1649/2444/1939
f 1898/2341/934 1906/2621/936 1905/2339/1744
f 1906/2621/936 1914/2622/938 1913/2721/1741
f 1905/2339/1744 1906/2621/936 1913/2721/1741
f 1914/2622/938 1922/2624/939 1913/2721/1741
f 1922/2624/939 1930/2626/941 1920/2703/1740
f 1930/2626/941 1928/2696/1912 1920/2703/1740
f 1922/2624/939 1920/2703/1740 1913/2721/1741
f 1228/1267/924 1280/1269/944 1278/2181/922
f 1280/1269/944 1335/1271/926 1278/2181/922
f 1335/1271/926 1333/3257/925 1278/2181/922
f 1226/2192/923 1171/2161/1912 1173/1265/941
f 1226/2192/923 1173/1265/941 1228/1267/924
f 906/1257/933 958/1258/934 956/2164/1745
f 958/1258/934 1013/1260/936 956/2164/1745
f 1013/1260/936 1066/1262/938 1011/2193/1744
f 1066/1262/938 1064/2609/1741 1011/2193/1744
f 956/2164/1745 905/2175/416 906/1257/933
f 691/1252/929 743/1251/928 742/2168/1742
f 743/1251/928 798/1254/931 797/2159/1939
f 742/2168/1742 743/1251/928 797/2159/1939
f 798/1254/931 853/1255/418 797/2159/1939
f 853/1255/418 906/1257/933 852/2157/417
f 906/1257/933 905/2175/416 852/2157/417
f 853/1255/418 852/2157/417 797/2159/1939
f 1634/2338/929 1635/2367/927 1643/2342/951
f 1642/2343/928 1643/2342/951 1651/2344/930
f 1651/2344/930 1659/2369/953 1658/2346/418
f 1658/2346/418 1659/2369/953 1667/2347/932
f 1667/2347/932 1675/2350/955 1674/2349/934
f 1675/2350/955 1683/2352/935 1682/2351/936
f 1683/2352/935 1691/2373/937 1690/2335/938
f 1690/2335/938 1691/2373/937 1699/2353/940
f 1699/2353/940 1707/2356/942 1706/2355/941
f 1707/2356/942 1715/2377/961 1714/1243/924
f 1714/1243/924 1715/2377/961 1723/2357/943
f 1722/2358/944 1723/2357/943 1731/2359/945
f 1730/1246/926 1731/2359/945 1739/2360/946
f 1738/2361/544 1739/2360/946 1747/2362/947
f 1747/2362/947 1755/2365/965 1754/2364/949
f 1755/2365/965 1635/2367/927 1634/2338/929
f 1636/2366/966 1644/3550/950 1643/2342/951
f 1643/2342/951 1644/3550/950 1652/2368/952
f 1652/2368/952 1660/3551/967 1659/2369/953
f 1659/2369/953 1660/3551/967 1668/2370/954
f 1667/2347/932 1668/2370/954 1676/2371/1746
f 1675/2350/955 1676/2371/1746 1684/2372/956
f 1684/2372/956 1692/2374/957 1691/2373/937
f 1692/2374/957 1700/3552/1749 1699/2353/940
f 1699/2353/940 1700/3552/1749 1708/2375/1747
f 1707/2356/942 1708/2375/1747 1716/2376/960
f 1716/2376/960 1724/2378/971 1723/2357/943
f 1724/2378/971 1732/2379/962 1731/2359/945
f 1732/2379/962 1740/2380/963 1739/2360/946
f 1740/2380/963 1748/3553/973 1747/2362/947
f 1747/2362/947 1748/3553/973 1756/2381/1748
f 1755/2365/965 1756/2381/1748 1636/2366/966
f 1631/2382/396 1639/2385/398 1644/2383/950
f 1639/2385/398 1647/3554/743 1652/2386/952
f 1647/2387/743 1655/2390/738 1660/2388/967
f 1655/2390/738 1663/2392/737 1668/2391/954
f 1663/2392/737 1671/3555/762 1676/2393/1746
f 1676/2393/1746 1671/3555/762 1681/2394/748
f 1684/2396/956 1681/3556/748 1689/2397/759
f 1692/2398/957 1689/2397/759 1697/2399/1739
f 1697/2399/1739 1705/2402/1737 1708/2401/1747
f 1705/2402/1737 1713/3557/1750 1716/2403/960
f 1713/2404/1750 1721/2407/755 1724/2405/971
f 1721/2407/755 1729/2409/753 1732/2408/962
f 1729/2409/753 1735/2411/741 1740/2410/963
f 1735/2411/741 1743/3558/740 1748/2412/973
f 1743/2413/740 1751/2416/735 1756/2414/1748
f 1751/2416/735 1631/2382/396 1636/2384/966
f 1711/1358/996 1703/2321/1738 1709/2417/514
f 1752/2311/734 1744/2315/1735 1749/1376/986
f 1741/2418/1751 1736/2604/739 1727/2419/752
f 1957/2420/983 1952/2593/752 1944/2421/1752
f 1685/1352/979 1679/978/749 1672/993/761
f 1869/1330/976 1864/2332/397 1856/2422/989
f 1727/2419/752 1719/983/754 1725/1357/995
f 1709/2417/514 1703/2321/1738 1695/988/758
f 1645/1368/976 1640/455/397 1632/2425/989
f 1648/970/742 1640/455/397 1645/1368/976
f 1069/1360/992 1051/973/744 997/987/757
f 1885/2426/991 1880/2329/736 1872/1329/975
f 1701/2424/516 1695/988/758 1687/976/747
f 1888/2427/994 1880/2329/736 1885/2426/991
f 1632/2425/989 1752/2311/734 1757/1375/1007
f 641/548/474 629/934/724 628/2429/1753
f 1757/1375/1007 1758/3398/1984 1638/1372/1002
f 1339/1390/1754 1394/1389/1824 1393/1344/987
f 1734/1380/1009 1742/2686/1823 1741/2418/1751
f 1886/2431/1755 1894/3559/2000 1893/2428/981
f 1893/2428/981 1894/3559/2000 1902/2432/1756
f 1901/2433/993 1902/2432/1756 1910/2434/1757
f 803/1385/1758 857/1384/1826 856/2436/1759
f 1701/2424/516 1702/3560/2001 1710/2438/1760
f 1123/1337/516 1124/1361/997 1177/674/560
f 1448/1342/986 1449/1391/2002 1501/1382/1761
f 1870/2439/1762 1878/3561/2003 1877/1331/977
f 1861/2423/990 1862/3562/1002 1870/2439/1762
f 1877/1331/977 1878/3561/2003 1886/2431/1755
f 1926/2440/1763 1934/1370/1004 1933/609/514
f 695/1367/1002 747/1383/1829 746/1345/988
f 491/775/622 509/415/363 510/789/328
f 1657/2442/1620 1762/3563/1620 1761/2443/1764
f 1745/2445/1622 1773/2472/1765 1772/2446/1623
f 1704/2447/1624 1712/1242/1625 1769/2448/1625
f 1680/2450/1627 1765/2474/1627 1764/2451/1626
f 1641/2336/1628 1649/2444/1621 1761/2443/1764
f 1737/2454/1623 1772/3564/1623 1771/2455/1629
f 1696/2333/1630 1704/2447/1624 1768/2449/1624
f 1665/2458/1631 1673/2452/1626 1764/2451/1626
f 1753/2460/1633 1633/3565/1632 1759/2461/1632
f 1641/2336/1628 1760/2453/1628 1759/2463/1632
f 1728/1245/1629 1771/3566/1629 1770/2464/1634
f 1696/2465/1630 1767/3567/1630 1766/2466/1635
f 1657/2468/1620 1665/3568/1631 1763/2469/1631
f 1753/2471/1633 1774/3569/1633 1773/2472/1765
f 1720/1241/1634 1770/2464/1634 1769/2448/1625
f 1680/2450/1627 1688/2334/1635 1766/2473/1635
f 1772/2475/1636 1773/3570/1643 1789/2476/1637
f 1766/2478/1645 1782/2485/1640 1781/2479/1641
f 1774/2481/1642 1790/2489/1649 1789/2482/1637
f 1767/2484/1644 1783/2491/1651 1782/2485/1640
f 1759/2486/1648 1760/2493/1646 1776/2487/1653
f 1774/2481/1642 1759/2486/1648 1775/2488/1647
f 1767/2484/1644 1768/2494/1655 1784/2490/1650
f 1761/2492/1656 1777/2518/1652 1776/2487/1653
f 1768/2494/1655 1769/3571/1654 1785/2495/1659
f 1761/2496/1656 1762/2503/1766 1778/2497/1657
f 1770/2499/1658 1786/2505/1663 1785/2500/1659
f 1763/2502/1660 1779/2507/1665 1778/2497/1657
f 1771/2504/1662 1787/2508/1666 1786/2505/1663
f 1764/2506/1767 1780/2510/1667 1779/2507/1665
f 1772/2475/1636 1788/2477/1638 1787/2508/1666
f 1765/2509/1639 1781/3572/1641 1780/2510/1667
f 2071/2513/1724 2074/2823/1727 2029/2511/1768
f 2074/2823/1727 2077/2828/1731 2029/2511/1768
f 2077/2828/1731 2031/2778/1780 2030/3573/1947
f 2031/2778/1780 2035/2780/1781 2015/3574/1948
f 2030/3573/1947 2031/2778/1780 2015/3574/1948
f 2035/2780/1781 2038/2783/1670 2017/3575/1668
f 2035/2780/1781 2017/3575/1668 2016/3576/1669
f 2029/2511/1768 2077/2828/1731 2030/3573/1947
f 2065/2814/1719 2068/2819/613 2027/3577/612
f 2068/2819/613 2071/2513/1724 2028/2512/611
f 2027/3577/612 2026/3578/1848 2065/2814/1719
f 2028/2512/611 2027/3577/612 2068/2819/613
f 2035/2780/1781 2016/3576/1669 2015/3574/1948
f 1776/2487/1653 1810/2519/1675 1808/2514/1769
f 2041/2787/1697 2044/2790/1700 2019/3579/1997
f 2044/2790/1700 2047/2794/1703 2020/3580/1674
f 2047/2794/1703 2050/2797/1672 2021/2517/1673
f 2050/2797/1672 2053/2515/1770 2021/2517/1673
f 2053/2515/1770 2056/2803/1711 2023/3581/1998
f 2056/2803/1711 2059/2807/1714 2024/3582/1999
f 2059/2807/1714 2062/2810/1789 2024/3582/1999
f 2062/2810/1789 2065/2814/1719 2025/3583/1849
f 2024/3582/1999 2062/2810/1789 2025/3583/1849
f 2065/2814/1719 2026/3578/1848 2025/3583/1849
f 2056/2803/1711 2024/3582/1999 2023/3581/1998
f 2044/2790/1700 2020/3580/1674 2019/3579/1997
f 2017/3575/1668 2038/2783/1670 2041/2787/1697
f 2018/3584/1996 2017/3575/1668 2041/2787/1697
f 2019/3579/1997 2018/3584/1996 2041/2787/1697
f 2053/2515/1770 2023/3581/1998 2022/2516/1771
f 2021/2517/1673 2020/3580/1674 2047/2794/1703
f 1777/2518/1652 1813/2544/1773 1810/2519/1675
f 1784/2520/1650 1785/3585/1659 1837/2521/1676
f 1778/2497/1657 1816/2526/1678 1813/2523/1773
f 1786/2505/1663 1840/2528/1680 1837/2524/1676
f 1778/2497/1657 1779/2507/1665 1819/2525/1682
f 1786/2505/1663 1787/2508/1666 1843/2527/1774
f 1780/2510/1667 1822/2530/1683 1819/2525/1682
f 1788/2477/1638 1846/2531/1775 1843/2527/1774
f 1780/2510/1667 1781/3572/1641 1825/2529/1686
f 1789/2476/1637 1849/2584/1776 1846/2531/1775
f 1782/2485/1640 1828/2535/1778 1825/2532/1686
f 1790/2489/1649 1852/2536/1779 1849/2533/1776
f 1782/2485/1640 1783/2491/1651 1831/2534/1777
f 1790/2489/1649 1775/2488/1647 1808/2514/1769
f 1784/2490/1650 1834/2565/1772 1831/2534/1777
f 1807/2537/1780 1809/2588/1691 1812/2538/1692
f 1809/2540/1782 1808/2514/1769 1810/2519/1675
f 1811/2539/1781 1812/2538/1692 1815/2542/1784
f 1815/2543/1785 1812/2541/1783 1810/2519/1675
f 1814/2233/1670 1815/2542/1784 1818/2545/1696
f 1818/2547/1698 1815/3586/1785 1813/2523/1773
f 1820/2548/1700 1817/2546/1697 1818/2545/1696
f 1818/2547/1698 1816/2526/1678 1819/2525/1682
f 1820/2548/1700 1821/2549/1699 1824/2551/1702
f 1821/2550/1701 1819/2525/1682 1822/2530/1683
f 1823/2552/1703 1824/2551/1702 1827/2554/1705
f 1824/2553/1704 1822/2530/1683 1825/2529/1686
f 1829/2557/1770 1826/2555/1672 1827/2554/1705
f 1830/2559/1786 1827/3587/1706 1825/2532/1686
f 1832/2560/1711 1829/2557/1770 1830/2558/1707
f 1830/2559/1786 1828/2535/1778 1831/2534/1777
f 1835/2563/1714 1832/2560/1711 1833/2561/1710
f 1833/2562/1787 1831/2534/1777 1834/2565/1772
f 1838/2567/1789 1835/2563/1714 1836/2564/1713
f 1839/2569/1790 1836/2566/1788 1834/2565/1772
f 1841/2571/1719 1838/2567/1789 1839/2568/1717
f 1839/2573/1790 1837/2524/1676 1840/2528/1680
f 1844/2575/613 1841/2571/1719 1842/2572/1791
f 1842/2574/1721 1840/2528/1680 1843/2527/1774
f 1844/2575/613 1845/2576/1792 1848/2578/1725
f 1845/2577/1723 1843/2527/1774 1846/2531/1775
f 1850/2581/1727 1847/2579/1724 1848/2578/1725
f 1851/2583/1795 1848/2580/1793 1846/2531/1775
f 1853/2585/1731 1850/2581/1727 1851/2582/1794
f 1854/2587/1797 1851/3588/1795 1849/2533/1776
f 1807/2537/1780 1853/2585/1731 1854/2586/1796
f 1809/2540/1782 1854/2587/1797 1852/2536/1779
f 1904/2589/1798 1912/2681/1819 1911/991/760
f 1895/2591/1800 1896/2595/761 1904/2589/1798
f 1943/2592/1801 1944/2421/1752 1952/2593/752
f 1887/2330/737 1888/2427/994 1896/2595/761
f 1936/1327/974 1944/2421/1752 1943/2592/1801
f 675/1346/989 728/2601/397 727/2596/398
f 1427/968/740 1428/1341/985 1482/961/734
f 1671/994/762 1672/993/761 1679/978/749
f 1719/983/754 1721/985/755 1713/2597/1750
f 1967/2598/1803 1968/2603/1735 1975/2599/1804
f 728/2601/397 782/2327/975 781/2328/743
f 1952/2593/752 1960/3589/739 1959/2602/1806
f 1959/2602/1806 1960/3589/739 1968/2603/1735
f 1736/2604/739 1744/2315/1735 1743/2316/740
f 1975/2599/1804 1856/2422/989 1855/2331/396
f 1727/2419/752 1736/2604/739 1735/2605/741
f 1970/2608/948 1978/2634/949 1976/2606/1807
f 1978/2634/949 1858/2613/929 1857/2710/1743
f 1976/2606/1807 1978/2634/949 1857/2710/1743
f 1858/2613/929 1866/2612/928 1857/2710/1743
f 1866/2612/928 1874/2615/931 1865/2698/1742
f 1874/2615/931 1873/2691/1939 1865/2698/1742
f 1866/2612/928 1865/2698/1742 1857/2710/1743
f 359/43/41 360/40/38 350/10/10
f 1666/2348/933 1674/2349/934 1673/2452/1745
f 1674/2349/934 1682/2351/936 1673/2452/1745
f 1682/2351/936 1690/2335/938 1680/2450/1744
f 1690/2335/938 1688/2334/1741 1680/2450/1744
f 1673/2452/1745 1665/2458/416 1666/2348/933
f 1066/1262/938 1120/1263/939 1119/2173/1740
f 1120/1263/939 1173/1265/941 1119/2173/1740
f 1173/1265/941 1171/2161/1912 1119/2173/1740
f 246/2610/682 236/3209/681 237/823/653
f 1859/2611/927 1867/2614/951 1866/2612/928
f 1867/2614/951 1875/2616/930 1874/2615/931
f 1875/2616/930 1883/2617/953 1882/478/418
f 1883/2617/953 1891/2639/932 1890/2618/933
f 1890/2618/933 1891/2639/932 1899/2619/955
f 1898/2341/934 1899/2619/955 1907/2620/935
f 1907/2620/935 1915/2623/937 1914/2622/938
f 1915/2623/937 1923/2625/940 1922/2624/939
f 1923/2625/940 1931/2627/942 1930/2626/941
f 1931/2627/942 1939/2645/961 1938/2628/924
f 1938/2628/924 1939/2645/961 1947/2629/943
f 1947/2629/943 1955/2647/945 1954/1249/926
f 1954/1249/926 1955/2647/945 1963/2631/946
f 1962/2632/544 1963/2631/946 1971/2633/947
f 1971/2633/947 1979/2635/965 1978/2634/949
f 1979/2635/965 1859/2611/927 1858/2613/929
f 1860/2636/966 1868/3590/1813 1867/2614/951
f 1867/2614/951 1868/3590/1813 1876/2637/952
f 1876/2637/952 1884/2638/967 1883/2617/953
f 1884/2638/967 1892/2640/954 1891/2639/932
f 1892/2640/954 1900/3591/1814 1899/2619/955
f 1899/2619/955 1900/3591/1814 1908/2641/1808
f 1907/2620/935 1908/2641/1808 1916/2642/1809
f 1915/2623/937 1916/2642/1809 1924/2643/1749
f 1923/2625/940 1924/2643/1749 1932/2644/1747
f 1932/2644/1747 1940/3592/1815 1939/2645/961
f 1939/2645/961 1940/3592/1815 1948/2646/1810
f 1948/2646/1810 1956/3593/1816 1955/2647/945
f 1955/2647/945 1956/3593/1816 1964/2648/1811
f 1964/2648/1811 1972/3594/1817 1971/2633/947
f 1971/2633/947 1972/3594/1817 1980/2649/1812
f 1979/2635/965 1980/2649/1812 1860/2636/966
f 1860/2650/966 1855/3595/396 1863/2651/398
f 1863/2651/398 1871/3596/743 1876/2653/952
f 1876/2654/952 1871/3597/743 1879/2655/738
f 1879/2655/738 1887/3598/737 1892/2657/954
f 1892/2657/954 1887/3598/737 1895/2658/1800
f 1895/2658/1800 1903/3599/1799 1908/2660/1808
f 1903/2661/1799 1911/3600/760 1916/2662/1809
f 1916/2662/1809 1911/3600/760 1921/2664/583
f 1921/2664/583 1929/2667/582 1932/2666/1747
f 1929/2667/582 1935/3601/1736 1940/2668/1815
f 1940/2669/1815 1935/3602/1736 1943/2670/1801
f 1948/2671/1810 1943/2670/1801 1951/2672/1802
f 1951/2672/1802 1959/3603/1806 1964/2674/1811
f 1964/2674/1811 1959/3603/1806 1967/2675/1803
f 1972/2677/1817 1967/3604/1803 1977/2678/1805
f 1977/2678/1805 1855/3595/396 1860/2650/966
f 909/1335/981 891/3340/994 837/964/736
f 1909/2435/979 1904/2589/1798 1896/2595/761
f 1896/2595/761 1888/2427/994 1893/2428/981
f 856/2436/1759 837/964/736 782/2327/975
f 1744/2315/1735 1736/2604/739 1741/2418/1751
f 1981/1379/984 1975/2599/1804 1968/2603/1735
f 1212/2325/996 1158/979/750 1176/676/562
f 1917/2680/1818 1912/2681/1819 1904/2589/1798
f 1925/611/516 1919/610/515 1912/2681/1819
f 782/2327/975 728/2601/397 746/1345/988
f 1968/2603/1735 1960/3589/739 1965/2682/987
f 1965/2682/987 1960/3589/739 1952/2593/752
f 1106/1336/515 1051/973/744 1069/1360/992
f 1856/2422/989 1975/2599/1804 1981/1379/984
f 675/1346/989 1482/961/734 1500/1340/984
f 1393/1344/987 1374/967/739 1320/981/752
f 1950/2683/1820 1958/2684/1821 1957/2420/983
f 1917/2680/1818 1918/2685/1822 1926/2440/1763
f 1958/2684/1821 1966/3605/2004 1965/2682/987
f 1909/2435/979 1910/2434/1757 1918/2685/1822
f 1742/2686/1823 1750/1374/1006 1749/1376/986
f 1394/1389/1824 1449/1391/2002 1448/1342/986
f 1710/2438/1760 1718/3395/1981 1717/1359/561
f 1941/1328/561 1942/3397/1983 1950/2683/1820
f 1965/2682/987 1966/3605/2004 1974/2687/1825
f 857/1384/1826 910/1364/1000 909/1335/981
f 1018/1387/1827 1070/1386/1980 1069/1360/992
f 1982/1378/1008 1862/3562/1002 1861/2423/990
f 1677/1355/993 1678/3606/2005 1686/2688/1828
f 747/1383/1829 803/1385/1758 802/2437/977
f 1670/2689/1830 1678/3606/2005 1677/1355/993
f 1694/1366/1001 1702/3560/2001 1701/2424/516
f 1881/477/1620 1986/3607/1620 1985/2690/1621
f 1961/1247/1623 1969/2607/1622 1997/2692/1622
f 1937/2694/1625 1993/2720/1625 1992/2695/1831
f 1905/2339/1627 1989/2722/1627 1988/2697/1626
f 1865/2698/1628 1873/2691/1621 1985/2690/1621
f 1961/2700/1623 1996/3608/1623 1995/2701/1629
f 1920/2703/1630 1928/2696/1624 1992/2695/1831
f 1889/476/1631 1897/2340/1626 1988/2697/1626
f 1857/2706/1632 1983/3609/1632 1998/2707/1633
f 1865/2698/1628 1984/2699/1628 1983/2709/1632
f 1953/1248/1629 1995/3610/1629 1994/2711/1634
f 1913/2713/1635 1920/3611/1630 1991/2714/1832
f 1889/2716/1631 1987/3612/1631 1986/2717/1620
f 1969/2607/1622 1976/2606/1633 1998/2719/1633
f 1945/2712/1634 1994/2711/1634 1993/2720/1625
f 1913/2721/1635 1990/3613/1635 1989/2722/1627
f 1997/2723/1643 2013/2771/1637 2012/2724/1638
f 1990/2726/1645 2006/2733/1640 2005/2727/1641
f 1997/2729/1643 1998/2737/1833 2014/2730/1649
f 1991/2732/1644 2007/2739/1651 2006/2733/1640
f 1983/2734/1648 1984/2740/1834 2000/2735/1653
f 1983/2734/1648 1999/2736/1647 2014/2730/1649
f 1991/2732/1644 1992/2742/1655 2008/2738/1650
f 1984/2740/1834 1985/3614/1656 2001/2741/1652
f 1992/2742/1655 1993/3615/1654 2009/2743/1659
f 1985/2744/1656 1986/2750/1766 2002/2745/1657
f 1994/2747/1835 2010/2753/1663 2009/2748/1659
f 1986/2750/1766 1987/2755/1660 2003/2751/1665
f 1994/2747/1835 1995/2756/1662 2011/2752/1666
f 1988/2754/1664 2004/2758/1667 2003/2751/1665
f 1995/2756/1662 1996/2725/1636 2012/2724/1638
f 1988/2754/1664 1989/3616/1639 2005/2757/1641
f 1999/2736/1647 2000/2735/1653 2034/2759/1675
f 2001/2741/1652 2037/2785/1679 2034/2759/1675
f 2009/2761/1659 2061/3617/1676 2058/2762/1772
f 2001/2746/1652 2002/2745/1657 2040/2764/1678
f 2010/2753/1663 2064/2769/1680 2061/2766/1676
f 2002/2745/1657 2003/2751/1665 2043/2767/1682
f 2010/2753/1663 2011/2752/1666 2067/2768/1774
f 2004/2758/1667 2046/2770/1683 2043/2767/1682
f 2012/2724/1638 2070/2772/1775 2067/2768/1774
f 2005/2757/1641 2049/2799/1686 2046/2770/1683
f 2013/2771/1637 2073/2825/1684 2070/2772/1775
f 2006/2733/1640 2052/2777/1778 2049/2773/1686
f 2013/2731/1637 2014/2730/1649 2076/2774/1779
f 2006/2733/1640 2007/2739/1651 2055/2776/1777
f 1999/2736/1647 2032/2760/1769 2076/2774/1779
f 2008/2738/1650 2058/2808/1772 2055/2776/1777
f 2031/2778/1780 2033/2831/1691 2036/2779/1836
f 2036/2781/1693 2033/2832/1782 2032/2760/1769
f 2035/2780/1781 2036/2779/1836 2039/2782/1694
f 2039/2784/1785 2036/2781/1693 2034/2759/1675
f 2038/2783/1670 2039/2782/1694 2042/2786/1837
f 2039/2788/1785 2037/2765/1679 2040/2764/1678
f 2044/2790/1700 2041/2787/1697 2042/2786/1837
f 2042/2789/1698 2040/2764/1678 2043/2767/1682
f 2044/2790/1700 2045/2791/1699 2048/2793/1702
f 2045/2792/1701 2043/2767/1682 2046/2770/1683
f 2047/2794/1703 2048/2793/1702 2051/2796/1705
f 2051/2798/1706 2048/2795/1704 2046/2770/1683
f 2050/2797/1672 2051/2796/1705 2054/2800/1707
f 2051/2801/1706 2049/2773/1686 2052/2777/1778
f 2056/2803/1711 2053/2515/1770 2054/2800/1707
f 2054/2802/1786 2052/2777/1778 2055/2776/1777
f 2056/2803/1711 2057/2804/1710 2060/2806/1713
f 2057/2805/1787 2055/2776/1777 2058/2808/1772
f 2062/2810/1789 2059/2807/1714 2060/2806/1713
f 2063/2812/1790 2060/2809/1788 2058/2808/1772
f 2065/2814/1719 2062/2810/1789 2063/2811/1717
f 2063/2816/1790 2061/2766/1676 2064/2769/1680
f 2065/2814/1719 2066/2815/1791 2069/2818/1792
f 2066/2817/1721 2064/2769/1680 2067/2768/1774
f 2071/2513/1724 2068/2819/613 2069/2818/1792
f 2069/2820/1723 2067/2768/1774 2070/2772/1775
f 2074/2823/1727 2071/2513/1724 2072/2821/1725
f 2072/2822/1793 2070/2772/1775 2073/2825/1684
f 2074/2823/1727 2075/2824/1728 2078/2827/1730
f 2075/2829/1795 2073/2775/1684 2076/2774/1779
f 2031/2778/1780 2077/2828/1731 2078/2827/1730
f 2078/2830/1797 2076/2774/1779 2032/2760/1769
f 1572/2833/1453 2084/2840/1453 2083/2834/1452
f 1580/2836/1443 2092/2842/1443 2091/2837/1838
f 1573/2839/1454 2085/3618/1454 2084/2840/1453
f 1580/2836/1443 1581/3619/1444 2093/2841/1444
f 1574/2843/1455 2086/2850/1455 2085/2844/1454
f 1582/2846/1446 2094/2854/1842 2093/2847/1444
f 1575/2849/1438 2087/2856/1438 2086/2850/1455
f 1568/2851/1839 2080/2858/1449 2079/2852/1840
f 1567/2853/1841 2079/2852/1840 2094/2854/1842
f 1576/2855/1440 2088/2860/1440 2087/2856/1438
f 1569/2857/1843 2081/3620/1843 2080/2858/1449
f 1577/2859/1441 2089/3621/1441 2088/2860/1440
f 1570/2861/1450 2082/2867/1450 2081/2862/1843
f 1578/2864/1442 2090/2868/1442 2089/2865/1441
f 1571/2835/1452 2083/2834/1452 2082/2867/1450
f 1579/2838/1838 2091/2837/1838 2090/2868/1442
f 2024/2869/1844 2136/2876/1440 2135/2870/1845
f 2017/2872/1843 2129/3622/1843 2128/2873/1839
f 2024/2869/1844 2025/3623/1441 2137/2875/1441
f 2018/2877/1450 2130/2884/1450 2129/2878/1843
f 2026/2880/1442 2138/2886/1442 2137/2881/1441
f 2019/2883/1452 2131/2888/1452 2130/2884/1450
f 2026/2880/1442 2027/2889/1838 2139/2885/1838
f 2020/2887/1453 2132/2892/1453 2131/2888/1452
f 2027/2889/1838 2028/2894/1443 2140/2890/1443
f 2021/2891/1454 2133/3624/1454 2132/2892/1453
f 2029/2893/1444 2141/3625/1444 2140/2890/1443
f 2022/2895/1455 2134/2901/1847 2133/2896/1454
f 2030/2898/1842 2142/2904/1446 2141/2899/1444
f 2023/2871/1846 2135/2870/1845 2134/2901/1847
f 2016/2874/1449 2128/2873/1839 2127/2902/1841
f 2015/2903/1840 2127/2902/1841 2142/2904/1446
f 1806/2905/1446 2126/2914/1842 2125/2906/1444
f 1799/2908/1845 2119/2916/1846 2118/2909/1455
f 1792/2911/1839 2112/2918/1449 2111/2912/1840
f 1791/2913/1841 2111/2912/1840 2126/2914/1842
f 1800/2915/1440 2120/2920/1844 2119/2916/1846
f 1793/2917/1843 2113/3626/1843 2112/2918/1449
f 1801/2919/1441 2121/3627/1441 2120/2920/1844
f 1794/2921/1450 2114/2928/1450 2113/2922/1843
f 1802/2924/1442 2122/2930/1442 2121/2925/1441
f 1795/2927/1452 2115/2932/1452 2114/2928/1450
f 1803/2929/1838 2123/2934/1838 2122/2930/1442
f 1796/2931/1453 2116/2936/1453 2115/2932/1452
f 1803/2929/1838 1804/2938/1443 2124/2933/1443
f 1797/2935/1454 2117/3628/1454 2116/2936/1453
f 1805/2937/1444 2125/3629/1444 2124/2933/1443
f 1798/2910/1847 2118/2909/1455 2117/2939/1454
f 2176/3030/322 2195/3029/1905 2194/3630/323
f 1829/2557/1770 1832/2560/1711 1799/3631/1998
f 1832/2560/1711 1835/2563/1714 1800/3632/1999
f 1835/2563/1714 1838/2567/1789 1801/2945/1849
f 1838/2567/1789 1841/2571/1719 1801/2945/1849
f 1841/2571/1719 1844/2575/613 1803/3633/612
f 1844/2575/613 1847/2579/1724 1804/3634/611
f 1847/2579/1724 1850/2581/1727 1804/3634/611
f 1850/2581/1727 1853/2585/1731 1805/3635/1768
f 1804/3634/611 1850/2581/1727 1805/3635/1768
f 1853/2585/1731 1806/3541/1947 1805/3635/1768
f 1844/2575/613 1804/3634/611 1803/3633/612
f 1832/2560/1711 1800/3632/1999 1799/3631/1998
f 1797/3539/1673 1826/2555/1672 1829/2557/1770
f 1798/3636/1771 1797/3539/1673 1829/2557/1770
f 1799/3631/1998 1798/3636/1771 1829/2557/1770
f 1841/2571/1719 1803/3633/612 1802/2944/1848
f 1801/2945/1849 1800/3632/1999 1835/2563/1714
f 2165/2946/23 2166/2976/1869 2185/2947/24
f 2104/2961/1858 2105/3637/1871 2145/2951/1852
f 2105/2979/1871 2156/2978/1850 2145/3638/1852
f 2183/2952/1853 2182/530/460 2163/532/462
f 2103/2954/1854 2144/2962/1859 2143/2955/1855
f 2095/2957/461 2146/3639/2006 2161/2958/1856
f 119/248/224 118/266/227 107/2960/212
f 2104/2961/1858 2145/2951/1852 2144/2962/1859
f 2110/2959/1857 2161/2958/1856 2160/2963/1860
f 2204/3031/1906 2213/2966/1862 2203/2965/1861
f 2213/2966/1862 2223/3049/1916 2222/2967/1863
f 2184/2948/25 2183/3640/1853 2164/2968/1024
f 2187/2969/679 2186/2975/1868 2167/2970/1864
f 2174/2972/1865 2193/2977/1870 2192/2973/1866
f 2186/2975/1868 2185/2947/24 2166/2976/1869
f 2175/2943/324 2194/2942/323 2193/2977/1870
f 2106/645/540 2157/644/539 2156/2978/1850
f 2161/3641/2007 2146/3642/2008 2149/2980/1872
f 2146/3642/2008 2147/3643/2009 2149/2980/1872
f 2147/3643/2009 2148/3644/2010 2149/2980/1872
f 2149/2980/1872 2150/3645/2011 2151/3646/2012
f 2151/3646/2012 2152/3647/2013 2149/2980/1872
f 2152/3647/2013 2153/2981/1873 2149/2980/1872
f 2153/2981/1873 2154/3648/2014 2155/3649/2015
f 2155/3649/2015 2156/3650/2016 2153/2981/1873
f 2156/3650/2016 2157/2982/1874 2153/2981/1873
f 2157/2982/1874 2158/3651/2017 2159/3652/2018
f 2159/3652/2018 2160/3653/2019 2161/3641/2007
f 2157/2982/1874 2159/3652/2018 2161/3641/2007
f 2161/3641/2007 2149/2980/1872 2157/2982/1874
f 2143/2955/1855 2144/2962/1877 2154/2983/1875
f 2145/2951/1852 2155/2950/1851 2154/2983/1875
f 2211/3039/1878 2230/3038/1911 2229/3654/1879
f 2200/2988/1881 2201/3018/1869 2220/2989/1882
f 2171/3003/1858 2172/3655/1871 2180/2993/1886
f 2172/3021/1871 2191/3020/1884 2180/3656/1886
f 669/2994/1887 670/3657/492 659/2995/491
f 2170/2996/1854 2179/3004/1859 2178/865/678
f 2162/531/461 2181/3229/1941 2196/2998/1888
f 2217/3000/460 2216/3658/2020 2197/3001/461
f 2171/3003/1858 2180/2993/1886 2179/3004/1859
f 2218/3005/1890 2217/3000/460 2198/3002/1023
f 2206/3036/1909 2207/3659/1913 2215/3009/1894
f 2207/3044/1913 2226/3043/1892 2215/3660/1894
f 2219/2990/1883 2218/3661/1890 2199/3010/1891
f 2222/3011/1863 2221/3017/1898 2202/3012/1895
f 2209/3014/1865 2228/3019/1899 2227/3015/1896
f 2221/3017/1898 2220/2989/1882 2201/3018/1869
f 2210/2987/1880 2229/2986/1879 2228/3019/1899
f 2173/2974/1867 2192/2973/1866 2191/3020/1884
f 2196/3022/1874 2181/3662/2021 2184/3023/1900
f 2181/3662/2021 2182/3663/2022 2184/3023/1900
f 2182/3663/2022 2183/3664/2023 2184/3023/1900
f 2184/3023/1900 2185/3665/2024 2188/3024/1901
f 2185/3665/2024 2186/3666/2025 2188/3024/1901
f 2186/3666/2025 2187/3667/2026 2188/3024/1901
f 2188/3024/1901 2189/3668/2027 2190/3669/2028
f 2190/3669/2028 2191/3670/2029 2192/3671/1873
f 2192/3671/1873 2193/3672/2030 2194/3673/2031
f 2194/3673/2031 2195/3674/2032 2196/3022/1874
f 2188/3024/1901 2190/3669/2028 2192/3671/1873
f 2192/3671/1873 2194/3673/2031 2188/3024/1901
f 2194/3673/2031 2196/3022/1874 2188/3024/1901
f 2178/865/678 2179/3004/1877 2189/3025/1875
f 2180/2993/1886 2190/2992/1885 2189/3025/1875
f 560/3028/1904 585/3675/408 579/851/670
f 585/3675/408 586/868/412 579/851/670
f 568/3027/1903 561/3301/1958 560/3028/1904
f 2177/2999/1889 2196/2998/1888 2195/3029/1905
f 2204/3031/1906 2205/3037/1910 2214/3032/1438
f 2197/3001/461 2216/3658/2020 2231/3033/1907
f 2147/3035/1908 2146/3639/2006 2095/2957/461
f 2206/3036/1909 2215/3009/1894 2214/3032/1438
f 2212/3034/1857 2231/3033/1907 2230/3038/1911
f 2102/2956/1847 2143/2955/1855 2101/3040/410
f 2143/2955/1855 2153/2984/1876 2152/3041/409
f 1930/2626/941 1938/2628/924 1937/2694/923
f 1938/2628/924 1946/2630/944 1937/2694/923
f 1946/2630/944 1945/2712/922 1937/2694/923
f 1000/1064/803 1054/1066/1971 1053/1038/802
f 2208/3016/1897 2227/3015/1896 2226/3043/1892
f 2231/3045/1914 2216/3676/2033 2219/3046/1874
f 2216/3676/2033 2217/3677/2034 2219/3046/1874
f 2217/3677/2034 2218/3678/2012 2219/3046/1874
f 2219/3046/1874 2220/3679/1901 2223/3047/1915
f 2220/3679/1901 2221/3680/2035 2223/3047/1915
f 2221/3680/2035 2222/3681/2036 2223/3047/1915
f 2223/3047/1915 2224/3682/2037 2225/3683/2028
f 2225/3683/2028 2226/3684/2038 2227/3685/2039
f 2227/3685/2039 2228/3686/2040 2229/3687/2041
f 2229/3687/2041 2230/3688/2023 2231/3045/1914
f 2223/3047/1915 2225/3683/2028 2227/3685/2039
f 2227/3685/2039 2229/3687/2041 2223/3047/1915
f 2229/3687/2041 2231/3045/1914 2223/3047/1915
f 2213/2966/1862 2214/3032/1877 2224/3048/1875
f 2215/3009/1894 2225/3008/1893 2224/3048/1875
f 2079/3050/1917 2092/3054/1917 2093/3051/1917
f 2080/3053/1917 2091/3056/1917 2092/3054/1917
f 2081/3055/1917 2090/3689/1917 2091/3056/1917
f 2089/3057/1917 2090/3689/1917 2081/3055/1917
f 2088/3059/1917 2089/3057/1917 2082/3058/1917
f 2087/3061/1917 2088/3059/1917 2083/3060/1917
f 2086/3063/1917 2087/3061/1917 2084/3062/1917
f 2132/3065/1917 2133/3690/1917 2134/3066/1917
f 2131/3067/1917 2134/3066/1917 2135/3068/1917
f 2135/3068/1917 2136/3071/1917 2129/3070/1917
f 2136/3071/1917 2137/3073/1917 2128/3072/1917
f 2137/3073/1917 2138/3075/1917 2127/3074/1917
f 2138/3075/1917 2139/3691/1917 2142/3076/1917
f 2142/3076/1917 2139/3691/1917 2140/3077/1917
f 2116/3079/1917 2117/3692/1917 2118/3080/1917
f 2115/3081/1917 2118/3080/1917 2119/3082/1917
f 2119/3082/1917 2120/3085/1917 2113/3084/1917
f 2120/3085/1917 2121/3087/1917 2112/3086/1917
f 2121/3087/1917 2122/3089/1917 2111/3088/1917
f 2122/3089/1917 2123/3693/1917 2126/3090/1917
f 2126/3090/1917 2123/3693/1917 2124/3091/1917
