# Blender 3.4.1
# www.blender.org
mtllib Princess Alice Clothes.mtl
o Alice_body.001
v 0.258791 56.018192 -2.108051
v 0.305321 55.832531 -1.710041
v 0.476895 55.758034 -1.965642
v -0.000001 56.000156 -2.110671
v -0.000001 55.996246 -2.383600
v 0.262695 56.020340 -2.384352
v 0.498864 55.715374 -2.113487
v 0.357930 55.982430 -2.375815
v 0.497435 55.721931 -2.222717
v 1.296230 56.006886 -2.263762
v 1.038310 56.446976 -1.976979
v 1.033180 56.355133 -1.628102
v 1.627379 57.074554 -1.599014
v 1.498297 57.209759 -2.007203
v 1.869162 56.583786 -2.479622
v 1.464996 56.786713 -3.057309
v 2.018897 57.783131 -2.159260
v 2.335146 57.258064 -2.572043
v 2.054912 57.399254 -3.196921
v 2.700350 57.765491 -2.648471
v 2.421488 58.199215 -2.293292
v 2.807394 58.630333 -2.432733
v 3.006792 58.498684 -2.095114
v 2.565183 58.106781 -1.873601
v 2.140397 57.671715 -1.715240
v 3.299281 58.096077 -2.031271
v 2.884859 57.644432 -1.817101
v 3.749160 56.623871 -1.761776
v 2.460631 57.179287 -1.656926
v 3.288872 56.347164 -1.551470
v 3.835051 55.727310 -1.709666
v 2.804369 56.054947 -1.446912
v 3.376956 55.514530 -1.505281
v 2.855850 55.323589 -1.452942
v 3.416477 54.749886 -1.668974
v 3.339339 54.280781 -2.146812
v 3.806052 54.327278 -2.321171
v 2.839430 54.668205 -1.627219
v 3.932956 54.883621 -1.895351
v 4.312016 55.174019 -2.421363
v 4.340583 56.042294 -2.170885
v 4.422251 57.341965 -2.578100
v 4.163840 57.095222 -2.139684
v 4.503446 56.247158 -2.705080
v 4.227656 56.340126 -3.248836
v 4.205288 55.373440 -2.976931
v 4.035407 55.415188 -3.473099
v 4.405770 54.764172 -3.357570
v 4.255637 54.539276 -2.726993
v 4.340600 53.838943 -2.946713
v 3.797242 53.733757 -2.625468
v 3.557738 53.355778 -3.040346
v 3.075593 53.467213 -2.777344
v 3.281647 53.726101 -2.407610
v 2.838875 54.250702 -2.091918
v 2.794232 53.764507 -2.286352
v 2.663163 53.545532 -2.596898
v 2.045251 53.865482 -2.236013
v 2.011955 53.609329 -2.623125
v 2.678338 53.353882 -3.022290
v 1.322453 53.856255 -2.324297
v 1.556596 53.359875 -2.818475
v 2.484097 53.137280 -3.097325
v 1.862944 52.746628 -3.457392
v 0.768682 53.195503 -2.898875
v 1.167027 52.244553 -4.723109
v 1.045271 52.686420 -3.679464
v 2.683923 52.371704 -3.889709
v 1.929700 52.293961 -4.172898
v 2.535475 51.827427 -4.892057
v 1.996350 51.796757 -5.327200
v 2.775431 51.234272 -6.355928
v 2.200824 51.213200 -6.816237
v 1.673571 51.748173 -5.692204
v 1.805269 51.234711 -7.166011
v 1.368728 51.685589 -6.122379
v 0.811325 52.645393 -5.167938
v 0.814498 52.278534 -4.944377
v 1.246217 52.050098 -6.341352
v 1.773660 51.489872 -7.350881
v 2.411731 51.922939 -7.321391
v 2.848082 51.348110 -7.971540
v 2.464466 50.934422 -8.245013
v 2.745055 50.834476 -8.392381
v 2.452019 50.762241 -8.134671
v 2.732243 50.658634 -8.280833
v 2.704765 50.852913 -7.585192
v 3.110178 50.677559 -8.236614
v 3.355395 50.904579 -7.165332
v 3.669155 50.750385 -7.923625
v 4.022457 50.995014 -6.546433
v 3.254444 51.341698 -5.722741
v 3.685655 51.458824 -5.147482
v 3.041515 51.954155 -4.430234
v 3.415855 52.065201 -4.233823
v 4.218821 51.618969 -4.744269
v 3.057062 52.693447 -3.555403
v 3.714870 52.327370 -3.937362
v 3.325647 52.935818 -3.351398
v 3.748293 52.705997 -3.599804
v 4.686226 51.779140 -4.505281
v 5.317674 51.325275 -4.976546
v 4.929637 51.967697 -4.369201
v 5.412867 51.639668 -4.694151
v 4.948627 51.198795 -5.334008
v 4.403031 51.088947 -5.897601
v 4.996988 50.915688 -6.659922
v 5.557790 50.976101 -6.036142
v 5.810652 51.055763 -5.461833
v 5.796208 51.243256 -5.541481
v 5.526511 51.173306 -6.108767
v 5.382861 51.491714 -5.826725
v 5.037805 51.182762 -6.724000
v 4.914602 51.551914 -6.429771
v 3.998180 52.140232 -6.398223
v 4.214408 51.587971 -7.101902
v 3.076527 52.017300 -6.934791
v 3.481106 51.495476 -7.736866
v 4.459327 51.205303 -7.315572
v 4.485842 50.906300 -7.244665
v 3.663708 50.972065 -8.024337
v 3.113293 50.861477 -8.321307
v 2.550548 52.270046 -5.881891
v 1.950873 52.413868 -6.241426
v 2.004561 53.275097 -4.707388
v 2.521234 53.237091 -4.878958
v 2.597256 53.047531 -4.912623
v 0.464038 53.050079 -4.202640
v 1.707749 53.524853 -4.531027
v 1.261665 53.592876 -3.958688
v 3.587426 52.528015 -5.751164
v 3.787189 52.838963 -4.452106
v 3.418857 52.815842 -4.720131
v 4.556884 52.216503 -5.144550
v 4.983527 51.876713 -5.493519
v 5.687968 51.462696 -5.320755
v 5.296853 51.842590 -4.964003
v 4.899102 52.211647 -4.603502
v 5.361034 51.829441 -4.875675
v 5.776734 51.238144 -5.050861
v 5.798251 51.384212 -5.147720
v 3.873098 52.907135 -4.174997
v 3.726828 52.927467 -3.812159
v 4.074663 53.257950 -3.366858
v 3.300937 53.085335 -3.468755
v 4.337820 53.251232 -3.630404
v 4.700737 54.110382 -4.246208
v 4.384250 53.274036 -4.331574
v 4.704227 54.012589 -3.473663
v 4.369076 55.013355 -3.931368
v 3.862202 55.556053 -3.954897
v 4.071898 55.038643 -4.490112
v 3.244545 55.548725 -4.390592
v 3.531542 54.805676 -4.906350
v 4.174407 54.003864 -4.734037
v 3.971331 53.175579 -4.703568
v 3.537096 53.908493 -4.983457
v 3.530350 53.043941 -4.885134
v 2.695269 53.967594 -5.055315
v 1.915652 54.058994 -4.827153
v 2.742603 54.777931 -4.950805
v 2.120221 54.628819 -4.599023
v 2.641131 55.360344 -4.627805
v 2.590573 56.428761 -4.035174
v 3.184372 56.433060 -3.931881
v 2.078559 55.189541 -4.603999
v 1.439683 55.086548 -4.259231
v 2.058951 56.162884 -3.963771
v 1.443615 55.772377 -3.618439
v 2.062252 56.551197 -3.778879
v 2.515887 56.870136 -4.011137
v 2.371433 57.713737 -3.909178
v 3.053989 57.125916 -4.012091
v 2.886210 58.086933 -3.934589
v 2.051627 58.268997 -3.597630
v 2.626787 58.594223 -3.597611
v 3.555974 58.447681 -3.643127
v 3.625333 59.122818 -3.059916
v 3.280330 58.977131 -3.302124
v 4.036346 58.713459 -3.200686
v 3.721545 57.361691 -3.692979
v 4.234592 57.387463 -3.235228
v 3.736759 56.384842 -3.634336
v 4.155576 58.810459 -2.710234
v 3.676143 59.071964 -2.673769
v 3.377297 58.865242 -2.386958
v 3.813461 58.522114 -2.345691
v 3.102789 58.883579 -2.599424
v 3.164847 58.951309 -2.748319
v 3.139884 58.960316 -2.893668
v 3.079584 58.263184 -2.720588
v 2.905273 58.357811 -3.177634
v 2.504568 57.858883 -3.234808
v 2.617061 58.685722 -3.171278
v 3.005710 58.908848 -3.009881
v 2.191974 58.208038 -3.230140
v 1.728614 57.772640 -3.224776
v 1.565731 57.847412 -3.526437
v 1.895245 57.318512 -3.748111
v 0.964840 57.188938 -3.291048
v 0.678755 56.641903 -2.684511
v 1.028440 57.261982 -3.035571
v 0.601249 56.552643 -2.950886
v 0.870017 56.215336 -3.060414
v 1.295721 56.755428 -3.463117
v 1.484010 55.974594 -3.351925
v 1.036828 55.497448 -2.993212
v 0.465375 55.646988 -2.778737
v 0.545417 55.172352 -2.741618
v 0.823511 55.091351 -3.290979
v 0.545292 54.995804 -3.181418
v 0.881855 54.791683 -3.443561
v 1.219766 54.173515 -4.196411
v 1.403095 54.651100 -4.039399
v 0.847542 54.275707 -3.770802
v 0.587723 54.532227 -3.401818
v 0.427612 54.667583 -3.653303
v 0.432561 54.328571 -3.695295
v 0.584690 54.352474 -3.407340
v 0.844193 53.998734 -3.669013
v 0.577275 54.184883 -3.329248
v 0.918042 53.862495 -3.317646
v 0.583864 54.043045 -3.090847
v 0.392087 54.039436 -3.560747
v -0.000001 54.029018 -3.611131
v -0.000001 54.326210 -3.801255
v -0.000001 53.862236 -3.294082
v -0.432563 54.328571 -3.695296
v -0.583865 54.043041 -3.090847
v -0.392088 54.039436 -3.560747
v -0.577276 54.184883 -3.329248
v -0.918043 53.862499 -3.317647
v -0.844195 53.998730 -3.669013
v -0.584691 54.352474 -3.407340
v -0.847543 54.275707 -3.770802
v -0.587724 54.532227 -3.401818
v -0.427614 54.667583 -3.653303
v -0.545294 54.995804 -3.181418
v -0.881856 54.791679 -3.443560
v -1.439684 55.086544 -4.259231
v -1.219767 54.173512 -4.196411
v -1.403097 54.651096 -4.039398
v -0.823513 55.091347 -3.290979
v -0.545418 55.172352 -2.741618
v -1.036830 55.497448 -2.993212
v -1.443617 55.772373 -3.618439
v -1.484011 55.974594 -3.351924
v -2.062253 56.551197 -3.778879
v -2.058953 56.162884 -3.963771
v -2.515888 56.870132 -4.011137
v -2.590575 56.428761 -4.035174
v -2.078561 55.189537 -4.603999
v -2.641133 55.360344 -4.627805
v -2.120222 54.628815 -4.599022
v -2.742604 54.777927 -4.950805
v -1.915653 54.058990 -4.827153
v -2.695271 53.967594 -5.055315
v -1.707751 53.524849 -4.531027
v -1.224369 53.765537 -4.106298
v -1.261666 53.592880 -3.958688
v -2.004563 53.275101 -4.707388
v -0.464040 53.050083 -4.202641
v -0.219099 53.369297 -3.500486
v -0.235867 53.761940 -2.925197
v -0.313149 53.073986 -3.134235
v -0.459415 52.729080 -3.891425
v -0.768684 53.195507 -2.898875
v -1.045273 52.686424 -3.679466
v -0.230762 53.788040 -2.574250
v -0.345455 53.895161 -2.289049
v -0.000001 53.777508 -2.946249
v -0.000001 53.792969 -2.518278
v 0.230761 53.788040 -2.574250
v 0.345453 53.895161 -2.289049
v 0.348041 54.174122 -1.845237
v -0.000001 54.143005 -1.805547
v -0.348043 54.174122 -1.845237
v -0.387141 54.725445 -1.371684
v -0.611730 54.191704 -1.985006
v -0.658419 54.441395 -1.825890
v -0.672502 54.756630 -1.701209
v -1.465186 54.534878 -1.617310
v -1.474329 54.240395 -1.860359
v -2.219984 54.266621 -1.995732
v -2.189590 54.616234 -1.635268
v -1.437592 54.030190 -2.095067
v -2.045252 53.865482 -2.236013
v -1.322454 53.856251 -2.324297
v -1.556598 53.359879 -2.818475
v -2.011957 53.609329 -2.623125
v -3.075595 53.467213 -2.777344
v -2.678339 53.353886 -3.022291
v -2.794234 53.764507 -2.286352
v -2.663166 53.545532 -2.596898
v -2.484099 53.137283 -3.097325
v -1.862947 52.746632 -3.457393
v -1.167029 52.244556 -4.723109
v -2.683925 52.371708 -3.889709
v -1.929702 52.293964 -4.172898
v -2.535478 51.827431 -4.892057
v -1.996352 51.796761 -5.327200
v -2.775434 51.234276 -6.355928
v -2.200827 51.213203 -6.816237
v -1.673573 51.748177 -5.692204
v -1.805271 51.234711 -7.166011
v -1.368730 51.685593 -6.122379
v -0.811327 52.645393 -5.167939
v -0.814500 52.278538 -4.944378
v -1.246219 52.050098 -6.341352
v -1.773662 51.489872 -7.350882
v -2.411734 51.922935 -7.321391
v -2.848085 51.348110 -7.971541
v -2.464469 50.934422 -8.245012
v -2.745058 50.834476 -8.392382
v -2.452022 50.762241 -8.134670
v -2.732245 50.658634 -8.280834
v -2.704768 50.852913 -7.585193
v -3.110181 50.677559 -8.236613
v -3.355397 50.904575 -7.165333
v -3.669158 50.750381 -7.923624
v -4.022459 50.995014 -6.546434
v -3.254447 51.341702 -5.722741
v -3.685658 51.458828 -5.147483
v -3.041518 51.954159 -4.430235
v -3.415857 52.065201 -4.233823
v -4.218822 51.618973 -4.744270
v -3.057064 52.693451 -3.555404
v -3.714873 52.327370 -3.937362
v -3.325649 52.935822 -3.351399
v -3.748296 52.705997 -3.599804
v -4.686229 51.779144 -4.505282
v -5.317676 51.325275 -4.976547
v -4.929639 51.967701 -4.369201
v -5.412869 51.639668 -4.694151
v -4.948629 51.198795 -5.334008
v -4.403033 51.088943 -5.897600
v -4.996990 50.915684 -6.659922
v -5.557791 50.976097 -6.036142
v -5.810654 51.055763 -5.461833
v -5.796210 51.243256 -5.541481
v -5.526514 51.173306 -6.108767
v -5.382863 51.491711 -5.826725
v -5.037807 51.182758 -6.724000
v -4.914605 51.551914 -6.429772
v -3.998181 52.140228 -6.398223
v -4.214410 51.587967 -7.101902
v -3.076530 52.017296 -6.934792
v -3.481109 51.495476 -7.736866
v -4.459329 51.205299 -7.315572
v -4.485845 50.906296 -7.244664
v -3.663711 50.972065 -8.024336
v -3.113296 50.861477 -8.321306
v -2.550550 52.270046 -5.881891
v -1.950875 52.413868 -6.241426
v -3.587428 52.528015 -5.751164
v -2.597259 53.047535 -4.912624
v -3.787191 52.838966 -4.452106
v -3.418859 52.815845 -4.720132
v -4.556886 52.216507 -5.144550
v -4.983529 51.876709 -5.493519
v -5.687971 51.462692 -5.320756
v -5.296855 51.842587 -4.964004
v -4.899104 52.211651 -4.603502
v -5.361036 51.829437 -4.875677
v -5.776735 51.238144 -5.050861
v -5.798254 51.384212 -5.147720
v -3.873101 52.907139 -4.174997
v -3.726831 52.927471 -3.812160
v -4.074665 53.257946 -3.366858
v -3.557739 53.355778 -3.040346
v -3.300940 53.085339 -3.468755
v -4.337822 53.251228 -3.630405
v -4.700739 54.110382 -4.246211
v -4.384252 53.274036 -4.331575
v -4.704229 54.012585 -3.473664
v -4.405772 54.764168 -3.357570
v -4.369078 55.013355 -3.931369
v -4.340601 53.838943 -2.946714
v -4.255639 54.539276 -2.726994
v -3.797244 53.733757 -2.625468
v -3.806054 54.327278 -2.321171
v -3.339341 54.280777 -2.146813
v -3.281649 53.726097 -2.407610
v -2.838877 54.250698 -2.091918
v -2.839432 54.668201 -1.627220
v -2.855852 55.323589 -1.452942
v -3.416479 54.749886 -1.668974
v -3.835052 55.727314 -1.709667
v -3.376958 55.514530 -1.505282
v -3.932958 54.883621 -1.895352
v -4.312017 55.174019 -2.421364
v -4.340584 56.042297 -2.170886
v -4.422253 57.341965 -2.578101
v -4.163841 57.095222 -2.139685
v -4.503447 56.247158 -2.705080
v -4.227657 56.340126 -3.248836
v -4.205289 55.373440 -2.976932
v -4.035408 55.415188 -3.473100
v -3.736761 56.384842 -3.634337
v -3.862203 55.556053 -3.954897
v -3.184375 56.433060 -3.931881
v -3.244547 55.548725 -4.390592
v -4.071899 55.038643 -4.490114
v -3.531544 54.805676 -4.906351
v -4.174407 54.003864 -4.734038
v -3.971333 53.175579 -4.703569
v -3.537098 53.908493 -4.983458
v -3.530352 53.043941 -4.885136
v -2.521236 53.237091 -4.878958
v -3.053991 57.125916 -4.012091
v -3.555976 58.447681 -3.643127
v -2.886212 58.086933 -3.934588
v -3.721546 57.361691 -3.692979
v -4.234594 57.387463 -3.235229
v -4.036348 58.713459 -3.200686
v -3.625334 59.122814 -3.059916
v -4.155578 58.810459 -2.710235
v -3.676145 59.071960 -2.673769
v -3.377298 58.865242 -2.386958
v -3.813461 58.522114 -2.345692
v -3.749162 56.623875 -1.761777
v -3.299283 58.096081 -2.031271
v -2.565185 58.106781 -1.873601
v -3.006793 58.498684 -2.095114
v -2.884860 57.644432 -1.817101
v -2.460633 57.179287 -1.656927
v -3.288874 56.347164 -1.551471
v -2.140398 57.671715 -1.715240
v -1.627380 57.074554 -1.599014
v -2.018899 57.783131 -2.159261
v -1.938480 56.568569 -1.519611
v -1.263724 55.928410 -1.554937
v -1.457311 55.460320 -1.527165
v -2.198205 55.698761 -1.448832
v -2.804371 56.054947 -1.446912
v -1.444581 54.947128 -1.539816
v -2.188940 55.136501 -1.493212
v -0.653422 55.070568 -1.712032
v -0.599646 55.265377 -1.645413
v -0.304399 55.472733 -1.348418
v -0.305323 55.832531 -1.710041
v -0.531238 55.576714 -1.788895
v -1.033180 56.355133 -1.628102
v -0.476896 55.758034 -1.965642
v -0.258792 56.018192 -2.108050
v -0.498865 55.715370 -2.113487
v -1.038311 56.446972 -1.976979
v -1.498298 57.209755 -2.007203
v -1.296231 56.006882 -2.263761
v -1.869163 56.583782 -2.479622
v -1.464997 56.786713 -3.057308
v -2.335148 57.258060 -2.572043
v -2.054913 57.399250 -3.196921
v -2.700351 57.765488 -2.648472
v -2.421490 58.199215 -2.293293
v -2.807396 58.630333 -2.432734
v -3.079586 58.263184 -2.720589
v -3.102790 58.883575 -2.599424
v -3.164848 58.951309 -2.748321
v -2.905274 58.357811 -3.177634
v -3.139886 58.960312 -2.893668
v -3.005712 58.908848 -3.009882
v -2.617063 58.685722 -3.171279
v -2.626789 58.594223 -3.597611
v -3.280332 58.977127 -3.302125
v -2.191975 58.208038 -3.230140
v -2.051628 58.268997 -3.597630
v -2.371435 57.713734 -3.909179
v -1.895247 57.318512 -3.748111
v -1.565732 57.847412 -3.526435
v -0.964841 57.188934 -3.291048
v -1.728615 57.772640 -3.224776
v -1.028441 57.261978 -3.035571
v -2.504570 57.858883 -3.234807
v -0.678756 56.641899 -2.684510
v -0.997988 56.130054 -2.782345
v -0.357932 55.982430 -2.375815
v -0.497437 55.721931 -2.222717
v -0.356985 55.967937 -2.561637
v -0.262696 56.020340 -2.384352
v -0.286500 55.948650 -2.630075
v -0.000001 55.699051 -3.027070
v -0.000001 55.941311 -2.649015
v -0.308129 55.694569 -2.964377
v -0.465377 55.646988 -2.778737
v -0.357846 55.389317 -3.211177
v -0.000001 55.408901 -3.280047
v 0.308127 55.694569 -2.964377
v -0.391635 55.076225 -3.447780
v 0.357844 55.389317 -3.211177
v 0.391633 55.076225 -3.447780
v -0.000001 55.087120 -3.526809
v -0.000001 54.686020 -3.752528
v 0.286498 55.948650 -2.630075
v 0.356984 55.967937 -2.561637
v -0.870018 56.215332 -3.060413
v -0.601250 56.552643 -2.950886
v -1.295722 56.755424 -3.463117
v -0.000001 55.546860 -1.270549
v -0.000001 55.893852 -1.663958
v -0.000001 55.129147 -1.096257
v 0.304398 55.472733 -1.348418
v 0.345665 55.114891 -1.210595
v 0.653421 55.070572 -1.712032
v 0.599645 55.265373 -1.645414
v 1.457310 55.460320 -1.527165
v 0.531236 55.576714 -1.788896
v 1.263723 55.928410 -1.554938
v 1.938478 56.568569 -1.519611
v 2.198204 55.698761 -1.448832
v 1.444579 54.947128 -1.539817
v 2.188938 55.136501 -1.493212
v 1.465184 54.534878 -1.617310
v 2.189588 54.616238 -1.635268
v 2.219982 54.266621 -1.995732
v 1.474328 54.240398 -1.860359
v 0.611729 54.191704 -1.985006
v 0.658417 54.441395 -1.825890
v 1.437590 54.030193 -2.095067
v 0.387139 54.725445 -1.371683
v 0.672500 54.756630 -1.701209
v -0.000001 54.696861 -1.225744
v -0.345667 55.114891 -1.210595
v 0.235865 53.761944 -2.925197
v 0.313148 53.073982 -3.134235
v 0.459413 52.729076 -3.891424
v 0.219097 53.369293 -3.500486
v 1.224367 53.765541 -4.106299
v 0.997987 56.130054 -2.782345
v 1.395766 36.249138 -0.589557
v -0.000001 41.298691 -0.378234
v -0.000001 41.296547 2.018977
v 1.506641 36.249786 1.774882
v 1.635016 31.216564 -0.358003
v 2.390118 31.210154 -1.919808
v 2.125294 36.253338 -2.447091
v -0.000001 41.303318 -2.421758
v -2.125298 36.253338 -2.447091
v -3.106933 41.305660 -3.459664
v -1.395769 36.249138 -0.589557
v 3.106930 41.305660 -3.459664
v 3.537806 36.255833 -3.328928
v 5.337046 36.254818 -3.182247
v 4.899502 41.301258 -3.415869
v 7.054833 36.252796 -2.018390
v 6.704698 41.296722 -2.288108
v 8.171671 36.252483 -0.178042
v 7.896688 41.298908 -0.379803
v 8.136229 41.297237 1.751190
v 8.357302 36.252533 1.866239
v 7.737368 31.229635 0.014983
v 7.828416 31.232910 1.799662
v 7.080464 31.232857 3.342445
v 7.543151 36.252880 3.646753
v 5.983434 36.254128 4.727063
v 5.793406 41.295567 4.699501
v 7.374121 41.292957 3.576776
v 5.686344 31.230818 4.239182
v 3.912145 28.040993 3.722800
v 6.451403 28.036959 3.224836
v 5.271470 28.037270 3.848064
v 4.026786 31.226027 4.204287
v 4.135907 36.255482 4.806493
v 2.501757 36.253471 3.779109
v 2.569034 31.221117 3.224824
v 1.684933 31.218611 1.543202
v 2.734526 28.039373 2.901372
v 2.003199 28.035070 1.612216
v 3.086045 25.661394 2.667241
v 2.240129 25.681839 1.390040
v 2.035559 22.271486 0.424680
v 2.708145 22.268873 1.540225
v 3.857119 22.245562 2.386582
v 4.107322 26.279160 3.542522
v 4.160698 24.514378 3.177552
v 4.402632 25.215719 3.609730
v 5.107045 25.172110 3.652898
v 6.063572 24.345871 3.193048
v 5.113036 26.304773 3.716329
v 5.745940 25.118298 3.471007
v 5.134510 24.216696 3.444697
v 5.256256 22.228003 2.801303
v 6.713834 19.258621 1.868279
v 5.295650 19.255098 2.166053
v 6.620787 22.262964 2.417745
v 6.756599 25.681404 2.318489
v 7.543047 22.267471 1.372067
v 7.862062 22.234680 -0.059602
v 7.778431 19.254028 0.894907
v 6.672886 15.997398 1.385207
v 7.668513 15.999886 0.469903
v 8.196644 19.241480 -0.587694
v 8.041743 15.997573 -0.920411
v 7.753612 19.225725 -2.207776
v 7.647134 15.996627 -2.424991
v 6.480199 19.212055 -3.395055
v 7.405427 22.195120 -1.571678
v 6.158055 22.237894 -2.662163
v 5.349298 25.685593 -1.514799
v 6.465384 25.687487 -0.676327
v 5.331867 28.018314 -1.796458
v 6.521773 28.022547 -0.932248
v 7.003865 25.691700 0.667132
v 7.172689 28.028597 0.465320
v 7.142647 28.034920 1.989205
v 6.023872 26.208105 3.349209
v 6.853201 31.225138 -1.575092
v 5.437046 31.219255 -2.570379
v 3.810787 31.207394 -2.713717
v 2.668957 28.028460 -1.059441
v 3.905209 28.020287 -1.838529
v 2.883781 25.687109 -1.079178
v 4.123734 25.679249 -1.657554
v 4.643263 22.186865 -2.923301
v 3.130772 19.226997 -2.965171
v 4.793254 19.212244 -3.670635
v 3.100372 22.241854 -2.266984
v 2.155941 25.683105 0.085077
v 2.116421 22.267546 -0.947700
v 2.050954 19.239895 -1.565421
v 1.920837 19.251995 -0.141554
v 2.253431 15.994212 -1.893857
v 3.307069 15.993071 -3.178904
v 2.736828 12.253527 -1.876663
v 3.587544 12.249052 -2.861648
v 4.876751 12.241568 -3.349026
v 4.895319 15.994973 -3.816747
v 6.483832 15.996629 -3.538321
v 7.162998 12.243750 -2.186299
v 6.204952 12.237295 -3.103211
v 4.858637 8.965229 -2.688631
v 5.907174 8.971251 -2.469347
v 6.644939 8.978768 -1.791466
v 6.254877 5.258003 -1.417209
v 5.757883 5.258000 -1.928542
v 5.031820 5.257986 -2.077138
v 4.253289 5.257927 -1.777946
v 3.832990 8.966136 -2.331285
v 5.076746 3.889457 -2.006067
v 5.848450 3.864032 -1.838358
v 5.916027 3.128967 -1.845675
v 5.141936 3.280138 -2.060144
v 4.344118 3.743545 -1.637034
v 3.706070 5.257931 -1.138266
v 3.813462 3.684718 -0.853441
v 3.893256 2.854884 -0.855200
v 4.444647 3.012815 -1.722754
v 4.462467 2.840195 -1.768776
v 4.141359 2.519901 -1.400645
v 5.138472 3.130330 -2.080617
v 5.860565 2.983916 -1.942373
v 4.426075 3.019787 -1.944800
v 5.145763 3.217364 -2.189503
v 4.400184 2.434675 -2.364305
v 5.866577 3.093719 -2.082895
v 5.146046 2.607023 -2.572020
v 5.895220 2.480059 -2.422835
v 5.172516 1.886482 -2.831486
v 4.398644 1.727980 -2.667566
v 3.820821 1.552293 -2.202278
v 3.699833 0.944980 -2.212437
v 4.338523 0.968268 -2.790230
v 5.180090 0.989284 -3.022524
v 5.188474 0.951707 -3.025779
v 4.307579 0.926585 -2.839943
v 5.193694 0.499883 -2.995553
v 4.342988 0.478041 -2.791352
v 3.613091 0.895728 -2.218481
v 3.331170 0.842240 -1.154850
v 3.420742 0.908939 -1.162599
v 3.675572 0.475919 -2.197848
v 4.372264 0.102307 -2.697247
v 3.793421 0.091579 -2.167282
v 3.377789 0.407907 -1.154236
v 3.414360 0.237550 0.664380
v 3.353179 0.696555 0.674131
v 3.445138 0.085665 -1.159418
v 3.545984 0.053788 0.655809
v 4.338262 0.064491 -1.231778
v 4.442201 0.052190 0.625682
v 5.276170 0.069899 -1.313550
v 5.205132 0.107537 -2.927340
v 5.383191 0.069146 0.586067
v 6.169107 0.085246 -1.385557
v 6.104672 0.116653 -2.732008
v 6.722041 0.117452 -2.173707
v 7.016983 0.111784 -1.447929
v 6.279383 0.086600 0.556146
v 7.229079 0.297089 0.558736
v 6.277654 0.253624 0.604870
v 7.130493 0.116160 0.535882
v 7.012149 0.385031 -1.431241
v 6.722913 0.427972 -2.161792
v 6.697242 0.926357 -2.175503
v 6.997582 0.894885 -1.435922
v 6.634212 0.962441 -2.128324
v 6.920831 0.938209 -1.415971
v 7.307530 0.763478 0.554292
v 7.251831 0.258648 1.216996
v 7.233242 0.797798 0.469197
v 7.347967 0.708584 1.220448
v 7.289421 0.166448 2.319480
v 7.263558 0.776791 1.208895
v 7.363592 0.637154 2.321434
v 7.309922 0.711125 2.319583
v 7.391808 0.579710 3.252440
v 7.301865 0.121876 3.254379
v 6.344337 0.120344 3.362371
v 7.284554 0.086786 4.302846
v 6.324162 0.106290 4.335264
v 5.340327 0.127843 4.428288
v 6.257597 0.061411 5.317637
v 5.247720 0.108975 5.454888
v 5.153536 0.368671 6.677947
v 4.204920 0.364478 6.727367
v 4.245893 0.085318 5.505225
v 3.167423 0.061646 5.532476
v 4.352795 0.082600 4.529329
v 4.434718 0.108997 3.588102
v 3.272052 0.055412 4.600523
v 3.065484 0.471631 5.603255
v 3.404832 0.102188 3.731322
v 3.168923 0.451882 4.590379
v 3.128992 0.540297 5.542648
v 3.229553 0.510130 4.537047
v 3.287952 0.517078 3.725513
v 3.352440 0.582941 3.745021
v 3.385110 0.602837 2.705586
v 3.495931 0.150400 2.719263
v 3.473489 0.225452 1.627476
v 4.443213 0.193261 1.607195
v 4.486474 0.127578 2.604990
v 5.408626 0.143933 2.491443
v 5.384563 0.132564 3.466233
v 6.351329 0.144859 2.392794
v 6.327800 0.215559 1.365409
v 5.395426 0.203038 1.510935
v 4.420175 0.198748 0.648403
v 5.381223 0.237402 0.625829
v 3.364720 0.676357 1.617079
v 3.436154 0.659889 2.703500
v 3.438029 0.732856 1.572705
v 3.466120 1.070883 1.661761
v 3.407830 0.816261 0.544444
v 3.435038 1.084937 0.420341
v 3.495644 1.558776 0.285819
v 3.474630 1.391587 -1.142985
v 3.606248 1.893240 -1.066449
v 3.681428 2.289504 -0.950648
v 3.950195 2.700328 -1.573552
v 3.949901 2.152506 -1.951445
v 3.894467 2.263931 -0.929048
v 3.632219 2.840932 0.638725
v 3.700916 1.993510 0.324047
v 3.571005 1.719770 1.758742
v 3.555212 1.970962 0.365509
v 3.661099 1.750324 1.767532
v 3.584049 1.613564 2.829854
v 3.678072 2.410091 1.917573
v 3.657001 1.628528 2.868283
v 3.548933 1.576777 3.762113
v 3.717149 2.100642 2.938841
v 3.655929 1.568822 3.740185
v 3.758997 1.854698 3.712181
v 3.713627 1.712076 4.488914
v 3.582844 1.730004 4.622776
v 3.975291 1.981449 4.918109
v 3.939171 1.855442 5.606105
v 3.509926 1.445461 5.377805
v 3.434380 1.390394 4.561174
v 3.464491 1.251394 3.735980
v 3.460117 0.969509 2.726039
v 3.517245 1.298540 2.774517
v 3.395162 0.917726 3.704490
v 3.314718 0.934277 4.561361
v 3.237145 0.933496 5.445476
v 3.210790 0.866269 6.454174
v 3.290087 1.090767 6.232152
v 3.707931 1.444665 6.865076
v 3.538596 1.496729 5.956077
v 3.529780 1.143647 7.225980
v 4.236323 1.613948 7.114840
v 4.188859 1.354518 7.682232
v 3.450981 1.042003 7.319353
v 3.140979 0.785788 6.632640
v 3.169409 0.349445 6.637462
v 4.276626 0.820259 7.921903
v 3.476420 0.593758 7.378845
v 4.203804 1.301566 7.827652
v 5.135127 1.317455 7.923017
v 5.088198 1.386142 7.770391
v 6.000317 1.229159 7.534177
v 5.134253 1.639181 7.194848
v 5.105924 1.834492 6.611339
v 5.922596 1.463273 7.037089
v 6.509100 1.209309 6.680733
v 6.441830 1.405115 6.135505
v 5.857737 1.669905 6.478457
v 6.698330 1.012787 6.989210
v 7.173599 0.728808 6.085442
v 6.789897 0.952493 7.049536
v 6.037707 1.176861 7.667521
v 6.079261 0.716439 7.728672
v 5.135190 0.863199 8.000145
v 6.824778 0.436201 7.082896
v 6.092873 0.292950 6.522970
v 7.179209 0.147010 6.145164
v 7.271114 0.647507 6.110444
v 7.421211 0.464735 5.087864
v 7.233404 0.013859 5.113435
v 7.442504 0.532027 4.288062
v 7.325760 0.665147 3.226565
v 7.365034 0.615602 4.279783
v 7.193892 0.996989 3.235916
v 7.185879 0.966912 4.176952
v 7.318437 0.589371 5.062884
v 7.113469 0.943681 5.018306
v 6.910607 1.212353 4.911896
v 6.925548 1.013112 5.923328
v 6.717854 1.311239 5.513594
v 6.614779 1.566840 4.844577
v 6.272999 1.694278 5.344505
v 6.704210 1.758494 4.092703
v 6.331697 1.867515 4.507917
v 5.763594 1.883299 5.649409
v 5.791342 1.999734 4.807128
v 5.141495 2.087000 4.977166
v 5.098261 2.019585 5.807209
v 4.436852 1.996647 5.827815
v 4.477482 2.092838 5.017942
v 4.345647 1.837170 6.520055
v 3.795430 1.678395 6.265555
v 4.019713 1.852728 4.811980
v 4.476750 1.953606 4.917175
v 4.077298 1.997960 4.447369
v 4.581674 2.127425 4.403687
v 5.096926 1.923544 4.869637
v 5.171127 2.119622 4.298389
v 5.725893 1.828012 4.691103
v 5.724946 2.008106 4.132272
v 6.173487 1.723523 4.401093
v 6.143121 1.893345 3.953411
v 6.441426 1.688835 4.022163
v 6.196908 2.035582 3.319564
v 6.574420 1.701292 3.230463
v 6.687843 1.562602 3.239556
v 6.940343 1.609070 3.302957
v 7.062984 1.323099 3.255704
v 6.980468 1.343423 4.150675
v 7.040275 1.666347 2.346177
v 7.114348 1.815714 1.278267
v 7.145425 1.395843 2.264310
v 7.177810 1.494997 1.200794
v 6.800045 1.622597 2.346144
v 6.716175 1.842898 2.327756
v 6.664448 2.220607 1.399370
v 6.825714 1.737333 1.348905
v 6.598034 2.804765 0.174383
v 6.735756 1.981285 0.073188
v 7.051206 2.076767 -0.018346
v 6.761024 2.477727 -1.155863
v 6.828277 1.987224 -1.319504
v 7.133861 1.738787 -0.078908
v 6.895033 1.347428 -1.427099
v 7.192554 1.178123 0.127282
v 7.224618 1.135619 1.174738
v 7.226108 1.056927 2.246206
v 6.614652 1.556825 -2.076119
v 5.991549 1.776964 -2.662166
v 6.534984 2.194305 -1.926916
v 6.082394 0.998424 -2.756430
v 6.069944 0.957070 -2.826069
v 6.094804 0.465209 -2.795893
v 6.458005 2.775980 -1.667075
v 6.481534 2.353311 -1.075009
v 6.268103 2.637081 -1.541981
v 6.400755 2.836638 -1.128484
v 6.482667 3.841708 -0.315074
v 6.331043 3.760598 -1.184207
v 6.425035 5.258007 -0.706334
v 6.189497 4.022044 0.499690
v 6.239827 5.258006 0.027495
v 6.927000 8.983748 -0.887919
v 7.240104 12.258377 0.191621
v 7.521463 12.253067 -0.968151
v 6.706390 8.990631 0.006795
v 5.746577 5.258009 0.615803
v 6.061934 9.000567 0.627645
v 5.201184 9.006329 0.829533
v 5.043925 5.258132 0.908321
v 6.424778 12.263256 0.975023
v 5.318295 15.993104 1.679354
v 5.318665 12.265735 1.234031
v 4.142331 12.264232 0.982824
v 4.313266 9.006987 0.638140
v 4.304358 5.258100 0.779273
v 3.559869 9.004608 0.125381
v 3.117477 12.259692 0.311675
v 3.551307 5.257999 -0.396716
v 3.118468 8.993085 -0.642026
v 3.765840 5.258006 0.283665
v 3.660801 3.794958 0.120465
v 3.861742 4.034188 0.851687
v 4.376068 4.207790 1.256226
v 5.036717 3.734623 1.744495
v 5.007795 4.252281 1.320391
v 4.442351 3.685480 1.725972
v 4.498888 3.241904 2.356139
v 4.000474 2.960640 2.203907
v 3.932531 3.419292 1.406867
v 4.053657 2.586982 3.057549
v 4.091506 2.249329 3.747457
v 4.547490 2.835318 3.082883
v 4.598102 2.437548 3.769814
v 5.070364 3.277512 2.320432
v 5.114520 2.853238 2.995424
v 5.167340 2.446093 3.660632
v 5.708296 2.301884 3.492374
v 5.705193 2.670802 2.807939
v 5.662732 3.105952 2.115145
v 6.222001 2.753615 1.773093
v 5.646253 3.604482 1.506207
v 6.200584 3.317601 1.015126
v 5.649038 4.179561 1.059515
v 6.243951 2.321274 2.559504
v 2.562779 12.254141 -0.716515
v 3.186770 8.975581 -1.554243
v 2.083924 16.000666 -0.539465
v 2.692208 15.999683 0.578067
v 2.582156 19.260380 0.990025
v 3.824888 19.255898 1.800111
v 3.892785 15.991875 1.359926
v 3.515473 1.410179 1.689949
v 1.968993 28.034611 0.187248
v 2.280684 41.300961 3.932787
v 3.939779 41.300392 4.843946
v -1.506644 36.249786 1.774882
v -1.635020 31.216568 -0.358003
v -2.390122 31.210154 -1.919808
v -2.668961 28.028461 -1.059440
v -3.810790 31.207397 -2.713717
v -3.537810 36.255833 -3.328928
v -1.968997 28.034611 0.187248
v -1.684937 31.218611 1.543202
v -2.003203 28.035072 1.612216
v -2.240134 25.681839 1.390040
v -2.155946 25.683105 0.085078
v -2.116426 22.267546 -0.947700
v -3.100378 22.241854 -2.266984
v -2.883785 25.687109 -1.079178
v -4.643268 22.186865 -2.923301
v -4.123739 25.679251 -1.657554
v -3.905211 28.020288 -1.838529
v -5.331869 28.018314 -1.796456
v -5.349302 25.685593 -1.514798
v -7.405431 22.195120 -1.571677
v -6.158060 22.237894 -2.662160
v -6.465389 25.687487 -0.676327
v -6.521776 28.022547 -0.932248
v -7.003870 25.691700 0.667132
v -7.862067 22.234678 -0.059602
v -7.778435 19.254028 0.894907
v -8.196647 19.241480 -0.587693
v -7.753616 19.225725 -2.207775
v -6.756604 25.681406 2.318489
v -7.543052 22.267471 1.372067
v -6.713838 19.258619 1.868279
v -6.620791 22.262962 2.417745
v -5.256261 22.228001 2.801304
v -6.063576 24.345871 3.193048
v -6.023876 26.208107 3.349209
v -5.745944 25.118299 3.471007
v -5.107050 25.172110 3.652898
v -5.134515 24.216696 3.444698
v -4.160703 24.514378 3.177552
v -3.857124 22.245562 2.386582
v -2.708151 22.268871 1.540225
v -3.086049 25.661394 2.667241
v -2.582162 19.260380 0.990026
v -3.824893 19.255898 1.800111
v -5.295655 19.255098 2.166053
v -3.892791 15.991875 1.359926
v -5.318301 15.993108 1.679354
v -4.142337 12.264232 0.982825
v -5.318670 12.265735 1.234031
v -6.424784 12.263256 0.975023
v -6.672892 15.997398 1.385207
v -7.668519 15.999889 0.469903
v -7.240109 12.258377 0.191621
v -8.041747 15.997576 -0.920410
v -7.521468 12.253067 -0.968151
v -7.163004 12.243750 -2.186298
v -7.647140 15.996627 -2.424991
v -6.483838 15.996629 -3.538320
v -6.480204 19.212055 -3.395055
v -4.793260 19.212246 -3.670634
v -3.130777 19.226997 -2.965170
v -4.895325 15.994977 -3.816746
v -3.307074 15.993071 -3.178903
v -4.876757 12.241568 -3.349025
v -3.587550 12.249052 -2.861648
v -6.204956 12.237295 -3.103210
v -4.858643 8.965229 -2.688630
v -5.907178 8.971251 -2.469346
v -3.832995 8.966136 -2.331285
v -5.031826 5.257986 -2.077137
v -5.757889 5.258000 -1.928541
v -5.076752 3.889457 -2.006067
v -4.253295 5.257927 -1.777945
v -4.344125 3.743542 -1.637034
v -3.706077 5.257931 -1.138265
v -3.118474 8.993085 -0.642026
v -3.186776 8.975581 -1.554242
v -3.551314 5.257999 -0.396715
v -3.660808 3.794958 0.120465
v -3.813467 3.684718 -0.853440
v -3.632226 2.840932 0.638725
v -3.893261 2.854884 -0.855200
v -3.894474 2.263931 -0.929048
v -4.141366 2.519901 -1.400645
v -4.444654 3.012815 -1.722754
v -5.141943 3.280138 -2.060144
v -4.462474 2.840195 -1.768777
v -5.138479 3.130330 -2.080617
v -5.916033 3.128967 -1.845675
v -5.860571 2.983916 -1.942373
v -5.145770 3.217364 -2.189503
v -4.426082 3.019787 -1.944800
v -3.950201 2.700328 -1.573552
v -3.949907 2.152506 -1.951445
v -4.400190 2.434675 -2.364305
v -3.820828 1.552293 -2.202279
v -4.398651 1.727980 -2.667566
v -5.146052 2.607023 -2.572019
v -5.866583 3.093719 -2.082895
v -5.895226 2.480059 -2.422835
v -5.172522 1.886482 -2.831486
v -5.991555 1.776965 -2.662165
v -5.180097 0.989284 -3.022524
v -4.338529 0.968268 -2.790230
v -5.188481 0.951707 -3.025779
v -3.699840 0.944980 -2.212437
v -4.307585 0.926586 -2.839943
v -3.613097 0.895728 -2.218481
v -4.342993 0.478041 -2.791352
v -5.193701 0.499884 -2.995553
v -6.094810 0.465209 -2.795893
v -5.205138 0.107534 -2.927340
v -4.372271 0.102307 -2.697247
v -3.675579 0.475919 -2.197847
v -3.445145 0.085665 -1.159418
v -5.276177 0.069899 -1.313550
v -3.793427 0.091579 -2.167282
v -4.338268 0.064491 -1.231778
v -3.545991 0.053788 0.655809
v -4.442208 0.052190 0.625682
v -4.420181 0.198749 0.648403
v -5.383198 0.069146 0.586067
v -6.169114 0.085246 -1.385557
v -6.279389 0.086601 0.556146
v -6.277660 0.253624 0.604870
v -5.381230 0.237399 0.625829
v -5.395432 0.203039 1.510935
v -6.327807 0.215556 1.365409
v -5.408632 0.143933 2.491443
v -4.443219 0.193261 1.607195
v -3.473496 0.225452 1.627476
v -3.495939 0.150400 2.719263
v -4.486481 0.127578 2.604990
v -5.384570 0.132564 3.466233
v -4.434725 0.108998 3.588102
v -3.404839 0.102188 3.731322
v -3.168930 0.451882 4.590379
v -3.287960 0.517078 3.725513
v -3.272059 0.055412 4.600523
v -4.352802 0.082600 4.529329
v -3.167430 0.061646 5.532476
v -3.065491 0.471631 5.603254
v -3.140986 0.785788 6.632640
v -3.210798 0.866269 6.454174
v -3.128999 0.540297 5.542649
v -3.237152 0.933496 5.445476
v -3.229560 0.510130 4.537047
v -3.314726 0.934277 4.561360
v -3.509934 1.445461 5.377805
v -3.434387 1.390394 4.561174
v -3.395169 0.917726 3.704490
v -3.436161 0.659889 2.703500
v -3.464498 1.251394 3.735980
v -3.460124 0.969509 2.726039
v -3.352448 0.582942 3.745021
v -3.385117 0.602837 2.705586
v -3.364727 0.676357 1.617079
v -3.414368 0.237550 0.664380
v -3.438036 0.732852 1.572705
v -3.353186 0.696552 0.674131
v -3.407837 0.816262 0.544444
v -3.331177 0.842236 -1.154850
v -3.377797 0.407904 -1.154236
v -3.420749 0.908939 -1.162599
v -3.474637 1.391587 -1.142985
v -3.435045 1.084937 0.420341
v -3.606255 1.893240 -1.066449
v -3.495651 1.558776 0.285819
v -3.681435 2.289504 -0.950648
v -3.700923 1.993510 0.324047
v -3.555218 1.970962 0.365509
v -3.571012 1.719770 1.758742
v -3.515480 1.410179 1.689949
v -3.517252 1.298540 2.774517
v -3.466127 1.070883 1.661761
v -3.584056 1.613564 2.829854
v -3.548939 1.576774 3.762113
v -3.582851 1.730004 4.622776
v -3.655936 1.568822 3.740185
v -3.657008 1.628528 2.868283
v -3.661106 1.750324 1.767532
v -3.678079 2.410091 1.917573
v -3.717156 2.100642 2.938841
v -4.000481 2.960637 2.203907
v -3.759004 1.854698 3.712181
v -4.053663 2.586982 3.057549
v -4.498895 3.241904 2.356139
v -4.091513 2.249329 3.747457
v -4.547496 2.835318 3.082883
v -4.598108 2.437548 3.769814
v -5.070370 3.277512 2.320432
v -5.114526 2.853238 2.995424
v -5.708303 2.301884 3.492374
v -5.705199 2.670802 2.807939
v -5.662738 3.105952 2.115145
v -5.167346 2.446093 3.660632
v -5.171134 2.119618 4.298389
v -4.581680 2.127425 4.403687
v -4.077305 1.997960 4.447370
v -4.476757 1.953606 4.917175
v -5.096933 1.923544 4.869637
v -5.725899 1.828012 4.691103
v -5.791349 1.999735 4.807128
v -5.141501 2.087000 4.977166
v -5.098268 2.019585 5.807209
v -4.477488 2.092838 5.017942
v -4.436860 1.996644 5.827815
v -5.763600 1.883300 5.649409
v -6.441836 1.405115 6.135506
v -6.273005 1.694278 5.344505
v -6.331704 1.867512 4.507917
v -5.857744 1.669905 6.478457
v -5.922603 1.463273 7.037089
v -5.105931 1.834492 6.611339
v -4.345654 1.837171 6.520055
v -4.236330 1.613948 7.114840
v -5.134260 1.639181 7.194848
v -5.088205 1.386142 7.770392
v -6.000323 1.229160 7.534176
v -6.698336 1.012787 6.989211
v -6.037714 1.176857 7.667521
v -5.135133 1.317455 7.923017
v -4.276632 0.820259 7.921903
v -4.203811 1.301566 7.827652
v -5.135197 0.863199 8.000145
v -5.153542 0.368671 6.677947
v -4.204927 0.364478 6.727367
v -6.079268 0.716435 7.728673
v -6.789904 0.952493 7.049537
v -6.824785 0.436198 7.082896
v -6.092880 0.292951 6.522970
v -6.257603 0.061412 5.317637
v -7.179215 0.147011 6.145164
v -7.421217 0.464735 5.087864
v -7.233410 0.013859 5.113435
v -7.271121 0.647507 6.110443
v -7.318443 0.589371 5.062884
v -7.173606 0.728809 6.085442
v -6.925555 1.013113 5.923328
v -6.509107 1.209309 6.680733
v -6.717861 1.311239 5.513594
v -6.910614 1.212353 4.911895
v -6.614785 1.566841 4.844576
v -6.704216 1.758494 4.092703
v -6.173494 1.723524 4.401093
v -6.441432 1.688835 4.022163
v -6.940350 1.609066 3.302957
v -6.980475 1.343424 4.150675
v -7.185885 0.966913 4.176952
v -7.062991 1.323099 3.255704
v -7.040281 1.666347 2.346177
v -7.145432 1.395843 2.264310
v -7.193899 0.996990 3.235916
v -7.226115 1.056927 2.246206
v -7.325767 0.665147 3.226565
v -7.365041 0.615602 4.279783
v -7.442511 0.532027 4.288062
v -7.113474 0.943678 5.018307
v -7.391814 0.579710 3.252440
v -7.284561 0.086786 4.302846
v -7.301872 0.121876 3.254379
v -6.324168 0.106290 4.335264
v -5.247727 0.108975 5.454888
v -6.344343 0.120344 3.362371
v -5.340333 0.127843 4.428288
v -4.245900 0.085318 5.505225
v -7.289428 0.166448 2.319480
v -6.351335 0.144859 2.392794
v -7.251837 0.258648 1.216996
v -7.347973 0.708585 1.220448
v -7.307537 0.763479 0.554291
v -7.229085 0.297089 0.558736
v -6.997589 0.894886 -1.435922
v -7.012156 0.385031 -1.431241
v -7.130499 0.116160 0.535882
v -7.016990 0.111780 -1.447929
v -6.722047 0.117452 -2.173707
v -6.722919 0.427972 -2.161792
v -6.104679 0.116653 -2.732008
v -6.069951 0.957071 -2.826069
v -6.697248 0.926354 -2.175503
v -6.082401 0.998424 -2.756430
v -6.634218 0.962442 -2.128324
v -6.895040 1.347428 -1.427099
v -6.920837 0.938206 -1.415972
v -6.614659 1.556822 -2.076118
v -6.828284 1.987225 -1.319504
v -6.534990 2.194305 -1.926916
v -6.458012 2.775976 -1.667075
v -6.761030 2.477727 -1.155863
v -7.051213 2.076767 -0.018346
v -6.735763 1.981285 0.073188
v -6.481541 2.353311 -1.075009
v -6.400762 2.836638 -1.128484
v -6.268110 2.637081 -1.541982
v -6.598041 2.804765 0.174383
v -6.482673 3.841708 -0.315074
v -6.331048 3.760598 -1.184207
v -5.848456 3.864032 -1.838357
v -6.425042 5.258007 -0.706333
v -6.254883 5.258003 -1.417209
v -6.644945 8.978768 -1.791465
v -6.927005 8.983748 -0.887919
v -6.239833 5.258006 0.027495
v -6.706396 8.990631 0.006795
v -6.061940 9.000567 0.627645
v -5.746583 5.258009 0.615804
v -5.649045 4.179561 1.059515
v -5.007802 4.252281 1.320391
v -5.043931 5.258132 0.908322
v -4.304364 5.258100 0.779274
v -5.201190 9.006329 0.829533
v -4.376074 4.207790 1.256226
v -5.036723 3.734620 1.744495
v -3.765847 5.258006 0.283666
v -3.861749 4.034188 0.851688
v -4.442357 3.685480 1.725972
v -3.932536 3.419292 1.406867
v -3.559875 9.004608 0.125381
v -4.313272 9.006987 0.638140
v -3.117484 12.259692 0.311675
v -2.562785 12.254141 -0.716514
v -2.692214 15.999687 0.578067
v -2.083930 16.000666 -0.539464
v -1.920843 19.251995 -0.141554
v -2.253437 15.994212 -1.893856
v -2.736834 12.253527 -1.876662
v -2.050959 19.239895 -1.565420
v -2.035564 22.271486 0.424680
v -5.646260 3.604482 1.506207
v -6.222006 2.753615 1.773093
v -6.200591 3.317601 1.015126
v -6.189503 4.022044 0.499690
v -6.243958 2.321270 2.559504
v -6.664454 2.220607 1.399370
v -6.716182 1.842895 2.327755
v -6.800051 1.622593 2.346144
v -6.825720 1.737333 1.348905
v -7.114355 1.815714 1.278267
v -7.133867 1.738787 -0.078908
v -7.177817 1.494997 1.200794
v -7.192560 1.178123 0.127282
v -7.224625 1.135619 1.174738
v -7.233247 0.797795 0.469197
v -7.263565 0.776791 1.208895
v -7.363599 0.637154 2.321434
v -7.309929 0.711125 2.319583
v -6.687850 1.562603 3.239556
v -6.574427 1.701292 3.230463
v -6.196915 2.035582 3.319564
v -5.724953 2.008106 4.132272
v -6.143127 1.893345 3.953411
v -3.169416 0.349446 6.637462
v -3.450988 1.042003 7.319354
v -3.476427 0.593755 7.378845
v -4.188866 1.354518 7.682232
v -3.529787 1.143647 7.225980
v -3.707938 1.444665 6.865075
v -3.290094 1.090767 6.232151
v -3.538603 1.496729 5.956077
v -3.795436 1.678395 6.265555
v -3.939178 1.855442 5.606105
v -3.975298 1.981449 4.918109
v -4.019720 1.852728 4.811980
v -3.713634 1.712076 4.488914
v -3.912148 28.040993 3.722800
v -2.734531 28.039373 2.901372
v -4.107327 26.279161 3.542522
v -4.402637 25.215719 3.609730
v -5.271473 28.037270 3.848064
v -5.113039 26.304775 3.716328
v -6.451406 28.036959 3.224836
v -7.828419 31.232914 1.799662
v -7.142650 28.034920 1.989205
v -5.686348 31.230825 4.239182
v -7.080468 31.232861 3.342445
v -7.543154 36.252880 3.646753
v -8.357303 36.252537 1.866240
v -8.136230 41.297237 1.751190
v -8.171672 36.252483 -0.178042
v -7.737371 31.229635 0.014983
v -7.896689 41.298908 -0.379803
v -6.704701 41.296722 -2.288108
v -4.899505 41.301258 -3.415869
v -7.054837 36.252800 -2.018390
v -5.337049 36.254818 -3.182247
v -6.853204 31.225142 -1.575091
v -5.437049 31.219255 -2.570379
v -7.172691 28.028597 0.465320
v -7.374124 41.292957 3.576776
v -5.793407 41.295567 4.699501
v -3.939781 41.300392 4.843946
v -5.983437 36.254128 4.727063
v -4.135910 36.255482 4.806493
v -4.026789 31.226027 4.204286
v -2.501760 36.253471 3.779109
v -2.569038 31.221121 3.224825
v -2.280686 41.300961 3.932787
v 3.148239 19.854679 18.914425
v 3.963813 18.978848 18.908400
v 4.644831 19.481504 18.869131
v 4.682824 20.016405 18.830456
v 4.572496 23.973274 17.358860
v 3.183840 18.665842 18.927364
v 2.441014 18.890921 18.927834
v 1.883447 19.935125 18.914412
v 3.146693 23.811548 17.482840
v 4.224219 28.248363 14.938871
v 1.896263 23.891991 17.365870
v 2.073602 28.027712 15.277833
v 1.000903 27.976021 15.294518
v 0.611440 23.873524 17.296776
v -1.393566 27.936222 15.249201
v -1.279860 23.979572 17.225983
v -2.638079 24.060583 17.094173
v -2.442396 27.879383 15.127448
v -4.919352 27.795191 13.757653
v -3.800109 24.138134 16.784691
v -5.209696 24.182600 15.907494
v -5.654284 20.247097 17.541166
v -6.691440 20.518129 16.489180
v -6.018854 24.210678 14.946025
v -7.218556 20.460243 15.104621
v -7.397762 24.462736 14.287060
v -7.892588 28.339169 12.637482
v -8.117426 20.735062 14.137518
v -8.331101 24.716532 14.106704
v -9.314013 20.820648 13.964681
v -9.327332 24.882618 13.826857
v -8.295703 28.439678 12.467409
v -10.518653 21.226467 13.698986
v -10.380386 25.128000 13.329373
v -11.829742 21.567104 13.180157
v -10.167368 28.507259 11.744157
v -11.215076 25.373672 12.863128
v -13.342805 21.888483 12.586952
v -12.504253 25.566734 12.202455
v -11.897962 28.552649 10.866736
v -13.734598 25.590117 11.529894
v -15.151610 21.892542 12.155907
v -13.421140 20.931002 12.514122
v -14.086456 20.530933 12.252676
v -16.722300 22.172949 11.606124
v -15.162074 20.398254 12.104167
v -16.169456 20.702734 11.999819
v -16.839186 21.218817 11.753864
v -17.493729 20.975603 11.349884
v -17.621593 22.228132 10.840822
v -17.920620 20.938385 10.865981
v -18.182230 21.221001 10.208296
v -17.641840 22.405142 9.857525
v -17.953732 21.526983 9.857589
v -17.093002 22.281109 9.269655
v -17.685709 21.110523 9.531547
v -17.415846 20.931545 9.194141
v -17.081535 20.980389 8.814368
v -16.749460 22.241171 8.497682
v -16.911749 21.198107 8.498445
v -17.114912 22.177233 7.607946
v -17.146273 20.898512 8.074771
v -17.482359 20.827698 7.618283
v -17.724628 20.976076 7.291169
v -17.792091 22.326889 7.168626
v -17.975496 21.355129 7.132248
v -18.910753 22.628050 7.433466
v -18.524931 20.998976 7.050631
v -19.075518 20.992212 7.109793
v -19.572094 21.217794 7.358273
v -19.866802 22.820847 7.798409
v -20.011179 21.590450 7.624729
v -20.728519 23.055275 7.454840
v -20.572197 21.428762 7.473402
v -21.017494 21.521908 7.195585
v -21.456808 21.754293 6.803766
v -21.325464 23.314672 6.819691
v -21.756348 22.158348 6.472289
v -22.047607 23.645340 5.505235
v -22.069012 21.961985 6.067609
v -22.475950 21.976089 5.358944
v -22.791302 22.295033 4.628952
v -22.593256 24.189278 4.124188
v -22.893793 22.852421 4.109210
v -23.195955 24.019709 2.530140
v -23.323624 22.542627 3.371498
v -23.562317 22.521059 2.463082
v -23.683834 22.773243 1.493439
v -23.309994 24.143068 1.106730
v -23.504929 23.144068 1.001921
v -23.305227 24.214863 -0.420491
v -23.709448 22.772827 0.269441
v -23.570583 22.740349 -0.573874
v -23.329800 22.858873 -1.409078
v -23.185204 23.270359 -1.925281
v -22.691639 24.542143 -1.591916
v -22.080086 24.209291 -2.404954
v -21.128414 27.223143 -0.782191
v -21.397579 27.045633 0.274098
v -21.436283 26.963083 1.227031
v -19.368185 29.496742 1.156203
v -19.358322 29.520811 0.303458
v -19.250433 29.464687 2.284796
v -21.325094 26.908945 2.389673
v -19.160349 29.344532 3.081591
v -18.737488 29.318623 4.172903
v -20.669453 26.785801 4.546012
v -21.022133 26.894602 3.537601
v -20.124359 26.677341 5.713587
v -19.418371 26.527727 6.731429
v -18.023598 29.167746 5.341681
v -16.999533 28.862587 6.433645
v -18.572710 26.253927 7.350362
v -16.517168 28.892769 6.682637
v -15.232906 28.701477 7.055649
v -17.836060 26.125231 7.451985
v -16.864820 25.938910 7.311440
v -14.334949 28.620626 7.165980
v -15.909467 25.769363 7.471354
v -15.330593 25.683535 8.295162
v -13.773290 28.403784 7.993615
v -13.881252 28.467819 8.666693
v -15.696497 25.975016 9.564772
v -12.841669 27.907553 8.625349
v -15.468024 25.814726 8.966394
v -12.705737 27.951239 9.100903
v -15.296504 25.849564 10.197672
v -12.709064 28.456228 10.395445
v -14.699732 25.722063 10.786476
v -20.584293 27.292427 -1.657472
v -19.109472 29.541798 -0.760411
v -19.973627 27.253830 -1.965593
v -18.550716 29.448956 -1.414311
v -19.499758 27.221186 -1.951539
v -18.286770 26.494112 -1.003790
v -17.605478 29.334366 -1.580826
v -18.041739 26.654131 -2.046273
v -16.406351 29.355738 -2.189619
v -16.115814 29.819181 -3.808555
v -17.795853 26.789640 -2.838159
v -17.274736 27.164316 -4.111914
v -17.114523 27.328835 -5.737517
v -18.649168 24.119856 -4.288486
v -18.673874 24.193077 -6.145133
v -18.947712 22.581470 -4.320757
v -18.656363 24.445467 -7.882779
v -19.451147 22.297373 -5.334369
v -19.569176 22.364946 -6.425148
v -19.485922 22.668724 -7.362203
v -19.139309 23.261204 -8.045886
v -17.697351 24.609392 -9.576262
v -18.699837 22.803041 -9.123075
v -18.184498 22.727730 -9.901742
v -17.458164 22.936455 -10.731578
v -16.405388 24.585215 -11.009539
v -16.868460 23.358025 -11.192305
v -15.066688 24.310326 -11.946785
v -16.287802 22.735161 -11.886443
v -15.563110 22.536304 -12.248827
v -14.600251 22.553673 -12.455474
v -13.199258 24.035486 -12.164328
v -13.720157 22.808910 -12.437341
v -11.538499 23.780157 -11.982164
v -13.198887 22.344650 -12.536784
v -12.539920 22.086491 -12.590130
v -11.311355 22.161301 -12.446796
v -9.381716 23.692202 -11.678926
v -10.077033 22.435598 -12.200151
v -8.111859 23.619106 -12.126483
v -9.556015 21.973166 -12.475749
v -8.939420 21.964914 -13.065712
v -8.395964 22.474072 -13.630223
v -7.664904 23.994120 -13.916924
v -8.050019 23.076653 -14.106428
v -7.556437 24.480392 -16.695469
v -8.370774 22.452978 -15.846105
v -7.946473 22.501032 -17.015978
v -6.994156 22.963863 -17.979305
v -5.733270 24.770096 -18.216669
v -5.898547 23.679674 -18.514023
v -3.251266 24.786055 -18.987408
v -4.713765 22.869595 -19.065710
v -3.210125 22.719553 -19.316208
v -1.693157 23.235985 -18.934650
v -0.725173 25.516592 -18.337839
v -0.675448 23.840744 -18.523109
v 2.471682 24.776657 -17.577467
v 1.301133 23.093369 -18.248880
v 2.792714 22.726109 -17.929285
v 4.188550 23.437775 -17.765129
v 4.851456 25.233732 -17.041843
v 4.967519 24.258493 -17.540648
v 6.275379 25.166397 -16.506680
v 5.676510 23.616810 -17.373108
v 6.490880 23.227362 -16.698095
v 7.110915 23.477444 -15.659053
v 7.384837 24.953693 -14.559597
v 7.504256 23.959087 -14.728671
v 8.363707 24.650944 -13.514356
v 7.900618 23.315706 -14.277017
v 8.506638 23.043835 -13.898873
v 9.200461 23.150043 -13.670611
v 9.901343 25.047354 -13.431587
v 10.073442 23.906916 -13.656325
v 11.919981 25.069731 -13.905717
v 11.086899 23.476580 -13.980375
v 12.101562 23.426880 -14.129258
v 12.912556 23.619059 -14.074620
v 13.539552 24.229223 -13.878588
v 13.326318 25.378305 -13.711143
v 12.339100 29.113050 -12.323699
v 10.948627 28.897345 -12.689310
v 15.095202 25.313925 -12.715351
v 16.315168 25.631689 -11.385659
v 16.028105 23.967615 -12.093525
v 15.281017 23.684299 -12.865071
v 14.402235 23.757816 -13.526775
v 13.760717 29.231234 -11.599418
v 10.891486 32.637840 -11.050648
v 15.076685 29.354883 -10.489036
v 12.042953 32.752636 -10.348848
v 13.138364 32.827160 -9.520373
v 16.317110 29.320900 -9.037224
v 14.349926 32.857258 -8.333687
v 15.668231 32.586487 -5.666805
v 17.048519 29.099583 -7.190706
v 18.590130 25.248934 -7.659271
v 18.784426 24.823265 -6.065807
v 17.100309 28.787525 -5.802197
v 18.079138 24.633423 -4.028574
v 16.939831 28.552610 -4.230702
v 16.842564 28.372570 -2.972205
v 15.728148 32.290031 -4.386978
v 17.688667 24.358000 -2.628598
v 18.528564 24.290865 -1.068533
v 18.045706 22.510635 -2.289546
v 17.981359 22.525507 -2.960465
v 18.116396 22.855774 -3.674329
v 18.301258 23.301498 -4.091097
v 18.776226 23.147797 -4.979061
v 19.017553 23.262590 -6.225250
v 18.971699 23.636522 -7.075019
v 18.757977 24.217178 -7.720092
v 18.438330 23.823711 -8.569460
v 17.849398 25.434288 -9.378436
v 17.807718 23.654934 -9.625665
v 17.070635 23.844273 -10.711384
v 16.483149 24.459299 -11.445032
v 18.483496 22.649004 -1.515657
v 18.886066 22.614014 -1.270289
v 19.256836 22.821241 -1.104829
v 19.190466 24.564150 -1.070439
v 19.468512 23.230637 -1.178903
v 19.730267 24.932287 -1.666711
v 19.775862 23.246500 -1.556692
v 19.984270 23.323025 -1.806359
v 20.295074 23.570942 -2.166941
v 20.466925 24.009808 -2.400410
v 20.293839 25.260929 -2.145039
v 21.071983 25.092575 -2.111850
v 19.051800 28.912502 -1.353702
v 18.479364 28.596855 -1.377545
v 16.309484 32.083668 -1.784403
v 18.006294 28.364210 -1.249570
v 16.715105 32.510719 -1.467243
v 19.309130 29.061441 -1.134498
v 17.473349 32.663567 -0.926416
v 19.758261 29.065327 -0.503034
v 17.985397 32.643635 -0.080870
v 18.301992 32.485783 1.458498
v 20.483452 28.636633 1.626847
v 20.206291 28.802330 0.423292
v 22.516315 24.571844 1.272018
v 22.376085 24.749166 0.027081
v 22.661037 23.496590 0.404080
v 22.514101 23.525839 -0.268903
v 22.231014 23.860495 -0.935451
v 21.919399 24.276436 -1.427865
v 21.790506 25.094067 -1.289578
v 21.601749 23.990553 -1.942694
v 21.177980 23.889273 -2.286478
v 20.847002 23.884169 -2.416370
v 22.689686 23.976095 1.086892
v 22.632257 24.322535 2.699770
v 22.781313 23.276373 1.753598
v 22.767336 23.089819 2.470509
v 22.648994 23.246752 3.238861
v 22.454649 23.652925 3.776905
v 22.366890 24.336918 3.747065
v 20.616270 28.322130 2.809665
v 20.521301 27.736649 4.104873
v 21.918858 23.873701 4.860127
v 21.445114 23.474749 5.835592
v 21.816916 22.624846 5.269225
v 22.165117 22.681183 4.645883
v 22.377930 23.114553 4.027226
v 21.480577 22.846020 5.709835
v 20.650404 23.096748 6.746924
v 21.184856 22.439383 6.057025
v 20.709175 22.187187 6.544543
v 20.215303 22.157511 6.904668
v 19.698242 22.987488 7.256412
v 19.734413 22.342274 7.142127
v 18.501640 22.781794 7.062712
v 19.368959 21.971235 7.004169
v 18.529249 21.639935 6.845780
v 17.925219 21.681309 6.952034
v 17.335724 21.979614 7.190350
v 17.323826 22.677670 7.169098
v 17.557348 26.519451 7.355369
v 16.404692 26.420902 7.586501
v 16.430803 22.439281 7.924660
v 15.915282 22.457703 8.760041
v 16.258078 21.510471 8.412203
v 16.684647 21.396341 7.914118
v 17.044844 21.569885 7.467869
v 16.013027 21.782362 8.783766
v 16.060339 22.346342 9.459161
v 16.162275 21.546152 9.041905
v 16.533434 21.519577 9.393205
v 16.840298 21.776073 9.741030
v 17.019049 22.058735 9.965447
v 16.831045 22.522705 10.055909
v 15.013025 26.447260 9.896718
v 14.812428 26.269724 9.080729
v 16.925047 22.398869 11.220824
v 16.507849 22.324913 12.289899
v 16.847305 21.589968 11.858331
v 17.095818 21.426424 11.176435
v 17.305252 21.652884 10.340840
v 14.959855 26.355734 10.790232
v 14.653327 26.281782 11.283673
v 13.169652 30.494442 8.214245
v 12.243535 30.316328 9.974639
v 14.042497 25.925339 12.404476
v 11.951566 30.167831 10.328882
v 11.024331 29.901377 11.237615
v 13.254096 25.710394 13.342823
v 12.245008 25.412716 14.279243
v 14.586687 21.834593 14.775770
v 13.367185 21.384027 15.731956
v 11.839688 21.352392 16.449102
v 12.582779 20.344826 16.182350
v 13.329962 20.392954 15.733260
v 14.094145 20.796253 15.190506
v 14.600909 21.433779 14.797726
v 15.210442 21.067774 14.224230
v 15.688665 21.924129 13.655919
v 15.837942 20.978466 13.545303
v 16.310682 21.218172 12.905412
v 16.597782 21.829037 12.314994
v 11.884781 20.718599 16.462406
v 10.521583 20.774624 16.611357
v 11.299356 20.172445 16.590969
v 10.605355 19.807573 16.604773
v 9.934763 19.808067 16.534294
v 9.162050 20.535978 16.498325
v 9.198529 19.920786 16.512300
v 8.222858 20.403681 16.880838
v 8.675477 19.533455 16.718742
v 8.267260 19.338663 17.074987
v 7.949514 19.460804 17.499693
v 7.564931 20.400963 17.997946
v 7.650841 19.946346 18.085991
v 6.954384 19.197952 18.467272
v 6.077753 20.131632 18.618908
v 5.375558 18.999800 18.881781
v 6.114193 18.902554 18.709812
v 5.655713 24.088495 17.109447
v 6.822635 24.192747 16.448933
v 5.320095 28.403103 14.327821
v 7.884117 24.247604 15.832981
v 6.778721 28.603430 13.660157
v 9.002646 24.486073 15.690164
v 7.800308 28.888041 13.320700
v 10.024261 24.723087 15.550108
v 10.017772 29.556223 12.101844
v 11.051114 25.082777 15.101086
v 12.907601 30.252207 6.545398
v 15.107360 26.376755 8.251251
v 13.755927 30.667967 6.045370
v 15.560863 30.867418 5.411109
v 16.526411 31.109541 4.808899
v 19.084118 26.977896 6.537928
v 17.159819 31.057039 4.377218
v 20.112181 27.315378 5.244176
v 17.978979 31.738348 4.088591
v 18.319519 32.251259 2.507612
v 15.140122 31.588785 -2.270167
v 17.040106 28.248341 -1.773249
v 15.026022 31.653517 -3.165143
v 9.693780 32.502377 -11.619868
v 8.042798 32.365082 -12.081920
v 9.111756 28.735920 -12.855979
v 6.626860 32.108284 -12.407240
v 7.514598 28.582396 -13.212194
v 5.068032 32.122894 -13.097846
v 6.252903 28.626984 -13.865921
v 5.153140 28.559870 -14.535219
v 2.727692 32.133343 -14.329000
v 3.640428 28.590357 -15.299865
v 0.809775 31.895468 -15.148217
v 1.597869 28.570749 -16.382034
v -1.239320 31.655369 -15.562164
v -2.980975 31.547722 -15.357933
v -1.113374 28.639519 -17.077890
v -3.249671 28.426077 -17.085110
v -5.140919 28.381342 -16.382971
v -4.858313 31.129795 -14.932294
v -5.790025 30.949928 -14.106956
v -6.804527 30.648661 -12.374346
v -6.452046 28.024548 -15.054483
v -6.937123 27.480360 -13.058251
v -7.861567 27.258871 -11.692684
v -8.069434 30.606264 -11.265295
v -9.729754 30.682968 -10.943680
v -9.468307 27.149952 -10.580341
v -11.318448 30.642605 -10.725475
v -12.623041 30.628729 -10.298961
v -11.441227 27.424524 -11.525251
v -13.140128 27.654284 -11.374856
v -13.901050 30.717026 -9.336451
v -14.418273 27.690681 -10.767418
v -15.318468 27.698471 -9.952107
v -14.940300 30.700054 -8.068852
v -16.281088 27.671127 -8.701482
v -16.996065 27.524019 -7.291557
v -15.624764 30.564768 -6.754178
v -15.966218 30.263950 -5.337886
v -18.776144 21.954992 -3.786952
v -18.858219 21.644533 -3.050082
v -18.564894 23.379026 -2.944907
v -19.027399 23.103672 -1.999658
v -19.133314 21.858995 -2.141138
v -19.026314 21.675072 -2.502203
v -19.386902 21.594263 -1.943974
v -19.516958 23.122406 -1.606907
v -19.692680 21.578897 -1.793617
v -19.931973 21.753124 -1.723618
v -20.187004 22.083412 -1.822856
v -20.476837 22.043425 -2.150076
v -20.059013 23.314024 -1.772901
v -20.641510 23.598368 -2.308451
v -21.368769 23.959883 -2.687811
v -21.478159 22.847448 -2.827904
v -21.223135 22.452147 -2.643255
v -20.940041 22.201057 -2.489735
v -21.893717 22.737253 -2.873555
v -22.436035 22.745722 -2.846418
v -23.031017 22.951412 -2.406220
v -12.717034 20.250706 12.678004
v -11.835061 19.785608 13.019957
v -11.037610 19.916862 13.431390
v -10.588567 20.255047 13.626349
v -10.061302 19.576323 13.776848
v -9.402575 19.294336 13.919946
v -8.690042 19.222025 13.992613
v -8.228753 19.425648 14.140035
v -7.785256 18.985743 14.561791
v -7.403555 18.835724 15.269127
v -7.112180 19.090740 15.976835
v -6.956006 19.569660 16.603882
v -6.489359 19.020029 17.159391
v -5.749354 18.679173 17.714298
v -4.886378 18.742348 18.087608
v -4.185774 19.362251 18.312899
v -3.442079 18.845036 18.482859
v -4.039342 20.139023 18.247185
v -2.780622 20.086321 18.524078
v -1.476645 19.310606 18.805931
v -1.495039 20.022705 18.715059
v -1.881226 18.961273 18.721592
v -2.487627 18.636456 18.633053
v 0.493762 19.916658 18.909632
v 1.180086 18.817558 19.021179
v 0.430664 18.404743 19.006287
v -0.982762 18.875488 18.904945
v 1.855236 19.342131 18.967125
v 0.000000 64.761658 3.645967
v 0.000000 64.861763 3.508439
v 0.914780 64.942894 3.458391
v 0.989279 64.883217 3.576745
v 0.000000 64.368912 3.952521
v -0.914781 64.942894 3.458391
v -0.989280 64.883217 3.576745
v -2.077500 65.236786 3.385200
v -1.209345 64.491875 3.881701
v 0.000000 63.802917 4.240005
v -1.331297 63.825436 4.189990
v -2.417018 64.857086 3.651143
v -4.331964 64.857780 3.473190
v -2.667782 63.924568 4.066586
v -3.791311 65.689957 3.093160
v -5.231288 65.589508 2.972191
v -6.099999 66.431999 2.246606
v -6.905024 65.265396 2.631954
v -7.863256 66.066505 2.017937
v -8.686481 66.943680 1.078436
v -8.627326 66.778091 0.976741
v -7.815281 65.957008 1.866692
v -6.106274 66.236122 2.087437
v -5.274782 65.429733 2.781934
v -6.855930 65.161308 2.471881
v -4.710472 64.810997 3.126000
v -6.212546 64.780060 3.003491
v -6.153477 64.637070 2.831963
v -4.525865 63.977207 3.329329
v -5.620667 64.350449 3.269301
v -5.517427 64.218117 3.144996
v -5.268447 64.079460 3.472573
v -5.230784 63.963837 3.325017
v -5.048047 63.737003 3.725141
v -4.986948 63.591537 3.535311
v -4.789830 62.726871 4.079020
v -4.837154 62.839195 4.254395
v -3.588065 62.787666 4.511242
v -4.466333 61.368542 5.069557
v -3.361906 61.329529 5.263757
v -4.161855 59.900230 5.657740
v -3.173960 59.783653 5.879857
v -2.229154 61.216312 5.328175
v -1.214667 62.532333 4.728436
v -2.433694 62.643272 4.650279
v -1.097229 61.144455 5.385870
v -2.082485 59.725254 5.979597
v -1.020577 59.707897 6.002924
v -0.993496 58.197372 6.338003
v -2.032877 58.172607 6.315471
v -3.030147 58.087917 6.073036
v -0.954203 56.747158 6.285137
v -1.936524 56.657108 6.205724
v -0.918840 55.514980 5.916553
v -1.721773 55.464321 5.534480
v -2.784197 56.649212 5.754646
v -2.751107 55.515427 5.221954
v -3.566568 56.690487 5.503302
v -3.418135 55.537643 4.787600
v -3.860521 58.182163 5.825612
v -4.115094 59.807972 5.428659
v -3.842245 58.161819 5.538330
v -3.559028 56.751434 5.205591
v -5.029902 58.310577 3.855906
v -5.117115 59.754196 3.841310
v -5.085557 61.179665 3.707673
v -5.427688 61.291080 2.715422
v -5.337585 59.752861 2.007425
v -5.217084 59.337009 0.198820
v -5.054021 58.345001 0.197633
v -5.285877 59.837059 0.197300
v -5.184208 58.433388 1.943295
v -5.366593 60.179955 1.280844
v -5.325184 60.103951 0.169013
v -5.543779 61.561272 2.122502
v -5.402050 60.500053 0.802423
v -5.619784 61.935848 1.780775
v -5.565548 60.336975 0.996291
v -5.617216 59.862526 0.068768
v -5.286020 60.619160 -0.858361
v -5.541805 60.173004 -0.895258
v -5.832512 59.648026 0.170479
v -5.865968 60.223442 1.241640
v -5.819845 59.793350 -0.889835
v -6.267885 59.378742 0.151622
v -6.432456 59.939217 1.370508
v -6.971826 59.257683 0.097688
v -7.071396 59.236713 -0.831567
v -6.300625 59.411888 -0.887562
v -7.017688 59.518742 -1.683059
v -6.042958 60.359276 -1.708703
v -6.527798 59.838524 -1.720101
v -7.291236 59.591343 -2.450293
v -6.802785 60.062271 -2.556205
v -7.374726 59.968956 -3.640666
v -6.309018 60.753239 -2.620310
v -6.729892 60.917614 -3.641806
v -7.573914 61.417522 -4.166337
v -6.168078 61.637798 -3.535074
v -8.282712 60.450241 -4.094046
v -8.793836 60.087502 -3.499701
v -9.779615 60.717316 -3.202306
v -9.349412 61.023945 -3.573803
v -8.433249 62.103596 -3.890295
v -9.597215 61.236603 -3.621322
v -9.928599 61.436382 -3.733093
v -8.891885 62.335186 -3.864116
v -9.151106 62.687054 -3.994761
v -8.181509 63.144943 -3.967909
v -8.314884 63.676712 -3.887630
v -9.975599 63.204388 -3.758577
v -7.726604 63.686169 -4.033294
v -8.413759 64.212425 -3.730393
v -7.583807 64.584030 -3.904320
v -6.367565 65.138672 -4.254783
v -8.227924 65.818520 -3.163504
v -9.363586 65.088142 -2.880059
v -6.993647 63.529919 -4.161301
v -7.635542 62.967903 -4.085316
v -6.996842 62.248726 -4.016183
v -6.299657 62.943279 -4.115354
v -4.963974 64.046501 -4.091383
v -5.639641 62.314236 -3.658364
v -6.208233 64.138245 -4.349673
v -5.292596 65.187943 -3.720641
v -5.028234 65.440025 -3.834973
v -5.985368 66.475708 -3.286234
v -6.823589 66.392250 -3.495409
v -8.754498 66.551636 -1.504042
v -7.283298 67.241913 -1.815083
v -6.496682 67.213966 -1.849852
v -7.925716 66.963257 0.443803
v -8.652599 66.564011 0.341081
v -9.329085 65.870018 0.346079
v -9.200536 65.297279 1.615011
v -8.269819 65.075356 2.257004
v -7.152907 65.537704 1.836252
v -8.058187 63.270603 2.929073
v -9.605515 62.971424 2.448030
v -8.978042 61.590057 3.063227
v -10.365415 63.381809 2.542580
v -9.793178 62.260452 2.298394
v -10.555301 62.246586 2.117485
v -10.364031 61.380135 1.432155
v -10.040331 61.192806 1.793408
v -10.290344 60.247890 1.640264
v -9.482552 60.831593 1.902649
v -9.493130 59.691654 1.793460
v -8.986874 60.488331 1.861052
v -8.277045 60.990364 3.030436
v -7.185268 62.070438 3.022367
v -7.508201 60.366440 1.668276
v -8.387297 59.953403 1.408873
v -8.939114 59.242088 1.486056
v -8.523355 58.809189 0.774957
v -7.044363 59.710564 1.256754
v -7.910430 59.472855 0.678783
v -7.873335 59.289066 -0.118678
v -8.342447 58.605499 0.139509
v -8.609478 58.729790 -0.042782
v -8.645620 58.662724 -1.015937
v -8.334838 58.493099 -0.983070
v -7.862671 59.248817 -0.813881
v -7.977484 59.253490 -1.441160
v -8.782088 58.663742 -2.161870
v -9.108587 58.905537 -1.838313
v -9.710348 59.332180 -2.192123
v -9.646585 59.308025 -2.662586
v -10.229226 59.733521 -2.245087
v -10.136377 59.730480 -2.648876
v -10.647834 60.081532 -2.043044
v -10.757378 60.243111 -2.384871
v -11.235811 60.652927 -1.688459
v -11.046914 60.426060 -1.442217
v -11.447813 60.893192 -0.867764
v -11.177486 60.582779 -0.804095
v -11.110241 60.618561 -0.095648
v -11.386776 60.881668 -0.088828
v -10.918706 60.506439 0.447154
v -11.187620 60.835911 0.682786
v -10.429315 60.307880 1.002141
v -10.678850 60.499592 1.402646
v -10.111701 60.048660 1.334155
v -9.513903 59.630970 1.473372
v -9.105903 59.238434 1.137882
v -8.769858 58.893127 0.637402
v -10.649916 61.551006 0.878415
v -10.881756 61.623531 0.134669
v -11.128605 62.369251 1.217656
v -11.237452 63.582226 1.779378
v -11.188095 62.500256 0.351514
v -11.551846 62.552166 -0.071593
v -11.816886 63.726303 -0.010217
v -11.428570 63.620167 0.473107
v -10.447141 64.985649 0.506115
v -10.837528 64.935516 -0.351841
v -9.706640 65.679390 -1.194972
v -10.859458 64.763924 -1.389027
v -10.723686 64.349503 -2.259376
v -11.495745 64.210594 -1.366130
v -11.507390 63.414543 -2.077662
v -11.564215 63.111546 -1.408241
v -11.686695 63.532009 -1.254186
v -11.605100 63.291744 -0.919973
v -11.345157 62.523766 -0.711277
v -11.067332 61.554260 -0.867015
v -11.407469 62.378986 -1.334321
v -11.353869 62.102757 -1.961166
v -11.182115 61.967316 -2.173758
v -10.876037 61.301506 -1.832947
v -11.156817 62.979954 -2.475489
v -10.757489 61.562222 -3.066171
v -10.704370 62.204659 -3.530205
v -10.416736 63.891529 -2.620652
v -10.416819 60.909805 -2.418330
v -9.779799 60.401768 -2.851565
v -9.193119 59.895203 -2.820322
v -8.592242 59.554844 -2.661973
v -8.010174 59.606140 -3.114021
v -8.167798 59.335976 -2.057286
v -10.985465 61.621895 -0.283308
v -10.232345 65.017441 1.292163
v -6.990960 61.180408 1.639732
v -6.484732 62.832394 2.226199
v -6.390771 61.876873 1.638927
v -6.031132 63.101364 1.721011
v -5.921177 61.955727 1.650958
v -5.719733 63.112217 1.861384
v -5.732592 64.571144 1.775646
v -5.651072 63.037468 2.138200
v -5.650114 64.577164 1.937724
v -5.475530 64.894882 2.375823
v -5.370310 66.621933 1.238850
v -5.676745 65.862427 1.154360
v -5.607277 65.946968 1.292156
v -6.234745 67.379761 -0.215997
v -6.136556 67.489510 -1.874709
v -6.300065 67.205948 -0.193477
v -5.704587 67.657753 -0.209357
v -7.057976 67.693367 -0.282928
v -5.767236 67.829369 -1.687390
v -6.408418 67.721230 -1.710118
v -5.280660 67.295311 -3.183152
v -7.974544 67.266685 -2.174916
v -7.988482 67.478203 -2.198227
v -6.411273 66.862289 -3.511099
v -6.410705 66.715744 -3.393305
v -8.692483 67.413094 -0.956143
v -8.647581 67.656967 -0.993213
v -8.902480 67.331429 -0.028475
v -8.904828 67.551437 -0.029645
v -6.797648 67.140259 1.113245
v -6.822322 67.376602 1.228806
v -7.094302 67.954475 -0.229863
v -5.582438 68.191475 -0.009224
v -6.415668 67.983574 -1.720938
v -5.215053 68.422050 -1.330994
v -4.383383 68.396255 -2.475513
v -5.237429 67.670128 -2.993051
v -4.039602 67.280235 -3.723110
v -4.671422 66.070526 -4.279674
v -3.440799 68.089607 -3.118635
v -3.800072 68.633842 -2.044283
v -2.952924 68.556328 -2.720528
v -2.346720 67.945618 -3.673400
v -2.720250 66.901665 -4.245749
v -1.213617 67.792320 -3.941152
v -1.401578 66.677338 -4.518496
v -3.128767 65.550262 -4.636292
v -1.696730 65.235313 -4.742847
v -1.756436 65.143280 -4.519423
v -3.187607 65.503899 -4.376554
v -4.640323 65.911957 -4.102073
v -4.491385 66.114548 -3.949481
v -3.868380 64.410027 -3.905252
v -4.816456 65.584816 -3.914194
v -4.922691 67.019455 -3.113340
v -3.060708 65.641464 -4.261469
v -1.527135 65.261086 -4.391109
v -1.522693 64.167885 -4.155488
v -2.744132 64.368607 -4.127088
v -2.711195 63.035500 -3.704457
v -1.379540 62.989895 -3.726914
v -0.000001 61.877060 -3.229365
v -0.000001 63.021801 -3.706985
v -1.320030 61.806641 -3.261695
v -1.307974 60.587215 -2.834733
v -0.000001 60.599800 -2.781099
v -2.666498 61.812115 -3.210639
v -2.726062 60.616783 -2.678851
v -3.836027 61.944332 -2.880432
v -3.742339 63.173996 -3.489566
v -4.709852 61.904713 -2.516497
v -4.440131 63.194584 -3.293246
v -4.589314 64.334923 -3.738633
v -4.376323 64.391129 -3.812907
v -4.717818 63.219395 -3.237972
v -4.967033 62.873753 -3.374415
v -5.698642 61.431614 -2.325118
v -5.229235 61.908638 -2.173373
v -5.549406 60.981964 -1.596575
v -4.812170 60.986362 -1.889400
v -5.310740 61.277149 -1.481429
v -5.083989 60.190720 -1.080583
v -4.468267 59.533733 -1.553321
v -3.973429 60.750374 -2.271141
v -2.832759 59.405441 -2.226434
v -1.320522 59.361557 -2.523111
v -2.767945 58.279346 -1.999959
v -1.266721 58.266384 -2.336932
v -0.000001 58.376556 -2.294664
v -0.000001 57.204937 -2.128199
v -1.222645 57.192993 -2.197858
v -2.615325 57.171486 -1.842980
v -4.068886 57.083420 -1.263991
v -2.428933 56.128094 -1.621420
v -3.696369 56.009308 -1.055147
v -3.342518 55.254688 -0.873330
v -4.394322 56.051052 0.164371
v -3.881308 55.089027 0.267193
v -3.305089 55.161739 -1.088033
v -4.158596 55.115101 0.127750
v -4.237403 55.035278 1.212023
v -4.373065 54.958572 1.205159
v -4.205668 54.837719 3.058573
v -4.683527 56.074085 1.509845
v -4.831337 57.155365 0.177832
v -5.001090 57.243294 1.795568
v -4.547665 55.973663 3.476841
v -3.253286 55.594257 4.416231
v -4.856527 57.172783 3.694881
v -3.351299 54.758659 3.814135
v -3.379884 54.739521 4.018760
v -2.726692 54.708134 4.786671
v -4.258752 54.745468 2.933635
v -3.547388 54.641251 4.168248
v -2.788004 54.581749 4.868004
v -2.755013 53.287804 4.472736
v -1.694984 53.242283 5.087264
v -1.682803 54.526924 5.461151
v -0.816138 53.236076 5.350116
v -0.871304 54.546925 5.659124
v -0.843624 54.664024 5.550334
v -1.631232 54.671055 5.306072
v -0.000001 54.675915 5.614469
v 0.918838 55.514980 5.916553
v 0.871303 54.546925 5.622004
v -0.000001 54.548431 5.694322
v 0.843623 54.664024 5.513214
v -0.000001 55.494251 5.825192
v 0.000000 56.715347 6.305367
v 0.954202 56.747158 6.285137
v 0.993495 58.197372 6.338003
v 2.032875 58.172607 6.315471
v 1.936522 56.657108 6.205724
v 1.721772 55.464321 5.534481
v 2.784195 56.649212 5.754646
v 3.030145 58.087917 6.073037
v 4.161854 59.900230 5.657739
v 3.173958 59.783653 5.879857
v 3.860520 58.182163 5.825612
v 3.842244 58.161819 5.538329
v 3.566565 56.690487 5.503302
v 4.115092 59.807972 5.428658
v 4.466332 61.368542 5.069557
v 4.402454 61.263187 4.869681
v 5.117114 59.754196 3.841310
v 5.085557 61.179665 3.707673
v 4.789828 62.726871 4.079020
v 5.427688 61.291080 2.715422
v 4.950185 62.787060 3.421505
v 4.881374 63.370270 3.167834
v 5.299116 62.803284 2.946617
v 5.012557 64.832092 2.782430
v 5.475529 64.894882 2.375823
v 5.543778 61.561272 2.122502
v 5.651070 63.037468 2.138200
v 5.719731 63.112217 1.861384
v 5.619784 61.935848 1.780775
v 5.650113 64.577164 1.937724
v 5.732592 64.571144 1.775646
v 5.370309 66.621933 1.238850
v 5.607276 65.946968 1.292156
v 5.676745 65.862427 1.154359
v 6.300065 67.205948 -0.193477
v 5.947155 65.807106 1.169073
v 6.234745 67.379761 -0.215997
v 6.091636 64.439842 1.638422
v 6.031129 63.101364 1.721011
v 6.484730 62.832394 2.226199
v 6.897367 64.051140 2.155222
v 7.185266 62.070446 3.022367
v 7.152905 65.537704 1.836252
v 8.058187 63.270611 2.929073
v 8.277046 60.990364 3.030436
v 8.269820 65.075356 2.257004
v 9.605515 62.971432 2.448030
v 8.978041 61.590065 3.063227
v 9.793178 62.260460 2.298394
v 10.040332 61.192806 1.793408
v 9.482553 60.831593 1.902650
v 10.290345 60.247890 1.640264
v 9.493131 59.691654 1.793460
v 8.986875 60.488331 1.861052
v 8.939114 59.242088 1.486056
v 8.387297 59.953403 1.408873
v 7.508200 60.366440 1.668277
v 8.523356 58.809189 0.774957
v 7.044360 59.710564 1.256754
v 7.910429 59.472855 0.678783
v 8.342448 58.605499 0.139509
v 6.971824 59.257683 0.097688
v 7.873333 59.289066 -0.118678
v 8.334840 58.493095 -0.983070
v 7.071394 59.236717 -0.831567
v 7.862669 59.248817 -0.813881
v 7.977482 59.253490 -1.441160
v 7.017685 59.518742 -1.683059
v 6.300622 59.411892 -0.887562
v 7.291234 59.591343 -2.450293
v 6.527795 59.838528 -1.720101
v 6.042955 60.359280 -1.708702
v 6.802783 60.062275 -2.556204
v 6.309016 60.753239 -2.620310
v 6.729890 60.917614 -3.641806
v 7.374724 59.968960 -3.640666
v 8.282712 60.450245 -4.094046
v 8.793837 60.087505 -3.499701
v 8.010174 59.606140 -3.114021
v 8.167798 59.335976 -2.057286
v 8.592242 59.554844 -2.661973
v 9.193120 59.895203 -2.820322
v 9.646585 59.308025 -2.662586
v 8.782089 58.663738 -2.161870
v 9.710349 59.332180 -2.192123
v 9.108587 58.905537 -1.838313
v 8.645623 58.662720 -1.015937
v 8.609479 58.729790 -0.042782
v 8.769859 58.893127 0.637402
v 9.105904 59.238434 1.137882
v 9.513904 59.630970 1.473372
v 10.111701 60.048660 1.334155
v 10.429316 60.307880 1.002141
v 10.678850 60.499592 1.402646
v 11.187620 60.835918 0.682786
v 10.649916 61.551014 0.878415
v 10.364032 61.380135 1.432155
v 10.555300 62.246593 2.117485
v 10.365415 63.381809 2.542580
v 11.128605 62.369259 1.217657
v 11.237451 63.582226 1.779378
v 11.428569 63.620167 0.473107
v 10.232344 65.017441 1.292163
v 11.188095 62.500263 0.351514
v 10.447141 64.985649 0.506115
v 9.329083 65.870026 0.346079
v 10.837529 64.935524 -0.351841
v 9.706639 65.679398 -1.194972
v 8.754498 66.551636 -1.504042
v 8.227923 65.818520 -3.163505
v 9.363585 65.088142 -2.880059
v 10.859458 64.763924 -1.389027
v 10.723685 64.349503 -2.259376
v 11.495745 64.210594 -1.366130
v 11.816885 63.726303 -0.010217
v 11.345157 62.523766 -0.711277
v 11.686695 63.532013 -1.254186
v 11.605099 63.291748 -0.919972
v 11.551847 62.552174 -0.071593
v 11.067332 61.554260 -0.867015
v 10.985466 61.621895 -0.283308
v 10.881756 61.623535 0.134669
v 11.386776 60.881668 -0.088828
v 11.110241 60.618561 -0.095648
v 10.918706 60.506439 0.447154
v 11.447813 60.893192 -0.867765
v 11.235814 60.652927 -1.688459
v 11.046914 60.426060 -1.442217
v 11.177487 60.582779 -0.804095
v 10.647835 60.081532 -2.043044
v 10.136378 59.730480 -2.648876
v 10.757379 60.243111 -2.384871
v 10.229227 59.733521 -2.245087
v 9.779799 60.401768 -2.851565
v 10.416819 60.909805 -2.418330
v 9.779615 60.717323 -3.202306
v 10.876037 61.301506 -1.832947
v 11.182115 61.967316 -2.173759
v 10.757490 61.562229 -3.066171
v 11.156816 62.979954 -2.475489
v 9.928600 61.436382 -3.733093
v 10.704370 62.204659 -3.530206
v 9.151105 62.687054 -3.994761
v 9.975599 63.204388 -3.758578
v 8.314883 63.676712 -3.887631
v 8.413757 64.212425 -3.730395
v 10.416735 63.891529 -2.620652
v 11.507389 63.414543 -2.077662
v 11.353869 62.102757 -1.961166
v 11.407469 62.378994 -1.334321
v 11.564215 63.111546 -1.408242
v 7.583805 64.584030 -3.904319
v 6.367563 65.138672 -4.254783
v 6.993645 63.529919 -4.161301
v 7.635541 62.967903 -4.085314
v 7.726602 63.686169 -4.033294
v 8.181509 63.144943 -3.967909
v 8.433250 62.103596 -3.890296
v 8.891885 62.335186 -3.864116
v 9.597218 61.236603 -3.621322
v 9.349413 61.023952 -3.573803
v 7.573912 61.417522 -4.166338
v 6.996840 62.248726 -4.016182
v 6.168076 61.637798 -3.535073
v 5.639639 62.314236 -3.658363
v 6.299656 62.943279 -4.115353
v 5.698640 61.431614 -2.325118
v 5.549404 60.981964 -1.596575
v 5.229235 61.908638 -2.173373
v 4.967031 62.873753 -3.374414
v 4.717815 63.219395 -3.237971
v 4.589311 64.334923 -3.738633
v 4.709851 61.904713 -2.516497
v 4.440130 63.194584 -3.293246
v 3.868379 64.410027 -3.905252
v 3.742337 63.173996 -3.489565
v 4.376322 64.391129 -3.812906
v 5.028233 65.440025 -3.834972
v 4.816455 65.584816 -3.914194
v 5.642242 66.450706 -3.217010
v 4.491384 66.114548 -3.949481
v 4.922691 67.019455 -3.113340
v 5.503619 66.622032 -3.322495
v 6.201558 67.309837 -1.874477
v 5.767235 67.829369 -1.687389
v 6.136555 67.489510 -1.874709
v 5.704586 67.657753 -0.209357
v 6.408417 67.721230 -1.710118
v 7.057974 67.693367 -0.282928
v 8.902479 67.331429 -0.028475
v 6.797647 67.140259 1.113245
v 8.692482 67.413094 -0.956143
v 7.974542 67.266685 -2.174916
v 7.988479 67.478203 -2.198227
v 5.280659 67.295311 -3.183152
v 6.411271 66.862289 -3.511098
v 6.410703 66.715744 -3.393305
v 4.640322 65.911957 -4.102072
v 4.671420 66.070526 -4.279673
v 3.128766 65.550262 -4.636292
v 5.237428 67.670128 -2.993051
v 4.039601 67.280235 -3.723109
v 2.720248 66.901665 -4.245748
v 3.440798 68.089607 -3.118635
v 1.213617 67.792320 -3.941152
v 1.401577 66.677338 -4.518496
v 2.346719 67.945618 -3.673400
v 2.126874 68.500298 -3.149220
v 2.952925 68.556328 -2.720528
v 3.800073 68.633850 -2.044283
v 2.922300 68.531258 -2.651626
v 2.099103 68.478264 -3.082531
v 1.139920 68.363869 -3.321300
v 1.060991 68.472725 -3.063090
v 1.980472 68.556381 -2.871746
v 1.035904 68.622345 -2.883511
v 2.775674 68.660500 -2.461010
v 1.850697 68.688255 -2.627978
v 2.617203 68.773994 -2.254818
v 2.611717 68.870125 -2.306948
v 1.865178 68.794182 -2.743149
v 2.061109 69.335075 -1.976426
v 1.497687 69.348091 -2.340991
v 1.069354 68.738899 -2.972364
v 0.000000 68.705528 -3.051379
v 0.812549 69.339661 -2.569668
v 0.000000 69.993149 -2.426219
v 0.000000 69.296455 -2.676584
v 1.198549 70.025627 -2.092612
v 0.596453 70.024727 -2.319906
v 0.840661 68.749870 -1.275465
v 0.529441 68.776062 -1.495443
v 0.000000 68.710869 -1.614995
v -0.596454 70.024727 -2.319906
v -0.529441 68.776062 -1.495443
v -0.554682 68.609940 -1.094380
v 0.000000 68.548050 -1.100615
v 0.554682 68.609940 -1.094380
v 0.616113 68.415115 -0.575176
v 0.000000 68.326401 -0.585461
v -0.616114 68.415115 -0.575175
v -0.662943 68.237312 -0.034564
v 0.662942 68.237312 -0.034564
v 0.000000 68.071350 0.037112
v -0.750390 68.137115 0.721347
v 0.750390 68.137115 0.721347
v 0.000000 67.935486 0.951997
v 0.000000 67.706642 2.136565
v 0.913238 68.392563 1.967773
v 0.791705 68.065308 1.439105
v -0.913238 68.392563 1.967773
v -0.791706 68.065308 1.439105
v -0.030247 67.839508 2.424854
v -0.039514 67.867630 2.393232
v 0.000000 67.687958 2.206107
v 0.030246 67.839508 2.424854
v 0.039513 67.867630 2.393232
v 0.585531 67.146889 2.682109
v 1.597562 67.621498 2.207137
v 1.245910 66.214058 3.079411
v 0.496424 67.003860 2.534660
v 0.078697 67.592094 2.380997
v 0.262484 66.960083 2.544935
v 0.028546 67.601768 2.252250
v 0.000000 67.575150 2.227429
v -0.262485 66.960083 2.544935
v -0.028546 67.601768 2.252250
v 0.000000 66.932770 2.560199
v 0.592780 66.025475 2.980220
v 0.000000 66.006569 3.002891
v -0.592780 66.025475 2.980220
v -1.625762 65.584175 3.108563
v -1.220260 66.083290 2.901477
v 0.000000 65.464943 3.239558
v -0.741397 65.528717 3.198373
v -1.965320 65.193550 3.168930
v -3.060768 65.940971 2.684207
v -2.748793 66.258118 2.526315
v -3.364123 66.799080 1.945860
v -2.454695 66.642273 2.343709
v -3.088212 67.116852 1.795578
v -2.468817 66.789551 2.403739
v -2.325183 68.131096 1.497839
v -3.090675 67.244705 1.854773
v -1.597562 67.621498 2.207137
v -1.245911 66.214058 3.079412
v -0.585531 67.146889 2.682109
v -0.496424 67.003860 2.534660
v -0.078698 67.592094 2.380997
v -3.523434 67.867714 0.875014
v -3.550230 67.970879 0.955587
v -2.674518 68.634819 0.821348
v -3.661828 68.441803 -0.013393
v -3.662196 68.541039 0.054661
v -3.502414 68.724586 -0.894735
v -3.517404 68.866959 -0.886751
v -2.830976 69.107666 0.075997
v -2.804465 69.356476 -0.778885
v -2.233633 69.932503 -0.634259
v -2.249942 69.715523 0.107301
v -2.049268 69.329361 0.738097
v -1.304341 68.434540 0.624597
v -1.045601 68.181503 1.047165
v -1.617654 68.874939 1.332867
v -1.388163 68.587189 0.305321
v -1.304537 68.609665 -0.222857
v -1.207316 68.697838 -0.617954
v -1.920112 70.017494 -1.335496
v -1.590893 70.032700 -1.777921
v -1.026623 68.748978 -0.989549
v -1.198549 70.025627 -2.092612
v -0.840661 68.749870 -1.275466
v -1.497687 69.348091 -2.340991
v -0.812549 69.339661 -2.569668
v -1.069354 68.738899 -2.972364
v -1.035904 68.622345 -2.883511
v -1.865178 68.794182 -2.743150
v -2.611716 68.870125 -2.306948
v -2.061109 69.335075 -1.976425
v -1.850697 68.688255 -2.627978
v -1.980472 68.556381 -2.871746
v -2.775673 68.660500 -2.461010
v -2.617202 68.773987 -2.254818
v -3.144764 68.814720 -1.666478
v -3.422386 68.705925 -1.805540
v -4.293109 68.416130 -1.169117
v -3.756790 68.580795 -1.984063
v -3.814410 68.621620 -0.984961
v -4.019085 68.309189 -0.031111
v -4.463247 68.093857 0.026932
v -4.245736 67.475861 1.061630
v -4.539026 68.195564 0.002711
v -3.885307 67.665131 0.943174
v -4.338746 67.549164 1.077637
v -4.355464 68.549530 -1.194890
v -5.330874 67.468475 1.211901
v -3.723477 66.645935 2.028924
v -3.844525 66.696243 2.102119
v -3.168914 65.980927 2.795201
v -4.759835 66.504967 2.222658
v -2.922300 68.531250 -2.651626
v -2.099104 68.478264 -3.082531
v -2.126875 68.500298 -3.149220
v -1.139920 68.363869 -3.321300
v -1.060991 68.472725 -3.063090
v 0.000000 68.420059 -3.152570
v 0.000000 68.585365 -2.956776
v 0.000000 68.200043 -3.347024
v 0.000000 68.333023 -3.444952
v -1.134510 68.418343 -3.392392
v 1.134510 68.418343 -3.392392
v 0.000000 67.703606 -4.047884
v 0.000000 66.588020 -4.596145
v 1.696729 65.235313 -4.742847
v 0.000000 65.055519 -4.734447
v 1.756435 65.143280 -4.519423
v 0.000000 64.991753 -4.537860
v 1.527135 65.261086 -4.391109
v 0.000000 65.119102 -4.381228
v 0.000000 64.053322 -4.128465
v 1.522692 64.167885 -4.155489
v 3.060707 65.641464 -4.261469
v 1.379539 62.989895 -3.726913
v 2.744130 64.368607 -4.127088
v 2.711194 63.035500 -3.704457
v 2.666497 61.812115 -3.210639
v 1.320029 61.806641 -3.261695
v 1.307973 60.587215 -2.834733
v 2.726060 60.616783 -2.678851
v 1.320521 59.361557 -2.523111
v -0.000001 59.406776 -2.461658
v 2.832758 59.405445 -2.226434
v 1.266720 58.266384 -2.336932
v 1.222644 57.192993 -2.197859
v 2.615323 57.171486 -1.842980
v 2.767943 58.279346 -1.999959
v 4.068884 57.083416 -1.263991
v 4.277441 58.317993 -1.381922
v 4.468265 59.533733 -1.553320
v 3.973427 60.750374 -2.271141
v 5.083988 60.190716 -1.080583
v 5.217082 59.337009 0.198820
v 5.054019 58.345001 0.197633
v 5.337584 59.752861 2.007425
v 5.285875 59.837059 0.197300
v 5.325184 60.103951 0.169013
v 5.286021 60.619160 -0.858361
v 5.366592 60.179955 1.280844
v 5.402051 60.500053 0.802423
v 5.565546 60.336979 0.996292
v 5.617213 59.862526 0.068768
v 5.541803 60.173004 -0.895258
v 5.832510 59.648029 0.170479
v 5.865966 60.223442 1.241640
v 5.819842 59.793354 -0.889835
v 6.267883 59.378746 0.151622
v 6.432452 59.939220 1.370508
v 6.990957 61.180416 1.639732
v 6.390769 61.876881 1.638927
v 5.921175 61.955727 1.650957
v 5.310741 61.277149 -1.481429
v 4.812169 60.986362 -1.889400
v 3.836026 61.944332 -2.880432
v 5.184206 58.433388 1.943295
v 5.029900 58.310577 3.855906
v 4.856526 57.172783 3.694881
v 3.559026 56.751434 5.205591
v 3.418133 55.537643 4.787601
v 3.253284 55.594257 4.416231
v 3.379881 54.739521 3.981639
v 3.351297 54.758659 3.814134
v 4.205667 54.972420 3.021452
v 4.547663 55.973663 3.476841
v 4.683525 56.074085 1.509845
v 5.001088 57.243294 1.795568
v 4.831335 57.155365 0.177832
v 4.394320 56.051052 0.164371
v 3.881306 55.089027 0.230072
v 4.237401 55.035278 1.174902
v 3.696367 56.009308 -1.055146
v 2.428931 56.128090 -1.621420
v 3.342516 55.254688 -0.910451
v 2.182148 55.140572 -1.356163
v 2.283072 55.097321 -1.565810
v 3.305087 55.161739 -1.125154
v 2.314938 53.633057 -1.835144
v 3.265498 53.653519 -1.311524
v 4.158595 55.115101 0.090629
v 4.045769 53.532387 -0.044819
v 4.373063 54.958572 1.168038
v 4.402735 53.536095 0.825210
v 4.258750 54.745468 2.896514
v 4.173112 53.439377 2.392406
v 3.547385 54.641251 4.131127
v 3.444554 53.337418 3.709692
v 2.788002 54.581749 4.830883
v 2.755012 53.320660 4.435616
v 1.694982 53.242283 5.050143
v 2.640790 53.173840 4.355164
v 3.251629 53.189423 3.493119
v 1.661938 53.103401 4.983697
v 6.763721 50.003754 5.569759
v 6.409708 49.985130 6.938847
v 4.454274 49.772682 8.326138
v 6.889616 46.654999 10.231954
v 8.631477 46.956684 8.266747
v 8.919682 43.556774 11.814226
v 10.830606 43.314419 9.737570
v 9.468616 46.980347 6.805766
v 11.740121 43.470295 7.913591
v 9.430335 46.751629 6.574169
v 11.635224 43.286514 7.694595
v 10.838365 42.519680 7.520326
v 13.721634 39.143963 8.769550
v 12.892458 38.566238 8.382053
v 14.154188 35.801964 8.743993
v 11.278486 42.550941 7.058915
v 13.334263 38.458218 7.748023
v 12.657143 43.301762 6.484613
v 14.917586 39.226665 7.274694
v 16.332144 36.310299 7.663492
v 14.593922 35.713966 8.036585
v 15.774627 32.679790 8.239269
v 17.464321 33.393196 7.986506
v 15.469551 32.672459 9.250980
v 16.312925 30.138222 9.357347
v 16.167128 30.091318 8.526809
v 16.744900 30.193308 8.301704
v 18.499670 30.830492 8.145677
v 19.620207 26.726337 8.239501
v 21.891333 27.598919 6.332843
v 20.819548 31.425640 6.343369
v 17.654015 26.203531 8.371953
v 16.941923 26.079193 8.595944
v 17.911200 23.266153 8.091271
v 20.157841 23.737514 8.070444
v 19.680868 23.811832 7.766449
v 22.148314 24.471815 6.124108
v 17.668522 23.324345 7.424965
v 16.923382 26.188171 7.950420
v 16.237988 26.070307 8.166013
v 16.448095 23.319735 8.083901
v 16.432981 22.750980 9.749527
v 17.121180 23.084892 8.457825
v 16.494408 25.857553 9.944141
v 16.871391 26.174065 10.266192
v 15.632566 29.696356 9.963900
v 15.492238 29.928568 8.099470
v 16.048347 30.026733 7.882804
v 17.782995 30.640028 7.863190
v 18.861523 26.687838 7.953497
v 21.047504 27.517401 6.118317
v 20.015902 31.212872 6.128451
v 21.180086 31.544907 3.082170
v 22.179609 28.139887 2.972162
v 21.925976 28.051956 -0.542856
v 20.959589 31.495487 -0.052586
v 20.314774 30.940205 -2.272181
v 21.159992 27.619291 -2.641284
v 19.757280 30.532244 -2.665503
v 20.508120 27.306091 -2.824847
v 18.575537 30.510937 -2.020635
v 19.192139 27.192434 -1.733788
v 17.563351 30.204029 -3.218656
v 18.031437 26.949705 -2.828378
v 17.926788 30.529280 -5.173025
v 18.631960 27.373787 -4.896694
v 17.500481 30.806467 -7.392395
v 18.397598 27.786707 -7.486769
v 16.184851 30.962187 -9.905897
v 17.074463 27.917662 -10.077383
v 14.726848 27.966990 -12.675221
v 14.199231 30.983746 -12.121386
v 11.780079 30.860071 -13.574651
v 12.120561 27.802763 -14.168555
v 10.217326 27.642466 -14.436185
v 9.971517 30.663044 -13.913796
v 8.694626 30.568893 -13.213906
v 9.007277 27.562998 -13.578050
v 7.321599 27.569433 -14.037501
v 7.103703 30.331274 -13.688846
v 8.021135 27.635897 -15.467919
v 7.664930 30.764439 -15.056407
v 7.582052 30.740395 -16.062981
v 8.199740 27.393829 -16.418629
v 7.616291 27.382856 -17.066895
v 8.001563 23.914865 -17.511143
v 6.550180 23.783573 -17.849274
v 6.018588 27.263990 -17.451317
v 4.011890 23.878904 -17.722868
v 3.372907 27.193268 -17.497490
v 0.746958 23.830719 -18.883471
v 0.632917 27.137764 -18.598146
v -1.956475 23.913727 -19.494473
v -1.990742 26.919634 -18.981771
v -4.460107 26.960342 -18.495691
v -2.816459 30.015030 -18.012100
v -4.900160 23.864494 -19.246843
v -4.996586 23.771038 -19.727098
v -7.335253 23.702141 -18.755831
v -7.282322 23.768896 -18.180559
v -6.828476 27.010477 -17.501326
v -9.019039 23.507666 -17.298468
v -8.706057 23.612001 -16.919432
v -8.353896 26.933132 -16.269543
v -9.357155 23.323595 -15.864394
v -9.011640 23.540504 -15.801256
v -8.843858 26.802746 -15.225384
v -8.640416 23.422642 -14.302919
v -7.950118 23.605110 -14.389759
v -8.069231 26.653400 -14.161099
v -9.120008 23.325201 -13.276014
v -8.690369 23.404696 -12.807133
v -8.567164 26.653814 -12.627715
v -10.225030 23.397032 -12.961127
v -10.198109 23.443748 -12.440946
v -10.222113 26.830252 -12.451071
v -12.679158 23.664083 -13.390985
v -12.391376 23.646784 -13.924184
v -10.251618 26.870649 -13.063896
v -14.936647 23.492910 -13.702243
v -12.461299 27.185036 -13.680892
v -14.396539 30.772068 -12.272483
v -12.214479 30.452194 -13.182192
v -14.726868 27.051132 -13.134010
v -17.153582 23.491398 -12.360426
v -16.952778 27.070442 -11.577136
v -16.339418 30.842667 -10.475201
v -13.734740 34.415859 -11.274592
v -15.488033 34.501823 -9.458097
v -17.886824 30.643755 -7.930383
v -18.813150 26.824184 -8.837898
v -18.601271 30.304909 -5.822559
v -17.638861 34.101116 -5.169703
v -16.801271 34.480076 -7.232782
v -15.856444 37.774216 -6.499994
v -16.630281 37.405064 -4.505374
v -14.557681 41.448921 -5.409400
v -15.026139 41.291481 -3.779188
v -16.736898 37.129066 -3.215429
v -15.223352 40.853992 -2.616971
v -16.944160 36.930679 -2.710177
v -15.356398 40.737549 -2.272966
v -17.775654 33.676872 -3.584300
v -18.673473 29.907465 -3.866400
v -17.906620 33.699997 -2.937951
v -18.820972 29.586227 -3.084962
v -18.393192 34.232811 -3.072017
v -17.537457 37.442116 -2.695681
v -15.805937 41.125839 -2.084360
v -18.190098 37.861729 -2.227709
v -16.396465 41.405197 -1.566725
v -14.085826 44.693581 -0.881125
v -14.473862 44.740173 -0.326998
v -16.882202 41.482365 -0.557686
v -18.775928 38.125671 -0.849639
v -19.045923 38.223465 1.264676
v -17.081034 41.599304 1.424775
v -14.730195 44.885826 1.379671
v -18.026638 38.050900 4.489731
v -16.109587 41.284340 4.342026
v -13.761448 44.853275 3.900183
v -14.207546 40.763489 6.415774
v -12.145837 44.249916 5.816302
v -10.369149 43.264015 6.248519
v -9.943658 47.495682 5.075590
v -8.156575 46.732353 5.503561
v -7.669452 50.349838 4.146858
v -6.497596 49.925865 4.770124
v -6.118134 49.864212 4.888240
v -10.249021 43.374531 6.951239
v -8.498184 46.824818 6.103652
v -8.484261 47.058666 6.200450
v -10.527301 43.750942 7.160789
v -12.251371 40.447918 7.828774
v -9.243585 43.371666 8.898990
v -7.473339 46.857880 7.410729
v -7.210795 43.755089 10.711653
v -10.588289 40.431797 9.937056
v -13.907333 36.918659 8.370216
v -8.294652 40.184959 11.880501
v -12.119598 36.853924 10.691968
v -15.092649 34.322292 8.720859
v -9.159356 36.620571 12.560748
v -13.205244 34.134819 11.373224
v -14.194251 31.821377 11.881865
v -12.641595 31.274303 12.682871
v -9.771906 33.661831 13.096565
v -5.609115 36.636822 14.744004
v -5.941822 33.056450 15.432664
v -6.632736 30.260708 16.466221
v -10.435616 30.482620 13.378378
v -8.817369 30.221645 14.461152
v -6.468272 30.145279 16.289841
v -8.583738 30.055664 14.411049
v -10.373557 30.347748 13.232841
v -12.997770 28.285130 12.977333
v -12.571738 31.160597 12.517900
v -10.835417 27.596113 13.576489
v -11.315008 24.540430 13.838765
v -9.004124 27.376133 14.811003
v -13.690081 25.251274 13.411464
v -16.797268 21.340622 13.273543
v -15.757367 25.679117 12.794904
v -14.374854 20.808243 13.755227
v -16.420717 21.206926 12.802041
v -11.618260 20.698805 14.048090
v -14.455652 20.846378 13.224405
v -11.005206 20.642160 13.553947
v -13.772900 25.031603 12.851390
v -10.728414 24.434586 13.368234
v -8.897019 24.154970 14.787014
v -8.539001 27.125740 14.350030
v -10.266801 27.381832 13.115793
v -13.106545 27.948856 12.433534
v -15.189780 25.683336 12.338122
v -14.250101 28.721745 11.843288
v -16.932831 26.187164 10.655249
v -15.854036 29.340696 10.002752
v -16.532005 26.072424 8.961679
v -15.290891 29.347954 8.451846
v -16.551308 26.132607 7.737220
v -15.594658 29.302971 7.615154
v -18.141659 26.263615 7.871634
v -16.743650 29.642231 7.576571
v -17.648468 29.746025 6.951598
v -18.664150 30.266441 7.061167
v -19.982805 26.702799 7.265917
v -19.152102 26.371733 7.501250
v -19.587940 22.020422 7.759530
v -20.559162 22.493219 7.749491
v -19.531570 22.004133 8.158359
v -21.659534 22.462025 7.055406
v -22.024485 22.396940 7.386483
v -20.764746 22.212139 8.225824
v -20.737076 26.742714 7.525140
v -19.425913 26.399078 8.242921
v -17.863718 29.901667 7.671861
v -18.114754 26.059202 8.154449
v -16.662291 29.567587 7.847893
v -16.178011 29.441357 7.887978
v -17.171919 26.147350 8.014799
v -18.785448 22.047810 9.480256
v -17.821430 22.055159 8.042664
v -16.019619 29.488092 8.359515
v -17.309072 26.085016 8.889204
v -17.568306 26.203548 11.046482
v -16.447493 29.480549 10.368574
v -15.404709 31.949997 10.211177
v -14.781087 28.837494 12.280796
v -14.069704 31.687813 11.736795
v -15.516521 32.098866 10.226709
v -15.653858 31.856472 9.058982
v -14.598122 34.004974 7.781431
v -14.704330 34.211235 8.546886
v -15.783361 31.984657 9.229304
v -13.704889 36.613338 8.094498
v -13.538638 36.555744 7.140198
v -12.048719 39.715080 6.725684
v -15.015844 33.722530 7.478401
v -14.530898 34.004734 7.511126
v -16.061619 37.576843 6.757094
v -19.673635 34.835899 4.480874
v -16.092024 34.033081 7.388494
v -17.594618 34.624561 7.007016
v -21.375641 30.827108 4.461155
v -19.367060 30.442345 7.312414
v -22.663399 27.305651 4.513737
v -23.815308 23.019140 4.330737
v -22.407356 30.883514 0.749465
v -23.554604 27.547895 0.640946
v -24.567228 23.372673 0.392907
v -22.726549 27.375025 -2.293002
v -21.732561 30.788059 -1.855378
v -20.477930 30.482738 -3.355679
v -19.356312 34.375580 -2.794708
v -20.354280 34.618347 -1.321339
v -20.671316 34.926769 1.007285
v -19.430862 30.095034 -3.365369
v -21.104940 26.913122 -3.685861
v -23.704044 23.214838 -2.457099
v -20.154955 26.673544 -3.473491
v -22.009239 22.923546 -3.731594
v -21.784109 22.959723 -3.221980
v -20.827099 22.684208 -2.425224
v -20.906635 22.653460 -3.556413
v -19.657045 22.484596 -2.055538
v -20.025650 22.432247 -2.678042
v -19.371378 26.243711 -3.044115
v -19.637236 22.685465 -4.075437
v -19.345629 26.395092 -4.260832
v -19.530806 26.457762 -6.201962
v -20.093372 22.992785 -6.450210
v -19.607359 22.997650 -6.288550
v -19.317078 23.278021 -9.553619
v -18.942741 23.285284 -9.235106
v -18.131006 26.782549 -8.483686
v -16.340378 27.020105 -11.120233
v -16.844498 23.509710 -11.959250
v -14.731292 23.542458 -13.255142
v -14.197914 27.000874 -12.618743
v -12.674430 27.129400 -13.116860
v -13.879969 30.583796 -11.789512
v -15.750011 30.651751 -10.059610
v -17.239405 30.460293 -7.610194
v -17.927067 30.134151 -5.581389
v -18.821758 26.429680 -5.946570
v -17.996567 29.751606 -3.698567
v -18.643524 26.377537 -4.078210
v -19.045197 26.246183 -2.244707
v -18.515427 29.442408 -2.284022
v -20.121489 26.637732 -2.299340
v -19.424541 29.932137 -2.195272
v -20.854307 26.866194 -2.862395
v -20.250803 30.305319 -2.544591
v -22.289818 27.463520 -1.904714
v -21.333092 30.749243 -1.483496
v -22.846897 27.502117 0.687001
v -21.742662 30.708580 0.791451
v -21.837286 27.246105 4.367409
v -20.597431 30.636770 4.316797
v -23.342304 23.099653 4.144710
v -23.951307 23.528870 0.431868
v -23.288340 23.298162 -2.064302
v -18.913523 22.693922 -3.784232
v -12.436865 30.275915 -12.636857
v -9.876171 30.057468 -12.164699
v -8.402360 29.838177 -12.165247
v -7.677412 29.821444 -13.467184
v -8.295631 29.932846 -14.493567
v -7.743563 30.124325 -15.368852
v -5.996640 30.135157 -16.781342
v -12.072811 40.060627 7.572382
v -18.527651 21.952808 11.297300
v -17.913733 22.003090 9.495888
v -18.016222 21.823524 10.997911
v -17.261709 22.106476 7.675349
v -6.784260 27.043440 16.340508
v -3.632299 24.025955 19.213528
v -3.277745 27.305847 18.526487
v -7.106525 23.973465 17.038055
v -9.204520 20.493196 15.022223
v -7.633359 20.142832 17.348869
v -3.698188 19.656649 19.256409
v -3.638877 19.743462 19.845490
v -7.623083 20.169382 18.081581
v -3.551982 24.015629 19.751965
v -7.102652 24.162645 17.792910
v -9.687121 20.565907 15.503021
v -9.376085 24.308224 15.265000
v -6.767833 27.340744 17.068192
v -3.183619 27.426491 19.038162
v 0.417248 27.283573 19.520412
v 0.298629 30.015966 18.961151
v -3.021377 30.092058 18.039791
v -3.127942 30.187096 18.228245
v -2.620172 32.846024 17.575565
v 0.234907 30.158014 19.254587
v 3.446577 30.196669 19.693350
v 3.478203 30.008492 19.413069
v 7.768048 27.638973 19.438080
v 3.480977 27.122559 20.063742
v 7.127100 30.194429 18.930655
v 7.114525 30.408852 19.346718
v 11.314936 28.106581 18.173254
v 10.566784 30.698950 17.952387
v 12.909790 31.163244 16.347504
v 10.639675 30.809196 18.210087
v 13.686333 28.557884 16.668793
v 14.880861 31.500038 14.417372
v 15.764338 28.873966 14.763576
v 16.696550 25.659777 14.918071
v 14.707542 25.145189 16.744835
v 12.246388 24.629248 18.218950
v 14.820767 21.291937 16.090513
v 16.982143 21.737617 14.245926
v 18.551188 22.584511 11.615847
v 14.470665 21.285500 15.670696
v 16.529602 21.737617 13.818018
v 14.473122 25.067352 16.394327
v 18.085751 22.579113 11.422460
v 16.291296 25.581478 14.489451
v 15.394032 28.679033 14.340747
v 17.590673 26.238180 11.652855
v 13.490194 28.355730 16.321138
v 11.192225 27.890608 17.694136
v 8.067486 24.072639 18.997181
v 12.088758 24.541708 17.738119
v 7.539533 27.387989 18.751995
v 3.223169 26.902418 19.466955
v 3.460711 23.810293 19.877501
v 3.789207 19.818369 19.640675
v 8.522114 20.318550 18.530525
v 0.376144 19.517962 19.784819
v 0.340479 24.037916 19.372698
v 0.378464 27.226080 18.811499
v 0.438796 19.520098 20.259243
v 4.067108 19.829294 20.106005
v 3.727770 23.901852 20.490280
v 8.719845 20.318638 19.120291
v 12.252461 20.813282 17.682652
v 8.316567 24.200199 19.692816
v 12.032504 20.813141 17.050865
v 0.377784 23.987850 20.103470
v 16.621828 29.221542 11.357712
v 15.986711 29.385426 10.354598
v 17.908487 23.000010 10.450140
v 18.718437 23.011866 10.240476
v 17.368204 23.028179 10.081731
v 18.034605 22.994381 9.587624
v 17.653051 26.254948 9.917112
v 17.131205 22.989864 9.145660
v 17.208334 26.143398 9.336819
v 16.733913 29.592096 10.008961
v 18.079355 26.314989 11.854582
v 17.072777 29.412476 11.547945
v 16.346415 31.229239 9.981559
v 16.301874 31.406054 11.348302
v 16.551945 31.487909 11.380873
v 15.011857 31.584393 14.539742
v 15.732775 33.279510 11.470270
v 13.025743 31.244579 16.545601
v 14.302898 33.421322 14.259669
v 14.478480 36.662281 11.210742
v 12.819810 36.832527 13.732963
v 10.038348 33.032982 17.728819
v 9.027818 36.576733 16.489752
v 3.433763 32.715660 18.909084
v 2.929433 36.334957 17.572208
v -1.978762 36.558449 16.618599
v 7.505099 40.104847 15.070442
v 2.309241 39.965427 15.964745
v 5.337796 43.675251 13.054843
v 1.654908 43.786118 14.017337
v -1.864122 40.318909 15.307457
v -5.081175 40.300388 13.701475
v -4.513375 44.016853 12.502874
v -1.790113 44.001640 13.554264
v -3.921960 47.318104 10.589257
v -1.630468 47.410118 11.327895
v 1.113791 47.147877 11.529426
v 0.594409 50.094059 8.551849
v 4.043626 46.875191 10.983207
v 2.495488 50.220249 8.833814
v -0.000001 53.120289 5.289729
v -1.661940 53.103401 5.020819
v 0.816136 53.236076 5.312994
v -0.000001 53.267593 5.419262
v 1.682802 54.526924 5.424031
v 1.631230 54.671055 5.268951
v 2.726691 54.708134 4.749550
v 2.751105 55.515427 5.221954
v -2.640794 53.173840 4.392283
v -2.878396 50.339767 8.200013
v -1.415745 50.521332 8.676414
v -4.146827 50.122112 6.860606
v -3.325453 53.240856 3.646841
v -5.396142 50.133949 5.979139
v -5.801177 47.083447 8.997771
v -6.220275 50.023815 5.024469
v -5.621490 50.515102 4.601724
v -3.444556 53.337418 3.746813
v -3.999411 53.365761 2.362460
v -4.173113 53.439377 2.429527
v -4.402737 53.476006 1.026044
v -4.045771 53.532387 -0.007698
v -4.338382 53.421890 0.999982
v -3.265500 53.653519 -1.274403
v -2.314940 53.633057 -1.798024
v -2.283074 55.097321 -1.528689
v -1.136073 53.587990 -2.248837
v -1.214614 55.032017 -1.788620
v -0.000001 53.619938 -2.546232
v -1.162148 53.464127 -2.159497
v 0.014505 53.489586 -2.480978
v 1.162146 53.464127 -2.196618
v 1.434282 49.770493 -6.607422
v -1.763427 49.645821 -6.877846
v -2.358989 53.495964 -1.621545
v -3.771631 49.185383 -5.922440
v -5.374868 49.598743 -5.252623
v -3.245730 53.556770 -1.243943
v -7.255827 49.946590 -3.889407
v -3.924917 53.459057 -0.046426
v -8.524154 49.920353 -0.182810
v -8.437881 49.829288 -1.205255
v -10.751397 47.413990 -1.598164
v -10.865641 47.271744 -0.983128
v -10.629237 47.600868 -2.459684
v -9.649501 47.745213 -4.638248
v -11.653085 44.810112 -6.035500
v -12.778591 44.822647 -4.000191
v -13.006481 44.611359 -2.780973
v -13.317732 41.528423 -7.255294
v -12.853777 37.923187 -10.202176
v -14.522546 38.022556 -8.461429
v -11.709897 41.361107 -8.937333
v -8.596234 44.035664 -8.776033
v -10.020665 40.911182 -10.153789
v -10.167747 44.499454 -7.702675
v -7.012702 46.961956 -7.136071
v -8.562588 47.480656 -6.022937
v -6.854734 43.142437 -9.404215
v -5.220448 46.135574 -7.871883
v -6.136636 42.963760 -9.567986
v -6.250510 42.990360 -9.455321
v -4.773525 46.152447 -8.272924
v -5.409173 43.115643 -10.625777
v -4.078662 46.347980 -8.871635
v -5.863206 43.022099 -9.992477
v -6.762587 39.670773 -11.507429
v -6.951006 39.666668 -10.847351
v -7.611050 35.968559 -12.830903
v -7.080400 39.680138 -10.613611
v -7.705857 35.882732 -11.964120
v -8.083820 33.427921 -13.614594
v -8.069556 33.354401 -12.621957
v -7.795008 35.879108 -11.695144
v -8.277473 33.390175 -12.154152
v -8.226800 40.115730 -10.619167
v -9.022193 36.515396 -11.673433
v -9.455334 33.680832 -12.265225
v -10.948304 37.484123 -11.428738
v -11.582356 34.127148 -12.389672
v -9.892201 30.225243 -12.766371
v -8.831009 29.997406 -12.677718
v -8.827571 26.688473 -14.071878
v -9.002233 26.685835 -13.158197
v -8.420492 29.980024 -13.350936
v -8.624850 30.095764 -14.503630
v -9.194430 26.847778 -15.263950
v -8.655231 26.981619 -16.927006
v -7.070397 27.064018 -18.206768
v -8.021125 30.294701 -15.991234
v -6.206160 30.305958 -17.458738
v -7.431630 33.497364 -14.955380
v -5.755973 33.694717 -16.412054
v -6.878576 36.411774 -13.884814
v -5.430255 36.890453 -15.098928
v -6.165385 39.849148 -12.363214
v -4.991912 40.184467 -13.397744
v -4.506968 43.378536 -11.374735
v -2.880767 43.572392 -12.246382
v -2.988477 40.456787 -14.383048
v -2.653370 46.516350 -9.739329
v -0.448178 43.692352 -12.667289
v -0.347857 40.520107 -14.714813
v 2.182656 40.273438 -14.259040
v 2.308351 37.221405 -15.793869
v -0.191623 37.334030 -16.402277
v 2.688727 33.969101 -16.914978
v 0.013616 34.032017 -17.700241
v -2.991561 37.142429 -16.200621
v -2.991246 33.762264 -17.583126
v 0.367125 30.602825 -18.641851
v -2.902115 30.187908 -18.737438
v 0.681612 27.202761 -19.346308
v -2.044237 26.977039 -19.744873
v -4.609782 27.016863 -19.239859
v -1.878556 23.831722 -20.109465
v 0.781186 23.745876 -19.556005
v 4.054702 23.792595 -18.363420
v 3.528323 27.176933 -18.202780
v 3.095363 30.607586 -17.679255
v 6.277050 27.303152 -18.154808
v 6.695956 23.674749 -18.302315
v 8.029474 27.429588 -17.654829
v 8.048090 30.902971 -16.626331
v 5.826888 30.802921 -17.527794
v 5.232114 34.059841 -16.597805
v 4.498344 37.204491 -15.397702
v 7.269075 34.080135 -15.899022
v 8.451772 30.814962 -15.087421
v 6.326968 37.233784 -14.849410
v 7.985682 33.877419 -14.540009
v 7.331338 36.943401 -13.544753
v 7.839797 33.486317 -13.609469
v 8.165792 30.509708 -14.163681
v 7.352894 36.632683 -13.001906
v 8.042994 33.504974 -13.389430
v 7.501689 36.489048 -12.595003
v 6.804404 39.562199 -11.718881
v 8.444628 36.540821 -12.753448
v 9.357000 33.746567 -13.705996
v 11.795101 31.004183 -14.165640
v 9.836108 30.789972 -14.447719
v 11.038769 33.980030 -13.407419
v 14.474610 31.147369 -12.694609
v 10.064116 36.816441 -12.512160
v 13.650941 34.190056 -11.906050
v 14.552639 37.295662 -8.978640
v 12.522695 37.236038 -11.060417
v 15.810386 34.212807 -9.693910
v 18.206152 31.003407 -7.704100
v 17.040260 34.097401 -7.483597
v 16.839281 31.165194 -10.315501
v 19.138214 27.871065 -7.802148
v 17.763544 28.007690 -10.493669
v 15.022775 28.016684 -13.270014
v 15.493962 24.979836 -13.394192
v 12.336002 24.659863 -15.115466
v 12.148848 27.838369 -14.782673
v 10.485042 24.573240 -15.298051
v 10.091494 27.658958 -14.990453
v 9.312610 24.294027 -14.444468
v 8.991032 27.551310 -14.397727
v 8.666204 30.674936 -14.019400
v 8.392174 27.642317 -14.525918
v 8.790475 24.252062 -15.343694
v 8.624720 24.389322 -14.432617
v 8.821851 27.561617 -15.514966
v 9.040968 23.911974 -17.057661
v 8.689837 27.435747 -16.995832
v 8.291165 23.834358 -17.946306
v 8.742561 23.881344 -16.477684
v 8.077832 24.154177 -15.405693
v 7.896386 24.359770 -14.062748
v 9.255646 24.320490 -13.705600
v 10.565338 24.687668 -14.825310
v 12.320104 24.802639 -14.613884
v 15.204601 25.095415 -12.936949
v 17.748926 25.115198 -10.096555
v 18.185167 25.004860 -10.390687
v 19.008642 24.979088 -7.498192
v 18.749054 24.523508 -4.742729
v 19.483480 24.892040 -7.754315
v 19.381704 27.440853 -5.111194
v 19.527267 24.491346 -4.869362
v 18.757792 26.996840 -2.962319
v 18.890339 23.998816 -2.734056
v 18.250122 24.018826 -2.523639
v 19.476599 24.078934 -1.588936
v 19.411991 24.054573 -2.239583
v 20.824669 24.300709 -2.871808
v 21.454645 24.730772 -2.756751
v 20.293301 24.321857 -3.246727
v 21.802485 24.734869 -3.054872
v 19.970461 27.216013 -3.247380
v 21.518539 27.613974 -3.009273
v 20.640406 31.043402 -2.625795
v 19.190378 30.528433 -3.081830
v 23.211884 25.288591 -0.909075
v 22.804018 28.168159 -0.587778
v 23.067532 28.242455 3.064148
v 21.799990 31.719269 -0.078413
v 22.029078 31.770613 3.178440
v 20.895065 34.529205 3.257386
v 19.790909 34.077770 6.224673
v 19.343384 37.763794 3.188052
v 19.262764 37.744080 0.284865
v 20.707821 34.615395 0.178332
v 18.440498 37.186836 -1.858758
v 19.747246 34.049072 -2.151288
v 17.300386 36.148109 -2.685139
v 18.463289 33.361549 -2.902587
v 16.970388 35.972546 -2.805509
v 17.766802 33.077969 -2.794833
v 18.414244 30.405933 -2.673314
v 16.756340 36.503319 -3.414674
v 17.622177 33.402653 -3.349571
v 18.271477 30.377504 -3.367798
v 17.733467 33.781113 -5.378544
v 16.525532 36.982178 -5.055719
v 15.027494 40.289349 -4.388992
v 15.766829 37.237465 -6.960179
v 14.302719 40.419434 -6.184850
v 12.375290 43.909706 -5.194103
v 11.406511 43.717621 -6.932383
v 13.074683 40.482365 -8.057646
v 11.127491 40.265537 -10.107702
v 9.503242 43.536518 -8.762941
v 7.477368 43.048946 -9.731457
v 8.905498 39.847958 -11.288826
v 6.124317 42.782623 -10.322081
v 7.237866 39.636395 -11.521829
v 5.838685 42.966003 -10.557197
v 5.574679 43.168575 -10.731427
v 4.612574 46.212078 -8.601707
v 6.511882 40.064911 -12.303555
v 4.513824 43.284325 -11.548733
v 5.588080 40.206757 -13.323578
v 2.299374 43.227032 -12.317210
v 3.728870 40.205029 -13.919896
v -0.878842 46.685688 -10.184017
v 1.827254 46.452000 -9.853259
v 3.170862 46.422596 -9.375554
v 5.705291 46.299599 -7.817544
v 3.021559 49.677017 -5.856257
v 4.810536 49.728325 -5.061812
v 7.346380 46.782936 -7.075573
v 2.358983 53.495964 -1.658665
v 3.245724 53.556770 -1.281063
v 6.248943 50.405029 -3.974841
v 7.338652 50.571541 -2.606827
v 10.073805 47.322411 -4.102757
v 9.044065 47.179348 -5.680239
v 10.740553 47.301369 -2.492574
v 13.038622 43.989410 -3.247930
v 15.482901 39.922539 -2.788835
v 13.724907 44.249714 -1.525832
v 11.450924 47.291401 -1.090181
v 14.639269 44.411537 -0.037041
v 17.328169 41.024475 0.253717
v 16.518925 40.513069 -1.696333
v 15.750000 40.067417 -2.303962
v 17.586094 40.911491 2.939860
v 15.096257 44.461662 2.493268
v 11.958705 47.817463 2.295154
v 14.209328 44.032539 4.923309
v 11.949653 47.517532 0.303632
v 16.829865 40.059788 5.543183
v 18.487944 37.022774 5.877176
v 8.461131 50.724407 2.025046
v 8.606077 50.695641 0.605986
v 8.444653 50.500584 -0.505916
v 4.338377 53.481979 0.799148
v 3.924912 53.459057 -0.083547
v 7.973670 50.542786 3.296503
v 4.153271 53.376442 2.325339
v 7.418085 50.242569 4.287533
v 9.107912 46.319534 6.157780
v 6.459139 49.716190 5.118126
v 11.298571 47.501602 4.160252
v 10.207895 46.935810 5.490560
v 6.606391 49.799271 5.298159
v 7.941633 50.509201 -1.456605
v 1.136071 53.587990 -2.285957
v 1.214612 55.032017 -1.825741
v -0.000001 54.994362 -1.860106
v 1.131381 55.156258 -1.656781
v -0.000001 55.136726 -1.664685
v -0.000001 56.134666 -1.975992
v 1.153913 56.147949 -1.964444
v -1.131383 55.156258 -1.619660
v -1.153915 56.147949 -1.964444
v -2.182150 55.140572 -1.319043
v 18.649063 30.715427 -5.398288
v 19.054863 26.959795 -2.375294
v 23.325436 25.149586 3.139545
v 21.613611 24.661701 5.790232
v 22.808107 25.142624 2.973485
v 22.701294 25.283260 -0.834953
v -13.102554 44.371819 -1.938151
v -13.219672 44.256199 -1.649551
v -11.131517 47.456612 -0.613375
v -13.603891 44.567509 -1.327795
v -11.331231 47.730350 -0.080462
v -11.809640 48.044613 1.571876
v -8.591141 50.559738 1.438482
v -11.214787 47.938545 3.540080
v -8.405543 50.562946 2.910388
v 11.048230 40.251141 12.991426
v 12.829111 40.043041 10.651948
v 13.841105 39.372105 8.901962
v 14.814314 36.160305 9.462102
v 14.971874 36.299053 9.443048
v 15.957311 33.100502 10.026408
v 15.803777 32.819347 9.943339
v 16.527878 31.338673 10.045049
v 3.187605 65.503899 -4.376554
v -3.154971 68.909561 -1.673349
v -2.505521 69.357788 -1.445464
v 0.741397 65.528717 3.198373
v 1.625762 65.584175 3.108563
v 1.965320 65.193550 3.168930
v 2.077499 65.236786 3.385200
v 2.748792 66.258118 2.526314
v 3.060767 65.940971 2.684206
v 3.168913 65.980927 2.795200
v 3.723477 66.645935 2.028924
v 3.364123 66.799080 1.945860
v 3.885307 67.665131 0.943173
v 3.088212 67.116852 1.795578
v 2.454695 66.642273 2.343708
v 4.245736 67.475861 1.061630
v 4.338747 67.549164 1.077637
v 4.539026 68.195572 0.002711
v 4.463247 68.093857 0.026931
v 4.293111 68.416130 -1.169117
v 3.814411 68.621620 -0.984961
v 4.019085 68.309196 -0.031112
v 3.523435 67.867714 0.875014
v 3.502415 68.724594 -0.894735
v 3.661828 68.441803 -0.013393
v 3.662197 68.541046 0.054661
v 3.550230 67.970879 0.955587
v 2.674517 68.634819 0.821348
v 2.325183 68.131096 1.497839
v 3.090675 67.244705 1.854773
v 2.468816 66.789551 2.403738
v 1.220260 66.083290 2.901477
v 1.617654 68.874939 1.332867
v 1.045601 68.181503 1.047165
v 2.049267 69.329361 0.738097
v 2.249941 69.715523 0.107301
v 2.830977 69.107666 0.075997
v 1.304340 68.434540 0.624597
v 1.388162 68.587189 0.305321
v 1.304537 68.609665 -0.222857
v 2.233633 69.932503 -0.634259
v 1.207316 68.697838 -0.617954
v 1.920112 70.017494 -1.335496
v 1.590893 70.032700 -1.777921
v 1.026622 68.748978 -0.989549
v 2.505521 69.357788 -1.445464
v 3.154971 68.909569 -1.673349
v 2.804465 69.356476 -0.778885
v 3.517404 68.866959 -0.886751
v 3.144764 68.814720 -1.666478
v 3.422386 68.705925 -1.805540
v 3.756791 68.580803 -1.984063
v 4.355464 68.549530 -1.194890
v 5.215052 68.422050 -1.330994
v 4.383384 68.396263 -2.475513
v 6.415667 67.983574 -1.720938
v 5.582438 68.191475 -0.009224
v 7.094301 67.954475 -0.229863
v 6.822320 67.376602 1.228806
v 8.904826 67.551437 -0.029645
v 8.647581 67.656967 -0.993213
v 8.686481 66.943680 1.078436
v 8.627327 66.778091 0.976741
v 7.863255 66.066505 2.017936
v 6.106274 66.236122 2.087437
v 7.815280 65.957008 1.866692
v 5.274782 65.429733 2.781934
v 6.905023 65.265396 2.631954
v 6.855929 65.161308 2.471881
v 4.710471 64.810997 3.126002
v 6.212546 64.780060 3.003491
v 6.153477 64.637062 2.831963
v 4.525864 63.977200 3.329329
v 5.620667 64.350441 3.269301
v 5.517426 64.218109 3.144996
v 5.268446 64.079460 3.472573
v 5.230783 63.963829 3.325018
v 5.048047 63.736996 3.725141
v 4.986947 63.591530 3.535310
v 4.837153 62.839195 4.254395
v 3.588064 62.787659 4.511242
v 3.361904 61.329521 5.263757
v 2.229152 61.216312 5.328175
v 1.214666 62.532333 4.728435
v 2.433692 62.643272 4.650280
v 1.097227 61.144455 5.385870
v 2.082484 59.725254 5.979598
v 1.020576 59.707897 6.002924
v -0.000001 61.134769 5.406443
v -0.000001 59.693245 6.025364
v 0.000000 58.189362 6.403235
v -0.000001 62.502434 4.773856
v 1.331296 63.825436 4.189990
v 1.209344 64.491875 3.881701
v 2.417017 64.857086 3.651143
v 2.667780 63.924561 4.066586
v 4.331964 64.857780 3.473190
v 4.017574 64.071960 3.865725
v 5.231289 65.589508 2.972190
v 3.791311 65.689957 3.093160
v 6.099998 66.431999 2.246605
v 4.759834 66.504967 2.222657
v 3.844526 66.696243 2.102119
v 5.330873 67.468475 1.211900
v 6.496681 67.213966 -1.849852
v 6.590265 67.087357 -0.100676
v 7.925714 66.963257 0.443803
v 7.283296 67.241913 -1.815084
v 8.652598 66.564011 0.341081
v 9.200536 65.297279 1.615011
v 6.823587 66.392250 -3.495409
v 5.985367 66.475708 -3.286233
v 5.292594 65.187943 -3.720641
v 4.963973 64.046501 -4.091383
v 6.208231 64.138245 -4.349673
v -4.277443 58.317993 -1.381922
v -5.503619 66.622032 -3.322495
v -5.642243 66.450706 -3.217011
v -6.201559 67.309830 -1.874477
v -6.590267 67.087357 -0.100675
v -5.947156 65.807106 1.169074
v -6.091638 64.439842 1.638422
v -6.897369 64.051140 2.155222
v -5.299117 62.803284 2.946617
v -5.012558 64.832092 2.782430
v -4.881375 63.370270 3.167834
v -4.950187 62.787060 3.421505
v -4.402455 61.263187 4.869681
v -4.017575 64.071968 3.865725
v 6.908272 2.399750 0.914982
v 6.926047 2.198829 1.307884
v 6.975141 2.179285 1.231011
v 6.968226 2.335892 0.885255
v 6.912040 2.553736 0.456138
v 6.963305 2.540680 0.976387
v 6.978170 2.703153 0.466328
v 7.184385 2.001256 0.090183
v 7.064111 2.691829 0.491169
v 7.114738 2.623229 0.526789
v 7.051989 2.532280 0.970556
v 7.270640 1.998118 0.125761
v 7.314488 1.263964 -0.157823
v 7.343864 1.296144 -0.077095
v 7.307928 1.967644 0.205536
v 7.316655 1.328288 0.004707
v 7.272012 1.926807 0.284007
v 7.111985 2.536198 0.555444
v 7.048683 2.473685 0.560721
v 7.115530 2.386282 0.904382
v 7.111642 2.468672 0.941000
v 7.129108 2.268221 1.334120
v 7.080307 2.287562 1.410836
v 6.995040 2.275692 1.439161
v 7.323993 1.591454 1.058649
v 7.289723 1.552573 1.136056
v 7.204662 1.527206 1.165130
v 7.257051 0.817371 0.799838
v 7.335580 0.856061 0.783825
v 7.244061 0.982588 0.281464
v 7.362905 0.937811 0.752358
v 7.322038 1.017887 0.295533
v 7.234972 1.248407 -0.194767
v 7.351438 1.095209 0.329172
v 7.333549 1.019495 0.721887
v 7.322113 1.172571 0.363892
v 7.253922 1.057726 0.708731
v 7.244051 1.207176 0.380706
v 7.166116 1.172032 0.366638
v 7.238019 1.343206 0.078406
v 7.175399 1.018939 0.724734
v 7.206278 1.620096 0.949133
v 7.132898 1.601362 0.962808
v 7.060136 2.191350 1.202850
v 7.124395 2.230438 1.250403
v 7.285117 1.621350 0.976826
v 7.056135 2.328153 0.879879
v 6.962903 2.484886 0.491598
v 7.109374 1.909876 0.241512
v 7.158514 1.327775 0.007477
v 7.202012 1.914073 0.317803
v 7.129095 1.295548 -0.073268
v 7.136680 1.094584 0.332991
v 7.078630 1.950829 0.163575
v 7.148141 0.937211 0.756192
v 7.094092 1.562032 1.046232
v 7.184398 1.982409 0.649241
v 7.145385 2.281262 0.735075
v 7.107594 2.002065 0.613526
v 7.220673 2.263377 0.776442
v 7.210749 1.955719 0.711410
v 7.242340 2.237870 0.836039
v 7.186755 1.927512 0.773932
v 7.222872 2.210905 0.895746
v 7.111367 1.913231 0.814939
v 7.149099 2.191303 0.939388
v 7.041889 1.941438 0.779479
v 7.079155 2.212282 0.892348
v 7.074341 2.236471 0.838876
v 7.034216 1.972755 0.722361
v 7.077225 2.259578 0.784736
v 7.039659 1.993849 0.660538
v 7.042694 2.433307 0.846008
v 7.031335 2.399056 0.911877
v 7.106956 2.469691 0.794367
v 7.015194 2.550389 0.901237
v 7.003588 2.527115 0.969437
v 7.067543 2.607607 0.903094
v 7.067484 2.580794 0.994143
v 7.152865 2.573598 0.907950
v 7.155208 2.515664 1.039602
v 7.070443 2.533574 1.071397
v 7.167205 2.553443 0.977407
v 7.017423 2.492773 1.032027
v 7.111337 2.361483 1.040615
v 7.045089 2.373873 0.981221
v 7.192420 2.401868 0.993147
v 7.209904 2.437641 0.925140
v 7.189928 2.463366 0.853448
v 3.355166 1.394521 0.885615
v 3.542664 1.751401 1.107441
v 3.506754 1.354696 0.912949
v 3.399986 1.817044 1.083462
v 3.377407 2.127464 0.311995
v 3.320435 1.618466 0.165445
v 3.467918 1.584125 0.154863
v 3.520792 2.069577 0.294698
v 3.662466 2.889746 0.713117
v 3.531611 2.970704 0.727427
v 3.978329 3.544015 1.227241
v 3.870255 3.644380 1.254354
v 4.478996 3.885638 1.567054
v 4.414257 3.994457 1.622817
v 5.037768 3.857514 1.621844
v 5.030234 3.962364 1.702343
v 5.619788 3.648497 1.408097
v 5.718712 3.725406 1.492894
v 6.162612 3.257712 1.056103
v 6.290925 3.317641 1.132453
v 6.744739 2.755676 0.659883
v 6.801817 2.350672 1.364673
v 6.885637 2.808665 0.723902
v 6.823394 2.525203 0.571673
v 6.934381 2.064119 1.219753
v 7.178631 1.928690 0.271039
v 7.075817 2.119627 1.277673
v 7.258220 1.552718 1.001962
v 7.126214 1.493689 0.912377
v 7.307902 1.998281 0.348945
v 7.133132 0.924007 0.730902
v 6.965658 2.578228 0.629817
v 6.939885 2.407311 1.426466
v 6.306733 2.907688 1.817873
v 6.179526 2.845587 1.744228
v 5.752239 3.257567 2.109801
v 5.654171 3.178120 2.028414
v 5.093606 3.316628 2.160352
v 4.428033 3.468840 2.171280
v 4.497128 3.347272 2.121716
v 5.082106 3.430645 2.236752
v 4.025815 3.113694 1.875265
v 3.914045 3.226956 1.887898
v 3.667719 2.487387 1.412339
v 3.534646 2.581824 1.404128
v 7.119207 1.187868 0.075004
v 6.954107 1.226731 0.057529
v -6.908279 2.399746 0.914982
v -6.975148 2.179285 1.231011
v -6.926054 2.198829 1.307884
v -6.968233 2.335892 0.885255
v -6.912046 2.553732 0.456138
v -6.963312 2.540680 0.976387
v -6.978176 2.703153 0.466328
v -7.184392 2.001256 0.090183
v -7.064117 2.691829 0.491169
v -7.114744 2.623229 0.526789
v -7.051995 2.532280 0.970556
v -7.270646 1.998118 0.125761
v -7.314495 1.263965 -0.157823
v -7.343871 1.296145 -0.077095
v -7.307935 1.967644 0.205536
v -7.316661 1.328289 0.004707
v -7.272018 1.926807 0.284007
v -7.111991 2.536198 0.555444
v -7.048689 2.473685 0.560721
v -7.115537 2.386282 0.904382
v -7.111649 2.468668 0.941000
v -7.129115 2.268217 1.334120
v -7.080313 2.287562 1.410836
v -6.995046 2.275692 1.439161
v -7.323999 1.591455 1.058649
v -7.289729 1.552573 1.136056
v -7.204669 1.527206 1.165130
v -7.257056 0.817371 0.799839
v -7.335586 0.856061 0.783825
v -7.244068 0.982588 0.281464
v -7.362911 0.937811 0.752358
v -7.322044 1.017887 0.295533
v -7.234978 1.248408 -0.194767
v -7.351445 1.095209 0.329172
v -7.333556 1.019496 0.721887
v -7.322120 1.172567 0.363892
v -7.253929 1.057727 0.708731
v -7.244058 1.207173 0.380706
v -7.166122 1.172032 0.366638
v -7.238025 1.343206 0.078406
v -7.175406 1.018939 0.724734
v -7.206285 1.620096 0.949133
v -7.132905 1.601362 0.962808
v -7.060143 2.191347 1.202850
v -7.124402 2.230438 1.250403
v -7.285123 1.621351 0.976826
v -7.056141 2.328153 0.879879
v -6.962910 2.484886 0.491598
v -7.109381 1.909877 0.241512
v -7.158521 1.327775 0.007477
v -7.202019 1.914073 0.317803
v -7.129101 1.295548 -0.073268
v -7.136686 1.094584 0.332991
v -7.078637 1.950829 0.163575
v -7.148147 0.937207 0.756192
v -7.094099 1.562032 1.046232
v -7.184405 1.982409 0.649241
v -7.107601 2.002065 0.613526
v -7.145391 2.281259 0.735075
v -7.220678 2.263377 0.776442
v -7.210756 1.955720 0.711410
v -7.242347 2.237870 0.836039
v -7.186761 1.927512 0.773932
v -7.222878 2.210905 0.895746
v -7.111373 1.913231 0.814939
v -7.149106 2.191303 0.939388
v -7.041895 1.941439 0.779479
v -7.079162 2.212282 0.892348
v -7.074347 2.236467 0.838876
v -7.034223 1.972751 0.722361
v -7.077231 2.259578 0.784736
v -7.039666 1.993849 0.660538
v -7.042700 2.433304 0.846008
v -7.031342 2.399056 0.911877
v -7.106962 2.469691 0.794367
v -7.015201 2.550385 0.901237
v -7.003594 2.527115 0.969437
v -7.067550 2.607607 0.903094
v -7.067491 2.580791 0.994143
v -7.152872 2.573598 0.907950
v -7.155215 2.515664 1.039603
v -7.070449 2.533574 1.071397
v -7.167212 2.553443 0.977407
v -7.017429 2.492773 1.032027
v -7.111343 2.361483 1.040615
v -7.045095 2.373870 0.981221
v -7.192426 2.401868 0.993147
v -7.209911 2.437637 0.925140
v -7.189935 2.463366 0.853447
v -3.355173 1.394521 0.885615
v -3.506762 1.354696 0.912949
v -3.542671 1.751401 1.107441
v -3.399993 1.817044 1.083462
v -3.377414 2.127464 0.311995
v -3.320442 1.618466 0.165445
v -3.467925 1.584125 0.154863
v -3.520799 2.069577 0.294698
v -3.662472 2.889746 0.713117
v -3.531617 2.970704 0.727427
v -3.978335 3.544015 1.227241
v -3.870261 3.644380 1.254354
v -4.479002 3.885638 1.567054
v -4.414264 3.994457 1.622817
v -5.037775 3.857514 1.621844
v -5.030241 3.962364 1.702343
v -5.619794 3.648497 1.408097
v -5.718719 3.725406 1.492894
v -6.162619 3.257712 1.056103
v -6.290931 3.317641 1.132453
v -6.744745 2.755672 0.659883
v -6.801824 2.350668 1.364673
v -6.885644 2.808665 0.723902
v -6.823400 2.525203 0.571673
v -6.934388 2.064119 1.219753
v -7.178638 1.928690 0.271039
v -7.075824 2.119627 1.277673
v -7.258226 1.552718 1.001962
v -7.126221 1.493689 0.912377
v -7.307909 1.998281 0.348945
v -7.133139 0.924007 0.730902
v -6.965664 2.578228 0.629817
v -6.939890 2.407311 1.426466
v -6.306739 2.907685 1.817873
v -6.179532 2.845587 1.744228
v -5.752244 3.257563 2.109801
v -5.654178 3.178120 2.028414
v -5.093613 3.316628 2.160352
v -4.428040 3.468836 2.171280
v -4.497135 3.347272 2.121716
v -5.082113 3.430640 2.236752
v -4.025822 3.113694 1.875265
v -3.914051 3.226956 1.887898
v -3.667726 2.487387 1.412339
v -3.534653 2.581824 1.404128
v -7.119214 1.187868 0.075004
v -6.954114 1.226731 0.057529
vn 0.3175 0.9262 0.2031
vn 0.4548 0.7394 0.4964
vn -0.5055 0.8410 -0.1930
vn -0.0000 0.9784 0.2065
vn -0.2832 0.9014 -0.3275
vn -0.0000 0.9921 -0.1253
vn 0.1811 0.9819 -0.0551
vn 0.0007 0.8080 0.5892
vn 0.3034 0.5533 0.7758
vn -0.6562 0.7170 -0.2351
vn -0.7487 0.4907 -0.4458
vn -0.3776 0.3904 0.8397
vn -0.5013 0.3186 0.8045
vn -0.7493 0.5012 -0.4329
vn -0.7648 0.6196 -0.1768
vn -0.1903 0.4729 0.8603
vn -0.7821 0.5769 -0.2358
vn -0.7229 0.5432 -0.4270
vn -0.3620 0.4399 0.8219
vn -0.7132 0.5886 -0.3806
vn -0.7915 0.5543 -0.2575
vn -0.0365 0.5520 0.8331
vn -0.7203 0.6573 -0.2217
vn -0.1780 0.5298 0.8292
vn -0.2704 0.4818 0.8335
vn 0.1897 0.2432 0.9512
vn 0.3232 0.2770 0.9049
vn 0.4254 0.1871 0.8855
vn 0.2110 0.1774 0.9612
vn 0.0721 0.1904 0.9791
vn 0.5936 -0.0272 0.8043
vn 0.0565 0.1136 0.9919
vn 0.2877 -0.0645 0.9555
vn 0.0689 -0.1251 0.9897
vn 0.2980 -0.4335 0.8505
vn 0.0896 -0.4923 0.8658
vn 0.2717 -0.5812 0.7671
vn 0.5762 -0.4449 0.6856
vn 0.6505 -0.3198 0.6889
vn 0.9248 -0.1694 0.3405
vn 0.8604 -0.0270 0.5089
vn 0.9722 0.1613 0.1697
vn 0.9977 -0.0278 -0.0621
vn 0.6346 0.1933 0.7483
vn 0.8480 0.0079 -0.5300
vn 0.9912 0.0020 -0.1320
vn 0.8956 0.2792 -0.3462
vn 0.9498 0.2813 0.1366
vn 0.8837 -0.1182 0.4529
vn 0.4277 -0.5596 0.7099
vn 0.7286 -0.3311 0.5996
vn 0.1886 -0.8165 0.5457
vn 0.2206 -0.6245 0.7492
vn 0.0621 -0.8586 0.5089
vn 0.1055 -0.5946 0.7971
vn 0.0561 -0.6247 0.7789
vn -0.0004 -0.6935 0.7205
vn 0.0017 -0.7583 0.6519
vn -0.0399 -0.8640 0.5020
vn 0.0542 -0.7819 0.6211
vn 0.0634 -0.6774 0.7329
vn -0.0057 -0.7198 0.6941
vn 0.0290 -0.7354 0.6770
vn -0.0386 -0.7985 0.6008
vn -0.0836 -0.7691 0.6336
vn -0.1212 -0.8701 0.4777
vn -0.2238 -0.9037 0.3651
vn -0.1717 -0.8834 0.4360
vn -0.0567 -0.7923 0.6075
vn -0.2060 -0.8977 0.3894
vn -0.2295 -0.9096 0.3462
vn -0.2289 -0.9262 0.2995
vn -0.1853 -0.9333 0.3076
vn -0.2543 -0.9123 0.3209
vn -0.6096 -0.7918 0.0373
vn -0.6599 -0.7487 0.0630
vn -0.6336 0.4481 -0.6307
vn -0.5581 0.6448 -0.5223
vn -0.7116 -0.7004 0.0556
vn -0.6183 0.5743 -0.5366
vn -0.1232 0.8316 -0.5415
vn -0.0612 0.7183 -0.6930
vn -0.5619 0.3507 -0.7492
vn -0.6086 -0.7876 -0.0960
vn -0.1024 0.1673 -0.9806
vn -0.1406 -0.9588 -0.2467
vn -0.1631 -0.9503 0.2653
vn 0.0950 -0.9944 -0.0469
vn -0.0784 -0.9675 0.2405
vn 0.1971 -0.9780 -0.0686
vn -0.0912 -0.9725 0.2145
vn -0.1859 -0.9301 0.3167
vn -0.1549 -0.9060 0.3939
vn -0.1485 -0.8674 0.4749
vn -0.0511 -0.7903 0.6105
vn -0.0921 -0.8460 0.5252
vn 0.0223 -0.7105 0.7034
vn 0.0361 -0.6954 0.7177
vn 0.4898 -0.1026 0.8658
vn 0.2822 -0.3877 0.8775
vn -0.0099 -0.7445 0.6675
vn 0.4936 -0.1230 0.8609
vn -0.1055 -0.9291 0.3544
vn -0.0793 -0.8585 0.5066
vn 0.4961 -0.2111 0.8422
vn -0.1149 -0.9580 0.2628
vn 0.1392 -0.9900 -0.0215
vn 0.1297 -0.9873 0.0916
vn 0.1692 -0.9582 0.2307
vn 0.8518 0.3904 -0.3492
vn 0.7653 0.3632 -0.5314
vn 0.6961 0.3770 -0.6110
vn 0.5399 0.7393 -0.4024
vn 0.5604 0.7542 -0.3423
vn 0.2597 0.8867 -0.3825
vn 0.3804 0.7475 -0.5445
vn 0.1240 0.9010 -0.4158
vn 0.2607 0.7472 -0.6114
vn 0.6093 0.3853 -0.6930
vn 0.2287 -0.9680 -0.1031
vn 0.4726 0.3568 -0.8058
vn 0.2852 0.3389 -0.8965
vn -0.1434 0.8706 -0.4706
vn 0.0994 0.8890 -0.4469
vn -0.2293 0.7842 -0.5766
vn -0.1652 -0.1672 -0.9720
vn -0.5825 -0.2669 -0.7678
vn -0.0021 0.7251 -0.6887
vn 0.1740 0.9103 -0.3755
vn -0.6132 0.5974 -0.5169
vn -0.4436 0.6913 -0.5704
vn 0.5599 0.7257 -0.3999
vn 0.4079 0.7988 -0.4422
vn 0.4329 0.8611 -0.2666
vn 0.4895 0.8256 -0.2806
vn 0.5935 0.7561 -0.2759
vn 0.5245 0.8119 -0.2563
vn 0.6120 0.7884 0.0619
vn 0.7326 0.6262 0.2666
vn 0.6939 -0.3779 0.6130
vn 0.8789 0.4481 0.1637
vn 0.9860 0.0902 -0.1400
vn 0.7733 -0.2054 0.5999
vn 0.7917 -0.5843 0.1782
vn 0.4354 -0.7325 0.5234
vn 0.2747 -0.6931 0.6665
vn 0.9424 0.0566 -0.3296
vn 0.8248 -0.4663 -0.3198
vn 0.9752 -0.0685 0.2103
vn 0.8534 0.4609 -0.2434
vn 0.6114 0.4989 -0.6143
vn 0.5655 0.4813 -0.6698
vn 0.2699 0.5358 -0.8001
vn 0.2632 0.3416 -0.9022
vn 0.5980 0.0707 -0.7984
vn 0.2102 -0.0107 -0.9776
vn 0.5546 -0.3159 -0.7698
vn 0.1923 -0.2553 -0.9475
vn -0.1353 -0.0174 -0.9907
vn -0.4903 0.0888 -0.8670
vn -0.0920 0.2979 -0.9502
vn -0.4673 0.2314 -0.8533
vn -0.0830 0.4751 -0.8760
vn -0.4531 0.3297 -0.8283
vn -0.0575 0.3584 -0.9318
vn 0.3560 0.2518 -0.8999
vn -0.4704 0.4756 -0.7433
vn -0.6553 0.2506 -0.7126
vn -0.6794 0.5082 -0.5294
vn -0.4618 0.0312 -0.8864
vn -0.1869 0.0388 -0.9816
vn -0.2553 0.1715 -0.9515
vn 0.1019 0.2752 -0.9560
vn 0.2408 0.0489 -0.9693
vn -0.5412 0.5748 -0.6138
vn -0.2531 0.6745 -0.6935
vn 0.4179 0.2989 -0.8579
vn 0.2927 0.8525 -0.4332
vn 0.7916 0.3085 -0.5274
vn 0.0173 0.7443 -0.6677
vn 0.5349 0.0648 -0.8424
vn 0.8345 0.0902 -0.5435
vn 0.6140 0.1338 -0.7779
vn 0.9092 0.3714 0.1883
vn 0.3386 0.8563 0.3901
vn 0.1062 0.6257 0.7728
vn 0.5203 0.3067 0.7970
vn -0.6641 0.7476 -0.0082
vn -0.7224 0.6741 0.1541
vn -0.7024 0.6445 0.3022
vn -0.6129 0.2563 0.7474
vn -0.8744 0.4344 -0.2160
vn -0.5382 0.6493 0.5373
vn -0.4868 0.4033 0.7749
vn -0.5830 0.7347 0.3469
vn -0.3721 0.4177 0.8289
vn -0.6295 0.4330 -0.6452
vn -0.2130 0.4099 0.8869
vn -0.7108 0.2604 -0.6534
vn -0.4132 0.0311 -0.9101
vn -0.8163 0.1249 -0.5639
vn 0.0038 0.4478 0.8941
vn -0.1519 0.4664 0.8714
vn -0.5376 -0.1545 -0.8289
vn -0.4634 -0.0988 -0.8806
vn -0.6336 0.0861 -0.7689
vn -0.6561 0.1947 -0.7291
vn -0.1993 -0.0023 -0.9799
vn -0.1075 0.3941 -0.9127
vn -0.7329 0.4387 -0.5201
vn 0.2388 0.7125 -0.6598
vn -0.7125 0.1696 -0.6808
vn -0.6588 0.2156 -0.7207
vn -0.6645 0.2137 -0.7161
vn -0.7146 0.2250 -0.6624
vn 0.1365 0.4163 -0.8989
vn 0.4664 -0.1651 -0.8690
vn 0.5237 0.3021 -0.7965
vn -0.1537 0.0257 -0.9878
vn -0.3418 -0.7349 -0.5857
vn -0.7931 -0.4407 -0.4205
vn -0.5942 0.5377 -0.5981
vn -0.5109 0.0527 -0.8580
vn 0.3653 -0.7710 -0.5217
vn -0.0000 -0.8145 -0.5802
vn -0.0000 -0.1675 -0.9859
vn -0.4664 -0.1651 -0.8690
vn -0.0000 -0.9448 -0.3276
vn 0.5110 0.0527 -0.8580
vn -0.3653 -0.7710 -0.5217
vn 0.3418 -0.7349 -0.5857
vn 0.5942 0.5377 -0.5981
vn 0.7931 -0.4407 -0.4205
vn 0.1537 0.0256 -0.9878
vn 0.7146 0.2250 -0.6624
vn -0.1365 0.4163 -0.8989
vn -0.5237 0.3021 -0.7965
vn -0.2388 0.7125 -0.6598
vn 0.7125 0.1696 -0.6808
vn 0.6588 0.2156 -0.7207
vn 0.6553 0.2506 -0.7126
vn 0.7329 0.4387 -0.5201
vn 0.6645 0.2137 -0.7161
vn 0.1075 0.3941 -0.9128
vn 0.6561 0.1947 -0.7291
vn 0.6794 0.5082 -0.5294
vn 0.4618 0.0312 -0.8864
vn 0.6336 0.0861 -0.7689
vn 0.4704 0.4756 -0.7433
vn 0.1869 0.0388 -0.9816
vn 0.4531 0.3297 -0.8283
vn 0.0575 0.3584 -0.9318
vn 0.0830 0.4751 -0.8760
vn 0.4673 0.2314 -0.8533
vn 0.4903 0.0888 -0.8670
vn 0.0920 0.2979 -0.9502
vn 0.1353 -0.0174 -0.9907
vn 0.5824 -0.2669 -0.7678
vn 0.7452 -0.3140 -0.5883
vn 0.4436 0.6913 -0.5704
vn 0.6132 0.5974 -0.5168
vn 0.2292 0.7842 -0.5766
vn 0.7790 0.4509 -0.4357
vn 0.8851 -0.1869 -0.4262
vn 0.5888 -0.7138 0.3792
vn 0.1212 -0.8701 0.4777
vn 0.6333 -0.7542 0.1734
vn 0.0836 -0.7691 0.6336
vn 0.4504 -0.7183 0.5303
vn -0.0000 -0.9644 -0.2645
vn 0.0329 -0.7378 0.6742
vn -0.0000 -0.9432 0.3321
vn -0.4504 -0.7183 0.5303
vn -0.0329 -0.7378 0.6742
vn 0.2410 -0.7404 0.6275
vn -0.0000 -0.7833 0.6216
vn -0.2410 -0.7404 0.6275
vn -0.4834 -0.4404 0.7565
vn -0.0626 -0.6773 0.7330
vn -0.0896 -0.5882 0.8037
vn -0.1306 -0.2346 0.9633
vn -0.0090 -0.6261 0.7797
vn 0.0203 -0.4503 0.8927
vn -0.0824 -0.6218 0.7788
vn 0.0138 -0.7109 0.7031
vn -0.0566 -0.4805 0.8752
vn 0.0004 -0.6935 0.7205
vn 0.0057 -0.7198 0.6941
vn -0.0017 -0.7583 0.6519
vn -0.0289 -0.7354 0.6770
vn -0.0619 -0.8586 0.5089
vn 0.0399 -0.8640 0.5020
vn -0.0542 -0.7819 0.6210
vn -0.0634 -0.6774 0.7329
vn -0.0560 -0.6247 0.7788
vn 0.0387 -0.7985 0.6008
vn 0.2238 -0.9037 0.3651
vn 0.1717 -0.8834 0.4360
vn 0.0567 -0.7923 0.6075
vn 0.2060 -0.8977 0.3894
vn 0.2297 -0.9096 0.3462
vn 0.2289 -0.9262 0.2995
vn 0.1853 -0.9333 0.3076
vn 0.2543 -0.9123 0.3209
vn 0.6096 -0.7918 0.0373
vn 0.6599 -0.7487 0.0630
vn 0.6336 0.4481 -0.6307
vn 0.5581 0.6448 -0.5223
vn 0.7116 -0.7004 0.0556
vn 0.6190 0.5752 -0.5348
vn 0.1232 0.8316 -0.5415
vn 0.0612 0.7183 -0.6930
vn 0.5619 0.3507 -0.7492
vn 0.6086 -0.7877 -0.0960
vn 0.1024 0.1673 -0.9806
vn 0.1630 -0.9503 0.2653
vn 0.1406 -0.9588 -0.2467
vn -0.0950 -0.9944 -0.0469
vn 0.0780 -0.9676 0.2401
vn -0.1971 -0.9780 -0.0687
vn 0.0912 -0.9725 0.2145
vn 0.1859 -0.9301 0.3167
vn 0.1549 -0.9060 0.3939
vn 0.1485 -0.8674 0.4749
vn 0.0511 -0.7903 0.6105
vn 0.0921 -0.8460 0.5252
vn -0.0224 -0.7105 0.7033
vn -0.0362 -0.6954 0.7177
vn -0.2822 -0.3877 0.8775
vn -0.4898 -0.1026 0.8658
vn 0.0099 -0.7445 0.6675
vn -0.4936 -0.1230 0.8609
vn 0.1055 -0.9291 0.3544
vn 0.0793 -0.8585 0.5066
vn -0.4961 -0.2111 0.8422
vn 0.1149 -0.9580 0.2628
vn -0.1392 -0.9900 -0.0215
vn -0.1296 -0.9873 0.0915
vn -0.1692 -0.9582 0.2306
vn -0.8518 0.3904 -0.3492
vn -0.7653 0.3632 -0.5314
vn -0.6961 0.3770 -0.6110
vn -0.5399 0.7393 -0.4024
vn -0.5604 0.7542 -0.3423
vn -0.2597 0.8867 -0.3825
vn -0.3804 0.7475 -0.5445
vn -0.1240 0.9010 -0.4158
vn -0.2607 0.7472 -0.6114
vn -0.6093 0.3853 -0.6930
vn -0.2287 -0.9680 -0.1032
vn -0.4726 0.3568 -0.8058
vn -0.2853 0.3389 -0.8965
vn 0.1434 0.8706 -0.4706
vn -0.0993 0.8890 -0.4469
vn -0.1740 0.9103 -0.3755
vn 0.0021 0.7251 -0.6887
vn -0.4078 0.7988 -0.4423
vn -0.5599 0.7257 -0.3999
vn -0.4329 0.8611 -0.2666
vn -0.4895 0.8256 -0.2806
vn -0.5935 0.7561 -0.2759
vn -0.5244 0.8120 -0.2563
vn -0.6120 0.7884 0.0619
vn -0.7326 0.6262 0.2666
vn -0.6939 -0.3779 0.6130
vn -0.8789 0.4481 0.1637
vn -0.9860 0.0902 -0.1400
vn -0.7733 -0.2054 0.5999
vn -0.7917 -0.5843 0.1782
vn -0.1886 -0.8165 0.5457
vn -0.4354 -0.7325 0.5234
vn -0.2747 -0.6931 0.6665
vn -0.9424 0.0566 -0.3296
vn -0.8248 -0.4663 -0.3198
vn -0.9753 -0.0685 0.2102
vn -0.9498 0.2813 0.1366
vn -0.7286 -0.3311 0.5996
vn -0.8534 0.4609 -0.2434
vn -0.8837 -0.1182 0.4529
vn -0.4277 -0.5596 0.7099
vn -0.5762 -0.4449 0.6856
vn -0.2717 -0.5812 0.7671
vn -0.2206 -0.6245 0.7492
vn -0.1055 -0.5945 0.7971
vn -0.0896 -0.4923 0.8658
vn -0.0689 -0.1251 0.9897
vn -0.2980 -0.4335 0.8505
vn -0.2877 -0.0645 0.9555
vn -0.6505 -0.3198 0.6889
vn -0.5936 -0.0272 0.8043
vn -0.9248 -0.1694 0.3405
vn -0.8604 -0.0270 0.5089
vn -0.9722 0.1613 0.1697
vn -0.9977 -0.0278 -0.0621
vn -0.6346 0.1933 0.7483
vn -0.8480 0.0079 -0.5300
vn -0.9912 0.0020 -0.1320
vn -0.8956 0.2792 -0.3462
vn -0.6140 0.1338 -0.7779
vn -0.6114 0.4988 -0.6143
vn -0.3560 0.2518 -0.8999
vn -0.2699 0.5358 -0.8001
vn -0.5654 0.4812 -0.6699
vn -0.2633 0.3415 -0.9022
vn -0.5980 0.0706 -0.7984
vn -0.2102 -0.0107 -0.9776
vn -0.5546 -0.3159 -0.7698
vn -0.1923 -0.2553 -0.9475
vn 0.1652 -0.1671 -0.9720
vn -0.2408 0.0489 -0.9693
vn -0.1019 0.2752 -0.9560
vn -0.5349 0.0648 -0.8424
vn -0.4179 0.2989 -0.8579
vn -0.8345 0.0902 -0.5435
vn -0.7916 0.3085 -0.5274
vn -0.2927 0.8525 -0.4332
vn -0.9092 0.3714 0.1883
vn -0.3386 0.8563 0.3901
vn -0.1062 0.6257 0.7728
vn -0.5203 0.3067 0.7970
vn -0.4254 0.1871 0.8855
vn -0.3232 0.2771 0.9049
vn 0.1780 0.5298 0.8292
vn -0.1897 0.2432 0.9512
vn 0.0365 0.5520 0.8331
vn -0.2110 0.1774 0.9612
vn -0.0721 0.1904 0.9791
vn 0.2704 0.4818 0.8335
vn 0.7229 0.5432 -0.4270
vn 0.0441 0.1121 0.9927
vn 0.3776 0.3904 0.8397
vn 0.1112 -0.0212 0.9936
vn 0.1728 0.0508 0.9836
vn 0.0444 0.0332 0.9985
vn 0.0162 -0.1454 0.9892
vn -0.0565 0.1136 0.9919
vn 0.0953 -0.1095 0.9894
vn -0.1356 -0.0213 0.9905
vn -0.1723 0.1139 0.9784
vn -0.5432 0.4748 0.6925
vn -0.4548 0.7394 0.4964
vn 0.1795 0.4038 0.8971
vn 0.5013 0.3186 0.8045
vn 0.5055 0.8409 -0.1931
vn -0.3175 0.9262 0.2031
vn 0.2832 0.9014 -0.3275
vn 0.7487 0.4907 -0.4458
vn 0.7493 0.5012 -0.4329
vn 0.7648 0.6196 -0.1768
vn 0.6562 0.7170 -0.2351
vn 0.1903 0.4729 0.8603
vn 0.7821 0.5769 -0.2358
vn 0.3620 0.4399 0.8219
vn 0.7915 0.5543 -0.2575
vn 0.7132 0.5886 -0.3807
vn 0.7202 0.6573 -0.2217
vn 0.8744 0.4344 -0.2160
vn 0.7224 0.6741 0.1541
vn 0.6641 0.7476 -0.0082
vn 0.6129 0.2563 0.7474
vn 0.7024 0.6445 0.3022
vn 0.5830 0.7347 0.3469
vn 0.2531 0.6745 -0.6935
vn 0.5382 0.6493 0.5373
vn -0.0172 0.7442 -0.6677
vn 0.3721 0.4177 0.8289
vn 0.5412 0.5748 -0.6137
vn 0.6295 0.4330 -0.6452
vn 0.2553 0.1715 -0.9515
vn 0.4132 0.0311 -0.9101
vn 0.2130 0.4100 0.8869
vn 0.7108 0.2604 -0.6534
vn 0.1520 0.4664 0.8714
vn 0.4868 0.4033 0.7749
vn -0.0038 0.4478 0.8941
vn 0.0679 0.6044 0.7938
vn -0.3034 0.5533 0.7758
vn -0.0007 0.8080 0.5892
vn 0.7997 0.2893 -0.5261
vn -0.2309 0.8451 -0.4822
vn -0.1811 0.9819 -0.0551
vn -0.0000 0.7344 -0.6787
vn -0.5075 0.6135 -0.6050
vn -0.0000 0.8848 -0.4660
vn 0.1993 -0.0023 -0.9799
vn -0.6188 0.5262 -0.5833
vn -0.0000 0.6293 -0.7771
vn 0.5075 0.6135 -0.6050
vn 0.6188 0.5262 -0.5833
vn -0.5655 0.4860 -0.6663
vn -0.0000 0.5350 -0.8449
vn 0.5655 0.4860 -0.6663
vn -0.0000 0.3245 -0.9459
vn 0.2308 0.8451 -0.4823
vn -0.7997 0.2893 -0.5261
vn 0.5376 -0.1545 -0.8289
vn 0.8163 0.1249 -0.5639
vn 0.4634 -0.0988 -0.8806
vn -0.0000 0.5896 0.8077
vn -0.0000 0.8422 0.5392
vn -0.0000 0.0134 0.9999
vn 0.5432 0.4748 0.6925
vn 0.5775 0.0235 0.8160
vn 0.1356 -0.0213 0.9905
vn 0.1723 0.1139 0.9784
vn -0.1795 0.4038 0.8971
vn -0.1112 -0.0212 0.9936
vn -0.1728 0.0507 0.9836
vn -0.0441 0.1121 0.9927
vn -0.0444 0.0332 0.9985
vn -0.0162 -0.1454 0.9892
vn -0.0953 -0.1095 0.9894
vn -0.0203 -0.4503 0.8927
vn 0.0566 -0.4805 0.8752
vn 0.0824 -0.6218 0.7788
vn 0.0090 -0.6261 0.7797
vn 0.0896 -0.5882 0.8037
vn 0.0626 -0.6773 0.7330
vn -0.0138 -0.7109 0.7032
vn 0.1306 -0.2346 0.9633
vn 0.4834 -0.4404 0.7565
vn -0.0000 -0.5571 0.8305
vn -0.5775 0.0236 0.8160
vn -0.8851 -0.1869 -0.4262
vn -0.5888 -0.7138 0.3792
vn -0.6333 -0.7542 0.1734
vn -0.7790 0.4509 -0.4357
vn -0.7452 -0.3140 -0.5883
vn -0.0679 0.6044 0.7938
vn -0.9739 -0.1926 -0.1203
vn -0.0000 -0.9764 -0.2161
vn -0.0000 -0.3871 -0.9220
vn -0.0000 -0.5631 0.8264
vn -0.9381 -0.1478 0.3131
vn -0.9779 -0.0888 -0.1894
vn -0.7409 -0.1482 -0.6550
vn -0.7097 -0.1674 -0.6843
vn 0.9739 -0.1927 -0.1203
vn -0.2190 -0.0796 -0.9725
vn 0.7097 -0.1674 -0.6843
vn 0.2190 -0.0796 -0.9725
vn -0.2069 -0.0976 -0.9735
vn 0.3419 -0.0586 -0.9379
vn 0.3139 -0.0156 -0.9493
vn 0.7298 -0.0347 -0.6828
vn 0.7109 0.0144 -0.7032
vn 0.9504 -0.0243 -0.3101
vn 0.9421 0.0374 -0.3333
vn 0.9886 0.0456 0.1433
vn 0.9865 -0.0257 0.1618
vn 0.7700 -0.0334 0.6372
vn 0.9506 -0.1310 -0.2815
vn 0.9734 -0.1338 0.1858
vn 0.7476 -0.1303 0.6512
vn 0.2775 -0.1242 0.9527
vn 0.3219 -0.0456 0.9457
vn 0.3285 0.0154 0.9444
vn 0.7748 0.0370 0.6312
vn -0.3617 -0.1269 0.9236
vn 0.2026 -0.1278 0.9709
vn -0.2997 -0.1118 0.9475
vn 0.7094 -0.1440 0.6900
vn -0.2524 -0.0608 0.9657
vn -0.6994 -0.0935 0.7086
vn -0.7520 -0.0842 0.6537
vn -0.7441 -0.1214 0.6570
vn -0.9669 -0.0651 0.2466
vn -0.9527 -0.1086 0.2838
vn -0.7382 -0.1505 0.6576
vn -0.9451 -0.0795 0.3171
vn -0.9693 -0.0166 0.2453
vn -0.7335 -0.1219 0.6686
vn -0.4496 -0.1988 0.8708
vn -0.4957 -0.2314 0.8371
vn -0.4154 -0.1713 0.8934
vn -0.4271 -0.1317 0.8946
vn 0.0601 -0.1341 0.9891
vn -0.0340 -0.2933 0.9554
vn 0.6235 -0.1079 0.7743
vn 0.5662 -0.0758 0.8208
vn 0.1334 -0.0646 0.9890
vn -0.0172 -0.2351 0.9718
vn -0.0159 -0.1701 0.9853
vn 0.4748 -0.1355 0.8696
vn 0.5629 -0.1179 0.8181
vn 0.9310 0.0100 0.3648
vn 0.9044 0.0578 0.4227
vn 0.8679 -0.0533 0.4938
vn 0.9801 0.1903 -0.0558
vn 0.4616 -0.1317 0.8773
vn 0.8594 -0.1153 0.4982
vn 0.9992 0.0340 -0.0220
vn 0.9957 -0.0902 -0.0200
vn 0.8444 0.1052 -0.5253
vn 0.8018 0.2764 -0.5298
vn 0.8513 -0.0659 -0.5205
vn 0.4403 0.1416 -0.8866
vn 0.7969 0.1873 -0.5743
vn 0.4122 0.3098 -0.8568
vn 0.3794 0.2016 -0.9030
vn 0.9898 0.1143 -0.0854
vn 0.3418 -0.1885 -0.9207
vn 0.7618 -0.1673 -0.6258
vn 0.9660 -0.1612 -0.2022
vn 0.9558 -0.1587 0.2476
vn 0.6712 -0.0755 0.7375
vn 0.7377 -0.1328 -0.6620
vn 0.3453 -0.1535 -0.9258
vn -0.2146 -0.1757 -0.9608
vn -0.2353 -0.1984 -0.9515
vn -0.7187 -0.1663 -0.6751
vn -0.6706 0.1092 -0.7338
vn -0.1877 0.1710 -0.9672
vn -0.1230 0.2768 -0.9530
vn -0.6014 0.2039 -0.7725
vn -0.5984 0.0971 -0.7953
vn -0.1191 0.1343 -0.9838
vn -0.9284 0.1059 -0.3561
vn -0.9648 0.0258 -0.2617
vn -0.9162 0.0406 -0.3988
vn -0.9797 -0.0383 0.1967
vn -0.9050 -0.0671 -0.4202
vn -0.5840 -0.0447 -0.8105
vn -0.8957 -0.1381 -0.4227
vn -0.5653 -0.1377 -0.8133
vn -0.0931 -0.1517 -0.9840
vn -0.1068 -0.0405 -0.9935
vn 0.4489 -0.0483 -0.8923
vn 0.8398 -0.1615 -0.5184
vn 0.4443 -0.1633 -0.8809
vn 0.4465 -0.1810 -0.8763
vn -0.0838 -0.1835 -0.9794
vn 0.8388 -0.1712 -0.5169
vn 0.8643 -0.1083 -0.4912
vn 0.4706 -0.1238 -0.8736
vn -0.0857 -0.1450 -0.9857
vn -0.5769 -0.1642 -0.8002
vn -0.5605 -0.1788 -0.8086
vn -0.1281 -0.0341 -0.9912
vn 0.6631 0.0941 -0.7426
vn 0.5592 -0.0032 -0.8290
vn -0.1080 0.0862 -0.9904
vn -0.6649 -0.0848 -0.7421
vn -0.8994 -0.1543 -0.4090
vn -0.9286 -0.1035 -0.3563
vn -0.9564 -0.0252 -0.2909
vn -0.7111 0.0105 -0.7030
vn -0.0876 0.9857 -0.1439
vn -0.8275 0.5329 -0.1769
vn -0.2795 0.9012 0.3311
vn 0.2496 0.9596 0.1296
vn -0.0784 0.6942 -0.7155
vn -0.5298 0.6715 -0.5181
vn -0.5115 0.4158 -0.7519
vn -0.0586 0.4477 -0.8923
vn 0.4504 0.6161 -0.6462
vn 0.4582 0.3861 -0.8006
vn -0.0085 0.2706 -0.9626
vn -0.4531 0.2601 -0.8527
vn -0.8300 0.2389 -0.5041
vn -0.8336 0.2764 -0.4782
vn -0.4430 0.2338 -0.8655
vn 0.0044 0.2172 -0.9761
vn 0.0111 -0.0037 -0.9999
vn -0.4581 -0.0234 -0.8886
vn -0.8684 0.0278 -0.4950
vn -0.0025 -0.1277 -0.9918
vn -0.4487 -0.1697 -0.8774
vn -0.9955 0.0390 -0.0860
vn -0.8428 -0.1879 -0.5044
vn -0.9567 0.2676 -0.1148
vn -0.9738 -0.2012 -0.1063
vn -0.1358 -0.9532 -0.2700
vn -0.3445 -0.9108 -0.2276
vn -0.9996 -0.0178 0.0213
vn -0.7980 -0.6004 0.0510
vn -0.3199 -0.9459 -0.0539
vn -0.0022 -0.9999 -0.0134
vn -0.2449 -0.9637 0.1061
vn 0.0024 -0.9968 0.0801
vn 0.0120 -0.9999 -0.0120
vn 0.0040 -0.9571 -0.2896
vn 0.0231 -0.9997 -0.0093
vn 0.0176 -0.9965 0.0813
vn 0.3270 -0.9147 -0.2374
vn 0.1520 -0.9468 -0.2835
vn 0.2983 -0.9528 -0.0574
vn 0.0285 -0.9959 0.0863
vn 0.8856 -0.4604 -0.0618
vn 0.0314 -0.9876 0.1540
vn 0.2969 -0.9509 0.0873
vn 0.9786 -0.0678 -0.1945
vn 0.8299 0.0053 -0.5579
vn 0.8226 0.1261 -0.5545
vn 0.9748 0.0958 -0.2014
vn 0.8047 0.2147 -0.5535
vn 0.9545 0.1938 -0.2268
vn 0.9938 0.0109 -0.1107
vn 0.9512 0.2991 -0.0754
vn 0.4385 -0.8956 -0.0746
vn 0.9991 -0.0215 -0.0369
vn 0.9641 0.2653 -0.0120
vn 0.9989 -0.0376 -0.0267
vn 0.4228 -0.9040 -0.0627
vn 0.9392 0.3431 0.0118
vn 0.9974 -0.0679 -0.0240
vn 0.4011 -0.9153 -0.0369
vn -0.0273 -0.9991 -0.0338
vn -0.0074 -0.9997 -0.0222
vn 0.3563 -0.9336 -0.0393
vn 0.0014 -0.9999 -0.0171
vn -0.0028 -0.9942 0.1079
vn -0.0415 -0.9962 0.0765
vn -0.0053 -0.9596 0.2813
vn 0.0228 -0.9916 0.1275
vn 0.0157 -0.9585 0.2846
vn -0.2960 -0.9479 0.1178
vn 0.0258 -0.9996 -0.0130
vn -0.3081 -0.9499 -0.0530
vn 0.0125 -0.9996 -0.0255
vn -0.9988 -0.0479 -0.0117
vn -0.9871 -0.1026 -0.1229
vn -0.3368 -0.9384 -0.0767
vn -0.9330 0.3533 -0.0685
vn -0.9509 0.2934 -0.0983
vn -0.9866 -0.1117 -0.1186
vn -0.9644 0.2507 -0.0836
vn -0.9945 -0.0974 -0.0375
vn -0.3809 -0.9227 -0.0601
vn -0.4162 -0.9089 -0.0246
vn -0.0109 -0.9991 -0.0411
vn -0.0049 -0.9990 -0.0445
vn 0.0058 -0.9999 -0.0141
vn 0.0038 -0.9992 -0.0406
vn 0.0066 -0.9987 -0.0500
vn 0.0182 -0.9979 -0.0621
vn 0.0099 -0.9987 -0.0491
vn 0.0249 -0.9895 0.1422
vn -0.0021 -0.9886 0.1508
vn -0.9981 -0.0566 0.0256
vn -0.9735 0.2278 -0.0196
vn -0.9747 0.2218 0.0264
vn -0.9927 0.1195 0.0188
vn -0.9646 0.2625 0.0244
vn -0.9910 0.1334 0.0083
vn -0.9721 0.1916 -0.1350
vn -0.9633 0.2262 -0.1443
vn -0.9853 0.1707 -0.0018
vn -0.8844 0.4648 -0.0427
vn -0.8099 0.5372 -0.2355
vn -0.8326 0.3261 -0.4476
vn -0.9450 0.3058 -0.1159
vn -0.9987 0.0497 0.0081
vn -0.9821 0.1825 -0.0464
vn -0.9895 0.1421 0.0269
vn -0.9164 0.3952 0.0643
vn -0.9002 0.4325 0.0508
vn -0.9785 0.1812 0.0985
vn -0.9104 0.4135 0.0158
vn -0.9612 0.2713 0.0500
vn -0.9351 0.3232 0.1454
vn -0.8605 0.5054 -0.0641
vn -0.8134 0.5815 0.0150
vn -0.8561 0.4926 0.1562
vn -0.4929 0.8700 -0.0146
vn -0.7548 0.6559 -0.0012
vn -0.4864 0.8730 0.0357
vn -0.4800 0.8684 0.1245
vn -0.8215 0.5687 0.0401
vn -0.9425 0.3322 -0.0359
vn -0.9680 0.2442 -0.0583
vn -0.9816 0.1906 -0.0094
vn -0.9911 0.1311 -0.0226
vn -0.9821 0.1712 -0.0780
vn -0.9630 0.2595 -0.0727
vn -0.9399 0.3392 -0.0388
vn -0.8538 0.5178 0.0534
vn -0.8690 0.4893 0.0743
vn -0.7733 0.6320 0.0507
vn -0.5934 0.7602 0.2644
vn -0.6288 0.7305 0.2664
vn -0.2265 0.9059 0.3579
vn -0.2438 0.8850 0.3966
vn -0.7611 0.2126 0.6128
vn -0.9725 0.1009 0.2098
vn -0.3421 -0.8872 0.3095
vn -0.1282 -0.7327 0.6683
vn -0.3338 -0.7567 0.5621
vn -0.3632 0.3295 0.8715
vn 0.1106 0.3916 0.9135
vn 0.0776 0.9158 0.3941
vn 0.1029 0.9248 0.3663
vn 0.3470 0.8774 0.3312
vn 0.1088 0.9563 0.2715
vn 0.3692 0.8748 0.3136
vn 0.5727 0.7912 0.2146
vn 0.5595 0.8049 0.1980
vn 0.5551 0.8087 0.1946
vn 0.3644 0.9002 0.2385
vn 0.7100 0.6994 0.0817
vn 0.8016 0.2237 0.5544
vn 0.4803 0.3366 0.8099
vn 0.0333 -0.7543 0.6557
vn 0.1780 -0.7594 0.6258
vn -0.0402 -0.9664 0.2540
vn 0.3836 -0.7556 0.5309
vn 0.3688 -0.8856 0.2821
vn 0.3075 -0.9493 0.0652
vn 0.9658 0.0369 0.2566
vn 0.9896 -0.1217 0.0766
vn 0.9930 -0.1180 -0.0013
vn 0.9052 0.4248 0.0117
vn 0.8595 0.5094 0.0418
vn 0.9303 0.3649 0.0372
vn 0.8828 0.4663 0.0574
vn 0.8066 0.5878 0.0624
vn 0.8132 0.5740 0.0961
vn 0.7195 0.6821 0.1306
vn 0.7822 0.6053 0.1479
vn 0.6713 0.7241 0.1581
vn 0.6602 0.7213 0.2096
vn 0.4884 0.8525 0.1864
vn 0.5646 0.8237 0.0523
vn 0.3209 0.9308 0.1751
vn 0.3553 0.9337 0.0451
vn 0.2296 0.9730 -0.0233
vn 0.0785 0.9954 -0.0542
vn 0.1072 0.9798 0.1686
vn -0.1430 0.9763 0.1626
vn -0.1159 0.9927 -0.0337
vn -0.1792 0.9489 0.2598
vn -0.5420 0.8212 0.1786
vn -0.2154 0.9713 -0.1004
vn -0.0611 0.9977 -0.0277
vn -0.4597 0.8468 0.2676
vn -0.0728 0.9245 0.3742
vn 0.0954 0.9954 -0.0062
vn 0.1883 0.9039 0.3840
vn 0.1589 0.9862 -0.0468
vn 0.3526 0.8715 0.3407
vn 0.1251 0.9878 -0.0926
vn 0.5050 0.8253 0.2528
vn 0.2190 0.9737 -0.0623
vn 0.6166 0.7374 0.2760
vn 0.7276 0.6529 0.2106
vn 0.1963 0.9805 0.0006
vn 0.5968 0.8012 0.0424
vn 0.8416 0.5246 0.1284
vn 0.9152 0.3942 0.0842
vn 0.5826 0.8039 0.1196
vn 0.5878 0.7970 0.1391
vn 0.4558 0.8817 0.1219
vn 0.9836 0.1799 0.0145
vn 0.9623 0.2628 0.0695
vn 0.8303 0.5233 0.1917
vn 0.9110 0.3884 0.1388
vn 0.7128 0.6935 0.1048
vn 0.9734 0.2243 0.0459
vn 0.7798 0.6217 0.0735
vn 0.6669 0.7400 0.0878
vn 0.9505 0.1697 -0.2603
vn 0.7518 0.6588 -0.0267
vn 0.9807 0.1430 -0.1330
vn 0.9899 0.0593 -0.1288
vn 0.9633 0.0761 -0.2574
vn 0.9908 0.1349 -0.0085
vn 0.9730 0.2293 0.0271
vn 0.8108 0.1744 -0.5587
vn 0.4861 0.2245 -0.8446
vn 0.4694 0.2386 -0.8501
vn 0.7853 0.2868 -0.5486
vn 0.4714 0.0478 -0.8806
vn 0.4725 -0.0646 -0.8790
vn 0.7298 0.5727 -0.3733
vn 0.6849 0.7274 0.0433
vn 0.8073 0.5895 0.0278
vn 0.9573 0.1089 -0.2677
vn 0.9955 0.0886 0.0350
vn 0.9290 0.0183 -0.3696
vn 0.9964 -0.0850 -0.0056
vn 0.8755 0.2211 0.4297
vn 0.8813 -0.0395 0.4709
vn 0.9871 -0.1584 -0.0251
vn 0.9875 -0.1554 -0.0265
vn 0.8587 -0.1484 0.4905
vn 0.8665 -0.1362 0.4803
vn 0.5510 0.0268 0.8341
vn 0.5031 -0.0982 0.8586
vn 0.0679 0.0908 0.9936
vn 0.4691 -0.1348 0.8728
vn 0.0286 -0.0602 0.9978
vn -0.0093 -0.1325 0.9911
vn 0.0019 -0.1209 0.9927
vn -0.3839 -0.1190 0.9157
vn -0.4010 -0.0520 0.9146
vn -0.7541 -0.0820 0.6517
vn -0.4269 0.0942 0.8994
vn -0.7239 -0.1319 0.6772
vn -0.9775 -0.1320 0.1648
vn -0.9906 -0.0898 0.1029
vn -0.8107 0.0163 0.5852
vn -0.9997 -0.0215 0.0134
vn -0.8750 0.1975 0.4419
vn -0.4288 0.4327 0.7930
vn 0.1783 0.7123 0.6789
vn 0.1351 0.4755 0.8693
vn -0.3858 0.6750 0.6289
vn -0.8645 0.3704 0.3397
vn -0.3031 0.8025 0.5139
vn -0.7859 0.5366 0.3073
vn -0.6744 0.6569 0.3371
vn -0.5606 0.7593 0.3304
vn -0.2071 0.8501 0.4841
vn 0.2054 0.8114 0.5472
vn -0.1182 0.8808 0.4585
vn 0.2219 0.8422 0.4914
vn 0.5451 0.6989 0.4630
vn 0.4445 0.8088 0.3851
vn 0.2191 0.8608 0.4594
vn 0.5106 0.7549 0.4116
vn 0.5755 0.5869 0.5695
vn 0.7702 0.5597 0.3058
vn 0.8400 0.4157 0.3486
vn 0.5876 0.3663 0.7215
vn 0.6961 0.6531 0.2981
vn -0.8970 -0.1665 -0.4095
vn -0.9745 -0.1438 0.1723
vn -0.7230 -0.1224 0.6799
vn -0.9795 -0.1035 0.1729
vn -0.7207 -0.1078 0.6848
vn -0.4045 -0.1506 0.9021
vn -0.3895 -0.1266 0.9123
vn -0.9877 0.1544 0.0263
vn -0.9704 -0.1190 -0.2100
vn -0.6630 -0.1071 0.7409
vn -0.2450 -0.0196 0.9693
vn 0.9381 -0.1478 0.3131
vn 0.9779 -0.0888 -0.1894
vn 0.7409 -0.1482 -0.6550
vn 0.2146 -0.1757 -0.9608
vn 0.7187 -0.1663 -0.6751
vn 0.9704 -0.1190 -0.2100
vn 0.2069 -0.0976 -0.9735
vn 0.9669 -0.0651 0.2466
vn 0.9527 -0.1086 0.2838
vn 0.9451 -0.0795 0.3171
vn 0.9648 0.0258 -0.2617
vn 0.9284 0.1059 -0.3561
vn 0.6015 0.2038 -0.7724
vn 0.6706 0.1092 -0.7338
vn 0.1230 0.2768 -0.9530
vn 0.1877 0.1710 -0.9672
vn 0.2353 -0.1984 -0.9515
vn -0.3418 -0.1885 -0.9207
vn -0.3794 0.2016 -0.9030
vn -0.8018 0.2764 -0.5298
vn -0.7969 0.1873 -0.5743
vn -0.4122 0.3098 -0.8568
vn -0.9801 0.1903 -0.0558
vn -0.7618 -0.1673 -0.6258
vn -0.9898 0.1143 -0.0854
vn -0.8679 -0.0533 0.4938
vn -0.9044 0.0578 0.4227
vn -0.9992 0.0340 -0.0220
vn -0.8444 0.1052 -0.5253
vn -0.9310 0.0100 0.3648
vn -0.4748 -0.1355 0.8696
vn -0.5629 -0.1179 0.8181
vn 0.0172 -0.2351 0.9718
vn -0.6235 -0.1079 0.7743
vn 0.0340 -0.2933 0.9554
vn -0.5662 -0.0758 0.8208
vn -0.6709 -0.0761 0.7376
vn -0.0601 -0.1341 0.9891
vn 0.4957 -0.2314 0.8371
vn 0.4496 -0.1988 0.8708
vn 0.7207 -0.1078 0.6848
vn 0.7335 -0.1219 0.6686
vn 0.7382 -0.1505 0.6576
vn 0.4045 -0.1506 0.9021
vn 0.0158 -0.1700 0.9853
vn 0.3899 -0.1268 0.9121
vn 0.0093 -0.1325 0.9911
vn 0.3840 -0.1190 0.9156
vn -0.0019 -0.1209 0.9927
vn -0.4691 -0.1348 0.8728
vn -0.4620 -0.1316 0.8771
vn -0.8594 -0.1153 0.4982
vn -0.8587 -0.1484 0.4905
vn -0.9957 -0.0902 -0.0200
vn -0.8398 -0.1615 -0.5184
vn -0.9875 -0.1553 -0.0266
vn -0.8513 -0.0659 -0.5205
vn -0.4489 -0.0483 -0.8923
vn -0.4403 0.1416 -0.8866
vn 0.1191 0.1343 -0.9838
vn 0.5984 0.0971 -0.7953
vn 0.1068 -0.0405 -0.9935
vn 0.5840 -0.0446 -0.8105
vn 0.0931 -0.1517 -0.9840
vn 0.5653 -0.1377 -0.8133
vn 0.0838 -0.1835 -0.9794
vn -0.4442 -0.1633 -0.8809
vn -0.4464 -0.1810 -0.8763
vn 0.0857 -0.1450 -0.9857
vn 0.5606 -0.1788 -0.8086
vn -0.4706 -0.1238 -0.8736
vn 0.1281 -0.0341 -0.9912
vn 0.5769 -0.1642 -0.8002
vn 0.6649 -0.0848 -0.7421
vn 0.8994 -0.1543 -0.4090
vn 0.9775 -0.1320 0.1648
vn 0.9906 -0.0898 0.1029
vn 0.8970 -0.1665 -0.4095
vn 0.9997 -0.0215 0.0134
vn 0.9286 -0.1035 -0.3563
vn 0.9987 0.0497 0.0081
vn 0.9564 -0.0252 -0.2909
vn 0.8275 0.5329 -0.1769
vn 0.9450 0.3058 -0.1160
vn 0.7111 0.0104 -0.7030
vn 0.1080 0.0862 -0.9904
vn 0.0876 0.9857 -0.1439
vn 0.2795 0.9012 0.3311
vn -0.6631 0.0941 -0.7426
vn -0.2496 0.9596 0.1296
vn 0.0783 0.6942 -0.7155
vn 0.5298 0.6715 -0.5180
vn 0.8108 0.5364 -0.2343
vn 0.8326 0.3261 -0.4476
vn 0.5115 0.4158 -0.7520
vn 0.8300 0.2389 -0.5041
vn 0.4531 0.2601 -0.8527
vn 0.0586 0.4477 -0.8923
vn -0.4504 0.6161 -0.6462
vn -0.4583 0.3860 -0.8006
vn 0.0085 0.2706 -0.9627
vn -0.4694 0.2385 -0.8502
vn -0.0044 0.2172 -0.9761
vn 0.4431 0.2338 -0.8655
vn -0.0111 -0.0037 -0.9999
vn 0.8336 0.2764 -0.4782
vn 0.4581 -0.0234 -0.8886
vn 0.8684 0.0278 -0.4950
vn 0.4487 -0.1697 -0.8774
vn 0.0025 -0.1277 -0.9918
vn -0.0040 -0.9571 -0.2896
vn -0.4725 -0.0646 -0.8790
vn 0.1359 -0.9532 -0.2700
vn 0.8428 -0.1879 -0.5044
vn 0.3445 -0.9108 -0.2276
vn 0.3199 -0.9459 -0.0538
vn 0.0022 -0.9999 -0.0134
vn -0.0120 -0.9999 -0.0120
vn 0.2450 -0.9637 0.1060
vn 0.0039 -0.9968 0.0804
vn 0.0021 -0.9886 0.1508
vn -0.0176 -0.9965 0.0812
vn -0.0231 -0.9997 -0.0093
vn -0.0285 -0.9959 0.0863
vn -0.0314 -0.9876 0.1540
vn -0.0235 -0.9896 0.1422
vn -0.0100 -0.9988 -0.0490
vn -0.0182 -0.9979 -0.0620
vn 0.0109 -0.9991 -0.0411
vn -0.0038 -0.9992 -0.0406
vn 0.4162 -0.9089 -0.0245
vn 0.3809 -0.9227 -0.0601
vn 0.0050 -0.9990 -0.0445
vn -0.0058 -0.9999 -0.0139
vn -0.0125 -0.9996 -0.0255
vn 0.3368 -0.9384 -0.0767
vn 0.9871 -0.1025 -0.1229
vn 0.3081 -0.9499 -0.0530
vn 0.9866 -0.1117 -0.1186
vn -0.0258 -0.9996 -0.0130
vn 0.2960 -0.9479 0.1179
vn 0.9988 -0.0479 -0.0117
vn 0.9725 0.1009 0.2098
vn 0.8538 0.5178 0.0534
vn 0.9330 0.3533 -0.0685
vn 0.9509 0.2934 -0.0983
vn 0.9630 0.2595 -0.0727
vn 0.9399 0.3392 -0.0388
vn 0.9425 0.3322 -0.0359
vn 0.8215 0.5687 0.0401
vn 0.9821 0.1712 -0.0780
vn 0.9680 0.2442 -0.0583
vn 0.9735 0.2278 -0.0196
vn 0.9911 0.1312 -0.0226
vn 0.9644 0.2507 -0.0835
vn 0.9945 -0.0974 -0.0375
vn 0.9981 -0.0566 0.0256
vn 0.9747 0.2218 0.0264
vn 0.7981 -0.6004 0.0510
vn 0.9996 -0.0178 0.0212
vn 0.9646 0.2624 0.0244
vn 0.9955 0.0390 -0.0860
vn 0.9738 -0.2012 -0.1063
vn 0.9567 0.2676 -0.1148
vn 0.9721 0.1916 -0.1350
vn 0.9634 0.2261 -0.1443
vn 0.9910 0.1334 0.0083
vn 0.9853 0.1707 -0.0018
vn 0.8844 0.4648 -0.0427
vn 0.9821 0.1825 -0.0463
vn 0.9002 0.4325 0.0508
vn 0.9164 0.3952 0.0644
vn 0.9877 0.1544 0.0263
vn 0.9816 0.1906 -0.0095
vn 0.9927 0.1195 0.0188
vn 0.9104 0.4135 0.0158
vn 0.8605 0.5054 -0.0641
vn 0.7548 0.6559 -0.0012
vn 0.8134 0.5815 0.0150
vn 0.9612 0.2713 0.0501
vn 0.9895 0.1421 0.0270
vn 0.9785 0.1812 0.0985
vn 0.9351 0.3232 0.1454
vn 0.8561 0.4926 0.1562
vn 0.7859 0.5366 0.3073
vn 0.6744 0.6569 0.3371
vn 0.3031 0.8025 0.5139
vn 0.2071 0.8501 0.4841
vn 0.5606 0.7593 0.3304
vn -0.2219 0.8422 0.4914
vn 0.1183 0.8808 0.4585
vn -0.2054 0.8114 0.5472
vn -0.4445 0.8088 0.3851
vn -0.5106 0.7549 0.4116
vn -0.2191 0.8608 0.4594
vn -0.5452 0.6989 0.4629
vn 0.0728 0.9245 0.3742
vn -0.1883 0.9039 0.3840
vn 0.4597 0.8468 0.2676
vn 0.0612 0.9977 -0.0277
vn -0.0954 0.9954 -0.0062
vn -0.1589 0.9862 -0.0468
vn -0.2295 0.9730 -0.0233
vn -0.0785 0.9954 -0.0542
vn -0.3210 0.9307 0.1751
vn -0.1072 0.9798 0.1686
vn 0.1430 0.9763 0.1626
vn 0.1158 0.9927 -0.0337
vn -0.5595 0.8048 0.1980
vn -0.3643 0.9002 0.2385
vn -0.4884 0.8525 0.1864
vn -0.3553 0.9337 0.0451
vn -0.1088 0.9563 0.2715
vn -0.3692 0.8748 0.3136
vn -0.1029 0.9248 0.3663
vn 0.1792 0.9489 0.2598
vn 0.2265 0.9059 0.3579
vn -0.3471 0.8774 0.3312
vn -0.0776 0.9158 0.3941
vn -0.5551 0.8087 0.1946
vn -0.4803 0.3366 0.8100
vn -0.1106 0.3915 0.9135
vn -0.0333 -0.7543 0.6557
vn 0.1282 -0.7327 0.6684
vn 0.3632 0.3295 0.8715
vn 0.0053 -0.9596 0.2814
vn -0.0157 -0.9585 0.2846
vn -0.1780 -0.7594 0.6258
vn -0.8016 0.2237 0.5545
vn -0.3836 -0.7556 0.5309
vn 0.0402 -0.9664 0.2540
vn 0.0415 -0.9962 0.0765
vn -0.3688 -0.8856 0.2821
vn -0.9896 -0.1217 0.0767
vn -0.9658 0.0369 0.2567
vn -0.3075 -0.9493 0.0652
vn -0.8066 0.5878 0.0623
vn -0.7100 0.6994 0.0817
vn -0.7195 0.6821 0.1306
vn -0.5727 0.7912 0.2146
vn -0.6714 0.7241 0.1580
vn -0.7822 0.6052 0.1479
vn -0.6602 0.7213 0.2096
vn -0.5646 0.8237 0.0523
vn -0.1251 0.9878 -0.0926
vn -0.2190 0.9737 -0.0623
vn -0.5968 0.8012 0.0424
vn -0.8416 0.5246 0.1284
vn -0.8828 0.4663 0.0574
vn -0.9152 0.3942 0.0842
vn -0.5826 0.8039 0.1196
vn -0.9623 0.2628 0.0695
vn -0.9304 0.3647 0.0370
vn -0.9730 0.2293 0.0271
vn -0.9052 0.4248 0.0117
vn -0.8595 0.5094 0.0419
vn -0.9930 -0.1180 -0.0013
vn -0.8132 0.5741 0.0960
vn -0.9974 -0.0679 -0.0240
vn -0.3563 -0.9336 -0.0393
vn -0.4011 -0.9153 -0.0369
vn 0.0273 -0.9991 -0.0337
vn 0.0028 -0.9942 0.1079
vn -0.0013 -0.9999 -0.0171
vn 0.0069 -0.9997 -0.0219
vn -0.0228 -0.9916 0.1275
vn -0.4228 -0.9040 -0.0628
vn -0.0066 -0.9987 -0.0501
vn -0.4385 -0.8956 -0.0746
vn -0.9991 -0.0215 -0.0369
vn -0.9938 0.0109 -0.1107
vn -0.8856 -0.4604 -0.0618
vn -0.9748 0.0958 -0.2013
vn -0.9786 -0.0678 -0.1945
vn -0.2970 -0.9509 0.0872
vn -0.2983 -0.9528 -0.0574
vn -0.3270 -0.9147 -0.2374
vn -0.1520 -0.9468 -0.2836
vn -0.8299 0.0053 -0.5579
vn -0.4714 0.0478 -0.8806
vn -0.8226 0.1261 -0.5545
vn -0.4860 0.2245 -0.8446
vn -0.8047 0.2147 -0.5535
vn -0.9545 0.1938 -0.2268
vn -0.9633 0.0761 -0.2574
vn -0.8108 0.1744 -0.5587
vn -0.9505 0.1697 -0.2602
vn -0.7853 0.2868 -0.5486
vn -0.7298 0.5727 -0.3733
vn -0.7519 0.6588 -0.0268
vn -0.8073 0.5895 0.0279
vn -0.6669 0.7400 0.0878
vn -0.7798 0.6217 0.0735
vn -0.9573 0.1089 -0.2677
vn -0.6848 0.7274 0.0433
vn -0.9734 0.2244 0.0460
vn -0.9955 0.0886 0.0350
vn -0.5592 -0.0032 -0.8290
vn -0.9290 0.0183 -0.3696
vn -0.9964 -0.0850 -0.0056
vn -0.8643 -0.1083 -0.4912
vn -0.8388 -0.1712 -0.5169
vn -0.9871 -0.1584 -0.0251
vn -0.8813 -0.0395 0.4709
vn -0.8665 -0.1362 0.4803
vn -0.5031 -0.0982 0.8586
vn -0.5510 0.0269 0.8341
vn -0.5876 0.3663 0.7215
vn -0.1351 0.4755 0.8693
vn -0.0679 0.0908 0.9936
vn 0.4269 0.0942 0.8994
vn -0.0286 -0.0602 0.9978
vn 0.4288 0.4327 0.7930
vn -0.1783 0.7123 0.6789
vn 0.3858 0.6750 0.6289
vn 0.8107 0.0163 0.5852
vn 0.8750 0.1975 0.4419
vn 0.8645 0.3704 0.3397
vn 0.7541 -0.0820 0.6517
vn 0.7239 -0.1319 0.6772
vn 0.4010 -0.0520 0.9146
vn 0.9745 -0.1438 0.1723
vn 0.7230 -0.1224 0.6799
vn 0.9795 -0.1035 0.1729
vn 0.9797 -0.0383 0.1967
vn 0.9049 -0.0671 -0.4202
vn 0.8957 -0.1381 -0.4227
vn 0.9162 0.0406 -0.3988
vn 0.9693 -0.0166 0.2453
vn -0.5755 0.5869 0.5695
vn -0.7702 0.5597 0.3058
vn -0.8400 0.4157 0.3486
vn -0.8755 0.2211 0.4297
vn -0.6961 0.6531 0.2981
vn -0.9110 0.3884 0.1388
vn -0.8303 0.5233 0.1917
vn -0.4558 0.8817 0.1219
vn -0.7128 0.6935 0.1048
vn -0.5878 0.7970 0.1391
vn -0.9807 0.1430 -0.1330
vn -0.9836 0.1799 0.0145
vn -0.9899 0.0593 -0.1288
vn -0.9908 0.1349 -0.0085
vn -0.9512 0.2991 -0.0754
vn -0.9641 0.2653 -0.0120
vn -0.9989 -0.0376 -0.0267
vn -0.9392 0.3431 0.0118
vn -0.1963 0.9805 0.0006
vn -0.7276 0.6529 0.2106
vn -0.6166 0.7374 0.2760
vn -0.3526 0.8716 0.3407
vn -0.5050 0.8253 0.2528
vn 0.3421 -0.8873 0.3095
vn 0.7611 0.2126 0.6128
vn 0.3338 -0.7568 0.5620
vn 0.2438 0.8850 0.3966
vn 0.6287 0.7306 0.2664
vn 0.8689 0.4893 0.0743
vn 0.5934 0.7602 0.2644
vn 0.7733 0.6320 0.0507
vn 0.5420 0.8212 0.1786
vn 0.4800 0.8684 0.1245
vn 0.4865 0.8730 0.0357
vn 0.4929 0.8700 -0.0146
vn 0.2154 0.9713 -0.1004
vn 0.3617 -0.1269 0.9236
vn 0.4271 -0.1317 0.8946
vn 0.7441 -0.1214 0.6570
vn 0.4154 -0.1713 0.8934
vn -0.2026 -0.1278 0.9709
vn -0.1334 -0.0646 0.9890
vn -0.7094 -0.1440 0.6900
vn -0.9558 -0.1587 0.2476
vn -0.2775 -0.1242 0.9527
vn -0.9734 -0.1338 0.1858
vn -0.7476 -0.1303 0.6512
vn -0.7700 -0.0334 0.6372
vn -0.9865 -0.0257 0.1618
vn -0.9886 0.0458 0.1433
vn -0.9421 0.0374 -0.3333
vn -0.9506 -0.1310 -0.2815
vn -0.9505 -0.0240 -0.3097
vn -0.7109 0.0144 -0.7032
vn -0.3139 -0.0156 -0.9493
vn -0.7297 -0.0347 -0.6828
vn -0.3419 -0.0586 -0.9379
vn -0.7377 -0.1328 -0.6620
vn -0.3453 -0.1535 -0.9258
vn -0.9660 -0.1612 -0.2022
vn -0.7747 0.0370 0.6312
vn -0.3285 0.0154 0.9444
vn -0.3219 -0.0456 0.9457
vn 0.2450 -0.0196 0.9693
vn 0.2524 -0.0608 0.9657
vn 0.2998 -0.1118 0.9474
vn 0.6994 -0.0935 0.7086
vn 0.7521 -0.0842 0.6537
vn 0.6630 -0.1071 0.7409
vn 0.0081 0.3125 0.9499
vn 0.0358 0.0368 0.9987
vn 0.0775 0.0863 0.9933
vn 0.0117 0.0112 0.9999
vn 0.0772 0.3160 0.9456
vn 0.0815 0.4212 0.9033
vn 0.0193 0.4156 0.9093
vn 0.0220 0.0228 0.9995
vn -0.0209 0.3240 0.9458
vn -0.0306 0.4097 0.9117
vn 0.2003 0.5088 0.8372
vn 0.0223 0.4720 0.8813
vn -0.0342 0.4446 0.8951
vn -0.0340 0.4047 0.9138
vn -0.0557 0.4460 0.8933
vn -0.0592 0.3954 0.9166
vn -0.1394 0.3908 0.9099
vn -0.3083 0.4819 0.8202
vn -0.3674 0.4200 0.8298
vn -0.5119 0.4253 0.7464
vn -0.3765 0.4249 0.8232
vn -0.7059 0.3033 0.6401
vn -0.5115 0.3354 0.7911
vn -0.5392 0.3479 0.7669
vn -0.6914 0.1734 0.7014
vn -0.4217 0.2818 0.8618
vn -0.4006 0.0354 0.9156
vn -0.2704 0.1681 0.9480
vn -0.2634 0.3728 0.8897
vn -0.2391 0.0248 0.9707
vn -0.2735 0.2229 0.9357
vn -0.3347 0.0636 0.9402
vn -0.3397 0.2522 0.9061
vn -0.2796 0.4113 0.8676
vn -0.3466 0.4247 0.8364
vn -0.3830 0.1016 0.9181
vn -0.3829 0.2671 0.8844
vn -0.3832 0.3088 0.8705
vn -0.3467 0.1419 0.9272
vn -0.4695 0.3894 0.7924
vn -0.4090 0.4393 0.7998
vn -0.3379 0.2453 0.9087
vn -0.3060 -0.0911 0.9477
vn -0.2256 -0.0830 0.9707
vn -0.1234 -0.0335 0.9918
vn -0.4672 0.3709 0.8026
vn -0.2412 0.1004 0.9653
vn -0.4186 0.1810 0.8900
vn -0.6384 0.2162 0.7388
vn -0.7134 0.4680 0.5217
vn -0.8166 0.1999 0.5416
vn -0.9203 0.3464 0.1816
vn -0.8769 0.4699 -0.1012
vn -0.8673 0.3459 -0.3579
vn -0.8106 0.3151 -0.4935
vn -0.6809 0.2044 -0.7033
vn -0.7288 0.2108 -0.6514
vn -0.8594 0.1640 -0.4842
vn -0.9368 0.3358 0.0982
vn -0.9872 0.1573 0.0255
vn -0.6464 0.2086 0.7339
vn -0.8828 0.1755 0.4357
vn -0.7744 0.2154 0.5949
vn -0.6022 0.1050 0.7914
vn -0.0682 -0.0131 0.9976
vn -0.1412 -0.0757 0.9871
vn 0.1820 -0.0647 0.9812
vn 0.1110 -0.1666 0.9798
vn 0.2204 -0.2106 0.9524
vn 0.3454 -0.1989 0.9171
vn -0.1391 0.1118 0.9840
vn 0.0270 -0.1338 0.9906
vn -0.5453 0.2887 0.7870
vn -0.3873 -0.0499 0.9206
vn -0.6067 -0.0200 0.7947
vn -0.7003 0.0373 0.7128
vn -0.7347 0.3658 0.5713
vn -0.7982 0.1297 0.5882
vn -0.7922 0.4031 0.4582
vn -0.8422 0.1735 0.5105
vn -0.8616 0.1795 0.4748
vn -0.8807 0.1986 0.4301
vn -0.8229 0.4499 0.3470
vn -0.8952 0.2226 0.3861
vn -0.8615 0.4702 0.1915
vn -0.9139 0.2369 0.3296
vn -0.9517 0.2232 0.2109
vn -0.9624 0.2593 0.0813
vn -0.8720 0.4856 0.0616
vn -0.9644 0.2605 0.0457
vn -0.8678 0.4875 -0.0963
vn -0.9716 0.2364 -0.0023
vn -0.9589 0.1941 -0.2071
vn -0.9206 0.2869 -0.2649
vn -0.7743 0.5110 -0.3733
vn -0.8104 0.3881 -0.4389
vn -0.5213 0.4333 -0.7352
vn -0.7596 0.5886 -0.2766
vn -0.8078 0.5861 -0.0633
vn -0.8110 0.5807 0.0708
vn -0.7723 0.6339 0.0409
vn -0.7663 0.6262 0.1435
vn -0.7564 0.6390 -0.1399
vn -0.8010 0.5759 0.1636
vn -0.7428 0.6124 0.2705
vn -0.7483 0.5255 0.4047
vn -0.6838 0.6042 0.4091
vn -0.7792 0.5540 0.2932
vn -0.7023 0.5177 0.4886
vn -0.5592 0.5905 0.5819
vn -0.5497 0.4829 0.6817
vn -0.3794 0.5109 0.7714
vn -0.2665 0.3389 0.9023
vn -0.1098 0.2685 0.9570
vn 0.0439 0.1016 0.9939
vn -0.0964 0.1874 0.9775
vn -0.0741 0.0994 0.9923
vn -0.5028 0.3647 0.7837
vn -0.5436 0.2847 0.7896
vn -0.8806 0.4357 0.1863
vn -0.8197 0.4993 0.2806
vn -0.7515 0.6001 0.2740
vn -0.7767 0.6161 0.1310
vn -0.8570 0.4741 -0.2019
vn -0.4463 0.7426 0.4994
vn -0.6536 0.7001 0.2875
vn -0.6216 0.6050 0.4976
vn -0.5406 0.5007 0.6761
vn -0.6272 0.5442 0.5572
vn -0.5944 0.5309 -0.6040
vn -0.6570 0.6171 -0.4330
vn -0.1364 0.3171 -0.9385
vn 0.0350 0.1358 -0.9901
vn 0.3708 -0.0427 -0.9277
vn -0.1480 0.0970 -0.9842
vn -0.3351 0.0973 -0.9371
vn -0.8559 0.2788 -0.4356
vn -0.8726 0.4039 -0.2747
vn -0.9238 0.3601 -0.1298
vn -0.9132 0.4055 -0.0414
vn -0.9090 0.4128 -0.0582
vn -0.9370 0.3478 0.0315
vn -0.9075 0.4197 -0.0155
vn -0.9038 0.4268 0.0315
vn -0.9570 0.2307 0.1760
vn -0.9261 0.3496 0.1420
vn -0.8661 0.4575 -0.2015
vn -0.9035 0.4278 0.0267
vn -0.8997 0.4262 0.0941
vn -0.8854 0.4052 -0.2279
vn -0.7504 0.4443 -0.4894
vn -0.8102 0.3486 -0.4712
vn -0.7684 0.2970 -0.5669
vn -0.7169 0.3297 -0.6142
vn -0.6140 0.4087 -0.6752
vn -0.6153 0.3447 -0.7089
vn -0.3435 0.3290 -0.8796
vn -0.4816 0.3233 -0.8146
vn -0.2925 0.2395 -0.9258
vn -0.1048 0.2459 -0.9636
vn -0.0521 0.2254 -0.9729
vn 0.0079 0.2376 -0.9713
vn 0.1735 0.2104 -0.9621
vn 0.0949 0.2346 -0.9675
vn 0.0676 0.3014 -0.9511
vn 0.1235 0.2970 -0.9469
vn -0.0589 0.2538 -0.9655
vn 0.0039 0.3543 -0.9351
vn -0.7250 0.2607 -0.6375
vn -0.3231 0.4886 -0.8105
vn -0.6661 0.5913 -0.4546
vn -0.8702 0.4572 -0.1837
vn -0.9490 0.2807 -0.1433
vn -0.9192 0.3929 -0.0277
vn -0.8505 0.3805 -0.3632
vn -0.9328 0.3585 -0.0367
vn -0.8498 0.2432 -0.4677
vn -0.6530 0.3146 -0.6889
vn -0.4624 0.4244 -0.7785
vn -0.4419 0.3045 -0.8438
vn -0.1043 0.3839 -0.9175
vn -0.2465 0.2392 -0.9392
vn 0.0113 0.1573 -0.9875
vn 0.2210 0.1548 -0.9629
vn 0.1867 0.3402 -0.9216
vn 0.2348 0.1599 -0.9588
vn 0.2474 0.3514 -0.9029
vn 0.2410 0.1706 -0.9554
vn 0.1395 0.1886 -0.9721
vn 0.0684 0.2949 -0.9531
vn 0.2914 0.4592 -0.8392
vn 0.2111 0.3616 -0.9081
vn 0.5770 0.4499 -0.6816
vn 0.5111 0.2938 -0.8077
vn 0.7689 0.1469 -0.6223
vn 0.8560 0.1774 -0.4856
vn 0.7033 0.3131 -0.6382
vn 0.8293 0.1678 -0.5331
vn 0.3366 0.1881 -0.9227
vn 0.7195 0.1681 -0.6739
vn 0.4252 0.2462 -0.8710
vn 0.0431 0.1609 -0.9860
vn -0.0276 0.1748 -0.9842
vn -0.1371 0.1493 -0.9792
vn -0.0057 0.2571 -0.9664
vn -0.2117 0.1522 -0.9654
vn -0.0597 0.1281 -0.9900
vn 0.0881 0.1665 -0.9821
vn 0.3062 0.3469 -0.8865
vn 0.3253 0.2064 -0.9228
vn 0.5403 0.3525 -0.7641
vn 0.0947 0.3052 -0.9476
vn 0.3175 0.4050 -0.8574
vn 0.7014 0.3296 -0.6320
vn 0.4951 0.4324 -0.7536
vn 0.7106 0.1586 -0.6855
vn 0.6424 0.1424 -0.7530
vn 0.5068 0.2054 -0.8372
vn 0.3318 0.4275 -0.8409
vn 0.4576 0.4786 -0.7494
vn 0.6402 0.4316 -0.6355
vn 0.5778 0.4959 -0.6482
vn 0.7814 0.4355 -0.4469
vn 0.7399 0.4983 -0.4519
vn 0.8790 0.4252 -0.2156
vn 0.8820 0.4402 -0.1682
vn 0.9214 0.3462 -0.1768
vn 0.9350 0.3182 0.1569
vn 0.9300 0.3475 0.1196
vn 0.9125 0.3257 0.2475
vn 0.9280 0.2616 0.2654
vn 0.9695 0.2143 -0.1192
vn 0.9389 0.3394 0.0571
vn 0.9109 0.3536 0.2126
vn 0.7187 0.1278 -0.6834
vn 0.9031 0.1086 -0.4154
vn 0.9864 0.1429 0.0810
vn 0.9244 0.1443 0.3532
vn 0.9486 0.0938 0.3023
vn 0.9223 0.1800 0.3420
vn 0.9823 0.1332 0.1320
vn 0.9809 0.1846 -0.0608
vn 0.9530 0.1761 -0.2465
vn 0.8967 0.1238 -0.4250
vn 0.8280 0.3291 -0.4540
vn 0.8411 0.0551 -0.5381
vn 0.8077 0.1064 -0.5799
vn 0.7704 0.1363 -0.6228
vn 0.8431 0.1078 -0.5269
vn 0.4304 0.1977 -0.8807
vn 0.0888 0.0913 -0.9919
vn -0.1282 -0.0624 -0.9898
vn -0.4308 -0.0315 -0.9019
vn -0.5207 -0.0700 -0.8509
vn -0.7402 -0.0764 -0.6681
vn -0.7456 -0.0601 -0.6636
vn -0.7154 -0.0183 -0.6984
vn -0.1369 0.1593 -0.9777
vn -0.4097 0.1083 -0.9058
vn 0.5756 0.3996 -0.7135
vn 0.1391 0.1958 -0.9707
vn -0.2140 -0.0386 -0.9761
vn 0.1411 -0.0134 -0.9899
vn 0.3678 0.1693 -0.9144
vn 0.3380 0.0531 -0.9396
vn 0.6273 0.4043 -0.6656
vn 0.6505 0.3744 -0.6608
vn 0.7886 0.4609 -0.4071
vn 0.8346 0.4660 -0.2936
vn 0.8787 0.4762 -0.0330
vn 0.8684 0.4926 -0.0565
vn 0.8624 0.4764 -0.1709
vn 0.8823 0.4381 -0.1719
vn 0.9064 0.4208 -0.0360
vn 0.9675 0.2065 -0.1459
vn 0.9513 0.1696 -0.2574
vn 0.9144 0.2117 -0.3451
vn 0.8447 0.2344 -0.4812
vn 0.8070 0.4408 -0.3930
vn 0.7078 0.2256 -0.6694
vn 0.4996 0.1674 -0.8499
vn 0.1321 0.2099 -0.9688
vn 0.9752 0.2124 -0.0625
vn 0.9063 0.4064 0.1162
vn 0.9844 0.1756 0.0046
vn 0.9920 0.0929 0.0849
vn 0.9718 0.1170 0.2047
vn 0.8674 0.3822 0.3185
vn 0.9318 0.1195 0.3428
vn 0.8151 0.3307 0.4757
vn 0.8598 0.4803 0.1732
vn 0.7644 0.4557 0.4562
vn 0.7424 0.2998 0.5992
vn 0.8653 0.0592 0.4978
vn 0.8888 0.1033 0.4466
vn 0.9039 0.1095 0.4135
vn 0.8234 -0.0059 0.5675
vn 0.6309 0.2541 0.7331
vn 0.7654 -0.0676 0.6400
vn 0.6723 -0.1191 0.7306
vn 0.4866 -0.1015 0.8677
vn 0.2561 0.0928 0.9622
vn 0.1328 -0.1580 0.9785
vn 0.1616 0.0102 0.9868
vn -0.1254 -0.1947 0.9728
vn 0.0147 -0.1863 0.9824
vn 0.1743 -0.1234 0.9769
vn 0.3226 -0.0227 0.9463
vn 0.4309 -0.0300 0.9019
vn 0.6495 0.1225 0.7504
vn 0.2320 0.2966 0.9264
vn 0.3235 0.3305 0.8866
vn 0.8430 0.2090 0.4956
vn 0.8276 0.1409 0.5433
vn 0.7490 0.1758 0.6388
vn 0.6678 0.0766 0.7404
vn 0.9627 0.1614 0.2171
vn 0.8898 0.2833 -0.3578
vn 0.8711 0.2867 -0.3988
vn 0.5880 0.3928 -0.7071
vn 0.5245 0.3476 -0.7772
vn 0.8852 0.3936 -0.2481
vn 0.8089 0.4522 -0.3758
vn 0.8738 0.4337 0.2200
vn 0.9226 0.3408 -0.1808
vn 0.8796 0.4750 0.0255
vn 0.7510 0.4306 0.5006
vn 0.8206 0.4987 0.2791
vn 0.9161 0.1854 0.3556
vn 0.9445 0.1526 0.2909
vn 0.9236 0.3813 0.0403
vn 0.6951 0.5024 0.5142
vn 0.7140 0.5547 0.4273
vn 0.8579 0.4900 0.1546
vn 0.6165 0.5115 0.5986
vn 0.5602 0.5707 0.6005
vn 0.5182 0.5174 0.6810
vn 0.4762 0.5815 0.6596
vn 0.4623 0.3723 0.8048
vn 0.4348 0.4913 0.7547
vn 0.5700 0.4053 0.7147
vn 0.2836 0.3301 0.9003
vn 0.4318 0.0547 0.9003
vn 0.5460 -0.0194 0.8376
vn 0.6527 0.0497 0.7560
vn 0.5988 0.0197 0.8007
vn 0.7136 0.0625 0.6977
vn 0.6766 0.4224 0.6032
vn 0.7665 0.0461 0.6406
vn 0.8181 0.1387 0.5581
vn 0.8560 0.1728 0.4873
vn 0.2834 0.0685 0.9565
vn 0.0332 0.2378 0.9707
vn 0.0918 0.0524 0.9944
vn -0.0464 -0.0108 0.9989
vn -0.0704 -0.0175 0.9974
vn 0.0899 0.2037 0.9749
vn 0.1497 0.0044 0.9887
vn 0.5125 0.2777 0.8125
vn 0.4404 0.0700 0.8951
vn 0.7294 0.1520 0.6669
vn 0.8656 0.1205 0.4859
vn 0.5027 0.3426 0.7937
vn 0.5916 0.1710 0.7879
vn 0.2479 0.3452 0.9052
vn 0.3131 0.1605 0.9361
vn 0.2840 0.4397 0.8521
vn 0.1460 0.1150 0.9826
vn 0.2428 0.0787 0.9669
vn 0.4293 0.4494 0.7834
vn 0.3606 0.5125 0.7793
vn 0.2259 0.5004 0.8358
vn 0.3527 0.4030 0.8445
vn 0.0614 0.3552 0.9328
vn 0.1750 0.5402 0.8232
vn 0.1280 0.4372 0.8902
vn 0.3309 0.5783 0.7457
vn 0.2800 0.4844 0.8288
vn 0.6430 0.5467 0.5363
vn 0.7496 0.4273 0.5054
vn 0.2635 0.4868 0.8328
vn 0.2570 0.4874 0.8345
vn 0.4020 0.5442 0.7364
vn 0.4529 0.4077 0.7929
vn 0.5208 0.5221 0.6754
vn 0.6455 0.4319 0.6299
vn 0.7098 0.4948 0.5014
vn 0.8403 0.5064 0.1934
vn 0.7555 0.3317 -0.5650
vn 0.7424 0.2099 -0.6363
vn 0.8755 0.4311 0.2184
vn 0.1956 0.3311 -0.9231
vn 0.1626 0.2735 -0.9480
vn 0.0837 0.2262 -0.9705
vn 0.3035 0.2895 -0.9078
vn 0.3353 0.2465 -0.9093
vn 0.4285 0.3317 -0.8404
vn 0.5742 0.3524 -0.7390
vn 0.5016 0.4310 -0.7501
vn 0.4083 0.3556 -0.8407
vn 0.3591 0.4151 -0.8359
vn 0.2871 0.3928 -0.8737
vn 0.2792 0.3930 -0.8761
vn 0.0763 0.4406 -0.8945
vn 0.1242 0.4163 -0.9007
vn -0.1864 0.4740 -0.8606
vn -0.1589 0.4587 -0.8743
vn -0.4760 0.4451 -0.7585
vn -0.4738 0.4579 -0.7522
vn -0.8368 0.2883 -0.4654
vn -0.8560 0.3434 -0.3864
vn -0.8577 0.1610 -0.4882
vn -0.9262 0.2120 -0.3117
vn -0.5676 0.0348 -0.8226
vn -0.6775 0.1268 -0.7245
vn -0.0903 0.0274 -0.9955
vn -0.0650 0.1278 -0.9897
vn 0.0422 0.1762 -0.9834
vn 0.1227 0.1823 -0.9756
vn -0.3182 0.3613 -0.8765
vn -0.1973 0.2918 -0.9359
vn -0.6021 0.4295 -0.6730
vn -0.4244 0.3728 -0.8252
vn -0.6466 0.4343 -0.6271
vn -0.7618 0.4398 -0.4756
vn -0.7530 0.4579 -0.4725
vn -0.8653 0.4566 -0.2067
vn -0.8722 0.4247 -0.2426
vn -0.9190 0.3913 -0.0492
vn -0.9828 0.1256 0.1351
vn -0.9625 0.2364 -0.1330
vn -0.9707 0.1742 -0.1654
vn -0.8775 0.2436 -0.4132
vn -0.8220 0.1348 -0.5533
vn -0.9208 0.1484 -0.3608
vn -0.5774 0.1368 -0.8049
vn -0.0489 0.0965 -0.9941
vn -0.3540 0.1519 -0.9228
vn 0.1237 0.0529 -0.9909
vn 0.5233 -0.0120 -0.8521
vn 0.5447 -0.0718 -0.8355
vn 0.6718 -0.0191 -0.7405
vn 0.4998 -0.0251 -0.8658
vn 0.0204 0.1947 -0.9807
vn 0.2230 0.1189 -0.9675
vn 0.5027 0.0196 -0.8643
vn 0.5555 -0.0108 -0.8314
vn -0.1280 0.2491 -0.9600
vn -0.2984 0.3414 -0.8913
vn -0.5951 0.4239 -0.6828
vn -0.3698 -0.0832 0.9254
vn -0.4235 -0.0799 0.9024
vn -0.4015 -0.0542 0.9143
vn -0.3113 -0.0315 0.9498
vn -0.2377 -0.0205 0.9711
vn -0.1529 -0.0201 0.9880
vn -0.1679 -0.0230 0.9855
vn -0.5004 0.0104 0.8657
vn -0.7569 0.0681 0.6499
vn -0.8971 0.1445 0.4176
vn -0.9418 0.1688 0.2908
vn -0.8241 0.2178 0.5229
vn -0.6214 0.2040 0.7565
vn -0.4725 0.1250 0.8724
vn -0.3971 0.1329 0.9081
vn -0.3197 0.1187 0.9400
vn -0.1768 0.0740 0.9815
vn -0.3210 0.3125 0.8940
vn -0.1503 0.3095 0.9389
vn -0.1216 0.1024 0.9873
vn -0.1696 0.0591 0.9837
vn -0.0721 0.3260 0.9426
vn -0.1548 0.0429 0.9870
vn -0.0395 0.3336 0.9419
vn -0.0219 0.0849 0.9961
vn -0.0516 0.0659 0.9965
vn -0.0778 0.1061 0.9913
vn 0.0123 0.0660 0.9977
vn -0.0000 0.6590 0.7521
vn -0.0000 0.5253 0.8509
vn -0.0147 0.5633 0.8261
vn 0.0147 0.5633 0.8261
vn -0.0588 0.6905 0.7209
vn -0.0000 0.5015 0.8652
vn 0.0588 0.6905 0.7209
vn 0.1128 0.6974 0.7077
vn -0.0149 0.4865 0.8735
vn -0.0350 0.4025 0.9147
vn -0.0000 0.3990 0.9169
vn -0.0385 0.4918 0.8698
vn -0.0650 0.4131 0.9084
vn -0.1513 0.4013 0.9034
vn -0.1605 0.4957 0.8535
vn -0.0560 0.5753 0.8160
vn -0.1476 0.6056 0.7820
vn -0.3059 0.5100 0.8040
vn -0.3182 0.3289 0.8891
vn -0.2941 0.7540 0.5874
vn 0.0566 -0.8470 -0.5285
vn 0.0910 -0.6729 -0.7341
vn -0.1659 -0.5248 -0.8349
vn -0.0467 -0.6182 -0.7846
vn 0.1190 -0.5341 -0.8370
vn -0.2923 -0.4477 -0.8450
vn -0.3242 0.2242 0.9190
vn 0.1109 -0.4375 -0.8923
vn -0.3411 0.1936 0.9199
vn -0.9947 -0.1002 0.0217
vn 0.0716 -0.3949 -0.9159
vn -0.4357 -0.7160 -0.5455
vn -0.5320 0.0998 0.8408
vn -0.3798 0.3500 0.8563
vn -0.4603 -0.5701 -0.6805
vn -0.3551 0.3704 0.8583
vn -0.9541 0.0203 0.2989
vn -0.1108 0.4302 0.8959
vn -0.3432 0.3491 0.8720
vn -0.0941 0.4036 0.9101
vn -0.3999 0.1884 0.8970
vn -0.1472 0.2402 0.9595
vn -0.0262 0.4103 0.9116
vn -0.0256 0.4067 0.9132
vn -0.0174 0.4102 0.9118
vn -0.0392 0.4194 0.9070
vn -0.0626 0.2870 0.9559
vn -0.0381 0.0919 0.9950
vn -0.0231 0.3119 0.9498
vn -0.1417 0.0452 0.9889
vn -0.0640 -0.1919 0.9793
vn -0.2613 -0.0439 0.9643
vn -0.2347 -0.2652 0.9352
vn -0.3473 -0.3346 0.8760
vn -0.1139 -0.3602 0.9259
vn -0.3062 -0.4065 0.8608
vn -0.4061 -0.4514 0.7945
vn -0.4938 -0.0905 0.8648
vn -0.7486 -0.4015 0.5276
vn -0.5885 -0.3422 0.7325
vn -0.8876 -0.0593 0.4568
vn -0.8618 -0.1713 0.4775
vn -0.8248 -0.3113 0.4720
vn -0.9212 -0.1438 0.3616
vn -0.9309 -0.0460 0.3625
vn -0.9231 0.0252 0.3837
vn -0.9927 -0.0989 0.0691
vn -0.9720 -0.0348 0.2325
vn -0.9466 -0.2604 -0.1900
vn -0.9550 -0.1920 -0.2260
vn -0.9537 -0.1647 -0.2517
vn -0.9909 -0.1332 0.0182
vn -0.9914 -0.1308 0.0063
vn -0.9863 -0.0886 0.1393
vn -0.4853 -0.8662 -0.1191
vn -0.7922 -0.4665 0.3935
vn -0.8476 -0.2221 0.4820
vn 0.4785 -0.4707 0.7412
vn 0.7534 -0.6567 0.0332
vn -0.2782 -0.6947 -0.6634
vn 0.7542 -0.5388 -0.3754
vn 0.5952 -0.7772 0.2044
vn 0.6614 -0.6653 -0.3464
vn 0.3847 -0.3926 0.8354
vn 0.3551 -0.9103 0.2127
vn 0.4270 -0.8670 -0.2567
vn 0.0877 -0.9741 0.2083
vn 0.2792 -0.5173 0.8090
vn 0.1398 -0.9819 -0.1278
vn 0.6919 -0.5408 -0.4783
vn 0.3094 -0.9068 -0.2862
vn 0.5617 -0.7036 -0.4353
vn 0.3475 -0.8981 -0.2694
vn 0.6593 -0.6553 -0.3687
vn 0.5957 -0.3920 -0.7010
vn 0.4034 -0.6191 -0.6738
vn 0.7455 -0.5324 -0.4009
vn -0.1392 -0.2815 -0.9494
vn 0.0542 -0.0749 -0.9957
vn 0.5949 -0.4697 -0.6523
vn -0.3622 -0.1740 -0.9157
vn -0.3777 -0.6533 -0.6562
vn -0.5862 -0.5623 -0.5833
vn -0.0423 -0.3317 -0.9424
vn -0.2083 0.0203 -0.9779
vn -0.0083 -0.1580 -0.9874
vn -0.3422 -0.2950 -0.8921
vn -0.1543 0.1887 -0.9698
vn -0.1373 0.0321 -0.9900
vn -0.0804 -0.0223 -0.9965
vn -0.4746 0.3405 -0.8116
vn -0.1913 0.1353 -0.9722
vn -0.3814 0.3754 -0.8448
vn -0.3497 0.2735 -0.8960
vn -0.0503 0.3438 -0.9377
vn -0.1011 -0.0441 -0.9939
vn -0.4788 0.5952 -0.6453
vn -0.5434 0.5836 -0.6034
vn -0.0937 -0.0039 -0.9956
vn 0.1427 -0.1404 -0.9798
vn 0.2109 -0.2795 -0.9367
vn 0.0301 0.0329 -0.9990
vn 0.4102 -0.0943 -0.9071
vn 0.5344 -0.5083 -0.6753
vn 0.2348 0.3532 -0.9056
vn -0.2100 0.1384 -0.9679
vn 0.1127 0.7125 -0.6926
vn -0.2188 0.6666 -0.7126
vn -0.2783 0.9306 -0.2378
vn -0.5588 0.7923 -0.2450
vn -0.0496 0.9816 -0.1844
vn -0.1450 0.8898 0.4326
vn -0.4601 0.8303 0.3143
vn -0.5660 0.7883 0.2413
vn -0.3674 0.6248 0.6890
vn -0.0629 0.4828 0.8735
vn 0.1593 0.5721 0.8046
vn 0.0522 0.2546 0.9656
vn -0.2851 0.2104 0.9351
vn -0.3364 -0.1126 0.9350
vn -0.4618 -0.1174 0.8792
vn -0.4099 0.2803 0.8680
vn -0.5855 -0.2728 0.7634
vn -0.6275 -0.3564 0.6922
vn -0.7378 -0.2127 0.6407
vn -0.4806 -0.3798 0.7904
vn -0.4928 -0.2887 0.8208
vn 0.1619 -0.4853 0.8592
vn -0.0291 -0.3741 0.9269
vn -0.1108 -0.6281 0.7702
vn 0.4766 -0.1328 0.8690
vn 0.2840 -0.6562 0.6991
vn 0.1972 -0.6733 0.7126
vn 0.3493 -0.5221 0.7780
vn 0.5175 -0.6833 0.5151
vn 0.0846 -0.7482 0.6580
vn 0.2905 -0.7961 0.5309
vn 0.4377 -0.8804 0.1826
vn 0.5981 -0.7795 0.1865
vn -0.1916 -0.8301 0.5237
vn -0.1087 -0.9415 0.3189
vn 0.4923 -0.8654 -0.0939
vn 0.4467 -0.8935 -0.0455
vn 0.4762 -0.8383 -0.2654
vn 0.1970 -0.8394 -0.5065
vn -0.5268 -0.7431 -0.4128
vn -0.8795 -0.4618 -0.1150
vn -0.2267 -0.5886 -0.7760
vn -0.4284 -0.8555 -0.2909
vn -0.5315 -0.7128 -0.4575
vn -0.4699 -0.3100 -0.8265
vn -0.6902 -0.0820 -0.7189
vn -0.9008 0.0811 -0.4265
vn -0.7703 -0.5129 0.3788
vn -0.9774 0.1744 -0.1195
vn -0.6711 -0.5560 0.4903
vn -0.8573 -0.4375 -0.2712
vn -0.9756 0.1184 0.1848
vn -0.8751 -0.4832 0.0279
vn -0.9101 0.0971 0.4029
vn -0.9200 -0.3902 -0.0373
vn -0.7898 -0.1211 0.6013
vn -0.9214 -0.3639 0.1362
vn -0.9214 -0.3601 0.1464
vn -0.4915 -0.5985 0.6326
vn -0.3092 -0.7242 0.6164
vn -0.9167 -0.1217 0.3806
vn -0.8979 -0.3164 0.3061
vn -0.9588 -0.0555 0.2785
vn -0.8029 0.3067 0.5112
vn -0.9178 -0.3082 0.2505
vn -0.9244 -0.3326 0.1866
vn -0.9100 0.3378 0.2403
vn -0.9012 0.3027 0.3103
vn -0.6527 0.7284 0.2083
vn -0.6604 0.7394 0.1313
vn -0.6279 0.7540 -0.1930
vn -0.6412 0.7153 -0.2777
vn -0.5893 0.6072 -0.5330
vn -0.8023 0.5585 -0.2105
vn -0.8123 0.2260 -0.5377
vn -0.9885 -0.1357 -0.0666
vn -0.9868 0.0500 -0.1540
vn -0.9839 -0.1497 -0.0981
vn -0.9487 -0.3119 -0.0523
vn -0.9974 0.0098 -0.0714
vn -0.9547 -0.2976 0.0079
vn -0.9310 -0.3036 -0.2028
vn -0.9366 -0.1461 -0.3186
vn -0.7772 0.2060 -0.5946
vn -0.8944 -0.2837 -0.3457
vn -0.8044 -0.4095 -0.4304
vn -0.6786 0.0417 -0.7334
vn -0.5625 0.4282 -0.7073
vn -0.7637 -0.2844 -0.5796
vn -0.5341 -0.4137 -0.7373
vn -0.2257 -0.5722 -0.7884
vn 0.0101 -0.7830 -0.6219
vn 0.0414 -0.8975 -0.4390
vn 0.4223 -0.8487 -0.3183
vn -0.9880 -0.0790 0.1329
vn -0.5691 0.6768 0.4670
vn 0.5525 -0.4112 0.7250
vn 0.5998 0.0475 0.7988
vn 0.5871 -0.3132 0.7465
vn 0.2809 0.0382 0.9590
vn 0.2453 -0.2394 0.9394
vn -0.7340 -0.0224 0.6788
vn -0.9232 0.0999 0.3711
vn -0.6331 0.2052 0.7464
vn -0.9447 0.0019 0.3279
vn -0.5020 0.4550 0.7355
vn -0.9279 -0.0198 0.3723
vn -0.8450 -0.5298 -0.0730
vn -0.8342 0.3142 0.4533
vn -0.7047 0.6060 0.3691
vn -0.5599 0.7345 -0.3834
vn -0.5575 0.7242 0.4059
vn -0.5110 -0.8376 -0.1931
vn 0.0857 -0.9737 -0.2111
vn 0.1330 -0.9575 0.2559
vn -0.7299 -0.6459 -0.2238
vn 0.0634 -0.9810 0.1835
vn 0.0614 -0.8131 0.5789
vn 0.0146 -0.9996 0.0252
vn -0.2960 0.8760 -0.3809
vn -0.2761 0.6558 -0.7026
vn 0.0515 -0.8922 0.4487
vn 0.0016 -0.9298 -0.3682
vn -0.3228 0.9331 -0.1585
vn -0.3089 0.8833 0.3527
vn 0.0537 -0.8139 -0.5785
vn -0.1962 0.9619 0.1902
vn -0.1624 0.7837 0.5995
vn -0.1414 0.9472 0.2878
vn -0.2350 0.9255 -0.2969
vn -0.2505 0.8503 -0.4629
vn -0.2399 0.9645 -0.1107
vn -0.2266 0.7499 -0.6215
vn -0.2391 0.3549 -0.9038
vn -0.1841 0.5585 -0.8088
vn -0.2130 0.7033 -0.6783
vn -0.1423 0.9557 -0.2575
vn -0.1859 0.8325 -0.5219
vn -0.1665 0.6047 -0.7788
vn -0.1404 0.4149 -0.8990
vn -0.0633 0.5488 -0.8335
vn -0.0573 0.2963 -0.9534
vn -0.1671 0.1609 -0.9727
vn -0.0724 0.0116 -0.9973
vn -0.1610 -0.9697 0.1836
vn -0.2304 -0.9463 0.2267
vn -0.1441 -0.8303 0.5383
vn -0.4180 -0.8068 -0.4176
vn -0.2247 -0.3049 -0.9255
vn -0.6360 0.3153 -0.7043
vn -0.2081 -0.2129 -0.9547
vn -0.2448 0.0875 -0.9656
vn -0.0730 -0.3659 -0.9278
vn -0.0353 -0.2711 -0.9619
vn -0.1428 -0.2288 -0.9629
vn -0.1364 -0.3531 -0.9256
vn -0.0108 -0.3583 -0.9336
vn -0.0000 -0.3666 -0.9304
vn -0.0000 -0.3533 -0.9355
vn -0.0087 -0.3609 -0.9326
vn -0.0000 -0.2930 -0.9561
vn -0.1636 -0.3814 -0.9098
vn -0.0381 -0.3119 -0.9493
vn -0.2264 -0.3447 -0.9110
vn -0.3107 -0.4058 -0.8596
vn -0.2489 -0.3686 -0.8956
vn -0.4102 -0.4392 -0.7993
vn -0.2931 -0.4079 -0.8647
vn 0.3446 -0.5315 -0.7738
vn 0.2165 -0.1856 -0.9585
vn -0.1771 -0.2330 -0.9562
vn 0.7373 -0.5485 -0.3943
vn 0.6412 -0.4963 -0.5853
vn 0.2338 -0.7045 -0.6700
vn 0.7417 -0.4817 -0.4668
vn -0.1319 -0.6452 -0.7525
vn -0.5872 -0.3845 -0.7123
vn -0.7974 -0.3460 -0.4943
vn -0.6316 -0.2707 -0.7265
vn -0.3989 -0.3636 -0.8418
vn -0.2869 -0.2563 -0.9230
vn -0.0778 -0.2294 -0.9702
vn -0.0966 -0.1617 -0.9821
vn -0.3046 -0.1767 -0.9360
vn -0.0000 -0.1490 -0.9888
vn -0.0000 -0.1551 -0.9879
vn -0.1104 -0.1757 -0.9782
vn -0.3036 -0.2041 -0.9307
vn -0.6636 -0.2501 -0.7050
vn -0.6219 -0.3744 -0.6878
vn -0.3030 -0.2957 -0.9060
vn -0.9020 -0.2448 -0.3557
vn -0.6396 -0.2268 -0.7345
vn -0.8721 -0.3705 -0.3196
vn -0.6880 0.1714 -0.7052
vn -0.8999 0.1196 -0.4194
vn -0.9651 -0.2458 -0.0900
vn -0.9971 0.0634 -0.0431
vn -0.8993 -0.3134 0.3049
vn -0.9464 -0.3193 -0.0492
vn -0.9297 -0.2404 -0.2791
vn -0.8604 -0.3830 0.3361
vn -0.9760 -0.2178 -0.0081
vn -0.8946 -0.2824 0.3464
vn -0.7664 -0.3720 0.5237
vn -0.8902 0.1729 0.4214
vn -0.6981 -0.3225 0.6393
vn -0.5810 -0.1416 0.8015
vn -0.5281 -0.2394 0.8147
vn -0.9493 -0.0691 0.3066
vn -0.7978 -0.1479 0.5845
vn -0.5801 -0.3091 0.7536
vn -0.3874 -0.1525 0.9092
vn -0.3849 -0.3184 0.8663
vn -0.1575 -0.3323 0.9299
vn -0.1614 -0.1415 0.9767
vn -0.1670 -0.1897 0.9675
vn -0.3629 -0.1819 0.9139
vn 0.0118 -0.2098 0.9777
vn 0.1164 -0.3692 0.9220
vn 0.1791 -0.2165 0.9597
vn 0.0041 -0.3304 0.9438
vn 0.0222 -0.1384 0.9901
vn 0.1819 -0.1407 0.9732
vn -0.0000 -0.1826 0.9832
vn 0.0640 -0.1919 0.9793
vn 0.1417 0.0452 0.9889
vn 0.0381 0.0919 0.9950
vn 0.2347 -0.2652 0.9352
vn 0.3042 -0.4205 0.8548
vn 0.3473 -0.3346 0.8760
vn 0.2613 -0.0439 0.9643
vn 0.3999 0.1885 0.8970
vn 0.4939 -0.0904 0.8648
vn 0.1472 0.2402 0.9595
vn 0.8876 -0.0593 0.4568
vn 0.8618 -0.1713 0.4775
vn 0.5885 -0.3422 0.7325
vn 0.3432 0.3492 0.8719
vn 0.9147 0.0006 0.4041
vn 0.9231 0.0252 0.3837
vn 0.9308 -0.0461 0.3625
vn 0.8988 0.1448 0.4138
vn 0.9541 0.0203 0.2989
vn 0.9720 -0.0348 0.2325
vn 0.7398 0.2189 0.6362
vn 0.8910 0.0631 0.4496
vn 0.6631 0.0237 0.7481
vn 0.9279 -0.0198 0.3723
vn 0.9447 0.0019 0.3279
vn 0.9863 -0.0886 0.1393
vn 0.9232 0.1000 0.3711
vn 0.7340 -0.0224 0.6788
vn 0.8476 -0.2220 0.4820
vn 0.5020 0.4550 0.7355
vn 0.6331 0.2052 0.7464
vn 0.8450 -0.5298 -0.0730
vn 0.8342 0.3142 0.4533
vn 0.7047 0.6060 0.3691
vn 0.5575 0.7242 0.4059
vn -0.1744 0.6215 0.7638
vn -0.2935 0.2330 0.9271
vn -0.4095 0.2749 0.8699
vn -0.2809 0.0382 0.9590
vn -0.5998 0.0476 0.7987
vn -0.4766 -0.1328 0.8690
vn -0.0522 0.2546 0.9656
vn -0.1593 0.5721 0.8046
vn 0.0629 0.4828 0.8735
vn -0.1619 -0.4853 0.8592
vn 0.3364 -0.1126 0.9350
vn 0.2851 0.2104 0.9351
vn 0.4618 -0.1174 0.8792
vn 0.4806 -0.3798 0.7904
vn 0.5855 -0.2728 0.7634
vn 0.4928 -0.2887 0.8208
vn 0.0291 -0.3740 0.9270
vn 0.1108 -0.6281 0.7702
vn -0.3493 -0.5221 0.7780
vn -0.1972 -0.6733 0.7126
vn -0.2840 -0.6562 0.6991
vn -0.0846 -0.7482 0.6580
vn -0.2905 -0.7961 0.5309
vn -0.5174 -0.6833 0.5152
vn -0.5981 -0.7795 0.1864
vn -0.0877 -0.9741 0.2083
vn -0.4377 -0.8804 0.1826
vn -0.1398 -0.9819 -0.1278
vn -0.4467 -0.8935 -0.0455
vn -0.4923 -0.8654 -0.0939
vn -0.4762 -0.8383 -0.2654
vn -0.3094 -0.9068 -0.2862
vn -0.4270 -0.8670 -0.2567
vn -0.3475 -0.8981 -0.2694
vn -0.5617 -0.7036 -0.4353
vn -0.6593 -0.6553 -0.3687
vn -0.6919 -0.5409 -0.4782
vn -0.4034 -0.6191 -0.6738
vn -0.7455 -0.5324 -0.4009
vn -0.5957 -0.3920 -0.7010
vn 0.1392 -0.2815 -0.9494
vn 0.3777 -0.6533 -0.6562
vn -0.0414 -0.8975 -0.4390
vn -0.0101 -0.7830 -0.6219
vn -0.4223 -0.8487 -0.3183
vn 0.2257 -0.5722 -0.7885
vn 0.2267 -0.5886 -0.7760
vn -0.1969 -0.8394 -0.5065
vn 0.1944 -0.9680 -0.1584
vn 0.2669 -0.8780 0.3974
vn 0.0811 -0.9588 0.2724
vn 0.1299 -0.8676 0.4801
vn 0.2379 -0.7607 0.6040
vn 0.4421 -0.6263 0.6421
vn 0.6902 -0.4322 0.5803
vn 0.8795 -0.3682 0.3014
vn 0.7898 -0.1211 0.6013
vn 0.9203 -0.3823 0.0830
vn 0.9167 -0.1217 0.3806
vn 0.9101 0.0971 0.4029
vn 0.7378 -0.2127 0.6407
vn 0.6275 -0.3564 0.6922
vn 0.4099 0.2803 0.8680
vn 0.8029 0.3067 0.5112
vn 0.8979 -0.3164 0.3061
vn 0.9178 -0.3082 0.2505
vn 0.9012 0.3027 0.3103
vn 0.6527 0.7284 0.2083
vn 0.5691 0.6768 0.4670
vn 0.5660 0.7883 0.2413
vn 0.6279 0.7540 -0.1930
vn 0.6604 0.7394 0.1313
vn 0.5588 0.7923 -0.2450
vn 0.4788 0.5952 -0.6453
vn 0.5435 0.5836 -0.6033
vn 0.6412 0.7153 -0.2777
vn 0.5893 0.6072 -0.5330
vn 0.8023 0.5585 -0.2105
vn 0.9100 0.3378 0.2402
vn 0.9868 0.0500 -0.1540
vn 0.9487 -0.3119 -0.0523
vn 0.9244 -0.3326 0.1866
vn 0.9838 -0.1497 -0.0981
vn 0.9974 0.0098 -0.0714
vn 0.9880 -0.0790 0.1329
vn 0.9588 -0.0555 0.2785
vn 0.9756 0.1184 0.1848
vn 0.9774 0.1744 -0.1194
vn 0.8864 -0.4545 0.0881
vn 0.9025 -0.3848 -0.1937
vn 0.9008 0.0811 -0.4265
vn 0.6872 -0.5553 -0.4685
vn 0.8468 -0.4211 -0.3250
vn 0.5831 -0.6595 -0.4744
vn 0.4700 -0.3100 -0.8265
vn 0.6902 -0.0820 -0.7189
vn 0.4621 -0.8156 -0.3482
vn 0.5341 -0.4137 -0.7373
vn 0.7637 -0.2844 -0.5796
vn 0.5862 -0.5623 -0.5833
vn 0.8044 -0.4095 -0.4304
vn 0.9366 -0.1461 -0.3186
vn 0.8944 -0.2837 -0.3457
vn 0.7772 0.2060 -0.5946
vn 0.3422 -0.2950 -0.8921
vn 0.6785 0.0417 -0.7334
vn 0.4746 0.3405 -0.8116
vn 0.1373 0.0321 -0.9900
vn 0.1543 0.1887 -0.9698
vn 0.3813 0.3755 -0.8448
vn 0.5625 0.4282 -0.7073
vn 0.8123 0.2260 -0.5377
vn 0.9547 -0.2976 0.0079
vn 0.9310 -0.3036 -0.2028
vn 0.9885 -0.1357 -0.0666
vn 0.3496 0.2736 -0.8961
vn 0.0503 0.3438 -0.9377
vn 0.1011 -0.0441 -0.9939
vn 0.0937 -0.0039 -0.9956
vn 0.1913 0.1353 -0.9722
vn 0.0804 -0.0223 -0.9965
vn 0.0083 -0.1580 -0.9874
vn 0.2083 0.0203 -0.9779
vn 0.0423 -0.3317 -0.9424
vn 0.3622 -0.1740 -0.9157
vn -0.0542 -0.0749 -0.9957
vn -0.1427 -0.1404 -0.9798
vn -0.5949 -0.4697 -0.6523
vn -0.5344 -0.5083 -0.6753
vn -0.7373 -0.5485 -0.3943
vn -0.2109 -0.2795 -0.9367
vn -0.7417 -0.4817 -0.4668
vn -0.2338 -0.7045 -0.6700
vn -0.3446 -0.5315 -0.7738
vn -0.6412 -0.4963 -0.5853
vn -0.2165 -0.1856 -0.9585
vn 0.2931 -0.4079 -0.8647
vn 0.4102 -0.4392 -0.7993
vn 0.2081 -0.2129 -0.9547
vn 0.1771 -0.2330 -0.9562
vn 0.2489 -0.3686 -0.8956
vn 0.2099 0.1384 -0.9679
vn 0.2448 0.0875 -0.9656
vn 0.4042 0.4617 -0.7896
vn 0.4227 0.5243 -0.7392
vn 0.6361 0.3154 -0.7042
vn 0.4179 -0.8068 -0.4176
vn 0.5442 0.7668 -0.3405
vn 0.5599 0.7345 -0.3834
vn 0.7299 -0.6458 -0.2238
vn 0.5110 -0.8376 -0.1931
vn -0.1330 -0.9575 0.2559
vn -0.0857 -0.9737 -0.2111
vn -0.0146 -0.9996 0.0252
vn -0.0016 -0.9297 -0.3683
vn -0.0537 -0.8139 -0.5785
vn -0.0633 -0.9810 0.1835
vn 0.2960 0.8760 -0.3809
vn 0.2762 0.6559 -0.7025
vn -0.0614 -0.8131 0.5789
vn -0.0515 -0.8922 0.4487
vn 0.1441 -0.8303 0.5383
vn 0.2345 0.3533 -0.9056
vn 0.1670 0.1609 -0.9727
vn 0.1404 0.4149 -0.8990
vn 0.2266 0.7499 -0.6215
vn 0.1841 0.5585 -0.8088
vn 0.2130 0.7032 -0.6783
vn 0.1665 0.6047 -0.7788
vn 0.0633 0.5488 -0.8335
vn 0.0573 0.2963 -0.9534
vn 0.1859 0.8324 -0.5220
vn 0.1499 0.7595 -0.6330
vn 0.1423 0.9558 -0.2575
vn 0.0769 0.9752 -0.2076
vn -0.0115 0.9789 -0.2039
vn -0.0746 0.9821 -0.1728
vn -0.0008 0.8380 -0.5457
vn 0.0640 0.9022 -0.4264
vn 0.1792 0.9164 -0.3579
vn 0.1141 0.3949 -0.9116
vn 0.2431 0.5615 -0.7910
vn 0.3611 0.7429 -0.5637
vn 0.4615 0.6724 -0.5787
vn 0.3313 0.5323 -0.7791
vn 0.4674 0.6916 -0.5507
vn 0.3302 0.5948 -0.7329
vn 0.1632 0.4168 -0.8942
vn -0.0000 0.3711 -0.9286
vn 0.1645 0.5069 -0.8461
vn -0.0000 0.4782 -0.8782
vn -0.0000 0.9697 0.2441
vn -0.1667 0.9600 0.2250
vn -0.1755 0.9821 0.0686
vn -0.4661 0.6259 0.6253
vn -0.2729 0.6276 0.7292
vn -0.0000 0.6535 0.7570
vn 0.1668 0.9600 0.2250
vn 0.2729 0.6276 0.7292
vn 0.2075 0.9140 0.3487
vn -0.0001 0.8844 0.4667
vn -0.2075 0.9140 0.3487
vn -0.2594 0.9021 0.3450
vn -0.0000 0.9307 0.3658
vn -0.3191 0.9219 0.2196
vn 0.2594 0.9020 0.3450
vn 0.3191 0.9219 0.2196
vn -0.0000 0.9748 0.2232
vn -0.2985 0.9411 0.1588
vn 0.2985 0.9411 0.1588
vn -0.0000 0.9874 0.1581
vn -0.0000 0.9876 -0.1572
vn -0.0952 0.7273 0.6796
vn -0.0054 0.7443 0.6679
vn -0.4839 0.8730 -0.0614
vn 0.0054 0.7442 0.6679
vn 0.0952 0.7274 0.6796
vn 0.4839 0.8730 -0.0614
vn 0.6717 -0.0576 0.7386
vn 0.0002 -0.2545 0.9671
vn -0.6715 -0.0576 0.7387
vn 0.0880 0.4014 0.9117
vn 0.2630 0.5030 0.8233
vn 0.1560 0.2886 0.9447
vn -0.3282 0.1391 0.9343
vn -0.6207 -0.1503 0.7695
vn -0.4202 0.2203 0.8803
vn -0.0232 0.3989 0.9167
vn -0.0000 0.4199 0.9076
vn -0.0000 0.4279 0.9038
vn 0.4202 0.2203 0.8803
vn 0.0232 0.3989 0.9167
vn 0.0377 0.4181 0.9076
vn -0.0000 0.4168 0.9090
vn -0.0377 0.4181 0.9076
vn -0.1363 0.4318 0.8916
vn -0.0760 0.2870 0.9549
vn -0.0569 0.4011 0.9143
vn -0.0000 0.4063 0.9138
vn 0.0151 0.6351 0.7723
vn 0.0732 0.6876 0.7224
vn -0.1692 0.5124 0.8419
vn -0.3283 0.3241 0.8872
vn -0.2020 0.6411 0.7404
vn -0.3387 0.4178 0.8430
vn -0.4429 0.4887 0.7517
vn -0.2630 0.5030 0.8233
vn -0.3734 0.5711 0.7310
vn -0.4385 0.5090 0.7407
vn -0.1562 0.2885 0.9447
vn -0.0880 0.4014 0.9117
vn 0.3282 0.1391 0.9343
vn 0.6207 -0.1502 0.7695
vn -0.5219 0.5935 0.6127
vn -0.5438 0.5823 0.6043
vn -0.4686 0.6295 0.6198
vn -0.6095 0.6980 0.3759
vn -0.6006 0.7271 0.3326
vn -0.5993 0.8005 -0.0056
vn -0.6418 0.7667 0.0130
vn -0.5919 0.7133 0.3754
vn -0.0030 0.8383 0.5451
vn 0.1356 0.9692 0.2054
vn -0.6308 0.7759 -0.0059
vn 0.1083 0.9238 0.3673
vn 0.6455 0.7598 -0.0780
vn 0.7223 0.6906 0.0382
vn 0.0062 0.8023 0.5968
vn 0.7040 0.6934 0.1533
vn 0.6694 0.7001 0.2484
vn 0.6342 0.6712 0.3838
vn 0.1918 0.9805 0.0435
vn 0.1869 0.9759 0.1130
vn 0.5829 0.6613 0.4721
vn 0.1756 0.9821 0.0685
vn 0.4661 0.6259 0.6253
vn -0.3303 0.5947 -0.7329
vn -0.1645 0.5069 -0.8461
vn -0.1632 0.4168 -0.8942
vn -0.1141 0.3949 -0.9116
vn -0.3313 0.5323 -0.7790
vn -0.4674 0.6916 -0.5506
vn -0.4615 0.6724 -0.5787
vn -0.2431 0.5615 -0.7910
vn -0.0640 0.9022 -0.4265
vn -0.1792 0.9164 -0.3579
vn -0.3611 0.7428 -0.5637
vn -0.5056 0.8054 -0.3094
vn -0.2976 0.9394 -0.1703
vn -0.1284 0.9746 0.1836
vn -0.3786 0.9213 0.0892
vn -0.1283 0.9917 -0.0084
vn -0.3639 0.8555 0.3684
vn -0.0995 0.9029 0.4181
vn -0.2591 0.7348 0.6268
vn -0.0008 0.8001 0.5999
vn 0.0290 0.9255 0.3776
vn 0.0442 0.8085 0.5868
vn -0.0681 0.9941 0.0841
vn 0.0514 0.7517 0.6575
vn -0.0521 0.8050 0.5909
vn 0.0429 0.7432 0.6677
vn 0.0859 0.7119 0.6970
vn -0.0402 0.6985 0.7145
vn -0.0769 0.9752 -0.2075
vn 0.0115 0.9789 -0.2039
vn -0.1512 0.7596 -0.6326
vn 0.0746 0.9821 -0.1728
vn 0.0008 0.8380 -0.5457
vn -0.0000 0.3417 -0.9398
vn -0.0000 0.7891 -0.6142
vn -0.0000 0.9766 -0.2151
vn -0.0332 0.7556 -0.6542
vn -0.0004 0.7715 -0.6363
vn 0.0332 0.7556 -0.6542
vn -0.0000 0.5347 -0.8451
vn -0.0000 0.2546 -0.9671
vn 0.0725 0.0116 -0.9973
vn -0.0000 -0.0449 -0.9990
vn 0.1610 -0.9697 0.1836
vn -0.0000 -0.9926 0.1214
vn 0.0730 -0.3659 -0.9278
vn 0.0001 -0.3870 -0.9221
vn -0.0000 -0.2944 -0.9557
vn 0.0353 -0.2711 -0.9619
vn 0.2247 -0.3049 -0.9255
vn 0.1428 -0.2288 -0.9629
vn 0.0108 -0.3583 -0.9336
vn 0.1364 -0.3531 -0.9256
vn 0.1636 -0.3814 -0.9098
vn 0.0087 -0.3609 -0.9326
vn 0.0381 -0.3119 -0.9493
vn -0.0000 -0.2121 -0.9773
vn 0.2264 -0.3447 -0.9110
vn 0.0778 -0.2294 -0.9702
vn 0.0966 -0.1617 -0.9821
vn 0.2869 -0.2563 -0.9230
vn 0.1104 -0.1757 -0.9782
vn 0.3036 -0.2041 -0.9307
vn 0.3046 -0.1767 -0.9360
vn 0.6636 -0.2501 -0.7050
vn 0.6830 -0.1900 -0.7052
vn 0.6316 -0.2707 -0.7265
vn 0.3989 -0.3636 -0.8418
vn 0.9550 -0.1920 -0.2260
vn 0.7974 -0.3460 -0.4943
vn 0.9466 -0.2604 -0.1900
vn 0.9927 -0.0989 0.0691
vn 0.9537 -0.1647 -0.2517
vn 0.4853 -0.8662 -0.1191
vn 0.9914 -0.1308 0.0063
vn 0.2782 -0.6947 -0.6634
vn 0.7922 -0.4665 0.3934
vn -0.4786 -0.4707 0.7412
vn -0.7534 -0.6567 0.0332
vn -0.5952 -0.7772 0.2044
vn -0.7542 -0.5388 -0.3754
vn -0.6614 -0.6653 -0.3464
vn -0.3847 -0.3925 0.8354
vn -0.3551 -0.9103 0.2127
vn -0.2792 -0.5173 0.8090
vn -0.5525 -0.4112 0.7251
vn -0.5871 -0.3133 0.7465
vn -0.2453 -0.2394 0.9394
vn 0.1319 -0.6452 -0.7525
vn 0.5872 -0.3845 -0.7123
vn 0.3107 -0.4058 -0.8596
vn 0.9909 -0.1332 0.0182
vn 0.9212 -0.1439 0.3615
vn 0.8946 -0.2824 0.3464
vn 0.8248 -0.3113 0.4720
vn 0.7418 -0.4144 0.5272
vn 0.7702 -0.3806 0.5118
vn 0.8800 0.1490 0.4511
vn 0.7136 -0.3527 0.6053
vn 0.8978 -0.3268 0.2953
vn 0.8556 -0.3914 0.3388
vn 0.9760 -0.2178 -0.0081
vn 0.9445 -0.3253 -0.0461
vn 0.9297 -0.2404 -0.2791
vn 0.8743 -0.3655 -0.3194
vn 0.9668 -0.2388 -0.0907
vn 0.9043 -0.2317 -0.3584
vn 0.6264 -0.3653 -0.6886
vn 0.6405 -0.1957 -0.7426
vn 0.3046 -0.2818 -0.9098
vn 0.3040 -0.1089 -0.9464
vn 0.3423 0.2913 -0.8933
vn 0.6880 0.1714 -0.7052
vn 0.8924 0.1308 -0.4318
vn 0.6844 0.0282 -0.7286
vn 0.3615 0.1082 -0.9261
vn 0.9976 0.0618 -0.0299
vn 0.8916 -0.0204 -0.4523
vn 0.9959 -0.0511 -0.0753
vn 0.9513 -0.0695 0.3004
vn 0.7970 -0.1455 0.5862
vn 0.9497 -0.1909 0.2483
vn 0.5807 -0.1431 0.8015
vn 0.7827 -0.3267 0.5298
vn 0.5819 -0.3251 0.7455
vn 0.3877 -0.3150 0.8663
vn 0.4062 0.7899 0.4594
vn 0.6595 0.7380 0.1426
vn 0.4992 0.7408 0.4494
vn 0.1666 0.7746 0.6101
vn 0.4870 0.7353 0.4713
vn 0.3351 0.7009 0.6297
vn 0.3996 0.6233 0.6721
vn 0.5972 0.6363 0.4884
vn 0.4545 0.5908 0.6666
vn 0.7481 0.6243 0.2247
vn 0.6784 0.5755 0.4566
vn 0.6300 0.1792 -0.7556
vn 0.7917 0.5511 0.2637
vn 0.5154 0.0357 -0.8562
vn 0.4630 0.0179 -0.8862
vn 0.7382 0.1950 -0.6457
vn 0.8296 0.2733 -0.4869
vn 0.9151 0.3158 -0.2507
vn 0.3629 0.3143 0.8772
vn 0.3364 0.3690 0.8664
vn 0.4059 0.2661 0.8743
vn 0.3914 0.4243 0.8166
vn 0.3940 0.3477 0.8508
vn 0.3944 0.2796 0.8754
vn 0.4362 0.2113 0.8747
vn 0.9401 0.2959 -0.1694
vn 0.3820 0.2246 0.8965
vn 0.3987 0.1548 0.9039
vn 0.9434 0.2232 -0.2452
vn 0.9060 0.2165 0.3636
vn 0.1252 0.0617 0.9902
vn 0.7611 0.2594 0.5945
vn 0.4177 0.0666 0.9061
vn 0.8001 0.1495 0.5810
vn 0.1320 -0.0030 0.9912
vn 0.8852 0.1026 0.4538
vn 0.1850 -0.2995 0.9360
vn 0.4451 -0.1691 0.8794
vn 0.8345 -0.1045 0.5411
vn -0.3296 -0.2084 -0.9208
vn -0.0633 -0.0544 -0.9965
vn -0.0957 0.0296 -0.9950
vn -0.9506 -0.1220 -0.2855
vn -0.9295 -0.1388 -0.3417
vn 0.7927 -0.5442 0.2746
vn -0.9138 -0.2200 0.3414
vn -0.9372 -0.1344 0.3220
vn -0.8128 -0.2049 0.5454
vn -0.9655 -0.2058 0.1598
vn -0.9452 -0.2029 -0.2559
vn -0.0768 -0.0357 -0.9964
vn -0.3773 -0.1178 -0.9186
vn -0.3772 -0.0625 -0.9240
vn -0.7867 -0.1810 -0.5902
vn -0.7716 -0.2186 -0.5974
vn -0.9489 -0.2718 -0.1603
vn -0.9571 -0.2445 -0.1558
vn -0.9449 -0.2597 0.1994
vn -0.9433 -0.2847 0.1705
vn -0.8377 -0.2754 0.4716
vn -0.7850 -0.2244 0.5774
vn 0.2772 0.0359 0.9601
vn 0.3778 0.0442 0.9248
vn -0.1552 0.0491 0.9867
vn -0.0128 0.0563 0.9983
vn -0.9764 -0.1575 0.1480
vn -0.9742 -0.0965 0.2041
vn -0.9715 -0.2323 -0.0469
vn -0.9798 -0.1673 -0.1092
vn -0.9172 -0.2660 0.2967
vn -0.9417 -0.2217 0.2531
vn -0.7877 -0.2595 0.5588
vn -0.7995 -0.2267 0.5563
vn -0.6178 -0.2063 0.7588
vn -0.6163 -0.2409 0.7498
vn -0.3583 -0.2182 0.9077
vn -0.3557 -0.1873 0.9156
vn 0.2123 -0.1171 0.9702
vn 0.1645 -0.1498 0.9749
vn 0.1237 -0.1204 0.9850
vn 0.1666 -0.0760 0.9831
vn -0.8870 -0.1222 0.4454
vn -0.8874 -0.1380 0.4398
vn -0.9558 -0.0883 -0.2804
vn -0.9606 -0.0808 -0.2660
vn -0.9883 -0.1518 0.0169
vn -0.9777 -0.1453 0.1516
vn -0.5074 -0.1620 0.8464
vn -0.4346 -0.3273 0.8390
vn -0.0805 -0.2785 0.9570
vn -0.0691 -0.1100 0.9915
vn -0.2044 -0.1039 0.9734
vn -0.1631 -0.2483 0.9549
vn -0.2638 -0.3149 0.9117
vn -0.2760 -0.1189 0.9538
vn 0.0054 -0.1827 0.9832
vn -0.0258 -0.3595 0.9328
vn 0.3135 -0.2992 0.9012
vn 0.2848 -0.2647 0.9213
vn 0.2578 -0.3975 0.8806
vn -0.5114 0.0368 -0.8586
vn -0.2733 0.0040 -0.9619
vn 0.4929 -0.3801 0.7827
vn 0.4827 -0.2850 0.8281
vn 0.7522 -0.3383 0.5654
vn -0.8264 0.0382 -0.5618
vn 0.9591 -0.2317 -0.1625
vn 0.7393 -0.2563 0.6227
vn -0.9983 -0.0588 -0.0033
vn 0.9846 -0.0821 -0.1545
vn -0.9524 -0.2919 0.0885
vn 0.9890 -0.0881 -0.1192
vn -0.5592 -0.3080 -0.7697
vn 0.9948 -0.0260 -0.0989
vn 0.6165 -0.1524 0.7725
vn 0.1432 -0.2074 -0.9677
vn 0.5983 -0.0926 0.7959
vn -0.1349 -0.1531 0.9790
vn 0.0826 -0.0533 -0.9952
vn -0.1419 -0.0693 0.9875
vn -0.1098 -0.2537 0.9610
vn 0.1793 0.0596 -0.9820
vn 0.0114 0.1186 -0.9929
vn -0.3734 0.0393 -0.9268
vn -0.4192 0.2008 -0.8854
vn -0.5031 0.2790 -0.8179
vn -0.0950 0.1962 -0.9760
vn -0.7009 0.0773 -0.7091
vn -0.7148 0.2441 -0.6553
vn -0.7390 0.3073 -0.5995
vn -0.5420 0.3332 -0.7715
vn -0.7429 0.3411 -0.5760
vn -0.8714 0.2979 -0.3899
vn -0.8832 0.2386 -0.4038
vn -0.9554 0.2586 -0.1429
vn -0.9401 0.2933 -0.1737
vn -0.8579 0.3252 -0.3978
vn -0.9201 0.3549 -0.1658
vn -0.8404 0.3780 -0.3884
vn -0.9380 0.3408 -0.0638
vn -0.8077 0.4737 -0.3510
vn -0.8838 0.4539 -0.1131
vn -0.9645 0.2587 -0.0534
vn -0.8971 0.4408 -0.0316
vn -0.4992 0.3725 -0.7823
vn -0.4820 0.2626 -0.8359
vn -0.9760 0.2173 -0.0108
vn -0.4550 0.1788 -0.8724
vn -0.5714 0.1319 -0.8100
vn -0.0426 0.1194 -0.9919
vn -0.2294 0.2283 -0.9462
vn -0.3456 0.3581 -0.8674
vn -0.6692 0.3936 -0.6303
vn -0.6462 0.4863 -0.5882
vn -0.8107 0.5345 -0.2389
vn -0.7324 0.6298 -0.2587
vn -0.5818 0.5687 -0.5815
vn -0.8477 0.4552 -0.2725
vn -0.8309 0.5378 0.1426
vn -0.8757 0.4669 0.1230
vn -0.7718 0.4354 0.4635
vn -0.7735 0.6264 0.0970
vn -0.7234 0.4909 0.4856
vn -0.3782 0.3984 0.8356
vn -0.6826 0.5581 0.4719
vn -0.3920 0.3426 0.8538
vn -0.3567 0.3551 0.8641
vn -0.3384 0.4176 0.8433
vn -0.3666 0.4759 0.7994
vn -0.3793 0.5920 0.7112
vn -0.4228 0.6699 0.6103
vn -0.8202 0.4763 -0.3168
vn -0.8371 0.3645 -0.4079
vn -0.8265 0.3772 -0.4179
vn -0.6717 0.5941 0.4425
vn -0.7332 0.5317 0.4239
vn -0.6214 0.5018 0.6018
vn -0.7804 0.4641 0.4190
vn -0.5875 0.5812 0.5631
vn -0.6248 0.4172 0.6600
vn -0.5606 0.4673 0.6836
vn -0.5263 0.3524 0.7738
vn -0.7894 0.4333 0.4349
vn -0.6030 0.3743 0.7044
vn -0.7881 0.4382 0.4324
vn -0.5573 0.3804 0.7381
vn -0.4924 0.2882 0.8213
vn -0.5480 0.3562 0.7569
vn -0.3725 0.2337 0.8981
vn -0.4688 0.2670 0.8420
vn -0.4731 0.2702 0.8386
vn -0.4931 0.2753 0.8252
vn -0.5117 0.2535 0.8209
vn -0.5547 0.2100 0.8051
vn -0.4210 0.0380 0.9062
vn -0.5620 0.1939 0.8041
vn -0.6212 0.1509 0.7690
vn -0.3774 0.1342 0.9163
vn -0.3115 0.1356 0.9405
vn -0.2450 0.1874 0.9512
vn -0.3692 0.1732 0.9131
vn -0.1894 0.1367 0.9723
vn -0.3488 0.1190 0.9296
vn -0.6318 0.2070 0.7470
vn -0.4786 0.2263 0.8484
vn -0.4870 0.0744 0.8702
vn -0.1817 -0.0343 0.9828
vn -0.3582 -0.1076 0.9274
vn 0.4289 -0.3710 -0.8236
vn 0.1386 -0.2417 -0.9604
vn 0.3128 -0.2157 -0.9250
vn 0.3279 -0.1192 -0.9372
vn 0.1788 -0.1305 -0.9752
vn 0.6991 -0.1485 -0.6994
vn 0.6691 -0.1903 -0.7184
vn 0.3413 -0.1594 -0.9263
vn 0.2139 -0.1738 -0.9613
vn 0.5082 -0.2441 -0.8259
vn 0.5370 -0.3070 -0.7857
vn 0.8606 -0.3137 -0.4012
vn 0.8944 -0.3595 -0.2660
vn 0.9497 -0.2714 0.1563
vn 0.9455 -0.3093 0.1022
vn 0.5707 -0.1754 -0.8022
vn 0.5189 -0.2317 -0.8228
vn 0.0879 -0.0684 -0.9938
vn 0.1487 -0.1503 -0.9774
vn 0.2318 -0.2103 -0.9498
vn 0.6845 -0.2652 -0.6791
vn 0.6446 -0.2807 -0.7111
vn 0.2534 -0.1515 -0.9554
vn 0.0188 -0.1234 -0.9922
vn 0.2752 -0.2305 -0.9333
vn 0.0619 -0.1418 0.9880
vn -0.2911 -0.0074 0.9566
vn -0.7613 0.1037 0.6400
vn 0.6978 -0.3753 -0.6101
vn -0.6966 0.2370 0.6772
vn -0.2116 0.1212 0.9698
vn -0.1496 0.1540 0.9767
vn 0.0561 0.0254 0.9981
vn -0.7282 0.2184 0.6496
vn -0.0315 0.1041 0.9941
vn -0.6295 0.2694 0.7289
vn -0.9802 0.1361 -0.1438
vn -0.9468 0.2778 -0.1623
vn -0.7347 -0.3423 0.5856
vn -0.9474 0.3074 -0.0896
vn -0.8590 0.3090 0.4082
vn -0.8711 0.3487 0.3459
vn -0.8506 0.2625 0.4557
vn -0.5022 0.2858 0.8161
vn -0.5704 0.2167 0.7923
vn -0.7368 0.4077 0.5394
vn -0.9366 0.2557 -0.2397
vn -0.9343 0.3080 -0.1793
vn -0.8673 0.2517 -0.4295
vn -0.9680 0.1075 -0.2268
vn -0.8578 0.3178 -0.4040
vn -0.3909 0.2872 0.8745
vn -0.3771 0.3051 0.8745
vn -0.4556 0.3258 0.8284
vn -0.0798 0.1398 0.9870
vn -0.7420 0.3260 0.5858
vn -0.8159 0.3797 0.4361
vn -0.5875 0.3109 0.7471
vn -0.1200 0.1473 0.9818
vn -0.8437 0.3400 0.4153
vn -0.6146 0.2886 0.7341
vn -0.8797 0.2674 0.3933
vn -0.9191 0.1261 0.3733
vn -0.9599 0.2795 0.0198
vn -0.9328 0.3567 0.0519
vn -0.8321 0.2463 -0.4969
vn -0.9902 0.1396 -0.0039
vn -0.8433 0.3261 -0.4271
vn -0.5907 0.3033 -0.7478
vn -0.4967 0.2311 -0.8366
vn -0.8534 0.3862 -0.3502
vn -0.9089 0.4071 0.0899
vn 0.1555 0.0338 -0.9873
vn -0.3948 0.1392 -0.9082
vn -0.8494 0.1157 -0.5149
vn -0.3967 -0.0070 -0.9179
vn 0.3178 -0.0446 -0.9471
vn 0.0798 -0.3347 0.9389
vn -0.4276 -0.0938 0.8991
vn 0.3528 -0.2285 -0.9074
vn 0.6066 -0.1785 0.7747
vn -0.3365 -0.5934 -0.7312
vn -0.5387 0.0399 -0.8415
vn -0.9871 0.1553 0.0394
vn -0.9936 -0.1130 -0.0034
vn -0.9764 0.1955 -0.0915
vn -0.9969 0.0164 -0.0770
vn 0.9292 -0.3694 0.0030
vn 0.8346 -0.4101 0.3678
vn -0.8967 0.0683 -0.4373
vn 0.8759 -0.2767 0.3952
vn 0.7081 -0.2788 0.6488
vn 0.6580 -0.4045 0.6352
vn 0.3931 -0.3744 0.8398
vn 0.4568 -0.2289 0.8596
vn -0.0396 -0.1167 0.9924
vn 0.5380 -0.2535 0.8039
vn 0.7332 -0.2907 0.6147
vn 0.8753 -0.2865 0.3895
vn 0.9607 -0.2461 0.1287
vn 0.9724 -0.2239 0.0661
vn 0.9773 -0.1996 0.0704
vn 0.9862 -0.1605 0.0404
vn 0.6930 -0.0922 0.7150
vn 0.7278 -0.1449 0.6704
vn -0.3360 0.0401 0.9410
vn -0.2807 0.0181 0.9596
vn 0.1664 -0.1198 0.9788
vn 0.2756 -0.1605 0.9478
vn 0.8287 -0.2625 0.4943
vn 0.8464 -0.2950 0.4434
vn 0.9514 -0.2998 -0.0710
vn 0.9397 -0.3244 -0.1082
vn 0.8627 -0.2979 -0.4087
vn 0.8439 -0.3146 -0.4345
vn 0.8358 -0.3939 -0.3825
vn 0.9158 -0.3998 -0.0380
vn 0.7694 -0.3928 0.5037
vn 0.9694 -0.2415 0.0433
vn 0.0387 -0.1507 0.9878
vn -0.1280 -0.1054 0.9862
vn 0.5161 -0.1572 0.8420
vn 0.9948 -0.1013 0.0103
vn 0.9822 -0.1413 -0.1240
vn 0.7030 -0.3114 0.6394
vn 0.4493 -0.3196 0.8343
vn -0.8550 0.3602 -0.3732
vn -0.8782 0.1494 0.4544
vn 0.9010 -0.4090 0.1447
vn 0.7623 -0.4510 -0.4643
vn 0.5911 -0.1930 -0.7832
vn 0.6181 -0.2242 -0.7534
vn 0.2959 -0.1289 -0.9465
vn 0.6096 -0.1513 -0.7781
vn 0.2978 -0.2203 -0.9289
vn 0.6908 -0.2676 -0.6717
vn 0.5688 -0.2614 -0.7799
vn 0.2564 -0.2171 -0.9419
vn -0.2704 -0.0703 0.9602
vn -0.5895 -0.0383 0.8068
vn -0.2835 0.1232 0.9510
vn -0.5774 0.1541 0.8018
vn -0.7055 -0.0446 0.7073
vn -0.6711 0.1493 0.7262
vn -0.5638 0.2515 0.7867
vn -0.3062 0.2533 0.9176
vn -0.3443 0.2078 0.9156
vn -0.1392 0.2033 0.9692
vn -0.1729 0.1408 0.9748
vn -0.4186 0.2268 0.8794
vn -0.1896 0.2508 0.9493
vn -0.3262 0.3044 0.8950
vn 0.0042 0.0979 0.9952
vn -0.1009 0.2042 0.9737
vn 0.2183 0.1563 0.9633
vn 0.0140 0.1658 0.9861
vn 0.1992 0.0957 0.9753
vn 0.1889 0.2418 0.9518
vn 0.3938 0.1038 0.9133
vn 0.3917 0.1667 0.9048
vn 0.5668 0.2190 0.7942
vn 0.5924 0.1766 0.7861
vn 0.3583 0.2941 0.8861
vn 0.7831 0.2350 0.5758
vn 0.7662 0.2896 0.5737
vn 0.7924 0.1074 0.6005
vn 0.5949 0.0294 0.8032
vn 0.4318 -0.0026 0.9020
vn 0.8027 -0.1552 0.5758
vn 0.6051 -0.2423 0.7584
vn 0.9512 -0.0315 0.3071
vn -0.5929 -0.0323 -0.8047
vn -0.7714 -0.1267 -0.6237
vn -0.6084 -0.0153 -0.7935
vn -0.8011 -0.1010 -0.5899
vn -0.8924 -0.2471 -0.3775
vn -0.9484 -0.1944 -0.2506
vn -0.7832 -0.2649 -0.5626
vn -0.5745 -0.1860 -0.7971
vn -0.3534 -0.1198 -0.9278
vn -0.2517 0.0017 -0.9678
vn -0.2182 -0.1108 -0.9696
vn -0.4000 0.0205 -0.9163
vn -0.0711 -0.0368 -0.9968
vn -0.0234 -0.1323 -0.9909
vn 0.0712 -0.1692 -0.9830
vn -0.0858 -0.1049 -0.9908
vn -0.2611 -0.0684 -0.9629
vn 0.0879 -0.0943 -0.9917
vn 0.1046 -0.1735 -0.9793
vn 0.1074 -0.1975 0.9744
vn -0.0636 -0.1124 0.9916
vn 0.2860 -0.2422 0.9271
vn 0.0684 0.0162 0.9975
vn 0.2603 -0.0060 0.9655
vn 0.4457 -0.2570 0.8575
vn -0.3976 -0.0258 -0.9172
vn -0.0890 0.0754 0.9932
vn -0.9462 -0.3035 -0.1124
vn -0.8417 -0.4321 0.3238
vn -0.7891 -0.2165 0.5749
vn 0.6350 -0.1672 -0.7542
vn 0.9777 0.0964 -0.1866
vn -0.3803 -0.4639 0.8001
vn 0.9225 0.2275 -0.3118
vn 0.7443 -0.3626 -0.5608
vn 0.8661 0.1473 -0.4777
vn 0.9232 0.2639 -0.2795
vn 0.9394 0.1985 0.2795
vn 0.9185 0.3201 0.2320
vn 0.9219 0.2430 0.3019
vn 0.9132 0.2398 -0.3294
vn 0.9166 0.2728 0.2923
vn 0.8226 0.2490 0.5112
vn 0.8672 0.3703 0.3330
vn 0.6807 0.3885 0.6210
vn 0.5653 0.3131 0.7632
vn 0.8293 0.4104 0.3792
vn 0.6238 0.4269 0.6547
vn 0.3319 0.3803 0.8633
vn 0.3154 0.4097 0.8560
vn -0.0121 0.3412 0.9399
vn 0.0030 0.3633 0.9317
vn -0.2866 0.3089 0.9069
vn 0.0308 0.4353 0.8997
vn 0.2701 0.4878 0.8301
vn 0.2381 0.5587 0.7944
vn 0.0635 0.5250 0.8487
vn -0.2524 0.3719 0.8933
vn -0.1993 0.4748 0.8572
vn -0.4525 0.3328 0.8273
vn -0.4345 0.4432 0.7840
vn -0.1234 0.6080 0.7843
vn -0.4339 0.5809 0.6887
vn 0.0749 0.6171 0.7833
vn 0.2168 0.6113 0.7611
vn 0.0490 0.7154 0.6970
vn 0.1380 0.7017 0.6989
vn 0.0244 0.7658 0.6426
vn 0.1772 -0.3237 0.9294
vn -0.2315 0.7585 0.6092
vn 0.0215 -0.2496 0.9681
vn 0.3885 -0.1533 0.9086
vn 0.3607 -0.2166 0.9072
vn 0.5261 -0.2701 0.8064
vn 0.4034 -0.4628 0.7894
vn -0.4656 0.7064 0.5331
vn -0.4308 0.6813 0.5918
vn -0.4475 -0.7152 0.5369
vn -0.0603 0.7219 0.6894
vn -0.5165 0.6674 0.5364
vn -0.4505 0.6725 0.5872
vn -0.5289 0.6559 0.5386
vn -0.5656 0.5809 0.5854
vn -0.6560 0.6563 0.3727
vn -0.6984 0.6649 0.2648
vn -0.7867 -0.3160 0.5303
vn -0.9490 -0.1954 0.2474
vn -0.4789 0.7614 0.4369
vn -0.9942 -0.0880 -0.0612
vn -0.8989 -0.0294 -0.4371
vn -0.6319 0.7414 -0.2260
vn -0.5787 0.8147 0.0362
vn -0.6844 0.0282 -0.7285
vn -0.6850 -0.4689 -0.5575
vn -0.3615 0.1082 -0.9261
vn -0.4739 0.6815 -0.5576
vn -0.2198 0.2293 -0.9482
vn -0.3423 0.2913 -0.8933
vn -0.2056 0.3752 -0.9039
vn -0.0156 0.3093 -0.9508
vn -0.3707 -0.5373 -0.7575
vn 0.0636 0.7531 -0.6548
vn 0.1433 0.7416 -0.6554
vn 0.2670 0.7260 -0.6337
vn -0.1625 0.7433 -0.6489
vn -0.2907 0.6911 -0.6617
vn -0.2102 0.6978 -0.6847
vn -0.4716 0.7755 -0.4198
vn -0.6101 0.7667 -0.1999
vn -0.6070 0.7578 -0.2395
vn -0.6867 0.6962 -0.2090
vn -0.6993 0.6586 -0.2777
vn -0.7640 0.6451 -0.0061
vn -0.6147 0.6930 -0.3767
vn -0.6428 0.5933 -0.4846
vn -0.7532 0.5974 -0.2754
vn -0.8266 0.5620 -0.0317
vn -0.6841 0.4864 -0.5435
vn -0.5492 0.3983 -0.7346
vn -0.7192 0.3983 -0.5693
vn -0.5255 0.4788 -0.7033
vn -0.2275 0.5140 -0.8271
vn -0.2554 0.4289 -0.8665
vn -0.4706 0.5652 -0.6775
vn -0.4043 0.6507 -0.6428
vn -0.2095 0.6019 -0.7706
vn -0.1921 0.5618 -0.8046
vn -0.0466 0.4362 -0.8986
vn -0.6261 0.5608 -0.5418
vn -0.7580 0.4406 -0.4809
vn -0.0638 0.3881 -0.9194
vn -0.4956 0.6265 -0.6015
vn -0.6838 0.4892 -0.5415
vn -0.7736 0.4436 -0.4525
vn -0.8579 0.3548 -0.3717
vn -0.8978 0.3165 -0.3063
vn -0.9033 0.2920 -0.3144
vn -0.9548 0.2339 -0.1836
vn -0.0623 0.3142 -0.9473
vn -0.1146 0.2547 -0.9602
vn -0.9484 0.2281 -0.2204
vn -0.9768 0.1671 -0.1338
vn -0.0023 0.3388 -0.9409
vn -0.2056 0.1969 -0.9586
vn 0.0507 0.2569 -0.9651
vn -0.2383 0.3467 -0.9072
vn 0.1061 0.1780 -0.9783
vn -0.1742 0.2652 -0.9483
vn -0.3519 0.1680 -0.9208
vn 0.1481 0.1262 -0.9809
vn -0.9971 0.0347 0.0678
vn -0.5511 0.0743 -0.8312
vn -0.9900 0.1305 -0.0534
vn -0.9718 0.1978 -0.1280
vn -0.9933 0.1127 -0.0255
vn -0.7888 0.2235 -0.5725
vn -0.4867 0.2513 -0.8367
vn -0.7547 0.3049 -0.5810
vn -0.4560 0.3158 -0.8321
vn -0.7416 0.3216 -0.5887
vn -0.4803 0.3369 -0.8098
vn -0.7317 0.3671 -0.5744
vn -0.5151 0.4012 -0.7574
vn -0.7189 0.4192 -0.5545
vn -0.5288 0.4686 -0.7077
vn -0.5226 0.5460 -0.6548
vn -0.2951 0.5798 -0.7594
vn -0.3454 0.6481 -0.6788
vn -0.2703 0.5022 -0.8214
vn 0.0368 0.5096 -0.8596
vn 0.0272 0.5950 -0.8033
vn 0.2003 0.4922 -0.8471
vn 0.2015 0.4047 -0.8920
vn 0.0615 0.4178 -0.9065
vn 0.1970 0.3083 -0.9307
vn 0.0988 0.3220 -0.9416
vn -0.2470 0.4167 -0.8748
vn -0.2165 0.3296 -0.9190
vn 0.1605 0.2571 -0.9530
vn -0.1685 0.2905 -0.9419
vn 0.2381 0.1630 -0.9575
vn 0.0015 0.1786 -0.9839
vn -0.2878 0.2255 -0.9308
vn 0.0102 -0.0562 -0.9984
vn 0.2733 -0.1010 -0.9566
vn 0.1860 -0.1321 -0.9736
vn 0.2032 0.1269 -0.9709
vn 0.1318 0.1325 -0.9824
vn 0.1951 0.2248 -0.9547
vn 0.4092 0.1635 -0.8977
vn 0.1169 -0.0713 -0.9906
vn 0.1721 0.2391 -0.9556
vn 0.6490 0.2722 -0.7104
vn 0.1942 0.3235 -0.9261
vn 0.2075 0.4187 -0.8841
vn 0.5760 0.3502 -0.7386
vn 0.5059 0.4377 -0.7433
vn 0.9857 0.1615 -0.0482
vn 0.9453 0.2534 -0.2055
vn 0.9847 0.1655 -0.0539
vn 0.8713 0.3474 -0.3467
vn 0.9766 0.2097 -0.0479
vn -0.0501 0.2322 -0.9714
vn 0.9842 0.1305 -0.1199
vn 0.1485 0.3129 -0.9381
vn 0.7000 0.3943 -0.5955
vn -0.0009 0.3349 -0.9422
vn -0.0370 0.2656 -0.9634
vn 0.3295 0.2631 -0.9067
vn -0.0716 0.1940 -0.9784
vn 0.3247 0.3453 -0.8805
vn 0.2902 0.4069 -0.8662
vn 0.5771 0.2903 -0.7634
vn 0.5575 0.3771 -0.7396
vn 0.7019 0.4457 -0.5556
vn 0.7356 0.3865 -0.5563
vn 0.5283 0.4386 -0.7270
vn 0.9031 0.3018 -0.3054
vn 0.7615 0.3056 -0.5717
vn 0.8612 0.3713 -0.3470
vn 0.9452 0.1831 -0.2704
vn 0.7926 0.1848 -0.5810
vn 0.5953 0.1753 -0.7842
vn 0.6217 -0.0353 -0.7824
vn 0.3388 -0.0176 -0.9407
vn 0.3276 0.1644 -0.9304
vn -0.1409 0.1099 -0.9839
vn -0.1549 -0.0637 -0.9859
vn -0.2963 -0.3089 -0.9038
vn -0.2963 0.0461 -0.9540
vn -0.1983 0.1535 -0.9680
vn 0.9765 0.0791 -0.2006
vn 0.9835 -0.1005 0.1506
vn 0.9940 0.0886 0.0635
vn 0.8444 -0.4656 -0.2648
vn 0.9538 -0.0497 -0.2964
vn 0.9499 0.1164 -0.2901
vn 0.4408 -0.0270 -0.8972
vn -0.8921 -0.3869 0.2334
vn -0.9249 -0.2282 -0.3040
vn -0.8393 -0.2034 0.5041
vn 0.2027 -0.1469 0.9682
vn 0.2667 -0.2672 0.9260
vn -0.3184 -0.3377 0.8858
vn -0.5931 -0.3465 0.7267
vn -0.7702 -0.3683 0.5207
vn -0.9108 -0.3805 0.1603
vn 0.8122 -0.0538 -0.5808
vn 0.9648 -0.0749 -0.2521
vn -0.9321 -0.3107 -0.1863
vn 0.9841 0.1519 0.0926
vn 0.9863 -0.1302 0.1012
vn 0.9864 0.1224 0.1099
vn 0.9428 -0.3331 -0.0109
vn -0.9459 -0.1955 0.2591
vn 0.0713 -0.0576 0.9958
vn -0.1542 -0.5603 -0.8138
vn 0.5609 -0.1447 0.8151
vn -0.2889 -0.1873 -0.9389
vn -0.6299 -0.3635 0.6864
vn 0.6153 -0.0176 -0.7881
vn 0.6510 0.1808 -0.7372
vn -0.1845 -0.0041 -0.9828
vn -0.0231 0.0618 -0.9978
vn 0.6737 0.2718 -0.6872
vn 0.9429 0.2159 -0.2537
vn 0.9642 -0.0130 -0.2650
vn 0.9692 0.1954 0.1501
vn 0.9366 0.3128 0.1578
vn 0.9149 0.3212 -0.2446
vn 0.9022 0.3973 0.1679
vn 0.8693 0.4627 0.1738
vn 0.7256 0.3463 0.5946
vn 0.8643 0.4548 -0.2149
vn 0.8931 0.3904 -0.2233
vn 0.6889 0.3789 -0.6180
vn 0.6981 0.3263 -0.6373
vn 0.4035 0.2374 -0.8836
vn 0.2268 0.1596 -0.9608
vn 0.7453 0.2611 -0.6135
vn 0.5198 0.1388 -0.8429
vn 0.1706 0.0009 -0.9853
vn 0.9614 0.2695 0.0560
vn 0.9388 0.3438 -0.0215
vn 0.9700 0.2116 0.1193
vn 0.9040 0.3924 -0.1698
vn 0.9432 0.3220 -0.0823
vn 0.8477 0.4685 -0.2488
vn 0.8208 0.4321 -0.3737
vn 0.7817 0.4960 -0.3782
vn 0.6624 0.5037 -0.5545
vn 0.6071 0.5671 -0.5566
vn 0.7362 0.5631 -0.3755
vn 0.4801 0.4959 -0.7236
vn 0.4123 0.5594 -0.7191
vn 0.2583 0.5280 -0.8090
vn 0.2564 0.4588 -0.8508
vn 0.3126 0.5100 -0.8014
vn 0.1456 0.4146 -0.8983
vn 0.7769 0.4469 -0.4436
vn 0.7621 0.4436 -0.4716
vn 0.5951 0.5593 -0.5771
vn 0.3847 0.6394 -0.6657
vn 0.4498 0.5138 -0.7305
vn 0.3804 0.5846 -0.7166
vn 0.2159 0.5814 -0.7844
vn 0.2310 0.5055 -0.8313
vn 0.0119 0.6825 -0.7307
vn 0.1670 0.6700 -0.7233
vn 0.3479 0.6527 -0.6730
vn 0.2760 0.6114 -0.7416
vn 0.3092 0.7103 -0.6324
vn 0.2724 0.6965 -0.6639
vn 0.2355 0.7183 -0.6547
vn 0.3214 0.6238 -0.7125
vn 0.3822 0.7370 -0.5574
vn 0.3446 0.7732 -0.5323
vn 0.5571 0.7482 -0.3602
vn 0.6589 0.6467 -0.3842
vn 0.4997 0.6481 -0.5747
vn 0.7043 0.6346 -0.3182
vn 0.7844 0.5414 -0.3025
vn 0.7375 0.5511 -0.3904
vn 0.8590 0.4300 -0.2780
vn 0.6842 0.6365 -0.3560
vn 0.7495 0.6067 -0.2648
vn 0.8089 0.5368 -0.2398
vn 0.6703 0.4529 -0.5878
vn 0.5036 0.3168 -0.8038
vn 0.8203 0.5468 0.1676
vn 0.7656 0.6288 0.1363
vn 0.7007 0.6840 -0.2029
vn 0.6891 0.7117 0.1365
vn 0.6247 0.5546 0.5497
vn 0.6625 0.4735 0.5804
vn 0.7026 0.4031 0.5864
vn 0.5959 0.7878 0.1559
vn 0.6184 0.7731 -0.1413
vn 0.6093 0.7383 -0.2893
vn 0.5500 0.8350 -0.0174
vn 0.5085 0.8020 -0.3134
vn 0.4858 0.7690 0.4155
vn 0.5303 0.7538 0.3881
vn 0.4019 0.6494 0.6455
vn 0.4634 0.6706 0.5793
vn 0.5991 0.5561 0.5761
vn 0.3965 0.5305 0.7492
vn 0.5786 0.6497 0.4931
vn 0.6626 0.3163 -0.6790
vn 0.6196 0.7298 -0.2888
vn 0.2041 0.2321 -0.9510
vn 0.1927 0.3757 -0.9065
vn -0.0147 0.4340 -0.9008
vn 0.1331 -0.1074 -0.9853
vn -0.0092 -0.1101 -0.9939
vn -0.0038 -0.2407 -0.9706
vn 0.1252 -0.2519 -0.9596
vn -0.1424 -0.1325 -0.9809
vn -0.1280 -0.2629 -0.9563
vn -0.3028 -0.1434 -0.9422
vn 0.9661 0.2576 0.0187
vn -0.1659 -0.0740 -0.9834
vn 0.9871 -0.0563 0.1497
vn -0.7491 -0.3095 -0.5857
vn -0.9010 -0.3940 -0.1814
vn -0.8837 -0.4098 0.2261
vn -0.8335 0.5523 0.0155
vn -0.5369 0.5062 -0.6749
vn -0.4344 0.5008 -0.7486
vn -0.4835 0.5905 -0.6461
vn -0.6225 0.7060 -0.3378
vn -0.6918 0.7220 0.0090
vn -0.6333 0.6502 0.4198
vn -0.6046 0.7912 -0.0917
vn -0.5611 0.7707 0.3020
vn 0.5415 0.5200 0.6606
vn 0.7531 0.5057 0.4208
vn 0.8695 0.4593 0.1816
vn 0.6160 0.0959 -0.7819
vn 0.9255 0.3662 0.0963
vn 0.9440 0.3286 -0.0308
vn 0.9680 0.2176 -0.1250
vn 0.7322 0.1840 -0.6558
vn 0.2304 -0.9463 0.2267
vn -0.5649 0.7502 -0.3436
vn -0.5636 0.7548 -0.3357
vn 0.0569 0.4011 0.9143
vn 0.1363 0.4318 0.8916
vn -0.0151 0.6351 0.7723
vn -0.1128 0.6974 0.7077
vn -0.0732 0.6876 0.7223
vn 0.1692 0.5124 0.8419
vn -0.0859 0.7119 0.6970
vn -0.0514 0.7517 0.6575
vn 0.2019 0.6411 0.7404
vn 0.4430 0.4887 0.7516
vn 0.2591 0.7348 0.6268
vn 0.0008 0.8001 0.5998
vn 0.3283 0.3241 0.8872
vn -0.0442 0.8085 0.5868
vn -0.0290 0.9255 0.3775
vn 0.0995 0.9029 0.4181
vn 0.1285 0.9746 0.1836
vn 0.3786 0.9213 0.0891
vn 0.3639 0.8555 0.3684
vn 0.5993 0.8005 -0.0056
vn 0.5438 0.5823 0.6044
vn 0.6006 0.7271 0.3326
vn 0.6095 0.6980 0.3759
vn 0.5219 0.5935 0.6127
vn 0.4686 0.6295 0.6198
vn 0.3734 0.5711 0.7310
vn 0.4385 0.5090 0.7407
vn 0.3387 0.4178 0.8430
vn 0.0760 0.2870 0.9549
vn -0.0063 0.8023 0.5969
vn -0.6455 0.7598 -0.0780
vn 0.0030 0.8383 0.5451
vn 0.5919 0.7133 0.3754
vn -0.1083 0.9238 0.3673
vn -0.7223 0.6905 0.0383
vn -0.7040 0.6934 0.1533
vn -0.6694 0.7001 0.2484
vn -0.6342 0.6712 0.3838
vn -0.1356 0.9692 0.2054
vn -0.1869 0.9758 0.1131
vn -0.5829 0.6613 0.4721
vn -0.1918 0.9805 0.0435
vn 0.5636 0.7548 -0.3357
vn 0.6308 0.7759 -0.0059
vn 0.5649 0.7502 -0.3436
vn 0.6419 0.7667 0.0131
vn 0.5057 0.8054 -0.3093
vn 0.2976 0.9394 -0.1703
vn 0.1283 0.9917 -0.0084
vn 0.0682 0.9941 0.0841
vn 0.2399 0.9645 -0.1107
vn 0.2505 0.8503 -0.4629
vn 0.2350 0.9255 -0.2969
vn 0.1414 0.9472 0.2878
vn 0.1962 0.9619 0.1902
vn 0.1624 0.7837 0.5995
vn 0.3089 0.8833 0.3527
vn 0.3228 0.9331 -0.1585
vn 0.2941 0.7540 0.5874
vn -0.0566 -0.8471 -0.5285
vn 0.3059 0.5099 0.8040
vn -0.0910 -0.6729 -0.7341
vn 0.0467 -0.6182 -0.7846
vn 0.3183 0.3289 0.8891
vn 0.1659 -0.5248 -0.8349
vn -0.1190 -0.5341 -0.8370
vn 0.2923 -0.4478 -0.8450
vn 0.3242 0.2242 0.9190
vn -0.1109 -0.4375 -0.8923
vn 0.9947 -0.1002 0.0216
vn 0.3413 0.1937 0.9198
vn -0.0717 -0.3949 -0.9159
vn 0.4357 -0.7160 -0.5454
vn 0.5320 0.0999 0.8408
vn 0.4603 -0.5701 -0.6805
vn 0.3798 0.3500 0.8563
vn 0.3551 0.3704 0.8583
vn 0.0941 0.4036 0.9101
vn 0.1108 0.4301 0.8960
vn 0.0263 0.4103 0.9116
vn 0.0256 0.4067 0.9132
vn 0.0175 0.4102 0.9118
vn 0.0392 0.4194 0.9070
vn 0.0626 0.2870 0.9559
vn 0.0231 0.3119 0.9498
vn -0.0000 0.4090 0.9125
vn -0.0000 0.3147 0.9492
vn -0.0000 0.0949 0.9955
vn -0.0000 0.4026 0.9154
vn 0.0350 0.4025 0.9147
vn 0.0385 0.4919 0.8698
vn 0.0149 0.4865 0.8735
vn 0.0650 0.4131 0.9084
vn 0.1405 0.4055 0.9032
vn 0.1513 0.4013 0.9034
vn 0.1605 0.4957 0.8535
vn 0.1476 0.6056 0.7820
vn 0.0560 0.5753 0.8160
vn 0.0402 0.6985 0.7145
vn -0.0429 0.7432 0.6677
vn 0.0521 0.8050 0.5909
vn 0.0497 0.9816 -0.1843
vn -0.0536 0.9042 0.4236
vn 0.1450 0.8898 0.4327
vn 0.2783 0.9306 -0.2378
vn 0.4601 0.8303 0.3143
vn 0.3673 0.6248 0.6890
vn -0.1127 0.7125 -0.6926
vn 0.2188 0.6666 -0.7126
vn -0.2348 0.3532 -0.9056
vn -0.0301 0.0329 -0.9990
vn -0.4102 -0.0943 -0.9071
vn -0.6830 -0.1900 -0.7052
vn -0.4227 0.5243 -0.7392
vn -0.4042 0.4617 -0.7896
vn -0.5442 0.7668 -0.3405
vn 0.0536 0.9042 0.4237
vn 0.1744 0.6215 0.7638
vn 0.2935 0.2330 0.9271
vn 0.4095 0.2749 0.8699
vn -0.6631 0.0236 0.7481
vn -0.8910 0.0630 0.4496
vn -0.7399 0.2187 0.6361
vn -0.8988 0.1448 0.4138
vn -0.9147 0.0006 0.4042
vn -0.1405 0.4055 0.9032
vn -0.6721 0.6758 0.3028
vn -0.9966 0.0678 0.0471
vn -0.8779 -0.1868 0.4409
vn -0.5658 -0.4236 -0.7074
vn -0.4312 -0.8341 -0.3440
vn -0.8365 0.2464 -0.4894
vn -0.4794 0.7337 -0.4815
vn 0.5105 0.7839 -0.3535
vn -0.2163 0.3711 -0.9030
vn 0.9122 0.4094 -0.0155
vn 0.6464 0.4065 -0.6457
vn 0.3964 0.8431 0.3634
vn 0.9851 0.1720 -0.0041
vn 0.9852 0.0224 -0.1702
vn 0.6727 -0.0880 -0.7347
vn 0.8992 0.0717 0.4317
vn 0.7652 -0.1555 0.6248
vn 0.9293 -0.1179 0.3499
vn 0.0828 -0.8330 0.5470
vn 0.9262 -0.3389 -0.1656
vn 0.9139 0.3774 0.1496
vn 0.5334 0.2734 0.8004
vn 0.9176 0.2771 0.2849
vn 0.9865 0.1288 0.1016
vn -0.4862 0.0351 0.8731
vn 0.6719 -0.1935 0.7149
vn -0.3088 -0.4264 0.8502
vn 0.6953 -0.5917 0.4079
vn -0.3398 -0.8017 0.4918
vn -0.3573 -0.8599 -0.3645
vn 0.6903 -0.6582 -0.3004
vn 0.9905 -0.0941 0.0998
vn -0.3158 -0.1885 -0.9299
vn 0.9990 -0.0288 -0.0354
vn 0.8603 0.4244 -0.2825
vn 0.7395 0.6227 0.2555
vn 0.0239 0.8107 -0.5850
vn 0.0030 0.9149 0.4036
vn -0.0620 0.1376 0.9885
vn -0.4250 0.8244 0.3738
vn -0.4500 0.7114 -0.5398
vn 0.0248 0.4033 -0.9147
vn -0.3025 0.3369 -0.8916
vn 0.9086 0.1959 -0.3688
vn 0.1927 -0.0583 -0.9795
vn 0.6911 0.3870 -0.6104
vn 0.3620 -0.8536 -0.3747
vn -0.6717 -0.6969 0.2513
vn -0.5825 -0.3941 0.7109
vn -0.1169 -0.4171 0.9013
vn -0.6561 -0.0428 0.7535
vn -0.7726 -0.1507 -0.6167
vn -0.7196 -0.6430 -0.2620
vn -0.6194 0.2290 -0.7509
vn -0.7863 -0.5289 0.3193
vn -0.7054 -0.3866 0.5941
vn 0.7249 0.2021 -0.6586
vn 0.0220 0.3757 -0.9265
vn 0.7676 0.2463 -0.5917
vn -0.0496 0.4149 -0.9085
vn 0.9940 -0.0914 -0.0594
vn 0.9999 0.0043 -0.0163
vn 0.7485 -0.3422 0.5681
vn -0.0130 -0.3964 0.9180
vn 0.7892 -0.2621 0.5555
vn 0.0594 -0.4342 0.8989
vn -0.7979 -0.1407 0.5862
vn -0.8167 -0.2564 0.5169
vn -0.9998 -0.0145 0.0118
vn -0.9910 0.1151 0.0687
vn -0.8367 0.1998 -0.5099
vn -0.8170 0.3299 -0.4730
vn -0.8233 0.0690 -0.5634
vn -0.9781 -0.1964 -0.0692
vn -0.0228 0.4135 -0.9102
vn -0.8456 0.3163 -0.4300
vn -0.1632 0.9009 0.4021
vn -0.9815 0.1692 0.0896
vn -0.1320 0.8724 -0.4707
vn 0.6084 0.7104 -0.3539
vn 0.7552 0.6054 0.2513
vn 0.6326 0.2187 0.7430
vn -0.0997 0.2258 0.9691
vn -0.8260 -0.1240 0.5498
vn 0.0163 -0.3967 0.9178
vn -0.8030 -0.3840 0.4557
vn 0.7650 -0.1021 0.6359
vn 0.9788 0.1936 0.0676
vn 0.7422 0.4139 -0.5271
vn -0.9787 0.0153 0.2048
vn -0.2928 -0.3520 0.8890
vn -0.9729 0.0533 0.2249
vn -0.2919 -0.3896 0.8735
vn -0.9730 0.2005 -0.1143
vn -0.9818 0.1338 -0.1348
vn -0.0043 0.2771 -0.9608
vn 0.0622 0.3640 -0.9293
vn 0.1712 0.4674 -0.8673
vn 0.2397 0.5157 -0.8226
vn -0.9452 0.3264 -0.0057
vn -0.8162 0.5395 0.2068
vn 0.1773 0.5363 -0.8252
vn 0.0406 0.6357 -0.7708
vn -0.3689 0.7788 0.5073
vn 0.1710 0.8129 0.5567
vn 0.0311 0.6965 -0.7169
vn 0.5127 0.7747 0.3701
vn 0.0782 0.6985 -0.7113
vn 0.6676 0.7160 0.2044
vn -0.6887 0.2172 -0.6918
vn -0.9105 -0.4134 0.0086
vn -0.6951 -0.6030 0.3915
vn -0.9101 -0.2383 -0.3389
vn 0.7626 0.6333 0.1315
vn -0.7767 -0.1620 -0.6087
vn -0.9168 -0.3957 -0.0536
vn 0.9900 -0.0189 0.1398
vn 0.9115 0.2467 0.3290
vn 0.9083 0.4171 -0.0317
vn 0.9808 0.1742 -0.0878
vn 0.9798 -0.1857 -0.0741
vn 0.7859 0.4574 0.4162
vn 0.6930 0.5099 0.5097
vn -0.0672 -0.6822 0.7280
vn -0.0269 -0.6646 0.7467
vn 0.5245 0.5837 0.6198
vn -0.0405 -0.5773 0.8156
vn -0.3587 0.5875 0.7254
vn 0.1858 0.6279 0.7557
vn -0.1743 -0.4659 0.8675
vn -0.3109 -0.4262 0.8496
vn -0.8022 0.3675 0.4705
vn -0.3173 -0.3706 0.8729
vn -0.9482 0.1590 0.2752
vn 0.9619 -0.1314 -0.2399
vn 0.2791 0.2247 -0.9336
vn 0.9966 0.0677 0.0471
vn 0.5658 -0.4236 -0.7074
vn 0.4312 -0.8341 -0.3440
vn 0.8779 -0.1868 0.4409
vn 0.6720 0.6749 0.3047
vn 0.8365 0.2464 -0.4894
vn 0.4794 0.7337 -0.4815
vn -0.5104 0.7839 -0.3535
vn 0.2163 0.3711 -0.9030
vn -0.9122 0.4094 -0.0155
vn -0.6464 0.4065 -0.6457
vn -0.3964 0.8431 0.3634
vn -0.9851 0.1720 -0.0041
vn -0.9852 0.0224 -0.1702
vn -0.6726 -0.0880 -0.7347
vn -0.8992 0.0717 0.4317
vn -0.7652 -0.1555 0.6248
vn -0.9293 -0.1179 0.3499
vn -0.0828 -0.8330 0.5470
vn -0.9262 -0.3389 -0.1655
vn -0.9139 0.3774 0.1496
vn -0.9176 0.2771 0.2849
vn -0.5334 0.2734 0.8004
vn -0.9864 0.1288 0.1016
vn 0.4862 0.0351 0.8731
vn -0.6719 -0.1935 0.7149
vn 0.3088 -0.4264 0.8502
vn -0.6953 -0.5917 0.4079
vn 0.3398 -0.8016 0.4919
vn -0.6903 -0.6582 -0.3004
vn 0.3573 -0.8599 -0.3645
vn -0.9905 -0.0942 0.0998
vn 0.3158 -0.1885 -0.9299
vn -0.9989 -0.0287 -0.0357
vn -0.8603 0.4244 -0.2825
vn -0.7395 0.6227 0.2555
vn -0.0239 0.8107 -0.5850
vn -0.0030 0.9149 0.4036
vn 0.0592 0.1369 0.9888
vn 0.4250 0.8244 0.3738
vn 0.4500 0.7114 -0.5398
vn -0.0247 0.4032 -0.9148
vn 0.3025 0.3369 -0.8916
vn -0.9086 0.1959 -0.3688
vn -0.1927 -0.0582 -0.9795
vn -0.6911 0.3870 -0.6104
vn -0.3620 -0.8536 -0.3747
vn 0.6717 -0.6969 0.2513
vn 0.5825 -0.3941 0.7109
vn 0.1169 -0.4171 0.9013
vn 0.6561 -0.0428 0.7535
vn 0.7726 -0.1507 -0.6167
vn 0.7196 -0.6430 -0.2620
vn 0.6194 0.2290 -0.7509
vn 0.7863 -0.5289 0.3193
vn 0.7054 -0.3866 0.5941
vn -0.7249 0.2021 -0.6586
vn -0.0220 0.3757 -0.9265
vn 0.0495 0.4149 -0.9085
vn -0.7676 0.2463 -0.5917
vn -0.9941 -0.0914 -0.0591
vn -0.9999 0.0043 -0.0163
vn -0.7484 -0.3422 0.5681
vn 0.0130 -0.3964 0.9180
vn -0.7892 -0.2621 0.5555
vn -0.0594 -0.4342 0.8989
vn 0.7978 -0.1407 0.5862
vn 0.8167 -0.2565 0.5169
vn 0.9998 -0.0145 0.0118
vn 0.9910 0.1151 0.0687
vn 0.8367 0.1998 -0.5099
vn 0.8170 0.3299 -0.4730
vn 0.8233 0.0690 -0.5634
vn 0.9781 -0.1964 -0.0692
vn 0.0228 0.4135 -0.9102
vn 0.8456 0.3163 -0.4300
vn 0.1632 0.9009 0.4021
vn 0.9815 0.1688 0.0906
vn 0.1320 0.8723 -0.4707
vn -0.6084 0.7104 -0.3539
vn -0.7553 0.6051 0.2519
vn -0.6326 0.2187 0.7430
vn 0.0997 0.2258 0.9691
vn 0.8260 -0.1240 0.5498
vn -0.0163 -0.3967 0.9178
vn 0.8030 -0.3840 0.4557
vn -0.7650 -0.1021 0.6359
vn -0.9788 0.1936 0.0676
vn -0.7421 0.4143 -0.5270
vn 0.9787 0.0153 0.2048
vn 0.2928 -0.3520 0.8890
vn 0.2919 -0.3896 0.8735
vn 0.9729 0.0533 0.2249
vn 0.9732 0.1996 -0.1147
vn 0.9812 0.1400 -0.1329
vn 0.0043 0.2771 -0.9608
vn -0.0622 0.3640 -0.9293
vn -0.1712 0.4674 -0.8673
vn -0.2397 0.5156 -0.8226
vn 0.9452 0.3264 -0.0057
vn 0.8162 0.5395 0.2068
vn -0.1773 0.5363 -0.8252
vn -0.0406 0.6357 -0.7708
vn 0.3690 0.7788 0.5073
vn -0.1709 0.8129 0.5567
vn -0.0311 0.6965 -0.7169
vn -0.5128 0.7747 0.3701
vn -0.0782 0.6985 -0.7113
vn -0.6675 0.7160 0.2044
vn 0.6887 0.2171 -0.6918
vn 0.9105 -0.4135 0.0086
vn 0.6951 -0.6030 0.3915
vn 0.9101 -0.2383 -0.3389
vn -0.7625 0.6334 0.1315
vn 0.7767 -0.1620 -0.6087
vn 0.9168 -0.3957 -0.0536
vn -0.9116 0.2467 0.3290
vn -0.9900 -0.0189 0.1398
vn -0.9083 0.4170 -0.0317
vn -0.9808 0.1743 -0.0878
vn -0.9798 -0.1857 -0.0741
vn -0.7859 0.4574 0.4162
vn -0.6930 0.5099 0.5097
vn 0.0672 -0.6822 0.7280
vn 0.0269 -0.6646 0.7467
vn -0.5244 0.5838 0.6198
vn 0.0405 -0.5773 0.8155
vn 0.3587 0.5875 0.7254
vn -0.1858 0.6279 0.7557
vn 0.1743 -0.4659 0.8675
vn 0.3109 -0.4262 0.8496
vn 0.8023 0.3674 0.4705
vn 0.3172 -0.3705 0.8730
vn 0.9482 0.1590 0.2752
vn -0.9619 -0.1314 -0.2399
vn -0.2791 0.2247 -0.9336
vt 0.991699 0.065796
vt 0.905762 0.135498
vt 0.988770 0.071960
vt 0.985352 0.067688
vt 0.901855 0.135376
vt 1.901367 0.135376
vt 1.996094 0.066833
vt 0.996094 0.066833
vt 0.902344 0.139526
vt 1.902344 0.139526
vt 0.906738 0.140137
vt 0.909180 0.132446
vt 0.986816 0.065186
vt 0.908203 0.139893
vt 0.910156 0.133911
vt 0.983887 0.050262
vt 0.923340 0.126343
vt 0.975586 0.054657
vt 0.972656 0.059692
vt 0.961426 0.048615
vt 0.965820 0.043091
vt 0.938965 0.127075
vt 0.977539 0.036957
vt 0.935547 0.138916
vt 0.957520 0.032776
vt 0.953613 0.130615
vt 0.967773 0.026184
vt 0.949707 0.141479
vt 0.964355 0.134766
vt 0.958984 0.018890
vt 0.951172 0.025452
vt 0.943359 0.018692
vt 0.939453 0.024094
vt 0.946777 0.031311
vt 0.953125 0.038788
vt 0.934570 0.030426
vt 0.941406 0.038513
vt 0.927246 0.054077
vt 0.948242 0.046570
vt 0.935059 0.059082
vt 0.925781 0.067932
vt 0.943359 0.064209
vt 0.933594 0.071594
vt 0.941895 0.075256
vt 0.931641 0.083130
vt 0.929199 0.092957
vt 0.920410 0.091492
vt 0.940430 0.085571
vt 0.922852 0.080811
vt 0.912109 0.076965
vt 0.915039 0.062378
vt 0.987305 0.195068
vt 0.911621 0.039612
vt 0.918945 0.045410
vt 0.977051 0.210815
vt 0.906250 0.058136
vt 0.968750 0.204956
vt 0.965332 0.221436
vt 0.902344 0.074829
vt 0.957520 0.216797
vt 0.898438 0.086792
vt 0.956543 0.230835
vt 0.909668 0.088623
vt 0.907715 0.100769
vt 0.918457 0.101868
vt 0.918945 0.111877
vt 0.928223 0.110413
vt 0.927734 0.102478
vt 0.937500 0.094788
vt 0.936035 0.102966
vt 0.936035 0.109375
vt 0.948730 0.103882
vt 0.946777 0.111633
vt 0.883301 0.103149
vt 0.933105 0.116760
vt 0.782227 0.104492
vt 0.890625 0.090515
vt 0.960449 0.107117
vt 0.874512 0.114502
vt 0.874512 0.101746
vt 0.885742 0.088928
vt 0.873047 0.085999
vt 0.861328 0.104553
vt 0.851562 0.072815
vt 0.859375 0.089050
vt 0.880371 0.070740
vt 0.867188 0.073242
vt 0.868164 0.055969
vt 0.856934 0.055573
vt 0.856445 0.032532
vt 0.844727 0.032928
vt 0.849609 0.054016
vt 0.836914 0.033325
vt 0.841309 0.051514
vt 0.837402 0.074402
vt 0.844727 0.073486
vt 0.834473 0.053131
vt 0.832031 0.034058
vt 0.819824 0.034912
vt 0.818848 0.019882
vt 0.828125 0.015137
vt 0.824707 0.011185
vt 0.831055 0.013969
vt 0.833008 0.008774
vt 0.826660 0.008698
vt 0.841309 0.017303
vt 0.837891 0.004959
vt 0.819336 0.006172
vt 0.854004 0.015327
vt 0.807129 0.006351
vt 0.848633 0.002443
vt 0.869629 0.016312
vt 0.869141 0.035980
vt 0.880371 0.039520
vt 0.879395 0.057770
vt 0.886719 0.057526
vt 0.891602 0.040314
vt 0.889160 0.074341
vt 0.894043 0.060516
vt 0.775391 0.092651
vt 0.895508 0.076599
vt 0.898926 0.067566
vt 0.771484 0.084534
vt 0.900391 0.039917
vt 0.902832 0.024704
vt 0.905762 0.040863
vt 0.759277 0.060242
vt 0.908203 0.029694
vt 0.754883 0.049225
vt 0.894531 0.023209
vt 0.881348 0.021011
vt 0.880371 0.004665
vt 0.775391 0.016281
vt 0.894531 0.007221
vt 0.762695 0.023407
vt 0.754395 0.030624
vt 0.903809 0.012321
vt 0.757324 0.032227
vt 0.765137 0.025711
vt 0.766113 0.033203
vt 0.777344 0.020477
vt 0.777832 0.028717
vt 0.791504 0.039917
vt 0.792969 0.024582
vt 0.808105 0.037201
vt 0.808105 0.020386
vt 0.790527 0.016525
vt 0.788574 0.011917
vt 0.867188 0.002409
vt 0.808105 0.010170
vt 0.818848 0.009529
vt 0.810547 0.056244
vt 0.821777 0.054901
vt 0.895020 0.216553
vt 0.814941 0.083130
vt 0.901367 0.223877
vt 0.805176 0.075562
vt 0.900391 0.227417
vt 0.841797 0.091003
vt 0.894531 0.208862
vt 0.827148 0.098755
vt 0.886719 0.198975
vt 0.792969 0.054199
vt 0.781250 0.072815
vt 0.916016 0.246582
vt 0.789062 0.071472
vt 0.909180 0.240601
vt 0.773926 0.053711
vt 0.770020 0.043457
vt 0.757812 0.037628
vt 0.760742 0.048035
vt 0.764648 0.058441
vt 0.759277 0.048615
vt 0.751465 0.038300
vt 0.908203 0.018753
vt 0.754395 0.038361
vt 0.777832 0.076355
vt 0.920410 0.250732
vt 0.922363 0.257080
vt 0.910156 0.124023
vt 0.775879 0.082642
vt 0.908691 0.113342
vt 0.919434 0.121216
vt 0.778320 0.091736
vt 0.935059 0.253662
vt 0.902344 0.114624
vt 0.939453 0.236206
vt 0.928223 0.244263
vt 0.948242 0.243896
vt 0.896973 0.100830
vt 0.949219 0.223633
vt 0.950195 0.210815
vt 0.940918 0.218506
vt 0.938965 0.203003
vt 0.930176 0.215210
vt 0.929688 0.231079
vt 0.920410 0.240479
vt 0.920898 0.225830
vt 0.912598 0.237427
vt 0.911621 0.216187
vt 0.903809 0.206299
vt 0.921387 0.207031
vt 0.912109 0.199829
vt 0.927734 0.198730
vt 0.940918 0.184204
vt 0.949707 0.191772
vt 0.918945 0.194092
vt 0.910156 0.185913
vt 0.930176 0.179688
vt 0.916992 0.173218
vt 0.934570 0.174683
vt 0.944824 0.178467
vt 0.952637 0.167358
vt 0.954102 0.181641
vt 0.961914 0.168823
vt 0.955566 0.156616
vt 0.965332 0.159058
vt 0.974121 0.169922
vt 0.984863 0.160767
vt 0.978027 0.159790
vt 0.984863 0.169922
vt 0.966797 0.185547
vt 0.977539 0.190430
vt 0.958984 0.199219
vt 0.993652 0.169067
vt 0.919434 0.015182
vt 0.928223 0.011253
vt 0.990234 0.158569
vt 0.933594 0.016754
vt 0.925781 0.022003
vt 0.938477 0.013878
vt 0.937500 0.011002
vt 0.981934 0.151489
vt 0.979980 0.152954
vt 0.974609 0.140991
vt 0.949707 0.012329
vt 0.969727 0.146851
vt 0.959961 0.143677
vt 0.968750 0.153198
vt 0.976562 0.153564
vt 0.958496 0.151001
vt 0.947754 0.149414
vt 0.946289 0.154907
vt 0.942871 0.165161
vt 0.932617 0.152710
vt 0.921387 0.145264
vt 0.933594 0.148682
vt 0.919922 0.149536
vt 0.916992 0.155762
vt 0.929688 0.161011
vt 0.919434 0.168335
vt 0.908203 0.163696
vt 0.904297 0.152710
vt 0.900879 0.160400
vt 0.899902 0.169678
vt 0.895996 0.165894
vt 0.896484 0.174805
vt 0.895508 0.193115
vt 0.902344 0.187744
vt 0.890625 0.184326
vt 0.889160 0.174683
vt 0.886230 0.169067
vt 0.882812 0.172729
vt 0.886230 0.177368
vt 0.886719 0.187134
vt 0.882812 0.179932
vt 0.834961 0.110779
vt 0.881348 0.188232
vt 0.840820 0.115845
vt 0.878906 0.183472
vt 0.879395 0.175903
vt 0.874023 0.171997
vt 1.874023 0.171997
vt 1.876953 0.167480
vt 0.877441 0.167480
vt 1.871094 0.177002
vt 0.871094 0.177002
vt 1.882812 0.172729
vt 1.840820 0.115845
vt 1.878906 0.183472
vt 1.878906 0.175903
vt 1.882812 0.179932
vt 1.880859 0.188232
vt 1.834961 0.110779
vt 1.886719 0.187134
vt 1.885742 0.177368
vt 1.890625 0.184326
vt 1.888672 0.174683
vt 1.886719 0.169067
vt 1.896484 0.165894
vt 1.896484 0.174805
vt 1.910156 0.185913
vt 1.895508 0.193115
vt 1.902344 0.187744
vt 1.900391 0.169678
vt 1.901367 0.160400
vt 1.908203 0.163696
vt 1.916992 0.173218
vt 1.919922 0.168335
vt 1.934570 0.174683
vt 1.930664 0.179688
vt 1.944336 0.178467
vt 1.940430 0.184204
vt 1.918945 0.194092
vt 1.927734 0.198730
vt 1.912109 0.199829
vt 1.920898 0.207031
vt 1.904297 0.206299
vt 1.912109 0.216187
vt 1.894531 0.208862
vt 1.890625 0.197510
vt 1.886719 0.198975
vt 1.827148 0.098755
vt 1.895508 0.216553
vt 1.814453 0.083130
vt 1.841797 0.091003
vt 1.845703 0.102905
vt 1.849609 0.113586
vt 1.871094 0.184204
vt 1.853516 0.103149
vt 1.849609 0.091187
vt 1.861328 0.104553
vt 1.859375 0.089050
vt 1.854492 0.117126
vt 1.971680 0.113953
vt 1.868164 0.189209
vt 1.972656 0.108765
vt 1.858398 0.120850
vt 0.867676 0.181885
vt 1.868164 0.181885
vt 1.864258 0.187988
vt 0.864258 0.187988
vt 0.975098 0.115479
vt 1.974609 0.115479
vt 0.971680 0.113953
vt 0.868164 0.189209
vt 0.854492 0.117126
vt 0.972656 0.108765
vt 0.858398 0.120850
vt 0.977539 0.101624
vt 0.982422 0.104797
vt 1.982422 0.104797
vt 1.977539 0.101624
vt 1.983398 0.091125
vt 1.973633 0.100647
vt 1.865234 0.125977
vt 1.974609 0.095459
vt 1.976562 0.089355
vt 1.961914 0.090393
vt 1.960938 0.096619
vt 1.948242 0.095825
vt 1.951172 0.087891
vt 1.959961 0.101990
vt 1.948242 0.103882
vt 1.959961 0.107117
vt 1.875000 0.114502
vt 1.874023 0.101746
vt 1.947266 0.111633
vt 1.883789 0.103149
vt 1.928711 0.110413
vt 1.933594 0.116760
vt 1.782227 0.104492
vt 1.890625 0.090515
vt 1.935547 0.102966
vt 1.936523 0.109375
vt 1.885742 0.088928
vt 1.873047 0.085999
vt 1.851562 0.072815
vt 1.879883 0.070740
vt 1.867188 0.073242
vt 1.868164 0.055969
vt 1.857422 0.055573
vt 1.856445 0.032532
vt 1.844727 0.032928
vt 1.849609 0.054016
vt 1.836914 0.033325
vt 1.841797 0.051514
vt 1.836914 0.074402
vt 1.844727 0.073486
vt 1.834961 0.053131
vt 1.832031 0.034058
vt 1.820312 0.034912
vt 1.819336 0.019882
vt 1.828125 0.015137
vt 1.825195 0.011185
vt 1.831055 0.013969
vt 1.833008 0.008774
vt 1.827148 0.008698
vt 1.840820 0.017303
vt 1.837891 0.004959
vt 1.819336 0.006172
vt 1.854492 0.015327
vt 1.807617 0.006351
vt 1.848633 0.002443
vt 1.869141 0.016312
vt 1.869141 0.035980
vt 1.879883 0.039520
vt 1.879883 0.057770
vt 1.886719 0.057526
vt 1.891602 0.040314
vt 1.889648 0.074341
vt 1.894531 0.060516
vt 1.775391 0.092651
vt 1.895508 0.076599
vt 1.899414 0.067566
vt 1.771484 0.084534
vt 1.900391 0.039917
vt 1.903320 0.024704
vt 1.906250 0.040863
vt 1.758789 0.060242
vt 1.908203 0.029694
vt 1.754883 0.049225
vt 1.894531 0.023209
vt 1.880859 0.021011
vt 1.880859 0.004665
vt 1.775391 0.016281
vt 1.894531 0.007221
vt 1.762695 0.023407
vt 1.753906 0.030624
vt 1.904297 0.012321
vt 1.756836 0.032227
vt 1.765625 0.025711
vt 1.766602 0.033203
vt 1.777344 0.020477
vt 1.777344 0.028717
vt 1.791016 0.039917
vt 1.792969 0.024582
vt 1.807617 0.037201
vt 1.807617 0.020386
vt 1.791016 0.016525
vt 1.789062 0.011917
vt 1.867188 0.002409
vt 1.808594 0.010170
vt 1.819336 0.009529
vt 1.810547 0.056244
vt 1.821289 0.054901
vt 1.792969 0.054199
vt 1.804688 0.075562
vt 1.900391 0.227417
vt 1.781250 0.072815
vt 1.916016 0.246582
vt 1.789062 0.071472
vt 1.909180 0.240601
vt 1.773438 0.053711
vt 1.769531 0.043457
vt 1.757812 0.037628
vt 1.760742 0.048035
vt 1.764648 0.058441
vt 1.758789 0.048615
vt 1.750977 0.038300
vt 1.908203 0.018753
vt 1.753906 0.038361
vt 1.778320 0.076355
vt 1.919922 0.250732
vt 1.921875 0.257080
vt 1.910156 0.124023
vt 1.776367 0.082642
vt 1.908203 0.113342
vt 1.918945 0.111877
vt 1.919922 0.121216
vt 1.778320 0.091736
vt 1.934570 0.253662
vt 1.902344 0.114624
vt 1.939453 0.236206
vt 1.928711 0.244263
vt 1.948242 0.243896
vt 1.897461 0.100830
vt 1.898438 0.086792
vt 1.957031 0.230835
vt 1.949219 0.223633
vt 1.908203 0.100769
vt 1.909180 0.088623
vt 1.917969 0.101868
vt 1.920898 0.091492
vt 1.928711 0.092957
vt 1.927734 0.102478
vt 1.937500 0.094788
vt 1.940430 0.085571
vt 1.941406 0.075256
vt 1.931641 0.083130
vt 1.925781 0.067932
vt 1.933594 0.071594
vt 1.922852 0.080811
vt 1.912109 0.076965
vt 1.915039 0.062378
vt 1.912109 0.039612
vt 1.987305 0.195068
vt 1.918945 0.045410
vt 1.977539 0.210815
vt 1.906250 0.058136
vt 1.968750 0.204956
vt 1.965820 0.221436
vt 1.902344 0.074829
vt 1.958008 0.216797
vt 1.958984 0.199219
vt 1.950195 0.210815
vt 1.949219 0.191772
vt 1.938477 0.203003
vt 1.940430 0.218506
vt 1.930664 0.215210
vt 1.929688 0.231079
vt 1.919922 0.240479
vt 1.920898 0.225830
vt 1.913086 0.237427
vt 1.901367 0.223877
vt 1.954102 0.181641
vt 1.974609 0.169922
vt 1.961914 0.168823
vt 1.966797 0.185547
vt 1.977539 0.190430
vt 1.985352 0.169922
vt 1.984375 0.160767
vt 1.993164 0.169067
vt 1.918945 0.015182
vt 1.990234 0.158569
vt 1.927734 0.011253
vt 1.933594 0.016754
vt 1.925781 0.022003
vt 1.927734 0.054077
vt 1.934570 0.030426
vt 1.946289 0.031311
vt 1.939453 0.024094
vt 1.941406 0.038513
vt 1.948242 0.046570
vt 1.935547 0.059082
vt 1.953125 0.038788
vt 1.961914 0.048615
vt 1.958008 0.032776
vt 1.957031 0.056854
vt 1.968750 0.067200
vt 1.965820 0.074951
vt 1.953125 0.070435
vt 1.943359 0.064209
vt 1.963867 0.083557
vt 1.952148 0.079346
vt 1.978516 0.083252
vt 1.980469 0.079590
vt 1.988281 0.079895
vt 1.989258 0.071960
vt 1.983398 0.072693
vt 1.972656 0.059692
vt 1.985352 0.067688
vt 1.991211 0.065796
vt 1.905273 0.135498
vt 1.987305 0.065186
vt 1.909180 0.132446
vt 1.975586 0.054657
vt 1.965820 0.043091
vt 1.983398 0.050262
vt 1.923828 0.126343
vt 1.938477 0.127075
vt 1.977539 0.036957
vt 1.935547 0.138916
vt 1.953125 0.130615
vt 1.967773 0.026184
vt 1.949219 0.141479
vt 1.958984 0.018890
vt 1.964844 0.134766
vt 1.951172 0.025452
vt 1.943359 0.018692
vt 1.950195 0.012329
vt 1.974609 0.140991
vt 1.938477 0.013878
vt 1.982422 0.151489
vt 1.937500 0.011002
vt 1.969727 0.146851
vt 1.979492 0.152954
vt 1.976562 0.153564
vt 1.968750 0.153198
vt 1.965820 0.159058
vt 1.977539 0.159790
vt 1.958008 0.151001
vt 1.956055 0.156616
vt 1.952148 0.167358
vt 1.943359 0.165161
vt 1.946289 0.154907
vt 1.932617 0.152710
vt 1.948242 0.149414
vt 1.933594 0.148682
vt 1.959961 0.143677
vt 1.921875 0.145264
vt 1.921875 0.136108
vt 1.908203 0.139893
vt 1.910156 0.133911
vt 1.907227 0.144287
vt 1.906250 0.140137
vt 1.905273 0.145020
vt 1.895508 0.148926
vt 0.895996 0.148926
vt 1.901367 0.143311
vt 0.900879 0.143311
vt 1.900391 0.151611
vt 1.904297 0.152710
vt 1.895508 0.157471
vt 1.891602 0.153687
vt 0.891113 0.153687
vt 0.900391 0.151611
vt 1.891602 0.163208
vt 0.895508 0.157471
vt 0.891602 0.163208
vt 0.886719 0.158691
vt 1.886719 0.158691
vt 1.881836 0.163574
vt 0.881348 0.163574
vt 0.905762 0.145020
vt 0.907715 0.144287
vt 1.916992 0.155762
vt 1.919922 0.149536
vt 1.929688 0.161011
vt 1.993164 0.080688
vt 0.993164 0.080688
vt 1.994141 0.073303
vt 0.994141 0.073303
vt 0.992188 0.087402
vt 1.992188 0.087402
vt 0.987793 0.079895
vt 0.986816 0.085632
vt 0.978027 0.083252
vt 0.979980 0.079590
vt 0.965332 0.074951
vt 0.982910 0.072693
vt 0.969238 0.067200
vt 0.957031 0.056854
vt 0.953125 0.070435
vt 0.964355 0.083557
vt 0.952148 0.079346
vt 0.962402 0.090393
vt 0.950684 0.087891
vt 0.947754 0.095825
vt 0.960449 0.096619
vt 0.865234 0.125977
vt 0.973145 0.100647
vt 0.974609 0.095459
vt 0.959473 0.101990
vt 0.983398 0.091125
vt 0.976562 0.089355
vt 0.989258 0.094055
vt 1.989258 0.094055
vt 1.986328 0.085632
vt 0.849121 0.113586
vt 0.871094 0.184204
vt 0.853516 0.103149
vt 0.849121 0.091187
vt 0.846191 0.102905
vt 0.890137 0.197510
vt 0.922363 0.136108
vt 0.816406 0.948242
vt 0.985352 0.949707
vt 0.993652 0.986816
vt 0.811523 0.985840
vt 0.829102 0.988770
vt 0.833496 0.951660
vt 0.976074 0.912598
vt 0.826172 0.911621
vt 0.963867 0.915527
vt 0.971191 0.952637
vt 0.978027 0.989746
vt 0.971191 0.952637
vt 0.965332 0.991211
vt 0.816406 0.948242
vt 0.985352 0.949707
vt 0.965332 0.991211
vt 0.959473 0.954590
vt 0.946777 0.955566
vt 0.952148 0.992676
vt 0.932129 0.956543
vt 0.936035 0.993164
vt 0.916992 0.957031
vt 0.918945 0.994141
vt 0.902832 0.994141
vt 0.902832 0.957031
vt 0.915527 0.919434
vt 0.902832 0.919922
vt 0.890625 0.919922
vt 0.889160 0.957031
vt 0.875977 0.956543
vt 0.873535 0.993164
vt 0.888184 0.994141
vt 0.878418 0.919922
vt 0.868164 0.895508
vt 0.889160 0.896484
vt 0.878906 0.896484
vt 0.866211 0.918945
vt 0.862793 0.955566
vt 0.849121 0.954102
vt 0.853516 0.916992
vt 0.839844 0.914551
vt 0.857422 0.894531
vt 0.846680 0.892090
vt 0.860840 0.877441
vt 0.849609 0.875488
vt 0.847168 0.849609
vt 0.856445 0.851562
vt 0.867188 0.853027
vt 0.870605 0.883301
vt 0.870605 0.870117
vt 0.873047 0.875977
vt 0.878418 0.875977
vt 0.885742 0.869629
vt 0.878418 0.883789
vt 0.883301 0.875488
vt 0.878418 0.869141
vt 0.878418 0.854004
vt 0.887695 0.831055
vt 0.877441 0.831055
vt 0.888672 0.853516
vt 0.896484 0.878418
vt 0.898926 0.852539
vt 0.909180 0.850586
vt 0.897461 0.830078
vt 0.888184 0.806641
vt 0.897461 0.806152
vt 0.907715 0.828613
vt 0.907227 0.805664
vt 0.918945 0.826660
vt 0.917480 0.804199
vt 0.930664 0.825195
vt 0.919922 0.848633
vt 0.931641 0.847656
vt 0.934570 0.875488
vt 0.922852 0.876465
vt 0.937012 0.893555
vt 0.925293 0.894531
vt 0.910156 0.877441
vt 0.913086 0.895020
vt 0.900879 0.895996
vt 0.886230 0.883301
vt 0.928711 0.918945
vt 0.940918 0.918457
vt 0.952637 0.917480
vt 0.959961 0.891113
vt 0.948242 0.892578
vt 0.956543 0.874512
vt 0.945312 0.874512
vt 0.942871 0.846680
vt 0.954590 0.824707
vt 0.941895 0.824707
vt 0.954590 0.847656
vt 0.839844 0.873535
vt 0.966797 0.874023
vt 0.836914 0.847656
vt 0.966309 0.849121
vt 0.836426 0.824219
vt 0.967285 0.825195
vt 0.846680 0.826660
vt 0.963379 0.798828
vt 0.839355 0.799805
vt 0.951172 0.800293
vt 0.847168 0.771973
vt 0.953125 0.770996
vt 0.943848 0.773438
vt 0.934082 0.775391
vt 0.939453 0.801758
vt 0.928223 0.803223
vt 0.915039 0.777832
vt 0.924316 0.776855
vt 0.928223 0.751953
vt 0.919922 0.752930
vt 0.912109 0.753418
vt 0.910645 0.725586
vt 0.916504 0.726074
vt 0.922363 0.725586
vt 0.928711 0.725098
vt 0.936035 0.750488
vt 0.922363 0.716309
vt 0.916992 0.715820
vt 0.917480 0.710938
vt 0.922363 0.711914
vt 0.928711 0.714844
vt 0.862793 0.724609
vt 0.935059 0.724121
vt 0.935547 0.713867
vt 0.861816 0.715820
vt 0.935547 0.708008
vt 0.858887 0.711426
vt 0.927734 0.709473
vt 0.927734 0.708008
vt 0.876465 0.658203
vt 0.873535 0.653320
vt 0.931152 0.705566
vt 0.922363 0.710449
vt 0.897949 0.666504
vt 0.880371 0.664062
vt 0.917969 0.709961
vt 0.901855 0.661133
vt 0.875488 0.660156
vt 0.879883 0.665527
vt 0.898926 0.667480
vt 0.869629 0.663574
vt 0.902344 0.662109
vt 0.904785 0.670898
vt 0.874023 0.669434
vt 0.908691 0.664551
vt 0.867676 0.672852
vt 0.912109 0.673340
vt 0.863281 0.666504
vt 0.860840 0.659668
vt 0.854004 0.659668
vt 0.855469 0.668457
vt 0.858398 0.676270
vt 0.921387 0.675293
vt 0.858398 0.676758
vt 0.921875 0.675293
vt 0.958984 0.675293
vt 0.854980 0.668457
vt 0.968750 0.672363
vt 0.958496 0.671875
vt 0.967285 0.669922
vt 0.853027 0.659180
vt 0.976562 0.665527
vt 0.980469 0.654297
vt 0.853516 0.648438
vt 0.854492 0.648926
vt 0.974121 0.664062
vt 0.965820 0.666504
vt 0.971191 0.662109
vt 0.977539 0.653320
vt 0.975586 0.635254
vt 0.979004 0.635742
vt 0.855469 0.631348
vt 0.974609 0.652832
vt 0.973633 0.636230
vt 0.966309 0.652832
vt 0.965332 0.635742
vt 0.958008 0.653809
vt 0.958496 0.668457
vt 0.956543 0.636230
vt 0.949707 0.654785
vt 0.950684 0.666504
vt 0.945312 0.662109
vt 0.942383 0.656250
vt 0.948242 0.636719
vt 0.938965 0.637207
vt 0.948242 0.635254
vt 0.940430 0.637695
vt 0.939941 0.656738
vt 0.942871 0.664062
vt 0.924805 0.658203
vt 0.940430 0.666504
vt 0.936523 0.658203
vt 0.924316 0.649902
vt 0.923828 0.657715
vt 0.923340 0.650391
vt 0.935059 0.637695
vt 0.921387 0.630859
vt 0.938477 0.630371
vt 0.920898 0.631836
vt 0.935059 0.630859
vt 0.920410 0.624512
vt 0.937988 0.619629
vt 0.919434 0.625000
vt 0.918457 0.614258
vt 0.934570 0.620117
vt 0.917480 0.614746
vt 0.934082 0.611328
vt 0.916992 0.605957
vt 0.937500 0.610840
vt 0.946777 0.609863
vt 0.937500 0.601074
vt 0.946777 0.600586
vt 0.956055 0.599609
vt 0.947266 0.591797
vt 0.956543 0.590332
vt 0.957031 0.578613
vt 0.965820 0.577637
vt 0.966309 0.589355
vt 0.976074 0.587891
vt 0.965820 0.598633
vt 0.965332 0.607422
vt 0.976074 0.596680
vt 0.979004 0.586426
vt 0.859375 0.584961
vt 0.975098 0.605469
vt 0.979004 0.596680
vt 0.858398 0.594727
vt 0.860352 0.585938
vt 0.859375 0.595215
vt 0.857910 0.603027
vt 0.978516 0.605469
vt 0.858887 0.603027
vt 0.978027 0.615723
vt 0.857910 0.612305
vt 0.974609 0.615234
vt 0.975098 0.625977
vt 0.965820 0.625488
vt 0.965332 0.616211
vt 0.956055 0.617676
vt 0.956055 0.608398
vt 0.946777 0.618652
vt 0.947266 0.628418
vt 0.956543 0.626465
vt 0.965820 0.634277
vt 0.956543 0.634766
vt 0.856445 0.622559
vt 0.978516 0.625977
vt 0.858398 0.612305
vt 0.857422 0.623047
vt 0.861328 0.623047
vt 0.856445 0.632812
vt 0.859375 0.634277
vt 0.863770 0.636230
vt 0.859863 0.649414
vt 0.864746 0.649414
vt 0.868652 0.648926
vt 0.872070 0.655273
vt 0.866699 0.658203
vt 0.855957 0.708008
vt 0.935059 0.703613
vt 0.871094 0.648438
vt 0.868164 0.706543
vt 0.862793 0.702637
vt 0.869141 0.636719
vt 0.867676 0.623047
vt 0.867676 0.636230
vt 0.868652 0.623047
vt 0.867676 0.696289
vt 0.868652 0.612793
vt 0.872070 0.699219
vt 0.869141 0.612793
vt 0.870605 0.690430
vt 0.869141 0.604004
vt 0.873535 0.691895
vt 0.872070 0.685059
vt 0.870117 0.604492
vt 0.874023 0.686523
vt 0.874023 0.680176
vt 0.872070 0.597656
vt 0.871094 0.596191
vt 0.875488 0.593750
vt 0.875488 0.587402
vt 0.870117 0.588867
vt 0.867676 0.596191
vt 0.866211 0.604004
vt 0.862305 0.612793
vt 0.865234 0.612793
vt 0.863281 0.604004
vt 0.864258 0.595703
vt 0.864746 0.587402
vt 0.864746 0.577637
vt 0.867188 0.580566
vt 0.873047 0.575195
vt 0.871094 0.583496
vt 0.870117 0.570801
vt 0.878418 0.573242
vt 0.877441 0.567383
vt 0.974121 0.567871
vt 0.869141 0.569824
vt 0.978027 0.575684
vt 0.864258 0.575684
vt 0.975586 0.577148
vt 0.964355 0.565430
vt 0.972168 0.570801
vt 0.966309 0.562500
vt 0.877441 0.565918
vt 0.886719 0.564453
vt 0.956543 0.561523
vt 0.886230 0.566406
vt 0.895508 0.567871
vt 0.886719 0.572754
vt 0.886719 0.578125
vt 0.894043 0.573242
vt 0.900391 0.576172
vt 0.899902 0.581543
vt 0.893555 0.579102
vt 0.902832 0.572266
vt 0.909668 0.580078
vt 0.939453 0.571777
vt 0.903809 0.571777
vt 0.947266 0.564941
vt 0.895508 0.566406
vt 0.948242 0.568359
vt 0.957031 0.564941
vt 0.941895 0.574707
vt 0.948730 0.580078
vt 0.938965 0.583496
vt 0.935059 0.582520
vt 0.910645 0.579590
vt 0.934570 0.592773
vt 0.914551 0.588867
vt 0.937988 0.593262
vt 0.934082 0.601074
vt 0.915527 0.596191
vt 0.916016 0.606445
vt 0.914551 0.596680
vt 0.912109 0.607422
vt 0.910156 0.598633
vt 0.913086 0.589355
vt 0.908691 0.590820
vt 0.905762 0.592285
vt 0.905762 0.582520
vt 0.902832 0.586914
vt 0.901855 0.593750
vt 0.897949 0.589355
vt 0.902832 0.600586
vt 0.898926 0.597168
vt 0.893066 0.586914
vt 0.893555 0.594727
vt 0.886719 0.593262
vt 0.886719 0.585449
vt 0.880371 0.585449
vt 0.880371 0.592773
vt 0.879395 0.579102
vt 0.874512 0.581055
vt 0.876953 0.678711
vt 0.875488 0.595215
vt 0.880371 0.594238
vt 0.880371 0.678711
vt 0.877441 0.682129
vt 0.880859 0.683105
vt 0.884277 0.678711
vt 0.886719 0.595215
vt 0.884766 0.683594
vt 0.888184 0.679199
vt 0.892578 0.596680
vt 0.888672 0.684082
vt 0.897461 0.599121
vt 0.891602 0.680176
vt 0.892090 0.684082
vt 0.894043 0.682129
vt 0.900391 0.602051
vt 0.892578 0.688477
vt 0.895996 0.687012
vt 0.903320 0.608887
vt 0.896973 0.686523
vt 0.905762 0.607910
vt 0.908691 0.607910
vt 0.906738 0.599609
vt 0.907715 0.616699
vt 0.908691 0.626953
vt 0.910645 0.617188
vt 0.912109 0.626953
vt 0.899902 0.691406
vt 0.905273 0.617188
vt 0.898438 0.692383
vt 0.900391 0.698730
vt 0.902832 0.695801
vt 0.906250 0.626465
vt 0.904297 0.706055
vt 0.906250 0.638672
vt 0.907715 0.701172
vt 0.909180 0.639160
vt 0.907715 0.650391
vt 0.912598 0.650879
vt 0.912598 0.639160
vt 0.918457 0.650879
vt 0.917480 0.636230
vt 0.915527 0.626465
vt 0.913574 0.616211
vt 0.917480 0.657715
vt 0.915039 0.666016
vt 0.911621 0.657227
vt 0.923828 0.666504
vt 0.924316 0.666992
vt 0.948730 0.673340
vt 0.949707 0.669922
vt 0.905762 0.656250
vt 0.913086 0.705078
vt 0.904785 0.649902
vt 0.915527 0.707520
vt 0.903320 0.655273
vt 0.912109 0.708496
vt 0.904297 0.714355
vt 0.911133 0.714844
vt 0.904785 0.725098
vt 0.897461 0.713867
vt 0.898926 0.724121
vt 0.904785 0.753418
vt 0.897461 0.778320
vt 0.905762 0.778320
vt 0.897949 0.753418
vt 0.892578 0.723145
vt 0.891113 0.752930
vt 0.884277 0.752441
vt 0.886230 0.722656
vt 0.889160 0.778320
vt 0.878418 0.806152
vt 0.881348 0.777832
vt 0.873047 0.776855
vt 0.877441 0.751953
vt 0.879883 0.722656
vt 0.870605 0.751465
vt 0.864258 0.775879
vt 0.868652 0.724121
vt 0.863770 0.750977
vt 0.874023 0.723633
vt 0.869141 0.713867
vt 0.875000 0.713379
vt 0.880371 0.713379
vt 0.885254 0.707520
vt 0.885742 0.713379
vt 0.880859 0.707520
vt 0.880859 0.701172
vt 0.876953 0.700195
vt 0.875488 0.707031
vt 0.877441 0.693359
vt 0.877441 0.687988
vt 0.881348 0.694336
vt 0.881348 0.688477
vt 0.885254 0.701172
vt 0.885254 0.695312
vt 0.885254 0.688965
vt 0.889160 0.688965
vt 0.889648 0.694824
vt 0.890137 0.701172
vt 0.895020 0.700684
vt 0.890625 0.707520
vt 0.896484 0.707520
vt 0.891113 0.713379
vt 0.894043 0.694336
vt 0.855469 0.774414
vt 0.856934 0.749512
vt 0.943359 0.748535
vt 0.849121 0.802246
vt 0.857910 0.803711
vt 0.855957 0.828613
vt 0.866699 0.830078
vt 0.868164 0.805176
vt 0.864746 0.623047
vt 0.836426 0.890137
vt 0.970215 0.889648
vt 0.845215 0.991211
vt 0.859375 0.992188
vt 0.833496 0.951660
vt 0.976074 0.912598
vt 0.826172 0.911621
vt 0.963867 0.915527
vt 0.959961 0.891113
vt 0.952637 0.917480
vt 0.959473 0.954590
vt 0.836426 0.890137
vt 0.970215 0.889648
vt 0.839844 0.914551
vt 0.846680 0.892090
vt 0.849609 0.875488
vt 0.839844 0.873535
vt 0.966797 0.874023
vt 0.836914 0.847656
vt 0.966309 0.849121
vt 0.954590 0.847656
vt 0.956543 0.874512
vt 0.942871 0.846680
vt 0.945312 0.874512
vt 0.948242 0.892578
vt 0.937012 0.893555
vt 0.934570 0.875488
vt 0.919922 0.848633
vt 0.931641 0.847656
vt 0.922852 0.876465
vt 0.925293 0.894531
vt 0.910156 0.877441
vt 0.909180 0.850586
vt 0.897461 0.830078
vt 0.907715 0.828613
vt 0.918945 0.826660
vt 0.896484 0.878418
vt 0.898926 0.852539
vt 0.887695 0.831055
vt 0.888672 0.853516
vt 0.878418 0.854004
vt 0.885742 0.869629
vt 0.886230 0.883301
vt 0.883301 0.875488
vt 0.878418 0.875977
vt 0.878418 0.869141
vt 0.870605 0.870117
vt 0.867188 0.853027
vt 0.856445 0.851562
vt 0.860840 0.877441
vt 0.855957 0.828613
vt 0.866699 0.830078
vt 0.877441 0.831055
vt 0.868164 0.805176
vt 0.878418 0.806152
vt 0.873047 0.776855
vt 0.881348 0.777832
vt 0.889160 0.778320
vt 0.888184 0.806641
vt 0.897461 0.806152
vt 0.897461 0.778320
vt 0.907227 0.805664
vt 0.905762 0.778320
vt 0.915039 0.777832
vt 0.917480 0.804199
vt 0.928223 0.803223
vt 0.930664 0.825195
vt 0.941895 0.824707
vt 0.954590 0.824707
vt 0.939453 0.801758
vt 0.951172 0.800293
vt 0.934082 0.775391
vt 0.943848 0.773438
vt 0.924316 0.776855
vt 0.928223 0.751953
vt 0.919922 0.752930
vt 0.936035 0.750488
vt 0.922363 0.725586
vt 0.916504 0.726074
vt 0.922363 0.716309
vt 0.928711 0.725098
vt 0.928711 0.714844
vt 0.862793 0.724609
vt 0.935059 0.724121
vt 0.863770 0.750977
vt 0.856934 0.749512
vt 0.943359 0.748535
vt 0.868652 0.724121
vt 0.869141 0.713867
vt 0.861816 0.715820
vt 0.935547 0.713867
vt 0.868164 0.706543
vt 0.858887 0.711426
vt 0.935547 0.708008
vt 0.935059 0.703613
vt 0.855957 0.708008
vt 0.871094 0.648438
vt 0.931152 0.705566
vt 0.873535 0.653320
vt 0.927734 0.709473
vt 0.922363 0.711914
vt 0.927734 0.708008
vt 0.876465 0.658203
vt 0.922363 0.710449
vt 0.897949 0.666504
vt 0.880371 0.664062
vt 0.917480 0.710938
vt 0.917969 0.709961
vt 0.901855 0.661133
vt 0.879883 0.665527
vt 0.898926 0.667480
vt 0.875488 0.660156
vt 0.872070 0.655273
vt 0.866699 0.658203
vt 0.869629 0.663574
vt 0.860840 0.659668
vt 0.863281 0.666504
vt 0.904785 0.670898
vt 0.874023 0.669434
vt 0.902344 0.662109
vt 0.908691 0.664551
vt 0.912109 0.673340
vt 0.867676 0.672852
vt 0.915039 0.666016
vt 0.858398 0.676270
vt 0.921387 0.675293
vt 0.855469 0.668457
vt 0.858398 0.676758
vt 0.921875 0.675293
vt 0.958984 0.675293
vt 0.854004 0.659668
vt 0.854980 0.668457
vt 0.968750 0.672363
vt 0.853027 0.659180
vt 0.976562 0.665527
vt 0.967285 0.669922
vt 0.958496 0.671875
vt 0.949707 0.669922
vt 0.958496 0.668457
vt 0.965820 0.666504
vt 0.974121 0.664062
vt 0.974609 0.652832
vt 0.958008 0.653809
vt 0.971191 0.662109
vt 0.966309 0.652832
vt 0.973633 0.636230
vt 0.965332 0.635742
vt 0.965820 0.634277
vt 0.956543 0.636230
vt 0.949707 0.654785
vt 0.948242 0.636719
vt 0.948242 0.635254
vt 0.956543 0.634766
vt 0.956543 0.626465
vt 0.947266 0.628418
vt 0.956055 0.617676
vt 0.965820 0.625488
vt 0.975098 0.625977
vt 0.974609 0.615234
vt 0.965332 0.616211
vt 0.956055 0.608398
vt 0.965332 0.607422
vt 0.975098 0.605469
vt 0.979004 0.596680
vt 0.858398 0.594727
vt 0.978516 0.605469
vt 0.857910 0.603027
vt 0.976074 0.596680
vt 0.965820 0.598633
vt 0.976074 0.587891
vt 0.979004 0.586426
vt 0.859375 0.584961
vt 0.978027 0.575684
vt 0.864258 0.575684
vt 0.864746 0.577637
vt 0.860352 0.585938
vt 0.864746 0.587402
vt 0.859375 0.595215
vt 0.864258 0.595703
vt 0.870117 0.588867
vt 0.867676 0.596191
vt 0.863281 0.604004
vt 0.858398 0.612305
vt 0.866211 0.604004
vt 0.862305 0.612793
vt 0.858887 0.603027
vt 0.978027 0.615723
vt 0.857910 0.612305
vt 0.978516 0.625977
vt 0.856445 0.622559
vt 0.975586 0.635254
vt 0.857422 0.623047
vt 0.855469 0.631348
vt 0.979004 0.635742
vt 0.856445 0.632812
vt 0.853516 0.648438
vt 0.980469 0.654297
vt 0.977539 0.653320
vt 0.854492 0.648926
vt 0.859863 0.649414
vt 0.859375 0.634277
vt 0.864746 0.649414
vt 0.863770 0.636230
vt 0.868652 0.648926
vt 0.869141 0.636719
vt 0.862793 0.702637
vt 0.867676 0.636230
vt 0.867676 0.623047
vt 0.864746 0.623047
vt 0.865234 0.612793
vt 0.861328 0.623047
vt 0.868652 0.612793
vt 0.869141 0.604004
vt 0.871094 0.596191
vt 0.870117 0.604492
vt 0.872070 0.685059
vt 0.869141 0.612793
vt 0.870605 0.690430
vt 0.867676 0.696289
vt 0.868652 0.623047
vt 0.872070 0.699219
vt 0.873535 0.691895
vt 0.876953 0.700195
vt 0.874023 0.686523
vt 0.877441 0.693359
vt 0.880859 0.701172
vt 0.877441 0.687988
vt 0.881348 0.694336
vt 0.881348 0.688477
vt 0.885254 0.701172
vt 0.885254 0.695312
vt 0.889160 0.688965
vt 0.889648 0.694824
vt 0.890137 0.701172
vt 0.885254 0.688965
vt 0.884766 0.683594
vt 0.880859 0.683105
vt 0.877441 0.682129
vt 0.880371 0.678711
vt 0.880371 0.594238
vt 0.884277 0.678711
vt 0.886719 0.595215
vt 0.888184 0.679199
vt 0.892578 0.596680
vt 0.893555 0.594727
vt 0.886719 0.593262
vt 0.886719 0.585449
vt 0.880371 0.592773
vt 0.880371 0.585449
vt 0.893066 0.586914
vt 0.899902 0.581543
vt 0.897949 0.589355
vt 0.898926 0.597168
vt 0.893555 0.579102
vt 0.894043 0.573242
vt 0.886719 0.578125
vt 0.879395 0.579102
vt 0.878418 0.573242
vt 0.886719 0.572754
vt 0.886230 0.566406
vt 0.895508 0.567871
vt 0.902832 0.572266
vt 0.947266 0.564941
vt 0.895508 0.566406
vt 0.956543 0.561523
vt 0.886719 0.564453
vt 0.964355 0.565430
vt 0.966309 0.562500
vt 0.877441 0.565918
vt 0.957031 0.564941
vt 0.957031 0.578613
vt 0.965820 0.577637
vt 0.948242 0.568359
vt 0.939453 0.571777
vt 0.903809 0.571777
vt 0.941895 0.574707
vt 0.948730 0.580078
vt 0.947266 0.591797
vt 0.938965 0.583496
vt 0.914551 0.588867
vt 0.934570 0.592773
vt 0.937988 0.593262
vt 0.910645 0.579590
vt 0.935059 0.582520
vt 0.913086 0.589355
vt 0.909668 0.580078
vt 0.905762 0.582520
vt 0.900391 0.576172
vt 0.902832 0.586914
vt 0.905762 0.592285
vt 0.901855 0.593750
vt 0.902832 0.600586
vt 0.891602 0.680176
vt 0.897461 0.599121
vt 0.900391 0.602051
vt 0.894043 0.682129
vt 0.905762 0.607910
vt 0.906738 0.599609
vt 0.910156 0.598633
vt 0.908691 0.607910
vt 0.907715 0.616699
vt 0.910645 0.617188
vt 0.912109 0.607422
vt 0.913574 0.616211
vt 0.916016 0.606445
vt 0.914551 0.596680
vt 0.915527 0.596191
vt 0.934082 0.601074
vt 0.908691 0.590820
vt 0.916992 0.605957
vt 0.934082 0.611328
vt 0.937500 0.601074
vt 0.937500 0.610840
vt 0.946777 0.600586
vt 0.956543 0.590332
vt 0.946777 0.609863
vt 0.956055 0.599609
vt 0.966309 0.589355
vt 0.937988 0.619629
vt 0.946777 0.618652
vt 0.938477 0.630371
vt 0.935059 0.630859
vt 0.920410 0.624512
vt 0.935059 0.637695
vt 0.921387 0.630859
vt 0.938965 0.637207
vt 0.936523 0.658203
vt 0.924316 0.649902
vt 0.939941 0.656738
vt 0.940430 0.637695
vt 0.942383 0.656250
vt 0.945312 0.662109
vt 0.942871 0.664062
vt 0.950684 0.666504
vt 0.924316 0.666992
vt 0.948730 0.673340
vt 0.924805 0.658203
vt 0.940430 0.666504
vt 0.923828 0.666504
vt 0.923828 0.657715
vt 0.918457 0.650879
vt 0.923340 0.650391
vt 0.917480 0.657715
vt 0.912598 0.650879
vt 0.911621 0.657227
vt 0.905762 0.656250
vt 0.907715 0.650391
vt 0.909180 0.639160
vt 0.906250 0.638672
vt 0.907715 0.701172
vt 0.904785 0.649902
vt 0.913086 0.705078
vt 0.912109 0.708496
vt 0.915527 0.707520
vt 0.903320 0.655273
vt 0.904297 0.706055
vt 0.904297 0.714355
vt 0.911133 0.714844
vt 0.916992 0.715820
vt 0.904785 0.725098
vt 0.910645 0.725586
vt 0.912109 0.753418
vt 0.904785 0.753418
vt 0.898926 0.724121
vt 0.897949 0.753418
vt 0.891113 0.752930
vt 0.892578 0.723145
vt 0.891113 0.713379
vt 0.885742 0.713379
vt 0.886230 0.722656
vt 0.879883 0.722656
vt 0.884277 0.752441
vt 0.880371 0.713379
vt 0.885254 0.707520
vt 0.874023 0.723633
vt 0.875000 0.713379
vt 0.880859 0.707520
vt 0.875488 0.707031
vt 0.870605 0.751465
vt 0.877441 0.751953
vt 0.864258 0.775879
vt 0.855469 0.774414
vt 0.857910 0.803711
vt 0.849121 0.802246
vt 0.846680 0.826660
vt 0.963379 0.798828
vt 0.839355 0.799805
vt 0.847168 0.771973
vt 0.953125 0.770996
vt 0.836426 0.824219
vt 0.967285 0.825195
vt 0.847168 0.849609
vt 0.890625 0.707520
vt 0.895020 0.700684
vt 0.896484 0.707520
vt 0.897461 0.713867
vt 0.894043 0.694336
vt 0.900391 0.698730
vt 0.898438 0.692383
vt 0.905273 0.617188
vt 0.899902 0.691406
vt 0.906250 0.626465
vt 0.902832 0.695801
vt 0.908691 0.626953
vt 0.912598 0.639160
vt 0.912109 0.626953
vt 0.917480 0.636230
vt 0.915527 0.626465
vt 0.920898 0.631836
vt 0.919434 0.625000
vt 0.918457 0.614258
vt 0.934570 0.620117
vt 0.917480 0.614746
vt 0.903320 0.608887
vt 0.896973 0.686523
vt 0.895996 0.687012
vt 0.892578 0.688477
vt 0.888672 0.684082
vt 0.892090 0.684082
vt 0.975586 0.577148
vt 0.974121 0.567871
vt 0.869141 0.569824
vt 0.972168 0.570801
vt 0.877441 0.567383
vt 0.870117 0.570801
vt 0.873047 0.575195
vt 0.867188 0.580566
vt 0.871094 0.583496
vt 0.874512 0.581055
vt 0.875488 0.587402
vt 0.875488 0.593750
vt 0.876953 0.678711
vt 0.875488 0.595215
vt 0.872070 0.597656
vt 0.874023 0.680176
vt 0.868164 0.895508
vt 0.857422 0.894531
vt 0.870605 0.883301
vt 0.873047 0.875977
vt 0.878906 0.896484
vt 0.878418 0.883789
vt 0.889160 0.896484
vt 0.902832 0.919922
vt 0.900879 0.895996
vt 0.878418 0.919922
vt 0.890625 0.919922
vt 0.889160 0.957031
vt 0.902832 0.957031
vt 0.902832 0.994141
vt 0.916992 0.957031
vt 0.915527 0.919434
vt 0.918945 0.994141
vt 0.936035 0.993164
vt 0.952148 0.992676
vt 0.932129 0.956543
vt 0.946777 0.955566
vt 0.928711 0.918945
vt 0.940918 0.918457
vt 0.913086 0.895020
vt 0.888184 0.994141
vt 0.873535 0.993164
vt 0.859375 0.992188
vt 0.875977 0.956543
vt 0.862793 0.955566
vt 0.866211 0.918945
vt 0.849121 0.954102
vt 0.853516 0.916992
vt 0.845215 0.991211
vt 0.714355 0.543945
vt 0.746582 0.596191
vt 0.714844 0.540527
vt 0.717285 0.540527
vt 0.717773 0.541992
vt 0.724121 0.551270
vt 0.712891 0.541016
vt 0.749512 0.594238
vt 0.747559 0.592773
vt 0.744629 0.593262
vt 0.720703 0.552734
vt 0.736816 0.603027
vt 0.730957 0.562012
vt 0.734863 0.600586
vt 0.725586 0.564453
vt 0.724121 0.608398
vt 0.722656 0.605469
vt 0.732422 0.597656
vt 0.719727 0.601562
vt 0.729980 0.594727
vt 0.727539 0.591797
vt 0.718262 0.599121
vt 0.712402 0.593750
vt 0.725586 0.589355
vt 0.721680 0.586426
vt 0.730957 0.578613
vt 0.727539 0.576660
vt 0.718750 0.584473
vt 0.724121 0.574219
vt 0.715332 0.582031
vt 0.705078 0.588867
vt 0.720703 0.572754
vt 0.712891 0.580566
vt 0.717773 0.570801
vt 0.709961 0.579102
vt 0.704102 0.588379
vt 0.714355 0.569336
vt 0.707031 0.577637
vt 0.710938 0.567383
vt 0.699707 0.584473
vt 0.704590 0.576172
vt 0.706543 0.564941
vt 0.701172 0.574219
vt 0.695312 0.581543
vt 0.697754 0.571777
vt 0.703125 0.561523
vt 0.708496 0.562988
vt 0.707520 0.560547
vt 0.699219 0.559082
vt 0.705566 0.558594
vt 0.703125 0.557129
vt 0.700684 0.557129
vt 0.699219 0.555176
vt 0.696289 0.557617
vt 0.697754 0.554199
vt 0.695801 0.553711
vt 0.693848 0.557129
vt 0.694336 0.554688
vt 0.691406 0.557129
vt 0.693359 0.553711
vt 0.691895 0.553223
vt 0.690918 0.553223
vt 0.688965 0.556641
vt 0.689941 0.553711
vt 0.686523 0.555664
vt 0.688965 0.552734
vt 0.687500 0.551758
vt 0.686523 0.551758
vt 0.684570 0.555176
vt 0.685059 0.552246
vt 0.681152 0.554199
vt 0.684570 0.550781
vt 0.683105 0.549805
vt 0.681152 0.549805
vt 0.678711 0.553223
vt 0.679688 0.549805
vt 0.676270 0.552734
vt 0.678223 0.548828
vt 0.676758 0.548340
vt 0.674805 0.548340
vt 0.673828 0.552246
vt 0.673340 0.548828
vt 0.669434 0.552246
vt 0.671875 0.547852
vt 0.669922 0.547363
vt 0.667480 0.547852
vt 0.665039 0.552734
vt 0.665527 0.548828
vt 0.660645 0.551758
vt 0.663086 0.547363
vt 0.660645 0.547363
vt 0.657715 0.547852
vt 0.656738 0.551758
vt 0.656250 0.549316
vt 0.652344 0.552246
vt 0.653809 0.547852
vt 0.651367 0.548340
vt 0.648926 0.549316
vt 0.647461 0.550781
vt 0.648926 0.554199
vt 0.645996 0.554688
vt 0.651855 0.562500
vt 0.654785 0.561523
vt 0.657227 0.561523
vt 0.657715 0.570801
vt 0.655273 0.570801
vt 0.661133 0.570312
vt 0.660645 0.561035
vt 0.663086 0.570312
vt 0.666504 0.570801
vt 0.666992 0.561523
vt 0.664062 0.561523
vt 0.670410 0.562012
vt 0.673828 0.562500
vt 0.670410 0.571289
vt 0.674805 0.571777
vt 0.676758 0.562988
vt 0.676270 0.572266
vt 0.679688 0.574219
vt 0.678711 0.563965
vt 0.681152 0.565430
vt 0.681152 0.575684
vt 0.684082 0.566406
vt 0.686523 0.567871
vt 0.684082 0.576172
vt 0.685547 0.576660
vt 0.690430 0.568359
vt 0.688477 0.578125
vt 0.688477 0.568359
vt 0.689941 0.578125
vt 0.692871 0.568848
vt 0.693359 0.579590
vt 0.694824 0.569824
vt 0.649414 0.563965
vt 0.652344 0.571289
vt 0.647949 0.564941
vt 0.649902 0.572266
vt 0.646973 0.565918
vt 0.642578 0.567383
vt 0.647461 0.573730
vt 0.641113 0.569824
vt 0.645508 0.577148
vt 0.642090 0.581055
vt 0.639160 0.571289
vt 0.637207 0.574219
vt 0.633301 0.577148
vt 0.631836 0.565918
vt 0.627441 0.568848
vt 0.629395 0.562500
vt 0.623535 0.572754
vt 0.626465 0.562988
vt 0.623535 0.564941
vt 0.622070 0.566895
vt 0.621582 0.569824
vt 0.620117 0.576660
vt 0.618164 0.571289
vt 0.616211 0.573242
vt 0.614746 0.575684
vt 0.616699 0.581055
vt 0.614258 0.578125
vt 0.613770 0.584473
vt 0.611328 0.579102
vt 0.609375 0.581055
vt 0.608398 0.583496
vt 0.610840 0.588379
vt 0.607910 0.585938
vt 0.608398 0.591797
vt 0.605957 0.586914
vt 0.604980 0.587891
vt 0.604004 0.590820
vt 0.606445 0.596680
vt 0.603516 0.594238
vt 0.604492 0.599609
vt 0.601562 0.595215
vt 0.600098 0.597168
vt 0.599609 0.600098
vt 0.602051 0.604004
vt 0.600098 0.602539
vt 0.598145 0.610352
vt 0.595215 0.604492
vt 0.593750 0.607422
vt 0.592773 0.611816
vt 0.596191 0.617188
vt 0.593262 0.616211
vt 0.594238 0.624023
vt 0.589844 0.619141
vt 0.588867 0.623047
vt 0.589355 0.627930
vt 0.595703 0.631348
vt 0.591309 0.631348
vt 0.593262 0.639160
vt 0.849121 0.609863
vt 0.588867 0.634766
vt 0.587402 0.639160
vt 0.854492 0.607910
vt 0.852051 0.604980
vt 0.846680 0.604004
vt 0.849121 0.603027
vt 0.845215 0.600586
vt 0.850098 0.600586
vt 0.849609 0.597656
vt 0.847168 0.595215
vt 0.842285 0.595215
vt 0.844727 0.594238
vt 0.840820 0.591797
vt 0.845215 0.591797
vt 0.845215 0.589844
vt 0.843750 0.588379
vt 0.838379 0.588379
vt 0.841309 0.586914
vt 0.836914 0.583496
vt 0.841309 0.583984
vt 0.840820 0.581055
vt 0.839355 0.579590
vt 0.836914 0.578613
vt 0.834473 0.580566
vt 0.825684 0.586426
vt 0.828125 0.589844
vt 0.832031 0.575684
vt 0.828613 0.572754
vt 0.833008 0.571289
vt 0.835449 0.573242
vt 0.836914 0.575684
vt 0.823242 0.583008
vt 0.817871 0.593262
vt 0.820801 0.579590
vt 0.815430 0.590332
vt 0.813477 0.587402
vt 0.817383 0.575684
vt 0.810547 0.583496
vt 0.805664 0.577637
vt 0.813965 0.571289
vt 0.821289 0.563477
vt 0.818848 0.560059
vt 0.811523 0.568359
vt 0.814941 0.557129
vt 0.808594 0.565918
vt 0.806152 0.563477
vt 0.803223 0.575195
vt 0.812500 0.554199
vt 0.810059 0.551270
vt 0.814941 0.549805
vt 0.815918 0.551270
vt 0.816895 0.552734
vt 0.816895 0.554199
vt 0.819336 0.555176
vt 0.821777 0.557129
vt 0.822754 0.559570
vt 0.823242 0.561523
vt 0.825684 0.562500
vt 0.824707 0.567383
vt 0.828613 0.564453
vt 0.830566 0.567383
vt 0.830566 0.570312
vt 0.813477 0.548828
vt 0.812500 0.547852
vt 0.811523 0.547363
vt 0.808105 0.550293
vt 0.810547 0.547363
vt 0.806152 0.549316
vt 0.809570 0.546875
vt 0.809082 0.546387
vt 0.807617 0.545898
vt 0.806152 0.545898
vt 0.804199 0.548828
vt 0.803223 0.546875
vt 0.799316 0.557617
vt 0.800781 0.558594
vt 0.796387 0.568848
vt 0.802246 0.559082
vt 0.794434 0.568848
vt 0.798340 0.557617
vt 0.792480 0.567383
vt 0.796387 0.556152
vt 0.790527 0.565918
vt 0.786621 0.563965
vt 0.790527 0.552734
vt 0.793945 0.554688
vt 0.794434 0.541504
vt 0.797363 0.542969
vt 0.797363 0.539551
vt 0.799316 0.540527
vt 0.800781 0.541992
vt 0.802246 0.543457
vt 0.800781 0.545410
vt 0.803711 0.543945
vt 0.805176 0.544434
vt 0.805664 0.544922
vt 0.795410 0.540039
vt 0.791016 0.540039
vt 0.793945 0.538086
vt 0.791992 0.537109
vt 0.790039 0.537109
vt 0.788086 0.537598
vt 0.788086 0.539551
vt 0.787598 0.551270
vt 0.784180 0.548828
vt 0.785156 0.538086
vt 0.782227 0.537109
vt 0.784180 0.534668
vt 0.786133 0.535156
vt 0.787598 0.536133
vt 0.782715 0.535156
vt 0.779297 0.536133
vt 0.781738 0.534180
vt 0.779785 0.533691
vt 0.777832 0.533691
vt 0.776367 0.536133
vt 0.776855 0.534180
vt 0.773438 0.535645
vt 0.775879 0.533203
vt 0.773438 0.532715
vt 0.771973 0.533203
vt 0.770508 0.534180
vt 0.770996 0.535645
vt 0.772461 0.545898
vt 0.769531 0.546387
vt 0.768066 0.535645
vt 0.766113 0.535645
vt 0.767090 0.533203
vt 0.768555 0.532715
vt 0.770020 0.533203
vt 0.766113 0.533691
vt 0.764160 0.534668
vt 0.765625 0.532715
vt 0.764160 0.532227
vt 0.763184 0.532715
vt 0.762207 0.533203
vt 0.761719 0.534180
vt 0.761230 0.545898
vt 0.763672 0.546387
vt 0.758789 0.533691
vt 0.755371 0.533691
vt 0.756836 0.531738
vt 0.758789 0.531250
vt 0.761230 0.531738
vt 0.758789 0.545410
vt 0.756836 0.545410
vt 0.761230 0.559082
vt 0.756348 0.558594
vt 0.752930 0.544922
vt 0.754883 0.558594
vt 0.751465 0.558594
vt 0.749512 0.544922
vt 0.745605 0.545410
vt 0.746582 0.534180
vt 0.742676 0.534180
vt 0.738281 0.535645
vt 0.739258 0.532715
vt 0.741699 0.531738
vt 0.744141 0.532227
vt 0.746582 0.533203
vt 0.748535 0.531738
vt 0.750977 0.533691
vt 0.750977 0.530762
vt 0.752930 0.531250
vt 0.755371 0.532715
vt 0.737793 0.534180
vt 0.734863 0.536133
vt 0.735840 0.533691
vt 0.733887 0.533691
vt 0.732422 0.534668
vt 0.731445 0.537109
vt 0.730469 0.535645
vt 0.728516 0.538086
vt 0.729004 0.535156
vt 0.727539 0.535156
vt 0.726074 0.536133
vt 0.725098 0.539062
vt 0.724609 0.537598
vt 0.722168 0.537109
vt 0.721191 0.540039
vt 0.718262 0.538574
vt 0.719727 0.537598
vt 0.726562 0.549805
vt 0.729980 0.548828
vt 0.733887 0.561523
vt 0.733398 0.547852
vt 0.738281 0.560059
vt 0.736328 0.546875
vt 0.741211 0.559570
vt 0.738770 0.545898
vt 0.748047 0.558594
vt 0.741699 0.545898
vt 0.765137 0.560059
vt 0.766113 0.546875
vt 0.768066 0.560547
vt 0.772461 0.559570
vt 0.775879 0.559570
vt 0.776855 0.546387
vt 0.777832 0.559082
vt 0.781250 0.547363
vt 0.780273 0.560547
vt 0.784180 0.562500
vt 0.798828 0.570801
vt 0.804199 0.561523
vt 0.800293 0.572266
vt 0.819824 0.596191
vt 0.821777 0.600098
vt 0.830078 0.594238
vt 0.823730 0.603027
vt 0.832031 0.598145
vt 0.825684 0.607422
vt 0.833984 0.601562
vt 0.835449 0.604492
vt 0.828613 0.613770
vt 0.836914 0.608887
vt 0.831055 0.618652
vt 0.615234 0.637207
vt 0.604980 0.638184
vt 0.839355 0.614258
vt 0.614746 0.632812
vt 0.615723 0.627930
vt 0.605469 0.631836
vt 0.605957 0.625977
vt 0.607422 0.620117
vt 0.615723 0.622559
vt 0.617188 0.618652
vt 0.619629 0.613281
vt 0.608887 0.614746
vt 0.611328 0.609375
vt 0.613281 0.604980
vt 0.622070 0.609375
vt 0.624023 0.604980
vt 0.615234 0.600586
vt 0.625977 0.601074
vt 0.627930 0.597656
vt 0.617676 0.596191
vt 0.620117 0.592773
vt 0.630859 0.594238
vt 0.622559 0.589355
vt 0.624512 0.586914
vt 0.633789 0.590820
vt 0.627441 0.583496
vt 0.630371 0.580078
vt 0.636230 0.587402
vt 0.639160 0.584473
vt 0.629883 0.560059
vt 0.631348 0.558105
vt 0.634277 0.562500
vt 0.636230 0.560059
vt 0.633789 0.557617
vt 0.632812 0.557617
vt 0.633789 0.556152
vt 0.637207 0.559082
vt 0.634766 0.555664
vt 0.635254 0.555664
vt 0.636719 0.555664
vt 0.637207 0.554688
vt 0.638672 0.558105
vt 0.641602 0.556641
vt 0.643555 0.555664
vt 0.641602 0.553223
vt 0.640137 0.553223
vt 0.639160 0.553223
vt 0.642578 0.551758
vt 0.643555 0.551270
vt 0.645996 0.550293
vt 0.710938 0.562500
vt 0.713867 0.563477
vt 0.715820 0.565430
vt 0.715820 0.566895
vt 0.718262 0.566406
vt 0.720215 0.567383
vt 0.722168 0.568359
vt 0.722656 0.569824
vt 0.724609 0.569824
vt 0.726562 0.570801
vt 0.728027 0.572266
vt 0.729004 0.574219
vt 0.731445 0.574707
vt 0.733887 0.575684
vt 0.735840 0.577637
vt 0.735840 0.580078
vt 0.738770 0.581055
vt 0.734863 0.582031
vt 0.736816 0.584473
vt 0.741211 0.586426
vt 0.739258 0.587402
vt 0.741211 0.584473
vt 0.740723 0.582520
vt 0.742188 0.590332
vt 0.745605 0.589844
vt 0.745605 0.587402
vt 0.743164 0.586426
vt 0.745605 0.592285
vt 0.637695 0.979492
vt 0.640137 0.979492
vt 0.674805 0.958496
vt 0.684570 0.947754
vt 0.641602 0.965332
vt 0.639648 0.963867
vt 0.629883 0.979492
vt 0.684570 0.947754
vt 0.641602 0.965332
vt 0.639648 0.963867
vt 0.645020 0.946289
vt 0.631836 0.960449
vt 0.620117 0.979980
vt 0.620605 0.958984
vt 0.637695 0.940918
vt 0.637695 0.910156
vt 0.622070 0.937500
vt 0.652344 0.919434
vt 0.652344 0.897461
vt 0.670410 0.884766
vt 0.652344 0.870605
vt 0.668457 0.858398
vt 0.686035 0.845703
vt 0.684082 0.843750
vt 0.666504 0.855957
vt 0.641602 0.848633
vt 0.399658 0.987305
vt 0.626465 0.864258
vt 0.378174 0.990723
vt 0.650391 0.868652
vt 0.617676 0.875000
vt 0.365479 0.995117
vt 0.641602 0.879883
vt 0.639160 0.877930
vt 0.613770 0.886230
vt 0.351562 0.994141
vt 0.632324 0.887695
vt 0.629395 0.886230
vt 0.626465 0.893066
vt 0.623535 0.890137
vt 0.618652 0.897461
vt 0.615723 0.894531
vt 0.328369 0.993164
vt 0.601562 0.901367
vt 0.603027 0.904297
vt 0.602051 0.924316
vt 0.577148 0.912109
vt 0.576660 0.929688
vt 0.553223 0.917969
vt 0.551270 0.933594
vt 0.575684 0.947266
vt 0.598633 0.961914
vt 0.600098 0.942383
vt 0.574707 0.964844
vt 0.550293 0.950684
vt 0.549805 0.967285
vt 0.524902 0.967285
vt 0.525391 0.951172
vt 0.524902 0.935547
vt 0.501953 0.966797
vt 0.501953 0.951172
vt 0.481934 0.964355
vt 0.480469 0.950195
vt 0.501465 0.936523
vt 0.482178 0.933105
vt 0.502930 0.923828
vt 0.481934 0.920410
vt 0.526855 0.922363
vt 0.275635 0.995605
vt 0.551758 0.914551
vt 0.525879 0.917969
vt 0.250000 0.986816
vt 0.230225 0.973145
vt 0.502441 0.918945
vt 0.267578 0.959473
vt 0.288330 0.968750
vt 0.309326 0.976562
vt 0.317871 0.962402
vt 0.299805 0.942383
vt 0.304443 0.913086
vt 0.290039 0.907227
vt 0.311768 0.916016
vt 0.281250 0.933105
vt 0.310303 0.934082
vt 0.583008 0.509277
vt 0.315674 0.917480
vt 0.325439 0.955566
vt 0.317871 0.929199
vt 0.578125 0.501953
vt 0.568848 0.483643
vt 0.332764 0.953125
vt 0.575684 0.503906
vt 0.581543 0.513184
vt 0.593262 0.515137
vt 0.328857 0.905273
vt 0.589844 0.518555
vt 0.578613 0.514648
vt 0.572266 0.504883
vt 0.586426 0.521484
vt 0.575684 0.519043
vt 0.567383 0.509766
vt 0.570312 0.523926
vt 0.576172 0.531250
vt 0.582031 0.525879
vt 0.583984 0.536133
vt 0.594238 0.527344
vt 0.588379 0.532227
vt 0.587891 0.543457
vt 0.593750 0.539551
vt 0.597656 0.551270
vt 0.428467 0.503418
vt 0.601074 0.534668
vt 0.606934 0.543945
vt 0.426025 0.489014
vt 0.436523 0.489014
vt 0.425049 0.477295
vt 0.613770 0.537598
vt 0.438965 0.501953
vt 0.443115 0.509766
vt 0.455322 0.509766
vt 0.451172 0.503418
vt 0.446777 0.487793
vt 0.453857 0.502441
vt 0.457031 0.501465
vt 0.451416 0.488525
vt 0.454834 0.486572
vt 0.450684 0.477051
vt 0.455078 0.473633
vt 0.463623 0.486816
vt 0.450928 0.469727
vt 0.459473 0.469971
vt 0.456543 0.461670
vt 0.452637 0.449219
vt 0.471680 0.457520
vt 0.473877 0.469727
vt 0.444580 0.465820
vt 0.445557 0.475098
vt 0.436035 0.477295
vt 0.435791 0.465820
vt 0.435791 0.447266
vt 0.621094 0.532715
vt 0.425781 0.466553
vt 0.444092 0.455322
vt 0.447754 0.438965
vt 0.447998 0.434814
vt 0.412842 0.890137
vt 0.465820 0.436035
vt 0.467529 0.443848
vt 0.489746 0.457031
vt 0.488037 0.441895
vt 0.486816 0.434570
vt 0.510254 0.451172
vt 0.507812 0.458252
vt 0.505859 0.466797
vt 0.518066 0.472168
vt 0.528320 0.469238
vt 0.530762 0.458008
vt 0.539062 0.483154
vt 0.527832 0.493652
vt 0.537598 0.501953
vt 0.520996 0.493408
vt 0.527344 0.501465
vt 0.520508 0.503906
vt 0.519043 0.514160
vt 0.525391 0.513672
vt 0.525879 0.523438
vt 0.533203 0.515137
vt 0.536621 0.525391
vt 0.540039 0.516602
vt 0.544434 0.503418
vt 0.549316 0.489990
vt 0.556152 0.510254
vt 0.549316 0.519531
vt 0.543945 0.527832
vt 0.552246 0.532227
vt 0.562988 0.515137
vt 0.558594 0.525391
vt 0.564453 0.531738
vt 0.557129 0.536133
vt 0.556641 0.538574
vt 0.563965 0.545410
vt 0.563965 0.542969
vt 0.570312 0.536621
vt 0.574219 0.542480
vt 0.445068 0.531250
vt 0.569824 0.553711
vt 0.567383 0.554199
vt 0.447510 0.532715
vt 0.453857 0.527832
vt 0.452393 0.525879
vt 0.460693 0.524902
vt 0.458984 0.523438
vt 0.467773 0.524414
vt 0.467773 0.522461
vt 0.478271 0.522461
vt 0.478760 0.524902
vt 0.488770 0.522461
vt 0.488525 0.525391
vt 0.499023 0.525879
vt 0.498779 0.523438
vt 0.507812 0.526855
vt 0.508301 0.523438
vt 0.518555 0.527344
vt 0.519043 0.522949
vt 0.526367 0.526855
vt 0.537109 0.527832
vt 0.543457 0.530762
vt 0.550293 0.534180
vt 0.511230 0.514648
vt 0.501953 0.515137
vt 0.510742 0.505859
vt 0.512207 0.494873
vt 0.502930 0.506348
vt 0.497803 0.505371
vt 0.497803 0.495117
vt 0.502441 0.495361
vt 0.504883 0.479736
vt 0.497070 0.481445
vt 0.490967 0.468750
vt 0.488525 0.481934
vt 0.480225 0.483398
vt 0.488037 0.489258
vt 0.481445 0.494629
vt 0.486328 0.499023
vt 0.488037 0.495605
vt 0.490479 0.498291
vt 0.491699 0.505859
vt 0.489258 0.515137
vt 0.485596 0.505859
vt 0.479248 0.506348
vt 0.476562 0.506836
vt 0.476807 0.514648
vt 0.476562 0.496338
vt 0.466553 0.505859
vt 0.465332 0.498535
vt 0.475098 0.484863
vt 0.467285 0.515137
vt 0.455811 0.515625
vt 0.448242 0.517578
vt 0.441650 0.522949
vt 0.578613 0.553711
vt 0.588379 0.552734
vt 0.434082 0.514160
vt 0.576172 0.547852
vt 0.496582 0.515137
vt 0.511230 0.479248
vt 0.560059 0.499512
vt 0.554688 0.478760
vt 0.562500 0.488770
vt 0.558105 0.472168
vt 0.566406 0.485352
vt 0.561035 0.470215
vt 0.349609 0.960938
vt 0.372070 0.967773
vt 0.548828 0.454346
vt 0.347168 0.964355
vt 0.371338 0.970703
vt 0.374023 0.979492
vt 0.406494 0.971191
vt 0.394531 0.964844
vt 0.534180 0.441650
vt 0.395264 0.967773
vt 0.424805 0.952148
vt 0.434814 0.930176
vt 0.422363 0.951660
vt 0.508789 0.435059
vt 0.431396 0.957031
vt 0.443115 0.809082
vt 0.675781 0.811523
vt 0.448730 0.967285
vt 0.442139 0.934082
vt 0.451416 0.938965
vt 0.469727 0.810059
vt 0.500977 0.812012
vt 0.447021 0.906250
vt 0.463867 0.834961
vt 0.463867 0.838379
vt 0.493896 0.833496
vt 0.493408 0.830566
vt 0.443604 0.837891
vt 0.444580 0.841309
vt 0.428955 0.838379
vt 0.698242 0.833008
vt 0.429443 0.842773
vt 0.701660 0.834961
vt 0.659180 0.830078
vt 0.427246 0.984863
vt 0.691895 0.873047
vt 0.715820 0.863770
vt 0.449951 0.869141
vt 0.466309 0.889648
vt 0.716797 0.889648
vt 0.475586 0.861328
vt 0.486328 0.879395
vt 0.508301 0.873535
vt 0.502930 0.855469
vt 0.525391 0.853027
vt 0.523926 0.830078
vt 0.527344 0.871094
vt 0.512207 0.884766
vt 0.530762 0.883301
vt 0.547852 0.871094
vt 0.548340 0.851562
vt 0.566895 0.872070
vt 0.569824 0.852539
vt 0.547852 0.828613
vt 0.569824 0.829590
vt 0.568848 0.825684
vt 0.546875 0.824707
vt 0.523926 0.826660
vt 0.523926 0.822266
vt 0.437744 0.881836
vt 0.425537 0.883789
vt 0.399902 0.870605
vt 0.416016 0.887207
vt 0.440430 0.902832
vt 0.547852 0.821289
vt 0.420898 0.859863
vt 0.572266 0.822754
vt 0.416260 0.834961
vt 0.398682 0.833984
vt 0.400879 0.853027
vt 0.378906 0.851562
vt 0.378662 0.831055
vt 0.359375 0.809082
vt 0.379639 0.809570
vt 0.358154 0.830078
vt 0.337402 0.830078
vt 0.337402 0.809570
vt 0.357910 0.851074
vt 0.337158 0.852539
vt 0.358154 0.869629
vt 0.379395 0.868164
vt 0.355469 0.883789
vt 0.378662 0.879395
vt 0.397217 0.881836
vt 0.434814 0.441406
vt 0.398438 0.878418
vt 0.424072 0.450684
vt 0.628418 0.520996
vt 0.378418 0.883789
vt 0.625977 0.524902
vt 0.423828 0.455811
vt 0.606934 0.526367
vt 0.610840 0.520996
vt 0.353760 0.892578
vt 0.599609 0.521484
vt 0.339111 0.889160
vt 0.602051 0.518066
vt 0.342041 0.900391
vt 0.323975 0.898438
vt 0.315918 0.884277
vt 0.337158 0.873535
vt 0.316895 0.855469
vt 0.317139 0.830566
vt 0.298828 0.854492
vt 0.299316 0.830078
vt 0.300781 0.810059
vt 0.281738 0.810547
vt 0.282227 0.829590
vt 0.281006 0.852051
vt 0.278320 0.875977
vt 0.264160 0.849609
vt 0.260742 0.871094
vt 0.245117 0.866699
vt 0.304932 0.028381
vt 0.255859 0.892090
vt 0.289307 0.030579
vt 0.240112 0.885254
vt 0.305176 0.025818
vt 0.289307 0.027451
vt 0.275391 0.030411
vt 0.234375 0.900879
vt 0.275146 0.028503
vt 0.219971 0.922852
vt 0.253906 0.032959
vt 0.248901 0.912109
vt 0.272461 0.899902
vt 0.264893 0.923828
vt 0.235962 0.939941
vt 0.215454 0.955078
vt 0.480225 0.914551
vt 0.252197 0.950195
vt 0.464355 0.912109
vt 0.209229 0.939453
vt 0.465332 0.915039
vt 0.206177 0.940430
vt 0.235596 0.033020
vt 0.222168 0.032990
vt 0.468018 0.930664
vt 0.254150 0.028931
vt 0.234985 0.029984
vt 0.222046 0.030884
vt 0.222900 0.013542
vt 0.206665 0.014084
vt 0.206055 0.031616
vt 0.194702 0.015121
vt 0.195312 0.032562
vt 0.467285 0.963379
vt 0.195312 0.034668
vt 0.206421 0.034424
vt 0.467529 0.950195
vt 0.184326 0.035034
vt 0.466064 0.976562
vt 0.481934 0.964355
vt 0.195312 0.032562
vt 0.184082 0.033081
vt 0.195312 0.034668
vt 0.467285 0.963379
vt 0.479248 0.978516
vt 0.500000 0.981445
vt 0.501953 0.966797
vt 0.524902 0.967285
vt 0.525391 0.951172
vt 0.501953 0.951172
vt 0.480469 0.950195
vt 0.501465 0.936523
vt 0.524902 0.935547
vt 0.553223 0.917969
vt 0.551270 0.933594
vt 0.526855 0.922363
vt 0.250000 0.986816
vt 0.525879 0.917969
vt 0.502930 0.923828
vt 0.551758 0.914551
vt 0.275635 0.995605
vt 0.577148 0.912109
vt 0.301270 0.996582
vt 0.575684 0.908691
vt 0.288330 0.968750
vt 0.309326 0.976562
vt 0.328369 0.993164
vt 0.601562 0.901367
vt 0.317871 0.962402
vt 0.334229 0.984375
vt 0.344482 0.985352
vt 0.338379 0.975586
vt 0.368652 0.988281
vt 0.374023 0.979492
vt 0.325439 0.955566
vt 0.347168 0.964355
vt 0.349609 0.960938
vt 0.561035 0.470215
vt 0.332764 0.953125
vt 0.568848 0.483643
vt 0.371338 0.970703
vt 0.372070 0.967773
vt 0.548828 0.454346
vt 0.406494 0.971191
vt 0.395264 0.967773
vt 0.394531 0.964844
vt 0.534180 0.441650
vt 0.422363 0.951660
vt 0.508789 0.435059
vt 0.533203 0.444092
vt 0.424805 0.952148
vt 0.546875 0.458008
vt 0.558105 0.472168
vt 0.554688 0.478760
vt 0.543945 0.468506
vt 0.549316 0.489990
vt 0.530762 0.458008
vt 0.539062 0.483154
vt 0.544434 0.503418
vt 0.528320 0.469238
vt 0.527832 0.493652
vt 0.537598 0.501953
vt 0.527344 0.501465
vt 0.525391 0.513672
vt 0.533203 0.515137
vt 0.525879 0.523438
vt 0.536621 0.525391
vt 0.540039 0.516602
vt 0.543945 0.527832
vt 0.549316 0.519531
vt 0.556152 0.510254
vt 0.552246 0.532227
vt 0.562988 0.515137
vt 0.558594 0.525391
vt 0.557129 0.536133
vt 0.570312 0.523926
vt 0.564453 0.531738
vt 0.563965 0.542969
vt 0.576172 0.531250
vt 0.570312 0.536621
vt 0.574219 0.542480
vt 0.583984 0.536133
vt 0.582031 0.525879
vt 0.587891 0.543457
vt 0.588379 0.532227
vt 0.594238 0.527344
vt 0.593750 0.539551
vt 0.601074 0.534668
vt 0.426025 0.489014
vt 0.606934 0.543945
vt 0.597656 0.551270
vt 0.428467 0.503418
vt 0.438965 0.501953
vt 0.443115 0.509766
vt 0.434082 0.514160
vt 0.588379 0.552734
vt 0.576172 0.547852
vt 0.441650 0.522949
vt 0.578613 0.553711
vt 0.448242 0.517578
vt 0.452393 0.525879
vt 0.445068 0.531250
vt 0.569824 0.553711
vt 0.453857 0.527832
vt 0.447510 0.532715
vt 0.567383 0.554199
vt 0.563965 0.545410
vt 0.556641 0.538574
vt 0.550293 0.534180
vt 0.543457 0.530762
vt 0.537109 0.527832
vt 0.526367 0.526855
vt 0.518555 0.527344
vt 0.519043 0.522949
vt 0.508301 0.523438
vt 0.511230 0.514648
vt 0.519043 0.514160
vt 0.520508 0.503906
vt 0.520996 0.493408
vt 0.510742 0.505859
vt 0.512207 0.494873
vt 0.502441 0.495361
vt 0.511230 0.479248
vt 0.502930 0.506348
vt 0.504883 0.479736
vt 0.505859 0.466797
vt 0.497070 0.481445
vt 0.490967 0.468750
vt 0.489746 0.457031
vt 0.471680 0.457520
vt 0.473877 0.469727
vt 0.488525 0.481934
vt 0.480225 0.483398
vt 0.488037 0.489258
vt 0.497803 0.495117
vt 0.491699 0.505859
vt 0.488037 0.495605
vt 0.490479 0.498291
vt 0.497803 0.505371
vt 0.489258 0.515137
vt 0.496582 0.515137
vt 0.501953 0.515137
vt 0.498779 0.523438
vt 0.499023 0.525879
vt 0.507812 0.526855
vt 0.488770 0.522461
vt 0.478271 0.522461
vt 0.478760 0.524902
vt 0.488525 0.525391
vt 0.467773 0.524414
vt 0.458984 0.523438
vt 0.467773 0.522461
vt 0.460693 0.524902
vt 0.455811 0.515625
vt 0.467285 0.515137
vt 0.455322 0.509766
vt 0.476807 0.514648
vt 0.476562 0.506836
vt 0.466553 0.505859
vt 0.476562 0.496338
vt 0.457031 0.501465
vt 0.465332 0.498535
vt 0.454834 0.486572
vt 0.463623 0.486816
vt 0.455078 0.473633
vt 0.459473 0.469971
vt 0.475098 0.484863
vt 0.481445 0.494629
vt 0.479248 0.506348
vt 0.485596 0.505859
vt 0.486328 0.499023
vt 0.456543 0.461670
vt 0.452637 0.449219
vt 0.444580 0.465820
vt 0.445557 0.475098
vt 0.450928 0.469727
vt 0.450684 0.477051
vt 0.446777 0.487793
vt 0.451416 0.488525
vt 0.453857 0.502441
vt 0.451172 0.503418
vt 0.436523 0.489014
vt 0.436035 0.477295
vt 0.425049 0.477295
vt 0.613770 0.537598
vt 0.621094 0.532715
vt 0.425781 0.466553
vt 0.435791 0.465820
vt 0.606934 0.526367
vt 0.599609 0.521484
vt 0.610840 0.520996
vt 0.353760 0.892578
vt 0.625977 0.524902
vt 0.423828 0.455811
vt 0.628418 0.520996
vt 0.424072 0.450684
vt 0.378418 0.883789
vt 0.397217 0.881836
vt 0.434814 0.441406
vt 0.355469 0.883789
vt 0.378662 0.879395
vt 0.399902 0.870605
vt 0.379395 0.868164
vt 0.398438 0.878418
vt 0.412842 0.890137
vt 0.447998 0.434814
vt 0.416016 0.887207
vt 0.425781 0.905762
vt 0.464355 0.432861
vt 0.425537 0.883789
vt 0.523926 0.822266
vt 0.437744 0.881836
vt 0.440430 0.902832
vt 0.429199 0.903809
vt 0.431885 0.929688
vt 0.486328 0.431641
vt 0.442139 0.934082
vt 0.434814 0.930176
vt 0.431396 0.957031
vt 0.469727 0.810059
vt 0.451416 0.938965
vt 0.675781 0.811523
vt 0.448730 0.967285
vt 0.443115 0.809082
vt 0.428955 0.838379
vt 0.698242 0.833008
vt 0.659180 0.830078
vt 0.427246 0.984863
vt 0.443604 0.837891
vt 0.463867 0.834961
vt 0.463867 0.838379
vt 0.500977 0.812012
vt 0.447021 0.906250
vt 0.493896 0.833496
vt 0.493408 0.830566
vt 0.523926 0.826660
vt 0.523926 0.830078
vt 0.547852 0.828613
vt 0.502930 0.855469
vt 0.525391 0.853027
vt 0.548340 0.851562
vt 0.527344 0.871094
vt 0.566895 0.872070
vt 0.569824 0.852539
vt 0.547852 0.871094
vt 0.546387 0.883301
vt 0.530762 0.883301
vt 0.512207 0.884766
vt 0.530762 0.884277
vt 0.780273 0.856934
vt 0.546387 0.884277
vt 0.794922 0.856445
vt 0.810059 0.858398
vt 0.562988 0.886230
vt 0.809570 0.862793
vt 0.794922 0.860352
vt 0.808594 0.866699
vt 0.780762 0.861328
vt 0.794922 0.865234
vt 0.781250 0.865723
vt 0.781738 0.867188
vt 0.795410 0.867676
vt 0.786133 0.878906
vt 0.796875 0.879395
vt 0.808105 0.868652
vt 0.824219 0.873047
vt 0.808105 0.880859
vt 0.817383 0.895020
vt 0.820801 0.883301
vt 0.798340 0.891113
vt 0.808105 0.892578
vt 0.795410 0.915527
vt 0.603027 0.782715
vt 0.801270 0.915039
vt 0.608398 0.790039
vt 0.809570 0.917480
vt 0.611328 0.802734
vt 0.808105 0.892578
vt 0.608398 0.790039
vt 0.801270 0.915039
vt 0.598145 0.790039
vt 0.598145 0.803223
vt 0.598145 0.790039
vt 0.584473 0.789062
vt 0.584961 0.804199
vt 0.584473 0.789062
vt 0.570801 0.788574
vt 0.570801 0.788574
vt 0.568359 0.804688
vt 0.552734 0.786133
vt 0.552734 0.786133
vt 0.546387 0.804199
vt 0.517578 0.804199
vt 0.716309 0.989746
vt 0.733887 0.981445
vt 0.735352 0.990723
vt 0.535645 0.784668
vt 0.733887 0.981445
vt 0.735352 0.990723
vt 0.535645 0.784668
vt 0.716797 0.985352
vt 0.717285 0.985352
vt 0.715332 0.988281
vt 0.716797 0.985352
vt 0.717285 0.985352
vt 0.711914 0.972656
vt 0.729980 0.965332
vt 0.706543 0.956543
vt 0.708496 0.974121
vt 0.713867 0.984375
vt 0.706055 0.976562
vt 0.713867 0.986816
vt 0.713379 0.987305
vt 0.706055 0.976562
vt 0.713867 0.986816
vt 0.703613 0.979980
vt 0.696777 0.962402
vt 0.690430 0.969727
vt 0.696777 0.962402
vt 0.700195 0.945312
vt 0.703613 0.955078
vt 0.683105 0.964355
vt 0.690918 0.955566
vt 0.647949 0.948730
vt 0.697754 0.937500
vt 0.660645 0.931641
vt 0.718750 0.930176
vt 0.721191 0.937012
vt 0.737305 0.934570
vt 0.724609 0.944336
vt 0.740234 0.941406
vt 0.726562 0.946289
vt 0.747070 0.961914
vt 0.740723 0.943359
vt 0.729980 0.965332
vt 0.706543 0.956543
vt 0.711914 0.972656
vt 0.708496 0.974121
vt 0.713867 0.984375
vt 0.760254 0.943359
vt 0.759766 0.945312
vt 0.761719 0.962891
vt 0.742188 0.879883
vt 0.776855 0.947266
vt 0.742676 0.881836
vt 0.776367 0.949219
vt 0.755371 0.873535
vt 0.756836 0.875488
vt 0.752930 0.894043
vt 0.775391 0.965820
vt 0.764648 0.886230
vt 0.771484 0.896973
vt 0.775391 0.979492
vt 0.762207 0.903809
vt 0.763672 0.978027
vt 0.556641 0.771484
vt 0.751953 0.992676
vt 0.742676 0.992188
vt 0.545410 0.778320
vt 0.750000 0.978516
vt 0.757324 0.994141
vt 0.770020 0.925781
vt 0.564941 0.768555
vt 0.577637 0.771484
vt 0.777832 0.921875
vt 0.783691 0.918945
vt 0.587402 0.773438
vt 0.782715 0.893066
vt 0.791016 0.891602
vt 0.790039 0.916504
vt 0.596191 0.777832
vt 0.798340 0.891113
vt 0.603027 0.782715
vt 0.795410 0.915527
vt 0.796875 0.879395
vt 0.808105 0.880859
vt 0.808105 0.868652
vt 0.808594 0.866699
vt 0.795410 0.867676
vt 0.781738 0.867188
vt 0.786133 0.878906
vt 0.794922 0.865234
vt 0.794922 0.860352
vt 0.780762 0.861328
vt 0.781250 0.865723
vt 0.768555 0.868652
vt 0.766602 0.863770
vt 0.749512 0.860840
vt 0.496338 0.892090
vt 0.512207 0.886230
vt 0.764160 0.857910
vt 0.752930 0.868652
vt 0.738281 0.875488
vt 0.777832 0.941406
vt 0.732422 0.870117
vt 0.715820 0.908203
vt 0.479248 0.903809
vt 0.777832 0.933594
vt 0.696777 0.912598
vt 0.759277 0.930176
vt 0.717285 0.906250
vt 0.478760 0.901855
vt 0.759766 0.936523
vt 0.696777 0.910645
vt 0.495605 0.889648
vt 0.694336 0.895508
vt 0.675781 0.921387
vt 0.737305 0.928711
vt 0.675293 0.918945
vt 0.659180 0.929199
vt 0.671387 0.905273
vt 0.780273 0.856934
vt 0.530762 0.884277
vt 0.546387 0.884277
vt 0.794922 0.856445
vt 0.546387 0.883301
vt 0.810059 0.858398
vt 0.562988 0.886230
vt 0.809570 0.862793
vt 0.826172 0.866699
vt 0.824707 0.870605
vt 0.827637 0.862305
vt 0.581055 0.891113
vt 0.581543 0.888672
vt 0.563477 0.884766
vt 0.563477 0.884766
vt 0.585938 0.875000
vt 0.591309 0.855469
vt 0.569824 0.829590
vt 0.596191 0.830078
vt 0.568848 0.825684
vt 0.596191 0.827148
vt 0.416260 0.834961
vt 0.572266 0.822754
vt 0.595703 0.820312
vt 0.419189 0.811035
vt 0.397461 0.810059
vt 0.398682 0.833984
vt 0.420898 0.859863
vt 0.547852 0.821289
vt 0.378662 0.831055
vt 0.400879 0.853027
vt 0.378906 0.851562
vt 0.357910 0.851074
vt 0.358154 0.830078
vt 0.337402 0.830078
vt 0.337158 0.852539
vt 0.317139 0.830566
vt 0.317627 0.809570
vt 0.316895 0.855469
vt 0.299316 0.830078
vt 0.282227 0.829590
vt 0.281006 0.852051
vt 0.298828 0.854492
vt 0.278320 0.875977
vt 0.297119 0.880371
vt 0.315918 0.884277
vt 0.337158 0.873535
vt 0.323975 0.898438
vt 0.304443 0.913086
vt 0.290039 0.907227
vt 0.299805 0.942383
vt 0.311768 0.916016
vt 0.315674 0.917480
vt 0.583008 0.509277
vt 0.593262 0.515137
vt 0.328857 0.905273
vt 0.310303 0.934082
vt 0.317871 0.929199
vt 0.578125 0.501953
vt 0.575684 0.503906
vt 0.581543 0.513184
vt 0.589844 0.518555
vt 0.578613 0.514648
vt 0.572266 0.504883
vt 0.586426 0.521484
vt 0.575684 0.519043
vt 0.567383 0.509766
vt 0.560059 0.499512
vt 0.562500 0.488770
vt 0.566406 0.485352
vt 0.342041 0.900391
vt 0.602051 0.518066
vt 0.339111 0.889160
vt 0.358154 0.869629
vt 0.281250 0.933105
vt 0.267578 0.959473
vt 0.252197 0.950195
vt 0.230225 0.973145
vt 0.502441 0.918945
vt 0.481934 0.920410
vt 0.480225 0.914551
vt 0.215454 0.955078
vt 0.235596 0.033020
vt 0.465332 0.915039
vt 0.206177 0.940430
vt 0.464355 0.912109
vt 0.209229 0.939453
vt 0.253906 0.032959
vt 0.219971 0.922852
vt 0.235962 0.939941
vt 0.248901 0.912109
vt 0.264893 0.923828
vt 0.272461 0.899902
vt 0.255859 0.892090
vt 0.240112 0.885254
vt 0.289307 0.030579
vt 0.275391 0.030411
vt 0.234375 0.900879
vt 0.260742 0.871094
vt 0.264160 0.849609
vt 0.245117 0.866699
vt 0.304932 0.028381
vt 0.321289 0.027893
vt 0.247681 0.847168
vt 0.321777 0.026001
vt 0.305176 0.025818
vt 0.322510 0.006935
vt 0.308594 0.007217
vt 0.289307 0.027451
vt 0.289062 0.007706
vt 0.275146 0.028503
vt 0.276855 0.009468
vt 0.254150 0.028931
vt 0.256348 0.010986
vt 0.234985 0.029984
vt 0.236206 0.012161
vt 0.222046 0.030884
vt 0.222900 0.013542
vt 0.206665 0.014084
vt 0.222168 0.011086
vt 0.545898 0.420410
vt 0.559082 0.426025
vt 0.236816 0.008751
vt 0.531250 0.416016
vt 0.206543 0.011978
vt 0.584961 0.384766
vt 0.575684 0.375977
vt 0.553711 0.369629
vt 0.573730 0.334961
vt 0.593750 0.344971
vt 0.589355 0.302734
vt 0.611328 0.309082
vt 0.606445 0.352295
vt 0.625000 0.318359
vt 0.609375 0.352783
vt 0.626953 0.318848
vt 0.635742 0.320557
vt 0.648438 0.282471
vt 0.656738 0.285889
vt 0.670898 0.261963
vt 0.640625 0.322510
vt 0.662598 0.287354
vt 0.650391 0.331055
vt 0.674316 0.296143
vt 0.689941 0.271729
vt 0.677246 0.263672
vt 0.692871 0.237305
vt 0.704590 0.247070
vt 0.685059 0.233276
vt 0.696777 0.210571
vt 0.703125 0.214111
vt 0.707520 0.216675
vt 0.719727 0.227173
vt 0.742188 0.196655
vt 0.761230 0.215332
vt 0.740234 0.242432
vt 0.728516 0.184448
vt 0.723145 0.180542
vt 0.743652 0.161865
vt 0.758789 0.176392
vt 0.759277 0.171753
vt 0.777344 0.193848
vt 0.747070 0.158081
vt 0.763184 0.137939
vt 0.758301 0.132690
vt 0.742188 0.149536
vt 0.730957 0.144287
vt 0.737305 0.155029
vt 0.743652 0.121704
vt 0.740723 0.116760
vt 0.766602 0.096130
vt 0.782715 0.108215
vt 0.787109 0.112854
vt 0.801758 0.125366
vt 0.776855 0.151733
vt 0.798828 0.171021
vt 0.822754 0.147095
vt 0.845215 0.172363
vt 0.822754 0.193848
vt 0.844238 0.220215
vt 0.866211 0.197021
vt 0.879883 0.218506
vt 0.856445 0.237915
vt 0.883301 0.226562
vt 0.859863 0.243896
vt 0.894531 0.238159
vt 0.871582 0.254883
vt 0.904297 0.254150
vt 0.879883 0.267822
vt 0.916992 0.273438
vt 0.891602 0.284912
vt 0.928711 0.295166
vt 0.903320 0.306396
vt 0.941406 0.321533
vt 0.915527 0.331543
vt 0.929199 0.361328
vt 0.953613 0.348633
vt 0.964355 0.373535
vt 0.939941 0.387207
vt 0.947266 0.402832
vt 0.971191 0.389404
vt 0.978027 0.400879
vt 0.954102 0.413574
vt 0.962402 0.427002
vt 0.983887 0.415283
vt 0.966309 0.440430
vt 0.991699 0.427246
vt 0.994141 0.435791
vt 0.966797 0.449463
vt 0.970215 0.456299
vt 0.942383 0.470703
vt 0.947266 0.484375
vt 0.977051 0.469727
vt 0.028809 0.492920
vt 0.035980 0.496826
vt 0.955566 0.504883
vt 0.988770 0.490479
vt 0.005669 0.474609
vt 0.044556 0.466064
vt 0.018112 0.451416
vt 0.053558 0.442139
vt 0.028595 0.428955
vt 0.037079 0.407227
vt 0.006374 0.406006
vt 0.063721 0.417725
vt 0.067566 0.419922
vt 0.075439 0.400391
vt 0.072205 0.396240
vt 0.045502 0.385010
vt 0.081848 0.383545
vt 0.078918 0.380615
vt 0.052338 0.368164
vt 0.085632 0.372559
vt 0.082825 0.371094
vt 0.056366 0.358154
vt 0.090881 0.358643
vt 0.085022 0.357422
vt 0.060394 0.346436
vt 0.094971 0.348633
vt 0.090454 0.345947
vt 0.065491 0.332031
vt 0.100037 0.338867
vt 0.096375 0.336182
vt 0.072083 0.317627
vt 0.108398 0.316895
vt 0.111511 0.322266
vt 0.128174 0.356201
vt 0.121460 0.303223
vt 0.138550 0.339355
vt 0.175415 0.338135
vt 0.163940 0.354736
vt 0.146729 0.321289
vt 0.132812 0.285400
vt 0.158936 0.301758
vt 0.187988 0.319336
vt 0.203979 0.355713
vt 0.216187 0.337891
vt 0.201904 0.298096
vt 0.173950 0.278320
vt 0.211792 0.281494
vt 0.238647 0.302979
vt 0.229248 0.320068
vt 0.253662 0.337891
vt 0.262695 0.321777
vt 0.282715 0.357178
vt 0.291260 0.345703
vt 0.268799 0.312256
vt 0.295898 0.335938
vt 0.270508 0.307373
vt 0.297119 0.333008
vt 0.245483 0.290527
vt 0.220825 0.266846
vt 0.249268 0.286377
vt 0.223267 0.259766
vt 0.255127 0.284912
vt 0.276367 0.304688
vt 0.301758 0.330322
vt 0.282959 0.300781
vt 0.306885 0.325439
vt 0.331543 0.350586
vt 0.334961 0.345947
vt 0.313232 0.318848
vt 0.292969 0.293213
vt 0.307373 0.282715
vt 0.326904 0.309082
vt 0.346436 0.337158
vt 0.331543 0.268799
vt 0.348633 0.295898
vt 0.366943 0.328369
vt 0.370117 0.286865
vt 0.386230 0.319580
vt 0.401611 0.311768
vt 0.401855 0.351562
vt 0.417969 0.347168
vt 0.417725 0.382080
vt 0.430664 0.379395
vt 0.434570 0.379395
vt 0.406982 0.309814
vt 0.422363 0.343018
vt 0.424316 0.343994
vt 0.411377 0.309570
vt 0.398438 0.277588
vt 0.427490 0.302246
vt 0.437256 0.340088
vt 0.449707 0.301758
vt 0.419189 0.272217
vt 0.384766 0.244751
vt 0.442627 0.266602
vt 0.407715 0.238159
vt 0.375244 0.221069
vt 0.435303 0.233398
vt 0.399902 0.212402
vt 0.391846 0.191162
vt 0.405518 0.184937
vt 0.430420 0.205688
vt 0.468262 0.230225
vt 0.465576 0.197266
vt 0.462891 0.170044
vt 0.423584 0.176514
vt 0.439209 0.172485
vt 0.462891 0.167725
vt 0.439941 0.170044
vt 0.423096 0.174561
vt 0.400391 0.157349
vt 0.405029 0.183105
vt 0.418457 0.149292
vt 0.413330 0.121765
vt 0.436279 0.145142
vt 0.393799 0.130737
vt 0.364990 0.102295
vt 0.375977 0.136963
vt 0.383789 0.094971
vt 0.364258 0.097900
vt 0.406982 0.087769
vt 0.380859 0.091614
vt 0.408936 0.080811
vt 0.367432 0.058533
vt 0.398682 0.050415
vt 0.422363 0.046326
vt 0.415527 0.020447
vt 0.391113 0.025162
vt 0.357666 0.034027
vt 0.351074 0.061432
vt 0.340088 0.035339
vt 0.327393 0.069702
vt 0.312744 0.043671
vt 0.310791 0.075684
vt 0.294922 0.048492
vt 0.298828 0.080139
vt 0.286377 0.053345
vt 0.285156 0.089294
vt 0.274170 0.058990
vt 0.263672 0.065186
vt 0.251709 0.070190
vt 0.267578 0.099243
vt 0.276123 0.095581
vt 0.300781 0.124390
vt 0.291504 0.127563
vt 0.303223 0.126343
vt 0.281738 0.134277
vt 0.283691 0.137817
vt 0.294189 0.131714
vt 0.304443 0.168701
vt 0.315430 0.161987
vt 0.333252 0.191040
vt 0.325195 0.156372
vt 0.342773 0.186768
vt 0.346680 0.185303
vt 0.333008 0.155884
vt 0.330811 0.115234
vt 0.315918 0.117554
vt 0.350586 0.184082
vt 0.338867 0.151978
vt 0.355957 0.145264
vt 0.364990 0.174683
vt 0.375732 0.196045
vt 0.384766 0.164185
vt 0.391357 0.189209
vt 0.375977 0.197632
vt 0.366211 0.200195
vt 0.366211 0.224487
vt 0.372314 0.222778
vt 0.368408 0.200562
vt 0.381104 0.244751
vt 0.374268 0.248901
vt 0.387207 0.278320
vt 0.360107 0.223511
vt 0.364258 0.225830
vt 0.354248 0.258545
vt 0.314941 0.243042
vt 0.351562 0.226685
vt 0.339844 0.233032
vt 0.295410 0.211670
vt 0.321289 0.197876
vt 0.278564 0.184692
vt 0.258057 0.153564
vt 0.267822 0.227661
vt 0.251465 0.202759
vt 0.230469 0.173950
vt 0.231812 0.218140
vt 0.250244 0.241577
vt 0.237549 0.251953
vt 0.260742 0.278076
vt 0.272217 0.268311
vt 0.289062 0.257812
vt 0.229980 0.257568
vt 0.217529 0.229370
vt 0.211792 0.189575
vt 0.210815 0.234497
vt 0.200073 0.201294
vt 0.197144 0.197510
vt 0.188110 0.203003
vt 0.193359 0.206787
vt 0.181641 0.208496
vt 0.184326 0.211670
vt 0.203247 0.237915
vt 0.176514 0.222778
vt 0.197266 0.246460
vt 0.186401 0.258789
vt 0.164307 0.239380
vt 0.161743 0.235840
vt 0.148804 0.260742
vt 0.146240 0.257080
vt 0.122925 0.236938
vt 0.105408 0.262451
vt 0.129639 0.282471
vt 0.118042 0.301270
vt 0.092590 0.284180
vt 0.083740 0.296387
vt 0.066711 0.263184
vt 0.080139 0.239746
vt 0.097839 0.214600
vt 0.112671 0.195923
vt 0.138550 0.216431
vt 0.127319 0.179688
vt 0.148560 0.200928
vt 0.161255 0.187500
vt 0.141357 0.167847
vt 0.168091 0.178345
vt 0.148071 0.157104
vt 0.174805 0.171753
vt 0.155396 0.148193
vt 0.186401 0.157959
vt 0.167480 0.134277
vt 0.206787 0.140991
vt 0.188110 0.117493
vt 0.237305 0.117432
vt 0.220337 0.090759
vt 0.255615 0.149902
vt 0.227295 0.169434
vt 0.209717 0.185425
vt 0.172852 0.217773
vt 0.059845 0.279785
vt 0.046753 0.303711
vt 0.040497 0.317627
vt 0.034943 0.332275
vt 0.030991 0.344238
vt 0.026047 0.354004
vt 0.018204 0.375488
vt 0.394531 0.277100
vt 0.344727 0.110291
vt 0.329102 0.109375
vt 0.342773 0.105469
vt 0.314697 0.112976
vt 0.446045 0.015320
vt 0.492676 0.037018
vt 0.492676 0.007973
vt 0.451660 0.043091
vt 0.428955 0.077148
vt 0.454590 0.075623
vt 0.494873 0.072205
vt 0.497070 0.076782
vt 0.458984 0.079956
vt 0.495361 0.111389
vt 0.461182 0.113098
vt 0.429443 0.083679
vt 0.433105 0.116577
vt 0.462158 0.141602
vt 0.495850 0.140991
vt 0.525879 0.141357
vt 0.522949 0.164917
vt 0.494629 0.165894
vt 0.494385 0.167969
vt 0.497070 0.192383
vt 0.522461 0.167725
vt 0.548828 0.168945
vt 0.549316 0.166138
vt 0.586914 0.148926
vt 0.551758 0.140869
vt 0.579102 0.170288
vt 0.577637 0.173828
vt 0.616211 0.158691
vt 0.607422 0.179443
vt 0.629395 0.188965
vt 0.606445 0.181641
vt 0.638184 0.167969
vt 0.649902 0.198853
vt 0.659668 0.177246
vt 0.670898 0.151855
vt 0.650879 0.140991
vt 0.628906 0.131104
vt 0.662109 0.110291
vt 0.684082 0.122437
vt 0.707520 0.136719
vt 0.663574 0.105896
vt 0.686523 0.118042
vt 0.678711 0.077393
vt 0.710449 0.133545
vt 0.702637 0.090393
vt 0.717773 0.066162
vt 0.729004 0.107361
vt 0.689941 0.049500
vt 0.660645 0.036957
vt 0.612305 0.052307
vt 0.653320 0.066406
vt 0.618652 0.023590
vt 0.568359 0.015190
vt 0.565430 0.042175
vt 0.562500 0.075500
vt 0.605957 0.084473
vt 0.531738 0.072632
vt 0.533691 0.035614
vt 0.534668 0.008080
vt 0.532227 0.076599
vt 0.563477 0.080139
vt 0.556641 0.113647
vt 0.604980 0.089722
vt 0.637207 0.100159
vt 0.595215 0.120728
vt 0.639648 0.095093
vt 0.528320 0.112793
vt 0.749023 0.088257
vt 0.760742 0.095032
vt 0.719727 0.137817
vt 0.716797 0.144409
vt 0.725098 0.140503
vt 0.723145 0.147339
vt 0.710938 0.174561
vt 0.731445 0.151245
vt 0.716797 0.177368
vt 0.694824 0.202393
vt 0.695801 0.166870
vt 0.685059 0.193237
vt 0.686523 0.215942
vt 0.676270 0.209839
vt 0.675293 0.212036
vt 0.649414 0.200317
vt 0.665039 0.225586
vt 0.628418 0.190674
vt 0.641602 0.215454
vt 0.647949 0.251953
vt 0.625000 0.243164
vt 0.599609 0.200317
vt 0.589355 0.231445
vt 0.546875 0.191528
vt 0.540527 0.224365
vt 0.500488 0.226440
vt 0.575684 0.263672
vt 0.534180 0.258545
vt 0.558594 0.300049
vt 0.527344 0.296387
vt 0.500488 0.261719
vt 0.471924 0.265137
vt 0.476074 0.300781
vt 0.499512 0.298340
vt 0.477783 0.335449
vt 0.498535 0.335449
vt 0.521973 0.333740
vt 0.516113 0.372314
vt 0.547852 0.334473
vt 0.534180 0.370605
vt 0.509766 0.413330
vt 0.185791 0.013046
vt 0.206543 0.011948
vt 0.486328 0.412842
vt 0.194702 0.015121
vt 0.183838 0.015556
vt 0.206055 0.031616
vt 0.206421 0.034424
vt 0.467529 0.950195
vt 0.222168 0.032990
vt 0.468018 0.930664
vt 0.482178 0.933105
vt 0.468994 0.414795
vt 0.222168 0.011093
vt 0.481445 0.372070
vt 0.496338 0.372559
vt 0.463867 0.375732
vt 0.453857 0.418945
vt 0.237183 0.010376
vt 0.448975 0.377441
vt 0.456787 0.338379
vt 0.436768 0.378906
vt 0.437500 0.386719
vt 0.236206 0.012161
vt 0.256104 0.009186
vt 0.436523 0.424316
vt 0.256348 0.010986
vt 0.276855 0.009468
vt 0.289062 0.007706
vt 0.276367 0.008034
vt 0.420654 0.433594
vt 0.308594 0.007217
vt 0.322510 0.006935
vt 0.321777 0.026001
vt 0.338867 0.006584
vt 0.336426 0.026062
vt 0.354004 0.007324
vt 0.338135 0.004669
vt 0.395020 0.475830
vt 0.353760 0.005417
vt 0.599609 0.498291
vt 0.353516 0.005440
vt 0.393799 0.487061
vt 0.602539 0.488037
vt 0.338135 0.004669
vt 0.341797 0.509766
vt 0.655273 0.508789
vt 0.335205 0.481934
vt 0.320801 0.004608
vt 0.398682 0.463379
vt 0.336914 0.461914
vt 0.343262 0.447021
vt 0.308350 0.005737
vt 0.402832 0.453857
vt 0.353027 0.427979
vt 0.290039 0.006226
vt 0.414551 0.440918
vt 0.377930 0.401367
vt 0.369873 0.406738
vt 0.347656 0.385498
vt 0.351074 0.381104
vt 0.343018 0.391602
vt 0.330811 0.408447
vt 0.301514 0.391357
vt 0.312988 0.375488
vt 0.319580 0.366943
vt 0.272705 0.373291
vt 0.232300 0.372803
vt 0.243652 0.355713
vt 0.261719 0.389648
vt 0.280029 0.420898
vt 0.250732 0.404297
vt 0.289795 0.406982
vt 0.311279 0.435303
vt 0.321289 0.420898
vt 0.268555 0.434814
vt 0.300537 0.450928
vt 0.265869 0.441162
vt 0.266602 0.439941
vt 0.298340 0.455811
vt 0.260986 0.451416
vt 0.296387 0.463867
vt 0.263916 0.445068
vt 0.229370 0.433838
vt 0.233032 0.428955
vt 0.194092 0.419678
vt 0.234497 0.427246
vt 0.198242 0.413086
vt 0.171021 0.409668
vt 0.175659 0.402344
vt 0.199707 0.411133
vt 0.178345 0.398926
vt 0.239990 0.417969
vt 0.207886 0.402344
vt 0.183716 0.389893
vt 0.220581 0.388672
vt 0.192749 0.373535
vt 0.155273 0.373535
vt 0.150269 0.381348
vt 0.118286 0.372559
vt 0.122314 0.365479
vt 0.146729 0.387207
vt 0.141724 0.395996
vt 0.114319 0.382568
vt 0.108398 0.396729
vt 0.102051 0.412842
vt 0.136230 0.409180
vt 0.128174 0.428223
vt 0.164795 0.420898
vt 0.158447 0.439697
vt 0.192017 0.431396
vt 0.189087 0.448486
vt 0.226196 0.442627
vt 0.223145 0.456299
vt 0.258789 0.461914
vt 0.255615 0.478027
vt 0.219482 0.475830
vt 0.292969 0.478271
vt 0.254150 0.499756
vt 0.216797 0.499268
vt 0.215332 0.522461
vt 0.778809 0.531250
vt 0.178955 0.519531
vt 0.812988 0.533691
vt 0.181152 0.496582
vt 0.847656 0.531738
vt 0.142456 0.516602
vt 0.146484 0.491699
vt 0.183716 0.471924
vt 0.150146 0.465088
vt 0.112549 0.486328
vt 0.116638 0.457031
vt 0.080933 0.478516
vt 0.085815 0.455078
vt 0.093506 0.434082
vt 0.058746 0.445068
vt 0.050385 0.467285
vt 0.041321 0.497070
vt 0.943848 0.510254
vt 0.073059 0.504395
vt 0.913086 0.520020
vt 0.880859 0.526855
vt 0.107117 0.511230
vt 0.910156 0.495605
vt 0.940918 0.486572
vt 0.907715 0.479492
vt 0.875977 0.480957
vt 0.878418 0.502441
vt 0.846680 0.508789
vt 0.813965 0.513672
vt 0.845215 0.489502
vt 0.871582 0.467529
vt 0.813477 0.496826
vt 0.842773 0.476074
vt 0.811523 0.482178
vt 0.842285 0.467041
vt 0.870605 0.458740
vt 0.811523 0.476562
vt 0.840820 0.464844
vt 0.811523 0.472656
vt 0.779785 0.480225
vt 0.811035 0.464111
vt 0.838379 0.453125
vt 0.860840 0.427002
vt 0.866211 0.443848
vt 0.834473 0.438721
vt 0.852051 0.402100
vt 0.807617 0.450195
vt 0.825684 0.413818
vt 0.789551 0.402832
vt 0.798340 0.426514
vt 0.815918 0.388672
vt 0.831543 0.352051
vt 0.807617 0.368408
vt 0.841797 0.375244
vt 0.855469 0.335938
vt 0.866211 0.359131
vt 0.878418 0.390137
vt 0.901855 0.375732
vt 0.913574 0.405029
vt 0.888184 0.416504
vt 0.919434 0.420166
vt 0.894043 0.433838
vt 0.926270 0.431885
vt 0.897461 0.444824
vt 0.868164 0.454590
vt 0.897949 0.450195
vt 0.930664 0.448730
vt 0.928711 0.438965
vt 0.901367 0.458984
vt 0.935059 0.463867
vt 0.906250 0.471191
vt 0.937988 0.472656
vt 0.936523 0.459229
vt 0.936523 0.447998
vt 0.936523 0.437744
vt 0.930664 0.430176
vt 0.923340 0.417480
vt 0.916992 0.401611
vt 0.905762 0.372803
vt 0.892090 0.340820
vt 0.887695 0.343262
vt 0.880371 0.316895
vt 0.869629 0.294434
vt 0.876953 0.320557
vt 0.845703 0.315186
vt 0.864746 0.299072
vt 0.837891 0.297363
vt 0.856934 0.281250
vt 0.860840 0.279297
vt 0.854492 0.272217
vt 0.853027 0.275879
vt 0.843750 0.263184
vt 0.840332 0.257080
vt 0.844238 0.269043
vt 0.837402 0.259033
vt 0.828125 0.284424
vt 0.819336 0.274170
vt 0.798340 0.295654
vt 0.807617 0.305420
vt 0.822754 0.241943
vt 0.803711 0.258057
vt 0.781738 0.236938
vt 0.780273 0.280273
vt 0.761230 0.261475
vt 0.744141 0.280518
vt 0.725098 0.261719
vt 0.724609 0.304199
vt 0.741211 0.321777
vt 0.761719 0.299805
vt 0.756348 0.334717
vt 0.777832 0.313965
vt 0.769043 0.342285
vt 0.788574 0.322998
vt 0.771484 0.344727
vt 0.792969 0.327637
vt 0.812500 0.311768
vt 0.770508 0.352295
vt 0.793457 0.333496
vt 0.815430 0.317139
vt 0.800781 0.350098
vt 0.774902 0.366699
vt 0.746094 0.383301
vt 0.781250 0.383789
vt 0.752930 0.398682
vt 0.719727 0.415039
vt 0.728516 0.430176
vt 0.760254 0.416992
vt 0.769531 0.439941
vt 0.735840 0.452393
vt 0.741699 0.471924
vt 0.776855 0.461182
vt 0.744629 0.484863
vt 0.778809 0.476318
vt 0.744141 0.488525
vt 0.742676 0.491699
vt 0.704102 0.492676
vt 0.777832 0.487549
vt 0.743652 0.503418
vt 0.780273 0.499756
vt 0.252441 0.524902
vt 0.743652 0.524414
vt 0.780273 0.517090
vt 0.292480 0.494629
vt 0.294922 0.519043
vt 0.702148 0.519531
vt 0.703125 0.507324
vt 0.701660 0.480957
vt 0.656738 0.493408
vt 0.657227 0.476074
vt 0.697754 0.464844
vt 0.602539 0.476318
vt 0.320801 0.004608
vt 0.602539 0.467529
vt 0.308350 0.005737
vt 0.650879 0.459961
vt 0.644531 0.445557
vt 0.684082 0.431396
vt 0.691406 0.446289
vt 0.676758 0.417969
vt 0.709961 0.400146
vt 0.741699 0.369385
vt 0.701172 0.387207
vt 0.671387 0.405762
vt 0.693848 0.374268
vt 0.719238 0.345947
vt 0.731934 0.358887
vt 0.738281 0.365723
vt 0.705078 0.328369
vt 0.680664 0.357178
vt 0.650391 0.384033
vt 0.665039 0.342773
vt 0.664062 0.395508
vt 0.691406 0.309570
vt 0.709473 0.285156
vt 0.618652 0.410156
vt 0.628906 0.418701
vt 0.636230 0.426270
vt 0.277100 0.008400
vt 0.589844 0.446289
vt 0.596191 0.455078
vt 0.290039 0.006226
vt 0.608398 0.402344
vt 0.256836 0.009834
vt 0.576172 0.434326
vt 0.599609 0.395508
vt 0.615234 0.355225
vt 0.588867 0.388672
vt 0.637207 0.372559
vt 0.625000 0.362549
vt 0.587891 0.386719
vt 0.640137 0.434814
vt 0.338867 0.006584
vt 0.336426 0.026062
vt 0.351562 0.027145
vt 0.336670 0.028656
vt 0.248657 0.829102
vt 0.249268 0.812012
vt 0.350830 0.030792
vt 0.264404 0.811035
vt 0.265137 0.829102
vt 0.248657 0.829102
vt 0.336670 0.028656
vt 0.265137 0.829102
vt 0.321289 0.027893
vt 0.247681 0.847168
vt 0.823242 0.333496
vt 0.835449 0.292236
vt 0.798340 0.214722
vt 0.781250 0.189697
vt 0.802246 0.211792
vt 0.826660 0.239258
vt 0.323730 0.360840
vt 0.324707 0.358154
vt 0.354004 0.378174
vt 0.328613 0.355225
vt 0.358887 0.375488
vt 0.370361 0.365967
vt 0.393066 0.394531
vt 0.385986 0.358154
vt 0.405029 0.387451
vt 0.607422 0.271973
vt 0.629395 0.279785
vt 0.646484 0.282471
vt 0.663574 0.257568
vt 0.662109 0.257568
vt 0.676270 0.230835
vt 0.679199 0.230103
vt 0.685059 0.216431
vt 0.546875 0.824707
vt 0.769043 0.870117
vt 0.775391 0.881348
vt 0.690918 0.955566
vt 0.700195 0.945312
vt 0.647949 0.948730
vt 0.697754 0.937500
vt 0.645020 0.946289
vt 0.721191 0.937012
vt 0.660645 0.931641
vt 0.718750 0.930176
vt 0.659180 0.929199
vt 0.737305 0.928711
vt 0.675781 0.921387
vt 0.737305 0.934570
vt 0.759766 0.936523
vt 0.740234 0.941406
vt 0.724609 0.944336
vt 0.759277 0.930176
vt 0.696777 0.912598
vt 0.696777 0.910645
vt 0.478760 0.901855
vt 0.717285 0.906250
vt 0.715820 0.908203
vt 0.479248 0.903809
vt 0.732422 0.870117
vt 0.777832 0.933594
vt 0.749512 0.860840
vt 0.496338 0.892090
vt 0.752930 0.868652
vt 0.777832 0.941406
vt 0.738281 0.875488
vt 0.760254 0.943359
vt 0.755371 0.873535
vt 0.742188 0.879883
vt 0.776855 0.947266
vt 0.742676 0.881836
vt 0.776367 0.949219
vt 0.759766 0.945312
vt 0.761719 0.962891
vt 0.747070 0.961914
vt 0.740723 0.943359
vt 0.726562 0.946289
vt 0.703613 0.955078
vt 0.750000 0.978516
vt 0.742676 0.992188
vt 0.545410 0.778320
vt 0.763672 0.978027
vt 0.775391 0.979492
vt 0.762207 0.903809
vt 0.752930 0.894043
vt 0.775391 0.965820
vt 0.751953 0.992676
vt 0.556641 0.771484
vt 0.757324 0.994141
vt 0.770020 0.925781
vt 0.564941 0.768555
vt 0.777832 0.921875
vt 0.577637 0.771484
vt 0.771484 0.896973
vt 0.587402 0.773438
vt 0.783691 0.918945
vt 0.782715 0.893066
vt 0.791016 0.891602
vt 0.790039 0.916504
vt 0.596191 0.777832
vt 0.775391 0.881348
vt 0.769043 0.870117
vt 0.764648 0.886230
vt 0.756836 0.875488
vt 0.768555 0.868652
vt 0.766602 0.863770
vt 0.512207 0.886230
vt 0.764160 0.857910
vt 0.495605 0.889648
vt 0.486328 0.879395
vt 0.508301 0.873535
vt 0.475586 0.861328
vt 0.466309 0.889648
vt 0.716797 0.889648
vt 0.715820 0.863770
vt 0.449951 0.869141
vt 0.691895 0.873047
vt 0.429443 0.842773
vt 0.701660 0.834961
vt 0.444580 0.841309
vt 0.686035 0.845703
vt 0.684082 0.843750
vt 0.668457 0.858398
vt 0.641602 0.848633
vt 0.399658 0.987305
vt 0.666504 0.855957
vt 0.626465 0.864258
vt 0.378174 0.990723
vt 0.652344 0.870605
vt 0.650391 0.868652
vt 0.617676 0.875000
vt 0.365479 0.995117
vt 0.641602 0.879883
vt 0.639160 0.877930
vt 0.613770 0.886230
vt 0.351562 0.994141
vt 0.632324 0.887695
vt 0.629395 0.886230
vt 0.626465 0.893066
vt 0.623535 0.890137
vt 0.618652 0.897461
vt 0.615723 0.894531
vt 0.603027 0.904297
vt 0.602051 0.924316
vt 0.576660 0.929688
vt 0.575684 0.947266
vt 0.598633 0.961914
vt 0.600098 0.942383
vt 0.574707 0.964844
vt 0.550293 0.950684
vt 0.549805 0.967285
vt 0.574707 0.982422
vt 0.549316 0.983398
vt 0.524414 0.982910
vt 0.598145 0.980957
vt 0.620605 0.958984
vt 0.631836 0.960449
vt 0.637695 0.940918
vt 0.622070 0.937500
vt 0.637695 0.910156
vt 0.623535 0.915039
vt 0.652344 0.897461
vt 0.652344 0.919434
vt 0.670410 0.884766
vt 0.671387 0.905273
vt 0.675293 0.918945
vt 0.694336 0.895508
vt 0.486816 0.434570
vt 0.509277 0.438232
vt 0.510254 0.451172
vt 0.488037 0.441895
vt 0.507812 0.458252
vt 0.518066 0.472168
vt 0.467529 0.443848
vt 0.465820 0.436035
vt 0.447754 0.438965
vt 0.435791 0.447266
vt 0.444092 0.455322
vt 0.297119 0.880371
vt 0.429199 0.903809
vt 0.464355 0.432861
vt 0.425781 0.905762
vt 0.431885 0.929688
vt 0.486328 0.431641
vt 0.509277 0.438232
vt 0.533203 0.444092
vt 0.546875 0.458008
vt 0.543945 0.468506
vt 0.338379 0.975586
vt 0.368652 0.988281
vt 0.344482 0.985352
vt 0.334229 0.984375
vt 0.301270 0.996582
vt 0.575684 0.908691
vt 0.623535 0.915039
vt 0.164795 0.603516
vt 0.165283 0.584473
vt 0.177124 0.604004
vt 0.177368 0.584961
vt 0.177124 0.602051
vt 0.164795 0.601562
vt 0.152100 0.584473
vt 0.151855 0.603516
vt 0.265381 0.585938
vt 0.165039 0.589355
vt 0.265381 0.590332
vt 0.152100 0.588867
vt 0.245972 0.590332
vt 0.151978 0.591797
vt 0.265381 0.593262
vt 0.265381 0.595703
vt 0.151978 0.594238
vt 0.164917 0.591797
vt 0.245972 0.592773
vt 0.234009 0.592773
vt 0.233887 0.595215
vt 0.245850 0.595703
vt 0.233887 0.597656
vt 0.245850 0.598145
vt 0.265381 0.598145
vt 0.151978 0.596680
vt 0.151978 0.599121
vt 0.265381 0.600586
vt 0.164917 0.596680
vt 0.164917 0.594238
vt 0.177246 0.594727
vt 0.177246 0.592285
vt 0.177368 0.589355
vt 0.191406 0.594727
vt 0.191406 0.592285
vt 0.191406 0.589355
vt 0.210083 0.589844
vt 0.209961 0.592285
vt 0.222168 0.589844
vt 0.209961 0.595215
vt 0.222168 0.592773
vt 0.234009 0.589844
vt 0.222046 0.595215
vt 0.209961 0.597656
vt 0.222046 0.597656
vt 0.209961 0.600098
vt 0.222046 0.600098
vt 0.222046 0.602539
vt 0.233887 0.600098
vt 0.209839 0.602539
vt 0.191284 0.599609
vt 0.191284 0.602051
vt 0.177246 0.599609
vt 0.177246 0.597168
vt 0.191284 0.597168
vt 0.164917 0.599121
vt 0.151855 0.601562
vt 0.265381 0.603027
vt 0.245850 0.603027
vt 0.233765 0.602539
vt 0.245850 0.600098
vt 0.234009 0.585449
vt 0.222168 0.585449
vt 0.245972 0.585449
vt 0.210083 0.584961
vt 0.191528 0.584961
vt 0.699219 0.007301
vt 0.714355 0.023621
vt 0.702148 0.022797
vt 0.703125 0.007381
vt 0.714844 0.008736
vt 0.697754 0.022461
vt 0.695312 0.007221
vt 0.694336 0.022278
vt 0.691895 0.006931
vt 0.690918 0.022125
vt 0.687500 0.006565
vt 0.729492 0.009018
vt 0.729004 0.023911
vt 0.686523 0.022003
vt 0.725098 0.009094
vt 0.724609 0.023773
vt 0.721680 0.023743
vt 0.722168 0.009293
vt 0.718750 0.023651
vt 0.718750 0.008965
vt 0.718262 0.033081
vt 0.721680 0.032990
vt 0.713379 0.033508
vt 0.702637 0.033569
vt 0.718262 0.039490
vt 0.721680 0.039764
vt 0.716309 0.042542
vt 0.698730 0.042725
vt 0.693359 0.043762
vt 0.721680 0.044037
vt 0.696777 0.038818
vt 0.690430 0.038513
vt 0.726562 0.042755
vt 0.687988 0.042206
vt 0.693848 0.038696
vt 0.724609 0.039612
vt 0.729980 0.033844
vt 0.685059 0.032684
vt 0.725098 0.033234
vt 0.689941 0.032471
vt 0.693848 0.032562
vt 0.697754 0.032867
vt 0.987793 0.552246
vt 0.980469 0.554688
vt 0.987793 0.554688
vt 0.980469 0.552246
vt 0.980469 0.540039
vt 0.987793 0.540039
vt 0.987793 0.537598
vt 0.980469 0.537598
vt 0.966309 0.537598
vt 0.966309 0.540039
vt 0.951660 0.537598
vt 0.951660 0.540039
vt 0.940918 0.537598
vt 0.940918 0.540039
vt 0.931152 0.537598
vt 0.931152 0.540039
vt 0.920410 0.537598
vt 0.920410 0.540039
vt 0.908203 0.537598
vt 0.908203 0.540039
vt 0.894531 0.537598
vt 0.229370 0.631348
vt 0.229614 0.610352
vt 0.894043 0.554688
vt 0.894531 0.540039
vt 0.221069 0.630859
vt 0.889160 0.537598
vt 0.221313 0.609863
vt 0.889160 0.554688
vt 0.201660 0.630859
vt 0.877441 0.537598
vt 0.889160 0.552246
vt 0.877930 0.552246
vt 0.201904 0.609863
vt 0.877930 0.554688
vt 0.877930 0.540039
vt 0.866699 0.552246
vt 0.889160 0.540039
vt 0.894043 0.552246
vt 0.908203 0.552246
vt 0.908203 0.554688
vt 0.920410 0.552246
vt 0.920410 0.554688
vt 0.931152 0.554688
vt 0.940918 0.552246
vt 0.940918 0.554688
vt 0.931152 0.552246
vt 0.951660 0.554688
vt 0.951660 0.552246
vt 0.966309 0.554688
vt 0.966309 0.552246
vt 0.866699 0.540039
vt 0.866699 0.537598
vt 0.164795 0.603516
vt 0.165283 0.584473
vt 0.177124 0.602051
vt 0.177124 0.604004
vt 0.177368 0.584961
vt 0.164795 0.601562
vt 0.152100 0.584473
vt 0.151855 0.603516
vt 0.265381 0.585938
vt 0.165039 0.589355
vt 0.265381 0.590332
vt 0.152100 0.588867
vt 0.245972 0.590332
vt 0.151978 0.591797
vt 0.265381 0.593262
vt 0.265381 0.595703
vt 0.151978 0.594238
vt 0.164917 0.591797
vt 0.245972 0.592773
vt 0.234009 0.592773
vt 0.233887 0.595215
vt 0.245850 0.595703
vt 0.233887 0.597656
vt 0.245850 0.598145
vt 0.265381 0.598145
vt 0.151978 0.596680
vt 0.151978 0.599121
vt 0.265381 0.600586
vt 0.164917 0.596680
vt 0.164917 0.594238
vt 0.177246 0.594727
vt 0.177246 0.592285
vt 0.177368 0.589355
vt 0.191406 0.594727
vt 0.191406 0.592285
vt 0.191406 0.589355
vt 0.210083 0.589844
vt 0.209961 0.592285
vt 0.222168 0.589844
vt 0.209961 0.595215
vt 0.222168 0.592773
vt 0.234009 0.589844
vt 0.222046 0.595215
vt 0.209961 0.597656
vt 0.222046 0.597656
vt 0.209961 0.600098
vt 0.222046 0.600098
vt 0.222046 0.602539
vt 0.233887 0.600098
vt 0.209839 0.602539
vt 0.191284 0.599609
vt 0.191284 0.602051
vt 0.177246 0.599609
vt 0.177246 0.597168
vt 0.191284 0.597168
vt 0.164917 0.599121
vt 0.151855 0.601562
vt 0.265381 0.603027
vt 0.245850 0.603027
vt 0.233765 0.602539
vt 0.245850 0.600098
vt 0.234009 0.585449
vt 0.222168 0.585449
vt 0.245972 0.585449
vt 0.210083 0.584961
vt 0.191528 0.584961
vt 0.699219 0.007301
vt 0.703125 0.007381
vt 0.714844 0.008736
vt 0.714355 0.023621
vt 0.702148 0.022797
vt 0.697754 0.022461
vt 0.695312 0.007221
vt 0.694336 0.022278
vt 0.691895 0.006931
vt 0.690918 0.022125
vt 0.687500 0.006565
vt 0.729492 0.009018
vt 0.729004 0.023911
vt 0.686523 0.022003
vt 0.725098 0.009094
vt 0.724609 0.023773
vt 0.721680 0.023743
vt 0.722168 0.009293
vt 0.718750 0.023651
vt 0.718750 0.008965
vt 0.718262 0.033081
vt 0.721680 0.032990
vt 0.713379 0.033508
vt 0.702637 0.033569
vt 0.718262 0.039490
vt 0.721680 0.039764
vt 0.716309 0.042542
vt 0.698730 0.042725
vt 0.693359 0.043762
vt 0.721680 0.044037
vt 0.696777 0.038818
vt 0.690430 0.038513
vt 0.726562 0.042755
vt 0.687988 0.042206
vt 0.693848 0.038696
vt 0.724609 0.039612
vt 0.729980 0.033844
vt 0.685059 0.032684
vt 0.725098 0.033234
vt 0.689941 0.032471
vt 0.693848 0.032562
vt 0.697754 0.032867
vt 0.987793 0.552246
vt 0.987793 0.554688
vt 0.980469 0.554688
vt 0.980469 0.552246
vt 0.980469 0.540039
vt 0.987793 0.540039
vt 0.987793 0.537598
vt 0.980469 0.537598
vt 0.966309 0.537598
vt 0.966309 0.540039
vt 0.951660 0.537598
vt 0.951660 0.540039
vt 0.940918 0.537598
vt 0.940918 0.540039
vt 0.931152 0.537598
vt 0.931152 0.540039
vt 0.920410 0.537598
vt 0.920410 0.540039
vt 0.908203 0.537598
vt 0.908203 0.540039
vt 0.894531 0.537598
vt 0.229370 0.631348
vt 0.229614 0.610352
vt 0.894043 0.554688
vt 0.894531 0.540039
vt 0.221069 0.630859
vt 0.889160 0.537598
vt 0.221313 0.609863
vt 0.889160 0.554688
vt 0.201660 0.630859
vt 0.877441 0.537598
vt 0.889160 0.552246
vt 0.877930 0.552246
vt 0.201904 0.609863
vt 0.877930 0.554688
vt 0.877930 0.540039
vt 0.866699 0.552246
vt 0.889160 0.540039
vt 0.894043 0.552246
vt 0.908203 0.552246
vt 0.908203 0.554688
vt 0.920410 0.552246
vt 0.920410 0.554688
vt 0.931152 0.554688
vt 0.940918 0.552246
vt 0.940918 0.554688
vt 0.931152 0.552246
vt 0.951660 0.554688
vt 0.951660 0.552246
vt 0.966309 0.554688
vt 0.966309 0.552246
vt 0.866699 0.540039
vt 0.866699 0.537598
s 1
usemtl Material.007
f 1/1/1 2/3/2 3/4/3
f 4/8/4 2/3/2 1/1/1
f 1/1/1 3/4/3 7/13/5
f 1/2/1 5/9/6 4/5/4
f 1/2/1 6/11/7 5/9/6
f 7/12/5 6/11/7 1/2/1
f 7/12/5 9/15/8 8/14/9
f 7/12/5 8/14/9 6/11/7
f 10/17/10 9/15/8 7/12/5
f 11/18/11 10/16/10 7/13/5
f 11/18/11 7/13/5 3/4/3
f 13/20/12 11/18/11 12/19/13
f 12/19/13 11/18/11 3/4/3
f 13/20/12 14/21/14 11/18/11
f 15/23/15 11/18/11 14/21/14
f 15/23/15 10/16/10 11/18/11
f 16/24/16 15/22/15 18/26/17
f 16/24/16 10/17/10 15/22/15
f 15/23/15 14/21/14 17/25/18
f 15/23/15 17/25/18 18/27/17
f 16/24/16 18/26/17 19/28/19
f 18/27/17 17/25/18 21/31/20
f 19/28/19 18/26/17 20/29/21
f 18/27/17 21/31/20 20/30/21
f 21/31/20 23/33/22 22/32/23
f 20/30/21 21/31/20 22/32/23
f 21/31/20 24/34/24 23/33/22
f 17/25/18 24/34/24 21/31/20
f 25/35/25 27/37/26 24/34/24
f 17/25/18 25/35/25 24/34/24
f 24/34/24 26/36/27 23/33/22
f 24/34/24 27/37/26 26/36/27
f 27/37/26 28/38/28 26/36/27
f 27/37/26 30/40/29 28/38/28
f 29/39/30 30/40/29 27/37/26
f 25/35/25 29/39/30 27/37/26
f 30/40/29 31/41/31 28/38/28
f 29/39/30 32/42/32 30/40/29
f 30/40/29 33/43/33 31/41/31
f 32/42/32 33/43/33 30/40/29
f 32/42/32 34/44/34 33/43/33
f 31/41/31 33/43/33 35/45/35
f 35/45/35 33/43/33 34/44/34
f 35/45/35 34/44/34 38/48/36
f 38/48/36 36/46/37 35/45/35
f 35/45/35 36/46/37 37/47/38
f 35/45/35 37/47/38 39/49/39
f 31/41/31 35/45/35 39/49/39
f 40/50/40 39/49/39 37/47/38
f 41/51/41 39/49/39 40/50/40
f 41/51/41 31/41/31 39/49/39
f 42/53/42 41/51/41 44/56/43
f 42/53/42 43/54/44 41/51/41
f 43/54/44 31/41/31 41/51/41
f 44/56/43 41/51/41 40/50/40
f 42/52/42 44/55/43 45/57/45
f 45/57/45 44/55/43 46/58/46
f 44/56/43 40/50/40 46/59/46
f 45/57/45 46/58/46 47/60/47
f 47/60/47 46/58/46 48/62/48
f 46/59/46 49/63/49 48/61/48
f 46/59/46 40/50/40 49/63/49
f 49/63/49 51/65/50 50/64/51
f 48/61/48 49/63/49 50/64/51
f 49/63/49 37/47/38 51/65/50
f 40/50/40 37/47/38 49/63/49
f 36/46/37 51/65/50 37/47/38
f 50/64/51 51/65/50 52/66/52
f 36/46/37 54/68/53 51/65/50
f 51/65/50 53/67/54 52/66/52
f 51/65/50 54/68/53 53/67/54
f 55/69/55 54/68/53 36/46/37
f 53/67/54 54/68/53 56/70/56
f 55/69/55 56/70/56 54/68/53
f 58/72/57 56/70/56 55/69/55
f 56/70/56 59/73/58 57/71/59
f 53/67/54 56/70/56 57/71/59
f 56/70/56 58/72/57 59/73/58
f 53/67/54 57/71/59 59/73/58
f 53/67/54 59/73/58 60/75/60
f 59/74/58 63/81/61 60/77/60
f 61/78/62 59/73/58 58/72/57
f 59/74/58 61/79/62 62/80/63
f 64/82/64 59/74/58 62/80/63
f 64/82/64 63/81/61 59/74/58
f 64/82/64 62/80/63 65/83/65
f 64/82/64 65/83/65 67/85/66
f 66/84/67 69/87/68 64/82/64
f 66/84/67 64/82/64 67/85/66
f 68/86/69 63/81/61 64/82/64
f 69/87/68 68/86/69 64/82/64
f 70/88/70 68/86/69 69/87/68
f 71/89/71 69/87/68 66/84/67
f 71/89/71 70/88/70 69/87/68
f 73/91/72 72/90/73 71/89/71
f 72/90/73 70/88/70 71/89/71
f 73/91/72 71/89/71 74/92/74
f 74/92/74 71/89/71 66/84/67
f 75/93/75 74/92/74 76/94/76
f 75/93/75 73/91/72 74/92/74
f 76/94/76 74/92/74 66/84/67
f 76/94/76 80/98/77 75/93/75
f 77/95/78 76/94/76 78/96/79
f 77/95/78 79/97/80 76/94/76
f 76/94/76 66/84/67 78/96/79
f 76/94/76 79/97/80 80/98/77
f 79/97/80 81/99/81 80/98/77
f 80/98/77 81/99/81 82/100/82
f 80/98/77 82/100/82 83/101/83
f 75/93/75 80/98/77 83/101/83
f 75/93/75 83/101/83 85/103/84
f 84/102/85 83/101/83 82/100/82
f 85/103/84 83/101/83 84/102/85
f 85/103/84 86/104/86 87/106/87
f 85/103/84 84/102/85 86/105/86
f 75/93/75 85/103/84 87/106/87
f 86/104/86 88/107/88 87/106/87
f 75/93/75 87/106/87 73/91/72
f 88/107/88 89/109/89 87/106/87
f 87/106/87 89/109/89 72/90/73
f 87/106/87 72/90/73 73/91/72
f 90/111/90 91/112/91 89/109/89
f 88/107/88 90/111/90 89/109/89
f 89/109/89 91/112/91 92/113/92
f 89/109/89 92/113/92 72/90/73
f 91/112/91 93/114/93 92/113/92
f 92/113/92 93/114/93 94/115/94
f 92/113/92 94/115/94 70/88/70
f 72/90/73 92/113/92 70/88/70
f 94/115/94 95/116/95 68/86/69
f 93/114/93 95/116/95 94/115/94
f 70/88/70 94/115/94 68/86/69
f 93/114/93 96/117/96 95/116/95
f 96/117/96 98/119/97 95/116/95
f 95/116/95 98/119/97 97/118/98
f 95/116/95 97/118/98 68/86/69
f 98/119/97 100/122/99 99/121/100
f 98/119/97 99/121/100 97/118/98
f 101/124/101 100/122/99 98/119/97
f 96/117/96 101/124/101 98/119/97
f 101/124/101 103/126/102 100/122/99
f 105/130/103 102/125/104 101/124/101
f 104/128/105 101/124/101 102/125/104
f 105/130/103 101/124/101 96/117/96
f 104/128/105 103/126/102 101/124/101
f 106/131/106 105/130/103 96/117/96
f 107/132/107 105/130/103 106/131/106
f 107/132/107 108/134/108 105/130/103
f 108/134/108 102/125/104 105/130/103
f 108/134/108 109/137/109 102/125/104
f 108/135/108 110/138/110 109/136/109
f 108/135/108 111/139/111 110/138/110
f 107/133/107 111/139/111 108/135/108
f 107/133/107 113/141/112 111/139/111
f 114/142/113 112/140/114 111/139/111
f 110/138/110 111/139/111 112/140/114
f 114/142/113 111/139/111 113/141/112
f 115/143/115 112/140/114 114/142/113
f 115/143/115 114/142/113 116/144/116
f 113/141/112 116/144/116 114/142/113
f 117/145/117 116/144/116 118/146/118
f 117/145/117 115/143/115 116/144/116
f 118/146/118 116/144/116 119/147/119
f 113/141/112 119/147/119 116/144/116
f 120/148/120 119/147/119 113/141/112
f 90/110/90 119/147/119 120/148/120
f 90/110/90 121/150/121 119/147/119
f 118/146/118 119/147/119 121/150/121
f 88/108/88 121/150/121 90/110/90
f 88/108/88 122/151/122 121/150/121
f 121/150/121 82/100/82 118/146/118
f 121/150/121 122/151/122 82/100/82
f 86/105/86 122/151/122 88/108/88
f 86/105/86 84/102/85 122/151/122
f 82/100/82 122/151/122 84/102/85
f 120/149/120 107/132/107 106/131/106
f 120/148/120 113/141/112 107/133/107
f 90/111/90 120/149/120 91/112/91
f 120/149/120 106/131/106 91/112/91
f 81/99/81 117/145/117 118/146/118
f 81/99/81 118/146/118 82/100/82
f 124/153/123 123/152/124 117/145/117
f 123/152/124 115/143/115 117/145/117
f 124/153/123 117/145/117 81/99/81
f 79/97/80 124/153/123 81/99/81
f 125/155/125 124/153/123 79/97/80
f 125/155/125 123/152/124 124/153/123
f 126/156/126 125/154/125 129/160/127
f 126/156/126 127/158/128 125/154/125
f 125/155/125 127/157/128 131/163/129
f 128/159/130 130/161/131 125/155/125
f 128/159/130 125/155/125 77/95/78
f 129/160/127 125/154/125 130/162/131
f 125/155/125 131/163/129 123/152/124
f 125/155/125 79/97/80 77/95/78
f 132/164/132 131/163/129 133/166/133
f 132/164/132 134/168/134 131/163/129
f 127/157/128 133/166/133 131/163/129
f 131/163/129 134/168/134 135/169/135
f 131/163/129 135/169/135 115/143/115
f 123/152/124 131/163/129 115/143/115
f 135/169/135 136/170/136 112/140/114
f 135/169/135 137/171/137 136/170/136
f 134/168/134 137/171/137 135/169/135
f 115/143/115 135/169/135 112/140/114
f 134/168/134 138/172/138 137/171/137
f 137/171/137 138/172/138 139/173/139
f 136/170/136 137/171/137 139/173/139
f 104/129/105 139/173/139 138/172/138
f 140/174/140 139/173/139 104/129/105
f 140/174/140 141/176/141 139/173/139
f 136/170/136 139/173/139 141/176/141
f 109/136/109 141/176/141 140/174/140
f 109/136/109 110/138/110 141/176/141
f 141/176/141 110/138/110 136/170/136
f 140/175/140 104/128/105 102/125/104
f 109/137/109 140/175/140 102/125/104
f 132/164/132 142/177/142 138/172/138
f 142/177/142 143/181/143 138/172/138
f 138/172/138 143/181/143 100/123/99
f 138/172/138 100/123/99 103/127/102
f 132/164/132 138/172/138 134/168/134
f 104/129/105 138/172/138 103/127/102
f 142/178/142 146/185/144 143/179/143
f 52/66/52 143/180/143 144/182/145
f 144/182/145 143/180/143 146/186/144
f 52/66/52 145/183/146 143/180/143
f 100/123/99 143/181/143 145/184/146
f 147/187/147 146/185/144 148/188/148
f 147/187/147 149/189/149 146/185/144
f 142/178/142 148/188/148 146/185/144
f 149/190/149 144/182/145 146/186/144
f 48/61/48 50/64/51 149/190/149
f 150/191/150 48/62/48 149/189/149
f 150/191/150 149/189/149 147/187/147
f 149/190/149 50/64/51 144/182/145
f 47/60/47 48/62/48 150/191/150
f 151/192/151 150/191/150 152/193/152
f 151/192/151 47/60/47 150/191/150
f 152/193/152 150/191/150 147/187/147
f 153/194/153 152/193/152 154/195/154
f 153/194/153 151/192/151 152/193/152
f 152/193/152 147/187/147 155/196/155
f 154/195/154 152/193/152 155/196/155
f 155/196/155 147/187/147 148/188/148
f 154/195/154 155/196/155 157/198/156
f 155/196/155 148/188/148 156/197/157
f 157/198/156 155/196/155 156/197/157
f 157/198/156 156/197/157 158/199/158
f 158/199/158 159/200/159 157/198/156
f 159/200/159 154/195/154 157/198/156
f 159/200/159 126/156/126 129/160/127
f 158/199/158 126/156/126 159/200/159
f 159/200/159 129/160/127 160/201/160
f 160/201/160 161/202/161 159/200/159
f 159/200/159 161/202/161 154/195/154
f 160/201/160 162/203/162 161/202/161
f 163/204/163 161/202/161 162/203/162
f 154/195/154 161/202/161 163/204/163
f 166/207/164 164/205/165 163/204/163
f 163/204/163 164/205/165 165/206/166
f 163/204/163 165/206/166 153/194/153
f 163/204/163 162/203/162 166/207/164
f 154/195/154 163/204/163 153/194/153
f 166/207/164 168/209/167 164/205/165
f 167/208/168 166/207/164 162/203/162
f 167/208/168 168/209/167 166/207/164
f 169/210/169 170/211/170 168/209/167
f 167/208/168 169/210/169 168/209/167
f 168/209/167 170/211/170 171/212/171
f 168/209/167 171/212/171 164/205/165
f 171/212/171 172/213/172 174/215/173
f 170/211/170 172/213/172 171/212/171
f 164/205/165 171/212/171 173/214/174
f 171/212/171 174/215/173 173/214/174
f 174/215/173 175/216/175 176/217/176
f 174/215/173 172/213/172 175/216/175
f 177/218/177 174/215/173 176/217/176
f 173/214/174 174/215/173 177/218/177
f 178/219/178 180/221/179 177/218/177
f 178/219/178 177/218/177 179/220/180
f 177/218/177 176/217/176 179/220/180
f 173/214/174 177/218/177 181/222/181
f 181/222/181 177/218/177 180/221/179
f 181/222/181 182/223/182 45/57/45
f 181/222/181 180/221/179 182/223/182
f 181/222/181 45/57/45 183/224/183
f 173/214/174 181/222/181 183/224/183
f 183/224/183 45/57/45 47/60/47
f 173/214/174 183/224/183 165/206/166
f 183/224/183 47/60/47 151/192/151
f 165/206/166 183/224/183 151/192/151
f 42/52/42 45/57/45 182/223/182
f 182/223/182 184/225/184 42/52/42
f 182/223/182 180/221/179 184/225/184
f 184/225/184 180/221/179 178/219/178
f 184/225/184 178/219/178 185/228/185
f 184/226/184 185/227/185 186/229/186
f 42/53/42 184/226/184 187/230/187
f 184/226/184 186/229/186 187/230/187
f 42/53/42 187/230/187 43/54/44
f 186/229/186 26/36/27 187/230/187
f 187/230/187 26/36/27 28/38/28
f 187/230/187 28/38/28 43/54/44
f 188/231/188 186/229/186 185/227/185
f 186/229/186 22/32/23 23/33/22
f 186/229/186 188/231/188 22/32/23
f 186/229/186 23/33/22 26/36/27
f 188/231/188 185/227/185 189/232/189
f 22/32/23 188/231/188 189/232/189
f 178/219/178 190/234/190 189/233/189
f 189/233/189 190/234/190 192/237/191
f 178/219/178 189/233/189 185/228/185
f 22/32/23 189/232/189 191/236/192
f 189/233/189 192/237/191 191/235/192
f 194/239/193 193/238/194 192/237/191
f 193/238/194 191/235/192 192/237/191
f 192/237/191 195/240/195 194/239/193
f 192/237/191 190/234/190 195/240/195
f 176/217/176 194/239/193 195/240/195
f 176/217/176 195/240/195 179/220/180
f 195/240/195 178/219/178 179/220/180
f 195/240/195 190/234/190 178/219/178
f 176/217/176 196/241/196 194/239/193
f 194/239/193 196/241/196 193/238/194
f 176/217/176 175/216/175 196/241/196
f 196/241/196 175/216/175 198/243/197
f 193/238/194 196/241/196 197/242/198
f 196/241/196 198/243/197 197/242/198
f 197/242/198 198/243/197 200/245/199
f 175/216/175 199/244/200 198/243/197
f 200/245/199 198/243/197 199/244/200
f 200/245/199 203/248/201 201/246/202
f 200/245/199 201/246/202 202/247/203
f 197/242/198 200/245/199 202/247/203
f 204/249/204 203/248/201 200/245/199
f 204/249/204 200/245/199 205/250/205
f 200/245/199 199/244/200 205/250/205
f 205/250/205 199/244/200 170/211/170
f 205/250/205 170/211/170 206/251/206
f 207/252/207 205/250/205 206/251/206
f 207/252/207 204/249/204 205/250/205
f 208/253/208 207/252/207 209/254/209
f 208/253/208 204/249/204 207/252/207
f 209/254/209 207/252/207 210/255/210
f 169/210/169 210/255/210 207/252/207
f 169/210/169 207/252/207 206/251/206
f 211/256/211 210/255/210 212/257/212
f 209/254/209 210/255/210 211/256/211
f 212/257/212 210/255/210 167/208/168
f 210/255/210 169/210/169 167/208/168
f 212/257/212 167/208/168 214/259/213
f 213/258/214 215/260/215 212/257/212
f 213/258/214 212/257/212 214/259/213
f 216/261/216 212/257/212 215/260/215
f 211/256/211 212/257/212 216/261/216
f 216/261/216 218/263/217 217/262/218
f 211/256/211 216/261/216 217/262/218
f 216/261/216 219/264/219 218/263/217
f 216/261/216 215/260/215 219/264/219
f 218/263/217 219/264/219 221/266/220
f 219/264/219 220/265/221 221/266/220
f 219/264/219 215/260/215 220/265/221
f 222/268/222 223/270/223 221/266/220
f 222/268/222 221/266/220 220/265/221
f 218/263/217 221/266/220 224/271/224
f 223/270/223 224/271/224 221/266/220
f 225/272/225 218/263/217 224/271/224
f 225/272/225 224/271/224 223/270/223
f 225/272/225 226/275/226 218/263/217
f 225/273/225 228/278/227 226/274/226
f 225/272/225 223/270/223 227/277/228
f 225/273/225 227/276/228 229/280/229
f 225/273/225 230/281/230 228/278/227
f 225/273/225 229/280/229 230/281/230
f 228/278/227 230/281/230 231/282/231
f 229/280/229 231/282/231 230/281/230
f 232/283/232 231/282/231 229/280/229
f 232/283/232 233/285/233 231/282/231
f 234/286/234 231/282/231 233/285/233
f 228/278/227 231/282/231 234/286/234
f 234/286/234 233/285/233 235/287/235
f 236/288/236 234/286/234 235/287/235
f 236/288/236 228/278/227 234/286/234
f 236/288/236 237/289/237 228/278/227
f 238/290/238 237/289/237 236/288/236
f 238/290/238 236/288/236 239/291/239
f 236/288/236 235/287/235 239/291/239
f 239/291/239 242/294/240 240/292/241
f 239/291/239 240/292/241 243/295/242
f 241/293/243 239/291/239 235/287/235
f 241/293/243 242/294/240 239/291/239
f 238/290/238 239/291/239 243/295/242
f 244/296/244 238/290/238 243/295/242
f 244/296/244 243/295/242 245/297/245
f 246/298/246 245/297/245 243/295/242
f 243/295/242 240/292/241 246/298/246
f 246/298/246 248/300/247 247/299/248
f 246/298/246 247/299/248 245/297/245
f 246/298/246 249/301/249 248/300/247
f 240/292/241 249/301/249 246/298/246
f 249/301/249 250/302/250 248/300/247
f 240/292/241 252/304/251 249/301/249
f 249/301/249 251/303/252 250/302/250
f 252/304/251 251/303/252 249/301/249
f 252/304/251 253/305/253 251/303/252
f 240/292/241 254/306/254 252/304/251
f 253/305/253 252/304/251 254/306/254
f 256/308/255 255/307/256 254/306/254
f 253/305/253 254/306/254 255/307/256
f 241/293/243 256/308/255 254/306/254
f 241/293/243 254/306/254 242/294/240
f 240/292/241 242/294/240 254/306/254
f 257/309/257 256/308/255 258/310/258
f 256/308/255 257/309/257 255/307/256
f 256/308/255 259/311/259 258/310/258
f 256/308/255 241/293/243 259/311/259
f 258/310/258 259/311/259 260/312/260
f 232/283/232 260/312/260 259/311/259
f 232/283/232 259/311/259 233/285/233
f 233/285/233 259/311/259 241/293/243
f 262/316/261 261/315/262 260/313/260
f 258/310/258 260/312/260 261/314/262
f 263/317/263 260/313/260 232/284/232
f 263/317/263 262/316/261 260/313/260
f 229/279/229 263/317/263 232/284/232
f 264/318/264 265/320/265 263/317/263
f 229/279/229 264/318/264 263/317/263
f 265/320/265 262/316/261 263/317/263
f 268/323/266 266/321/267 265/320/265
f 265/320/265 266/321/267 262/316/261
f 268/323/266 265/320/265 267/322/268
f 269/324/269 267/322/268 265/320/265
f 264/318/264 269/324/269 265/320/265
f 269/326/269 264/319/264 271/330/270
f 269/324/269 270/328/271 267/322/268
f 272/334/272 270/327/271 269/325/269
f 269/326/269 271/330/270 272/331/272
f 273/336/273 272/332/272 271/329/270
f 272/333/272 273/335/273 274/338/274
f 275/340/275 272/333/272 274/338/274
f 275/340/275 276/341/276 272/333/272
f 277/343/277 272/334/272 276/342/276
f 277/343/277 270/327/271 272/334/272
f 278/344/278 277/343/277 276/342/276
f 279/345/279 270/327/271 277/343/277
f 280/347/280 277/343/277 278/344/278
f 280/347/280 279/345/279 277/343/277
f 281/348/281 280/347/280 278/344/278
f 283/350/282 279/345/279 280/347/280
f 282/349/283 280/347/280 281/348/281
f 282/349/283 283/350/282 280/347/280
f 284/351/284 286/353/285 283/350/282
f 285/352/286 284/351/284 283/350/282
f 285/352/286 283/350/282 282/349/283
f 283/350/282 286/353/285 279/345/279
f 284/351/284 287/354/287 286/353/285
f 288/355/288 286/353/285 287/354/287
f 286/353/285 288/355/288 279/345/279
f 288/355/288 287/354/287 290/358/289
f 270/328/271 279/346/279 288/356/288
f 270/328/271 288/356/288 267/322/268
f 289/357/290 267/322/268 288/356/288
f 290/359/289 289/357/290 288/356/288
f 291/360/291 290/358/289 294/365/292
f 291/360/291 292/361/293 290/358/289
f 290/359/289 292/363/293 295/366/294
f 293/364/295 290/358/289 287/354/287
f 293/364/295 294/365/292 290/358/289
f 296/367/296 289/357/290 290/359/289
f 296/367/296 290/359/289 295/366/294
f 296/367/296 267/322/268 289/357/290
f 296/367/296 268/323/266 267/322/268
f 297/368/297 296/367/296 299/370/298
f 297/368/297 268/323/266 296/367/296
f 298/369/299 296/367/296 295/366/294
f 299/370/298 296/367/296 298/369/299
f 300/371/300 299/370/298 298/369/299
f 301/372/301 297/368/297 299/370/298
f 301/372/301 299/370/298 300/371/300
f 303/374/302 301/372/301 302/373/303
f 302/373/303 301/372/301 300/371/300
f 303/374/302 304/375/304 301/372/301
f 304/375/304 297/368/297 301/372/301
f 305/376/305 306/377/306 304/375/304
f 305/376/305 304/375/304 303/374/302
f 306/377/306 297/368/297 304/375/304
f 306/377/306 305/376/305 310/381/307
f 307/378/308 308/379/309 306/377/306
f 307/378/308 306/377/306 309/380/310
f 306/377/306 308/379/309 297/368/297
f 306/377/306 310/381/307 309/380/310
f 309/380/310 310/381/307 311/382/311
f 310/381/307 312/383/312 311/382/311
f 310/381/307 313/384/313 312/383/312
f 305/376/305 313/384/313 310/381/307
f 305/376/305 315/386/314 313/384/313
f 314/385/315 312/383/312 313/384/313
f 315/386/314 314/385/315 313/384/313
f 315/386/314 317/389/316 316/387/317
f 315/386/314 316/388/317 314/385/315
f 305/376/305 317/389/316 315/386/314
f 316/387/317 317/389/316 318/390/318
f 305/376/305 303/374/302 317/389/316
f 318/390/318 317/389/316 319/392/319
f 317/389/316 303/374/302 302/373/303
f 317/389/316 302/373/303 319/392/319
f 320/394/320 319/392/319 321/395/321
f 318/390/318 319/392/319 320/394/320
f 319/392/319 322/396/322 321/395/321
f 319/392/319 302/373/303 322/396/322
f 321/395/321 322/396/322 323/397/323
f 322/396/322 324/398/324 323/397/323
f 322/396/322 300/371/300 324/398/324
f 302/373/303 300/371/300 322/396/322
f 323/397/323 324/398/324 325/399/325
f 324/398/324 298/369/299 325/399/325
f 300/371/300 298/369/299 324/398/324
f 323/397/323 325/399/325 326/400/326
f 326/400/326 325/399/325 328/402/327
f 325/399/325 298/369/299 327/401/328
f 325/399/325 327/401/328 328/402/327
f 328/402/327 329/404/329 330/405/330
f 328/402/327 327/401/328 329/404/329
f 331/407/331 328/402/327 330/405/330
f 326/400/326 328/402/327 331/407/331
f 331/407/331 330/405/330 333/409/332
f 335/413/333 331/407/331 332/408/334
f 334/411/335 332/408/334 331/407/331
f 335/413/333 326/400/326 331/407/331
f 334/411/335 331/407/331 333/409/332
f 336/414/336 326/400/326 335/413/333
f 337/415/337 336/414/336 335/413/333
f 337/415/337 335/413/333 338/417/338
f 338/417/338 335/413/333 332/408/334
f 338/417/338 332/408/334 339/420/339
f 338/418/338 339/419/339 340/421/340
f 338/418/338 340/421/340 341/422/341
f 337/416/337 338/418/338 341/422/341
f 337/416/337 341/422/341 343/424/342
f 344/425/343 341/422/341 342/423/344
f 340/421/340 342/423/344 341/422/341
f 344/425/343 343/424/342 341/422/341
f 345/426/345 344/425/343 342/423/344
f 345/426/345 346/427/346 344/425/343
f 343/424/342 344/425/343 346/427/346
f 347/428/347 348/429/348 346/427/346
f 347/428/347 346/427/346 345/426/345
f 348/429/348 349/430/349 346/427/346
f 343/424/342 346/427/346 349/430/349
f 350/431/350 343/424/342 349/430/349
f 320/393/320 350/431/350 349/430/349
f 320/393/320 349/430/349 351/433/351
f 348/429/348 351/433/351 349/430/349
f 318/391/318 320/393/320 351/433/351
f 318/391/318 351/433/351 352/434/352
f 351/433/351 348/429/348 312/383/312
f 351/433/351 312/383/312 352/434/352
f 316/388/317 318/391/318 352/434/352
f 316/388/317 352/434/352 314/385/315
f 312/383/312 314/385/315 352/434/352
f 350/432/350 336/414/336 337/415/337
f 350/431/350 337/416/337 343/424/342
f 320/394/320 321/395/321 350/432/350
f 350/432/350 321/395/321 336/414/336
f 311/382/311 348/429/348 347/428/347
f 311/382/311 312/383/312 348/429/348
f 354/436/353 347/428/347 353/435/354
f 353/435/354 347/428/347 345/426/345
f 354/436/353 311/382/311 347/428/347
f 309/380/310 311/382/311 354/436/353
f 261/315/262 309/380/310 354/436/353
f 261/315/262 354/436/353 353/435/354
f 353/435/354 345/426/345 355/437/355
f 261/315/262 353/435/354 355/437/355
f 261/315/262 355/437/355 356/438/356
f 356/438/356 355/437/355 358/442/357
f 357/440/358 358/442/357 355/437/355
f 357/440/358 355/437/355 359/444/359
f 355/437/355 360/445/360 359/444/359
f 355/437/355 345/426/345 360/445/360
f 360/445/360 342/423/344 361/446/361
f 360/445/360 361/446/361 362/447/362
f 359/444/359 360/445/360 362/447/362
f 345/426/345 342/423/344 360/445/360
f 359/444/359 362/447/362 363/448/363
f 362/447/362 364/449/364 363/448/363
f 361/446/361 364/449/364 362/447/362
f 334/412/335 363/448/363 364/449/364
f 365/450/365 334/412/335 364/449/364
f 365/450/365 364/449/364 366/452/366
f 361/446/361 366/452/366 364/449/364
f 339/419/339 365/450/365 366/452/366
f 339/419/339 366/452/366 340/421/340
f 366/452/366 361/446/361 340/421/340
f 365/451/365 332/408/334 334/411/335
f 339/420/339 332/408/334 365/451/365
f 357/440/358 363/448/363 367/453/367
f 367/453/367 363/448/363 368/457/368
f 363/448/363 330/406/330 368/457/368
f 363/448/363 333/410/332 330/406/330
f 357/440/358 359/444/359 363/448/363
f 334/412/335 333/410/332 363/448/363
f 367/454/367 368/455/368 372/462/369
f 370/459/370 369/458/371 368/456/368
f 369/458/371 372/463/369 368/456/368
f 370/459/370 368/456/368 371/460/372
f 330/406/330 371/461/372 368/457/368
f 373/464/373 374/465/374 372/462/369
f 373/464/373 372/462/369 375/466/375
f 367/454/367 372/462/369 374/465/374
f 375/467/375 372/463/369 369/458/371
f 376/468/376 375/467/375 378/471/377
f 377/470/378 375/466/375 376/469/376
f 377/470/378 373/464/373 375/466/375
f 375/467/375 369/458/371 378/471/377
f 376/468/376 378/471/377 379/472/379
f 379/472/379 378/471/377 380/473/380
f 378/471/377 370/459/370 380/473/380
f 378/471/377 369/458/371 370/459/370
f 379/472/379 380/473/380 381/474/381
f 382/475/382 381/474/381 380/473/380
f 382/475/382 380/473/380 383/476/383
f 380/473/380 370/459/370 291/360/291
f 380/473/380 291/360/291 383/476/383
f 384/477/384 382/475/382 383/476/383
f 291/360/291 293/364/295 383/476/383
f 384/477/384 383/476/383 293/364/295
f 287/354/287 384/477/384 293/364/295
f 287/354/287 284/351/284 384/477/384
f 284/351/284 385/478/385 384/477/384
f 385/478/385 382/475/382 384/477/384
f 285/352/286 386/479/386 385/478/385
f 387/480/387 385/478/385 386/479/386
f 385/478/385 387/480/387 382/475/382
f 284/351/284 285/352/286 385/478/385
f 387/480/387 386/479/386 389/482/388
f 387/480/387 381/474/381 382/475/382
f 387/480/387 390/483/389 381/474/381
f 388/481/390 390/483/389 387/480/387
f 388/481/390 387/480/387 389/482/388
f 391/484/391 381/474/381 390/483/389
f 392/485/392 391/484/391 390/483/389
f 392/485/392 390/483/389 388/481/390
f 393/486/393 395/490/394 392/485/392
f 393/486/393 392/485/392 394/488/395
f 394/488/395 392/485/392 388/481/390
f 395/490/394 391/484/391 392/485/392
f 393/487/393 396/491/396 395/489/394
f 396/491/396 397/492/397 395/489/394
f 395/490/394 397/493/397 391/484/391
f 396/491/396 398/494/398 397/492/397
f 398/494/398 376/469/376 397/492/397
f 397/493/397 376/468/376 379/472/379
f 397/493/397 379/472/379 391/484/391
f 399/495/399 398/494/398 396/491/396
f 399/495/399 400/496/400 398/494/398
f 398/494/398 377/470/378 376/469/376
f 400/496/400 377/470/378 398/494/398
f 401/497/401 402/498/402 400/496/400
f 401/497/401 400/496/400 399/495/399
f 400/496/400 403/499/403 377/470/378
f 402/498/402 403/499/403 400/496/400
f 402/498/402 404/500/404 403/499/403
f 403/499/403 405/501/405 373/464/373
f 403/499/403 373/464/373 377/470/378
f 404/500/404 405/501/405 403/499/403
f 405/501/405 374/465/374 373/464/373
f 404/500/404 407/503/406 405/501/405
f 405/501/405 406/502/407 374/465/374
f 407/503/406 406/502/407 405/501/405
f 407/503/406 408/504/408 406/502/407
f 257/309/257 407/503/406 404/500/404
f 408/504/408 407/503/406 257/309/257
f 358/443/357 406/502/407 408/504/408
f 358/443/357 408/504/408 409/505/409
f 408/504/408 257/309/257 409/505/409
f 257/309/257 258/310/258 409/505/409
f 409/505/409 261/314/262 356/439/356
f 358/443/357 409/505/409 356/439/356
f 409/505/409 258/310/258 261/314/262
f 358/443/357 357/441/358 406/502/407
f 357/441/358 374/465/374 406/502/407
f 404/500/404 402/498/402 253/305/253
f 257/309/257 404/500/404 255/307/256
f 404/500/404 253/305/253 255/307/256
f 253/305/253 402/498/402 401/497/401
f 253/305/253 401/497/401 251/303/252
f 251/303/252 401/497/401 410/506/410
f 410/506/410 401/497/401 399/495/399
f 251/303/252 410/506/410 250/302/250
f 250/302/250 410/506/410 412/508/411
f 410/506/410 413/509/412 411/507/413
f 410/506/410 411/507/413 412/508/411
f 410/506/410 399/495/399 413/509/412
f 413/509/412 396/491/396 414/510/414
f 413/509/412 414/510/414 415/511/415
f 413/509/412 399/495/399 396/491/396
f 413/509/412 415/511/415 411/507/413
f 416/512/416 411/507/413 415/511/415
f 417/513/417 416/512/416 415/511/415
f 414/510/414 417/513/417 415/511/415
f 417/513/417 418/515/418 416/512/416
f 417/514/417 419/517/419 418/516/418
f 414/510/414 393/487/393 417/513/417
f 393/486/393 420/518/420 417/514/417
f 417/514/417 420/518/420 419/517/419
f 420/518/420 394/488/395 421/519/421
f 420/518/420 421/519/421 422/520/422
f 393/486/393 394/488/395 420/518/420
f 419/517/419 420/518/420 422/520/422
f 423/521/423 422/520/422 425/523/424
f 423/521/423 424/522/425 422/520/422
f 419/517/419 422/520/422 424/522/425
f 425/523/424 422/520/422 421/519/421
f 425/523/424 421/519/421 427/525/426
f 426/524/427 425/523/424 427/525/426
f 428/526/428 425/523/424 426/524/427
f 428/526/428 423/521/423 425/523/424
f 430/528/429 423/521/423 428/526/428
f 431/529/430 428/526/428 426/524/427
f 431/529/430 429/527/431 428/526/428
f 429/527/431 430/528/429 428/526/428
f 431/529/430 433/531/432 432/530/433
f 429/527/431 431/529/430 432/530/433
f 431/529/430 434/532/434 433/531/432
f 434/532/434 431/529/430 426/524/427
f 437/535/435 434/532/434 435/533/436
f 434/532/434 426/524/427 435/533/436
f 434/532/434 437/535/435 436/534/437
f 434/532/434 436/534/437 433/531/432
f 437/535/435 435/533/436 386/479/386
f 437/535/435 282/349/283 436/534/437
f 437/535/435 285/352/286 282/349/283
f 285/352/286 437/535/435 386/479/386
f 282/349/283 281/348/281 436/534/437
f 281/348/281 433/531/432 436/534/437
f 435/533/436 389/482/388 386/479/386
f 435/533/436 427/525/426 389/482/388
f 426/524/427 427/525/426 435/533/436
f 433/531/432 438/536/438 439/537/439
f 281/348/281 438/536/438 433/531/432
f 433/531/432 439/537/439 432/530/433
f 439/537/439 440/538/440 441/539/441
f 438/536/438 440/538/440 439/537/439
f 439/537/439 441/539/441 442/540/442
f 432/530/433 439/537/439 442/540/442
f 432/530/433 442/540/442 443/541/443
f 443/541/443 442/540/442 444/542/444
f 441/539/441 444/542/444 442/540/442
f 445/543/445 444/542/444 441/539/441
f 445/543/445 446/545/446 444/542/444
f 447/547/447 444/542/444 446/545/446
f 443/541/443 444/542/444 447/547/447
f 429/527/431 443/541/443 447/547/447
f 429/527/431 447/547/447 448/548/448
f 450/552/449 448/548/448 447/547/447
f 450/552/449 447/547/447 449/549/450
f 447/547/447 446/545/446 449/549/450
f 451/553/451 450/551/449 449/550/450
f 451/553/451 452/554/452 450/551/449
f 450/552/449 430/528/429 448/548/448
f 450/552/449 452/555/452 430/528/429
f 453/556/453 454/558/454 452/554/452
f 451/553/451 453/556/453 452/554/452
f 452/555/452 454/557/454 455/559/455
f 452/555/452 455/559/455 430/528/429
f 455/559/455 424/522/425 423/521/423
f 430/528/429 455/559/455 423/521/423
f 455/559/455 456/560/456 424/522/425
f 454/557/454 456/560/456 455/559/455
f 456/560/456 457/561/457 459/565/458
f 454/557/454 457/561/457 456/560/456
f 419/517/419 424/522/425 456/560/456
f 419/517/419 456/560/456 458/563/459
f 456/560/456 459/565/458 458/563/459
f 459/564/458 457/562/457 460/566/460
f 459/564/458 460/566/460 461/567/461
f 416/512/416 459/564/458 461/567/461
f 416/512/416 418/515/418 459/564/458
f 458/563/459 459/565/458 418/516/418
f 462/568/462 416/512/416 461/567/461
f 460/566/460 462/568/462 461/567/461
f 464/570/463 462/568/462 463/569/464
f 460/566/460 463/569/464 462/568/462
f 464/570/463 465/571/465 462/568/462
f 462/568/462 465/571/465 416/512/416
f 416/512/416 465/571/465 411/507/413
f 411/507/413 465/571/465 464/570/463
f 464/570/463 463/569/464 466/572/466
f 464/570/463 466/572/466 467/573/467
f 412/508/411 464/570/463 467/573/467
f 411/507/413 464/570/463 412/508/411
f 466/572/466 470/576/468 467/573/467
f 412/508/411 467/573/467 468/574/469
f 467/573/467 469/575/470 468/574/469
f 467/573/467 470/576/468 469/575/470
f 472/578/471 471/577/472 470/576/468
f 471/577/472 469/575/470 470/576/468
f 466/572/466 472/578/471 470/576/468
f 472/578/471 473/579/473 471/577/472
f 453/556/453 473/579/473 472/578/471
f 474/580/474 453/556/453 472/578/471
f 474/580/474 472/578/471 466/572/466
f 453/556/453 474/580/474 454/558/454
f 474/580/474 457/562/457 454/558/454
f 463/569/464 474/580/474 466/572/466
f 463/569/464 460/566/460 474/580/474
f 474/580/474 460/566/460 457/562/457
f 471/577/472 473/579/473 475/581/475
f 473/579/473 476/582/476 475/581/475
f 453/556/453 451/553/451 473/579/473
f 473/579/473 451/553/451 476/582/476
f 476/582/476 477/583/477 475/581/475
f 476/582/476 478/584/478 477/583/477
f 449/550/450 478/584/478 476/582/476
f 451/553/451 449/550/450 476/582/476
f 446/546/446 477/583/477 478/584/478
f 449/550/450 446/546/446 478/584/478
f 475/581/475 477/583/477 479/585/479
f 477/583/477 481/587/480 479/585/479
f 477/583/477 480/586/481 481/587/480
f 446/546/446 480/586/481 477/583/477
f 482/588/482 484/592/483 481/587/480
f 482/588/482 481/587/480 483/590/484
f 480/586/481 483/590/484 481/587/480
f 484/592/483 479/585/479 481/587/480
f 484/592/483 485/593/485 479/585/479
f 486/594/486 485/593/485 484/592/483
f 487/595/487 486/594/486 484/592/483
f 487/595/487 484/592/483 482/588/482
f 487/596/487 482/589/482 488/597/488
f 487/596/487 488/597/488 490/599/489
f 489/598/490 486/594/486 487/595/487
f 489/598/490 487/595/487 492/602/491
f 491/600/492 487/596/487 490/599/489
f 491/600/492 492/601/491 487/596/487
f 493/604/493 492/601/491 491/600/492
f 493/603/493 489/598/490 492/602/491
f 493/604/493 491/600/492 217/262/218
f 493/603/493 237/289/237 489/598/490
f 228/278/227 237/289/237 493/603/493
f 228/278/227 493/603/493 226/274/226
f 218/263/217 493/604/493 217/262/218
f 218/263/217 226/275/226 493/604/493
f 209/254/209 491/600/492 490/599/489
f 209/254/209 211/256/211 491/600/492
f 211/256/211 217/262/218 491/600/492
f 490/599/489 208/253/208 209/254/209
f 490/599/489 488/597/488 208/253/208
f 244/296/244 486/594/486 489/598/490
f 244/296/244 489/598/490 238/290/238
f 238/290/238 489/598/490 237/289/237
f 488/597/488 494/605/494 495/606/495
f 482/589/482 494/605/494 488/597/488
f 488/597/488 495/606/495 208/253/208
f 201/246/202 203/248/201 495/606/495
f 201/246/202 495/606/495 8/14/9
f 495/606/495 203/248/201 204/249/204
f 495/606/495 204/249/204 208/253/208
f 8/14/9 495/606/495 494/605/494
f 482/589/482 483/591/484 494/605/494
f 8/14/9 494/605/494 6/11/7
f 6/11/7 494/605/494 483/591/484
f 486/594/486 244/296/244 485/593/485
f 485/593/485 245/297/245 496/607/496
f 479/585/479 485/593/485 496/607/496
f 485/593/485 244/296/244 245/297/245
f 496/607/496 471/577/472 497/608/497
f 479/585/479 496/607/496 497/608/497
f 245/297/245 498/609/498 496/607/496
f 496/607/496 498/609/498 471/577/472
f 245/297/245 247/299/248 498/609/498
f 498/609/498 247/299/248 248/300/247
f 498/609/498 248/300/247 469/575/470
f 471/577/472 498/609/498 469/575/470
f 471/577/472 475/581/475 497/608/497
f 475/581/475 479/585/479 497/608/497
f 480/586/481 5/10/6 483/590/484
f 6/11/7 483/591/484 5/9/6
f 446/546/446 445/544/445 480/586/481
f 445/544/445 5/10/6 480/586/481
f 248/300/247 468/574/469 469/575/470
f 250/302/250 412/508/411 468/574/469
f 248/300/247 250/302/250 468/574/469
f 458/563/459 418/516/418 419/517/419
f 429/527/431 448/548/448 430/528/429
f 4/7/4 445/543/445 441/539/441
f 445/544/445 4/6/4 5/10/6
f 429/527/431 432/530/433 443/541/443
f 441/539/441 499/610/499 500/612/500
f 441/539/441 440/538/440 499/610/499
f 4/7/4 441/539/441 500/612/500
f 2/3/2 500/613/500 499/611/499
f 4/8/4 500/613/500 2/3/2
f 501/615/501 499/610/499 440/538/440
f 2/3/2 499/611/499 502/616/502
f 501/614/501 502/616/502 499/611/499
f 501/614/501 503/617/503 502/616/502
f 504/618/504 502/616/502 503/617/503
f 505/619/505 2/3/2 502/616/502
f 504/618/504 505/619/505 502/616/502
f 505/619/505 507/621/506 2/3/2
f 506/620/507 505/619/505 504/618/504
f 506/620/507 508/622/508 505/619/505
f 508/622/508 507/621/506 505/619/505
f 508/622/508 12/19/13 507/621/506
f 13/20/12 12/19/13 508/622/508
f 13/20/12 508/622/508 509/623/509
f 509/623/509 508/622/508 506/620/507
f 509/623/509 25/35/25 13/20/12
f 509/623/509 29/39/30 25/35/25
f 510/624/510 29/39/30 509/623/509
f 509/623/509 506/620/507 510/624/510
f 512/626/511 32/42/32 510/624/510
f 510/624/510 32/42/32 29/39/30
f 510/624/510 511/625/512 512/626/511
f 510/624/510 506/620/507 511/625/512
f 512/626/511 34/44/34 32/42/32
f 512/626/511 511/625/512 513/627/513
f 514/628/514 34/44/34 512/626/511
f 512/626/511 513/627/513 514/628/514
f 514/628/514 38/48/36 34/44/34
f 515/629/515 38/48/36 514/628/514
f 514/628/514 516/630/516 515/629/515
f 514/628/514 513/627/513 516/630/516
f 516/630/516 518/633/517 517/632/518
f 516/630/516 517/632/518 519/634/519
f 513/627/513 518/633/517 516/630/516
f 515/629/515 516/630/516 519/634/519
f 515/629/515 519/634/519 58/72/57
f 61/78/62 58/72/57 519/634/519
f 519/634/519 517/632/518 61/78/62
f 521/636/520 520/635/521 518/633/517
f 518/633/517 520/635/521 275/340/275
f 518/633/517 275/340/275 517/632/518
f 513/627/513 521/636/520 518/633/517
f 520/635/521 521/636/520 504/618/504
f 521/636/520 506/620/507 504/618/504
f 521/636/520 511/625/512 506/620/507
f 513/627/513 511/625/512 521/636/520
f 520/635/521 522/637/522 276/341/276
f 520/635/521 276/341/276 275/340/275
f 501/614/501 522/637/522 520/635/521
f 501/614/501 520/635/521 503/617/503
f 520/635/521 504/618/504 503/617/503
f 278/344/278 276/342/276 522/638/522
f 501/615/501 278/344/278 522/638/522
f 274/339/274 61/79/62 517/631/518
f 517/632/518 275/340/275 274/338/274
f 58/72/57 55/69/55 515/629/515
f 515/629/515 55/69/55 38/48/36
f 12/19/13 3/4/3 507/621/506
f 2/3/2 507/621/506 3/4/3
f 501/615/501 440/538/440 523/639/523
f 501/615/501 523/639/523 278/344/278
f 438/536/438 523/639/523 440/538/440
f 278/344/278 523/639/523 438/536/438
f 278/344/278 438/536/438 281/348/281
f 427/525/426 421/519/421 388/481/390
f 427/525/426 388/481/390 389/482/388
f 394/488/395 388/481/390 421/519/421
f 393/487/393 414/510/414 396/491/396
f 391/484/391 379/472/379 381/474/381
f 357/441/358 367/454/367 374/465/374
f 291/360/291 370/459/370 371/460/372
f 291/360/291 371/460/372 292/361/293
f 371/461/372 329/403/329 292/362/293
f 330/406/330 329/403/329 371/461/372
f 340/421/340 361/446/361 342/423/344
f 336/414/336 323/397/323 326/400/326
f 321/395/321 323/397/323 336/414/336
f 327/401/328 292/363/293 329/404/329
f 298/369/299 295/366/294 327/401/328
f 327/401/328 295/366/294 292/363/293
f 261/315/262 307/378/308 309/380/310
f 266/321/267 297/368/297 308/379/309
f 266/321/267 308/379/309 307/378/308
f 266/321/267 307/378/308 262/316/261
f 262/316/261 307/378/308 261/315/262
f 266/321/267 268/323/266 297/368/297
f 291/360/291 294/365/292 293/364/295
f 273/337/273 65/83/65 274/339/274
f 274/339/274 65/83/65 61/79/62
f 273/336/273 271/329/270 524/641/524
f 524/640/524 525/642/525 273/337/273
f 273/337/273 525/642/525 65/83/65
f 67/85/66 525/642/525 526/643/526
f 525/642/525 128/159/130 526/643/526
f 67/85/66 65/83/65 525/642/525
f 524/640/524 527/644/527 525/642/525
f 525/642/525 527/644/527 128/159/130
f 223/269/223 222/267/222 527/644/527
f 527/644/527 222/267/222 130/161/131
f 223/269/223 527/644/527 524/640/524
f 527/644/527 130/161/131 128/159/130
f 526/643/526 78/96/79 66/84/67
f 526/643/526 77/95/78 78/96/79
f 526/643/526 66/84/67 67/85/66
f 526/643/526 128/159/130 77/95/78
f 271/329/270 223/270/223 524/641/524
f 271/330/270 229/280/229 227/276/228
f 271/329/270 227/277/228 223/270/223
f 271/330/270 264/319/264 229/280/229
f 233/285/233 241/293/243 235/287/235
f 222/268/222 220/265/221 528/645/528
f 222/268/222 528/645/528 130/162/131
f 160/201/160 129/160/127 528/645/528
f 129/160/127 130/162/131 528/645/528
f 160/201/160 528/645/528 213/258/214
f 220/265/221 213/258/214 528/645/528
f 220/265/221 215/260/215 213/258/214
f 213/258/214 214/259/213 162/203/162
f 167/208/168 162/203/162 214/259/213
f 213/258/214 162/203/162 160/201/160
f 169/210/169 206/251/206 170/211/170
f 202/247/203 201/246/202 529/646/529
f 202/247/203 529/646/529 16/24/16
f 19/28/19 202/247/203 16/24/16
f 19/28/19 197/242/198 202/247/203
f 16/24/16 529/646/529 10/17/10
f 529/646/529 201/246/202 8/14/9
f 529/646/529 8/14/9 9/15/8
f 10/17/10 529/646/529 9/15/8
f 170/211/170 199/244/200 172/213/172
f 175/216/175 172/213/172 199/244/200
f 193/238/194 197/242/198 19/28/19
f 19/28/19 20/29/21 193/238/194
f 193/238/194 20/29/21 191/235/192
f 20/30/21 22/32/23 191/236/192
f 164/205/165 173/214/174 165/206/166
f 165/206/166 151/192/151 153/194/153
f 133/167/133 158/199/158 156/197/157
f 133/167/133 126/156/126 158/199/158
f 133/167/133 156/197/157 132/165/132
f 132/165/132 156/197/157 148/188/148
f 132/165/132 148/188/148 142/178/142
f 53/67/54 145/183/146 52/66/52
f 53/67/54 60/75/60 145/183/146
f 145/184/146 60/76/60 99/120/100
f 100/123/99 145/184/146 99/120/100
f 50/64/51 52/66/52 144/182/145
f 110/138/110 112/140/114 136/170/136
f 133/167/133 127/158/128 126/156/126
f 106/131/106 96/117/96 93/114/93
f 91/112/91 106/131/106 93/114/93
f 97/118/98 99/121/100 60/77/60
f 68/86/69 97/118/98 63/81/61
f 97/118/98 60/77/60 63/81/61
f 62/80/63 61/79/62 65/83/65
f 38/48/36 55/69/55 36/46/37
f 43/54/44 28/38/28 31/41/31
f 13/20/12 25/35/25 17/25/18
f 13/20/12 17/25/18 14/21/14
f 530/648/530 531/649/531 537/657/532
f 530/647/530 532/651/533 531/650/531
f 530/647/530 533/652/534 532/651/533
f 533/652/534 530/647/530 534/654/535
f 530/648/530 535/655/536 534/653/535
f 530/648/530 536/656/537 535/655/536
f 530/648/530 537/657/532 536/656/537
f 540/661/538 537/657/532 531/649/531
f 536/656/537 537/657/532 541/662/539
f 538/658/540 539/659/541 537/657/532
f 540/661/538 538/658/540 537/657/532
f 536/656/537 541/662/539 542/663/542
f 541/662/539 543/664/543 542/663/542
f 541/662/539 544/665/544 543/664/543
f 544/665/544 545/666/545 543/664/543
f 544/665/544 546/667/546 545/666/545
f 546/667/546 547/668/547 545/666/545
f 546/667/546 548/669/548 547/668/547
f 548/669/548 549/670/549 550/671/550
f 548/669/548 550/671/550 547/668/547
f 549/670/549 554/675/551 550/671/550
f 551/672/552 547/668/547 550/671/550
f 551/672/552 550/671/550 552/673/553
f 553/674/554 552/673/553 550/671/550
f 553/674/554 550/671/550 554/675/551
f 558/679/555 554/675/551 555/676/556
f 554/675/551 556/677/557 555/676/556
f 554/675/551 557/678/558 556/677/557
f 549/670/549 557/678/558 554/675/551
f 558/679/555 553/674/554 554/675/551
f 558/679/555 559/680/559 561/682/560
f 558/679/555 562/683/561 559/680/559
f 560/681/562 553/674/554 558/679/555
f 560/681/562 558/679/555 561/682/560
f 562/683/561 558/679/555 555/676/556
f 562/683/561 555/676/556 563/684/563
f 564/685/564 562/683/561 563/684/563
f 564/685/564 565/686/565 562/683/561
f 559/680/559 562/683/561 565/686/565
f 567/688/566 565/686/565 566/687/567
f 564/685/564 566/687/567 565/686/565
f 559/680/559 565/686/565 567/688/566
f 567/688/566 566/687/567 568/689/568
f 569/690/569 559/680/559 567/688/566
f 569/690/569 567/688/566 568/689/568
f 569/690/569 570/691/570 571/692/571
f 569/690/569 568/689/568 570/691/570
f 569/690/569 571/692/571 572/693/572
f 569/690/569 572/693/572 573/694/573
f 569/690/569 573/694/573 575/696/574
f 576/697/575 574/695/576 569/690/569
f 569/690/569 574/695/576 559/680/559
f 576/697/575 569/690/569 575/696/574
f 575/696/574 577/698/577 576/697/575
f 577/698/577 574/695/576 576/697/575
f 577/698/577 581/702/578 578/699/579
f 577/698/577 578/699/579 580/701/580
f 577/698/577 579/700/581 574/695/576
f 580/701/580 579/700/581 577/698/577
f 575/696/574 581/702/578 577/698/577
f 573/694/573 581/702/578 575/696/574
f 573/694/573 582/703/582 581/702/578
f 578/699/579 581/702/578 582/703/582
f 584/705/583 582/703/582 573/694/573
f 583/704/584 585/706/585 582/703/582
f 583/704/584 582/703/582 584/705/583
f 578/699/579 582/703/582 585/706/585
f 586/707/586 578/699/579 585/706/585
f 586/707/586 585/706/585 587/708/587
f 583/704/584 587/708/587 585/706/585
f 589/710/588 588/709/589 587/708/587
f 586/707/586 587/708/587 588/709/589
f 583/704/584 589/710/588 587/708/587
f 590/711/590 589/710/588 583/704/584
f 590/711/590 591/712/591 589/710/588
f 591/712/591 592/713/592 589/710/588
f 589/710/588 592/713/592 588/709/589
f 591/712/591 593/714/593 592/713/592
f 593/714/593 594/715/594 592/713/592
f 594/715/594 588/709/589 592/713/592
f 594/715/594 597/718/595 588/709/589
f 595/716/596 596/717/597 594/715/594
f 593/714/593 595/716/596 594/715/594
f 596/717/597 597/718/595 594/715/594
f 588/709/589 597/718/595 600/721/598
f 596/717/597 598/719/599 597/718/595
f 597/718/595 598/719/599 599/720/600
f 597/718/595 599/720/600 600/721/598
f 588/709/589 600/721/598 603/724/601
f 600/721/598 599/720/600 601/722/602
f 600/721/598 601/722/602 602/723/603
f 603/724/601 600/721/598 602/723/603
f 586/707/586 588/709/589 603/724/601
f 603/724/601 602/723/603 604/725/604
f 605/726/605 603/724/601 604/725/604
f 605/726/605 586/707/586 603/724/601
f 552/673/553 605/726/605 604/725/604
f 560/681/562 605/726/605 552/673/553
f 605/726/605 606/727/606 586/707/586
f 605/726/605 560/681/562 606/727/606
f 578/699/579 606/727/606 580/701/580
f 578/699/579 586/707/586 606/727/606
f 580/701/580 606/727/606 579/700/581
f 560/681/562 579/700/581 606/727/606
f 552/673/553 604/725/604 551/672/552
f 604/725/604 607/728/607 551/672/552
f 604/725/604 602/723/603 607/728/607
f 543/664/543 607/728/607 608/729/608
f 601/722/602 608/729/608 607/728/607
f 601/722/602 607/728/607 602/723/603
f 607/728/607 545/666/545 547/668/547
f 543/664/543 545/666/545 607/728/607
f 607/728/607 547/668/547 551/672/552
f 543/664/543 608/729/608 609/730/609
f 609/730/609 608/729/608 601/722/602
f 609/730/609 601/722/602 611/732/610
f 543/664/543 609/730/609 542/663/542
f 542/663/542 609/730/609 535/655/536
f 609/730/609 610/731/611 535/655/536
f 609/730/609 611/732/610 610/731/611
f 611/732/610 612/733/612 610/731/611
f 611/732/610 613/734/613 612/733/612
f 599/720/600 613/734/613 611/732/610
f 599/720/600 611/732/610 601/722/602
f 614/735/614 612/733/612 613/734/613
f 598/719/599 614/735/614 613/734/613
f 598/719/599 613/734/613 599/720/600
f 614/735/614 617/738/615 612/733/612
f 614/735/614 615/736/616 617/738/615
f 614/735/614 616/737/617 615/736/616
f 598/719/599 616/737/617 614/735/614
f 619/742/618 617/738/615 615/736/616
f 617/738/615 618/740/619 612/733/612
f 617/738/615 619/742/618 618/740/619
f 619/741/618 571/692/571 570/691/570
f 619/741/618 570/691/570 618/739/619
f 620/743/620 571/692/571 619/741/618
f 619/742/618 615/736/616 620/744/620
f 620/743/620 621/745/621 571/692/571
f 622/747/622 621/745/621 620/743/620
f 623/748/623 622/746/622 620/744/620
f 623/748/623 620/744/620 615/736/616
f 623/748/623 624/750/624 622/746/622
f 623/748/623 625/751/625 624/750/624
f 623/748/623 626/752/626 625/751/625
f 623/748/623 627/753/627 626/752/626
f 627/753/627 623/748/623 615/736/616
f 628/754/628 627/753/627 616/737/617
f 628/754/628 626/752/626 627/753/627
f 627/753/627 615/736/616 616/737/617
f 628/754/628 616/737/617 596/717/597
f 595/716/596 628/754/628 596/717/597
f 628/754/628 595/716/596 629/755/629
f 628/754/628 629/755/629 630/756/630
f 628/754/628 630/756/630 626/752/626
f 632/758/631 630/756/630 629/755/629
f 631/757/632 626/752/626 630/756/630
f 631/757/632 630/756/630 632/758/631
f 632/758/631 629/755/629 633/759/633
f 632/758/631 633/759/633 634/760/634
f 632/758/631 634/760/634 635/761/635
f 636/762/636 632/758/631 635/761/635
f 636/762/636 631/757/632 632/758/631
f 636/762/636 637/763/637 638/764/638
f 639/765/639 637/763/637 636/762/636
f 636/762/636 638/764/638 631/757/632
f 635/761/635 639/765/639 636/762/636
f 641/767/640 639/765/639 640/766/641
f 635/761/635 640/766/641 639/765/639
f 641/767/640 642/768/642 639/765/639
f 642/768/642 643/769/643 639/765/639
f 639/765/639 643/769/643 637/763/637
f 643/769/643 644/771/644 637/763/637
f 643/769/643 645/772/645 644/771/644
f 646/774/646 645/772/645 643/769/643
f 642/768/642 647/776/647 643/769/643
f 646/774/646 643/769/643 647/776/647
f 650/781/648 647/776/647 642/768/642
f 649/780/649 646/774/646 647/776/647
f 649/780/649 647/776/647 648/777/650
f 650/781/648 648/777/650 647/776/647
f 650/781/648 642/768/642 641/767/640
f 650/781/648 641/767/640 651/784/651
f 653/788/652 650/782/648 651/785/651
f 652/786/653 650/783/648 653/787/652
f 652/786/653 648/778/650 650/783/648
f 653/787/652 654/789/654 652/786/653
f 653/787/652 656/792/655 654/789/654
f 655/790/656 656/791/655 653/788/652
f 653/788/652 651/785/651 655/790/656
f 655/790/656 657/793/657 656/791/655
f 657/793/657 658/795/658 656/791/655
f 656/792/655 658/794/658 659/796/659
f 656/792/655 659/796/659 654/789/654
f 654/789/654 659/796/659 660/797/660
f 659/796/659 661/798/661 660/797/660
f 659/796/659 662/799/662 661/798/661
f 658/794/658 662/799/662 659/796/659
f 662/799/662 663/800/663 664/802/664
f 658/794/658 663/800/663 662/799/662
f 661/798/661 662/799/662 665/805/665
f 662/799/662 664/802/664 665/805/665
f 661/798/661 665/805/665 668/809/666
f 665/806/665 664/804/664 666/807/667
f 665/806/665 666/807/667 667/808/668
f 668/810/666 665/806/665 667/808/668
f 669/811/669 668/810/666 671/814/670
f 670/813/671 668/809/666 669/812/669
f 670/813/671 661/798/661 668/809/666
f 668/810/666 667/808/668 671/814/670
f 669/811/669 671/814/670 674/817/672
f 672/815/673 671/814/670 667/808/668
f 672/815/673 673/816/674 671/814/670
f 673/816/674 674/817/672 671/814/670
f 676/819/675 669/811/669 674/817/672
f 675/818/676 674/817/672 677/821/677
f 676/819/675 674/817/672 675/818/676
f 673/816/674 677/821/677 674/817/672
f 679/823/678 678/822/679 677/821/677
f 675/818/676 677/821/677 678/822/679
f 677/821/677 672/815/673 679/823/678
f 677/821/677 673/816/674 672/815/673
f 679/823/678 680/824/680 678/822/679
f 681/825/681 680/824/680 679/823/678
f 672/815/673 681/825/681 679/823/678
f 682/826/682 684/828/683 681/825/681
f 672/815/673 682/826/682 681/825/681
f 681/825/681 683/827/684 680/824/680
f 684/828/683 683/827/684 681/825/681
f 686/830/685 684/828/683 685/829/686
f 682/826/682 685/829/686 684/828/683
f 686/830/685 687/831/687 684/828/683
f 687/831/687 688/832/688 684/828/683
f 684/828/683 688/832/688 683/827/684
f 689/833/689 690/834/690 688/832/688
f 689/833/689 688/832/688 691/835/691
f 687/831/687 691/835/691 688/832/688
f 683/827/684 688/832/688 690/834/690
f 692/836/692 689/833/689 691/835/691
f 692/836/692 691/835/691 687/831/687
f 686/830/685 693/837/693 692/836/692
f 694/839/694 692/836/692 693/837/693
f 686/830/685 692/836/692 687/831/687
f 694/839/694 695/840/695 692/836/692
f 695/840/695 689/833/689 692/836/692
f 696/842/696 695/841/695 694/838/694
f 696/842/696 697/843/697 695/841/695
f 695/840/695 698/844/698 689/833/689
f 697/843/697 698/845/698 695/841/695
f 697/843/697 700/847/699 698/845/698
f 698/844/698 699/846/700 689/833/689
f 698/844/698 701/848/701 699/846/700
f 700/847/699 701/849/701 698/845/698
f 700/847/699 703/851/702 701/849/701
f 701/848/701 704/853/703 702/850/704
f 701/848/701 702/850/704 699/846/700
f 703/851/702 704/852/703 701/849/701
f 705/854/705 706/856/706 704/852/703
f 703/851/702 705/854/705 704/852/703
f 704/853/703 706/855/706 707/857/707
f 704/853/703 707/857/707 702/850/704
f 707/857/707 710/860/708 708/858/709
f 702/850/704 707/857/707 708/858/709
f 707/857/707 709/859/710 710/860/708
f 706/855/706 709/859/710 707/857/707
f 708/858/709 710/860/708 711/861/711
f 713/863/712 711/861/711 710/860/708
f 712/862/713 710/860/708 709/859/710
f 713/863/712 710/860/708 712/862/713
f 712/862/713 714/864/714 713/863/712
f 716/866/715 711/861/711 713/863/712
f 715/865/716 713/863/712 714/864/714
f 715/865/716 716/866/715 713/863/712
f 717/867/717 716/866/715 715/865/716
f 717/867/717 718/868/718 716/866/715
f 716/866/715 718/868/718 711/861/711
f 717/867/717 720/870/719 718/868/718
f 720/870/719 719/869/720 718/868/718
f 711/861/711 718/868/718 719/869/720
f 721/871/721 720/870/719 717/867/717
f 721/871/721 723/874/722 720/870/719
f 720/870/719 722/873/723 719/869/720
f 723/874/722 722/873/723 720/870/719
f 724/876/724 723/875/722 721/872/721
f 724/876/724 725/877/725 723/875/722
f 723/874/722 726/879/726 722/873/723
f 725/877/725 726/878/726 723/875/722
f 725/877/725 727/880/727 726/878/726
f 727/880/727 728/882/728 726/878/726
f 726/879/726 728/881/728 729/883/729
f 726/879/726 729/883/729 722/873/723
f 729/883/729 730/884/730 731/885/731
f 728/881/728 730/884/730 729/883/729
f 722/873/723 729/883/729 732/886/732
f 729/883/729 731/885/731 732/886/732
f 734/888/733 719/869/720 732/886/732
f 722/873/723 732/886/732 719/869/720
f 734/888/733 732/886/732 733/887/734
f 731/885/731 733/887/734 732/886/732
f 735/889/735 708/858/709 734/888/733
f 735/889/735 734/888/733 733/887/734
f 708/858/709 711/861/711 734/888/733
f 711/861/711 719/869/720 734/888/733
f 702/850/704 708/858/709 735/889/735
f 699/846/700 702/850/704 735/889/735
f 699/846/700 735/889/735 736/890/736
f 736/890/736 735/889/735 733/887/734
f 690/834/690 736/890/736 737/891/737
f 689/833/689 736/890/736 690/834/690
f 689/833/689 699/846/700 736/890/736
f 736/890/736 733/887/734 737/891/737
f 690/834/690 737/891/737 739/893/738
f 737/891/737 731/885/731 738/892/739
f 737/891/737 738/892/739 739/893/738
f 731/885/731 737/891/737 733/887/734
f 683/827/684 690/834/690 739/893/738
f 738/892/739 683/827/684 739/893/738
f 730/884/730 738/892/739 731/885/731
f 730/884/730 675/818/676 738/892/739
f 678/822/679 738/892/739 675/818/676
f 738/892/739 680/824/680 683/827/684
f 678/822/679 680/824/680 738/892/739
f 740/895/740 675/818/676 730/884/730
f 728/881/728 740/895/740 730/884/730
f 741/896/741 742/897/742 740/894/740
f 741/896/741 740/894/740 728/882/728
f 742/897/742 676/820/675 740/894/740
f 740/895/740 676/819/675 675/818/676
f 743/898/743 742/897/742 741/896/741
f 742/897/742 744/899/744 676/820/675
f 745/900/745 742/897/742 743/898/743
f 745/900/745 744/899/744 742/897/742
f 747/902/746 744/899/744 745/900/745
f 748/903/747 745/900/745 746/901/748
f 746/901/748 745/900/745 743/898/743
f 748/903/747 747/902/746 745/900/745
f 749/904/749 748/903/747 746/901/748
f 750/905/750 748/903/747 749/904/749
f 751/906/751 747/902/746 748/903/747
f 750/905/750 751/906/751 748/903/747
f 751/906/751 660/797/660 747/902/746
f 652/786/653 751/906/751 750/905/750
f 652/786/653 654/789/654 751/906/751
f 654/789/654 660/797/660 751/906/751
f 752/909/752 750/905/750 749/904/749
f 752/909/752 649/779/649 750/905/750
f 750/905/750 648/778/650 652/786/653
f 750/905/750 649/779/649 648/778/650
f 753/910/753 752/907/752 754/911/754
f 753/910/753 646/775/646 752/907/752
f 649/780/649 752/908/752 646/774/646
f 754/912/754 752/909/752 749/904/749
f 757/916/755 753/910/753 754/911/754
f 755/913/756 754/912/754 756/914/757
f 755/913/756 757/915/755 754/912/754
f 754/912/754 749/904/749 756/914/757
f 757/916/755 759/918/758 753/910/753
f 758/917/759 757/915/755 755/913/756
f 758/917/759 760/919/760 757/915/755
f 760/920/760 759/918/758 757/916/755
f 760/920/760 762/922/761 759/918/758
f 761/921/762 760/919/760 758/917/759
f 761/921/762 763/924/763 760/919/760
f 763/923/763 762/922/761 760/920/760
f 763/923/763 764/925/764 762/922/761
f 765/926/765 764/925/764 763/923/763
f 766/928/766 765/927/765 763/924/763
f 766/928/766 763/924/763 761/921/762
f 767/929/767 765/927/765 766/928/766
f 766/928/766 768/930/768 767/929/767
f 766/928/766 769/931/769 768/930/768
f 770/932/770 769/931/769 766/928/766
f 766/928/766 761/921/762 771/933/771
f 766/928/766 771/933/771 770/932/770
f 771/933/771 773/935/772 772/934/773
f 771/933/771 772/934/773 774/936/774
f 773/935/772 771/933/771 761/921/762
f 770/932/770 771/933/771 774/936/774
f 725/877/725 774/936/774 727/880/727
f 725/877/725 775/937/775 774/936/774
f 770/932/770 774/936/774 775/937/775
f 774/936/774 741/896/741 727/880/727
f 774/936/774 772/934/773 741/896/741
f 775/937/775 776/938/776 769/931/769
f 724/876/724 776/938/776 775/937/775
f 724/876/724 775/937/775 725/877/725
f 775/937/775 769/931/769 770/932/770
f 777/939/777 776/938/776 724/876/724
f 777/939/777 778/940/778 776/938/776
f 769/931/769 776/938/776 778/940/778
f 780/942/779 778/940/778 779/941/780
f 781/943/781 779/941/780 778/940/778
f 781/943/781 778/940/778 777/939/777
f 769/931/769 778/940/778 780/942/779
f 782/944/782 779/941/780 781/943/781
f 782/944/782 781/943/781 783/945/783
f 783/945/783 781/943/781 784/947/784
f 781/943/781 785/949/785 784/947/784
f 781/943/781 777/939/777 785/949/785
f 785/948/785 717/867/717 786/950/786
f 784/946/784 785/948/785 786/950/786
f 785/948/785 721/871/721 717/867/717
f 777/939/777 721/872/721 785/949/785
f 717/867/717 715/865/716 786/950/786
f 787/951/787 786/950/786 715/865/716
f 787/951/787 788/952/788 786/950/786
f 784/946/784 786/950/786 788/952/788
f 789/953/789 788/952/788 787/951/787
f 789/953/789 784/946/784 788/952/788
f 790/956/790 789/953/789 787/951/787
f 791/957/791 789/954/789 790/955/790
f 791/957/791 783/945/783 789/954/789
f 783/945/783 784/947/784 789/954/789
f 793/959/792 791/957/791 792/958/793
f 792/958/793 791/957/791 790/955/790
f 782/944/782 783/945/783 791/957/791
f 782/944/782 791/957/791 793/959/792
f 794/960/794 782/944/782 793/959/792
f 794/960/794 793/959/792 795/961/795
f 793/959/792 792/958/793 795/961/795
f 795/961/795 796/962/796 797/963/797
f 795/961/795 799/965/798 796/962/796
f 795/961/795 792/958/793 799/965/798
f 795/961/795 797/963/797 798/964/799
f 794/960/794 795/961/795 798/964/799
f 796/962/796 799/965/798 800/966/800
f 800/966/800 799/965/798 801/968/801
f 799/965/798 802/970/802 801/968/801
f 799/965/798 792/958/793 802/970/802
f 802/969/802 804/972/803 803/971/804
f 801/967/801 802/969/802 803/971/804
f 802/969/802 790/956/790 804/972/803
f 792/958/793 790/955/790 802/970/802
f 803/971/804 804/972/803 714/864/714
f 790/956/790 787/951/787 804/972/803
f 804/972/803 715/865/716 714/864/714
f 804/972/803 787/951/787 715/865/716
f 806/974/805 805/973/806 803/971/804
f 801/967/801 803/971/804 805/973/806
f 803/971/804 714/864/714 806/974/805
f 712/862/713 806/974/805 714/864/714
f 712/862/713 807/975/807 806/974/805
f 806/974/805 807/975/807 805/973/806
f 712/862/713 810/980/808 807/975/807
f 808/976/809 805/973/806 807/975/807
f 809/978/810 808/976/809 807/975/807
f 809/978/810 807/975/807 810/980/808
f 712/862/713 709/859/710 810/980/808
f 811/981/811 810/980/808 709/859/710
f 811/981/811 809/978/810 810/980/808
f 706/855/706 811/981/811 709/859/710
f 812/983/812 811/982/811 706/856/706
f 812/983/812 813/984/813 811/982/811
f 813/984/813 809/979/810 811/982/811
f 814/985/814 815/986/815 813/984/813
f 814/985/814 813/984/813 812/983/812
f 813/984/813 816/987/816 809/979/810
f 817/988/817 813/984/813 815/986/815
f 817/988/817 816/987/816 813/984/813
f 819/990/818 816/987/816 817/988/817
f 819/990/818 817/988/817 818/989/819
f 815/986/815 818/989/819 817/988/817
f 819/990/818 800/966/800 816/987/816
f 819/990/818 818/989/819 820/991/820
f 796/962/796 800/966/800 819/990/818
f 820/991/820 796/962/796 819/990/818
f 820/991/820 797/963/797 796/962/796
f 820/991/820 818/989/819 821/992/821
f 820/991/820 821/992/821 822/993/822
f 820/991/820 822/993/822 797/963/797
f 822/993/822 821/992/821 823/994/823
f 825/996/824 797/963/797 822/993/822
f 822/993/822 823/994/823 824/995/825
f 824/995/825 825/996/824 822/993/822
f 825/996/824 798/964/799 797/963/797
f 824/995/825 826/997/826 825/996/824
f 827/998/827 825/996/824 826/997/826
f 827/998/827 828/999/828 825/996/824
f 828/999/828 798/964/799 825/996/824
f 829/1000/829 794/960/794 828/999/828
f 828/999/828 794/960/794 798/964/799
f 827/998/827 829/1000/829 828/999/828
f 829/1000/829 830/1001/830 767/929/767
f 827/998/827 830/1001/830 829/1000/829
f 829/1000/829 831/1002/831 794/960/794
f 829/1000/829 767/929/767 768/930/768
f 831/1002/831 829/1000/829 768/930/768
f 782/944/782 831/1002/831 832/1003/832
f 794/960/794 831/1002/831 782/944/782
f 831/1002/831 768/930/768 832/1003/832
f 782/944/782 832/1003/832 779/941/780
f 780/942/779 779/941/780 832/1003/832
f 769/931/769 780/942/779 832/1003/832
f 769/931/769 832/1003/832 768/930/768
f 830/1001/830 833/1005/833 767/929/767
f 827/998/827 834/1006/834 830/1001/830
f 830/1001/830 834/1006/834 833/1005/833
f 835/1008/835 834/1007/834 836/1009/836
f 835/1008/835 833/1004/833 834/1007/834
f 827/998/827 837/1011/837 834/1006/834
f 836/1009/836 834/1007/834 837/1010/837
f 836/1009/836 837/1010/837 838/1012/838
f 839/1013/839 838/1012/838 837/1010/837
f 826/997/826 839/1014/839 837/1011/837
f 826/997/826 837/1011/837 827/998/827
f 839/1013/839 840/1015/840 838/1012/838
f 841/1017/841 840/1015/840 839/1013/839
f 824/995/825 841/1016/841 839/1014/839
f 824/995/825 839/1014/839 826/997/826
f 841/1017/841 842/1018/842 840/1015/840
f 823/994/823 841/1016/841 824/995/825
f 823/994/823 843/1020/843 841/1016/841
f 843/1019/843 842/1018/842 841/1017/841
f 843/1019/843 844/1021/844 842/1018/842
f 843/1019/843 845/1022/845 844/1021/844
f 843/1019/843 846/1024/846 845/1022/845
f 847/1025/847 846/1023/846 843/1020/843
f 847/1025/847 843/1020/843 823/994/823
f 847/1025/847 823/994/823 849/1027/848
f 847/1025/847 849/1027/848 848/1026/849
f 850/1028/850 847/1025/847 848/1026/849
f 850/1028/850 846/1023/846 847/1025/847
f 851/1029/851 854/1033/852 850/1028/850
f 850/1028/850 853/1031/853 851/1029/851
f 850/1028/850 848/1026/849 852/1030/854
f 850/1028/850 852/1030/854 853/1031/853
f 850/1028/850 854/1033/852 846/1023/846
f 846/1024/846 854/1032/852 855/1034/855
f 854/1032/852 856/1035/856 855/1034/855
f 854/1032/852 857/1036/857 856/1035/856
f 851/1029/851 857/1037/857 854/1033/852
f 857/1036/857 858/1038/858 856/1035/856
f 857/1036/857 859/1040/859 858/1038/858
f 860/1041/860 859/1039/859 857/1037/857
f 860/1041/860 857/1037/857 851/1029/851
f 860/1041/860 862/1043/861 861/1042/862
f 861/1042/862 859/1039/859 860/1041/860
f 860/1041/860 863/1044/863 862/1043/861
f 851/1029/851 863/1044/863 860/1041/860
f 851/1029/851 853/1031/853 863/1044/863
f 863/1044/863 865/1046/864 864/1045/865
f 863/1044/863 864/1045/865 862/1043/861
f 853/1031/853 865/1046/864 863/1044/863
f 865/1046/864 700/847/699 697/843/697
f 865/1046/864 697/843/697 864/1045/865
f 866/1047/866 700/847/699 865/1046/864
f 853/1031/853 866/1047/866 865/1046/864
f 866/1047/866 703/851/702 700/847/699
f 852/1030/854 866/1047/866 853/1031/853
f 852/1030/854 867/1048/867 866/1047/866
f 867/1048/867 703/851/702 866/1047/866
f 852/1030/854 814/985/814 867/1048/867
f 867/1048/867 812/983/812 705/854/705
f 867/1048/867 705/854/705 703/851/702
f 867/1048/867 814/985/814 812/983/812
f 862/1043/861 864/1045/865 868/1049/868
f 864/1045/865 697/843/697 696/842/696
f 864/1045/865 696/842/696 868/1049/868
f 868/1049/868 871/1052/869 869/1050/870
f 870/1051/871 868/1049/868 869/1050/870
f 862/1043/861 868/1049/868 870/1051/871
f 868/1049/868 696/842/696 871/1052/869
f 869/1050/870 871/1052/869 663/801/663
f 663/801/663 871/1052/869 872/1053/872
f 871/1052/869 694/838/694 872/1053/872
f 871/1052/869 696/842/696 694/838/694
f 663/801/663 872/1053/872 664/803/664
f 872/1054/872 693/837/693 873/1055/873
f 664/804/664 872/1054/872 873/1055/873
f 872/1054/872 694/839/694 693/837/693
f 873/1055/873 686/830/685 685/829/686
f 682/826/682 873/1055/873 685/829/686
f 873/1055/873 693/837/693 686/830/685
f 682/826/682 666/807/667 873/1055/873
f 664/804/664 873/1055/873 666/807/667
f 870/1051/871 869/1050/870 657/793/657
f 861/1042/862 862/1043/861 870/1051/871
f 861/1042/862 870/1051/871 874/1056/874
f 874/1056/874 870/1051/871 657/793/657
f 874/1056/874 657/793/657 655/790/656
f 655/790/656 876/1060/875 874/1056/874
f 874/1056/874 875/1058/876 861/1042/862
f 874/1056/874 876/1060/875 875/1058/876
f 641/767/640 875/1057/876 876/1059/875
f 876/1059/875 651/784/651 641/767/640
f 655/790/656 651/785/651 876/1060/875
f 641/767/640 877/1061/877 875/1057/876
f 877/1061/877 859/1040/859 875/1057/876
f 861/1042/862 875/1058/876 859/1039/859
f 877/1061/877 878/1062/878 858/1038/858
f 877/1061/877 858/1038/858 859/1040/859
f 877/1061/877 641/767/640 640/766/641
f 877/1061/877 879/1063/879 878/1062/878
f 877/1061/877 640/766/641 879/1063/879
f 879/1063/879 880/1064/880 878/1062/878
f 879/1063/879 634/760/634 880/1064/880
f 635/761/635 879/1063/879 640/766/641
f 635/761/635 634/760/634 879/1063/879
f 881/1065/881 880/1064/880 882/1066/882
f 881/1065/881 878/1062/878 880/1064/880
f 882/1066/882 880/1064/880 883/1067/883
f 633/759/633 883/1067/883 880/1064/880
f 633/759/633 880/1064/880 634/760/634
f 883/1067/883 885/1069/884 884/1068/885
f 883/1067/883 884/1068/885 886/1070/886
f 883/1067/883 629/755/629 885/1069/884
f 883/1067/883 633/759/633 629/755/629
f 882/1066/882 883/1067/883 886/1070/886
f 887/1071/887 882/1066/882 886/1070/886
f 887/1071/887 886/1070/886 888/1072/888
f 884/1068/885 888/1072/888 886/1070/886
f 890/1074/889 887/1071/887 888/1072/888
f 891/1075/890 889/1073/891 888/1072/888
f 890/1074/889 888/1072/888 889/1073/891
f 884/1068/885 891/1075/890 888/1072/888
f 892/1076/892 891/1075/890 590/711/590
f 892/1076/892 893/1077/893 891/1075/890
f 891/1075/890 893/1077/893 889/1073/891
f 591/712/591 891/1075/890 884/1068/885
f 591/712/591 590/711/590 891/1075/890
f 892/1076/892 894/1078/894 893/1077/893
f 893/1077/893 894/1078/894 895/1079/895
f 893/1077/893 895/1079/895 889/1073/891
f 894/1078/894 897/1081/896 895/1079/895
f 896/1080/897 889/1073/891 895/1079/895
f 897/1081/896 896/1080/897 895/1079/895
f 894/1078/894 898/1082/898 897/1081/896
f 898/1082/898 900/1084/899 897/1081/896
f 897/1081/896 899/1083/900 901/1085/901
f 897/1081/896 900/1084/899 899/1083/900
f 897/1081/896 901/1085/901 896/1080/897
f 902/1086/902 903/1087/903 901/1085/901
f 902/1086/902 901/1085/901 899/1083/900
f 901/1085/901 903/1087/903 904/1088/904
f 901/1085/901 904/1088/904 896/1080/897
f 904/1088/904 905/1089/905 906/1090/906
f 904/1088/904 907/1091/907 905/1089/905
f 904/1088/904 906/1090/906 890/1074/889
f 904/1088/904 890/1074/889 896/1080/897
f 903/1087/903 907/1091/907 904/1088/904
f 903/1087/903 910/1094/908 907/1091/907
f 905/1089/905 907/1091/907 908/1092/909
f 907/1091/907 909/1093/910 908/1092/909
f 907/1091/907 910/1094/908 909/1093/910
f 902/1086/902 910/1094/908 903/1087/903
f 902/1086/902 753/910/753 910/1094/908
f 753/910/753 909/1093/910 910/1094/908
f 909/1093/910 759/918/758 762/922/761
f 753/910/753 759/918/758 909/1093/910
f 909/1093/910 762/922/761 911/1095/911
f 908/1092/909 909/1093/910 911/1095/911
f 764/925/764 912/1096/912 911/1095/911
f 764/925/764 911/1095/911 762/922/761
f 908/1092/909 911/1095/911 913/1097/913
f 913/1097/913 911/1095/911 912/1096/912
f 915/1099/914 908/1092/909 913/1097/913
f 913/1097/913 912/1096/912 914/1098/915
f 916/1100/916 913/1097/913 914/1098/915
f 915/1099/914 913/1097/913 916/1100/916
f 920/1104/917 915/1099/914 916/1100/916
f 918/1102/918 916/1100/916 917/1101/919
f 916/1100/916 914/1098/915 917/1101/919
f 918/1102/918 919/1103/920 916/1100/916
f 920/1104/917 916/1100/916 919/1103/920
f 922/1106/921 915/1099/914 920/1104/917
f 921/1105/922 920/1104/917 919/1103/920
f 921/1105/922 922/1106/921 920/1104/917
f 922/1106/921 905/1089/905 915/1099/914
f 921/1105/922 923/1107/923 922/1106/921
f 924/1108/924 922/1106/921 923/1107/923
f 905/1089/905 922/1106/921 924/1108/924
f 924/1108/924 923/1107/923 881/1065/881
f 924/1108/924 881/1065/881 882/1066/882
f 906/1090/906 924/1108/924 887/1071/887
f 905/1089/905 924/1108/924 906/1090/906
f 924/1108/924 882/1066/882 887/1071/887
f 858/1038/858 881/1065/881 923/1107/923
f 858/1038/858 923/1107/923 921/1105/922
f 858/1038/858 921/1105/922 856/1035/856
f 856/1035/856 921/1105/922 925/1109/925
f 921/1105/922 919/1103/920 925/1109/925
f 845/1022/845 925/1109/925 844/1021/844
f 925/1109/925 918/1102/918 844/1021/844
f 845/1022/845 855/1034/855 925/1109/925
f 856/1035/856 925/1109/925 855/1034/855
f 925/1109/925 919/1103/920 918/1102/918
f 918/1102/918 838/1012/838 840/1015/840
f 918/1102/918 917/1101/919 838/1012/838
f 844/1021/844 918/1102/918 840/1015/840
f 917/1101/919 836/1009/836 838/1012/838
f 917/1101/919 914/1098/915 836/1009/836
f 905/1089/905 908/1092/909 915/1099/914
f 914/1098/915 912/1096/912 835/1008/835
f 914/1098/915 835/1008/835 836/1009/836
f 764/925/764 835/1008/835 912/1096/912
f 906/1090/906 887/1071/887 890/1074/889
f 753/910/753 902/1086/902 645/773/645
f 902/1086/902 644/770/644 645/773/645
f 902/1086/902 899/1083/900 644/770/644
f 624/749/624 927/1111/926 900/1084/899
f 624/749/624 900/1084/899 926/1110/927
f 898/1082/898 926/1110/927 900/1084/899
f 900/1084/899 927/1111/926 644/770/644
f 900/1084/899 644/770/644 899/1083/900
f 638/764/638 644/771/644 927/1112/926
f 624/750/624 638/764/638 927/1112/926
f 929/1114/928 928/1113/929 926/1110/927
f 928/1113/929 624/749/624 926/1110/927
f 929/1114/928 926/1110/927 898/1082/898
f 928/1113/929 929/1114/928 930/1115/930
f 929/1114/928 931/1116/931 930/1115/930
f 929/1114/928 932/1117/932 931/1116/931
f 932/1117/932 929/1114/928 898/1082/898
f 932/1117/932 584/705/583 931/1116/931
f 932/1117/932 898/1082/898 894/1078/894
f 932/1117/932 892/1076/892 584/705/583
f 892/1076/892 932/1117/932 894/1078/894
f 584/705/583 573/694/573 931/1116/931
f 573/694/573 930/1115/930 931/1116/931
f 573/694/573 572/693/572 930/1115/930
f 621/745/621 930/1115/930 572/693/572
f 928/1113/929 930/1115/930 621/745/621
f 928/1113/929 622/747/622 624/749/624
f 622/747/622 928/1113/929 621/745/621
f 896/1080/897 890/1074/889 889/1073/891
f 892/1076/892 590/711/590 583/704/584
f 892/1076/892 583/704/584 584/705/583
f 593/714/593 884/1068/885 885/1069/884
f 629/755/629 593/714/593 885/1069/884
f 593/714/593 591/712/591 884/1068/885
f 858/1038/858 878/1062/878 881/1065/881
f 869/1050/870 663/801/663 658/795/658
f 657/793/657 869/1050/870 658/795/658
f 846/1024/846 855/1034/855 845/1022/845
f 852/1030/854 848/1026/849 814/985/814
f 818/989/819 849/1027/848 823/994/823
f 848/1026/849 849/1027/848 815/986/815
f 815/986/815 849/1027/848 818/989/819
f 848/1026/849 815/986/815 814/985/814
f 844/1021/844 840/1015/840 842/1018/842
f 764/925/764 765/926/765 835/1008/835
f 835/1008/835 765/926/765 833/1004/833
f 767/929/767 833/1005/833 765/927/765
f 818/989/819 823/994/823 821/992/821
f 816/987/816 800/966/800 808/977/809
f 816/987/816 808/977/809 809/979/810
f 705/854/705 812/983/812 706/856/706
f 808/976/809 801/967/801 805/973/806
f 800/966/800 801/968/801 808/977/809
f 777/939/777 724/876/724 721/872/721
f 933/1118/933 772/934/773 773/935/772
f 773/935/772 761/921/762 758/917/759
f 755/913/756 773/935/772 758/917/759
f 755/913/756 933/1118/933 773/935/772
f 933/1118/933 743/898/743 772/934/773
f 756/914/757 933/1118/933 755/913/756
f 756/914/757 746/901/748 933/1118/933
f 746/901/748 743/898/743 933/1118/933
f 743/898/743 741/896/741 772/934/773
f 749/904/749 746/901/748 756/914/757
f 753/910/753 645/773/645 646/775/646
f 747/902/746 670/813/671 744/899/744
f 660/797/660 670/813/671 747/902/746
f 744/899/744 670/813/671 669/812/669
f 744/899/744 669/812/669 676/820/675
f 727/880/727 741/896/741 728/882/728
f 672/815/673 666/807/667 682/826/682
f 672/815/673 667/808/668 666/807/667
f 660/797/660 661/798/661 670/813/671
f 638/764/638 637/763/637 644/771/644
f 625/751/625 631/757/632 638/764/638
f 624/750/624 625/751/625 638/764/638
f 625/751/625 626/752/626 631/757/632
f 629/755/629 595/716/596 593/714/593
f 621/745/621 572/693/572 571/692/571
f 934/1119/934 618/739/619 570/691/570
f 610/731/611 618/740/619 934/1120/934
f 610/731/611 612/733/612 618/740/619
f 566/687/567 934/1119/934 568/689/568
f 566/687/567 534/654/535 934/1119/934
f 535/655/536 610/731/611 934/1120/934
f 934/1119/934 570/691/570 568/689/568
f 535/655/536 934/1120/934 534/653/535
f 598/719/599 596/717/597 616/737/617
f 574/695/576 579/700/581 561/682/560
f 560/681/562 561/682/560 579/700/581
f 574/695/576 561/682/560 559/680/559
f 564/685/564 533/652/534 566/687/567
f 533/652/534 534/654/535 566/687/567
f 564/685/564 935/1121/935 532/651/533
f 564/685/564 532/651/533 533/652/534
f 936/1122/936 935/1121/935 564/685/564
f 936/1122/936 564/685/564 563/684/563
f 936/1122/936 563/684/563 555/676/556
f 936/1122/936 555/676/556 556/677/557
f 560/681/562 552/673/553 553/674/554
f 542/663/542 535/655/536 536/656/537
f 540/660/538 531/650/531 532/651/533
f 540/660/538 532/651/533 937/1123/937
f 937/1123/937 938/1125/938 540/660/538
f 540/661/538 938/1124/938 939/1126/939
f 540/661/538 939/1126/939 538/658/540
f 941/1128/940 939/1126/939 940/1127/941
f 939/1126/939 943/1131/942 940/1127/941
f 939/1126/939 938/1124/938 943/1131/942
f 942/1129/943 939/1126/939 941/1128/940
f 942/1129/943 538/658/540 939/1126/939
f 944/1132/944 943/1130/942 938/1125/938
f 944/1132/944 945/1133/945 943/1130/942
f 943/1130/942 945/1133/945 946/1134/946
f 943/1130/942 946/1134/946 947/1135/947
f 940/1127/941 943/1131/942 947/1136/947
f 948/1137/948 947/1135/947 946/1134/946
f 949/1139/949 947/1136/947 948/1138/948
f 949/1139/949 950/1140/950 947/1136/947
f 940/1127/941 947/1136/947 950/1140/950
f 951/1141/951 950/1140/950 949/1139/949
f 951/1141/951 952/1142/952 950/1140/950
f 953/1143/953 950/1140/950 952/1142/952
f 953/1143/953 940/1127/941 950/1140/950
f 941/1128/940 940/1127/941 953/1143/953
f 941/1128/940 953/1143/953 954/1144/954
f 955/1145/955 954/1144/954 953/1143/953
f 955/1145/955 953/1143/953 952/1142/952
f 956/1146/956 958/1148/957 955/1145/955
f 956/1146/956 955/1145/955 957/1147/958
f 957/1147/958 955/1145/955 952/1142/952
f 958/1148/957 954/1144/954 955/1145/955
f 961/1151/959 958/1148/957 956/1146/956
f 958/1148/957 959/1149/960 954/1144/954
f 960/1150/961 959/1149/960 958/1148/957
f 961/1151/959 960/1150/961 958/1148/957
f 962/1152/962 966/1156/963 961/1151/959
f 962/1152/962 961/1151/959 963/1153/964
f 964/1154/965 963/1153/964 961/1151/959
f 964/1154/965 961/1151/959 956/1146/956
f 965/1155/966 960/1150/961 961/1151/959
f 965/1155/966 961/1151/959 966/1156/963
f 967/1157/967 968/1158/968 966/1156/963
f 967/1157/967 966/1156/963 962/1152/962
f 965/1155/966 966/1156/963 968/1158/968
f 967/1157/967 969/1159/969 968/1158/968
f 970/1160/970 968/1158/968 969/1159/969
f 965/1155/966 968/1158/968 970/1160/970
f 970/1160/970 969/1159/969 974/1164/971
f 970/1160/970 972/1162/972 971/1161/973
f 970/1160/970 971/1161/973 965/1155/966
f 973/1163/974 972/1162/972 970/1160/970
f 973/1163/974 970/1160/970 974/1164/971
f 975/1165/975 973/1163/974 974/1164/971
f 976/1166/976 974/1164/971 969/1159/969
f 976/1166/976 975/1165/975 974/1164/971
f 976/1166/976 979/1169/977 977/1167/978
f 978/1168/979 976/1166/976 977/1167/978
f 978/1168/979 975/1165/975 976/1166/976
f 976/1166/976 980/1170/980 979/1169/977
f 981/1171/981 980/1170/980 976/1166/976
f 981/1171/981 976/1166/976 969/1159/969
f 982/1172/982 981/1171/981 983/1173/983
f 982/1172/982 980/1170/980 981/1171/981
f 983/1173/983 981/1171/981 967/1157/967
f 967/1157/967 981/1171/981 969/1159/969
f 983/1173/983 984/1174/984 982/1172/982
f 983/1173/983 985/1175/985 984/1174/984
f 983/1173/983 986/1176/986 985/1175/985
f 983/1173/983 987/1177/987 986/1176/986
f 983/1173/983 967/1157/967 987/1177/987
f 988/1178/988 986/1176/986 987/1177/987
f 987/1177/987 962/1152/962 988/1178/988
f 987/1177/987 967/1157/967 962/1152/962
f 988/1178/988 989/1179/989 986/1176/986
f 990/1180/990 989/1179/989 988/1178/988
f 988/1178/988 962/1152/962 963/1153/964
f 988/1178/988 963/1153/964 990/1180/990
f 992/1182/991 991/1181/992 990/1180/990
f 990/1180/990 991/1181/992 989/1179/989
f 992/1182/991 990/1180/990 993/1183/993
f 990/1180/990 963/1153/964 964/1154/965
f 990/1180/990 964/1154/965 993/1183/993
f 994/1184/994 992/1182/991 993/1183/993
f 993/1183/993 964/1154/965 995/1185/995
f 993/1183/993 995/1185/995 994/1184/994
f 994/1184/994 995/1185/995 996/1186/996
f 995/1185/995 964/1154/965 956/1146/956
f 957/1147/958 996/1186/996 995/1185/995
f 995/1185/995 956/1146/956 957/1147/958
f 957/1147/958 951/1141/951 996/1186/996
f 951/1141/951 997/1187/997 996/1186/996
f 994/1184/994 996/1186/996 998/1188/998
f 998/1188/998 996/1186/996 997/1187/997
f 998/1188/998 997/1187/997 999/1189/999
f 999/1189/999 1000/1190/1000 998/1188/998
f 994/1184/994 998/1188/998 1000/1190/1000
f 999/1189/999 1001/1191/1001 1000/1190/1000
f 1001/1191/1001 1003/1193/1002 1000/1190/1000
f 994/1184/994 1000/1190/1000 1002/1192/1003
f 1003/1193/1002 1002/1192/1003 1000/1190/1000
f 1003/1193/1002 1004/1194/1004 1002/1192/1003
f 1006/1196/1005 1004/1194/1004 1003/1193/1002
f 1001/1191/1001 1005/1195/1006 1003/1193/1002
f 1006/1196/1005 1003/1193/1002 1005/1195/1006
f 1006/1196/1005 1007/1197/1007 1004/1194/1004
f 1007/1197/1007 1006/1196/1005 1008/1198/1008
f 1008/1198/1008 1006/1196/1005 1009/1199/1009
f 1006/1196/1005 1005/1195/1006 1009/1199/1009
f 1008/1198/1008 1009/1199/1009 1010/1200/1010
f 1010/1200/1010 1009/1199/1009 1011/1202/1011
f 1005/1195/1006 1011/1202/1011 1009/1199/1009
f 1012/1203/1012 1014/1206/1013 1011/1201/1011
f 1012/1203/1012 1011/1201/1011 1013/1204/1014
f 1005/1195/1006 1013/1205/1014 1011/1202/1011
f 1015/1207/1015 1011/1201/1011 1014/1206/1013
f 1015/1207/1015 1016/1208/1016 1011/1201/1011
f 1010/1200/1010 1011/1202/1011 1016/1209/1016
f 1017/1210/1017 1016/1208/1016 1015/1207/1015
f 1017/1210/1017 1018/1211/1018 1016/1208/1016
f 1018/1212/1018 1010/1200/1010 1016/1209/1016
f 1020/1216/1019 1018/1212/1018 1019/1213/1020
f 1017/1210/1017 1019/1214/1020 1018/1211/1018
f 1020/1216/1019 1021/1218/1021 1018/1212/1018
f 1018/1212/1018 1021/1218/1021 1010/1200/1010
f 1022/1219/1022 1010/1200/1010 1021/1218/1021
f 1024/1222/1023 1022/1219/1022 1021/1218/1021
f 1020/1216/1019 1023/1220/1024 1021/1218/1021
f 1024/1222/1023 1021/1218/1021 1023/1220/1024
f 1024/1222/1023 1025/1225/1025 1022/1219/1022
f 1024/1222/1023 1026/1226/1026 1025/1225/1025
f 1027/1229/1027 1026/1227/1026 1024/1223/1023
f 1028/1230/1028 1027/1228/1027 1024/1224/1023
f 1028/1230/1028 1024/1224/1023 1023/1221/1024
f 1028/1230/1028 1029/1231/1029 1030/1232/1030
f 1029/1231/1029 1028/1230/1028 1023/1221/1024
f 1028/1230/1028 1030/1232/1030 1031/1233/1031
f 1027/1228/1027 1028/1230/1028 1031/1233/1031
f 1031/1233/1031 1030/1232/1030 1032/1234/1032
f 1031/1233/1031 1032/1234/1032 1033/1235/1033
f 1034/1237/1034 1031/1233/1031 1033/1235/1033
f 1027/1228/1027 1031/1233/1031 1034/1237/1034
f 1035/1238/1035 1027/1229/1027 1034/1236/1034
f 1035/1238/1035 1034/1236/1034 1036/1239/1036
f 1036/1239/1036 1034/1236/1034 1037/1240/1037
f 1034/1237/1034 1033/1235/1033 1037/1241/1037
f 1036/1239/1036 1037/1240/1037 1038/1242/1038
f 1038/1242/1038 1037/1240/1037 1039/1244/1039
f 1037/1241/1037 1040/1245/1040 1039/1243/1039
f 1037/1241/1037 1033/1235/1033 1040/1245/1040
f 1040/1245/1040 1041/1246/1041 1039/1243/1039
f 1033/1235/1033 1042/1249/1042 1040/1245/1040
f 1040/1245/1040 1043/1250/1043 1041/1246/1041
f 1042/1249/1042 1043/1250/1043 1040/1245/1040
f 1044/1253/1044 1045/1254/1045 1043/1251/1043
f 1042/1249/1042 1044/1252/1044 1043/1250/1043
f 1043/1251/1043 1046/1255/1046 1041/1248/1041
f 1043/1251/1043 1045/1254/1045 1046/1255/1046
f 1048/1257/1047 1047/1256/1048 1046/1255/1046
f 1041/1248/1041 1046/1255/1046 1047/1256/1048
f 1049/1258/1049 1048/1257/1047 1046/1255/1046
f 1049/1258/1049 1046/1255/1046 1045/1254/1045
f 1049/1258/1049 1050/1259/1050 1053/1262/1051
f 1049/1258/1049 1045/1254/1045 1050/1259/1050
f 1051/1260/1052 1054/1263/1053 1049/1258/1049
f 1051/1260/1052 1049/1258/1049 1053/1262/1051
f 1049/1258/1049 1052/1261/1054 1048/1257/1047
f 1049/1258/1049 1054/1263/1053 1052/1261/1054
f 1054/1263/1053 1051/1260/1052 1055/1264/1055
f 1054/1263/1053 1055/1264/1055 1056/1265/1056
f 1052/1261/1054 1054/1263/1053 1056/1265/1056
f 1055/1264/1055 1057/1266/1057 1056/1265/1056
f 1057/1266/1057 1058/1267/1058 1056/1265/1056
f 1052/1261/1054 1056/1265/1056 1058/1267/1058
f 1059/1268/1059 1052/1261/1054 1058/1267/1058
f 1059/1268/1059 1058/1267/1058 1060/1269/1060
f 1058/1267/1058 1061/1270/1061 1060/1269/1060
f 1058/1267/1058 1062/1271/1062 1061/1270/1061
f 1057/1266/1057 1062/1271/1062 1058/1267/1058
f 1061/1270/1061 1062/1271/1062 1063/1272/1063
f 1063/1272/1063 1062/1271/1062 1057/1266/1057
f 1061/1270/1061 1063/1272/1063 1064/1273/1064
f 1063/1272/1063 1057/1266/1057 1066/1275/1065
f 1064/1273/1064 1063/1272/1063 1065/1274/1066
f 1066/1275/1065 1065/1274/1066 1063/1272/1063
f 1067/1276/1067 1066/1275/1065 1057/1266/1057
f 1068/1277/1068 1066/1275/1065 1067/1276/1067
f 1068/1277/1068 1069/1278/1069 1066/1275/1065
f 1066/1275/1065 1069/1278/1069 1065/1274/1066
f 1070/1279/1070 1065/1274/1066 1069/1278/1069
f 1070/1279/1070 1069/1278/1069 1071/1280/1071
f 1072/1281/1072 1071/1280/1071 1069/1278/1069
f 1072/1281/1072 1069/1278/1069 1068/1277/1068
f 1073/1282/1073 1075/1286/1074 1072/1281/1072
f 1073/1282/1073 1072/1281/1072 1074/1284/1075
f 1074/1284/1075 1072/1281/1072 1068/1277/1068
f 1075/1286/1074 1071/1280/1071 1072/1281/1072
f 1075/1286/1074 1076/1287/1076 1071/1280/1071
f 1077/1288/1077 1076/1287/1076 1075/1286/1074
f 1078/1289/1078 1077/1288/1077 1075/1286/1074
f 1078/1289/1078 1075/1286/1074 1073/1282/1073
f 1079/1291/1079 1077/1288/1077 1078/1289/1078
f 1080/1293/1080 1079/1292/1079 1078/1290/1078
f 1080/1293/1080 1078/1290/1078 1081/1294/1081
f 1081/1294/1081 1078/1290/1078 1073/1283/1073
f 1081/1294/1081 1073/1283/1073 1083/1296/1082
f 1081/1294/1081 1084/1297/1083 1082/1295/1084
f 1080/1293/1080 1081/1294/1081 1082/1295/1084
f 1081/1294/1081 1083/1296/1082 1084/1297/1083
f 1084/1297/1083 1086/1299/1085 1085/1298/1086
f 1084/1297/1083 1085/1298/1086 1082/1295/1084
f 1083/1296/1082 1087/1300/1087 1084/1297/1083
f 1086/1299/1085 1084/1297/1083 1087/1300/1087
f 1086/1299/1085 1087/1300/1087 1089/1302/1088
f 1087/1300/1087 1088/1301/1089 1090/1303/1090
f 1087/1300/1087 1091/1304/1091 1088/1301/1089
f 1089/1302/1088 1087/1300/1087 1090/1303/1090
f 1083/1296/1082 1091/1304/1091 1087/1300/1087
f 1083/1296/1082 1074/1285/1075 1091/1304/1091
f 1091/1304/1091 1074/1285/1075 1092/1306/1092
f 1091/1304/1091 1092/1306/1092 1088/1301/1089
f 1092/1305/1092 1068/1277/1068 1067/1276/1067
f 1092/1305/1092 1067/1276/1067 1093/1307/1093
f 1074/1284/1075 1068/1277/1068 1092/1305/1092
f 1088/1301/1089 1092/1306/1092 1093/1308/1093
f 1088/1301/1089 1093/1308/1093 1095/1310/1094
f 1093/1307/1093 1067/1276/1067 1094/1309/1095
f 1093/1307/1093 1094/1309/1095 1096/1312/1096
f 1095/1310/1094 1093/1308/1093 1096/1311/1096
f 1097/1313/1097 1096/1311/1096 1098/1314/1098
f 1095/1310/1094 1096/1311/1096 1097/1313/1097
f 1096/1312/1096 1099/1316/1099 1098/1315/1098
f 1096/1312/1096 1094/1309/1095 1099/1316/1099
f 1053/1262/1051 1099/1316/1099 1051/1260/1052
f 1053/1262/1051 1050/1259/1050 1099/1316/1099
f 1094/1309/1095 1051/1260/1052 1099/1316/1099
f 1098/1315/1098 1099/1316/1099 1050/1259/1050
f 1097/1313/1097 1098/1314/1098 1100/1317/1100
f 1100/1317/1100 1098/1314/1098 1044/1252/1044
f 1098/1315/1098 1050/1259/1050 1044/1253/1044
f 1100/1317/1100 1044/1252/1044 1042/1249/1042
f 1032/1234/1032 1101/1318/1101 1100/1317/1100
f 1101/1318/1101 1097/1313/1097 1100/1317/1100
f 1032/1234/1032 1100/1317/1100 1042/1249/1042
f 1103/1320/1102 1102/1319/1103 1101/1318/1101
f 1101/1318/1101 1102/1319/1103 1097/1313/1097
f 1030/1232/1030 1103/1320/1102 1101/1318/1101
f 1030/1232/1030 1101/1318/1101 1032/1234/1032
f 1103/1320/1102 1104/1321/1104 1102/1319/1103
f 1105/1322/1105 1104/1321/1104 1103/1320/1102
f 1029/1231/1029 1105/1322/1105 1103/1320/1102
f 1029/1231/1029 1103/1320/1102 1030/1232/1030
f 1019/1215/1020 1105/1322/1105 1029/1231/1029
f 1106/1323/1106 1105/1322/1105 1019/1215/1020
f 1106/1323/1106 1107/1325/1107 1105/1322/1105
f 1105/1322/1105 1107/1325/1107 1104/1321/1104
f 1108/1326/1108 1107/1325/1107 1106/1323/1106
f 1107/1325/1107 1109/1327/1109 1104/1321/1104
f 1107/1325/1107 1108/1326/1108 1109/1327/1109
f 1108/1326/1108 1110/1328/1110 1109/1327/1109
f 1109/1327/1109 1110/1328/1110 1090/1303/1090
f 1104/1321/1104 1109/1327/1109 1111/1329/1111
f 1109/1327/1109 1090/1303/1090 1111/1329/1111
f 1104/1321/1104 1111/1329/1111 1102/1319/1103
f 1102/1319/1103 1111/1329/1111 1095/1310/1094
f 1111/1329/1111 1088/1301/1089 1095/1310/1094
f 1111/1329/1111 1090/1303/1090 1088/1301/1089
f 1108/1326/1108 1112/1330/1112 1110/1328/1110
f 1110/1328/1110 1112/1330/1112 1113/1331/1113
f 1089/1302/1088 1090/1303/1090 1110/1328/1110
f 1110/1328/1110 1113/1331/1113 1089/1302/1088
f 1114/1332/1114 1089/1302/1088 1113/1331/1113
f 1114/1332/1114 1113/1331/1113 1115/1333/1115
f 1113/1331/1113 1116/1335/1116 1115/1333/1115
f 1113/1331/1113 1112/1330/1112 1116/1335/1116
f 1112/1330/1112 1117/1338/1117 1116/1335/1116
f 1116/1336/1116 1117/1337/1117 1118/1339/1118
f 1116/1336/1116 1118/1339/1118 1119/1340/1119
f 1115/1334/1115 1116/1336/1116 1119/1340/1119
f 1115/1334/1115 1119/1340/1119 1121/1342/1120
f 1120/1341/1121 1122/1343/1122 1119/1340/1119
f 1120/1341/1121 1119/1340/1119 1118/1339/1118
f 1121/1342/1120 1119/1340/1119 1122/1343/1122
f 1123/1344/1123 1125/1346/1124 1122/1343/1122
f 1123/1344/1123 1122/1343/1122 1120/1341/1121
f 1125/1346/1124 1124/1345/1125 1122/1343/1122
f 1121/1342/1120 1122/1343/1122 1124/1345/1125
f 1128/1349/1126 1126/1347/1127 1125/1346/1124
f 1125/1346/1124 1126/1347/1127 1124/1345/1125
f 1127/1348/1128 1128/1349/1126 1125/1346/1124
f 1127/1348/1128 1125/1346/1124 1123/1344/1123
f 1129/1350/1129 1128/1349/1126 1130/1351/1130
f 1129/1350/1129 1132/1353/1131 1128/1349/1126
f 1131/1352/1132 1130/1351/1130 1128/1349/1126
f 1131/1352/1132 1128/1349/1126 1127/1348/1128
f 1128/1349/1126 1132/1353/1131 1126/1347/1127
f 1132/1353/1131 1134/1355/1133 1126/1347/1127
f 1129/1350/1129 1133/1354/1134 1132/1353/1131
f 1132/1353/1131 1133/1354/1134 1134/1355/1133
f 1126/1347/1127 1134/1355/1133 1135/1356/1135
f 1135/1356/1135 1134/1355/1133 1136/1357/1136
f 1134/1355/1133 1137/1359/1137 1136/1357/1136
f 1134/1355/1133 1133/1354/1134 1137/1359/1137
f 1138/1361/1138 1137/1359/1137 1133/1354/1134
f 1139/1363/1139 1137/1360/1137 1138/1362/1138
f 1139/1363/1139 1140/1364/1140 1137/1360/1137
f 1140/1364/1140 1136/1358/1136 1137/1360/1137
f 1140/1364/1140 1139/1363/1139 1144/1368/1141
f 1140/1364/1140 1141/1365/1142 1143/1367/1143
f 1140/1364/1140 1144/1368/1141 1141/1365/1142
f 1140/1364/1140 1143/1367/1143 1142/1366/1144
f 1140/1364/1140 1142/1366/1144 1136/1358/1136
f 1144/1368/1141 1145/1369/1145 1148/1372/1146
f 1144/1368/1141 1146/1370/1147 1145/1369/1145
f 1147/1371/1148 1146/1370/1147 1144/1368/1141
f 1147/1371/1148 1144/1368/1141 1139/1363/1139
f 1141/1365/1142 1144/1368/1141 1148/1372/1146
f 1150/1374/1149 1148/1372/1146 1149/1373/1150
f 1149/1373/1150 1148/1372/1146 1145/1369/1145
f 1141/1365/1142 1148/1372/1146 1150/1374/1149
f 1150/1374/1149 1149/1373/1150 1153/1377/1151
f 1143/1367/1143 1141/1365/1142 1150/1374/1149
f 1143/1367/1143 1150/1374/1149 1151/1375/1152
f 1150/1374/1149 1152/1376/1153 1151/1375/1152
f 1150/1374/1149 1153/1377/1151 1152/1376/1153
f 1153/1377/1151 1149/1373/1150 1155/1379/1154
f 1152/1376/1153 1153/1377/1151 1154/1378/1155
f 1153/1377/1151 1155/1379/1154 1154/1378/1155
f 1149/1373/1150 1156/1380/1156 1155/1379/1154
f 1156/1380/1156 1157/1382/1157 1155/1379/1154
f 1155/1379/1154 1157/1382/1157 1158/1384/1158
f 1155/1379/1154 1158/1384/1158 1154/1378/1155
f 1157/1381/1157 1161/1388/1159 1158/1383/1158
f 1158/1383/1158 1159/1385/1160 1160/1386/1161
f 1158/1383/1158 1161/1388/1159 1159/1385/1160
f 1154/1378/1155 1158/1384/1158 1160/1387/1161
f 1161/1388/1159 1162/1389/1162 1163/1390/1163
f 1164/1391/1164 1162/1389/1162 1161/1388/1159
f 1161/1388/1159 1163/1390/1163 1159/1385/1160
f 1157/1381/1157 1164/1391/1164 1161/1388/1159
f 1165/1392/1165 1164/1391/1164 1157/1381/1157
f 1165/1392/1165 1166/1394/1166 1164/1391/1164
f 1167/1395/1167 1164/1391/1164 1166/1394/1166
f 1164/1391/1164 1167/1395/1167 1162/1389/1162
f 1168/1396/1168 1162/1389/1162 1167/1395/1167
f 1168/1396/1168 1167/1395/1167 1169/1397/1169
f 1167/1395/1167 1166/1394/1166 1169/1397/1169
f 1170/1399/1170 1169/1397/1169 1172/1402/1171
f 1170/1399/1170 1171/1400/1172 1169/1397/1169
f 1168/1396/1168 1169/1397/1169 1171/1400/1172
f 1172/1402/1171 1169/1397/1169 1166/1394/1166
f 1173/1403/1173 1170/1398/1170 1172/1401/1171
f 1173/1403/1173 1172/1401/1171 1174/1404/1174
f 1174/1404/1174 1172/1401/1171 1165/1393/1165
f 1172/1402/1171 1166/1394/1166 1165/1392/1165
f 1175/1405/1175 1173/1403/1173 1174/1404/1174
f 1174/1404/1174 1165/1393/1165 1156/1380/1156
f 1176/1406/1176 1175/1405/1175 1174/1404/1174
f 1176/1406/1176 1174/1404/1174 1156/1380/1156
f 1177/1407/1177 1175/1405/1175 1176/1406/1176
f 1149/1373/1150 1176/1406/1176 1156/1380/1156
f 1177/1407/1177 1176/1406/1176 1145/1369/1145
f 1149/1373/1150 1145/1369/1145 1176/1406/1176
f 1175/1405/1175 1177/1407/1177 1178/1408/1178
f 1177/1407/1177 1179/1409/1179 1178/1408/1178
f 1177/1407/1177 1146/1370/1147 1179/1409/1179
f 1177/1407/1177 1145/1369/1145 1146/1370/1147
f 1146/1370/1147 1180/1410/1180 1179/1409/1179
f 1178/1408/1178 1179/1409/1179 1180/1410/1180
f 1180/1410/1180 1147/1371/1148 1181/1412/1181
f 1180/1410/1180 1181/1412/1181 1182/1413/1182
f 1183/1415/1183 1180/1410/1180 1182/1413/1182
f 1183/1415/1183 1184/1416/1184 1180/1410/1180
f 1178/1408/1178 1180/1410/1180 1184/1416/1184
f 1146/1370/1147 1147/1371/1148 1180/1410/1180
f 1185/1417/1185 1178/1408/1178 1184/1416/1184
f 1186/1418/1186 1185/1417/1185 1184/1416/1184
f 1183/1415/1183 1186/1418/1186 1184/1416/1184
f 1187/1419/1187 1188/1420/1188 1186/1418/1186
f 1187/1419/1187 1186/1418/1186 1183/1415/1183
f 1188/1420/1188 1189/1421/1189 1186/1418/1186
f 1186/1418/1186 1189/1421/1189 1185/1417/1185
f 1190/1422/1190 1191/1423/1191 1189/1421/1189
f 1188/1420/1188 1190/1422/1190 1189/1421/1189
f 1189/1421/1189 1191/1423/1191 1192/1424/1192
f 1189/1421/1189 1192/1424/1192 1185/1417/1185
f 1191/1423/1191 1193/1425/1193 1192/1424/1192
f 1192/1424/1192 1193/1425/1193 1170/1398/1170
f 1192/1424/1192 1170/1398/1170 1173/1403/1173
f 1194/1427/1194 1185/1417/1185 1192/1424/1192
f 1194/1427/1194 1192/1424/1192 1173/1403/1173
f 1185/1417/1185 1194/1427/1194 1178/1408/1178
f 1175/1405/1175 1194/1427/1194 1173/1403/1173
f 1175/1405/1175 1178/1408/1178 1194/1427/1194
f 1195/1429/1195 1196/1430/1196 1193/1426/1193
f 1191/1423/1191 1195/1428/1195 1193/1425/1193
f 1193/1426/1193 1196/1430/1196 1171/1400/1172
f 1193/1426/1193 1171/1400/1172 1170/1399/1170
f 1195/1429/1195 1197/1431/1197 1196/1430/1196
f 1197/1431/1197 1198/1432/1198 1196/1430/1196
f 1168/1396/1168 1196/1430/1196 1198/1432/1198
f 1168/1396/1168 1171/1400/1172 1196/1430/1196
f 1199/1433/1199 1168/1396/1168 1198/1432/1198
f 1199/1433/1199 1198/1432/1198 1201/1435/1200
f 1197/1431/1197 1200/1434/1201 1198/1432/1198
f 1200/1434/1201 1201/1435/1200 1198/1432/1198
f 1200/1434/1201 1070/1279/1070 1201/1435/1200
f 1201/1435/1200 1070/1279/1070 1071/1280/1071
f 1201/1435/1200 1071/1280/1071 1076/1287/1076
f 1202/1436/1202 1201/1435/1200 1076/1287/1076
f 1202/1436/1202 1199/1433/1199 1201/1435/1200
f 1077/1288/1077 1163/1390/1163 1202/1436/1202
f 1163/1390/1163 1199/1433/1199 1202/1436/1202
f 1077/1288/1077 1202/1436/1202 1076/1287/1076
f 1203/1437/1203 1200/1434/1201 1197/1431/1197
f 1203/1437/1203 1204/1438/1204 1200/1434/1201
f 1204/1438/1204 1070/1279/1070 1200/1434/1201
f 1204/1438/1204 1065/1274/1066 1070/1279/1070
f 1064/1273/1064 1065/1274/1066 1204/1438/1204
f 1205/1439/1205 1204/1438/1204 1203/1437/1203
f 1205/1439/1205 1064/1273/1064 1204/1438/1204
f 1206/1440/1206 1205/1439/1205 1203/1437/1203
f 1207/1442/1207 1205/1439/1205 1206/1440/1206
f 1207/1442/1207 1208/1444/1208 1205/1439/1205
f 1208/1444/1208 1064/1273/1064 1205/1439/1205
f 1209/1445/1209 1208/1444/1208 1207/1442/1207
f 1209/1445/1209 1210/1447/1210 1208/1444/1208
f 1210/1447/1210 1211/1448/1211 1208/1444/1208
f 1208/1444/1208 1060/1269/1060 1061/1270/1061
f 1208/1444/1208 1211/1448/1211 1060/1269/1060
f 1208/1444/1208 1061/1270/1061 1064/1273/1064
f 1212/1449/1212 1060/1269/1060 1211/1448/1211
f 1210/1447/1210 1212/1449/1212 1211/1448/1211
f 1212/1449/1212 1059/1268/1059 1060/1269/1060
f 1213/1450/1213 1059/1268/1059 1212/1449/1212
f 1213/1450/1213 1212/1449/1212 1210/1447/1210
f 1213/1450/1213 1215/1452/1214 1059/1268/1059
f 1047/1256/1048 1213/1450/1213 1214/1451/1215
f 1047/1256/1048 1215/1452/1214 1213/1450/1213
f 1213/1450/1213 1210/1447/1210 1214/1451/1215
f 1048/1257/1047 1059/1268/1059 1215/1452/1214
f 1048/1257/1047 1215/1452/1214 1047/1256/1048
f 1216/1454/1216 1047/1256/1048 1214/1451/1215
f 1217/1456/1217 1214/1451/1215 1210/1447/1210
f 1216/1454/1216 1214/1451/1215 1217/1456/1217
f 1218/1457/1218 1217/1455/1217 1219/1458/1219
f 1218/1457/1218 1216/1453/1216 1217/1455/1217
f 1219/1458/1219 1217/1455/1217 1209/1446/1209
f 1217/1456/1217 1210/1447/1210 1209/1445/1209
f 1219/1458/1219 1209/1446/1209 1221/1460/1220
f 1220/1459/1221 1219/1458/1219 1221/1460/1220
f 1220/1459/1221 1222/1461/1222 1219/1458/1219
f 1222/1461/1222 1218/1457/1218 1219/1458/1219
f 1223/1462/1223 1222/1461/1222 1220/1459/1221
f 1223/1462/1223 1224/1463/1224 1222/1461/1222
f 1222/1461/1222 1038/1242/1038 1218/1457/1218
f 1224/1463/1224 1038/1242/1038 1222/1461/1222
f 1224/1463/1224 1036/1239/1036 1038/1242/1038
f 1225/1464/1225 1036/1239/1036 1224/1463/1224
f 1226/1465/1226 1225/1464/1225 1224/1463/1224
f 1226/1465/1226 1224/1463/1224 1223/1462/1223
f 1225/1464/1225 1226/1465/1226 1229/1469/1227
f 1227/1466/1228 1226/1465/1226 1223/1462/1223
f 1226/1465/1226 1227/1466/1228 1228/1467/1229
f 1226/1465/1226 1228/1467/1229 1229/1469/1227
f 1025/1225/1025 1229/1470/1227 1230/1471/1230
f 1230/1471/1230 1229/1470/1227 1228/1468/1229
f 1225/1464/1225 1229/1469/1227 1231/1473/1231
f 1025/1225/1025 1231/1472/1231 1229/1470/1227
f 1231/1472/1231 1025/1225/1025 1026/1226/1026
f 1035/1238/1035 1225/1464/1225 1231/1473/1231
f 1035/1238/1035 1231/1473/1231 1026/1227/1026
f 1230/1471/1230 1232/1474/1232 1233/1475/1233
f 1230/1471/1230 1228/1468/1229 1232/1474/1232
f 1230/1471/1230 1235/1477/1234 1025/1225/1025
f 1230/1471/1230 1233/1475/1233 1234/1476/1235
f 1230/1471/1230 1234/1476/1235 1235/1477/1234
f 1025/1225/1025 1235/1477/1234 1008/1198/1008
f 1007/1197/1007 1235/1477/1234 1234/1476/1235
f 1007/1197/1007 1008/1198/1008 1235/1477/1234
f 1234/1476/1235 1236/1478/1236 1237/1479/1237
f 1234/1476/1235 1233/1475/1233 1236/1478/1236
f 1007/1197/1007 1234/1476/1235 1237/1479/1237
f 1238/1480/1238 1237/1479/1237 1236/1478/1236
f 1004/1194/1004 1237/1479/1237 1238/1480/1238
f 1004/1194/1004 1007/1197/1007 1237/1479/1237
f 1238/1480/1238 1236/1478/1236 1239/1481/1239
f 1239/1481/1239 992/1182/991 1238/1480/1238
f 1004/1194/1004 1238/1480/1238 992/1182/991
f 1240/1482/1240 1239/1481/1239 1236/1478/1236
f 1240/1482/1240 1241/1483/1241 1239/1481/1239
f 1239/1481/1239 1241/1483/1241 989/1179/989
f 1239/1481/1239 989/1179/989 991/1181/992
f 1239/1481/1239 991/1181/992 992/1182/991
f 989/1179/989 1241/1483/1241 1242/1484/1242
f 1243/1485/1243 1242/1484/1242 1241/1483/1241
f 1243/1485/1243 1241/1483/1241 1240/1482/1240
f 1244/1486/1244 1243/1485/1243 1240/1482/1240
f 1245/1487/1245 1243/1485/1243 1244/1486/1244
f 1245/1487/1245 1246/1488/1246 1243/1485/1243
f 1246/1488/1246 1242/1484/1242 1243/1485/1243
f 1247/1489/1247 1248/1490/1248 1246/1488/1246
f 1249/1491/1249 1247/1489/1247 1246/1488/1246
f 1246/1488/1246 1248/1490/1248 1242/1484/1242
f 1249/1491/1249 1246/1488/1246 1245/1487/1245
f 1249/1491/1249 1245/1487/1245 1250/1492/1250
f 1249/1491/1249 1250/1492/1250 1253/1495/1251
f 1251/1493/1252 1247/1489/1247 1249/1491/1249
f 1251/1493/1252 1249/1491/1249 1252/1494/1253
f 1252/1494/1253 1249/1491/1249 1253/1495/1251
f 1253/1495/1251 1123/1344/1123 1120/1341/1121
f 1253/1495/1251 1120/1341/1121 1254/1496/1254
f 1252/1494/1253 1253/1495/1251 1254/1496/1254
f 1250/1492/1250 1123/1344/1123 1253/1495/1251
f 1017/1210/1017 1254/1496/1254 1120/1341/1121
f 1015/1207/1015 1252/1494/1253 1254/1496/1254
f 1015/1207/1015 1254/1496/1254 1017/1210/1017
f 1015/1207/1015 1251/1493/1252 1252/1494/1253
f 1015/1207/1015 1014/1206/1013 1251/1493/1252
f 1255/1497/1255 1251/1493/1252 1014/1206/1013
f 1255/1497/1255 1247/1489/1247 1251/1493/1252
f 1255/1497/1255 1014/1206/1013 1012/1203/1012
f 1257/1499/1256 1255/1497/1255 1012/1203/1012
f 984/1174/984 1256/1498/1257 1255/1497/1255
f 984/1174/984 1255/1497/1255 1257/1499/1256
f 1255/1497/1255 1256/1498/1257 1247/1489/1247
f 1257/1499/1256 1012/1203/1012 1258/1500/1258
f 1259/1501/1259 1257/1499/1256 1258/1500/1258
f 982/1172/982 1257/1499/1256 1259/1501/1259
f 982/1172/982 984/1174/984 1257/1499/1256
f 1259/1501/1259 979/1169/977 980/1170/980
f 1260/1502/1260 979/1169/977 1259/1501/1259
f 1259/1501/1259 1258/1500/1258 1260/1502/1260
f 1259/1501/1259 980/1170/980 982/1172/982
f 1260/1502/1260 1261/1503/1261 979/1169/977
f 1262/1505/1262 1261/1503/1261 1260/1502/1260
f 1260/1502/1260 1263/1506/1263 1262/1505/1262
f 1260/1502/1260 1258/1500/1258 1263/1506/1263
f 999/1189/999 1262/1504/1262 1263/1507/1263
f 999/1189/999 1263/1507/1263 1001/1191/1001
f 1263/1507/1263 1005/1195/1006 1001/1191/1001
f 1263/1506/1263 1258/1500/1258 1012/1203/1012
f 1263/1506/1263 1012/1203/1012 1013/1204/1014
f 1263/1507/1263 1013/1205/1014 1005/1195/1006
f 999/1189/999 1264/1509/1264 1262/1504/1262
f 1262/1505/1262 1264/1508/1264 1261/1503/1261
f 1264/1508/1264 1265/1510/1265 1261/1503/1261
f 1264/1508/1264 948/1137/948 1265/1510/1265
f 999/1189/999 997/1187/997 1264/1509/1264
f 948/1138/948 1264/1509/1264 997/1187/997
f 1261/1503/1261 1265/1510/1265 977/1167/978
f 978/1168/979 977/1167/978 1265/1510/1265
f 978/1168/979 1265/1510/1265 946/1134/946
f 948/1137/948 946/1134/946 1265/1510/1265
f 1261/1503/1261 977/1167/978 979/1169/977
f 985/1175/985 1256/1498/1257 984/1174/984
f 1247/1489/1247 1256/1498/1257 1248/1490/1248
f 985/1175/985 1248/1490/1248 1256/1498/1257
f 1266/1511/1266 1127/1348/1128 1250/1492/1250
f 1250/1492/1250 1127/1348/1128 1123/1344/1123
f 1250/1492/1250 1244/1486/1244 1266/1511/1266
f 1250/1492/1250 1245/1487/1245 1244/1486/1244
f 1267/1512/1267 1266/1511/1266 1268/1513/1268
f 1267/1512/1267 1131/1352/1132 1266/1511/1266
f 1266/1511/1266 1131/1352/1132 1127/1348/1128
f 1244/1486/1244 1268/1513/1268 1266/1511/1266
f 1232/1474/1232 1267/1512/1267 1268/1513/1268
f 1244/1486/1244 1269/1514/1269 1268/1513/1268
f 1232/1474/1232 1268/1513/1268 1269/1514/1269
f 1269/1514/1269 1236/1478/1236 1233/1475/1233
f 1232/1474/1232 1269/1514/1269 1233/1475/1233
f 1269/1514/1269 1240/1482/1240 1236/1478/1236
f 1244/1486/1244 1240/1482/1240 1269/1514/1269
f 1267/1512/1267 1130/1351/1130 1131/1352/1132
f 1267/1512/1267 1270/1515/1270 1130/1351/1130
f 1271/1516/1271 1270/1515/1270 1267/1512/1267
f 1232/1474/1232 1271/1516/1271 1267/1512/1267
f 1271/1516/1271 1272/1517/1272 1270/1515/1270
f 1273/1519/1273 1272/1517/1272 1271/1516/1271
f 1273/1519/1273 1271/1516/1271 1274/1521/1274
f 1274/1521/1274 1271/1516/1271 1232/1474/1232
f 1275/1522/1275 1273/1518/1273 1274/1520/1274
f 1227/1466/1228 1275/1522/1275 1274/1520/1274
f 1227/1466/1228 1274/1520/1274 1228/1467/1229
f 1274/1521/1274 1232/1474/1232 1228/1468/1229
f 1275/1522/1275 1187/1419/1187 1273/1518/1273
f 1275/1522/1275 1276/1523/1276 1277/1524/1277
f 1275/1522/1275 1227/1466/1228 1276/1523/1276
f 1187/1419/1187 1275/1522/1275 1277/1524/1277
f 1277/1524/1277 1276/1523/1276 1278/1525/1278
f 1187/1419/1187 1277/1524/1277 1188/1420/1188
f 1277/1524/1277 1278/1525/1278 1279/1526/1279
f 1188/1420/1188 1277/1524/1277 1279/1526/1279
f 1279/1526/1279 1280/1527/1280 1281/1528/1281
f 1279/1526/1279 1278/1525/1278 1280/1527/1280
f 1190/1422/1190 1279/1526/1279 1281/1528/1281
f 1188/1420/1188 1279/1526/1279 1190/1422/1190
f 1280/1527/1280 1206/1441/1206 1281/1528/1281
f 1281/1528/1281 1206/1441/1206 1282/1529/1282
f 1281/1528/1281 1282/1529/1282 1283/1531/1283
f 1190/1422/1190 1281/1528/1281 1283/1531/1283
f 1190/1422/1190 1283/1531/1283 1191/1423/1191
f 1283/1531/1283 1195/1428/1195 1191/1423/1191
f 1283/1531/1283 1282/1529/1282 1195/1428/1195
f 1206/1440/1206 1203/1437/1203 1282/1530/1282
f 1282/1530/1282 1203/1437/1203 1197/1431/1197
f 1282/1530/1282 1197/1431/1197 1195/1429/1195
f 1280/1527/1280 1207/1443/1207 1206/1441/1206
f 1278/1525/1278 1221/1460/1220 1280/1527/1280
f 1221/1460/1220 1207/1443/1207 1280/1527/1280
f 1278/1525/1278 1220/1459/1221 1221/1460/1220
f 1276/1523/1276 1220/1459/1221 1278/1525/1278
f 1276/1523/1276 1223/1462/1223 1220/1459/1221
f 1227/1466/1228 1223/1462/1223 1276/1523/1276
f 1187/1419/1187 1284/1532/1284 1273/1518/1273
f 1284/1533/1284 1272/1517/1272 1273/1519/1273
f 1284/1533/1284 1285/1534/1285 1272/1517/1272
f 1187/1419/1187 1183/1415/1183 1284/1532/1284
f 1183/1415/1183 1182/1413/1182 1284/1532/1284
f 1182/1414/1182 1285/1534/1285 1284/1533/1284
f 1182/1414/1182 1286/1535/1286 1285/1534/1285
f 1285/1534/1285 1286/1535/1286 1270/1515/1270
f 1285/1534/1285 1270/1515/1270 1272/1517/1272
f 1286/1535/1286 1287/1536/1287 1129/1350/1129
f 1286/1535/1286 1288/1537/1288 1287/1536/1287
f 1270/1515/1270 1286/1535/1286 1129/1350/1129
f 1182/1414/1182 1288/1537/1288 1286/1535/1286
f 1181/1411/1181 1287/1536/1287 1288/1537/1288
f 1182/1414/1182 1181/1411/1181 1288/1537/1288
f 1181/1411/1181 1138/1361/1138 1287/1536/1287
f 1129/1350/1129 1287/1536/1287 1133/1354/1134
f 1138/1361/1138 1133/1354/1134 1287/1536/1287
f 1270/1515/1270 1129/1350/1129 1130/1351/1130
f 986/1176/986 1248/1490/1248 985/1175/985
f 986/1176/986 1242/1484/1242 1248/1490/1248
f 989/1179/989 1242/1484/1242 986/1176/986
f 1225/1464/1225 1035/1238/1035 1036/1239/1036
f 1221/1460/1220 1209/1446/1209 1207/1443/1207
f 1039/1244/1039 1216/1453/1216 1218/1457/1218
f 1038/1242/1038 1039/1244/1039 1218/1457/1218
f 1039/1244/1039 1041/1247/1041 1216/1453/1216
f 1041/1248/1041 1047/1256/1048 1216/1454/1216
f 1168/1396/1168 1199/1433/1199 1162/1389/1162
f 1163/1390/1163 1162/1389/1162 1199/1433/1199
f 1147/1371/1148 1138/1362/1138 1181/1412/1181
f 1156/1380/1156 1165/1393/1165 1157/1382/1157
f 1159/1385/1160 1163/1390/1163 1289/1538/1289
f 1077/1288/1077 1289/1538/1289 1163/1390/1163
f 1290/1539/1290 1289/1538/1289 1079/1291/1079
f 1290/1539/1290 1291/1541/1291 1289/1538/1289
f 1159/1385/1160 1289/1538/1289 1291/1541/1291
f 1079/1291/1079 1289/1538/1289 1077/1288/1077
f 1160/1386/1161 1291/1541/1291 1290/1539/1290
f 1160/1386/1161 1159/1385/1160 1291/1541/1291
f 1292/1542/1292 1290/1540/1290 1293/1543/1293
f 1292/1542/1292 1160/1387/1161 1290/1540/1290
f 1293/1543/1293 1290/1540/1290 1079/1292/1079
f 1152/1376/1153 1292/1542/1292 1293/1543/1293
f 1293/1543/1293 1079/1292/1079 1080/1293/1080
f 1293/1543/1293 1295/1545/1294 1294/1544/1295
f 1152/1376/1153 1293/1543/1293 1294/1544/1295
f 1293/1543/1293 1080/1293/1080 1295/1545/1294
f 1085/1298/1086 1295/1545/1294 1082/1295/1084
f 1080/1293/1080 1082/1295/1084 1295/1545/1294
f 1085/1298/1086 1296/1546/1296 1295/1545/1294
f 1296/1546/1296 1294/1544/1295 1295/1545/1294
f 1085/1298/1086 1297/1547/1297 1296/1546/1296
f 1296/1546/1296 1297/1547/1297 1294/1544/1295
f 1085/1298/1086 1298/1548/1298 1297/1547/1297
f 1151/1375/1152 1297/1547/1297 1298/1548/1298
f 1152/1376/1153 1297/1547/1297 1151/1375/1152
f 1152/1376/1153 1294/1544/1295 1297/1547/1297
f 1114/1332/1114 1298/1548/1298 1085/1298/1086
f 1114/1332/1114 1299/1549/1299 1298/1548/1298
f 1151/1375/1152 1298/1548/1298 1143/1367/1143
f 1143/1367/1143 1298/1548/1298 1299/1549/1299
f 1299/1549/1299 1301/1552/1300 1300/1551/1301
f 1142/1366/1144 1299/1549/1299 1300/1551/1301
f 1143/1367/1143 1299/1549/1299 1142/1366/1144
f 1299/1549/1299 1114/1332/1114 1301/1552/1300
f 1114/1332/1114 1115/1333/1115 1301/1552/1300
f 1301/1553/1300 1115/1334/1115 1121/1342/1120
f 1121/1342/1120 1135/1356/1135 1301/1553/1300
f 1135/1356/1135 1300/1550/1301 1301/1553/1300
f 1135/1356/1135 1136/1357/1136 1300/1550/1301
f 1142/1366/1144 1300/1551/1301 1136/1358/1136
f 1154/1378/1155 1160/1387/1161 1292/1542/1292
f 1152/1376/1153 1154/1378/1155 1292/1542/1292
f 1147/1371/1148 1139/1363/1139 1138/1362/1138
f 1126/1347/1127 1135/1356/1135 1124/1345/1125
f 1121/1342/1120 1124/1345/1125 1135/1356/1135
f 1017/1210/1017 1120/1341/1121 1118/1339/1118
f 1117/1337/1117 1017/1210/1017 1118/1339/1118
f 1108/1326/1108 1106/1323/1106 1117/1338/1117
f 1117/1337/1117 1106/1324/1106 1017/1210/1017
f 1112/1330/1112 1108/1326/1108 1117/1338/1117
f 1086/1299/1085 1114/1332/1114 1085/1298/1086
f 1114/1332/1114 1086/1299/1085 1089/1302/1088
f 1017/1210/1017 1106/1324/1106 1019/1214/1020
f 1102/1319/1103 1095/1310/1094 1097/1313/1097
f 1067/1276/1067 1057/1266/1057 1094/1309/1095
f 1055/1264/1055 1094/1309/1095 1057/1266/1057
f 1094/1309/1095 1055/1264/1055 1051/1260/1052
f 1083/1296/1082 1073/1283/1073 1074/1285/1075
f 1048/1257/1047 1052/1261/1054 1059/1268/1059
f 1044/1253/1044 1050/1259/1050 1045/1254/1045
f 1033/1235/1033 1032/1234/1032 1042/1249/1042
f 1027/1229/1027 1035/1238/1035 1026/1227/1026
f 1019/1215/1020 1029/1231/1029 1020/1217/1019
f 1029/1231/1029 1023/1221/1024 1020/1217/1019
f 1025/1225/1025 1008/1198/1008 1022/1219/1022
f 1022/1219/1022 1008/1198/1008 1010/1200/1010
f 1004/1194/1004 992/1182/991 1002/1192/1003
f 994/1184/994 1002/1192/1003 992/1182/991
f 951/1141/951 949/1139/949 997/1187/997
f 948/1138/948 997/1187/997 949/1139/949
f 978/1168/979 1302/1554/1302 1304/1556/1303
f 978/1168/979 1303/1555/1304 1302/1554/1302
f 978/1168/979 945/1133/945 1303/1555/1304
f 978/1168/979 946/1134/946 945/1133/945
f 1305/1557/1305 978/1168/979 1304/1556/1303
f 1305/1557/1305 975/1165/975 978/1168/979
f 973/1163/974 1305/1557/1305 1304/1556/1303
f 975/1165/975 1305/1557/1305 973/1163/974
f 1304/1556/1303 1302/1554/1302 1306/1558/1306
f 1304/1556/1303 1306/1558/1306 1307/1559/1307
f 973/1163/974 1304/1556/1303 1307/1559/1307
f 1308/1560/1308 1307/1559/1307 1306/1558/1306
f 1308/1560/1308 971/1161/973 1307/1559/1307
f 972/1162/972 1307/1559/1307 971/1161/973
f 972/1162/972 973/1163/974 1307/1559/1307
f 1310/1562/1309 971/1161/973 1308/1560/1308
f 1308/1560/1308 1306/1558/1306 1311/1563/1310
f 1308/1560/1308 1309/1561/1311 1310/1562/1309
f 1308/1560/1308 1312/1564/1312 1309/1561/1311
f 1308/1560/1308 1311/1563/1310 1312/1564/1312
f 1311/1563/1310 1313/1565/1313 1312/1564/1312
f 1312/1564/1312 1313/1565/1313 1314/1566/1314
f 1312/1564/1312 1314/1566/1314 1309/1561/1311
f 1315/1567/1315 1314/1566/1314 1313/1565/1313
f 1318/1570/1316 1314/1566/1314 1315/1567/1315
f 1317/1569/1317 1314/1566/1314 1316/1568/1318
f 1318/1570/1316 1316/1568/1318 1314/1566/1314
f 1317/1569/1317 1309/1561/1311 1314/1566/1314
f 1319/1571/1319 1316/1568/1318 1318/1570/1316
f 1320/1572/1320 1321/1573/1321 1319/1571/1319
f 1319/1571/1319 1321/1573/1321 1316/1568/1318
f 1322/1574/1322 1323/1575/1323 1321/1573/1321
f 1320/1572/1320 1322/1574/1322 1321/1573/1321
f 1323/1575/1323 1316/1568/1318 1321/1573/1321
f 1322/1574/1322 1324/1576/1324 1323/1575/1323
f 954/1144/954 1323/1575/1323 1324/1576/1324
f 1323/1575/1323 1317/1569/1317 1316/1568/1318
f 1325/1577/1325 1323/1575/1323 959/1149/960
f 954/1144/954 959/1149/960 1323/1575/1323
f 1325/1577/1325 1317/1569/1317 1323/1575/1323
f 960/1150/961 1325/1577/1325 959/1149/960
f 1309/1561/1311 1317/1569/1317 1325/1577/1325
f 1310/1562/1309 1325/1577/1325 960/1150/961
f 1309/1561/1311 1325/1577/1325 1310/1562/1309
f 1322/1574/1322 941/1128/940 1324/1576/1324
f 941/1128/940 954/1144/954 1324/1576/1324
f 1322/1574/1322 942/1129/943 941/1128/940
f 539/659/541 942/1129/943 1322/1574/1322
f 539/659/541 1322/1574/1322 1320/1572/1320
f 1315/1567/1315 1313/1565/1313 1326/1578/1326
f 1313/1565/1313 1327/1579/1327 1326/1578/1326
f 1313/1565/1313 1329/1581/1328 1327/1579/1327
f 1328/1580/1329 1327/1579/1327 1329/1581/1328
f 1328/1580/1329 1329/1581/1328 1330/1582/1330
f 1331/1583/1331 1330/1582/1330 1329/1581/1328
f 1331/1583/1331 1329/1581/1328 1311/1563/1310
f 1311/1563/1310 1329/1581/1328 1313/1565/1313
f 1332/1584/1332 1331/1583/1331 1333/1585/1333
f 1332/1584/1332 1330/1582/1330 1331/1583/1331
f 1302/1554/1302 1333/1585/1333 1331/1583/1331
f 1311/1563/1310 1302/1554/1302 1331/1583/1331
f 1332/1584/1332 1333/1585/1333 944/1132/944
f 1303/1555/1304 944/1132/944 1333/1585/1333
f 1302/1554/1302 1303/1555/1304 1333/1585/1333
f 1328/1580/1329 1332/1584/1332 1334/1586/1334
f 1332/1584/1332 532/651/533 1334/1586/1334
f 1328/1580/1329 1330/1582/1330 1332/1584/1332
f 1332/1584/1332 944/1132/944 937/1123/937
f 1332/1584/1332 937/1123/937 532/651/533
f 1311/1563/1310 1306/1558/1306 1302/1554/1302
f 1310/1562/1309 960/1150/961 965/1155/966
f 1310/1562/1309 965/1155/966 971/1161/973
f 1303/1555/1304 945/1133/945 944/1132/944
f 957/1147/958 952/1142/952 951/1141/951
f 937/1123/937 944/1132/944 938/1125/938
f 538/658/540 942/1129/943 539/659/541
f 1335/1587/1335 1336/1589/1336 1337/1590/1337
f 1335/1587/1335 1340/1593/1338 1336/1589/1336
f 1335/1587/1335 1337/1590/1337 1338/1591/1339
f 1335/1587/1335 1338/1591/1339 1339/1592/1340
f 1335/1587/1335 1339/1592/1340 1343/1597/1341
f 1335/1588/1335 1341/1595/1342 1340/1594/1338
f 1342/1596/1343 1341/1595/1342 1335/1588/1335
f 1342/1596/1343 1335/1588/1335 1343/1598/1341
f 1342/1596/1343 1343/1598/1341 1345/1600/1344
f 1343/1597/1341 1339/1592/1340 1344/1599/1345
f 1343/1597/1341 1344/1599/1345 1346/1601/1346
f 1345/1600/1344 1343/1598/1341 1346/1602/1346
f 1345/1600/1344 1346/1602/1346 1347/1603/1347
f 1348/1604/1348 1345/1600/1344 1347/1603/1347
f 1348/1604/1348 1347/1603/1347 1349/1605/1349
f 1350/1606/1350 1348/1604/1348 1349/1605/1349
f 1351/1607/1351 1350/1606/1350 1349/1605/1349
f 1351/1607/1351 1349/1605/1349 1352/1608/1352
f 1354/1610/1353 1351/1607/1351 1352/1608/1352
f 1355/1611/1354 1352/1608/1352 1353/1609/1355
f 1355/1611/1354 1354/1610/1353 1352/1608/1352
f 1357/1613/1356 1356/1612/1357 1355/1611/1354
f 1356/1612/1357 1354/1610/1353 1355/1611/1354
f 1358/1614/1358 1355/1611/1354 1353/1609/1355
f 1357/1613/1356 1355/1611/1354 1358/1614/1358
f 1359/1615/1359 1358/1614/1358 1360/1616/1360
f 1359/1615/1359 1357/1613/1356 1358/1614/1358
f 1360/1616/1360 1358/1614/1358 1353/1609/1355
f 1362/1618/1361 1359/1615/1359 1360/1616/1360
f 1363/1619/1362 1360/1616/1360 1361/1617/1363
f 1360/1616/1360 1353/1609/1355 1361/1617/1363
f 1362/1618/1361 1360/1616/1360 1363/1619/1362
f 1364/1620/1364 1362/1618/1361 1363/1619/1362
f 1364/1620/1364 1363/1619/1362 1365/1621/1365
f 1365/1621/1365 1363/1619/1362 1361/1617/1363
f 1367/1623/1366 1364/1620/1364 1365/1621/1365
f 1368/1624/1367 1365/1621/1365 1366/1622/1368
f 1365/1621/1365 1361/1617/1363 1366/1622/1368
f 1367/1623/1366 1365/1621/1365 1368/1624/1367
f 1368/1624/1367 1366/1622/1368 1370/1626/1369
f 1369/1625/1370 1367/1623/1366 1368/1624/1367
f 1369/1625/1370 1368/1624/1367 1371/1627/1371
f 1371/1627/1371 1368/1624/1367 1370/1626/1369
f 1373/1629/1372 1371/1627/1371 1370/1626/1369
f 1372/1628/1373 1371/1627/1371 1373/1629/1372
f 1372/1628/1373 1369/1625/1370 1371/1627/1371
f 1375/1631/1374 1373/1629/1372 1374/1630/1375
f 1373/1629/1372 1370/1626/1369 1374/1630/1375
f 1376/1632/1376 1373/1629/1372 1375/1631/1374
f 1376/1632/1376 1372/1628/1373 1373/1629/1372
f 1376/1632/1376 1377/1633/1377 1372/1628/1373
f 1376/1632/1376 1378/1634/1378 1377/1633/1377
f 1376/1632/1376 1380/1636/1379 1378/1634/1378
f 1379/1635/1380 1376/1632/1376 1375/1631/1374
f 1379/1635/1380 1381/1637/1381 1376/1632/1376
f 1376/1632/1376 1381/1637/1381 1380/1636/1379
f 1379/1635/1380 1382/1638/1382 1381/1637/1381
f 1379/1635/1380 1383/1639/1383 1382/1638/1382
f 1379/1635/1380 1384/1640/1384 1383/1639/1383
f 1384/1640/1384 1385/1641/1385 1383/1639/1383
f 1384/1640/1384 1386/1642/1386 1385/1641/1385
f 1387/1643/1387 1386/1642/1386 1384/1640/1384
f 1387/1643/1387 1388/1644/1388 1386/1642/1386
f 1389/1645/1389 1388/1644/1388 1387/1643/1387
f 1389/1645/1389 1390/1646/1390 1388/1644/1388
f 1389/1645/1389 1391/1647/1391 1390/1646/1390
f 1389/1645/1389 1392/1648/1392 1391/1647/1391
f 1393/1649/1393 1394/1650/1394 1392/1648/1392
f 1393/1649/1393 1392/1648/1392 1389/1645/1389
f 1395/1651/1395 1394/1650/1394 1393/1649/1393
f 1395/1651/1395 1396/1652/1396 1394/1650/1394
f 1395/1651/1395 1397/1653/1397 1396/1652/1396
f 1395/1651/1395 1398/1654/1398 1397/1653/1397
f 1399/1655/1399 1398/1654/1398 1395/1651/1395
f 1399/1655/1399 1400/1656/1400 1398/1654/1398
f 1401/1657/1401 1400/1656/1400 1399/1655/1399
f 1401/1657/1401 1402/1658/1402 1400/1656/1400
f 1401/1657/1401 1403/1659/1403 1402/1658/1402
f 1401/1657/1401 1404/1660/1404 1403/1659/1403
f 1405/1661/1405 1404/1660/1404 1401/1657/1401
f 1405/1661/1405 1406/1662/1406 1404/1660/1404
f 1407/1663/1407 1406/1662/1406 1405/1661/1405
f 1407/1663/1407 1408/1664/1408 1406/1662/1406
f 1407/1663/1407 1409/1665/1409 1408/1664/1408
f 1407/1663/1407 1410/1666/1410 1409/1665/1409
f 1411/1667/1411 1412/1668/1412 1410/1666/1410
f 1411/1667/1411 1410/1666/1410 1407/1663/1407
f 1413/1669/1413 1412/1668/1412 1411/1667/1411
f 1413/1669/1413 1414/1670/1414 1412/1668/1412
f 1413/1669/1413 1415/1671/1415 1414/1670/1414
f 1413/1669/1413 1416/1672/1416 1415/1671/1415
f 1417/1673/1417 1418/1674/1418 1416/1672/1416
f 1417/1673/1417 1416/1672/1416 1413/1669/1413
f 1419/1675/1419 1420/1676/1420 1418/1674/1418
f 1419/1675/1419 1418/1674/1418 1417/1673/1417
f 1419/1675/1419 1421/1677/1421 1420/1676/1420
f 1419/1675/1419 1422/1678/1422 1421/1677/1421
f 1423/1679/1423 1422/1678/1422 1419/1675/1419
f 1423/1679/1423 1424/1680/1424 1422/1678/1422
f 1425/1681/1425 1424/1680/1424 1423/1679/1423
f 1425/1681/1425 1426/1682/1426 1424/1680/1424
f 1425/1681/1425 1427/1683/1427 1426/1682/1426
f 1425/1681/1425 1428/1684/1428 1427/1683/1427
f 1430/1686/1429 1428/1684/1428 1425/1681/1425
f 1430/1686/1429 1429/1685/1430 1428/1684/1428
f 1431/1687/1431 1430/1686/1429 1432/1688/1432
f 1431/1687/1431 1429/1685/1430 1430/1686/1429
f 1430/1686/1429 1433/1689/1433 1432/1688/1432
f 1430/1686/1429 1425/1681/1425 1433/1689/1433
f 1425/1681/1425 1434/1690/1434 1433/1689/1433
f 1433/1689/1433 1434/1690/1434 1435/1691/1435
f 1432/1688/1432 1433/1689/1433 1435/1691/1435
f 1434/1690/1434 1437/1693/1436 1435/1691/1435
f 1432/1688/1432 1435/1691/1435 1436/1692/1437
f 1434/1690/1434 1438/1694/1438 1437/1693/1436
f 1438/1694/1438 1439/1695/1439 1437/1693/1436
f 1441/1697/1440 1440/1696/1441 1439/1695/1439
f 1442/1698/1442 1441/1697/1440 1439/1695/1439
f 1438/1694/1438 1442/1698/1442 1439/1695/1439
f 1419/1675/1419 1442/1698/1442 1438/1694/1438
f 1419/1675/1419 1417/1673/1417 1442/1698/1442
f 1417/1673/1417 1441/1697/1440 1442/1698/1442
f 1413/1669/1413 1443/1699/1443 1441/1697/1440
f 1441/1697/1440 1443/1699/1443 1440/1696/1441
f 1417/1673/1417 1413/1669/1413 1441/1697/1440
f 1443/1699/1443 1445/1701/1444 1440/1696/1441
f 1411/1667/1411 1444/1700/1445 1443/1699/1443
f 1443/1699/1443 1444/1700/1445 1445/1701/1444
f 1413/1669/1413 1411/1667/1411 1443/1699/1443
f 1444/1700/1445 1446/1702/1446 1445/1701/1444
f 1444/1700/1445 1447/1703/1447 1446/1702/1446
f 1447/1703/1447 1448/1704/1448 1446/1702/1446
f 1450/1706/1449 1449/1705/1450 1448/1704/1448
f 1447/1703/1447 1450/1706/1449 1448/1704/1448
f 1450/1706/1449 1451/1707/1451 1449/1705/1450
f 1405/1661/1405 1450/1706/1449 1447/1703/1447
f 1405/1661/1405 1401/1657/1401 1450/1706/1449
f 1401/1657/1401 1451/1707/1451 1450/1706/1449
f 1451/1707/1451 1452/1708/1452 1449/1705/1450
f 1451/1707/1451 1453/1709/1453 1452/1708/1452
f 1401/1657/1401 1399/1655/1399 1451/1707/1451
f 1399/1655/1399 1453/1709/1453 1451/1707/1451
f 1399/1655/1399 1395/1651/1395 1453/1709/1453
f 1395/1651/1395 1454/1710/1454 1453/1709/1453
f 1453/1709/1453 1454/1710/1454 1455/1711/1455
f 1453/1709/1453 1455/1711/1455 1452/1708/1452
f 1454/1710/1454 1456/1712/1456 1455/1711/1455
f 1457/1713/1457 1456/1712/1456 1459/1715/1458
f 1457/1713/1457 1458/1714/1459 1456/1712/1456
f 1454/1710/1454 1459/1715/1458 1456/1712/1456
f 1389/1645/1389 1457/1713/1457 1459/1715/1458
f 1393/1649/1393 1459/1715/1458 1454/1710/1454
f 1393/1649/1393 1389/1645/1389 1459/1715/1458
f 1457/1713/1457 1460/1716/1460 1458/1714/1459
f 1457/1713/1457 1461/1717/1461 1460/1716/1460
f 1461/1717/1461 1463/1719/1462 1460/1716/1460
f 1463/1719/1462 1462/1718/1463 1460/1716/1460
f 1379/1635/1380 1375/1631/1374 1463/1719/1462
f 1463/1719/1462 1375/1631/1374 1462/1718/1463
f 1384/1640/1384 1379/1635/1380 1463/1719/1462
f 1384/1640/1384 1463/1719/1462 1461/1717/1461
f 1375/1631/1374 1374/1630/1375 1462/1718/1463
f 1387/1643/1387 1384/1640/1384 1461/1717/1461
f 1387/1643/1387 1461/1717/1461 1457/1713/1457
f 1389/1645/1389 1387/1643/1387 1457/1713/1457
f 1395/1651/1395 1393/1649/1393 1454/1710/1454
f 1407/1663/1407 1447/1703/1447 1444/1700/1445
f 1407/1663/1407 1405/1661/1405 1447/1703/1447
f 1411/1667/1411 1407/1663/1407 1444/1700/1445
f 1423/1679/1423 1419/1675/1419 1438/1694/1438
f 1423/1679/1423 1438/1694/1438 1434/1690/1434
f 1464/1720/1464 1436/1692/1437 1465/1721/1465
f 1464/1720/1464 1432/1688/1432 1436/1692/1437
f 1466/1722/1466 1464/1720/1464 1465/1721/1465
f 1466/1722/1466 1465/1721/1465 1467/1723/1467
f 1468/1724/1468 1466/1722/1466 1467/1723/1467
f 1469/1725/1469 1468/1724/1468 1467/1723/1467
f 1469/1725/1469 1467/1723/1467 1470/1726/1470
f 1471/1727/1471 1469/1725/1469 1470/1726/1470
f 1471/1727/1471 1470/1726/1470 1472/1728/1472
f 1474/1730/1473 1471/1727/1471 1472/1728/1472
f 1475/1731/1474 1472/1728/1472 1473/1729/1475
f 1475/1731/1474 1474/1730/1473 1472/1728/1472
f 1477/1733/1476 1474/1730/1473 1475/1731/1474
f 1476/1732/1477 1475/1731/1474 1473/1729/1475
f 1478/1734/1478 1475/1731/1474 1476/1732/1477
f 1478/1734/1478 1477/1733/1476 1475/1731/1474
f 1478/1734/1478 1479/1735/1479 1477/1733/1476
f 1478/1734/1478 1481/1737/1480 1479/1735/1479
f 1480/1736/1481 1478/1734/1478 1476/1732/1477
f 1480/1736/1481 1483/1739/1482 1478/1734/1478
f 1478/1734/1478 1482/1738/1483 1481/1737/1480
f 1478/1734/1478 1483/1739/1482 1482/1738/1483
f 1480/1736/1481 1484/1740/1484 1483/1739/1482
f 1485/1741/1485 1486/1742/1486 1484/1740/1484
f 1485/1741/1485 1484/1740/1484 1480/1736/1481
f 1485/1741/1485 1487/1743/1487 1486/1742/1486
f 1485/1741/1485 1488/1744/1488 1487/1743/1487
f 1489/1745/1489 1488/1744/1488 1485/1741/1485
f 1489/1745/1489 1490/1746/1490 1488/1744/1488
f 1491/1747/1491 1490/1746/1490 1489/1745/1489
f 1491/1747/1491 1492/1748/1492 1490/1746/1490
f 1491/1747/1491 1493/1749/1493 1492/1748/1492
f 1491/1747/1491 1494/1750/1494 1493/1749/1493
f 1495/1751/1495 1494/1750/1494 1491/1747/1491
f 1495/1751/1495 1496/1752/1496 1494/1750/1494
f 1497/1753/1497 1496/1752/1496 1495/1751/1495
f 1497/1753/1497 1498/1754/1498 1496/1752/1496
f 1497/1753/1497 1499/1755/1499 1498/1754/1498
f 1497/1753/1497 1500/1756/1500 1499/1755/1499
f 1501/1757/1501 1500/1756/1500 1497/1753/1497
f 1501/1757/1501 1502/1758/1502 1500/1756/1500
f 1503/1759/1503 1502/1758/1502 1501/1757/1501
f 1503/1759/1503 1504/1760/1504 1502/1758/1502
f 1503/1759/1503 1505/1761/1505 1504/1760/1504
f 1503/1759/1503 1506/1762/1506 1505/1761/1505
f 1507/1763/1507 1508/1764/1508 1506/1762/1506
f 1507/1763/1507 1506/1762/1506 1503/1759/1503
f 1509/1765/1509 1508/1764/1508 1507/1763/1507
f 1509/1765/1509 1510/1766/1510 1508/1764/1508
f 1509/1765/1509 1511/1767/1511 1510/1766/1510
f 1509/1765/1509 1512/1768/1512 1511/1767/1511
f 1513/1769/1513 1512/1768/1512 1509/1765/1509
f 1513/1769/1513 1514/1770/1514 1512/1768/1512
f 1515/1771/1515 1514/1770/1514 1513/1769/1513
f 1515/1771/1515 1516/1772/1516 1514/1770/1514
f 1515/1771/1515 1517/1773/1517 1516/1772/1516
f 1515/1771/1515 1518/1774/1518 1517/1773/1517
f 1519/1775/1519 1518/1774/1518 1515/1771/1515
f 1519/1775/1519 1520/1776/1520 1518/1774/1518
f 1521/1777/1521 1520/1776/1520 1519/1775/1519
f 1521/1777/1521 1522/1779/1522 1520/1776/1520
f 1521/1777/1521 1523/1780/1523 1522/1779/1522
f 1521/1778/1521 1524/1782/1524 1523/1781/1523
f 1525/1783/1525 1524/1782/1524 1521/1778/1521
f 1525/1783/1525 1526/1784/1526 1524/1782/1524
f 1527/1785/1527 1526/1784/1526 1525/1783/1525
f 1527/1785/1527 1528/1786/1528 1526/1784/1526
f 1527/1785/1527 1529/1787/1529 1528/1786/1528
f 1527/1785/1527 1530/1788/1530 1529/1787/1529
f 1531/1789/1531 1530/1788/1530 1527/1785/1527
f 1531/1789/1531 1532/1790/1532 1530/1788/1530
f 1533/1791/1533 1532/1790/1532 1531/1789/1531
f 1533/1791/1533 1534/1792/1534 1532/1790/1532
f 1533/1791/1533 1535/1793/1535 1534/1792/1534
f 1533/1791/1533 1536/1794/1536 1535/1793/1535
f 1537/1795/1537 1536/1794/1536 1533/1791/1533
f 1537/1795/1537 1538/1796/1538 1536/1794/1536
f 1539/1797/1539 1538/1796/1538 1537/1795/1537
f 1539/1797/1539 1540/1798/1540 1538/1796/1538
f 1539/1797/1539 1541/1799/1541 1540/1798/1540
f 1539/1797/1539 1542/1800/1542 1541/1799/1541
f 1544/1802/1543 1543/1801/1544 1542/1800/1542
f 1544/1802/1543 1542/1800/1542 1539/1797/1539
f 1547/1805/1545 1543/1801/1544 1544/1802/1543
f 1544/1802/1543 1546/1804/1546 1545/1803/1547
f 1547/1805/1545 1544/1802/1543 1545/1803/1547
f 1544/1802/1543 1539/1797/1539 1546/1804/1546
f 1548/1806/1548 1547/1805/1545 1552/1810/1549
f 1548/1806/1548 1549/1807/1550 1547/1805/1545
f 1547/1805/1545 1549/1807/1550 1550/1808/1551
f 1547/1805/1545 1550/1808/1551 1551/1809/1552
f 1547/1805/1545 1551/1809/1552 1543/1801/1544
f 1547/1805/1545 1545/1803/1547 1552/1810/1549
f 1552/1810/1549 1545/1803/1547 1553/1811/1553
f 1552/1810/1549 1553/1811/1553 1555/1813/1554
f 1548/1806/1548 1552/1810/1549 1554/1812/1555
f 1554/1812/1555 1552/1810/1549 1555/1813/1554
f 1554/1812/1555 1555/1813/1554 1556/1814/1556
f 1557/1815/1557 1554/1812/1555 1556/1814/1556
f 1557/1815/1557 1556/1814/1556 1558/1816/1558
f 1560/1818/1559 1558/1816/1558 1559/1817/1560
f 1560/1818/1559 1557/1815/1557 1558/1816/1558
f 1561/1819/1561 1557/1815/1557 1560/1818/1559
f 1562/1820/1562 1561/1819/1561 1560/1818/1559
f 1563/1821/1563 1560/1818/1559 1559/1817/1560
f 1562/1820/1562 1560/1818/1559 1563/1821/1563
f 1565/1823/1564 1563/1821/1563 1559/1817/1560
f 1564/1822/1565 1562/1820/1562 1563/1821/1563
f 1564/1822/1565 1563/1821/1563 1565/1823/1564
f 1568/1826/1566 1565/1823/1564 1566/1824/1567
f 1566/1824/1567 1565/1823/1564 1567/1825/1568
f 1565/1823/1564 1559/1817/1560 1567/1825/1568
f 1568/1826/1566 1564/1822/1565 1565/1823/1564
f 1569/1827/1569 1568/1826/1566 1566/1824/1567
f 1569/1827/1569 1570/1828/1570 1568/1826/1566
f 1568/1826/1566 1570/1828/1570 1571/1829/1571
f 1568/1826/1566 1573/1831/1572 1564/1822/1565
f 1568/1826/1566 1571/1829/1571 1572/1830/1573
f 1568/1826/1566 1572/1830/1573 1573/1831/1572
f 1564/1822/1565 1573/1831/1572 1574/1832/1574
f 1564/1822/1565 1574/1832/1574 1562/1820/1562
f 1562/1820/1562 1574/1832/1574 1575/1833/1575
f 1562/1820/1562 1575/1833/1575 1576/1834/1576
f 1562/1820/1562 1576/1834/1576 1577/1835/1577
f 1562/1820/1562 1577/1835/1577 1561/1819/1561
f 1561/1819/1561 1577/1835/1577 1578/1836/1578
f 1561/1819/1561 1578/1836/1578 1579/1837/1579
f 1579/1837/1579 1578/1836/1578 1580/1838/1580
f 1579/1837/1579 1580/1838/1580 1581/1839/1581
f 1579/1837/1579 1581/1839/1581 1582/1840/1582
f 1579/1837/1579 1582/1840/1582 1548/1806/1548
f 1548/1806/1548 1582/1840/1582 1549/1807/1550
f 1561/1819/1561 1579/1837/1579 1557/1815/1557
f 1579/1837/1579 1554/1812/1555 1557/1815/1557
f 1579/1837/1579 1548/1806/1548 1554/1812/1555
f 1569/1827/1569 1583/1841/1583 1570/1828/1570
f 1569/1827/1569 1584/1842/1584 1583/1841/1583
f 1569/1827/1569 1585/1843/1585 1584/1842/1584
f 1586/1844/1586 1585/1843/1585 1569/1827/1569
f 1586/1844/1586 1587/1845/1587 1585/1843/1585
f 1588/1846/1588 1587/1845/1587 1586/1844/1586
f 1588/1846/1588 1589/1847/1589 1587/1845/1587
f 1588/1846/1588 1590/1848/1590 1589/1847/1589
f 1588/1846/1588 1591/1849/1591 1590/1848/1590
f 1593/1851/1592 1592/1850/1593 1591/1849/1591
f 1593/1851/1592 1591/1849/1591 1588/1846/1588
f 1594/1852/1594 1593/1851/1592 1595/1853/1595
f 1594/1852/1594 1592/1850/1593 1593/1851/1592
f 1593/1851/1592 1588/1846/1588 1596/1854/1596
f 1593/1851/1592 1596/1854/1596 1595/1853/1595
f 1588/1846/1588 1598/1856/1597 1596/1854/1596
f 1595/1853/1595 1596/1854/1596 1599/1857/1598
f 1596/1854/1596 1598/1856/1597 1597/1855/1599
f 1596/1854/1596 1597/1855/1599 1599/1857/1598
f 1600/1858/1600 1595/1853/1595 1599/1857/1598
f 1600/1858/1600 1599/1857/1598 1601/1859/1601
f 1602/1860/1602 1600/1858/1600 1601/1859/1601
f 1602/1860/1602 1601/1859/1601 1603/1861/1603
f 1605/1863/1604 1603/1861/1603 1604/1862/1605
f 1605/1863/1604 1606/1864/1606 1603/1861/1603
f 1606/1864/1606 1602/1860/1602 1603/1861/1603
f 1608/1866/1607 1602/1860/1602 1606/1864/1606
f 1607/1865/1608 1606/1864/1606 1605/1863/1604
f 1607/1865/1608 1608/1866/1607 1606/1864/1606
f 1607/1865/1608 1609/1867/1609 1608/1866/1607
f 1608/1866/1607 1609/1867/1609 1610/1868/1610
f 1608/1866/1607 1610/1868/1610 1611/1869/1611
f 1608/1866/1607 1611/1869/1611 1612/1870/1612
f 1608/1866/1607 1612/1870/1612 1613/1871/1613
f 1608/1866/1607 1613/1871/1613 1602/1860/1602
f 1613/1871/1613 1612/1870/1612 1614/1872/1614
f 1602/1860/1602 1613/1871/1613 1594/1852/1594
f 1613/1871/1613 1614/1872/1614 1594/1852/1594
f 1594/1852/1594 1614/1872/1614 1615/1873/1615
f 1594/1852/1594 1615/1873/1615 1616/1874/1616
f 1594/1852/1594 1616/1874/1616 1592/1850/1593
f 1607/1865/1608 1617/1875/1617 1609/1867/1609
f 1618/1876/1618 1617/1875/1617 1607/1865/1608
f 1618/1876/1618 1619/1877/1619 1617/1875/1617
f 1618/1876/1618 1620/1878/1620 1619/1877/1619
f 1618/1876/1618 1621/1879/1621 1620/1878/1620
f 1623/1881/1622 1622/1880/1623 1621/1879/1621
f 1623/1881/1622 1621/1879/1621 1618/1876/1618
f 1626/1884/1624 1622/1880/1623 1623/1881/1622
f 1623/1881/1622 1618/1876/1618 1624/1882/1625
f 1623/1881/1622 1624/1882/1625 1625/1883/1626
f 1626/1884/1624 1623/1881/1622 1625/1883/1626
f 1627/1885/1627 1626/1884/1624 1625/1883/1626
f 1627/1885/1627 1628/1886/1628 1626/1884/1624
f 1626/1884/1624 1628/1886/1628 1629/1887/1629
f 1626/1884/1624 1629/1887/1629 1630/1888/1630
f 1626/1884/1624 1630/1888/1630 1622/1880/1623
f 1627/1885/1627 1631/1889/1631 1628/1886/1628
f 1632/1890/1632 1631/1889/1631 1627/1885/1627
f 1632/1890/1632 1633/1891/1633 1631/1889/1631
f 1632/1890/1632 1634/1892/1634 1633/1891/1633
f 1632/1890/1632 1635/1893/1635 1634/1892/1634
f 1636/1894/1636 1635/1893/1635 1632/1890/1632
f 1636/1894/1636 1637/1895/1637 1635/1893/1635
f 1638/1896/1638 1637/1895/1637 1636/1894/1636
f 1638/1896/1638 1639/1897/1639 1637/1895/1637
f 1638/1896/1638 1640/1898/1640 1639/1897/1639
f 1638/1896/1638 1641/1899/1641 1640/1898/1640
f 1643/1901/1642 1642/1900/1643 1641/1899/1641
f 1643/1901/1642 1641/1899/1641 1638/1896/1638
f 1646/1904/1644 1642/1900/1643 1643/1901/1642
f 1643/1901/1642 1638/1896/1638 1644/1902/1645
f 1643/1901/1642 1644/1902/1645 1645/1903/1646
f 1646/1904/1644 1643/1901/1642 1645/1903/1646
f 1647/1905/1647 1646/1904/1644 1645/1903/1646
f 1647/1905/1647 1648/1906/1648 1646/1904/1644
f 1646/1904/1644 1648/1906/1648 1649/1907/1649
f 1646/1904/1644 1649/1907/1649 1650/1908/1650
f 1646/1904/1644 1650/1908/1650 1642/1900/1643
f 1647/1905/1647 1651/1909/1651 1648/1906/1648
f 1652/1910/1652 1651/1909/1651 1647/1905/1647
f 1652/1910/1652 1653/1911/1653 1651/1909/1651
f 1652/1910/1652 1654/1912/1654 1653/1911/1653
f 1652/1910/1652 1655/1913/1655 1654/1912/1654
f 1657/1915/1656 1656/1914/1657 1655/1913/1655
f 1657/1915/1656 1655/1913/1655 1652/1910/1652
f 1660/1918/1658 1656/1914/1657 1657/1915/1656
f 1657/1915/1656 1652/1910/1652 1659/1917/1659
f 1657/1915/1656 1659/1917/1659 1658/1916/1660
f 1660/1918/1658 1657/1915/1656 1658/1916/1660
f 1661/1919/1661 1660/1918/1658 1665/1923/1662
f 1661/1919/1661 1662/1920/1663 1660/1918/1658
f 1660/1918/1658 1662/1920/1663 1663/1921/1664
f 1660/1918/1658 1663/1921/1664 1664/1922/1665
f 1660/1918/1658 1664/1922/1665 1656/1914/1657
f 1660/1918/1658 1658/1916/1660 1665/1923/1662
f 1661/1919/1661 1665/1923/1662 1666/1924/1666
f 1666/1924/1666 1665/1923/1662 1668/1926/1667
f 1665/1923/1662 1658/1916/1660 1667/1925/1668
f 1665/1923/1662 1667/1925/1668 1668/1926/1667
f 1669/1927/1669 1666/1924/1666 1668/1926/1667
f 1669/1927/1669 1668/1926/1667 1670/1928/1670
f 1672/1930/1671 1670/1928/1670 1671/1929/1672
f 1672/1930/1671 1669/1927/1669 1670/1928/1670
f 1675/1933/1673 1672/1930/1671 1673/1931/1674
f 1673/1931/1674 1672/1930/1671 1671/1929/1672
f 1674/1932/1675 1669/1927/1669 1672/1930/1671
f 1675/1933/1673 1674/1932/1675 1672/1930/1671
f 1676/1934/1676 1675/1933/1673 1673/1931/1674
f 1676/1934/1676 1677/1935/1677 1675/1933/1673
f 1675/1933/1673 1677/1935/1677 1678/1936/1678
f 1675/1933/1673 1680/1938/1679 1674/1932/1675
f 1675/1933/1673 1678/1936/1678 1679/1937/1680
f 1675/1933/1673 1679/1937/1680 1680/1938/1679
f 1674/1932/1675 1680/1938/1679 1681/1939/1681
f 1674/1932/1675 1681/1939/1681 1682/1940/1682
f 1682/1940/1682 1681/1939/1681 1683/1941/1683
f 1682/1940/1682 1683/1941/1683 1684/1942/1684
f 1682/1940/1682 1684/1942/1684 1685/1943/1685
f 1661/1919/1661 1685/1943/1685 1662/1920/1663
f 1682/1940/1682 1685/1943/1685 1661/1919/1661
f 1674/1932/1675 1682/1940/1682 1669/1927/1669
f 1682/1940/1682 1666/1924/1666 1669/1927/1669
f 1682/1940/1682 1661/1919/1661 1666/1924/1666
f 1676/1934/1676 1686/1944/1686 1677/1935/1677
f 1687/1945/1687 1686/1944/1686 1676/1934/1676
f 1687/1945/1687 1688/1946/1688 1686/1944/1686
f 1687/1945/1687 1689/1947/1689 1688/1946/1688
f 1687/1945/1687 1690/1948/1690 1689/1947/1689
f 1691/1949/1691 1690/1948/1690 1687/1945/1687
f 1691/1949/1691 1692/1950/1692 1690/1948/1690
f 1693/1951/1693 1692/1950/1692 1691/1949/1691
f 1693/1951/1693 1694/1952/1694 1692/1950/1692
f 1693/1951/1693 1695/1953/1695 1694/1952/1694
f 1693/1951/1693 1696/1954/1696 1695/1953/1695
f 1697/1955/1697 1696/1954/1696 1693/1951/1693
f 1697/1955/1697 1698/1956/1698 1696/1954/1696
f 1700/1958/1699 1699/1957/1700 1698/1956/1698
f 1700/1958/1699 1698/1956/1698 1697/1955/1697
f 1338/1591/1339 1700/1958/1699 1703/1961/1701
f 1338/1591/1339 1701/1959/1702 1700/1958/1699
f 1700/1958/1699 1701/1959/1702 1702/1960/1703
f 1700/1958/1699 1697/1955/1697 1704/1962/1704
f 1700/1958/1699 1702/1960/1703 1699/1957/1700
f 1700/1958/1699 1704/1962/1704 1703/1961/1701
f 1703/1961/1701 1704/1962/1704 1705/1963/1705
f 1704/1962/1704 1707/1965/1706 1705/1963/1705
f 1697/1955/1697 1706/1964/1707 1704/1962/1704
f 1704/1962/1704 1706/1964/1707 1707/1965/1706
f 1706/1964/1707 1708/1966/1708 1707/1965/1706
f 1708/1966/1708 1709/1967/1709 1707/1965/1706
f 1708/1966/1708 1710/1968/1710 1709/1967/1709
f 1710/1968/1710 1711/1969/1711 1709/1967/1709
f 1710/1968/1710 1712/1970/1712 1711/1969/1711
f 1673/1931/1674 1671/1929/1672 1711/1969/1711
f 1712/1970/1712 1673/1931/1674 1711/1969/1711
f 1676/1934/1676 1673/1931/1674 1712/1970/1712
f 1687/1945/1687 1712/1970/1712 1710/1968/1710
f 1687/1945/1687 1676/1934/1676 1712/1970/1712
f 1691/1949/1691 1710/1968/1710 1708/1966/1708
f 1691/1949/1691 1687/1945/1687 1710/1968/1710
f 1693/1951/1693 1691/1949/1691 1708/1966/1708
f 1693/1951/1693 1708/1966/1708 1706/1964/1707
f 1697/1955/1697 1693/1951/1693 1706/1964/1707
f 1703/1961/1701 1705/1963/1705 1344/1599/1345
f 1339/1592/1340 1703/1961/1701 1344/1599/1345
f 1338/1591/1339 1703/1961/1701 1339/1592/1340
f 1338/1591/1339 1337/1590/1337 1701/1959/1702
f 1658/1916/1660 1659/1917/1659 1667/1925/1668
f 1659/1917/1659 1713/1971/1713 1667/1925/1668
f 1659/1917/1659 1714/1972/1714 1713/1971/1713
f 1714/1972/1714 1715/1973/1715 1713/1971/1713
f 1645/1903/1646 1716/1974/1716 1715/1973/1715
f 1714/1972/1714 1645/1903/1646 1715/1973/1715
f 1645/1903/1646 1644/1902/1645 1716/1974/1716
f 1644/1902/1645 1717/1975/1717 1716/1974/1716
f 1718/1976/1718 1719/1977/1719 1717/1975/1717
f 1644/1902/1645 1718/1976/1718 1717/1975/1717
f 1718/1976/1718 1720/1978/1720 1719/1977/1719
f 1720/1978/1720 1721/1979/1721 1719/1977/1719
f 1720/1978/1720 1625/1883/1626 1721/1979/1721
f 1625/1883/1626 1722/1980/1722 1721/1979/1721
f 1625/1883/1626 1624/1882/1625 1722/1980/1722
f 1624/1882/1625 1604/1862/1605 1722/1980/1722
f 1627/1885/1627 1625/1883/1626 1720/1978/1720
f 1632/1890/1632 1627/1885/1627 1720/1978/1720
f 1632/1890/1632 1720/1978/1720 1718/1976/1718
f 1636/1894/1636 1632/1890/1632 1718/1976/1718
f 1638/1896/1638 1636/1894/1636 1718/1976/1718
f 1638/1896/1638 1718/1976/1718 1644/1902/1645
f 1652/1910/1652 1647/1905/1647 1714/1972/1714
f 1652/1910/1652 1714/1972/1714 1659/1917/1659
f 1647/1905/1647 1645/1903/1646 1714/1972/1714
f 1624/1882/1625 1605/1863/1604 1604/1862/1605
f 1618/1876/1618 1605/1863/1604 1624/1882/1625
f 1618/1876/1618 1607/1865/1608 1605/1863/1604
f 1602/1860/1602 1594/1852/1594 1600/1858/1600
f 1594/1852/1594 1595/1853/1595 1600/1858/1600
f 1588/1846/1588 1586/1844/1586 1598/1856/1597
f 1598/1856/1597 1723/1981/1723 1597/1855/1599
f 1598/1856/1597 1724/1982/1724 1723/1981/1723
f 1586/1844/1586 1724/1982/1724 1598/1856/1597
f 1724/1982/1724 1725/1983/1725 1723/1981/1723
f 1586/1844/1586 1569/1827/1569 1724/1982/1724
f 1724/1982/1724 1566/1824/1567 1725/1983/1725
f 1569/1827/1569 1566/1824/1567 1724/1982/1724
f 1566/1824/1567 1567/1825/1568 1725/1983/1725
f 1545/1803/1547 1726/1984/1726 1553/1811/1553
f 1545/1803/1547 1546/1804/1546 1726/1984/1726
f 1546/1804/1546 1727/1985/1727 1726/1984/1726
f 1546/1804/1546 1728/1986/1728 1727/1985/1727
f 1728/1986/1728 1729/1987/1729 1727/1985/1727
f 1728/1986/1728 1730/1988/1730 1729/1987/1729
f 1730/1988/1730 1731/1989/1731 1729/1987/1729
f 1730/1988/1730 1732/1990/1732 1731/1989/1731
f 1732/1990/1732 1733/1991/1733 1731/1989/1731
f 1733/1991/1733 1734/1992/1734 1731/1989/1731
f 1735/1993/1735 1736/1994/1736 1734/1992/1734
f 1733/1991/1733 1735/1993/1735 1734/1992/1734
f 1735/1993/1735 1737/1997/1737 1736/1994/1736
f 1737/1996/1737 1738/1998/1738 1736/1995/1736
f 1740/2000/1739 1739/1999/1740 1738/1998/1738
f 1737/1996/1737 1740/2000/1739 1738/1998/1738
f 1519/1775/1519 1741/2001/1741 1740/2000/1739
f 1740/2000/1739 1741/2001/1741 1739/1999/1740
f 1521/1777/1521 1519/1775/1519 1740/2000/1739
f 1521/1777/1521 1740/2000/1739 1737/1996/1737
f 1741/2001/1741 1743/2003/1742 1739/1999/1740
f 1519/1775/1519 1515/1771/1515 1741/2001/1741
f 1515/1771/1515 1742/2002/1743 1741/2001/1741
f 1741/2001/1741 1742/2002/1743 1743/2003/1742
f 1742/2002/1743 1744/2004/1744 1743/2003/1742
f 1746/2006/1745 1745/2005/1746 1744/2004/1744
f 1742/2002/1743 1746/2006/1745 1744/2004/1744
f 1513/1769/1513 1509/1765/1509 1746/2006/1745
f 1509/1765/1509 1747/2007/1747 1746/2006/1745
f 1746/2006/1745 1747/2007/1747 1745/2005/1746
f 1513/1769/1513 1746/2006/1745 1742/2002/1743
f 1509/1765/1509 1507/1763/1507 1747/2007/1747
f 1747/2007/1747 1749/2009/1748 1745/2005/1746
f 1507/1763/1507 1748/2008/1749 1747/2007/1747
f 1747/2007/1747 1748/2008/1749 1749/2009/1748
f 1748/2008/1749 1750/2010/1750 1749/2009/1748
f 1748/2008/1749 1751/2011/1751 1750/2010/1750
f 1751/2011/1751 1752/2012/1752 1750/2010/1750
f 1754/2014/1753 1753/2013/1754 1752/2012/1752
f 1751/2011/1751 1754/2014/1753 1752/2012/1752
f 1497/1753/1497 1755/2015/1755 1754/2014/1753
f 1754/2014/1753 1755/2015/1755 1753/2013/1754
f 1501/1757/1501 1754/2014/1753 1751/2011/1751
f 1501/1757/1501 1497/1753/1497 1754/2014/1753
f 1755/2015/1755 1756/2016/1756 1753/2013/1754
f 1755/2015/1755 1757/2017/1757 1756/2016/1756
f 1497/1753/1497 1495/1751/1495 1755/2015/1755
f 1495/1751/1495 1757/2017/1757 1755/2015/1755
f 1757/2017/1757 1758/2018/1758 1756/2016/1756
f 1495/1751/1495 1491/1747/1491 1757/2017/1757
f 1491/1747/1491 1758/2018/1758 1757/2017/1757
f 1758/2018/1758 1759/2019/1759 1756/2016/1756
f 1758/2018/1758 1760/2020/1760 1759/2019/1759
f 1491/1747/1491 1489/1745/1489 1758/2018/1758
f 1489/1745/1489 1760/2020/1760 1758/2018/1758
f 1489/1745/1489 1485/1741/1485 1760/2020/1760
f 1485/1741/1485 1761/2021/1761 1760/2020/1760
f 1760/2020/1760 1761/2021/1761 1762/2022/1762
f 1760/2020/1760 1762/2022/1762 1759/2019/1759
f 1761/2021/1761 1763/2023/1763 1762/2022/1762
f 1476/1732/1477 1473/1729/1475 1763/2023/1763
f 1761/2021/1761 1476/1732/1477 1763/2023/1763
f 1485/1741/1485 1480/1736/1481 1761/2021/1761
f 1480/1736/1481 1476/1732/1477 1761/2021/1761
f 1503/1759/1503 1751/2011/1751 1748/2008/1749
f 1503/1759/1503 1501/1757/1501 1751/2011/1751
f 1507/1763/1507 1503/1759/1503 1748/2008/1749
f 1515/1771/1515 1513/1769/1513 1742/2002/1743
f 1525/1783/1525 1737/1997/1737 1735/1993/1735
f 1525/1783/1525 1521/1778/1521 1737/1997/1737
f 1527/1785/1527 1525/1783/1525 1735/1993/1735
f 1527/1785/1527 1735/1993/1735 1733/1991/1733
f 1531/1789/1531 1527/1785/1527 1733/1991/1733
f 1531/1789/1531 1733/1991/1733 1732/1990/1732
f 1533/1791/1533 1531/1789/1531 1732/1990/1732
f 1533/1791/1533 1732/1990/1732 1730/1988/1730
f 1537/1795/1537 1533/1791/1533 1730/1988/1730
f 1537/1795/1537 1730/1988/1730 1728/1986/1728
f 1539/1797/1539 1537/1795/1537 1728/1986/1728
f 1539/1797/1539 1728/1986/1728 1546/1804/1546
f 1477/1733/1476 1479/1735/1479 1764/2024/1764
f 1766/2026/1765 1764/2024/1764 1765/2025/1766
f 1477/1733/1476 1764/2024/1764 1766/2026/1765
f 1766/2026/1765 1767/2027/1767 1471/1727/1471
f 1766/2026/1765 1768/2028/1768 1767/2027/1767
f 1766/2026/1765 1769/2029/1769 1768/2028/1768
f 1766/2026/1765 1765/2025/1766 1769/2029/1769
f 1766/2026/1765 1471/1727/1471 1474/1730/1473
f 1477/1733/1476 1766/2026/1765 1474/1730/1473
f 1767/2027/1767 1768/2028/1768 1770/2030/1770
f 1767/2027/1767 1770/2030/1770 1771/2031/1771
f 1771/2031/1771 1770/2030/1770 1772/2032/1772
f 1771/2031/1771 1772/2032/1772 1773/2033/1773
f 1771/2031/1771 1773/2033/1773 1774/2034/1774
f 1776/2036/1775 1774/2034/1774 1775/2035/1776
f 1771/2031/1771 1774/2034/1774 1776/2036/1775
f 1776/2036/1775 1775/2035/1776 1777/2037/1777
f 1771/2031/1771 1776/2036/1775 1468/1724/1468
f 1776/2036/1775 1777/2037/1777 1468/1724/1468
f 1777/2037/1777 1778/2038/1778 1466/1722/1466
f 1777/2037/1777 1779/2039/1779 1778/2038/1778
f 1777/2037/1777 1780/2040/1780 1779/2039/1779
f 1777/2037/1777 1781/2041/1781 1780/2040/1780
f 1777/2037/1777 1775/2035/1776 1781/2041/1781
f 1777/2037/1777 1466/1722/1466 1468/1724/1468
f 1778/2038/1778 1779/2039/1779 1782/2042/1782
f 1778/2038/1778 1782/2042/1782 1431/1687/1431
f 1431/1687/1431 1782/2042/1782 1783/2043/1783
f 1431/1687/1431 1783/2043/1783 1784/2044/1784
f 1431/1687/1431 1784/2044/1784 1429/1685/1430
f 1778/2038/1778 1464/1720/1464 1466/1722/1466
f 1778/2038/1778 1431/1687/1431 1464/1720/1464
f 1771/2031/1771 1468/1724/1468 1469/1725/1469
f 1767/2027/1767 1771/2031/1771 1469/1725/1469
f 1767/2027/1767 1469/1725/1469 1471/1727/1471
f 1431/1687/1431 1432/1688/1432 1464/1720/1464
f 1425/1681/1425 1423/1679/1423 1434/1690/1434
f 1372/1628/1373 1377/1633/1377 1785/2045/1785
f 1372/1628/1373 1785/2045/1785 1369/1625/1370
f 1369/1625/1370 1785/2045/1785 1786/2046/1786
f 1369/1625/1370 1786/2046/1786 1787/2047/1787
f 1369/1625/1370 1787/2047/1787 1788/2048/1788
f 1369/1625/1370 1788/2048/1788 1367/1623/1366
f 1367/1623/1366 1788/2048/1788 1789/2049/1789
f 1367/1623/1366 1789/2049/1789 1364/1620/1364
f 1364/1620/1364 1789/2049/1789 1790/2050/1790
f 1364/1620/1364 1790/2050/1790 1791/2051/1791
f 1364/1620/1364 1791/2051/1791 1792/2052/1792
f 1364/1620/1364 1792/2052/1792 1362/1618/1361
f 1362/1618/1361 1792/2052/1792 1793/2053/1793
f 1362/1618/1361 1793/2053/1793 1359/1615/1359
f 1359/1615/1359 1793/2053/1793 1794/2054/1794
f 1359/1615/1359 1794/2054/1794 1795/2055/1795
f 1359/1615/1359 1795/2055/1795 1796/2056/1796
f 1359/1615/1359 1796/2056/1796 1357/1613/1356
f 1357/1613/1356 1796/2056/1796 1797/2057/1797
f 1357/1613/1356 1797/2057/1797 1356/1612/1357
f 1356/1612/1357 1797/2057/1797 1798/2058/1798
f 1356/1612/1357 1798/2058/1798 1799/2059/1799
f 1356/1612/1357 1799/2059/1799 1800/2060/1800
f 1801/2061/1801 1802/2062/1802 1800/2060/1800
f 1356/1612/1357 1800/2060/1800 1802/2062/1802
f 1801/2061/1801 1803/2063/1803 1802/2062/1802
f 1802/2062/1802 1351/1607/1351 1354/1610/1353
f 1802/2062/1802 1803/2063/1803 1351/1607/1351
f 1356/1612/1357 1802/2062/1802 1354/1610/1353
f 1804/2064/1804 1803/2063/1803 1806/2066/1805
f 1804/2064/1804 1805/2065/1806 1803/2063/1803
f 1803/2063/1803 1805/2065/1806 1350/1606/1350
f 1806/2066/1805 1803/2063/1803 1807/2067/1807
f 1807/2067/1807 1803/2063/1803 1801/2061/1801
f 1803/2063/1803 1350/1606/1350 1351/1607/1351
f 1804/2064/1804 1808/2068/1808 1805/2065/1806
f 1805/2065/1806 1348/1604/1348 1350/1606/1350
f 1805/2065/1806 1808/2068/1808 1348/1604/1348
f 1808/2068/1808 1342/1596/1343 1345/1600/1344
f 1809/2069/1809 1342/1596/1343 1808/2068/1808
f 1810/2070/1810 1809/2069/1809 1808/2068/1808
f 1808/2068/1808 1811/2071/1811 1810/2070/1810
f 1804/2064/1804 1811/2071/1811 1808/2068/1808
f 1808/2068/1808 1345/1600/1344 1348/1604/1348
f 1809/2069/1809 1812/2072/1812 1342/1596/1343
f 1342/1596/1343 1812/2072/1812 1341/1595/1342
f 1813/2073/1813 1814/2074/1814 1818/2081/1815
f 1813/2073/1813 1815/2077/1816 1814/2074/1814
f 1813/2073/1813 1816/2078/1817 1815/2077/1816
f 1816/2078/1817 1813/2073/1813 1817/2079/1818
f 1819/2082/1819 1817/2079/1818 1813/2073/1813
f 1813/2073/1813 1818/2081/1815 1819/2082/1819
f 1820/2083/1820 1819/2082/1819 1818/2081/1815
f 1820/2083/1820 1821/2084/1821 1819/2082/1819
f 1819/2082/1819 1821/2084/1821 1817/2079/1818
f 1821/2084/1821 1823/2086/1822 1822/2085/1823
f 1821/2084/1821 1822/2085/1823 1817/2079/1818
f 1820/2083/1820 1824/2087/1824 1821/2084/1821
f 1823/2086/1822 1821/2084/1821 1824/2087/1824
f 1823/2086/1822 1824/2087/1824 1826/2089/1825
f 1826/2089/1825 1824/2087/1824 1825/2088/1826
f 1828/2091/1827 1825/2088/1826 1824/2087/1824
f 1828/2091/1827 1824/2087/1824 1827/2090/1828
f 1820/2083/1820 1827/2090/1828 1824/2087/1824
f 1828/2091/1827 1829/2092/1829 1831/2094/1830
f 1827/2090/1828 1829/2092/1829 1828/2091/1827
f 1830/2093/1831 1825/2088/1826 1828/2091/1827
f 1828/2091/1827 1831/2094/1830 1830/2093/1831
f 1829/2092/1829 1832/2095/1832 1831/2094/1830
f 1831/2094/1830 1832/2095/1832 1833/2096/1833
f 1831/2094/1830 1833/2096/1833 1834/2097/1834
f 1830/2093/1831 1831/2094/1830 1834/2097/1834
f 1836/2100/1835 1834/2097/1834 1835/2098/1836
f 1835/2098/1836 1834/2097/1834 1833/2096/1833
f 1836/2100/1835 1837/2102/1837 1834/2097/1834
f 1830/2093/1831 1834/2097/1834 1837/2102/1837
f 1837/2102/1837 1836/2100/1835 1838/2103/1838
f 1839/2105/1839 1830/2093/1831 1837/2102/1837
f 1837/2102/1837 1838/2103/1838 1840/2106/1840
f 1839/2105/1839 1837/2102/1837 1840/2106/1840
f 1842/2109/1841 1839/2105/1839 1840/2106/1840
f 1841/2107/1842 1843/2110/1843 1840/2106/1840
f 1841/2107/1842 1840/2106/1840 1838/2103/1838
f 1842/2109/1841 1840/2106/1840 1843/2110/1843
f 1841/2107/1842 1845/2112/1844 1843/2110/1843
f 1844/2111/1845 1842/2109/1841 1843/2110/1843
f 1844/2111/1845 1843/2110/1843 1845/2112/1844
f 1846/2113/1846 1844/2111/1845 1845/2112/1844
f 1846/2113/1846 1845/2112/1844 1847/2114/1847
f 1841/2107/1842 1847/2114/1847 1845/2112/1844
f 1849/2117/1848 1846/2113/1846 1847/2114/1847
f 1848/2116/1849 1847/2114/1847 1841/2107/1842
f 1849/2117/1848 1847/2114/1847 1848/2116/1849
f 1850/2118/1850 1846/2113/1846 1849/2117/1848
f 1851/2119/1851 1849/2117/1848 1848/2116/1849
f 1852/2120/1852 1850/2118/1850 1849/2117/1848
f 1852/2120/1852 1849/2117/1848 1851/2119/1851
f 1852/2120/1852 1851/2119/1851 1853/2121/1853
f 1852/2120/1852 1853/2121/1853 1854/2122/1854
f 1854/2122/1854 1855/2123/1855 1852/2120/1852
f 1855/2123/1855 1850/2118/1850 1852/2120/1852
f 1856/2124/1856 1855/2123/1855 1858/2126/1857
f 1856/2124/1856 1857/2125/1858 1855/2123/1855
f 1855/2123/1855 1857/2125/1858 1850/2118/1850
f 1859/2127/1859 1858/2126/1857 1855/2123/1855
f 1854/2122/1854 1859/2127/1859 1855/2123/1855
f 1859/2127/1859 1861/2129/1860 1860/2128/1861
f 1859/2127/1859 1860/2128/1861 1858/2126/1857
f 1859/2127/1859 1862/2130/1862 1861/2129/1860
f 1854/2122/1854 1862/2130/1862 1859/2127/1859
f 1862/2130/1862 1864/2132/1863 1861/2129/1860
f 1863/2131/1864 1865/2133/1865 1862/2130/1862
f 1854/2122/1854 1863/2131/1864 1862/2130/1862
f 1862/2130/1862 1865/2133/1865 1864/2132/1863
f 1863/2131/1864 1868/2136/1866 1865/2133/1865
f 1865/2133/1865 1866/2134/1867 1864/2132/1863
f 1865/2133/1865 1867/2135/1868 1866/2134/1867
f 1868/2136/1866 1867/2135/1868 1865/2133/1865
f 1868/2136/1866 1869/2137/1869 1867/2135/1868
f 1872/2140/1870 1868/2136/1866 1863/2131/1864
f 1871/2139/1871 1869/2137/1869 1868/2136/1866
f 1871/2139/1871 1868/2136/1866 1870/2138/1872
f 1872/2140/1870 1870/2138/1872 1868/2136/1866
f 1873/2142/1873 1874/2143/1874 1872/2140/1870
f 1873/2142/1873 1872/2140/1870 1853/2121/1853
f 1853/2121/1853 1872/2140/1870 1863/2131/1864
f 1874/2143/1874 1870/2138/1872 1872/2140/1870
f 1874/2143/1874 1875/2146/1875 1870/2138/1872
f 1875/2145/1875 1874/2144/1874 1876/2147/1876
f 1877/2148/1877 1876/2147/1876 1874/2144/1874
f 1877/2148/1877 1874/2144/1874 1873/2141/1873
f 1873/2141/1873 1878/2149/1878 1877/2148/1877
f 1876/2147/1876 1877/2148/1877 1880/2151/1879
f 1877/2148/1877 1878/2149/1878 1879/2150/1880
f 1877/2148/1877 1879/2150/1880 1880/2151/1879
f 1883/2154/1881 1881/2152/1882 1880/2151/1879
f 1880/2151/1879 1881/2152/1882 1882/2153/1883
f 1880/2151/1879 1882/2153/1883 1884/2155/1884
f 1883/2154/1881 1880/2151/1879 1885/2156/1885
f 1876/2147/1876 1880/2151/1879 1884/2155/1884
f 1879/2150/1880 1885/2156/1885 1880/2151/1879
f 1879/2150/1880 1887/2159/1886 1885/2156/1885
f 1886/2158/1887 1885/2156/1885 1888/2160/1888
f 1886/2158/1887 1883/2154/1881 1885/2156/1885
f 1887/2159/1886 1888/2160/1888 1885/2156/1885
f 1887/2159/1886 1889/2163/1889 1888/2160/1888
f 1889/2162/1889 1890/2164/1890 1888/2161/1888
f 1888/2161/1888 1890/2164/1890 1891/2165/1891
f 1888/2161/1888 1891/2165/1891 1886/2157/1887
f 1891/2165/1891 1892/2166/1892 1886/2157/1887
f 1891/2165/1891 1893/2168/1893 1892/2166/1892
f 1894/2169/1894 1893/2168/1893 1891/2165/1891
f 1890/2164/1890 1894/2169/1894 1891/2165/1891
f 1894/2169/1894 1896/2171/1895 1893/2168/1893
f 1895/2170/1896 1897/2172/1897 1894/2169/1894
f 1890/2164/1890 1895/2170/1896 1894/2169/1894
f 1897/2172/1897 1896/2171/1895 1894/2169/1894
f 1897/2172/1897 1901/2176/1898 1896/2171/1895
f 1899/2174/1899 1897/2172/1897 1898/2173/1900
f 1895/2170/1896 1898/2173/1900 1897/2172/1897
f 1900/2175/1901 1897/2172/1897 1899/2174/1899
f 1900/2175/1901 1901/2176/1898 1897/2172/1897
f 1901/2176/1898 1903/2178/1902 1896/2171/1895
f 1902/2177/1903 1901/2176/1898 1900/2175/1901
f 1902/2177/1903 1904/2179/1904 1901/2176/1898
f 1901/2176/1898 1904/2179/1904 1903/2178/1902
f 1904/2179/1904 1902/2177/1903 1905/2180/1905
f 1904/2179/1904 1905/2180/1905 1906/2181/1906
f 1906/2181/1906 1903/2178/1902 1904/2179/1904
f 1909/2185/1907 1906/2181/1906 1907/2182/1908
f 1907/2182/1908 1906/2181/1906 1905/2180/1905
f 1906/2181/1906 1908/2184/1909 1903/2178/1902
f 1909/2185/1907 1908/2184/1909 1906/2181/1906
f 1912/2190/1910 1910/2187/1911 1909/2186/1907
f 1910/2187/1911 1911/2188/1912 1909/2186/1907
f 1911/2189/1912 1908/2184/1909 1909/2185/1907
f 1912/2190/1910 1909/2186/1907 1907/2183/1908
f 1910/2187/1911 1912/2190/1910 1915/2193/1913
f 1913/2191/1914 1912/2190/1910 1907/2183/1908
f 1912/2190/1910 1913/2191/1914 1914/2192/1915
f 1912/2190/1910 1914/2192/1915 1915/2193/1913
f 1917/2195/1916 1915/2193/1913 1914/2192/1915
f 1910/2187/1911 1915/2193/1913 1916/2194/1917
f 1916/2194/1917 1915/2193/1913 1917/2195/1916
f 1919/2197/1918 1917/2195/1916 1918/2196/1919
f 1917/2195/1916 1914/2192/1915 1918/2196/1919
f 1916/2194/1917 1917/2195/1916 1919/2197/1918
f 1922/2200/1920 1919/2197/1918 1920/2198/1921
f 1919/2197/1918 1918/2196/1919 1920/2198/1921
f 1922/2200/1920 1921/2199/1922 1919/2197/1918
f 1921/2199/1922 1916/2194/1917 1919/2197/1918
f 1923/2201/1923 1922/2200/1920 1920/2198/1921
f 1922/2200/1920 1924/2202/1924 1921/2199/1922
f 1923/2201/1923 1925/2203/1925 1922/2200/1920
f 1926/2204/1926 1924/2202/1924 1922/2200/1920
f 1926/2204/1926 1922/2200/1920 1925/2203/1925
f 1927/2205/1927 1930/2208/1928 1926/2204/1926
f 1927/2205/1927 1926/2204/1926 1928/2206/1929
f 1929/2207/1930 1928/2206/1929 1926/2204/1926
f 1929/2207/1930 1926/2204/1926 1925/2203/1925
f 1926/2204/1926 1930/2208/1928 1931/2209/1931
f 1926/2204/1926 1931/2209/1931 1924/2202/1924
f 1931/2209/1931 1932/2210/1932 1910/2187/1911
f 1930/2208/1928 1932/2210/1932 1931/2209/1931
f 1931/2209/1931 1910/2187/1911 1916/2194/1917
f 1921/2199/1922 1931/2209/1931 1916/2194/1917
f 1921/2199/1922 1924/2202/1924 1931/2209/1931
f 1910/2187/1911 1932/2210/1932 1911/2188/1912
f 1933/2211/1933 1911/2188/1912 1932/2210/1932
f 1930/2208/1928 1933/2211/1933 1932/2210/1932
f 1936/2215/1934 1934/2212/1935 1933/2211/1933
f 1934/2212/1935 1935/2214/1936 1933/2211/1933
f 1933/2211/1933 1935/2214/1936 1911/2188/1912
f 1936/2215/1934 1933/2211/1933 1930/2208/1928
f 1937/2216/1937 1934/2212/1935 1936/2215/1934
f 1937/2216/1937 1936/2215/1934 1927/2205/1927
f 1927/2205/1927 1936/2215/1934 1930/2208/1928
f 1938/2217/1938 1934/2212/1935 1937/2216/1937
f 1938/2217/1938 1937/2216/1937 1939/2219/1939
f 1937/2216/1937 1940/2220/1940 1939/2219/1939
f 1937/2216/1937 1927/2205/1927 1940/2220/1940
f 1939/2219/1939 1940/2220/1940 1942/2222/1941
f 1940/2220/1940 1928/2206/1929 1941/2221/1942
f 1940/2220/1940 1941/2221/1942 1942/2222/1941
f 1927/2205/1927 1928/2206/1929 1940/2220/1940
f 1939/2219/1939 1942/2222/1941 1943/2223/1943
f 1943/2223/1943 1942/2222/1941 1944/2224/1944
f 1942/2222/1941 1945/2225/1945 1944/2224/1944
f 1942/2222/1941 1941/2221/1942 1945/2225/1945
f 1946/2226/1946 1945/2225/1945 1941/2221/1942
f 1947/2227/1947 1945/2225/1945 1946/2226/1946
f 1947/2227/1947 1948/2228/1948 1945/2225/1945
f 1944/2224/1944 1945/2225/1945 1948/2228/1948
f 1944/2224/1944 1948/2228/1948 1949/2229/1949
f 1949/2229/1949 1948/2228/1948 1950/2230/1950
f 1950/2230/1950 1948/2228/1948 1951/2231/1951
f 1951/2231/1951 1948/2228/1948 1947/2227/1947
f 1952/2232/1952 1951/2231/1951 1954/2234/1953
f 1952/2232/1952 1950/2230/1950 1951/2231/1951
f 1954/2234/1953 1951/2231/1951 1953/2233/1954
f 1951/2231/1951 1947/2227/1947 1953/2233/1954
f 1952/2232/1952 1954/2234/1953 1957/2237/1955
f 1954/2234/1953 1953/2233/1954 1955/2235/1956
f 1954/2234/1953 1955/2235/1956 1956/2236/1957
f 1954/2234/1953 1956/2236/1957 1957/2237/1955
f 1952/2232/1952 1957/2237/1955 1959/2239/1958
f 1956/2236/1957 1958/2238/1959 1957/2237/1955
f 1957/2237/1955 1958/2238/1959 1959/2239/1958
f 1962/2242/1960 1952/2232/1952 1959/2239/1958
f 1959/2239/1958 1958/2238/1959 1960/2240/1961
f 1959/2239/1958 1960/2240/1961 1961/2241/1962
f 1962/2242/1960 1959/2239/1958 1961/2241/1962
f 1962/2242/1960 1963/2243/1963 1950/2230/1950
f 1963/2243/1963 1962/2242/1960 1964/2244/1964
f 1962/2242/1960 1965/2245/1965 1964/2244/1964
f 1962/2242/1960 1950/2230/1950 1952/2232/1952
f 1962/2242/1960 1961/2241/1962 1965/2245/1965
f 1965/2245/1965 1966/2246/1966 1967/2247/1967
f 1961/2241/1962 1966/2246/1966 1965/2245/1965
f 1965/2245/1965 1968/2248/1968 1964/2244/1964
f 1965/2245/1965 1967/2247/1967 1969/2249/1969
f 1965/2245/1965 1969/2249/1969 1968/2248/1968
f 1969/2249/1969 1970/2250/1970 1899/2174/1899
f 1969/2249/1969 1899/2174/1899 1968/2248/1968
f 1969/2249/1969 1971/2251/1971 1970/2250/1970
f 1969/2249/1969 1967/2247/1967 1971/2251/1971
f 1972/2252/1972 1971/2251/1971 1967/2247/1967
f 1973/2253/1973 1971/2251/1971 1972/2252/1972
f 1973/2253/1973 1974/2254/1974 1971/2251/1971
f 1970/2250/1970 1971/2251/1971 1974/2254/1974
f 1970/2250/1970 1974/2254/1974 1975/2255/1975
f 1975/2255/1975 1974/2254/1974 1976/2256/1976
f 1976/2256/1976 1974/2254/1974 1977/2258/1977
f 1978/2259/1978 1977/2258/1977 1974/2254/1974
f 1978/2259/1978 1974/2254/1974 1973/2253/1973
f 1979/2261/1979 1977/2257/1977 1978/2260/1978
f 1980/2262/1980 1979/2261/1979 1981/2263/1981
f 1979/2261/1979 1980/2262/1980 1977/2257/1977
f 1983/2265/1982 1982/2264/1983 1981/2263/1981
f 1980/2262/1980 1981/2263/1981 1982/2264/1983
f 1983/2265/1982 1984/2266/1984 1982/2264/1983
f 1983/2265/1982 1985/2267/1985 1984/2266/1984
f 1983/2265/1982 1986/2268/1986 1985/2267/1985
f 1986/2268/1986 1987/2269/1987 1985/2267/1985
f 1986/2268/1986 1988/2270/1988 1987/2269/1987
f 1987/2269/1987 1988/2270/1988 1989/2271/1989
f 1990/2272/1990 1989/2271/1989 1991/2273/1991
f 1987/2269/1987 1989/2271/1989 1990/2272/1990
f 1990/2272/1990 1991/2273/1991 1992/2274/1992
f 1993/2275/1993 1992/2274/1992 1991/2273/1991
f 1993/2275/1993 1994/2276/1994 1992/2274/1992
f 1994/2276/1994 1993/2275/1993 1995/2277/1995
f 1994/2276/1994 1995/2277/1995 1958/2238/1959
f 1995/2277/1995 1996/2278/1996 1960/2240/1961
f 1995/2277/1995 1960/2240/1961 1958/2238/1959
f 1960/2240/1961 1996/2278/1996 1997/2279/1997
f 1960/2240/1961 1997/2279/1997 1966/2246/1966
f 1998/2280/1998 1966/2246/1966 1997/2279/1997
f 1998/2280/1998 1967/2247/1967 1966/2246/1966
f 1972/2252/1972 1967/2247/1967 1998/2280/1998
f 1956/2236/1957 1994/2276/1994 1958/2238/1959
f 1999/2281/1999 1994/2276/1994 1956/2236/1957
f 1999/2281/1999 1992/2274/1992 1994/2276/1994
f 2001/2283/2000 2000/2282/2001 1999/2281/1999
f 2000/2282/2001 1992/2274/1992 1999/2281/1999
f 1955/2235/1956 2001/2283/2000 1999/2281/1999
f 1955/2235/1956 1999/2281/1999 1956/2236/1957
f 2002/2284/2002 2001/2283/2000 1955/2235/1956
f 2002/2284/2002 2003/2285/2003 2001/2283/2000
f 2001/2283/2000 2003/2285/2003 2000/2282/2001
f 2004/2286/2004 2000/2282/2001 2003/2285/2003
f 2003/2285/2003 2005/2287/2005 2004/2286/2004
f 2003/2285/2003 2006/2288/2006 2005/2287/2005
f 2002/2284/2002 2006/2288/2006 2003/2285/2003
f 2007/2289/2007 2006/2288/2006 2002/2284/2002
f 2006/2288/2006 2007/2289/2007 2008/2290/2008
f 2006/2288/2006 2008/2290/2008 2005/2287/2005
f 2007/2289/2007 2009/2291/2009 2008/2290/2008
f 2009/2291/2009 2010/2292/2010 2008/2290/2008
f 2010/2292/2010 2005/2287/2005 2008/2290/2008
f 1929/2207/1930 2010/2292/2010 2009/2291/2009
f 2011/2293/2011 2012/2294/2012 2010/2292/2010
f 1929/2207/1930 2011/2293/2011 2010/2292/2010
f 2010/2292/2010 2012/2294/2012 2005/2287/2005
f 2012/2294/2012 2013/2295/2013 2014/2296/2014
f 2011/2293/2011 2013/2295/2013 2012/2294/2012
f 2005/2287/2005 2012/2294/2012 2015/2297/2015
f 2012/2294/2012 2014/2296/2014 2015/2297/2015
f 2005/2287/2005 2015/2297/2015 2016/2298/2016
f 2014/2296/2014 2016/2298/2016 2015/2297/2015
f 2017/2299/2017 2005/2287/2005 2016/2298/2016
f 2017/2299/2017 2016/2298/2016 2014/2296/2014
f 2017/2299/2017 2004/2286/2004 2005/2287/2005
f 2018/2300/2018 2004/2286/2004 2017/2299/2017
f 2018/2300/2018 2017/2299/2017 2019/2301/2019
f 2017/2299/2017 2014/2296/2014 2019/2301/2019
f 2013/2295/2013 2019/2301/2019 2014/2296/2014
f 2013/2295/2013 2020/2302/2020 2019/2301/2019
f 2020/2302/2020 2018/2300/2018 2019/2301/2019
f 2020/2302/2020 2022/2304/2021 2018/2300/2018
f 2023/2305/2022 2021/2303/2023 2020/2302/2020
f 2020/2302/2020 2021/2303/2023 2022/2304/2021
f 2023/2305/2022 2020/2302/2020 2013/2295/2013
f 2023/2305/2022 2024/2306/2024 2021/2303/2023
f 2023/2305/2022 2025/2307/2025 2024/2306/2024
f 1923/2201/1923 2025/2307/2025 2023/2305/2022
f 1923/2201/1923 2023/2305/2022 2026/2308/2026
f 2026/2308/2026 2023/2305/2022 2013/2295/2013
f 1929/2207/1930 1923/2201/1923 2026/2308/2026
f 1929/2207/1930 2026/2308/2026 2011/2293/2011
f 2026/2308/2026 2013/2295/2013 2011/2293/2011
f 2024/2306/2024 2025/2307/2025 1918/2196/1919
f 2025/2307/2025 1920/2198/1921 1918/2196/1919
f 2025/2307/2025 1923/2201/1923 1920/2198/1921
f 2021/2303/2023 2024/2306/2024 2027/2309/2027
f 2024/2306/2024 1918/2196/1919 1914/2192/1915
f 2027/2309/2027 2024/2306/2024 1914/2192/1915
f 2027/2309/2027 1914/2192/1915 2028/2310/2028
f 2028/2310/2028 1984/2266/1984 2027/2309/2027
f 2027/2309/2027 1984/2266/1984 1985/2267/1985
f 2027/2309/2027 1985/2267/1985 2022/2304/2021
f 2021/2303/2023 2027/2309/2027 2022/2304/2021
f 2028/2310/2028 1913/2191/1914 2029/2311/2029
f 2028/2310/2028 1914/2192/1915 1913/2191/1914
f 2029/2311/2029 1982/2264/1983 2028/2310/2028
f 2028/2310/2028 1982/2264/1983 1984/2266/1984
f 2030/2312/2030 2029/2311/2029 1913/2191/1914
f 2029/2311/2029 1980/2262/1980 1982/2264/1983
f 2030/2312/2030 1980/2262/1980 2029/2311/2029
f 2030/2312/2030 1913/2191/1914 2031/2315/2031
f 2032/2316/2032 2030/2313/2030 2031/2314/2031
f 2030/2312/2030 1977/2257/1977 1980/2262/1980
f 2032/2316/2032 1977/2258/1977 2030/2313/2030
f 2032/2316/2032 2031/2314/2031 1905/2180/1905
f 1976/2256/1976 2032/2316/2032 1905/2180/1905
f 1976/2256/1976 1977/2258/1977 2032/2316/2032
f 1907/2182/1908 1905/2180/1905 2031/2314/2031
f 1913/2191/1914 1907/2183/1908 2031/2315/2031
f 2018/2300/2018 2022/2304/2021 1985/2267/1985
f 2018/2300/2018 1990/2272/1990 2033/2317/2033
f 2018/2300/2018 2033/2317/2033 2004/2286/2004
f 2018/2300/2018 1987/2269/1987 1990/2272/1990
f 2018/2300/2018 1985/2267/1985 1987/2269/1987
f 2033/2317/2033 1990/2272/1990 2000/2282/2001
f 2004/2286/2004 2033/2317/2033 2000/2282/2001
f 2007/2289/2007 1946/2226/1946 2009/2291/2009
f 1946/2226/1946 1941/2221/1942 2009/2291/2009
f 2009/2291/2009 1941/2221/1942 1928/2206/1929
f 2009/2291/2009 1928/2206/1929 1929/2207/1930
f 2007/2289/2007 2002/2284/2002 2034/2318/2034
f 1946/2226/1946 2007/2289/2007 2034/2318/2034
f 1946/2226/1946 2034/2318/2034 1947/2227/1947
f 2034/2318/2034 2002/2284/2002 1953/2233/1954
f 2034/2318/2034 1953/2233/1954 1947/2227/1947
f 2002/2284/2002 1955/2235/1956 1953/2233/1954
f 2000/2282/2001 1990/2272/1990 1992/2274/1992
f 1975/2255/1975 1976/2256/1976 1902/2177/1903
f 1976/2256/1976 1905/2180/1905 1902/2177/1903
f 1970/2250/1970 1975/2255/1975 1900/2175/1901
f 1975/2255/1975 1902/2177/1903 1900/2175/1901
f 1970/2250/1970 1900/2175/1901 1899/2174/1899
f 1964/2244/1964 1968/2248/1968 1898/2173/1900
f 1899/2174/1899 1898/2173/1900 1968/2248/1968
f 1961/2241/1962 1960/2240/1961 1966/2246/1966
f 1963/2243/1963 1964/2244/1964 2035/2319/2035
f 1964/2244/1964 1898/2173/1900 2035/2319/2035
f 2036/2320/2036 1963/2243/1963 2035/2319/2035
f 2036/2320/2036 2035/2319/2035 2037/2321/2037
f 2037/2321/2037 2035/2319/2035 1898/2173/1900
f 2038/2322/2038 2036/2320/2036 2037/2321/2037
f 2038/2322/2038 2037/2321/2037 2039/2323/2039
f 2039/2323/2039 2037/2321/2037 1895/2170/1896
f 2037/2321/2037 1898/2173/1900 1895/2170/1896
f 2040/2324/2040 2038/2322/2038 2039/2323/2039
f 2040/2324/2040 2039/2323/2039 1889/2162/1889
f 1889/2162/1889 2039/2323/2039 1890/2164/1890
f 2039/2323/2039 1895/2170/1896 1890/2164/1890
f 2043/2329/2041 2041/2326/2042 2040/2325/2040
f 2041/2327/2042 2038/2322/2038 2040/2324/2040
f 1889/2163/1889 2042/2328/2043 2040/2325/2040
f 2043/2329/2041 2040/2325/2040 2042/2328/2043
f 2046/2332/2044 2041/2326/2042 2043/2329/2041
f 2043/2329/2041 2044/2330/2045 2045/2331/2046
f 2044/2330/2045 2043/2329/2041 2042/2328/2043
f 2043/2329/2041 2045/2331/2046 2047/2334/2047
f 2046/2332/2044 2043/2329/2041 2047/2334/2047
f 2045/2331/2046 2048/2335/2048 2047/2334/2047
f 2048/2335/2048 2046/2332/2044 2047/2334/2047
f 2049/2336/2049 2050/2337/2050 2048/2335/2048
f 2051/2339/2051 2049/2336/2049 2048/2335/2048
f 2048/2335/2048 2050/2337/2050 2046/2332/2044
f 2045/2331/2046 2051/2339/2051 2048/2335/2048
f 2051/2339/2051 2052/2342/2052 2054/2344/2053
f 2045/2331/2046 2052/2342/2052 2051/2339/2051
f 2051/2339/2051 2053/2343/2054 2049/2336/2049
f 2051/2339/2051 2054/2344/2053 2053/2343/2054
f 2052/2340/2052 2056/2348/2055 2054/2345/2053
f 2053/2343/2054 2054/2344/2053 2055/2347/2056
f 2055/2346/2056 2054/2345/2053 2056/2348/2055
f 2052/2340/2052 2060/2352/2057 2056/2348/2055
f 2057/2349/2058 2056/2348/2055 2060/2352/2057
f 2056/2348/2055 2057/2349/2058 2058/2350/2059
f 2055/2346/2056 2056/2348/2055 2059/2351/2060
f 2056/2348/2055 2058/2350/2059 2059/2351/2060
f 2052/2340/2052 2062/2354/2061 2060/2352/2057
f 2061/2353/2062 2060/2352/2057 2062/2354/2061
f 2057/2349/2058 2060/2352/2057 2061/2353/2062
f 2061/2353/2062 2062/2354/2061 2063/2356/2063
f 1833/2096/1833 2063/2357/2063 2062/2355/2061
f 2064/2358/2064 1833/2096/1833 2062/2355/2061
f 2064/2358/2064 2062/2355/2061 2052/2341/2052
f 1835/2098/1836 1833/2096/1833 2064/2358/2064
f 2045/2331/2046 2064/2359/2064 2052/2342/2052
f 2064/2359/2064 2045/2331/2046 1835/2099/1836
f 2066/2362/2065 2061/2353/2062 2063/2356/2063
f 1833/2096/1833 1832/2095/1832 2063/2357/2063
f 2065/2360/2066 2063/2357/2063 1832/2095/1832
f 2065/2360/2066 2066/2361/2065 2063/2357/2063
f 2067/2363/2067 2068/2365/2068 2066/2362/2065
f 2067/2364/2067 2066/2361/2065 2065/2360/2066
f 2066/2362/2065 2068/2365/2068 2057/2349/2058
f 2066/2362/2065 2057/2349/2058 2061/2353/2062
f 2070/2367/2069 2068/2365/2068 2069/2366/2070
f 2067/2363/2067 2069/2366/2070 2068/2365/2068
f 2070/2367/2069 2071/2368/2071 2068/2365/2068
f 2071/2368/2071 2057/2349/2058 2068/2365/2068
f 2071/2368/2071 2058/2350/2059 2057/2349/2058
f 2073/2370/2072 2071/2368/2071 2072/2369/2073
f 2074/2371/2074 2072/2369/2073 2071/2368/2071
f 2073/2370/2072 2058/2350/2059 2071/2368/2071
f 2074/2371/2074 2071/2368/2071 2070/2367/2069
f 2075/2372/2075 2076/2373/2076 2074/2371/2074
f 2075/2372/2075 2074/2371/2074 2070/2367/2069
f 2076/2373/2076 2077/2374/2077 2074/2371/2074
f 2078/2375/2078 2074/2371/2074 2077/2374/2077
f 2078/2375/2078 2072/2369/2073 2074/2371/2074
f 2079/2376/2079 2078/2375/2078 2077/2374/2077
f 2079/2376/2079 2080/2377/2080 2078/2375/2078
f 2080/2377/2080 2081/2378/2081 2078/2375/2078
f 2078/2375/2078 2081/2378/2081 2073/2370/2072
f 2078/2375/2078 2073/2370/2072 2072/2369/2073
f 2080/2377/2080 2082/2379/2082 2081/2378/2081
f 2083/2380/2083 2081/2378/2081 2082/2379/2082
f 2083/2380/2083 2084/2381/2084 2081/2378/2081
f 2085/2382/2085 2073/2370/2072 2081/2378/2081
f 2085/2382/2085 2081/2378/2081 2084/2381/2084
f 2084/2381/2084 2086/2383/2086 2085/2382/2085
f 2085/2382/2085 2086/2383/2086 2055/2346/2056
f 2085/2382/2085 2055/2346/2056 2059/2351/2060
f 2073/2370/2072 2085/2382/2085 2059/2351/2060
f 2084/2381/2084 2090/2389/2087 2086/2383/2086
f 2055/2347/2056 2086/2384/2086 2089/2388/2088
f 2087/2386/2089 2088/2387/2090 2086/2385/2086
f 2087/2386/2089 2086/2385/2086 2090/2390/2087
f 2089/2388/2088 2086/2385/2086 2088/2387/2090
f 2083/2380/2083 2090/2389/2087 2084/2381/2084
f 2083/2380/2083 2091/2391/2091 2090/2389/2087
f 2090/2390/2087 2091/2392/2091 2092/2393/2092
f 2090/2390/2087 2092/2393/2092 2093/2394/2093
f 2087/2386/2089 2090/2390/2087 2093/2394/2093
f 2087/2386/2089 2093/2394/2093 2094/2395/2094
f 2093/2394/2093 2095/2396/2095 2094/2395/2094
f 2093/2394/2093 2092/2393/2092 2095/2396/2095
f 2095/2396/2095 2097/2398/2096 2096/2397/2097
f 2095/2396/2095 2096/2397/2097 2098/2399/2098
f 2092/2393/2092 2097/2398/2096 2095/2396/2095
f 2094/2395/2094 2095/2396/2095 2098/2399/2098
f 2098/2399/2098 2096/2397/2097 2100/2401/2099
f 2101/2402/2100 2098/2399/2098 2099/2400/2101
f 2098/2399/2098 2100/2401/2099 2099/2400/2101
f 2094/2395/2094 2098/2399/2098 2101/2402/2100
f 2101/2402/2100 2099/2400/2101 2102/2403/2102
f 2103/2404/2103 2101/2402/2100 2102/2403/2102
f 2104/2405/2104 2101/2402/2100 2103/2404/2103
f 2104/2405/2104 2094/2395/2094 2101/2402/2100
f 2105/2406/2105 2104/2405/2104 2103/2404/2103
f 2087/2386/2089 2094/2395/2094 2104/2405/2104
f 2106/2407/2106 2087/2386/2089 2104/2405/2104
f 2105/2406/2105 2106/2407/2106 2104/2405/2104
f 2109/2413/2107 2106/2407/2106 2105/2406/2105
f 2107/2408/2108 2106/2407/2106 2109/2413/2107
f 2107/2408/2108 2108/2410/2109 2106/2407/2106
f 2106/2407/2106 2108/2410/2109 2087/2386/2089
f 2111/2416/2110 2110/2414/2111 2109/2412/2107
f 2110/2415/2111 2107/2409/2108 2109/2411/2107
f 2111/2416/2110 2109/2412/2107 2112/2417/2112
f 2109/2413/2107 2105/2406/2105 2112/2418/2112
f 2113/2419/2113 2111/2416/2110 2112/2417/2112
f 2113/2419/2113 2112/2417/2112 2115/2421/2114
f 2112/2418/2112 2105/2406/2105 2114/2420/2115
f 2112/2418/2112 2114/2420/2115 2115/2422/2114
f 2115/2422/2114 2116/2423/2116 1892/2167/1892
f 1893/2168/1893 2115/2421/2114 1892/2166/1892
f 1893/2168/1893 2113/2419/2113 2115/2421/2114
f 2115/2422/2114 2114/2420/2115 2116/2423/2116
f 2116/2423/2116 2117/2424/2117 1881/2152/1882
f 2118/2425/2118 2117/2424/2117 2116/2423/2116
f 1892/2167/1892 2116/2423/2116 1883/2154/1881
f 2118/2425/2118 2116/2423/2116 2114/2420/2115
f 2116/2423/2116 1881/2152/1882 1883/2154/1881
f 2118/2425/2118 2119/2426/2119 2117/2424/2117
f 2103/2404/2103 2102/2403/2102 2118/2425/2118
f 2118/2425/2118 2102/2403/2102 2119/2426/2119
f 2114/2420/2115 2103/2404/2103 2118/2425/2118
f 2102/2403/2102 2120/2427/2120 2119/2426/2119
f 2119/2426/2119 2120/2427/2120 2122/2429/2121
f 2117/2424/2117 2119/2426/2119 2121/2428/2122
f 2119/2426/2119 2122/2429/2121 2121/2428/2122
f 2120/2427/2120 2123/2430/2123 2122/2429/2121
f 2124/2431/2124 2122/2429/2121 2123/2430/2123
f 2124/2431/2124 2125/2432/2125 2122/2429/2121
f 2122/2429/2121 2125/2432/2125 2126/2433/2126
f 2122/2429/2121 2126/2433/2126 2121/2428/2122
f 2121/2428/2122 2126/2433/2126 2127/2434/2127
f 2129/2436/2128 2127/2434/2127 2126/2433/2126
f 2129/2436/2128 2126/2433/2126 2128/2435/2129
f 2128/2435/2129 2126/2433/2126 2125/2432/2125
f 2132/2441/2130 2129/2436/2128 2130/2437/2131
f 2130/2437/2131 2129/2436/2128 2128/2435/2129
f 2131/2439/2132 2127/2434/2127 2129/2436/2128
f 2132/2441/2130 2131/2439/2132 2129/2436/2128
f 2132/2440/2130 2130/2438/2131 2133/2442/2133
f 2132/2440/2130 2133/2442/2133 2134/2443/2134
f 2135/2444/2135 2132/2440/2130 2134/2443/2134
f 2135/2445/2135 2131/2439/2132 2132/2441/2130
f 2135/2444/2135 2134/2443/2134 2136/2446/2136
f 2137/2448/2137 2135/2444/2135 2136/2446/2136
f 2137/2447/2137 2138/2449/2138 2135/2445/2135
f 2135/2445/2135 2138/2449/2138 2131/2439/2132
f 2138/2449/2138 2139/2450/2139 2131/2439/2132
f 2137/2447/2137 2141/2452/2140 2138/2449/2138
f 2138/2449/2138 2140/2451/2141 2139/2450/2139
f 2141/2452/2140 2140/2451/2141 2138/2449/2138
f 2141/2452/2140 2143/2455/2142 2140/2451/2141
f 2137/2447/2137 2142/2453/2143 2141/2452/2140
f 2142/2453/2143 2143/2455/2142 2141/2452/2140
f 2143/2455/2142 1884/2155/1884 2140/2451/2141
f 1875/2145/1875 1876/2147/1876 2143/2455/2142
f 2142/2453/2143 1875/2145/1875 2143/2455/2142
f 2143/2455/2142 1876/2147/1876 1884/2155/1884
f 1875/2146/1875 2142/2454/2143 1871/2139/1871
f 2142/2454/2143 2145/2458/2144 1871/2139/1871
f 2137/2447/2137 2144/2457/2145 2142/2453/2143
f 2142/2454/2143 2144/2456/2145 2145/2458/2144
f 2145/2460/2144 2149/2465/2146 2146/2461/2147
f 2145/2458/2144 2146/2462/2147 1869/2137/1869
f 2145/2458/2144 1869/2137/1869 1871/2139/1871
f 2144/2457/2145 2137/2447/2137 2145/2459/2144
f 2145/2460/2144 2137/2448/2137 2147/2463/2148
f 2145/2460/2144 2147/2463/2148 2148/2464/2149
f 2145/2460/2144 2148/2464/2149 2149/2465/2146
f 2148/2464/2149 2150/2466/2150 2149/2465/2146
f 2146/2461/2147 2149/2465/2146 2152/2468/2151
f 2149/2465/2146 2150/2466/2150 2151/2467/2152
f 2149/2465/2146 2151/2467/2152 2152/2468/2151
f 2152/2468/2151 2153/2469/2153 2154/2470/2154
f 2152/2468/2151 2151/2467/2152 2153/2469/2153
f 2152/2468/2151 2154/2470/2154 2155/2472/2155
f 2152/2468/2151 2155/2472/2155 2156/2473/2156
f 2146/2461/2147 2152/2468/2151 2156/2473/2156
f 1867/2135/1868 2156/2474/2156 2155/2471/2155
f 2146/2462/2147 2156/2474/2156 1867/2135/1868
f 1867/2135/1868 2155/2471/2155 1866/2134/1867
f 1866/2134/1867 2155/2471/2155 2157/2476/2157
f 2154/2470/2154 2157/2475/2157 2155/2472/2155
f 2158/2477/2158 2157/2476/2157 2161/2481/2159
f 2158/2477/2158 2162/2482/2160 2157/2476/2157
f 2154/2470/2154 2160/2479/2161 2157/2475/2157
f 2159/2478/2162 2157/2475/2157 2160/2479/2161
f 2159/2478/2162 2161/2480/2159 2157/2475/2157
f 1866/2134/1867 2157/2476/2157 2162/2482/2160
f 1864/2132/1863 2162/2482/2160 2163/2483/2163
f 2164/2484/2164 2163/2483/2163 2162/2482/2160
f 2164/2484/2164 2162/2482/2160 2158/2477/2158
f 1864/2132/1863 1866/2134/1867 2162/2482/2160
f 2166/2486/2165 2165/2485/2166 2164/2484/2164
f 2165/2485/2166 2163/2483/2163 2164/2484/2164
f 2166/2486/2165 2164/2484/2164 2167/2487/2167
f 2167/2487/2167 2164/2484/2164 2158/2477/2158
f 2167/2487/2167 2158/2477/2158 2168/2488/2168
f 2169/2489/2169 2167/2487/2167 2168/2488/2168
f 2170/2490/2170 2167/2487/2167 2169/2489/2169
f 2170/2490/2170 2166/2486/2165 2167/2487/2167
f 2171/2491/2171 2170/2490/2170 2173/2493/2172
f 2171/2491/2171 2172/2492/2173 2170/2490/2170
f 2172/2492/2173 2166/2486/2165 2170/2490/2170
f 2173/2493/2172 2170/2490/2170 2169/2489/2169
f 2176/2497/2174 2171/2491/2171 2173/2493/2172
f 2174/2495/2175 2173/2493/2172 2175/2496/2176
f 2176/2497/2174 2173/2493/2172 2174/2495/2175
f 2173/2493/2172 2169/2489/2169 2175/2496/2176
f 2177/2499/2177 2171/2491/2171 2176/2497/2174
f 2177/2499/2177 2176/2497/2174 2178/2501/2178
f 2176/2498/2174 2180/2503/2179 2178/2500/2178
f 2176/2498/2174 2179/2502/2180 2180/2503/2179
f 2179/2502/2180 2176/2498/2174 2174/2494/2175
f 2180/2503/2179 2183/2507/2181 2181/2504/2182
f 2180/2503/2179 2181/2504/2182 2178/2500/2178
f 2179/2502/2180 2182/2506/2183 2180/2503/2179
f 2183/2507/2181 2180/2503/2179 2182/2506/2183
f 2184/2508/2184 2181/2504/2182 2183/2507/2181
f 2183/2507/2181 2182/2506/2183 2185/2509/2185
f 2183/2507/2181 2185/2509/2185 2184/2508/2184
f 2185/2509/2185 2186/2510/2186 2184/2508/2184
f 2185/2509/2185 2187/2511/2187 2186/2510/2186
f 2187/2511/2187 2185/2509/2185 2189/2513/2188
f 2188/2512/2189 2189/2513/2188 2185/2509/2185
f 2188/2512/2189 2185/2509/2185 2182/2506/2183
f 2192/2518/2190 2189/2513/2188 2190/2514/2191
f 2191/2516/2192 2190/2514/2191 2189/2513/2188
f 2187/2511/2187 2189/2513/2188 2192/2518/2190
f 2191/2516/2192 2189/2513/2188 2188/2512/2189
f 2196/2523/2193 2192/2518/2190 2193/2519/2194
f 2192/2518/2190 2190/2514/2191 2193/2519/2194
f 2192/2518/2190 2194/2521/2195 2187/2511/2187
f 2192/2518/2190 2195/2522/2196 2194/2521/2195
f 2196/2523/2193 2195/2522/2196 2192/2518/2190
f 2199/2528/2197 2196/2523/2193 2197/2525/2198
f 2197/2526/2198 2196/2524/2193 2198/2527/2199
f 2196/2524/2193 2200/2529/2200 2198/2527/2199
f 2199/2528/2197 2195/2522/2196 2196/2523/2193
f 2196/2524/2193 2193/2520/2194 2200/2529/2200
f 2198/2527/2199 2200/2529/2200 2203/2532/2201
f 2193/2520/2194 2201/2530/2202 2200/2529/2200
f 2200/2529/2200 2201/2530/2202 2202/2531/2203
f 2200/2529/2200 2202/2531/2203 2203/2532/2201
f 2203/2532/2201 2204/2533/2204 2206/2535/2205
f 2203/2532/2201 2202/2531/2203 2204/2533/2204
f 2205/2534/2206 2203/2532/2201 2206/2535/2205
f 2198/2527/2199 2203/2532/2201 2205/2534/2206
f 2205/2534/2206 2206/2535/2205 2208/2537/2207
f 2207/2536/2208 2210/2539/2209 2206/2535/2205
f 2207/2536/2208 2206/2535/2205 2204/2533/2204
f 2206/2535/2205 2209/2538/2210 2208/2537/2207
f 2210/2539/2209 2209/2538/2210 2206/2535/2205
f 2210/2539/2209 2211/2540/2211 2209/2538/2210
f 2207/2536/2208 2213/2542/2212 2210/2539/2209
f 2210/2539/2209 2212/2541/2213 2211/2540/2211
f 2210/2539/2209 2213/2542/2212 2212/2541/2213
f 2212/2541/2213 2213/2542/2212 2214/2543/2214
f 2213/2542/2212 2215/2544/2215 2214/2543/2214
f 2213/2542/2212 2216/2545/2216 2215/2544/2215
f 2207/2536/2208 2216/2545/2216 2213/2542/2212
f 2216/2545/2216 2217/2546/2217 2215/2544/2215
f 2207/2536/2208 2218/2547/2218 2216/2545/2216
f 2216/2545/2216 2218/2547/2218 2217/2546/2217
f 2218/2547/2218 2219/2548/2219 2221/2550/2220
f 2207/2536/2208 2219/2548/2219 2218/2547/2218
f 2218/2547/2218 2222/2551/2221 2220/2549/2222
f 2218/2547/2218 2220/2549/2222 2217/2546/2217
f 2218/2547/2218 2221/2550/2220 2222/2551/2221
f 2222/2551/2221 2223/2552/2223 2220/2549/2222
f 2222/2551/2221 2221/2550/2220 2224/2553/2224
f 2222/2551/2221 2225/2554/2225 2223/2552/2223
f 2222/2551/2221 2224/2553/2224 2225/2554/2225
f 2225/2554/2225 2224/2553/2224 2227/2556/2226
f 2225/2554/2225 2228/2557/2227 2226/2555/2228
f 2225/2554/2225 2226/2555/2228 2223/2552/2223
f 2225/2554/2225 2227/2556/2226 2228/2557/2227
f 2228/2557/2227 2229/2558/2229 2226/2555/2228
f 2228/2557/2227 2227/2556/2226 2230/2559/2230
f 2228/2557/2227 2230/2559/2230 2229/2558/2229
f 2230/2559/2230 2227/2556/2226 2231/2560/2231
f 2229/2558/2229 2230/2559/2230 2232/2561/2232
f 2230/2559/2230 2231/2560/2231 2233/2562/2233
f 2233/2562/2233 2232/2561/2232 2230/2559/2230
f 2233/2562/2233 2235/2564/2234 2232/2561/2232
f 2235/2564/2234 2233/2562/2233 2234/2563/2235
f 2231/2560/2231 2234/2563/2235 2233/2562/2233
f 2238/2568/2236 2232/2561/2232 2235/2564/2234
f 2235/2564/2234 2234/2563/2235 2236/2565/2237
f 2237/2567/2238 2235/2564/2234 2236/2565/2237
f 2237/2567/2238 2238/2568/2236 2235/2564/2234
f 2239/2570/2239 2238/2569/2236 2237/2566/2238
f 2240/2571/2240 2238/2569/2236 2239/2570/2239
f 2238/2568/2236 2241/2573/2241 2232/2561/2232
f 2240/2571/2240 2241/2572/2241 2238/2569/2236
f 2243/2575/2242 2241/2572/2241 2240/2571/2240
f 2242/2574/2243 2232/2561/2232 2241/2573/2241
f 2242/2574/2243 2241/2573/2241 2243/2576/2242
f 2243/2575/2242 2240/2571/2240 2244/2577/2244
f 2243/2575/2242 2244/2577/2244 2245/2578/2245
f 2243/2575/2242 2245/2578/2245 2246/2579/2246
f 2242/2574/2243 2243/2576/2242 2246/2580/2246
f 2247/2581/2247 2246/2579/2246 2245/2578/2245
f 2247/2581/2247 2248/2582/2248 2246/2579/2246
f 2248/2583/2248 2226/2555/2228 2246/2580/2246
f 2229/2558/2229 2246/2580/2246 2226/2555/2228
f 2229/2558/2229 2242/2574/2243 2246/2580/2246
f 2248/2583/2248 2249/2584/2249 2226/2555/2228
f 2249/2584/2249 2250/2585/2250 2223/2552/2223
f 2249/2584/2249 2223/2552/2223 2226/2555/2228
f 2250/2585/2250 2251/2586/2251 2220/2549/2222
f 2250/2585/2250 2220/2549/2222 2223/2552/2223
f 2251/2586/2251 2217/2546/2217 2220/2549/2222
f 2251/2586/2251 2252/2587/2252 2217/2546/2217
f 2215/2544/2215 2217/2546/2217 2252/2587/2252
f 2215/2544/2215 2252/2587/2252 2253/2588/2253
f 2254/2589/2254 2215/2544/2215 2253/2588/2253
f 2254/2589/2254 2214/2543/2214 2215/2544/2215
f 2256/2591/2255 2214/2543/2214 2254/2589/2254
f 2256/2591/2255 2254/2589/2254 2255/2590/2256
f 2258/2593/2257 2256/2591/2255 2257/2592/2258
f 2255/2590/2256 2257/2592/2258 2256/2591/2255
f 2258/2593/2257 2259/2594/2259 2256/2591/2255
f 2259/2594/2259 2214/2543/2214 2256/2591/2255
f 2260/2595/2260 2259/2594/2259 2258/2593/2257
f 2211/2540/2211 2259/2594/2259 2260/2595/2260
f 2211/2540/2211 2212/2541/2213 2259/2594/2259
f 2259/2594/2259 2212/2541/2213 2214/2543/2214
f 2211/2540/2211 2260/2595/2260 2261/2596/2261
f 2263/2598/2262 2261/2596/2261 2260/2595/2260
f 2260/2595/2260 2258/2593/2257 2262/2597/2263
f 2263/2598/2262 2260/2595/2260 2262/2597/2263
f 2263/2598/2262 2266/2601/2264 2264/2599/2265
f 2267/2602/2266 2263/2598/2262 2264/2599/2265
f 2265/2600/2267 2261/2596/2261 2263/2598/2262
f 2267/2602/2266 2265/2600/2267 2263/2598/2262
f 2263/2598/2262 2262/2597/2263 2266/2601/2264
f 2268/2603/2268 2265/2600/2267 2267/2602/2266
f 2267/2602/2266 2270/2605/2269 2268/2603/2268
f 2264/2599/2265 2269/2604/2270 2267/2602/2266
f 2267/2602/2266 2269/2604/2270 2270/2605/2269
f 2268/2603/2268 2270/2605/2269 2271/2606/2271
f 2270/2605/2269 2272/2607/2272 2271/2606/2271
f 2270/2605/2269 2273/2608/2273 2272/2607/2272
f 2273/2608/2273 2270/2605/2269 2274/2609/2274
f 2270/2605/2269 2269/2604/2270 2274/2609/2274
f 2275/2610/2275 2274/2609/2274 2276/2611/2276
f 2273/2608/2273 2274/2609/2274 2275/2610/2275
f 2274/2609/2274 2277/2612/2277 2276/2611/2276
f 2274/2609/2274 2269/2604/2270 2277/2612/2277
f 2277/2612/2277 2279/2614/2278 2276/2611/2276
f 2264/2599/2265 2277/2612/2277 2269/2604/2270
f 2278/2613/2279 2277/2612/2277 2281/2616/2280
f 2278/2613/2279 2280/2615/2281 2277/2612/2277
f 2277/2612/2277 2280/2615/2281 2279/2614/2278
f 2266/2601/2264 2281/2616/2280 2277/2612/2277
f 2266/2601/2264 2277/2612/2277 2264/2599/2265
f 2282/2617/2282 2278/2613/2279 2281/2616/2280
f 2282/2617/2282 2281/2616/2280 2283/2618/2283
f 2281/2616/2280 2284/2619/2284 2283/2618/2283
f 2281/2616/2280 2266/2601/2264 2284/2619/2284
f 2283/2618/2283 2284/2619/2284 2285/2620/2285
f 2262/2597/2263 2258/2593/2257 2284/2619/2284
f 2262/2597/2263 2284/2619/2284 2266/2601/2264
f 2284/2619/2284 2258/2593/2257 2257/2592/2258
f 2284/2619/2284 2257/2592/2258 2285/2620/2285
f 2282/2617/2282 2283/2618/2283 2285/2620/2285
f 2282/2617/2282 2285/2620/2285 2288/2623/2286
f 2285/2620/2285 2287/2622/2287 2286/2621/2288
f 2288/2623/2286 2285/2620/2285 2286/2621/2288
f 2285/2620/2285 2257/2592/2258 2287/2622/2287
f 2282/2617/2282 2288/2623/2286 2289/2624/2289
f 2290/2625/2290 2289/2624/2289 2288/2623/2286
f 2290/2625/2290 2288/2623/2286 2291/2626/2291
f 2288/2623/2286 2286/2621/2288 2291/2626/2291
f 2292/2627/2292 2289/2624/2289 2290/2625/2290
f 2292/2627/2292 2293/2628/2293 2294/2629/2294
f 2292/2627/2292 2295/2630/2295 2293/2628/2293
f 2292/2627/2292 2294/2629/2294 2289/2624/2289
f 2245/2578/2245 2293/2628/2293 2295/2630/2295
f 2245/2578/2245 2295/2630/2295 2247/2581/2247
f 2296/2631/2296 2294/2629/2294 2293/2628/2293
f 2296/2631/2296 2297/2632/2297 2294/2629/2294
f 2297/2632/2297 2289/2624/2289 2294/2629/2294
f 2297/2632/2297 2298/2633/2298 2301/2636/2299
f 2297/2632/2297 2296/2631/2296 2298/2633/2298
f 2297/2632/2297 2299/2634/2300 2289/2624/2289
f 2300/2635/2301 2299/2634/2300 2297/2632/2297
f 2300/2635/2301 2297/2632/2297 2301/2636/2299
f 2302/2637/2302 2300/2635/2301 2301/2636/2299
f 2301/2636/2299 2298/2633/2298 2303/2638/2303
f 2302/2637/2302 2301/2636/2299 2304/2639/2304
f 2301/2636/2299 2303/2638/2303 2304/2639/2304
f 2306/2641/2305 2302/2637/2302 2304/2639/2304
f 2304/2639/2304 2303/2638/2303 2305/2640/2306
f 2304/2639/2304 2305/2640/2306 2306/2641/2305
f 2306/2641/2305 2305/2640/2306 2307/2642/2307
f 2306/2641/2305 2307/2642/2307 2308/2643/2308
f 2273/2608/2273 2306/2641/2305 2308/2643/2308
f 2273/2608/2273 2309/2644/2309 2306/2641/2305
f 2306/2641/2305 2309/2644/2309 2302/2637/2302
f 2309/2644/2309 2310/2645/2310 2302/2637/2302
f 2273/2608/2273 2275/2610/2275 2309/2644/2309
f 2309/2644/2309 2275/2610/2275 2310/2645/2310
f 2310/2645/2310 2312/2647/2311 2311/2646/2312
f 2302/2637/2302 2310/2645/2310 2311/2646/2312
f 2275/2610/2275 2276/2611/2276 2310/2645/2310
f 2310/2645/2310 2313/2648/2313 2312/2647/2311
f 2276/2611/2276 2313/2648/2313 2310/2645/2310
f 2278/2613/2279 2312/2647/2311 2313/2648/2313
f 2276/2611/2276 2279/2614/2278 2313/2648/2313
f 2278/2613/2279 2313/2648/2313 2280/2615/2281
f 2313/2648/2313 2279/2614/2278 2280/2615/2281
f 2282/2617/2282 2312/2647/2311 2278/2613/2279
f 2311/2646/2312 2312/2647/2311 2282/2617/2282
f 2311/2646/2312 2282/2617/2282 2299/2634/2300
f 2302/2637/2302 2311/2646/2312 2300/2635/2301
f 2311/2646/2312 2299/2634/2300 2300/2635/2301
f 2314/2649/2314 2308/2643/2308 2307/2642/2307
f 2273/2608/2273 2308/2643/2308 2314/2649/2314
f 2315/2650/2315 2314/2649/2314 2316/2651/2316
f 2315/2650/2315 2272/2607/2272 2314/2649/2314
f 2273/2608/2273 2314/2649/2314 2272/2607/2272
f 2314/2649/2314 2317/2652/2317 2316/2651/2316
f 2314/2649/2314 2318/2653/2318 2317/2652/2317
f 2314/2649/2314 2307/2642/2307 2318/2653/2318
f 2307/2642/2307 2319/2654/2319 2318/2653/2318
f 2319/2654/2319 2317/2652/2317 2318/2653/2318
f 2307/2642/2307 2321/2656/2320 2319/2654/2319
f 2319/2654/2319 2320/2655/2321 2317/2652/2317
f 2319/2654/2319 2321/2656/2320 2320/2655/2321
f 2320/2655/2321 2321/2656/2320 2322/2657/2322
f 2321/2656/2320 2303/2638/2303 2322/2657/2322
f 2321/2656/2320 2305/2640/2306 2303/2638/2303
f 2307/2642/2307 2305/2640/2306 2321/2656/2320
f 2322/2657/2322 2303/2638/2303 2298/2633/2298
f 2322/2657/2322 2298/2633/2298 2323/2658/2323
f 2320/2655/2321 2322/2657/2322 2323/2658/2323
f 2239/2570/2239 2323/2658/2323 2298/2633/2298
f 2324/2659/2324 2320/2655/2321 2323/2658/2323
f 2324/2659/2324 2323/2658/2323 2239/2570/2239
f 2317/2652/2317 2324/2659/2324 2325/2660/2325
f 2324/2659/2324 2326/2661/2326 2325/2660/2325
f 2317/2652/2317 2320/2655/2321 2324/2659/2324
f 2239/2570/2239 2237/2566/2238 2324/2659/2324
f 2324/2659/2324 2237/2566/2238 2326/2661/2326
f 2327/2663/2327 2326/2662/2326 2329/2666/2328
f 2328/2665/2329 2326/2661/2326 2327/2664/2327
f 2328/2665/2329 2325/2660/2325 2326/2661/2326
f 2326/2662/2326 2237/2567/2238 2236/2565/2237
f 2326/2662/2326 2236/2565/2237 2329/2666/2328
f 2330/2667/2330 2331/2668/2331 2329/2666/2328
f 2330/2667/2330 2329/2666/2328 2236/2565/2237
f 2329/2666/2328 2331/2668/2331 2333/2672/2332
f 2327/2663/2327 2329/2666/2328 2332/2670/2333
f 2329/2666/2328 2333/2672/2332 2332/2670/2333
f 2332/2671/2333 2333/2673/2332 2334/2676/2334
f 2334/2675/2334 2333/2674/2332 2336/2678/2335
f 2333/2674/2332 2331/2669/2331 2335/2677/2336
f 2333/2674/2332 2335/2677/2336 2336/2678/2335
f 2336/2678/2335 2337/2679/2337 2339/2681/2338
f 2336/2678/2335 2338/2680/2339 2337/2679/2337
f 2335/2677/2336 2338/2680/2339 2336/2678/2335
f 2334/2675/2334 2336/2678/2335 2339/2681/2338
f 2340/2682/2340 2334/2675/2334 2339/2681/2338
f 2340/2682/2340 2339/2681/2338 2341/2684/2341
f 2337/2679/2337 2341/2684/2341 2339/2681/2338
f 2341/2684/2341 2342/2685/2342 2340/2682/2340
f 2341/2684/2341 2345/2691/2343 2342/2685/2342
f 2344/2690/2344 2341/2684/2341 2343/2687/2345
f 2337/2679/2337 2343/2687/2345 2341/2684/2341
f 2344/2690/2344 2345/2691/2343 2341/2684/2341
f 2345/2691/2343 2346/2692/2346 2342/2685/2342
f 2345/2691/2343 2348/2695/2347 2346/2692/2346
f 2347/2694/2348 2345/2691/2343 2344/2690/2344
f 2347/2694/2348 2348/2695/2347 2345/2691/2343
f 2348/2695/2347 2199/2528/2197 2197/2525/2198
f 2349/2696/2349 2199/2528/2197 2348/2695/2347
f 2348/2695/2347 2197/2525/2198 2346/2692/2346
f 2349/2696/2349 2348/2695/2347 2347/2694/2348
f 2349/2696/2349 2347/2694/2348 2350/2698/2350
f 2349/2696/2349 2350/2698/2350 2351/2700/2351
f 2194/2521/2195 2199/2528/2197 2349/2696/2349
f 2194/2521/2195 2349/2696/2349 2351/2700/2351
f 2351/2701/2351 2354/2706/2352 2352/2702/2353
f 2353/2704/2354 2351/2699/2351 2352/2703/2353
f 2194/2521/2195 2351/2700/2351 2353/2705/2354
f 2351/2701/2351 2350/2697/2350 2355/2707/2355
f 2351/2701/2351 2355/2707/2355 2354/2706/2352
f 2356/2708/2356 2354/2706/2352 2355/2707/2355
f 2355/2707/2355 2358/2711/2357 2356/2708/2356
f 2357/2709/2358 2355/2707/2355 2350/2697/2350
f 2357/2709/2358 2359/2712/2359 2355/2707/2355
f 2355/2707/2355 2359/2712/2359 2358/2711/2357
f 2360/2713/2360 2359/2712/2359 2357/2709/2358
f 2361/2714/2361 2359/2712/2359 2360/2713/2360
f 2361/2714/2361 2358/2711/2357 2359/2712/2359
f 2360/2713/2360 2362/2715/2362 2361/2714/2361
f 2365/2718/2363 2361/2714/2361 2362/2715/2362
f 2361/2714/2361 2363/2716/2364 2358/2711/2357
f 2361/2714/2361 2364/2717/2365 2363/2716/2364
f 2365/2718/2363 2364/2717/2365 2361/2714/2361
f 2365/2718/2363 2366/2719/2366 2364/2717/2365
f 2365/2718/2363 2369/2722/2367 2366/2719/2366
f 2367/2720/2368 2365/2718/2363 2368/2721/2369
f 2367/2720/2368 2369/2722/2367 2365/2718/2363
f 2368/2721/2369 2365/2718/2363 2362/2715/2362
f 2371/2724/2370 2366/2719/2366 2369/2722/2367
f 2370/2723/2371 2369/2722/2367 2367/2720/2368
f 2371/2724/2370 2369/2722/2367 2370/2723/2371
f 2372/2725/2372 2366/2719/2366 2371/2724/2370
f 2373/2726/2373 2372/2725/2372 2371/2724/2370
f 2374/2728/2374 2373/2726/2373 2371/2724/2370
f 2374/2728/2374 2371/2724/2370 2370/2723/2371
f 2370/2723/2371 2375/2731/2375 2374/2728/2374
f 2376/2732/2376 2374/2729/2374 2375/2730/2375
f 2376/2732/2376 2377/2733/2377 2374/2729/2374
f 2373/2727/2373 2374/2729/2374 2377/2733/2377
f 2373/2727/2373 2377/2733/2377 2379/2735/2378
f 2378/2734/2379 2377/2733/2377 2376/2732/2376
f 2378/2734/2379 2380/2736/2380 2377/2733/2377
f 2380/2736/2380 2379/2735/2378 2377/2733/2377
f 2380/2736/2380 2381/2737/2381 2379/2735/2378
f 2380/2736/2380 2382/2738/2382 2381/2737/2381
f 2380/2736/2380 2383/2739/2383 2382/2738/2382
f 2378/2734/2379 2383/2739/2383 2380/2736/2380
f 2384/2740/2384 2383/2739/2383 2385/2741/2385
f 2384/2740/2384 2382/2738/2382 2383/2739/2383
f 2385/2741/2385 2383/2739/2383 2386/2742/2386
f 2378/2734/2379 2386/2742/2386 2383/2739/2383
f 2387/2743/2387 2386/2742/2386 2378/2734/2379
f 2388/2744/2388 2386/2742/2386 2387/2743/2387
f 2385/2741/2385 2386/2742/2386 2388/2744/2388
f 2388/2744/2388 2387/2743/2387 2390/2746/2389
f 2389/2745/2390 2388/2744/2388 2390/2746/2389
f 2389/2745/2390 2392/2748/2391 2388/2744/2388
f 2391/2747/2392 2385/2741/2385 2388/2744/2388
f 2391/2747/2392 2388/2744/2388 2392/2748/2391
f 2393/2749/2393 2391/2747/2392 2392/2748/2391
f 2393/2749/2393 2392/2748/2391 2394/2751/2394
f 2392/2748/2391 2395/2753/2395 2394/2751/2394
f 2392/2748/2391 2389/2745/2390 2395/2753/2395
f 2396/2755/2396 2395/2753/2395 2389/2745/2390
f 2396/2755/2396 2397/2757/2397 2395/2753/2395
f 2395/2754/2395 2397/2756/2397 2398/2758/2398
f 2395/2754/2395 2398/2758/2398 2399/2759/2399
f 2395/2754/2395 2399/2759/2399 2400/2760/2400
f 2395/2754/2395 2400/2760/2400 2394/2752/2394
f 2399/2759/2399 2401/2761/2401 2400/2760/2400
f 2399/2759/2399 2402/2762/2402 2401/2761/2401
f 2402/2762/2402 2405/2765/2403 2401/2761/2401
f 2399/2759/2399 2403/2763/2404 2402/2762/2402
f 2402/2762/2402 2403/2763/2404 2404/2764/2405
f 2402/2762/2402 2404/2764/2405 2406/2766/2406
f 2402/2762/2402 2406/2766/2406 2405/2765/2403
f 2406/2766/2406 2408/2768/2407 2405/2765/2403
f 2406/2766/2406 2404/2764/2405 2407/2767/2408
f 2406/2766/2406 2407/2767/2408 2409/2769/2409
f 2406/2766/2406 2409/2769/2409 2408/2768/2407
f 2410/2770/2410 2408/2768/2407 2409/2769/2409
f 2410/2770/2410 2409/2769/2409 2407/2767/2408
f 2410/2771/2410 2419/2782/2411 2411/2772/2412
f 2410/2771/2410 2411/2772/2412 2412/2773/2413
f 2410/2770/2410 2412/2774/2413 2408/2768/2407
f 2410/2771/2410 2413/2775/2414 2416/2779/2415
f 2410/2771/2410 2414/2776/2416 2413/2775/2414
f 2410/2770/2410 2407/2767/2408 2414/2777/2416
f 2415/2778/2417 2410/2771/2410 2416/2779/2415
f 2415/2778/2417 2417/2780/2418 2410/2771/2410
f 2418/2781/2419 2410/2771/2410 2417/2780/2418
f 2418/2781/2419 2419/2782/2411 2410/2771/2410
f 2419/2782/2411 2418/2781/2419 2420/2783/2420
f 2420/2783/2420 2411/2772/2412 2419/2782/2411
f 2420/2783/2420 2421/2784/2421 2411/2772/2412
f 2421/2784/2421 2420/2783/2420 2422/2785/2422
f 2423/2786/2423 2422/2785/2422 2420/2783/2420
f 2424/2787/2424 2423/2786/2423 2420/2783/2420
f 2424/2787/2424 2420/2783/2420 2418/2781/2419
f 2424/2787/2424 2426/2789/2425 2425/2788/2426
f 2424/2787/2424 2425/2788/2426 2423/2786/2423
f 2424/2787/2424 2417/2780/2418 2426/2789/2425
f 2424/2787/2424 2418/2781/2419 2417/2780/2418
f 2427/2790/2427 2425/2788/2426 2426/2789/2425
f 2417/2780/2418 2427/2790/2427 2426/2789/2425
f 2427/2790/2427 2430/2793/2428 2425/2788/2426
f 2427/2790/2427 2417/2780/2418 2429/2792/2429
f 2427/2790/2427 2429/2792/2429 2428/2791/2430
f 2427/2790/2427 2428/2791/2430 2430/2793/2428
f 2431/2794/2431 2425/2788/2426 2430/2793/2428
f 2431/2794/2431 2430/2793/2428 2432/2795/2432
f 2433/2796/2433 2432/2795/2432 2430/2793/2428
f 2433/2796/2433 2430/2793/2428 2428/2791/2430
f 2434/2797/2434 2433/2796/2433 2435/2798/2435
f 2434/2797/2434 2437/2800/2436 2433/2796/2433
f 2435/2798/2435 2433/2796/2433 2428/2791/2430
f 2436/2799/2437 2432/2795/2432 2433/2796/2433
f 2436/2799/2437 2433/2796/2433 2437/2800/2436
f 2438/2802/2438 2437/2800/2436 2434/2797/2434
f 1814/2075/1814 2436/2799/2437 2437/2800/2436
f 1814/2075/1814 2437/2800/2436 1818/2080/1815
f 2438/2802/2438 1818/2080/1815 2437/2800/2436
f 1820/2083/1820 1818/2081/1815 2438/2801/2438
f 1820/2083/1820 2438/2801/2438 2439/2803/2439
f 2438/2802/2438 2440/2805/2440 2439/2804/2439
f 2438/2802/2438 2434/2797/2434 2440/2805/2440
f 2442/2807/2441 2440/2805/2440 2434/2797/2434
f 2442/2807/2441 2441/2806/2442 2440/2805/2440
f 2441/2806/2442 2439/2804/2439 2440/2805/2440
f 2444/2809/2443 2443/2808/2444 2442/2807/2441
f 2442/2807/2441 2443/2808/2444 2441/2806/2442
f 2444/2809/2443 2442/2807/2441 2435/2798/2435
f 2442/2807/2441 2434/2797/2434 2435/2798/2435
f 2444/2809/2443 2447/2812/2445 2445/2810/2446
f 2444/2809/2443 2445/2810/2446 2446/2811/2447
f 2444/2809/2443 2446/2811/2447 2443/2808/2444
f 2447/2812/2445 2444/2809/2443 2448/2813/2448
f 2444/2809/2443 2435/2798/2435 2448/2813/2448
f 2447/2812/2445 2448/2813/2448 2449/2814/2449
f 2450/2815/2450 2448/2813/2448 2435/2798/2435
f 2450/2815/2450 2449/2814/2449 2448/2813/2448
f 2451/2816/2451 2449/2814/2449 2450/2815/2450
f 2451/2816/2451 2450/2815/2450 2428/2791/2430
f 2435/2798/2435 2428/2791/2430 2450/2815/2450
f 2451/2816/2451 2415/2778/2417 2449/2814/2449
f 2451/2816/2451 2429/2792/2429 2417/2780/2418
f 2451/2816/2451 2428/2791/2430 2429/2792/2429
f 2451/2816/2451 2417/2780/2418 2415/2778/2417
f 2416/2779/2415 2449/2814/2449 2415/2778/2417
f 2449/2814/2449 2416/2779/2415 2413/2775/2414
f 2449/2814/2449 2413/2775/2414 2447/2812/2445
f 2413/2775/2414 2445/2810/2446 2447/2812/2445
f 2453/2818/2452 2446/2811/2447 2445/2810/2446
f 2446/2811/2447 2452/2817/2453 2443/2808/2444
f 2446/2811/2447 2453/2818/2452 2452/2817/2453
f 2453/2818/2452 2445/2810/2446 2454/2819/2454
f 2454/2819/2454 2456/2823/2455 2453/2818/2452
f 2453/2818/2452 2455/2821/2456 2452/2817/2453
f 2453/2818/2452 2456/2823/2455 2455/2821/2456
f 2457/2824/2457 2456/2822/2455 2458/2825/2458
f 2457/2824/2457 2455/2820/2456 2456/2822/2455
f 2459/2826/2459 2458/2825/2458 2456/2822/2455
f 2454/2819/2454 2459/2827/2459 2456/2823/2455
f 2463/2832/2460 2459/2827/2459 2454/2819/2454
f 2459/2826/2459 2461/2829/2461 2460/2828/2462
f 2459/2826/2459 2460/2828/2462 2458/2825/2458
f 2459/2826/2459 2462/2831/2463 2461/2829/2461
f 2463/2832/2460 2462/2830/2463 2459/2827/2459
f 2465/2835/2464 2464/2834/2465 2463/2832/2460
f 2464/2834/2465 2462/2830/2463 2463/2832/2460
f 2465/2835/2464 2463/2832/2460 2466/2837/2466
f 2466/2837/2466 2463/2832/2460 2454/2819/2454
f 2465/2835/2464 2466/2837/2466 2413/2775/2414
f 2466/2837/2466 2454/2819/2454 2445/2810/2446
f 2413/2775/2414 2466/2837/2466 2445/2810/2446
f 2465/2836/2464 2407/2767/2408 2464/2833/2465
f 2465/2835/2464 2413/2775/2414 2414/2776/2416
f 2465/2836/2464 2414/2777/2416 2407/2767/2408
f 2407/2767/2408 2467/2840/2467 2464/2833/2465
f 2464/2834/2465 2467/2838/2467 2462/2830/2463
f 2467/2840/2467 2404/2764/2405 2468/2841/2468
f 2462/2831/2463 2467/2839/2467 2468/2842/2468
f 2467/2840/2467 2407/2767/2408 2404/2764/2405
f 2403/2763/2404 2469/2844/2469 2468/2841/2468
f 2469/2843/2469 2461/2829/2461 2468/2842/2468
f 2403/2763/2404 2468/2841/2468 2404/2764/2405
f 2462/2831/2463 2468/2842/2468 2461/2829/2461
f 2471/2846/2470 2470/2845/2471 2469/2843/2469
f 2469/2843/2469 2470/2845/2471 2461/2829/2461
f 2471/2846/2470 2469/2843/2469 2472/2847/2472
f 2472/2848/2472 2469/2844/2469 2403/2763/2404
f 2472/2847/2472 2473/2849/2473 2471/2846/2470
f 2472/2847/2472 2474/2851/2474 2473/2849/2473
f 2397/2756/2397 2474/2850/2474 2472/2848/2472
f 2397/2756/2397 2472/2848/2472 2398/2758/2398
f 2472/2848/2472 2403/2763/2404 2398/2758/2398
f 2474/2851/2474 2397/2757/2397 2396/2755/2396
f 2474/2851/2474 2396/2755/2396 2473/2849/2473
f 2471/2846/2470 2473/2849/2473 2475/2852/2475
f 2473/2849/2473 2476/2853/2476 2475/2852/2475
f 2473/2849/2473 2396/2755/2396 2476/2853/2476
f 2476/2853/2476 2387/2743/2387 2477/2854/2477
f 2476/2853/2476 2390/2746/2389 2387/2743/2387
f 2475/2852/2475 2476/2853/2476 2477/2854/2477
f 2389/2745/2390 2390/2746/2389 2476/2853/2476
f 2389/2745/2390 2476/2853/2476 2396/2755/2396
f 2387/2743/2387 2478/2855/2478 2477/2854/2477
f 2475/2852/2475 2477/2854/2477 2479/2856/2479
f 2478/2855/2478 2479/2856/2479 2477/2854/2477
f 2481/2858/2480 2479/2856/2479 2480/2857/2481
f 2482/2859/2482 2480/2857/2481 2479/2856/2479
f 2481/2858/2480 2475/2852/2475 2479/2856/2479
f 2478/2855/2478 2482/2859/2482 2479/2856/2479
f 2482/2859/2482 2483/2860/2483 2484/2861/2484
f 2478/2855/2478 2483/2860/2483 2482/2859/2482
f 2482/2859/2482 2484/2861/2484 2485/2862/2485
f 2482/2859/2482 2485/2862/2485 2480/2857/2481
f 2480/2857/2481 2485/2862/2485 2486/2863/2486
f 2485/2862/2485 2487/2864/2487 2486/2863/2486
f 2485/2862/2485 2484/2861/2484 2487/2864/2487
f 2487/2864/2487 2488/2865/2488 2490/2869/2489
f 2487/2864/2487 2489/2868/2490 2488/2865/2488
f 2484/2861/2484 2489/2868/2490 2487/2864/2487
f 2486/2863/2486 2487/2864/2487 2490/2869/2489
f 2457/2824/2457 2490/2869/2489 2491/2870/2491
f 2492/2872/2492 2491/2870/2491 2490/2869/2489
f 2486/2863/2486 2490/2869/2489 2457/2824/2457
f 2492/2872/2492 2490/2869/2489 2488/2865/2488
f 2495/2880/2493 2492/2875/2492 2493/2877/2494
f 2493/2876/2494 2492/2873/2492 2494/2878/2495
f 2494/2879/2495 2492/2874/2492 2488/2866/2488
f 2495/2880/2493 2491/2871/2491 2492/2875/2492
f 2441/2806/2442 2495/2880/2493 2493/2877/2494
f 2443/2808/2444 2452/2817/2453 2495/2880/2493
f 2452/2817/2453 2491/2871/2491 2495/2880/2493
f 2443/2808/2444 2495/2880/2493 2441/2806/2442
f 2496/2881/2496 2494/2878/2495 2067/2364/2067
f 2493/2876/2494 2494/2878/2495 2496/2881/2496
f 2494/2879/2495 2069/2366/2070 2067/2363/2067
f 2494/2879/2495 2488/2866/2488 2497/2882/2497
f 2494/2879/2495 2497/2882/2497 2069/2366/2070
f 2489/2867/2490 2497/2882/2497 2488/2866/2488
f 2489/2867/2490 2075/2372/2075 2497/2882/2497
f 2497/2882/2497 2070/2367/2069 2069/2366/2070
f 2497/2882/2497 2075/2372/2075 2070/2367/2069
f 2499/2884/2498 2493/2876/2494 2496/2881/2496
f 2496/2881/2496 2067/2364/2067 2498/2883/2499
f 2500/2886/2500 2496/2881/2496 2498/2883/2499
f 2499/2884/2498 2496/2881/2496 2500/2886/2500
f 2501/2887/2501 2500/2886/2500 2502/2888/2502
f 2501/2887/2501 2499/2884/2498 2500/2886/2500
f 2500/2886/2500 2498/2883/2499 2502/2888/2502
f 2501/2887/2501 2502/2888/2502 1827/2090/1828
f 1827/2090/1828 2502/2888/2502 1829/2092/1829
f 2502/2888/2502 2498/2883/2499 2065/2360/2066
f 2502/2888/2502 2065/2360/2066 1829/2092/1829
f 2501/2887/2501 2439/2803/2439 2499/2884/2498
f 1820/2083/1820 2501/2887/2501 1827/2090/1828
f 1820/2083/1820 2439/2803/2439 2501/2887/2501
f 2441/2806/2442 2499/2885/2498 2439/2804/2439
f 2441/2806/2442 2493/2877/2494 2499/2885/2498
f 2067/2364/2067 2065/2360/2066 2498/2883/2499
f 2457/2824/2457 2491/2870/2491 2455/2820/2456
f 2452/2817/2453 2455/2821/2456 2491/2871/2491
f 2503/2890/2503 2075/2372/2075 2489/2867/2490
f 2484/2861/2484 2503/2889/2503 2489/2868/2490
f 2503/2890/2503 2076/2373/2076 2075/2372/2075
f 2503/2889/2503 2484/2861/2484 2483/2860/2483
f 2503/2889/2503 2483/2860/2483 2504/2892/2504
f 2504/2891/2504 2076/2373/2076 2503/2890/2503
f 2504/2891/2504 2505/2893/2505 2076/2373/2076
f 2505/2893/2505 2504/2891/2504 2506/2895/2506
f 2507/2896/2507 2506/2894/2506 2504/2892/2504
f 2507/2896/2507 2504/2892/2504 2483/2860/2483
f 2478/2855/2478 2507/2896/2507 2483/2860/2483
f 2509/2898/2508 2507/2896/2507 2478/2855/2478
f 2506/2894/2506 2507/2896/2507 2508/2897/2509
f 2509/2898/2508 2508/2897/2509 2507/2896/2507
f 2509/2898/2508 2376/2732/2376 2508/2897/2509
f 2509/2898/2508 2378/2734/2379 2376/2732/2376
f 2387/2743/2387 2378/2734/2379 2509/2898/2508
f 2387/2743/2387 2509/2898/2508 2478/2855/2478
f 2506/2894/2506 2508/2897/2509 2510/2899/2510
f 2375/2730/2375 2510/2899/2510 2508/2897/2509
f 2375/2730/2375 2508/2897/2509 2376/2732/2376
f 2512/2902/2511 2510/2900/2510 2511/2901/2512
f 2513/2903/2513 2511/2901/2512 2510/2900/2510
f 2512/2902/2511 2506/2895/2506 2510/2900/2510
f 2513/2903/2513 2510/2900/2510 2375/2731/2375
f 2370/2723/2371 2367/2720/2368 2513/2903/2513
f 2370/2723/2371 2513/2903/2513 2375/2731/2375
f 2513/2903/2513 2514/2904/2514 2511/2901/2512
f 2513/2903/2513 2367/2720/2368 2514/2904/2514
f 2512/2902/2511 2511/2901/2512 2514/2904/2514
f 2512/2902/2511 2514/2904/2514 2079/2376/2079
f 2514/2904/2514 2080/2377/2080 2079/2376/2079
f 2514/2904/2514 2515/2905/2515 2080/2377/2080
f 2514/2904/2514 2367/2720/2368 2368/2721/2369
f 2514/2904/2514 2368/2721/2369 2515/2905/2515
f 2515/2905/2515 2368/2721/2369 2516/2906/2516
f 2515/2905/2515 2082/2379/2082 2080/2377/2080
f 2515/2905/2515 2517/2907/2517 2082/2379/2082
f 2515/2905/2515 2516/2906/2516 2517/2907/2517
f 2517/2907/2517 2518/2908/2518 2519/2909/2519
f 2517/2907/2517 2516/2906/2516 2518/2908/2518
f 2517/2907/2517 2519/2909/2519 2083/2380/2083
f 2517/2907/2517 2083/2380/2083 2082/2379/2082
f 2520/2911/2520 2519/2909/2519 2518/2908/2518
f 2091/2391/2091 2083/2380/2083 2519/2909/2519
f 2091/2391/2091 2519/2909/2519 2521/2912/2521
f 2520/2911/2520 2521/2912/2521 2519/2909/2519
f 2520/2910/2520 2522/2914/2522 2521/2913/2521
f 2091/2392/2091 2521/2913/2521 2522/2914/2522
f 2091/2392/2091 2522/2914/2522 2092/2393/2092
f 2092/2393/2092 2522/2914/2522 2097/2398/2096
f 2523/2915/2523 2097/2398/2096 2522/2914/2522
f 2520/2910/2520 2523/2915/2523 2522/2914/2522
f 2524/2916/2524 2526/2919/2525 2523/2915/2523
f 2524/2916/2524 2523/2915/2523 2520/2910/2520
f 2526/2919/2525 2525/2918/2526 2523/2915/2523
f 2523/2915/2523 2525/2918/2526 2097/2398/2096
f 2337/2679/2337 2526/2919/2525 2524/2916/2524
f 2337/2679/2337 2527/2920/2527 2526/2919/2525
f 2526/2919/2525 2527/2920/2527 2525/2918/2526
f 2338/2680/2339 2528/2921/2528 2527/2920/2527
f 2527/2920/2527 2528/2921/2528 2529/2922/2529
f 2527/2920/2527 2529/2922/2529 2525/2918/2526
f 2337/2679/2337 2338/2680/2339 2527/2920/2527
f 2528/2921/2528 2530/2923/2530 2529/2922/2529
f 2529/2922/2529 2530/2923/2530 2100/2401/2099
f 2529/2922/2529 2100/2401/2099 2096/2397/2097
f 2525/2918/2526 2529/2922/2529 2096/2397/2097
f 2530/2923/2530 2533/2926/2531 2100/2401/2099
f 2528/2921/2528 2531/2924/2532 2530/2923/2530
f 2531/2924/2532 2532/2925/2533 2530/2923/2530
f 2530/2923/2530 2532/2925/2533 2533/2926/2531
f 2120/2427/2120 2533/2926/2531 2123/2430/2123
f 2532/2925/2533 2123/2430/2123 2533/2926/2531
f 2099/2400/2101 2533/2926/2531 2120/2427/2120
f 2099/2400/2101 2100/2401/2099 2533/2926/2531
f 2532/2925/2533 2535/2928/2534 2123/2430/2123
f 2531/2924/2532 2534/2927/2535 2532/2925/2533
f 2534/2927/2535 2535/2928/2534 2532/2925/2533
f 2124/2431/2124 2123/2430/2123 2535/2928/2534
f 2124/2431/2124 2535/2928/2534 2536/2929/2536
f 2535/2928/2534 2537/2930/2537 2536/2929/2536
f 2535/2928/2534 2538/2931/2538 2537/2930/2537
f 2534/2927/2535 2538/2931/2538 2535/2928/2534
f 2538/2931/2538 2539/2932/2539 2537/2930/2537
f 2538/2931/2538 2540/2933/2540 2539/2932/2539
f 2541/2934/2541 2538/2931/2538 2534/2927/2535
f 2541/2934/2541 2540/2933/2540 2538/2931/2538
f 2542/2935/2542 2541/2934/2541 2534/2927/2535
f 2544/2937/2543 2540/2933/2540 2541/2934/2541
f 2542/2935/2542 2543/2936/2544 2541/2934/2541
f 2543/2936/2544 2544/2937/2543 2541/2934/2541
f 2543/2936/2544 2547/2940/2545 2544/2937/2543
f 2546/2939/2546 2545/2938/2547 2544/2937/2543
f 2544/2937/2543 2545/2938/2547 2540/2933/2540
f 2547/2940/2545 2546/2939/2546 2544/2937/2543
f 2548/2941/2548 2550/2945/2549 2547/2940/2545
f 2549/2944/2550 2548/2941/2548 2547/2940/2545
f 2549/2944/2550 2547/2940/2545 2543/2936/2544
f 2547/2940/2545 2550/2945/2549 2546/2939/2546
f 2548/2941/2548 2551/2946/2551 2550/2945/2549
f 2182/2506/2183 2550/2945/2549 2188/2512/2189
f 2188/2512/2189 2550/2945/2549 2551/2946/2551
f 2182/2506/2183 2546/2939/2546 2550/2945/2549
f 2188/2512/2189 2551/2946/2551 2191/2516/2192
f 2191/2517/2192 2551/2947/2551 2552/2948/2552
f 2551/2947/2551 2553/2949/2553 2552/2948/2552
f 2551/2947/2551 2548/2942/2548 2553/2949/2553
f 2552/2948/2552 2553/2949/2553 2555/2951/2554
f 2553/2949/2553 2548/2942/2548 2549/2943/2550
f 2553/2949/2553 2549/2943/2550 2554/2950/2555
f 2555/2951/2554 2553/2949/2553 2554/2950/2555
f 2555/2951/2554 2554/2950/2555 2557/2953/2556
f 2556/2952/2557 2555/2951/2554 2558/2954/2558
f 2552/2948/2552 2555/2951/2554 2556/2952/2557
f 2558/2954/2558 2555/2951/2554 2557/2953/2556
f 2558/2954/2558 2557/2953/2556 2231/2560/2231
f 2227/2556/2226 2224/2553/2224 2558/2954/2558
f 2224/2553/2224 2559/2955/2559 2558/2954/2558
f 2227/2556/2226 2558/2954/2558 2231/2560/2231
f 2556/2952/2557 2558/2954/2558 2559/2955/2559
f 2219/2548/2219 2560/2956/2560 2559/2955/2559
f 2561/2957/2561 2559/2955/2559 2560/2956/2560
f 2219/2548/2219 2559/2955/2559 2221/2550/2220
f 2224/2553/2224 2221/2550/2220 2559/2955/2559
f 2561/2957/2561 2556/2952/2557 2559/2955/2559
f 2201/2530/2202 2561/2957/2561 2202/2531/2203
f 2201/2530/2202 2562/2958/2562 2561/2957/2561
f 2562/2958/2562 2556/2952/2557 2561/2957/2561
f 2202/2531/2203 2561/2957/2561 2560/2956/2560
f 2190/2515/2191 2562/2958/2562 2201/2530/2202
f 2190/2515/2191 2191/2517/2192 2562/2958/2562
f 2191/2517/2192 2552/2948/2552 2562/2958/2562
f 2562/2958/2562 2552/2948/2552 2556/2952/2557
f 2204/2533/2204 2560/2956/2560 2219/2548/2219
f 2202/2531/2203 2560/2956/2560 2204/2533/2204
f 2557/2953/2556 2330/2667/2330 2234/2563/2235
f 2557/2953/2556 2554/2950/2555 2330/2667/2330
f 2231/2560/2231 2557/2953/2556 2234/2563/2235
f 2554/2950/2555 2549/2943/2550 2563/2960/2563
f 2554/2950/2555 2563/2960/2563 2330/2667/2330
f 2563/2959/2563 2549/2944/2550 2543/2936/2544
f 2563/2959/2563 2543/2936/2544 2564/2961/2564
f 2331/2669/2331 2563/2959/2563 2564/2961/2564
f 2330/2667/2330 2563/2960/2563 2331/2668/2331
f 2331/2669/2331 2564/2961/2564 2335/2677/2336
f 2542/2935/2542 2564/2961/2564 2543/2936/2544
f 2564/2961/2564 2542/2935/2542 2565/2962/2565
f 2564/2961/2564 2565/2962/2565 2335/2677/2336
f 2565/2962/2565 2542/2935/2542 2531/2924/2532
f 2338/2680/2339 2565/2962/2565 2528/2921/2528
f 2565/2962/2565 2531/2924/2532 2528/2921/2528
f 2335/2677/2336 2565/2962/2565 2338/2680/2339
f 2546/2939/2546 2566/2963/2566 2545/2938/2547
f 2567/2964/2567 2566/2963/2566 2546/2939/2546
f 2567/2964/2567 2546/2939/2546 2179/2502/2180
f 2179/2502/2180 2546/2939/2546 2182/2506/2183
f 2568/2965/2568 2566/2963/2566 2567/2964/2567
f 2569/2966/2569 2568/2965/2568 2567/2964/2567
f 2569/2966/2569 2567/2964/2567 2174/2494/2175
f 2179/2502/2180 2174/2494/2175 2567/2964/2567
f 2569/2967/2569 2175/2496/2176 2570/2968/2570
f 2174/2495/2175 2175/2496/2176 2569/2967/2569
f 2571/2970/2571 2568/2965/2568 2569/2966/2569
f 2569/2967/2569 2570/2968/2570 2571/2969/2571
f 2571/2969/2571 2572/2972/2572 2573/2974/2573
f 2571/2969/2571 2570/2968/2570 2572/2972/2572
f 2574/2977/2574 2571/2970/2571 2573/2975/2573
f 2574/2977/2574 2575/2978/2575 2571/2970/2571
f 2571/2970/2571 2575/2978/2575 2568/2965/2568
f 2575/2978/2575 2577/2980/2576 2568/2965/2568
f 2574/2977/2574 2576/2979/2577 2575/2978/2575
f 2575/2978/2575 2576/2979/2577 2577/2980/2576
f 2576/2979/2577 2578/2981/2578 2577/2980/2576
f 2545/2938/2547 2577/2980/2576 2578/2981/2578
f 2545/2938/2547 2566/2963/2566 2577/2980/2576
f 2568/2965/2568 2577/2980/2576 2566/2963/2566
f 2540/2933/2540 2545/2938/2547 2578/2981/2578
f 2540/2933/2540 2578/2981/2578 2539/2932/2539
f 2576/2979/2577 2579/2982/2579 2578/2981/2578
f 2579/2982/2579 2539/2932/2539 2578/2981/2578
f 2581/2986/2580 2580/2983/2581 2579/2982/2579
f 2580/2983/2581 2582/2987/2582 2579/2982/2579
f 2581/2986/2580 2579/2982/2579 2576/2979/2577
f 2579/2982/2579 2582/2987/2582 2539/2932/2539
f 2580/2983/2581 2584/2989/2583 2582/2987/2582
f 2582/2987/2582 2583/2988/2584 2537/2930/2537
f 2584/2989/2583 2583/2988/2584 2582/2987/2582
f 2582/2987/2582 2537/2930/2537 2539/2932/2539
f 2584/2989/2583 2585/2992/2585 2583/2988/2584
f 2584/2990/2583 2586/2993/2586 2585/2991/2585
f 2584/2990/2583 2587/2994/2587 2586/2993/2586
f 2580/2984/2581 2587/2994/2587 2584/2990/2583
f 2580/2984/2581 2590/2997/2588 2587/2994/2587
f 2587/2994/2587 2589/2996/2589 2588/2995/2590
f 2587/2994/2587 2588/2995/2590 2586/2993/2586
f 2590/2997/2588 2589/2996/2589 2587/2994/2587
f 2581/2985/2580 2590/2997/2588 2580/2984/2581
f 2581/2985/2580 2592/2999/2591 2590/2997/2588
f 2592/2999/2591 2591/2998/2592 2590/2997/2588
f 2590/2997/2588 2591/2998/2592 2589/2996/2589
f 2574/2976/2574 2592/2999/2591 2581/2985/2580
f 2592/2999/2591 2593/3000/2593 2591/2998/2592
f 2574/2976/2574 2594/3001/2594 2592/2999/2591
f 2594/3001/2594 2593/3000/2593 2592/2999/2591
f 2572/2971/2572 2596/3003/2595 2594/3001/2594
f 2572/2971/2572 2594/3001/2594 2574/2976/2574
f 2596/3003/2595 2595/3002/2596 2594/3001/2594
f 2594/3001/2594 2595/3002/2596 2593/3000/2593
f 2572/2971/2572 2598/3005/2597 2596/3003/2595
f 2596/3003/2595 2597/3004/2598 2595/3002/2596
f 2596/3003/2595 2599/3006/2599 2597/3004/2598
f 2596/3003/2595 2598/3005/2597 2599/3006/2599
f 2598/3005/2597 2600/3007/2600 2599/3006/2599
f 2600/3007/2600 2601/3008/2601 2599/3006/2599
f 2597/3004/2598 2599/3006/2599 2601/3008/2601
f 2604/3014/2602 2602/3010/2603 2601/3009/2601
f 2597/3004/2598 2601/3008/2601 2602/3011/2603
f 2600/3007/2600 2603/3013/2604 2601/3008/2601
f 2605/3015/2605 2601/3009/2601 2603/3012/2604
f 2604/3014/2602 2601/3009/2601 2605/3015/2605
f 2605/3015/2605 2603/3012/2604 2606/3016/2606
f 2607/3017/2607 2605/3015/2605 2606/3016/2606
f 2607/3017/2607 2608/3018/2608 2605/3015/2605
f 2604/3014/2602 2605/3015/2605 2608/3018/2608
f 2609/3019/2609 2608/3018/2608 2607/3017/2607
f 2604/3014/2602 2608/3018/2608 2611/3021/2610
f 2609/3019/2609 2610/3020/2611 2608/3018/2608
f 2610/3020/2611 2611/3021/2610 2608/3018/2608
f 2604/3014/2602 2611/3021/2610 2613/3023/2612
f 2610/3020/2611 2612/3022/2613 2611/3021/2610
f 2614/3024/2614 2611/3021/2610 2612/3022/2613
f 2614/3024/2614 2613/3023/2612 2611/3021/2610
f 2616/3026/2615 2614/3024/2614 2612/3022/2613
f 2615/3025/2616 2613/3023/2612 2614/3024/2614
f 2617/3027/2617 2615/3025/2616 2614/3024/2614
f 2617/3027/2617 2614/3024/2614 2616/3026/2615
f 2618/3028/2618 2617/3027/2617 2616/3026/2615
f 2620/3030/2619 2617/3027/2617 2618/3028/2618
f 2619/3029/2620 2617/3027/2617 2620/3030/2619
f 2619/3029/2620 2615/3025/2616 2617/3027/2617
f 2620/3030/2619 2618/3028/2618 2624/3034/2621
f 2620/3030/2619 2621/3031/2622 2619/3029/2620
f 2620/3030/2619 2622/3032/2623 2621/3031/2622
f 2623/3033/2624 2622/3032/2623 2620/3030/2619
f 2623/3033/2624 2620/3030/2619 2624/3034/2621
f 2618/3028/2618 2625/3035/2625 2624/3034/2621
f 2625/3035/2625 2623/3033/2624 2624/3034/2621
f 2618/3028/2618 2627/3037/2626 2625/3035/2625
f 2625/3035/2625 2626/3036/2627 2623/3033/2624
f 2631/3041/2628 2626/3036/2627 2625/3035/2625
f 2628/3038/2629 2625/3035/2625 2627/3037/2626
f 2628/3038/2629 2629/3039/2630 2625/3035/2625
f 2630/3040/2631 2625/3035/2625 2629/3039/2630
f 2631/3041/2628 2625/3035/2625 2630/3040/2631
f 2634/3044/2632 2626/3036/2627 2631/3041/2628
f 2631/3041/2628 2632/3042/2633 2633/3043/2634
f 2635/3045/2635 2632/3042/2633 2631/3041/2628
f 2631/3041/2628 2633/3043/2634 2634/3044/2632
f 2635/3045/2635 2631/3041/2628 2630/3040/2631
f 2636/3046/2636 2635/3045/2635 2630/3040/2631
f 2637/3047/2637 2635/3045/2635 2636/3046/2636
f 2638/3048/2638 2635/3045/2635 2637/3047/2637
f 2638/3048/2638 2632/3042/2633 2635/3045/2635
f 2640/3050/2639 2638/3048/2638 2639/3049/2640
f 2638/3048/2638 2641/3051/2641 2639/3049/2640
f 2640/3050/2639 2632/3042/2633 2638/3048/2638
f 2638/3048/2638 2637/3047/2637 2641/3051/2641
f 2639/3049/2640 2641/3051/2641 2642/3052/2642
f 2641/3051/2641 2643/3053/2643 2642/3052/2642
f 2641/3051/2641 2644/3054/2644 2643/3053/2643
f 2637/3047/2637 2644/3054/2644 2641/3051/2641
f 2646/3056/2645 2645/3055/2646 2644/3054/2644
f 2644/3054/2644 2645/3055/2646 2647/3057/2647
f 2644/3054/2644 2647/3057/2647 2643/3053/2643
f 2637/3047/2637 2646/3056/2645 2644/3054/2644
f 2645/3055/2646 2648/3058/2648 2647/3057/2647
f 2648/3058/2648 2649/3059/2649 2647/3057/2647
f 2647/3057/2647 2649/3059/2649 2650/3060/2650
f 2647/3057/2647 2650/3060/2650 2643/3053/2643
f 2643/3053/2643 2650/3060/2650 2651/3061/2651
f 2643/3053/2643 2651/3061/2651 2642/3052/2642
f 2642/3052/2642 2651/3061/2651 2652/3062/2652
f 2642/3052/2642 2652/3062/2652 2653/3063/2653
f 2652/3062/2652 2654/3064/2654 2653/3063/2653
f 2652/3062/2652 2655/3065/2655 2654/3064/2654
f 2656/3066/2656 2654/3064/2654 2655/3065/2655
f 2656/3066/2656 2657/3067/2657 2654/3064/2654
f 2658/3068/2658 2657/3067/2657 2656/3066/2656
f 2658/3068/2658 2656/3066/2656 2659/3069/2659
f 2660/3070/2660 2658/3068/2658 2659/3069/2659
f 2660/3070/2660 2661/3071/2661 2658/3068/2658
f 2661/3071/2661 2660/3070/2660 2662/3072/2662
f 2661/3071/2661 2662/3072/2662 2663/3073/2663
f 2663/3073/2663 2662/3072/2662 2664/3074/2664
f 2663/3073/2663 2664/3074/2664 2665/3075/2665
f 2665/3075/2665 2664/3074/2664 2666/3076/2666
f 2665/3075/2665 2666/3076/2666 2667/3077/2667
f 2667/3077/2667 2666/3076/2666 2668/3078/2668
f 2667/3077/2667 2668/3078/2668 2669/3079/2669
f 2669/3079/2669 2668/3078/2668 2670/3080/2670
f 2669/3079/2669 2670/3080/2670 2671/3081/2671
f 2671/3081/2671 2670/3080/2670 2672/3082/2672
f 2671/3081/2671 2672/3082/2672 2673/3083/2673
f 2672/3082/2672 2674/3084/2674 2673/3083/2673
f 2672/3082/2672 2675/3085/2675 2674/3084/2674
f 2674/3084/2674 2675/3085/2675 2676/3086/2676
f 2674/3084/2674 2676/3086/2676 2677/3087/2677
f 2676/3086/2676 2678/3088/2678 2677/3087/2677
f 2676/3086/2676 2679/3089/2679 2678/3088/2678
f 2678/3088/2678 2679/3089/2679 2680/3090/2680
f 2678/3088/2678 2680/3090/2680 2681/3091/2681
f 2680/3090/2680 2682/3092/2682 2681/3091/2681
f 2680/3090/2680 2683/3093/2683 2682/3092/2682
f 2683/3093/2683 2684/3094/2684 2682/3092/2682
f 2683/3093/2683 2685/3095/2685 2684/3094/2684
f 2684/3094/2684 2685/3095/2685 2686/3096/2686
f 2684/3094/2684 2686/3096/2686 2687/3097/2687
f 2686/3096/2686 2688/3098/2688 2687/3097/2687
f 2687/3097/2687 2688/3098/2688 2689/3099/2689
f 2688/3098/2688 2690/3100/2690 2689/3099/2689
f 2688/3098/2688 2691/3101/2691 2690/3100/2690
f 2691/3101/2691 2693/3105/2692 2692/3104/2693
f 2691/3101/2691 2692/3104/2693 2690/3100/2690
f 2693/3106/2692 2694/3107/2694 2692/3102/2693
f 2693/3106/2692 2695/3108/2695 2694/3107/2694
f 2695/3108/2695 2697/3110/2696 2696/3109/2697
f 2695/3108/2695 2696/3109/2697 2694/3107/2694
f 2699/3112/2698 2698/3111/2699 2697/3110/2696
f 2697/3110/2696 2698/3111/2699 2700/3113/2700
f 2697/3110/2696 2700/3113/2700 2696/3109/2697
f 2702/3115/2701 2701/3114/2702 2700/3113/2700
f 2701/3114/2702 2696/3109/2697 2700/3113/2700
f 2702/3115/2701 2700/3113/2700 2703/3116/2703
f 2698/3111/2699 2703/3116/2703 2700/3113/2700
f 2698/3111/2699 2704/3117/2704 2703/3116/2703
f 2706/3119/2705 2703/3116/2703 2704/3117/2704
f 2705/3118/2706 2703/3116/2703 2706/3119/2705
f 2705/3118/2706 2702/3115/2701 2703/3116/2703
f 2709/3122/2707 2706/3119/2705 2707/3120/2708
f 2706/3119/2705 2704/3117/2704 2707/3120/2708
f 2708/3121/2709 2706/3119/2705 2709/3122/2707
f 2708/3121/2709 2705/3118/2706 2706/3119/2705
f 2709/3122/2707 2707/3120/2708 2710/3123/2710
f 2711/3124/2711 2708/3121/2709 2709/3122/2707
f 2712/3125/2712 2709/3122/2707 2710/3123/2710
f 2711/3124/2711 2709/3122/2707 2712/3125/2712
f 2714/3127/2713 2711/3124/2711 2712/3125/2712
f 2713/3126/2714 2715/3128/2715 2712/3125/2712
f 2712/3125/2712 2710/3123/2710 2713/3126/2714
f 2714/3127/2713 2712/3125/2712 2715/3128/2715
f 2717/3130/2716 2714/3127/2713 2715/3128/2715
f 2716/3129/2717 2718/3131/2718 2715/3128/2715
f 2713/3126/2714 2716/3129/2717 2715/3128/2715
f 2717/3130/2716 2715/3128/2715 2718/3131/2718
f 2721/3134/2719 2717/3130/2716 2718/3131/2718
f 2719/3132/2720 2720/3133/2721 2718/3131/2718
f 2716/3129/2717 2719/3132/2720 2718/3131/2718
f 2721/3134/2719 2718/3131/2718 2720/3133/2721
f 2722/3135/2722 2717/3130/2716 2721/3134/2719
f 2722/3135/2722 2721/3134/2719 2724/3137/2723
f 2724/3137/2723 2721/3134/2719 2723/3136/2724
f 2723/3136/2724 2721/3134/2719 2720/3133/2721
f 2724/3137/2723 2723/3136/2724 2727/3140/2725
f 2724/3137/2723 2725/3138/2726 2726/3139/2727
f 2724/3137/2723 2727/3140/2725 2725/3138/2726
f 2722/3135/2722 2724/3137/2723 2726/3139/2727
f 2727/3140/2725 2723/3136/2724 2728/3141/2728
f 2727/3140/2725 2728/3141/2728 2729/3142/2729
f 2727/3140/2725 2729/3142/2729 2730/3143/2730
f 2727/3140/2725 2730/3143/2730 2725/3138/2726
f 2731/3144/2731 2725/3138/2726 2730/3143/2730
f 2731/3144/2731 2730/3143/2730 2732/3145/2732
f 2732/3145/2732 2730/3143/2730 2733/3146/2733
f 2729/3142/2729 2733/3146/2733 2730/3143/2730
f 2729/3142/2729 2734/3147/2734 2733/3146/2733
f 2734/3147/2734 2735/3148/2735 2733/3146/2733
f 2733/3146/2733 2735/3148/2735 2736/3149/2736
f 2733/3146/2733 2736/3149/2736 2737/3150/2737
f 2732/3145/2732 2733/3146/2733 2737/3150/2737
f 2737/3150/2737 2736/3149/2736 2739/3152/2738
f 2738/3151/2739 2732/3145/2732 2737/3150/2737
f 2737/3150/2737 2739/3152/2738 2738/3151/2739
f 2736/3149/2736 2742/3155/2740 2739/3152/2738
f 2740/3153/2741 2739/3152/2738 2741/3154/2742
f 2740/3153/2741 2738/3151/2739 2739/3152/2738
f 2741/3154/2742 2739/3152/2738 2742/3155/2740
f 2736/3149/2736 2746/3159/2743 2742/3155/2740
f 2741/3154/2742 2742/3155/2740 2743/3156/2744
f 2742/3155/2740 2745/3158/2745 2743/3156/2744
f 2742/3155/2740 2744/3157/2746 2745/3158/2745
f 2746/3159/2743 2744/3157/2746 2742/3155/2740
f 2735/3148/2735 2746/3159/2743 2736/3149/2736
f 2735/3148/2735 2747/3160/2747 2746/3159/2743
f 2746/3159/2743 2748/3161/2748 2744/3157/2746
f 2747/3160/2747 2748/3161/2748 2746/3159/2743
f 2747/3160/2747 2749/3162/2749 2748/3161/2748
f 2749/3162/2749 2750/3163/2750 2748/3161/2748
f 2748/3161/2748 2750/3163/2750 2751/3164/2751
f 2748/3161/2748 2751/3164/2751 2744/3157/2746
f 2744/3157/2746 2751/3164/2751 2752/3165/2752
f 2750/3163/2750 2753/3166/2753 2751/3164/2751
f 2751/3164/2751 2754/3167/2754 2752/3165/2752
f 2751/3164/2751 2753/3166/2753 2754/3167/2754
f 2753/3166/2753 2757/3170/2755 2754/3167/2754
f 2754/3167/2754 2756/3169/2756 2755/3168/2757
f 2752/3165/2752 2754/3167/2754 2755/3168/2757
f 2754/3167/2754 2757/3170/2755 2756/3169/2756
f 2753/3166/2753 2758/3171/2758 2757/3170/2755
f 2756/3169/2756 2757/3170/2755 2760/3173/2759
f 2759/3172/2760 2757/3170/2755 2758/3171/2758
f 2759/3172/2760 2760/3173/2759 2757/3170/2755
f 2762/3175/2761 2760/3173/2759 2759/3172/2760
f 2761/3174/2762 2760/3173/2759 2763/3176/2763
f 2756/3169/2756 2760/3173/2759 2761/3174/2762
f 2762/3175/2761 2763/3176/2763 2760/3173/2759
f 2766/3179/2764 2764/3177/2765 2763/3176/2763
f 2761/3174/2762 2763/3176/2763 2764/3177/2765
f 2766/3179/2764 2763/3176/2763 2765/3178/2766
f 2765/3178/2766 2763/3176/2763 2762/3175/2761
f 2765/3178/2766 2767/3180/2767 2766/3179/2764
f 2769/3182/2768 2766/3179/2764 2767/3180/2767
f 2769/3182/2768 2768/3181/2769 2766/3179/2764
f 2768/3181/2769 2764/3177/2765 2766/3179/2764
f 2769/3182/2768 2771/3184/2770 2770/3183/2771
f 2769/3182/2768 2770/3183/2771 2768/3181/2769
f 2769/3182/2768 2772/3185/2772 2771/3184/2770
f 2773/3186/2773 2769/3182/2768 2767/3180/2767
f 2769/3182/2768 2774/3187/2774 2772/3185/2772
f 2773/3186/2773 2774/3187/2774 2769/3182/2768
f 2772/3185/2772 2774/3187/2774 2775/3188/2775
f 2774/3187/2774 2773/3186/2773 2776/3189/2776
f 2774/3187/2774 2776/3189/2776 2775/3188/2775
f 2775/3188/2775 2776/3189/2776 2778/3191/2777
f 2777/3190/2778 2778/3191/2777 2776/3189/2776
f 2773/3186/2773 2777/3190/2778 2776/3189/2776
f 2775/3188/2775 2778/3191/2777 2779/3192/2779
f 2777/3190/2778 2781/3194/2780 2778/3191/2777
f 2779/3192/2779 2778/3191/2777 2780/3193/2781
f 2781/3194/2780 2780/3193/2781 2778/3191/2777
f 2781/3194/2780 2783/3196/2782 2780/3193/2781
f 2782/3195/2783 2784/3197/2784 2781/3194/2780
f 2782/3195/2783 2781/3194/2780 2777/3190/2778
f 2784/3197/2784 2783/3196/2782 2781/3194/2780
f 2785/3198/2785 2787/3200/2786 2784/3197/2784
f 2785/3198/2785 2784/3197/2784 2782/3195/2783
f 2786/3199/2787 2784/3197/2784 2787/3200/2786
f 2784/3197/2784 2786/3199/2787 2783/3196/2782
f 2785/3198/2785 2788/3201/2788 2787/3200/2786
f 2789/3202/2789 2787/3200/2786 2788/3201/2788
f 2789/3202/2789 2790/3203/2790 2787/3200/2786
f 2786/3199/2787 2787/3200/2786 2790/3203/2790
f 2791/3204/2791 2790/3203/2790 2792/3205/2792
f 2791/3204/2791 2786/3199/2787 2790/3203/2790
f 2793/3206/2793 2792/3205/2792 2790/3203/2790
f 2793/3206/2793 2790/3203/2790 2795/3208/2794
f 2794/3207/2795 2790/3203/2790 2789/3202/2789
f 2795/3208/2794 2790/3203/2790 2794/3207/2795
f 2796/3209/2796 2795/3208/2794 2797/3210/2797
f 2796/3209/2796 2793/3206/2793 2795/3208/2794
f 2795/3208/2794 2798/3211/2798 2797/3210/2797
f 2795/3208/2794 2794/3207/2795 2798/3211/2798
f 2798/3211/2798 2800/3213/2799 2799/3212/2800
f 2798/3211/2798 2799/3212/2800 2801/3214/2801
f 2800/3213/2799 2798/3211/2798 2794/3207/2795
f 2797/3210/2797 2798/3211/2798 2801/3214/2801
f 2801/3214/2801 2804/3217/2802 2802/3215/2803
f 2803/3216/2804 2801/3214/2801 2802/3215/2803
f 2797/3210/2797 2801/3214/2801 2803/3216/2804
f 2801/3214/2801 2799/3212/2800 2804/3217/2802
f 2804/3217/2802 2806/3219/2805 2805/3218/2806
f 2804/3217/2802 2805/3218/2806 2807/3220/2807
f 2799/3212/2800 2806/3219/2805 2804/3217/2802
f 2802/3215/2803 2804/3217/2802 2807/3220/2807
f 2802/3215/2803 2807/3220/2807 2809/3222/2808
f 2807/3220/2807 2805/3218/2806 2808/3221/2809
f 2807/3220/2807 2808/3221/2809 2810/3223/2810
f 2809/3222/2808 2807/3220/2807 2810/3223/2810
f 2809/3222/2808 2810/3223/2810 2811/3224/2811
f 2813/3226/2812 2811/3224/2811 2810/3223/2810
f 2812/3225/2813 2810/3223/2810 2808/3221/2809
f 2813/3226/2812 2810/3223/2810 2812/3225/2813
f 2814/3227/2814 2811/3224/2811 2813/3226/2812
f 2815/3228/2815 2814/3227/2814 2813/3226/2812
f 2815/3228/2815 2813/3226/2812 2816/3229/2816
f 2816/3229/2816 2813/3226/2812 2812/3225/2813
f 2816/3229/2816 2812/3225/2813 2817/3230/2817
f 2817/3230/2817 2812/3225/2813 2818/3231/2818
f 2817/3230/2817 2818/3231/2818 2819/3232/2819
f 2819/3232/2819 2820/3233/2820 2821/3234/2821
f 2819/3232/2819 2818/3231/2818 2820/3233/2820
f 2821/3234/2821 2820/3233/2820 2822/3235/2822
f 2821/3234/2821 2822/3235/2822 2823/3236/2823
f 2824/3237/2824 2823/3236/2823 2822/3235/2822
f 2824/3237/2824 2825/3238/2825 2823/3236/2823
f 2826/3239/2826 2825/3238/2825 2824/3237/2824
f 2826/3239/2826 2827/3240/2827 2825/3238/2825
f 2828/3241/2828 2827/3240/2827 2826/3239/2826
f 2830/3243/2829 2829/3242/2830 2828/3241/2828
f 2830/3243/2829 2828/3241/2828 2831/3244/2831
f 2828/3241/2828 2826/3239/2826 2831/3244/2831
f 2832/3245/2832 2831/3244/2831 2826/3239/2826
f 2833/3246/2833 2830/3243/2829 2831/3244/2831
f 2832/3245/2832 2833/3246/2833 2831/3244/2831
f 2834/3247/2834 2837/3250/2835 2833/3246/2833
f 2834/3247/2834 2833/3246/2833 2832/3245/2832
f 2833/3246/2833 2836/3249/2836 2835/3248/2837
f 2833/3246/2833 2835/3248/2837 2830/3243/2829
f 2833/3246/2833 2837/3250/2835 2836/3249/2836
f 2837/3250/2835 2838/3251/2838 2836/3249/2836
f 2837/3250/2835 2839/3252/2839 2838/3251/2838
f 2834/3247/2834 2839/3252/2839 2837/3250/2835
f 2838/3251/2838 2839/3252/2839 2840/3253/2840
f 2840/3253/2840 2839/3252/2839 2841/3254/2841
f 2834/3247/2834 2841/3254/2841 2839/3252/2839
f 2844/3257/2842 2841/3254/2841 2834/3247/2834
f 2840/3253/2840 2841/3254/2841 2842/3255/2843
f 2841/3254/2841 2843/3256/2844 2842/3255/2843
f 2841/3254/2841 2844/3257/2842 2843/3256/2844
f 2845/3258/2845 2848/3261/2846 2844/3257/2842
f 2845/3258/2845 2844/3257/2842 2846/3259/2847
f 2844/3257/2842 2834/3247/2834 2846/3259/2847
f 2844/3257/2842 2847/3260/2848 2843/3256/2844
f 2844/3257/2842 2848/3261/2846 2847/3260/2848
f 2849/3262/2849 2848/3261/2846 2845/3258/2845
f 2850/3263/2850 2847/3260/2848 2848/3261/2846
f 2850/3263/2850 2848/3261/2846 2849/3262/2849
f 2851/3264/2851 2847/3260/2848 2850/3263/2850
f 2852/3265/2852 2850/3263/2850 2849/3262/2849
f 2853/3266/2853 2851/3264/2851 2850/3263/2850
f 2853/3266/2853 2850/3263/2850 2852/3265/2852
f 2851/3264/2851 2853/3266/2853 2788/3201/2788
f 2853/3266/2853 2789/3202/2789 2788/3201/2788
f 2800/3213/2799 2853/3266/2853 2852/3265/2852
f 2853/3266/2853 2800/3213/2799 2789/3202/2789
f 2800/3213/2799 2852/3265/2852 2799/3212/2800
f 2852/3265/2852 2849/3262/2849 2806/3219/2805
f 2799/3212/2800 2852/3265/2852 2806/3219/2805
f 2851/3264/2851 2788/3201/2788 2854/3267/2854
f 2854/3267/2854 2855/3268/2855 2851/3264/2851
f 2851/3264/2851 2855/3268/2855 2847/3260/2848
f 2855/3268/2855 2856/3269/2856 2847/3260/2848
f 2855/3268/2855 2857/3270/2857 2856/3269/2856
f 2858/3271/2858 2857/3270/2857 2855/3268/2855
f 2854/3267/2854 2858/3271/2858 2855/3268/2855
f 2858/3271/2858 2854/3267/2854 2785/3198/2785
f 2858/3271/2858 2785/3198/2785 2857/3270/2857
f 2857/3270/2857 2859/3272/2859 2860/3273/2860
f 2859/3272/2859 2857/3270/2857 2785/3198/2785
f 2857/3270/2857 2860/3273/2860 2856/3269/2856
f 2859/3272/2859 2861/3274/2861 2860/3273/2860
f 2864/3277/2862 2860/3273/2860 2861/3274/2861
f 2862/3275/2863 2863/3276/2864 2860/3273/2860
f 2864/3277/2862 2862/3275/2863 2860/3273/2860
f 2863/3276/2864 2856/3269/2856 2860/3273/2860
f 2864/3277/2862 2865/3278/2865 2867/3280/2866
f 2864/3277/2862 2762/3175/2761 2865/3278/2865
f 2864/3277/2862 2866/3279/2867 2862/3275/2863
f 2867/3280/2866 2866/3279/2867 2864/3277/2862
f 2864/3277/2862 2861/3274/2861 2765/3178/2766
f 2765/3178/2766 2762/3175/2761 2864/3277/2862
f 2867/3280/2866 2868/3281/2868 2869/3282/2869
f 2867/3280/2866 2865/3278/2865 2868/3281/2868
f 2869/3282/2869 2866/3279/2867 2867/3280/2866
f 2869/3282/2869 2868/3281/2868 2870/3283/2870
f 2838/3251/2838 2840/3253/2840 2869/3282/2869
f 2869/3282/2869 2870/3283/2870 2838/3251/2838
f 2869/3282/2869 2840/3253/2840 2866/3279/2867
f 2838/3251/2838 2870/3283/2870 2871/3284/2871
f 2871/3284/2871 2870/3283/2870 2873/3286/2872
f 2872/3285/2873 2870/3283/2870 2868/3281/2868
f 2872/3285/2873 2873/3286/2872 2870/3283/2870
f 2875/3288/2874 2874/3287/2875 2873/3286/2872
f 2871/3284/2871 2873/3286/2872 2874/3287/2875
f 2876/3289/2876 2875/3288/2874 2873/3286/2872
f 2876/3289/2876 2873/3286/2872 2872/3285/2873
f 2878/3291/2877 2877/3290/2878 2876/3289/2876
f 2877/3290/2878 2875/3288/2874 2876/3289/2876
f 2878/3291/2877 2876/3289/2876 2879/3292/2879
f 2876/3289/2876 2880/3293/2880 2879/3292/2879
f 2876/3289/2876 2872/3285/2873 2880/3293/2880
f 2880/3293/2880 2758/3171/2758 2879/3292/2879
f 2762/3175/2761 2759/3172/2760 2880/3293/2880
f 2880/3293/2880 2759/3172/2760 2758/3171/2758
f 2762/3175/2761 2880/3293/2880 2865/3278/2865
f 2880/3293/2880 2872/3285/2873 2868/3281/2868
f 2880/3293/2880 2868/3281/2868 2865/3278/2865
f 2878/3291/2877 2879/3292/2879 2758/3171/2758
f 2750/3163/2750 2877/3290/2878 2878/3291/2877
f 2750/3163/2750 2878/3291/2877 2753/3166/2753
f 2878/3291/2877 2758/3171/2758 2753/3166/2753
f 2750/3163/2750 2881/3294/2881 2877/3290/2878
f 2881/3294/2881 2882/3295/2882 2877/3290/2878
f 2877/3290/2878 2882/3295/2882 2875/3288/2874
f 2882/3295/2882 2883/3296/2883 2875/3288/2874
f 2882/3295/2882 2885/3298/2884 2883/3296/2883
f 2881/3294/2881 2884/3297/2885 2882/3295/2882
f 2884/3297/2885 2885/3298/2884 2882/3295/2882
f 2883/3296/2883 2885/3298/2884 2886/3299/2886
f 2885/3298/2884 2887/3300/2887 2886/3299/2886
f 2885/3298/2884 2888/3301/2888 2887/3300/2887
f 2884/3297/2885 2888/3301/2888 2885/3298/2884
f 2888/3301/2888 2889/3302/2889 2887/3300/2887
f 2888/3301/2888 2890/3303/2890 2889/3302/2889
f 2888/3301/2888 2891/3304/2891 2890/3303/2890
f 2888/3301/2888 2884/3297/2885 2891/3304/2891
f 2891/3304/2891 2893/3306/2892 2892/3305/2893
f 2891/3304/2891 2892/3305/2893 2890/3303/2890
f 2884/3297/2885 2749/3162/2749 2891/3304/2891
f 2747/3160/2747 2891/3304/2891 2749/3162/2749
f 2747/3160/2747 2893/3306/2892 2891/3304/2891
f 2894/3307/2894 2893/3306/2892 2747/3160/2747
f 2894/3307/2894 2892/3305/2893 2893/3306/2892
f 2894/3307/2894 2895/3308/2895 2892/3305/2893
f 2734/3147/2734 2894/3307/2894 2735/3148/2735
f 2734/3147/2734 2895/3308/2895 2894/3307/2894
f 2894/3307/2894 2747/3160/2747 2735/3148/2735
f 2892/3305/2893 2895/3308/2895 2896/3309/2896
f 2895/3308/2895 2898/3311/2897 2896/3309/2896
f 2734/3147/2734 2897/3310/2898 2895/3308/2895
f 2895/3308/2895 2897/3310/2898 2898/3311/2897
f 2899/3312/2899 2896/3309/2896 2898/3311/2897
f 2900/3313/2900 2899/3312/2899 2898/3311/2897
f 2900/3313/2900 2898/3311/2897 2901/3314/2901
f 2897/3310/2898 2901/3314/2901 2898/3311/2897
f 2897/3310/2898 2728/3141/2728 2901/3314/2901
f 2728/3141/2728 2902/3315/2902 2901/3314/2901
f 2903/3316/2903 2901/3314/2901 2902/3315/2902
f 2903/3316/2903 2900/3313/2900 2901/3314/2901
f 2904/3317/2904 2903/3316/2903 2902/3315/2902
f 2904/3317/2904 2905/3318/2905 2903/3316/2903
f 2903/3316/2903 2905/3318/2905 2906/3319/2906
f 2903/3316/2903 2906/3319/2906 2900/3313/2900
f 2900/3313/2900 2906/3319/2906 2907/3320/2907
f 2900/3313/2900 2907/3320/2907 2899/3312/2899
f 2899/3312/2899 2907/3320/2907 2908/3321/2908
f 2899/3312/2899 2908/3321/2908 2909/3322/2909
f 2909/3322/2909 2908/3321/2908 2910/3323/2910
f 2909/3322/2909 2910/3323/2910 2911/3324/2911
f 2910/3323/2910 2912/3325/2912 2911/3324/2911
f 2910/3323/2910 2913/3326/2913 2912/3325/2912
f 2914/3327/2914 2913/3326/2913 2915/3328/2915
f 2914/3327/2914 2912/3325/2912 2913/3326/2913
f 2915/3328/2915 2916/3329/2916 2914/3327/2914
f 2915/3328/2915 2917/3330/2917 2916/3329/2916
f 2917/3330/2917 2918/3331/2918 2916/3329/2916
f 2917/3330/2917 2919/3332/2919 2918/3331/2918
f 2919/3332/2919 2920/3333/2920 2918/3331/2918
f 2919/3332/2919 2921/3334/2921 2920/3333/2920
f 2921/3334/2921 2922/3335/2922 2920/3333/2920
f 2921/3334/2921 2923/3336/2923 2922/3335/2922
f 2829/3242/2830 2922/3335/2922 2923/3336/2923
f 2924/3337/2924 2920/3333/2920 2922/3335/2922
f 2829/3242/2830 2830/3243/2829 2922/3335/2922
f 2830/3243/2829 2924/3337/2924 2922/3335/2922
f 2924/3337/2924 2925/3338/2925 2920/3333/2920
f 2830/3243/2829 2835/3248/2837 2924/3337/2924
f 2836/3249/2836 2924/3337/2924 2835/3248/2837
f 2836/3249/2836 2871/3284/2871 2924/3337/2924
f 2871/3284/2871 2925/3338/2925 2924/3337/2924
f 2871/3284/2871 2874/3287/2875 2925/3338/2925
f 2874/3287/2875 2926/3339/2926 2925/3338/2925
f 2918/3331/2918 2920/3333/2920 2925/3338/2925
f 2918/3331/2918 2925/3338/2925 2926/3339/2926
f 2883/3296/2883 2886/3299/2886 2926/3339/2926
f 2916/3329/2916 2926/3339/2926 2886/3299/2886
f 2874/3287/2875 2883/3296/2883 2926/3339/2926
f 2916/3329/2916 2918/3331/2918 2926/3339/2926
f 2914/3327/2914 2916/3329/2916 2886/3299/2886
f 2914/3327/2914 2886/3299/2886 2887/3300/2887
f 2887/3300/2887 2912/3325/2912 2914/3327/2914
f 2912/3325/2912 2927/3340/2927 2911/3324/2911
f 2912/3325/2912 2889/3302/2889 2927/3340/2927
f 2887/3300/2887 2889/3302/2889 2912/3325/2912
f 2892/3305/2893 2896/3309/2896 2927/3340/2927
f 2909/3322/2909 2927/3340/2927 2896/3309/2896
f 2909/3322/2909 2911/3324/2911 2927/3340/2927
f 2890/3303/2890 2892/3305/2893 2927/3340/2927
f 2890/3303/2890 2927/3340/2927 2889/3302/2889
f 2899/3312/2899 2909/3322/2909 2896/3309/2896
f 2904/3317/2904 2928/3341/2928 2905/3318/2905
f 2719/3132/2720 2928/3341/2928 2904/3317/2904
f 2719/3132/2720 2929/3342/2929 2928/3341/2928
f 2716/3129/2717 2929/3342/2929 2719/3132/2720
f 2716/3129/2717 2930/3343/2930 2929/3342/2929
f 2713/3126/2714 2930/3343/2930 2716/3129/2717
f 2713/3126/2714 2931/3344/2931 2930/3343/2930
f 2710/3123/2710 2932/3345/2932 2931/3344/2931
f 2710/3123/2710 2931/3344/2931 2713/3126/2714
f 2707/3120/2708 2932/3345/2932 2710/3123/2710
f 2707/3120/2708 2933/3346/2933 2932/3345/2932
f 2704/3117/2704 2933/3346/2933 2707/3120/2708
f 2704/3117/2704 2934/3347/2934 2933/3346/2933
f 2699/3112/2698 2934/3347/2934 2704/3117/2704
f 2904/3317/2904 2902/3315/2902 2720/3133/2721
f 2719/3132/2720 2904/3317/2904 2720/3133/2721
f 2728/3141/2728 2723/3136/2724 2902/3315/2902
f 2723/3136/2724 2720/3133/2721 2902/3315/2902
f 2729/3142/2729 2728/3141/2728 2897/3310/2898
f 2729/3142/2729 2897/3310/2898 2734/3147/2734
f 2884/3297/2885 2881/3294/2881 2749/3162/2749
f 2875/3288/2874 2883/3296/2883 2874/3287/2875
f 2749/3162/2749 2881/3294/2881 2750/3163/2750
f 2838/3251/2838 2871/3284/2871 2836/3249/2836
f 2866/3279/2867 2840/3253/2840 2842/3255/2843
f 2866/3279/2867 2842/3255/2843 2862/3275/2863
f 2842/3255/2843 2863/3276/2864 2862/3275/2863
f 2843/3256/2844 2856/3269/2856 2863/3276/2864
f 2842/3255/2843 2843/3256/2844 2863/3276/2864
f 2765/3178/2766 2861/3274/2861 2767/3180/2767
f 2935/3348/2935 2767/3180/2767 2861/3274/2861
f 2859/3272/2859 2935/3348/2935 2861/3274/2861
f 2935/3348/2935 2773/3186/2773 2767/3180/2767
f 2935/3348/2935 2782/3195/2783 2777/3190/2778
f 2773/3186/2773 2935/3348/2935 2777/3190/2778
f 2935/3348/2935 2859/3272/2859 2782/3195/2783
f 2859/3272/2859 2785/3198/2785 2782/3195/2783
f 2843/3256/2844 2847/3260/2848 2856/3269/2856
f 2785/3198/2785 2854/3267/2854 2788/3201/2788
f 2806/3219/2805 2849/3262/2849 2936/3349/2936
f 2849/3262/2849 2845/3258/2845 2936/3349/2936
f 2936/3349/2936 2845/3258/2845 2937/3350/2937
f 2936/3349/2936 2937/3350/2937 2938/3351/2938
f 2806/3219/2805 2936/3349/2936 2805/3218/2806
f 2805/3218/2806 2936/3349/2936 2938/3351/2938
f 2805/3218/2806 2938/3351/2938 2808/3221/2809
f 2820/3233/2820 2938/3351/2938 2937/3350/2937
f 2818/3231/2818 2808/3221/2809 2938/3351/2938
f 2818/3231/2818 2938/3351/2938 2820/3233/2820
f 2937/3350/2937 2939/3352/2939 2824/3237/2824
f 2937/3350/2937 2824/3237/2824 2822/3235/2822
f 2845/3258/2845 2939/3352/2939 2937/3350/2937
f 2820/3233/2820 2937/3350/2937 2822/3235/2822
f 2845/3258/2845 2846/3259/2847 2939/3352/2939
f 2846/3259/2847 2832/3245/2832 2939/3352/2939
f 2824/3237/2824 2939/3352/2939 2832/3245/2832
f 2846/3259/2847 2834/3247/2834 2832/3245/2832
f 2824/3237/2824 2832/3245/2832 2826/3239/2826
f 2812/3225/2813 2808/3221/2809 2818/3231/2818
f 2940/3353/2940 2814/3227/2814 2815/3228/2815
f 2941/3354/2941 2943/3356/2942 2940/3353/2940
f 2941/3354/2941 2940/3353/2940 2942/3355/2943
f 2940/3353/2940 2943/3356/2942 2814/3227/2814
f 2943/3356/2942 2944/3357/2944 2814/3227/2814
f 2943/3356/2942 2945/3358/2945 2944/3357/2944
f 2941/3354/2941 2945/3358/2945 2943/3356/2942
f 2941/3354/2941 2946/3359/2946 2945/3358/2945
f 2947/3360/2947 2945/3358/2945 2946/3359/2946
f 2947/3360/2947 2948/3361/2948 2945/3358/2945
f 2948/3361/2948 2944/3357/2944 2945/3358/2945
f 2949/3362/2949 2950/3363/2950 2948/3361/2948
f 2949/3362/2949 2948/3361/2948 2947/3360/2947
f 2950/3363/2950 2951/3364/2951 2948/3361/2948
f 2948/3361/2948 2951/3364/2951 2944/3357/2944
f 2951/3364/2951 2811/3224/2811 2944/3357/2944
f 2950/3363/2950 2952/3365/2952 2951/3364/2951
f 2951/3364/2951 2809/3222/2808 2811/3224/2811
f 2952/3365/2952 2809/3222/2808 2951/3364/2951
f 2953/3366/2953 2803/3216/2804 2952/3365/2952
f 2953/3366/2953 2952/3365/2952 2950/3363/2950
f 2952/3365/2952 2802/3215/2803 2809/3222/2808
f 2803/3216/2804 2802/3215/2803 2952/3365/2952
f 2949/3362/2949 2953/3366/2953 2950/3363/2950
f 2796/3209/2796 2803/3216/2804 2953/3366/2953
f 2949/3362/2949 2954/3367/2954 2953/3366/2953
f 2954/3367/2954 2796/3209/2796 2953/3366/2953
f 2954/3367/2954 2957/3370/2955 2796/3209/2796
f 2949/3362/2949 2955/3368/2956 2954/3367/2954
f 2956/3369/2957 2954/3367/2954 2955/3368/2956
f 2956/3369/2957 2957/3370/2955 2954/3367/2954
f 2957/3370/2955 2958/3371/2958 2793/3206/2793
f 2956/3369/2957 2958/3371/2958 2957/3370/2955
f 2957/3370/2955 2793/3206/2793 2796/3209/2796
f 2956/3369/2957 2960/3373/2959 2958/3371/2958
f 2958/3371/2958 2792/3205/2792 2793/3206/2793
f 2958/3371/2958 2959/3372/2960 2792/3205/2792
f 2960/3373/2959 2959/3372/2960 2958/3371/2958
f 2962/3375/2961 2961/3374/2962 2960/3373/2959
f 2961/3374/2962 2959/3372/2960 2960/3373/2959
f 2962/3375/2961 2960/3373/2959 2956/3369/2957
f 2963/3376/2963 2962/3375/2961 2964/3377/2964
f 2963/3376/2963 2965/3378/2965 2962/3375/2961
f 2956/3369/2957 2964/3377/2964 2962/3375/2961
f 2965/3378/2965 2961/3374/2962 2962/3375/2961
f 2965/3378/2965 2966/3379/2966 2961/3374/2962
f 2968/3381/2967 2966/3379/2966 2965/3378/2965
f 2967/3380/2968 2965/3378/2965 2963/3376/2963
f 2967/3380/2968 2968/3381/2967 2965/3378/2965
f 2971/3384/2969 2969/3382/2970 2968/3381/2967
f 2969/3382/2970 2970/3383/2971 2968/3381/2967
f 2968/3381/2967 2970/3383/2971 2966/3379/2966
f 2971/3384/2969 2968/3381/2967 2967/3380/2968
f 2972/3385/2972 2971/3384/2969 2973/3386/2973
f 2972/3385/2972 2969/3382/2970 2971/3384/2969
f 2971/3384/2969 2974/3387/2974 2973/3386/2973
f 2975/3388/2975 2971/3384/2969 2967/3380/2968
f 2971/3384/2969 2975/3388/2975 2974/3387/2974
f 2975/3388/2975 2967/3380/2968 2976/3389/2976
f 2978/3391/2977 2974/3387/2974 2975/3388/2975
f 2977/3390/2978 2975/3388/2975 2976/3389/2976
f 2978/3391/2977 2975/3388/2975 2977/3390/2978
f 2979/3392/2979 2974/3387/2974 2978/3391/2977
f 2978/3391/2977 2977/3390/2978 2980/3393/2980
f 2979/3392/2979 2978/3391/2977 2981/3394/2981
f 2978/3391/2977 2980/3393/2980 2981/3394/2981
f 2981/3394/2981 2980/3393/2980 2982/3395/2982
f 2981/3394/2981 2982/3395/2982 2984/3397/2983
f 2983/3396/2984 2981/3394/2981 2984/3397/2983
f 2979/3392/2979 2981/3394/2981 2983/3396/2984
f 2986/3399/2985 2984/3397/2983 2985/3398/2986
f 2987/3400/2987 2985/3398/2986 2984/3397/2983
f 2983/3396/2984 2984/3397/2983 2986/3399/2985
f 2987/3400/2987 2984/3397/2983 2982/3395/2982
f 2982/3395/2982 2988/3401/2988 2987/3400/2987
f 2989/3402/2989 2991/3404/2990 2988/3401/2988
f 2989/3402/2989 2988/3401/2988 2990/3403/2991
f 2982/3395/2982 2990/3403/2991 2988/3401/2988
f 2991/3404/2990 2989/3402/2989 2993/3406/2992
f 2991/3404/2990 2993/3406/2992 2992/3405/2993
f 2996/3409/2994 2993/3406/2992 2994/3407/2995
f 2995/3408/2996 2994/3407/2995 2993/3406/2992
f 2995/3408/2996 2993/3406/2992 2989/3402/2989
f 2996/3409/2994 2997/3410/2997 2993/3406/2992
f 2992/3405/2993 2993/3406/2992 2997/3410/2997
f 2941/3354/2941 2998/3411/2998 2997/3410/2997
f 2992/3405/2993 2997/3410/2997 2998/3411/2998
f 2996/3409/2994 2941/3354/2941 2997/3410/2997
f 2941/3354/2941 2942/3355/2943 2998/3411/2998
f 3000/3413/2999 2996/3409/2994 2994/3407/2995
f 2999/3412/3000 2946/3359/2946 2996/3409/2994
f 3000/3413/2999 2999/3412/3000 2996/3409/2994
f 2996/3409/2994 2946/3359/2946 2941/3354/2941
f 3002/3415/3001 3001/3414/3002 3000/3413/2999
f 2999/3412/3000 3000/3413/2999 3001/3414/3002
f 3002/3415/3001 3000/3413/2999 2994/3407/2995
f 3002/3415/3001 3004/3417/3003 3001/3414/3002
f 3003/3416/3004 3002/3415/3001 2995/3408/2996
f 3003/3416/3004 3004/3417/3003 3002/3415/3001
f 3002/3415/3001 2994/3407/2995 2995/3408/2996
f 2963/3376/2963 3001/3414/3002 3004/3417/3003
f 3004/3417/3003 2967/3380/2968 2963/3376/2963
f 3004/3417/3003 2976/3389/2976 2967/3380/2968
f 3003/3416/3004 2976/3389/2976 3004/3417/3003
f 2977/3390/2978 2976/3389/2976 3003/3416/3004
f 2977/3390/2978 3003/3416/3004 3005/3418/3005
f 3003/3416/3004 2995/3408/2996 3005/3418/3005
f 3005/3418/3005 2995/3408/2996 2989/3402/2989
f 2980/3393/2980 3005/3418/3005 2990/3403/2991
f 2977/3390/2978 3005/3418/3005 2980/3393/2980
f 3005/3418/3005 2989/3402/2989 2990/3403/2991
f 2999/3412/3000 3001/3414/3002 3006/3419/3006
f 2964/3377/2964 3006/3419/3006 3001/3414/3002
f 2963/3376/2963 2964/3377/2964 3001/3414/3002
f 2949/3362/2949 3006/3419/3006 2955/3368/2956
f 2964/3377/2964 2955/3368/2956 3006/3419/3006
f 2999/3412/3000 3006/3419/3006 2949/3362/2949
f 2999/3412/3000 2947/3360/2947 2946/3359/2946
f 2999/3412/3000 2949/3362/2949 2947/3360/2947
f 2980/3393/2980 2990/3403/2991 2982/3395/2982
f 2986/3399/2985 2985/3398/2986 3007/3420/3007
f 3009/3422/3008 2983/3396/2984 2986/3399/2985
f 2986/3399/2985 3007/3420/3007 3008/3421/3009
f 2986/3399/2985 3008/3421/3009 2648/3058/2648
f 3009/3422/3008 2986/3399/2985 2648/3058/2648
f 3012/3425/3010 3010/3423/3011 3009/3422/3008
f 3010/3423/3011 2983/3396/2984 3009/3422/3008
f 3011/3424/3012 3009/3422/3008 2648/3058/2648
f 3012/3425/3010 3009/3422/3008 3011/3424/3012
f 3012/3425/3010 3013/3426/3013 3010/3423/3011
f 3014/3427/3014 3013/3426/3013 3012/3425/3010
f 3014/3427/3014 3012/3425/3010 3011/3424/3012
f 2646/3056/2645 3014/3427/3014 2645/3055/2646
f 3014/3427/3014 3011/3424/3012 2645/3055/2646
f 2646/3056/2645 3015/3428/3015 3014/3427/3014
f 3014/3427/3014 3015/3428/3015 3013/3426/3013
f 3015/3428/3015 2629/3039/2630 2628/3038/2629
f 3013/3426/3013 3015/3428/3015 2628/3038/2629
f 2646/3056/2645 2636/3046/2636 3015/3428/3015
f 3015/3428/3015 2636/3046/2636 2629/3039/2630
f 3013/3426/3013 2628/3038/2629 3016/3429/3016
f 3010/3423/3011 3013/3426/3013 3017/3430/3017
f 3017/3430/3017 3013/3426/3013 3016/3429/3016
f 3017/3430/3017 3016/3429/3016 3018/3431/3018
f 3017/3430/3017 3018/3431/3018 2973/3386/2973
f 3017/3430/3017 2973/3386/2973 2974/3387/2974
f 3010/3423/3011 3017/3430/3017 2979/3392/2979
f 2979/3392/2979 3017/3430/3017 2974/3387/2974
f 3020/3433/3019 2973/3386/2973 3018/3431/3018
f 3019/3432/3020 3018/3431/3018 3016/3429/3016
f 3019/3432/3020 3020/3433/3019 3018/3431/3018
f 3019/3432/3020 3021/3434/3021 3020/3433/3019
f 3020/3433/3019 3021/3434/3021 3022/3435/3022
f 3020/3433/3019 3022/3435/3022 2972/3385/2972
f 3020/3433/3019 2972/3385/2972 2973/3386/2973
f 3023/3436/3023 3025/3438/3024 3022/3435/3022
f 3023/3436/3023 3022/3435/3022 3021/3434/3021
f 2972/3385/2972 3022/3435/3022 3024/3437/3025
f 3025/3438/3024 3024/3437/3025 3022/3435/3022
f 3025/3438/3024 3023/3436/3023 3026/3439/3026
f 3025/3438/3024 3026/3439/3026 3027/3440/3027
f 3027/3440/3027 3028/3441/3028 3025/3438/3024
f 2970/3383/2971 3024/3437/3025 3025/3438/3024
f 2970/3383/2971 3025/3438/3024 3028/3441/3028
f 3027/3440/3027 3029/3442/3029 3028/3441/3028
f 3030/3443/3030 3028/3441/3028 3029/3442/3029
f 2970/3383/2971 3028/3441/3028 3030/3443/3030
f 3030/3443/3030 3029/3442/3029 3031/3444/3031
f 2970/3383/2971 3030/3443/3030 2966/3379/2966
f 2966/3379/2966 3030/3443/3030 2961/3374/2962
f 2961/3374/2962 3030/3443/3030 2959/3372/2960
f 3031/3444/3031 2959/3372/2960 3030/3443/3030
f 3031/3444/3031 3032/3445/3032 2959/3372/2960
f 3034/3447/3033 3032/3445/3032 3031/3444/3031
f 3033/3446/3034 3031/3444/3031 3029/3442/3029
f 3033/3446/3034 3034/3447/3033 3031/3444/3031
f 3035/3448/3035 3034/3447/3033 3033/3446/3034
f 3035/3448/3035 3036/3449/3036 3034/3447/3033
f 3036/3449/3036 3037/3450/3037 3034/3447/3033
f 3034/3447/3033 3037/3450/3037 3032/3445/3032
f 3036/3449/3036 3040/3453/3038 3037/3450/3037
f 3032/3445/3032 3037/3450/3037 3038/3451/3039
f 3037/3450/3037 3039/3452/3040 3038/3451/3039
f 3037/3450/3037 3040/3453/3038 3039/3452/3040
f 3040/3453/3038 3042/3455/3041 3041/3454/3042
f 3040/3453/3038 3041/3454/3042 3039/3452/3040
f 3043/3456/3043 3042/3455/3041 3040/3453/3038
f 3043/3456/3043 3040/3453/3038 3036/3449/3036
f 3045/3458/3044 3044/3457/3045 3043/3456/3043
f 3044/3457/3045 3042/3455/3041 3043/3456/3043
f 3045/3458/3044 3043/3456/3043 3036/3449/3036
f 3045/3458/3044 3046/3459/3046 3044/3457/3045
f 3045/3458/3044 2606/3016/2606 3046/3459/3046
f 3045/3458/3044 3036/3449/3036 3035/3448/3035
f 3045/3458/3044 2607/3017/2607 2606/3016/2606
f 3035/3448/3035 2607/3017/2607 3045/3458/3044
f 3047/3460/3047 3044/3457/3045 3046/3459/3046
f 2606/3016/2606 2603/3012/2604 3046/3459/3046
f 3047/3460/3047 3046/3459/3046 2603/3012/2604
f 3047/3461/3047 2600/3007/2600 3049/3464/3048
f 3047/3461/3047 2603/3013/2604 2600/3007/2600
f 3044/3457/3045 3047/3460/3047 3048/3463/3049
f 3047/3461/3047 2151/2467/2152 3048/3462/3049
f 3047/3461/3047 3050/3465/3050 2153/2469/2153
f 3047/3461/3047 2153/2469/2153 2151/2467/2152
f 3047/3461/3047 3049/3464/3048 3050/3465/3050
f 2159/2478/2162 3050/3465/3050 3049/3464/3048
f 2159/2478/2162 2160/2479/2161 3050/3465/3050
f 2154/2470/2154 3050/3465/3050 2160/2479/2161
f 2154/2470/2154 2153/2469/2153 3050/3465/3050
f 3051/3466/3051 3049/3464/3048 2600/3007/2600
f 3051/3466/3051 2159/2478/2162 3049/3464/3048
f 2598/3005/2597 3051/3466/3051 2600/3007/2600
f 3051/3466/3051 2161/2480/2159 2159/2478/2162
f 3051/3466/3051 3052/3467/3052 2161/2480/2159
f 3053/3469/3053 3052/3467/3052 3051/3466/3051
f 3053/3469/3053 3051/3466/3051 2598/3005/2597
f 3053/3470/3053 3054/3471/3054 2168/2488/2168
f 3053/3470/3053 2168/2488/2168 3052/3468/3052
f 2572/2971/2572 3053/3469/3053 2598/3005/2597
f 2572/2972/2572 3054/3471/3054 3053/3470/3053
f 2572/2972/2572 2570/2968/2570 3054/3471/3054
f 2570/2968/2570 2169/2489/2169 3054/3471/3054
f 2169/2489/2169 2168/2488/2168 3054/3471/3054
f 2168/2488/2168 2161/2481/2159 3052/3468/3052
f 3055/3472/3055 3056/3474/3056 3048/3463/3049
f 2151/2467/2152 3055/3473/3057 3048/3462/3049
f 3057/3475/3058 3048/3463/3049 3056/3474/3056
f 3044/3457/3045 3048/3463/3049 3057/3475/3058
f 3042/3455/3041 3057/3475/3058 3056/3474/3056
f 3044/3457/3045 3057/3475/3058 3042/3455/3041
f 3042/3455/3041 3056/3474/3056 3041/3454/3042
f 3058/3476/3059 3041/3454/3042 3056/3474/3056
f 3055/3472/3055 3058/3476/3059 3056/3474/3056
f 3059/3477/3060 3058/3476/3059 3055/3472/3055
f 3059/3477/3060 3060/3479/3061 3058/3476/3059
f 3060/3479/3061 3061/3480/3062 3058/3476/3059
f 3058/3476/3059 3061/3480/3062 3041/3454/3042
f 3061/3480/3062 2780/3193/2781 3039/3452/3040
f 2779/3192/2779 2780/3193/2781 3061/3480/3062
f 3061/3480/3062 3039/3452/3040 3041/3454/3042
f 3060/3479/3061 2779/3192/2779 3061/3480/3062
f 3060/3479/3061 3059/3477/3060 3062/3481/3063
f 2775/3188/2775 2779/3192/2779 3060/3479/3061
f 2775/3188/2775 3060/3479/3061 3062/3481/3063
f 3063/3482/3064 3062/3481/3063 3059/3477/3060
f 2772/3185/2772 2775/3188/2775 3062/3481/3063
f 3063/3482/3064 2772/3185/2772 3062/3481/3063
f 3059/3477/3060 2771/3184/2770 3063/3482/3064
f 2772/3185/2772 3063/3482/3064 2771/3184/2770
f 3064/3483/3065 3059/3478/3060 3055/3473/3057
f 3059/3478/3060 3064/3483/3065 3066/3486/3066
f 2771/3184/2770 3059/3477/3060 3065/3485/3067
f 3059/3478/3060 3066/3486/3066 3065/3484/3067
f 2147/2463/2148 3067/3487/3068 3066/3486/3066
f 3067/3487/3068 3065/3484/3067 3066/3486/3066
f 2148/2464/2149 2147/2463/2148 3066/3486/3066
f 2148/2464/2149 3066/3486/3066 3064/3483/3065
f 2136/2446/2136 3068/3488/3069 3067/3487/3068
f 3067/3487/3068 3068/3488/3069 3086/3515/3070
f 2147/2463/2148 2136/2446/2136 3067/3487/3068
f 3067/3487/3068 3069/3489/3071 3065/3484/3067
f 3067/3487/3068 3086/3515/3070 3069/3489/3071
f 3070/3491/3072 3084/3512/3073 3086/3515/3070
f 3070/3491/3072 3086/3515/3070 3068/3488/3069
f 2133/2442/2133 3071/3492/3074 3070/3491/3072
f 3084/3512/3073 3070/3491/3072 3071/3492/3074
f 2134/2443/2134 3070/3491/3072 3068/3488/3069
f 2134/2443/2134 2133/2442/2133 3070/3491/3072
f 3084/3512/3073 3071/3492/3074 3081/3508/3075
f 3073/3494/3076 3081/3508/3075 3071/3492/3074
f 2133/2442/2133 3072/3493/3077 3071/3492/3074
f 3072/3493/3077 3073/3494/3076 3071/3492/3074
f 3072/3493/3077 3074/3495/3078 3073/3494/3076
f 3074/3495/3078 3075/3496/3079 3073/3494/3076
f 3075/3496/3079 3076/3497/3080 3073/3494/3076
f 3073/3494/3076 3076/3497/3080 3081/3508/3075
f 3075/3496/3079 3077/3499/3081 3076/3497/3080
f 3079/3506/3082 3077/3500/3081 3078/3503/3083
f 3075/3496/3079 3078/3504/3083 3077/3501/3081
f 3079/3505/3082 3076/3498/3080 3077/3502/3081
f 3079/3505/3082 3080/3507/3084 3076/3498/3080
f 3081/3509/3075 3076/3498/3080 3080/3507/3084
f 3081/3509/3075 3082/3510/3085 3083/3511/3086
f 3081/3509/3075 3080/3507/3084 3082/3510/3085
f 3083/3511/3086 3084/3513/3073 3081/3509/3075
f 3083/3511/3086 3085/3514/3087 3084/3513/3073
f 3086/3516/3070 3084/3513/3073 3085/3514/3087
f 3086/3516/3070 3085/3514/3087 3088/3518/3088
f 3086/3516/3070 3087/3517/3089 3069/3490/3071
f 3086/3516/3070 3088/3518/3088 3087/3517/3089
f 3085/3514/3087 3091/3521/3090 3088/3518/3088
f 3088/3518/3088 3090/3520/3091 3087/3517/3089
f 3088/3518/3088 3089/3519/3092 3090/3520/3091
f 3088/3518/3088 3091/3521/3090 3089/3519/3092
f 3085/3514/3087 3092/3522/3093 3091/3521/3090
f 3091/3521/3090 3092/3522/3093 3093/3523/3094
f 3091/3521/3090 3093/3523/3094 3094/3524/3095
f 3094/3524/3095 3089/3519/3092 3091/3521/3090
f 2740/3153/2741 3095/3525/3096 3094/3524/3095
f 3094/3524/3095 3096/3526/3097 2740/3153/2741
f 3094/3524/3095 3095/3525/3096 3089/3519/3092
f 3094/3524/3095 3093/3523/3094 3096/3526/3097
f 3096/3526/3097 3097/3527/3098 3098/3528/3099
f 3096/3526/3097 3099/3529/3100 3097/3527/3098
f 2740/3153/2741 3096/3526/3097 3098/3528/3099
f 3093/3523/3094 3099/3529/3100 3096/3526/3097
f 3099/3529/3100 3100/3530/3101 3101/3531/3102
f 3099/3529/3100 3102/3532/3103 3100/3530/3101
f 3097/3527/3098 3099/3529/3100 3101/3531/3102
f 3093/3523/3094 3102/3532/3103 3099/3529/3100
f 3102/3532/3103 3104/3534/3104 3103/3533/3105
f 3102/3532/3103 3103/3533/3105 3100/3530/3101
f 3092/3522/3093 3104/3534/3104 3102/3532/3103
f 3092/3522/3093 3102/3532/3103 3093/3523/3094
f 3083/3511/3086 3103/3533/3105 3104/3534/3104
f 3085/3514/3087 3104/3534/3104 3092/3522/3093
f 3083/3511/3086 3104/3534/3104 3085/3514/3087
f 3082/3510/3085 3103/3533/3105 3083/3511/3086
f 3082/3510/3085 3106/3536/3106 3103/3533/3105
f 3103/3533/3105 3105/3535/3107 3100/3530/3101
f 3103/3533/3105 3106/3536/3106 3105/3535/3107
f 3109/3539/3108 3106/3536/3106 3082/3510/3085
f 3107/3537/3109 3108/3538/3110 3106/3536/3106
f 3109/3539/3108 3107/3537/3109 3106/3536/3106
f 3108/3538/3110 3105/3535/3107 3106/3536/3106
f 3111/3541/3111 3109/3539/3108 3082/3510/3085
f 3109/3539/3108 3110/3540/3112 3112/3542/3113
f 3111/3541/3111 3110/3540/3112 3109/3539/3108
f 3109/3539/3108 3112/3542/3113 3107/3537/3109
f 3112/3542/3113 3113/3543/3114 3114/3544/3115
f 3110/3540/3112 3113/3543/3114 3112/3542/3113
f 3112/3542/3113 3114/3544/3115 3107/3537/3109
f 3115/3545/3116 3114/3544/3115 3113/3543/3114
f 3115/3545/3116 3117/3547/3117 3114/3544/3115
f 3114/3544/3115 3108/3538/3110 3107/3537/3109
f 3114/3544/3115 3116/3546/3118 3108/3538/3110
f 3117/3547/3117 3116/3546/3118 3114/3544/3115
f 3117/3547/3117 3120/3550/3119 3116/3546/3118
f 3118/3548/3120 3117/3547/3117 3115/3545/3116
f 3118/3548/3120 3119/3549/3121 3117/3547/3117
f 3119/3549/3121 3120/3550/3119 3117/3547/3117
f 3120/3550/3119 3122/3552/3122 3116/3546/3118
f 3121/3551/3123 3123/3553/3124 3120/3550/3119
f 3119/3549/3121 3121/3551/3123 3120/3550/3119
f 3120/3550/3119 3123/3553/3124 3122/3552/3122
f 3101/3531/3102 3122/3552/3122 3123/3553/3124
f 3125/3555/3125 3123/3553/3124 3124/3554/3126
f 3121/3551/3123 3124/3554/3126 3123/3553/3124
f 3101/3531/3102 3123/3553/3124 3125/3555/3125
f 2731/3144/2731 3097/3527/3098 3125/3555/3125
f 2731/3144/2731 3125/3555/3125 3126/3556/3127
f 3097/3527/3098 3101/3531/3102 3125/3555/3125
f 3125/3555/3125 3124/3554/3126 3126/3556/3127
f 3126/3556/3127 2725/3138/2726 2731/3144/2731
f 3126/3556/3127 2726/3139/2727 2725/3138/2726
f 2726/3139/2727 3126/3556/3127 3124/3554/3126
f 3128/3558/3128 3124/3554/3126 3121/3551/3123
f 2726/3139/2727 3124/3554/3126 3127/3557/3129
f 3128/3558/3128 3127/3557/3129 3124/3554/3126
f 3129/3559/3130 3130/3560/3131 3128/3558/3128
f 3129/3559/3130 3128/3558/3128 3131/3561/3132
f 3131/3561/3132 3128/3558/3128 3121/3551/3123
f 3130/3560/3131 3127/3557/3129 3128/3558/3128
f 3132/3562/3133 3131/3561/3132 3119/3549/3121
f 3133/3563/3134 3131/3561/3132 3132/3562/3133
f 3133/3563/3134 3129/3559/3130 3131/3561/3132
f 3131/3561/3132 3121/3551/3123 3119/3549/3121
f 3134/3564/3135 3133/3563/3134 3132/3562/3133
f 2711/3124/2711 3129/3559/3130 3133/3563/3134
f 2711/3124/2711 3133/3563/3134 2708/3121/2709
f 2708/3121/2709 3133/3563/3134 3134/3564/3135
f 3135/3565/3136 3134/3564/3135 3136/3566/3137
f 2705/3118/2706 3134/3564/3135 3135/3565/3136
f 2708/3121/2709 3134/3564/3135 2705/3118/2706
f 3134/3564/3135 3132/3562/3133 3136/3566/3137
f 3135/3565/3136 3136/3566/3137 3137/3567/3138
f 3137/3567/3138 3136/3566/3137 3138/3568/3139
f 3136/3566/3137 3118/3548/3120 3138/3568/3139
f 3136/3566/3137 3132/3562/3133 3118/3548/3120
f 3137/3567/3138 3138/3568/3139 3139/3569/3140
f 3138/3568/3139 3118/3548/3120 3115/3545/3116
f 3138/3568/3139 3115/3545/3116 3140/3570/3141
f 3139/3569/3140 3138/3568/3139 3140/3570/3141
f 3139/3569/3140 3140/3570/3141 3141/3571/3142
f 3141/3571/3142 3140/3570/3141 3142/3572/3143
f 3140/3570/3141 3113/3543/3114 3142/3572/3143
f 3140/3570/3141 3115/3545/3116 3113/3543/3114
f 3141/3571/3142 3142/3572/3143 3143/3573/3144
f 3144/3574/3145 3143/3573/3144 3142/3572/3143
f 3144/3574/3145 3142/3572/3143 3110/3540/3112
f 3110/3540/3112 3142/3572/3143 3113/3543/3114
f 3145/3575/3146 3143/3573/3144 3144/3574/3145
f 3145/3575/3146 3144/3574/3145 3111/3541/3111
f 3111/3541/3111 3144/3574/3145 3110/3540/3112
f 3145/3575/3146 3111/3541/3111 3147/3577/3147
f 3145/3575/3146 3146/3576/3148 3143/3573/3144
f 3149/3579/3149 3146/3576/3148 3145/3575/3146
f 3148/3578/3150 3145/3575/3146 3147/3577/3147
f 3149/3579/3149 3145/3575/3146 3148/3578/3150
f 3150/3580/3151 3149/3579/3149 3148/3578/3150
f 3151/3582/3152 3149/3579/3149 3150/3580/3151
f 3151/3582/3152 3152/3584/3153 3149/3579/3149
f 3152/3584/3153 3146/3576/3148 3149/3579/3149
f 3153/3586/3154 3152/3584/3153 3151/3582/3152
f 3153/3586/3154 3154/3587/3155 3152/3584/3153
f 3152/3584/3153 3155/3588/3156 3146/3576/3148
f 3154/3587/3155 3155/3588/3156 3152/3584/3153
f 3154/3587/3155 3156/3589/3157 3155/3588/3156
f 3155/3588/3156 3156/3589/3157 3139/3569/3140
f 3155/3588/3156 3139/3569/3140 3141/3571/3142
f 3146/3576/3148 3155/3588/3156 3141/3571/3142
f 3157/3590/3158 3156/3589/3157 3154/3587/3155
f 3157/3590/3158 3158/3591/3159 3156/3589/3157
f 3156/3589/3157 3158/3591/3159 3137/3567/3138
f 3156/3589/3157 3137/3567/3138 3139/3569/3140
f 3159/3592/3160 3160/3593/3161 3158/3591/3159
f 3159/3592/3160 3158/3591/3159 3157/3590/3158
f 3158/3591/3159 3160/3593/3161 3161/3594/3162
f 3158/3591/3159 3161/3594/3162 3135/3565/3136
f 3158/3591/3159 3135/3565/3136 3137/3567/3138
f 3161/3594/3162 2702/3115/2701 3135/3565/3136
f 3161/3594/3162 2701/3114/2702 2702/3115/2701
f 3160/3593/3161 2701/3114/2702 3161/3594/3162
f 3160/3593/3161 3162/3595/3163 2701/3114/2702
f 3159/3592/3160 3162/3595/3163 3160/3593/3161
f 3162/3595/3163 3163/3596/3164 2694/3107/2694
f 3159/3592/3160 3163/3596/3164 3162/3595/3163
f 3162/3595/3163 2694/3107/2694 2696/3109/2697
f 2701/3114/2702 3162/3595/3163 2696/3109/2697
f 2692/3103/2693 3163/3596/3164 3164/3597/3165
f 3165/3599/3166 3164/3597/3165 3163/3596/3164
f 2692/3103/2693 2694/3107/2694 3163/3596/3164
f 3165/3599/3166 3163/3596/3164 3159/3592/3160
f 3167/3603/3167 3165/3600/3166 3166/3601/3168
f 3165/3599/3166 3157/3590/3158 3166/3602/3168
f 3165/3599/3166 3159/3592/3160 3157/3590/3158
f 3167/3603/3167 3164/3598/3165 3165/3600/3166
f 3169/3605/3169 3168/3604/3170 3167/3603/3167
f 3167/3603/3167 3168/3604/3170 3164/3598/3165
f 3167/3603/3167 3166/3601/3168 3171/3607/3171
f 3170/3606/3172 3169/3605/3169 3167/3603/3167
f 3170/3606/3172 3167/3603/3167 3171/3607/3171
f 3170/3606/3172 3171/3607/3171 3172/3608/3173
f 3171/3607/3171 3153/3585/3154 3172/3608/3173
f 3171/3607/3171 3166/3601/3168 3153/3585/3154
f 3172/3608/3173 3151/3583/3152 3173/3609/3174
f 3172/3608/3173 3153/3585/3154 3151/3583/3152
f 3174/3610/3175 3172/3608/3173 3173/3609/3174
f 3170/3606/3172 3172/3608/3173 3174/3610/3175
f 3174/3610/3175 3173/3609/3174 3176/3612/3176
f 3175/3611/3177 3174/3610/3175 3177/3613/3178
f 3175/3611/3177 3170/3606/3172 3174/3610/3175
f 3177/3613/3178 3174/3610/3175 3176/3612/3176
f 3179/3615/3179 3175/3611/3177 3177/3613/3178
f 3177/3613/3178 3176/3612/3176 3178/3614/3180
f 3178/3614/3180 3179/3615/3179 3177/3613/3178
f 3178/3614/3180 3181/3617/3181 3179/3615/3179
f 3182/3618/3182 3180/3616/3183 3179/3615/3179
f 3179/3615/3179 3180/3616/3183 3175/3611/3177
f 3179/3615/3179 3181/3617/3181 3183/3619/3184
f 3179/3615/3179 3183/3619/3184 3182/3618/3182
f 3184/3620/3185 3183/3619/3184 3181/3617/3181
f 3185/3621/3186 3183/3619/3184 3184/3620/3185
f 3186/3622/3187 3183/3619/3184 3185/3621/3186
f 3186/3622/3187 3182/3618/3182 3183/3619/3184
f 3187/3623/3188 3188/3624/3189 3186/3622/3187
f 3187/3623/3188 3186/3622/3187 3189/3625/3190
f 3189/3625/3190 3186/3622/3187 3185/3621/3186
f 3188/3624/3189 3182/3618/3182 3186/3622/3187
f 3189/3625/3190 3185/3621/3186 3191/3627/3191
f 3190/3626/3192 3187/3623/3188 3189/3625/3190
f 3190/3626/3192 3189/3625/3190 3192/3628/3193
f 3192/3628/3193 3189/3625/3190 3191/3627/3191
f 3193/3629/3194 3195/3631/3195 3192/3628/3193
f 3193/3629/3194 3192/3628/3193 3194/3630/3196
f 3192/3628/3193 3191/3627/3191 3194/3630/3196
f 3195/3631/3195 3190/3626/3192 3192/3628/3193
f 3196/3632/3197 3198/3634/3198 3195/3631/3195
f 3196/3632/3197 3195/3631/3195 3197/3633/3199
f 3197/3633/3199 3195/3631/3195 3193/3629/3194
f 3195/3631/3195 3198/3634/3198 3190/3626/3192
f 3199/3635/3200 3200/3636/3201 3198/3634/3198
f 3199/3635/3200 3198/3634/3198 3196/3632/3197
f 3198/3634/3198 3201/3637/3202 3190/3626/3192
f 3198/3634/3198 3200/3636/3201 3201/3637/3202
f 3201/3637/3202 3187/3623/3188 3190/3626/3192
f 3200/3636/3201 3202/3638/3203 3201/3637/3202
f 3201/3637/3202 3202/3638/3203 3203/3639/3204
f 3201/3637/3202 3204/3640/3205 3187/3623/3188
f 3201/3637/3202 3203/3639/3204 3204/3640/3205
f 3187/3623/3188 3204/3640/3205 3206/3642/3206
f 3204/3640/3205 3203/3639/3204 3205/3641/3207
f 3204/3640/3205 3205/3641/3207 3206/3642/3206
f 3187/3623/3188 3206/3642/3206 3188/3624/3189
f 3206/3642/3206 3205/3641/3207 3207/3643/3208
f 3206/3642/3206 3207/3643/3208 3208/3644/3209
f 3206/3642/3206 3208/3644/3209 3209/3645/3210
f 3206/3642/3206 3209/3645/3210 3188/3624/3189
f 3209/3645/3210 3208/3644/3209 3210/3646/3211
f 3209/3645/3210 3210/3646/3211 3180/3616/3183
f 3182/3618/3182 3209/3645/3210 3180/3616/3183
f 3188/3624/3189 3209/3645/3210 3182/3618/3182
f 3210/3646/3211 3211/3647/3212 3213/3649/3213
f 3210/3646/3211 3212/3648/3214 3211/3647/3212
f 3208/3644/3209 3212/3648/3214 3210/3646/3211
f 3180/3616/3183 3210/3646/3211 3213/3649/3213
f 3213/3649/3213 3211/3647/3212 3214/3650/3215
f 3213/3649/3213 3214/3650/3215 3215/3651/3216
f 3213/3649/3213 3170/3606/3172 3175/3611/3177
f 3213/3649/3213 3215/3651/3216 3170/3606/3172
f 3180/3616/3183 3213/3649/3213 3175/3611/3177
f 3215/3651/3216 3216/3652/3217 3169/3605/3169
f 3215/3651/3216 3214/3650/3215 3216/3652/3217
f 3170/3606/3172 3215/3651/3216 3169/3605/3169
f 3169/3605/3169 3216/3652/3217 3168/3604/3170
f 3168/3604/3170 3216/3652/3217 2689/3099/2689
f 3216/3652/3217 3214/3650/3215 3217/3653/3218
f 3216/3652/3217 3217/3653/3218 2689/3099/2689
f 3211/3647/3212 3217/3653/3218 3214/3650/3215
f 3211/3647/3212 3218/3654/3219 3217/3653/3218
f 2687/3097/2687 2689/3099/2689 3217/3653/3218
f 2684/3094/2684 2687/3097/2687 3217/3653/3218
f 2684/3094/2684 3217/3653/3218 3218/3654/3219
f 3211/3647/3212 3219/3655/3220 3218/3654/3219
f 2682/3092/2682 3218/3654/3219 3219/3655/3220
f 2682/3092/2682 2684/3094/2684 3218/3654/3219
f 3211/3647/3212 3212/3648/3214 3219/3655/3220
f 3212/3648/3214 3220/3656/3221 3219/3655/3220
f 2681/3091/2681 3219/3655/3220 3220/3656/3221
f 2681/3091/2681 2682/3092/2682 3219/3655/3220
f 2678/3088/2678 2681/3091/2681 3220/3656/3221
f 2678/3088/2678 3220/3656/3221 3221/3657/3222
f 3212/3648/3214 3207/3643/3208 3220/3656/3221
f 3207/3643/3208 3221/3657/3222 3220/3656/3221
f 2677/3087/2677 3221/3657/3222 3222/3658/3223
f 3205/3641/3207 3222/3658/3223 3221/3657/3222
f 3207/3643/3208 3205/3641/3207 3221/3657/3222
f 2677/3087/2677 2678/3088/2678 3221/3657/3222
f 2674/3084/2674 2677/3087/2677 3222/3658/3223
f 2674/3084/2674 3222/3658/3223 3223/3659/3224
f 3205/3641/3207 3203/3639/3204 3222/3658/3223
f 3203/3639/3204 3223/3659/3224 3222/3658/3223
f 3203/3639/3204 3202/3638/3203 3223/3659/3224
f 3202/3638/3203 3224/3660/3225 3223/3659/3224
f 2673/3083/2673 2674/3084/2674 3223/3659/3224
f 2673/3083/2673 3223/3659/3224 3224/3660/3225
f 2671/3081/2671 2673/3083/2673 3224/3660/3225
f 2671/3081/2671 3224/3660/3225 3226/3662/3226
f 3202/3638/3203 3225/3661/3227 3224/3660/3225
f 3225/3661/3227 3226/3662/3226 3224/3660/3225
f 3228/3664/3228 3227/3663/3229 3226/3662/3226
f 2669/3079/2669 3226/3662/3226 3227/3663/3229
f 2669/3079/2669 2671/3081/2671 3226/3662/3226
f 3225/3661/3227 3228/3664/3228 3226/3662/3226
f 3229/3665/3230 3228/3664/3228 3199/3635/3200
f 3229/3665/3230 3230/3666/3231 3228/3664/3228
f 3199/3635/3200 3228/3664/3228 3225/3661/3227
f 3228/3664/3228 3230/3666/3231 3227/3663/3229
f 3231/3667/3232 3230/3666/3231 3229/3665/3230
f 3231/3667/3232 3232/3668/3233 3230/3666/3231
f 3230/3666/3231 3233/3669/3234 3227/3663/3229
f 3230/3666/3231 3232/3668/3233 3233/3669/3234
f 2665/3075/2665 2667/3077/2667 3233/3669/3234
f 2665/3075/2665 3233/3669/3234 3234/3670/3235
f 3232/3668/3233 3234/3670/3235 3233/3669/3234
f 2667/3077/2667 3227/3663/3229 3233/3669/3234
f 2663/3073/2663 2665/3075/2665 3234/3670/3235
f 3232/3668/3233 3235/3671/3236 3234/3670/3235
f 3235/3671/3236 3236/3672/3237 3234/3670/3235
f 2663/3073/2663 3234/3670/3235 3236/3672/3237
f 2661/3071/2661 2663/3073/2663 3236/3672/3237
f 3238/3674/3238 3237/3673/3239 3236/3672/3237
f 2661/3071/2661 3236/3672/3237 3237/3673/3239
f 3235/3671/3236 3238/3674/3238 3236/3672/3237
f 3238/3674/3238 3239/3675/3240 3237/3673/3239
f 3241/3677/3241 3239/3675/3240 3238/3674/3238
f 3240/3676/3242 3238/3674/3238 3235/3671/3236
f 3241/3677/3241 3238/3674/3238 3240/3676/3242
f 3241/3677/3241 3243/3679/3243 3242/3678/3244
f 3242/3678/3244 3245/3681/3245 3241/3677/3241
f 3241/3677/3241 3240/3676/3242 3243/3679/3243
f 3241/3677/3241 3244/3680/3246 3239/3675/3240
f 3241/3677/3241 3245/3681/3245 3244/3680/3246
f 3244/3680/3246 3245/3681/3245 3246/3682/3247
f 3245/3681/3245 3248/3684/3248 3246/3682/3247
f 3242/3678/3244 3247/3683/3249 3245/3681/3245
f 3245/3681/3245 3247/3683/3249 3248/3684/3248
f 3248/3684/3248 2633/3043/2634 3246/3682/3247
f 3248/3684/3248 2634/3044/2632 2633/3043/2634
f 3249/3685/3250 2634/3044/2632 3248/3684/3248
f 3247/3683/3249 3249/3685/3250 3248/3684/3248
f 3251/3687/3251 3250/3686/3252 3249/3685/3250
f 3249/3685/3250 3250/3686/3252 2634/3044/2632
f 3249/3685/3250 3252/3688/3253 3251/3687/3251
f 3249/3685/3250 3253/3689/3254 3252/3688/3253
f 3247/3683/3249 3253/3689/3254 3249/3685/3250
f 3254/3690/3255 3252/3688/3253 3253/3689/3254
f 3255/3691/3256 3253/3689/3254 3247/3683/3249
f 3254/3690/3255 3253/3689/3254 3255/3691/3256
f 3255/3691/3256 3247/3683/3249 3242/3678/3244
f 3255/3691/3256 3256/3692/3257 3254/3690/3255
f 3242/3678/3244 3257/3693/3258 3255/3691/3256
f 3255/3691/3256 3257/3693/3258 3256/3692/3257
f 3242/3678/3244 3243/3679/3243 3257/3693/3258
f 3257/3693/3258 3258/3694/3259 3256/3692/3257
f 3257/3693/3258 3259/3695/3260 3258/3694/3259
f 3243/3679/3243 3259/3695/3260 3257/3693/3258
f 3243/3679/3243 3260/3696/3261 3259/3695/3260
f 3260/3696/3261 3262/3698/3262 3259/3695/3260
f 3259/3695/3260 3262/3698/3262 3261/3697/3263
f 3259/3695/3260 3261/3697/3263 3258/3694/3259
f 3260/3696/3261 3263/3699/3264 3262/3698/3262
f 3262/3698/3262 3265/3701/3265 3261/3697/3263
f 3263/3699/3264 3264/3700/3266 3262/3698/3262
f 3262/3698/3262 3264/3700/3266 3265/3701/3265
f 3261/3697/3263 3265/3701/3265 3266/3702/3267
f 3264/3700/3266 3267/3703/3268 3265/3701/3265
f 3265/3701/3265 3268/3704/3269 3266/3702/3267
f 3265/3701/3265 3267/3703/3268 3268/3704/3269
f 3267/3703/3268 3271/3707/3270 3268/3704/3269
f 3268/3704/3269 3270/3706/3271 3269/3705/3272
f 3266/3702/3267 3268/3704/3269 3269/3705/3272
f 3268/3704/3269 3271/3707/3270 3270/3706/3271
f 3270/3706/3271 3271/3707/3270 3272/3708/3273
f 3271/3707/3270 3193/3629/3194 3194/3630/3196
f 3267/3703/3268 3193/3629/3194 3271/3707/3270
f 3271/3707/3270 3194/3630/3196 3272/3708/3273
f 3270/3706/3271 3272/3708/3273 3273/3709/3274
f 3272/3708/3273 3274/3710/3275 3273/3709/3274
f 3272/3708/3273 3275/3711/3276 3274/3710/3275
f 3194/3630/3196 3275/3711/3276 3272/3708/3273
f 3275/3711/3276 3276/3712/3277 3274/3710/3275
f 3194/3630/3196 3191/3627/3191 3275/3711/3276
f 3275/3711/3276 3277/3713/3278 3276/3712/3277
f 3191/3627/3191 3277/3713/3278 3275/3711/3276
f 3277/3713/3278 3184/3620/3185 3278/3714/3279
f 3277/3713/3278 3278/3714/3279 3276/3712/3277
f 3191/3627/3191 3185/3621/3186 3277/3713/3278
f 3185/3621/3186 3184/3620/3185 3277/3713/3278
f 3278/3714/3279 3281/3717/3280 3279/3715/3281
f 3280/3716/3282 3278/3714/3279 3279/3715/3281
f 3276/3712/3277 3278/3714/3279 3280/3716/3282
f 3278/3714/3279 3184/3620/3185 3281/3717/3280
f 3281/3717/3280 3283/3719/3283 3282/3718/3284
f 3281/3717/3280 3282/3718/3284 3279/3715/3281
f 3184/3620/3185 3178/3614/3180 3281/3717/3280
f 3178/3614/3180 3283/3719/3283 3281/3717/3280
f 3283/3719/3283 3284/3721/3285 3282/3718/3284
f 3283/3719/3283 3285/3722/3286 3284/3721/3285
f 3176/3612/3176 3285/3722/3286 3283/3719/3283
f 3178/3614/3180 3176/3612/3176 3283/3719/3283
f 3176/3612/3176 3173/3609/3174 3285/3722/3286
f 3173/3609/3174 3150/3581/3151 3285/3722/3286
f 3285/3722/3286 3150/3581/3151 3284/3721/3285
f 3284/3720/3285 3148/3578/3150 3286/3723/3287
f 3284/3720/3285 3286/3723/3287 3287/3724/3288
f 3150/3580/3151 3148/3578/3150 3284/3720/3285
f 3282/3718/3284 3284/3721/3285 3287/3725/3288
f 3288/3726/3289 3287/3725/3288 3079/3506/3082
f 3287/3724/3288 3080/3507/3084 3079/3505/3082
f 3287/3724/3288 3286/3723/3287 3080/3507/3084
f 3282/3718/3284 3287/3725/3288 3288/3726/3289
f 3279/3715/3281 3288/3726/3289 3280/3716/3282
f 3280/3716/3282 3288/3726/3289 3079/3506/3082
f 3279/3715/3281 3282/3718/3284 3288/3726/3289
f 3148/3578/3150 3147/3577/3147 3286/3723/3287
f 3286/3723/3287 3147/3577/3147 3080/3507/3084
f 3274/3710/3275 3280/3716/3282 3289/3727/3290
f 3289/3727/3290 3280/3716/3282 3290/3728/3291
f 3280/3716/3282 3079/3506/3082 3290/3728/3291
f 3274/3710/3275 3276/3712/3277 3280/3716/3282
f 3289/3727/3290 3290/3728/3291 3291/3729/3292
f 3079/3506/3082 3078/3503/3083 3290/3728/3291
f 3291/3729/3292 3290/3728/3291 3078/3503/3083
f 3291/3729/3292 3078/3503/3083 3293/3731/3293
f 3292/3730/3294 3289/3727/3290 3291/3729/3292
f 3295/3735/3295 3292/3730/3294 3291/3729/3292
f 3294/3733/3296 3291/3729/3292 3293/3731/3293
f 3294/3733/3296 3295/3735/3295 3291/3729/3292
f 3296/3736/3297 3295/3735/3295 3294/3733/3296
f 3297/3737/3298 3295/3735/3295 3296/3736/3297
f 3297/3737/3298 3298/3738/3299 3295/3735/3295
f 3295/3735/3295 3298/3738/3299 3292/3730/3294
f 3298/3738/3299 3270/3706/3271 3273/3709/3274
f 3269/3705/3272 3270/3706/3271 3298/3738/3299
f 3298/3738/3299 3273/3709/3274 3292/3730/3294
f 3269/3705/3272 3298/3738/3299 3297/3737/3298
f 3299/3739/3300 3297/3737/3298 3296/3736/3297
f 3300/3740/3301 3297/3737/3298 3299/3739/3300
f 3300/3740/3301 3269/3705/3272 3297/3737/3298
f 3302/3742/3302 3300/3740/3301 3299/3739/3300
f 3301/3741/3303 3266/3702/3267 3300/3740/3301
f 3301/3741/3303 3300/3740/3301 3302/3742/3302
f 3266/3702/3267 3269/3705/3272 3300/3740/3301
f 3302/3742/3302 3299/3739/3300 3303/3743/3304
f 3303/3743/3304 3304/3744/3305 3302/3742/3302
f 3302/3742/3302 3304/3744/3305 3305/3745/3306
f 3302/3742/3302 3305/3745/3306 3306/3746/3307
f 3306/3746/3307 3307/3747/3308 3302/3742/3302
f 3307/3747/3308 3301/3741/3303 3302/3742/3302
f 3254/3690/3255 3307/3747/3308 3306/3746/3307
f 3256/3692/3257 3301/3741/3303 3307/3747/3308
f 3254/3690/3255 3256/3692/3257 3307/3747/3308
f 3306/3746/3307 3252/3688/3253 3254/3690/3255
f 3306/3746/3307 3305/3745/3306 3252/3688/3253
f 3252/3688/3253 3305/3745/3306 3308/3748/3309
f 3305/3745/3306 3309/3749/3310 3308/3748/3309
f 3305/3745/3306 3304/3744/3305 3309/3749/3310
f 3312/3752/3311 3310/3750/3312 3309/3749/3310
f 3310/3750/3312 3311/3751/3313 3309/3749/3310
f 3309/3749/3310 3311/3751/3313 3313/3753/3314
f 3312/3752/3311 3309/3749/3310 3304/3744/3305
f 3309/3749/3310 3313/3753/3314 3308/3748/3309
f 2621/3031/2622 3313/3753/3314 3311/3751/3313
f 3314/3754/3315 3313/3753/3314 2622/3032/2623
f 2621/3031/2622 2622/3032/2623 3313/3753/3314
f 3308/3748/3309 3313/3753/3314 3314/3754/3315
f 3314/3754/3315 2622/3032/2623 2623/3033/2624
f 3308/3748/3309 3314/3754/3315 3251/3687/3251
f 2626/3036/2627 3314/3754/3315 2623/3033/2624
f 2626/3036/2627 3250/3686/3252 3314/3754/3315
f 3251/3687/3251 3314/3754/3315 3250/3686/3252
f 3315/3755/3316 3310/3750/3312 3312/3752/3311
f 3315/3755/3316 3312/3752/3311 3316/3756/3317
f 3316/3756/3317 3312/3752/3311 3303/3743/3304
f 3303/3743/3304 3312/3752/3311 3304/3744/3305
f 3316/3756/3317 3303/3743/3304 3317/3757/3318
f 3318/3759/3319 3316/3756/3317 3317/3757/3318
f 3318/3759/3319 3315/3755/3316 3316/3756/3317
f 3318/3759/3319 3317/3757/3318 3319/3760/3320
f 2593/3000/2593 3318/3758/3319 3319/3761/3320
f 2593/3000/2593 3321/3763/3321 3318/3758/3319
f 3318/3759/3319 3320/3762/3322 3315/3755/3316
f 3318/3759/3319 3321/3764/3321 3320/3762/3322
f 2602/3011/2603 3321/3763/3321 2595/3002/2596
f 2593/3000/2593 2595/3002/2596 3321/3763/3321
f 3322/3765/3323 3321/3764/3321 2602/3010/2603
f 3320/3762/3322 3321/3764/3321 3322/3765/3323
f 3322/3765/3323 2602/3010/2603 3324/3767/3324
f 3323/3766/3325 3326/3769/3326 3322/3765/3323
f 3323/3766/3325 3322/3765/3323 3324/3767/3324
f 3322/3765/3323 3325/3768/3327 3320/3762/3322
f 3322/3765/3323 3326/3769/3326 3325/3768/3327
f 3311/3751/3313 3325/3768/3327 3326/3769/3326
f 3311/3751/3313 3326/3769/3326 2621/3031/2622
f 2621/3031/2622 3326/3769/3326 3323/3766/3325
f 3315/3755/3316 3320/3762/3322 3325/3768/3327
f 3310/3750/3312 3325/3768/3327 3311/3751/3313
f 3315/3755/3316 3325/3768/3327 3310/3750/3312
f 2602/3010/2603 3327/3770/3328 3324/3767/3324
f 3327/3770/3328 3323/3766/3325 3324/3767/3324
f 3327/3770/3328 2613/3023/2612 3323/3766/3325
f 2604/3014/2602 2613/3023/2612 3327/3770/3328
f 2604/3014/2602 3327/3770/3328 2602/3010/2603
f 2615/3025/2616 3323/3766/3325 2613/3023/2612
f 2615/3025/2616 2619/3029/2620 3323/3766/3325
f 2621/3031/2622 3323/3766/3325 2619/3029/2620
f 3328/3771/3329 3296/3736/3297 3319/3760/3320
f 3317/3757/3318 3328/3771/3329 3319/3760/3320
f 3296/3736/3297 3294/3733/3296 3319/3760/3320
f 2593/3000/2593 3319/3761/3320 2591/2998/2592
f 2589/2996/2589 2591/2998/2592 3319/3761/3320
f 2589/2996/2589 3319/3761/3320 3294/3734/3296
f 3303/3743/3304 3328/3771/3329 3317/3757/3318
f 3303/3743/3304 3299/3739/3300 3328/3771/3329
f 3299/3739/3300 3296/3736/3297 3328/3771/3329
f 3252/3688/3253 3308/3748/3309 3251/3687/3251
f 3256/3692/3257 3258/3694/3259 3301/3741/3303
f 3258/3694/3259 3261/3697/3263 3301/3741/3303
f 3261/3697/3263 3266/3702/3267 3301/3741/3303
f 3294/3734/3296 3293/3732/3293 2588/2995/2590
f 3294/3734/3296 2588/2995/2590 2589/2996/2589
f 3329/3772/3330 3293/3732/3293 3078/3504/3083
f 3329/3772/3330 2588/2995/2590 3293/3732/3293
f 2586/2993/2586 3329/3772/3330 3330/3773/3331
f 3330/3773/3331 3329/3772/3330 3075/3496/3079
f 3075/3496/3079 3329/3772/3330 3078/3504/3083
f 2586/2993/2586 2588/2995/2590 3329/3772/3330
f 3330/3773/3331 3075/3496/3079 3331/3774/3332
f 3332/3775/3333 3330/3773/3331 3331/3774/3332
f 2585/2991/2585 2586/2993/2586 3330/3773/3331
f 2585/2991/2585 3330/3773/3331 3332/3775/3333
f 3332/3776/3333 3333/3777/3334 3334/3779/3335
f 3332/3775/3333 3331/3774/3332 3333/3778/3334
f 2585/2992/2585 3332/3776/3333 3335/3780/3336
f 3332/3776/3333 3334/3779/3335 3335/3780/3336
f 3335/3780/3336 3334/3779/3335 2124/2431/2124
f 3335/3780/3336 2124/2431/2124 2536/2929/2536
f 2583/2988/2584 3335/3780/3336 2536/2929/2536
f 2585/2992/2585 3335/3780/3336 2583/2988/2584
f 3336/3781/3337 3334/3779/3335 3333/3777/3334
f 3337/3783/3338 2124/2431/2124 3334/3779/3335
f 3336/3781/3337 3337/3783/3338 3334/3779/3335
f 3338/3785/3339 3337/3783/3338 3336/3781/3337
f 3338/3785/3339 2128/2435/2129 3337/3783/3338
f 2128/2435/2129 2125/2432/2125 3337/3783/3338
f 3337/3783/3338 2125/2432/2125 2124/2431/2124
f 3338/3784/3339 3336/3782/3337 3074/3495/3078
f 3338/3784/3339 3074/3495/3078 3072/3493/3077
f 2130/2438/2131 3338/3784/3339 3072/3493/3077
f 2130/2437/2131 2128/2435/2129 3338/3785/3339
f 3336/3782/3337 3333/3778/3334 3331/3774/3332
f 3336/3782/3337 3331/3774/3332 3074/3495/3078
f 3074/3495/3078 3331/3774/3332 3075/3496/3079
f 3273/3709/3274 3289/3727/3290 3292/3730/3294
f 3273/3709/3274 3274/3710/3275 3289/3727/3290
f 3197/3633/3199 3193/3629/3194 3267/3703/3268
f 3264/3700/3266 3197/3633/3199 3267/3703/3268
f 3339/3786/3340 3197/3633/3199 3264/3700/3266
f 3263/3699/3264 3339/3786/3340 3264/3700/3266
f 3231/3667/3232 3229/3665/3230 3339/3786/3340
f 3231/3667/3232 3339/3786/3340 3263/3699/3264
f 3229/3665/3230 3196/3632/3197 3339/3786/3340
f 3339/3786/3340 3196/3632/3197 3197/3633/3199
f 3340/3787/3341 3263/3699/3264 3260/3696/3261
f 3340/3787/3341 3231/3667/3232 3263/3699/3264
f 3240/3676/3242 3340/3787/3341 3260/3696/3261
f 3340/3787/3341 3235/3671/3236 3232/3668/3233
f 3240/3676/3242 3235/3671/3236 3340/3787/3341
f 3340/3787/3341 3232/3668/3233 3231/3667/3232
f 3240/3676/3242 3260/3696/3261 3243/3679/3243
f 2634/3044/2632 3250/3686/3252 2626/3036/2627
f 3246/3682/3247 2640/3050/2639 3341/3788/3342
f 3246/3682/3247 2633/3043/2634 2640/3050/2639
f 3244/3680/3246 3246/3682/3247 3341/3788/3342
f 3341/3788/3342 2640/3050/2639 3342/3789/3343
f 3341/3788/3342 3342/3789/3343 3343/3790/3344
f 3244/3680/3246 3341/3788/3342 3343/3790/3344
f 2657/3067/2657 3343/3790/3344 3342/3789/3343
f 3244/3680/3246 3343/3790/3344 3344/3791/3345
f 3344/3791/3345 3343/3790/3344 2657/3067/2657
f 2661/3071/2661 3344/3791/3345 2658/3068/2658
f 3344/3791/3345 2657/3067/2657 2658/3068/2658
f 2661/3071/2661 3237/3673/3239 3344/3791/3345
f 3239/3675/3240 3344/3791/3345 3237/3673/3239
f 3239/3675/3240 3244/3680/3246 3344/3791/3345
f 2657/3067/2657 3342/3789/3343 2654/3064/2654
f 3342/3789/3343 2653/3063/2653 2654/3064/2654
f 2640/3050/2639 2639/3049/2640 3342/3789/3343
f 3342/3789/3343 2639/3049/2640 2653/3063/2653
f 3229/3665/3230 3199/3635/3200 3196/3632/3197
f 2667/3077/2667 2669/3079/2669 3227/3663/3229
f 3200/3636/3201 3225/3661/3227 3202/3638/3203
f 3199/3635/3200 3225/3661/3227 3200/3636/3201
f 3208/3644/3209 3207/3643/3208 3212/3648/3214
f 3184/3620/3185 3181/3617/3181 3178/3614/3180
f 3173/3609/3174 3151/3583/3152 3150/3581/3151
f 3164/3598/3165 3168/3604/3170 2690/3100/2690
f 3168/3604/3170 2689/3099/2689 2690/3100/2690
f 3166/3602/3168 3157/3590/3158 3154/3587/3155
f 3166/3602/3168 3154/3587/3155 3153/3586/3154
f 3164/3598/3165 2690/3100/2690 2692/3104/2693
f 3147/3577/3147 3111/3541/3111 3082/3510/3085
f 3147/3577/3147 3082/3510/3085 3080/3507/3084
f 3146/3576/3148 3141/3571/3142 3143/3573/3144
f 2705/3118/2706 3135/3565/3136 2702/3115/2701
f 3132/3562/3133 3119/3549/3121 3118/3548/3120
f 3130/3560/3131 2717/3130/2716 2722/3135/2722
f 3130/3560/3131 2714/3127/2713 2717/3130/2716
f 3130/3560/3131 2722/3135/2722 3127/3557/3129
f 3129/3559/3130 2714/3127/2713 3130/3560/3131
f 3129/3559/3130 2711/3124/2711 2714/3127/2713
f 2722/3135/2722 2726/3139/2727 3127/3557/3129
f 3100/3530/3101 3105/3535/3107 3122/3552/3122
f 3116/3546/3118 3122/3552/3122 3105/3535/3107
f 3100/3530/3101 3122/3552/3122 3101/3531/3102
f 3116/3546/3118 3105/3535/3107 3108/3538/3110
f 3098/3528/3099 2731/3144/2731 2732/3145/2732
f 3098/3528/3099 3097/3527/3098 2731/3144/2731
f 2738/3151/2739 3098/3528/3099 2732/3145/2732
f 2740/3153/2741 3098/3528/3099 2738/3151/2739
f 2740/3153/2741 2741/3154/2742 3095/3525/3096
f 3095/3525/3096 3090/3520/3091 3089/3519/3092
f 2741/3154/2742 3345/3792/3346 3095/3525/3096
f 3095/3525/3096 3345/3792/3346 3090/3520/3091
f 2743/3156/2744 3346/3793/3347 3345/3792/3346
f 2741/3154/2742 2743/3156/2744 3345/3792/3346
f 3345/3792/3346 3346/3793/3347 3090/3520/3091
f 2743/3156/2744 2745/3158/2745 3346/3793/3347
f 2745/3158/2745 3348/3795/3348 3346/3793/3347
f 3346/3793/3347 3348/3795/3348 3347/3794/3349
f 3346/3793/3347 3347/3794/3349 3090/3520/3091
f 3348/3795/3348 2755/3168/2757 3349/3796/3350
f 3348/3795/3348 3349/3796/3350 3347/3794/3349
f 2752/3165/2752 2755/3168/2757 3348/3795/3348
f 2745/3158/2745 2752/3165/2752 3348/3795/3348
f 2755/3168/2757 2756/3169/2756 3349/3796/3350
f 3349/3796/3350 2756/3169/2756 2761/3174/2762
f 3349/3796/3350 2761/3174/2762 3350/3797/3351
f 3350/3797/3351 3087/3517/3089 3349/3796/3350
f 3087/3517/3089 3347/3794/3349 3349/3796/3350
f 3350/3797/3351 2764/3177/2765 3352/3799/3352
f 3350/3797/3351 2761/3174/2762 2764/3177/2765
f 3352/3799/3352 3351/3798/3353 3350/3797/3351
f 3350/3797/3351 3351/3798/3353 3087/3517/3089
f 3352/3799/3352 3353/3800/3354 3351/3798/3353
f 2770/3183/2771 3352/3799/3352 2768/3181/2769
f 2768/3181/2769 3352/3799/3352 2764/3177/2765
f 2770/3183/2771 3353/3800/3354 3352/3799/3352
f 3069/3490/3071 3351/3798/3353 3353/3800/3354
f 2770/3183/2771 3069/3490/3071 3353/3800/3354
f 3069/3490/3071 3087/3517/3089 3351/3798/3353
f 3087/3517/3089 3090/3520/3091 3347/3794/3349
f 2130/2438/2131 3072/3493/3077 2133/2442/2133
f 2770/3183/2771 3065/3485/3067 3069/3490/3071
f 2136/2446/2136 2134/2443/2134 3068/3488/3069
f 2771/3184/2770 3065/3485/3067 2770/3183/2771
f 2148/2464/2149 3064/3483/3065 2150/2466/2150
f 3064/3483/3065 3055/3473/3057 2150/2466/2150
f 2151/2467/2152 2150/2466/2150 3055/3473/3057
f 2783/3196/2782 3039/3452/3040 2780/3193/2781
f 2783/3196/2782 3038/3451/3039 3039/3452/3040
f 2786/3199/2787 2791/3204/2791 3038/3451/3039
f 2786/3199/2787 3038/3451/3039 2783/3196/2782
f 3032/3445/3032 3038/3451/3039 2791/3204/2791
f 3035/3448/3035 2609/3019/2609 2607/3017/2607
f 3033/3446/3034 2609/3019/2609 3035/3448/3035
f 3029/3442/3029 3354/3801/3355 3033/3446/3034
f 3033/3446/3034 3354/3801/3355 2609/3019/2609
f 3029/3442/3029 3027/3440/3027 3354/3801/3355
f 3354/3801/3355 3355/3802/3356 2610/3020/2611
f 3354/3801/3355 2610/3020/2611 2609/3019/2609
f 3027/3440/3027 3355/3802/3356 3354/3801/3355
f 3355/3802/3356 2612/3022/2613 2610/3020/2611
f 3027/3440/3027 3026/3439/3026 3355/3802/3356
f 3355/3802/3356 3356/3803/3357 2612/3022/2613
f 3026/3439/3026 3356/3803/3357 3355/3802/3356
f 2616/3026/2615 2612/3022/2613 3356/3803/3357
f 3357/3804/3358 2616/3026/2615 3356/3803/3357
f 3026/3439/3026 3358/3805/3359 3356/3803/3357
f 3357/3804/3358 3356/3803/3357 3358/3805/3359
f 3023/3436/3023 3358/3805/3359 3026/3439/3026
f 3357/3804/3358 3358/3805/3359 3359/3806/3360
f 3023/3436/3023 3359/3806/3360 3358/3805/3359
f 3023/3436/3023 3361/3808/3361 3359/3806/3360
f 3360/3807/3362 3359/3806/3360 3361/3808/3361
f 3357/3804/3358 3359/3806/3360 3360/3807/3362
f 3023/3436/3023 3021/3434/3021 3361/3808/3361
f 3360/3807/3362 3361/3808/3361 3019/3432/3020
f 3019/3432/3020 3361/3808/3361 3021/3434/3021
f 3360/3807/3362 2628/3038/2629 2627/3037/2626
f 3360/3807/3362 2627/3037/2626 2618/3028/2618
f 3360/3807/3362 3019/3432/3020 2628/3038/2629
f 3360/3807/3362 2618/3028/2618 3357/3804/3358
f 2618/3028/2618 2616/3026/2615 3357/3804/3358
f 2959/3372/2960 3032/3445/3032 2791/3204/2791
f 2969/3382/2970 3024/3437/3025 2970/3383/2971
f 2972/3385/2972 3024/3437/3025 2969/3382/2970
f 3016/3429/3016 2628/3038/2629 3019/3432/3020
f 2645/3055/2646 3011/3424/3012 2648/3058/2648
f 3010/3423/3011 2979/3392/2979 2983/3396/2984
f 2648/3058/2648 3008/3421/3009 2649/3059/2649
f 2956/3369/2957 2955/3368/2956 2964/3377/2964
f 2959/3372/2960 2791/3204/2791 2792/3205/2792
f 2814/3227/2814 2944/3357/2944 2811/3224/2811
f 2796/3209/2796 2797/3210/2797 2803/3216/2804
f 2800/3213/2799 2794/3207/2795 2789/3202/2789
f 2744/3157/2746 2752/3165/2752 2745/3158/2745
f 2699/3112/2698 2704/3117/2704 2698/3111/2699
f 2639/3049/2640 2642/3052/2642 2653/3063/2653
f 2637/3047/2637 2636/3046/2636 2646/3056/2645
f 2640/3050/2639 2633/3043/2634 2632/3042/2633
f 2636/3046/2636 2630/3040/2631 2629/3039/2630
f 2602/3011/2603 2595/3002/2596 2597/3004/2598
f 2583/2988/2584 2536/2929/2536 2537/2930/2537
f 2574/2977/2574 2581/2986/2580 2576/2979/2577
f 2573/2975/2573 2572/2973/2572 2574/2977/2574
f 2570/2968/2570 2175/2496/2176 2169/2489/2169
f 2542/2935/2542 2534/2927/2535 2531/2924/2532
f 2525/2918/2526 2096/2397/2097 2097/2398/2096
f 3362/3809/3363 2343/2688/2345 2524/2917/2524
f 2518/2908/2518 3362/3809/3363 2524/2917/2524
f 2337/2679/2337 2524/2916/2524 2343/2687/2345
f 2518/2908/2518 2524/2917/2524 2520/2911/2520
f 2360/2713/2360 3362/3809/3363 2362/2715/2362
f 2518/2908/2518 2362/2715/2362 3362/3809/3363
f 3362/3809/3363 2360/2713/2360 2343/2688/2345
f 2518/2908/2518 2516/2906/2516 2362/2715/2362
f 2368/2721/2369 2362/2715/2362 2516/2906/2516
f 2505/2893/2505 2512/2902/2511 2079/2376/2079
f 2505/2893/2505 2506/2895/2506 2512/2902/2511
f 2505/2893/2505 2079/2376/2079 2077/2374/2077
f 2076/2373/2076 2505/2893/2505 2077/2374/2077
f 2486/2863/2486 2457/2824/2457 2458/2825/2458
f 2486/2863/2486 2458/2825/2458 3363/3810/3364
f 2480/2857/2481 2486/2863/2486 3363/3810/3364
f 3364/3811/3365 2480/2857/2481 3363/3810/3364
f 2460/2828/2462 3364/3811/3365 3363/3810/3364
f 2460/2828/2462 3363/3810/3364 2458/2825/2458
f 3364/3811/3365 2481/2858/2480 2480/2857/2481
f 2460/2828/2462 2470/2845/2471 3364/3811/3365
f 3364/3811/3365 2470/2845/2471 2471/2846/2470
f 3364/3811/3365 2471/2846/2470 2481/2858/2480
f 2471/2846/2470 2475/2852/2475 2481/2858/2480
f 2460/2828/2462 2461/2829/2461 2470/2845/2471
f 1814/2075/1814 3365/3812/3366 2436/2799/2437
f 2436/2799/2437 3365/3812/3366 2431/2794/2431
f 2436/2799/2437 2431/2794/2431 2432/2795/2432
f 3366/3813/3367 2431/2794/2431 3365/3812/3366
f 3367/3815/3368 3366/3813/3367 3365/3812/3366
f 1814/2075/1814 1815/2076/1816 3365/3812/3366
f 3367/3815/3368 3365/3812/3366 1815/2076/1816
f 3368/3816/3369 3367/3814/3368 1815/2077/1816
f 3368/3816/3369 3370/3818/3370 3367/3814/3368
f 3367/3815/3368 3369/3817/3371 3366/3813/3367
f 3367/3815/3368 3370/3819/3370 3369/3817/3371
f 3371/3820/3372 3372/3822/3373 3370/3818/3370
f 3368/3816/3369 3371/3820/3372 3370/3818/3370
f 3373/3823/3374 3370/3819/3370 3372/3821/3373
f 3373/3823/3374 3369/3817/3371 3370/3819/3370
f 3375/3825/3375 3373/3823/3374 3374/3824/3376
f 3373/3823/3374 3377/3827/3377 3374/3824/3376
f 3376/3826/3378 3373/3823/3374 3375/3825/3375
f 3376/3826/3378 3369/3817/3371 3373/3823/3374
f 3373/3823/3374 3372/3821/3373 3377/3827/3377
f 3377/3828/3377 3378/3829/3379 3379/3831/3380
f 3372/3822/3373 3378/3829/3379 3377/3828/3377
f 3374/3824/3376 3377/3827/3377 3380/3835/3381
f 3377/3828/3377 3379/3831/3380 3380/3832/3381
f 3380/3834/3381 3381/3836/3382 3382/3838/3383
f 3379/3830/3380 3381/3837/3382 3380/3833/3381
f 3380/3834/3381 3382/3838/3383 3383/3840/3384
f 3374/3824/3376 3380/3835/3381 3383/3839/3384
f 3385/3842/3385 3383/3840/3384 3382/3838/3383
f 3384/3841/3386 3374/3824/3376 3383/3839/3384
f 3384/3841/3386 3383/3839/3384 3386/3844/3387
f 3385/3842/3385 3386/3843/3387 3383/3840/3384
f 3385/3842/3385 3387/3845/3388 3386/3843/3387
f 3388/3847/3389 3386/3844/3387 3387/3846/3388
f 3388/3847/3389 3384/3841/3386 3386/3844/3387
f 3388/3847/3389 3389/3848/3390 3390/3849/3391
f 3389/3848/3390 3388/3847/3389 3387/3846/3388
f 3388/3847/3389 3390/3849/3391 3391/3850/3392
f 3391/3850/3392 3384/3841/3386 3388/3847/3389
f 3391/3850/3392 3375/3825/3375 3384/3841/3386
f 3392/3851/3393 3375/3825/3375 3391/3850/3392
f 3392/3851/3393 3391/3850/3392 3390/3849/3391
f 3392/3851/3393 3376/3826/3378 3375/3825/3375
f 3392/3851/3393 3393/3852/3394 3376/3826/3378
f 2421/2784/2421 2422/2785/2422 3392/3851/3393
f 3392/3851/3393 3390/3849/3391 2421/2784/2421
f 3392/3851/3393 2422/2785/2422 3393/3852/3394
f 3366/3813/3367 3393/3852/3394 2431/2794/2431
f 3376/3826/3378 3393/3852/3394 3366/3813/3367
f 3393/3852/3394 2425/2788/2426 2431/2794/2431
f 3393/3852/3394 2423/2786/2423 2425/2788/2426
f 2423/2786/2423 3393/3852/3394 2422/2785/2422
f 3394/3853/3395 3390/3849/3391 3389/3848/3390
f 2411/2772/2412 3390/3849/3391 3394/3853/3395
f 2411/2772/2412 2421/2784/2421 3390/3849/3391
f 3395/3854/3396 2411/2772/2412 3394/3853/3395
f 3395/3854/3396 3394/3853/3395 3396/3856/3397
f 3394/3853/3395 3389/3848/3390 3396/3856/3397
f 3396/3856/3397 3398/3860/3398 3397/3857/3399
f 3399/3861/3400 3396/3856/3397 3397/3857/3399
f 3396/3856/3397 3389/3848/3390 3398/3860/3398
f 3395/3854/3396 3396/3856/3397 3399/3861/3400
f 3399/3861/3400 3397/3857/3399 3400/3863/3401
f 2408/2768/2407 3399/3862/3400 3400/3865/3401
f 3395/3855/3396 3399/3862/3400 2408/2768/2407
f 3397/3858/3399 3401/3866/3402 3400/3864/3401
f 3400/3865/3401 3401/3867/3402 2405/2765/2403
f 3400/3865/3401 2405/2765/2403 2408/2768/2407
f 3403/3870/3403 3401/3866/3402 3402/3868/3404
f 3397/3858/3399 3402/3868/3404 3401/3866/3402
f 2401/2761/2401 3401/3867/3402 3403/3869/3403
f 2401/2761/2401 2405/2765/2403 3401/3867/3402
f 3403/3870/3403 3402/3868/3404 3404/3871/3405
f 3406/3874/3406 2401/2761/2401 3403/3869/3403
f 3405/3872/3407 3403/3870/3403 3404/3871/3405
f 3405/3872/3407 3406/3873/3406 3403/3870/3403
f 3406/3873/3406 3405/3872/3407 2391/2747/2392
f 3406/3873/3406 2391/2747/2392 2393/2749/2393
f 2394/2752/2394 3406/3874/3406 2393/2750/2393
f 2394/2752/2394 2400/2760/2400 3406/3874/3406
f 3406/3874/3406 2400/2760/2400 2401/2761/2401
f 3405/3872/3407 2384/2740/2384 2385/2741/2385
f 3407/3875/3408 2384/2740/2384 3405/3872/3407
f 3405/3872/3407 2385/2741/2385 2391/2747/2392
f 3407/3875/3408 3405/3872/3407 3404/3871/3405
f 3409/3877/3409 3407/3875/3408 3404/3871/3405
f 3407/3875/3408 2382/2738/2382 2384/2740/2384
f 3407/3875/3408 3408/3876/3410 2382/2738/2382
f 3409/3877/3409 3408/3876/3410 3407/3875/3408
f 3409/3877/3409 3410/3878/3411 3408/3876/3410
f 3398/3859/3398 3410/3878/3411 3409/3877/3409
f 3398/3859/3398 3409/3877/3409 3402/3868/3404
f 3409/3877/3409 3404/3871/3405 3402/3868/3404
f 3411/3879/3412 3410/3878/3411 3385/3842/3385
f 3385/3842/3385 3410/3878/3411 3387/3845/3388
f 3398/3859/3398 3387/3845/3388 3410/3878/3411
f 3411/3879/3412 3408/3876/3410 3410/3878/3411
f 3411/3879/3412 3382/3838/3383 3412/3880/3413
f 2381/2737/2381 3411/3879/3412 3412/3880/3413
f 2382/2738/2382 3411/3879/3412 2381/2737/2381
f 3411/3879/3412 3385/3842/3385 3382/3838/3383
f 2382/2738/2382 3408/3876/3410 3411/3879/3412
f 3412/3880/3413 3381/3836/3382 3413/3882/3414
f 2379/2735/2378 3412/3880/3413 3413/3882/3414
f 2381/2737/2381 3412/3880/3413 2379/2735/2378
f 3412/3880/3413 3382/3838/3383 3381/3836/3382
f 3413/3881/3414 3414/3883/3415 2372/2725/2372
f 3413/3881/3414 3381/3837/3382 3414/3883/3415
f 2373/2726/2373 3413/3881/3414 2372/2725/2372
f 2379/2735/2378 3413/3882/3414 2373/2727/2373
f 3414/3883/3415 3415/3884/3416 3416/3885/3417
f 3379/3830/3380 3415/3884/3416 3414/3883/3415
f 3414/3883/3415 3416/3885/3417 2372/2725/2372
f 3379/3830/3380 3414/3883/3415 3381/3837/3382
f 3416/3885/3417 3415/3884/3416 3417/3886/3418
f 2372/2725/2372 3416/3885/3417 2366/2719/2366
f 3416/3885/3417 3417/3886/3418 2363/2716/2364
f 2366/2719/2366 3416/3885/3417 2363/2716/2364
f 3418/3887/3419 3419/3890/3420 3417/3886/3418
f 3418/3887/3419 3417/3886/3418 3415/3884/3416
f 3419/3890/3420 2356/2708/2356 3417/3886/3418
f 2363/2716/2364 3417/3886/3418 2356/2708/2356
f 3418/3888/3419 3420/3891/3421 3419/3889/3420
f 3420/3891/3421 3421/3893/3422 3419/3889/3420
f 3419/3890/3420 3421/3892/3422 3422/3894/3423
f 3419/3890/3420 3422/3894/3423 2356/2708/2356
f 3422/3894/3423 2352/2702/2353 2354/2706/2352
f 2356/2708/2356 3422/3894/3423 2354/2706/2352
f 3422/3894/3423 3421/3892/3422 2352/2702/2353
f 3420/3891/3421 3423/3895/3424 3421/3893/3422
f 3424/3896/3425 3421/3893/3422 3423/3895/3424
f 3424/3896/3425 2352/2703/2353 3421/3893/3422
f 2353/2704/2354 2352/2703/2353 3424/3896/3425
f 3425/3897/3426 3427/3900/3427 3424/3896/3425
f 3425/3897/3426 3424/3896/3425 3423/3895/3424
f 3426/3898/3428 2353/2704/2354 3424/3896/3425
f 3426/3898/3428 3424/3896/3425 3427/3900/3427
f 3429/3903/3429 3427/3900/3427 3425/3897/3426
f 3428/3901/3430 3426/3898/3428 3427/3900/3427
f 3428/3901/3430 3427/3900/3427 3430/3904/3431
f 3429/3903/3429 3430/3904/3431 3427/3900/3427
f 3430/3904/3431 3431/3905/3432 3428/3901/3430
f 3432/3907/3433 3430/3904/3431 3429/3903/3429
f 3430/3904/3431 3433/3908/3434 3431/3905/3432
f 3432/3907/3433 3433/3908/3434 3430/3904/3431
f 3434/3909/3435 3431/3905/3432 3433/3908/3434
f 3435/3911/3436 3433/3908/3434 3432/3907/3433
f 3434/3909/3435 3433/3908/3434 3436/3912/3437
f 3435/3911/3436 3436/3912/3437 3433/3908/3434
f 3434/3909/3435 3436/3912/3437 3438/3914/3438
f 3437/3913/3439 3436/3912/3437 3435/3911/3436
f 3437/3913/3439 3438/3914/3438 3436/3912/3437
f 3434/3909/3435 3438/3914/3438 3440/3916/3440
f 3439/3915/3441 3438/3914/3438 3437/3913/3439
f 3439/3915/3441 3440/3916/3440 3438/3914/3438
f 3441/3917/3442 2181/2505/2182 3440/3916/3440
f 2181/2505/2182 3434/3909/3435 3440/3916/3440
f 3441/3917/3442 3440/3916/3440 3439/3915/3441
f 2177/2499/2177 2181/2505/2182 3441/3917/3442
f 3443/3919/3443 3441/3917/3442 3442/3918/3444
f 3442/3918/3444 3441/3917/3442 3439/3915/3441
f 3443/3919/3443 2177/2499/2177 3441/3917/3442
f 3443/3919/3443 2172/2492/2173 2171/2491/2171
f 3443/3919/3443 2171/2491/2171 2177/2499/2177
f 2172/2492/2173 3443/3919/3443 3444/3920/3445
f 3444/3920/3445 3443/3919/3443 3442/3918/3444
f 3445/3921/3446 3447/3923/3447 3444/3920/3445
f 3445/3921/3446 3444/3920/3445 3446/3922/3448
f 3444/3920/3445 3442/3918/3444 3446/3922/3448
f 3448/3924/3449 3444/3920/3445 3447/3923/3447
f 2172/2492/2173 3444/3920/3445 3448/3924/3449
f 3448/3924/3449 2165/2485/2166 2166/2486/2165
f 3448/3924/3449 3449/3925/3450 2165/2485/2166
f 2172/2492/2173 3448/3924/3449 2166/2486/2165
f 3448/3924/3449 3447/3923/3447 3449/3925/3450
f 3449/3925/3450 3450/3926/3451 3451/3927/3452
f 3449/3925/3450 3447/3923/3447 3450/3926/3451
f 2165/2485/2166 3449/3925/3450 3451/3927/3452
f 1860/2128/1861 3451/3927/3452 3450/3926/3451
f 1861/2129/1860 3451/3927/3452 1860/2128/1861
f 1861/2129/1860 3452/3928/3453 3451/3927/3452
f 2165/2485/2166 3451/3927/3452 3452/3928/3453
f 2165/2485/2166 3452/3928/3453 2163/2483/2163
f 1861/2129/1860 2163/2483/2163 3452/3928/3453
f 3450/3926/3451 3447/3923/3447 3445/3921/3446
f 3450/3926/3451 3445/3921/3446 3453/3929/3454
f 1860/2128/1861 3450/3926/3451 1858/2126/1857
f 3450/3926/3451 1856/2124/1856 1858/2126/1857
f 3450/3926/3451 3453/3929/3454 1856/2124/1856
f 3453/3929/3454 1822/2085/1823 1823/2086/1822
f 3453/3929/3454 3454/3930/3455 1822/2085/1823
f 3453/3929/3454 3445/3921/3446 3454/3930/3455
f 3453/3929/3454 1823/2086/1822 1856/2124/1856
f 3454/3930/3455 3456/3932/3456 3455/3931/3457
f 3455/3931/3457 1822/2085/1823 3454/3930/3455
f 3454/3930/3455 3457/3933/3458 3456/3932/3456
f 3454/3930/3455 3445/3921/3446 3446/3922/3448
f 3454/3930/3455 3446/3922/3448 3457/3933/3458
f 3446/3922/3448 3459/3935/3459 3457/3933/3458
f 3457/3933/3458 3459/3935/3459 3458/3934/3460
f 3457/3933/3458 3458/3934/3460 3456/3932/3456
f 3459/3935/3459 3432/3907/3433 3458/3934/3460
f 3459/3935/3459 3435/3911/3436 3432/3907/3433
f 3446/3922/3448 3442/3918/3444 3459/3935/3459
f 3459/3935/3459 3437/3913/3439 3435/3911/3436
f 3459/3935/3459 3439/3915/3441 3437/3913/3439
f 3442/3918/3444 3439/3915/3441 3459/3935/3459
f 3460/3936/3461 3456/3932/3456 3458/3934/3460
f 3429/3903/3429 3460/3936/3461 3458/3934/3460
f 3429/3903/3429 3458/3934/3460 3432/3907/3433
f 3460/3936/3461 3429/3903/3429 3425/3897/3426
f 3460/3936/3461 3425/3897/3426 3462/3938/3462
f 3460/3936/3461 3461/3937/3463 3456/3932/3456
f 3461/3937/3463 3460/3936/3461 3462/3938/3462
f 3461/3937/3463 3462/3938/3462 3463/3939/3464
f 3462/3938/3462 3423/3895/3424 3420/3891/3421
f 3463/3939/3464 3462/3938/3462 3420/3891/3421
f 3462/3938/3462 3425/3897/3426 3423/3895/3424
f 3371/3820/3372 3461/3937/3463 3463/3939/3464
f 3464/3940/3465 3463/3939/3464 3465/3941/3466
f 3371/3820/3372 3463/3939/3464 3464/3940/3465
f 3463/3939/3464 3420/3891/3421 3465/3941/3466
f 3418/3888/3419 3465/3941/3466 3420/3891/3421
f 3378/3829/3379 3465/3941/3466 3418/3888/3419
f 3464/3940/3465 3465/3941/3466 3378/3829/3379
f 3372/3822/3373 3464/3940/3465 3378/3829/3379
f 3371/3820/3372 3464/3940/3465 3372/3822/3373
f 3368/3816/3369 3456/3932/3456 3461/3937/3463
f 3368/3816/3369 3461/3937/3463 3371/3820/3372
f 3368/3816/3369 3455/3931/3457 3456/3932/3456
f 3455/3931/3457 1817/2079/1818 1822/2085/1823
f 3368/3816/3369 1816/2078/1817 3455/3931/3457
f 1816/2078/1817 1817/2079/1818 3455/3931/3457
f 2184/2508/2184 3434/3910/3435 2181/2504/2182
f 2184/2508/2184 3431/3906/3432 3434/3910/3435
f 3428/3902/3430 3431/3906/3432 2186/2510/2186
f 2184/2508/2184 2186/2510/2186 3431/3906/3432
f 3428/3902/3430 2186/2510/2186 2187/2511/2187
f 2187/2511/2187 3426/3899/3428 3428/3902/3430
f 2353/2705/2354 3426/3899/3428 2194/2521/2195
f 2187/2511/2187 2194/2521/2195 3426/3899/3428
f 3379/3830/3380 3418/3887/3419 3415/3884/3416
f 3378/3829/3379 3418/3888/3419 3379/3831/3380
f 3398/3859/3398 3402/3868/3404 3397/3858/3399
f 3389/3848/3390 3387/3846/3388 3398/3860/3398
f 3395/3854/3396 2412/2773/2413 2411/2772/2412
f 3395/3855/3396 2408/2768/2407 2412/2774/2413
f 3375/3825/3375 3374/3824/3376 3384/3841/3386
f 3376/3826/3378 3366/3813/3367 3369/3817/3371
f 3368/3816/3369 1815/2077/1816 1816/2078/1817
f 2399/2759/2399 2398/2758/2398 2403/2763/2404
f 2366/2719/2366 2363/2716/2364 2364/2717/2365
f 2363/2716/2364 2356/2708/2356 2358/2711/2357
f 2360/2713/2360 2357/2709/2358 2343/2688/2345
f 2357/2710/2358 2344/2690/2344 2343/2689/2345
f 2347/2694/2348 2357/2710/2358 2350/2698/2350
f 2347/2694/2348 2344/2690/2344 2357/2710/2358
f 2342/2686/2342 2346/2693/2346 3466/3942/3467
f 2346/2693/2346 3467/3943/3468 3466/3942/3467
f 2346/2693/2346 2197/2526/2198 3467/3943/3468
f 3466/3942/3467 3467/3943/3468 3468/3944/3469
f 2197/2526/2198 2198/2527/2199 3467/3943/3468
f 3467/3943/3468 2198/2527/2199 2205/2534/2206
f 3467/3943/3468 2205/2534/2206 3468/3944/3469
f 3468/3944/3469 2205/2534/2206 2208/2537/2207
f 3466/3942/3467 3468/3944/3469 3469/3945/3470
f 3468/3944/3469 2208/2537/2207 3470/3946/3471
f 3469/3945/3470 3468/3944/3469 3470/3946/3471
f 3471/3947/3472 3470/3946/3471 2208/2537/2207
f 3469/3945/3470 3470/3946/3471 2271/2606/2271
f 2268/2603/2268 2271/2606/2271 3470/3946/3471
f 3471/3947/3472 2268/2603/2268 3470/3946/3471
f 2268/2603/2268 3471/3947/3472 2265/2600/2267
f 2209/2538/2210 3471/3947/3472 2208/2537/2207
f 2209/2538/2210 2261/2596/2261 3471/3947/3472
f 2265/2600/2267 3471/3947/3472 2261/2596/2261
f 3473/3949/3473 3466/3942/3467 3469/3945/3470
f 3472/3948/3474 3469/3945/3470 2271/2606/2271
f 3473/3949/3473 3469/3945/3470 3472/3948/3474
f 2340/2683/2340 2342/2686/2342 3473/3949/3473
f 2340/2683/2340 3473/3949/3473 3474/3950/3475
f 3474/3950/3475 3473/3949/3473 3472/3948/3474
f 2342/2686/2342 3466/3942/3467 3473/3949/3473
f 3474/3950/3475 3476/3952/3476 3475/3951/3477
f 2340/2683/2340 3474/3950/3475 3475/3951/3477
f 3474/3950/3475 2315/2650/2315 3476/3952/3476
f 3474/3950/3475 3472/3948/3474 2315/2650/2315
f 3476/3952/3476 2328/2665/2329 3475/3951/3477
f 3476/3952/3476 2316/2651/2316 2328/2665/2329
f 2315/2650/2315 2316/2651/2316 3476/3952/3476
f 3475/3951/3477 2328/2665/2329 2327/2664/2327
f 3475/3951/3477 2327/2664/2327 2332/2671/2333
f 2340/2683/2340 3475/3951/3477 2334/2676/2334
f 2332/2671/2333 2334/2676/2334 3475/3951/3477
f 3472/3948/3474 2271/2606/2271 2272/2607/2272
f 2315/2650/2315 3472/3948/3474 2272/2607/2272
f 2330/2667/2330 2236/2565/2237 2234/2563/2235
f 2316/2651/2316 2325/2660/2325 2328/2665/2329
f 2316/2651/2316 2317/2652/2317 2325/2660/2325
f 2282/2617/2282 2289/2624/2289 2299/2634/2300
f 2296/2631/2296 2240/2571/2240 2298/2633/2298
f 2239/2570/2239 2298/2633/2298 2240/2571/2240
f 2296/2631/2296 2244/2577/2244 2240/2571/2240
f 2244/2577/2244 2296/2631/2296 2293/2628/2293
f 2244/2577/2244 2293/2628/2293 2245/2578/2245
f 2255/2590/2256 2287/2622/2287 2257/2592/2258
f 2211/2540/2211 2261/2596/2261 2209/2538/2210
f 2229/2558/2229 2232/2561/2232 2242/2574/2243
f 2204/2533/2204 2219/2548/2219 2207/2536/2208
f 2193/2520/2194 2190/2515/2191 2201/2530/2202
f 2194/2521/2195 2195/2522/2196 2199/2528/2197
f 2177/2499/2177 2178/2501/2178 2181/2505/2182
f 2168/2488/2168 2158/2477/2158 2161/2481/2159
f 1861/2129/1860 1864/2132/1863 2163/2483/2163
f 2137/2448/2137 2136/2446/2136 2147/2463/2148
f 2146/2462/2147 1867/2135/1868 1869/2137/1869
f 1882/2153/1883 2140/2451/2141 1884/2155/1884
f 1882/2153/1883 2139/2450/2139 2140/2451/2141
f 2131/2439/2132 2139/2450/2139 2127/2434/2127
f 3477/3953/3478 2127/2434/2127 2139/2450/2139
f 3477/3953/3478 2139/2450/2139 1882/2153/1883
f 1881/2152/1882 2117/2424/2117 3477/3953/3478
f 2117/2424/2117 2121/2428/2122 3477/3953/3478
f 1881/2152/1882 3477/3953/3478 1882/2153/1883
f 2121/2428/2122 2127/2434/2127 3477/3953/3478
f 2102/2403/2102 2099/2400/2101 2120/2427/2120
f 2114/2420/2115 2105/2406/2105 2103/2404/2103
f 1896/2171/1895 1903/2178/1902 2113/2419/2113
f 1896/2171/1895 2113/2419/2113 1893/2168/1893
f 2113/2419/2113 1903/2178/1902 1908/2184/1909
f 2113/2419/2113 1908/2184/1909 2111/2416/2110
f 1935/2213/1936 2110/2414/2111 2111/2416/2110
f 1935/2213/1936 2111/2416/2110 1911/2189/1912
f 1911/2189/1912 2111/2416/2110 1908/2184/1909
f 2110/2415/2111 1934/2212/1935 2107/2409/2108
f 1934/2212/1935 2110/2415/2111 1935/2214/1936
f 1938/2218/1938 2108/2410/2109 2107/2408/2108
f 1938/2218/1938 2088/2387/2090 2108/2410/2109
f 2087/2386/2089 2108/2410/2109 2088/2387/2090
f 1938/2217/1938 2107/2409/2108 1934/2212/1935
f 2053/2343/2054 2055/2347/2056 2089/2388/2088
f 2089/2388/2088 2088/2387/2090 3478/3954/3479
f 2053/2343/2054 2089/2388/2088 3478/3954/3479
f 2053/2343/2054 3478/3954/3479 2049/2336/2049
f 3478/3954/3479 3479/3956/3480 3480/3957/3481
f 2088/2387/2090 3479/3956/3480 3478/3954/3479
f 3478/3954/3479 3480/3957/3481 2049/2336/2049
f 3479/3955/3480 1943/2223/1943 3480/3958/3481
f 3480/3958/3481 1943/2223/1943 3481/3959/3482
f 2049/2336/2049 3480/3957/3481 2050/2337/2050
f 3480/3958/3481 3481/3959/3482 2050/2338/2050
f 1943/2223/1943 1944/2224/1944 3481/3959/3482
f 2050/2338/2050 3481/3959/3482 3482/3960/3483
f 3481/3959/3482 1949/2229/1949 3482/3960/3483
f 3481/3959/3482 1944/2224/1944 1949/2229/1949
f 2050/2338/2050 3482/3960/3483 2046/2333/2044
f 2046/2333/2044 3482/3960/3483 3483/3961/3484
f 3482/3960/3483 3484/3962/3485 3483/3961/3484
f 3482/3960/3483 1949/2229/1949 3484/3962/3485
f 3484/3962/3485 1963/2243/1963 2036/2320/2036
f 3483/3961/3484 3484/3962/3485 2036/2320/2036
f 3484/3962/3485 1950/2230/1950 1963/2243/1963
f 1949/2229/1949 1950/2230/1950 3484/3962/3485
f 2041/2327/2042 3483/3961/3484 2038/2322/2038
f 2046/2333/2044 3483/3961/3484 2041/2327/2042
f 3483/3961/3484 2036/2320/2036 2038/2322/2038
f 3479/3955/3480 1939/2219/1939 1943/2223/1943
f 1938/2217/1938 1939/2219/1939 3479/3955/3480
f 2088/2387/2090 1938/2218/1938 3479/3956/3480
f 2073/2370/2072 2059/2351/2060 2058/2350/2059
f 1829/2092/1829 2065/2360/2066 1832/2095/1832
f 2044/2330/2045 1835/2099/1836 2045/2331/2046
f 2044/2330/2045 1836/2101/1835 1835/2099/1836
f 1836/2101/1835 2044/2330/2045 3486/3964/3486
f 2044/2330/2045 2042/2328/2043 3485/3963/3487
f 3485/3963/3487 3486/3964/3486 2044/2330/2045
f 3485/3963/3487 3487/3965/3488 3486/3964/3486
f 3487/3965/3488 1838/2104/1838 3486/3964/3486
f 1836/2101/1835 3486/3964/3486 1838/2104/1838
f 3488/3966/3489 3487/3965/3488 3485/3963/3487
f 3487/3965/3488 3488/3966/3489 1848/2115/1849
f 3487/3965/3488 1841/2108/1842 1838/2104/1838
f 3487/3965/3488 1848/2115/1849 1841/2108/1842
f 3488/3966/3489 3485/3963/3487 1879/2150/1880
f 3488/3966/3489 1879/2150/1880 1878/2149/1878
f 1878/2149/1878 1848/2115/1849 3488/3966/3489
f 1887/2159/1886 1879/2150/1880 3485/3963/3487
f 1887/2159/1886 3485/3963/3487 2042/2328/2043
f 1889/2163/1889 1887/2159/1886 2042/2328/2043
f 1929/2207/1930 1925/2203/1925 1923/2201/1923
f 1892/2167/1892 1883/2154/1881 1886/2158/1887
f 1878/2149/1878 3489/3967/3490 1848/2115/1849
f 1873/2141/1873 3489/3967/3490 1878/2149/1878
f 1851/2119/1851 3489/3968/3490 1873/2142/1873
f 1851/2119/1851 1848/2116/1849 3489/3968/3490
f 1875/2146/1875 1871/2139/1871 1870/2138/1872
f 1851/2119/1851 1873/2142/1873 1853/2121/1853
f 1853/2121/1853 1863/2131/1864 1854/2122/1854
f 1823/2086/1822 1857/2125/1858 1856/2124/1856
f 1823/2086/1822 1826/2089/1825 1857/2125/1858
f 1857/2125/1858 3490/3969/3491 1850/2118/1850
f 1857/2125/1858 1826/2089/1825 3490/3969/3491
f 3490/3969/3491 1839/2105/1839 1842/2109/1841
f 3490/3969/3491 1825/2088/1826 1839/2105/1839
f 1826/2089/1825 1825/2088/1826 3490/3969/3491
f 3490/3969/3491 1842/2109/1841 1844/2111/1845
f 3490/3969/3491 1844/2111/1845 1846/2113/1846
f 1850/2118/1850 3490/3969/3491 1846/2113/1846
f 1830/2093/1831 1839/2105/1839 1825/2088/1826
f 3496/3979/3492 3491/3971/3493 3492/3973/3494
f 3491/3970/3493 3493/3974/3495 3492/3972/3494
f 3491/3970/3493 3494/3975/3496 3493/3974/3495
f 3494/3975/3496 3491/3970/3493 3495/3977/3497
f 3497/3981/3498 3495/3976/3497 3491/3971/3493
f 3497/3981/3498 3491/3971/3493 3496/3979/3492
f 3499/3984/3499 3498/3982/3500 3497/3980/3498
f 3498/3982/3500 3495/3978/3497 3497/3980/3498
f 3496/3979/3492 3499/3983/3499 3497/3981/3498
f 3500/3985/3501 3502/3988/3502 3499/3984/3499
f 3501/3987/3503 3500/3986/3501 3499/3983/3499
f 3496/3979/3492 3501/3987/3503 3499/3983/3499
f 3499/3984/3499 3502/3988/3502 3498/3982/3500
f 3500/3985/3501 3505/3991/3504 3502/3988/3502
f 3504/3990/3505 3503/3989/3506 3502/3988/3502
f 3503/3989/3506 3498/3982/3500 3502/3988/3502
f 3504/3990/3505 3502/3988/3502 3505/3991/3504
f 3506/3992/3507 3505/3991/3504 3507/3993/3508
f 3506/3992/3507 3504/3990/3505 3505/3991/3504
f 3508/3994/3509 3507/3993/3508 3505/3991/3504
f 3508/3994/3509 3505/3991/3504 3500/3985/3501
f 3507/3993/3508 3508/3994/3509 3509/3997/3510
f 3510/3998/3511 3509/3996/3510 3508/3995/3509
f 3511/3999/3512 3510/3998/3511 3508/3995/3509
f 3511/3999/3512 3508/3995/3509 3500/3986/3501
f 3501/3987/3503 3511/3999/3512 3500/3986/3501
f 3511/3999/3512 3513/4001/3513 3512/4000/3514
f 3510/3998/3511 3511/3999/3512 3512/4000/3514
f 3511/3999/3512 3501/3987/3503 3513/4001/3513
f 3513/4001/3513 3515/4003/3515 3512/4000/3514
f 3501/3987/3503 3514/4002/3516 3513/4001/3513
f 3514/4002/3516 3516/4004/3517 3513/4001/3513
f 3513/4001/3513 3516/4004/3517 3515/4003/3515
f 3514/4002/3516 3517/4005/3518 3516/4004/3517
f 3519/4007/3519 3515/4003/3515 3516/4004/3517
f 3518/4006/3520 3516/4004/3517 3517/4005/3518
f 3518/4006/3520 3519/4007/3519 3516/4004/3517
f 3519/4007/3519 3520/4008/3521 3522/4010/3522
f 3519/4007/3519 3518/4006/3520 3520/4008/3521
f 3521/4009/3523 3519/4007/3519 3522/4010/3522
f 3519/4007/3519 3521/4009/3523 3515/4003/3515
f 3523/4011/3524 3522/4010/3522 3520/4008/3521
f 3521/4009/3523 3522/4010/3522 3524/4012/3525
f 3523/4011/3524 3503/3989/3506 3522/4010/3522
f 3503/3989/3506 3524/4012/3525 3522/4010/3522
f 3525/4013/3526 3524/4012/3525 3526/4014/3527
f 3525/4013/3526 3521/4009/3523 3524/4012/3525
f 3503/3989/3506 3504/3990/3505 3524/4012/3525
f 3504/3990/3505 3526/4014/3527 3524/4012/3525
f 3527/4015/3528 3525/4013/3526 3526/4014/3527
f 3527/4015/3528 3526/4014/3527 3528/4016/3529
f 3504/3990/3505 3506/3992/3507 3526/4014/3527
f 3506/3992/3507 3528/4016/3529 3526/4014/3527
f 3530/4018/3530 3529/4017/3531 3528/4016/3529
f 3531/4019/3532 3528/4016/3529 3529/4017/3531
f 3506/3992/3507 3530/4018/3530 3528/4016/3529
f 3531/4019/3532 3527/4015/3528 3528/4016/3529
f 3532/4020/3533 3527/4015/3528 3531/4019/3532
f 3532/4020/3533 3531/4019/3532 3533/4021/3534
f 3493/3974/3495 3532/4020/3533 3533/4021/3534
f 3535/4023/3535 3532/4020/3533 3534/4022/3536
f 3493/3974/3495 3534/4022/3536 3532/4020/3533
f 3535/4023/3535 3536/4024/3537 3532/4020/3533
f 3525/4013/3526 3532/4020/3533 3536/4024/3537
f 3525/4013/3526 3527/4015/3528 3532/4020/3533
f 3512/4000/3514 3515/4003/3515 3536/4024/3537
f 3512/4000/3514 3536/4024/3537 3535/4023/3535
f 3521/4009/3523 3536/4024/3537 3515/4003/3515
f 3521/4009/3523 3525/4013/3526 3536/4024/3537
f 3537/4025/3538 3535/4023/3535 3534/4022/3536
f 3510/3998/3511 3512/4000/3514 3535/4023/3535
f 3537/4025/3538 3510/3998/3511 3535/4023/3535
f 3494/3975/3496 3537/4025/3538 3534/4022/3536
f 3537/4025/3538 3494/3975/3496 3538/4026/3539
f 3537/4025/3538 3538/4026/3539 3509/3996/3510
f 3510/3998/3511 3537/4025/3538 3509/3996/3510
f 3494/3975/3496 3495/3977/3497 3538/4026/3539
f 3509/3997/3510 3538/4027/3539 3539/4028/3540
f 3509/3997/3510 3539/4028/3540 3541/4030/3541
f 3540/4029/3542 3541/4030/3541 3539/4028/3540
f 3507/3993/3508 3509/3997/3510 3541/4030/3541
f 3530/4018/3530 3507/3993/3508 3541/4030/3541
f 3540/4029/3542 3530/4018/3530 3541/4030/3541
f 3530/4018/3530 3540/4029/3542 3529/4017/3531
f 3494/3975/3496 3534/4022/3536 3493/3974/3495
f 3530/4018/3530 3506/3992/3507 3507/3993/3508
f 3520/4008/3521 3542/4031/3543 3523/4011/3524
f 3542/4031/3543 3498/3982/3500 3523/4011/3524
f 3503/3989/3506 3523/4011/3524 3498/3982/3500
f 3520/4008/3521 3543/4032/3544 3542/4031/3543
f 3542/4031/3543 3544/4033/3545 3498/3982/3500
f 3498/3982/3500 3544/4033/3545 3495/3978/3497
f 3518/4006/3520 3543/4032/3544 3520/4008/3521
f 3518/4006/3520 3545/4034/3546 3543/4032/3544
f 3517/4005/3518 3545/4034/3546 3518/4006/3520
f 3517/4005/3518 3546/4035/3547 3545/4034/3546
f 3492/3973/3494 3546/4035/3547 3517/4005/3518
f 3492/3973/3494 3517/4005/3518 3514/4002/3516
f 3496/3979/3492 3492/3973/3494 3514/4002/3516
f 3501/3987/3503 3496/3979/3492 3514/4002/3516
f 3547/4036/3548 3548/4038/3549 3550/4041/3550
f 3547/4036/3548 3549/4039/3551 3548/4038/3549
f 3551/4042/3552 3547/4036/3548 3550/4041/3550
f 3551/4042/3552 3550/4041/3550 3552/4043/3553
f 3553/4044/3554 3551/4042/3552 3552/4043/3553
f 3555/4046/3555 3553/4044/3554 3554/4045/3556
f 3553/4044/3554 3552/4043/3553 3554/4045/3556
f 3555/4046/3555 3554/4045/3556 3556/4049/3557
f 3557/4050/3558 3555/4047/3555 3556/4048/3557
f 3557/4050/3558 3556/4048/3557 3558/4051/3559
f 3559/4052/3560 3557/4050/3558 3558/4051/3559
f 3559/4052/3560 3560/4053/3561 3557/4050/3558
f 3561/4054/3562 3560/4053/3561 3559/4052/3560
f 3561/4054/3562 3562/4055/3563 3560/4053/3561
f 3549/4040/3551 3562/4055/3563 3561/4054/3562
f 3563/4056/3564 3561/4054/3562 3559/4052/3560
f 3563/4056/3564 3548/4037/3549 3561/4054/3562
f 3549/4040/3551 3561/4054/3562 3548/4037/3549
f 3563/4056/3564 3559/4052/3560 3564/4057/3565
f 3563/4056/3564 3565/4058/3566 3548/4037/3549
f 3566/4060/3567 3563/4056/3564 3564/4057/3565
f 3566/4060/3567 3565/4058/3566 3563/4056/3564
f 3569/4065/3568 3566/4060/3567 3567/4061/3569
f 3566/4060/3567 3564/4057/3565 3567/4061/3569
f 3569/4065/3568 3568/4062/3570 3566/4060/3567
f 3566/4060/3567 3568/4062/3570 3565/4058/3566
f 3570/4066/3571 3569/4064/3568 3573/4070/3572
f 3570/4066/3571 3568/4063/3570 3569/4064/3568
f 3571/4067/3573 3573/4070/3572 3569/4064/3568
f 3571/4067/3573 3569/4064/3568 3572/4069/3574
f 3574/4071/3575 3572/4068/3574 3569/4065/3568
f 3574/4071/3575 3569/4065/3568 3567/4061/3569
f 3574/4071/3575 3575/4072/3576 3572/4068/3574
f 3574/4071/3575 3576/4074/3577 3575/4072/3576
f 3574/4071/3575 3564/4057/3565 3576/4074/3577
f 3574/4071/3575 3567/4061/3569 3564/4057/3565
f 3556/4048/3557 3575/4072/3576 3576/4074/3577
f 3556/4048/3557 3576/4074/3577 3558/4051/3559
f 3576/4074/3577 3564/4057/3565 3559/4052/3560
f 3576/4074/3577 3559/4052/3560 3558/4051/3559
f 3577/4075/3578 3575/4073/3576 3556/4049/3557
f 3575/4073/3576 3577/4075/3578 3571/4067/3573
f 3575/4073/3576 3571/4067/3573 3572/4069/3574
f 3577/4075/3578 3556/4049/3557 3554/4045/3556
f 3571/4067/3573 3577/4075/3578 3578/4076/3579
f 3552/4043/3553 3578/4076/3579 3577/4075/3578
f 3552/4043/3553 3577/4075/3578 3554/4045/3556
f 3579/4077/3580 3578/4076/3579 3552/4043/3553
f 3570/4066/3571 3578/4076/3579 3579/4077/3580
f 3570/4066/3571 3573/4070/3572 3578/4076/3579
f 3571/4067/3573 3578/4076/3579 3573/4070/3572
f 3565/4059/3566 3570/4066/3571 3579/4077/3580
f 3579/4077/3580 3552/4043/3553 3550/4041/3550
f 3565/4059/3566 3579/4077/3580 3550/4041/3550
f 3565/4059/3566 3568/4063/3570 3570/4066/3571
f 3565/4059/3566 3550/4041/3550 3548/4038/3549
f 3580/4078/3581 3581/4079/3582 3583/4081/3583
f 3580/4078/3581 3582/4080/3584 3581/4079/3582
f 3584/4082/3585 3580/4078/3581 3583/4081/3583
f 3584/4082/3585 3585/4083/3586 3580/4078/3581
f 3584/4082/3585 3586/4084/3587 3585/4083/3586
f 3584/4082/3585 3587/4085/3588 3586/4084/3587
f 3588/4086/3589 3587/4085/3588 3584/4082/3585
f 3590/4088/3590 3588/4086/3589 3589/4087/3591
f 3588/4086/3589 3584/4082/3585 3589/4087/3591
f 3590/4088/3590 3589/4087/3591 3591/4089/3592
f 3592/4090/3593 3590/4088/3590 3591/4089/3592
f 3594/4092/3594 3592/4090/3593 3593/4091/3595
f 3592/4090/3593 3591/4089/3592 3593/4091/3595
f 3594/4092/3594 3593/4091/3595 3595/4093/3596
f 3595/4093/3596 3596/4094/3597 3594/4092/3594
f 3595/4093/3596 3597/4095/3598 3596/4094/3597
f 3598/4096/3599 3596/4094/3597 3597/4095/3598
f 3598/4096/3599 3597/4095/3598 3599/4097/3600
f 3600/4098/3601 3598/4096/3599 3599/4097/3600
f 3604/4105/3602 3601/4100/3603 3600/4099/3601
f 3603/4104/3604 3600/4098/3601 3602/4102/3605
f 3600/4098/3601 3599/4097/3600 3602/4102/3605
f 3604/4105/3602 3600/4099/3601 3603/4103/3604
f 3605/4107/3606 3608/4111/3607 3604/4105/3602
f 3605/4107/3606 3604/4105/3602 3603/4103/3604
f 3604/4106/3602 3607/4110/3608 3606/4109/3609
f 3601/4101/3603 3604/4106/3602 3606/4109/3609
f 3604/4106/3602 3608/4112/3607 3607/4110/3608
f 3611/4115/3610 3606/4109/3609 3607/4110/3608
f 3609/4113/3611 3607/4110/3608 3610/4114/3612
f 3611/4115/3610 3607/4110/3608 3609/4113/3611
f 3612/4116/3613 3611/4115/3610 3602/4102/3605
f 3603/4104/3604 3602/4102/3605 3611/4115/3610
f 3605/4108/3606 3603/4104/3604 3611/4115/3610
f 3612/4116/3613 3606/4109/3609 3611/4115/3610
f 3605/4108/3606 3611/4115/3610 3609/4113/3611
f 3613/4117/3614 3612/4116/3613 3602/4102/3605
f 3613/4117/3614 3601/4101/3603 3612/4116/3613
f 3601/4101/3603 3606/4109/3609 3612/4116/3613
f 3613/4117/3614 3614/4118/3615 3601/4101/3603
f 3616/4120/3616 3614/4118/3615 3613/4117/3614
f 3613/4117/3614 3602/4102/3605 3599/4097/3600
f 3615/4119/3617 3613/4117/3614 3599/4097/3600
f 3616/4120/3616 3613/4117/3614 3615/4119/3617
f 3617/4121/3618 3616/4120/3616 3615/4119/3617
f 3618/4122/3619 3617/4121/3618 3620/4124/3620
f 3618/4122/3619 3619/4123/3621 3617/4121/3618
f 3617/4121/3618 3615/4119/3617 3620/4124/3620
f 3615/4119/3617 3595/4093/3596 3620/4124/3620
f 3618/4122/3619 3620/4124/3620 3595/4093/3596
f 3621/4125/3622 3619/4123/3621 3618/4122/3619
f 3621/4125/3622 3618/4122/3619 3622/4126/3623
f 3623/4127/3624 3621/4125/3622 3622/4126/3623
f 3623/4127/3624 3622/4126/3623 3624/4128/3625
f 3583/4081/3583 3623/4127/3624 3624/4128/3625
f 3583/4081/3583 3581/4079/3582 3623/4127/3624
f 3624/4128/3625 3591/4089/3592 3589/4087/3591
f 3584/4082/3585 3624/4128/3625 3589/4087/3591
f 3624/4128/3625 3622/4126/3623 3591/4089/3592
f 3584/4082/3585 3583/4081/3583 3624/4128/3625
f 3622/4126/3623 3618/4122/3619 3593/4091/3595
f 3622/4126/3623 3593/4091/3595 3591/4089/3592
f 3618/4122/3619 3595/4093/3596 3593/4091/3595
f 3615/4119/3617 3597/4095/3598 3595/4093/3596
f 3615/4119/3617 3599/4097/3600 3597/4095/3598
f 3609/4113/3611 3610/4114/3612 3625/4129/3626
f 3626/4130/3627 3609/4113/3611 3625/4129/3626
f 3626/4130/3627 3605/4108/3606 3609/4113/3611
f 3627/4131/3628 3628/4133/3629 3630/4136/3630
f 3627/4131/3628 3629/4134/3631 3628/4133/3629
f 3632/4140/3632 3629/4135/3631 3627/4132/3628
f 3630/4136/3630 3631/4138/3633 3627/4131/3628
f 3633/4142/3634 3627/4132/3628 3631/4137/3633
f 3633/4142/3634 3632/4140/3632 3627/4132/3628
f 3635/4145/3635 3633/4141/3634 3634/4143/3636
f 3634/4143/3636 3633/4141/3634 3631/4139/3633
f 3632/4140/3632 3633/4142/3634 3635/4144/3635
f 3636/4146/3637 3635/4145/3635 3638/4149/3638
f 3637/4148/3639 3635/4144/3635 3636/4147/3637
f 3632/4140/3632 3635/4144/3635 3637/4148/3639
f 3635/4145/3635 3634/4143/3636 3638/4149/3638
f 3636/4146/3637 3638/4149/3638 3641/4152/3640
f 3640/4151/3641 3638/4149/3638 3639/4150/3642
f 3639/4150/3642 3638/4149/3638 3634/4143/3636
f 3640/4151/3641 3641/4152/3640 3638/4149/3638
f 3642/4153/3643 3643/4154/3644 3641/4152/3640
f 3642/4153/3643 3641/4152/3640 3640/4151/3641
f 3644/4155/3645 3641/4152/3640 3643/4154/3644
f 3644/4155/3645 3636/4146/3637 3641/4152/3640
f 3643/4154/3644 3645/4158/3646 3644/4155/3645
f 3646/4159/3647 3644/4156/3645 3645/4157/3646
f 3647/4160/3648 3644/4156/3645 3646/4159/3647
f 3647/4160/3648 3636/4147/3637 3644/4156/3645
f 3637/4148/3639 3636/4147/3637 3647/4160/3648
f 3647/4160/3648 3648/4161/3649 3649/4162/3650
f 3646/4159/3647 3648/4161/3649 3647/4160/3648
f 3647/4160/3648 3649/4162/3650 3637/4148/3639
f 3649/4162/3650 3648/4161/3649 3651/4164/3651
f 3637/4148/3639 3649/4162/3650 3650/4163/3652
f 3650/4163/3652 3649/4162/3650 3652/4165/3653
f 3649/4162/3650 3651/4164/3651 3652/4165/3653
f 3650/4163/3652 3652/4165/3653 3653/4166/3654
f 3655/4168/3655 3652/4165/3653 3651/4164/3651
f 3654/4167/3656 3653/4166/3654 3652/4165/3653
f 3654/4167/3656 3652/4165/3653 3655/4168/3655
f 3655/4168/3655 3658/4171/3657 3656/4169/3658
f 3655/4168/3655 3656/4169/3658 3654/4167/3656
f 3657/4170/3659 3658/4171/3657 3655/4168/3655
f 3655/4168/3655 3651/4164/3651 3657/4170/3659
f 3659/4172/3660 3656/4169/3658 3658/4171/3657
f 3657/4170/3659 3660/4173/3661 3658/4171/3657
f 3659/4172/3660 3658/4171/3657 3639/4150/3642
f 3639/4150/3642 3658/4171/3657 3660/4173/3661
f 3661/4174/3662 3662/4175/3663 3660/4173/3661
f 3661/4174/3662 3660/4173/3661 3657/4170/3659
f 3639/4150/3642 3660/4173/3661 3640/4151/3641
f 3640/4151/3641 3660/4173/3661 3662/4175/3663
f 3663/4176/3664 3662/4175/3663 3661/4174/3662
f 3663/4176/3664 3664/4177/3665 3662/4175/3663
f 3640/4151/3641 3662/4175/3663 3642/4153/3643
f 3642/4153/3643 3662/4175/3663 3664/4177/3665
f 3666/4179/3666 3664/4177/3665 3665/4178/3667
f 3667/4180/3668 3665/4178/3667 3664/4177/3665
f 3642/4153/3643 3664/4177/3665 3666/4179/3666
f 3667/4180/3668 3664/4177/3665 3663/4176/3664
f 3668/4181/3669 3667/4180/3668 3663/4176/3664
f 3668/4181/3669 3669/4182/3670 3667/4180/3668
f 3628/4133/3629 3669/4182/3670 3668/4181/3669
f 3671/4184/3671 3670/4183/3672 3668/4181/3669
f 3628/4133/3629 3668/4181/3669 3670/4183/3672
f 3671/4184/3671 3668/4181/3669 3672/4185/3673
f 3661/4174/3662 3672/4185/3673 3668/4181/3669
f 3661/4174/3662 3668/4181/3669 3663/4176/3664
f 3648/4161/3649 3672/4185/3673 3651/4164/3651
f 3648/4161/3649 3671/4184/3671 3672/4185/3673
f 3657/4170/3659 3651/4164/3651 3672/4185/3673
f 3657/4170/3659 3672/4185/3673 3661/4174/3662
f 3673/4186/3674 3670/4183/3672 3671/4184/3671
f 3646/4159/3647 3671/4184/3671 3648/4161/3649
f 3673/4186/3674 3671/4184/3671 3646/4159/3647
f 3630/4136/3630 3670/4183/3672 3673/4186/3674
f 3673/4186/3674 3674/4187/3675 3630/4136/3630
f 3673/4186/3674 3645/4157/3646 3674/4187/3675
f 3646/4159/3647 3645/4157/3646 3673/4186/3674
f 3630/4136/3630 3674/4187/3675 3631/4138/3633
f 3645/4158/3646 3675/4189/3676 3674/4188/3675
f 3645/4158/3646 3677/4191/3677 3675/4189/3676
f 3676/4190/3678 3675/4189/3676 3677/4191/3677
f 3643/4154/3644 3677/4191/3677 3645/4158/3646
f 3666/4179/3666 3677/4191/3677 3643/4154/3644
f 3676/4190/3678 3677/4191/3677 3666/4179/3666
f 3666/4179/3666 3665/4178/3667 3676/4190/3678
f 3630/4136/3630 3628/4133/3629 3670/4183/3672
f 3666/4179/3666 3643/4154/3644 3642/4153/3643
f 3656/4169/3658 3659/4172/3660 3678/4192/3679
f 3678/4192/3679 3659/4172/3660 3634/4143/3636
f 3639/4150/3642 3634/4143/3636 3659/4172/3660
f 3656/4169/3658 3678/4192/3679 3679/4193/3680
f 3678/4192/3679 3634/4143/3636 3680/4194/3681
f 3634/4143/3636 3631/4139/3633 3680/4194/3681
f 3654/4167/3656 3656/4169/3658 3679/4193/3680
f 3654/4167/3656 3679/4193/3680 3681/4195/3682
f 3653/4166/3654 3654/4167/3656 3681/4195/3682
f 3653/4166/3654 3681/4195/3682 3682/4196/3683
f 3629/4135/3631 3653/4166/3654 3682/4196/3683
f 3629/4135/3631 3650/4163/3652 3653/4166/3654
f 3632/4140/3632 3650/4163/3652 3629/4135/3631
f 3637/4148/3639 3650/4163/3652 3632/4140/3632
f 3683/4197/3684 3685/4201/3685 3684/4198/3686
f 3683/4197/3684 3686/4202/3687 3685/4201/3685
f 3687/4203/3688 3686/4202/3687 3683/4197/3684
f 3687/4203/3688 3688/4204/3689 3686/4202/3687
f 3689/4205/3690 3688/4204/3689 3687/4203/3688
f 3691/4207/3691 3690/4206/3692 3689/4205/3690
f 3689/4205/3690 3690/4206/3692 3688/4204/3689
f 3691/4207/3691 3692/4210/3693 3690/4206/3692
f 3693/4211/3694 3692/4209/3693 3691/4208/3691
f 3693/4211/3694 3694/4212/3695 3692/4209/3693
f 3695/4213/3696 3694/4212/3695 3693/4211/3694
f 3695/4213/3696 3693/4211/3694 3696/4214/3697
f 3697/4215/3698 3695/4213/3696 3696/4214/3697
f 3697/4215/3698 3696/4214/3697 3698/4216/3699
f 3684/4199/3686 3697/4215/3698 3698/4216/3699
f 3699/4217/3700 3695/4213/3696 3697/4215/3698
f 3684/4199/3686 3685/4200/3685 3697/4215/3698
f 3699/4217/3700 3697/4215/3698 3685/4200/3685
f 3699/4217/3700 3700/4218/3701 3695/4213/3696
f 3699/4217/3700 3685/4200/3685 3701/4219/3702
f 3702/4221/3703 3700/4218/3701 3699/4217/3700
f 3702/4221/3703 3699/4217/3700 3701/4219/3702
f 3705/4226/3704 3703/4222/3705 3702/4221/3703
f 3702/4221/3703 3703/4222/3705 3700/4218/3701
f 3705/4226/3704 3702/4221/3703 3704/4223/3706
f 3702/4221/3703 3701/4219/3702 3704/4223/3706
f 3706/4227/3707 3709/4231/3708 3705/4225/3704
f 3706/4227/3707 3705/4225/3704 3704/4224/3706
f 3707/4228/3709 3705/4225/3704 3709/4231/3708
f 3707/4228/3709 3708/4230/3710 3705/4225/3704
f 3710/4232/3711 3705/4226/3704 3708/4229/3710
f 3710/4232/3711 3703/4222/3705 3705/4226/3704
f 3710/4232/3711 3708/4229/3710 3711/4233/3712
f 3710/4232/3711 3711/4233/3712 3712/4235/3713
f 3710/4232/3711 3712/4235/3713 3700/4218/3701
f 3710/4232/3711 3700/4218/3701 3703/4222/3705
f 3692/4209/3693 3712/4235/3713 3711/4233/3712
f 3692/4209/3693 3694/4212/3695 3712/4235/3713
f 3712/4235/3713 3695/4213/3696 3700/4218/3701
f 3712/4235/3713 3694/4212/3695 3695/4213/3696
f 3713/4236/3714 3692/4210/3693 3711/4234/3712
f 3711/4234/3712 3707/4228/3709 3713/4236/3714
f 3711/4234/3712 3708/4230/3710 3707/4228/3709
f 3713/4236/3714 3690/4206/3692 3692/4210/3693
f 3707/4228/3709 3714/4237/3715 3713/4236/3714
f 3688/4204/3689 3713/4236/3714 3714/4237/3715
f 3688/4204/3689 3690/4206/3692 3713/4236/3714
f 3715/4238/3716 3688/4204/3689 3714/4237/3715
f 3706/4227/3707 3715/4238/3716 3714/4237/3715
f 3706/4227/3707 3714/4237/3715 3709/4231/3708
f 3707/4228/3709 3709/4231/3708 3714/4237/3715
f 3701/4220/3702 3715/4238/3716 3706/4227/3707
f 3715/4238/3716 3686/4202/3687 3688/4204/3689
f 3701/4220/3702 3686/4202/3687 3715/4238/3716
f 3701/4220/3702 3706/4227/3707 3704/4224/3706
f 3701/4220/3702 3685/4201/3685 3686/4202/3687
f 3716/4239/3717 3718/4241/3718 3717/4240/3719
f 3716/4239/3717 3719/4242/3720 3718/4241/3718
f 3720/4243/3721 3719/4242/3720 3716/4239/3717
f 3720/4243/3721 3716/4239/3717 3721/4244/3722
f 3720/4243/3721 3721/4244/3722 3722/4245/3723
f 3720/4243/3721 3722/4245/3723 3723/4246/3724
f 3724/4247/3725 3720/4243/3721 3723/4246/3724
f 3726/4249/3726 3725/4248/3727 3724/4247/3725
f 3724/4247/3725 3725/4248/3727 3720/4243/3721
f 3726/4249/3726 3727/4250/3728 3725/4248/3727
f 3728/4251/3729 3727/4250/3728 3726/4249/3726
f 3730/4253/3730 3729/4252/3731 3728/4251/3729
f 3728/4251/3729 3729/4252/3731 3727/4250/3728
f 3730/4253/3730 3731/4254/3732 3729/4252/3731
f 3731/4254/3732 3730/4253/3730 3732/4255/3733
f 3731/4254/3732 3732/4255/3733 3733/4256/3734
f 3734/4257/3735 3733/4256/3734 3732/4255/3733
f 3734/4257/3735 3735/4258/3736 3733/4256/3734
f 3736/4259/3737 3735/4258/3736 3734/4257/3735
f 3740/4266/3738 3736/4260/3737 3737/4261/3739
f 3739/4265/3740 3738/4263/3741 3736/4259/3737
f 3736/4259/3737 3738/4263/3741 3735/4258/3736
f 3740/4266/3738 3739/4264/3740 3736/4260/3737
f 3741/4268/3742 3740/4266/3738 3744/4272/3743
f 3741/4268/3742 3739/4264/3740 3740/4266/3738
f 3740/4267/3738 3742/4270/3744 3743/4271/3745
f 3737/4262/3739 3742/4270/3744 3740/4267/3738
f 3740/4267/3738 3743/4271/3745 3744/4273/3743
f 3747/4276/3746 3743/4271/3745 3742/4270/3744
f 3745/4274/3747 3746/4275/3748 3743/4271/3745
f 3747/4276/3746 3745/4274/3747 3743/4271/3745
f 3748/4277/3749 3738/4263/3741 3747/4276/3746
f 3739/4265/3740 3747/4276/3746 3738/4263/3741
f 3741/4269/3742 3747/4276/3746 3739/4265/3740
f 3748/4277/3749 3747/4276/3746 3742/4270/3744
f 3741/4269/3742 3745/4274/3747 3747/4276/3746
f 3749/4278/3750 3738/4263/3741 3748/4277/3749
f 3749/4278/3750 3748/4277/3749 3737/4262/3739
f 3737/4262/3739 3748/4277/3749 3742/4270/3744
f 3749/4278/3750 3737/4262/3739 3750/4279/3751
f 3752/4281/3752 3749/4278/3750 3750/4279/3751
f 3749/4278/3750 3735/4258/3736 3738/4263/3741
f 3751/4280/3753 3735/4258/3736 3749/4278/3750
f 3752/4281/3752 3751/4280/3753 3749/4278/3750
f 3753/4282/3754 3751/4280/3753 3752/4281/3752
f 3754/4283/3755 3756/4285/3756 3753/4282/3754
f 3754/4283/3755 3753/4282/3754 3755/4284/3757
f 3753/4282/3754 3756/4285/3756 3751/4280/3753
f 3751/4280/3753 3756/4285/3756 3731/4254/3732
f 3754/4283/3755 3731/4254/3732 3756/4285/3756
f 3757/4286/3758 3754/4283/3755 3755/4284/3757
f 3757/4286/3758 3758/4287/3759 3754/4283/3755
f 3759/4288/3760 3758/4287/3759 3757/4286/3758
f 3759/4288/3760 3760/4289/3761 3758/4287/3759
f 3719/4242/3720 3760/4289/3761 3759/4288/3760
f 3719/4242/3720 3759/4288/3760 3718/4241/3718
f 3760/4289/3761 3725/4248/3727 3727/4250/3728
f 3720/4243/3721 3725/4248/3727 3760/4289/3761
f 3760/4289/3761 3727/4250/3728 3758/4287/3759
f 3720/4243/3721 3760/4289/3761 3719/4242/3720
f 3758/4287/3759 3729/4252/3731 3754/4283/3755
f 3758/4287/3759 3727/4250/3728 3729/4252/3731
f 3754/4283/3755 3729/4252/3731 3731/4254/3732
f 3751/4280/3753 3731/4254/3732 3733/4256/3734
f 3751/4280/3753 3733/4256/3734 3735/4258/3736
f 3745/4274/3747 3761/4290/3762 3746/4275/3748
f 3762/4291/3763 3761/4290/3762 3745/4274/3747
f 3762/4291/3763 3745/4274/3747 3741/4269/3742
o Alice_body.002
v 0.008949 83.825432 0.114081
v -0.789574 83.723404 0.286393
v 0.804939 83.435440 0.694624
v -0.771934 83.436417 0.641855
v 0.035168 83.505486 0.636725
v 0.799411 83.723030 0.245208
v -0.006225 84.314911 -0.117230
v -0.824845 84.157562 0.075765
v 0.821704 84.157387 0.040682
v 0.000067 84.767914 -0.004215
v -0.850288 84.633530 0.163348
v 0.013184 85.104370 0.382926
v 0.852717 84.633705 0.132432
v 0.978905 84.504639 1.119992
v 0.852892 85.142845 0.483547
v 0.827420 85.293022 0.982306
v 0.032227 85.346954 0.989884
v 0.810230 85.085228 1.500876
v 0.000146 85.122620 1.581714
v 0.814469 84.679993 1.969156
v 0.000615 84.032707 2.151628
v 0.834302 83.932732 2.027497
v 0.000041 84.882362 1.941610
v -0.814465 84.680595 1.963729
v -0.805194 85.084961 1.487761
v -0.834034 83.932388 2.021723
v -0.936692 84.505402 1.051637
v -0.822075 83.534508 1.705373
v -0.842239 85.141884 0.530963
v -0.819041 85.291695 0.956970
v -0.792077 83.374298 1.167731
v 0.001647 83.602364 1.786451
v 0.832995 83.534279 1.723811
v 0.821217 83.373138 1.227819
v 0.000000 84.118660 0.297723
v 0.000000 83.862701 0.390205
v 1.140332 83.854912 0.323083
v 1.172914 84.106422 0.227040
v 2.190770 83.695854 0.221824
v 1.138243 83.976799 1.743836
v 0.000000 83.997795 1.715221
v 0.000000 83.756287 1.611761
v 2.268924 83.977539 0.124249
v 3.242573 83.302055 0.114852
v 3.394781 83.584061 0.041814
v 4.305627 82.682228 0.087910
v 2.220507 83.874191 1.852824
v 1.114941 83.741478 1.632842
v 4.511290 82.942833 0.006919
v 5.085029 81.897034 -0.019955
v 2.149885 83.636246 1.724287
v 3.372378 83.465767 1.824774
v 3.227941 83.204987 1.683115
v 5.322172 82.122536 -0.094248
v 5.502518 80.881622 -0.208663
v 4.517135 82.770256 1.710400
v 4.318110 82.529526 1.580172
v 5.753776 81.033554 -0.274828
v 5.597814 79.654999 -0.376420
v 5.377711 81.911713 1.554438
v 5.141271 81.706467 1.422114
v 5.859611 79.617661 -0.462675
v 5.322747 77.829613 -0.545263
v 5.849291 80.831093 1.311519
v 5.593635 80.696297 1.180939
v 5.564198 77.902214 -0.561152
v 5.024026 76.367287 -0.712208
v 5.983301 79.403122 1.017062
v 5.701837 79.461365 0.906690
v 5.226177 76.356461 -0.701496
v 4.717879 75.506584 -0.781125
v 5.619929 77.785225 0.532495
v 5.371400 77.716301 0.431177
v 4.881719 75.448349 -0.761565
v 4.605784 75.178383 -0.764971
v 4.714178 75.118996 -0.759754
v 4.725723 75.038063 -0.254527
v 5.243525 76.271324 0.064009
v 5.041729 76.286079 -0.020250
v 4.884444 75.360954 -0.179287
v 4.722469 75.426392 -0.239042
v 4.617769 75.102585 -0.292695
v -1.140331 83.854912 0.323083
v -1.172913 84.106422 0.227040
v -2.190770 83.695854 0.221824
v -1.138242 83.976807 1.743836
v -2.268924 83.977539 0.124249
v -3.242573 83.302055 0.114852
v -3.394780 83.584061 0.041814
v -4.305626 82.682228 0.087910
v -2.220507 83.874199 1.852824
v -1.114940 83.741486 1.632843
v -4.511289 82.942833 0.006919
v -5.085028 81.897034 -0.019955
v -2.149886 83.636253 1.724288
v -3.372378 83.465767 1.824774
v -3.227941 83.204987 1.683115
v -5.322171 82.122536 -0.094248
v -5.502517 80.881622 -0.208663
v -4.517134 82.770256 1.710400
v -4.318109 82.529526 1.580172
v -5.753776 81.033554 -0.274828
v -5.597814 79.654999 -0.376420
v -5.377710 81.911713 1.554438
v -5.141270 81.706467 1.422114
v -5.859611 79.617661 -0.462675
v -5.322746 77.829613 -0.545263
v -5.849291 80.831093 1.311519
v -5.593635 80.696297 1.180939
v -5.564198 77.902214 -0.561152
v -5.024026 76.367287 -0.712208
v -5.983301 79.403122 1.017062
v -5.701837 79.461365 0.906690
v -5.226177 76.356461 -0.701496
v -4.717879 75.506584 -0.781125
v -5.619929 77.785225 0.532495
v -5.371399 77.716301 0.431177
v -4.881719 75.448349 -0.761565
v -4.605784 75.178383 -0.764971
v -4.714178 75.118996 -0.759754
v -4.725723 75.038063 -0.254527
v -5.243525 76.271324 0.064009
v -5.041729 76.286079 -0.020250
v -4.884443 75.360954 -0.179287
v -4.722469 75.426392 -0.239042
v -4.617769 75.102585 -0.292695
v -1.547682 85.408630 0.759378
v -0.921202 84.301437 1.646273
v -0.873742 84.686089 0.668863
v -1.630629 84.915833 1.945047
v -2.139829 86.341492 0.943658
v -1.863074 86.616310 0.766108
v -1.296362 85.679474 0.614884
v -1.639535 86.687134 1.096399
v -0.669845 84.914787 0.557189
v -1.081117 85.781258 0.916401
v -1.726052 86.136749 2.432481
v -0.493626 85.022339 0.825437
v -1.157525 85.306427 2.066191
v -2.000678 85.838318 2.637023
v -1.407935 85.012627 2.230387
v -0.545390 84.642509 1.791452
v -0.019456 84.310410 1.616844
v -0.742231 84.380920 1.903203
v 0.014698 84.614807 0.791163
v -0.159488 84.534714 0.571563
v -0.336409 84.358757 0.673636
v -0.206510 84.104973 1.706337
v -0.357148 84.052284 1.490331
v -2.240323 85.768402 2.317683
v -2.713802 87.292953 1.143624
v -2.822463 86.604431 2.709685
v -3.415061 87.811317 1.162602
v -3.496590 86.988609 3.035178
v -2.620739 86.667160 3.093369
v -2.388846 86.994408 2.852291
v -3.424195 87.094734 3.475413
v -3.316833 87.496475 3.234709
v -4.209262 87.016731 3.577448
v -4.110743 86.941040 3.136723
v -4.051510 87.822670 1.094948
v -4.464835 87.515968 1.046253
v -4.539524 86.650330 3.060465
v -4.567747 87.031013 1.024092
v -4.696190 86.219612 2.914434
v -4.797180 86.624840 3.447145
v -5.022661 86.050987 3.213618
v -4.275996 87.435364 3.297418
v -5.026196 86.931633 3.128151
v -4.963682 87.757797 1.150843
v -4.234060 88.284721 1.279137
v -5.320694 86.181831 2.849874
v -4.766513 85.443916 2.970574
v -5.033154 85.413513 2.581148
v -5.191933 86.949844 1.017211
v -4.865474 86.122093 0.919444
v -4.878322 87.090843 0.684253
v -4.728952 87.750771 0.748685
v -4.151946 88.180870 0.839059
v -3.326451 88.191048 0.935866
v -2.483192 87.605827 0.935676
v -3.252397 88.290573 1.358966
v -2.298832 87.662643 1.300257
v -4.568221 86.393929 0.660878
v -4.110689 85.386147 0.808256
v -4.310564 86.471252 1.027410
v -3.870227 85.781990 0.642732
v -3.114750 84.920944 0.713186
v -2.935792 85.293839 0.556816
v -3.682448 85.958641 1.020003
v -4.480155 85.728645 2.744342
v -3.850420 85.294235 2.530943
v -2.799738 85.478485 0.897797
v -2.942460 84.904556 2.244628
v -1.805634 84.956345 0.719921
v -1.890757 84.756927 0.415882
v -2.004452 84.436119 0.569777
v -0.875467 84.519333 0.435816
v -0.926934 84.221130 0.563157
v -0.945445 83.967003 1.615228
v -0.186040 83.914429 1.481886
v -0.178588 84.157715 0.618707
v -0.209880 84.395233 0.515711
v -0.244263 84.544754 0.733149
v -0.844461 84.715050 0.696344
v -1.885188 84.566391 1.958784
v -0.874991 84.444046 1.734227
v -1.970681 84.268417 2.126618
v -0.899825 84.169937 1.881508
v -0.256097 84.320396 1.586461
v -0.223546 84.082825 1.706056
v -2.071963 84.091599 1.816850
v -3.248105 84.384735 2.050845
v -3.094347 84.561569 2.411278
v -4.269308 84.760643 2.270438
v -4.063876 84.933563 2.692410
v 1.159620 84.542549 0.718717
v 1.186317 84.162338 1.693543
v 2.176800 84.398621 1.905307
v 2.130207 84.863159 0.716422
v 0.999157 84.767670 0.612394
v 0.370314 84.612282 0.664679
v 0.525364 84.408844 0.765993
v 0.218963 84.744049 0.889103
v 0.248598 84.430367 1.715200
v 0.869523 84.899986 0.890830
v 1.768931 85.196732 0.911032
v 1.923121 85.103378 0.590950
v 0.904201 84.517868 1.853735
v 1.049070 84.233658 1.956904
v 0.406298 84.176636 1.798290
v 1.819613 84.730606 2.049875
v 2.617146 85.831642 1.020497
v 1.998108 84.454460 2.202436
v 2.670584 85.314285 2.346054
v 2.878017 85.000053 2.543450
v 3.354269 85.911133 2.689026
v 3.296390 86.490639 1.150249
v 4.170609 86.985718 1.171307
v 3.441639 86.414474 0.757148
v 4.240686 86.903931 0.739205
v 5.003741 86.983406 0.656095
v 4.964638 86.582535 0.873820
v 4.404323 86.495949 0.925862
v 3.681669 86.050713 0.925924
v 4.503040 85.794052 2.800712
v 5.050913 85.838593 2.886646
v 5.366069 85.660530 2.818329
v 5.578374 85.716309 3.203234
v 5.104163 85.986488 3.319877
v 5.788834 85.985458 2.884048
v 4.371487 85.951195 3.222486
v 5.160776 86.347885 3.028590
v 5.716198 86.651299 0.957769
v 5.090985 87.060654 1.090098
v 4.255394 86.314064 2.957169
v 3.550543 85.579163 2.921533
v 3.075810 84.891747 2.214305
v 3.748185 85.455223 2.546353
v 3.027172 85.408524 0.815938
v 2.783873 85.737610 0.665537
v 5.488205 86.640427 0.566102
v 5.610984 86.059357 0.497421
v 5.286748 86.358513 0.837486
v 5.356454 85.957901 0.824248
v 5.446209 85.354553 2.674207
v 5.150587 84.985130 2.505727
v 5.050557 85.498886 0.831257
v 4.328934 84.640930 2.335706
v 4.247071 85.109055 0.830367
v 5.237769 85.442268 0.473439
v 4.375883 84.986626 0.468099
v 5.469650 85.193375 0.730047
v 5.906252 85.934891 0.820812
v 6.003538 85.357216 2.626351
v 5.574759 84.697159 2.376892
v 5.720984 85.262077 2.981908
v 5.357782 84.757912 2.751582
v 4.479582 84.354919 2.547188
v 4.631330 84.225899 2.178766
v 3.503618 83.996994 1.995724
v 3.433261 84.439331 0.636736
v 4.542040 84.681122 0.677511
v 3.309245 84.769089 0.453094
v 3.221174 84.921707 0.790934
v 2.095148 84.803947 0.762853
v 2.144022 84.626442 0.461283
v 1.076458 84.505890 0.519405
v 2.221482 84.293480 0.615162
v 1.066748 84.698746 0.785772
v 1.097148 84.351509 1.772984
v 0.444066 84.609016 0.834522
v 0.398003 84.459877 0.612499
v 1.110807 84.184784 0.638556
v 0.357268 84.195320 0.711891
v 1.137544 83.838776 1.635677
v 0.373572 83.912560 1.549350
v 1.107697 84.047905 1.907968
v 0.419568 84.090408 1.771779
v 0.458944 84.330795 1.654347
v 2.196214 84.062973 2.118497
v 2.141533 84.378639 1.954311
v 3.282037 84.463211 2.151974
v 3.383907 84.153114 2.341180
v 2.271376 83.879303 1.806274
v 0.537171 84.101685 1.577546
vn -0.0221 -0.0828 -0.9963
vn -0.0124 -0.6345 -0.7728
vn -0.4604 -0.6137 -0.6414
vn -0.6651 -0.6253 -0.4082
vn 0.4690 -0.6189 -0.6301
vn 0.7164 -0.5962 -0.3623
vn -0.0041 -0.8363 -0.5483
vn -0.5363 -0.1621 -0.8283
vn 0.5292 -0.1514 -0.8349
vn -0.0189 0.4765 -0.8790
vn -0.0110 0.8120 -0.5836
vn -0.5450 0.3833 -0.7457
vn 0.5503 0.3655 -0.7507
vn 0.4310 0.7549 -0.4943
vn 0.9996 0.0173 0.0219
vn 0.3489 0.9370 0.0174
vn -0.0027 0.9998 0.0194
vn 0.4131 0.7939 0.4461
vn -0.0059 0.8721 0.4892
vn 0.4209 0.3583 0.8334
vn -0.0038 0.4835 0.8753
vn -0.0051 -0.1305 0.9914
vn 0.4308 -0.1870 0.8828
vn -0.4502 0.3561 0.8189
vn -0.4323 0.7924 0.4304
vn -0.9999 0.0054 0.0124
vn -0.4622 -0.1892 0.8664
vn -0.7356 -0.4675 0.4903
vn -0.9909 -0.1302 -0.0347
vn -0.3332 0.9428 0.0073
vn -0.4137 0.7625 -0.4975
vn -0.0051 -0.6319 0.7750
vn 0.7033 -0.4729 0.5307
vn 0.9902 -0.1393 -0.0138
vn -0.0000 0.9962 -0.0876
vn -0.0846 -0.9632 -0.2550
vn -0.0002 -0.9667 -0.2558
vn 0.0503 0.9948 -0.0886
vn -0.2718 -0.9302 -0.2468
vn 0.0527 0.9707 0.2346
vn -0.0001 0.9681 0.2506
vn -0.0000 -0.9958 0.0916
vn 0.2240 0.9703 -0.0912
vn -0.4410 -0.8584 -0.2621
vn 0.4216 0.9014 -0.0990
vn -0.5994 -0.7527 -0.2724
vn 0.2235 0.9489 0.2226
vn -0.0790 -0.9923 0.0957
vn 0.6004 0.7937 -0.0980
vn -0.8180 -0.5176 -0.2510
vn -0.2589 -0.9570 0.1306
vn 0.4222 0.8748 0.2376
vn -0.4310 -0.8925 0.1330
vn 0.8147 0.5661 -0.1257
vn -0.9610 -0.2040 -0.1865
vn 0.6037 0.7570 0.2500
vn -0.5877 -0.7955 0.1474
vn 0.9512 0.2480 -0.1835
vn -0.9884 0.0604 -0.1392
vn 0.8272 0.5201 0.2125
vn -0.7888 -0.5854 0.1873
vn 0.9691 -0.0203 -0.2458
vn -0.9729 0.1867 -0.1366
vn 0.9708 0.1999 0.1323
vn -0.9306 -0.2816 0.2338
vn 0.9426 -0.1694 -0.2879
vn -0.9439 0.2575 -0.2066
vn 0.9919 -0.0756 0.1021
vn -0.9614 -0.0166 0.2747
vn 0.9321 -0.2284 -0.2812
vn -0.9135 0.3316 -0.2357
vn 0.9580 -0.2508 0.1389
vn -0.9583 0.1086 0.2645
vn 0.8909 -0.3430 -0.2979
vn -0.9678 0.0473 -0.2473
vn 0.6944 -0.6441 -0.3208
vn 0.7320 -0.6659 0.1439
vn 0.9337 -0.3133 0.1736
vn -0.9460 0.1715 0.2750
vn 0.8832 -0.4220 0.2046
vn -0.9181 0.2630 0.2967
vn -0.9657 -0.0559 0.2534
vn 0.0846 -0.9632 -0.2550
vn -0.0503 0.9948 -0.0886
vn 0.2718 -0.9302 -0.2468
vn -0.0526 0.9707 0.2346
vn -0.2239 0.9703 -0.0912
vn 0.4411 -0.8583 -0.2621
vn -0.4215 0.9014 -0.0990
vn 0.5995 -0.7526 -0.2724
vn -0.2234 0.9490 0.2226
vn 0.0790 -0.9923 0.0958
vn -0.6003 0.7937 -0.0980
vn 0.8181 -0.5175 -0.2510
vn 0.2589 -0.9570 0.1306
vn -0.4222 0.8748 0.2376
vn 0.4309 -0.8925 0.1330
vn -0.8147 0.5661 -0.1257
vn 0.9610 -0.2041 -0.1865
vn -0.6037 0.7570 0.2500
vn 0.5877 -0.7955 0.1474
vn -0.9512 0.2480 -0.1835
vn 0.9884 0.0604 -0.1392
vn -0.8272 0.5201 0.2125
vn 0.7888 -0.5855 0.1873
vn -0.9691 -0.0203 -0.2458
vn 0.9729 0.1867 -0.1366
vn -0.9708 0.2000 0.1323
vn 0.9306 -0.2816 0.2338
vn -0.9426 -0.1694 -0.2879
vn 0.9439 0.2574 -0.2067
vn -0.9919 -0.0756 0.1021
vn 0.9614 -0.0166 0.2747
vn -0.9321 -0.2285 -0.2812
vn 0.9135 0.3316 -0.2357
vn -0.9580 -0.2508 0.1389
vn 0.9583 0.1086 0.2645
vn -0.8909 -0.3430 -0.2979
vn 0.9678 0.0473 -0.2473
vn -0.6944 -0.6441 -0.3208
vn -0.7320 -0.6659 0.1440
vn -0.9337 -0.3133 0.1736
vn 0.9460 0.1715 0.2750
vn -0.8832 -0.4220 0.2046
vn 0.9181 0.2630 0.2967
vn 0.9657 -0.0559 0.2534
vn -0.7485 -0.4892 -0.4477
vn -0.6639 -0.7445 -0.0706
vn -0.7755 -0.6222 -0.1073
vn -0.6329 -0.5676 -0.5266
vn 0.1093 0.2132 -0.9709
vn -0.8056 -0.4185 -0.4195
vn 0.1224 0.2600 -0.9578
vn 0.8447 0.5274 0.0911
vn 0.8313 0.5528 0.0573
vn 0.1518 0.1879 -0.9704
vn 0.8197 0.4080 0.4021
vn 0.7949 0.4177 0.4400
vn 0.7358 0.6726 0.0784
vn 0.0768 -0.3898 0.9177
vn 0.0300 -0.4177 0.9081
vn 0.6942 0.5282 0.4890
vn 0.0423 -0.4610 0.8864
vn 0.5911 0.6569 0.4680
vn 0.6145 0.7757 0.1438
vn 0.2522 0.3051 -0.9183
vn -0.1926 -0.3105 -0.9309
vn 0.1363 -0.3835 0.9134
vn -0.2727 -0.8603 0.4306
vn -0.8338 -0.5425 -0.1020
vn -0.6833 -0.5627 -0.4652
vn -0.7089 -0.6832 -0.1753
vn -0.2670 -0.8049 -0.5300
vn -0.2639 -0.9286 -0.2609
vn 0.2012 -0.3212 0.9254
vn 0.6827 0.5952 0.4240
vn 0.1942 -0.1460 0.9700
vn 0.3225 -0.9158 -0.2394
vn 0.2637 0.8352 0.4826
vn -0.0509 -0.0371 0.9980
vn 0.2827 -0.8201 -0.4976
vn 0.7544 -0.5433 -0.3684
vn 0.8008 -0.5950 -0.0678
vn 0.9923 0.0414 -0.1168
vn 0.9688 0.0119 0.2475
vn -0.2767 -0.0944 0.9563
vn -0.3544 -0.3082 0.8828
vn -0.3201 0.8355 0.4467
vn -0.7967 0.5280 0.2940
vn -0.9984 -0.0430 0.0361
vn -0.3126 0.9113 0.2681
vn -0.7862 0.6060 0.1205
vn -0.1929 -0.5016 0.8433
vn -0.8205 -0.5521 -0.1485
vn -0.9868 0.0447 -0.1557
vn -0.7976 -0.4534 -0.3978
vn -0.2675 0.1078 -0.9575
vn -0.3276 0.4118 -0.8503
vn -0.0945 0.5997 -0.7946
vn 0.1788 0.5483 -0.8170
vn 0.2310 0.3727 -0.8987
vn 0.2691 0.9201 0.2847
vn 0.6938 0.6939 0.1928
vn -0.0476 0.0641 -0.9968
vn -0.5317 -0.6812 -0.5032
vn 0.0400 0.1947 -0.9800
vn 0.8006 0.5875 0.1176
vn -0.3704 -0.7724 -0.5160
vn 0.0379 0.2768 -0.9602
vn 0.5570 0.8051 0.2039
vn 0.7418 0.4798 0.4684
vn 0.5358 0.6578 0.5294
vn 0.4594 0.8694 0.1821
vn 0.3420 0.9333 0.1092
vn 0.4519 0.7285 0.5148
vn 0.0188 0.2060 -0.9784
vn -0.2706 -0.8442 -0.4628
vn -0.1283 -0.8956 -0.4260
vn 0.0976 0.2124 -0.9723
vn -0.1118 -0.9908 -0.0764
vn -0.0663 -0.9921 -0.1061
vn -0.0688 -0.9149 -0.3978
vn 0.1494 0.1154 -0.9820
vn 0.2270 0.9739 0.0075
vn 0.2358 0.7886 -0.5679
vn 0.3535 0.8057 0.4753
vn 0.2367 0.8479 0.4744
vn 0.1455 -0.3887 0.9098
vn 0.1842 -0.3045 0.9345
vn 0.2844 0.4467 0.8483
vn 0.1842 -0.3973 0.8990
vn -0.2473 -0.9608 -0.1253
vn -0.3560 -0.9170 -0.1798
vn 0.0997 -0.4483 0.8883
vn -0.5516 -0.8077 -0.2084
vn -0.0132 -0.5119 0.8590
vn 0.2502 -0.7969 -0.5499
vn 0.4193 -0.8863 -0.1967
vn 0.2520 -0.9515 -0.1767
vn 0.4093 -0.7694 -0.4904
vn -0.1464 0.3469 -0.9264
vn -0.1698 0.4812 -0.8600
vn 0.0249 -0.4210 -0.9067
vn -0.2243 0.9516 0.2103
vn -0.2805 0.9422 0.1834
vn -0.2269 0.8439 0.4861
vn -0.2833 0.7985 0.5312
vn -0.1444 0.2915 -0.9456
vn -0.4921 0.8545 0.1663
vn -0.1250 -0.4742 0.8715
vn -0.4872 0.7080 0.5113
vn -0.1864 -0.3076 0.9331
vn -0.0866 -0.5013 0.8609
vn -0.6657 0.7324 0.1429
vn -0.6578 0.6101 0.4417
vn -0.0980 -0.4377 0.8938
vn -0.5818 0.6918 0.4277
vn -0.5881 0.7853 0.1935
vn -0.2736 0.9283 0.2519
vn -0.1897 0.5413 -0.8192
vn -0.2305 0.3921 -0.8906
vn 0.0535 0.6608 -0.7487
vn -0.1788 -0.8458 -0.5026
vn 0.2875 -0.8128 -0.5067
vn 0.5500 -0.6886 -0.4726
vn 0.2950 -0.9365 -0.1897
vn -0.1856 -0.9672 -0.1734
vn -0.7894 -0.6135 -0.0219
vn 0.3658 -0.0730 0.9278
vn 0.0605 0.0335 0.9976
vn 0.7953 0.5495 0.2562
vn 0.2340 0.8814 0.4104
vn -0.1443 -0.1517 0.9778
vn 0.7902 0.6076 0.0806
vn 0.2310 0.9429 0.2401
vn -0.2678 0.8539 0.4462
vn -0.1877 -0.3113 0.9316
vn 0.6032 -0.7836 -0.1489
vn 0.5584 -0.8161 -0.1490
vn 0.5917 -0.6650 -0.4556
vn -0.1455 0.2996 -0.9429
vn 0.3588 0.4387 -0.8239
vn -0.7751 -0.5315 -0.3417
vn 0.3207 0.0692 -0.9447
vn -0.9763 0.2074 -0.0616
vn -0.9572 0.1532 0.2457
vn -0.6026 0.6947 0.3927
vn -0.6195 0.7748 0.1264
vn -0.3249 0.8413 0.4321
vn -0.3156 0.9338 0.1686
vn 0.0634 0.0156 -0.9979
vn -0.0357 0.1763 -0.9837
vn 0.9801 -0.0846 -0.1796
vn 0.6649 -0.6579 -0.3536
vn 0.9892 -0.1462 0.0119
vn 0.6767 -0.7230 -0.1388
vn 0.4112 -0.4116 0.8134
vn 0.1551 -0.5464 0.8231
vn -0.0243 -0.4711 0.8817
vn 0.3504 -0.9226 -0.1613
vn 0.1634 -0.9736 -0.1595
vn 0.3423 -0.8451 -0.4107
vn 0.1683 -0.8773 -0.4494
vn -0.0242 0.2562 -0.9663
vn -0.1584 0.9731 0.1673
vn -0.1079 0.9824 0.1523
vn -0.0426 0.2602 -0.9646
vn -0.1070 0.9923 0.0619
vn -0.0953 0.2390 -0.9663
vn 0.0982 -0.8699 -0.4833
vn -0.1178 0.8367 0.5348
vn -0.1461 0.8154 -0.5601
vn -0.1490 0.1687 -0.9743
vn 0.0232 -0.8672 -0.4974
vn -0.0641 -0.8754 -0.4792
vn 0.0099 -0.9908 -0.1352
vn -0.0769 -0.9862 -0.1464
vn -0.1737 -0.3046 0.9365
vn -0.2010 -0.3319 0.9217
vn -0.1643 0.4223 0.8914
vn -0.1437 -0.3419 0.9287
vn -0.1284 0.8677 0.4803
vn -0.1807 0.8706 0.4577
vn -0.1061 -0.4009 0.9100
vn 0.0841 -0.9853 -0.1488
vn 0.0229 -0.9534 0.3007
vt 0.355713 0.574707
vt 0.355713 0.587402
vt 0.323242 0.547852
vt 0.365723 0.561523
vt 0.302734 0.525391
vt 0.365723 0.587402
vt 0.323486 0.538086
vt 0.365723 0.574707
vt 0.355713 0.561523
vt 0.311035 0.530273
vt 0.346924 0.574707
vt 0.346924 0.587402
vt 0.327637 0.555176
vt 0.346924 0.561523
vt 0.314697 0.538574
vt 0.338135 0.574707
vt 0.335938 0.558594
vt 0.338135 0.587402
vt 0.327148 0.574707
vt 0.338135 0.561523
vt 0.312744 0.546875
vt 0.295898 0.542969
vt 0.327148 0.561523
vt 0.305420 0.556152
vt 0.295898 0.559082
vt 0.317139 0.561523
vt 0.317139 0.574707
vt 0.306396 0.561523
vt 0.286133 0.552734
vt 0.306396 0.574707
vt 0.297363 0.561523
vt 0.278564 0.547852
vt 0.283691 0.574707
vt 0.276611 0.534180
vt 0.283691 0.561523
vt 0.297363 0.574707
vt 0.297363 0.587402
vt 0.355713 0.530762
vt 0.355713 0.539551
vt 0.306396 0.587402
vt 0.345703 0.521484
vt 0.283691 0.587402
vt 0.342041 0.541992
vt 0.336426 0.522461
vt 0.274414 0.587402
vt 0.347656 0.557617
vt 0.327148 0.587402
vt 0.355225 0.551270
vt 0.317139 0.587402
vt 0.328613 0.528809
vt 0.274414 0.574707
vt 0.274414 0.561523
vt 0.282471 0.526855
vt 0.292236 0.523926
vt 0.007107 0.600098
vt 0.007107 0.602051
vt 0.007107 0.576660
vt 0.017609 0.602051
vt 0.017609 0.576660
vt 0.017609 0.600098
vt 0.029343 0.602051
vt 0.029343 0.576660
vt 0.017609 0.589355
vt 0.007107 0.589355
vt 0.007107 0.586914
vt 0.029343 0.600098
vt 0.041901 0.602051
vt 0.041901 0.576660
vt 0.041901 0.600098
vt 0.054688 0.602051
vt 0.054688 0.576660
vt 0.029343 0.589355
vt 0.017609 0.586914
vt 0.054688 0.600098
vt 0.067444 0.602051
vt 0.067444 0.576660
vt 0.029343 0.586914
vt 0.041901 0.589355
vt 0.041901 0.586914
vt 0.067444 0.600098
vt 0.080078 0.602051
vt 0.080078 0.576660
vt 0.054688 0.589355
vt 0.054688 0.586914
vt 0.080078 0.600098
vt 0.094360 0.602051
vt 0.094360 0.576660
vt 0.067444 0.589355
vt 0.067444 0.586914
vt 0.094360 0.600098
vt 0.114868 0.602051
vt 0.113037 0.576660
vt 0.080078 0.589355
vt 0.080078 0.586914
vt 0.113037 0.600098
vt 0.130493 0.602051
vt 0.130493 0.576660
vt 0.094360 0.589355
vt 0.094360 0.586914
vt 0.130493 0.600098
vt 0.140991 0.602051
vt 0.140991 0.576660
vt 0.113037 0.589355
vt 0.113037 0.586914
vt 0.140991 0.600098
vt 0.144775 0.602051
vt 0.144775 0.576660
vt 0.295898 0.542969
vt 0.144775 0.600098
vt 0.295898 0.542969
vt 0.144775 0.589355
vt 0.295898 0.542969
vt 0.130493 0.589355
vt 0.130493 0.586914
vt 0.140991 0.589355
vt 0.140991 0.586914
vt 0.144775 0.586914
vt 0.295898 0.542969
vt 0.017609 0.602051
vt 0.017609 0.576660
vt 0.017609 0.600098
vt 0.029343 0.602051
vt 0.029343 0.576660
vt 0.017609 0.589355
vt 0.029343 0.600098
vt 0.041901 0.602051
vt 0.041901 0.576660
vt 0.041901 0.600098
vt 0.054688 0.602051
vt 0.054688 0.576660
vt 0.029343 0.589355
vt 0.017609 0.586914
vt 0.054688 0.600098
vt 0.067444 0.602051
vt 0.067444 0.576660
vt 0.029343 0.586914
vt 0.041901 0.589355
vt 0.041901 0.586914
vt 0.067444 0.600098
vt 0.080078 0.602051
vt 0.080078 0.576660
vt 0.054688 0.589355
vt 0.054688 0.586914
vt 0.080078 0.600098
vt 0.094360 0.602051
vt 0.094360 0.576660
vt 0.067444 0.589355
vt 0.067444 0.586914
vt 0.094360 0.600098
vt 0.114868 0.602051
vt 0.113037 0.576660
vt 0.080078 0.589355
vt 0.080078 0.586914
vt 0.113037 0.600098
vt 0.130493 0.602051
vt 0.130493 0.576660
vt 0.094360 0.589355
vt 0.094360 0.586914
vt 0.130493 0.600098
vt 0.140991 0.602051
vt 0.140991 0.576660
vt 0.113037 0.589355
vt 0.113037 0.586914
vt 0.140991 0.600098
vt 0.144775 0.602051
vt 0.144775 0.576660
vt 0.295898 0.542969
vt 0.144775 0.600098
vt 0.295898 0.542969
vt 0.144775 0.589355
vt 0.295898 0.542969
vt 0.130493 0.589355
vt 0.130493 0.586914
vt 0.140991 0.589355
vt 0.140991 0.586914
vt 0.144775 0.586914
vt 0.295898 0.542969
vt 0.160034 0.580078
vt 0.160034 0.536621
vt 0.150757 0.563965
vt 0.150757 0.580078
vt 0.150757 0.536621
vt 0.160034 0.563965
vt 0.170898 0.580078
vt 0.170898 0.536621
vt 0.170898 0.539551
vt 0.160034 0.539551
vt 0.170898 0.542969
vt 0.150757 0.539551
vt 0.160034 0.542969
vt 0.170898 0.557129
vt 0.150757 0.542969
vt 0.160034 0.557129
vt 0.170898 0.560547
vt 0.160034 0.560547
vt 0.150757 0.557129
vt 0.145142 0.557129
vt 0.150757 0.560547
vt 0.145142 0.542969
vt 0.145142 0.539551
vt 0.145142 0.536621
vt 0.145142 0.560547
vt 0.145142 0.563965
vt 0.170898 0.563965
vt 0.181519 0.580078
vt 0.181519 0.536621
vt 0.181519 0.563965
vt 0.190186 0.536621
vt 0.190186 0.580078
vt 0.190186 0.563965
vt 0.181519 0.560547
vt 0.181519 0.557129
vt 0.190186 0.560547
vt 0.190186 0.557129
vt 0.197510 0.560547
vt 0.197510 0.563965
vt 0.197510 0.536621
vt 0.197510 0.580078
vt 0.203979 0.580078
vt 0.203979 0.536621
vt 0.203979 0.563965
vt 0.209595 0.536621
vt 0.209595 0.580078
vt 0.209595 0.563965
vt 0.203979 0.560547
vt 0.209595 0.560547
vt 0.197510 0.557129
vt 0.203979 0.557129
vt 0.203979 0.542969
vt 0.197510 0.542969
vt 0.209595 0.557129
vt 0.216431 0.560547
vt 0.216431 0.557129
vt 0.209595 0.542969
vt 0.216431 0.542969
vt 0.209595 0.539551
vt 0.203979 0.539551
vt 0.197510 0.539551
vt 0.190186 0.539551
vt 0.181519 0.539551
vt 0.190186 0.542969
vt 0.181519 0.542969
vt 0.216431 0.539551
vt 0.225830 0.542969
vt 0.216431 0.536621
vt 0.216431 0.580078
vt 0.225830 0.539551
vt 0.236328 0.542969
vt 0.236328 0.539551
vt 0.225830 0.580078
vt 0.225830 0.536621
vt 0.216431 0.563965
vt 0.225830 0.563965
vt 0.236328 0.580078
vt 0.236328 0.536621
vt 0.236328 0.563965
vt 0.247437 0.536621
vt 0.247437 0.580078
vt 0.247437 0.539551
vt 0.247437 0.542969
vt 0.257568 0.539551
vt 0.257568 0.542969
vt 0.257568 0.557129
vt 0.263916 0.557129
vt 0.263916 0.542969
vt 0.263916 0.539551
vt 0.263916 0.536621
vt 0.257568 0.536621
vt 0.257568 0.580078
vt 0.247437 0.563965
vt 0.257568 0.563965
vt 0.247437 0.560547
vt 0.257568 0.560547
vt 0.263916 0.563965
vt 0.263916 0.560547
vt 0.247437 0.557129
vt 0.236328 0.557129
vt 0.236328 0.560547
vt 0.225830 0.557129
vt 0.225830 0.560547
vt 0.115051 0.538086
vt 0.115051 0.522949
vt 0.115051 0.564941
vt 0.106140 0.522949
vt 0.106140 0.564941
vt 0.106140 0.538086
vt 0.115051 0.541504
vt 0.120789 0.541504
vt 0.120789 0.538086
vt 0.120789 0.544922
vt 0.120789 0.558105
vt 0.115051 0.544922
vt 0.106140 0.544922
vt 0.106140 0.541504
vt 0.115051 0.558105
vt 0.115051 0.561523
vt 0.120789 0.561523
vt 0.106140 0.558105
vt 0.095947 0.544922
vt 0.106140 0.561523
vt 0.095947 0.558105
vt 0.095947 0.561523
vt 0.085938 0.558105
vt 0.085938 0.544922
vt 0.077332 0.544922
vt 0.085938 0.541504
vt 0.077332 0.541504
vt 0.071228 0.541504
vt 0.071228 0.538086
vt 0.077332 0.538086
vt 0.085938 0.538086
vt 0.077332 0.522949
vt 0.077332 0.564941
vt 0.071228 0.522949
vt 0.071228 0.564941
vt 0.066467 0.564941
vt 0.066467 0.522949
vt 0.066467 0.561523
vt 0.071228 0.561523
vt 0.066467 0.558105
vt 0.077332 0.561523
vt 0.071228 0.558105
vt 0.066467 0.544922
vt 0.071228 0.544922
vt 0.077332 0.558105
vt 0.085938 0.561523
vt 0.095947 0.564941
vt 0.095947 0.522949
vt 0.085938 0.522949
vt 0.085938 0.564941
vt 0.095947 0.538086
vt 0.095947 0.541504
vt 0.066467 0.541504
vt 0.062012 0.541504
vt 0.066467 0.538086
vt 0.062012 0.538086
vt 0.062012 0.564941
vt 0.062012 0.522949
vt 0.056152 0.522949
vt 0.056152 0.564941
vt 0.056152 0.538086
vt 0.047577 0.522949
vt 0.047577 0.564941
vt 0.047577 0.538086
vt 0.056152 0.541504
vt 0.047577 0.541504
vt 0.056152 0.544922
vt 0.062012 0.544922
vt 0.062012 0.558105
vt 0.056152 0.558105
vt 0.062012 0.561523
vt 0.056152 0.561523
vt 0.047577 0.561523
vt 0.047577 0.558105
vt 0.036713 0.558105
vt 0.036713 0.544922
vt 0.047577 0.544922
vt 0.036713 0.541504
vt 0.036713 0.538086
vt 0.025131 0.538086
vt 0.025131 0.541504
vt 0.014618 0.541504
vt 0.025131 0.544922
vt 0.014618 0.538086
vt 0.014618 0.564941
vt 0.014618 0.522949
vt 0.008156 0.538086
vt 0.008156 0.541504
vt 0.014618 0.544922
vt 0.008156 0.544922
vt 0.014618 0.558105
vt 0.008156 0.558105
vt 0.014618 0.561523
vt 0.008156 0.561523
vt 0.008156 0.564941
vt 0.025131 0.561523
vt 0.025131 0.564941
vt 0.025131 0.522949
vt 0.036713 0.522949
vt 0.036713 0.564941
vt 0.036713 0.561523
vt 0.025131 0.558105
vt 0.120789 0.564941
s 1
usemtl Material.007
f 3769/4302/3764 3763/4292/3765 3764/4293/3766
f 3763/4292/3765 3766/4297/3767 3764/4293/3766
f 3763/4292/3765 3768/4300/3768 3765/4295/3769
f 3763/4292/3765 3765/4295/3769 3767/4299/3770
f 3763/4292/3765 3767/4299/3770 3766/4297/3767
f 3769/4302/3764 3768/4300/3768 3763/4292/3765
f 3769/4302/3764 3764/4293/3766 3770/4303/3771
f 3769/4302/3764 3771/4305/3772 3768/4300/3768
f 3772/4307/3773 3769/4302/3764 3770/4303/3771
f 3772/4307/3773 3771/4305/3772 3769/4302/3764
f 3774/4310/3774 3772/4307/3773 3773/4309/3775
f 3772/4307/3773 3770/4303/3771 3773/4309/3775
f 3775/4311/3776 3772/4307/3773 3774/4310/3774
f 3772/4307/3773 3775/4311/3776 3771/4305/3772
f 3775/4311/3776 3774/4310/3774 3777/4314/3777
f 3776/4313/3778 3771/4306/3772 3775/4312/3776
f 3776/4313/3778 3775/4312/3776 3777/4315/3777
f 3778/4317/3779 3777/4314/3777 3774/4310/3774
f 3776/4313/3778 3777/4315/3777 3778/4316/3779
f 3778/4317/3779 3774/4310/3774 3779/4318/3780
f 3776/4313/3778 3778/4316/3779 3780/4320/3781
f 3780/4319/3781 3778/4317/3779 3779/4318/3780
f 3780/4319/3781 3779/4318/3780 3781/4321/3782
f 3782/4322/3783 3780/4319/3781 3781/4321/3782
f 3776/4313/3778 3780/4320/3781 3782/4323/3783
f 3782/4322/3783 3781/4321/3782 3785/4327/3784
f 3783/4324/3785 3784/4326/3786 3782/4322/3783
f 3783/4324/3785 3782/4322/3783 3785/4327/3784
f 3776/4313/3778 3782/4323/3783 3784/4325/3786
f 3781/4321/3782 3786/4328/3787 3785/4327/3784
f 3783/4324/3785 3785/4327/3784 3786/4328/3787
f 3787/4330/3788 3789/4334/3789 3786/4329/3787
f 3781/4321/3782 3787/4331/3788 3786/4328/3787
f 3783/4324/3785 3786/4328/3787 3788/4333/3790
f 3786/4329/3787 3789/4334/3789 3788/4332/3790
f 3789/4334/3789 3764/4294/3766 3766/4298/3767
f 3789/4334/3789 3770/4304/3771 3764/4294/3766
f 3789/4334/3789 3790/4335/3791 3788/4332/3790
f 3766/4298/3767 3793/4341/3792 3789/4334/3789
f 3789/4334/3789 3787/4330/3788 3792/4339/3793
f 3789/4334/3789 3791/4337/3794 3773/4308/3775
f 3789/4334/3789 3773/4308/3775 3770/4304/3771
f 3789/4334/3789 3793/4341/3792 3790/4335/3791
f 3789/4334/3789 3792/4339/3793 3791/4337/3794
f 3774/4310/3774 3792/4340/3793 3779/4318/3780
f 3774/4310/3774 3791/4338/3794 3792/4340/3793
f 3779/4318/3780 3792/4340/3793 3787/4331/3788
f 3774/4310/3774 3773/4309/3775 3791/4338/3794
f 3783/4324/3785 3788/4333/3790 3790/4336/3791
f 3783/4324/3785 3790/4336/3791 3794/4342/3795
f 3795/4343/3796 3783/4324/3785 3794/4342/3795
f 3776/4313/3778 3784/4325/3786 3795/4344/3796
f 3795/4343/3796 3784/4326/3786 3783/4324/3785
f 3776/4313/3778 3795/4344/3796 3796/4345/3797
f 3776/4313/3778 3796/4345/3797 3765/4296/3769
f 3779/4318/3780 3787/4331/3788 3781/4321/3782
f 3765/4296/3769 3768/4301/3768 3776/4313/3778
f 3776/4313/3778 3768/4301/3768 3771/4306/3772
f 3797/4346/3798 3799/4349/3799 3798/4347/3800
f 3797/4346/3798 3800/4351/3801 3799/4349/3799
f 3800/4351/3801 3801/4352/3802 3799/4349/3799
f 3797/4346/3798 3802/4354/3803 3800/4351/3801
f 3797/4346/3798 3803/4355/3804 3802/4354/3803
f 3802/4354/3803 3803/4355/3804 3804/4356/3805
f 3800/4351/3801 3805/4357/3806 3801/4352/3802
f 3802/4354/3803 3805/4357/3806 3800/4351/3801
f 3805/4357/3806 3806/4358/3807 3801/4352/3802
f 3805/4357/3806 3807/4360/3808 3806/4358/3807
f 3807/4360/3808 3808/4361/3809 3806/4358/3807
f 3802/4354/3803 3809/4363/3810 3805/4357/3806
f 3809/4363/3810 3807/4360/3808 3805/4357/3806
f 3802/4354/3803 3804/4356/3805 3810/4364/3811
f 3809/4363/3810 3802/4354/3803 3810/4364/3811
f 3807/4360/3808 3811/4365/3812 3808/4361/3809
f 3811/4365/3812 3812/4366/3813 3808/4361/3809
f 3804/4356/3805 3799/4350/3799 3810/4364/3811
f 3804/4356/3805 3798/4348/3800 3799/4350/3799
f 3799/4350/3799 3813/4368/3814 3810/4364/3811
f 3809/4363/3810 3810/4364/3811 3813/4368/3814
f 3799/4350/3799 3801/4353/3802 3813/4368/3814
f 3809/4363/3810 3814/4369/3815 3807/4360/3808
f 3814/4369/3815 3809/4363/3810 3813/4368/3814
f 3814/4369/3815 3811/4365/3812 3807/4360/3808
f 3801/4353/3802 3815/4370/3816 3813/4368/3814
f 3814/4369/3815 3813/4368/3814 3815/4370/3816
f 3801/4353/3802 3806/4359/3807 3815/4370/3816
f 3811/4365/3812 3816/4371/3817 3812/4366/3813
f 3816/4371/3817 3817/4372/3818 3812/4366/3813
f 3814/4369/3815 3818/4374/3819 3811/4365/3812
f 3818/4374/3819 3814/4369/3815 3815/4370/3816
f 3818/4374/3819 3816/4371/3817 3811/4365/3812
f 3806/4359/3807 3819/4375/3820 3815/4370/3816
f 3818/4374/3819 3815/4370/3816 3819/4375/3820
f 3806/4359/3807 3808/4362/3809 3819/4375/3820
f 3816/4371/3817 3820/4376/3821 3817/4372/3818
f 3820/4376/3821 3821/4377/3822 3817/4372/3818
f 3818/4374/3819 3822/4379/3823 3816/4371/3817
f 3822/4379/3823 3818/4374/3819 3819/4375/3820
f 3822/4379/3823 3820/4376/3821 3816/4371/3817
f 3808/4362/3809 3823/4380/3824 3819/4375/3820
f 3822/4379/3823 3819/4375/3820 3823/4380/3824
f 3808/4362/3809 3812/4367/3813 3823/4380/3824
f 3820/4376/3821 3824/4381/3825 3821/4377/3822
f 3824/4381/3825 3825/4382/3826 3821/4377/3822
f 3822/4379/3823 3826/4384/3827 3820/4376/3821
f 3826/4384/3827 3822/4379/3823 3823/4380/3824
f 3826/4384/3827 3824/4381/3825 3820/4376/3821
f 3812/4367/3813 3827/4385/3828 3823/4380/3824
f 3826/4384/3827 3823/4380/3824 3827/4385/3828
f 3812/4367/3813 3817/4373/3818 3827/4385/3828
f 3824/4381/3825 3828/4386/3829 3825/4382/3826
f 3828/4386/3829 3829/4387/3830 3825/4382/3826
f 3826/4384/3827 3830/4389/3831 3824/4381/3825
f 3830/4389/3831 3826/4384/3827 3827/4385/3828
f 3830/4389/3831 3828/4386/3829 3824/4381/3825
f 3817/4373/3818 3831/4390/3832 3827/4385/3828
f 3830/4389/3831 3827/4385/3828 3831/4390/3832
f 3817/4373/3818 3821/4378/3822 3831/4390/3832
f 3828/4386/3829 3832/4391/3833 3829/4387/3830
f 3832/4391/3833 3833/4392/3834 3829/4387/3830
f 3830/4389/3831 3834/4394/3835 3828/4386/3829
f 3834/4394/3835 3830/4389/3831 3831/4390/3832
f 3834/4394/3835 3832/4391/3833 3828/4386/3829
f 3821/4378/3822 3835/4395/3836 3831/4390/3832
f 3834/4394/3835 3831/4390/3832 3835/4395/3836
f 3821/4378/3822 3825/4383/3826 3835/4395/3836
f 3832/4391/3833 3836/4396/3837 3833/4392/3834
f 3836/4396/3837 3837/4397/3838 3833/4392/3834
f 3836/4396/3837 3838/4400/3839 3837/4397/3838
f 3839/4402/3840 3838/4400/3839 3836/4396/3837
f 3834/4394/3835 3840/4404/3841 3832/4391/3833
f 3840/4404/3841 3834/4394/3835 3835/4395/3836
f 3840/4404/3841 3836/4396/3837 3832/4391/3833
f 3825/4383/3826 3841/4405/3842 3835/4395/3836
f 3840/4404/3841 3835/4395/3836 3841/4405/3842
f 3825/4383/3826 3829/4388/3830 3841/4405/3842
f 3840/4404/3841 3842/4406/3843 3836/4396/3837
f 3839/4402/3840 3836/4396/3837 3842/4406/3843
f 3842/4406/3843 3840/4404/3841 3841/4405/3842
f 3829/4388/3830 3843/4407/3844 3841/4405/3842
f 3842/4406/3843 3841/4405/3842 3843/4407/3844
f 3839/4402/3840 3842/4406/3843 3843/4407/3844
f 3829/4388/3830 3833/4393/3834 3843/4407/3844
f 3839/4402/3840 3843/4407/3844 3844/4408/3845
f 3844/4408/3845 3843/4407/3844 3833/4393/3834
f 3844/4408/3845 3833/4393/3834 3837/4398/3838
f 3838/4401/3839 3844/4409/3845 3837/4399/3838
f 3838/4401/3839 3839/4403/3840 3844/4409/3845
f 3797/4346/3798 3798/4347/3800 3845/4410/3846
f 3797/4346/3798 3845/4410/3846 3846/4412/3847
f 3846/4412/3847 3845/4410/3846 3847/4413/3848
f 3797/4346/3798 3846/4412/3847 3848/4415/3849
f 3797/4346/3798 3848/4415/3849 3803/4355/3804
f 3848/4415/3849 3804/4356/3805 3803/4355/3804
f 3846/4412/3847 3847/4413/3848 3849/4416/3850
f 3848/4415/3849 3846/4412/3847 3849/4416/3850
f 3849/4416/3850 3847/4413/3848 3850/4417/3851
f 3849/4416/3850 3850/4417/3851 3851/4419/3852
f 3851/4419/3852 3850/4417/3851 3852/4420/3853
f 3848/4415/3849 3849/4416/3850 3853/4422/3854
f 3853/4422/3854 3849/4416/3850 3851/4419/3852
f 3848/4415/3849 3854/4423/3855 3804/4356/3805
f 3853/4422/3854 3854/4423/3855 3848/4415/3849
f 3851/4419/3852 3852/4420/3853 3855/4424/3856
f 3855/4424/3856 3852/4420/3853 3856/4425/3857
f 3804/4356/3805 3854/4423/3855 3845/4411/3846
f 3804/4356/3805 3845/4411/3846 3798/4348/3800
f 3845/4411/3846 3854/4423/3855 3857/4427/3858
f 3853/4422/3854 3857/4427/3858 3854/4423/3855
f 3845/4411/3846 3857/4427/3858 3847/4414/3848
f 3853/4422/3854 3851/4419/3852 3858/4428/3859
f 3858/4428/3859 3857/4427/3858 3853/4422/3854
f 3858/4428/3859 3851/4419/3852 3855/4424/3856
f 3847/4414/3848 3857/4427/3858 3859/4429/3860
f 3858/4428/3859 3859/4429/3860 3857/4427/3858
f 3847/4414/3848 3859/4429/3860 3850/4418/3851
f 3855/4424/3856 3856/4425/3857 3860/4430/3861
f 3860/4430/3861 3856/4425/3857 3861/4431/3862
f 3858/4428/3859 3855/4424/3856 3862/4433/3863
f 3862/4433/3863 3859/4429/3860 3858/4428/3859
f 3862/4433/3863 3855/4424/3856 3860/4430/3861
f 3850/4418/3851 3859/4429/3860 3863/4434/3864
f 3862/4433/3863 3863/4434/3864 3859/4429/3860
f 3850/4418/3851 3863/4434/3864 3852/4421/3853
f 3860/4430/3861 3861/4431/3862 3864/4435/3865
f 3864/4435/3865 3861/4431/3862 3865/4436/3866
f 3862/4433/3863 3860/4430/3861 3866/4438/3867
f 3866/4438/3867 3863/4434/3864 3862/4433/3863
f 3866/4438/3867 3860/4430/3861 3864/4435/3865
f 3852/4421/3853 3863/4434/3864 3867/4439/3868
f 3866/4438/3867 3867/4439/3868 3863/4434/3864
f 3852/4421/3853 3867/4439/3868 3856/4426/3857
f 3864/4435/3865 3865/4436/3866 3868/4440/3869
f 3868/4440/3869 3865/4436/3866 3869/4441/3870
f 3866/4438/3867 3864/4435/3865 3870/4443/3871
f 3870/4443/3871 3867/4439/3868 3866/4438/3867
f 3870/4443/3871 3864/4435/3865 3868/4440/3869
f 3856/4426/3857 3867/4439/3868 3871/4444/3872
f 3870/4443/3871 3871/4444/3872 3867/4439/3868
f 3856/4426/3857 3871/4444/3872 3861/4432/3862
f 3868/4440/3869 3869/4441/3870 3872/4445/3873
f 3872/4445/3873 3869/4441/3870 3873/4446/3874
f 3870/4443/3871 3868/4440/3869 3874/4448/3875
f 3874/4448/3875 3871/4444/3872 3870/4443/3871
f 3874/4448/3875 3868/4440/3869 3872/4445/3873
f 3861/4432/3862 3871/4444/3872 3875/4449/3876
f 3874/4448/3875 3875/4449/3876 3871/4444/3872
f 3861/4432/3862 3875/4449/3876 3865/4437/3866
f 3872/4445/3873 3873/4446/3874 3876/4450/3877
f 3876/4450/3877 3873/4446/3874 3877/4451/3878
f 3874/4448/3875 3872/4445/3873 3878/4453/3879
f 3878/4453/3879 3875/4449/3876 3874/4448/3875
f 3878/4453/3879 3872/4445/3873 3876/4450/3877
f 3865/4437/3866 3875/4449/3876 3879/4454/3880
f 3878/4453/3879 3879/4454/3880 3875/4449/3876
f 3865/4437/3866 3879/4454/3880 3869/4442/3870
f 3876/4450/3877 3877/4451/3878 3880/4455/3881
f 3880/4455/3881 3877/4451/3878 3881/4456/3882
f 3880/4455/3881 3881/4456/3882 3882/4459/3883
f 3883/4461/3884 3880/4455/3881 3882/4459/3883
f 3878/4453/3879 3876/4450/3877 3884/4463/3885
f 3884/4463/3885 3879/4454/3880 3878/4453/3879
f 3884/4463/3885 3876/4450/3877 3880/4455/3881
f 3869/4442/3870 3879/4454/3880 3885/4464/3886
f 3884/4463/3885 3885/4464/3886 3879/4454/3880
f 3869/4442/3870 3885/4464/3886 3873/4447/3874
f 3884/4463/3885 3880/4455/3881 3886/4465/3887
f 3883/4461/3884 3886/4465/3887 3880/4455/3881
f 3886/4465/3887 3885/4464/3886 3884/4463/3885
f 3873/4447/3874 3885/4464/3886 3887/4466/3888
f 3886/4465/3887 3887/4466/3888 3885/4464/3886
f 3883/4461/3884 3887/4466/3888 3886/4465/3887
f 3873/4447/3874 3887/4466/3888 3877/4452/3878
f 3883/4461/3884 3888/4467/3889 3887/4466/3888
f 3888/4467/3889 3877/4452/3878 3887/4466/3888
f 3888/4467/3889 3881/4457/3882 3877/4452/3878
f 3882/4460/3883 3888/4468/3889 3883/4462/3884
f 3882/4460/3883 3881/4458/3882 3888/4468/3889
f 3889/4469/3890 3890/4471/3891 3892/4474/3892
f 3889/4469/3890 3891/4472/3893 3890/4471/3891
f 3891/4473/3893 3889/4470/3890 3895/4478/3894
f 3893/4475/3895 3889/4469/3890 3892/4474/3892
f 3889/4470/3890 3893/4476/3895 3894/4477/3896
f 3889/4470/3890 3894/4477/3896 3895/4478/3894
f 3895/4478/3894 3894/4477/3896 3896/4479/3897
f 3895/4478/3894 3896/4479/3897 3898/4481/3898
f 3897/4480/3899 3895/4478/3894 3898/4481/3898
f 3891/4473/3893 3895/4478/3894 3897/4480/3899
f 3898/4481/3898 3899/4482/3900 3901/4484/3901
f 3898/4481/3898 3896/4479/3897 3899/4482/3900
f 3900/4483/3902 3898/4481/3898 3901/4484/3901
f 3897/4480/3899 3898/4481/3898 3900/4483/3902
f 3902/4485/3903 3901/4484/3901 3899/4482/3900
f 3902/4485/3903 3903/4486/3904 3901/4484/3901
f 3900/4483/3902 3901/4484/3901 3904/4487/3905
f 3903/4486/3904 3904/4487/3905 3901/4484/3901
f 3903/4486/3904 3906/4489/3906 3904/4487/3905
f 3906/4489/3906 3905/4488/3907 3904/4487/3905
f 3907/4490/3908 3904/4487/3905 3905/4488/3907
f 3907/4490/3908 3900/4483/3902 3904/4487/3905
f 3908/4491/3909 3900/4483/3902 3907/4490/3908
f 3909/4492/3910 3897/4480/3899 3908/4491/3909
f 3908/4491/3909 3897/4480/3899 3900/4483/3902
f 3909/4492/3910 3891/4473/3893 3897/4480/3899
f 3892/4474/3892 3906/4489/3906 3903/4486/3904
f 3906/4489/3906 3910/4493/3911 3905/4488/3907
f 3890/4471/3891 3910/4493/3911 3906/4489/3906
f 3892/4474/3892 3890/4471/3891 3906/4489/3906
f 3890/4471/3891 3911/4494/3912 3910/4493/3911
f 3912/4495/3913 3892/4474/3892 3903/4486/3904
f 3912/4495/3913 3903/4486/3904 3902/4485/3903
f 3913/4496/3914 3893/4475/3895 3912/4495/3913
f 3893/4475/3895 3892/4474/3892 3912/4495/3913
f 3913/4496/3914 3912/4495/3913 3914/4498/3915
f 3914/4498/3915 3912/4495/3913 3902/4485/3903
f 3915/4500/3916 3913/4496/3914 3914/4498/3915
f 3915/4500/3916 3914/4498/3915 3916/4501/3917
f 3916/4501/3917 3914/4498/3915 3917/4502/3918
f 3914/4498/3915 3902/4485/3903 3917/4502/3918
f 3917/4502/3918 3899/4482/3900 3918/4503/3919
f 3919/4504/3920 3917/4502/3918 3918/4503/3919
f 3916/4501/3917 3917/4502/3918 3919/4504/3920
f 3917/4502/3918 3902/4485/3903 3899/4482/3900
f 3922/4507/3921 3916/4501/3917 3919/4504/3920
f 3919/4504/3920 3918/4503/3919 3920/4505/3922
f 3921/4506/3923 3919/4504/3920 3920/4505/3922
f 3922/4507/3921 3919/4504/3920 3921/4506/3923
f 3923/4509/3924 3916/4501/3917 3922/4507/3921
f 3924/4510/3925 3923/4509/3924 3922/4507/3921
f 3924/4510/3925 3922/4507/3921 3925/4512/3926
f 3925/4512/3926 3922/4507/3921 3921/4506/3923
f 3926/4514/3927 3924/4510/3925 3925/4512/3926
f 3926/4514/3927 3925/4512/3926 3927/4515/3928
f 3927/4515/3928 3925/4512/3926 3928/4516/3929
f 3925/4512/3926 3921/4506/3923 3928/4516/3929
f 3927/4515/3928 3928/4516/3929 3929/4517/3930
f 3928/4516/3929 3921/4506/3923 3930/4518/3931
f 3929/4517/3930 3928/4516/3929 3931/4519/3932
f 3928/4516/3929 3930/4518/3931 3931/4519/3932
f 3929/4517/3930 3931/4519/3932 3934/4522/3933
f 3933/4521/3934 3932/4520/3935 3931/4519/3932
f 3932/4520/3935 3934/4522/3933 3931/4519/3932
f 3933/4521/3934 3931/4519/3932 3930/4518/3931
f 3935/4523/3936 3929/4517/3930 3934/4522/3933
f 3935/4523/3936 3934/4522/3933 3936/4524/3937
f 3937/4525/3938 3936/4524/3937 3934/4522/3933
f 3932/4520/3935 3937/4525/3938 3934/4522/3933
f 3937/4525/3938 3938/4526/3939 3936/4524/3937
f 3939/4527/3940 3938/4526/3939 3937/4525/3938
f 3940/4528/3941 3939/4527/3940 3937/4525/3938
f 3940/4528/3941 3937/4525/3938 3932/4520/3935
f 3923/4508/3924 3924/4511/3925 3940/4528/3941
f 3924/4511/3925 3939/4527/3940 3940/4528/3941
f 3941/4529/3942 3940/4528/3941 3932/4520/3935
f 3923/4508/3924 3940/4528/3941 3941/4529/3942
f 3941/4529/3942 3932/4520/3935 3933/4521/3934
f 3942/4530/3943 3941/4529/3942 3933/4521/3934
f 3915/4499/3916 3941/4529/3942 3942/4530/3943
f 3915/4499/3916 3923/4508/3924 3941/4529/3942
f 3913/4497/3914 3942/4530/3943 3943/4531/3944
f 3913/4497/3914 3915/4499/3916 3942/4530/3943
f 3942/4530/3943 3933/4521/3934 3944/4532/3945
f 3943/4531/3944 3942/4530/3943 3944/4532/3945
f 3944/4532/3945 3933/4521/3934 3930/4518/3931
f 3944/4532/3945 3930/4518/3931 3920/4505/3922
f 3943/4531/3944 3944/4532/3945 3945/4533/3946
f 3945/4533/3946 3944/4532/3945 3920/4505/3922
f 3945/4533/3946 3920/4505/3922 3918/4503/3919
f 3894/4477/3896 3945/4533/3946 3896/4479/3897
f 3894/4477/3896 3943/4531/3944 3945/4533/3946
f 3896/4479/3897 3945/4533/3946 3918/4503/3919
f 3893/4476/3895 3943/4531/3944 3894/4477/3896
f 3893/4476/3895 3913/4497/3914 3943/4531/3944
f 3924/4511/3925 3926/4513/3927 3939/4527/3940
f 3939/4527/3940 3946/4534/3947 3938/4526/3939
f 3926/4513/3927 3946/4534/3947 3939/4527/3940
f 3946/4534/3947 3947/4535/3948 3938/4526/3939
f 3946/4534/3947 3949/4538/3949 3947/4535/3948
f 3926/4513/3927 3948/4536/3950 3946/4534/3947
f 3948/4536/3950 3949/4538/3949 3946/4534/3947
f 3949/4538/3949 3950/4539/3951 3947/4535/3948
f 3949/4538/3949 3951/4540/3952 3950/4539/3951
f 3948/4536/3950 3952/4542/3953 3949/4538/3949
f 3952/4542/3953 3951/4540/3952 3949/4538/3949
f 3952/4541/3953 3948/4537/3950 3953/4543/3954
f 3952/4541/3953 3953/4543/3954 3954/4544/3955
f 3955/4545/3956 3952/4541/3953 3954/4544/3955
f 3952/4542/3953 3955/4546/3956 3951/4540/3952
f 3957/4549/3957 3955/4545/3956 3956/4547/3958
f 3955/4545/3956 3954/4544/3955 3956/4547/3958
f 3955/4546/3956 3957/4548/3957 3958/4550/3959
f 3955/4546/3956 3958/4550/3959 3951/4540/3952
f 3951/4540/3952 3958/4550/3959 3959/4551/3960
f 3958/4550/3959 3961/4553/3961 3959/4551/3960
f 3957/4548/3957 3960/4552/3962 3958/4550/3959
f 3958/4550/3959 3960/4552/3962 3961/4553/3961
f 3959/4551/3960 3961/4553/3961 3962/4554/3963
f 3961/4553/3961 3963/4555/3964 3962/4554/3963
f 3961/4553/3961 3964/4556/3965 3963/4555/3964
f 3960/4552/3962 3964/4556/3965 3961/4553/3961
f 3960/4552/3962 3965/4557/3966 3964/4556/3965
f 3967/4559/3967 3965/4557/3966 3960/4552/3962
f 3967/4559/3967 3966/4558/3968 3965/4557/3966
f 3957/4548/3957 3967/4559/3967 3960/4552/3962
f 3967/4560/3967 3957/4549/3957 3968/4561/3969
f 3967/4560/3967 3968/4561/3969 3969/4562/3970
f 3969/4562/3970 3968/4561/3969 3970/4563/3971
f 3969/4562/3970 3970/4563/3971 3971/4564/3972
f 3972/4565/3973 3969/4562/3970 3971/4564/3972
f 3972/4565/3973 3971/4564/3972 3973/4566/3974
f 3973/4566/3974 3962/4554/3963 3963/4555/3964
f 3973/4566/3974 3971/4564/3972 3962/4554/3963
f 3971/4564/3972 3970/4563/3971 3974/4567/3975
f 3971/4564/3972 3974/4567/3975 3962/4554/3963
f 3959/4551/3960 3962/4554/3963 3974/4567/3975
f 3950/4539/3951 3974/4567/3975 3975/4568/3976
f 3970/4563/3971 3975/4568/3976 3974/4567/3975
f 3950/4539/3951 3959/4551/3960 3974/4567/3975
f 3976/4569/3977 3977/4570/3978 3975/4568/3976
f 3970/4563/3971 3976/4569/3977 3975/4568/3976
f 3947/4535/3948 3975/4568/3976 3977/4570/3978
f 3947/4535/3948 3950/4539/3951 3975/4568/3976
f 3978/4571/3979 3936/4524/3937 3977/4570/3978
f 3976/4569/3977 3978/4571/3979 3977/4570/3978
f 3938/4526/3939 3947/4535/3948 3977/4570/3978
f 3938/4526/3939 3977/4570/3978 3936/4524/3937
f 3956/4547/3958 3978/4571/3979 3976/4569/3977
f 3956/4547/3958 3954/4544/3955 3978/4571/3979
f 3978/4571/3979 3935/4523/3936 3936/4524/3937
f 3954/4544/3955 3935/4523/3936 3978/4571/3979
f 3968/4561/3969 3956/4547/3958 3976/4569/3977
f 3968/4561/3969 3976/4569/3977 3970/4563/3971
f 3957/4549/3957 3956/4547/3958 3968/4561/3969
f 3951/4540/3952 3959/4551/3960 3950/4539/3951
f 3954/4544/3955 3953/4543/3954 3935/4523/3936
f 3953/4543/3954 3927/4515/3928 3929/4517/3930
f 3948/4537/3950 3927/4515/3928 3953/4543/3954
f 3953/4543/3954 3929/4517/3930 3935/4523/3936
f 3948/4537/3950 3926/4514/3927 3927/4515/3928
f 3921/4506/3923 3920/4505/3922 3930/4518/3931
f 3923/4509/3924 3915/4500/3916 3916/4501/3917
f 3896/4479/3897 3918/4503/3919 3899/4482/3900
f 3979/4572/3980 3981/4575/3981 3980/4573/3982
f 3979/4572/3980 3982/4577/3983 3981/4575/3981
f 3982/4577/3983 3979/4572/3980 3983/4578/3984
f 3979/4572/3980 3984/4579/3985 3983/4578/3984
f 3979/4572/3980 3985/4580/3986 3984/4579/3985
f 3983/4578/3984 3984/4579/3985 3986/4581/3987
f 3988/4583/3988 3986/4581/3987 3987/4582/3989
f 3983/4578/3984 3986/4581/3987 3988/4583/3988
f 3988/4583/3988 3987/4582/3989 3991/4586/3990
f 3990/4585/3991 3988/4583/3988 3989/4584/3992
f 3989/4584/3992 3988/4583/3988 3991/4586/3990
f 3990/4585/3991 3983/4578/3984 3988/4583/3988
f 3992/4587/3993 3994/4589/3994 3991/4586/3990
f 3993/4588/3995 3992/4587/3993 3991/4586/3990
f 3993/4588/3995 3991/4586/3990 3987/4582/3989
f 3989/4584/3992 3991/4586/3990 3994/4589/3994
f 3992/4587/3993 3996/4591/3996 3994/4589/3994
f 3995/4590/3997 3989/4584/3992 3994/4589/3994
f 3995/4590/3997 3994/4589/3994 3997/4592/3998
f 3996/4591/3996 3997/4592/3998 3994/4589/3994
f 3996/4591/3996 3998/4593/3999 3997/4592/3998
f 3998/4593/3999 3999/4594/4000 3997/4592/3998
f 4000/4595/4001 3997/4592/3998 3999/4594/4000
f 4000/4595/4001 3995/4590/3997 3997/4592/3998
f 4001/4596/4002 4000/4595/4001 3999/4594/4000
f 4003/4598/4003 4000/4595/4001 4001/4596/4002
f 4002/4597/4004 3995/4590/3997 4000/4595/4001
f 4003/4598/4003 4002/4597/4004 4000/4595/4001
f 4004/4599/4005 4003/4598/4003 4001/4596/4002
f 4005/4600/4006 4003/4598/4003 4004/4599/4005
f 4005/4600/4006 4006/4601/4007 4003/4598/4003
f 4006/4601/4007 4002/4597/4004 4003/4598/4003
f 4006/4601/4007 4007/4602/4008 4002/4597/4004
f 4007/4602/4008 4006/4601/4007 4008/4603/4009
f 4006/4601/4007 4009/4605/4010 4008/4603/4009
f 4006/4601/4007 4005/4600/4006 4009/4605/4010
f 4005/4600/4006 4010/4608/4011 4009/4605/4010
f 4009/4606/4010 4010/4607/4011 4011/4609/4012
f 4009/4606/4010 4011/4609/4012 4012/4610/4013
f 4008/4604/4009 4009/4606/4010 4012/4610/4013
f 4012/4610/4013 4013/4611/4014 4015/4613/4015
f 4012/4610/4013 4011/4609/4012 4013/4611/4014
f 4014/4612/4016 4012/4610/4013 4015/4613/4015
f 4008/4604/4009 4012/4610/4013 4014/4612/4016
f 4016/4614/4017 4015/4613/4015 4013/4611/4014
f 4016/4614/4017 4017/4615/4018 4015/4613/4015
f 4014/4612/4016 4015/4613/4015 4018/4616/4019
f 4017/4615/4018 4018/4616/4019 4015/4613/4015
f 4019/4617/4020 4018/4616/4019 3999/4594/4000
f 4019/4617/4020 4014/4612/4016 4018/4616/4019
f 4001/4596/4002 3999/4594/4000 4018/4616/4019
f 4017/4615/4018 4001/4596/4002 4018/4616/4019
f 3998/4593/3999 4019/4617/4020 3999/4594/4000
f 4020/4618/4021 4019/4617/4020 3998/4593/3999
f 4020/4618/4021 4021/4621/4022 4019/4617/4020
f 4021/4621/4022 4014/4612/4016 4019/4617/4020
f 4022/4622/4023 4021/4620/4022 4020/4619/4021
f 4022/4622/4023 4007/4602/4008 4021/4620/4022
f 4007/4602/4008 4008/4603/4009 4021/4620/4022
f 4021/4621/4022 4008/4604/4009 4014/4612/4016
f 4022/4622/4023 3982/4577/3983 3990/4585/3991
f 3982/4577/3983 4022/4622/4023 4020/4619/4021
f 4022/4622/4023 3990/4585/3991 4023/4623/4024
f 4007/4602/4008 4022/4622/4023 4023/4623/4024
f 4002/4597/4004 4023/4623/4024 3995/4590/3997
f 4007/4602/4008 4023/4623/4024 4002/4597/4004
f 4023/4623/4024 3989/4584/3992 3995/4590/3997
f 4023/4623/4024 3990/4585/3991 3989/4584/3992
f 3981/4576/3981 4020/4618/4021 3998/4593/3999
f 3982/4577/3983 4020/4619/4021 3981/4575/3981
f 4004/4599/4005 4001/4596/4002 4017/4615/4018
f 4024/4624/4025 4004/4599/4005 4017/4615/4018
f 4024/4624/4025 4017/4615/4018 4016/4614/4017
f 4026/4626/4026 4004/4599/4005 4024/4624/4025
f 4025/4625/4027 4024/4624/4025 4016/4614/4017
f 4027/4627/4028 4024/4624/4025 4025/4625/4027
f 4027/4627/4028 4026/4626/4026 4024/4624/4025
f 4026/4626/4026 4027/4627/4028 4028/4629/4029
f 4027/4627/4028 4029/4630/4030 4028/4629/4029
f 4027/4627/4028 4030/4632/4031 4029/4630/4030
f 4030/4632/4031 4027/4627/4028 4025/4625/4027
f 4030/4632/4031 4031/4633/4032 4029/4630/4030
f 4030/4632/4031 4032/4635/4033 4031/4633/4032
f 4032/4635/4033 4030/4632/4031 4033/4636/4034
f 4030/4632/4031 4025/4625/4027 4033/4636/4034
f 4032/4635/4033 4033/4636/4034 4034/4637/4035
f 4033/4636/4034 4025/4625/4027 4036/4639/4036
f 4034/4637/4035 4033/4636/4034 4035/4638/4037
f 4033/4636/4034 4036/4639/4036 4035/4638/4037
f 4036/4639/4036 4013/4611/4014 4037/4640/4038
f 4035/4638/4037 4036/4639/4036 4037/4640/4038
f 4036/4639/4036 4016/4614/4017 4013/4611/4014
f 4025/4625/4027 4016/4614/4017 4036/4639/4036
f 4011/4609/4012 4037/4640/4038 4013/4611/4014
f 4035/4638/4037 4037/4640/4038 4038/4641/4039
f 4039/4642/4040 4038/4641/4039 4037/4640/4038
f 4011/4609/4012 4039/4642/4040 4037/4640/4038
f 4010/4607/4011 4039/4642/4040 4011/4609/4012
f 4010/4607/4011 4028/4628/4029 4039/4642/4040
f 4039/4642/4040 4040/4643/4041 4038/4641/4039
f 4028/4628/4029 4040/4643/4041 4039/4642/4040
f 4040/4643/4041 4041/4644/4042 4042/4645/4043
f 4029/4631/4030 4041/4644/4042 4040/4643/4041
f 4040/4643/4041 4042/4645/4043 4038/4641/4039
f 4028/4628/4029 4029/4631/4030 4040/4643/4041
f 4041/4644/4042 4043/4646/4044 4042/4645/4043
f 4045/4648/4045 4038/4641/4039 4042/4645/4043
f 4044/4647/4046 4042/4645/4043 4043/4646/4044
f 4044/4647/4046 4045/4648/4045 4042/4645/4043
f 4034/4637/4035 4035/4638/4037 4045/4648/4045
f 4046/4649/4047 4034/4637/4035 4045/4648/4045
f 4046/4649/4047 4045/4648/4045 4044/4647/4046
f 4045/4648/4045 4035/4638/4037 4038/4641/4039
f 4047/4650/4048 4034/4637/4035 4046/4649/4047
f 4048/4651/4049 4047/4650/4048 4046/4649/4047
f 4048/4651/4049 4046/4649/4047 4049/4652/4050
f 4049/4652/4050 4046/4649/4047 4044/4647/4046
f 4052/4655/4051 4048/4651/4049 4049/4652/4050
f 4050/4653/4052 4049/4652/4050 4051/4654/4053
f 4052/4655/4051 4049/4652/4050 4050/4653/4052
f 4049/4652/4050 4044/4647/4046 4051/4654/4053
f 4048/4651/4049 4052/4655/4051 4053/4657/4054
f 4054/4658/4055 4052/4655/4051 4050/4653/4052
f 4054/4658/4055 4050/4653/4052 4055/4659/4056
f 4055/4659/4056 4050/4653/4052 4056/4660/4057
f 4055/4659/4056 4056/4660/4057 4057/4661/4058
f 4057/4661/4058 4056/4660/4057 4058/4662/4059
f 4057/4661/4058 4058/4662/4059 4059/4663/4060
f 4060/4664/4061 4059/4663/4060 4058/4662/4059
f 4060/4664/4061 4061/4665/4062 4059/4663/4060
f 4053/4656/4054 4061/4665/4062 4060/4664/4061
f 4053/4656/4054 4062/4666/4063 4061/4665/4062
f 4063/4667/4064 4060/4664/4061 4058/4662/4059
f 4064/4668/4065 4060/4664/4061 4063/4667/4064
f 4064/4668/4065 4053/4656/4054 4060/4664/4061
f 4065/4671/4066 4064/4668/4065 4063/4667/4064
f 4047/4650/4048 4064/4669/4065 4065/4670/4066
f 4047/4650/4048 4048/4651/4049 4064/4669/4065
f 4048/4651/4049 4053/4657/4054 4064/4669/4065
f 4031/4634/4032 4065/4671/4066 4066/4672/4067
f 4032/4635/4033 4065/4670/4066 4031/4633/4032
f 4032/4635/4033 4047/4650/4048 4065/4670/4066
f 4065/4671/4066 4063/4667/4064 4066/4672/4067
f 4031/4634/4032 4066/4672/4067 4041/4644/4042
f 4041/4644/4042 4066/4672/4067 4043/4646/4044
f 4066/4672/4067 4067/4673/4068 4043/4646/4044
f 4066/4672/4067 4063/4667/4064 4067/4673/4068
f 4063/4667/4064 4058/4662/4059 4067/4673/4068
f 4056/4660/4057 4067/4673/4068 4058/4662/4059
f 4051/4654/4053 4043/4646/4044 4067/4673/4068
f 4056/4660/4057 4051/4654/4053 4067/4673/4068
f 4050/4653/4052 4051/4654/4053 4056/4660/4057
f 4051/4654/4053 4044/4647/4046 4043/4646/4044
f 4047/4650/4048 4032/4635/4033 4034/4637/4035
f 4029/4631/4030 4031/4634/4032 4041/4644/4042
f 4026/4626/4026 4028/4629/4029 4010/4608/4011
f 4026/4626/4026 4005/4600/4006 4004/4599/4005
f 4005/4600/4006 4026/4626/4026 4010/4608/4011
f 3981/4576/3981 3998/4593/3999 3996/4591/3996
f 3980/4574/3982 3981/4576/3981 3996/4591/3996
f 3980/4574/3982 3996/4591/3996 3992/4587/3993
f 4068/4674/4069 3992/4587/3993 3993/4588/3995
f 4068/4674/4069 3980/4574/3982 3992/4587/3993
f 3982/4577/3983 3983/4578/3984 3990/4585/3991
