# Blender 4.2.8 LTS
# www.blender.org
mtllib PARED_DESGASTE_TAPIZ+MADERA.mtl
o pared_con_relieve_degaste_tapiz_+_madera:001
v -0.012338 0.796680 1.138348
v -0.012338 -0.992794 1.138348
v -0.012338 -0.992793 -0.861652
v 0.075338 -1.098003 -0.861652
v 0.075338 -1.098003 1.138348
v 0.075338 0.901997 1.138348
v 0.075338 0.901997 -0.861652
v -0.012338 0.796680 -0.861652
v -0.006090 -0.992793 -0.861652
v 0.075338 -1.074221 -0.861652
v 0.008160 -0.992794 -0.861652
v 0.008160 -0.998901 -0.861652
v 0.014267 -0.998901 -0.861652
v 0.017443 -1.015023 -0.861652
v 0.026481 -1.025365 -0.861652
v 0.041301 -1.031716 -0.861652
v 0.053597 -1.038963 -0.861652
v 0.059052 -1.053864 -0.861652
v 0.065159 -1.053864 -0.861652
v 0.068824 -1.061193 -0.861652
v 0.075338 -1.064043 -0.861652
v -0.006090 0.796680 1.138348
v 0.075338 0.878108 1.138348
v 0.004089 0.796680 1.138348
v 0.006939 0.803194 1.138348
v 0.014267 0.806858 1.138348
v 0.014267 0.812966 1.138348
v 0.029168 0.818421 1.138348
v 0.036415 0.830717 1.138348
v 0.042767 0.845537 1.138348
v 0.053108 0.854575 1.138348
v 0.069231 0.857751 1.138348
v 0.069231 0.863858 1.138348
v 0.075338 0.863858 1.138348
v 0.075338 0.878108 -0.861652
v -0.006090 0.796680 -0.861652
v 0.075338 0.863858 -0.861652
v 0.069231 0.863858 -0.861652
v 0.069231 0.857751 -0.861652
v 0.053108 0.854575 -0.861652
v 0.042767 0.845537 -0.861652
v 0.036415 0.830717 -0.861652
v 0.029168 0.818421 -0.861652
v 0.014267 0.812966 -0.861652
v 0.014267 0.806859 -0.861652
v 0.006939 0.803194 -0.861652
v 0.004089 0.796680 -0.861652
v 0.075338 -1.074221 1.138348
v -0.006090 -0.992794 1.138348
v 0.075338 -1.064043 1.138348
v 0.068824 -1.061193 1.138348
v 0.065159 -1.053864 1.138348
v 0.059052 -1.053864 1.138348
v 0.053597 -1.038963 1.138348
v 0.041301 -1.031716 1.138348
v 0.026481 -1.025364 1.138348
v 0.017443 -1.015023 1.138348
v 0.014267 -0.998900 1.138348
v 0.008160 -0.998900 1.138348
v 0.008160 -0.992793 1.138348
v -0.012338 -0.451855 1.138348
v -0.012338 -0.535767 1.138348
v -0.012338 -0.535767 -0.861652
v -0.012338 -0.451855 -0.861652
v 0.038147 -0.465221 1.124988
v 0.024781 -0.451855 1.138348
v 0.036356 -0.458538 1.131667
v 0.031464 -0.453646 1.136558
v 0.024781 -0.535767 1.138348
v 0.038147 -0.522401 1.124988
v 0.031464 -0.533976 1.136558
v 0.036356 -0.529084 1.131667
v 0.038147 -0.522401 -0.848283
v 0.024781 -0.535767 -0.861652
v 0.036356 -0.529084 -0.854962
v 0.031464 -0.533976 -0.859862
v 0.024781 -0.451855 -0.861652
v 0.038147 -0.465220 -0.848283
v 0.031464 -0.453645 -0.859862
v 0.036356 -0.458538 -0.854962
v -0.030322 -0.536080 1.138348
v -0.030322 -0.993107 1.138348
v 0.057354 -1.098316 1.138348
v 0.057354 -1.098316 -0.861652
v 0.057354 0.901684 -0.861652
v 0.057354 0.901684 1.138348
v -0.030321 -0.452168 -0.861652
v -0.030321 0.796367 -0.861652
v -0.030321 0.796367 1.138348
v -0.030322 -0.993107 -0.861652
v 0.057354 -1.064356 1.138348
v 0.057354 -1.074534 1.138348
v 0.057354 -1.074534 -0.861652
v 0.057354 -1.064356 -0.861652
v 0.050840 -1.061506 1.138348
v 0.050840 -1.061506 -0.861652
v 0.047176 -1.054177 1.138348
v 0.047176 -1.054177 -0.861652
v 0.041069 -1.054177 1.138348
v 0.041069 -1.054177 -0.861652
v 0.035613 -1.039276 1.138348
v 0.035613 -1.039276 -0.861652
v 0.023318 -1.032029 1.138348
v 0.023318 -1.032029 -0.861652
v 0.008498 -1.025678 1.138348
v 0.008498 -1.025678 -0.861652
v -0.000541 -1.015336 1.138348
v -0.000541 -1.015336 -0.861652
v -0.003716 -0.999214 1.138348
v -0.003716 -0.999214 -0.861652
v -0.009823 -0.999214 1.138348
v -0.009823 -0.999214 -0.861652
v -0.009823 -0.993107 1.138348
v -0.009823 -0.993107 -0.861652
v -0.024073 -0.993107 1.138348
v -0.024073 -0.993107 -0.861652
v -0.013895 0.796367 1.138348
v -0.024073 0.796367 1.138348
v -0.024073 0.796367 -0.861652
v -0.013895 0.796367 -0.861652
v -0.011045 0.802881 1.138348
v -0.011045 0.802881 -0.861652
v -0.003716 0.806545 1.138348
v -0.003716 0.806546 -0.861652
v -0.003716 0.812652 1.138348
v -0.003716 0.812653 -0.861652
v 0.011185 0.818108 1.138348
v 0.011185 0.818108 -0.861652
v 0.018432 0.830404 1.138348
v 0.018432 0.830404 -0.861652
v 0.024783 0.845223 1.138348
v 0.024783 0.845224 -0.861652
v 0.035125 0.854262 1.138348
v 0.035125 0.854262 -0.861652
v 0.051247 0.857438 1.138348
v 0.051247 0.857438 -0.861652
v 0.051247 0.863545 1.138348
v 0.051247 0.863545 -0.861652
v 0.057354 0.863545 1.138348
v 0.057354 0.863545 -0.861652
v 0.057354 0.877795 1.138348
v 0.057354 0.877795 -0.861652
v -0.030321 -0.452168 1.138348
v -0.030322 -0.536080 -0.861652
v 0.006798 -0.452168 1.138348
v -0.012338 -0.386142 -0.861652
v -0.012338 -0.320430 -0.861652
v -0.012338 -0.254718 -0.861652
v -0.012338 -0.189005 -0.861652
v -0.012338 -0.123293 -0.861652
v -0.012338 -0.057581 -0.861652
v -0.012338 0.008132 -0.861652
v -0.012338 0.073844 -0.861652
v -0.012338 0.139557 -0.861652
v -0.012338 0.205269 -0.861652
v -0.012338 0.270981 -0.861652
v -0.012338 0.336694 -0.861652
v -0.012338 0.402406 -0.861652
v -0.012338 0.468118 -0.861652
v -0.012338 0.533831 -0.861652
v -0.012338 0.599543 -0.861652
v -0.012338 0.665255 -0.861652
v -0.012338 0.730968 -0.861652
v -0.012338 0.730968 1.138348
v -0.012338 0.665255 1.138348
v -0.012338 0.599543 1.138348
v -0.012338 0.533831 1.138348
v -0.012338 0.468118 1.138348
v -0.012338 0.402406 1.138348
v -0.012338 0.336694 1.138348
v -0.012338 0.270981 1.138348
v -0.012338 0.205269 1.138348
v -0.012338 0.139556 1.138348
v -0.012338 0.073844 1.138348
v -0.012338 0.008132 1.138348
v -0.012338 -0.057581 1.138348
v -0.012338 -0.123293 1.138348
v -0.012338 -0.189005 1.138348
v -0.012338 -0.254718 1.138348
v -0.012338 -0.320430 1.138348
v -0.012338 -0.386142 1.138348
v -0.030321 -0.386455 -0.861652
v -0.030321 -0.320743 -0.861652
v -0.030321 -0.255031 -0.861652
v -0.030321 -0.189318 -0.861652
v -0.030321 -0.123606 -0.861652
v -0.030321 -0.057894 -0.861652
v -0.030321 0.007819 -0.861652
v -0.030321 0.073531 -0.861652
v -0.030321 0.139243 -0.861652
v -0.030321 0.204956 -0.861652
v -0.030321 0.270668 -0.861652
v -0.030321 0.336381 -0.861652
v -0.030321 0.402093 -0.861652
v -0.030321 0.467805 -0.861652
v -0.030321 0.533518 -0.861652
v -0.030321 0.599230 -0.861652
v -0.030321 0.664942 -0.861652
v -0.030321 0.730655 -0.861652
v -0.030321 0.730655 1.138348
v -0.030321 0.664942 1.138348
v -0.030321 0.599230 1.138348
v -0.030321 0.533518 1.138348
v -0.030321 0.467805 1.138348
v -0.030321 0.402093 1.138348
v -0.030321 0.336380 1.138348
v -0.030321 0.270668 1.138348
v -0.030321 0.204956 1.138348
v -0.030321 0.139243 1.138348
v -0.030321 0.073531 1.138348
v -0.030321 0.007819 1.138348
v -0.030321 -0.057894 1.138348
v -0.030321 -0.123606 1.138348
v -0.030321 -0.189318 1.138348
v -0.030321 -0.255031 1.138348
v -0.030321 -0.320743 1.138348
v -0.030321 -0.386456 1.138348
v 0.075338 -1.098003 1.033088
v 0.075338 -1.098003 0.927828
v 0.075338 -1.098003 0.822558
v 0.075338 -1.098003 0.717298
v 0.075338 -1.098003 0.612038
v 0.075338 -1.098003 0.506767
v 0.075338 -1.098003 0.401507
v 0.075338 -1.098003 0.296248
v 0.075338 -1.098003 0.190978
v 0.075338 -1.098003 0.085717
v 0.075338 -1.098003 -0.019543
v 0.075338 -1.098003 -0.124812
v 0.075338 -1.098003 -0.230072
v 0.075338 -1.098003 -0.335332
v 0.075338 -1.098003 -0.440593
v 0.075338 -1.098003 -0.545862
v 0.075338 -1.098003 -0.651122
v 0.075338 -1.098003 -0.756382
v 0.075338 0.901997 -0.756382
v 0.075338 0.901997 -0.651122
v 0.075338 0.901997 -0.545862
v 0.075338 0.901997 -0.440593
v 0.075338 0.901997 -0.335332
v 0.075338 0.901997 -0.230072
v 0.075338 0.901997 -0.124812
v 0.075338 0.901997 -0.019543
v 0.075338 0.901997 0.085717
v 0.075338 0.901997 0.190978
v 0.075338 0.901997 0.296247
v 0.075338 0.901997 0.401507
v 0.075338 0.901997 0.506767
v 0.075338 0.901997 0.612038
v 0.075338 0.901997 0.717297
v 0.075338 0.901997 0.822557
v 0.075338 0.901997 0.927828
v 0.075338 0.901997 1.033088
v -0.012338 0.796680 1.033088
v -0.012338 0.796680 0.927828
v -0.012338 0.796680 0.822557
v -0.012338 0.796680 0.717297
v -0.012338 0.796680 0.612038
v -0.012338 0.796680 0.506767
v -0.012338 0.796680 0.401507
v -0.012338 0.796680 0.296247
v -0.012338 0.796680 0.190978
v -0.012338 0.796680 0.085717
v -0.012338 0.796680 -0.019543
v -0.012338 0.796680 -0.124812
v -0.012338 0.796680 -0.230072
v -0.012338 0.796680 -0.335332
v -0.012338 0.796680 -0.440593
v -0.012338 0.796680 -0.545862
v -0.012338 0.796680 -0.651122
v -0.012338 0.796680 -0.756382
v -0.012338 -0.992794 1.033088
v -0.012338 -0.992794 0.927828
v -0.012338 -0.992794 0.822558
v -0.012338 -0.992794 0.717298
v -0.012338 -0.992794 0.612038
v -0.012338 -0.992794 0.506767
v -0.012338 -0.992794 0.401507
v -0.012338 -0.992794 0.296248
v -0.012338 -0.992794 0.190978
v -0.012338 -0.992794 0.085717
v -0.012338 -0.992794 -0.019543
v -0.012338 -0.992794 -0.124812
v -0.012338 -0.992794 -0.230072
v -0.012338 -0.992794 -0.335332
v -0.012338 -0.992794 -0.440593
v -0.012338 -0.992794 -0.545862
v -0.012338 -0.992794 -0.651122
v -0.012338 -0.992793 -0.756382
v 0.075338 -1.074221 1.033088
v 0.075338 -1.074221 0.927828
v 0.075338 -1.074221 0.822558
v 0.075338 -1.074221 0.717298
v 0.075338 -1.074221 0.612038
v 0.075338 -1.074221 0.506767
v 0.075338 -1.074221 0.401507
v 0.075338 -1.074221 0.296248
v 0.075338 -1.074221 0.190978
v 0.075338 -1.074221 0.085717
v 0.075338 -1.074221 -0.019543
v 0.075338 -1.074221 -0.124812
v 0.075338 -1.074221 -0.230072
v 0.075338 -1.074221 -0.335332
v 0.075338 -1.074221 -0.440593
v 0.075338 -1.074221 -0.545862
v 0.075338 -1.074221 -0.651122
v 0.075338 -1.074221 -0.756382
v 0.075338 -1.064043 -0.756382
v 0.075338 -1.064043 -0.651122
v 0.075338 -1.064043 -0.545862
v 0.075338 -1.064043 -0.440593
v 0.075338 -1.064043 -0.335332
v 0.075338 -1.064043 -0.230072
v 0.075338 -1.064043 -0.124812
v 0.075338 -1.064043 -0.019543
v 0.075338 -1.064043 0.085717
v 0.075338 -1.064043 0.190978
v 0.075338 -1.064043 0.296248
v 0.075338 -1.064043 0.401507
v 0.075338 -1.064043 0.506767
v 0.075338 -1.064043 0.612038
v 0.075338 -1.064043 0.717298
v 0.075338 -1.064043 0.822558
v 0.075338 -1.064043 0.927828
v 0.075338 -1.064043 1.033088
v 0.068824 -1.061193 -0.756382
v 0.068824 -1.061193 -0.651122
v 0.068824 -1.061193 -0.545862
v 0.068824 -1.061193 -0.440593
v 0.068824 -1.061193 -0.335332
v 0.068824 -1.061193 -0.230072
v 0.068824 -1.061193 -0.124812
v 0.068824 -1.061193 -0.019543
v 0.068824 -1.061193 0.085717
v 0.068824 -1.061193 0.190978
v 0.068824 -1.061193 0.296248
v 0.068824 -1.061193 0.401507
v 0.068824 -1.061193 0.506767
v 0.068824 -1.061193 0.612038
v 0.068824 -1.061193 0.717298
v 0.068824 -1.061193 0.822558
v 0.068824 -1.061193 0.927828
v 0.068824 -1.061193 1.033088
v 0.065159 -1.053864 -0.756382
v 0.065159 -1.053864 -0.651122
v 0.065159 -1.053864 -0.545862
v 0.065159 -1.053864 -0.440593
v 0.065159 -1.053864 -0.335332
v 0.065159 -1.053864 -0.230072
v 0.065159 -1.053864 -0.124812
v 0.065159 -1.053864 -0.019543
v 0.065159 -1.053864 0.085717
v 0.065159 -1.053864 0.190978
v 0.065159 -1.053864 0.296248
v 0.065159 -1.053864 0.401507
v 0.065159 -1.053864 0.506767
v 0.065159 -1.053864 0.612038
v 0.065159 -1.053864 0.717298
v 0.065159 -1.053864 0.822558
v 0.065159 -1.053864 0.927828
v 0.065159 -1.053864 1.033088
v 0.059052 -1.053864 -0.756382
v 0.059052 -1.053864 -0.651122
v 0.059052 -1.053864 -0.545862
v 0.059052 -1.053864 -0.440593
v 0.059052 -1.053864 -0.335332
v 0.059052 -1.053864 -0.230072
v 0.059052 -1.053864 -0.124812
v 0.059052 -1.053864 -0.019543
v 0.059052 -1.053864 0.085717
v 0.059052 -1.053864 0.190978
v 0.059052 -1.053864 0.296248
v 0.059052 -1.053864 0.401507
v 0.059052 -1.053864 0.506767
v 0.059052 -1.053864 0.612038
v 0.059052 -1.053864 0.717298
v 0.059052 -1.053864 0.822558
v 0.059052 -1.053864 0.927828
v 0.059052 -1.053864 1.033088
v 0.053597 -1.038963 -0.756382
v 0.053597 -1.038963 -0.651122
v 0.053597 -1.038963 -0.545862
v 0.053597 -1.038963 -0.440593
v 0.053597 -1.038963 -0.335332
v 0.053597 -1.038963 -0.230072
v 0.053597 -1.038963 -0.124812
v 0.053597 -1.038963 -0.019543
v 0.053597 -1.038963 0.085717
v 0.053597 -1.038963 0.190978
v 0.053597 -1.038963 0.296248
v 0.053597 -1.038963 0.401507
v 0.053597 -1.038963 0.506767
v 0.053597 -1.038963 0.612038
v 0.053597 -1.038963 0.717298
v 0.053597 -1.038963 0.822558
v 0.053597 -1.038963 0.927828
v 0.053597 -1.038963 1.033088
v 0.041301 -1.031716 -0.756382
v 0.041301 -1.031716 -0.651122
v 0.041301 -1.031716 -0.545862
v 0.041301 -1.031716 -0.440593
v 0.041301 -1.031716 -0.335332
v 0.041301 -1.031716 -0.230072
v 0.041301 -1.031716 -0.124812
v 0.041301 -1.031716 -0.019543
v 0.041301 -1.031716 0.085717
v 0.041301 -1.031716 0.190978
v 0.041301 -1.031716 0.296248
v 0.041301 -1.031716 0.401507
v 0.041301 -1.031716 0.506767
v 0.041301 -1.031716 0.612038
v 0.041301 -1.031716 0.717298
v 0.041301 -1.031716 0.822558
v 0.041301 -1.031716 0.927828
v 0.041301 -1.031716 1.033088
v 0.026481 -1.025365 -0.756382
v 0.026481 -1.025365 -0.651122
v 0.026481 -1.025365 -0.545862
v 0.026481 -1.025365 -0.440593
v 0.026481 -1.025365 -0.335332
v 0.026481 -1.025365 -0.230072
v 0.026481 -1.025365 -0.124812
v 0.026481 -1.025365 -0.019543
v 0.026481 -1.025365 0.085717
v 0.026481 -1.025365 0.190978
v 0.026481 -1.025365 0.296248
v 0.026481 -1.025365 0.401507
v 0.026481 -1.025365 0.506767
v 0.026481 -1.025365 0.612038
v 0.026481 -1.025365 0.717298
v 0.026481 -1.025365 0.822558
v 0.026481 -1.025365 0.927828
v 0.026481 -1.025364 1.033088
v 0.017443 -1.015023 -0.756382
v 0.017443 -1.015023 -0.651122
v 0.017443 -1.015023 -0.545862
v 0.017443 -1.015023 -0.440593
v 0.017443 -1.015023 -0.335332
v 0.017443 -1.015023 -0.230072
v 0.017443 -1.015023 -0.124812
v 0.017443 -1.015023 -0.019543
v 0.017443 -1.015023 0.085717
v 0.017443 -1.015023 0.190978
v 0.017443 -1.015023 0.296248
v 0.017443 -1.015023 0.401507
v 0.017443 -1.015023 0.506767
v 0.017443 -1.015023 0.612038
v 0.017443 -1.015023 0.717298
v 0.017443 -1.015023 0.822558
v 0.017443 -1.015023 0.927828
v 0.017443 -1.015023 1.033088
v 0.014267 -0.998901 -0.756382
v 0.014267 -0.998901 -0.651122
v 0.014267 -0.998901 -0.545862
v 0.014267 -0.998901 -0.440593
v 0.014267 -0.998901 -0.335332
v 0.014267 -0.998901 -0.230072
v 0.014267 -0.998901 -0.124812
v 0.014267 -0.998901 -0.019543
v 0.014267 -0.998901 0.085717
v 0.014267 -0.998901 0.190978
v 0.014267 -0.998901 0.296248
v 0.014267 -0.998901 0.401507
v 0.014267 -0.998901 0.506767
v 0.014267 -0.998901 0.612038
v 0.014267 -0.998901 0.717298
v 0.014267 -0.998901 0.822558
v 0.014267 -0.998901 0.927828
v 0.014267 -0.998900 1.033088
v 0.008160 -0.998901 -0.756382
v 0.008160 -0.998901 -0.651122
v 0.008160 -0.998901 -0.545862
v 0.008160 -0.998901 -0.440593
v 0.008160 -0.998901 -0.335332
v 0.008160 -0.998901 -0.230072
v 0.008160 -0.998901 -0.124812
v 0.008160 -0.998901 -0.019543
v 0.008160 -0.998901 0.085717
v 0.008160 -0.998901 0.190978
v 0.008160 -0.998901 0.296248
v 0.008160 -0.998901 0.401507
v 0.008160 -0.998901 0.506767
v 0.008160 -0.998901 0.612038
v 0.008160 -0.998901 0.717298
v 0.008160 -0.998901 0.822558
v 0.008160 -0.998901 0.927828
v 0.008160 -0.998900 1.033088
v 0.008160 -0.992794 -0.756382
v 0.008160 -0.992794 -0.651122
v 0.008160 -0.992794 -0.545862
v 0.008160 -0.992794 -0.440593
v 0.008160 -0.992794 -0.335332
v 0.008160 -0.992794 -0.230072
v 0.008160 -0.992794 -0.124812
v 0.008160 -0.992794 -0.019543
v 0.008160 -0.992794 0.085717
v 0.008160 -0.992794 0.190978
v 0.008160 -0.992794 0.296248
v 0.008160 -0.992794 0.401507
v 0.008160 -0.992794 0.506767
v 0.008160 -0.992794 0.612038
v 0.008160 -0.992794 0.717298
v 0.008160 -0.992794 0.822558
v 0.008160 -0.992794 0.927828
v 0.008160 -0.992793 1.033088
v -0.006090 -0.992793 -0.756382
v -0.006090 -0.992793 -0.651122
v -0.006090 -0.992793 -0.545862
v -0.006090 -0.992793 -0.440593
v -0.006090 -0.992793 -0.335332
v -0.006090 -0.992793 -0.230072
v -0.006090 -0.992793 -0.124812
v -0.006090 -0.992793 -0.019543
v -0.006090 -0.992793 0.085717
v -0.006090 -0.992793 0.190978
v -0.006090 -0.992793 0.296248
v -0.006090 -0.992793 0.401507
v -0.006090 -0.992793 0.506767
v -0.006090 -0.992793 0.612038
v -0.006090 -0.992793 0.717298
v -0.006090 -0.992793 0.822558
v -0.006090 -0.992793 0.927828
v -0.006090 -0.992793 1.033088
v -0.006090 0.796680 1.033088
v -0.006090 0.796680 0.927828
v -0.006090 0.796680 0.822557
v -0.006090 0.796680 0.717297
v -0.006090 0.796680 0.612038
v -0.006090 0.796680 0.506767
v -0.006090 0.796680 0.401507
v -0.006090 0.796680 0.296247
v -0.006090 0.796680 0.190978
v -0.006090 0.796680 0.085717
v -0.006090 0.796680 -0.019543
v -0.006090 0.796680 -0.124812
v -0.006090 0.796680 -0.230072
v -0.006090 0.796680 -0.335332
v -0.006090 0.796680 -0.440593
v -0.006090 0.796680 -0.545862
v -0.006090 0.796680 -0.651122
v -0.006090 0.796680 -0.756382
v 0.004089 0.796680 -0.756382
v 0.004089 0.796680 -0.651122
v 0.004089 0.796680 -0.545862
v 0.004089 0.796680 -0.440593
v 0.004089 0.796680 -0.335332
v 0.004089 0.796680 -0.230072
v 0.004089 0.796680 -0.124812
v 0.004089 0.796680 -0.019543
v 0.004089 0.796680 0.085717
v 0.004089 0.796680 0.190978
v 0.004089 0.796680 0.296247
v 0.004089 0.796680 0.401507
v 0.004089 0.796680 0.506767
v 0.004089 0.796680 0.612038
v 0.004089 0.796680 0.717297
v 0.004089 0.796680 0.822557
v 0.004089 0.796680 0.927828
v 0.004089 0.796680 1.033088
v 0.006939 0.803194 -0.756382
v 0.006939 0.803194 -0.651122
v 0.006939 0.803194 -0.545862
v 0.006939 0.803194 -0.440593
v 0.006939 0.803194 -0.335332
v 0.006939 0.803194 -0.230072
v 0.006939 0.803194 -0.124812
v 0.006939 0.803194 -0.019543
v 0.006939 0.803194 0.085717
v 0.006939 0.803194 0.190978
v 0.006939 0.803194 0.296247
v 0.006939 0.803194 0.401507
v 0.006939 0.803194 0.506767
v 0.006939 0.803194 0.612038
v 0.006939 0.803194 0.717297
v 0.006939 0.803194 0.822557
v 0.006939 0.803194 0.927828
v 0.006939 0.803194 1.033088
v 0.014267 0.806859 -0.756382
v 0.014267 0.806859 -0.651122
v 0.014267 0.806859 -0.545862
v 0.014267 0.806859 -0.440593
v 0.014267 0.806859 -0.335332
v 0.014267 0.806859 -0.230072
v 0.014267 0.806859 -0.124812
v 0.014267 0.806859 -0.019543
v 0.014267 0.806859 0.085717
v 0.014267 0.806859 0.190978
v 0.014267 0.806859 0.296247
v 0.014267 0.806859 0.401507
v 0.014267 0.806859 0.506767
v 0.014267 0.806858 0.612038
v 0.014267 0.806858 0.717297
v 0.014267 0.806858 0.822557
v 0.014267 0.806858 0.927828
v 0.014267 0.806858 1.033088
v 0.014267 0.812966 -0.756382
v 0.014267 0.812966 -0.651122
v 0.014267 0.812966 -0.545862
v 0.014267 0.812966 -0.440593
v 0.014267 0.812966 -0.335332
v 0.014267 0.812966 -0.230072
v 0.014267 0.812966 -0.124812
v 0.014267 0.812966 -0.019543
v 0.014267 0.812966 0.085717
v 0.014267 0.812966 0.190978
v 0.014267 0.812966 0.296247
v 0.014267 0.812966 0.401507
v 0.014267 0.812966 0.506767
v 0.014267 0.812966 0.612038
v 0.014267 0.812966 0.717297
v 0.014267 0.812966 0.822557
v 0.014267 0.812966 0.927828
v 0.014267 0.812966 1.033088
v 0.029168 0.818421 -0.756382
v 0.029168 0.818421 -0.651122
v 0.029168 0.818421 -0.545862
v 0.029168 0.818421 -0.440593
v 0.029168 0.818421 -0.335332
v 0.029168 0.818421 -0.230072
v 0.029168 0.818421 -0.124812
v 0.029168 0.818421 -0.019543
v 0.029168 0.818421 0.085717
v 0.029168 0.818421 0.190978
v 0.029168 0.818421 0.296247
v 0.029168 0.818421 0.401507
v 0.029168 0.818421 0.506767
v 0.029168 0.818421 0.612038
v 0.029168 0.818421 0.717297
v 0.029168 0.818421 0.822557
v 0.029168 0.818421 0.927828
v 0.029168 0.818421 1.033088
v 0.036415 0.830717 -0.756382
v 0.036415 0.830717 -0.651122
v 0.036415 0.830717 -0.545862
v 0.036415 0.830717 -0.440593
v 0.036415 0.830717 -0.335332
v 0.036415 0.830717 -0.230072
v 0.036415 0.830717 -0.124812
v 0.036415 0.830717 -0.019543
v 0.036415 0.830717 0.085717
v 0.036415 0.830717 0.190978
v 0.036415 0.830717 0.296247
v 0.036415 0.830717 0.401507
v 0.036415 0.830717 0.506767
v 0.036415 0.830717 0.612038
v 0.036415 0.830717 0.717297
v 0.036415 0.830717 0.822557
v 0.036415 0.830717 0.927828
v 0.036415 0.830717 1.033088
v 0.042767 0.845537 -0.756382
v 0.042767 0.845537 -0.651122
v 0.042767 0.845537 -0.545862
v 0.042767 0.845537 -0.440593
v 0.042767 0.845537 -0.335332
v 0.042767 0.845537 -0.230072
v 0.042767 0.845537 -0.124812
v 0.042767 0.845537 -0.019543
v 0.042767 0.845537 0.085717
v 0.042767 0.845537 0.190978
v 0.042767 0.845537 0.296247
v 0.042767 0.845537 0.401507
v 0.042767 0.845537 0.506767
v 0.042767 0.845537 0.612038
v 0.042767 0.845537 0.717297
v 0.042767 0.845537 0.822557
v 0.042767 0.845537 0.927828
v 0.042767 0.845537 1.033088
v 0.053108 0.854575 -0.756382
v 0.053108 0.854575 -0.651122
v 0.053108 0.854575 -0.545862
v 0.053108 0.854575 -0.440593
v 0.053108 0.854575 -0.335332
v 0.053108 0.854575 -0.230072
v 0.053108 0.854575 -0.124812
v 0.053108 0.854575 -0.019543
v 0.053108 0.854575 0.085717
v 0.053108 0.854575 0.190978
v 0.053108 0.854575 0.296247
v 0.053108 0.854575 0.401507
v 0.053108 0.854575 0.506767
v 0.053108 0.854575 0.612038
v 0.053108 0.854575 0.717297
v 0.053108 0.854575 0.822557
v 0.053108 0.854575 0.927828
v 0.053108 0.854575 1.033088
v 0.069231 0.857751 -0.756382
v 0.069231 0.857751 -0.651122
v 0.069231 0.857751 -0.545862
v 0.069231 0.857751 -0.440593
v 0.069231 0.857751 -0.335332
v 0.069231 0.857751 -0.230072
v 0.069231 0.857751 -0.124812
v 0.069231 0.857751 -0.019543
v 0.069231 0.857751 0.085717
v 0.069231 0.857751 0.190978
v 0.069231 0.857751 0.296247
v 0.069231 0.857751 0.401507
v 0.069231 0.857751 0.506767
v 0.069231 0.857751 0.612038
v 0.069231 0.857751 0.717297
v 0.069231 0.857751 0.822557
v 0.069231 0.857751 0.927828
v 0.069231 0.857751 1.033088
v 0.069231 0.863858 -0.756382
v 0.069231 0.863858 -0.651122
v 0.069231 0.863858 -0.545862
v 0.069231 0.863858 -0.440593
v 0.069231 0.863858 -0.335332
v 0.069231 0.863858 -0.230072
v 0.069231 0.863858 -0.124812
v 0.069231 0.863858 -0.019543
v 0.069231 0.863858 0.085717
v 0.069231 0.863858 0.190978
v 0.069231 0.863858 0.296247
v 0.069231 0.863858 0.401507
v 0.069231 0.863858 0.506767
v 0.069231 0.863858 0.612038
v 0.069231 0.863858 0.717297
v 0.069231 0.863858 0.822557
v 0.069231 0.863858 0.927828
v 0.069231 0.863858 1.033088
v 0.075338 0.863858 -0.756382
v 0.075338 0.863858 -0.651122
v 0.075338 0.863858 -0.545862
v 0.075338 0.863858 -0.440593
v 0.075338 0.863858 -0.335332
v 0.075338 0.863858 -0.230072
v 0.075338 0.863858 -0.124812
v 0.075338 0.863858 -0.019543
v 0.075338 0.863858 0.085717
v 0.075338 0.863858 0.190978
v 0.075338 0.863858 0.296247
v 0.075338 0.863858 0.401507
v 0.075338 0.863858 0.506767
v 0.075338 0.863858 0.612038
v 0.075338 0.863858 0.717297
v 0.075338 0.863858 0.822557
v 0.075338 0.863858 0.927828
v 0.075338 0.863858 1.033088
v 0.075338 0.878108 -0.756382
v 0.075338 0.878108 -0.651122
v 0.075338 0.878108 -0.545862
v 0.075338 0.878108 -0.440593
v 0.075338 0.878108 -0.335332
v 0.075338 0.878108 -0.230072
v 0.075338 0.878108 -0.124812
v 0.075338 0.878108 -0.019543
v 0.075338 0.878108 0.085717
v 0.075338 0.878108 0.190978
v 0.075338 0.878108 0.296247
v 0.075338 0.878108 0.401507
v 0.075338 0.878108 0.506767
v 0.075338 0.878108 0.612038
v 0.075338 0.878108 0.717297
v 0.075338 0.878108 0.822557
v 0.075338 0.878108 0.927828
v 0.075338 0.878108 1.033088
v -0.012338 -0.451855 1.033088
v -0.012338 -0.451855 0.927828
v -0.012338 -0.451855 0.822558
v -0.012338 -0.451855 0.717298
v -0.012338 -0.451855 0.612038
v -0.012338 -0.451855 0.506767
v -0.012338 -0.451855 0.401507
v -0.012338 -0.451855 0.296248
v -0.012338 -0.451855 0.190978
v -0.012338 -0.451855 0.085717
v -0.012338 -0.451855 -0.019543
v -0.012338 -0.451855 -0.124812
v -0.012338 -0.451855 -0.230072
v -0.012338 -0.451855 -0.335332
v -0.012338 -0.451855 -0.440593
v -0.012338 -0.451855 -0.545862
v -0.012338 -0.451855 -0.651122
v -0.012338 -0.451855 -0.756382
v -0.012338 -0.535767 1.033088
v -0.012338 -0.535767 0.927828
v -0.012338 -0.535767 0.822558
v -0.012338 -0.535767 0.717298
v -0.012338 -0.535767 0.612038
v -0.012338 -0.535767 0.506767
v -0.012338 -0.535767 0.401507
v -0.012338 -0.535767 0.296248
v -0.012338 -0.535767 0.190978
v -0.012338 -0.535767 0.085717
v -0.012338 -0.535767 -0.019543
v -0.012338 -0.535767 -0.124812
v -0.012338 -0.535767 -0.230072
v -0.012338 -0.535767 -0.335332
v -0.012338 -0.535767 -0.440593
v -0.012338 -0.535767 -0.545862
v -0.012338 -0.535767 -0.651122
v -0.012338 -0.535767 -0.756382
v 0.038147 -0.465221 1.021128
v 0.038147 -0.465221 0.917268
v 0.038147 -0.465221 0.813417
v 0.038147 -0.465221 0.709558
v 0.038147 -0.465221 0.605707
v 0.038147 -0.465221 0.501847
v 0.038147 -0.465221 0.397987
v 0.038147 -0.465221 0.294138
v 0.038147 -0.465221 0.190278
v 0.038147 -0.465221 0.086417
v 0.038147 -0.465221 -0.017432
v 0.038147 -0.465221 -0.121292
v 0.038147 -0.465221 -0.225142
v 0.038147 -0.465221 -0.329002
v 0.038147 -0.465221 -0.432862
v 0.038147 -0.465221 -0.536713
v 0.038147 -0.465220 -0.640572
v 0.038147 -0.465220 -0.744422
v 0.036356 -0.458538 -0.750412
v 0.036356 -0.458538 -0.645842
v 0.036356 -0.458538 -0.541292
v 0.036356 -0.458538 -0.436732
v 0.036356 -0.458538 -0.332172
v 0.036356 -0.458538 -0.227612
v 0.036356 -0.458538 -0.123053
v 0.036356 -0.458538 -0.018493
v 0.036356 -0.458538 0.086067
v 0.036356 -0.458538 0.190628
v 0.036356 -0.458538 0.295188
v 0.036356 -0.458538 0.399748
v 0.036356 -0.458538 0.504308
v 0.036356 -0.458538 0.608868
v 0.036356 -0.458538 0.713428
v 0.036356 -0.458538 0.817988
v 0.036356 -0.458538 0.922547
v 0.036356 -0.458538 1.027107
v 0.031464 -0.453645 -0.754783
v 0.031464 -0.453645 -0.649713
v 0.031464 -0.453645 -0.544632
v 0.031464 -0.453645 -0.439563
v 0.031464 -0.453645 -0.334482
v 0.031464 -0.453645 -0.229412
v 0.031464 -0.453645 -0.124332
v 0.031464 -0.453645 -0.019262
v 0.031464 -0.453645 0.085808
v 0.031464 -0.453645 0.190887
v 0.031464 -0.453645 0.295968
v 0.031464 -0.453645 0.401037
v 0.031464 -0.453645 0.506107
v 0.031464 -0.453645 0.611188
v 0.031464 -0.453645 0.716258
v 0.031464 -0.453645 0.821338
v 0.031464 -0.453645 0.926408
v 0.031464 -0.453646 1.031487
v 0.024781 -0.451855 -0.756382
v 0.024781 -0.451855 -0.651122
v 0.024781 -0.451855 -0.545862
v 0.024781 -0.451855 -0.440593
v 0.024781 -0.451855 -0.335332
v 0.024781 -0.451855 -0.230072
v 0.024781 -0.451855 -0.124812
v 0.024781 -0.451855 -0.019543
v 0.024781 -0.451855 0.085717
v 0.024781 -0.451855 0.190978
v 0.024781 -0.451855 0.296248
v 0.024781 -0.451855 0.401507
v 0.024781 -0.451855 0.506767
v 0.024781 -0.451855 0.612038
v 0.024781 -0.451855 0.717298
v 0.024781 -0.451855 0.822558
v 0.024781 -0.451855 0.927828
v 0.024781 -0.451855 1.033088
v 0.024781 -0.535767 1.033088
v 0.024781 -0.535767 0.927828
v 0.024781 -0.535767 0.822558
v 0.024781 -0.535767 0.717298
v 0.024781 -0.535767 0.612038
v 0.024781 -0.535767 0.506767
v 0.024781 -0.535767 0.401507
v 0.024781 -0.535767 0.296248
v 0.024781 -0.535767 0.190978
v 0.024781 -0.535767 0.085717
v 0.024781 -0.535767 -0.019543
v 0.024781 -0.535767 -0.124812
v 0.024781 -0.535767 -0.230072
v 0.024781 -0.535767 -0.335332
v 0.024781 -0.535767 -0.440593
v 0.024781 -0.535767 -0.545862
v 0.024781 -0.535767 -0.651122
v 0.024781 -0.535767 -0.756382
v 0.031464 -0.533976 -0.754783
v 0.031464 -0.533976 -0.649713
v 0.031464 -0.533976 -0.544632
v 0.031464 -0.533976 -0.439563
v 0.031464 -0.533976 -0.334482
v 0.031464 -0.533976 -0.229412
v 0.031464 -0.533976 -0.124332
v 0.031464 -0.533976 -0.019262
v 0.031464 -0.533976 0.085808
v 0.031464 -0.533976 0.190887
v 0.031464 -0.533976 0.295968
v 0.031464 -0.533976 0.401037
v 0.031464 -0.533976 0.506107
v 0.031464 -0.533976 0.611188
v 0.031464 -0.533976 0.716258
v 0.031464 -0.533976 0.821338
v 0.031464 -0.533976 0.926408
v 0.031464 -0.533976 1.031487
v 0.036356 -0.529084 -0.750412
v 0.036356 -0.529084 -0.645842
v 0.036356 -0.529084 -0.541292
v 0.036356 -0.529084 -0.436732
v 0.036356 -0.529084 -0.332172
v 0.036356 -0.529084 -0.227612
v 0.036356 -0.529084 -0.123053
v 0.036356 -0.529084 -0.018493
v 0.036356 -0.529084 0.086067
v 0.036356 -0.529084 0.190628
v 0.036356 -0.529084 0.295188
v 0.036356 -0.529084 0.399748
v 0.036356 -0.529084 0.504308
v 0.036356 -0.529084 0.608868
v 0.036356 -0.529084 0.713428
v 0.036356 -0.529084 0.817988
v 0.036356 -0.529084 0.922547
v 0.036356 -0.529084 1.027107
v 0.038147 -0.522401 -0.744422
v 0.038147 -0.522401 -0.640572
v 0.038147 -0.522401 -0.536713
v 0.038147 -0.522401 -0.432862
v 0.038147 -0.522401 -0.329002
v 0.038147 -0.522401 -0.225142
v 0.038147 -0.522401 -0.121292
v 0.038147 -0.522401 -0.017432
v 0.038147 -0.522401 0.086417
v 0.038147 -0.522401 0.190278
v 0.038147 -0.522401 0.294138
v 0.038147 -0.522401 0.397987
v 0.038147 -0.522401 0.501847
v 0.038147 -0.522401 0.605707
v 0.038147 -0.522401 0.709558
v 0.038147 -0.522401 0.813417
v 0.038147 -0.522401 0.917268
v 0.038147 -0.522401 1.021128
v 0.057354 -1.098316 1.033088
v 0.057354 -1.098316 0.927828
v 0.057354 -1.098316 0.822558
v 0.057354 -1.098316 0.717298
v 0.057354 -1.098316 0.612038
v 0.057354 -1.098316 0.506767
v 0.057354 -1.098316 0.401507
v 0.057354 -1.098316 0.296248
v 0.057354 -1.098316 0.190978
v 0.057354 -1.098316 0.085717
v 0.057354 -1.098316 -0.019543
v 0.057354 -1.098316 -0.124812
v 0.057354 -1.098316 -0.230072
v 0.057354 -1.098316 -0.335332
v 0.057354 -1.098316 -0.440593
v 0.057354 -1.098316 -0.545862
v 0.057354 -1.098316 -0.651122
v 0.057354 -1.098316 -0.756382
v 0.057354 0.901684 -0.756382
v 0.057354 0.901684 -0.651122
v 0.057354 0.901684 -0.545862
v 0.057354 0.901684 -0.440593
v 0.057354 0.901684 -0.335332
v 0.057354 0.901684 -0.230072
v 0.057354 0.901684 -0.124812
v 0.057354 0.901684 -0.019543
v 0.057354 0.901684 0.085717
v 0.057354 0.901684 0.190978
v 0.057354 0.901684 0.296247
v 0.057354 0.901684 0.401507
v 0.057354 0.901684 0.506767
v 0.057354 0.901684 0.612038
v 0.057354 0.901684 0.717297
v 0.057354 0.901684 0.822557
v 0.057354 0.901684 0.927828
v 0.057354 0.901684 1.033088
v -0.030321 0.796367 1.033088
v -0.030321 0.796367 0.927828
v -0.030321 0.796367 0.822557
v -0.030321 0.796367 0.717297
v -0.030321 0.796367 0.612038
v -0.030321 0.796367 0.506767
v -0.030321 0.796367 0.401507
v -0.030321 0.796367 0.296247
v -0.030321 0.796367 0.190978
v -0.030321 0.796367 0.085717
v -0.030321 0.796367 -0.019543
v -0.030321 0.796367 -0.124812
v -0.030321 0.796367 -0.230072
v -0.030321 0.796367 -0.335332
v -0.030321 0.796367 -0.440593
v -0.030321 0.796367 -0.545862
v -0.030321 0.796367 -0.651122
v -0.030321 0.796367 -0.756382
v -0.030322 -0.993107 1.033088
v -0.030322 -0.993107 0.927828
v -0.030322 -0.993107 0.822558
v -0.030322 -0.993107 0.717298
v -0.030322 -0.993107 0.612038
v -0.030322 -0.993107 0.506767
v -0.030322 -0.993107 0.401507
v -0.030322 -0.993107 0.296248
v -0.030322 -0.993107 0.190978
v -0.030322 -0.993107 0.085717
v -0.030322 -0.993107 -0.019543
v -0.030322 -0.993107 -0.124812
v -0.030322 -0.993107 -0.230072
v -0.030322 -0.993107 -0.335332
v -0.030322 -0.993107 -0.440593
v -0.030322 -0.993107 -0.545862
v -0.030322 -0.993107 -0.651122
v -0.030322 -0.993107 -0.756382
v 0.057354 -1.074534 1.033088
v 0.057354 -1.074534 0.927828
v 0.057354 -1.074534 0.822558
v 0.057354 -1.074534 0.717298
v 0.057354 -1.074534 0.612038
v 0.057354 -1.074534 0.506767
v 0.057354 -1.074534 0.401507
v 0.057354 -1.074534 0.296248
v 0.057354 -1.074534 0.190978
v 0.057354 -1.074534 0.085717
v 0.057354 -1.074534 -0.019543
v 0.057354 -1.074534 -0.124812
v 0.057354 -1.074534 -0.230072
v 0.057354 -1.074534 -0.335332
v 0.057354 -1.074534 -0.440593
v 0.057354 -1.074534 -0.545862
v 0.057354 -1.074534 -0.651122
v 0.057354 -1.074534 -0.756382
v 0.057354 -1.064356 -0.756382
v 0.057354 -1.064356 -0.651122
v 0.057354 -1.064356 -0.545862
v 0.057354 -1.064356 -0.440593
v 0.057354 -1.064356 -0.335332
v 0.057354 -1.064356 -0.230072
v 0.057354 -1.064356 -0.124812
v 0.057354 -1.064356 -0.019543
v 0.057354 -1.064356 0.085717
v 0.057354 -1.064356 0.190978
v 0.057354 -1.064356 0.296248
v 0.057354 -1.064356 0.401507
v 0.057354 -1.064356 0.506767
v 0.057354 -1.064356 0.612038
v 0.057354 -1.064356 0.717298
v 0.057354 -1.064356 0.822558
v 0.057354 -1.064356 0.927828
v 0.057354 -1.064356 1.033088
v 0.050840 -1.061506 -0.756382
v 0.050840 -1.061506 -0.651122
v 0.050840 -1.061506 -0.545862
v 0.050840 -1.061506 -0.440593
v 0.050840 -1.061506 -0.335332
v 0.050840 -1.061506 -0.230072
v 0.050840 -1.061506 -0.124812
v 0.050840 -1.061506 -0.019543
v 0.050840 -1.061506 0.085717
v 0.050840 -1.061506 0.190978
v 0.050840 -1.061506 0.296248
v 0.050840 -1.061506 0.401507
v 0.050840 -1.061506 0.506767
v 0.050840 -1.061506 0.612038
v 0.050840 -1.061506 0.717298
v 0.050840 -1.061506 0.822558
v 0.050840 -1.061506 0.927828
v 0.050840 -1.061506 1.033088
v 0.047176 -1.054177 -0.756382
v 0.047176 -1.054177 -0.651122
v 0.047176 -1.054177 -0.545862
v 0.047176 -1.054177 -0.440593
v 0.047176 -1.054177 -0.335332
v 0.047176 -1.054177 -0.230072
v 0.047176 -1.054177 -0.124812
v 0.047176 -1.054177 -0.019543
v 0.047176 -1.054177 0.085717
v 0.047176 -1.054177 0.190978
v 0.047176 -1.054177 0.296248
v 0.047176 -1.054177 0.401507
v 0.047176 -1.054177 0.506767
v 0.047176 -1.054177 0.612038
v 0.047176 -1.054177 0.717298
v 0.047176 -1.054177 0.822558
v 0.047176 -1.054177 0.927828
v 0.047176 -1.054177 1.033088
v 0.041069 -1.054177 -0.756382
v 0.041069 -1.054177 -0.651122
v 0.041069 -1.054177 -0.545862
v 0.041069 -1.054177 -0.440593
v 0.041069 -1.054177 -0.335332
v 0.041069 -1.054177 -0.230072
v 0.041069 -1.054177 -0.124812
v 0.041069 -1.054177 -0.019543
v 0.041069 -1.054177 0.085717
v 0.041069 -1.054177 0.190978
v 0.041069 -1.054177 0.296248
v 0.041069 -1.054177 0.401507
v 0.041069 -1.054177 0.506767
v 0.041069 -1.054177 0.612038
v 0.041069 -1.054177 0.717298
v 0.041069 -1.054177 0.822558
v 0.041069 -1.054177 0.927828
v 0.041069 -1.054177 1.033088
v 0.035613 -1.039276 -0.756382
v 0.035613 -1.039276 -0.651122
v 0.035613 -1.039276 -0.545862
v 0.035613 -1.039276 -0.440593
v 0.035613 -1.039276 -0.335332
v 0.035613 -1.039276 -0.230072
v 0.035613 -1.039276 -0.124812
v 0.035613 -1.039276 -0.019543
v 0.035613 -1.039276 0.085717
v 0.035613 -1.039276 0.190978
v 0.035613 -1.039276 0.296248
v 0.035613 -1.039276 0.401507
v 0.035613 -1.039276 0.506767
v 0.035613 -1.039276 0.612038
v 0.035613 -1.039276 0.717298
v 0.035613 -1.039276 0.822558
v 0.035613 -1.039276 0.927828
v 0.035613 -1.039276 1.033088
v 0.023318 -1.032029 -0.756382
v 0.023318 -1.032029 -0.651122
v 0.023318 -1.032029 -0.545862
v 0.023318 -1.032029 -0.440593
v 0.023318 -1.032029 -0.335332
v 0.023318 -1.032029 -0.230072
v 0.023318 -1.032029 -0.124812
v 0.023318 -1.032029 -0.019543
v 0.023318 -1.032029 0.085717
v 0.023318 -1.032029 0.190978
v 0.023318 -1.032029 0.296248
v 0.023318 -1.032029 0.401507
v 0.023318 -1.032029 0.506767
v 0.023318 -1.032029 0.612038
v 0.023318 -1.032029 0.717298
v 0.023318 -1.032029 0.822558
v 0.023318 -1.032029 0.927828
v 0.023318 -1.032029 1.033088
v 0.008498 -1.025678 -0.756382
v 0.008498 -1.025678 -0.651122
v 0.008498 -1.025678 -0.545862
v 0.008498 -1.025678 -0.440593
v 0.008498 -1.025678 -0.335332
v 0.008498 -1.025678 -0.230072
v 0.008498 -1.025678 -0.124812
v 0.008498 -1.025678 -0.019543
v 0.008498 -1.025678 0.085717
v 0.008498 -1.025678 0.190978
v 0.008498 -1.025678 0.296248
v 0.008498 -1.025678 0.401507
v 0.008498 -1.025678 0.506767
v 0.008498 -1.025678 0.612038
v 0.008498 -1.025678 0.717298
v 0.008498 -1.025678 0.822558
v 0.008498 -1.025678 0.927828
v 0.008498 -1.025678 1.033088
v -0.000541 -1.015336 -0.756382
v -0.000541 -1.015336 -0.651122
v -0.000541 -1.015336 -0.545862
v -0.000541 -1.015336 -0.440593
v -0.000541 -1.015336 -0.335332
v -0.000541 -1.015336 -0.230072
v -0.000541 -1.015336 -0.124812
v -0.000541 -1.015336 -0.019543
v -0.000541 -1.015336 0.085717
v -0.000541 -1.015336 0.190978
v -0.000541 -1.015336 0.296248
v -0.000541 -1.015336 0.401507
v -0.000541 -1.015336 0.506767
v -0.000541 -1.015336 0.612038
v -0.000541 -1.015336 0.717298
v -0.000541 -1.015336 0.822558
v -0.000541 -1.015336 0.927828
v -0.000541 -1.015336 1.033088
v -0.003716 -0.999214 -0.756382
v -0.003716 -0.999214 -0.651122
v -0.003716 -0.999214 -0.545862
v -0.003716 -0.999214 -0.440593
v -0.003716 -0.999214 -0.335332
v -0.003716 -0.999214 -0.230072
v -0.003716 -0.999214 -0.124812
v -0.003716 -0.999214 -0.019543
v -0.003716 -0.999214 0.085717
v -0.003716 -0.999214 0.190978
v -0.003716 -0.999214 0.296248
v -0.003716 -0.999214 0.401507
v -0.003716 -0.999214 0.506767
v -0.003716 -0.999214 0.612038
v -0.003716 -0.999214 0.717298
v -0.003716 -0.999214 0.822558
v -0.003716 -0.999214 0.927828
v -0.003716 -0.999214 1.033088
v -0.009823 -0.999214 -0.756382
v -0.009823 -0.999214 -0.651122
v -0.009823 -0.999214 -0.545862
v -0.009823 -0.999214 -0.440593
v -0.009823 -0.999214 -0.335332
v -0.009823 -0.999214 -0.230072
v -0.009823 -0.999214 -0.124812
v -0.009823 -0.999214 -0.019543
v -0.009823 -0.999214 0.085717
v -0.009823 -0.999214 0.190978
v -0.009823 -0.999214 0.296248
v -0.009823 -0.999214 0.401507
v -0.009823 -0.999214 0.506767
v -0.009823 -0.999214 0.612038
v -0.009823 -0.999214 0.717298
v -0.009823 -0.999214 0.822558
v -0.009823 -0.999214 0.927828
v -0.009823 -0.999214 1.033088
v -0.009823 -0.993107 -0.756382
v -0.009823 -0.993107 -0.651122
v -0.009823 -0.993107 -0.545862
v -0.009823 -0.993107 -0.440593
v -0.009823 -0.993107 -0.335332
v -0.009823 -0.993107 -0.230072
v -0.009823 -0.993107 -0.124812
v -0.009823 -0.993107 -0.019543
v -0.009823 -0.993107 0.085717
v -0.009823 -0.993107 0.190978
v -0.009823 -0.993107 0.296248
v -0.009823 -0.993107 0.401507
v -0.009823 -0.993107 0.506767
v -0.009823 -0.993107 0.612038
v -0.009823 -0.993107 0.717298
v -0.009823 -0.993107 0.822558
v -0.009823 -0.993107 0.927828
v -0.009823 -0.993107 1.033088
v -0.024073 -0.993107 -0.756382
v -0.024073 -0.993107 -0.651122
v -0.024073 -0.993107 -0.545862
v -0.024073 -0.993107 -0.440593
v -0.024073 -0.993107 -0.335332
v -0.024073 -0.993107 -0.230072
v -0.024073 -0.993107 -0.124812
v -0.024073 -0.993107 -0.019543
v -0.024073 -0.993107 0.085717
v -0.024073 -0.993107 0.190978
v -0.024073 -0.993107 0.296248
v -0.024073 -0.993107 0.401507
v -0.024073 -0.993107 0.506767
v -0.024073 -0.993107 0.612038
v -0.024073 -0.993107 0.717298
v -0.024073 -0.993107 0.822558
v -0.024073 -0.993107 0.927828
v -0.024073 -0.993107 1.033088
v -0.024073 0.796367 1.033088
v -0.024073 0.796367 0.927828
v -0.024073 0.796367 0.822557
v -0.024073 0.796367 0.717297
v -0.024073 0.796367 0.612038
v -0.024073 0.796367 0.506767
v -0.024073 0.796367 0.401507
v -0.024073 0.796367 0.296247
v -0.024073 0.796367 0.190978
v -0.024073 0.796367 0.085717
v -0.024073 0.796367 -0.019543
v -0.024073 0.796367 -0.124812
v -0.024073 0.796367 -0.230072
v -0.024073 0.796367 -0.335332
v -0.024073 0.796367 -0.440593
v -0.024073 0.796367 -0.545862
v -0.024073 0.796367 -0.651122
v -0.024073 0.796367 -0.756382
v -0.013895 0.796367 -0.756382
v -0.013895 0.796367 -0.651122
v -0.013895 0.796367 -0.545862
v -0.013895 0.796367 -0.440593
v -0.013895 0.796367 -0.335332
v -0.013895 0.796367 -0.230072
v -0.013895 0.796367 -0.124812
v -0.013895 0.796367 -0.019543
v -0.013895 0.796367 0.085717
v -0.013895 0.796367 0.190978
v -0.013895 0.796367 0.296247
v -0.013895 0.796367 0.401507
v -0.013895 0.796367 0.506767
v -0.013895 0.796367 0.612038
v -0.013895 0.796367 0.717297
v -0.013895 0.796367 0.822557
v -0.013895 0.796367 0.927828
v -0.013895 0.796367 1.033088
v -0.011045 0.802881 -0.756382
v -0.011045 0.802881 -0.651122
v -0.011045 0.802881 -0.545862
v -0.011045 0.802881 -0.440593
v -0.011045 0.802881 -0.335332
v -0.011045 0.802881 -0.230072
v -0.011045 0.802881 -0.124812
v -0.011045 0.802881 -0.019543
v -0.011045 0.802881 0.085717
v -0.011045 0.802881 0.190978
v -0.011045 0.802881 0.296247
v -0.011045 0.802881 0.401507
v -0.011045 0.802881 0.506767
v -0.011045 0.802881 0.612038
v -0.011045 0.802881 0.717297
v -0.011045 0.802881 0.822557
v -0.011045 0.802881 0.927828
v -0.011045 0.802881 1.033088
v -0.003716 0.806546 -0.756382
v -0.003716 0.806546 -0.651122
v -0.003716 0.806546 -0.545862
v -0.003716 0.806545 -0.440593
v -0.003716 0.806545 -0.335332
v -0.003716 0.806545 -0.230072
v -0.003716 0.806545 -0.124812
v -0.003716 0.806545 -0.019543
v -0.003716 0.806545 0.085717
v -0.003716 0.806545 0.190978
v -0.003716 0.806545 0.296247
v -0.003716 0.806545 0.401507
v -0.003716 0.806545 0.506767
v -0.003716 0.806545 0.612038
v -0.003716 0.806545 0.717297
v -0.003716 0.806545 0.822557
v -0.003716 0.806545 0.927828
v -0.003716 0.806545 1.033088
v -0.003716 0.812653 -0.756382
v -0.003716 0.812653 -0.651122
v -0.003716 0.812653 -0.545862
v -0.003716 0.812653 -0.440593
v -0.003716 0.812653 -0.335332
v -0.003716 0.812653 -0.230072
v -0.003716 0.812653 -0.124812
v -0.003716 0.812653 -0.019543
v -0.003716 0.812653 0.085717
v -0.003716 0.812653 0.190978
v -0.003716 0.812653 0.296247
v -0.003716 0.812653 0.401507
v -0.003716 0.812653 0.506767
v -0.003716 0.812652 0.612038
v -0.003716 0.812652 0.717297
v -0.003716 0.812652 0.822557
v -0.003716 0.812652 0.927828
v -0.003716 0.812652 1.033088
v 0.011185 0.818108 -0.756382
v 0.011185 0.818108 -0.651122
v 0.011185 0.818108 -0.545862
v 0.011185 0.818108 -0.440593
v 0.011185 0.818108 -0.335332
v 0.011185 0.818108 -0.230072
v 0.011185 0.818108 -0.124812
v 0.011185 0.818108 -0.019543
v 0.011185 0.818108 0.085717
v 0.011185 0.818108 0.190978
v 0.011185 0.818108 0.296247
v 0.011185 0.818108 0.401507
v 0.011185 0.818108 0.506767
v 0.011185 0.818108 0.612038
v 0.011185 0.818108 0.717297
v 0.011185 0.818108 0.822557
v 0.011185 0.818108 0.927828
v 0.011185 0.818108 1.033088
v 0.018432 0.830404 -0.756382
v 0.018432 0.830404 -0.651122
v 0.018432 0.830404 -0.545862
v 0.018432 0.830404 -0.440593
v 0.018432 0.830404 -0.335332
v 0.018432 0.830404 -0.230072
v 0.018432 0.830404 -0.124812
v 0.018432 0.830404 -0.019543
v 0.018432 0.830404 0.085717
v 0.018432 0.830404 0.190978
v 0.018432 0.830404 0.296247
v 0.018432 0.830404 0.401507
v 0.018432 0.830404 0.506767
v 0.018432 0.830404 0.612038
v 0.018432 0.830404 0.717297
v 0.018432 0.830404 0.822557
v 0.018432 0.830404 0.927828
v 0.018432 0.830404 1.033088
v 0.024783 0.845224 -0.756382
v 0.024783 0.845224 -0.651122
v 0.024783 0.845224 -0.545862
v 0.024783 0.845224 -0.440593
v 0.024783 0.845224 -0.335332
v 0.024783 0.845224 -0.230072
v 0.024783 0.845223 -0.124812
v 0.024783 0.845223 -0.019543
v 0.024783 0.845223 0.085717
v 0.024783 0.845223 0.190978
v 0.024783 0.845223 0.296247
v 0.024783 0.845223 0.401507
v 0.024783 0.845223 0.506767
v 0.024783 0.845223 0.612038
v 0.024783 0.845223 0.717297
v 0.024783 0.845223 0.822557
v 0.024783 0.845223 0.927828
v 0.024783 0.845223 1.033088
v 0.035125 0.854262 -0.756382
v 0.035125 0.854262 -0.651122
v 0.035125 0.854262 -0.545862
v 0.035125 0.854262 -0.440593
v 0.035125 0.854262 -0.335332
v 0.035125 0.854262 -0.230072
v 0.035125 0.854262 -0.124812
v 0.035125 0.854262 -0.019543
v 0.035125 0.854262 0.085717
v 0.035125 0.854262 0.190978
v 0.035125 0.854262 0.296247
v 0.035125 0.854262 0.401507
v 0.035125 0.854262 0.506767
v 0.035125 0.854262 0.612038
v 0.035125 0.854262 0.717297
v 0.035125 0.854262 0.822557
v 0.035125 0.854262 0.927828
v 0.035125 0.854262 1.033088
v 0.051247 0.857438 -0.756382
v 0.051247 0.857438 -0.651122
v 0.051247 0.857438 -0.545862
v 0.051247 0.857438 -0.440593
v 0.051247 0.857438 -0.335332
v 0.051247 0.857438 -0.230072
v 0.051247 0.857438 -0.124812
v 0.051247 0.857438 -0.019543
v 0.051247 0.857438 0.085717
v 0.051247 0.857438 0.190978
v 0.051247 0.857438 0.296247
v 0.051247 0.857438 0.401507
v 0.051247 0.857438 0.506767
v 0.051247 0.857438 0.612038
v 0.051247 0.857438 0.717297
v 0.051247 0.857438 0.822557
v 0.051247 0.857438 0.927828
v 0.051247 0.857438 1.033088
v 0.051247 0.863545 -0.756382
v 0.051247 0.863545 -0.651122
v 0.051247 0.863545 -0.545862
v 0.051247 0.863545 -0.440593
v 0.051247 0.863545 -0.335332
v 0.051247 0.863545 -0.230072
v 0.051247 0.863545 -0.124812
v 0.051247 0.863545 -0.019543
v 0.051247 0.863545 0.085717
v 0.051247 0.863545 0.190978
v 0.051247 0.863545 0.296247
v 0.051247 0.863545 0.401507
v 0.051247 0.863545 0.506767
v 0.051247 0.863545 0.612038
v 0.051247 0.863545 0.717297
v 0.051247 0.863545 0.822557
v 0.051247 0.863545 0.927828
v 0.051247 0.863545 1.033088
v 0.057354 0.863545 -0.756382
v 0.057354 0.863545 -0.651122
v 0.057354 0.863545 -0.545862
v 0.057354 0.863545 -0.440593
v 0.057354 0.863545 -0.335332
v 0.057354 0.863545 -0.230072
v 0.057354 0.863545 -0.124812
v 0.057354 0.863545 -0.019543
v 0.057354 0.863545 0.085717
v 0.057354 0.863545 0.190978
v 0.057354 0.863545 0.296247
v 0.057354 0.863545 0.401507
v 0.057354 0.863545 0.506767
v 0.057354 0.863545 0.612038
v 0.057354 0.863545 0.717297
v 0.057354 0.863545 0.822557
v 0.057354 0.863545 0.927828
v 0.057354 0.863545 1.033088
v 0.057354 0.877795 -0.756382
v 0.057354 0.877795 -0.651122
v 0.057354 0.877795 -0.545862
v 0.057354 0.877795 -0.440593
v 0.057354 0.877795 -0.335332
v 0.057354 0.877795 -0.230072
v 0.057354 0.877795 -0.124812
v 0.057354 0.877795 -0.019543
v 0.057354 0.877795 0.085717
v 0.057354 0.877795 0.190978
v 0.057354 0.877795 0.296247
v 0.057354 0.877795 0.401507
v 0.057354 0.877795 0.506767
v 0.057354 0.877795 0.612038
v 0.057354 0.877795 0.717297
v 0.057354 0.877795 0.822557
v 0.057354 0.877795 0.927828
v 0.057354 0.877795 1.033088
v -0.030321 -0.452168 1.033088
v -0.030321 -0.452168 0.927828
v -0.030321 -0.452168 0.822558
v -0.030321 -0.452168 0.717298
v -0.030321 -0.452168 0.612038
v -0.030321 -0.452168 0.506767
v -0.030321 -0.452168 0.401507
v -0.030321 -0.452168 0.296248
v -0.030321 -0.452168 0.190978
v -0.030321 -0.452168 0.085717
v -0.030321 -0.452168 -0.019543
v -0.030321 -0.452168 -0.124812
v -0.030321 -0.452168 -0.230072
v -0.030321 -0.452168 -0.335332
v -0.030321 -0.452168 -0.440593
v -0.030321 -0.452168 -0.545862
v -0.030321 -0.452168 -0.651122
v -0.030321 -0.452168 -0.756382
v -0.030322 -0.536080 1.033088
v -0.030322 -0.536080 0.927828
v -0.030322 -0.536080 0.822558
v -0.030322 -0.536080 0.717298
v -0.030322 -0.536080 0.612038
v -0.030322 -0.536080 0.506767
v -0.030322 -0.536080 0.401507
v -0.030322 -0.536080 0.296248
v -0.030322 -0.536080 0.190978
v -0.030322 -0.536080 0.085717
v -0.030322 -0.536080 -0.019543
v -0.030322 -0.536080 -0.124812
v -0.030322 -0.536080 -0.230072
v -0.030322 -0.536080 -0.335332
v -0.030322 -0.536080 -0.440593
v -0.030322 -0.536080 -0.545862
v -0.030322 -0.536080 -0.651122
v -0.030322 -0.536080 -0.756382
v -0.030321 0.730655 1.033088
v -0.030321 0.730655 0.927828
v -0.030321 0.730655 0.822557
v -0.030321 0.730655 0.717297
v -0.030321 0.730655 0.612038
v -0.030321 0.730655 0.506767
v -0.030321 0.730655 0.401507
v -0.030321 0.730655 0.296247
v -0.030321 0.730655 0.190978
v -0.030321 0.730655 0.085717
v -0.030321 0.730655 -0.019543
v -0.030321 0.730655 -0.124812
v -0.030321 0.730655 -0.230072
v -0.030321 0.730655 -0.335332
v -0.030321 0.730655 -0.440593
v -0.030321 0.730655 -0.545862
v -0.030321 0.730655 -0.651122
v -0.030321 0.730655 -0.756382
v -0.030321 0.664942 1.033088
v -0.030321 0.664942 0.927828
v -0.030321 0.664942 0.822557
v -0.030321 0.664942 0.717297
v -0.030321 0.664942 0.612038
v -0.030321 0.664942 0.506767
v -0.030321 0.664942 0.401507
v -0.030321 0.664942 0.296247
v -0.030321 0.664942 0.190978
v -0.030321 0.664942 0.085717
v -0.030321 0.664942 -0.019543
v -0.030321 0.664942 -0.124812
v -0.030321 0.664942 -0.230072
v -0.030321 0.664942 -0.335332
v -0.030321 0.664942 -0.440593
v -0.030321 0.664942 -0.545862
v -0.030321 0.664942 -0.651122
v -0.030321 0.664942 -0.756382
v -0.030321 0.599230 1.033088
v -0.030321 0.599230 0.927828
v -0.030321 0.599230 0.822557
v -0.030321 0.599230 0.717297
v -0.030321 0.599230 0.612038
v -0.030321 0.599230 0.506767
v -0.030321 0.599230 0.401507
v -0.030321 0.599230 0.296247
v -0.030321 0.599230 0.190978
v -0.030321 0.599230 0.085717
v -0.030321 0.599230 -0.019543
v -0.030321 0.599230 -0.124812
v -0.030321 0.599230 -0.230072
v -0.030321 0.599230 -0.335332
v -0.030321 0.599230 -0.440593
v -0.030321 0.599230 -0.545862
v -0.030321 0.599230 -0.651122
v -0.030321 0.599230 -0.756382
v -0.030321 0.533518 1.033088
v -0.030321 0.533518 0.927828
v -0.030321 0.533518 0.822557
v -0.030321 0.533518 0.717297
v -0.030321 0.533518 0.612038
v -0.030321 0.533518 0.506767
v -0.030321 0.533518 0.401507
v -0.030321 0.533518 0.296247
v -0.030321 0.533518 0.190978
v -0.030321 0.533518 0.085717
v -0.030321 0.533518 -0.019543
v -0.030321 0.533518 -0.124812
v -0.030321 0.533518 -0.230072
v -0.030321 0.533518 -0.335332
v -0.030321 0.533518 -0.440593
v -0.030321 0.533518 -0.545862
v -0.030321 0.533518 -0.651122
v -0.030321 0.533518 -0.756382
v -0.030321 0.467805 1.033088
v -0.030321 0.467805 0.927828
v -0.030321 0.467805 0.822557
v -0.030321 0.467805 0.717297
v -0.030321 0.467805 0.612038
v -0.030321 0.467805 0.506767
v -0.030321 0.467805 0.401507
v -0.030321 0.467805 0.296247
v -0.030321 0.467805 0.190978
v -0.030321 0.467805 0.085717
v -0.030321 0.467805 -0.019543
v -0.030321 0.467805 -0.124812
v -0.030321 0.467805 -0.230072
v -0.030321 0.467805 -0.335332
v -0.030321 0.467805 -0.440593
v -0.030321 0.467805 -0.545862
v -0.030321 0.467805 -0.651122
v -0.030321 0.467805 -0.756382
v -0.030321 0.402093 1.033088
v -0.030321 0.402093 0.927828
v -0.030321 0.402093 0.822557
v -0.030321 0.402093 0.717297
v -0.030321 0.402093 0.612038
v -0.030321 0.402093 0.506767
v -0.030321 0.402093 0.401507
v -0.030321 0.402093 0.296247
v -0.030321 0.402093 0.190978
v -0.030321 0.402093 0.085717
v -0.030321 0.402093 -0.019543
v -0.030321 0.402093 -0.124812
v -0.030321 0.402093 -0.230072
v -0.030321 0.402093 -0.335332
v -0.030321 0.402093 -0.440593
v -0.030321 0.402093 -0.545862
v -0.030321 0.402093 -0.651122
v -0.030321 0.402093 -0.756382
v -0.030321 0.336380 1.033088
v -0.030321 0.336380 0.927828
v -0.030321 0.336380 0.822557
v -0.030321 0.336380 0.717298
v -0.030321 0.336380 0.612038
v -0.030321 0.336380 0.506767
v -0.030321 0.336380 0.401507
v -0.030321 0.336380 0.296247
v -0.030321 0.336380 0.190978
v -0.030321 0.336380 0.085717
v -0.030321 0.336380 -0.019543
v -0.030321 0.336380 -0.124812
v -0.030321 0.336380 -0.230072
v -0.030321 0.336380 -0.335332
v -0.030321 0.336380 -0.440593
v -0.030321 0.336380 -0.545862
v -0.030321 0.336380 -0.651122
v -0.030321 0.336381 -0.756382
v -0.030321 0.270668 1.033088
v -0.030321 0.270668 0.927828
v -0.030321 0.270668 0.822557
v -0.030321 0.270668 0.717298
v -0.030321 0.270668 0.612038
v -0.030321 0.270668 0.506767
v -0.030321 0.270668 0.401507
v -0.030321 0.270668 0.296247
v -0.030321 0.270668 0.190978
v -0.030321 0.270668 0.085717
v -0.030321 0.270668 -0.019543
v -0.030321 0.270668 -0.124812
v -0.030321 0.270668 -0.230072
v -0.030321 0.270668 -0.335332
v -0.030321 0.270668 -0.440593
v -0.030321 0.270668 -0.545862
v -0.030321 0.270668 -0.651122
v -0.030321 0.270668 -0.756382
v -0.030321 0.204956 1.033088
v -0.030321 0.204956 0.927828
v -0.030321 0.204956 0.822557
v -0.030321 0.204956 0.717298
v -0.030321 0.204956 0.612038
v -0.030321 0.204956 0.506767
v -0.030321 0.204956 0.401507
v -0.030321 0.204956 0.296247
v -0.030321 0.204956 0.190978
v -0.030321 0.204956 0.085717
v -0.030321 0.204956 -0.019543
v -0.030321 0.204956 -0.124812
v -0.030321 0.204956 -0.230072
v -0.030321 0.204956 -0.335332
v -0.030321 0.204956 -0.440593
v -0.030321 0.204956 -0.545862
v -0.030321 0.204956 -0.651122
v -0.030321 0.204956 -0.756382
v -0.030321 0.139243 1.033088
v -0.030321 0.139243 0.927828
v -0.030321 0.139243 0.822557
v -0.030321 0.139243 0.717298
v -0.030321 0.139243 0.612038
v -0.030321 0.139243 0.506767
v -0.030321 0.139243 0.401507
v -0.030321 0.139243 0.296247
v -0.030321 0.139243 0.190978
v -0.030321 0.139243 0.085717
v -0.030321 0.139243 -0.019543
v -0.030321 0.139243 -0.124812
v -0.030321 0.139243 -0.230072
v -0.030321 0.139243 -0.335332
v -0.030321 0.139243 -0.440593
v -0.030321 0.139243 -0.545862
v -0.030321 0.139243 -0.651122
v -0.030321 0.139243 -0.756382
v -0.030321 0.073531 1.033088
v -0.030321 0.073531 0.927828
v -0.030321 0.073531 0.822557
v -0.030321 0.073531 0.717298
v -0.030321 0.073531 0.612038
v -0.030321 0.073531 0.506767
v -0.030321 0.073531 0.401507
v -0.030321 0.073531 0.296247
v -0.030321 0.073531 0.190978
v -0.030321 0.073531 0.085717
v -0.030321 0.073531 -0.019543
v -0.030321 0.073531 -0.124812
v -0.030321 0.073531 -0.230072
v -0.030321 0.073531 -0.335332
v -0.030321 0.073531 -0.440593
v -0.030321 0.073531 -0.545862
v -0.030321 0.073531 -0.651122
v -0.030321 0.073531 -0.756382
v -0.030321 0.007819 1.033088
v -0.030321 0.007819 0.927828
v -0.030321 0.007819 0.822557
v -0.030321 0.007819 0.717298
v -0.030321 0.007819 0.612038
v -0.030321 0.007819 0.506767
v -0.030321 0.007819 0.401507
v -0.030321 0.007819 0.296247
v -0.030321 0.007819 0.190978
v -0.030321 0.007819 0.085717
v -0.030321 0.007819 -0.019543
v -0.030321 0.007819 -0.124812
v -0.030321 0.007819 -0.230072
v -0.030321 0.007819 -0.335332
v -0.030321 0.007819 -0.440593
v -0.030321 0.007819 -0.545862
v -0.030321 0.007819 -0.651122
v -0.030321 0.007819 -0.756382
v -0.030321 -0.057894 1.033088
v -0.030321 -0.057894 0.927828
v -0.030321 -0.057894 0.822557
v -0.030321 -0.057894 0.717298
v -0.030321 -0.057894 0.612038
v -0.030321 -0.057894 0.506767
v -0.030321 -0.057894 0.401507
v -0.030321 -0.057894 0.296247
v -0.030321 -0.057894 0.190978
v -0.030321 -0.057894 0.085717
v -0.030321 -0.057894 -0.019543
v -0.030321 -0.057894 -0.124812
v -0.030321 -0.057894 -0.230072
v -0.030321 -0.057894 -0.335332
v -0.030321 -0.057894 -0.440593
v -0.030321 -0.057894 -0.545862
v -0.030321 -0.057894 -0.651122
v -0.030321 -0.057894 -0.756382
v -0.030321 -0.123606 1.033088
v -0.030321 -0.123606 0.927828
v -0.030321 -0.123606 0.822557
v -0.030321 -0.123606 0.717298
v -0.030321 -0.123606 0.612038
v -0.030321 -0.123606 0.506767
v -0.030321 -0.123606 0.401507
v -0.030321 -0.123606 0.296247
v -0.030321 -0.123606 0.190978
v -0.030321 -0.123606 0.085717
v -0.030321 -0.123606 -0.019543
v -0.030321 -0.123606 -0.124812
v -0.030321 -0.123606 -0.230072
v -0.030321 -0.123606 -0.335332
v -0.030321 -0.123606 -0.440593
v -0.030321 -0.123606 -0.545862
v -0.030321 -0.123606 -0.651122
v -0.030321 -0.123606 -0.756382
v -0.030321 -0.189318 1.033088
v -0.030321 -0.189318 0.927828
v -0.030321 -0.189318 0.822557
v -0.030321 -0.189318 0.717298
v -0.030321 -0.189318 0.612038
v -0.030321 -0.189318 0.506767
v -0.030321 -0.189318 0.401507
v -0.030321 -0.189318 0.296247
v -0.030321 -0.189318 0.190978
v -0.030321 -0.189318 0.085717
v -0.030321 -0.189318 -0.019543
v -0.030321 -0.189318 -0.124812
v -0.030321 -0.189318 -0.230072
v -0.030321 -0.189318 -0.335332
v -0.030321 -0.189318 -0.440593
v -0.030321 -0.189318 -0.545862
v -0.030321 -0.189318 -0.651122
v -0.030321 -0.189318 -0.756382
v -0.030321 -0.255031 1.033088
v -0.030321 -0.255031 0.927828
v -0.030321 -0.255031 0.822557
v -0.030321 -0.255031 0.717298
v -0.030321 -0.255031 0.612038
v -0.030321 -0.255031 0.506767
v -0.030321 -0.255031 0.401507
v -0.030321 -0.255031 0.296248
v -0.030321 -0.255031 0.190978
v -0.030321 -0.255031 0.085717
v -0.030321 -0.255031 -0.019543
v -0.030321 -0.255031 -0.124812
v -0.030321 -0.255031 -0.230072
v -0.030321 -0.255031 -0.335332
v -0.030321 -0.255031 -0.440593
v -0.030321 -0.255031 -0.545862
v -0.030321 -0.255031 -0.651122
v -0.030321 -0.255031 -0.756382
v -0.030321 -0.320743 1.033088
v -0.030321 -0.320743 0.927828
v -0.030321 -0.320743 0.822557
v -0.030321 -0.320743 0.717298
v -0.030321 -0.320743 0.612038
v -0.030321 -0.320743 0.506767
v -0.030321 -0.320743 0.401507
v -0.030321 -0.320743 0.296248
v -0.030321 -0.320743 0.190978
v -0.030321 -0.320743 0.085717
v -0.030321 -0.320743 -0.019543
v -0.030321 -0.320743 -0.124812
v -0.030321 -0.320743 -0.230072
v -0.030321 -0.320743 -0.335332
v -0.030321 -0.320743 -0.440593
v -0.030321 -0.320743 -0.545862
v -0.030321 -0.320743 -0.651122
v -0.030321 -0.320743 -0.756382
v -0.030321 -0.386456 1.033088
v -0.030321 -0.386456 0.927828
v -0.030321 -0.386456 0.822557
v -0.030321 -0.386456 0.717298
v -0.030321 -0.386456 0.612038
v -0.030321 -0.386456 0.506767
v -0.030321 -0.386456 0.401507
v -0.030321 -0.386456 0.296248
v -0.030321 -0.386456 0.190978
v -0.030321 -0.386456 0.085717
v -0.030321 -0.386456 -0.019543
v -0.030321 -0.386456 -0.124812
v -0.030321 -0.386456 -0.230072
v -0.030321 -0.386456 -0.335332
v -0.030321 -0.386456 -0.440593
v -0.030321 -0.386456 -0.545862
v -0.030321 -0.386456 -0.651122
v -0.030321 -0.386456 -0.756382
v -0.012338 0.730968 -0.756382
v -0.012338 0.730968 -0.651122
v -0.012338 0.730968 -0.545862
v -0.012338 0.730968 -0.440593
v -0.012338 0.730968 -0.335332
v -0.012338 0.730968 -0.230072
v -0.012338 0.730968 -0.124812
v -0.012338 0.730968 -0.019543
v -0.012338 0.730968 0.085717
v -0.012338 0.730968 0.190978
v -0.012338 0.730968 0.296247
v -0.012338 0.730968 0.401507
v -0.012338 0.730968 0.506767
v -0.012338 0.730968 0.612038
v -0.012338 0.730968 0.717297
v -0.012338 0.730968 0.822557
v -0.012338 0.730968 0.927828
v -0.012338 0.730968 1.033088
v -0.012338 0.665255 -0.756382
v -0.012338 0.665255 -0.651122
v -0.012338 0.665255 -0.545862
v -0.012338 0.665255 -0.440593
v -0.012338 0.665255 -0.335332
v -0.012338 0.665255 -0.230072
v -0.012338 0.665255 -0.124812
v -0.012338 0.665255 -0.019543
v -0.012338 0.665255 0.085717
v -0.012338 0.665255 0.190978
v -0.012338 0.665255 0.296247
v -0.012338 0.665255 0.401507
v -0.012338 0.665255 0.506767
v -0.012338 0.665255 0.612038
v -0.012338 0.665255 0.717297
v -0.012338 0.665255 0.822557
v -0.012338 0.665255 0.927828
v -0.012338 0.665255 1.033088
v -0.012338 0.599543 -0.756382
v -0.012338 0.599543 -0.651122
v -0.012338 0.599543 -0.545862
v -0.012338 0.599543 -0.440593
v -0.012338 0.599543 -0.335332
v -0.012338 0.599543 -0.230072
v -0.012338 0.599543 -0.124812
v -0.012338 0.599543 -0.019543
v -0.012338 0.599543 0.085717
v -0.012338 0.599543 0.190978
v -0.012338 0.599543 0.296247
v -0.012338 0.599543 0.401507
v -0.012338 0.599543 0.506767
v -0.012338 0.599543 0.612038
v -0.012338 0.599543 0.717297
v -0.012338 0.599543 0.822557
v -0.012338 0.599543 0.927828
v -0.012338 0.599543 1.033088
v -0.012338 0.533831 -0.756382
v -0.012338 0.533831 -0.651122
v -0.007396 0.533831 -0.440593
v -0.014032 0.533831 -0.335332
v -0.002343 0.533831 -0.230072
v -0.021510 0.533831 -0.124812
v 0.028263 0.533831 -0.019543
v -0.012338 0.533831 0.085717
v -0.012338 0.533831 0.190978
v -0.012338 0.533831 0.296247
v -0.012338 0.533831 0.401507
v -0.012338 0.533831 0.506767
v -0.012338 0.533831 0.612038
v -0.012338 0.533831 0.717297
v -0.012338 0.533831 0.822557
v -0.012338 0.533831 0.927828
v -0.012338 0.533831 1.033088
v -0.012338 0.468118 -0.756382
v -0.012338 0.468118 -0.651122
v -0.012338 0.468118 -0.545862
v -0.012338 0.468118 -0.019543
v -0.012338 0.468118 0.085717
v -0.012338 0.468118 0.190978
v -0.012338 0.468118 0.506767
v -0.012338 0.468118 0.612038
v -0.012338 0.468118 0.717297
v -0.012338 0.468118 0.822557
v -0.012338 0.468118 0.927828
v -0.012338 0.468118 1.033088
v -0.012338 0.402406 -0.756382
v -0.012338 0.402406 -0.651122
v 0.006918 0.402406 -0.019543
v -0.012338 0.402406 0.085717
v -0.012338 0.402406 0.190978
v -0.013276 0.402406 0.423307
v -0.012338 0.402406 0.506767
v -0.012338 0.402406 0.612038
v -0.012338 0.402406 0.717297
v -0.012338 0.402406 0.822557
v -0.012338 0.402406 0.927828
v -0.012338 0.402406 1.033088
v -0.012338 0.336694 -0.756382
v -0.012338 0.336694 -0.651122
v 0.003591 0.336694 -0.534462
v -0.012338 0.336694 -0.019543
v -0.012338 0.336694 0.085717
v -0.012338 0.336694 0.190978
v 0.002147 0.336694 0.423967
v -0.012338 0.336694 0.506767
v -0.012338 0.336694 0.612038
v -0.012338 0.336694 0.717298
v -0.012338 0.336694 0.822557
v -0.012338 0.336694 0.927828
v -0.012338 0.336694 1.033088
v -0.012338 0.270981 -0.756382
v -0.012338 0.270981 -0.651122
v -0.012338 0.270981 -0.545862
v -0.012338 0.270981 -0.124812
v -0.012338 0.270981 -0.019543
v -0.012338 0.270981 0.085717
v -0.012338 0.270981 0.190978
v 0.003600 0.270981 0.296247
v -0.012338 0.270981 0.612038
v -0.012338 0.270981 0.717298
v -0.012338 0.270981 0.822557
v -0.012338 0.270981 0.927828
v -0.012338 0.270981 1.033088
v -0.012338 0.205269 -0.756382
v -0.012338 0.205269 -0.651122
v -0.012338 0.205269 -0.124812
v -0.012338 0.205269 -0.019543
v -0.012338 0.205269 0.085717
v -0.012338 0.205269 0.190978
v -0.022737 0.205269 0.296247
v -0.012338 0.205269 0.612038
v -0.012338 0.205269 0.717298
v -0.012338 0.205269 0.822557
v -0.012338 0.205269 0.927828
v -0.012338 0.205269 1.033088
v -0.012338 0.139557 -0.756382
v -0.012338 0.139557 -0.651122
v -0.012338 0.139557 -0.545862
v -0.012338 0.139557 -0.124812
v -0.012338 0.139557 -0.019543
v -0.012338 0.139557 0.085717
v -0.012338 0.139557 0.190978
v 0.048447 0.139557 0.492827
v 0.019230 0.139557 0.744397
v -0.012338 0.139557 0.822557
v -0.012338 0.139557 0.927828
v -0.012338 0.139556 1.033088
v -0.012338 0.073844 -0.756382
v -0.012338 0.073844 -0.651122
v 0.001414 0.073844 -0.545862
v -0.020962 0.073844 -0.230072
v -0.012338 0.073844 -0.124812
v -0.012338 0.073844 -0.019543
v -0.012338 0.073844 0.085717
v -0.012338 0.073844 0.190978
v -0.012338 0.073844 0.822557
v -0.012338 0.073844 0.927828
v -0.012338 0.073844 1.033088
v -0.012338 0.008132 -0.756382
v -0.012338 0.008132 -0.651122
v 0.004956 0.008132 -0.513932
v -0.012338 0.008132 -0.124812
v -0.012338 0.008132 -0.019543
v -0.012338 0.008132 0.085717
v -0.012338 0.008132 0.190978
v -0.020022 0.008132 0.717298
v -0.012338 0.008132 0.822557
v -0.012338 0.008132 0.927828
v -0.012338 0.008132 1.033088
v -0.012338 -0.057581 -0.756382
v -0.012338 -0.057581 -0.651122
v -0.023753 -0.057581 -0.545862
v -0.019353 -0.057581 -0.230072
v -0.012338 -0.057581 -0.124812
v -0.012338 -0.057581 -0.019543
v -0.012338 -0.057581 0.085717
v -0.012338 -0.057581 0.190978
v 0.043221 -0.057581 0.378537
v -0.012338 -0.057581 0.822557
v -0.012338 -0.057581 0.927828
v -0.012338 -0.057581 1.033088
v -0.012338 -0.123293 -0.756382
v -0.012338 -0.123293 -0.651122
v 0.012611 -0.123293 -0.247622
v -0.012338 -0.123293 -0.124812
v -0.012338 -0.123293 -0.019543
v -0.012338 -0.123293 0.085717
v -0.012338 -0.123293 0.190978
v -0.012338 -0.123293 0.296247
v -0.019988 -0.123293 0.717298
v 0.009489 -0.123293 0.822557
v -0.012338 -0.123293 0.927828
v -0.012338 -0.189005 -0.756382
v -0.012338 -0.189005 -0.651122
v 0.013436 -0.189005 -0.335332
v -0.012338 -0.189005 -0.124812
v -0.012338 -0.189005 -0.019543
v -0.012338 -0.189005 0.085717
v -0.012338 -0.189005 0.190978
v 0.027208 -0.189005 0.378537
v -0.020569 -0.189005 1.033088
v -0.012338 -0.254718 -0.756382
v -0.012338 -0.254718 -0.651122
v -0.012338 -0.254718 -0.545862
v 0.004104 -0.254718 -0.335332
v -0.012338 -0.254718 -0.230072
v -0.012338 -0.254718 -0.124812
v -0.012338 -0.254718 -0.019543
v -0.012338 -0.254718 0.085717
v -0.012338 -0.254718 0.190978
v 0.008182 -0.254718 0.313607
v -0.022769 -0.254718 1.033088
v -0.012338 -0.320430 -0.756382
v -0.012338 -0.320430 -0.651122
v -0.004934 -0.320430 -0.507752
v 0.002231 -0.320430 -0.413073
v -0.012338 -0.320430 -0.230072
v -0.012338 -0.320430 -0.124812
v -0.012338 -0.320430 -0.019543
v -0.012338 -0.320430 0.085717
v -0.012338 -0.320430 0.190978
v -0.011432 -0.293460 0.506767
v 0.020943 -0.315159 0.600247
v 0.001203 -0.315224 0.822557
v 0.025346 -0.292922 0.927828
v -0.012338 -0.386142 -0.756382
v -0.012338 -0.386142 -0.651122
v -0.012338 -0.386142 -0.335332
v -0.012338 -0.386142 -0.230072
v -0.012338 -0.386142 -0.124812
v -0.012338 -0.386142 -0.019543
v -0.012338 -0.386142 0.085717
v -0.012338 -0.386142 0.190978
v -0.012338 -0.386142 0.296248
v -0.012338 -0.386142 0.401507
v -0.012338 -0.386142 0.506767
v -0.012338 -0.386142 0.612038
v -0.012338 -0.386142 0.717298
v -0.012338 -0.386142 0.822557
v -0.012338 -0.386142 0.927828
v -0.012338 -0.386142 1.033088
v 0.003743 0.018210 0.342578
v -0.000551 0.008132 0.338468
v -0.001523 -0.003401 0.343798
v 0.001961 0.013096 0.345867
v 0.001883 0.011556 0.346647
v 0.001075 0.009572 0.347717
v -0.000307 0.006318 0.344667
v 0.000532 0.009739 0.344498
v 0.000412 0.007971 0.347148
v -0.000018 0.003751 0.347077
v -0.000637 0.002412 0.346468
v 0.000233 0.006108 0.347918
v 0.007851 0.098856 0.286198
v 0.010428 0.073844 0.253178
v 0.014724 0.055201 0.300987
v 0.012480 0.086588 0.279187
v 0.013105 0.083875 0.286267
v 0.014941 0.078760 0.281077
v 0.014417 0.071109 0.269358
v 0.013412 0.077550 0.267258
v 0.015366 0.074608 0.275568
v 0.015604 0.068005 0.291637
v 0.015984 0.064306 0.286808
v 0.016087 0.071465 0.283578
v -0.020575 0.163790 0.296247
v -0.016740 0.139557 0.271708
v -0.006095 0.118095 0.290948
v -0.018693 0.151896 0.292607
v -0.017147 0.148829 0.295467
v -0.016592 0.143944 0.292747
v -0.015147 0.136345 0.283008
v -0.017309 0.143152 0.283757
v -0.015934 0.139865 0.288708
v -0.011849 0.132110 0.293528
v -0.011340 0.128670 0.289887
v -0.014171 0.136293 0.291847
v 0.015595 0.312259 0.291338
v 0.014031 0.336694 0.264328
v 0.010713 0.359170 0.291098
v 0.017794 0.324250 0.286327
v 0.017304 0.327484 0.290308
v 0.018267 0.332374 0.286728
v 0.016506 0.340035 0.276558
v 0.017230 0.333070 0.276587
v 0.018008 0.336469 0.282268
v 0.015522 0.344614 0.290217
v 0.015311 0.348128 0.286207
v 0.017451 0.340225 0.286688
v -0.001753 0.382551 0.293878
v -0.012338 0.402406 0.273618
v -0.004618 0.423171 0.300837
v -0.006957 0.392312 0.291677
v -0.005789 0.395291 0.295708
v -0.008439 0.399194 0.293447
v -0.011198 0.405471 0.285377
v -0.010762 0.399450 0.284388
v -0.010191 0.402497 0.290108
v -0.006835 0.410121 0.298247
v -0.008398 0.413003 0.295248
v -0.008910 0.405996 0.294627
v 0.010187 0.438538 0.304228
v 0.014743 0.468118 0.279187
v 0.010187 0.497699 0.304228
v 0.012806 0.468118 0.341878
v 0.014646 0.453131 0.302717
v 0.014338 0.453037 0.312037
v 0.016270 0.461468 0.308638
v 0.016271 0.472557 0.293777
v 0.016271 0.463679 0.293777
v 0.016883 0.468118 0.302387
v 0.014338 0.483199 0.312037
v 0.014646 0.483106 0.302717
v 0.016270 0.474769 0.308638
v 0.015286 0.463742 0.325658
v 0.015286 0.472495 0.325658
v 0.016441 0.468118 0.316487
v -0.015026 0.468118 0.383287
v -0.022708 0.487889 0.401507
v -0.022708 0.468118 0.421278
v -0.027435 0.449898 0.407557
v -0.018797 0.471052 0.392227
v -0.019478 0.465437 0.393087
v -0.021107 0.468289 0.398047
v -0.022708 0.478185 0.404438
v -0.021568 0.478185 0.398807
v -0.022140 0.472652 0.401928
v -0.023419 0.465378 0.412428
v -0.022708 0.471052 0.411577
v -0.022854 0.468248 0.406617
v -0.023993 0.458808 0.401917
v -0.025100 0.458897 0.407537
v -0.023212 0.464082 0.403328
v 0.004476 0.288357 0.431778
v 0.001128 0.270981 0.451697
v 0.004334 0.279669 0.435468
v 0.003109 0.273309 0.442767
v -0.008661 0.270981 0.491737
v -0.012338 0.286461 0.506767
v -0.012338 0.270981 0.522247
v -0.003882 0.258916 0.502018
v -0.010466 0.273278 0.499118
v -0.009201 0.269149 0.498478
v -0.010495 0.271294 0.502957
v -0.012338 0.278863 0.509068
v -0.011792 0.278863 0.504538
v -0.011604 0.274626 0.506608
v -0.011092 0.269204 0.513978
v -0.012338 0.273278 0.514658
v -0.011334 0.271334 0.509828
v -0.007518 0.264901 0.502098
v -0.008019 0.264819 0.506628
v -0.009702 0.268430 0.505498
v 0.022820 0.220819 0.487027
v 0.027108 0.205269 0.499727
v 0.030404 0.186253 0.485948
v 0.027229 0.213091 0.486857
v 0.027657 0.210432 0.484777
v 0.029481 0.207433 0.485457
v 0.029874 0.202411 0.491188
v 0.028732 0.207640 0.491307
v 0.030187 0.204882 0.487477
v 0.030423 0.197824 0.484387
v 0.031047 0.195641 0.486288
v 0.030732 0.201706 0.485268
v 0.009186 0.139557 0.569238
v -0.012463 0.187676 0.612038
v -0.001486 0.139557 0.658808
v -0.001558 0.146697 0.590238
v 0.000111 0.139557 0.596977
v -0.005205 0.145211 0.605328
v -0.010952 0.164057 0.618978
v -0.009368 0.164057 0.605687
v -0.008802 0.153160 0.612497
v -0.003789 0.139557 0.629707
v -0.006992 0.146697 0.635848
v -0.006993 0.145211 0.620328
v 0.008228 0.116798 0.732438
v -0.007915 0.083268 0.752337
v -0.011959 0.053106 0.717298
v 0.001017 0.101860 0.730227
v 0.000514 0.097629 0.725058
v -0.002755 0.091516 0.725728
v -0.007761 0.080382 0.735098
v -0.004731 0.089921 0.737318
v -0.005416 0.085960 0.728928
v -0.006869 0.074336 0.719518
v -0.009213 0.069556 0.722528
v -0.006121 0.080883 0.723187
v -0.008714 -0.026074 0.717298
v -0.003292 -0.057581 0.749798
v -0.008699 -0.089091 0.717298
v -0.004976 -0.041544 0.722128
v -0.005788 -0.046060 0.717298
v -0.003945 -0.052301 0.721118
v -0.003019 -0.062260 0.733838
v -0.003021 -0.052902 0.733838
v -0.003046 -0.057581 0.726478
v -0.005782 -0.069104 0.717298
v -0.004968 -0.073619 0.722128
v -0.003943 -0.062862 0.721118
v 0.001882 -0.123293 1.011007
v -0.000260 -0.101685 1.033088
v 0.001882 -0.123293 1.055167
v -0.002647 -0.144100 1.033088
v 0.002857 -0.120082 1.021848
v 0.002502 -0.126387 1.021857
v 0.003050 -0.123214 1.028108
v 0.002085 -0.112298 1.036367
v 0.002085 -0.112298 1.029808
v 0.002950 -0.118384 1.033088
v 0.002502 -0.126387 1.044317
v 0.002857 -0.120082 1.044328
v 0.003050 -0.123214 1.038068
v 0.000872 -0.133878 1.029808
v 0.000872 -0.133878 1.036367
v 0.002412 -0.127948 1.033088
v 0.012035 -0.057581 0.332348
v -0.012338 -0.101139 0.296247
v -0.012338 -0.057581 0.252687
v -0.005875 -0.025204 0.324657
v 0.000072 -0.064044 0.314628
v 0.000804 -0.052532 0.318647
v -0.005242 -0.058520 0.306778
v -0.012338 -0.079760 0.289778
v -0.008722 -0.079760 0.301608
v -0.009610 -0.067904 0.296718
v -0.011390 -0.052832 0.278128
v -0.012338 -0.064044 0.274068
v -0.010651 -0.058746 0.288848
v -0.005320 -0.041462 0.316017
v -0.009031 -0.041013 0.304398
v -0.008085 -0.050927 0.303267
v -0.009721 -0.197385 0.298457
v -0.012338 -0.189005 0.287188
v -0.012338 -0.179951 0.296247
v -0.008417 -0.189005 0.304408
v -0.011002 -0.193283 0.296038
v -0.010424 -0.193241 0.298597
v -0.011238 -0.190858 0.296767
v -0.012338 -0.187662 0.291637
v -0.011952 -0.190241 0.291947
v -0.011908 -0.188933 0.294377
v -0.011756 -0.184395 0.297458
v -0.012338 -0.184395 0.294898
v -0.011831 -0.186931 0.296247
v -0.009961 -0.190269 0.300708
v -0.010341 -0.187662 0.300398
v -0.011024 -0.188952 0.298258
v 0.023486 -0.154890 0.373588
v 0.008402 -0.123293 0.344007
v 0.030613 -0.093319 0.373588
v 0.020070 -0.139390 0.369198
v 0.023352 -0.135089 0.373588
v 0.020882 -0.128784 0.370108
v 0.015669 -0.118860 0.358498
v 0.014622 -0.127976 0.358518
v 0.018386 -0.123489 0.365208
v 0.025959 -0.112566 0.373588
v 0.023710 -0.108009 0.369207
v 0.022082 -0.118447 0.370117
v 0.003448 -0.283475 0.754457
v -0.002255 -0.313516 0.710877
v 0.012087 -0.285003 0.659258
v 0.003123 -0.280323 0.731168
v 0.005258 -0.276020 0.724008
v 0.004535 -0.276382 0.714878
v 0.002415 -0.291164 0.701498
v 0.001132 -0.290814 0.715947
v 0.003651 -0.281117 0.707738
v 0.008411 -0.276578 0.689278
v 0.007500 -0.281054 0.683187
v 0.005976 -0.276617 0.699138
v -0.006934 -0.278676 1.013477
v 0.002447 -0.302820 1.025408
v 0.000638 -0.324505 1.007937
v 0.013752 -0.296249 0.969738
v -0.000995 -0.289187 1.009727
v 0.000563 -0.288006 1.001528
v 0.002776 -0.294538 1.002248
v 0.003439 -0.304637 1.013027
v 0.002279 -0.297612 1.013887
v 0.003621 -0.300134 1.006147
v 0.004441 -0.311444 0.998688
v 0.002809 -0.312183 1.006948
v 0.004467 -0.304752 1.001018
v 0.008111 -0.294418 0.985568
v 0.009219 -0.301150 0.984768
v 0.006181 -0.298666 0.993708
v 0.015527 -0.320430 0.345858
v 0.005066 -0.344366 0.310508
v 0.009339 -0.320430 0.292098
v 0.012225 -0.293469 0.316598
v 0.013818 -0.323957 0.331358
v 0.014871 -0.316438 0.332228
v 0.013644 -0.320114 0.323848
v 0.009140 -0.332519 0.310537
v 0.010017 -0.332655 0.318507
v 0.011713 -0.325671 0.316387
v 0.011721 -0.316417 0.304848
v 0.010652 -0.324047 0.304018
v 0.012244 -0.320163 0.311738
v 0.013676 -0.306689 0.321637
v 0.012759 -0.306722 0.313667
v 0.013326 -0.314212 0.317807
v -0.009718 -0.314847 0.423298
v -0.010320 -0.342903 0.401507
v -0.000114 -0.320430 0.380958
v -0.009654 -0.320895 0.412627
v -0.008159 -0.317571 0.409658
v -0.008455 -0.321472 0.405317
v -0.008447 -0.331875 0.398458
v -0.009872 -0.331079 0.404728
v -0.008545 -0.326145 0.401648
v -0.004646 -0.319613 0.394177
v -0.004762 -0.323762 0.391038
v -0.006845 -0.322421 0.398208
v 0.004926 0.498868 -0.545862
v 0.011292 0.533831 -0.583702
v 0.004926 0.568793 -0.545862
v 0.012909 0.533831 -0.507492
v 0.012606 0.516075 -0.551513
v 0.012845 0.516069 -0.540142
v 0.015938 0.525982 -0.545813
v 0.014889 0.539049 -0.565072
v 0.014889 0.528612 -0.565072
v 0.016546 0.533831 -0.554333
v 0.012845 0.551593 -0.540142
v 0.012606 0.551586 -0.551513
v 0.015938 0.541679 -0.545813
v 0.015710 0.528617 -0.526372
v 0.015710 0.539045 -0.526372
v 0.016908 0.533831 -0.537223
v -0.002350 0.190232 -0.223562
v -0.005369 0.205269 -0.213642
v -0.003388 0.197750 -0.224623
v -0.004493 0.203254 -0.220983
v 0.000663 0.323911 -0.102862
v 0.000928 0.336694 -0.083673
v 0.001847 0.330302 -0.098352
v 0.001944 0.334981 -0.091322
v -0.007225 0.040470 -0.230072
v 0.000056 0.008132 -0.195622
v -0.006539 -0.024480 -0.230072
v -0.001582 0.024582 -0.224953
v -0.002578 0.019904 -0.230072
v 0.000131 0.013510 -0.226023
v 0.001141 0.003283 -0.212552
v 0.001039 0.012940 -0.212552
v 0.001338 0.008100 -0.220343
v -0.002328 -0.003821 -0.230072
v -0.001234 -0.008459 -0.224953
v 0.000246 0.002644 -0.226023
v -0.000271 -0.157221 -0.238563
v -0.012338 -0.189005 -0.195032
v -0.012338 -0.224047 -0.230072
v -0.004004 -0.189005 -0.264102
v -0.006178 -0.172781 -0.229233
v -0.004978 -0.172924 -0.239492
v -0.008256 -0.182001 -0.232312
v -0.012338 -0.194205 -0.212233
v -0.010558 -0.184317 -0.213432
v -0.010772 -0.189352 -0.222933
v -0.011101 -0.206848 -0.235123
v -0.012338 -0.206848 -0.224873
v -0.010981 -0.197063 -0.230332
v -0.006305 -0.184221 -0.248572
v -0.008095 -0.194205 -0.247402
v -0.008885 -0.189285 -0.238512
v 0.001955 0.152840 -0.207382
v 0.000549 0.139557 -0.187383
v -0.001218 0.126915 -0.207103
v 0.002271 0.146344 -0.202473
v 0.002012 0.144498 -0.205382
v 0.002158 0.141862 -0.202243
v 0.001292 0.137694 -0.195163
v 0.001760 0.141512 -0.195203
v 0.001922 0.139630 -0.198893
v 0.000854 0.135038 -0.205282
v 0.000650 0.133101 -0.202333
v 0.001625 0.137510 -0.202192
v 0.006743 -0.386142 -0.521413
v 0.003630 -0.409635 -0.545862
v 0.006743 -0.386142 -0.570302
v 0.006892 -0.364966 -0.533583
v 0.008257 -0.389637 -0.533432
v 0.008757 -0.382891 -0.531713
v 0.009269 -0.386305 -0.539192
v 0.007137 -0.398090 -0.549493
v 0.007137 -0.398090 -0.542222
v 0.008725 -0.391534 -0.545332
v 0.008738 -0.383028 -0.556552
v 0.008257 -0.389637 -0.558292
v 0.009252 -0.386401 -0.550173
v 0.008809 -0.375524 -0.535953
v 0.008792 -0.375319 -0.543182
v 0.009464 -0.381532 -0.542482
v -0.006670 -0.360575 -0.429893
v -0.012338 -0.386142 -0.412302
v -0.012338 -0.414435 -0.440593
v -0.005837 -0.386142 -0.468132
v -0.009476 -0.373232 -0.430912
v -0.008485 -0.373083 -0.439182
v -0.010174 -0.380524 -0.437582
v -0.012338 -0.390340 -0.426192
v -0.011481 -0.382277 -0.424692
v -0.011478 -0.386366 -0.433152
v -0.011373 -0.400548 -0.444682
v -0.012338 -0.400548 -0.436402
v -0.011441 -0.392652 -0.440062
v -0.008182 -0.382376 -0.453082
v -0.009028 -0.390341 -0.454622
v -0.010017 -0.386436 -0.445743
v -0.002710 -0.159846 -0.560232
v -0.012338 -0.123293 -0.586303
v -0.019260 -0.083449 -0.545862
v -0.007473 -0.141765 -0.559233
v -0.008420 -0.136185 -0.553223
v -0.010422 -0.128992 -0.554723
v -0.013365 -0.117381 -0.566452
v -0.010885 -0.128810 -0.568462
v -0.012006 -0.122965 -0.558932
v -0.014474 -0.108234 -0.547962
v -0.015862 -0.103005 -0.551863
v -0.013184 -0.116227 -0.552282
v 0.003705 0.175575 -0.554933
v 0.006480 0.205269 -0.594083
v 0.003705 0.234963 -0.554933
v 0.008642 0.190133 -0.563282
v 0.008223 0.194437 -0.557483
v 0.010407 0.200297 -0.563123
v 0.009646 0.209664 -0.577442
v 0.009646 0.200874 -0.577442
v 0.010872 0.205269 -0.569622
v 0.008223 0.216100 -0.557483
v 0.008642 0.220404 -0.563282
v 0.010407 0.210241 -0.563123
v 0.004223 0.369043 -0.543962
v -0.001181 0.402406 -0.588013
v -0.003879 0.435824 -0.549743
v 0.003649 0.385371 -0.553812
v 0.003259 0.390212 -0.548162
v 0.002961 0.396801 -0.554512
v 0.000492 0.407355 -0.570623
v 0.001686 0.397488 -0.569813
v 0.002055 0.402426 -0.561862
v 0.000296 0.414637 -0.550272
v -0.000484 0.419436 -0.556792
v 0.001600 0.408022 -0.555502
v -0.020289 -0.442574 -0.344933
v -0.029883 -0.452168 -0.335332
v -0.021574 -0.447371 -0.340133
v -0.025086 -0.450883 -0.336622
v -0.020289 -0.442574 -0.431003
v -0.020289 -0.442574 -0.450192
v -0.029883 -0.452168 -0.440593
v -0.020289 -0.442574 -0.437403
v -0.021564 -0.447353 -0.434062
v -0.021432 -0.447115 -0.438533
v -0.021705 -0.447272 -0.447132
v -0.020289 -0.442574 -0.443792
v -0.021432 -0.447115 -0.442662
v -0.025185 -0.450751 -0.437542
v -0.025104 -0.450893 -0.443652
v -0.023217 -0.449473 -0.440593
v -0.020289 -0.442574 -0.536262
v -0.020289 -0.442574 -0.555452
v -0.029883 -0.452168 -0.545862
v -0.020289 -0.442574 -0.542663
v -0.021564 -0.447353 -0.539323
v -0.021432 -0.447115 -0.543793
v -0.021705 -0.447272 -0.552392
v -0.020289 -0.442574 -0.549063
v -0.021431 -0.447114 -0.547933
v -0.025185 -0.450751 -0.542803
v -0.025104 -0.450893 -0.548912
v -0.023216 -0.449473 -0.545862
v -0.020289 -0.442574 -0.641532
v -0.029883 -0.452168 -0.651122
v -0.021574 -0.447371 -0.646322
v -0.025086 -0.450883 -0.649833
v -0.020289 0.523924 0.076128
v -0.029883 0.533518 0.085717
v -0.021574 0.528721 0.080928
v -0.025086 0.532232 0.084437
v -0.029883 0.533518 -0.019543
v -0.020289 0.523924 -0.029142
v -0.020289 0.523924 -0.009953
v -0.025185 0.532101 -0.022602
v -0.025104 0.532242 -0.016482
v -0.023216 0.530823 -0.019543
v -0.020289 0.523924 -0.022742
v -0.021564 0.528703 -0.026082
v -0.021431 0.528464 -0.021612
v -0.021705 0.528622 -0.013002
v -0.020289 0.523924 -0.016342
v -0.021431 0.528464 -0.017472
v -0.029883 0.533518 -0.124812
v -0.020289 0.523924 -0.134402
v -0.020289 0.523924 -0.115212
v -0.025185 0.532101 -0.127862
v -0.025104 0.532242 -0.121753
v -0.023216 0.530823 -0.124812
v -0.020289 0.523924 -0.128002
v -0.021564 0.528703 -0.131342
v -0.021431 0.528464 -0.126872
v -0.021705 0.528622 -0.118273
v -0.020289 0.523924 -0.121613
v -0.021431 0.528464 -0.122743
v -0.029883 0.533518 -0.230072
v -0.020289 0.523924 -0.239662
v -0.020289 0.523924 -0.220472
v -0.025185 0.532101 -0.233123
v -0.025104 0.532242 -0.227013
v -0.023216 0.530823 -0.230072
v -0.020289 0.523924 -0.233273
v -0.021564 0.528703 -0.236603
v -0.021431 0.528464 -0.232142
v -0.021705 0.528622 -0.223533
v -0.020289 0.523924 -0.226872
v -0.021431 0.528464 -0.228003
v -0.029883 0.533518 -0.335332
v -0.020289 0.523924 -0.344933
v -0.020289 0.523924 -0.325743
v -0.025185 0.532101 -0.338392
v -0.025104 0.532242 -0.332273
v -0.023216 0.530823 -0.335332
v -0.020289 0.523924 -0.338532
v -0.021564 0.528703 -0.341872
v -0.021431 0.528464 -0.337402
v -0.021705 0.528622 -0.328793
v -0.020289 0.523924 -0.332132
v -0.021431 0.528464 -0.333262
v -0.029883 0.533518 -0.440593
v -0.020289 0.523924 -0.450192
v -0.020289 0.523924 -0.431003
v -0.025185 0.532101 -0.443652
v -0.025104 0.532242 -0.437542
v -0.023216 0.530823 -0.440593
v -0.020289 0.523924 -0.443792
v -0.021564 0.528703 -0.447132
v -0.021431 0.528464 -0.442662
v -0.021705 0.528622 -0.434062
v -0.020289 0.523924 -0.437403
v -0.021431 0.528464 -0.438533
v -0.029883 0.533518 -0.545862
v -0.020289 0.523924 -0.555452
v -0.020289 0.523924 -0.536263
v -0.025185 0.532101 -0.548912
v -0.025104 0.532242 -0.542803
v -0.023216 0.530823 -0.545862
v -0.020289 0.523924 -0.549063
v -0.021564 0.528703 -0.552392
v -0.021431 0.528464 -0.547933
v -0.021705 0.528622 -0.539323
v -0.020289 0.523924 -0.542663
v -0.021431 0.528464 -0.543793
v -0.029883 0.533518 -0.651122
v -0.020289 0.523924 -0.641532
v -0.025086 0.532232 -0.649833
v -0.021574 0.528721 -0.646322
v -0.029883 0.467805 0.085717
v -0.020289 0.477399 0.076128
v -0.025086 0.469091 0.084437
v -0.021574 0.472602 0.080928
v -0.020289 0.477399 -0.009953
v -0.020289 0.477399 -0.029142
v -0.029883 0.467805 -0.019543
v -0.020289 0.477399 -0.016342
v -0.021564 0.472620 -0.013002
v -0.021431 0.472859 -0.017472
v -0.021705 0.472701 -0.026082
v -0.020289 0.477399 -0.022742
v -0.021431 0.472859 -0.021612
v -0.025185 0.469222 -0.016482
v -0.025104 0.469080 -0.022602
v -0.023216 0.470500 -0.019543
v -0.020289 0.477399 -0.115212
v -0.020289 0.477399 -0.134402
v -0.029883 0.467805 -0.124812
v -0.020289 0.477399 -0.121613
v -0.021564 0.472620 -0.118273
v -0.021431 0.472859 -0.122743
v -0.021705 0.472701 -0.131342
v -0.020289 0.477399 -0.128002
v -0.021431 0.472859 -0.126872
v -0.025185 0.469222 -0.121753
v -0.025104 0.469080 -0.127862
v -0.023216 0.470500 -0.124812
v -0.020289 0.477399 -0.220472
v -0.020289 0.477399 -0.239662
v -0.020289 0.458211 -0.239662
v -0.029883 0.467805 -0.230072
v -0.020289 0.477399 -0.226872
v -0.021705 0.472701 -0.223533
v -0.021250 0.472044 -0.228413
v -0.020289 0.471003 -0.239662
v -0.020289 0.477399 -0.233273
v -0.020702 0.471481 -0.233743
v -0.021705 0.461269 -0.234962
v -0.020289 0.464607 -0.239662
v -0.021250 0.466147 -0.234312
v -0.025185 0.469222 -0.227013
v -0.025185 0.464748 -0.231483
v -0.022880 0.467763 -0.230032
v -0.020289 0.477399 -0.325743
v -0.020289 0.477399 -0.344933
v -0.029883 0.467805 -0.335332
v -0.020289 0.458211 -0.325743
v -0.020289 0.477399 -0.332132
v -0.020289 0.471003 -0.325743
v -0.020702 0.471481 -0.331662
v -0.021705 0.472701 -0.341872
v -0.020289 0.477399 -0.338532
v -0.021250 0.472044 -0.336992
v -0.025185 0.464748 -0.333913
v -0.025185 0.469222 -0.338392
v -0.022880 0.467763 -0.335372
v -0.020289 0.464607 -0.325743
v -0.021705 0.461269 -0.330432
v -0.021250 0.466147 -0.331093
v -0.020289 0.477399 -0.431003
v -0.020289 0.477399 -0.450192
v -0.029883 0.467805 -0.440593
v -0.020289 0.477399 -0.437403
v -0.021564 0.472620 -0.434062
v -0.021431 0.472859 -0.438533
v -0.021705 0.472701 -0.447132
v -0.020289 0.477399 -0.443792
v -0.021431 0.472859 -0.442662
v -0.025185 0.469222 -0.437542
v -0.025104 0.469080 -0.443652
v -0.023216 0.470500 -0.440593
v -0.020289 0.477399 -0.536263
v -0.020289 0.477399 -0.555452
v -0.029883 0.467805 -0.545862
v -0.020289 0.477399 -0.542663
v -0.021564 0.472620 -0.539323
v -0.021431 0.472858 -0.543793
v -0.021705 0.472701 -0.552392
v -0.020289 0.477399 -0.549063
v -0.021431 0.472859 -0.547933
v -0.025185 0.469222 -0.542803
v -0.025104 0.469080 -0.548912
v -0.023216 0.470500 -0.545862
v -0.020289 0.477399 -0.641532
v -0.029883 0.467805 -0.651122
v -0.021574 0.472602 -0.646322
v -0.025086 0.469091 -0.649833
v -0.020289 0.392499 0.076128
v -0.029883 0.402093 0.085717
v -0.021574 0.397296 0.080928
v -0.025086 0.400807 0.084437
v -0.020289 0.392499 -0.009953
v -0.029883 0.402093 -0.019543
v -0.020289 0.392499 -0.029142
v -0.021705 0.397197 -0.013002
v -0.020289 0.392499 -0.016342
v -0.021432 0.397039 -0.017472
v -0.025185 0.400676 -0.022602
v -0.025104 0.400818 -0.016482
v -0.023216 0.399398 -0.019543
v -0.020289 0.392499 -0.022742
v -0.021564 0.397278 -0.026082
v -0.021431 0.397039 -0.021612
v -0.020289 0.392499 -0.115212
v -0.029883 0.402093 -0.124812
v -0.020289 0.392499 -0.134402
v -0.021705 0.397197 -0.118273
v -0.020289 0.392499 -0.121613
v -0.021432 0.397039 -0.122743
v -0.025185 0.400676 -0.127862
v -0.025104 0.400818 -0.121753
v -0.023216 0.399398 -0.124812
v -0.020289 0.392499 -0.128002
v -0.021564 0.397278 -0.131342
v -0.021432 0.397039 -0.126872
v -0.020289 0.392499 -0.220472
v -0.029883 0.402093 -0.230072
v -0.020289 0.411687 -0.239662
v -0.020289 0.392499 -0.239662
v -0.021705 0.397197 -0.223533
v -0.020289 0.392499 -0.226872
v -0.021250 0.397854 -0.228413
v -0.025185 0.405150 -0.231483
v -0.025185 0.400676 -0.227013
v -0.022880 0.402135 -0.230032
v -0.020289 0.405291 -0.239662
v -0.021705 0.408629 -0.234962
v -0.021250 0.403751 -0.234312
v -0.020289 0.392499 -0.233273
v -0.020289 0.398895 -0.239662
v -0.020702 0.398417 -0.233743
v -0.020289 0.411687 -0.325743
v -0.029883 0.402093 -0.335332
v -0.020289 0.392499 -0.344933
v -0.020289 0.392499 -0.325743
v -0.021705 0.408629 -0.330432
v -0.020289 0.405291 -0.325743
v -0.021250 0.403751 -0.331093
v -0.025185 0.400676 -0.338392
v -0.025185 0.405150 -0.333913
v -0.022880 0.402135 -0.335372
v -0.020289 0.392499 -0.338532
v -0.021705 0.397197 -0.341872
v -0.021250 0.397854 -0.336992
v -0.020289 0.398895 -0.325743
v -0.020289 0.392499 -0.332132
v -0.020702 0.398417 -0.331662
v -0.020289 0.392499 -0.431003
v -0.029883 0.402093 -0.440593
v -0.020289 0.392499 -0.450192
v -0.021705 0.397197 -0.434062
v -0.020289 0.392499 -0.437403
v -0.021431 0.397039 -0.438533
v -0.025185 0.400676 -0.443652
v -0.025104 0.400818 -0.437542
v -0.023217 0.399398 -0.440593
v -0.020289 0.392499 -0.443792
v -0.021564 0.397278 -0.447132
v -0.021432 0.397039 -0.442662
v -0.020289 0.392499 -0.536263
v -0.029883 0.402093 -0.545862
v -0.020289 0.392499 -0.555452
v -0.021705 0.397197 -0.539323
v -0.020289 0.392499 -0.542663
v -0.021431 0.397040 -0.543793
v -0.025185 0.400677 -0.548912
v -0.025104 0.400818 -0.542803
v -0.023216 0.399398 -0.545862
v -0.020289 0.392499 -0.549063
v -0.021564 0.397278 -0.552392
v -0.021431 0.397040 -0.547933
v -0.020289 0.392499 -0.641532
v -0.029883 0.402093 -0.651122
v -0.021574 0.397296 -0.646322
v -0.025086 0.400808 -0.649833
v -0.029883 0.336380 0.085717
v -0.020289 0.345974 0.076128
v -0.025086 0.337666 0.084437
v -0.021574 0.341177 0.080928
v -0.020289 0.345974 -0.009953
v -0.020289 0.345974 -0.029142
v -0.029883 0.336380 -0.019543
v -0.020289 0.345974 -0.016342
v -0.021564 0.341195 -0.013002
v -0.021431 0.341434 -0.017472
v -0.021705 0.341276 -0.026082
v -0.020289 0.345974 -0.022742
v -0.021431 0.341434 -0.021612
v -0.025185 0.337797 -0.016482
v -0.025104 0.337656 -0.022602
v -0.023216 0.339075 -0.019543
v -0.020289 0.345974 -0.115212
v -0.020289 0.345974 -0.134402
v -0.029883 0.336380 -0.124812
v -0.020289 0.345974 -0.121613
v -0.021564 0.341195 -0.118273
v -0.021431 0.341434 -0.122743
v -0.021705 0.341276 -0.131342
v -0.020289 0.345974 -0.128002
v -0.021431 0.341434 -0.126872
v -0.025185 0.337797 -0.121753
v -0.025104 0.337656 -0.127862
v -0.023216 0.339075 -0.124812
v -0.020289 0.345974 -0.220472
v -0.020289 0.345974 -0.239662
v -0.020289 0.326786 -0.239662
v -0.029883 0.336380 -0.230072
v -0.020289 0.345974 -0.226872
v -0.021705 0.341276 -0.223533
v -0.021250 0.340620 -0.228413
v -0.020289 0.339578 -0.239662
v -0.020289 0.345974 -0.233273
v -0.020702 0.340056 -0.233743
v -0.021705 0.329844 -0.234962
v -0.020289 0.333182 -0.239662
v -0.021250 0.334722 -0.234312
v -0.025185 0.337797 -0.227013
v -0.025185 0.333323 -0.231483
v -0.022880 0.336338 -0.230032
v -0.020289 0.345974 -0.325743
v -0.020289 0.345974 -0.344933
v -0.029883 0.336380 -0.335332
v -0.020289 0.326786 -0.325743
v -0.020289 0.345974 -0.332132
v -0.020289 0.339578 -0.325743
v -0.020702 0.340056 -0.331653
v -0.021705 0.341276 -0.341872
v -0.020289 0.345974 -0.338532
v -0.021250 0.340620 -0.336992
v -0.025185 0.333323 -0.333913
v -0.025185 0.337797 -0.338392
v -0.022880 0.336338 -0.335372
v -0.020289 0.333183 -0.325743
v -0.021705 0.329844 -0.330432
v -0.021250 0.334722 -0.331093
v -0.020289 0.345974 -0.431003
v -0.020289 0.345974 -0.450192
v -0.029883 0.336380 -0.440593
v -0.020289 0.345974 -0.437403
v -0.021564 0.341195 -0.434062
v -0.021432 0.341434 -0.438533
v -0.021705 0.341276 -0.447132
v -0.020289 0.345974 -0.443792
v -0.021431 0.341434 -0.442662
v -0.025185 0.337797 -0.437542
v -0.025104 0.337656 -0.443652
v -0.023217 0.339075 -0.440593
v -0.020289 0.345974 -0.536263
v -0.020289 0.345974 -0.555452
v -0.029883 0.336380 -0.545862
v -0.020289 0.345974 -0.542663
v -0.021564 0.341195 -0.539323
v -0.021431 0.341434 -0.543793
v -0.021705 0.341276 -0.552392
v -0.020289 0.345975 -0.549063
v -0.021431 0.341434 -0.547933
v -0.025185 0.337797 -0.542803
v -0.025104 0.337656 -0.548912
v -0.023216 0.339075 -0.545862
v -0.020289 0.345975 -0.641532
v -0.029883 0.336380 -0.651122
v -0.021574 0.341178 -0.646322
v -0.025086 0.337666 -0.649833
v -0.020289 0.261074 -0.029142
v -0.029883 0.270668 -0.019543
v -0.021574 0.265871 -0.024343
v -0.025086 0.269383 -0.020832
v -0.029883 0.270668 -0.124812
v -0.020289 0.261074 -0.134402
v -0.020289 0.261074 -0.115212
v -0.025185 0.269252 -0.127862
v -0.025104 0.269393 -0.121753
v -0.023216 0.267974 -0.124812
v -0.020289 0.261074 -0.128002
v -0.021564 0.265854 -0.131342
v -0.021431 0.265615 -0.126872
v -0.021705 0.265773 -0.118273
v -0.020289 0.261074 -0.121613
v -0.021432 0.265615 -0.122743
v -0.029883 0.270668 -0.230072
v -0.020289 0.280262 -0.239662
v -0.020289 0.261074 -0.239662
v -0.020289 0.261074 -0.220472
v -0.025185 0.273725 -0.231483
v -0.025185 0.269252 -0.227013
v -0.022880 0.270711 -0.230032
v -0.020289 0.273866 -0.239662
v -0.021705 0.277205 -0.234962
v -0.021250 0.272327 -0.234312
v -0.020289 0.261074 -0.233273
v -0.020289 0.267470 -0.239662
v -0.020702 0.266992 -0.233743
v -0.021705 0.265773 -0.223533
v -0.020289 0.261074 -0.226872
v -0.021250 0.266429 -0.228413
v -0.020289 0.280262 -0.325743
v -0.029883 0.270668 -0.335332
v -0.020289 0.261074 -0.344933
v -0.020289 0.261074 -0.325743
v -0.021705 0.277205 -0.330432
v -0.020289 0.273866 -0.325743
v -0.021250 0.272327 -0.331093
v -0.025185 0.269252 -0.338392
v -0.025185 0.273725 -0.333913
v -0.022880 0.270711 -0.335372
v -0.020289 0.261074 -0.338532
v -0.021705 0.265772 -0.341872
v -0.021250 0.266429 -0.336992
v -0.020289 0.267470 -0.325743
v -0.020289 0.261074 -0.332132
v -0.020702 0.266993 -0.331662
v -0.029883 0.270668 -0.440593
v -0.020289 0.261074 -0.450192
v -0.020289 0.261074 -0.431003
v -0.025185 0.269252 -0.443652
v -0.025104 0.269393 -0.437542
v -0.023216 0.267974 -0.440593
v -0.020289 0.261074 -0.443792
v -0.021564 0.265854 -0.447132
v -0.021431 0.265615 -0.442662
v -0.021705 0.265773 -0.434062
v -0.020289 0.261074 -0.437403
v -0.021432 0.265615 -0.438533
v -0.029883 0.270668 -0.545862
v -0.020289 0.261074 -0.555452
v -0.020289 0.261074 -0.536263
v -0.025185 0.269252 -0.548912
v -0.025104 0.269393 -0.542803
v -0.023216 0.267974 -0.545862
v -0.020289 0.261074 -0.549063
v -0.021564 0.265854 -0.552392
v -0.021431 0.265615 -0.547933
v -0.021705 0.265773 -0.539323
v -0.020289 0.261074 -0.542663
v -0.021431 0.265615 -0.543793
v -0.020289 0.261074 -0.641532
v -0.029883 0.270668 -0.651122
v -0.021574 0.265871 -0.646322
v -0.025086 0.269383 -0.649833
v -0.020289 0.214550 -0.029142
v -0.029883 0.204956 -0.019543
v -0.021574 0.209753 -0.024343
v -0.025086 0.206241 -0.020832
v -0.020289 0.214550 -0.115212
v -0.020289 0.214550 -0.134402
v -0.029883 0.204956 -0.124812
v -0.020289 0.214550 -0.121613
v -0.021564 0.209770 -0.118273
v -0.021431 0.210009 -0.122743
v -0.021705 0.209851 -0.131342
v -0.020289 0.214550 -0.128002
v -0.021431 0.210009 -0.126872
v -0.025185 0.206372 -0.121753
v -0.025104 0.206231 -0.127862
v -0.023216 0.207650 -0.124812
v -0.020289 0.214550 -0.220472
v -0.020289 0.214550 -0.239662
v -0.020289 0.195362 -0.239662
v -0.029883 0.204956 -0.230072
v -0.020289 0.214550 -0.226872
v -0.021705 0.209851 -0.223533
v -0.021250 0.209195 -0.228413
v -0.020289 0.208154 -0.239662
v -0.020289 0.214550 -0.233273
v -0.020702 0.208631 -0.233743
v -0.021705 0.198419 -0.234962
v -0.020289 0.201758 -0.239662
v -0.021250 0.203297 -0.234312
v -0.025185 0.206372 -0.227013
v -0.025185 0.201898 -0.231483
v -0.022880 0.204913 -0.230032
v -0.020289 0.214550 -0.325743
v -0.020289 0.214550 -0.344933
v -0.029883 0.204956 -0.335332
v -0.020289 0.195362 -0.325743
v -0.020289 0.214550 -0.332132
v -0.020289 0.208154 -0.325743
v -0.020702 0.208631 -0.331653
v -0.021705 0.209851 -0.341872
v -0.020289 0.214550 -0.338532
v -0.021250 0.209195 -0.336992
v -0.025185 0.201898 -0.333913
v -0.025185 0.206372 -0.338392
v -0.022880 0.204913 -0.335372
v -0.020289 0.201758 -0.325743
v -0.021705 0.198419 -0.330432
v -0.021250 0.203297 -0.331093
v -0.020289 0.214550 -0.431003
v -0.020289 0.214550 -0.450192
v -0.029883 0.204956 -0.440593
v -0.020289 0.214550 -0.437403
v -0.021564 0.209770 -0.434062
v -0.021432 0.210009 -0.438533
v -0.021705 0.209851 -0.447132
v -0.020289 0.214550 -0.443792
v -0.021432 0.210009 -0.442662
v -0.025185 0.206372 -0.437542
v -0.025104 0.206231 -0.443652
v -0.023217 0.207650 -0.440593
v -0.020289 0.214550 -0.536263
v -0.020289 0.214550 -0.555452
v -0.029883 0.204956 -0.545862
v -0.020289 0.214550 -0.542663
v -0.021564 0.209770 -0.539323
v -0.021431 0.210009 -0.543793
v -0.021705 0.209851 -0.552392
v -0.020289 0.214550 -0.549063
v -0.021431 0.210009 -0.547933
v -0.025185 0.206372 -0.542803
v -0.025104 0.206231 -0.548912
v -0.023216 0.207650 -0.545862
v -0.020289 0.214550 -0.641532
v -0.029883 0.204956 -0.651122
v -0.021574 0.209753 -0.646322
v -0.025086 0.206241 -0.649833
v -0.020289 0.129649 -0.134402
v -0.029883 0.139243 -0.124812
v -0.021574 0.134446 -0.129602
v -0.025086 0.137958 -0.126092
v -0.029883 0.139243 -0.230072
v -0.020289 0.148837 -0.239662
v -0.020289 0.129649 -0.239662
v -0.020289 0.129649 -0.220472
v -0.025185 0.142301 -0.231483
v -0.025185 0.137827 -0.227013
v -0.022880 0.139286 -0.230032
v -0.020289 0.142441 -0.239662
v -0.021705 0.145780 -0.234962
v -0.021250 0.140902 -0.234312
v -0.020289 0.129649 -0.233273
v -0.020289 0.136045 -0.239662
v -0.020702 0.135568 -0.233743
v -0.021705 0.134348 -0.223533
v -0.020289 0.129649 -0.226872
v -0.021250 0.135004 -0.228413
v -0.020289 0.148837 -0.325743
v -0.029883 0.139243 -0.335332
v -0.020289 0.129649 -0.344933
v -0.020289 0.129649 -0.325743
v -0.021705 0.145780 -0.330432
v -0.020289 0.142441 -0.325743
v -0.021250 0.140902 -0.331093
v -0.025185 0.137827 -0.338392
v -0.025185 0.142301 -0.333913
v -0.022880 0.139286 -0.335372
v -0.020289 0.129649 -0.338532
v -0.021705 0.134348 -0.341872
v -0.021250 0.135004 -0.336992
v -0.020289 0.136045 -0.325743
v -0.020289 0.129649 -0.332132
v -0.020702 0.135568 -0.331653
v -0.029883 0.139243 -0.440593
v -0.020289 0.129649 -0.450192
v -0.020289 0.129649 -0.431003
v -0.025185 0.137827 -0.443652
v -0.025104 0.137968 -0.437542
v -0.023216 0.136549 -0.440593
v -0.020289 0.129649 -0.443792
v -0.021564 0.134429 -0.447132
v -0.021431 0.134190 -0.442662
v -0.021705 0.134348 -0.434062
v -0.020289 0.129649 -0.437403
v -0.021432 0.134190 -0.438533
v -0.029883 0.139243 -0.545862
v -0.020289 0.129649 -0.555452
v -0.020289 0.129649 -0.536263
v -0.025185 0.137827 -0.548912
v -0.025104 0.137968 -0.542803
v -0.023216 0.136549 -0.545862
v -0.020289 0.129649 -0.549063
v -0.021564 0.134429 -0.552392
v -0.021431 0.134190 -0.547933
v -0.021705 0.134348 -0.539323
v -0.020289 0.129649 -0.542663
v -0.021431 0.134190 -0.543793
v -0.029883 0.139243 -0.651122
v -0.020289 0.129649 -0.641532
v -0.025086 0.137958 -0.649833
v -0.021574 0.134446 -0.646322
v -0.029883 0.073531 -0.124812
v -0.020289 0.083125 -0.134402
v -0.025086 0.074816 -0.126092
v -0.021574 0.078328 -0.129602
v -0.020289 0.083125 -0.220472
v -0.020289 0.083125 -0.239662
v -0.020289 0.063937 -0.239662
v -0.029883 0.073531 -0.230072
v -0.020289 0.083125 -0.226872
v -0.021705 0.078427 -0.223533
v -0.021250 0.077770 -0.228413
v -0.020289 0.076729 -0.239662
v -0.020289 0.083125 -0.233273
v -0.020702 0.077207 -0.233743
v -0.021705 0.066994 -0.234962
v -0.020289 0.070333 -0.239662
v -0.021250 0.071873 -0.234312
v -0.025185 0.074947 -0.227013
v -0.025185 0.070474 -0.231483
v -0.022880 0.073488 -0.230032
v -0.020289 0.083125 -0.325743
v -0.020289 0.083125 -0.344933
v -0.029883 0.073531 -0.335332
v -0.020289 0.063937 -0.325743
v -0.020289 0.083125 -0.332132
v -0.020289 0.076729 -0.325743
v -0.020702 0.077207 -0.331662
v -0.021705 0.078427 -0.341872
v -0.020289 0.083125 -0.338532
v -0.021250 0.077770 -0.336992
v -0.025185 0.070474 -0.333913
v -0.025185 0.074947 -0.338392
v -0.022880 0.073488 -0.335372
v -0.020289 0.070333 -0.325743
v -0.021705 0.066994 -0.330432
v -0.021250 0.071872 -0.331093
v -0.020289 0.083125 -0.431003
v -0.020289 0.083125 -0.450192
v -0.029883 0.073531 -0.440593
v -0.020289 0.083125 -0.437403
v -0.021564 0.078345 -0.434062
v -0.021432 0.078584 -0.438533
v -0.021705 0.078427 -0.447132
v -0.020289 0.083125 -0.443792
v -0.021431 0.078584 -0.442662
v -0.025185 0.074947 -0.437542
v -0.025104 0.074806 -0.443652
v -0.023217 0.076225 -0.440593
v -0.020289 0.083125 -0.536263
v -0.020289 0.083125 -0.555452
v -0.029883 0.073531 -0.545862
v -0.020289 0.083125 -0.542663
v -0.021564 0.078345 -0.539323
v -0.021431 0.078584 -0.543793
v -0.021705 0.078427 -0.552392
v -0.020289 0.083125 -0.549063
v -0.021431 0.078584 -0.547933
v -0.025185 0.074947 -0.542803
v -0.025104 0.074806 -0.548912
v -0.023216 0.076225 -0.545862
v -0.020289 0.083125 -0.641532
v -0.029883 0.073531 -0.651122
v -0.021574 0.078328 -0.646322
v -0.025086 0.074816 -0.649833
v -0.020289 -0.001775 -0.134402
v -0.029883 0.007819 -0.124812
v -0.021574 0.003022 -0.129602
v -0.025086 0.006533 -0.126092
v -0.020289 -0.001775 -0.220472
v -0.029883 0.007819 -0.230072
v -0.020289 0.017413 -0.239662
v -0.020289 -0.001775 -0.239662
v -0.021705 0.002923 -0.223533
v -0.020289 -0.001775 -0.226872
v -0.021250 0.003580 -0.228413
v -0.025185 0.010876 -0.231483
v -0.025185 0.006402 -0.227013
v -0.022880 0.007861 -0.230032
v -0.020289 0.011017 -0.239662
v -0.021705 0.014355 -0.234962
v -0.021250 0.009477 -0.234312
v -0.020289 -0.001775 -0.233273
v -0.020289 0.004621 -0.239662
v -0.020702 0.004143 -0.233743
v -0.020289 0.017413 -0.325743
v -0.029883 0.007819 -0.335332
v -0.020289 -0.001775 -0.344933
v -0.020289 -0.001775 -0.325743
v -0.021705 0.014355 -0.330432
v -0.020289 0.011017 -0.325743
v -0.021250 0.009477 -0.331093
v -0.025185 0.006402 -0.338392
v -0.025185 0.010876 -0.333913
v -0.022880 0.007861 -0.335372
v -0.020289 -0.001775 -0.338532
v -0.021705 0.002923 -0.341872
v -0.021250 0.003580 -0.336992
v -0.020289 0.004621 -0.325743
v -0.020289 -0.001775 -0.332132
v -0.020702 0.004143 -0.331653
v -0.020289 -0.001775 -0.431003
v -0.029883 0.007819 -0.440593
v -0.020289 -0.001775 -0.450192
v -0.021705 0.002923 -0.434062
v -0.020289 -0.001775 -0.437403
v -0.021432 0.002765 -0.438533
v -0.025185 0.006402 -0.443652
v -0.025104 0.006543 -0.437542
v -0.023216 0.005124 -0.440593
v -0.020289 -0.001775 -0.443792
v -0.021564 0.003004 -0.447132
v -0.021431 0.002765 -0.442662
v -0.029883 0.007819 -0.545862
v -0.020289 -0.001775 -0.536263
v -0.025086 0.006533 -0.544573
v -0.021574 0.003022 -0.541062
v -0.029883 -0.057894 -0.124812
v -0.020289 -0.048300 -0.134402
v -0.025086 -0.056608 -0.126092
v -0.021574 -0.053097 -0.129602
v -0.020289 -0.048300 -0.220472
v -0.020289 -0.048300 -0.239662
v -0.020289 -0.067488 -0.239662
v -0.029883 -0.057894 -0.230072
v -0.020289 -0.048300 -0.226872
v -0.021705 -0.052998 -0.223533
v -0.021250 -0.053655 -0.228413
v -0.020289 -0.054696 -0.239662
v -0.020289 -0.048300 -0.233273
v -0.020702 -0.054218 -0.233743
v -0.021705 -0.064430 -0.234962
v -0.020289 -0.061092 -0.239662
v -0.021250 -0.059552 -0.234312
v -0.025185 -0.056477 -0.227013
v -0.025185 -0.060951 -0.231483
v -0.022880 -0.057936 -0.230032
v -0.020289 -0.048300 -0.325743
v -0.020289 -0.048300 -0.344933
v -0.029883 -0.057894 -0.335332
v -0.020289 -0.067488 -0.325743
v -0.020289 -0.048300 -0.332132
v -0.020289 -0.054696 -0.325743
v -0.020702 -0.054218 -0.331662
v -0.021705 -0.052998 -0.341872
v -0.020289 -0.048300 -0.338532
v -0.021250 -0.053655 -0.336992
v -0.025185 -0.060951 -0.333913
v -0.025185 -0.056477 -0.338392
v -0.022880 -0.057936 -0.335372
v -0.020289 -0.061092 -0.325743
v -0.021705 -0.064431 -0.330432
v -0.021250 -0.059552 -0.331093
v -0.020289 -0.048300 -0.431003
v -0.020289 -0.048300 -0.450192
v -0.029883 -0.057894 -0.440593
v -0.020289 -0.048300 -0.437403
v -0.021564 -0.053079 -0.434062
v -0.021432 -0.052840 -0.438533
v -0.021705 -0.052998 -0.447132
v -0.020289 -0.048300 -0.443792
v -0.021432 -0.052840 -0.442662
v -0.025185 -0.056477 -0.437542
v -0.025104 -0.056619 -0.443652
v -0.023217 -0.055199 -0.440593
v -0.020289 -0.048300 -0.536263
v -0.029883 -0.057894 -0.545862
v -0.021574 -0.053097 -0.541062
v -0.025086 -0.056608 -0.544573
v -0.020289 -0.133200 -0.134402
v -0.029883 -0.123606 -0.124812
v -0.021574 -0.128403 -0.129602
v -0.025086 -0.124891 -0.126092
v -0.020289 -0.133200 -0.220472
v -0.029883 -0.123606 -0.230072
v -0.020289 -0.114012 -0.239662
v -0.020289 -0.133200 -0.239662
v -0.021705 -0.128502 -0.223533
v -0.020289 -0.133200 -0.226872
v -0.021250 -0.127845 -0.228413
v -0.025185 -0.120549 -0.231482
v -0.025185 -0.125022 -0.227013
v -0.022880 -0.123564 -0.230032
v -0.020289 -0.120408 -0.239662
v -0.021705 -0.117070 -0.234962
v -0.021250 -0.121948 -0.234312
v -0.020289 -0.133200 -0.233273
v -0.020289 -0.126804 -0.239662
v -0.020702 -0.127282 -0.233743
v -0.020289 -0.114012 -0.325743
v -0.029883 -0.123606 -0.335332
v -0.020289 -0.133200 -0.344933
v -0.020289 -0.133200 -0.325743
v -0.021705 -0.117070 -0.330432
v -0.020289 -0.120408 -0.325743
v -0.021250 -0.121948 -0.331093
v -0.025185 -0.125022 -0.338392
v -0.025185 -0.120549 -0.333913
v -0.022880 -0.123564 -0.335372
v -0.020289 -0.133200 -0.338532
v -0.021705 -0.128502 -0.341872
v -0.021250 -0.127845 -0.336992
v -0.020289 -0.126804 -0.325743
v -0.020289 -0.133200 -0.332132
v -0.020702 -0.127282 -0.331653
v -0.020289 -0.133200 -0.431003
v -0.029883 -0.123606 -0.440593
v -0.020289 -0.133200 -0.450192
v -0.021705 -0.128502 -0.434062
v -0.020289 -0.133200 -0.437403
v -0.021432 -0.128660 -0.438533
v -0.025185 -0.125022 -0.443652
v -0.025104 -0.124881 -0.437542
v -0.023216 -0.126301 -0.440593
v -0.020289 -0.133200 -0.443792
v -0.021564 -0.128421 -0.447132
v -0.021431 -0.128660 -0.442662
v -0.020289 -0.133200 -0.536263
v -0.029883 -0.123606 -0.545862
v -0.020289 -0.133200 -0.555452
v -0.021705 -0.128502 -0.539323
v -0.020289 -0.133200 -0.542663
v -0.021432 -0.128660 -0.543793
v -0.025185 -0.125022 -0.548912
v -0.025104 -0.124881 -0.542803
v -0.023217 -0.126301 -0.545862
v -0.020289 -0.133200 -0.549063
v -0.021564 -0.128421 -0.552392
v -0.021431 -0.128660 -0.547933
v -0.020289 -0.133200 -0.641532
v -0.029883 -0.123606 -0.651122
v -0.021574 -0.128403 -0.646322
v -0.025086 -0.124891 -0.649833
v -0.020289 -0.179725 -0.134402
v -0.029883 -0.189318 -0.124812
v -0.021574 -0.184522 -0.129602
v -0.025086 -0.188033 -0.126092
v -0.020289 -0.179725 -0.220472
v -0.020289 -0.179725 -0.239662
v -0.020289 -0.198912 -0.239662
v -0.029883 -0.189318 -0.230072
v -0.020289 -0.179725 -0.226872
v -0.021705 -0.184423 -0.223533
v -0.021250 -0.185079 -0.228413
v -0.020289 -0.186120 -0.239662
v -0.020289 -0.179725 -0.233273
v -0.020702 -0.185643 -0.233743
v -0.021705 -0.195855 -0.234962
v -0.020289 -0.192516 -0.239662
v -0.021250 -0.190977 -0.234312
v -0.025185 -0.187902 -0.227013
v -0.025185 -0.192376 -0.231482
v -0.022880 -0.189361 -0.230032
v -0.020289 -0.179725 -0.325743
v -0.020289 -0.179725 -0.344933
v -0.029883 -0.189318 -0.335332
v -0.020289 -0.198912 -0.325743
v -0.020289 -0.179725 -0.332132
v -0.020289 -0.186120 -0.325743
v -0.020702 -0.185643 -0.331653
v -0.021705 -0.184423 -0.341872
v -0.020289 -0.179725 -0.338532
v -0.021250 -0.185079 -0.336992
v -0.025185 -0.192376 -0.333913
v -0.025185 -0.187902 -0.338392
v -0.022880 -0.189361 -0.335372
v -0.020289 -0.192516 -0.325743
v -0.021705 -0.195855 -0.330432
v -0.021250 -0.190977 -0.331093
v -0.020289 -0.179725 -0.431003
v -0.020289 -0.179725 -0.450192
v -0.029883 -0.189318 -0.440593
v -0.020289 -0.179725 -0.437403
v -0.021564 -0.184504 -0.434062
v -0.021432 -0.184265 -0.438533
v -0.021705 -0.184423 -0.447132
v -0.020289 -0.179724 -0.443792
v -0.021432 -0.184265 -0.442662
v -0.025185 -0.187902 -0.437542
v -0.025103 -0.188043 -0.443652
v -0.023217 -0.186624 -0.440593
v -0.020289 -0.179725 -0.536263
v -0.020289 -0.179725 -0.555452
v -0.029883 -0.189318 -0.545862
v -0.020289 -0.179725 -0.542663
v -0.021564 -0.184504 -0.539323
v -0.021431 -0.184265 -0.543793
v -0.021705 -0.184423 -0.552392
v -0.020289 -0.179724 -0.549063
v -0.021431 -0.184265 -0.547933
v -0.025185 -0.187902 -0.542803
v -0.025103 -0.188043 -0.548912
v -0.023216 -0.186624 -0.545862
v -0.020289 -0.179725 -0.641532
v -0.029883 -0.189318 -0.651122
v -0.021574 -0.184522 -0.646322
v -0.025086 -0.188033 -0.649833
v -0.020289 -0.245437 -0.239662
v -0.020289 -0.264625 -0.239662
v -0.029883 -0.255031 -0.230072
v -0.020289 -0.251833 -0.239662
v -0.021564 -0.248494 -0.234882
v -0.021431 -0.252962 -0.235123
v -0.021705 -0.261567 -0.234962
v -0.020289 -0.258229 -0.239662
v -0.021431 -0.257100 -0.235123
v -0.025185 -0.251973 -0.231482
v -0.025104 -0.258088 -0.231342
v -0.023216 -0.255031 -0.232762
v -0.020289 -0.245437 -0.325743
v -0.029883 -0.255031 -0.335332
v -0.020289 -0.264625 -0.344933
v -0.020289 -0.264625 -0.325743
v -0.021705 -0.248494 -0.330432
v -0.020289 -0.251833 -0.325743
v -0.021250 -0.253372 -0.331093
v -0.025185 -0.256447 -0.338392
v -0.025185 -0.251973 -0.333913
v -0.022880 -0.254988 -0.335372
v -0.020289 -0.264625 -0.338532
v -0.021705 -0.259927 -0.341872
v -0.021250 -0.259270 -0.336992
v -0.020289 -0.258229 -0.325743
v -0.020289 -0.264625 -0.332132
v -0.020702 -0.258706 -0.331653
v -0.029883 -0.255031 -0.440593
v -0.020289 -0.264625 -0.450192
v -0.020289 -0.264625 -0.431003
v -0.025185 -0.256447 -0.443652
v -0.025104 -0.256306 -0.437542
v -0.023217 -0.257725 -0.440593
v -0.020289 -0.264625 -0.443792
v -0.021564 -0.259845 -0.447132
v -0.021431 -0.260084 -0.442662
v -0.021705 -0.259927 -0.434062
v -0.020289 -0.264625 -0.437403
v -0.021432 -0.260084 -0.438533
v -0.029883 -0.255031 -0.545862
v -0.020289 -0.264625 -0.555452
v -0.020289 -0.264625 -0.536263
v -0.025185 -0.256447 -0.548912
v -0.025104 -0.256306 -0.542803
v -0.023217 -0.257725 -0.545862
v -0.020289 -0.264625 -0.549063
v -0.021564 -0.259845 -0.552392
v -0.021431 -0.260084 -0.547933
v -0.021705 -0.259927 -0.539323
v -0.020289 -0.264625 -0.542663
v -0.021431 -0.260084 -0.543793
v -0.029883 -0.255031 -0.651122
v -0.020289 -0.264625 -0.641532
v -0.025086 -0.256316 -0.649833
v -0.021574 -0.259828 -0.646322
v -0.020289 -0.311149 -0.239662
v -0.020289 -0.330337 -0.239662
v -0.029883 -0.320743 -0.230072
v -0.020289 -0.317545 -0.239662
v -0.021564 -0.314207 -0.234882
v -0.021432 -0.318674 -0.235123
v -0.021705 -0.327280 -0.234962
v -0.020289 -0.323941 -0.239662
v -0.021431 -0.322812 -0.235123
v -0.025185 -0.317686 -0.231482
v -0.025104 -0.323800 -0.231342
v -0.023216 -0.320743 -0.232762
v -0.020289 -0.311149 -0.325743
v -0.020289 -0.311149 -0.344933
v -0.029883 -0.320743 -0.335332
v -0.020289 -0.330337 -0.325743
v -0.020289 -0.311149 -0.332132
v -0.020289 -0.317545 -0.325743
v -0.020702 -0.317068 -0.331653
v -0.021705 -0.315847 -0.341872
v -0.020289 -0.311149 -0.338532
v -0.021250 -0.316504 -0.336992
v -0.025185 -0.323801 -0.333913
v -0.025185 -0.319327 -0.338392
v -0.022880 -0.320786 -0.335372
v -0.020289 -0.323941 -0.325743
v -0.021705 -0.327280 -0.330432
v -0.021250 -0.322401 -0.331093
v -0.020289 -0.311149 -0.431003
v -0.020289 -0.311149 -0.450192
v -0.029883 -0.320743 -0.440593
v -0.020289 -0.311149 -0.437403
v -0.021564 -0.315929 -0.434062
v -0.021431 -0.315690 -0.438533
v -0.021705 -0.315847 -0.447132
v -0.020289 -0.311149 -0.443792
v -0.021432 -0.315690 -0.442662
v -0.025185 -0.319327 -0.437542
v -0.025104 -0.319468 -0.443652
v -0.023216 -0.318049 -0.440593
v -0.020289 -0.311149 -0.536263
v -0.020289 -0.311149 -0.555452
v -0.029883 -0.320743 -0.545862
v -0.020289 -0.311149 -0.542663
v -0.021564 -0.315929 -0.539323
v -0.021432 -0.315690 -0.543793
v -0.021705 -0.315847 -0.552392
v -0.020289 -0.311149 -0.549063
v -0.021431 -0.315690 -0.547933
v -0.025185 -0.319327 -0.542803
v -0.025104 -0.319468 -0.548912
v -0.023216 -0.318049 -0.545862
v -0.020289 -0.311149 -0.641532
v -0.029883 -0.320743 -0.651122
v -0.021574 -0.315946 -0.646322
v -0.025086 -0.319458 -0.649833
v -0.029883 -0.386456 -0.230072
v -0.020289 -0.376862 -0.239662
v -0.025086 -0.385170 -0.231353
v -0.021574 -0.381659 -0.234862
v -0.020289 -0.396050 -0.325743
v -0.020289 -0.376862 -0.325743
v -0.029883 -0.386456 -0.335332
v -0.020289 -0.396050 -0.344933
v -0.020289 -0.389654 -0.325743
v -0.020289 -0.396050 -0.332132
v -0.020702 -0.390131 -0.331653
v -0.021705 -0.379919 -0.330432
v -0.020289 -0.383258 -0.325743
v -0.021250 -0.384797 -0.331093
v -0.025185 -0.387872 -0.338392
v -0.025185 -0.383398 -0.333913
v -0.022880 -0.386413 -0.335372
v -0.020289 -0.396050 -0.338532
v -0.021705 -0.391351 -0.341872
v -0.021250 -0.390695 -0.336992
v -0.029883 -0.386456 -0.440593
v -0.020289 -0.396050 -0.450192
v -0.020289 -0.396050 -0.431003
v -0.025185 -0.387872 -0.443652
v -0.025104 -0.387731 -0.437542
v -0.023217 -0.389150 -0.440593
v -0.020289 -0.396050 -0.443792
v -0.021564 -0.391270 -0.447132
v -0.021431 -0.391509 -0.442662
v -0.021705 -0.391351 -0.434062
v -0.020289 -0.396049 -0.437403
v -0.021432 -0.391509 -0.438533
v -0.029883 -0.386456 -0.545862
v -0.020289 -0.396050 -0.555452
v -0.020289 -0.396050 -0.536262
v -0.025185 -0.387872 -0.548912
v -0.025104 -0.387731 -0.542803
v -0.023217 -0.389150 -0.545862
v -0.020289 -0.396050 -0.549063
v -0.021564 -0.391270 -0.552392
v -0.021431 -0.391509 -0.547933
v -0.021705 -0.391351 -0.539323
v -0.020289 -0.396050 -0.542663
v -0.021432 -0.391509 -0.543793
v -0.020289 -0.396050 -0.641532
v -0.029883 -0.386456 -0.651122
v -0.021574 -0.391253 -0.646322
v -0.025086 -0.387741 -0.649833
v -0.002635 -0.217880 -0.560343
v -0.001832 -0.189005 -0.602912
v -0.002635 -0.160131 -0.560343
v 0.000084 -0.203751 -0.570502
v -0.000037 -0.199544 -0.564222
v 0.001124 -0.193853 -0.570803
v 0.000375 -0.184750 -0.585973
v 0.000375 -0.193260 -0.585973
v 0.001260 -0.189005 -0.577912
v -0.000037 -0.178467 -0.564222
v 0.000084 -0.174259 -0.570502
v 0.001124 -0.184158 -0.570803
v -0.005521 -0.293184 -0.335332
v -0.012338 -0.320430 -0.307252
v -0.012338 -0.348516 -0.335332
v -0.007165 -0.320430 -0.362943
v -0.008867 -0.306557 -0.331162
v -0.008100 -0.306566 -0.339433
v -0.009985 -0.314315 -0.335293
v -0.012338 -0.324597 -0.321032
v -0.011326 -0.316387 -0.321032
v -0.011430 -0.320515 -0.328973
v -0.011570 -0.334731 -0.339433
v -0.012338 -0.334731 -0.331162
v -0.011524 -0.326812 -0.335282
v -0.008693 -0.316382 -0.349382
v -0.009704 -0.324597 -0.349392
v -0.010261 -0.320510 -0.341542
vn 1.0000 -0.0000 -0.0000
vn -0.0000 -1.0000 -0.0000
vn 0.4008 0.9162 -0.0000
vn 0.8944 0.4473 -0.0000
vn -0.0000 1.0000 -0.0000
vn 0.9391 0.3438 -0.0000
vn 0.5078 0.8615 -0.0000
vn 0.4517 0.8921 -0.0000
vn 0.5881 0.8088 -0.0000
vn 0.7530 0.6580 -0.0000
vn 0.9811 0.1933 -0.0000
vn 0.0001 1.0000 -0.0000
vn 0.9161 -0.4008 -0.0000
vn 0.9162 -0.4008 -0.0000
vn 0.4473 -0.8944 -0.0000
vn 0.3438 -0.9391 -0.0000
vn 0.8615 -0.5078 -0.0000
vn 0.8921 -0.4518 -0.0000
vn 0.8088 -0.5881 -0.0000
vn 0.6581 -0.7530 -0.0000
vn 0.1933 -0.9811 -0.0000
vn -0.0001 1.0000 -0.0000
vn 0.1191 0.9929 -0.0000
vn 0.1305 0.9914 -0.0000
vn 0.9914 0.1306 -0.0000
vn 0.9914 -0.1305 -0.0000
vn 0.9903 -0.0985 -0.0985
vn 0.9903 0.0985 -0.0985
vn 0.2587 -0.0000 0.9660
vn 0.7070 -0.0000 0.7072
vn 0.8820 -0.3332 0.3333
vn 0.8686 0.0583 0.4921
vn 0.9903 -0.0985 0.0985
vn 0.9903 0.0985 0.0985
vn 0.2587 -0.0000 -0.9660
vn 0.4262 -0.0000 -0.9046
vn 0.4259 -0.0000 -0.9048
vn 0.7072 -0.0000 -0.7070
vn 0.8686 -0.4920 -0.0583
vn 0.8687 0.4919 -0.0583
vn 0.8660 0.5000 -0.0000
vn 0.7072 0.7070 -0.0000
vn 0.2587 0.9660 -0.0000
vn 0.1190 0.9929 -0.0000
vn 0.1305 0.9915 -0.0000
vn 0.1305 -0.9914 -0.0000
vn 0.1191 -0.9929 -0.0000
vn 0.2589 -0.9659 -0.0000
vn 0.5000 -0.8660 -0.0000
vn 0.7071 -0.7071 -0.0000
vn 0.8660 -0.5000 -0.0000
vn -1.0000 -0.0000 -0.0000
vn -0.4008 -0.9162 -0.0000
vn -0.8945 -0.4472 -0.0000
vn -0.9390 -0.3438 -0.0000
vn -0.5078 -0.8615 -0.0000
vn -0.4518 -0.8921 -0.0000
vn -0.5881 -0.8088 -0.0000
vn -0.7529 -0.6581 -0.0000
vn -0.9812 -0.1932 -0.0000
vn 0.8921 -0.4517 -0.0000
vn 0.6580 -0.7530 -0.0000
vn -0.0000 -0.0000 1.0000
vn 0.9664 -0.2185 0.1357
vn 0.9590 0.0017 0.2834
vn 0.9675 -0.0920 0.2356
vn 0.9746 -0.1304 0.1821
vn 0.9530 -0.3031 -0.0022
vn 0.9882 -0.1530 -0.0025
vn 0.9930 -0.1160 -0.0239
vn 0.9727 -0.2273 -0.0460
vn 0.9852 -0.1694 -0.0268
vn 0.9949 -0.0972 0.0260
vn 0.9872 -0.1334 0.0873
vn 0.9678 -0.2489 -0.0381
vn 0.9919 -0.1262 -0.0127
vn 0.9973 -0.0596 -0.0423
vn 0.9889 -0.1208 -0.0862
vn 0.9471 -0.2326 0.2211
vn 0.9208 -0.1563 0.3575
vn 0.9427 -0.0881 0.3218
vn 0.9733 -0.0507 0.2238
vn 0.9811 -0.0935 -0.1691
vn 0.9612 -0.2252 -0.1593
vn 0.9446 -0.2941 -0.1456
vn 0.9318 -0.3466 -0.1075
vn 0.9969 -0.0317 -0.0725
vn 0.9988 -0.0414 -0.0258
vn 0.9664 -0.2221 0.1295
vn 0.9445 -0.3211 0.0696
vn 0.9516 -0.2889 0.1044
vn 0.9609 -0.2272 0.1583
vn 0.9984 0.0450 -0.0353
vn 0.9952 0.0405 -0.0891
vn 0.9903 0.1003 0.0956
vn 0.9956 -0.0845 0.0405
vn 0.9966 0.0438 -0.0697
vn 0.9983 -0.0215 0.0538
vn 0.9960 -0.0803 0.0389
vn 0.9988 -0.0305 0.0383
vn 0.9984 -0.0291 0.0486
vn 0.9977 -0.0611 0.0296
vn 0.9978 -0.0637 -0.0191
vn 0.9934 0.0904 -0.0712
vn 0.9994 -0.0166 -0.0314
vn 0.9950 -0.0955 -0.0286
vn 0.9947 0.0994 -0.0260
vn 0.9892 0.1464 0.0023
vn 0.9932 -0.1148 -0.0166
vn 0.9992 0.0339 -0.0232
vn 0.9574 -0.2516 0.1415
vn 0.9934 -0.1018 0.0528
vn 0.9638 -0.2637 0.0382
vn 0.9508 -0.3040 0.0600
vn 0.9980 0.0006 -0.0635
vn 0.9664 0.2571 -0.0000
vn 0.9771 0.2000 -0.0732
vn 0.9892 0.1075 -0.0998
vn 0.9861 0.1326 -0.0999
vn 0.9945 0.0994 -0.0341
vn 0.9759 0.2132 -0.0459
vn 0.9689 0.2237 -0.1060
vn 0.9600 0.2778 -0.0361
vn 0.9988 0.0286 0.0403
vn 0.9951 -0.0219 0.0967
vn 0.9973 -0.0386 0.0631
vn 0.9956 -0.0848 0.0396
vn 0.9995 0.0328 -0.0033
vn 0.9951 -0.0395 0.0911
vn 0.9256 -0.3553 0.1302
vn 0.9975 0.0710 0.0068
vn 0.9898 0.1419 0.0136
vn 0.9932 0.1161 -0.0053
vn 0.9959 0.0901 -0.0004
vn 0.9952 -0.0976 -0.0037
vn 0.9982 -0.0419 -0.0435
vn 0.9896 -0.0456 -0.1363
vn 0.9699 -0.0328 -0.2412
vn 0.9998 -0.0172 -0.0126
vn 0.9995 0.0182 0.0269
vn 0.9919 -0.0018 0.1267
vn 0.9969 0.0204 0.0754
vn 0.9798 0.1057 -0.1695
vn 0.9755 -0.1630 -0.1474
vn 0.9763 -0.2080 -0.0592
vn 0.9805 -0.1902 -0.0493
vn 0.9993 -0.0357 0.0108
vn 0.9975 0.0600 0.0374
vn 0.9972 0.0748 -0.0000
vn 0.9999 0.0121 -0.0038
vn 0.9980 0.0630 -0.0016
vn 0.9982 -0.0458 -0.0382
vn 0.9531 -0.2874 0.0952
vn 0.9963 -0.0536 -0.0675
vn 0.9995 -0.0131 0.0275
vn 0.9914 -0.1062 -0.0761
vn 0.9975 -0.0707 0.0062
vn 0.9979 -0.0533 -0.0379
vn 0.9967 -0.0676 0.0443
vn 0.9015 -0.0579 -0.4289
vn 0.9112 -0.0011 -0.4119
vn 0.8733 0.0394 -0.4855
vn 0.9003 0.0429 -0.4331
vn 0.9938 0.0428 -0.1027
vn 0.9998 -0.0019 0.0183
vn 0.9963 -0.0286 0.0810
vn 0.9204 -0.3562 0.1610
vn 0.9618 -0.2551 -0.0989
vn 0.9812 -0.1777 0.0756
vn 0.9940 0.0427 -0.1003
vn 0.9985 0.0250 -0.0481
vn 0.9951 0.0163 0.0975
vn 0.9750 -0.2110 0.0701
vn 0.9991 0.0377 0.0210
vn 0.9815 -0.1825 0.0571
vn 0.9982 0.0581 -0.0111
vn 0.9989 -0.0249 0.0389
vn 0.9913 -0.0676 -0.1133
vn 0.9988 -0.0195 -0.0448
vn 0.9970 0.0662 0.0413
vn 0.9939 0.0578 0.0938
vn 0.9916 0.1291 -0.0050
vn 0.9990 -0.0419 0.0133
vn 0.9988 0.0235 0.0433
vn 0.9984 -0.0000 -0.0572
vn 0.9901 0.0521 0.1302
vn 0.9969 0.0639 0.0468
vn 0.9728 -0.1855 -0.1391
vn 0.9967 -0.0718 0.0372
vn 0.9945 -0.0828 -0.0641
vn 0.9993 -0.0311 0.0194
vn 0.9970 -0.0654 0.0408
vn 0.9858 -0.0000 -0.1677
vn 0.9512 -0.2311 -0.2045
vn 0.9499 -0.3097 -0.0431
vn 0.8487 -0.4486 -0.2801
vn 0.9988 0.0170 -0.0464
vn 0.9940 0.0208 0.1074
vn 0.9840 0.0509 0.1706
vn 0.9745 0.1305 0.1824
vn 0.9736 0.0756 0.2153
vn 0.9949 0.0185 -0.0991
vn 0.9991 -0.0362 0.0226
vn 0.9944 -0.0898 0.0560
vn 0.9906 -0.0778 -0.1128
vn 0.9920 0.0524 -0.1144
vn 0.9979 -0.0348 -0.0552
vn 0.9968 0.0390 0.0692
vn 0.9989 0.0469 0.0035
vn 0.9876 0.0793 0.1358
vn 0.9947 0.0961 -0.0359
vn 0.9707 0.0679 -0.2304
vn 0.9645 -0.1029 -0.2432
vn 0.9812 -0.1787 -0.0732
vn 0.8979 -0.2994 -0.3228
vn 0.9968 0.0030 -0.0803
vn 0.9990 -0.0000 0.0454
vn 0.9958 -0.0000 0.0911
vn 0.9980 0.0255 -0.0572
vn 0.9995 -0.0041 -0.0302
vn 0.9969 0.0106 -0.0779
vn 0.9969 -0.0371 0.0689
vn 0.9874 -0.0748 0.1392
vn 0.9803 0.1170 -0.1594
vn 0.9903 0.0202 -0.1374
vn 0.9969 -0.0004 -0.0782
vn 0.9866 -0.0570 -0.1530
vn 0.9977 -0.0244 -0.0637
vn 0.9997 -0.0217 -0.0135
vn 0.9651 0.2604 0.0288
vn 0.8944 0.2917 0.3390
vn 0.9643 0.1980 0.1760
vn 0.9460 0.2964 0.1312
vn 0.9931 -0.0498 -0.1060
vn 0.9664 -0.2411 0.0889
vn 0.9674 -0.2378 0.0874
vn 0.9799 -0.1992 0.0081
vn 0.9982 0.0514 -0.0321
vn 0.9957 -0.0000 0.0930
vn 0.9396 -0.2903 0.1812
vn 0.8991 0.4298 -0.0837
vn 0.9602 0.2096 0.1847
vn 0.9533 0.2484 0.1715
vn 0.9141 0.3907 0.1091
vn 0.9916 0.0538 -0.1174
vn 0.9997 0.0124 0.0205
vn 0.9956 0.0934 0.0009
vn 0.9962 0.0734 0.0458
vn 0.9642 0.2645 -0.0191
vn 0.9912 0.1318 -0.0109
vn 0.9909 0.1174 -0.0662
vn 0.9977 0.0589 -0.0337
vn 0.9992 0.0348 0.0175
vn 0.9998 0.0173 0.0089
vn 0.9990 0.0439 -0.0119
vn 0.9997 0.0219 -0.0060
vn 0.9884 0.1094 0.1053
vn 0.9965 0.0707 0.0440
vn 0.9825 -0.0008 -0.1862
vn 0.9459 -0.2457 -0.2121
vn 0.9097 -0.3881 -0.1479
vn 0.9196 -0.3840 -0.0831
vn 0.9980 0.0534 -0.0333
vn 0.9780 0.2028 -0.0482
vn 0.1083 -0.9941 -0.0003
vn 0.1261 -0.9920 -0.0003
vn 0.1541 -0.9880 0.0046
vn 0.1592 -0.9872 0.0046
vn 0.1566 0.9876 -0.0045
vn 0.1260 0.9920 0.0003
vn 0.1542 0.9880 -0.0046
vn 0.1144 -0.9934 -0.0000
vn 0.1566 0.9877 -0.0045
vn 0.1540 0.0045 0.9881
vn 0.1592 0.0045 0.9872
vn 0.1081 0.9941 0.0003
vn 0.1188 -0.9929 -0.0000
vn 0.1540 -0.9881 0.0046
vn -0.0000 -0.0000 -1.0000
vn 0.1145 -0.0000 -0.9934
vn 0.9999 0.0087 0.0087
vn 0.9999 -0.0087 0.0087
vn 0.9999 -0.0087 -0.0087
vn 0.9999 0.0087 -0.0087
vn 0.1188 -0.0000 0.9929
vn 0.1567 -0.9876 0.0047
vn 0.9916 0.1295 -0.0010
vn 0.9904 -0.1385 -0.0030
vn 0.9897 -0.1042 -0.0981
vn 0.9903 0.0982 -0.0984
vn 0.9909 -0.0082 0.1345
vn 0.9909 0.0016 0.1346
vn 0.9901 0.0088 -0.1402
vn 0.9901 -0.0088 -0.1402
vn 0.9901 -0.0087 0.1399
vn 0.9901 0.0087 0.1399
vn 0.9901 0.0088 -0.1399
vn 0.9901 0.1400 -0.0087
vn 0.9909 -0.1346 -0.0084
vn 0.9909 -0.1347 0.0013
vn 0.9896 0.1437 0.0033
vn 0.1261 0.9920 -0.0003
vn 0.1083 0.9941 -0.0003
vn 0.1541 -0.9881 0.0046
vn 0.9897 0.1042 0.0981
vn 0.9897 -0.1042 0.0981
vn 0.9908 -0.1348 0.0084
vn 0.9908 0.1348 0.0084
vn 0.9904 -0.0027 0.1382
vn 0.9909 0.0015 0.1346
vn 0.1591 -0.9872 0.0046
vn 0.9897 -0.1044 -0.0979
vn 0.9903 0.0982 -0.0986
vn 0.9909 0.1347 -0.0013
vn 0.9904 -0.1382 -0.0030
vn 0.9904 0.1383 0.0030
vn 0.1145 -0.0000 0.9934
vn 0.9896 0.1436 0.0033
vn 0.1081 -0.9941 -0.0003
vn 0.1566 -0.9876 0.0045
vn 0.9896 -0.1436 -0.0033
vn 0.9901 -0.1400 0.0087
vn 0.9909 0.1346 0.0084
vn 0.9903 -0.0981 0.0987
vn 0.9916 -0.1295 0.0010
vn 0.9904 0.1385 0.0030
vn 0.9904 -0.1383 -0.0030
vn 0.1260 -0.9920 -0.0003
vn 0.9903 -0.0982 0.0984
vn 0.1567 -0.9876 0.0045
vn 0.9897 -0.1044 -0.0980
vn 0.9909 0.1346 -0.0013
vn 0.1566 0.9876 -0.0047
vn 0.1143 0.9934 -0.0000
vn 0.1190 -0.0000 0.9929
vn 0.6581 -0.7529 -0.0000
vn 0.3438 -0.9390 -0.0000
vn 0.4472 -0.8945 -0.0000
vn 0.4472 -0.8944 -0.0000
vn -0.4008 -0.9161 -0.0000
vn 0.4260 0.9047 -0.0000
vn 0.5000 0.8660 -0.0000
vn 0.7071 0.7071 -0.0000
vn 0.9914 0.1305 -0.0000
vn 0.9659 0.2589 -0.0000
vn 0.9984 -0.0478 0.0299
vn 0.9963 -0.0727 0.0468
vn 0.9918 -0.1260 -0.0215
vn 0.9743 -0.1987 0.1058
vn 0.9827 -0.1829 0.0295
vn 0.9756 -0.2143 0.0478
vn 0.9760 0.1842 -0.1160
vn 0.9654 0.2373 -0.1079
vn 0.9737 0.1648 -0.1574
vn 0.9838 0.0628 -0.1678
vn 0.9953 -0.0647 -0.0726
vn -0.0002 1.0000 -0.0000
vn 0.8615 -0.5077 -0.0000
vn 0.7530 0.6581 -0.0000
vn 0.4518 0.8921 -0.0000
vn 0.4008 0.9161 -0.0000
vn -0.3089 -0.4140 -0.8563
vn 0.9294 -0.3559 -0.0975
vn 0.9279 -0.3128 -0.2031
vn 0.9405 -0.2428 -0.2376
vn 0.9437 -0.3105 -0.1140
vn 0.9702 -0.2300 -0.0761
vn 0.9779 -0.1750 -0.1146
vn 0.9647 -0.1729 -0.1987
vn 0.9866 -0.1293 -0.0992
vn 0.0808 0.3837 -0.9199
vn 0.9963 0.0729 0.0446
vn 0.9702 0.2051 -0.1290
vn 0.9718 0.2322 -0.0402
vn 0.9817 0.1905 -0.0015
vn 0.9256 0.3634 -0.1060
vn 0.9555 0.2855 0.0735
vn 0.9726 0.2326 0.0062
vn 0.9109 0.3882 -0.1395
vn 0.9872 0.1034 -0.1213
vn 0.9255 0.2896 -0.2441
vn 0.8508 0.4359 -0.2936
vn 0.9807 0.0425 -0.1909
vn 0.9975 0.0697 0.0144
vn 0.9993 -0.0152 0.0333
vn 0.9969 0.0002 0.0783
vn 0.9942 0.0504 0.0951
vn 0.9289 -0.3630 -0.0727
vn 0.9289 0.2459 -0.2767
vn 0.9237 0.2896 -0.2507
vn 0.9441 0.3114 -0.1082
vn 0.9247 0.3783 -0.0415
vn 0.9035 0.3476 -0.2509
vn 0.8991 0.4179 -0.1306
vn 0.8460 0.5241 0.0974
vn 0.8773 0.3901 -0.2797
vn 0.9779 -0.0863 0.1904
vn 0.9895 0.0245 0.1423
vn 0.9716 -0.0485 0.2317
vn 0.9908 0.1022 -0.0888
vn 0.9274 0.2959 -0.2290
vn 0.9258 0.3742 -0.0546
vn 0.9725 0.1804 0.1474
vn 0.9368 0.2864 0.2012
vn 0.9385 0.2470 0.2415
vn 0.9638 0.2572 -0.0706
vn 0.9805 0.1572 -0.1180
vn 0.9783 0.0308 -0.2050
vn 0.8933 0.4149 -0.1728
vn 0.8910 0.3833 -0.2434
vn 0.8735 0.2138 -0.4374
vn 0.8121 0.2809 -0.5115
vn 0.9520 0.2899 -0.0979
vn 0.9629 0.1078 -0.2473
vn 0.9906 0.0225 -0.1353
vn 0.9868 -0.1304 -0.0956
vn 0.9502 -0.1834 -0.2521
vn 0.8950 0.0579 -0.4424
vn 0.8698 -0.0397 -0.4918
vn 0.8531 0.0024 -0.5218
vn 0.8857 0.4251 -0.1866
vn 0.9144 -0.3887 -0.1131
vn 0.9638 -0.2572 -0.0706
vn 0.9908 -0.1319 0.0302
vn 0.9731 -0.2255 0.0469
vn 0.9805 -0.1572 -0.1180
vn 0.9998 -0.0000 -0.0189
vn 0.9908 0.1319 0.0302
vn 0.9970 -0.0000 0.0774
vn 0.9912 -0.0507 0.1221
vn 0.8960 -0.4304 -0.1095
vn 0.8881 0.2272 0.3996
vn 0.9275 -0.0171 0.3733
vn 0.9503 -0.0723 0.3029
vn 0.9281 -0.0853 0.3624
vn 0.9520 0.0196 0.3056
vn 0.9808 -0.0108 0.1949
vn 0.9978 0.0075 0.0662
vn 0.9960 0.0159 0.0880
vn 0.9989 -0.0473 0.0080
vn 0.9905 -0.1090 0.0842
vn 0.9654 -0.1714 0.1965
vn 0.9505 -0.2031 0.2353
vn 0.9876 0.0709 0.1400
vn 0.9581 0.2501 -0.1398
vn 0.9647 0.2276 -0.1326
vn 0.9949 0.0798 -0.0610
vn 0.9546 0.2722 0.1209
vn 0.9378 0.3207 0.1331
vn 0.9795 0.1630 0.1181
vn 0.9963 0.0521 0.0680
vn 0.9891 0.1364 0.0550
vn 0.9542 0.2783 0.1099
vn 0.9788 0.1884 0.0809
vn 0.8984 0.4361 0.0527
vn 0.8562 0.5131 0.0600
vn 0.9158 0.3863 0.1103
vn 0.8561 0.4991 0.1341
vn 0.8807 0.4618 0.1054
vn 0.7989 0.4451 -0.4046
vn 0.8654 0.4377 0.2440
vn 0.9109 0.3448 0.2268
vn 0.9736 0.2113 0.0859
vn 0.9466 0.3154 0.0665
vn 0.9460 0.1789 0.2702
vn 0.9662 0.0600 0.2507
vn 0.9991 -0.0400 -0.0119
vn 0.9954 0.0865 0.0413
vn 0.9370 -0.0352 -0.3476
vn 0.5466 0.1459 -0.8246
vn 0.8529 0.4844 0.1944
vn 0.9009 0.2252 0.3711
vn 0.9064 0.2280 0.3556
vn 0.8927 0.4152 0.1752
vn 0.8422 0.4860 0.2334
vn 0.9527 0.0800 0.2930
vn 0.9693 0.2169 0.1155
vn 0.9089 0.4151 0.0395
vn 0.8737 0.4857 -0.0290
vn 0.9321 0.0939 0.3498
vn 0.8995 -0.4365 0.0189
vn 0.8887 -0.4354 0.1438
vn 0.8723 -0.3817 0.3056
vn 0.8458 -0.4362 0.3073
vn 0.9237 -0.3800 0.0482
vn 0.9368 -0.3266 0.1254
vn 0.9664 -0.2479 0.0677
vn 0.9583 -0.2275 0.1728
vn 0.8920 -0.3251 0.3140
vn 0.9055 -0.2704 0.3271
vn 0.9529 0.2879 0.0952
vn 0.9780 0.1852 -0.0957
vn 0.9654 0.0512 -0.2555
vn 0.9440 0.1074 -0.3121
vn 0.9907 0.1328 0.0289
vn 0.9970 0.0002 -0.0777
vn 0.9908 -0.1324 0.0289
vn 0.9782 -0.1847 -0.0954
vn 0.9655 -0.0507 -0.2555
vn 0.9439 -0.1069 -0.3123
vn 0.9981 -0.0562 -0.0231
vn 0.9929 -0.1067 -0.0517
vn 0.9976 0.0692 -0.0000
vn 0.9771 0.2000 0.0732
vn 0.9892 0.1075 0.0998
vn 0.9981 -0.0562 0.0231
vn 0.9712 -0.2178 0.0968
vn 0.9486 -0.3087 0.0702
vn 0.9835 -0.1810 -0.0000
vn 0.9642 -0.2652 -0.0073
vn 0.8515 -0.0831 -0.5178
vn 0.8389 0.0466 -0.5423
vn 0.8953 0.0889 -0.4366
vn 0.8320 0.1874 -0.5222
vn 0.8963 -0.0350 -0.4420
vn 0.9529 -0.0398 -0.3006
vn 0.9876 -0.0213 -0.1556
vn 0.9928 -0.1132 -0.0386
vn 0.9906 -0.0263 -0.1341
vn 0.9515 0.1084 -0.2879
vn 0.9953 -0.0447 -0.0859
vn 0.9155 0.1949 -0.3520
vn 0.9662 0.1340 -0.2201
vn 0.9558 0.1457 -0.2555
vn 0.9818 0.1302 -0.1384
vn 0.9960 0.0751 -0.0478
vn 0.9929 0.0486 -0.1088
vn 0.9696 0.1009 -0.2230
vn 0.9758 0.0124 -0.2181
vn 0.9422 0.0457 -0.3320
vn 0.9177 0.0525 -0.3938
vn 0.9466 0.1033 -0.3054
vn 0.9048 0.0153 -0.4256
vn 0.9267 0.0952 -0.3635
vn 0.8126 -0.0565 -0.5800
vn 0.7876 -0.0175 -0.6159
vn 0.8714 -0.1012 -0.4801
vn 0.8908 -0.2092 -0.4033
vn 0.8462 -0.2402 -0.4757
vn 0.8056 -0.1310 -0.5779
vn 0.8471 -0.1898 -0.4964
vn 0.7743 -0.1643 -0.6112
vn 0.9354 -0.3507 -0.0447
vn 0.9606 -0.2762 0.0311
vn 0.8393 -0.5387 -0.0735
vn 0.9843 -0.1740 0.0277
vn 0.9663 -0.2408 0.0914
vn 0.9754 -0.1599 0.1519
vn 0.9258 -0.3111 0.2149
vn 0.9550 -0.2559 0.1499
vn 0.9629 -0.2242 0.1504
vn 0.8429 -0.4858 0.2313
vn 0.1322 -0.9908 0.0276
vn 0.8844 0.4265 0.1895
vn 0.8977 0.3973 0.1902
vn 0.9360 0.2733 0.2219
vn 0.9042 0.3456 0.2508
vn 0.9415 0.3094 0.1335
vn 0.9802 0.1446 0.1356
vn 0.9956 -0.0183 0.0914
vn 0.9832 -0.1268 0.1314
vn 0.9805 -0.0062 0.1965
vn 0.9523 0.1255 0.2783
vn 0.9389 0.1556 0.3070
vn 0.9534 -0.2981 0.0474
vn 0.9639 -0.2593 -0.0600
vn 0.9859 -0.1281 -0.1074
vn 0.9911 -0.0939 -0.0939
vn 0.9437 -0.3237 -0.0686
vn 0.9700 -0.2158 -0.1117
vn 0.9850 -0.1242 -0.1202
vn 0.9859 -0.0144 -0.1664
vn 0.9867 0.0492 -0.1549
vn 0.9928 -0.0368 -0.1144
vn 0.9780 0.0788 -0.1929
vn 0.9934 0.0220 -0.1127
vn 0.9979 -0.0552 0.0330
vn 0.9809 -0.1603 0.1101
vn 0.9440 -0.2523 0.2129
vn 0.9388 -0.2905 0.1850
vn 0.9870 -0.0892 0.1340
vn 0.9586 -0.1573 0.2374
vn 0.9276 -0.2507 0.2771
vn 0.9073 -0.2874 0.3070
vn 0.9808 -0.1939 -0.0208
vn 0.9460 -0.3242 0.0028
vn 0.9965 -0.0000 -0.0837
vn 0.9459 0.2457 -0.2121
vn 0.9097 0.3881 -0.1479
vn 0.9808 0.1939 -0.0208
vn 0.9992 -0.0000 0.0412
vn 0.9916 -0.0768 0.1038
vn 0.9911 -0.0728 0.1119
vn 0.9083 -0.3900 0.1511
vn 0.9492 -0.3094 0.0576
vn 0.9536 -0.2681 0.1368
vn 0.9776 -0.1785 0.1114
vn 0.9314 -0.3088 0.1928
vn 0.9314 -0.3087 0.1927
vn 0.9136 0.1957 -0.3565
vn 0.9562 0.2753 -0.0998
vn 0.9456 0.0853 -0.3140
vn 0.9039 0.1593 -0.3968
vn 0.9773 0.1984 0.0749
vn 0.9972 0.0105 -0.0739
vn 0.9473 -0.0654 -0.3137
vn 0.9178 -0.1764 -0.3556
vn 0.9075 -0.1402 -0.3959
vn 0.9601 0.2784 0.0257
vn 0.9687 -0.2192 0.1167
vn 0.9578 -0.2583 0.1262
vn 0.9817 -0.1670 0.0917
vn 0.9872 -0.1058 0.1197
vn 0.9837 -0.0373 0.1760
vn 0.9767 -0.0765 0.2003
vn 0.9767 -0.1576 0.1460
vn 0.9738 -0.0960 0.2059
vn 0.9693 -0.1781 0.1698
vn 0.9809 0.1388 0.1363
vn 0.9948 0.0779 0.0659
vn 0.9962 -0.0735 -0.0460
vn 0.9944 -0.0448 -0.0961
vn 0.9888 0.0378 0.1443
vn 0.9914 -0.1201 0.0512
vn 0.9844 -0.1694 -0.0476
vn 0.9755 -0.1969 -0.0979
vn 0.9941 -0.0893 0.0615
vn 0.9918 -0.0588 0.1135
vn 0.9851 -0.1721 0.0021
vn 0.9530 -0.2846 -0.1041
vn 0.9687 -0.1959 -0.1526
vn 0.9971 -0.0515 -0.0567
vn 0.9994 0.0355 -0.0006
vn 0.9939 0.1073 0.0251
vn 0.9772 -0.1936 0.0872
vn 0.9770 -0.2044 0.0609
vn 0.9791 -0.1681 0.1142
vn 0.9712 -0.2035 0.1243
vn 0.9856 -0.1655 0.0336
vn 0.9893 -0.1203 0.0819
vn 0.9972 -0.0710 0.0250
vn 0.9978 -0.0583 0.0317
vn 0.9977 -0.0320 0.0595
vn 0.9897 -0.0865 0.1144
vn 0.9933 -0.0041 0.1157
vn 0.9846 -0.0335 0.1713
vn 0.9782 -0.0695 0.1958
vn 0.9803 -0.1335 0.1454
vn 0.9821 -0.1329 0.1338
vn 0.9736 -0.1526 0.1696
vn 0.9904 0.1232 -0.0624
vn 0.9666 0.2525 -0.0436
vn 0.9676 0.2358 -0.0899
vn 0.9627 0.2536 -0.0941
vn 0.9718 0.2353 -0.0124
vn 0.9756 0.2173 -0.0325
vn 0.9838 0.1783 0.0212
vn 0.9812 0.1928 -0.0116
vn 0.9815 0.1867 -0.0416
vn 0.9718 0.2182 -0.0896
vn 0.9849 0.1730 -0.0057
vn 0.9754 0.2014 -0.0899
vn 0.9589 -0.1902 0.2104
vn 0.9843 -0.0853 0.1543
vn 0.9578 -0.1452 0.2480
vn 0.9987 -0.0000 -0.0516
vn 0.9512 0.2311 -0.2045
vn 0.9499 0.3097 -0.0430
vn 0.9843 0.0853 0.1543
vn 0.9589 0.1902 0.2104
vn 0.9578 0.1452 0.2480
vn 0.8489 0.4484 -0.2799
vn 0.9958 0.0918 0.0025
vn 0.9969 0.0695 0.0359
vn 0.9906 0.1130 -0.0768
vn 0.9727 0.1900 -0.1336
vn 0.9723 0.2212 -0.0751
vn 0.9889 0.1488 0.0028
vn 0.9857 0.1499 -0.0773
vn 0.9839 0.1749 0.0364
vn 0.1142 -0.0000 -0.9935
vn 0.1190 -0.0000 -0.9929
vn 0.1146 -0.0000 0.9934
vn 0.1191 -0.0000 0.9929
vn 0.1567 0.9876 -0.0045
vn 0.1189 -0.0000 -0.9929
vn 0.1082 0.9941 0.0003
vn 0.1261 0.9920 0.0003
vn 0.1143 -0.9934 -0.0000
vn 0.1191 -0.0000 -0.9929
vn 0.1194 -0.0000 -0.9928
vn 0.1144 -0.0000 0.9934
vn 0.1541 0.9880 -0.0046
vn 0.1592 0.9872 -0.0046
vn 0.1144 0.9934 -0.0000
vn 0.1192 -0.0000 0.9929
vn 0.1194 -0.0000 -0.9929
vn 0.9909 -0.1346 0.0013
vn 0.1082 -0.9941 -0.0003
vn 0.9901 -0.0087 0.1400
vn 0.9901 0.0087 0.1400
vn 0.1262 -0.9920 -0.0003
vn 0.9897 -0.1044 -0.0981
vn 0.1146 -0.0000 -0.9934
vn 0.1189 -0.9929 -0.0000
vn 0.1188 0.9929 -0.0000
vn 0.9905 0.1364 0.0185
vn 0.9938 -0.1031 0.0407
vn 0.9901 0.1399 -0.0087
vn 0.9904 0.1382 0.0030
vn 0.1262 0.9920 -0.0003
vn 0.1084 0.9941 -0.0003
vn 0.1189 0.9929 -0.0000
vn 0.9901 -0.0088 -0.1399
vn 0.1084 -0.9941 -0.0003
vn 0.9897 -0.1042 -0.0984
vn 0.9903 0.0982 -0.0981
vn 0.1566 -0.9877 0.0045
vn 0.9904 0.1384 0.0030
vn 0.9901 -0.1399 0.0087
vn 0.9909 -0.1345 -0.0084
vn 0.9904 -0.0028 0.1384
vn 0.9934 -0.0412 0.1066
vn 0.9902 -0.0192 -0.1384
vn 0.9904 -0.1384 -0.0030
vn 0.9669 -0.2552 0.0042
vn 0.8805 -0.4736 0.0198
vn 0.9921 -0.1258 0.0018
vn 0.8830 -0.4687 -0.0267
vn 0.9912 -0.1322 -0.0059
vn 0.8615 -0.5075 -0.0175
vn 0.6449 -0.7643 0.0050
vn 0.4908 -0.8712 -0.0092
vn 0.4820 -0.8760 0.0200
vn 0.6980 -0.7159 0.0162
vn 0.8627 -0.5056 0.0111
vn 0.8805 -0.4736 0.0199
vn 0.8830 -0.4686 -0.0268
vn 0.8642 -0.5029 -0.0172
vn 0.6450 -0.7642 0.0049
vn 0.4883 -0.8727 -0.0089
vn 0.4839 -0.8749 0.0202
vn 0.4883 0.8726 0.0089
vn 0.6448 0.7643 -0.0049
vn 0.4839 0.8749 -0.0201
vn 0.8805 0.4736 -0.0199
vn 0.8626 0.5057 -0.0112
vn 0.9921 0.1258 -0.0018
vn 0.8830 0.4686 0.0268
vn 0.9912 0.1322 0.0059
vn 0.8642 0.5029 0.0172
vn 0.4908 0.8712 0.0093
vn 0.4838 0.8749 -0.0202
vn 0.8614 0.5076 0.0175
vn 0.6449 0.7643 -0.0049
vn 0.8830 0.4685 0.0268
vn 0.8614 0.5075 0.0175
vn 0.6449 0.7643 -0.0048
vn 0.8627 0.5057 -0.0112
vn 0.6449 0.7642 -0.0049
vn 0.4819 0.8760 -0.0200
vn 0.8805 0.4735 -0.0199
vn 0.6980 0.7160 -0.0163
vn 0.9669 0.2552 -0.0042
vn 0.8616 0.5073 0.0175
vn 0.8614 -0.5075 -0.0175
vn 0.6448 -0.7643 0.0049
vn 0.4908 -0.8712 -0.0093
vn 0.4820 -0.8759 0.0200
vn 0.6979 -0.7160 0.0162
vn 0.8627 -0.5057 0.0112
vn 0.8831 -0.4685 -0.0268
vn 0.8629 -0.5050 -0.0179
vn 0.6449 -0.7643 0.0049
vn 0.4928 -0.8701 -0.0094
vn 0.8659 -0.4936 0.0808
vn 0.9034 -0.3712 0.2145
vn 0.9944 -0.1018 0.0268
vn 0.9836 -0.1277 0.1276
vn 0.9989 -0.0425 0.0221
vn 0.9988 -0.0221 0.0425
vn 0.9035 -0.2145 0.3711
vn 0.9944 -0.0268 0.1019
vn 0.8632 -0.0808 0.4984
vn 0.7948 -0.4290 0.4293
vn 0.5200 -0.1583 0.8394
vn -0.0086 -0.7071 0.7071
vn -0.0087 -0.7071 0.7070
vn 0.6684 -0.6935 0.2690
vn 0.9989 -0.0221 -0.0425
vn 0.9836 -0.1274 -0.1274
vn 0.9989 -0.0425 -0.0221
vn 0.9034 -0.3713 -0.2145
vn 0.9944 -0.1018 -0.0268
vn 0.9651 -0.2594 -0.0366
vn 0.6863 -0.7172 -0.1208
vn 0.7946 -0.4294 -0.4292
vn 0.5173 -0.8411 -0.1579
vn -0.0086 -0.7071 -0.7071
vn -0.0086 -0.7070 -0.7071
vn 0.5202 -0.1584 -0.8392
vn 0.9034 -0.2147 -0.3712
vn 0.8631 -0.0810 -0.4985
vn 0.9944 -0.0268 -0.1020
vn 0.9656 -0.2601 0.0045
vn 0.8806 -0.4735 0.0199
vn 0.4865 -0.8734 0.0205
vn 0.6979 -0.7160 0.0174
vn 0.8626 -0.5057 0.0112
vn 0.8830 -0.4685 -0.0269
vn 0.4883 -0.8726 -0.0089
vn 0.8642 0.5029 0.0171
vn 0.4839 0.8749 -0.0202
vn 0.8805 0.4736 -0.0198
vn 0.9912 0.1322 0.0058
vn 0.8615 0.5075 0.0175
vn 0.6450 0.7642 -0.0050
vn 0.4909 0.8712 0.0092
vn 0.4865 0.8734 -0.0206
vn 0.6979 0.7160 -0.0174
vn 0.9656 0.2601 -0.0044
vn 0.9920 0.1258 -0.0018
vn 0.9944 0.1018 0.0268
vn 0.9034 0.3712 0.2145
vn 0.9651 0.2594 0.0366
vn 0.6863 0.7172 0.1208
vn 0.7947 0.4291 0.4293
vn 0.5174 0.8411 0.1579
vn -0.0086 0.7071 0.7071
vn 0.5199 0.1581 0.8395
vn 0.9035 0.2146 0.3711
vn 0.8632 0.0808 0.4984
vn 0.9944 0.0268 0.1019
vn 0.9836 0.1277 0.1276
vn 0.9989 0.0221 0.0425
vn 0.9989 0.0425 0.0221
vn 0.9944 0.0268 -0.1020
vn 0.9034 0.2147 -0.3713
vn 0.8631 0.0810 -0.4985
vn 0.7946 0.4294 -0.4292
vn 0.5198 0.1582 -0.8395
vn -0.0086 0.7071 -0.7071
vn -0.0086 0.7070 -0.7071
vn 0.6683 0.6935 -0.2690
vn 0.9036 0.3708 -0.2145
vn 0.8659 0.4936 -0.0808
vn 0.9944 0.1018 -0.0268
vn 0.9836 0.1274 -0.1274
vn 0.9989 0.0425 -0.0221
vn 0.9988 0.0221 -0.0425
vn 0.8830 0.4686 0.0267
vn 0.8629 0.5050 0.0179
vn 0.4929 0.8700 0.0094
vn 0.4840 0.8749 -0.0201
vn 0.8627 0.5056 -0.0111
vn 0.6980 0.7159 -0.0163
vn 0.8614 -0.5076 -0.0175
vn 0.6980 -0.7160 0.0162
vn 0.8805 -0.4735 0.0199
vn 0.8830 -0.4685 -0.0268
vn 0.6449 -0.7643 0.0048
vn 0.4929 -0.8701 -0.0094
vn 0.4839 -0.8749 0.0201
vn 0.8660 -0.4935 0.0808
vn 0.9035 -0.3712 0.2145
vn 0.9037 -0.2141 0.3709
vn 0.9944 -0.0268 0.1018
vn 0.8632 -0.0808 0.4983
vn 0.7948 -0.4290 0.4292
vn -0.0085 -0.7070 0.7072
vn 0.6684 -0.6935 0.2689
vn 0.9988 -0.0221 -0.0426
vn 0.9836 -0.1275 -0.1275
vn 0.9035 -0.3712 -0.2144
vn 0.7947 -0.4293 -0.4291
vn 0.5174 -0.8411 -0.1579
vn -0.0086 -0.7072 -0.7070
vn 0.5201 -0.1584 -0.8393
vn 0.9035 -0.2145 -0.3711
vn 0.9656 -0.2601 0.0044
vn 0.9912 -0.1322 -0.0058
vn 0.6448 -0.7643 0.0050
vn 0.4866 -0.8734 0.0205
vn 0.6979 -0.7159 0.0174
vn 0.8831 -0.4685 -0.0269
vn 0.9912 -0.1321 -0.0059
vn 0.4883 0.8727 0.0089
vn 0.4864 0.8735 -0.0205
vn 0.8806 0.4735 -0.0198
vn 0.9656 0.2600 -0.0045
vn -0.0087 0.7072 0.7070
vn -0.0086 0.7071 0.7070
vn 0.5200 0.1583 0.8394
vn 0.7948 0.4290 0.4293
vn 0.9035 0.2145 0.3711
vn 0.9944 0.0268 0.1018
vn 0.9836 0.1276 0.1276
vn 0.9988 0.0221 0.0425
vn 0.9035 0.3712 0.2145
vn 0.9651 0.2593 0.0366
vn 0.5173 0.8411 0.1579
vn 0.9944 0.0268 -0.1019
vn 0.9035 0.2145 -0.3711
vn 0.8631 0.0810 -0.4984
vn 0.5202 0.1584 -0.8392
vn -0.0086 0.7072 -0.7069
vn -0.0086 0.7073 -0.7069
vn 0.6685 0.6934 -0.2689
vn 0.9035 0.3712 -0.2145
vn 0.8660 0.4936 -0.0805
vn 0.9989 0.0221 -0.0425
vn 0.4929 0.8701 0.0094
vn 0.6449 0.7642 -0.0048
vn 0.4838 0.8749 -0.0201
vn 0.8805 0.4735 -0.0198
vn 0.8627 0.5056 -0.0112
vn 0.4907 0.8713 0.0093
vn 0.4818 0.8760 -0.0200
vn 0.8804 0.4738 -0.0199
vn 0.9669 0.2551 -0.0042
vn 0.9921 0.1257 -0.0018
vn 0.9669 -0.2551 0.0042
vn 0.6448 -0.7643 0.0048
vn 0.4931 -0.8699 -0.0094
vn 0.4819 -0.8760 0.0200
vn 0.8659 -0.4936 0.0805
vn 0.9989 -0.0221 0.0425
vn 0.7947 -0.4293 0.4292
vn 0.9035 -0.3711 -0.2144
vn 0.9651 -0.2593 -0.0366
vn -0.0085 -0.7072 -0.7070
vn 0.5199 -0.1582 -0.8395
vn 0.9033 -0.2147 -0.3713
vn 0.8614 -0.5075 -0.0174
vn 0.6449 -0.7642 0.0048
vn 0.4882 -0.8727 -0.0089
vn 0.4838 -0.8749 0.0201
vn 0.5200 0.1582 0.8394
vn 0.8645 0.4962 0.0802
vn 0.5143 0.8430 0.1578
vn 0.7947 0.4293 -0.4291
vn 0.5201 0.1584 -0.8393
vn -0.0086 0.7070 -0.7072
vn 0.6684 0.6935 -0.2689
vn 0.9035 0.3711 -0.2144
vn 0.8659 0.4936 -0.0805
vn 0.9836 0.1275 -0.1275
vn 0.9988 0.0221 -0.0426
vn 0.4928 0.8701 0.0094
vn 0.8803 0.4739 -0.0198
vn 0.8645 -0.4962 0.0802
vn 0.9034 -0.2146 0.3711
vn 0.7947 -0.4290 0.4293
vn -0.0084 -0.7070 0.7072
vn 0.5142 -0.8430 0.1578
vn 0.9836 -0.1277 -0.1276
vn 0.9036 -0.3709 -0.2145
vn 0.9035 -0.2144 -0.3710
vn 0.8633 -0.0810 -0.4982
vn 0.9944 -0.0268 -0.1019
vn 0.6980 -0.7159 0.0174
vn 0.8627 -0.5056 0.0112
vn 0.4882 -0.8727 -0.0090
vn 0.8645 0.4963 0.0802
vn 0.9035 0.2144 0.3711
vn 0.5202 0.1584 -0.8393
vn 0.6683 0.6936 -0.2690
vn 0.9034 0.3712 -0.2144
vn 0.8660 0.4935 -0.0808
vn 0.4820 0.8759 -0.0200
vn 0.6980 0.7159 -0.0162
vn 0.8645 -0.4963 0.0802
vn 0.9035 -0.2146 0.3711
vn 0.7947 -0.4291 0.4293
vn 0.5200 -0.1582 0.8394
vn 0.5143 -0.8430 0.1578
vn 0.7945 -0.4295 -0.4293
vn 0.9033 -0.2148 -0.3713
vn 0.8830 -0.4686 -0.0267
vn 0.8642 -0.5029 -0.0171
vn 0.4884 -0.8726 -0.0088
vn 0.5142 0.8430 0.1578
vn -0.0084 0.7070 0.7072
vn 0.8631 0.0811 0.4984
vn 0.8831 0.4685 0.0268
vn 0.8630 0.5049 0.0179
vn 0.6450 0.7642 -0.0048
vn 0.4930 0.8700 0.0094
vn 0.8615 0.5075 0.0174
vn 0.6450 0.7642 -0.0049
vn 0.4909 0.8712 0.0093
vn 0.6981 0.7159 -0.0162
vn 0.9837 -0.1273 0.1273
vn 0.9651 -0.0363 0.2593
vn 0.6864 -0.1205 0.7172
vn 0.5173 -0.1579 0.8411
vn -0.0083 -0.7068 0.7074
vn 0.9035 -0.3710 -0.2148
vn 0.7948 -0.4292 -0.4290
vn 0.5202 -0.1584 -0.8393
vn 0.8615 -0.5075 -0.0174
vn 0.4838 -0.8749 0.0202
vn 0.9656 0.0047 0.2601
vn 0.8804 0.0200 0.4738
vn 0.9921 0.0018 0.1258
vn 0.8831 -0.0267 0.4684
vn 0.9912 -0.0059 0.1321
vn 0.8615 -0.0173 0.5075
vn 0.6449 0.0049 0.7643
vn 0.4907 -0.0095 0.8713
vn 0.4861 0.0205 0.8737
vn 0.6982 0.0177 0.7157
vn 0.9035 0.2144 -0.3711
vn 0.7948 0.4292 -0.4290
vn 0.8659 0.4937 -0.0808
vn 0.8805 0.4736 -0.0201
vn 0.8627 0.0112 0.5056
vn 0.8806 0.0198 0.4734
vn 0.9912 -0.0058 0.1321
vn 0.8642 -0.0168 0.5029
vn 0.6450 0.0049 0.7641
vn 0.4883 -0.0088 0.8726
vn 0.4836 0.0199 0.8751
vn 0.7948 -0.4292 -0.4291
vn 0.8631 -0.0810 -0.4984
vn 0.8806 -0.4735 0.0198
vn 0.8830 -0.4686 -0.0269
vn 0.4865 -0.8735 0.0205
vn 0.8627 -0.5057 0.0111
vn 0.9988 0.0349 -0.0349
vn 0.9901 0.0525 -0.1302
vn 0.9897 -0.1192 -0.0797
vn 0.9660 0.0538 -0.2530
vn 0.7589 0.3628 -0.5408
vn -0.0086 0.7072 -0.7070
vn 0.9935 0.0808 0.0806
vn 0.9616 0.2105 -0.1760
vn 0.9646 -0.0389 0.2608
vn 0.9739 -0.1001 0.2036
vn 0.6958 -0.7183 -0.0009
vn 0.4305 -0.9026 -0.0008
vn 0.8837 -0.3299 -0.3319
vn 0.7182 -0.6958 0.0009
vn 0.2583 -0.9661 -0.0000
vn 0.2585 0.9660 -0.0000
vn 0.7183 0.6957 -0.0009
vn 0.8837 0.3299 0.3320
vn 0.4306 0.9026 0.0008
vn 0.6957 0.7183 0.0009
vn 0.8686 0.0582 -0.4921
vn 0.8686 -0.0581 0.4921
vn 0.6957 -0.7183 -0.0009
vn 0.4307 -0.9025 -0.0008
vn 0.2733 -0.9619 -0.0008
vn 0.8837 -0.3300 -0.3320
vn 0.7181 -0.6959 0.0009
vn 0.2584 -0.9660 -0.0000
vn 0.2584 0.9661 -0.0000
vn 0.7181 0.6959 -0.0009
vn 0.2732 0.9619 0.0008
vn 0.4305 0.9026 0.0008
vn 0.6958 0.7182 0.0009
vn 0.9825 0.1314 -0.1317
vn 0.2730 -0.9620 -0.0008
vn 0.8716 -0.4869 -0.0574
vn 0.2585 -0.9660 -0.0000
vn 0.2583 0.9661 -0.0000
vn 0.8716 0.4868 0.0574
vn 0.2731 0.9620 0.0008
vn 0.9826 -0.1313 0.1316
vn 0.6958 -0.7182 -0.0009
vn 0.4308 -0.9024 -0.0008
vn 0.2732 -0.9620 -0.0008
vn 0.4353 0.9003 -0.0011
vn 0.8814 0.3355 0.3325
vn 0.8814 -0.3354 0.3325
vn 0.4354 -0.9002 -0.0011
vn 0.8716 -0.4868 -0.0574
vn 0.4351 0.9004 -0.0011
vn 0.2733 0.9619 0.0008
vn 0.8687 0.0581 -0.4920
vn 0.8814 -0.3355 0.3325
vn 0.4354 0.9002 -0.0011
vn 0.8815 0.3356 0.3322
vn 0.2732 0.9620 0.0008
vn 0.4353 -0.9003 -0.0011
vn 0.2582 -0.9661 -0.0000
vn 0.6958 0.7183 0.0009
vn 0.8686 0.0582 -0.4920
vn 0.8837 -0.3299 -0.3320
vn 0.9338 -0.1407 0.3290
vn 0.8886 -0.4513 0.0823
vn 0.9031 -0.4232 0.0735
vn 0.8513 -0.5145 0.1026
vn 0.1189 -0.0000 0.9929
vn 0.2583 -0.0000 0.9661
vn 0.7181 0.0015 0.6960
vn 0.7070 -0.0000 -0.7072
vn 0.2590 -0.0000 -0.9659
vn 0.7069 -0.0000 0.7073
vn 0.7070 -0.0000 -0.7073
vn 0.2588 -0.0000 0.9659
vn 0.4260 -0.0000 -0.9047
vn 0.4258 -0.0000 0.9048
vn 0.7069 -0.0000 -0.7073
vn 0.2589 -0.0000 -0.9659
vn 0.8481 -0.1735 0.5006
vn 0.8873 -0.1403 0.4393
vn 0.7071 -0.0000 -0.7072
vn 0.2588 -0.0000 -0.9659
vn 0.9968 -0.0523 0.0603
vn 0.9897 -0.0845 0.1159
vn 0.9987 -0.0000 -0.0503
vn 0.9755 0.1631 -0.1474
vn 0.9763 0.2080 -0.0593
vn 0.9968 0.0523 0.0603
vn 0.9913 0.0835 -0.1019
vn 0.9897 0.0845 0.1158
vn 0.9824 -0.1631 0.0913
vn 0.9762 -0.1929 0.0990
vn 0.9901 -0.1220 0.0700
vn 0.9925 -0.0803 0.0922
vn 0.9903 -0.0290 0.1361
vn 0.9861 -0.0606 0.1547
vn 0.9861 -0.1215 0.1136
vn 0.9831 -0.1384 0.1199
vn 0.9816 -0.1379 0.1322
vn 0.9982 -0.0272 0.0536
vn 0.9978 0.0446 0.0499
vn 0.9850 0.0942 -0.1449
vn 0.9068 0.0240 -0.4209
vn 0.9779 0.0054 -0.2090
vn 0.8103 -0.2101 -0.5471
vn 0.9893 -0.1211 -0.0815
vn 0.9394 -0.3123 -0.1414
vn 0.9566 -0.1353 -0.2582
vn 0.7819 -0.5538 -0.2862
vn 0.8837 0.1128 -0.4543
vn 0.9768 0.0472 0.2090
vn 0.9725 0.0500 0.2276
vn 0.9679 0.0849 0.2366
vn 0.9004 0.2392 0.3635
vn 0.9874 -0.1494 -0.0522
vn 0.8487 0.4486 -0.2801
vn 0.9655 -0.2574 0.0399
vn 0.9957 -0.0709 0.0590
vn 0.9427 -0.2830 0.1767
vn 0.9771 -0.1349 0.1646
vn 0.9736 -0.1016 0.2046
vn 0.9204 -0.3563 0.1611
vn 0.9221 0.3795 -0.0755
vn 0.9773 -0.2062 0.0487
vn 0.9873 0.1160 0.1081
vn 0.9861 0.1470 0.0773
vt 0.985269 0.040447
vt 0.979679 0.040456
vt 0.979639 0.015825
vt 0.985229 0.015816
vt 0.760873 0.456917
vt 0.766438 0.456908
vt 0.766481 0.481539
vt 0.760916 0.481549
vt 0.946748 0.040509
vt 0.946708 0.015878
vt 0.948170 0.015875
vt 0.948210 0.040507
vt 0.588117 0.461314
vt 0.695059 0.461107
vt 0.695107 0.485738
vt 0.588164 0.485945
vt 0.758534 0.481553
vt 0.758491 0.456921
vt 0.756870 0.481556
vt 0.756828 0.456924
vt 0.754953 0.481559
vt 0.754910 0.456928
vt 0.753524 0.481561
vt 0.753481 0.456930
vt 0.749811 0.481568
vt 0.749768 0.456937
vt 0.746471 0.481574
vt 0.746428 0.456942
vt 0.742698 0.481580
vt 0.742656 0.456949
vt 0.739484 0.481586
vt 0.739442 0.456955
vt 0.735639 0.481592
vt 0.735597 0.456961
vt 0.734210 0.481595
vt 0.734168 0.456964
vt 0.732781 0.481597
vt 0.732739 0.456966
vt 0.729447 0.481603
vt 0.729404 0.456972
vt 0.950552 0.015871
vt 0.950592 0.040503
vt 0.952216 0.015869
vt 0.952255 0.040500
vt 0.954133 0.015866
vt 0.954172 0.040497
vt 0.955562 0.015863
vt 0.955602 0.040495
vt 0.959275 0.015857
vt 0.959315 0.040489
vt 0.962615 0.015852
vt 0.962654 0.040483
vt 0.966388 0.015846
vt 0.966427 0.040477
vt 0.969602 0.015841
vt 0.969641 0.040472
vt 0.973447 0.015835
vt 0.973486 0.040466
vt 0.974876 0.015832
vt 0.974915 0.040464
vt 0.976305 0.015830
vt 0.976344 0.040461
vt 0.727216 0.038243
vt 0.727173 0.013612
vt 0.728635 0.013609
vt 0.728678 0.038240
vt 0.545042 0.698588
vt 0.542318 0.681915
vt 0.571142 0.678730
vt 0.572904 0.695022
vt 0.916690 0.461435
vt 0.915352 0.486830
vt 0.906772 0.486214
vt 0.908015 0.461026
vt 0.898939 0.044769
vt 0.885261 0.045009
vt 0.885593 0.021047
vt 0.898239 0.021157
vt 0.885942 0.486037
vt 0.887146 0.484822
vt 0.905571 0.484951
vt 0.888539 0.483349
vt 0.904165 0.483502
vt 0.890031 0.481786
vt 0.902664 0.481945
vt 0.881462 0.016829
vt 0.902303 0.016856
vt 0.901114 0.018133
vt 0.882677 0.018030
vt 0.899723 0.019590
vt 0.884085 0.019494
vt 0.900562 0.043298
vt 0.902186 0.042179
vt 0.903810 0.041690
vt 0.880342 0.041965
vt 0.881973 0.042436
vt 0.883614 0.043543
vt 0.839856 0.034291
vt 0.834266 0.034296
vt 0.834244 0.009665
vt 0.839834 0.009660
vt 0.778811 0.031852
vt 0.778811 0.003906
vt 0.801335 0.034326
vt 0.801313 0.009695
vt 0.802775 0.009693
vt 0.802797 0.034325
vt 0.675786 0.664569
vt 0.675786 0.127533
vt 0.778811 0.043811
vt 0.771157 0.047160
vt 0.766851 0.055772
vt 0.759675 0.055772
vt 0.753264 0.073282
vt 0.738817 0.081798
vt 0.721402 0.089261
vt 0.710781 0.101413
vt 0.707050 0.120357
vt 0.699874 0.120357
vt 0.699874 0.127533
vt 0.683129 0.127533
vt 0.805157 0.009691
vt 0.805179 0.034322
vt 0.806821 0.009690
vt 0.806843 0.034321
vt 0.808738 0.009688
vt 0.808760 0.034319
vt 0.810167 0.009687
vt 0.810189 0.034318
vt 0.813880 0.009683
vt 0.813902 0.034315
vt 0.817220 0.009680
vt 0.817242 0.034312
vt 0.820993 0.009677
vt 0.821015 0.034308
vt 0.824206 0.009674
vt 0.824229 0.034305
vt 0.828052 0.009671
vt 0.828074 0.034302
vt 0.829481 0.009669
vt 0.829503 0.034301
vt 0.830910 0.009668
vt 0.830932 0.034299
vt 0.291494 0.033047
vt 0.277220 0.028869
vt 0.283606 0.005300
vt 0.297714 0.009463
vt 0.919503 0.487201
vt 0.910923 0.486586
vt 0.559946 0.055642
vt 0.544892 0.054860
vt 0.546575 0.030828
vt 0.561389 0.031619
vt 0.529790 0.054062
vt 0.531622 0.030036
vt 0.514614 0.053358
vt 0.516590 0.029255
vt 0.499462 0.052655
vt 0.501471 0.028489
vt 0.484192 0.051815
vt 0.486251 0.027595
vt 0.468969 0.050934
vt 0.470810 0.026852
vt 0.453620 0.050472
vt 0.455451 0.026413
vt 0.438310 0.050004
vt 0.440374 0.025899
vt 0.423072 0.049159
vt 0.425412 0.025091
vt 0.407961 0.048314
vt 0.410496 0.024220
vt 0.392943 0.047336
vt 0.395658 0.023307
vt 0.378029 0.046291
vt 0.380959 0.022351
vt 0.363192 0.045264
vt 0.366531 0.021329
vt 0.348562 0.043990
vt 0.352420 0.020106
vt 0.334016 0.042183
vt 0.338638 0.018361
vt 0.319722 0.039805
vt 0.325058 0.015991
vt 0.305588 0.036714
vt 0.311465 0.012978
vt 0.492092 0.983428
vt 0.493109 0.966520
vt 0.519173 0.971067
vt 0.517432 0.987072
vt 0.494708 0.950174
vt 0.520932 0.955896
vt 0.497077 0.934326
vt 0.523169 0.941358
vt 0.500333 0.918774
vt 0.526185 0.927390
vt 0.504812 0.903713
vt 0.530317 0.913935
vt 0.510897 0.889165
vt 0.535881 0.900740
vt 0.518064 0.874936
vt 0.542696 0.887417
vt 0.525985 0.860896
vt 0.550478 0.873574
vt 0.534123 0.846662
vt 0.558766 0.858907
vt 0.542154 0.832046
vt 0.567149 0.843231
vt 0.549729 0.816923
vt 0.575170 0.826346
vt 0.556332 0.801158
vt 0.582100 0.807970
vt 0.561180 0.784361
vt 0.586950 0.788058
vt 0.563081 0.766586
vt 0.588611 0.767192
vt 0.561084 0.748575
vt 0.586653 0.746719
vt 0.555856 0.731382
vt 0.582053 0.727961
vt 0.549899 0.714959
vt 0.576867 0.711012
vt 0.251329 0.606582
vt 0.254984 0.608378
vt 0.258209 0.611479
vt 0.260144 0.615093
vt 0.240864 0.603752
vt 0.238542 0.628638
vt 0.212451 0.626560
vt 0.213904 0.608657
vt 0.197703 0.599415
vt 0.186264 0.624541
vt 0.186310 0.606298
vt 0.158261 0.602468
vt 0.160046 0.622099
vt 0.133909 0.620520
vt 0.133599 0.597483
vt 0.101978 0.604466
vt 0.104740 0.605335
vt 0.106768 0.607381
vt 0.107610 0.610126
vt 0.079047 0.606058
vt 0.082131 0.606550
vt 0.083963 0.608503
vt 0.084234 0.611600
vt 0.272321 0.709447
vt 0.275063 0.692410
vt 0.304999 0.695560
vt 0.302062 0.711944
vt 0.334877 0.700883
vt 0.331654 0.717260
vt 0.364002 0.707638
vt 0.360396 0.724372
vt 0.392455 0.714774
vt 0.388414 0.731436
vt 0.046360 0.315105
vt 0.038997 0.318607
vt 0.040699 0.316138
vt 0.043330 0.314864
vt 0.522075 0.720524
vt 0.515954 0.705208
vt 0.265128 0.610316
vt 0.264554 0.631356
vt 0.268571 0.726085
vt 0.299085 0.727915
vt 0.328481 0.733336
vt 0.356864 0.741201
vt 0.384326 0.748771
vt 0.100064 0.318396
vt 0.091469 0.322430
vt 0.093532 0.319671
vt 0.096628 0.318218
vt 0.049214 0.282252
vt 0.053752 0.299900
vt 0.020744 0.290573
vt 0.024983 0.275449
vt 0.530513 0.735368
vt 0.299350 0.588317
vt 0.295234 0.604123
vt 0.269786 0.597510
vt 0.273948 0.581707
vt 0.266597 0.741454
vt 0.296523 0.743155
vt 0.325435 0.749075
vt 0.353205 0.757656
vt 0.129264 0.287295
vt 0.136281 0.298481
vt 0.132555 0.295848
vt 0.130008 0.291796
vt 0.537821 0.750431
vt 0.280404 0.559811
vt 0.278795 0.562120
vt 0.276309 0.563332
vt 0.273474 0.563169
vt 0.072603 0.573422
vt 0.073827 0.573535
vt 0.074966 0.574136
vt 0.075746 0.575084
vt 0.265828 0.755085
vt 0.293926 0.757802
vt 0.321975 0.764123
vt 0.349388 0.774197
vt 0.125462 0.303294
vt 0.128099 0.299911
vt 0.131993 0.298182
vt 0.539714 0.765665
vt 0.283989 0.566625
vt 0.277207 0.570140
vt 0.259103 0.540803
vt 0.253689 0.556206
vt 0.228222 0.548127
vt 0.234405 0.532162
vt 0.059249 0.542415
vt 0.064747 0.543189
vt 0.069198 0.546485
vt 0.071546 0.551499
vt 0.263663 0.769372
vt 0.290288 0.772071
vt 0.317126 0.778338
vt 0.342858 0.789727
vt 0.164540 0.275921
vt 0.157651 0.290034
vt 0.130052 0.278393
vt 0.141864 0.264874
vt 0.040333 0.263252
vt 0.044051 0.265214
vt 0.046963 0.268570
vt 0.048354 0.272559
vt 0.536695 0.780327
vt 0.013383 0.789484
vt 0.015653 0.771282
vt 0.042943 0.774524
vt 0.040542 0.791469
vt 0.069576 0.776779
vt 0.067385 0.793448
vt 0.096421 0.779065
vt 0.094286 0.794851
vt 0.217115 0.526035
vt 0.203014 0.538418
vt 0.206468 0.530201
vt 0.260165 0.782870
vt 0.285891 0.786048
vt 0.311658 0.791825
vt 0.336056 0.803555
vt 0.072385 0.220386
vt 0.061053 0.235331
vt 0.036402 0.229690
vt 0.039902 0.214384
vt 0.531003 0.793726
vt 0.012253 0.808118
vt 0.039163 0.808715
vt 0.065970 0.810270
vt 0.092633 0.810775
vt 0.085170 0.555040
vt 0.089225 0.555626
vt 0.092582 0.557998
vt 0.094480 0.561633
vt 0.255835 0.796406
vt 0.281346 0.800065
vt 0.305990 0.804552
vt 0.329503 0.815390
vt 0.156661 0.254041
vt 0.145669 0.257297
vt 0.148613 0.254268
vt 0.152536 0.253128
vt 0.067693 0.203551
vt 0.042756 0.198946
vt 0.524337 0.806950
vt 0.012381 0.826358
vt 0.039388 0.826109
vt 0.066358 0.827159
vt 0.092853 0.827026
vt 0.231036 0.493011
vt 0.215765 0.507285
vt 0.220053 0.496787
vt 0.254039 0.811792
vt 0.278015 0.814852
vt 0.300554 0.817438
vt 0.321625 0.824944
vt 0.070183 0.187702
vt 0.045408 0.183474
vt 0.516886 0.820677
vt 0.012891 0.843898
vt 0.040085 0.843358
vt 0.067307 0.843912
vt 0.094036 0.843584
vt 0.260316 0.472752
vt 0.252767 0.487230
vt 0.234210 0.477595
vt 0.238278 0.458692
vt 0.253497 0.827638
vt 0.276988 0.830754
vt 0.297815 0.831231
vt 0.217058 0.235116
vt 0.208609 0.248343
vt 0.187420 0.234794
vt 0.195860 0.221582
vt 0.508964 0.834337
vt 0.013375 0.861123
vt 0.040452 0.860441
vt 0.067469 0.860638
vt 0.094378 0.860390
vt 0.120711 0.843266
vt 0.120895 0.859677
vt 0.146540 0.841087
vt 0.147418 0.857709
vt 0.049177 0.456748
vt 0.054206 0.473611
vt 0.029078 0.481319
vt 0.024266 0.465712
vt 0.255129 0.844523
vt 0.278818 0.846819
vt 0.301924 0.845843
vt 0.225508 0.221886
vt 0.204312 0.208349
vt 0.061576 0.169600
vt 0.065531 0.171066
vt 0.068499 0.174069
vt 0.069847 0.178052
vt 0.500930 0.848401
vt 0.014009 0.878098
vt 0.041079 0.877433
vt 0.068051 0.877445
vt 0.094988 0.877167
vt 0.121768 0.876331
vt 0.148491 0.874334
vt 0.104252 0.403567
vt 0.105262 0.405257
vt 0.105354 0.407213
vt 0.104500 0.408993
vt 0.256521 0.861827
vt 0.282044 0.862455
vt 0.310643 0.858261
vt 0.077992 0.138009
vt 0.074058 0.153914
vt 0.048960 0.152427
vt 0.049869 0.136753
vt 0.492884 0.863288
vt 0.014707 0.894805
vt 0.041781 0.894303
vt 0.068757 0.894280
vt 0.095729 0.893992
vt 0.122626 0.893130
vt 0.149305 0.891266
vt 0.175218 0.871588
vt 0.175687 0.888520
vt 0.083318 0.383775
vt 0.095078 0.395107
vt 0.080903 0.410462
vt 0.068921 0.398714
vt 0.036472 0.443517
vt 0.039747 0.443207
vt 0.042760 0.444397
vt 0.044895 0.446889
vt 0.256749 0.879564
vt 0.283758 0.879015
vt 0.246737 0.078862
vt 0.256673 0.091018
vt 0.237199 0.106934
vt 0.226532 0.094529
vt 0.485264 0.878420
vt 0.015338 0.911252
vt 0.042417 0.911072
vt 0.069417 0.911130
vt 0.096458 0.910857
vt 0.123520 0.909989
vt 0.150460 0.908262
vt 0.176896 0.905544
vt 0.257494 0.897588
vt 0.284553 0.896236
vt 0.237437 0.066212
vt 0.217174 0.081109
vt 0.065863 0.121770
vt 0.070205 0.123121
vt 0.073924 0.126166
vt 0.076105 0.130171
vt 0.478475 0.894455
vt 0.015763 0.927479
vt 0.042855 0.927777
vt 0.069902 0.928005
vt 0.097033 0.927766
vt 0.124263 0.926874
vt 0.151517 0.925197
vt 0.178500 0.922698
vt 0.027569 0.400177
vt 0.039422 0.401885
vt 0.035385 0.403160
vt 0.031128 0.402537
vt 0.056588 0.387743
vt 0.057088 0.393508
vt 0.055563 0.391771
vt 0.055379 0.389716
vt 0.258768 0.915494
vt 0.286277 0.913887
vt 0.228137 0.053561
vt 0.204939 0.067291
vt 0.075944 0.079817
vt 0.086033 0.087276
vt 0.081292 0.086866
vt 0.077725 0.084190
vt 0.474062 0.911142
vt 0.015848 0.943557
vt 0.042971 0.944459
vt 0.070120 0.944922
vt 0.097373 0.944746
vt 0.124725 0.943820
vt 0.152153 0.942145
vt 0.179348 0.939903
vt 0.205389 0.920018
vt 0.206191 0.937460
vt 0.231959 0.917827
vt 0.232934 0.935306
vt 0.259937 0.933242
vt 0.287006 0.931643
vt 0.221523 0.039322
vt 0.198713 0.049917
vt 0.177310 0.070551
vt 0.174088 0.055029
vt 0.152285 0.075770
vt 0.149462 0.060141
vt 0.127311 0.079853
vt 0.124671 0.064370
vt 0.102472 0.084133
vt 0.099882 0.068595
vt 0.067671 0.089077
vt 0.072304 0.090044
vt 0.075559 0.093022
vt 0.076779 0.097582
vt 0.470807 0.927794
vt 0.015457 0.959593
vt 0.042650 0.961158
vt 0.069999 0.961881
vt 0.097492 0.961816
vt 0.124969 0.960863
vt 0.152526 0.959119
vt 0.179937 0.957093
vt 0.206950 0.954872
vt 0.233823 0.952720
vt 0.260740 0.950772
vt 0.287528 0.949265
vt 0.313972 0.931250
vt 0.314030 0.948685
vt 0.340427 0.932558
vt 0.340313 0.949144
vt 0.365943 0.931091
vt 0.366645 0.948111
vt 0.391869 0.929380
vt 0.392593 0.946270
vt 0.417953 0.925837
vt 0.418465 0.943523
vt 0.444390 0.924454
vt 0.443881 0.942497
vt 0.469167 0.945059
vt 0.014462 0.975755
vt 0.041793 0.977907
vt 0.069476 0.978857
vt 0.097367 0.978912
vt 0.125263 0.978095
vt 0.152718 0.976163
vt 0.180136 0.974167
vt 0.207536 0.972163
vt 0.234637 0.970027
vt 0.261535 0.968160
vt 0.288184 0.966717
vt 0.314582 0.966051
vt 0.340935 0.966073
vt 0.367397 0.965094
vt 0.393491 0.963320
vt 0.419006 0.960970
vt 0.443781 0.960191
vt 0.468259 0.962350
vt 0.012786 0.992305
vt 0.040331 0.994733
vt 0.068505 0.995826
vt 0.096931 0.995957
vt 0.125452 0.995203
vt 0.153701 0.993449
vt 0.181258 0.991251
vt 0.208523 0.989277
vt 0.235598 0.987192
vt 0.262441 0.985387
vt 0.289023 0.983983
vt 0.315342 0.983285
vt 0.341803 0.983162
vt 0.368516 0.982172
vt 0.394832 0.980415
vt 0.420123 0.978205
vt 0.444151 0.977508
vt 0.467773 0.979534
vt 0.300557 0.487335
vt 0.285999 0.488677
vt 0.283917 0.464561
vt 0.298725 0.463192
vt 0.282124 0.440437
vt 0.297075 0.439033
vt 0.280557 0.416193
vt 0.295569 0.414813
vt 0.279149 0.391818
vt 0.294195 0.390485
vt 0.277866 0.367307
vt 0.292933 0.366033
vt 0.276688 0.342658
vt 0.291768 0.341450
vt 0.275598 0.317871
vt 0.290684 0.316729
vt 0.274576 0.292942
vt 0.289660 0.291859
vt 0.273593 0.267863
vt 0.288666 0.266820
vt 0.272601 0.242618
vt 0.287650 0.241581
vt 0.271501 0.217136
vt 0.286475 0.216107
vt 0.269978 0.191144
vt 0.284882 0.190208
vt 0.266056 0.164068
vt 0.282634 0.163731
vt 0.879913 0.716128
vt 0.879831 0.716014
vt 0.915803 0.716990
vt 0.915884 0.717104
vt 0.283121 0.134425
vt 0.268105 0.131627
vt 0.271924 0.105383
vt 0.286829 0.109021
vt 0.277075 0.080101
vt 0.291667 0.084453
vt 0.285736 0.057388
vt 0.299463 0.060839
vt 0.314993 0.486255
vt 0.313448 0.462087
vt 0.311966 0.437903
vt 0.310557 0.413675
vt 0.309238 0.389366
vt 0.308010 0.364955
vt 0.306868 0.340427
vt 0.305796 0.315772
vt 0.304776 0.290973
vt 0.303782 0.266008
vt 0.302765 0.240853
vt 0.301646 0.215470
vt 0.300128 0.190006
vt 0.298651 0.164190
vt 0.771756 0.617939
vt 0.771772 0.617788
vt 0.808042 0.620611
vt 0.808028 0.620761
vt 0.873675 0.955116
vt 0.873826 0.955101
vt 0.877335 0.992161
vt 0.877231 0.992253
vt 0.946353 0.527967
vt 0.946407 0.528108
vt 0.913159 0.541831
vt 0.913105 0.541690
vt 0.843827 0.622859
vt 0.843738 0.622968
vt 0.314320 0.063826
vt 0.329386 0.485404
vt 0.328118 0.461212
vt 0.326807 0.437005
vt 0.325512 0.412760
vt 0.324268 0.388454
vt 0.323090 0.364068
vt 0.321983 0.339587
vt 0.320935 0.314998
vt 0.319933 0.290284
vt 0.318954 0.265424
vt 0.317969 0.240391
vt 0.316912 0.215188
vt 0.315655 0.189833
vt 0.314139 0.164836
vt 0.871217 0.918446
vt 0.871368 0.918438
vt 0.316184 0.138253
vt 0.301097 0.136573
vt 0.304368 0.112158
vt 0.319420 0.114079
vt 0.309068 0.087921
vt 0.323595 0.090149
vt 0.328967 0.065969
vt 0.343782 0.484744
vt 0.342757 0.460532
vt 0.341613 0.436303
vt 0.340438 0.412040
vt 0.339281 0.387730
vt 0.338168 0.363361
vt 0.337110 0.338920
vt 0.336103 0.314398
vt 0.335136 0.289780
vt 0.334194 0.265053
vt 0.333269 0.240206
vt 0.332404 0.215256
vt 0.331801 0.190386
vt 0.981564 0.514727
vt 0.981527 0.514861
vt 0.893862 0.842034
vt 0.893723 0.842092
vt 0.886492 0.824108
vt 0.886640 0.824079
vt 0.870659 0.880489
vt 0.870803 0.880450
vt 0.736144 0.819943
vt 0.736219 0.819826
vt 0.773715 0.817361
vt 0.773727 0.817512
vt 0.844881 0.810552
vt 0.844952 0.810431
vt 0.848521 0.833657
vt 0.848403 0.833575
vt 0.344428 0.067910
vt 0.358207 0.484244
vt 0.357385 0.460018
vt 0.356396 0.435769
vt 0.355341 0.411489
vt 0.354277 0.387173
vt 0.353240 0.362816
vt 0.352246 0.338410
vt 0.351298 0.313953
vt 0.350386 0.289437
vt 0.349502 0.264855
vt 0.348657 0.240199
vt 0.347910 0.215497
vt 0.347394 0.190809
vt 0.332338 0.165646
vt 0.347172 0.166568
vt 0.875870 0.694780
vt 0.875526 0.711208
vt 0.845568 0.710972
vt 0.845876 0.694377
vt 0.348938 0.140880
vt 0.333982 0.139695
vt 0.336801 0.115932
vt 0.351501 0.117360
vt 0.341001 0.091881
vt 0.355627 0.093149
vt 0.359476 0.069012
vt 0.372674 0.483878
vt 0.372020 0.459643
vt 0.371169 0.435378
vt 0.370227 0.411084
vt 0.369258 0.386762
vt 0.368305 0.362413
vt 0.367389 0.338039
vt 0.366515 0.313641
vt 0.365679 0.289222
vt 0.364873 0.264782
vt 0.364110 0.240327
vt 0.363530 0.215840
vt 0.363538 0.191488
vt 0.903642 0.861663
vt 0.903506 0.861730
vt 0.768555 0.763217
vt 0.768638 0.763106
vt 0.806147 0.763610
vt 0.806144 0.763761
vt 0.802567 0.742356
vt 0.802835 0.758496
vt 0.772965 0.758501
vt 0.772964 0.742839
vt 0.879123 0.807802
vt 0.881034 0.822209
vt 0.852841 0.829634
vt 0.849985 0.812460
vt 0.370942 0.094419
vt 0.374442 0.070190
vt 0.387193 0.483626
vt 0.386672 0.459385
vt 0.385940 0.435106
vt 0.385101 0.410802
vt 0.384227 0.386476
vt 0.383362 0.362135
vt 0.382533 0.337786
vt 0.381749 0.313440
vt 0.381005 0.289107
vt 0.380297 0.264790
vt 0.379620 0.240506
vt 0.379066 0.216218
vt 0.378988 0.191890
vt 0.364902 0.167244
vt 0.379524 0.168016
vt 0.876024 0.763371
vt 0.876991 0.778758
vt 0.847375 0.781348
vt 0.846522 0.764874
vt 0.381387 0.142600
vt 0.366613 0.141807
vt 0.368838 0.118509
vt 0.383594 0.119152
vt 0.385613 0.095393
vt 0.389304 0.071354
vt 0.401770 0.483469
vt 0.401350 0.459223
vt 0.400717 0.434937
vt 0.399971 0.410625
vt 0.399186 0.386298
vt 0.398409 0.361965
vt 0.397673 0.337637
vt 0.396992 0.313330
vt 0.396358 0.289067
vt 0.395748 0.264861
vt 0.395184 0.240670
vt 0.394633 0.216620
vt 0.394896 0.192475
vt 0.838636 0.741623
vt 0.839053 0.757767
vt 0.809415 0.758385
vt 0.809178 0.742262
vt 0.917370 0.692470
vt 0.917278 0.692574
vt 0.880500 0.690092
vt 0.880590 0.689984
vt 0.732717 0.662520
vt 0.732809 0.662416
vt 0.770248 0.665699
vt 0.770237 0.665850
vt 0.912443 0.740590
vt 0.912232 0.755991
vt 0.882979 0.756337
vt 0.882584 0.740356
vt 0.882657 0.828020
vt 0.887794 0.841459
vt 0.860723 0.852803
vt 0.854369 0.836762
vt 0.405087 0.072270
vt 0.416407 0.483390
vt 0.416063 0.459142
vt 0.415508 0.434851
vt 0.414842 0.410537
vt 0.414138 0.386213
vt 0.413447 0.361890
vt 0.412805 0.337581
vt 0.412233 0.313301
vt 0.411728 0.289078
vt 0.411237 0.264958
vt 0.410713 0.240875
vt 0.410173 0.216773
vt 0.410020 0.192843
vt 0.397100 0.168588
vt 0.411694 0.169476
vt 0.806585 0.667411
vt 0.806575 0.667562
vt 0.413561 0.144150
vt 0.398856 0.143338
vt 0.400751 0.120071
vt 0.415516 0.120809
vt 0.402932 0.096316
vt 0.417403 0.097235
vt 0.420211 0.073026
vt 0.431110 0.483374
vt 0.430814 0.459125
vt 0.430317 0.434833
vt 0.429717 0.410521
vt 0.429086 0.386206
vt 0.428475 0.361898
vt 0.427925 0.337609
vt 0.427461 0.313353
vt 0.427089 0.289157
vt 0.426780 0.265055
vt 0.426319 0.241192
vt 0.426224 0.217173
vt 0.770280 0.596171
vt 0.768927 0.612373
vt 0.739437 0.609903
vt 0.740471 0.594270
vt 0.806439 0.599368
vt 0.805127 0.615269
vt 0.775512 0.612899
vt 0.776827 0.596707
vt 0.880970 0.670220
vt 0.881046 0.670338
vt 0.842246 0.601888
vt 0.841521 0.617802
vt 0.811757 0.615765
vt 0.813030 0.599926
vt 0.916155 0.672491
vt 0.916151 0.672642
vt 0.915876 0.604420
vt 0.915311 0.620335
vt 0.885769 0.619445
vt 0.886330 0.603517
vt 0.436084 0.073891
vt 0.445880 0.483405
vt 0.445606 0.459155
vt 0.445148 0.434865
vt 0.444601 0.410562
vt 0.444034 0.386263
vt 0.443496 0.361979
vt 0.443030 0.337717
vt 0.442670 0.313487
vt 0.442436 0.289304
vt 0.442290 0.265211
vt 0.441991 0.241295
vt 0.441397 0.217550
vt 0.427772 0.193254
vt 0.442709 0.193958
vt 0.429152 0.170060
vt 0.443928 0.170754
vt 0.979149 0.520748
vt 0.984937 0.535308
vt 0.957603 0.546708
vt 0.951378 0.531678
vt 0.445605 0.145526
vt 0.430958 0.144830
vt 0.432708 0.121611
vt 0.447470 0.122197
vt 0.434617 0.097910
vt 0.449103 0.098610
vt 0.451289 0.074387
vt 0.460721 0.483465
vt 0.460442 0.459216
vt 0.460004 0.434931
vt 0.459498 0.410643
vt 0.458986 0.386370
vt 0.458514 0.362122
vt 0.458125 0.337902
vt 0.457860 0.313713
vt 0.457758 0.289570
vt 0.457851 0.265519
vt 0.458273 0.241673
vt 0.952161 0.605360
vt 0.951694 0.621607
vt 0.921949 0.620559
vt 0.922493 0.604599
vt 0.953285 0.674348
vt 0.953361 0.674464
vt 0.775312 0.547198
vt 0.775383 0.547065
vt 0.808601 0.562973
vt 0.808537 0.563110
vt 0.988575 0.607027
vt 0.987862 0.622677
vt 0.958284 0.621819
vt 0.958739 0.605564
vt 0.880525 0.580216
vt 0.879457 0.596132
vt 0.849663 0.595128
vt 0.849623 0.579134
vt 0.900541 0.953106
vt 0.900390 0.953114
vt 0.897799 0.917162
vt 0.897950 0.917152
vt 0.467212 0.075078
vt 0.475632 0.483535
vt 0.475319 0.459287
vt 0.474887 0.435012
vt 0.474412 0.410748
vt 0.473948 0.386512
vt 0.473534 0.362314
vt 0.473215 0.338153
vt 0.473035 0.314031
vt 0.473053 0.289952
vt 0.473333 0.265937
vt 0.473779 0.242120
vt 0.459318 0.217716
vt 0.474280 0.218295
vt 0.460258 0.194486
vt 0.475375 0.194919
vt 0.461314 0.171320
vt 0.476038 0.171930
vt 0.758244 0.901523
vt 0.758277 0.901388
vt 0.793079 0.887218
vt 0.793137 0.887358
vt 0.477549 0.146826
vt 0.462929 0.146103
vt 0.464686 0.122961
vt 0.479543 0.123627
vt 0.466301 0.099271
vt 0.480829 0.100149
vt 0.482385 0.075866
vt 0.490612 0.483592
vt 0.490238 0.459349
vt 0.489796 0.435090
vt 0.489345 0.410858
vt 0.488924 0.386673
vt 0.488563 0.362540
vt 0.488306 0.338455
vt 0.488199 0.314416
vt 0.488313 0.290422
vt 0.488755 0.266478
vt 0.489922 0.242579
vt 0.826075 0.872239
vt 0.826134 0.872379
vt 0.768351 0.796321
vt 0.769983 0.812501
vt 0.740210 0.814887
vt 0.738905 0.799274
vt 0.883506 0.805878
vt 0.883420 0.805768
vt 0.919032 0.804926
vt 0.919118 0.805036
vt 0.769112 0.714129
vt 0.769120 0.713978
vt 0.805487 0.714788
vt 0.805481 0.714939
vt 0.804567 0.792930
vt 0.806031 0.808821
vt 0.776531 0.811860
vt 0.774916 0.795686
vt 0.917806 0.645944
vt 0.917791 0.646094
vt 0.882110 0.644570
vt 0.882198 0.644461
vt 0.875188 0.717968
vt 0.875234 0.733584
vt 0.845819 0.734217
vt 0.845738 0.717920
vt 0.498261 0.076782
vt 0.505656 0.483612
vt 0.505192 0.459379
vt 0.504732 0.435145
vt 0.504300 0.410958
vt 0.503920 0.386836
vt 0.503605 0.362783
vt 0.503404 0.338791
vt 0.503363 0.314860
vt 0.503560 0.290997
vt 0.504095 0.267219
vt 0.505167 0.243525
vt 0.492019 0.218659
vt 0.506926 0.219750
vt 0.493077 0.195193
vt 0.508185 0.196026
vt 0.493780 0.171690
vt 0.509133 0.172413
vt 0.495070 0.148211
vt 0.510376 0.148859
vt 0.496972 0.124532
vt 0.511922 0.125164
vt 0.498268 0.100777
vt 0.513090 0.101244
vt 0.513518 0.077224
vt 0.520749 0.483568
vt 0.520177 0.459352
vt 0.519697 0.435158
vt 0.519281 0.411032
vt 0.518938 0.386989
vt 0.518666 0.363026
vt 0.518513 0.339140
vt 0.518528 0.315323
vt 0.518794 0.291580
vt 0.519389 0.267916
vt 0.520418 0.244304
vt 0.521932 0.220643
vt 0.523254 0.196895
vt 0.524372 0.173209
vt 0.525601 0.149575
vt 0.526933 0.125844
vt 0.528002 0.101930
vt 0.528674 0.077956
vt 0.535869 0.483433
vt 0.535189 0.459244
vt 0.534691 0.435115
vt 0.534292 0.411073
vt 0.533980 0.387124
vt 0.533746 0.363255
vt 0.533634 0.339482
vt 0.533693 0.315780
vt 0.534009 0.292150
vt 0.534643 0.268581
vt 0.535639 0.245040
vt 0.537006 0.221446
vt 0.538332 0.197745
vt 0.539548 0.174035
vt 0.540777 0.150340
vt 0.541989 0.126580
vt 0.542996 0.102697
vt 0.543789 0.078764
vt 0.550986 0.483146
vt 0.550220 0.459050
vt 0.549724 0.435008
vt 0.549337 0.411080
vt 0.549054 0.387236
vt 0.548832 0.363483
vt 0.548772 0.339790
vt 0.548858 0.316220
vt 0.549206 0.292709
vt 0.549859 0.269239
vt 0.550834 0.245771
vt 0.552112 0.222246
vt 0.553427 0.198593
vt 0.554694 0.174876
vt 0.555924 0.151138
vt 0.557081 0.127336
vt 0.558048 0.103473
vt 0.558882 0.079567
vt 0.915806 0.386878
vt 0.907109 0.386979
vt 0.906855 0.362324
vt 0.915549 0.362229
vt 0.906605 0.337667
vt 0.915300 0.337573
vt 0.906356 0.313010
vt 0.915050 0.312916
vt 0.906106 0.288353
vt 0.914801 0.288260
vt 0.905856 0.263695
vt 0.914551 0.263602
vt 0.905606 0.239038
vt 0.914301 0.238945
vt 0.905356 0.214381
vt 0.914051 0.214288
vt 0.905106 0.189724
vt 0.913800 0.189631
vt 0.271217 0.490241
vt 0.268961 0.466285
vt 0.267129 0.442121
vt 0.265538 0.417814
vt 0.264112 0.393363
vt 0.262818 0.368772
vt 0.261631 0.344044
vt 0.260536 0.319187
vt 0.259514 0.294206
vt 0.258541 0.269112
vt 0.257585 0.243921
vt 0.256636 0.218688
vt 0.255677 0.193762
vt 0.251989 0.171408
vt 0.238660 0.152284
vt 0.251255 0.143766
vt 0.840600 0.789368
vt 0.842054 0.805642
vt 0.812621 0.808191
vt 0.811200 0.792301
vt 0.916677 0.760656
vt 0.916591 0.760547
vt 0.916838 0.736083
vt 0.916925 0.735974
vt 0.731521 0.711695
vt 0.731610 0.711589
vt 0.272586 0.053555
vt 0.831331 0.477662
vt 0.831308 0.453031
vt 0.834643 0.453028
vt 0.834665 0.477659
vt 0.831286 0.428400
vt 0.834621 0.428397
vt 0.831264 0.403769
vt 0.834599 0.403766
vt 0.831242 0.379137
vt 0.834576 0.379134
vt 0.831220 0.354506
vt 0.834554 0.354503
vt 0.831198 0.329875
vt 0.834532 0.329872
vt 0.831176 0.305243
vt 0.834510 0.305241
vt 0.831153 0.280612
vt 0.834488 0.280609
vt 0.831131 0.255981
vt 0.834466 0.255978
vt 0.831109 0.231349
vt 0.834444 0.231347
vt 0.831087 0.206718
vt 0.834421 0.206715
vt 0.831065 0.182087
vt 0.834399 0.182084
vt 0.831043 0.157456
vt 0.834377 0.157452
vt 0.831020 0.132824
vt 0.834355 0.132822
vt 0.830998 0.108193
vt 0.834333 0.108190
vt 0.830976 0.083562
vt 0.834310 0.083559
vt 0.830954 0.058931
vt 0.834288 0.058927
vt 0.829902 0.477664
vt 0.829879 0.453032
vt 0.829857 0.428401
vt 0.829835 0.403770
vt 0.829813 0.379138
vt 0.829791 0.354507
vt 0.829769 0.329876
vt 0.829746 0.305245
vt 0.829724 0.280614
vt 0.829702 0.255982
vt 0.829680 0.231351
vt 0.829658 0.206720
vt 0.829636 0.182088
vt 0.829614 0.157457
vt 0.829591 0.132826
vt 0.829569 0.108195
vt 0.829547 0.083563
vt 0.829525 0.058932
vt 0.828473 0.477665
vt 0.828450 0.453034
vt 0.828428 0.428402
vt 0.828406 0.403771
vt 0.828384 0.379140
vt 0.828362 0.354508
vt 0.828340 0.329877
vt 0.828318 0.305246
vt 0.828295 0.280615
vt 0.828273 0.255983
vt 0.828251 0.231352
vt 0.828229 0.206721
vt 0.828207 0.182089
vt 0.828185 0.157458
vt 0.828162 0.132827
vt 0.828140 0.108196
vt 0.828118 0.083564
vt 0.828096 0.058933
vt 0.824628 0.477668
vt 0.824605 0.453037
vt 0.824583 0.428406
vt 0.824561 0.403775
vt 0.824539 0.379143
vt 0.824517 0.354512
vt 0.824495 0.329881
vt 0.824472 0.305250
vt 0.824450 0.280618
vt 0.824428 0.255987
vt 0.824406 0.231356
vt 0.824384 0.206724
vt 0.824362 0.182093
vt 0.824340 0.157461
vt 0.824317 0.132831
vt 0.824295 0.108199
vt 0.824273 0.083568
vt 0.824251 0.058937
vt 0.821414 0.477671
vt 0.821391 0.453040
vt 0.821369 0.428409
vt 0.821347 0.403778
vt 0.821325 0.379146
vt 0.821303 0.354515
vt 0.821281 0.329884
vt 0.821258 0.305252
vt 0.821236 0.280621
vt 0.821214 0.255990
vt 0.821192 0.231358
vt 0.821170 0.206727
vt 0.821148 0.182096
vt 0.821126 0.157464
vt 0.821104 0.132833
vt 0.821081 0.108202
vt 0.821059 0.083571
vt 0.821037 0.058939
vt 0.817641 0.477675
vt 0.817619 0.453043
vt 0.817597 0.428412
vt 0.817574 0.403781
vt 0.817552 0.379149
vt 0.817530 0.354518
vt 0.817508 0.329887
vt 0.817486 0.305256
vt 0.817464 0.280625
vt 0.817442 0.255993
vt 0.817419 0.231362
vt 0.817397 0.206730
vt 0.817375 0.182099
vt 0.817353 0.157468
vt 0.817331 0.132837
vt 0.817308 0.108205
vt 0.817286 0.083574
vt 0.817264 0.058943
vt 0.814301 0.477678
vt 0.814279 0.453047
vt 0.814257 0.428415
vt 0.814235 0.403784
vt 0.814213 0.379153
vt 0.814190 0.354521
vt 0.814168 0.329890
vt 0.814146 0.305259
vt 0.814124 0.280627
vt 0.814102 0.255996
vt 0.814080 0.231365
vt 0.814057 0.206733
vt 0.814035 0.182102
vt 0.814013 0.157471
vt 0.813991 0.132840
vt 0.813969 0.108209
vt 0.813946 0.083577
vt 0.813924 0.058946
vt 0.810588 0.477681
vt 0.810566 0.453050
vt 0.810544 0.428418
vt 0.810521 0.403787
vt 0.810499 0.379156
vt 0.810477 0.354525
vt 0.810455 0.329893
vt 0.810433 0.305262
vt 0.810411 0.280631
vt 0.810389 0.255999
vt 0.810367 0.231368
vt 0.810344 0.206737
vt 0.810322 0.182106
vt 0.810300 0.157474
vt 0.810278 0.132843
vt 0.810256 0.108212
vt 0.810233 0.083580
vt 0.810211 0.058949
vt 0.809159 0.477682
vt 0.809137 0.453051
vt 0.809115 0.428420
vt 0.809092 0.403789
vt 0.809070 0.379157
vt 0.809048 0.354526
vt 0.809026 0.329895
vt 0.809004 0.305263
vt 0.808981 0.280632
vt 0.808959 0.256001
vt 0.808937 0.231369
vt 0.808915 0.206738
vt 0.808893 0.182107
vt 0.808871 0.157475
vt 0.808849 0.132844
vt 0.808826 0.108213
vt 0.808804 0.083582
vt 0.808782 0.058950
vt 0.807242 0.477684
vt 0.807219 0.453053
vt 0.807197 0.428421
vt 0.807175 0.403790
vt 0.807153 0.379159
vt 0.807131 0.354528
vt 0.807109 0.329896
vt 0.807086 0.305265
vt 0.807064 0.280634
vt 0.807042 0.256002
vt 0.807020 0.231371
vt 0.806998 0.206740
vt 0.806975 0.182109
vt 0.806953 0.157477
vt 0.806931 0.132846
vt 0.806909 0.108215
vt 0.806887 0.083583
vt 0.806865 0.058952
vt 0.805578 0.477686
vt 0.805556 0.453054
vt 0.805534 0.428423
vt 0.805511 0.403792
vt 0.805489 0.379160
vt 0.805467 0.354529
vt 0.805445 0.329898
vt 0.805423 0.305267
vt 0.805400 0.280635
vt 0.805378 0.256004
vt 0.805356 0.231373
vt 0.805334 0.206741
vt 0.805312 0.182110
vt 0.805290 0.157479
vt 0.805267 0.132848
vt 0.805245 0.108216
vt 0.805223 0.083585
vt 0.805201 0.058954
vt 0.803196 0.477688
vt 0.803174 0.453057
vt 0.803152 0.428425
vt 0.803130 0.403794
vt 0.803108 0.379162
vt 0.803085 0.354531
vt 0.803063 0.329900
vt 0.803041 0.305269
vt 0.803019 0.280638
vt 0.802997 0.256006
vt 0.802975 0.231375
vt 0.802952 0.206743
vt 0.802930 0.182112
vt 0.802908 0.157481
vt 0.802886 0.132850
vt 0.802864 0.108218
vt 0.802842 0.083587
vt 0.802819 0.058956
vt 0.801734 0.477689
vt 0.801712 0.453058
vt 0.801690 0.428426
vt 0.801668 0.403795
vt 0.801646 0.379164
vt 0.801623 0.354533
vt 0.801601 0.329901
vt 0.801579 0.305270
vt 0.801557 0.280639
vt 0.801535 0.256007
vt 0.801512 0.231376
vt 0.801490 0.206745
vt 0.801468 0.182114
vt 0.801446 0.157482
vt 0.801424 0.132851
vt 0.801402 0.108220
vt 0.801380 0.083588
vt 0.801357 0.058957
vt 0.840255 0.477654
vt 0.840233 0.453023
vt 0.840211 0.428392
vt 0.840189 0.403761
vt 0.840166 0.379129
vt 0.840144 0.354498
vt 0.840122 0.329867
vt 0.840100 0.305235
vt 0.840078 0.280604
vt 0.840056 0.255973
vt 0.840033 0.231341
vt 0.840011 0.206710
vt 0.839989 0.182079
vt 0.839967 0.157448
vt 0.839945 0.132816
vt 0.839923 0.108185
vt 0.839900 0.083554
vt 0.839878 0.058922
vt 0.887788 0.459661
vt 0.889415 0.458199
vt 0.887640 0.435264
vt 0.889268 0.434017
vt 0.887460 0.410777
vt 0.889074 0.409694
vt 0.887223 0.386280
vt 0.888835 0.385359
vt 0.886973 0.361786
vt 0.888586 0.361028
vt 0.886724 0.337293
vt 0.888338 0.336700
vt 0.886475 0.312800
vt 0.888091 0.312373
vt 0.886226 0.288308
vt 0.887845 0.288045
vt 0.885978 0.263815
vt 0.887598 0.263717
vt 0.885730 0.239323
vt 0.887351 0.239389
vt 0.885481 0.214831
vt 0.887105 0.215062
vt 0.885233 0.190338
vt 0.886858 0.190734
vt 0.884985 0.165845
vt 0.886612 0.166406
vt 0.884738 0.141352
vt 0.886366 0.142078
vt 0.884487 0.116859
vt 0.886117 0.117748
vt 0.884219 0.092372
vt 0.885855 0.093423
vt 0.883899 0.067899
vt 0.885551 0.069113
vt 0.886162 0.460772
vt 0.886011 0.436184
vt 0.885843 0.411573
vt 0.885609 0.386958
vt 0.885358 0.362344
vt 0.885107 0.337731
vt 0.884857 0.313118
vt 0.884608 0.288505
vt 0.884358 0.263892
vt 0.884109 0.239278
vt 0.883859 0.214666
vt 0.883610 0.190052
vt 0.883361 0.165439
vt 0.883112 0.140826
vt 0.882859 0.116213
vt 0.882586 0.091608
vt 0.882253 0.067008
vt 0.884536 0.461254
vt 0.884380 0.436535
vt 0.884221 0.411873
vt 0.883991 0.387216
vt 0.883740 0.362559
vt 0.883488 0.337901
vt 0.883238 0.313244
vt 0.882988 0.288587
vt 0.882738 0.263930
vt 0.882488 0.239272
vt 0.882238 0.214615
vt 0.881988 0.189958
vt 0.881738 0.165301
vt 0.881489 0.140644
vt 0.881236 0.115988
vt 0.880958 0.091340
vt 0.880616 0.066685
vt 0.906385 0.460549
vt 0.906110 0.435951
vt 0.907747 0.436275
vt 0.905766 0.411362
vt 0.907393 0.411629
vt 0.905486 0.386755
vt 0.905232 0.362142
vt 0.904983 0.337530
vt 0.904734 0.312917
vt 0.904484 0.288303
vt 0.904235 0.263690
vt 0.903985 0.239077
vt 0.903736 0.214464
vt 0.903486 0.189851
vt 0.903236 0.165238
vt 0.904855 0.165066
vt 0.902986 0.140624
vt 0.904604 0.140409
vt 0.902737 0.116011
vt 0.904355 0.115752
vt 0.902508 0.091393
vt 0.904130 0.091092
vt 0.902346 0.066793
vt 0.903977 0.066439
vt 0.904748 0.459434
vt 0.904463 0.435059
vt 0.904131 0.410600
vt 0.903858 0.386111
vt 0.903606 0.361617
vt 0.903358 0.337124
vt 0.903110 0.312632
vt 0.902862 0.288139
vt 0.902614 0.263647
vt 0.902365 0.239154
vt 0.902117 0.214662
vt 0.901869 0.190170
vt 0.901620 0.165677
vt 0.901370 0.141184
vt 0.901122 0.116690
vt 0.900891 0.092190
vt 0.900717 0.067715
vt 0.903105 0.457961
vt 0.902810 0.433843
vt 0.902495 0.409551
vt 0.902227 0.385223
vt 0.901978 0.360893
vt 0.901731 0.336565
vt 0.901485 0.312237
vt 0.901239 0.287909
vt 0.900992 0.263581
vt 0.900745 0.239254
vt 0.900499 0.214926
vt 0.900252 0.190598
vt 0.900005 0.166270
vt 0.899757 0.141942
vt 0.899511 0.117612
vt 0.899276 0.093273
vt 0.899089 0.068965
vt 0.916482 0.436280
vt 0.916102 0.411533
vt 0.913550 0.164974
vt 0.913299 0.140318
vt 0.913051 0.115664
vt 0.912830 0.090999
vt 0.912687 0.066254
vt 0.912483 0.041200
vt 0.910928 0.016098
vt 0.026239 0.687915
vt 0.026208 0.671454
vt 0.051948 0.671185
vt 0.053379 0.688267
vt 0.077567 0.667294
vt 0.080291 0.684326
vt 0.104940 0.661920
vt 0.107362 0.678837
vt 0.133650 0.657680
vt 0.134988 0.674769
vt 0.164063 0.656104
vt 0.163240 0.672963
vt 0.194453 0.659605
vt 0.191660 0.676329
vt 0.222731 0.666039
vt 0.219221 0.683091
vt 0.250059 0.671688
vt 0.246558 0.688846
vt 0.278225 0.675400
vt 0.308089 0.678848
vt 0.338213 0.684253
vt 0.367410 0.690891
vt 0.395350 0.697792
vt 0.422575 0.702622
vt 0.420577 0.719908
vt 0.095956 0.309838
vt 0.097289 0.316361
vt 0.095805 0.313277
vt 0.044937 0.308928
vt 0.042073 0.310824
vt 0.038519 0.311750
vt 0.035125 0.311526
vt 0.511601 0.688743
vt 0.727985 0.481606
vt 0.727942 0.456975
vt 0.727899 0.432343
vt 0.729361 0.432341
vt 0.727857 0.407712
vt 0.729319 0.407710
vt 0.727814 0.383081
vt 0.729276 0.383078
vt 0.727771 0.358449
vt 0.729233 0.358447
vt 0.727728 0.333818
vt 0.729190 0.333816
vt 0.727686 0.309187
vt 0.729148 0.309184
vt 0.727643 0.284556
vt 0.729105 0.284553
vt 0.727600 0.259925
vt 0.729062 0.259922
vt 0.727557 0.235293
vt 0.729020 0.235291
vt 0.727515 0.210662
vt 0.728977 0.210659
vt 0.727472 0.186031
vt 0.728934 0.186028
vt 0.727429 0.161400
vt 0.728891 0.161397
vt 0.727387 0.136768
vt 0.728849 0.136766
vt 0.727344 0.112137
vt 0.728806 0.112134
vt 0.727301 0.087505
vt 0.728763 0.087503
vt 0.727258 0.062874
vt 0.728720 0.062872
vt 0.977056 0.483824
vt 0.977016 0.459193
vt 0.980351 0.459188
vt 0.980390 0.483819
vt 0.976977 0.434561
vt 0.980311 0.434556
vt 0.976937 0.409930
vt 0.980272 0.409925
vt 0.976898 0.385299
vt 0.980232 0.385294
vt 0.976858 0.360668
vt 0.980192 0.360662
vt 0.976819 0.336037
vt 0.980153 0.336031
vt 0.976779 0.311405
vt 0.980113 0.311400
vt 0.976740 0.286774
vt 0.980074 0.286769
vt 0.976700 0.262143
vt 0.980034 0.262137
vt 0.976660 0.237511
vt 0.979995 0.237506
vt 0.976621 0.212880
vt 0.979955 0.212875
vt 0.976581 0.188249
vt 0.979916 0.188244
vt 0.976542 0.163618
vt 0.979876 0.163612
vt 0.976502 0.138986
vt 0.979837 0.138981
vt 0.976463 0.114355
vt 0.979797 0.114350
vt 0.976423 0.089724
vt 0.979758 0.089718
vt 0.976384 0.065093
vt 0.979718 0.065087
vt 0.975627 0.483826
vt 0.975587 0.459195
vt 0.975548 0.434564
vt 0.975508 0.409933
vt 0.975469 0.385301
vt 0.975429 0.360670
vt 0.975389 0.336039
vt 0.975350 0.311408
vt 0.975310 0.286776
vt 0.975271 0.262145
vt 0.975231 0.237514
vt 0.975192 0.212883
vt 0.975152 0.188251
vt 0.975113 0.163620
vt 0.975073 0.138989
vt 0.975034 0.114358
vt 0.974994 0.089726
vt 0.974955 0.065095
vt 0.974198 0.483829
vt 0.974158 0.459197
vt 0.974119 0.434566
vt 0.974079 0.409935
vt 0.974039 0.385304
vt 0.974000 0.360672
vt 0.973961 0.336041
vt 0.973921 0.311410
vt 0.973881 0.286779
vt 0.973842 0.262147
vt 0.973802 0.237516
vt 0.973763 0.212885
vt 0.973723 0.188254
vt 0.973684 0.163622
vt 0.973644 0.138991
vt 0.973605 0.114360
vt 0.973565 0.089728
vt 0.973526 0.065097
vt 0.970352 0.483835
vt 0.970313 0.459204
vt 0.970273 0.434572
vt 0.970234 0.409941
vt 0.970194 0.385310
vt 0.970155 0.360679
vt 0.970115 0.336047
vt 0.970076 0.311416
vt 0.970036 0.286785
vt 0.969997 0.262153
vt 0.969957 0.237522
vt 0.969918 0.212891
vt 0.969878 0.188260
vt 0.969839 0.163628
vt 0.969799 0.138997
vt 0.969760 0.114366
vt 0.969720 0.089735
vt 0.969680 0.065103
vt 0.967139 0.483840
vt 0.967099 0.459209
vt 0.967060 0.434577
vt 0.967020 0.409946
vt 0.966981 0.385315
vt 0.966941 0.360684
vt 0.966901 0.336053
vt 0.966862 0.311421
vt 0.966823 0.286790
vt 0.966783 0.262159
vt 0.966743 0.237527
vt 0.966704 0.212896
vt 0.966664 0.188265
vt 0.966625 0.163633
vt 0.966585 0.139002
vt 0.966546 0.114371
vt 0.966506 0.089740
vt 0.966467 0.065109
vt 0.963366 0.483846
vt 0.963326 0.459215
vt 0.963287 0.434583
vt 0.963247 0.409952
vt 0.963208 0.385321
vt 0.963168 0.360690
vt 0.963129 0.336059
vt 0.963089 0.311427
vt 0.963049 0.286796
vt 0.963010 0.262165
vt 0.962970 0.237533
vt 0.962931 0.212902
vt 0.962892 0.188271
vt 0.962852 0.163640
vt 0.962812 0.139009
vt 0.962773 0.114377
vt 0.962733 0.089746
vt 0.962694 0.065115
vt 0.960026 0.483851
vt 0.959986 0.459220
vt 0.959947 0.434589
vt 0.959907 0.409958
vt 0.959868 0.385326
vt 0.959828 0.360695
vt 0.959789 0.336064
vt 0.959749 0.311433
vt 0.959710 0.286801
vt 0.959670 0.262170
vt 0.959631 0.237539
vt 0.959591 0.212907
vt 0.959552 0.188276
vt 0.959512 0.163645
vt 0.959473 0.139014
vt 0.959433 0.114383
vt 0.959394 0.089751
vt 0.959354 0.065120
vt 0.956313 0.483858
vt 0.956273 0.459226
vt 0.956234 0.434595
vt 0.956194 0.409964
vt 0.956155 0.385332
vt 0.956115 0.360701
vt 0.956076 0.336070
vt 0.956036 0.311439
vt 0.955997 0.286807
vt 0.955957 0.262176
vt 0.955918 0.237545
vt 0.955878 0.212913
vt 0.955839 0.188282
vt 0.955799 0.163651
vt 0.955760 0.139020
vt 0.955720 0.114389
vt 0.955680 0.089757
vt 0.955641 0.065126
vt 0.954884 0.483860
vt 0.954844 0.459228
vt 0.954805 0.434597
vt 0.954765 0.409966
vt 0.954726 0.385335
vt 0.954686 0.360703
vt 0.954647 0.336072
vt 0.954607 0.311441
vt 0.954568 0.286810
vt 0.954528 0.262178
vt 0.954489 0.237547
vt 0.954449 0.212916
vt 0.954410 0.188285
vt 0.954370 0.163653
vt 0.954331 0.139022
vt 0.954291 0.114391
vt 0.954252 0.089759
vt 0.954212 0.065128
vt 0.952967 0.483863
vt 0.952927 0.459232
vt 0.952887 0.434600
vt 0.952848 0.409969
vt 0.952808 0.385338
vt 0.952769 0.360707
vt 0.952730 0.336075
vt 0.952690 0.311444
vt 0.952650 0.286813
vt 0.952611 0.262181
vt 0.952571 0.237550
vt 0.952532 0.212919
vt 0.952492 0.188288
vt 0.952453 0.163656
vt 0.952413 0.139025
vt 0.952374 0.114394
vt 0.952334 0.089763
vt 0.952295 0.065131
vt 0.951303 0.483865
vt 0.951263 0.459234
vt 0.951224 0.434603
vt 0.951184 0.409972
vt 0.951145 0.385340
vt 0.951105 0.360709
vt 0.951066 0.336078
vt 0.951026 0.311447
vt 0.950987 0.286815
vt 0.950947 0.262184
vt 0.950908 0.237553
vt 0.950868 0.212922
vt 0.950829 0.188290
vt 0.950789 0.163659
vt 0.950750 0.139028
vt 0.950710 0.114397
vt 0.950670 0.089765
vt 0.950631 0.065134
vt 0.948921 0.483869
vt 0.948881 0.459238
vt 0.948842 0.434607
vt 0.948802 0.409976
vt 0.948763 0.385344
vt 0.948723 0.360713
vt 0.948684 0.336082
vt 0.948644 0.311451
vt 0.948605 0.286819
vt 0.948565 0.262188
vt 0.948526 0.237557
vt 0.948486 0.212925
vt 0.948447 0.188294
vt 0.948407 0.163663
vt 0.948368 0.139032
vt 0.948328 0.114400
vt 0.948289 0.089769
vt 0.948249 0.065138
vt 0.731969 0.013603
vt 0.732012 0.038235
vt 0.732055 0.062866
vt 0.732098 0.087497
vt 0.732140 0.112129
vt 0.732183 0.136760
vt 0.732226 0.161391
vt 0.732269 0.186022
vt 0.732311 0.210653
vt 0.732354 0.235285
vt 0.732397 0.259916
vt 0.732439 0.284547
vt 0.732482 0.309179
vt 0.732525 0.333810
vt 0.732568 0.358441
vt 0.732610 0.383072
vt 0.732653 0.407704
vt 0.732696 0.432335
vt 0.733398 0.013601
vt 0.733441 0.038232
vt 0.733484 0.062864
vt 0.733527 0.087495
vt 0.733569 0.112126
vt 0.733612 0.136757
vt 0.733655 0.161389
vt 0.733697 0.186020
vt 0.733740 0.210651
vt 0.733783 0.235282
vt 0.733826 0.259914
vt 0.733868 0.284545
vt 0.733911 0.309176
vt 0.733954 0.333808
vt 0.733997 0.358439
vt 0.734039 0.383070
vt 0.734082 0.407701
vt 0.734125 0.432332
vt 0.734827 0.013599
vt 0.734870 0.038230
vt 0.734913 0.062861
vt 0.734956 0.087492
vt 0.734998 0.112124
vt 0.735041 0.136755
vt 0.735084 0.161386
vt 0.735126 0.186017
vt 0.735169 0.210649
vt 0.735212 0.235280
vt 0.735255 0.259911
vt 0.735298 0.284542
vt 0.735340 0.309174
vt 0.735383 0.333805
vt 0.735426 0.358436
vt 0.735468 0.383067
vt 0.735511 0.407699
vt 0.735554 0.432330
vt 0.738672 0.013592
vt 0.738715 0.038223
vt 0.738758 0.062855
vt 0.738801 0.087486
vt 0.738843 0.112117
vt 0.738886 0.136748
vt 0.738929 0.161379
vt 0.738971 0.186011
vt 0.739014 0.210642
vt 0.739057 0.235273
vt 0.739100 0.259905
vt 0.739142 0.284536
vt 0.739185 0.309167
vt 0.739228 0.333798
vt 0.739271 0.358429
vt 0.739313 0.383061
vt 0.739356 0.407692
vt 0.739399 0.432323
vt 0.741886 0.013586
vt 0.741929 0.038218
vt 0.741972 0.062849
vt 0.742015 0.087480
vt 0.742057 0.112111
vt 0.742100 0.136743
vt 0.742143 0.161374
vt 0.742185 0.186005
vt 0.742228 0.210636
vt 0.742271 0.235268
vt 0.742314 0.259899
vt 0.742356 0.284530
vt 0.742399 0.309161
vt 0.742442 0.333793
vt 0.742485 0.358424
vt 0.742527 0.383055
vt 0.742570 0.407687
vt 0.742613 0.432318
vt 0.745659 0.013580
vt 0.745702 0.038211
vt 0.745745 0.062842
vt 0.745787 0.087473
vt 0.745830 0.112105
vt 0.745873 0.136736
vt 0.745915 0.161367
vt 0.745958 0.185998
vt 0.746001 0.210630
vt 0.746044 0.235261
vt 0.746086 0.259892
vt 0.746129 0.284524
vt 0.746172 0.309155
vt 0.746215 0.333786
vt 0.746257 0.358417
vt 0.746300 0.383049
vt 0.746343 0.407680
vt 0.746386 0.432311
vt 0.748999 0.013574
vt 0.749042 0.038205
vt 0.749084 0.062837
vt 0.749127 0.087468
vt 0.749170 0.112099
vt 0.749213 0.136730
vt 0.749255 0.161362
vt 0.749298 0.185993
vt 0.749341 0.210624
vt 0.749384 0.235255
vt 0.749426 0.259887
vt 0.749469 0.284518
vt 0.749512 0.309149
vt 0.749554 0.333780
vt 0.749597 0.358411
vt 0.749640 0.383043
vt 0.749683 0.407674
vt 0.749725 0.432305
vt 0.752712 0.013567
vt 0.752755 0.038199
vt 0.752797 0.062830
vt 0.752840 0.087461
vt 0.752883 0.112093
vt 0.752926 0.136724
vt 0.752968 0.161355
vt 0.753011 0.185986
vt 0.753054 0.210617
vt 0.753097 0.235249
vt 0.753139 0.259880
vt 0.753182 0.284511
vt 0.753225 0.309143
vt 0.753268 0.333774
vt 0.753310 0.358405
vt 0.753353 0.383036
vt 0.753396 0.407668
vt 0.753438 0.432299
vt 0.754141 0.013565
vt 0.754184 0.038196
vt 0.754227 0.062828
vt 0.754269 0.087459
vt 0.754312 0.112090
vt 0.754355 0.136721
vt 0.754397 0.161353
vt 0.754440 0.185984
vt 0.754483 0.210615
vt 0.754526 0.235246
vt 0.754568 0.259878
vt 0.754611 0.284509
vt 0.754654 0.309140
vt 0.754697 0.333772
vt 0.754739 0.358403
vt 0.754782 0.383034
vt 0.754825 0.407665
vt 0.754867 0.432297
vt 0.756059 0.013562
vt 0.756101 0.038193
vt 0.756144 0.062824
vt 0.756187 0.087455
vt 0.756229 0.112087
vt 0.756272 0.136718
vt 0.756315 0.161349
vt 0.756358 0.185980
vt 0.756400 0.210612
vt 0.756443 0.235243
vt 0.756486 0.259874
vt 0.756528 0.284506
vt 0.756571 0.309137
vt 0.756614 0.333768
vt 0.756657 0.358399
vt 0.756700 0.383031
vt 0.756742 0.407662
vt 0.756785 0.432293
vt 0.757722 0.013559
vt 0.757765 0.038190
vt 0.757808 0.062821
vt 0.757850 0.087452
vt 0.757893 0.112084
vt 0.757936 0.136715
vt 0.757979 0.161346
vt 0.758021 0.185978
vt 0.758064 0.210609
vt 0.758107 0.235240
vt 0.758150 0.259872
vt 0.758192 0.284503
vt 0.758235 0.309134
vt 0.758278 0.333765
vt 0.758321 0.358396
vt 0.758363 0.383028
vt 0.758406 0.407659
vt 0.758449 0.432290
vt 0.760104 0.013555
vt 0.760147 0.038186
vt 0.760189 0.062817
vt 0.760232 0.087448
vt 0.760275 0.112080
vt 0.760318 0.136711
vt 0.760360 0.161343
vt 0.760403 0.185973
vt 0.760446 0.210605
vt 0.760488 0.235236
vt 0.760531 0.259867
vt 0.760574 0.284499
vt 0.760617 0.309130
vt 0.760659 0.333761
vt 0.760702 0.358392
vt 0.760745 0.383024
vt 0.760788 0.407655
vt 0.760830 0.432286
vt 0.587261 0.017951
vt 0.694204 0.017745
vt 0.694251 0.042376
vt 0.587308 0.042582
vt 0.694299 0.067007
vt 0.587356 0.067214
vt 0.694346 0.091638
vt 0.587403 0.091845
vt 0.694394 0.116270
vt 0.587451 0.116476
vt 0.694441 0.140901
vt 0.587498 0.141107
vt 0.694489 0.165532
vt 0.587546 0.165739
vt 0.694537 0.190163
vt 0.587594 0.190370
vt 0.694584 0.214795
vt 0.587641 0.215001
vt 0.694632 0.239426
vt 0.587689 0.239633
vt 0.694679 0.264057
vt 0.587736 0.264264
vt 0.694727 0.288689
vt 0.587784 0.288895
vt 0.694774 0.313320
vt 0.587831 0.313526
vt 0.694822 0.337951
vt 0.587879 0.338157
vt 0.694869 0.362582
vt 0.587926 0.362788
vt 0.694917 0.387213
vt 0.587974 0.387420
vt 0.694964 0.411845
vt 0.588022 0.412051
vt 0.695012 0.436476
vt 0.588069 0.436682
vt 0.947459 0.483872
vt 0.947419 0.459240
vt 0.947380 0.434609
vt 0.947340 0.409978
vt 0.947301 0.385347
vt 0.947261 0.360715
vt 0.947222 0.336084
vt 0.947182 0.311453
vt 0.947143 0.286822
vt 0.947103 0.262190
vt 0.947064 0.237559
vt 0.947024 0.212928
vt 0.946985 0.188296
vt 0.946945 0.163665
vt 0.946906 0.139034
vt 0.946866 0.114403
vt 0.946827 0.089771
vt 0.946787 0.065140
vt 0.765669 0.013545
vt 0.765711 0.038176
vt 0.765754 0.062808
vt 0.765797 0.087439
vt 0.765840 0.112070
vt 0.765882 0.136701
vt 0.765925 0.161333
vt 0.765968 0.185964
vt 0.766011 0.210595
vt 0.766053 0.235226
vt 0.766096 0.259858
vt 0.766139 0.284489
vt 0.766182 0.309120
vt 0.766224 0.333751
vt 0.766267 0.358383
vt 0.766310 0.383014
vt 0.766352 0.407645
vt 0.766395 0.432276
vt 0.985980 0.483810
vt 0.985941 0.459179
vt 0.985901 0.434547
vt 0.985861 0.409916
vt 0.985822 0.385285
vt 0.985783 0.360653
vt 0.985743 0.336022
vt 0.985703 0.311391
vt 0.985664 0.286760
vt 0.985624 0.262128
vt 0.985585 0.237497
vt 0.985545 0.212866
vt 0.985506 0.188235
vt 0.985466 0.163603
vt 0.985427 0.138972
vt 0.985387 0.114341
vt 0.985348 0.089710
vt 0.985308 0.065078
vt 0.078441 0.519932
vt 0.079705 0.521450
vt 0.080007 0.521954
vt 0.079377 0.521181
vt 0.079916 0.522408
vt 0.079181 0.522091
vt 0.077746 0.522746
vt 0.079344 0.522929
vt 0.080190 0.522842
vt 0.079925 0.523802
vt 0.079528 0.525337
vt 0.080109 0.523456
vt 0.057185 0.483506
vt 0.057195 0.486611
vt 0.055741 0.489355
vt 0.053132 0.491134
vt 0.060496 0.501112
vt 0.061795 0.505012
vt 0.060882 0.506677
vt 0.059868 0.504804
vt 0.059838 0.508005
vt 0.057654 0.507765
vt 0.054369 0.509438
vt 0.058531 0.509157
vt 0.061937 0.508378
vt 0.063084 0.509995
vt 0.066945 0.511792
vt 0.064115 0.508865
vt 0.058149 0.487175
vt 0.057837 0.488527
vt 0.057187 0.489796
vt 0.056117 0.491076
vt 0.058248 0.490467
vt 0.058449 0.492511
vt 0.059683 0.495174
vt 0.059057 0.491423
vt 0.875861 0.461723
vt 0.877319 0.486775
vt 0.875668 0.436711
vt 0.875520 0.411959
vt 0.875295 0.387295
vt 0.875045 0.362641
vt 0.874793 0.337984
vt 0.874543 0.313328
vt 0.874293 0.288670
vt 0.874043 0.264013
vt 0.873793 0.239356
vt 0.873543 0.214698
vt 0.873293 0.190041
vt 0.873044 0.165384
vt 0.872794 0.140729
vt 0.872539 0.116079
vt 0.872250 0.091426
vt 0.871882 0.066677
vt 0.871663 0.041568
vt 0.872890 0.016223
vt 0.042138 0.442484
vt 0.043453 0.443286
vt 0.040755 0.441942
vt 0.039114 0.441650
vt 0.040502 0.438846
vt 0.041390 0.440661
vt 0.040332 0.435624
vt 0.041806 0.439218
vt 0.029176 0.403694
vt 0.028598 0.407086
vt 0.025986 0.409793
vt 0.038094 0.429403
vt 0.036383 0.427180
vt 0.036038 0.425411
vt 0.037152 0.426109
vt 0.033899 0.426207
vt 0.034894 0.424973
vt 0.031130 0.426629
vt 0.033541 0.424775
vt 0.035109 0.422030
vt 0.035618 0.423715
vt 0.035453 0.418971
vt 0.036191 0.422336
vt 0.034788 0.413595
vt 0.032789 0.410319
vt 0.033093 0.407727
vt 0.034876 0.409229
vt 0.029643 0.409001
vt 0.030960 0.407020
vt 0.031480 0.404819
vt 0.033981 0.405287
vt 0.036516 0.405050
vt 0.049073 0.394102
vt 0.050452 0.391995
vt 0.052099 0.391520
vt 0.051543 0.392894
vt 0.050666 0.389503
vt 0.052169 0.390042
vt 0.049657 0.387212
vt 0.051766 0.388574
vt 0.054280 0.388773
vt 0.053794 0.390119
vt 0.053862 0.391448
vt 0.054472 0.392675
vt 0.214203 0.447404
vt 0.216935 0.464152
vt 0.213215 0.459261
vt 0.212277 0.453270
vt 0.106371 0.406859
vt 0.106008 0.408083
vt 0.106381 0.405600
vt 0.106025 0.404424
vt 0.107979 0.404347
vt 0.107523 0.405577
vt 0.109689 0.403355
vt 0.108614 0.405193
vt 0.108253 0.407422
vt 0.107348 0.406921
vt 0.108706 0.409506
vt 0.107475 0.408252
vt 0.114110 0.420397
vt 0.115632 0.421958
vt 0.116479 0.423187
vt 0.115695 0.422817
vt 0.117392 0.422104
vt 0.117258 0.423284
vt 0.119232 0.420821
vt 0.118290 0.423037
vt 0.118611 0.425137
vt 0.117426 0.424202
vt 0.120298 0.426870
vt 0.117838 0.425094
vt 0.197742 0.451456
vt 0.203695 0.452962
vt 0.206751 0.455283
vt 0.203902 0.455468
vt 0.209568 0.451476
vt 0.209444 0.454613
vt 0.209876 0.457362
vt 0.210833 0.460053
vt 0.229385 0.482567
vt 0.227527 0.486277
vt 0.225581 0.488462
vt 0.225942 0.486781
vt 0.228115 0.489973
vt 0.225820 0.490158
vt 0.226737 0.492089
vt 0.222817 0.493441
vt 0.224035 0.490810
vt 0.222555 0.491944
vt 0.212457 0.515577
vt 0.212139 0.519702
vt 0.210940 0.522089
vt 0.210568 0.520247
vt 0.213805 0.523442
vt 0.211687 0.523805
vt 0.212940 0.525553
vt 0.209132 0.527043
vt 0.209949 0.524500
vt 0.208395 0.525553
vt 0.277547 0.564568
vt 0.275809 0.564827
vt 0.279096 0.563817
vt 0.280337 0.562621
vt 0.281625 0.565059
vt 0.279915 0.565326
vt 0.281167 0.566533
vt 0.278731 0.567780
vt 0.278383 0.566082
vt 0.277154 0.567299
vt 0.080480 0.539110
vt 0.075483 0.541531
vt 0.072924 0.540507
vt 0.075980 0.538556
vt 0.072242 0.546011
vt 0.070567 0.543254
vt 0.068231 0.541296
vt 0.065323 0.540259
vt 0.071345 0.536275
vt 0.071539 0.538775
vt 0.075688 0.531547
vt 0.074346 0.535887
vt 0.075049 0.573508
vt 0.075612 0.574038
vt 0.074372 0.573121
vt 0.073643 0.572915
vt 0.074315 0.571990
vt 0.074755 0.572559
vt 0.074477 0.570852
vt 0.074955 0.571894
vt 0.075866 0.572585
vt 0.075353 0.572983
vt 0.077007 0.572759
vt 0.076055 0.573220
vt 0.092478 0.555350
vt 0.093779 0.556734
vt 0.090936 0.554253
vt 0.089004 0.553374
vt 0.091829 0.550171
vt 0.092232 0.552772
vt 0.092975 0.546152
vt 0.093232 0.551090
vt 0.191914 0.598316
vt 0.187980 0.597154
vt 0.190188 0.596982
vt 0.187998 0.600742
vt 0.186194 0.598182
vt 0.184466 0.600476
vt 0.180210 0.597293
vt 0.184232 0.596824
vt 0.174037 0.597431
vt 0.181838 0.596255
vt 0.263491 0.603440
vt 0.261954 0.606188
vt 0.259774 0.607374
vt 0.259956 0.605659
vt 0.262521 0.608594
vt 0.260487 0.608938
vt 0.262021 0.610307
vt 0.260264 0.611971
vt 0.259023 0.609888
vt 0.257387 0.608109
vt 0.255496 0.606761
vt 0.092429 0.604376
vt 0.088917 0.605659
vt 0.086951 0.604928
vt 0.088929 0.603759
vt 0.085942 0.608283
vt 0.085244 0.606561
vt 0.083939 0.605330
vt 0.082120 0.604635
vt 0.083987 0.601956
vt 0.085267 0.603664
vt 0.084241 0.598589
vt 0.085970 0.601684
vt 0.112922 0.603070
vt 0.110283 0.604621
vt 0.108433 0.604777
vt 0.109483 0.603758
vt 0.108361 0.607182
vt 0.107542 0.605955
vt 0.106606 0.605014
vt 0.105485 0.604266
vt 0.107737 0.620879
vt 0.076891 0.090479
vt 0.078339 0.092932
vt 0.074796 0.088732
vt 0.072181 0.087676
vt 0.075085 0.084420
vt 0.076651 0.086751
vt 0.078850 0.088427
vt 0.081590 0.089381
vt 0.174495 0.226603
vt 0.168858 0.226709
vt 0.170642 0.225976
vt 0.172680 0.225941
vt 0.221217 0.200140
vt 0.215707 0.200149
vt 0.217452 0.199423
vt 0.219470 0.199420
vt 0.153173 0.243135
vt 0.152322 0.247271
vt 0.150879 0.249515
vt 0.150635 0.247589
vt 0.153585 0.251152
vt 0.151453 0.251291
vt 0.149653 0.251810
vt 0.147925 0.252702
vt 0.128536 0.293661
vt 0.127698 0.290913
vt 0.130014 0.296164
vt 0.127710 0.297250
vt 0.125812 0.299018
vt 0.124117 0.295103
vt 0.126532 0.294780
vt 0.120747 0.292435
vt 0.124686 0.292724
vt 0.172214 0.221302
vt 0.172328 0.223254
vt 0.171793 0.224183
vt 0.171499 0.223243
vt 0.173156 0.225173
vt 0.172177 0.225065
vt 0.171239 0.225079
vt 0.170280 0.225208
vt 0.042256 0.313649
vt 0.044226 0.313428
vt 0.040494 0.314404
vt 0.039069 0.315628
vt 0.037682 0.313109
vt 0.039754 0.312916
vt 0.041836 0.312314
vt 0.043736 0.311341
vt 0.069204 0.317386
vt 0.067953 0.320230
vt 0.065866 0.321350
vt 0.066092 0.319500
vt 0.068633 0.322806
vt 0.066401 0.323045
vt 0.071119 0.324681
vt 0.067651 0.324508
vt 0.064535 0.325977
vt 0.064341 0.323900
vt 0.062467 0.328755
vt 0.062665 0.325298
vt 0.061218 0.322172
vt 0.063546 0.322022
vt 0.058442 0.320086
vt 0.062189 0.320478
vt 0.051844 0.258754
vt 0.053114 0.254471
vt 0.054891 0.251682
vt 0.054828 0.253498
vt 0.051712 0.250849
vt 0.054260 0.250003
vt 0.047881 0.248528
vt 0.052835 0.248250
vt 0.057049 0.245688
vt 0.056189 0.248791
vt 0.059565 0.241422
vt 0.057653 0.247161
vt 0.068860 0.171643
vt 0.070076 0.173281
vt 0.067484 0.170277
vt 0.065759 0.169066
vt 0.069329 0.166812
vt 0.069122 0.169253
vt 0.071546 0.163237
vt 0.070689 0.167941
vt 0.073850 0.123423
vt 0.075321 0.125050
vt 0.072141 0.122013
vt 0.070076 0.120751
vt 0.073441 0.117929
vt 0.073689 0.120709
vt 0.075170 0.113941
vt 0.074983 0.119123
vt 0.858485 0.859213
vt 0.858508 0.859073
vt 0.815659 0.848309
vt 0.815595 0.848172
vt 0.782241 0.862888
vt 0.782177 0.862751
vt 0.748525 0.878572
vt 0.748404 0.878504
vt 0.919225 0.780487
vt 0.919311 0.780379
vt 0.842614 0.784011
vt 0.842707 0.784118
vt 0.807371 0.787563
vt 0.807354 0.787413
vt 0.771106 0.790855
vt 0.771089 0.790705
vt 0.734164 0.795097
vt 0.734070 0.794995
vt 0.841707 0.762661
vt 0.841627 0.762776
vt 0.875620 0.740345
vt 0.876025 0.756664
vt 0.846047 0.757872
vt 0.845627 0.741175
vt 0.841003 0.736498
vt 0.841087 0.736610
vt 0.805729 0.737177
vt 0.805720 0.737027
vt 0.768543 0.738284
vt 0.768458 0.738174
vt 0.841018 0.715582
vt 0.840933 0.715694
vt 0.841445 0.689521
vt 0.841525 0.689637
vt 0.806265 0.688707
vt 0.806267 0.688555
vt 0.769928 0.687355
vt 0.769930 0.687204
vt 0.732756 0.686805
vt 0.732677 0.686691
vt 0.842039 0.669085
vt 0.842127 0.668975
vt 0.955178 0.649598
vt 0.955270 0.649494
vt 0.877468 0.649037
vt 0.876767 0.665398
vt 0.846774 0.664474
vt 0.847436 0.648008
vt 0.843116 0.643089
vt 0.843194 0.643206
vt 0.807999 0.641352
vt 0.808005 0.641201
vt 0.771702 0.639105
vt 0.771708 0.638954
vt 0.734551 0.637664
vt 0.734474 0.637548
vt 0.883029 0.624279
vt 0.883108 0.624396
vt 0.955670 0.600113
vt 0.955662 0.600264
vt 0.919313 0.599421
vt 0.919318 0.599270
vt 0.883968 0.598570
vt 0.884054 0.598461
vt 0.879377 0.603020
vt 0.878731 0.619456
vt 0.848528 0.618365
vt 0.849211 0.601959
vt 0.844962 0.597084
vt 0.845039 0.597200
vt 0.810144 0.594603
vt 0.810154 0.594452
vt 0.773933 0.591248
vt 0.773942 0.591097
vt 0.736413 0.589397
vt 0.736337 0.589281
vt 0.734752 0.614156
vt 0.734660 0.614260
vt 0.844251 0.576538
vt 0.844140 0.576632
vt 0.990810 0.537993
vt 0.990690 0.537922
vt 0.881217 0.552358
vt 0.881192 0.552209
vt 0.850527 0.551646
vt 0.850559 0.551499
vt 0.819370 0.539223
vt 0.819434 0.539086
vt 0.787176 0.523201
vt 0.787241 0.523064
vt 0.753630 0.507198
vt 0.753605 0.507061
vt 0.742277 0.529257
vt 0.742152 0.529316
vt 0.902215 0.990668
vt 0.902099 0.990591
vt 0.945309 0.534165
vt 0.951478 0.549231
vt 0.923646 0.560417
vt 0.918069 0.545341
vt 0.911997 0.547597
vt 0.917335 0.562807
vt 0.887760 0.571989
vt 0.885132 0.556426
vt 0.918486 0.625681
vt 0.918488 0.625530
vt 0.954850 0.626885
vt 0.954848 0.627037
vt 0.878981 0.557373
vt 0.880629 0.573574
vt 0.849958 0.572433
vt 0.852480 0.556870
vt 0.846420 0.555336
vt 0.842846 0.570794
vt 0.813915 0.559592
vt 0.820130 0.545102
vt 0.878163 0.626274
vt 0.877481 0.642193
vt 0.847990 0.641181
vt 0.848523 0.625206
vt 0.814274 0.542342
vt 0.807709 0.556880
vt 0.780720 0.543887
vt 0.787828 0.529297
vt 0.956613 0.552883
vt 0.956553 0.552744
vt 0.781949 0.526370
vt 0.774793 0.540963
vt 0.748255 0.527177
vt 0.755455 0.513268
vt 0.912637 0.696858
vt 0.911698 0.712233
vt 0.882470 0.711191
vt 0.882815 0.695135
vt 0.875968 0.884313
vt 0.891726 0.885215
vt 0.892569 0.914202
vt 0.876371 0.914828
vt 0.838876 0.694518
vt 0.838596 0.710583
vt 0.808934 0.709789
vt 0.809448 0.693882
vt 0.809839 0.813693
vt 0.809826 0.813543
vt 0.876744 0.921510
vt 0.892889 0.920745
vt 0.894982 0.950173
vt 0.878743 0.951366
vt 0.882072 0.780150
vt 0.881990 0.780266
vt 0.880578 0.761258
vt 0.880665 0.761368
vt 0.802813 0.693671
vt 0.802302 0.709616
vt 0.772621 0.708879
vt 0.773083 0.692633
vt 0.879240 0.957973
vt 0.895455 0.956722
vt 0.897240 0.986506
vt 0.881603 0.987499
vt 0.880041 0.735454
vt 0.880126 0.735341
vt 0.766496 0.692421
vt 0.766041 0.708678
vt 0.736194 0.707205
vt 0.736930 0.691559
vt 0.993258 0.602535
vt 0.993169 0.602642
vt 0.848018 0.839581
vt 0.854266 0.855198
vt 0.827079 0.866324
vt 0.820821 0.851587
vt 0.876210 0.672166
vt 0.875794 0.687951
vt 0.846327 0.687488
vt 0.846778 0.671368
vt 0.814685 0.854294
vt 0.821013 0.868946
vt 0.794012 0.881112
vt 0.787385 0.866268
vt 0.781352 0.868945
vt 0.788005 0.883784
vt 0.760506 0.895441
vt 0.754342 0.881039
vt 0.922445 0.566617
vt 0.922390 0.566476
vt 0.886137 0.577841
vt 0.886033 0.577741
vt 0.992025 0.627428
vt 0.992104 0.627542
vt 0.950484 0.653842
vt 0.949255 0.669456
vt 0.919715 0.667580
vt 0.920697 0.651463
vt 0.914125 0.651079
vt 0.913134 0.667149
vt 0.883765 0.665481
vt 0.884457 0.649572
vt 0.840437 0.647988
vt 0.839804 0.663949
vt 0.810152 0.662491
vt 0.811045 0.646608
vt 0.890535 0.846890
vt 0.897480 0.860047
vt 0.872889 0.873863
vt 0.863953 0.859222
vt 0.804425 0.646230
vt 0.803527 0.662160
vt 0.773872 0.660689
vt 0.774727 0.644459
vt 0.877695 0.785389
vt 0.878755 0.801352
vt 0.849024 0.805302
vt 0.847558 0.788386
vt 0.768146 0.644087
vt 0.767300 0.660326
vt 0.737507 0.658143
vt 0.738599 0.642515
vt 0.914808 0.785020
vt 0.914704 0.800375
vt 0.885669 0.800900
vt 0.884726 0.785101
vt 0.894316 0.915145
vt 0.894285 0.916667
vt 0.892656 0.916379
vt 0.894349 0.918080
vt 0.892766 0.918561
vt 0.894522 0.919601
vt 0.895321 0.917315
vt 0.896161 0.918311
vt 0.896077 0.916226
vt 0.896783 0.951103
vt 0.896798 0.952633
vt 0.895138 0.952356
vt 0.896897 0.954048
vt 0.895296 0.954540
vt 0.897099 0.955572
vt 0.897869 0.953278
vt 0.898754 0.954273
vt 0.898603 0.952178
vt 0.948021 0.529303
vt 0.947353 0.530454
vt 0.946079 0.530098
vt 0.947075 0.531672
vt 0.945629 0.532163
vt 0.947332 0.533336
vt 0.948389 0.531138
vt 0.949355 0.532507
vt 0.949772 0.530473
vt 0.914755 0.543014
vt 0.914084 0.544104
vt 0.912826 0.543732
vt 0.913796 0.545267
vt 0.912354 0.545690
vt 0.914023 0.546876
vt 0.915105 0.544782
vt 0.916047 0.546123
vt 0.916483 0.544156
vt 0.882474 0.553717
vt 0.881642 0.554612
vt 0.880542 0.554024
vt 0.881147 0.555642
vt 0.879713 0.555708
vt 0.881029 0.557192
vt 0.882466 0.555433
vt 0.883084 0.556871
vt 0.883866 0.555057
vt 0.851109 0.553376
vt 0.849985 0.553856
vt 0.849209 0.552885
vt 0.849115 0.554592
vt 0.847755 0.554089
vt 0.848415 0.555967
vt 0.850412 0.554930
vt 0.850440 0.556480
vt 0.851843 0.555124
vt 0.819569 0.541158
vt 0.818302 0.541422
vt 0.817716 0.540269
vt 0.817243 0.542010
vt 0.815927 0.541275
vt 0.816222 0.543279
vt 0.818501 0.542611
vt 0.818175 0.544199
vt 0.819902 0.543161
vt 0.787353 0.525213
vt 0.786061 0.525459
vt 0.785488 0.524256
vt 0.784974 0.526052
vt 0.783652 0.525284
vt 0.783910 0.527346
vt 0.786240 0.526692
vt 0.785869 0.528323
vt 0.787651 0.527296
vt 0.957299 0.548710
vt 0.955839 0.549205
vt 0.955564 0.547550
vt 0.954513 0.549742
vt 0.953521 0.548390
vt 0.953116 0.550412
vt 0.955570 0.550417
vt 0.954900 0.551556
vt 0.956865 0.550773
vt 0.923268 0.562420
vt 0.921770 0.562889
vt 0.921552 0.561225
vt 0.920406 0.563398
vt 0.919448 0.562022
vt 0.918960 0.564030
vt 0.921457 0.564100
vt 0.920743 0.565233
vt 0.922761 0.564486
vt 0.887108 0.573941
vt 0.885149 0.574712
vt 0.885404 0.572626
vt 0.883002 0.575341
vt 0.883017 0.573157
vt 0.880658 0.575779
vt 0.882762 0.577380
vt 0.880620 0.577998
vt 0.882380 0.579270
vt 0.884635 0.576577
vt 0.884265 0.578296
vt 0.886383 0.575919
vt 0.849780 0.574661
vt 0.847451 0.574196
vt 0.847562 0.572014
vt 0.845323 0.573539
vt 0.845182 0.571461
vt 0.843391 0.572737
vt 0.845728 0.575406
vt 0.844005 0.574722
vt 0.845994 0.577130
vt 0.847562 0.576246
vt 0.847812 0.578156
vt 0.849672 0.576900
vt 0.812197 0.560739
vt 0.810788 0.560031
vt 0.811828 0.558709
vt 0.809452 0.559439
vt 0.809761 0.557803
vt 0.807975 0.558878
vt 0.809686 0.560662
vt 0.808357 0.560960
vt 0.810329 0.561838
vt 0.778988 0.544972
vt 0.777649 0.544209
vt 0.778739 0.542917
vt 0.776370 0.543573
vt 0.776763 0.541942
vt 0.774947 0.542969
vt 0.776540 0.544804
vt 0.775222 0.545060
vt 0.777117 0.545998
vt 0.956548 0.605492
vt 0.956226 0.603846
vt 0.957765 0.603805
vt 0.955560 0.602797
vt 0.956645 0.602018
vt 0.954540 0.601952
vt 0.954804 0.603798
vt 0.953277 0.603658
vt 0.954355 0.605424
vt 0.920285 0.604545
vt 0.919934 0.602937
vt 0.921478 0.602885
vt 0.919249 0.601915
vt 0.920322 0.601147
vt 0.918215 0.601091
vt 0.918507 0.602896
vt 0.916975 0.602759
vt 0.918079 0.604486
vt 0.884009 0.603346
vt 0.883561 0.601408
vt 0.885473 0.601836
vt 0.882955 0.599660
vt 0.884547 0.600160
vt 0.882506 0.598017
vt 0.881282 0.598981
vt 0.880999 0.597057
vt 0.879429 0.598428
vt 0.881553 0.601010
vt 0.879412 0.600729
vt 0.881686 0.603170
vt 0.849520 0.597403
vt 0.847649 0.597810
vt 0.848089 0.595917
vt 0.845941 0.598357
vt 0.846519 0.596766
vt 0.844328 0.598731
vt 0.845192 0.600038
vt 0.843257 0.600305
vt 0.844572 0.601912
vt 0.847215 0.599800
vt 0.846901 0.601926
vt 0.849358 0.599684
vt 0.810832 0.599747
vt 0.810568 0.598129
vt 0.812107 0.598167
vt 0.809942 0.597072
vt 0.811053 0.596378
vt 0.808960 0.596184
vt 0.809148 0.598003
vt 0.807628 0.597773
vt 0.808635 0.599560
vt 0.774644 0.596525
vt 0.774377 0.594863
vt 0.775914 0.594903
vt 0.773747 0.593778
vt 0.774855 0.593066
vt 0.772761 0.592868
vt 0.772962 0.594738
vt 0.771445 0.594519
vt 0.772461 0.596344
vt 0.957187 0.623518
vt 0.955658 0.623370
vt 0.956087 0.621750
vt 0.954236 0.623316
vt 0.953890 0.621678
vt 0.952695 0.623354
vt 0.954917 0.624364
vt 0.953842 0.625126
vt 0.955945 0.625219
vt 0.920841 0.622219
vt 0.919304 0.622068
vt 0.919739 0.620481
vt 0.917875 0.622013
vt 0.917525 0.620407
vt 0.916328 0.622052
vt 0.918558 0.623042
vt 0.917480 0.623794
vt 0.919589 0.623882
vt 0.884770 0.621077
vt 0.882809 0.621373
vt 0.883419 0.619465
vt 0.880747 0.621616
vt 0.881065 0.619478
vt 0.878559 0.621725
vt 0.880294 0.623607
vt 0.878360 0.624003
vt 0.879823 0.625484
vt 0.882054 0.623069
vt 0.881463 0.624663
vt 0.883713 0.622704
vt 0.848508 0.620647
vt 0.846332 0.620372
vt 0.846200 0.618207
vt 0.844297 0.619967
vt 0.843859 0.618009
vt 0.842366 0.619514
vt 0.844897 0.621726
vt 0.843278 0.621228
vt 0.845329 0.623369
vt 0.846607 0.622398
vt 0.846916 0.624304
vt 0.848514 0.622930
vt 0.810567 0.617381
vt 0.809036 0.617172
vt 0.809547 0.615599
vt 0.807607 0.617059
vt 0.807337 0.615433
vt 0.806056 0.617035
vt 0.808240 0.618119
vt 0.807123 0.618832
vt 0.809232 0.618998
vt 0.774315 0.614535
vt 0.772793 0.614319
vt 0.773316 0.612725
vt 0.771372 0.614202
vt 0.771121 0.612550
vt 0.769830 0.614171
vt 0.771991 0.615277
vt 0.770872 0.615999
vt 0.772972 0.616167
vt 0.918713 0.647871
vt 0.917605 0.648623
vt 0.916613 0.647759
vt 0.916818 0.649599
vt 0.915296 0.649421
vt 0.916318 0.651205
vt 0.918237 0.649684
vt 0.918509 0.651332
vt 0.919776 0.649683
vt 0.882677 0.646177
vt 0.881068 0.645685
vt 0.880631 0.644050
vt 0.879368 0.645012
vt 0.879049 0.643106
vt 0.877482 0.644473
vt 0.879649 0.647035
vt 0.877488 0.646760
vt 0.879788 0.649193
vt 0.881676 0.647434
vt 0.882123 0.649381
vt 0.883601 0.647873
vt 0.847803 0.643454
vt 0.845893 0.643857
vt 0.846370 0.641979
vt 0.844148 0.644398
vt 0.844736 0.642807
vt 0.842503 0.644766
vt 0.843392 0.646089
vt 0.841442 0.646374
vt 0.842776 0.647987
vt 0.845439 0.645847
vt 0.845117 0.647983
vt 0.847607 0.645733
vt 0.808962 0.643107
vt 0.807869 0.643832
vt 0.806860 0.642970
vt 0.807100 0.644787
vt 0.805571 0.644599
vt 0.806630 0.646360
vt 0.808527 0.644874
vt 0.808837 0.646486
vt 0.810070 0.644871
vt 0.772667 0.640888
vt 0.771574 0.641625
vt 0.770567 0.640744
vt 0.770808 0.642599
vt 0.769285 0.642415
vt 0.770340 0.644209
vt 0.772229 0.642688
vt 0.772534 0.644334
vt 0.773770 0.642687
vt 0.918571 0.669229
vt 0.917050 0.669029
vt 0.917522 0.667437
vt 0.915634 0.668927
vt 0.915328 0.667292
vt 0.914097 0.668915
vt 0.916286 0.669989
vt 0.915196 0.670709
vt 0.917287 0.670875
vt 0.882750 0.667080
vt 0.880802 0.667340
vt 0.881428 0.665459
vt 0.878758 0.667558
vt 0.879088 0.665440
vt 0.876593 0.667654
vt 0.878300 0.669529
vt 0.876396 0.669914
vt 0.877826 0.671387
vt 0.880038 0.669013
vt 0.879443 0.670586
vt 0.881676 0.668672
vt 0.846757 0.666768
vt 0.844599 0.666496
vt 0.844460 0.664323
vt 0.842578 0.666094
vt 0.842131 0.664137
vt 0.840654 0.665652
vt 0.843180 0.667856
vt 0.841571 0.667353
vt 0.843612 0.669504
vt 0.844879 0.668534
vt 0.845203 0.670453
vt 0.846767 0.669071
vt 0.809011 0.664131
vt 0.807479 0.663958
vt 0.807945 0.662377
vt 0.806050 0.663882
vt 0.805736 0.662266
vt 0.804502 0.663898
vt 0.806711 0.664922
vt 0.805617 0.665662
vt 0.807725 0.665775
vt 0.772716 0.662364
vt 0.771192 0.662187
vt 0.771680 0.660572
vt 0.769771 0.662105
vt 0.769489 0.660451
vt 0.768231 0.662109
vt 0.770412 0.663169
vt 0.769308 0.663922
vt 0.771411 0.664039
vt 0.881053 0.691710
vt 0.879436 0.691285
vt 0.878991 0.689654
vt 0.877729 0.690680
vt 0.877395 0.688792
vt 0.875827 0.690221
vt 0.878025 0.692700
vt 0.875860 0.692502
vt 0.878180 0.694869
vt 0.880051 0.693031
vt 0.880501 0.694995
vt 0.881967 0.693422
vt 0.846167 0.689781
vt 0.844253 0.690228
vt 0.844691 0.688326
vt 0.842514 0.690814
vt 0.843074 0.689199
vt 0.840870 0.691224
vt 0.841792 0.692535
vt 0.839845 0.692868
vt 0.841216 0.694461
vt 0.843837 0.692244
vt 0.843556 0.694404
vt 0.846007 0.692081
vt 0.807274 0.690435
vt 0.806199 0.691188
vt 0.805167 0.690352
vt 0.805454 0.692162
vt 0.803918 0.692013
vt 0.805023 0.693746
vt 0.806884 0.692213
vt 0.807235 0.693816
vt 0.808428 0.692170
vt 0.770936 0.689115
vt 0.769862 0.689877
vt 0.768834 0.689021
vt 0.769120 0.690870
vt 0.767593 0.690723
vt 0.768692 0.692491
vt 0.770543 0.690925
vt 0.770887 0.692563
vt 0.772084 0.690886
vt 0.881501 0.712829
vt 0.879583 0.713112
vt 0.880152 0.711206
vt 0.877566 0.713350
vt 0.877831 0.711219
vt 0.875422 0.713466
vt 0.877178 0.715332
vt 0.875298 0.715723
vt 0.876764 0.717186
vt 0.878880 0.714803
vt 0.878362 0.716389
vt 0.880480 0.714454
vt 0.845603 0.713284
vt 0.843441 0.713051
vt 0.843255 0.710865
vt 0.841412 0.712683
vt 0.840925 0.710725
vt 0.839480 0.712275
vt 0.842052 0.714445
vt 0.840431 0.713965
vt 0.842520 0.716095
vt 0.843767 0.715099
vt 0.844137 0.717026
vt 0.845669 0.715605
vt 0.807832 0.711455
vt 0.806297 0.711318
vt 0.806725 0.709727
vt 0.804867 0.711276
vt 0.804514 0.709669
vt 0.803319 0.711329
vt 0.805553 0.712300
vt 0.804477 0.713064
vt 0.806587 0.713127
vt 0.771505 0.710582
vt 0.769977 0.710443
vt 0.770426 0.708816
vt 0.768555 0.710395
vt 0.768232 0.708749
vt 0.767016 0.710437
vt 0.769221 0.711444
vt 0.768137 0.712224
vt 0.770242 0.712289
vt 0.880263 0.740331
vt 0.879723 0.738404
vt 0.881657 0.738694
vt 0.879023 0.736708
vt 0.880666 0.737037
vt 0.878481 0.735118
vt 0.877285 0.736198
vt 0.876869 0.734342
vt 0.875366 0.735831
vt 0.877680 0.738181
vt 0.875504 0.738089
vt 0.877936 0.740321
vt 0.845742 0.736535
vt 0.843844 0.737071
vt 0.844210 0.735135
vt 0.842125 0.737741
vt 0.842622 0.736091
vt 0.840496 0.738230
vt 0.841472 0.739503
vt 0.839537 0.739925
vt 0.840973 0.741464
vt 0.843506 0.739118
vt 0.843311 0.741304
vt 0.845669 0.738859
vt 0.806973 0.742294
vt 0.806538 0.740688
vt 0.808073 0.740579
vt 0.805800 0.739682
vt 0.806830 0.738877
vt 0.804728 0.738879
vt 0.805112 0.740700
vt 0.803578 0.740622
vt 0.804770 0.742324
vt 0.882091 0.758011
vt 0.880184 0.758376
vt 0.880660 0.756456
vt 0.878173 0.758696
vt 0.878336 0.756573
vt 0.876030 0.758905
vt 0.877873 0.760674
vt 0.876018 0.761145
vt 0.877547 0.762532
vt 0.879555 0.760081
vt 0.879089 0.761675
vt 0.881150 0.759677
vt 0.846183 0.760201
vt 0.844013 0.760048
vt 0.843728 0.757858
vt 0.841967 0.759755
vt 0.841390 0.757811
vt 0.840015 0.759423
vt 0.842686 0.761498
vt 0.841044 0.761071
vt 0.843229 0.763140
vt 0.844429 0.762097
vt 0.844883 0.764030
vt 0.846351 0.762539
vt 0.808376 0.760123
vt 0.806847 0.760057
vt 0.807221 0.758422
vt 0.805425 0.760078
vt 0.805027 0.758459
vt 0.803891 0.760195
vt 0.806138 0.761087
vt 0.805091 0.761915
vt 0.807192 0.761876
vt 0.882387 0.785158
vt 0.881773 0.783255
vt 0.883735 0.783467
vt 0.881004 0.781596
vt 0.882677 0.781835
vt 0.880414 0.780034
vt 0.879217 0.781192
vt 0.878712 0.779386
vt 0.877236 0.780961
vt 0.879693 0.783137
vt 0.877478 0.783176
vt 0.880036 0.785248
vt 0.847419 0.783692
vt 0.845531 0.784370
vt 0.845794 0.782391
vt 0.843839 0.785177
vt 0.844232 0.783476
vt 0.842229 0.785797
vt 0.843297 0.787005
vt 0.841387 0.787583
vt 0.842927 0.789026
vt 0.845314 0.786463
vt 0.845253 0.788688
vt 0.847471 0.786043
vt 0.808988 0.792516
vt 0.808435 0.790968
vt 0.809967 0.790731
vt 0.807622 0.790036
vt 0.808597 0.789152
vt 0.806488 0.789336
vt 0.807005 0.791098
vt 0.805457 0.791144
vt 0.806777 0.792726
vt 0.772728 0.795897
vt 0.772175 0.794317
vt 0.773699 0.794082
vt 0.771364 0.793365
vt 0.772332 0.792471
vt 0.770235 0.792648
vt 0.770756 0.794446
vt 0.769221 0.794495
vt 0.770539 0.796108
vt 0.884841 0.802555
vt 0.882974 0.802924
vt 0.883368 0.801047
vt 0.880998 0.803262
vt 0.881059 0.801203
vt 0.878878 0.803516
vt 0.880806 0.805179
vt 0.878990 0.805671
vt 0.880596 0.806969
vt 0.882424 0.804591
vt 0.882055 0.806141
vt 0.883956 0.804202
vt 0.849309 0.807679
vt 0.847133 0.807663
vt 0.846715 0.805440
vt 0.845071 0.807482
vt 0.844383 0.805541
vt 0.843100 0.807259
vt 0.845890 0.809223
vt 0.844210 0.808864
vt 0.846531 0.810877
vt 0.847678 0.809743
vt 0.848266 0.811707
vt 0.849637 0.810069
vt 0.811736 0.809968
vt 0.810198 0.810016
vt 0.810425 0.808390
vt 0.808776 0.810147
vt 0.808227 0.808599
vt 0.807250 0.810390
vt 0.809583 0.811076
vt 0.808612 0.811962
vt 0.810710 0.811769
vt 0.775643 0.813690
vt 0.774111 0.813747
vt 0.774347 0.812077
vt 0.772696 0.813882
vt 0.772164 0.812289
vt 0.771175 0.814120
vt 0.773490 0.814837
vt 0.772516 0.815748
vt 0.774610 0.815544
vt 0.882839 0.822819
vt 0.883077 0.824184
vt 0.881497 0.824173
vt 0.883429 0.825426
vt 0.882037 0.826112
vt 0.883933 0.826732
vt 0.884184 0.824604
vt 0.885193 0.825343
vt 0.884666 0.823537
vt 0.853278 0.832033
vt 0.851510 0.833171
vt 0.851405 0.831082
vt 0.850001 0.834429
vt 0.849977 0.832594
vt 0.848549 0.835495
vt 0.849937 0.836434
vt 0.848254 0.837550
vt 0.850133 0.838595
vt 0.851765 0.835361
vt 0.852255 0.837644
vt 0.853785 0.834415
vt 0.817337 0.849425
vt 0.816685 0.850574
vt 0.815379 0.850272
vt 0.816431 0.851779
vt 0.814969 0.852315
vt 0.816728 0.853396
vt 0.817757 0.851200
vt 0.818774 0.852494
vt 0.819147 0.850488
vt 0.783916 0.864034
vt 0.783279 0.865188
vt 0.781980 0.864864
vt 0.783043 0.866405
vt 0.781602 0.866937
vt 0.783362 0.868051
vt 0.784350 0.865835
vt 0.785374 0.867160
vt 0.785722 0.865130
vt 0.889762 0.841654
vt 0.890280 0.842951
vt 0.888657 0.843287
vt 0.890862 0.844118
vt 0.889565 0.845102
vt 0.891610 0.845324
vt 0.891485 0.843124
vt 0.892651 0.843640
vt 0.891774 0.841942
vt 0.861738 0.854974
vt 0.859674 0.855649
vt 0.858588 0.853626
vt 0.857675 0.856116
vt 0.856426 0.854418
vt 0.855753 0.856489
vt 0.859002 0.857552
vt 0.857305 0.857747
vt 0.860142 0.858945
vt 0.860857 0.857467
vt 0.862068 0.859126
vt 0.862829 0.857112
vt 0.826789 0.868276
vt 0.825341 0.868792
vt 0.825055 0.867181
vt 0.824031 0.869353
vt 0.823032 0.868056
vt 0.822655 0.870055
vt 0.825084 0.869984
vt 0.824434 0.871122
vt 0.826370 0.870292
vt 0.793748 0.883129
vt 0.792313 0.883665
vt 0.792010 0.882006
vt 0.791014 0.884239
vt 0.790007 0.882896
vt 0.789646 0.884945
vt 0.792068 0.884894
vt 0.791432 0.886067
vt 0.793353 0.885212
vt 0.876961 0.878582
vt 0.876590 0.880351
vt 0.874725 0.879140
vt 0.875570 0.877136
vt 0.873290 0.877693
vt 0.874189 0.875572
vt 0.872234 0.876083
vt 0.872894 0.879713
vt 0.871637 0.878435
vt 0.872527 0.881535
vt 0.874300 0.881114
vt 0.874251 0.882995
vt 0.876198 0.882292
vt 0.873038 0.917276
vt 0.873902 0.918303
vt 0.873145 0.919412
vt 0.874959 0.918976
vt 0.874953 0.920534
vt 0.876610 0.919285
vt 0.874886 0.917531
vt 0.876490 0.917058
vt 0.874716 0.915974
vt 0.875469 0.953899
vt 0.876344 0.954889
vt 0.875603 0.956010
vt 0.877412 0.955521
vt 0.877430 0.957063
vt 0.879071 0.955773
vt 0.877314 0.954094
vt 0.878907 0.953570
vt 0.877111 0.952558
vt 0.893391 0.883640
vt 0.894992 0.882281
vt 0.896481 0.881246
vt 0.898999 0.988088
vt 0.900647 0.989498
vt 0.980938 0.516581
vt 0.980108 0.518585
vt 0.754064 0.508966
vt 0.754695 0.511028
vt 0.987132 0.536202
vt 0.989107 0.537077
vt 0.745988 0.527870
vt 0.743928 0.528556
vt 0.991924 0.603966
vt 0.990342 0.605451
vt 0.737502 0.590853
vt 0.738892 0.592505
vt 0.989492 0.624395
vt 0.990930 0.626005
vt 0.737625 0.611427
vt 0.736000 0.612866
vt 0.953932 0.650886
vt 0.952302 0.652321
vt 0.735611 0.639113
vt 0.737010 0.640758
vt 0.950822 0.671227
vt 0.952201 0.672885
vt 0.735703 0.659676
vt 0.734086 0.661122
vt 0.916011 0.693866
vt 0.914417 0.695320
vt 0.733850 0.688228
vt 0.735303 0.689840
vt 0.913302 0.713953
vt 0.914713 0.715570
vt 0.734425 0.708780
vt 0.732856 0.710265
vt 0.915675 0.737436
vt 0.914151 0.738967
vt 0.769740 0.739655
vt 0.771263 0.741198
vt 0.913912 0.757631
vt 0.915397 0.759178
vt 0.771272 0.760162
vt 0.769778 0.761723
vt 0.918024 0.781844
vt 0.916518 0.783385
vt 0.735433 0.796367
vt 0.737067 0.797779
vt 0.916380 0.802011
vt 0.917879 0.803558
vt 0.738661 0.816677
vt 0.737284 0.818353
vt 0.750130 0.879377
vt 0.752126 0.880201
vt 0.759601 0.897629
vt 0.758823 0.899654
vt 0.899715 0.860646
vt 0.901757 0.861219
vt 0.878629 0.990916
vt 0.880072 0.989309
vt 0.896632 0.881238
vt 0.047499 0.266247
vt 0.048691 0.267988
vt 0.046155 0.264706
vt 0.044540 0.263269
vt 0.048693 0.261678
vt 0.048073 0.263979
vt 0.051802 0.258816
vt 0.049944 0.262998
vt 0.094252 0.314715
vt 0.093942 0.312589
vt 0.095175 0.316647
vt 0.093248 0.317550
vt 0.091676 0.318990
vt 0.090248 0.315879
vt 0.092346 0.315607
vt 0.087507 0.313799
vt 0.090905 0.314012
vt 0.246264 0.502077
vt 0.239982 0.517027
vt 0.283946 0.549016
vt 0.304067 0.572679
vt 0.292045 0.620141
vt 0.026566 0.704487
vt 0.056955 0.709792
vt 0.081664 0.623106
vt 0.018852 0.753659
vt 0.040262 0.756855
vt 0.053545 0.609362
vt 0.055629 0.625551
vt 0.051444 0.593179
vt 0.082065 0.589127
vt 0.048981 0.577041
vt 0.097212 0.569822
vt 0.072363 0.556942
vt 0.094144 0.536727
vt 0.044076 0.544773
vt 0.041467 0.528650
vt 0.046527 0.560895
vt 0.038272 0.512492
vt 0.033779 0.496871
vt 0.018367 0.450453
vt 0.012445 0.435171
vt 0.005621 0.420227
vt 0.228777 0.906543
vt 0.042205 0.378185
vt 0.020170 0.392360
vt 0.071557 0.372441
vt 0.090986 0.417310
vt 0.097574 0.416541
vt 0.095608 0.417827
vt 0.093197 0.418108
vt 0.170444 0.855152
vt 0.175914 0.835098
vt 0.179139 0.440948
vt 0.185769 0.430283
vt 0.146055 0.836622
vt 0.178366 0.829563
vt 0.198296 0.903599
vt 0.074852 0.071479
vt 0.455266 0.906216
vt 0.076323 0.105995
vt 0.051156 0.105324
vt 0.050631 0.089629
vt 0.050578 0.121024
vt 0.047274 0.167961
vt 0.032805 0.244959
vt 0.028965 0.260193
vt 0.016228 0.305631
vt 0.035630 0.328847
vt 0.011619 0.320744
vt 0.059413 0.337163
vt 0.450828 0.703107
vt 0.442316 0.720356
vt 0.088420 0.330890
vt 0.076154 0.309365
vt 0.409541 0.736034
vt 0.099096 0.300898
vt 0.122824 0.310129
vt 0.104459 0.285970
vt 0.371653 0.764117
vt 0.151888 0.304639
vt 0.171858 0.261995
vt 0.179117 0.248046
vt 0.157216 0.235522
vt 0.178055 0.209982
vt 0.174038 0.211677
vt 0.174846 0.210034
vt 0.176317 0.209414
vt 0.234229 0.208830
s 1
f 236/1/1 740/2/1 35/3/1 7/4/1
f 307/5/1 235/6/1 4/7/1 10/8/1
f 271/9/2 8/10/2 36/11/2 541/12/2
f 793/13/1 289/14/1 3/15/1 63/16/1
f 307/5/1 10/8/1 21/17/1 308/18/1
f 308/18/3 21/17/3 20/19/3 326/20/3
f 326/20/4 20/19/4 19/21/4 344/22/4
f 344/22/5 19/21/5 18/23/5 362/24/5
f 362/24/6 18/23/6 17/25/6 380/26/6
f 380/26/7 17/25/7 16/27/8 398/28/8
f 398/28/8 16/27/8 15/29/9 416/30/9
f 416/30/9 15/29/9 14/31/10 434/32/10
f 434/32/11 14/31/11 13/33/11 452/34/11
f 452/34/5 13/33/5 12/35/5 470/36/5
f 470/36/1 12/35/1 11/37/1 488/38/1
f 488/38/12 11/37/12 9/39/5 506/40/5
f 541/12/2 36/11/2 47/41/2 542/42/2
f 542/42/13 47/41/14 46/43/14 560/44/13
f 560/44/15 46/43/15 45/45/15 578/46/15
f 578/46/1 45/45/1 44/47/1 596/48/1
f 596/48/16 44/47/16 43/49/16 614/50/16
f 614/50/17 43/49/17 42/51/18 632/52/18
f 632/52/18 42/51/18 41/53/19 650/54/19
f 650/54/19 41/53/19 40/55/20 668/56/20
f 668/56/21 40/55/21 39/57/21 686/58/21
f 686/58/1 39/57/1 38/59/1 704/60/1
f 704/60/2 38/59/2 37/61/2 722/62/2
f 722/62/1 37/61/1 35/3/1 740/2/1
f 272/63/22 2/64/22 49/65/22 523/66/22
f 2061/67/1 775/68/1 64/69/1 146/70/1
f 758/71/5 61/72/5 66/73/23 865/74/24
f 811/75/25 920/76/26 73/77/27 78/78/28
f 66/73/29 69/79/29 71/80/29 68/81/29
f 68/81/30 71/80/30 72/82/31 67/83/32
f 67/83/32 72/82/31 70/84/33 65/85/34
f 74/86/35 77/87/35 79/88/36 76/89/37
f 76/89/37 79/88/36 80/90/38 75/91/38
f 75/91/39 80/90/40 78/78/28 73/77/27
f 811/75/25 78/78/28 80/90/40 812/92/41
f 812/92/41 80/90/40 79/88/42 830/93/42
f 830/93/43 79/88/43 77/87/44 848/94/45
f 883/95/46 74/86/47 76/89/48 884/96/49
f 884/96/49 76/89/50 75/91/39 902/97/51
f 902/97/51 75/91/39 73/77/27 920/76/26
f 956/98/1 1460/99/1 142/100/1 85/101/1
f 1027/102/52 93/102/52 84/103/52 955/103/52
f 991/104/2 88/105/2 119/106/2 1261/107/2
f 1513/108/52 144/108/52 90/109/52 1009/109/52
f 1027/102/52 1028/110/52 94/110/52 93/102/52
f 1028/110/53 1046/111/53 96/111/53 94/110/53
f 1046/111/54 1064/112/54 98/112/54 96/111/54
f 1064/112/2 1082/113/2 100/113/2 98/112/2
f 1082/113/55 1100/114/55 102/114/55 100/113/55
f 1100/114/56 1118/115/57 104/115/57 102/114/56
f 1118/115/57 1136/116/58 106/116/58 104/115/57
f 1136/116/58 1154/117/59 108/117/59 106/116/58
f 1154/117/60 1172/118/60 110/118/60 108/117/60
f 1172/118/2 1190/119/2 112/119/2 110/118/2
f 1190/119/52 1208/120/52 114/120/52 112/119/52
f 1208/120/2 1226/121/2 116/121/2 114/120/2
f 1261/107/2 119/106/2 120/122/2 1262/123/2
f 1262/123/14 120/122/14 122/124/14 1280/125/14
f 1280/125/15 122/124/15 124/126/15 1298/127/15
f 1298/127/1 124/126/1 126/128/1 1316/129/1
f 1316/129/16 126/128/16 128/130/16 1334/131/16
f 1334/131/17 128/130/17 130/132/61 1352/133/61
f 1352/133/61 130/132/61 132/134/19 1370/135/19
f 1370/135/19 132/134/19 134/136/62 1388/137/62
f 1388/137/21 134/136/21 136/138/21 1406/139/21
f 1406/139/1 136/138/1 138/140/1 1424/141/1
f 1424/141/2 138/140/2 140/142/2 1442/143/2
f 1442/143/1 140/142/1 142/100/1 1460/99/1
f 992/109/2 1243/121/2 115/121/2 82/109/2
f 1837/144/1 1495/145/1 87/146/1 182/147/1
f 61/72/63 143/148/63 145/149/63 66/73/63
f 991/150/1 1531/151/1 199/152/1 88/153/1
f 1531/151/1 1549/154/1 198/155/1 199/152/1
f 1549/154/1 1567/156/1 197/157/1 198/155/1
f 1567/156/1 1585/158/1 196/159/1 197/157/1
f 1585/158/1 1603/160/1 195/161/1 196/159/1
f 1603/160/1 1621/162/1 194/163/1 195/161/1
f 1621/162/1 1639/164/1 193/165/1 194/163/1
f 1639/164/1 1657/166/1 192/167/1 193/165/1
f 1657/166/1 1675/168/1 191/169/1 192/167/1
f 1675/168/1 1693/170/1 190/171/1 191/169/1
f 1693/170/1 1711/172/1 189/173/1 190/171/1
f 1711/172/1 1729/174/1 188/175/1 189/173/1
f 1729/174/1 1747/176/1 187/177/1 188/175/1
f 1747/176/1 1765/178/1 186/179/1 187/177/1
f 1765/178/1 1783/180/1 185/181/1 186/179/1
f 1783/180/1 1801/182/1 184/183/1 185/181/1
f 1801/182/1 1819/184/1 183/185/1 184/183/1
f 1819/184/1 1837/144/1 182/147/1 183/185/1
f 271/186/1 1838/187/1 163/188/1 8/189/1
f 1838/187/1 1856/190/1 162/191/1 163/188/1
f 1856/190/1 1874/192/1 161/193/1 162/191/1
f 1874/192/1 1892/194/1 160/195/1 161/193/1
f 1892/194/1 1909/196/1 159/197/1 160/195/1
f 1909/196/1 1921/198/1 158/199/1 159/197/1
f 1921/198/1 1933/200/1 157/201/1 158/199/1
f 1933/200/1 1946/202/1 156/203/1 157/201/1
f 1946/202/1 1959/204/1 155/205/1 156/203/1
f 1959/204/1 1971/206/1 154/207/1 155/205/1
f 1971/206/1 1983/208/1 153/209/1 154/207/1
f 1983/208/1 1994/210/1 152/211/1 153/209/1
f 1994/210/1 2005/212/1 151/213/1 152/211/1
f 2005/212/1 2017/214/1 150/215/1 151/213/1
f 2017/214/1 2028/216/1 149/217/1 150/215/1
f 2028/216/1 2037/218/1 148/219/1 149/217/1
f 2037/218/1 2048/220/1 147/221/1 148/219/1
f 2048/220/1 2061/67/1 146/70/1 147/221/1
f 2312/222/64 2323/223/65 2319/224/66 2311/225/67
f 2060/226/68 2075/227/69 2074/228/70 2059/229/71
f 2297/230/72 2073/231/73 2298/232/74
f 2058/233/75 2072/234/76 2071/235/77 2057/236/78
f 2343/237/79 2351/238/80 2347/239/81 2342/240/82
f 2327/241/83 2336/242/84 2332/243/85 2326/244/86
f 2056/245/87 2068/246/88 2067/247/1 2055/248/1
f 2055/248/1 2067/247/1 2066/249/1 2054/250/1
f 2054/250/1 2066/249/1 2065/251/1 2053/252/1
f 2053/252/1 2065/251/1 2064/253/1 2052/254/1
f 2417/255/89 2418/256/90 2425/257/91 2421/258/92
f 2049/259/93 2062/260/94 2061/67/1 2048/220/1
f 2310/261/95 2076/262/96 2311/225/67
f 2045/263/97 2056/245/87 2055/248/1 2044/264/1
f 2044/264/1 2055/248/1 2054/250/1 2043/265/1
f 2043/265/1 2054/250/1 2053/252/1 2042/266/1
f 2042/266/1 2053/252/1 2052/254/1 2041/267/98
f 3546/268/99 3547/269/100 3556/270/101 3552/271/102
f 2039/272/103 2050/273/104 2049/274/93 2038/275/105
f 2038/276/105 2049/259/93 2048/220/1 2037/218/1
f 178/277/106 179/278/107 2047/279/108 2036/280/109
f 2034/281/110 2045/263/97 2044/264/1 2033/282/1
f 2033/282/1 2044/264/1 2043/265/1 2032/283/1
f 2032/283/1 2043/265/1 2042/266/1 2031/284/1
f 2389/285/111 2390/286/112 2397/287/113 2393/288/114
f 2029/289/115 2038/276/105 2037/218/1 2028/216/1
f 2238/290/116 2245/291/117 2241/292/118 2237/293/119
f 2270/294/120 2277/295/121 2273/296/122 2269/297/123
f 2023/298/1 2034/281/110 2033/282/1 2022/299/1
f 2022/299/1 2033/282/1 2032/283/1 2021/300/1
f 2021/300/1 2032/283/1 2031/284/1 2020/301/124
f 2390/286/112 2391/302/125 2400/303/126 2396/304/127
f 2018/305/128 2029/289/115 2028/216/1 2017/214/1
f 2239/306/129 2036/280/109 2240/307/130
f 2015/308/131 2027/309/132 2026/310/133 2014/311/134
f 2255/312/135 2264/313/136 2260/314/137 2254/315/138
f 2012/316/139 2023/298/1 2022/299/1 2011/317/1
f 2011/317/1 2022/299/1 2021/300/1 2010/318/1
f 2010/318/1 2021/300/1 2020/301/124 2009/319/140
f 2009/320/140 2020/321/124 2019/322/141 2008/323/142
f 3534/324/143 3540/325/144 3536/326/145 3533/327/146
f 2006/328/147 2018/305/128 2017/214/1 2005/212/1
f 175/329/1 176/330/148 2016/331/149 2004/332/1
f 2004/332/1 2016/331/149 2015/333/131 2003/334/1
f 2003/334/1 2015/333/131 2014/335/134 2002/336/150
f 2226/337/151 2025/338/152 2227/339/153
f 2000/340/154 2012/316/139 2011/317/1 1999/341/1
f 1999/341/1 2011/317/1 2010/318/1 1998/342/1
f 1998/342/1 2010/318/1 2009/319/140 1997/343/155
f 1996/344/156 2007/345/157 2006/346/147 1995/347/158
f 1995/348/158 2006/328/147 2005/212/1 1994/210/1
f 174/349/1 175/329/1 2004/332/1 1993/350/1
f 1993/350/1 2004/332/1 2003/334/1 1992/351/1
f 1992/351/1 2003/334/1 2002/336/150 1991/352/159
f 2286/353/160 2292/354/161 2288/355/162 2285/356/163
f 1990/357/164 2000/340/154 1999/341/1 1989/358/1
f 1989/358/1 1999/341/1 1998/342/1 1988/359/1
f 1988/359/1 1998/342/1 1997/343/155 1987/360/165
f 2378/361/166 2379/362/167 2387/363/168 2383/364/169
f 1985/365/170 1996/344/156 1995/347/158 1984/366/171
f 1984/367/171 1995/348/158 1994/210/1 1983/208/1
f 173/368/1 174/349/1 1993/350/1 1982/369/1
f 1982/369/1 1993/350/1 1992/351/1 1981/370/1
f 1981/370/1 1992/351/1 1991/352/159 1980/371/172
f 2214/372/173 2001/373/174 2215/374/175
f 1977/375/176 1990/357/164 1989/358/1 1976/376/1
f 1976/376/1 1989/358/1 1988/359/1 1975/377/1
f 1975/377/1 1988/359/1 1987/360/165 1974/378/177
f 1973/379/178 1985/365/170 1984/366/171 1972/380/179
f 1972/381/179 1984/367/171 1983/208/1 1971/206/1
f 172/382/1 173/368/1 1982/369/1 1970/383/1
f 1970/383/1 1982/369/1 1981/370/1 1969/384/1
f 1969/384/1 1981/370/1 1980/371/172 1968/385/180
f 1968/386/180 1980/387/172 1979/388/181 1967/389/182
f 1964/390/183 1977/375/176 1976/376/1 1963/391/1
f 1963/391/1 1976/376/1 1975/377/1 1962/392/1
f 1962/393/1 1975/394/1 1974/395/177 1961/396/184
f 1960/397/185 1972/381/179 1971/206/1 1959/204/1
f 171/398/1 172/382/1 1970/383/1 1958/399/1
f 1958/399/1 1970/383/1 1969/384/1 1957/400/1
f 1957/400/1 1969/384/1 1968/385/180 1956/401/1
f 1956/401/1 1968/385/180 1967/402/182 1955/403/1
f 1955/403/1 1967/402/182 1966/404/186 1954/405/187
f 1953/406/188 1965/407/189 1964/408/183 1952/409/190
f 1952/410/190 1964/390/183 1963/391/1 1951/411/1
f 1951/411/1 1963/391/1 1962/392/1 1950/412/191
f 1950/413/191 1962/393/1 1961/396/184 1949/414/192
f 2462/415/193 2468/416/194 2464/417/195 2461/418/196
f 1947/419/197 1960/397/185 1959/204/1 1946/202/1
f 170/420/1 171/398/1 1958/399/1 1945/421/1
f 1945/421/1 1958/399/1 1957/400/1 1944/422/1
f 1944/422/1 1957/400/1 1956/401/1 1943/423/1
f 1943/423/1 1956/401/1 1955/403/1 1942/424/1
f 1942/424/1 1955/403/1 1954/405/187 1941/425/1
f 2174/426/198 2181/427/199 2177/428/200 2173/429/201
f 1938/430/202 1952/410/190 1951/411/1 1937/431/203
f 1937/431/203 1951/411/1 1950/412/191 1936/432/204
f 1935/433/205 1948/434/206 1947/435/197 1934/436/207
f 1934/437/207 1947/419/197 1946/202/1 1933/200/1
f 169/438/1 170/420/1 1945/421/1 1932/439/1
f 1932/439/1 1945/421/1 1944/422/1 1931/440/1
f 1931/440/1 1944/422/1 1943/423/1 1930/441/1
f 1930/441/1 1943/423/1 1942/424/1 1929/442/1
f 1929/442/1 1942/424/1 1941/425/1 1928/443/1
f 1928/443/1 1941/425/1 1940/444/208 1927/445/209
f 1927/446/209 1940/447/208 1939/448/210 1926/449/211
f 2114/450/212 2120/451/213 2116/452/214 2113/453/215
f 1925/454/216 1938/430/202 1937/431/203 1924/455/217
f 1924/456/217 1937/457/203 1936/458/204 1923/459/218
f 1922/460/219 1934/437/207 1933/200/1 1921/198/1
f 168/461/1 169/438/1 1932/439/1 1920/462/1
f 1920/462/1 1932/439/1 1931/440/1 1919/463/1
f 1919/463/1 1931/440/1 1930/441/1 1918/464/1
f 1918/464/1 1930/441/1 1929/442/1 1917/465/1
f 1917/465/1 1929/442/1 1928/443/1 1916/466/1
f 1916/466/1 1928/443/1 1927/445/209 1915/467/220
f 1914/468/221 1925/454/216 1924/455/217 1913/469/222
f 1913/470/222 1924/456/217 1923/459/218 1912/471/223
f 2474/472/224 2480/473/225 2476/474/226 2473/475/227
f 1910/476/228 1922/460/219 1921/198/1 1909/196/1
f 167/477/1 168/461/1 1920/462/1 1908/478/1
f 1908/478/1 1920/462/1 1919/463/1 1907/479/1
f 1907/479/1 1919/463/1 1918/464/1 1906/480/1
f 1906/480/1 1918/464/1 1917/465/1 1905/481/1
f 1905/481/1 1917/465/1 1916/466/1 1904/482/1
f 1904/482/1 1916/466/1 1915/467/220 1903/483/229
f 2139/484/230 2140/485/231 2151/486/232 2147/487/233
f 2155/488/234 2156/489/235 2167/490/236 2163/491/237
f 1900/492/238 1914/468/221 1913/469/222 1899/493/239
f 1899/494/239 1913/470/222 1912/471/223 1898/495/240
f 2355/496/241 2356/497/242 2367/498/243 2363/499/244
f 1893/500/245 1910/476/228 1909/196/1 1892/194/1
f 166/501/1 167/477/1 1908/478/1 1891/502/1
f 1891/502/1 1908/478/1 1907/479/1 1890/503/1
f 1890/503/1 1907/479/1 1906/480/1 1889/504/1
f 1889/504/1 1906/480/1 1905/481/1 1888/505/1
f 1888/505/1 1905/481/1 1904/482/1 1887/506/1
f 1887/506/1 1904/482/1 1903/483/229 1886/507/1
f 1886/507/1 1903/483/229 1902/508/246 1885/509/1
f 1885/509/1 1902/508/246 1901/510/247 1884/511/1
f 1884/511/1 1901/510/247 1900/492/238 1883/512/1
f 1883/512/1 1900/492/238 1899/493/239 1882/513/248
f 1882/514/248 1899/494/239 1898/495/249 1881/515/250
f 1881/515/250 1898/495/249 1897/516/251 1880/517/252
f 1880/517/252 1897/516/251 1896/518/253 1879/519/254
f 1879/519/254 1896/518/253 1895/520/255 1878/521/256
f 1878/521/256 1895/520/255 1894/522/257 1877/523/258
f 2354/524/259 2361/525/260 2357/526/261 2353/527/262
f 1875/528/263 1893/500/245 1892/194/1 1874/192/1
f 165/529/1 166/501/1 1891/502/1 1873/530/1
f 1873/530/1 1891/502/1 1890/503/1 1872/531/1
f 1872/531/1 1890/503/1 1889/504/1 1871/532/1
f 1871/532/1 1889/504/1 1888/505/1 1870/533/1
f 1870/533/1 1888/505/1 1887/506/1 1869/534/1
f 1869/534/1 1887/506/1 1886/507/1 1868/535/1
f 1868/535/1 1886/507/1 1885/509/1 1867/536/1
f 1867/536/1 1885/509/1 1884/511/1 1866/537/1
f 1866/537/1 1884/511/1 1883/512/1 1865/538/1
f 1865/538/1 1883/512/1 1882/513/248 1864/539/1
f 1864/539/1 1882/513/248 1881/540/250 1863/541/1
f 1863/541/1 1881/540/250 1880/542/252 1862/543/1
f 1862/543/1 1880/542/252 1879/544/254 1861/545/1
f 1861/545/1 1879/544/254 1878/546/256 1860/547/1
f 1860/547/1 1878/546/256 1877/548/258 1859/549/1
f 1859/549/1 1877/548/258 1876/550/264 1858/551/1
f 1858/551/1 1876/550/264 1875/528/263 1857/552/1
f 1857/552/1 1875/528/263 1874/192/1 1856/190/1
f 164/553/1 165/529/1 1873/530/1 1855/554/1
f 1855/554/1 1873/530/1 1872/531/1 1854/555/1
f 1854/555/1 1872/531/1 1871/532/1 1853/556/1
f 1853/556/1 1871/532/1 1870/533/1 1852/557/1
f 1852/557/1 1870/533/1 1869/534/1 1851/558/1
f 1851/558/1 1869/534/1 1868/535/1 1850/559/1
f 1850/559/1 1868/535/1 1867/536/1 1849/560/1
f 1849/560/1 1867/536/1 1866/537/1 1848/561/1
f 1848/561/1 1866/537/1 1865/538/1 1847/562/1
f 1847/562/1 1865/538/1 1864/539/1 1846/563/1
f 1846/563/1 1864/539/1 1863/541/1 1845/564/1
f 1845/564/1 1863/541/1 1862/543/1 1844/565/1
f 1844/565/1 1862/543/1 1861/545/1 1843/566/1
f 1843/566/1 1861/545/1 1860/547/1 1842/567/1
f 1842/567/1 1860/547/1 1859/549/1 1841/568/1
f 1841/568/1 1859/549/1 1858/551/1 1840/569/1
f 1840/569/1 1858/551/1 1857/552/1 1839/570/1
f 1839/570/1 1857/552/1 1856/190/1 1838/187/1
f 1/571/1 164/553/1 1855/554/1 254/572/1
f 254/572/1 1855/554/1 1854/555/1 255/573/1
f 255/573/1 1854/555/1 1853/556/1 256/574/1
f 256/574/1 1853/556/1 1852/557/1 257/575/1
f 257/575/1 1852/557/1 1851/558/1 258/576/1
f 258/576/1 1851/558/1 1850/559/1 259/577/1
f 259/577/1 1850/559/1 1849/560/1 260/578/1
f 260/578/1 1849/560/1 1848/561/1 261/579/1
f 261/579/1 1848/561/1 1847/562/1 262/580/1
f 262/580/1 1847/562/1 1846/563/1 263/581/1
f 263/581/1 1846/563/1 1845/564/1 264/582/1
f 264/582/1 1845/564/1 1844/565/1 265/583/1
f 265/583/1 1844/565/1 1843/566/1 266/584/1
f 266/584/1 1843/566/1 1842/567/1 267/585/1
f 267/585/1 1842/567/1 1841/568/1 268/586/1
f 268/586/1 1841/568/1 1840/569/1 269/587/1
f 269/587/1 1840/569/1 1839/570/1 270/588/1
f 270/588/1 1839/570/1 1838/187/1 271/186/1
f 216/589/1 217/590/1 1820/591/1 1802/592/1
f 1802/592/1 1820/591/1 1821/593/1 1803/594/1
f 1803/594/1 1821/593/1 1822/595/1 1804/596/1
f 1804/596/1 1822/595/1 1823/597/1 1805/598/1
f 1805/598/1 1823/597/1 1824/599/1 1806/600/1
f 1806/600/1 1824/599/1 1825/601/1 1807/602/1
f 1807/602/1 1825/601/1 1826/603/1 1808/604/1
f 1808/604/1 1826/603/1 1827/605/1 1809/606/1
f 1809/606/1 1827/605/1 1828/607/1 1810/608/1
f 1810/608/1 1828/607/1 1829/609/1 1811/610/1
f 1811/610/1 1829/609/1 1830/611/1 1812/612/1
f 1812/612/1 1830/611/1 1831/613/1 1813/614/1
f 1813/614/1 1831/613/1 1832/615/1 1814/616/1
f 1706/617/2 3084/618/265 3077/619/266 1705/620/2
f 1815/621/1 1833/622/1 1834/623/1 1816/624/1
f 1816/624/1 1834/623/1 1835/625/1 1817/626/1
f 1817/626/1 1835/625/1 1836/627/1 1818/628/1
f 1818/628/1 1836/627/1 1837/144/1 1819/184/1
f 215/629/1 216/589/1 1802/592/1 1784/630/1
f 1784/630/1 1802/592/1 1803/594/1 1785/631/1
f 1785/631/1 1803/594/1 1804/596/1 1786/632/1
f 1786/632/1 1804/596/1 1805/598/1 1787/633/1
f 1787/633/1 1805/598/1 1806/600/1 1788/634/1
f 1788/634/1 1806/600/1 1807/602/1 1789/635/1
f 1789/635/1 1807/602/1 1808/604/1 1790/636/1
f 1790/636/1 1808/604/1 1809/606/1 1791/637/1
f 1791/637/1 1809/606/1 1810/608/1 1792/638/1
f 1792/638/1 1810/608/1 1811/610/1 1793/639/1
f 1793/639/1 1811/610/1 1812/612/1 1794/640/1
f 1794/640/1 1812/612/1 1813/614/1 1795/641/1
f 1795/641/1 1813/614/1 1814/616/1 1796/642/1
f 1637/643/2 2847/644/267 2835/645/268 1636/646/2
f 1835/647/5 3517/648/269 3530/649/270 1836/650/5
f 1578/651/5 2521/652/271 2533/653/269 1579/654/5
f 1636/646/2 2835/645/268 2819/655/272 1635/656/2
f 1800/657/1 1818/628/1 1819/184/1 1801/182/1
f 214/658/1 215/629/1 1784/630/1 1766/659/1
f 1766/659/1 1784/630/1 1785/631/1 1767/660/1
f 1767/660/1 1785/631/1 1786/632/1 1768/661/1
f 1768/661/1 1786/632/1 1787/633/1 1769/662/1
f 1769/662/1 1787/633/1 1788/634/1 1770/663/1
f 1770/663/1 1788/634/1 1789/635/1 1771/664/1
f 1771/664/1 1789/635/1 1790/636/1 1772/665/1
f 1772/665/1 1790/636/1 1791/637/1 1773/666/1
f 1773/666/1 1791/637/1 1792/638/1 1774/667/1
f 1774/667/1 1792/638/1 1793/639/1 1775/668/1
f 1775/668/1 1793/639/1 1794/640/1 1776/669/1
f 1776/669/1 1794/640/1 1795/641/1 1777/670/1
f 1777/670/1 1795/641/1 1796/642/1 1778/671/1
f 1834/672/5 3505/673/273 3517/648/269 1835/647/5
f 1779/674/1 1797/675/1 1798/676/1 1780/677/1
f 1780/677/1 1798/676/1 1799/678/1 1781/679/1
f 1781/679/1 1799/678/1 1800/657/1 1782/680/1
f 1782/680/1 1800/657/1 1801/182/1 1783/180/1
f 213/681/1 214/658/1 1766/659/1 1748/682/1
f 1748/682/1 1766/659/1 1767/660/1 1749/683/1
f 1749/683/1 1767/660/1 1768/661/1 1750/684/1
f 1750/684/1 1768/661/1 1769/662/1 1751/685/1
f 1751/685/1 1769/662/1 1770/663/1 1752/686/1
f 1752/686/1 1770/663/1 1771/664/1 1753/687/1
f 1753/687/1 1771/664/1 1772/665/1 1754/688/1
f 1754/688/1 1772/665/1 1773/666/1 1755/689/1
f 1755/689/1 1773/666/1 1774/667/1 1756/690/1
f 1756/690/1 1774/667/1 1775/668/1 1757/691/1
f 1757/691/1 1775/668/1 1776/669/1 1758/692/1
f 1758/692/1 1776/669/1 1777/670/1 1759/693/1
f 1577/694/5 2518/695/44 2521/652/271 1578/651/5
f 1814/696/63 3431/697/274 3375/698/275 1796/699/63
f 1833/700/5 3491/701/276 3505/673/273 1834/672/5
f 1782/702/2 3370/703/277 3359/704/278 1781/705/2
f 1779/706/279 3331/707/280 3386/708/280 1797/709/279
f 1764/710/1 1782/680/1 1783/180/1 1765/178/1
f 212/711/1 213/681/1 1748/682/1 1730/712/1
f 1730/712/1 1748/682/1 1749/683/1 1731/713/1
f 1731/713/1 1749/683/1 1750/684/1 1732/714/1
f 1732/714/1 1750/684/1 1751/685/1 1733/715/1
f 1733/715/1 1751/685/1 1752/686/1 1734/716/1
f 1734/716/1 1752/686/1 1753/687/1 1735/717/1
f 1735/717/1 1753/687/1 1754/688/1 1736/718/1
f 1736/718/1 1754/688/1 1755/689/1 1737/719/1
f 1737/719/1 1755/689/1 1756/690/1 1738/720/1
f 1738/720/1 1756/690/1 1757/691/1 1739/721/1
f 1739/721/1 1757/691/1 1758/692/1 1740/722/1
f 1740/722/1 1758/692/1 1759/693/1 1741/723/1
f 1741/723/1 1759/693/1 1760/724/1 1742/725/1
f 3019/726/281 3082/727/282 3097/728/283 3036/729/284
f 1743/730/1 1761/731/1 1762/732/1 1744/733/1
f 1744/733/1 1762/732/1 1763/734/1 1745/735/1
f 1745/735/1 1763/734/1 1764/710/1 1746/736/1
f 1746/736/1 1764/710/1 1765/178/1 1747/176/1
f 211/737/1 212/711/1 1730/712/1 1712/738/1
f 1712/738/1 1730/712/1 1731/713/1 1713/739/1
f 1713/739/1 1731/713/1 1732/714/1 1714/740/1
f 1714/740/1 1732/714/1 1733/715/1 1715/741/1
f 1715/741/1 1733/715/1 1734/716/1 1716/742/1
f 1716/742/1 1734/716/1 1735/717/1 1717/743/1
f 1717/743/1 1735/717/1 1736/718/1 1718/744/1
f 1718/744/1 1736/718/1 1737/719/1 1719/745/1
f 1719/745/1 1737/719/1 1738/720/1 1720/746/1
f 1720/746/1 1738/720/1 1739/721/1 1721/747/1
f 1721/747/1 1739/721/1 1740/722/1 1722/748/1
f 1722/748/1 1740/722/1 1741/723/1 1723/749/1
f 1832/750/63 3485/751/285 3431/697/274 1814/696/63
f 1745/752/2 3242/753/277 3231/754/286 1744/755/2
f 3179/756/287 3230/757/288 3241/758/289 3190/759/290
f 3315/760/291 3373/761/292 3385/762/293 3332/763/294
f 1727/764/1 1745/735/1 1746/736/1 1728/765/1
f 1728/765/1 1746/736/1 1747/176/1 1729/174/1
f 210/766/1 211/737/1 1712/738/1 1694/767/1
f 1694/767/1 1712/738/1 1713/739/1 1695/768/1
f 1695/768/1 1713/739/1 1714/740/1 1696/769/1
f 1696/769/1 1714/740/1 1715/741/1 1697/770/1
f 1697/770/1 1715/741/1 1716/742/1 1698/771/1
f 1698/771/1 1716/742/1 1717/743/1 1699/772/1
f 1699/772/1 1717/743/1 1718/744/1 1700/773/1
f 1700/773/1 1718/744/1 1719/745/1 1701/774/1
f 1701/774/1 1719/745/1 1720/746/1 1702/775/1
f 1702/775/1 1720/746/1 1721/747/1 1703/776/1
f 1703/776/1 1721/747/1 1722/748/1 1704/777/1
f 1704/777/1 1722/748/1 1723/749/1 1705/778/1
f 1705/778/1 1723/749/1 1724/779/1 1706/780/1
f 3199/781/295 3251/782/296 3265/783/297 3216/784/294
f 1707/785/1 1725/786/1 1726/787/1 1708/788/1
f 1708/788/1 1726/787/1 1727/764/1 1709/789/1
f 1709/789/1 1727/764/1 1728/765/1 1710/790/1
f 1710/790/1 1728/765/1 1729/174/1 1711/172/1
f 209/791/1 210/766/1 1694/767/1 1676/792/1
f 1676/792/1 1694/767/1 1695/768/1 1677/793/1
f 1677/793/1 1695/768/1 1696/769/1 1678/794/1
f 1678/794/1 1696/769/1 1697/770/1 1679/795/1
f 1679/795/1 1697/770/1 1698/771/1 1680/796/1
f 1680/796/1 1698/771/1 1699/772/1 1681/797/1
f 1681/797/1 1699/772/1 1700/773/1 1682/798/1
f 1682/798/1 1700/773/1 1701/774/1 1683/799/1
f 1683/799/1 1701/774/1 1702/775/1 1684/800/1
f 1684/800/1 1702/775/1 1703/776/1 1685/801/1
f 1685/801/1 1703/776/1 1704/777/1 1686/802/1
f 1686/802/1 1704/777/1 1705/778/1 1687/803/1
f 3163/804/298 3214/805/299 3229/806/300 3177/807/301
f 1687/808/5 3014/809/302 3017/810/303 1688/811/5
f 1674/812/2 3010/813/277 2999/814/304 1673/815/2
f 3141/816/305 3194/817/306 3197/818/307 3145/819/308
f 3374/820/309 3429/821/310 3441/822/283 3388/823/284
f 1692/824/1 1710/790/1 1711/172/1 1693/170/1
f 208/825/1 209/791/1 1676/792/1 1658/826/1
f 1658/826/1 1676/792/1 1677/793/1 1659/827/1
f 1659/827/1 1677/793/1 1678/794/1 1660/828/1
f 1660/828/1 1678/794/1 1679/795/1 1661/829/1
f 1661/829/1 1679/795/1 1680/796/1 1662/830/1
f 1662/830/1 1680/796/1 1681/797/1 1663/831/1
f 1663/831/1 1681/797/1 1682/798/1 1664/832/1
f 1664/832/1 1682/798/1 1683/799/1 1665/833/1
f 1665/833/1 1683/799/1 1684/800/1 1666/834/1
f 1666/834/1 1684/800/1 1685/801/1 1667/835/1
f 1667/835/1 1685/801/1 1686/802/1 1668/836/1
f 1668/836/1 1686/802/1 1687/803/1 1669/837/1
f 1669/837/1 1687/803/1 1688/838/1 1670/839/1
f 1673/815/2 2999/814/304 2987/840/311 1672/841/2
f 1671/842/1 1689/843/1 1690/844/1 1672/845/1
f 1672/845/1 1690/844/1 1691/846/1 1673/847/1
f 1673/847/1 1691/846/1 1692/824/1 1674/848/1
f 1674/848/1 1692/824/1 1693/170/1 1675/168/1
f 207/849/1 208/825/1 1658/826/1 1640/850/1
f 1640/850/1 1658/826/1 1659/827/1 1641/851/1
f 1641/851/1 1659/827/1 1660/828/1 1642/852/1
f 1642/852/1 1660/828/1 1661/829/1 1643/853/1
f 1643/853/1 1661/829/1 1662/830/1 1644/854/1
f 1644/854/1 1662/830/1 1663/831/1 1645/855/1
f 1645/855/1 1663/831/1 1664/832/1 1646/856/1
f 1646/856/1 1664/832/1 1665/833/1 1647/857/1
f 1647/857/1 1665/833/1 1666/834/1 1648/858/1
f 1648/858/1 1666/834/1 1667/835/1 1649/859/1
f 1649/859/1 1667/835/1 1668/836/1 1650/860/1
f 2759/861/287 2846/862/288 2857/863/312 2769/864/313
f 2747/865/314 2834/866/315 2845/867/300 2757/868/316
f 1688/811/63 3017/810/317 2956/869/317 1670/870/63
f 2731/871/298 2818/872/299 2833/873/300 2745/874/318
f 1670/870/2 2956/869/319 2943/875/320 1669/876/2
f 2703/877/314 2790/878/321 2801/879/322 2713/880/323
f 1656/881/1 1674/848/1 1675/168/1 1657/166/1
f 206/882/1 207/849/1 1640/850/1 1622/883/1
f 1622/883/1 1640/850/1 1641/851/1 1623/884/1
f 1623/884/1 1641/851/1 1642/852/1 1624/885/1
f 1624/885/1 1642/852/1 1643/853/1 1625/886/1
f 1625/886/1 1643/853/1 1644/854/1 1626/887/1
f 1626/887/1 1644/854/1 1645/855/1 1627/888/1
f 1627/888/1 1645/855/1 1646/856/1 1628/889/1
f 1628/889/1 1646/856/1 1647/857/1 1629/890/1
f 1629/890/1 1647/857/1 1648/858/1 1630/891/1
f 1630/891/1 1648/858/1 1649/859/1 1631/892/1
f 1631/892/1 1649/859/1 1650/860/1 1632/893/1
f 1632/893/1 1650/860/1 1651/894/1 1633/895/1
f 1633/895/1 1651/894/1 1652/896/1 1634/897/1
f 2517/898/305 2598/899/324 2601/900/325 2523/901/326
f 1635/902/1 1653/903/1 1654/904/1 1636/905/1
f 1636/905/1 1654/904/1 1655/906/1 1637/907/1
f 1637/907/1 1655/906/1 1656/881/1 1638/908/1
f 1638/908/1 1656/881/1 1657/166/1 1639/164/1
f 205/909/1 206/882/1 1622/883/1 1604/910/1
f 1604/910/1 1622/883/1 1623/884/1 1605/911/1
f 1605/911/1 1623/884/1 1624/885/1 1606/912/1
f 1606/912/1 1624/885/1 1625/886/1 1607/913/1
f 1607/913/1 1625/886/1 1626/887/1 1608/914/1
f 1608/914/1 1626/887/1 1627/888/1 1609/915/1
f 1609/915/1 1627/888/1 1628/889/1 1610/916/1
f 1610/916/1 1628/889/1 1629/890/1 1611/917/1
f 1611/917/1 1629/890/1 1630/891/1 1612/918/1
f 1612/918/1 1630/891/1 1631/892/1 1613/919/1
f 2691/920/314 2778/921/327 2789/922/300 2701/923/316
f 1669/876/2 2943/875/320 2938/924/328 1668/925/2
f 1601/926/2 2671/927/267 2659/928/268 1600/929/2
f 2685/930/305 2774/931/329 2777/932/325 2689/933/326
f 2627/934/295 2715/935/296 2729/936/293 2644/937/294
f 1493/938/2 2503/939/267 2491/940/330 1492/941/2
f 1620/942/1 1638/908/1 1639/164/1 1621/162/1
f 204/943/1 205/909/1 1604/910/1 1586/944/1
f 1586/944/1 1604/910/1 1605/911/1 1587/945/1
f 1587/945/1 1605/911/1 1606/912/1 1588/946/1
f 1588/946/1 1606/912/1 1607/913/1 1589/947/1
f 1589/947/1 1607/913/1 1608/914/1 1590/948/1
f 1590/948/1 1608/914/1 1609/915/1 1591/949/1
f 1591/949/1 1609/915/1 1610/916/1 1592/950/1
f 1592/950/1 1610/916/1 1611/917/1 1593/951/1
f 1593/951/1 1611/917/1 1612/918/1 1594/952/1
f 1594/952/1 1612/918/1 1613/919/1 1595/953/1
f 1595/953/1 1613/919/1 1614/954/1 1596/955/1
f 1596/955/1 1614/954/1 1615/956/1 1597/957/1
f 1597/957/1 1615/956/1 1616/958/1 1598/959/1
f 1818/960/2 3482/961/277 3471/962/304 1817/963/2
f 1599/964/1 1617/965/1 1618/966/1 1600/967/1
f 1600/967/1 1618/966/1 1619/968/1 1601/969/1
f 1601/969/1 1619/968/1 1620/942/1 1602/970/1
f 1602/970/1 1620/942/1 1621/162/1 1603/160/1
f 203/971/1 204/943/1 1586/944/1 1568/972/1
f 1568/972/1 1586/944/1 1587/945/1 1569/973/1
f 1569/973/1 1587/945/1 1588/946/1 1570/974/1
f 1570/974/1 1588/946/1 1589/947/1 1571/975/1
f 1571/975/1 1589/947/1 1590/948/1 1572/976/1
f 1572/976/1 1590/948/1 1591/949/1 1573/977/1
f 1573/977/1 1591/949/1 1592/950/1 1574/978/1
f 1574/978/1 1592/950/1 1593/951/1 1575/979/1
f 1575/979/1 1593/951/1 1594/952/1 1576/980/1
f 1576/980/1 1594/952/1 1595/953/1 1577/981/1
f 1817/963/2 3471/962/304 3459/982/311 1816/983/2
f 3295/984/287 3358/985/288 3369/986/331 3305/987/313
f 1778/988/2 3316/989/265 3310/990/266 1777/991/2
f 1709/992/2 3127/993/267 3115/994/311 1708/995/2
f 3283/996/332 3346/997/327 3357/998/300 3293/999/316
f 1651/1000/5 2865/1001/333 2877/1002/334 1652/1003/5
f 3083/1004/295 3147/1005/296 3161/1006/293 3100/1007/294
f 1584/1008/1 1602/970/1 1603/160/1 1585/158/1
f 202/1009/1 203/971/1 1568/972/1 1550/1010/1
f 1550/1010/1 1568/972/1 1569/973/1 1551/1011/1
f 1551/1011/1 1569/973/1 1570/974/1 1552/1012/1
f 1552/1012/1 1570/974/1 1571/975/1 1553/1013/1
f 1553/1013/1 1571/975/1 1572/976/1 1554/1014/1
f 1554/1014/1 1572/976/1 1573/977/1 1555/1015/1
f 1555/1015/1 1573/977/1 1574/978/1 1556/1016/1
f 1556/1016/1 1574/978/1 1575/979/1 1557/1017/1
f 1557/1017/1 1575/979/1 1576/980/1 1558/1018/1
f 1558/1018/1 1576/980/1 1577/981/1 1559/1019/1
f 1559/1019/1 1577/981/1 1578/1020/1 1560/1021/1
f 1560/1021/1 1578/1020/1 1579/1022/1 1561/1023/1
f 1561/1023/1 1579/1022/1 1580/1024/1 1562/1025/1
f 1562/1025/1 1580/1024/1 1581/1026/1 1563/1027/1
f 1563/1027/1 1581/1026/1 1582/1028/1 1564/1029/1
f 1564/1029/1 1582/1028/1 1583/1030/1 1565/1031/1
f 1565/1031/1 1583/1030/1 1584/1008/1 1566/1032/1
f 1566/1032/1 1584/1008/1 1585/158/1 1567/156/1
f 201/1033/1 202/1009/1 1550/1010/1 1532/1034/1
f 1532/1034/1 1550/1010/1 1551/1011/1 1533/1035/1
f 1533/1035/1 1551/1011/1 1552/1012/1 1534/1036/1
f 1534/1036/1 1552/1012/1 1553/1013/1 1535/1037/1
f 1535/1037/1 1553/1013/1 1554/1014/1 1536/1038/1
f 1536/1038/1 1554/1014/1 1555/1015/1 1537/1039/1
f 1537/1039/1 1555/1015/1 1556/1016/1 1538/1040/1
f 1538/1040/1 1556/1016/1 1557/1017/1 1539/1041/1
f 1539/1041/1 1557/1017/1 1558/1018/1 1540/1042/1
f 1540/1042/1 1558/1018/1 1559/1019/1 1541/1043/1
f 1541/1043/1 1559/1019/1 1560/1021/1 1542/1044/1
f 1542/1044/1 1560/1021/1 1561/1023/1 1543/1045/1
f 1543/1045/1 1561/1023/1 1562/1025/1 1544/1046/1
f 1544/1046/1 1562/1025/1 1563/1027/1 1545/1047/1
f 1545/1047/1 1563/1027/1 1564/1029/1 1546/1048/1
f 1546/1048/1 1564/1029/1 1565/1031/1 1547/1049/1
f 1547/1049/1 1565/1031/1 1566/1032/1 1548/1050/1
f 1548/1050/1 1566/1032/1 1567/156/1 1549/154/1
f 200/1051/1 201/1033/1 1532/1034/1 1514/1052/1
f 1514/1052/1 1532/1034/1 1533/1035/1 1515/1053/1
f 1515/1053/1 1533/1035/1 1534/1036/1 1516/1054/1
f 1516/1054/1 1534/1036/1 1535/1037/1 1517/1055/1
f 1517/1055/1 1535/1037/1 1536/1038/1 1518/1056/1
f 1518/1056/1 1536/1038/1 1537/1039/1 1519/1057/1
f 1519/1057/1 1537/1039/1 1538/1040/1 1520/1058/1
f 1520/1058/1 1538/1040/1 1539/1041/1 1521/1059/1
f 1521/1059/1 1539/1041/1 1540/1042/1 1522/1060/1
f 1522/1060/1 1540/1042/1 1541/1043/1 1523/1061/1
f 1523/1061/1 1541/1043/1 1542/1044/1 1524/1062/1
f 1524/1062/1 1542/1044/1 1543/1045/1 1525/1063/1
f 1525/1063/1 1543/1045/1 1544/1046/1 1526/1064/1
f 1526/1064/1 1544/1046/1 1545/1047/1 1527/1065/1
f 1527/1065/1 1545/1047/1 1546/1048/1 1528/1066/1
f 1528/1066/1 1546/1048/1 1547/1049/1 1529/1067/1
f 1529/1067/1 1547/1049/1 1548/1050/1 1530/1068/1
f 1530/1068/1 1548/1050/1 1549/154/1 1531/151/1
f 89/1069/1 200/1051/1 1514/1052/1 974/1070/1
f 974/1070/1 1514/1052/1 1515/1053/1 975/1071/1
f 975/1071/1 1515/1053/1 1516/1054/1 976/1072/1
f 976/1072/1 1516/1054/1 1517/1055/1 977/1073/1
f 977/1073/1 1517/1055/1 1518/1056/1 978/1074/1
f 978/1074/1 1518/1056/1 1519/1057/1 979/1075/1
f 979/1075/1 1519/1057/1 1520/1058/1 980/1076/1
f 980/1076/1 1520/1058/1 1521/1059/1 981/1077/1
f 981/1077/1 1521/1059/1 1522/1060/1 982/1078/1
f 982/1078/1 1522/1060/1 1523/1061/1 983/1079/1
f 983/1079/1 1523/1061/1 1524/1062/1 984/1080/1
f 984/1080/1 1524/1062/1 1525/1063/1 985/1081/1
f 985/1081/1 1525/1063/1 1526/1064/1 986/1082/1
f 986/1082/1 1526/1064/1 1527/1065/1 987/1083/1
f 987/1083/1 1527/1065/1 1528/1066/1 988/1084/1
f 988/1084/1 1528/1066/1 1529/1067/1 989/1085/1
f 989/1085/1 1529/1067/1 1530/1068/1 990/1086/1
f 990/1086/1 1530/1068/1 1531/151/1 991/150/1
f 761/1087/5 862/1088/45 861/1089/45 762/1090/5
f 762/1090/5 861/1089/45 860/1091/45 763/1092/5
f 763/1092/5 860/1091/45 859/1093/45 764/1094/5
f 764/1094/5 859/1093/45 858/1095/45 765/1096/5
f 765/1096/5 858/1095/45 857/1097/45 766/1098/5
f 766/1098/5 857/1097/45 856/1099/45 767/1100/5
f 767/1100/5 856/1099/45 855/1101/45 768/1102/5
f 768/1102/5 855/1101/45 854/1103/45 769/1104/5
f 217/590/1 143/1105/1 1478/1106/1 1820/591/1
f 1820/591/1 1478/1106/1 1479/1107/1 1821/593/1
f 1821/593/1 1479/1107/1 1480/1108/1 1822/595/1
f 1822/595/1 1480/1108/1 1481/1109/1 1823/597/1
f 1823/597/1 1481/1109/1 1482/1110/1 1824/599/1
f 1824/599/1 1482/1110/1 1483/1111/1 1825/601/1
f 1825/601/1 1483/1111/1 1484/1112/1 1826/603/1
f 1826/603/1 1484/1112/1 1485/1113/1 1827/605/1
f 1827/605/1 1485/1113/1 1486/1114/1 1828/607/1
f 1828/607/1 1486/1114/1 1487/1115/1 1829/609/1
f 1829/609/1 1487/1115/1 1488/1116/1 1830/611/1
f 1830/611/1 1488/1116/1 1489/1117/1 1831/613/1
f 1831/613/1 1489/1117/1 1490/1118/1 1832/615/1
f 1832/615/1 1490/1118/1 1491/1119/1 1833/1120/1
f 3267/1121/298 3330/1122/299 3345/1123/300 3281/1124/301
f 1741/1125/63 3193/1126/335 3142/1127/335 1723/1128/63
f 1710/1129/2 3138/1130/277 3127/993/267 1709/992/2
f 1836/627/1 1494/1131/1 1495/145/1 1837/144/1
f 90/109/2 116/121/2 1226/121/2 1009/109/2
f 1009/109/2 1226/121/2 1227/121/2 1008/109/2
f 1008/109/2 1227/121/2 1228/121/2 1007/109/2
f 1007/109/2 1228/121/2 1229/121/2 1006/109/2
f 1006/109/2 1229/121/2 1230/121/2 1005/109/2
f 1005/109/2 1230/121/2 1231/121/2 1004/109/2
f 1004/109/2 1231/121/2 1232/121/2 1003/109/2
f 1003/109/2 1232/121/2 1233/121/2 1002/109/2
f 1002/109/2 1233/121/2 1234/121/2 1001/109/2
f 1001/109/2 1234/121/2 1235/121/2 1000/109/2
f 1000/109/2 1235/121/2 1236/121/2 999/109/2
f 999/109/2 1236/121/2 1237/121/2 998/109/2
f 998/109/2 1237/121/2 1238/121/2 997/109/2
f 997/109/2 1238/121/2 1239/121/2 996/109/2
f 996/109/2 1239/121/2 1240/121/2 995/109/2
f 995/109/2 1240/121/2 1241/121/2 994/109/2
f 994/109/2 1241/121/2 1242/121/2 993/109/2
f 993/109/2 1242/121/2 1243/121/2 992/109/2
f 139/1132/1 1459/1133/1 1477/1134/1 141/1135/1
f 1459/1133/1 1458/1136/1 1476/1137/1 1477/1134/1
f 1458/1136/1 1457/1138/1 1475/1139/1 1476/1137/1
f 1457/1138/1 1456/1140/1 1474/1141/1 1475/1139/1
f 1456/1140/1 1455/1142/1 1473/1143/1 1474/1141/1
f 1455/1142/1 1454/1144/1 1472/1145/1 1473/1143/1
f 1454/1144/1 1453/1146/1 1471/1147/1 1472/1145/1
f 1453/1146/1 1452/1148/1 1470/1149/1 1471/1147/1
f 1452/1148/1 1451/1150/1 1469/1151/1 1470/1149/1
f 1451/1150/1 1450/1152/1 1468/1153/1 1469/1151/1
f 1450/1152/1 1449/1154/1 1467/1155/1 1468/1153/1
f 1449/1154/1 1448/1156/1 1466/1157/1 1467/1155/1
f 1448/1156/1 1447/1158/1 1465/1159/1 1466/1157/1
f 1447/1158/1 1446/1160/1 1464/1161/1 1465/1159/1
f 1446/1160/1 1445/1162/1 1463/1163/1 1464/1161/1
f 1445/1162/1 1444/1164/1 1462/1165/1 1463/1163/1
f 1444/1164/1 1443/1166/1 1461/1167/1 1462/1165/1
f 1443/1166/1 1442/143/1 1460/99/1 1461/1167/1
f 137/1168/2 1441/1169/2 1459/1133/2 139/1132/2
f 1441/1169/2 1440/1170/2 1458/1136/2 1459/1133/2
f 1440/1170/2 1439/1171/2 1457/1138/2 1458/1136/2
f 1439/1171/2 1438/1172/2 1456/1140/2 1457/1138/2
f 1438/1172/2 1437/1173/2 1455/1142/2 1456/1140/2
f 1437/1173/2 1436/1174/2 1454/1144/2 1455/1142/2
f 1436/1174/2 1435/1175/2 1453/1146/2 1454/1144/2
f 1435/1175/2 1434/1176/2 1452/1148/2 1453/1146/2
f 1434/1176/2 1433/1177/2 1451/1150/2 1452/1148/2
f 1433/1177/2 1432/1178/2 1450/1152/2 1451/1150/2
f 1432/1178/2 1431/1179/2 1449/1154/2 1450/1152/2
f 1431/1179/2 1430/1180/2 1448/1156/2 1449/1154/2
f 1430/1180/2 1429/1181/2 1447/1158/2 1448/1156/2
f 1429/1181/2 1428/1182/2 1446/1160/2 1447/1158/2
f 1428/1182/2 1427/1183/2 1445/1162/2 1446/1160/2
f 1427/1183/2 1426/1184/2 1444/1164/2 1445/1162/2
f 1426/1184/2 1425/1185/2 1443/1166/2 1444/1164/2
f 1425/1185/2 1424/141/2 1442/143/2 1443/1166/2
f 135/1186/1 1423/1187/1 1441/1169/1 137/1168/1
f 1423/1187/1 1422/1188/1 1440/1170/1 1441/1169/1
f 1422/1188/1 1421/1189/1 1439/1171/1 1440/1170/1
f 1421/1189/1 1420/1190/1 1438/1172/1 1439/1171/1
f 1420/1190/1 1419/1191/1 1437/1173/1 1438/1172/1
f 1419/1191/1 1418/1192/1 1436/1174/1 1437/1173/1
f 1418/1192/1 1417/1193/1 1435/1175/1 1436/1174/1
f 1417/1193/1 1416/1194/1 1434/1176/1 1435/1175/1
f 1416/1194/1 1415/1195/1 1433/1177/1 1434/1176/1
f 1415/1195/1 1414/1196/1 1432/1178/1 1433/1177/1
f 1414/1196/1 1413/1197/1 1431/1179/1 1432/1178/1
f 1413/1197/1 1412/1198/1 1430/1180/1 1431/1179/1
f 1412/1198/1 1411/1199/1 1429/1181/1 1430/1180/1
f 1411/1199/1 1410/1200/1 1428/1182/1 1429/1181/1
f 1410/1200/1 1409/1201/1 1427/1183/1 1428/1182/1
f 1409/1201/1 1408/1202/1 1426/1184/1 1427/1183/1
f 1408/1202/1 1407/1203/1 1425/1185/1 1426/1184/1
f 1407/1203/1 1406/139/1 1424/141/1 1425/1185/1
f 133/1204/21 1405/1205/21 1423/1187/21 135/1186/21
f 1405/1205/21 1404/1206/21 1422/1188/21 1423/1187/21
f 1404/1206/21 1403/1207/21 1421/1189/21 1422/1188/21
f 1403/1207/21 1402/1208/21 1420/1190/21 1421/1189/21
f 1402/1208/21 1401/1209/21 1419/1191/21 1420/1190/21
f 1401/1209/21 1400/1210/21 1418/1192/21 1419/1191/21
f 1400/1210/21 1399/1211/21 1417/1193/21 1418/1192/21
f 1399/1211/21 1398/1212/21 1416/1194/21 1417/1193/21
f 1398/1212/21 1397/1213/21 1415/1195/21 1416/1194/21
f 1397/1213/21 1396/1214/21 1414/1196/21 1415/1195/21
f 1396/1214/21 1395/1215/21 1413/1197/21 1414/1196/21
f 1395/1215/21 1394/1216/21 1412/1198/21 1413/1197/21
f 1394/1216/21 1393/1217/21 1411/1199/21 1412/1198/21
f 1393/1217/21 1392/1218/21 1410/1200/21 1411/1199/21
f 1392/1218/21 1391/1219/21 1409/1201/21 1410/1200/21
f 1391/1219/21 1390/1220/21 1408/1202/21 1409/1201/21
f 1390/1220/21 1389/1221/21 1407/1203/21 1408/1202/21
f 1389/1221/21 1388/137/21 1406/139/21 1407/1203/21
f 131/1222/19 1387/1223/19 1405/1205/336 133/1204/336
f 1387/1223/19 1386/1224/19 1404/1206/336 1405/1205/336
f 1386/1224/19 1385/1225/19 1403/1207/336 1404/1206/336
f 1385/1225/19 1384/1226/19 1402/1208/336 1403/1207/336
f 1384/1226/19 1383/1227/19 1401/1209/336 1402/1208/336
f 1383/1227/19 1382/1228/19 1400/1210/336 1401/1209/336
f 1382/1228/19 1381/1229/19 1399/1211/336 1400/1210/336
f 1381/1229/19 1380/1230/19 1398/1212/336 1399/1211/336
f 1380/1230/19 1379/1231/19 1397/1213/336 1398/1212/336
f 1379/1231/19 1378/1232/19 1396/1214/336 1397/1213/336
f 1378/1232/19 1377/1233/19 1395/1215/336 1396/1214/336
f 1377/1233/19 1376/1234/19 1394/1216/20 1395/1215/336
f 1376/1234/19 1375/1235/19 1393/1217/20 1394/1216/20
f 1375/1235/19 1374/1236/19 1392/1218/62 1393/1217/20
f 1374/1236/19 1373/1237/19 1391/1219/62 1392/1218/62
f 1373/1237/19 1372/1238/19 1390/1220/62 1391/1219/62
f 1372/1238/19 1371/1239/19 1389/1221/62 1390/1220/62
f 1371/1239/19 1370/135/19 1388/137/62 1389/1221/62
f 129/1240/18 1369/1241/18 1387/1223/19 131/1222/19
f 1369/1241/18 1368/1242/18 1386/1224/19 1387/1223/19
f 1368/1242/18 1367/1243/18 1385/1225/19 1386/1224/19
f 1367/1243/18 1366/1244/18 1384/1226/19 1385/1225/19
f 1366/1244/18 1365/1245/18 1383/1227/19 1384/1226/19
f 1365/1245/18 1364/1246/18 1382/1228/19 1383/1227/19
f 1364/1246/18 1363/1247/18 1381/1229/19 1382/1228/19
f 1363/1247/18 1362/1248/18 1380/1230/19 1381/1229/19
f 1362/1248/18 1361/1249/18 1379/1231/19 1380/1230/19
f 1361/1249/18 1360/1250/18 1378/1232/19 1379/1231/19
f 1360/1250/18 1359/1251/18 1377/1233/19 1378/1232/19
f 1359/1251/18 1358/1252/18 1376/1234/19 1377/1233/19
f 1358/1252/18 1357/1253/61 1375/1235/19 1376/1234/19
f 1357/1253/61 1356/1254/61 1374/1236/19 1375/1235/19
f 1356/1254/61 1355/1255/61 1373/1237/19 1374/1236/19
f 1355/1255/61 1354/1256/61 1372/1238/19 1373/1237/19
f 1354/1256/61 1353/1257/61 1371/1239/19 1372/1238/19
f 1353/1257/61 1352/133/61 1370/135/19 1371/1239/19
f 127/1258/17 1351/1259/17 1369/1241/18 129/1240/18
f 1351/1259/17 1350/1260/17 1368/1242/18 1369/1241/18
f 1350/1260/17 1349/1261/17 1367/1243/18 1368/1242/18
f 1349/1261/17 1348/1262/17 1366/1244/18 1367/1243/18
f 1348/1262/17 1347/1263/17 1365/1245/18 1366/1244/18
f 1347/1263/17 1346/1264/17 1364/1246/18 1365/1245/18
f 1346/1264/17 1345/1265/17 1363/1247/18 1364/1246/18
f 1345/1265/17 1344/1266/17 1362/1248/18 1363/1247/18
f 1344/1266/17 1343/1267/17 1361/1249/18 1362/1248/18
f 1343/1267/17 1342/1268/17 1360/1250/18 1361/1249/18
f 1342/1268/17 1341/1269/17 1359/1251/18 1360/1250/18
f 1341/1269/17 1340/1270/17 1358/1252/18 1359/1251/18
f 1340/1270/17 1339/1271/17 1357/1253/61 1358/1252/18
f 1339/1271/17 1338/1272/17 1356/1254/61 1357/1253/61
f 1338/1272/17 1337/1273/17 1355/1255/61 1356/1254/61
f 1337/1273/17 1336/1274/17 1354/1256/61 1355/1255/61
f 1336/1274/17 1335/1275/17 1353/1257/61 1354/1256/61
f 1335/1275/17 1334/131/17 1352/133/61 1353/1257/61
f 125/1276/337 1333/1277/337 1351/1259/337 127/1258/337
f 1333/1277/337 1332/1278/337 1350/1260/337 1351/1259/337
f 1332/1278/337 1331/1279/337 1349/1261/337 1350/1260/337
f 1331/1279/337 1330/1280/337 1348/1262/337 1349/1261/337
f 1330/1280/337 1329/1281/337 1347/1263/337 1348/1262/337
f 1329/1281/337 1328/1282/337 1346/1264/337 1347/1263/337
f 1328/1282/337 1327/1283/16 1345/1265/16 1346/1264/337
f 1327/1283/16 1326/1284/16 1344/1266/16 1345/1265/16
f 1326/1284/16 1325/1285/16 1343/1267/16 1344/1266/16
f 1325/1285/16 1324/1286/16 1342/1268/16 1343/1267/16
f 1324/1286/16 1323/1287/16 1341/1269/16 1342/1268/16
f 1323/1287/16 1322/1288/16 1340/1270/16 1341/1269/16
f 1322/1288/16 1321/1289/16 1339/1271/16 1340/1270/16
f 1321/1289/16 1320/1290/16 1338/1272/16 1339/1271/16
f 1320/1290/16 1319/1291/16 1337/1273/16 1338/1272/16
f 1319/1291/16 1318/1292/16 1336/1274/16 1337/1273/16
f 1318/1292/16 1317/1293/16 1335/1275/16 1336/1274/16
f 1317/1293/16 1316/129/16 1334/131/16 1335/1275/16
f 123/1294/1 1315/1295/1 1333/1277/1 125/1276/1
f 1315/1295/1 1314/1296/1 1332/1278/1 1333/1277/1
f 1314/1296/1 1313/1297/1 1331/1279/1 1332/1278/1
f 1313/1297/1 1312/1298/1 1330/1280/1 1331/1279/1
f 1312/1298/1 1311/1299/1 1329/1281/1 1330/1280/1
f 1311/1299/1 1310/1300/1 1328/1282/1 1329/1281/1
f 1310/1300/1 1309/1301/1 1327/1283/1 1328/1282/1
f 1309/1301/1 1308/1302/1 1326/1284/1 1327/1283/1
f 1308/1302/1 1307/1303/1 1325/1285/1 1326/1284/1
f 1307/1303/1 1306/1304/1 1324/1286/1 1325/1285/1
f 1306/1304/1 1305/1305/1 1323/1287/1 1324/1286/1
f 1305/1305/1 1304/1306/1 1322/1288/1 1323/1287/1
f 1304/1306/1 1303/1307/1 1321/1289/1 1322/1288/1
f 1303/1307/1 1302/1308/1 1320/1290/1 1321/1289/1
f 1302/1308/1 1301/1309/1 1319/1291/1 1320/1290/1
f 1301/1309/1 1300/1310/1 1318/1292/1 1319/1291/1
f 1300/1310/1 1299/1311/1 1317/1293/1 1318/1292/1
f 1299/1311/1 1298/127/1 1316/129/1 1317/1293/1
f 121/1312/338 1297/1313/338 1315/1295/338 123/1294/338
f 1297/1313/338 1296/1314/338 1314/1296/338 1315/1295/338
f 1296/1314/338 1295/1315/338 1313/1297/338 1314/1296/338
f 1295/1315/338 1294/1316/338 1312/1298/338 1313/1297/338
f 1294/1316/338 1293/1317/338 1311/1299/338 1312/1298/338
f 1293/1317/338 1292/1318/338 1310/1300/338 1311/1299/338
f 1292/1318/338 1291/1319/338 1309/1301/338 1310/1300/338
f 1291/1319/338 1290/1320/338 1308/1302/338 1309/1301/338
f 1290/1320/338 1289/1321/338 1307/1303/338 1308/1302/338
f 1289/1321/338 1288/1322/338 1306/1304/338 1307/1303/338
f 1288/1322/338 1287/1323/338 1305/1305/338 1306/1304/338
f 1287/1323/338 1286/1324/338 1304/1306/338 1305/1305/338
f 1286/1324/338 1285/1325/338 1303/1307/338 1304/1306/338
f 1285/1325/338 1284/1326/338 1302/1308/338 1303/1307/338
f 1284/1326/338 1283/1327/339 1301/1309/339 1302/1308/338
f 1283/1327/339 1282/1328/339 1300/1310/339 1301/1309/339
f 1282/1328/339 1281/1329/15 1299/1311/15 1300/1310/339
f 1281/1329/15 1280/125/15 1298/127/15 1299/1311/15
f 117/1330/14 1279/1331/14 1297/1313/14 121/1312/14
f 1279/1331/14 1278/1332/14 1296/1314/14 1297/1313/14
f 1278/1332/14 1277/1333/14 1295/1315/14 1296/1314/14
f 1277/1333/14 1276/1334/14 1294/1316/14 1295/1315/14
f 1276/1334/14 1275/1335/14 1293/1317/14 1294/1316/14
f 1275/1335/14 1274/1336/14 1292/1318/14 1293/1317/14
f 1274/1336/14 1273/1337/14 1291/1319/14 1292/1318/14
f 1273/1337/14 1272/1338/14 1290/1320/14 1291/1319/14
f 1272/1338/14 1271/1339/14 1289/1321/14 1290/1320/14
f 1271/1339/14 1270/1340/14 1288/1322/14 1289/1321/14
f 1270/1340/14 1269/1341/14 1287/1323/14 1288/1322/14
f 1269/1341/14 1268/1342/14 1286/1324/14 1287/1323/14
f 1268/1342/14 1267/1343/14 1285/1325/14 1286/1324/14
f 1267/1343/14 1266/1344/14 1284/1326/14 1285/1325/14
f 1266/1344/14 1265/1345/14 1283/1327/14 1284/1326/14
f 1265/1345/14 1264/1346/14 1282/1328/14 1283/1327/14
f 1264/1346/14 1263/1347/14 1281/1329/14 1282/1328/14
f 1263/1347/14 1262/123/14 1280/125/14 1281/1329/14
f 118/1348/2 1244/1349/2 1279/1331/2 117/1330/2
f 1244/1349/2 1245/1350/2 1278/1332/2 1279/1331/2
f 1245/1350/2 1246/1351/2 1277/1333/2 1278/1332/2
f 1246/1351/2 1247/1352/2 1276/1334/2 1277/1333/2
f 1247/1352/2 1248/1353/2 1275/1335/2 1276/1334/2
f 1248/1353/2 1249/1354/2 1274/1336/2 1275/1335/2
f 1249/1354/2 1250/1355/2 1273/1337/2 1274/1336/2
f 1250/1355/2 1251/1356/2 1272/1338/2 1273/1337/2
f 1251/1356/2 1252/1357/2 1271/1339/2 1272/1338/2
f 1252/1357/2 1253/1358/2 1270/1340/2 1271/1339/2
f 1253/1358/2 1254/1359/2 1269/1341/2 1270/1340/2
f 1254/1359/2 1255/1360/2 1268/1342/2 1269/1341/2
f 1255/1360/2 1256/1361/2 1267/1343/2 1268/1342/2
f 1256/1361/2 1257/1362/2 1266/1344/2 1267/1343/2
f 1257/1362/2 1258/1363/2 1265/1345/2 1266/1344/2
f 1258/1363/2 1259/1364/2 1264/1346/2 1265/1345/2
f 1259/1364/2 1260/1365/2 1263/1347/2 1264/1346/2
f 1260/1365/2 1261/107/2 1262/123/2 1263/1347/2
f 113/120/2 115/121/2 1243/121/2 1225/120/2
f 1225/120/2 1243/121/2 1242/121/2 1224/120/2
f 1224/120/2 1242/121/2 1241/121/2 1223/120/2
f 1223/120/2 1241/121/2 1240/121/2 1222/120/2
f 1222/120/2 1240/121/2 1239/121/2 1221/120/2
f 1221/120/2 1239/121/2 1238/121/2 1220/120/2
f 1220/120/2 1238/121/2 1237/121/2 1219/120/2
f 1219/120/2 1237/121/2 1236/121/2 1218/120/2
f 1218/120/2 1236/121/2 1235/121/2 1217/120/2
f 1217/120/2 1235/121/2 1234/121/2 1216/120/2
f 1216/120/2 1234/121/2 1233/121/2 1215/120/2
f 1215/120/2 1233/121/2 1232/121/2 1214/120/2
f 1214/120/2 1232/121/2 1231/121/2 1213/120/2
f 1213/120/2 1231/121/2 1230/121/2 1212/120/2
f 1212/120/2 1230/121/2 1229/121/2 1211/120/2
f 1211/120/2 1229/121/2 1228/121/2 1210/120/2
f 1210/120/2 1228/121/2 1227/121/2 1209/120/2
f 1209/120/2 1227/121/2 1226/121/2 1208/120/2
f 111/119/52 113/120/52 1225/120/52 1207/119/52
f 1207/119/52 1225/120/52 1224/120/52 1206/119/52
f 1206/119/52 1224/120/52 1223/120/52 1205/119/52
f 1205/119/52 1223/120/52 1222/120/52 1204/119/52
f 1204/119/52 1222/120/52 1221/120/52 1203/119/52
f 1203/119/52 1221/120/52 1220/120/52 1202/119/52
f 1202/119/52 1220/120/52 1219/120/52 1201/119/52
f 1201/119/52 1219/120/52 1218/120/52 1200/119/52
f 1200/119/52 1218/120/52 1217/120/52 1199/119/52
f 1199/119/52 1217/120/52 1216/120/52 1198/119/52
f 1198/119/52 1216/120/52 1215/120/52 1197/119/52
f 1197/119/52 1215/120/52 1214/120/52 1196/119/52
f 1196/119/52 1214/120/52 1213/120/52 1195/119/52
f 1195/119/52 1213/120/52 1212/120/52 1194/119/52
f 1194/119/52 1212/120/52 1211/120/52 1193/119/52
f 1193/119/52 1211/120/52 1210/120/52 1192/119/52
f 1192/119/52 1210/120/52 1209/120/52 1191/119/52
f 1191/119/52 1209/120/52 1208/120/52 1190/119/52
f 109/118/2 111/119/2 1207/119/2 1189/118/2
f 1189/118/2 1207/119/2 1206/119/2 1188/118/2
f 1188/118/2 1206/119/2 1205/119/2 1187/118/2
f 1187/118/2 1205/119/2 1204/119/2 1186/118/2
f 1186/118/2 1204/119/2 1203/119/2 1185/118/2
f 1185/118/2 1203/119/2 1202/119/2 1184/118/2
f 1184/118/2 1202/119/2 1201/119/2 1183/118/2
f 1183/118/2 1201/119/2 1200/119/2 1182/118/2
f 1182/118/2 1200/119/2 1199/119/2 1181/118/2
f 1181/118/2 1199/119/2 1198/119/2 1180/118/2
f 1180/118/2 1198/119/2 1197/119/2 1179/118/2
f 1179/118/2 1197/119/2 1196/119/2 1178/118/2
f 1178/118/2 1196/119/2 1195/119/2 1177/118/2
f 1177/118/2 1195/119/2 1194/119/2 1176/118/2
f 1176/118/2 1194/119/2 1193/119/2 1175/118/2
f 1175/118/2 1193/119/2 1192/119/2 1174/118/2
f 1174/118/2 1192/119/2 1191/119/2 1173/118/2
f 1173/118/2 1191/119/2 1190/119/2 1172/118/2
f 107/117/60 109/118/60 1189/118/60 1171/117/60
f 1171/117/60 1189/118/60 1188/118/60 1170/117/60
f 1170/117/60 1188/118/60 1187/118/60 1169/117/60
f 1169/117/60 1187/118/60 1186/118/60 1168/117/60
f 1168/117/60 1186/118/60 1185/118/60 1167/117/60
f 1167/117/60 1185/118/60 1184/118/60 1166/117/60
f 1166/117/60 1184/118/60 1183/118/60 1165/117/60
f 1165/117/60 1183/118/60 1182/118/60 1164/117/60
f 1164/117/60 1182/118/60 1181/118/60 1163/117/60
f 1163/117/60 1181/118/60 1180/118/60 1162/117/60
f 1162/117/60 1180/118/60 1179/118/60 1161/117/60
f 1161/117/60 1179/118/60 1178/118/60 1160/117/60
f 1160/117/60 1178/118/60 1177/118/60 1159/117/60
f 1159/117/60 1177/118/60 1176/118/60 1158/117/60
f 1158/117/60 1176/118/60 1175/118/60 1157/117/60
f 1157/117/60 1175/118/60 1174/118/60 1156/117/60
f 1156/117/60 1174/118/60 1173/118/60 1155/117/60
f 1155/117/60 1173/118/60 1172/118/60 1154/117/60
f 105/116/58 107/117/59 1171/117/59 1153/116/58
f 1153/116/58 1171/117/59 1170/117/59 1152/116/58
f 1152/116/58 1170/117/59 1169/117/59 1151/116/58
f 1151/116/58 1169/117/59 1168/117/59 1150/116/58
f 1150/116/58 1168/117/59 1167/117/59 1149/116/58
f 1149/116/58 1167/117/59 1166/117/59 1148/116/58
f 1148/116/58 1166/117/59 1165/117/59 1147/116/58
f 1147/116/58 1165/117/59 1164/117/59 1146/116/58
f 1146/116/58 1164/117/59 1163/117/59 1145/116/58
f 1145/116/58 1163/117/59 1162/117/59 1144/116/58
f 1144/116/58 1162/117/59 1161/117/59 1143/116/58
f 1143/116/58 1161/117/59 1160/117/59 1142/116/58
f 1142/116/58 1160/117/59 1159/117/59 1141/116/58
f 1141/116/58 1159/117/59 1158/117/59 1140/116/58
f 1140/116/58 1158/117/59 1157/117/59 1139/116/58
f 1139/116/58 1157/117/59 1156/117/59 1138/116/58
f 1138/116/58 1156/117/59 1155/117/59 1137/116/58
f 1137/116/58 1155/117/59 1154/117/59 1136/116/58
f 103/115/57 105/116/58 1153/116/58 1135/115/57
f 1135/115/57 1153/116/58 1152/116/58 1134/115/57
f 1134/115/57 1152/116/58 1151/116/58 1133/115/57
f 1133/115/57 1151/116/58 1150/116/58 1132/115/57
f 1132/115/57 1150/116/58 1149/116/58 1131/115/57
f 1131/115/57 1149/116/58 1148/116/58 1130/115/57
f 1130/115/57 1148/116/58 1147/116/58 1129/115/57
f 1129/115/57 1147/116/58 1146/116/58 1128/115/57
f 1128/115/57 1146/116/58 1145/116/58 1127/115/57
f 1127/115/57 1145/116/58 1144/116/58 1126/115/57
f 1126/115/57 1144/116/58 1143/116/58 1125/115/57
f 1125/115/57 1143/116/58 1142/116/58 1124/115/57
f 1124/115/57 1142/116/58 1141/116/58 1123/115/57
f 1123/115/57 1141/116/58 1140/116/58 1122/115/57
f 1122/115/57 1140/116/58 1139/116/58 1121/115/57
f 1121/115/57 1139/116/58 1138/116/58 1120/115/57
f 1120/115/57 1138/116/58 1137/116/58 1119/115/57
f 1119/115/57 1137/116/58 1136/116/58 1118/115/57
f 101/114/56 103/115/57 1135/115/57 1117/114/56
f 1117/114/56 1135/115/57 1134/115/57 1116/114/56
f 1116/114/56 1134/115/57 1133/115/57 1115/114/56
f 1115/114/56 1133/115/57 1132/115/57 1114/114/56
f 1114/114/56 1132/115/57 1131/115/57 1113/114/56
f 1113/114/56 1131/115/57 1130/115/57 1112/114/56
f 1112/114/56 1130/115/57 1129/115/57 1111/114/56
f 1111/114/56 1129/115/57 1128/115/57 1110/114/56
f 1110/114/56 1128/115/57 1127/115/57 1109/114/56
f 1109/114/56 1127/115/57 1126/115/57 1108/114/56
f 1108/114/56 1126/115/57 1125/115/57 1107/114/56
f 1107/114/56 1125/115/57 1124/115/57 1106/114/56
f 1106/114/56 1124/115/57 1123/115/57 1105/114/56
f 1105/114/56 1123/115/57 1122/115/57 1104/114/56
f 1104/114/56 1122/115/57 1121/115/57 1103/114/56
f 1103/114/56 1121/115/57 1120/115/57 1102/114/56
f 1102/114/56 1120/115/57 1119/115/57 1101/114/56
f 1101/114/56 1119/115/57 1118/115/57 1100/114/56
f 99/113/55 101/114/55 1117/114/55 1099/113/55
f 1099/113/55 1117/114/55 1116/114/55 1098/113/55
f 1098/113/55 1116/114/55 1115/114/55 1097/113/55
f 1097/113/55 1115/114/55 1114/114/55 1096/113/55
f 1096/113/55 1114/114/55 1113/114/55 1095/113/55
f 1095/113/55 1113/114/55 1112/114/55 1094/113/55
f 1094/113/55 1112/114/55 1111/114/55 1093/113/55
f 1093/113/55 1111/114/55 1110/114/55 1092/113/55
f 1092/113/55 1110/114/55 1109/114/55 1091/113/55
f 1091/113/55 1109/114/55 1108/114/55 1090/113/55
f 1090/113/55 1108/114/55 1107/114/55 1089/113/55
f 1089/113/55 1107/114/55 1106/114/55 1088/113/55
f 1088/113/55 1106/114/55 1105/114/55 1087/113/55
f 1087/113/55 1105/114/55 1104/114/55 1086/113/55
f 1086/113/55 1104/114/55 1103/114/55 1085/113/55
f 1085/113/55 1103/114/55 1102/114/55 1084/113/55
f 1084/113/55 1102/114/55 1101/114/55 1083/113/55
f 1083/113/55 1101/114/55 1100/114/55 1082/113/55
f 97/112/2 99/113/2 1099/113/2 1081/112/2
f 1081/112/2 1099/113/2 1098/113/2 1080/112/2
f 1080/112/2 1098/113/2 1097/113/2 1079/112/2
f 1079/112/2 1097/113/2 1096/113/2 1078/112/2
f 1078/112/2 1096/113/2 1095/113/2 1077/112/2
f 1077/112/2 1095/113/2 1094/113/2 1076/112/2
f 1076/112/2 1094/113/2 1093/113/2 1075/112/2
f 1075/112/2 1093/113/2 1092/113/2 1074/112/2
f 1074/112/2 1092/113/2 1091/113/2 1073/112/2
f 1073/112/2 1091/113/2 1090/113/2 1072/112/2
f 1072/112/2 1090/113/2 1089/113/2 1071/112/2
f 1071/112/2 1089/113/2 1088/113/2 1070/112/2
f 1070/112/2 1088/113/2 1087/113/2 1069/112/2
f 1069/112/2 1087/113/2 1086/113/2 1068/112/2
f 1068/112/2 1086/113/2 1085/113/2 1067/112/2
f 1067/112/2 1085/113/2 1084/113/2 1066/112/2
f 1066/112/2 1084/113/2 1083/113/2 1065/112/2
f 1065/112/2 1083/113/2 1082/113/2 1064/112/2
f 95/111/54 97/112/54 1081/112/54 1063/111/54
f 1063/111/54 1081/112/54 1080/112/54 1062/111/54
f 1062/111/54 1080/112/54 1079/112/54 1061/111/54
f 1061/111/54 1079/112/54 1078/112/54 1060/111/54
f 1060/111/54 1078/112/54 1077/112/54 1059/111/54
f 1059/111/54 1077/112/54 1076/112/54 1058/111/54
f 1058/111/54 1076/112/54 1075/112/54 1057/111/54
f 1057/111/54 1075/112/54 1074/112/54 1056/111/54
f 1056/111/54 1074/112/54 1073/112/54 1055/111/54
f 1055/111/54 1073/112/54 1072/112/54 1054/111/54
f 1054/111/54 1072/112/54 1071/112/54 1053/111/54
f 1053/111/54 1071/112/54 1070/112/54 1052/111/54
f 1052/111/54 1070/112/54 1069/112/54 1051/111/54
f 1051/111/54 1069/112/54 1068/112/54 1050/111/54
f 1050/111/54 1068/112/54 1067/112/54 1049/111/54
f 1049/111/54 1067/112/54 1066/112/54 1048/111/54
f 1048/111/54 1066/112/54 1065/112/54 1047/111/54
f 1047/111/54 1065/112/54 1064/112/54 1046/111/54
f 91/110/340 95/111/340 1063/111/53 1045/110/53
f 1045/110/53 1063/111/53 1062/111/53 1044/110/53
f 1044/110/53 1062/111/53 1061/111/53 1043/110/53
f 1043/110/53 1061/111/53 1060/111/53 1042/110/53
f 1042/110/53 1060/111/53 1059/111/53 1041/110/53
f 1041/110/53 1059/111/53 1058/111/53 1040/110/53
f 1040/110/53 1058/111/53 1057/111/53 1039/110/53
f 1039/110/53 1057/111/53 1056/111/53 1038/110/53
f 1038/110/53 1056/111/53 1055/111/53 1037/110/53
f 1037/110/53 1055/111/53 1054/111/53 1036/110/53
f 1036/110/53 1054/111/53 1053/111/53 1035/110/53
f 1035/110/53 1053/111/53 1052/111/53 1034/110/53
f 1034/110/53 1052/111/53 1051/111/53 1033/110/53
f 1033/110/53 1051/111/53 1050/111/53 1032/110/53
f 1032/110/53 1050/111/53 1049/111/53 1031/110/53
f 1031/110/53 1049/111/53 1048/111/53 1030/110/53
f 1030/110/53 1048/111/53 1047/111/53 1029/110/53
f 1029/110/53 1047/111/53 1046/111/53 1028/110/53
f 92/102/52 91/110/52 1045/110/52 1010/102/52
f 1010/102/52 1045/110/52 1044/110/52 1011/102/52
f 1011/102/52 1044/110/52 1043/110/52 1012/102/52
f 1012/102/52 1043/110/52 1042/110/52 1013/102/52
f 1013/102/52 1042/110/52 1041/110/52 1014/102/52
f 1014/102/52 1041/110/52 1040/110/52 1015/102/52
f 1015/102/52 1040/110/52 1039/110/52 1016/102/52
f 1016/102/52 1039/110/52 1038/110/52 1017/102/52
f 1017/102/52 1038/110/52 1037/110/52 1018/102/52
f 1018/102/52 1037/110/52 1036/110/52 1019/102/52
f 1019/102/52 1036/110/52 1035/110/52 1020/102/52
f 1020/102/52 1035/110/52 1034/110/52 1021/102/52
f 1021/102/52 1034/110/52 1033/110/52 1022/102/52
f 1022/102/52 1033/110/52 1032/110/52 1023/102/52
f 1023/102/52 1032/110/52 1031/110/52 1024/102/52
f 1024/102/52 1031/110/52 1030/110/52 1025/102/52
f 1025/102/52 1030/110/52 1029/110/52 1026/102/52
f 1026/102/52 1029/110/52 1028/110/52 1027/102/52
f 81/108/52 1496/108/52 992/109/52 82/109/52
f 1496/108/52 1497/108/52 993/109/52 992/109/52
f 1497/108/52 1498/108/52 994/109/52 993/109/52
f 1498/108/52 1499/108/52 995/109/52 994/109/52
f 1499/108/52 1500/108/52 996/109/52 995/109/52
f 1500/108/52 1501/108/52 997/109/52 996/109/52
f 1501/108/52 1502/108/52 998/109/52 997/109/52
f 1502/108/52 1503/108/52 999/109/52 998/109/52
f 1503/108/52 1504/108/52 1000/109/52 999/109/52
f 1504/108/52 1505/108/52 1001/109/52 1000/109/52
f 1505/108/52 1506/108/52 1002/109/52 1001/109/52
f 1506/108/52 1507/108/52 1003/109/52 1002/109/52
f 1507/108/52 1508/108/52 1004/109/52 1003/109/52
f 1508/108/52 1509/108/52 1005/109/52 1004/109/52
f 1509/108/52 1510/108/52 1006/109/52 1005/109/52
f 1510/108/52 1511/108/52 1007/109/52 1006/109/52
f 1511/108/52 1512/108/52 1008/109/52 1007/109/52
f 1512/108/52 1513/108/52 1009/109/52 1008/109/52
f 89/1366/2 974/1367/2 1244/1349/2 118/1348/2
f 974/1367/2 975/1368/2 1245/1350/2 1244/1349/2
f 975/1368/2 976/1369/2 1246/1351/2 1245/1350/2
f 976/1369/2 977/1370/2 1247/1352/2 1246/1351/2
f 977/1370/2 978/1371/2 1248/1353/2 1247/1352/2
f 978/1371/2 979/1372/2 1249/1354/2 1248/1353/2
f 979/1372/2 980/1373/2 1250/1355/2 1249/1354/2
f 980/1373/2 981/1374/2 1251/1356/2 1250/1355/2
f 981/1374/2 982/1375/2 1252/1357/2 1251/1356/2
f 982/1375/2 983/1376/2 1253/1358/2 1252/1357/2
f 983/1376/2 984/1377/2 1254/1359/2 1253/1358/2
f 984/1377/2 985/1378/2 1255/1360/2 1254/1359/2
f 985/1378/2 986/1379/2 1256/1361/2 1255/1360/2
f 986/1379/2 987/1380/2 1257/1362/2 1256/1361/2
f 987/1380/2 988/1381/2 1258/1363/2 1257/1362/2
f 988/1381/2 989/1382/2 1259/1364/2 1258/1363/2
f 989/1382/2 990/1383/2 1260/1365/2 1259/1364/2
f 990/1383/2 991/104/2 1261/107/2 1260/1365/2
f 92/102/52 1010/102/52 938/103/52 83/103/52
f 1010/102/52 1011/102/52 939/103/52 938/103/52
f 1011/102/52 1012/102/52 940/103/52 939/103/52
f 1012/102/52 1013/102/52 941/103/52 940/103/52
f 1013/102/52 1014/102/52 942/103/52 941/103/52
f 1014/102/52 1015/102/52 943/103/52 942/103/52
f 1015/102/52 1016/102/52 944/103/52 943/103/52
f 1016/102/52 1017/102/52 945/103/52 944/103/52
f 1017/102/52 1018/102/52 946/103/52 945/103/52
f 1018/102/52 1019/102/52 947/103/52 946/103/52
f 1019/102/52 1020/102/52 948/103/52 947/103/52
f 1020/102/52 1021/102/52 949/103/52 948/103/52
f 1021/102/52 1022/102/52 950/103/52 949/103/52
f 1022/102/52 1023/102/52 951/103/52 950/103/52
f 1023/102/52 1024/102/52 952/103/52 951/103/52
f 1024/102/52 1025/102/52 953/103/52 952/103/52
f 1025/102/52 1026/102/52 954/103/52 953/103/52
f 1026/102/52 1027/102/52 955/103/52 954/103/52
f 86/1384/1 141/1135/1 1477/1134/1 973/1385/1
f 973/1385/1 1477/1134/1 1476/1137/1 972/1386/1
f 972/1386/1 1476/1137/1 1475/1139/1 971/1387/1
f 971/1387/1 1475/1139/1 1474/1141/1 970/1388/1
f 970/1388/1 1474/1141/1 1473/1143/1 969/1389/1
f 969/1389/1 1473/1143/1 1472/1145/1 968/1390/1
f 968/1390/1 1472/1145/1 1471/1147/1 967/1391/1
f 967/1391/1 1471/1147/1 1470/1149/1 966/1392/1
f 966/1392/1 1470/1149/1 1469/1151/1 965/1393/1
f 965/1393/1 1469/1151/1 1468/1153/1 964/1394/1
f 964/1394/1 1468/1153/1 1467/1155/1 963/1395/1
f 963/1395/1 1467/1155/1 1466/1157/1 962/1396/1
f 962/1396/1 1466/1157/1 1465/1159/1 961/1397/1
f 961/1397/1 1465/1159/1 1464/1161/1 960/1398/1
f 960/1398/1 1464/1161/1 1463/1163/1 959/1399/1
f 959/1399/1 1463/1163/1 1462/1165/1 958/1400/1
f 958/1400/1 1462/1165/1 1461/1167/1 957/1401/1
f 957/1401/1 1461/1167/1 1460/99/1 956/98/1
f 72/82/31 919/1402/51 937/1403/26 70/84/33
f 919/1402/51 918/1404/51 936/1405/26 937/1403/26
f 918/1404/51 917/1406/51 935/1407/26 936/1405/26
f 917/1406/51 916/1408/51 934/1409/26 935/1407/26
f 916/1408/51 915/1410/51 933/1411/26 934/1409/26
f 915/1410/51 914/1412/51 932/1413/26 933/1411/26
f 914/1412/51 913/1414/51 931/1415/26 932/1413/26
f 913/1414/51 912/1416/51 930/1417/26 931/1415/26
f 912/1416/51 911/1418/51 929/1419/26 930/1417/26
f 911/1418/51 910/1420/51 928/1421/26 929/1419/26
f 910/1420/51 909/1422/51 927/1423/26 928/1421/26
f 909/1422/51 908/1424/51 926/1425/26 927/1423/26
f 908/1424/51 907/1426/51 925/1427/26 926/1425/26
f 907/1426/51 906/1428/51 924/1429/26 925/1427/26
f 906/1428/51 905/1430/51 923/1431/26 924/1429/26
f 905/1430/51 904/1432/51 922/1433/26 923/1431/26
f 904/1432/51 903/1434/51 921/1435/26 922/1433/26
f 903/1434/51 902/97/51 920/76/26 921/1435/26
f 71/80/50 901/1436/50 919/1402/51 72/82/31
f 901/1436/50 900/1437/49 918/1404/51 919/1402/51
f 900/1437/49 899/1438/49 917/1406/51 918/1404/51
f 899/1438/49 898/1439/49 916/1408/51 917/1406/51
f 898/1439/49 897/1440/49 915/1410/51 916/1408/51
f 897/1440/49 896/1441/49 914/1412/51 915/1410/51
f 896/1441/49 895/1442/49 913/1414/51 914/1412/51
f 895/1442/49 894/1443/49 912/1416/51 913/1414/51
f 894/1443/49 893/1444/49 911/1418/51 912/1416/51
f 893/1444/49 892/1445/49 910/1420/51 911/1418/51
f 892/1445/49 891/1446/49 909/1422/51 910/1420/51
f 891/1446/49 890/1447/49 908/1424/51 909/1422/51
f 890/1447/49 889/1448/49 907/1426/51 908/1424/51
f 889/1448/49 888/1449/49 906/1428/51 907/1426/51
f 888/1449/49 887/1450/49 905/1430/51 906/1428/51
f 887/1450/49 886/1451/49 904/1432/51 905/1430/51
f 886/1451/49 885/1452/49 903/1434/51 904/1432/51
f 885/1452/49 884/96/49 902/97/51 903/1434/51
f 69/79/47 866/1453/46 901/1436/48 71/80/48
f 866/1453/46 867/1454/46 900/1437/49 901/1436/48
f 867/1454/46 868/1455/46 899/1438/49 900/1437/49
f 868/1455/46 869/1456/46 898/1439/49 899/1438/49
f 869/1456/46 870/1457/46 897/1440/49 898/1439/49
f 870/1457/46 871/1458/46 896/1441/49 897/1440/49
f 871/1458/46 872/1459/46 895/1442/49 896/1441/49
f 872/1459/46 873/1460/46 894/1443/49 895/1442/49
f 873/1460/46 874/1461/46 893/1444/49 894/1443/49
f 874/1461/46 875/1462/46 892/1445/49 893/1444/49
f 875/1462/46 876/1463/46 891/1446/49 892/1445/49
f 876/1463/46 877/1464/46 890/1447/49 891/1446/49
f 877/1464/46 878/1465/46 889/1448/49 890/1447/49
f 878/1465/46 879/1466/46 888/1449/49 889/1448/49
f 879/1466/46 880/1467/46 887/1450/49 888/1449/49
f 880/1467/46 881/1468/46 886/1451/49 887/1450/49
f 881/1468/46 882/1469/46 885/1452/49 886/1451/49
f 882/1469/46 883/95/46 884/96/49 885/1452/49
f 68/81/341 847/1470/342 865/74/24 66/73/23
f 847/1470/342 846/1471/342 864/1472/24 865/74/24
f 846/1471/342 845/1473/342 863/1474/45 864/1472/24
f 845/1473/342 844/1475/43 862/1088/45 863/1474/45
f 844/1475/43 843/1476/43 861/1089/45 862/1088/45
f 843/1476/43 842/1477/43 860/1091/45 861/1089/45
f 842/1477/43 841/1478/43 859/1093/45 860/1091/45
f 841/1478/43 840/1479/43 858/1095/45 859/1093/45
f 840/1479/43 839/1480/43 857/1097/45 858/1095/45
f 839/1480/43 838/1481/43 856/1099/45 857/1097/45
f 838/1481/43 837/1482/43 855/1101/45 856/1099/45
f 837/1482/43 836/1483/43 854/1103/45 855/1101/45
f 836/1483/43 835/1484/43 853/1485/45 854/1103/45
f 835/1484/43 834/1486/43 852/1487/45 853/1485/45
f 834/1486/43 833/1488/43 851/1489/45 852/1487/45
f 833/1488/43 832/1490/43 850/1491/45 851/1489/45
f 832/1490/43 831/1492/43 849/1493/45 850/1491/45
f 831/1492/43 830/93/43 848/94/45 849/1493/45
f 67/83/343 829/1494/343 847/1470/342 68/81/341
f 829/1494/343 828/1495/42 846/1471/342 847/1470/342
f 828/1495/42 827/1496/42 845/1473/342 846/1471/342
f 827/1496/42 826/1497/42 844/1475/42 845/1473/342
f 826/1497/42 825/1498/42 843/1476/42 844/1475/42
f 825/1498/42 824/1499/42 842/1477/42 843/1476/42
f 824/1499/42 823/1500/42 841/1478/42 842/1477/42
f 823/1500/42 822/1501/42 840/1479/42 841/1478/42
f 822/1501/42 821/1502/42 839/1480/42 840/1479/42
f 821/1502/42 820/1503/42 838/1481/42 839/1480/42
f 820/1503/42 819/1504/42 837/1482/42 838/1481/42
f 819/1504/42 818/1505/42 836/1483/42 837/1482/42
f 818/1505/42 817/1506/42 835/1484/42 836/1483/42
f 817/1506/42 816/1507/42 834/1486/42 835/1484/42
f 816/1507/42 815/1508/42 833/1488/42 834/1486/42
f 815/1508/42 814/1509/41 832/1490/42 833/1488/42
f 814/1509/41 813/1510/41 831/1492/42 832/1490/42
f 813/1510/41 812/92/41 830/93/42 831/1492/42
f 65/85/34 794/1511/344 829/1494/345 67/83/32
f 794/1511/344 795/1512/344 828/1495/345 829/1494/345
f 795/1512/344 796/1513/344 827/1496/345 828/1495/345
f 796/1513/344 797/1514/344 826/1497/345 827/1496/345
f 797/1514/344 798/1515/344 825/1498/345 826/1497/345
f 798/1515/344 799/1516/344 824/1499/345 825/1498/345
f 799/1516/344 800/1517/344 823/1500/345 824/1499/345
f 800/1517/344 801/1518/344 822/1501/345 823/1500/345
f 801/1518/344 802/1519/344 821/1502/345 822/1501/345
f 802/1519/344 803/1520/344 820/1503/345 821/1502/345
f 803/1520/344 804/1521/344 819/1504/345 820/1503/345
f 804/1521/344 805/1522/344 818/1505/345 819/1504/345
f 805/1522/344 806/1523/344 817/1506/345 818/1505/345
f 806/1523/344 807/1524/344 816/1507/345 817/1506/345
f 807/1524/344 808/1525/344 815/1508/345 816/1507/345
f 808/1525/344 809/1526/344 814/1509/41 815/1508/345
f 809/1526/344 810/1527/25 813/1510/41 814/1509/41
f 810/1527/25 811/75/25 812/92/41 813/1510/41
f 65/85/34 70/84/33 937/1403/26 794/1511/344
f 794/1511/344 937/1403/26 936/1405/26 795/1512/344
f 795/1512/344 936/1405/26 935/1407/26 796/1513/344
f 796/1513/344 935/1407/26 934/1409/26 797/1514/344
f 797/1514/344 934/1409/26 933/1411/26 798/1515/344
f 798/1515/344 933/1411/26 932/1413/26 799/1516/344
f 799/1516/344 932/1413/26 931/1415/26 800/1517/344
f 800/1517/344 931/1415/26 930/1417/26 801/1518/344
f 801/1518/344 930/1417/26 929/1419/26 802/1519/344
f 802/1519/344 929/1419/26 928/1421/26 803/1520/344
f 803/1520/344 928/1421/26 927/1423/26 804/1521/344
f 804/1521/344 927/1423/26 926/1425/26 805/1522/344
f 805/1522/344 926/1425/26 925/1427/26 806/1523/344
f 806/1523/344 925/1427/26 924/1429/26 807/1524/344
f 807/1524/344 924/1429/26 923/1431/26 808/1525/344
f 808/1525/344 923/1431/26 922/1433/26 809/1526/344
f 809/1526/344 922/1433/26 921/1435/26 810/1527/25
f 810/1527/25 921/1435/26 920/76/26 811/75/25
f 758/71/5 865/74/24 864/1472/24 759/1528/5
f 759/1528/5 864/1472/24 863/1474/45 760/1529/5
f 760/1529/5 863/1474/45 862/1088/45 761/1087/5
f 769/1104/5 854/1103/45 853/1485/45 770/1530/5
f 770/1530/5 853/1485/45 852/1487/45 771/1531/5
f 771/1531/5 852/1487/45 851/1489/45 772/1532/5
f 772/1532/5 851/1489/45 850/1491/45 773/1533/5
f 773/1533/5 850/1491/45 849/1493/45 774/1534/5
f 774/1534/5 849/1493/45 848/94/45 775/1535/5
f 775/1535/5 848/94/45 77/87/44 64/1536/5
f 181/1537/346 61/1538/1 758/1539/1 2076/1540/96
f 2076/1540/96 758/1539/1 759/1541/1 2075/1542/69
f 2075/1542/69 759/1541/1 760/1543/1 2074/1544/70
f 2074/1544/70 760/1543/1 761/1545/1 2073/1546/73
f 2073/1546/73 761/1545/1 762/1547/1 2072/1548/76
f 2072/1548/76 762/1547/1 763/1549/1 2071/1550/77
f 2071/1550/77 763/1549/1 764/1551/1 2070/1552/347
f 2070/1552/347 764/1551/1 765/1553/1 2069/1554/348
f 2069/1554/348 765/1553/1 766/1555/1 2068/246/88
f 2068/246/88 766/1555/1 767/1556/1 2067/247/1
f 2067/247/1 767/1556/1 768/1557/1 2066/249/1
f 2066/249/1 768/1557/1 769/1558/1 2065/251/1
f 2065/251/1 769/1558/1 770/1559/1 2064/253/1
f 2064/253/1 770/1559/1 771/1560/1 2063/1561/1
f 3545/1562/349 3546/268/99 3553/1563/350 3549/1564/351
f 2420/1565/352 2431/1566/353 2427/1567/354 2419/1568/355
f 2062/260/94 774/1569/356 775/68/1 2061/67/1
f 3/1570/5 289/1571/5 506/40/5 9/39/5
f 289/1571/5 288/1572/22 507/1573/5 506/40/5
f 288/1572/22 287/1574/357 508/1575/5 507/1573/5
f 287/1574/357 286/1576/357 509/1577/5 508/1575/5
f 286/1576/357 285/1578/357 510/1579/5 509/1577/5
f 285/1578/357 284/1580/357 511/1581/5 510/1579/5
f 284/1580/357 283/1582/357 512/1583/5 511/1581/5
f 283/1582/357 282/1584/357 513/1585/5 512/1583/5
f 282/1584/357 281/1586/357 514/1587/5 513/1585/5
f 281/1586/357 280/1588/357 515/1589/5 514/1587/5
f 280/1588/357 279/1590/357 516/1591/5 515/1589/5
f 279/1590/357 278/1592/357 517/1593/5 516/1591/5
f 278/1592/357 277/1594/357 518/1595/5 517/1593/5
f 277/1594/357 276/1596/357 519/1597/5 518/1595/5
f 276/1596/357 275/1598/357 520/1599/5 519/1597/5
f 275/1598/357 274/1600/357 521/1601/5 520/1599/5
f 274/1600/357 273/1602/357 522/1603/22 521/1601/5
f 273/1602/357 272/63/22 523/66/22 522/1603/22
f 34/1604/1 739/1605/1 757/1606/1 23/1607/1
f 739/1605/1 738/1608/1 756/1609/1 757/1606/1
f 738/1608/1 737/1610/1 755/1611/1 756/1609/1
f 737/1610/1 736/1612/1 754/1613/1 755/1611/1
f 736/1612/1 735/1614/1 753/1615/1 754/1613/1
f 735/1614/1 734/1616/1 752/1617/1 753/1615/1
f 734/1616/1 733/1618/1 751/1619/1 752/1617/1
f 733/1618/1 732/1620/1 750/1621/1 751/1619/1
f 732/1620/1 731/1622/1 749/1623/1 750/1621/1
f 731/1622/1 730/1624/1 748/1625/1 749/1623/1
f 730/1624/1 729/1626/1 747/1627/1 748/1625/1
f 729/1626/1 728/1628/1 746/1629/1 747/1627/1
f 728/1628/1 727/1630/1 745/1631/1 746/1629/1
f 727/1630/1 726/1632/1 744/1633/1 745/1631/1
f 726/1632/1 725/1634/1 743/1635/1 744/1633/1
f 725/1634/1 724/1636/1 742/1637/1 743/1635/1
f 724/1636/1 723/1638/1 741/1639/1 742/1637/1
f 723/1638/1 722/62/1 740/2/1 741/1639/1
f 33/1640/2 721/1641/2 739/1605/2 34/1604/2
f 721/1641/2 720/1642/2 738/1608/2 739/1605/2
f 720/1642/2 719/1643/2 737/1610/2 738/1608/2
f 719/1643/2 718/1644/2 736/1612/2 737/1610/2
f 718/1644/2 717/1645/2 735/1614/2 736/1612/2
f 717/1645/2 716/1646/2 734/1616/2 735/1614/2
f 716/1646/2 715/1647/2 733/1618/2 734/1616/2
f 715/1647/2 714/1648/2 732/1620/2 733/1618/2
f 714/1648/2 713/1649/2 731/1622/2 732/1620/2
f 713/1649/2 712/1650/2 730/1624/2 731/1622/2
f 712/1650/2 711/1651/2 729/1626/2 730/1624/2
f 711/1651/2 710/1652/2 728/1628/2 729/1626/2
f 710/1652/2 709/1653/2 727/1630/2 728/1628/2
f 709/1653/2 708/1654/2 726/1632/2 727/1630/2
f 708/1654/2 707/1655/2 725/1634/2 726/1632/2
f 707/1655/2 706/1656/2 724/1636/2 725/1634/2
f 706/1656/2 705/1657/2 723/1638/2 724/1636/2
f 705/1657/2 704/60/2 722/62/2 723/1638/2
f 32/1658/1 703/1659/1 721/1641/1 33/1640/1
f 703/1659/1 702/1660/1 720/1642/1 721/1641/1
f 702/1660/1 701/1661/1 719/1643/1 720/1642/1
f 701/1661/1 700/1662/1 718/1644/1 719/1643/1
f 700/1662/1 699/1663/1 717/1645/1 718/1644/1
f 699/1663/1 698/1664/1 716/1646/1 717/1645/1
f 698/1664/1 697/1665/1 715/1647/1 716/1646/1
f 697/1665/1 696/1666/1 714/1648/1 715/1647/1
f 696/1666/1 695/1667/1 713/1649/1 714/1648/1
f 695/1667/1 694/1668/1 712/1650/1 713/1649/1
f 694/1668/1 693/1669/1 711/1651/1 712/1650/1
f 693/1669/1 692/1670/1 710/1652/1 711/1651/1
f 692/1670/1 691/1671/1 709/1653/1 710/1652/1
f 691/1671/1 690/1672/1 708/1654/1 709/1653/1
f 690/1672/1 689/1673/1 707/1655/1 708/1654/1
f 689/1673/1 688/1674/1 706/1656/1 707/1655/1
f 688/1674/1 687/1675/1 705/1657/1 706/1656/1
f 687/1675/1 686/58/1 704/60/1 705/1657/1
f 31/1676/21 685/1677/21 703/1659/21 32/1658/21
f 685/1677/21 684/1678/21 702/1660/21 703/1659/21
f 684/1678/21 683/1679/21 701/1661/21 702/1660/21
f 683/1679/21 682/1680/21 700/1662/21 701/1661/21
f 682/1680/21 681/1681/21 699/1663/21 700/1662/21
f 681/1681/21 680/1682/21 698/1664/21 699/1663/21
f 680/1682/21 679/1683/21 697/1665/21 698/1664/21
f 679/1683/21 678/1684/21 696/1666/21 697/1665/21
f 678/1684/21 677/1685/21 695/1667/21 696/1666/21
f 677/1685/21 676/1686/21 694/1668/21 695/1667/21
f 676/1686/21 675/1687/21 693/1669/21 694/1668/21
f 675/1687/21 674/1688/21 692/1670/21 693/1669/21
f 674/1688/21 673/1689/21 691/1671/21 692/1670/21
f 673/1689/21 672/1690/21 690/1672/21 691/1671/21
f 672/1690/21 671/1691/21 689/1673/21 690/1672/21
f 671/1691/21 670/1692/21 688/1674/21 689/1673/21
f 670/1692/21 669/1693/21 687/1675/21 688/1674/21
f 669/1693/21 668/56/21 686/58/21 687/1675/21
f 30/1694/19 667/1695/19 685/1677/20 31/1676/20
f 667/1695/19 666/1696/19 684/1678/20 685/1677/20
f 666/1696/19 665/1697/19 683/1679/20 684/1678/20
f 665/1697/19 664/1698/19 682/1680/20 683/1679/20
f 664/1698/19 663/1699/19 681/1681/20 682/1680/20
f 663/1699/19 662/1700/19 680/1682/20 681/1681/20
f 662/1700/19 661/1701/19 679/1683/20 680/1682/20
f 661/1701/19 660/1702/19 678/1684/20 679/1683/20
f 660/1702/19 659/1703/19 677/1685/20 678/1684/20
f 659/1703/19 658/1704/19 676/1686/20 677/1685/20
f 658/1704/19 657/1705/19 675/1687/20 676/1686/20
f 657/1705/19 656/1706/19 674/1688/20 675/1687/20
f 656/1706/19 655/1707/19 673/1689/20 674/1688/20
f 655/1707/19 654/1708/19 672/1690/20 673/1689/20
f 654/1708/19 653/1709/19 671/1691/20 672/1690/20
f 653/1709/19 652/1710/19 670/1692/20 671/1691/20
f 652/1710/19 651/1711/19 669/1693/20 670/1692/20
f 651/1711/19 650/54/19 668/56/20 669/1693/20
f 29/1712/18 649/1713/18 667/1695/19 30/1694/19
f 649/1713/18 648/1714/18 666/1696/19 667/1695/19
f 648/1714/18 647/1715/18 665/1697/19 666/1696/19
f 647/1715/18 646/1716/18 664/1698/19 665/1697/19
f 646/1716/18 645/1717/18 663/1699/19 664/1698/19
f 645/1717/18 644/1718/18 662/1700/19 663/1699/19
f 644/1718/18 643/1719/18 661/1701/19 662/1700/19
f 643/1719/18 642/1720/18 660/1702/19 661/1701/19
f 642/1720/18 641/1721/18 659/1703/19 660/1702/19
f 641/1721/18 640/1722/18 658/1704/19 659/1703/19
f 640/1722/18 639/1723/18 657/1705/19 658/1704/19
f 639/1723/18 638/1724/18 656/1706/19 657/1705/19
f 638/1724/18 637/1725/18 655/1707/19 656/1706/19
f 637/1725/18 636/1726/18 654/1708/19 655/1707/19
f 636/1726/18 635/1727/18 653/1709/19 654/1708/19
f 635/1727/18 634/1728/18 652/1710/19 653/1709/19
f 634/1728/18 633/1729/18 651/1711/19 652/1710/19
f 633/1729/18 632/52/18 650/54/19 651/1711/19
f 28/1730/358 631/1731/358 649/1713/18 29/1712/18
f 631/1731/358 630/1732/358 648/1714/18 649/1713/18
f 630/1732/358 629/1733/358 647/1715/18 648/1714/18
f 629/1733/358 628/1734/358 646/1716/18 647/1715/18
f 628/1734/358 627/1735/17 645/1717/18 646/1716/18
f 627/1735/17 626/1736/17 644/1718/18 645/1717/18
f 626/1736/17 625/1737/358 643/1719/18 644/1718/18
f 625/1737/358 624/1738/358 642/1720/18 643/1719/18
f 624/1738/358 623/1739/358 641/1721/18 642/1720/18
f 623/1739/358 622/1740/358 640/1722/18 641/1721/18
f 622/1740/358 621/1741/17 639/1723/18 640/1722/18
f 621/1741/17 620/1742/17 638/1724/18 639/1723/18
f 620/1742/17 619/1743/358 637/1725/18 638/1724/18
f 619/1743/358 618/1744/358 636/1726/18 637/1725/18
f 618/1744/358 617/1745/358 635/1727/18 636/1726/18
f 617/1745/358 616/1746/358 634/1728/18 635/1727/18
f 616/1746/358 615/1747/358 633/1729/18 634/1728/18
f 615/1747/358 614/50/17 632/52/18 633/1729/18
f 27/1748/16 613/1749/16 631/1731/16 28/1730/16
f 613/1749/16 612/1750/16 630/1732/16 631/1731/16
f 612/1750/16 611/1751/16 629/1733/16 630/1732/16
f 611/1751/16 610/1752/16 628/1734/16 629/1733/16
f 610/1752/16 609/1753/16 627/1735/16 628/1734/16
f 609/1753/16 608/1754/16 626/1736/16 627/1735/16
f 608/1754/16 607/1755/16 625/1737/16 626/1736/16
f 607/1755/16 606/1756/16 624/1738/16 625/1737/16
f 606/1756/16 605/1757/16 623/1739/16 624/1738/16
f 605/1757/16 604/1758/16 622/1740/16 623/1739/16
f 604/1758/16 603/1759/16 621/1741/16 622/1740/16
f 603/1759/16 602/1760/16 620/1742/16 621/1741/16
f 602/1760/16 601/1761/16 619/1743/16 620/1742/16
f 601/1761/16 600/1762/16 618/1744/16 619/1743/16
f 600/1762/16 599/1763/16 617/1745/16 618/1744/16
f 599/1763/16 598/1764/16 616/1746/16 617/1745/16
f 598/1764/16 597/1765/16 615/1747/16 616/1746/16
f 597/1765/16 596/48/16 614/50/16 615/1747/16
f 26/1766/1 595/1767/1 613/1749/1 27/1748/1
f 595/1767/1 594/1768/1 612/1750/1 613/1749/1
f 594/1768/1 593/1769/1 611/1751/1 612/1750/1
f 593/1769/1 592/1770/1 610/1752/1 611/1751/1
f 592/1770/1 591/1771/1 609/1753/1 610/1752/1
f 591/1771/1 590/1772/1 608/1754/1 609/1753/1
f 590/1772/1 589/1773/1 607/1755/1 608/1754/1
f 589/1773/1 588/1774/1 606/1756/1 607/1755/1
f 588/1774/1 587/1775/1 605/1757/1 606/1756/1
f 587/1775/1 586/1776/1 604/1758/1 605/1757/1
f 586/1776/1 585/1777/1 603/1759/1 604/1758/1
f 585/1777/1 584/1778/1 602/1760/1 603/1759/1
f 584/1778/1 583/1779/1 601/1761/1 602/1760/1
f 583/1779/1 582/1780/1 600/1762/1 601/1761/1
f 582/1780/1 581/1781/1 599/1763/1 600/1762/1
f 581/1781/1 580/1782/1 598/1764/1 599/1763/1
f 580/1782/1 579/1783/1 597/1765/1 598/1764/1
f 579/1783/1 578/46/1 596/48/1 597/1765/1
f 25/1784/339 577/1785/339 595/1767/339 26/1766/339
f 577/1785/339 576/1786/339 594/1768/339 595/1767/339
f 576/1786/339 575/1787/339 593/1769/339 594/1768/339
f 575/1787/339 574/1788/339 592/1770/339 593/1769/339
f 574/1788/339 573/1789/339 591/1771/339 592/1770/339
f 573/1789/339 572/1790/15 590/1772/15 591/1771/339
f 572/1790/15 571/1791/15 589/1773/15 590/1772/15
f 571/1791/15 570/1792/15 588/1774/15 589/1773/15
f 570/1792/15 569/1793/15 587/1775/15 588/1774/15
f 569/1793/15 568/1794/15 586/1776/15 587/1775/15
f 568/1794/15 567/1795/15 585/1777/15 586/1776/15
f 567/1795/15 566/1796/15 584/1778/15 585/1777/15
f 566/1796/15 565/1797/15 583/1779/15 584/1778/15
f 565/1797/15 564/1798/15 582/1780/15 583/1779/15
f 564/1798/15 563/1799/15 581/1781/15 582/1780/15
f 563/1799/15 562/1800/15 580/1782/15 581/1781/15
f 562/1800/15 561/1801/15 579/1783/15 580/1782/15
f 561/1801/15 560/44/15 578/46/15 579/1783/15
f 24/1802/13 559/1803/13 577/1785/13 25/1784/13
f 559/1803/13 558/1804/14 576/1786/14 577/1785/13
f 558/1804/14 557/1805/13 575/1787/13 576/1786/14
f 557/1805/13 556/1806/13 574/1788/13 575/1787/13
f 556/1806/13 555/1807/13 573/1789/13 574/1788/13
f 555/1807/13 554/1808/14 572/1790/14 573/1789/13
f 554/1808/14 553/1809/13 571/1791/13 572/1790/14
f 553/1809/13 552/1810/13 570/1792/13 571/1791/13
f 552/1810/13 551/1811/13 569/1793/13 570/1792/13
f 551/1811/13 550/1812/13 568/1794/13 569/1793/13
f 550/1812/13 549/1813/13 567/1795/13 568/1794/13
f 549/1813/13 548/1814/13 566/1796/13 567/1795/13
f 548/1814/13 547/1815/13 565/1797/13 566/1796/13
f 547/1815/13 546/1816/13 564/1798/13 565/1797/13
f 546/1816/13 545/1817/13 563/1799/13 564/1798/13
f 545/1817/13 544/1818/13 562/1800/13 563/1799/13
f 544/1818/13 543/1819/13 561/1801/13 562/1800/13
f 543/1819/13 542/42/13 560/44/13 561/1801/13
f 22/1820/2 524/1821/2 559/1803/2 24/1802/2
f 524/1821/2 525/1822/2 558/1804/2 559/1803/2
f 525/1822/2 526/1823/2 557/1805/2 558/1804/2
f 526/1823/2 527/1824/2 556/1806/2 557/1805/2
f 527/1824/2 528/1825/2 555/1807/2 556/1806/2
f 528/1825/2 529/1826/2 554/1808/2 555/1807/2
f 529/1826/2 530/1827/2 553/1809/2 554/1808/2
f 530/1827/2 531/1828/2 552/1810/2 553/1809/2
f 531/1828/2 532/1829/2 551/1811/2 552/1810/2
f 532/1829/2 533/1830/2 550/1812/2 551/1811/2
f 533/1830/2 534/1831/2 549/1813/2 550/1812/2
f 534/1831/2 535/1832/2 548/1814/2 549/1813/2
f 535/1832/2 536/1833/2 547/1815/2 548/1814/2
f 536/1833/2 537/1834/2 546/1816/2 547/1815/2
f 537/1834/2 538/1835/2 545/1817/2 546/1816/2
f 538/1835/2 539/1836/2 544/1818/2 545/1817/2
f 539/1836/2 540/1837/2 543/1819/2 544/1818/2
f 540/1837/2 541/12/2 542/42/2 543/1819/2
f 60/1838/5 505/1839/5 523/66/22 49/65/22
f 505/1839/5 504/1840/12 522/1603/22 523/66/22
f 504/1840/12 503/1841/12 521/1601/5 522/1603/22
f 503/1841/12 502/1842/12 520/1599/5 521/1601/5
f 502/1842/12 501/1843/12 519/1597/5 520/1599/5
f 501/1843/12 500/1844/12 518/1595/5 519/1597/5
f 500/1844/12 499/1845/12 517/1593/5 518/1595/5
f 499/1845/12 498/1846/12 516/1591/5 517/1593/5
f 498/1846/12 497/1847/12 515/1589/5 516/1591/5
f 497/1847/12 496/1848/12 514/1587/5 515/1589/5
f 496/1848/12 495/1849/12 513/1585/5 514/1587/5
f 495/1849/12 494/1850/12 512/1583/5 513/1585/5
f 494/1850/12 493/1851/12 511/1581/5 512/1583/5
f 493/1851/12 492/1852/12 510/1579/5 511/1581/5
f 492/1852/12 491/1853/12 509/1577/5 510/1579/5
f 491/1853/12 490/1854/12 508/1575/5 509/1577/5
f 490/1854/12 489/1855/12 507/1573/5 508/1575/5
f 489/1855/12 488/38/12 506/40/5 507/1573/5
f 59/1856/1 487/1857/1 505/1839/1 60/1838/1
f 487/1857/1 486/1858/1 504/1840/1 505/1839/1
f 486/1858/1 485/1859/1 503/1841/1 504/1840/1
f 485/1859/1 484/1860/1 502/1842/1 503/1841/1
f 484/1860/1 483/1861/1 501/1843/1 502/1842/1
f 483/1861/1 482/1862/1 500/1844/1 501/1843/1
f 482/1862/1 481/1863/1 499/1845/1 500/1844/1
f 481/1863/1 480/1864/1 498/1846/1 499/1845/1
f 480/1864/1 479/1865/1 497/1847/1 498/1846/1
f 479/1865/1 478/1866/1 496/1848/1 497/1847/1
f 478/1866/1 477/1867/1 495/1849/1 496/1848/1
f 477/1867/1 476/1868/1 494/1850/1 495/1849/1
f 476/1868/1 475/1869/1 493/1851/1 494/1850/1
f 475/1869/1 474/1870/1 492/1852/1 493/1851/1
f 474/1870/1 473/1871/1 491/1853/1 492/1852/1
f 473/1871/1 472/1872/1 490/1854/1 491/1853/1
f 472/1872/1 471/1873/1 489/1855/1 490/1854/1
f 471/1873/1 470/36/1 488/38/1 489/1855/1
f 58/1874/5 469/1875/5 487/1857/5 59/1856/5
f 469/1875/5 468/1876/5 486/1858/5 487/1857/5
f 468/1876/5 467/1877/5 485/1859/5 486/1858/5
f 467/1877/5 466/1878/5 484/1860/5 485/1859/5
f 466/1878/5 465/1879/5 483/1861/5 484/1860/5
f 465/1879/5 464/1880/5 482/1862/5 483/1861/5
f 464/1880/5 463/1881/5 481/1863/5 482/1862/5
f 463/1881/5 462/1882/5 480/1864/5 481/1863/5
f 462/1882/5 461/1883/5 479/1865/5 480/1864/5
f 461/1883/5 460/1884/5 478/1866/5 479/1865/5
f 460/1884/5 459/1885/5 477/1867/5 478/1866/5
f 459/1885/5 458/1886/5 476/1868/5 477/1867/5
f 458/1886/5 457/1887/5 475/1869/5 476/1868/5
f 457/1887/5 456/1888/5 474/1870/5 475/1869/5
f 456/1888/5 455/1889/5 473/1871/5 474/1870/5
f 455/1889/5 454/1890/5 472/1872/5 473/1871/5
f 454/1890/5 453/1891/5 471/1873/5 472/1872/5
f 453/1891/5 452/34/5 470/36/5 471/1873/5
f 57/1892/11 451/1893/11 469/1875/11 58/1874/11
f 451/1893/11 450/1894/11 468/1876/11 469/1875/11
f 450/1894/11 449/1895/11 467/1877/11 468/1876/11
f 449/1895/11 448/1896/11 466/1878/11 467/1877/11
f 448/1896/11 447/1897/11 465/1879/11 466/1878/11
f 447/1897/11 446/1898/11 464/1880/11 465/1879/11
f 446/1898/11 445/1899/11 463/1881/11 464/1880/11
f 445/1899/11 444/1900/11 462/1882/11 463/1881/11
f 444/1900/11 443/1901/11 461/1883/11 462/1882/11
f 443/1901/11 442/1902/11 460/1884/11 461/1883/11
f 442/1902/11 441/1903/11 459/1885/11 460/1884/11
f 441/1903/11 440/1904/11 458/1886/11 459/1885/11
f 440/1904/11 439/1905/11 457/1887/11 458/1886/11
f 439/1905/11 438/1906/11 456/1888/11 457/1887/11
f 438/1906/11 437/1907/11 455/1889/11 456/1888/11
f 437/1907/11 436/1908/11 454/1890/11 455/1889/11
f 436/1908/11 435/1909/11 453/1891/11 454/1890/11
f 435/1909/11 434/32/11 452/34/11 453/1891/11
f 56/1910/9 433/1911/9 451/1893/359 57/1892/359
f 433/1911/9 432/1912/9 450/1894/359 451/1893/359
f 432/1912/9 431/1913/9 449/1895/10 450/1894/359
f 431/1913/9 430/1914/9 448/1896/10 449/1895/10
f 430/1914/9 429/1915/9 447/1897/10 448/1896/10
f 429/1915/9 428/1916/9 446/1898/10 447/1897/10
f 428/1916/9 427/1917/9 445/1899/10 446/1898/10
f 427/1917/9 426/1918/9 444/1900/10 445/1899/10
f 426/1918/9 425/1919/9 443/1901/10 444/1900/10
f 425/1919/9 424/1920/9 442/1902/10 443/1901/10
f 424/1920/9 423/1921/9 441/1903/10 442/1902/10
f 423/1921/9 422/1922/9 440/1904/10 441/1903/10
f 422/1922/9 421/1923/9 439/1905/10 440/1904/10
f 421/1923/9 420/1924/9 438/1906/10 439/1905/10
f 420/1924/9 419/1925/9 437/1907/10 438/1906/10
f 419/1925/9 418/1926/9 436/1908/10 437/1907/10
f 418/1926/9 417/1927/9 435/1909/10 436/1908/10
f 417/1927/9 416/30/9 434/32/10 435/1909/10
f 55/1928/360 415/1929/360 433/1911/9 56/1910/9
f 415/1929/360 414/1930/360 432/1912/9 433/1911/9
f 414/1930/360 413/1931/8 431/1913/9 432/1912/9
f 413/1931/8 412/1932/8 430/1914/9 431/1913/9
f 412/1932/8 411/1933/8 429/1915/9 430/1914/9
f 411/1933/8 410/1934/8 428/1916/9 429/1915/9
f 410/1934/8 409/1935/8 427/1917/9 428/1916/9
f 409/1935/8 408/1936/8 426/1918/9 427/1917/9
f 408/1936/8 407/1937/8 425/1919/9 426/1918/9
f 407/1937/8 406/1938/8 424/1920/9 425/1919/9
f 406/1938/8 405/1939/8 423/1921/9 424/1920/9
f 405/1939/8 404/1940/8 422/1922/9 423/1921/9
f 404/1940/8 403/1941/8 421/1923/9 422/1922/9
f 403/1941/8 402/1942/8 420/1924/9 421/1923/9
f 402/1942/8 401/1943/8 419/1925/9 420/1924/9
f 401/1943/8 400/1944/8 418/1926/9 419/1925/9
f 400/1944/8 399/1945/8 417/1927/9 418/1926/9
f 399/1945/8 398/28/8 416/30/9 417/1927/9
f 54/1946/7 397/1947/7 415/1929/360 55/1928/360
f 397/1947/7 396/1948/7 414/1930/360 415/1929/360
f 396/1948/7 395/1949/7 413/1931/8 414/1930/360
f 395/1949/7 394/1950/7 412/1932/8 413/1931/8
f 394/1950/7 393/1951/7 411/1933/8 412/1932/8
f 393/1951/7 392/1952/7 410/1934/8 411/1933/8
f 392/1952/7 391/1953/7 409/1935/8 410/1934/8
f 391/1953/7 390/1954/7 408/1936/8 409/1935/8
f 390/1954/7 389/1955/7 407/1937/8 408/1936/8
f 389/1955/7 388/1956/7 406/1938/8 407/1937/8
f 388/1956/7 387/1957/7 405/1939/8 406/1938/8
f 387/1957/7 386/1958/7 404/1940/8 405/1939/8
f 386/1958/7 385/1959/7 403/1941/8 404/1940/8
f 385/1959/7 384/1960/7 402/1942/8 403/1941/8
f 384/1960/7 383/1961/7 401/1943/8 402/1942/8
f 383/1961/7 382/1962/7 400/1944/8 401/1943/8
f 382/1962/7 381/1963/7 399/1945/8 400/1944/8
f 381/1963/7 380/26/7 398/28/8 399/1945/8
f 53/1964/6 379/1965/6 397/1947/6 54/1946/6
f 379/1965/6 378/1966/6 396/1948/6 397/1947/6
f 378/1966/6 377/1967/6 395/1949/6 396/1948/6
f 377/1967/6 376/1968/6 394/1950/6 395/1949/6
f 376/1968/6 375/1969/6 393/1951/6 394/1950/6
f 375/1969/6 374/1970/6 392/1952/6 393/1951/6
f 374/1970/6 373/1971/6 391/1953/6 392/1952/6
f 373/1971/6 372/1972/6 390/1954/6 391/1953/6
f 372/1972/6 371/1973/6 389/1955/6 390/1954/6
f 371/1973/6 370/1974/6 388/1956/6 389/1955/6
f 370/1974/6 369/1975/6 387/1957/6 388/1956/6
f 369/1975/6 368/1976/6 386/1958/6 387/1957/6
f 368/1976/6 367/1977/6 385/1959/6 386/1958/6
f 367/1977/6 366/1978/6 384/1960/6 385/1959/6
f 366/1978/6 365/1979/6 383/1961/6 384/1960/6
f 365/1979/6 364/1980/6 382/1962/6 383/1961/6
f 364/1980/6 363/1981/6 381/1963/6 382/1962/6
f 363/1981/6 362/24/6 380/26/6 381/1963/6
f 52/1982/5 361/1983/5 379/1965/5 53/1964/5
f 361/1983/5 360/1984/5 378/1966/5 379/1965/5
f 360/1984/5 359/1985/5 377/1967/5 378/1966/5
f 359/1985/5 358/1986/5 376/1968/5 377/1967/5
f 358/1986/5 357/1987/5 375/1969/5 376/1968/5
f 357/1987/5 356/1988/5 374/1970/5 375/1969/5
f 356/1988/5 355/1989/5 373/1971/5 374/1970/5
f 355/1989/5 354/1990/5 372/1972/5 373/1971/5
f 354/1990/5 353/1991/5 371/1973/5 372/1972/5
f 353/1991/5 352/1992/5 370/1974/5 371/1973/5
f 352/1992/5 351/1993/5 369/1975/5 370/1974/5
f 351/1993/5 350/1994/5 368/1976/5 369/1975/5
f 350/1994/5 349/1995/5 367/1977/5 368/1976/5
f 349/1995/5 348/1996/5 366/1978/5 367/1977/5
f 348/1996/5 347/1997/5 365/1979/5 366/1978/5
f 347/1997/5 346/1998/5 364/1980/5 365/1979/5
f 346/1998/5 345/1999/5 363/1981/5 364/1980/5
f 345/1999/5 344/22/5 362/24/5 363/1981/5
f 51/2000/4 343/2001/4 361/1983/4 52/1982/4
f 343/2001/4 342/2002/4 360/1984/4 361/1983/4
f 342/2002/4 341/2003/4 359/1985/4 360/1984/4
f 341/2003/4 340/2004/4 358/1986/4 359/1985/4
f 340/2004/4 339/2005/4 357/1987/4 358/1986/4
f 339/2005/4 338/2006/4 356/1988/4 357/1987/4
f 338/2006/4 337/2007/4 355/1989/4 356/1988/4
f 337/2007/4 336/2008/4 354/1990/4 355/1989/4
f 336/2008/4 335/2009/4 353/1991/4 354/1990/4
f 335/2009/4 334/2010/4 352/1992/4 353/1991/4
f 334/2010/4 333/2011/4 351/1993/4 352/1992/4
f 333/2011/4 332/2012/4 350/1994/4 351/1993/4
f 332/2012/4 331/2013/4 349/1995/4 350/1994/4
f 331/2013/4 330/2014/4 348/1996/4 349/1995/4
f 330/2014/4 329/2015/4 347/1997/4 348/1996/4
f 329/2015/4 328/2016/4 346/1998/4 347/1997/4
f 328/2016/4 327/2017/4 345/1999/4 346/1998/4
f 327/2017/4 326/20/4 344/22/4 345/1999/4
f 50/2018/361 325/2019/3 343/2001/3 51/2000/361
f 325/2019/3 324/2020/3 342/2002/3 343/2001/3
f 324/2020/3 323/2021/3 341/2003/3 342/2002/3
f 323/2021/3 322/2022/3 340/2004/3 341/2003/3
f 322/2022/3 321/2023/3 339/2005/3 340/2004/3
f 321/2023/3 320/2024/3 338/2006/3 339/2005/3
f 320/2024/3 319/2025/3 337/2007/3 338/2006/3
f 319/2025/3 318/2026/3 336/2008/3 337/2007/3
f 318/2026/3 317/2027/3 335/2009/3 336/2008/3
f 317/2027/3 316/2028/3 334/2010/3 335/2009/3
f 316/2028/3 315/2029/3 333/2011/3 334/2010/3
f 315/2029/3 314/2030/3 332/2012/3 333/2011/3
f 314/2030/3 313/2031/3 331/2013/3 332/2012/3
f 313/2031/3 312/2032/3 330/2014/3 331/2013/3
f 312/2032/3 311/2033/3 329/2015/3 330/2014/3
f 311/2033/3 310/2034/3 328/2016/3 329/2015/3
f 310/2034/3 309/2035/3 327/2017/3 328/2016/3
f 309/2035/3 308/18/3 326/20/3 327/2017/3
f 48/2036/1 290/2037/1 325/2019/1 50/2018/1
f 290/2037/1 291/2038/1 324/2020/1 325/2019/1
f 291/2038/1 292/2039/1 323/2021/1 324/2020/1
f 292/2039/1 293/2040/1 322/2022/1 323/2021/1
f 293/2040/1 294/2041/1 321/2023/1 322/2022/1
f 294/2041/1 295/2042/1 320/2024/1 321/2023/1
f 295/2042/1 296/2043/1 319/2025/1 320/2024/1
f 296/2043/1 297/2044/1 318/2026/1 319/2025/1
f 297/2044/1 298/2045/1 317/2027/1 318/2026/1
f 298/2045/1 299/2046/1 316/2028/1 317/2027/1
f 299/2046/1 300/2047/1 315/2029/1 316/2028/1
f 300/2047/1 301/2048/1 314/2030/1 315/2029/1
f 301/2048/1 302/2049/1 313/2031/1 314/2030/1
f 302/2049/1 303/2050/1 312/2032/1 313/2031/1
f 303/2050/1 304/2051/1 311/2033/1 312/2032/1
f 304/2051/1 305/2052/1 310/2034/1 311/2033/1
f 305/2052/1 306/2053/1 309/2035/1 310/2034/1
f 306/2053/1 307/5/1 308/18/1 309/2035/1
f 62/2054/1 2/2055/1 272/2056/1 776/2057/1
f 776/2057/1 272/2056/1 273/2058/1 777/2059/1
f 777/2059/1 273/2058/1 274/2060/1 778/2061/1
f 778/2061/1 274/2060/1 275/2062/1 779/2063/1
f 779/2063/1 275/2062/1 276/2064/1 780/2065/1
f 780/2065/1 276/2064/1 277/2066/1 781/2067/1
f 781/2067/1 277/2066/1 278/2068/1 782/2069/1
f 782/2069/1 278/2068/1 279/2070/1 783/2071/1
f 783/2071/1 279/2070/1 280/2072/1 784/2073/1
f 784/2073/1 280/2072/1 281/2074/1 785/2075/1
f 785/2075/1 281/2074/1 282/2076/1 786/2077/1
f 786/2077/1 282/2076/1 283/2078/1 787/2079/1
f 787/2079/1 283/2078/1 284/2080/1 788/2081/1
f 788/2081/1 284/2080/1 285/2082/1 789/2083/1
f 789/2083/1 285/2082/1 286/2084/1 790/2085/1
f 790/2085/1 286/2084/1 287/2086/1 791/2087/1
f 791/2087/1 287/2086/1 288/2088/1 792/2089/1
f 792/2089/1 288/2088/1 289/14/1 793/13/1
f 1/2090/2 254/2091/2 524/1821/2 22/1820/2
f 254/2091/2 255/2092/2 525/1822/2 524/1821/2
f 255/2092/2 256/2093/2 526/1823/2 525/1822/2
f 256/2093/2 257/2094/2 527/1824/2 526/1823/2
f 257/2094/2 258/2095/2 528/1825/2 527/1824/2
f 258/2095/2 259/2096/2 529/1826/2 528/1825/2
f 259/2096/2 260/2097/2 530/1827/2 529/1826/2
f 260/2097/2 261/2098/2 531/1828/2 530/1827/2
f 261/2098/2 262/2099/2 532/1829/2 531/1828/2
f 262/2099/2 263/2100/2 533/1830/2 532/1829/2
f 263/2100/2 264/2101/2 534/1831/2 533/1830/2
f 264/2101/2 265/2102/2 535/1832/2 534/1831/2
f 265/2102/2 266/2103/2 536/1833/2 535/1832/2
f 266/2103/2 267/2104/2 537/1834/2 536/1833/2
f 267/2104/2 268/2105/2 538/1835/2 537/1834/2
f 268/2105/2 269/2106/2 539/1836/2 538/1835/2
f 269/2106/2 270/2107/2 540/1837/2 539/1836/2
f 270/2107/2 271/9/2 541/12/2 540/1837/2
f 48/2036/1 5/2108/1 218/2109/1 290/2037/1
f 290/2037/1 218/2109/1 219/2110/1 291/2038/1
f 291/2038/1 219/2110/1 220/2111/1 292/2039/1
f 292/2039/1 220/2111/1 221/2112/1 293/2040/1
f 293/2040/1 221/2112/1 222/2113/1 294/2041/1
f 294/2041/1 222/2113/1 223/2114/1 295/2042/1
f 295/2042/1 223/2114/1 224/2115/1 296/2043/1
f 296/2043/1 224/2115/1 225/2116/1 297/2044/1
f 297/2044/1 225/2116/1 226/2117/1 298/2045/1
f 298/2045/1 226/2117/1 227/2118/1 299/2046/1
f 299/2046/1 227/2118/1 228/2119/1 300/2047/1
f 300/2047/1 228/2119/1 229/2120/1 301/2048/1
f 301/2048/1 229/2120/1 230/2121/1 302/2049/1
f 302/2049/1 230/2121/1 231/2122/1 303/2050/1
f 303/2050/1 231/2122/1 232/2123/1 304/2051/1
f 304/2051/1 232/2123/1 233/2124/1 305/2052/1
f 305/2052/1 233/2124/1 234/2125/1 306/2053/1
f 306/2053/1 234/2125/1 235/6/1 307/5/1
f 6/2126/1 23/1607/1 757/1606/1 253/2127/1
f 253/2127/1 757/1606/1 756/1609/1 252/2128/1
f 252/2128/1 756/1609/1 755/1611/1 251/2129/1
f 251/2129/1 755/1611/1 754/1613/1 250/2130/1
f 250/2130/1 754/1613/1 753/1615/1 249/2131/1
f 249/2131/1 753/1615/1 752/1617/1 248/2132/1
f 248/2132/1 752/1617/1 751/1619/1 247/2133/1
f 247/2133/1 751/1619/1 750/1621/1 246/2134/1
f 246/2134/1 750/1621/1 749/1623/1 245/2135/1
f 245/2135/1 749/1623/1 748/1625/1 244/2136/1
f 244/2136/1 748/1625/1 747/1627/1 243/2137/1
f 243/2137/1 747/1627/1 746/1629/1 242/2138/1
f 242/2138/1 746/1629/1 745/1631/1 241/2139/1
f 241/2139/1 745/1631/1 744/1633/1 240/2140/1
f 240/2140/1 744/1633/1 743/1635/1 239/2141/1
f 239/2141/1 743/1635/1 742/1637/1 238/2142/1
f 238/2142/1 742/1637/1 741/1639/1 237/2143/1
f 237/2143/1 741/1639/1 740/2/1 236/1/1
f 2077/2144/362 2081/2145/362 2082/2146/362 2080/2147/362
f 2080/2147/363 2082/2146/364 2085/2148/365 2084/2149/366
f 2078/2150/367 2084/2149/366 2085/2148/365 2083/2151/368
f 2083/2151/368 2085/2148/365 2088/2152/369 2087/2153/370
f 2079/2154/371 2087/2153/371 2088/2152/371 2086/2155/371
f 2082/2146/364 2088/2152/369 2085/2148/365
f 2101/2156/372 2104/2157/373 2108/2158/374 2102/2159/375
f 2089/2160/376 2093/2161/377 2094/2162/378 2092/2163/379
f 2092/2163/379 2094/2162/378 2097/2164/380 2096/2165/381
f 2090/2166/382 2096/2165/381 2097/2164/380 2095/2167/383
f 2095/2167/383 2097/2164/380 2100/2168/384 2099/2169/385
f 2091/2170/386 2099/2169/385 2100/2168/384 2098/2171/387
f 2098/2171/387 2100/2168/384 2094/2162/378 2093/2161/377
f 2094/2162/378 2100/2168/384 2097/2164/380
f 2077/2144/388 2080/2147/363 2084/2149/366 2078/2150/367
f 2101/2156/372 2105/2172/389 2106/2173/390 2104/2157/373
f 2104/2157/373 2106/2173/390 2109/2174/391 2108/2158/374
f 2102/2159/375 2108/2158/374 2109/2174/391 2107/2175/392
f 2107/2175/392 2109/2174/391 2112/2176/393 2111/2177/394
f 2103/2178/395 2111/2177/394 2112/2176/393 2110/2179/396
f 2110/2179/396 2112/2176/393 2106/2173/390 2105/2172/389
f 2106/2173/390 2112/2176/393 2109/2174/391
f 2089/2160/376 2092/2163/379 2096/2165/381 2090/2166/382
f 776/2180/2 866/1453/46 69/79/47 62/2181/2
f 777/2182/2 867/1454/46 866/1453/46 776/2180/2
f 778/2183/2 868/1455/46 867/1454/46 777/2182/2
f 868/1455/46 778/2183/2 779/2184/2 869/1456/46
f 779/2184/2 780/2185/2 870/1457/46 869/1456/46
f 870/1457/46 780/2185/2 781/2186/2 871/1458/46
f 782/2187/2 872/1459/46 871/1458/46 781/2186/2
f 783/2188/2 873/1460/46 872/1459/46 782/2187/2
f 784/2189/2 874/1461/46 873/1460/46 783/2188/2
f 785/2190/2 875/1462/46 874/1461/46 784/2189/2
f 786/2191/2 876/1463/46 875/1462/46 785/2190/2
f 787/2192/2 877/1464/46 876/1463/46 786/2191/2
f 788/2193/2 878/1465/46 877/1464/46 787/2192/2
f 789/2194/2 879/1466/46 878/1465/46 788/2193/2
f 790/2195/2 880/1467/46 879/1466/46 789/2194/2
f 791/2196/2 881/1468/46 880/1467/46 790/2195/2
f 792/2197/2 882/1469/46 881/1468/46 791/2196/2
f 793/2198/2 883/95/46 882/1469/46 792/2197/2
f 63/2199/2 74/86/47 883/95/46 793/2198/2
f 2113/453/397 2116/452/214 2118/2200/398 2117/2201/399
f 2116/452/214 2120/451/213 2121/2202/400 2118/2200/398
f 2114/450/212 2119/2203/401 2121/2202/400 2120/451/213
f 2119/2203/401 2123/2204/402 2124/2205/403 2121/2202/400
f 2115/2206/404 2122/2207/405 2124/2205/403 2123/2204/402
f 2122/2207/405 2117/2201/399 2118/2200/398 2124/2205/403
f 2118/2200/398 2121/2202/400 2124/2205/403
f 2139/484/230 2148/2208/406 2144/2209/407 2138/2210/408
f 2125/2211/409 2128/2212/410 2130/2213/411 2129/2214/412
f 2128/2212/410 2132/2215/413 2133/2216/414 2130/2213/411
f 2126/2217/415 2131/2218/416 2133/2216/414 2132/2215/413
f 2131/2218/416 2135/2219/417 2136/2220/418 2133/2216/414
f 2127/2221/419 2134/2222/420 2136/2220/418 2135/2219/417
f 2134/2222/420 2129/2214/412 2130/2213/411 2136/2220/418
f 2130/2213/411 2133/2216/414 2136/2220/418
f 2114/450/212 2115/2206/421 2123/2204/402 2119/2203/401
f 2137/2223/422 2141/2224/423 2143/2225/424 2142/2226/425
f 2141/2224/423 2145/2227/426 2146/2228/427 2143/2225/424
f 2138/2210/408 2144/2209/407 2146/2228/427 2145/2227/426
f 2144/2209/407 2148/2208/406 2149/2229/428 2146/2228/427
f 2139/484/230 2147/487/233 2149/2229/428 2148/2208/406
f 2147/487/233 2151/486/232 2152/2230/429 2149/2229/428
f 2140/485/231 2150/2231/430 2152/2230/429 2151/486/232
f 2150/2231/430 2142/2226/425 2143/2225/424 2152/2230/429
f 2143/2225/424 2146/2228/427 2149/2229/428 2152/2230/429
f 2126/2217/415 2127/2221/431 2135/2219/417 2131/2218/416
f 2153/2232/432 2157/2233/433 2159/2234/434 2158/2235/435
f 2157/2233/433 2161/2236/436 2162/2237/437 2159/2234/434
f 2154/2238/438 2160/2239/439 2162/2237/437 2161/2236/436
f 2160/2239/439 2164/2240/440 2165/2241/441 2162/2237/437
f 2155/488/234 2163/491/237 2165/2241/441 2164/2240/440
f 2163/491/237 2167/490/236 2168/2242/442 2165/2241/441
f 2156/489/235 2166/2243/443 2168/2242/442 2167/490/236
f 2166/2243/443 2158/2235/435 2159/2234/434 2168/2242/442
f 2159/2234/434 2162/2237/437 2165/2241/441 2168/2242/442
f 2154/2238/438 2155/488/234 2164/2240/440 2160/2239/439
f 2202/2244/444 2203/2245/445 2211/2246/446 2207/2247/447
f 2173/429/201 2177/428/200 2179/2248/448 2178/2249/449
f 2177/428/200 2181/427/199 2182/2250/450 2179/2248/448
f 2174/426/198 2180/2251/451 2182/2250/450 2181/427/199
f 2180/2251/451 2184/2252/452 2185/2253/453 2182/2250/450
f 2175/2254/454 2183/2255/455 2185/2253/453 2184/2252/452
f 2183/2255/455 2187/2256/456 2188/2257/457 2185/2253/453
f 2176/2258/458 2186/2259/459 2188/2257/457 2187/2256/456
f 2186/2259/459 2178/2249/449 2179/2248/448 2188/2257/457
f 2179/2248/448 2182/2250/450 2185/2253/453 2188/2257/457
f 2174/426/198 2175/2254/454 2184/2252/452 2180/2251/451
f 2189/2260/460 2192/2261/460 2194/2262/460 2193/2263/460
f 2192/2261/461 2196/2264/462 2197/2265/463 2194/2262/464
f 2190/2266/465 2195/2267/466 2197/2265/463 2196/2264/462
f 2195/2267/466 2199/2268/467 2200/2269/468 2197/2265/463
f 2191/2270/469 2198/2271/469 2200/2269/468 2199/2268/467
f 2198/2271/470 2193/2263/470 2194/2262/470 2200/2269/470
f 2194/2262/464 2197/2265/463 2200/2269/468
f 2189/2260/471 2190/2266/465 2196/2264/462 2192/2261/461
f 2201/2272/472 2204/2273/473 2206/2274/474 2205/2275/475
f 2204/2273/473 2208/2276/476 2209/2277/477 2206/2274/474
f 2202/2244/444 2207/2247/447 2209/2277/477 2208/2276/476
f 2207/2247/447 2211/2246/446 2212/2278/478 2209/2277/477
f 2203/2245/445 2210/2279/479 2212/2278/478 2211/2246/446
f 2210/2279/479 2205/2275/475 2206/2274/474 2212/2278/478
f 2206/2274/474 2209/2277/477 2212/2278/478
f 2190/2266/465 2191/2270/480 2199/2268/467 2195/2267/466
f 2213/2280/481 2216/2281/482 2218/2282/483 2217/2283/484
f 2216/2281/482 2220/2284/485 2221/2285/486 2218/2282/483
f 2219/2286/487 2221/2285/486 2220/2284/485
f 2219/2286/487 2223/2287/488 2224/2288/489 2221/2285/486
f 2215/374/175 2222/2289/490 2224/2288/489 2223/2287/488
f 2222/2289/490 2217/2283/484 2218/2282/483 2224/2288/489
f 2218/2282/483 2221/2285/486 2224/2288/489
f 2213/2280/481 2220/2284/485 2216/2281/482
f 2225/2290/491 2228/2291/492 2230/2292/493 2229/2293/494
f 2228/2291/492 2232/2294/495 2233/2295/496 2230/2292/493
f 2226/337/151 2231/2296/497 2233/2295/496 2232/2294/495
f 2231/2296/497 2235/2297/498 2236/2298/499 2233/2295/496
f 2227/339/153 2234/2299/500 2236/2298/499 2235/2297/498
f 2234/2299/500 2229/2293/494 2230/2292/493 2236/2298/499
f 2230/2292/493 2233/2295/496 2236/2298/499
f 2226/337/151 2232/2294/495 2228/2291/492 2225/2290/491
f 2237/293/119 2241/292/118 2243/2300/501 2242/2301/502
f 2241/292/118 2245/291/117 2246/2302/503 2243/2300/501
f 2238/290/116 2244/2303/504 2246/2302/503 2245/291/117
f 2244/2303/504 2248/2304/505 2249/2305/506 2246/2302/503
f 2239/306/129 2247/2306/507 2249/2305/506 2248/2304/505
f 2247/2306/507 2251/2307/508 2252/2308/509 2249/2305/506
f 2240/307/130 2250/2309/510 2252/2308/509 2251/2307/508
f 2250/2309/510 2242/2301/502 2243/2300/501 2252/2308/509
f 2243/2300/501 2246/2302/503 2249/2305/506 2252/2308/509
f 2239/306/129 2248/2304/505 2244/2303/504 2238/290/116
f 2253/2310/511 2257/2311/512 2259/2312/513 2258/2313/514
f 2257/2311/512 2261/2314/515 2262/2315/516 2259/2312/513
f 2254/315/138 2260/314/137 2262/2315/516 2261/2314/515
f 2260/314/137 2264/313/136 2265/2316/517 2262/2315/516
f 2255/312/135 2263/2317/518 2265/2316/517 2264/313/136
f 2263/2317/518 2267/2318/519 2268/2319/520 2265/2316/517
f 2256/2320/521 2266/2321/522 2268/2319/520 2267/2318/519
f 2266/2321/522 2258/2313/514 2259/2312/513 2268/2319/520
f 2259/2312/513 2262/2315/516 2265/2316/517 2268/2319/520
f 2256/2320/521 2267/2318/519 2263/2317/518 2255/312/135
f 2269/297/123 2273/296/122 2275/2322/523 2274/2323/524
f 2273/296/122 2277/295/121 2278/2324/525 2275/2322/523
f 2270/294/120 2276/2325/526 2278/2324/525 2277/295/121
f 2276/2325/526 2280/2326/527 2281/2327/528 2278/2324/525
f 2271/2328/529 2279/2329/530 2281/2327/528 2280/2326/527
f 2279/2329/530 2283/2330/531 2284/2331/532 2281/2327/528
f 2272/2332/533 2282/2333/534 2284/2331/532 2283/2330/531
f 2282/2333/534 2274/2323/524 2275/2322/523 2284/2331/532
f 2275/2322/523 2278/2324/525 2281/2327/528 2284/2331/532
f 2271/2328/529 2280/2326/527 2276/2325/526 2270/294/120
f 2285/356/163 2288/355/162 2290/2334/535 2289/2335/536
f 2288/355/162 2292/354/161 2293/2336/537 2290/2334/535
f 2286/353/160 2291/2337/538 2293/2336/537 2292/354/161
f 2291/2337/538 2295/2338/539 2296/2339/540 2293/2336/537
f 2287/2340/541 2294/2341/542 2296/2339/540 2295/2338/539
f 2294/2341/542 2289/2335/536 2290/2334/535 2296/2339/540
f 2290/2334/535 2293/2336/537 2296/2339/540
f 2287/2340/541 2295/2338/539 2291/2337/538 2286/353/160
f 2297/230/72 2300/2342/543 2302/2343/544 2301/2344/545
f 2300/2342/543 2304/2345/546 2305/2346/547 2302/2343/544
f 2298/232/74 2303/2347/548 2305/2346/547 2304/2345/546
f 2303/2347/548 2307/2348/549 2308/2349/550 2305/2346/547
f 2299/2350/551 2306/2351/552 2308/2349/550 2307/2348/549
f 2306/2351/553 2301/2344/553 2302/2343/553 2308/2349/553
f 2302/2343/544 2305/2346/547 2308/2349/550
f 2299/2350/551 2307/2348/549 2303/2347/548 2298/232/74
f 2309/2352/554 2313/2353/555 2315/2354/556 2314/2355/557
f 2313/2353/555 2317/2356/558 2318/2357/559 2315/2354/556
f 2310/261/95 2316/2358/560 2318/2357/559 2317/2356/558
f 2316/2358/560 2320/2359/561 2321/2360/562 2318/2357/559
f 2311/225/67 2319/224/66 2321/2360/562 2320/2359/561
f 2319/224/66 2323/223/65 2324/2361/563 2321/2360/562
f 2312/222/64 2322/2362/564 2324/2361/563 2323/223/65
f 2322/2362/564 2314/2355/557 2315/2354/556 2324/2361/563
f 2315/2354/556 2318/2357/559 2321/2360/562 2324/2361/563
f 2309/2352/554 2317/2356/558 2313/2353/555
f 2325/2363/565 2329/2364/566 2331/2365/567 2330/2366/568
f 2329/2364/566 2333/2367/569 2334/2368/570 2331/2365/567
f 2326/244/86 2332/243/85 2334/2368/570 2333/2367/569
f 2332/243/85 2336/242/84 2337/2369/571 2334/2368/570
f 2327/241/83 2335/2370/572 2337/2369/571 2336/242/84
f 2335/2370/572 2339/2371/573 2340/2372/574 2337/2369/571
f 2328/2373/575 2338/2374/576 2340/2372/574 2339/2371/573
f 2338/2374/576 2330/2366/568 2331/2365/567 2340/2372/574
f 2331/2365/567 2334/2368/570 2337/2369/571 2340/2372/574
f 2328/2373/575 2339/2371/573 2335/2370/572 2327/241/83
f 2341/2375/577 2344/2376/578 2346/2377/579 2345/2378/580
f 2344/2376/578 2348/2379/581 2349/2380/582 2346/2377/579
f 2342/240/82 2347/239/81 2349/2380/582 2348/2379/581
f 2347/239/81 2351/238/80 2352/2381/583 2349/2380/582
f 2343/237/79 2350/2382/584 2352/2381/583 2351/238/80
f 2350/2382/584 2345/2378/580 2346/2377/579 2352/2381/583
f 2346/2377/579 2349/2380/582 2352/2381/583
f 2341/2375/577 2070/2383/347 2342/240/82
f 2353/527/262 2357/526/261 2359/2384/585 2358/2385/586
f 2357/526/261 2361/525/260 2362/2386/587 2359/2384/585
f 2354/524/259 2360/2387/588 2362/2386/587 2361/525/260
f 2360/2387/588 2364/2388/589 2365/2389/590 2362/2386/587
f 2355/496/241 2363/499/244 2365/2389/590 2364/2388/589
f 2363/499/244 2367/498/243 2368/2390/591 2365/2389/590
f 2356/497/242 2366/2391/592 2368/2390/591 2367/498/243
f 2366/2391/592 2358/2385/586 2359/2384/585 2368/2390/591
f 2359/2384/585 2362/2386/587 2365/2389/590 2368/2390/591
f 2355/496/241 2364/2388/589 2360/2387/588 2354/524/259
f 2406/2392/593 2407/2393/594 2415/2394/595 2411/2395/596
f 2374/2396/597 2373/2397/598 2375/2398/599 2376/2399/599
f 2377/2400/600 2380/2401/601 2382/2402/602 2381/2403/603
f 2380/2401/601 2384/2404/604 2385/2405/605 2382/2402/602
f 2378/361/166 2383/364/169 2385/2405/605 2384/2404/604
f 2383/364/169 2387/363/168 2388/2406/606 2385/2405/605
f 2379/362/607 2386/2407/608 2388/2406/606 2387/363/168
f 2386/2407/608 2381/2403/603 2382/2402/602 2388/2406/606
f 2382/2402/602 2385/2405/605 2388/2406/606
f 2377/2400/609 2378/361/166 2384/2404/604 2380/2401/601
f 2389/285/111 2393/288/114 2395/2408/610 2394/2409/611
f 2393/288/114 2397/287/113 2398/2410/612 2395/2408/610
f 2390/286/112 2396/304/127 2398/2410/612 2397/287/113
f 2396/304/127 2400/303/126 2401/2411/613 2398/2410/612
f 2391/302/125 2399/2412/614 2401/2411/613 2400/303/126
f 2399/2412/614 2403/2413/615 2404/2414/616 2401/2411/613
f 2392/2415/617 2402/2416/618 2404/2414/616 2403/2413/615
f 2402/2416/618 2394/2409/611 2395/2408/610 2404/2414/616
f 2395/2408/610 2398/2410/612 2401/2411/613 2404/2414/616
f 2392/2415/617 2403/2413/615 2399/2412/614 2391/302/125
f 2405/2417/619 2408/2418/620 2410/2419/621 2409/2420/622
f 2408/2418/620 2412/2421/623 2413/2422/624 2410/2419/621
f 2406/2392/593 2411/2395/596 2413/2422/624 2412/2421/623
f 2411/2395/596 2415/2394/595 2416/2423/625 2413/2422/624
f 2407/2393/594 2414/2424/626 2416/2423/625 2415/2394/595
f 2414/2424/626 2409/2420/622 2410/2419/621 2416/2423/625
f 2410/2419/621 2413/2422/624 2416/2423/625
f 2405/2417/619 2406/2392/593 2412/2421/623 2408/2418/620
f 2417/255/89 2421/258/92 2423/2425/627 2422/2426/628
f 2421/258/92 2425/257/91 2426/2427/629 2423/2425/627
f 2418/256/90 2424/2428/630 2426/2427/629 2425/257/91
f 2424/2428/630 2428/2429/631 2429/2430/632 2426/2427/629
f 2419/1568/355 2427/1567/354 2429/2430/632 2428/2429/631
f 2427/1567/354 2431/1566/353 2432/2431/633 2429/2430/632
f 2420/1565/352 2430/2432/634 2432/2431/633 2431/1566/353
f 2430/2432/634 2422/2426/628 2423/2425/627 2432/2431/633
f 2423/2425/627 2426/2427/629 2429/2430/632 2432/2431/633
f 2419/1568/355 2428/2429/631 2424/2428/630 2418/256/90
f 2433/2433/635 2437/2434/636 2439/2435/637 2438/2436/638
f 2437/2434/636 2441/2437/639 2442/2438/640 2439/2435/637
f 2434/2439/641 2440/2440/642 2442/2438/640 2441/2437/639
f 2440/2440/642 2444/2441/643 2445/2442/644 2442/2438/640
f 2435/2443/645 2443/2444/646 2445/2442/644 2444/2441/643
f 2443/2444/646 2447/2445/647 2448/2446/648 2445/2442/644
f 2436/2447/649 2446/2448/650 2448/2446/648 2447/2445/647
f 2446/2448/650 2438/2436/638 2439/2435/637 2448/2446/648
f 2439/2435/637 2442/2438/640 2445/2442/644 2448/2446/648
f 2434/2439/641 2435/2443/645 2444/2441/643 2440/2440/642
f 2449/2449/651 2452/2450/652 2454/2451/653 2453/2452/654
f 2452/2450/652 2456/2453/655 2457/2454/656 2454/2451/653
f 2450/2455/657 2455/2456/658 2457/2454/656 2456/2453/655
f 2455/2456/658 2459/2457/659 2460/2458/660 2457/2454/656
f 2451/2459/661 2458/2460/662 2460/2458/660 2459/2457/659
f 2458/2460/662 2453/2452/654 2454/2451/653 2460/2458/660
f 2454/2451/653 2457/2454/656 2460/2458/660
f 2451/2459/661 2459/2457/659 2455/2456/658 2450/2455/657
f 2461/418/663 2464/417/195 2466/2461/664 2465/2462/665
f 2464/417/195 2468/416/194 2469/2463/666 2466/2461/664
f 2462/415/193 2467/2464/667 2469/2463/666 2468/416/194
f 2467/2464/667 2471/2465/668 2472/2466/669 2469/2463/666
f 2463/2467/670 2470/2468/671 2472/2466/669 2471/2465/668
f 2470/2468/671 2465/2462/665 2466/2461/664 2472/2466/669
f 2466/2461/664 2469/2463/666 2472/2466/669
f 2463/2467/672 2471/2465/668 2467/2464/667 2462/415/193
f 2473/475/227 2476/474/226 2478/2469/673 2477/2470/674
f 2476/474/226 2480/473/225 2481/2471/675 2478/2469/673
f 2474/472/224 2479/2472/676 2481/2471/675 2480/473/225
f 2479/2472/676 2483/2473/677 2484/2474/678 2481/2471/675
f 2475/2475/679 2482/2476/680 2484/2474/678 2483/2473/677
f 2482/2476/680 2477/2470/674 2478/2469/673 2484/2474/678
f 2478/2469/673 2481/2471/675 2484/2474/678
f 2475/2475/679 2483/2473/677 2479/2472/676 2474/472/224
f 1815/2477/279 3443/2478/681 3491/701/681 1833/700/279
f 1797/709/5 3386/708/276 3401/2479/273 1798/2480/5
f 1798/2480/5 3401/2479/273 3413/2481/269 1799/2482/5
f 1799/2482/5 3413/2481/269 3425/2483/270 1800/2484/5
f 1800/2484/279 3425/2483/682 3482/961/682 1818/960/279
f 1796/699/63 3375/698/275 3316/989/683 1778/988/63
f 1777/991/63 3310/990/684 3246/2485/684 1759/2486/63
f 1761/2487/5 3266/2488/276 3282/2489/273 1762/2490/5
f 1762/2490/5 3282/2489/273 3294/2491/685 1763/2492/5
f 1763/2492/5 3294/2491/685 3306/2493/270 1764/2494/5
f 1764/2494/279 3306/2493/686 3370/703/686 1782/702/279
f 1744/755/2 3231/754/286 3215/2495/272 1743/2496/2
f 3148/2497/281 3198/2498/282 3213/2499/283 3164/2500/284
f 1725/2501/5 3162/2502/687 3178/2503/685 1726/2504/5
f 1726/2504/5 3178/2503/685 3189/2505/688 1727/2506/5
f 1727/2506/279 3189/2505/682 3242/753/682 1745/752/279
f 1708/995/2 3115/994/311 3099/2507/689 1707/2508/2
f 1705/620/63 3077/619/335 3014/809/335 1687/808/63
f 1689/2509/5 3034/2510/276 3049/2511/273 1690/2512/5
f 1690/2512/5 3049/2511/273 3061/2513/269 1691/2514/5
f 1691/2514/5 3061/2513/269 3073/2515/270 1692/2516/5
f 1692/2516/279 3073/2515/690 3138/1130/691 1710/1129/279
f 1671/2517/279 2971/2518/681 3034/2510/681 1689/2509/279
f 1668/925/63 2938/924/335 2862/2519/335 1650/2520/63
f 2879/2521/281 2954/2522/282 2969/2523/283 2896/2524/284
f 1653/2525/5 2894/2526/276 2909/2527/273 1654/2528/5
f 1654/2528/5 2909/2527/273 2921/2529/269 1655/2530/5
f 1655/2530/5 2921/2529/269 2934/2531/270 1656/2532/5
f 1656/2532/279 2934/2531/690 3010/813/690 1674/812/279
f 1652/1003/63 2877/1002/692 2804/2533/692 1634/2534/63
f 1614/2535/5 2690/2536/693 2702/2537/694 1615/2538/5
f 1615/2538/5 2702/2537/694 2714/2539/695 1616/2540/5
f 2716/2541/281 2802/2542/282 2817/2543/283 2732/2544/284
f 1617/2545/5 2730/2546/276 2746/2547/269 1618/2548/5
f 1618/2548/5 2746/2547/269 2758/2549/685 1619/2550/5
f 1619/2550/5 2758/2549/685 2770/2551/270 1620/2552/5
f 1620/2552/279 2770/2551/691 2858/2553/690 1638/2554/279
f 1600/929/2 2659/928/268 2643/2555/272 1599/2556/2
f 1595/2557/63 2597/2558/696 2518/695/696 1577/694/63
f 1579/654/5 2533/653/269 2545/2559/269 1580/2560/5
f 1580/2560/5 2545/2559/269 2557/2561/269 1581/2562/5
f 1581/2562/5 2557/2561/269 2569/2563/269 1582/2564/5
f 1582/2564/5 2569/2563/269 2581/2565/685 1583/2566/5
f 1583/2566/5 2581/2565/685 2593/2567/688 1584/2568/5
f 1584/2568/279 2593/2567/686 2682/2569/686 1602/2570/279
f 1494/2571/2 2514/2572/277 2503/939/267 1493/938/2
f 1836/650/279 3530/649/697 2514/2572/697 1494/2571/279
f 2522/2573/314 2602/2574/327 2613/2575/698 2535/2576/316
f 2534/2577/314 2614/2578/321 2625/2579/322 2547/2580/316
f 1633/2581/2 2791/2582/320 2779/2583/330 1632/2584/2
f 2546/2585/314 2626/2586/282 2641/2587/283 2559/2588/316
f 1634/2534/2 2804/2533/699 2791/2582/320 1633/2581/2
f 2558/2589/314 2642/2590/299 2657/2591/300 2571/2592/316
f 2803/2593/700 2878/2594/701 2893/2595/293 2820/2596/294
f 2570/2597/332 2658/2598/315 2669/2599/300 2583/2600/316
f 1596/2601/2 2603/2602/330 2597/2558/702 1595/2557/2
f 2582/2603/287 2670/2604/288 2681/2605/703 2594/2606/313
f 1635/656/279 2819/655/704 2894/2526/681 1653/2525/279
f 3013/2607/305 3078/2608/306 3081/2609/307 3020/2610/308
f 1638/2554/2 2858/2553/705 2847/644/267 1637/643/2
f 1650/2520/5 2862/2519/706 2865/1001/333 1651/1000/5
f 3492/2611/707 2485/2612/708 2489/2613/325 3507/2614/318
f 3035/2615/709 3098/2616/299 3113/2617/698 3051/2618/318
f 1780/2619/2 3347/2620/311 3331/707/689 1779/706/2
f 3506/2621/332 2490/2622/327 2501/2623/300 3519/2624/710
f 1760/2625/63 3250/2626/692 3200/2627/692 1742/2628/63
f 3050/2629/332 3114/2630/315 3125/2631/698 3063/2632/710
f 1781/705/2 3359/704/278 3347/2620/311 1780/2619/2
f 3518/2633/287 2502/2634/288 2513/2635/703 3529/2636/313
f 1723/1128/5 3142/1127/711 3146/2637/712 1724/2638/5
f 3062/2639/287 3126/2640/288 3137/2641/703 3074/2642/313
f 1743/2496/279 3215/2495/704 3266/2488/704 1761/2487/279
f 1759/2486/5 3246/2485/302 3250/2626/303 1760/2625/5
f 1613/2643/5 2686/2644/713 2690/2536/693 1614/2535/5
f 3387/2645/298 3442/2646/299 3457/2647/698 3403/2648/301
f 2955/2649/295 3018/2650/296 3033/2651/297 2972/2652/714
f 1742/2628/2 3200/2627/715 3193/1126/702 1741/1125/2
f 3402/2653/332 3458/2654/315 3469/2655/300 3415/2656/316
f 1672/841/2 2987/840/311 2971/2518/689 1671/2517/2
f 3414/2657/287 3470/2658/288 3481/2659/716 3426/2660/717
f 1597/2661/2 2615/2662/718 2603/2602/330 1596/2601/2
f 1598/2663/2 2628/2664/319 2615/2662/718 1597/2661/2
f 1616/2540/63 2714/2539/692 2628/2664/692 1598/2663/63
f 1632/2584/2 2779/2583/330 2773/2665/702 1631/2666/2
f 2861/2667/305 2937/2668/324 2941/2669/325 2867/2670/719
f 1599/2556/279 2643/2555/704 2730/2546/704 1617/2545/279
f 2866/2671/332 2942/2672/321 2953/2673/720 2880/2674/323
f 1602/2570/2 2682/2569/277 2671/927/267 1601/926/2
f 1631/2666/63 2773/2665/684 2686/2644/684 1613/2643/63
f 2895/2675/298 2970/2676/721 2985/2677/698 2911/2678/318
f 3430/2679/722 3486/2680/723 3490/2681/724 3444/2682/294
f 1724/2638/63 3146/2637/692 3084/618/692 1706/617/63
f 2910/2683/332 2986/2684/315 2997/2685/698 2923/2686/710
f 1816/983/2 3459/982/311 3443/2478/689 1815/2477/2
f 3252/2687/281 3314/2688/282 3329/2689/283 3268/2690/284
f 2922/2691/287 2998/2692/725 3009/2693/312 2933/2694/313
f 1707/2508/279 3099/2507/704 3162/2502/704 1725/2501/279
f 3245/2695/305 3309/2696/306 3313/2697/307 3249/2698/308
f 2489/2613/325 2493/2699/726 2494/2700/727 2492/2701/728
f 2492/2701/728 2494/2700/727 2497/2702/729 2496/2703/730
f 2490/2622/327 2496/2703/730 2497/2702/729 2495/2704/731
f 2495/2704/731 2497/2702/729 2500/2705/732 2499/2706/733
f 2491/940/330 2499/2706/733 2500/2705/732 2498/2707/734
f 2498/2707/734 2500/2705/732 2494/2700/727 2493/2699/735
f 2494/2700/727 2500/2705/732 2497/2702/729
f 2501/2623/300 2505/2708/736 2506/2709/737 2504/2710/728
f 2504/2710/728 2506/2709/737 2509/2711/738 2508/2712/730
f 2502/2634/288 2508/2712/730 2509/2711/738 2507/2713/739
f 2507/2713/739 2509/2711/738 2512/2714/740 2511/2715/741
f 2503/939/267 2511/2715/741 2512/2714/740 2510/2716/742
f 2510/2716/742 2512/2714/740 2506/2709/737 2505/2708/736
f 2506/2709/737 2512/2714/740 2509/2711/738
f 2521/652/271 2525/2717/743 2526/2718/744 2524/2719/745
f 2524/2719/745 2526/2718/744 2529/2720/746 2528/2721/747
f 2522/2573/314 2528/2721/747 2529/2720/746 2527/2722/748
f 2527/2722/748 2529/2720/746 2532/2723/749 2531/2724/750
f 2523/901/326 2531/2724/750 2532/2723/749 2530/2725/751
f 2530/2725/751 2532/2723/749 2526/2718/744 2525/2717/743
f 2526/2718/744 2532/2723/749 2529/2720/746
f 2533/653/269 2537/2726/752 2538/2727/744 2536/2728/753
f 2536/2728/753 2538/2727/744 2541/2729/746 2540/2730/747
f 2534/2577/314 2540/2730/747 2541/2729/746 2539/2731/748
f 2539/2731/748 2541/2729/746 2544/2732/749 2543/2733/750
f 2535/2576/316 2543/2733/750 2544/2732/749 2542/2734/754
f 2542/2734/754 2544/2732/749 2538/2727/744 2537/2726/752
f 2538/2727/744 2544/2732/749 2541/2729/746
f 2545/2559/269 2549/2735/752 2550/2736/755 2548/2737/753
f 2548/2737/753 2550/2736/755 2553/2738/746 2552/2739/747
f 2546/2585/314 2552/2739/747 2553/2738/746 2551/2740/748
f 2551/2740/748 2553/2738/746 2556/2741/749 2555/2742/750
f 2547/2580/316 2555/2742/750 2556/2741/749 2554/2743/754
f 2554/2743/754 2556/2741/749 2550/2736/755 2549/2735/752
f 2550/2736/755 2556/2741/749 2553/2738/746
f 2557/2561/269 2561/2744/752 2562/2745/744 2560/2746/745
f 2560/2746/745 2562/2745/744 2565/2747/746 2564/2748/747
f 2558/2589/314 2564/2748/747 2565/2747/746 2563/2749/748
f 2563/2749/748 2565/2747/746 2568/2750/756 2567/2751/750
f 2559/2588/316 2567/2751/750 2568/2750/756 2566/2752/757
f 2566/2752/757 2568/2750/756 2562/2745/744 2561/2744/752
f 2562/2745/744 2568/2750/756 2565/2747/746
f 2569/2563/269 2573/2753/752 2574/2754/758 2572/2755/745
f 2572/2755/745 2574/2754/758 2577/2756/746 2576/2757/759
f 2570/2597/332 2576/2757/759 2577/2756/746 2575/2758/748
f 2575/2758/748 2577/2756/746 2580/2759/749 2579/2760/750
f 2571/2592/316 2579/2760/750 2580/2759/749 2578/2761/754
f 2578/2761/754 2580/2759/749 2574/2754/758 2573/2753/752
f 2574/2754/758 2580/2759/749 2577/2756/746
f 2581/2565/685 2585/2762/752 2586/2763/760 2584/2764/761
f 2584/2764/761 2586/2763/760 2589/2765/762 2588/2766/763
f 2582/2603/287 2588/2766/764 2589/2765/762 2587/2767/748
f 2587/2767/748 2589/2765/762 2592/2768/749 2591/2769/750
f 2583/2600/316 2591/2769/750 2592/2768/749 2590/2770/765
f 2590/2770/765 2592/2768/749 2586/2763/760 2585/2762/752
f 2586/2763/760 2592/2768/749 2589/2765/762
f 2601/900/325 2605/2771/726 2606/2772/737 2604/2773/728
f 2604/2773/728 2606/2772/737 2609/2774/738 2608/2775/730
f 2602/2574/327 2608/2775/730 2609/2774/738 2607/2776/766
f 2607/2776/766 2609/2774/738 2612/2777/767 2611/2778/768
f 2603/2602/330 2611/2778/768 2612/2777/767 2610/2779/769
f 2610/2779/769 2612/2777/767 2606/2772/737 2605/2771/770
f 2606/2772/737 2612/2777/767 2609/2774/738
f 2613/2575/698 2617/2780/771 2618/2781/737 2616/2782/728
f 2616/2782/728 2618/2781/737 2621/2783/772 2620/2784/730
f 2614/2578/321 2620/2784/730 2621/2783/772 2619/2785/773
f 2619/2785/773 2621/2783/772 2624/2786/774 2623/2787/775
f 2615/2662/718 2623/2787/775 2624/2786/774 2622/2788/742
f 2622/2788/742 2624/2786/774 2618/2781/737 2617/2780/771
f 2618/2781/737 2624/2786/774 2621/2783/772
f 2625/2579/322 2630/2789/776 2631/2790/777 2629/2791/778
f 2629/2791/778 2631/2790/777 2634/2792/779 2633/2793/780
f 2626/2586/282 2633/2793/780 2634/2792/779 2632/2794/781
f 2632/2794/781 2634/2792/779 2637/2795/782 2636/2796/783
f 2627/934/295 2636/2796/783 2637/2795/782 2635/2797/784
f 2635/2797/784 2637/2795/782 2640/2798/785 2639/2799/786
f 2628/2664/787 2639/2799/788 2640/2798/788 2638/2800/788
f 2638/2800/789 2640/2798/785 2631/2790/777 2630/2789/776
f 2631/2790/777 2640/2798/785 2637/2795/782 2634/2792/779
f 2641/2587/283 2646/2801/790 2647/2802/791 2645/2803/792
f 2645/2803/792 2647/2802/791 2650/2804/793 2649/2805/794
f 2642/2590/299 2649/2805/794 2650/2804/793 2648/2806/795
f 2648/2806/796 2650/2804/793 2653/2807/797 2652/2808/798
f 2643/2555/799 2652/2808/800 2653/2807/800 2651/2809/800
f 2651/2809/801 2653/2807/797 2656/2810/802 2655/2811/803
f 2644/937/294 2655/2811/803 2656/2810/802 2654/2812/804
f 2654/2812/804 2656/2810/802 2647/2802/791 2646/2801/790
f 2647/2802/791 2656/2810/802 2653/2807/797 2650/2804/793
f 2657/2591/300 2661/2813/805 2662/2814/806 2660/2815/728
f 2660/2815/728 2662/2814/806 2665/2816/738 2664/2817/730
f 2658/2598/315 2664/2817/730 2665/2816/738 2663/2818/731
f 2663/2818/731 2665/2816/738 2668/2819/732 2667/2820/768
f 2659/928/268 2667/2820/768 2668/2819/732 2666/2821/807
f 2666/2821/807 2668/2819/732 2662/2814/806 2661/2813/808
f 2662/2814/806 2668/2819/732 2665/2816/738
f 2669/2599/300 2673/2822/809 2674/2823/737 2672/2824/728
f 2672/2824/728 2674/2823/737 2677/2825/810 2676/2826/730
f 2670/2604/288 2676/2826/730 2677/2825/810 2675/2827/739
f 2675/2827/739 2677/2825/810 2680/2828/740 2679/2829/811
f 2671/927/267 2679/2829/811 2680/2828/740 2678/2830/742
f 2678/2830/742 2680/2828/740 2674/2823/737 2673/2822/809
f 2674/2823/737 2680/2828/740 2677/2825/810
f 2689/933/326 2693/2831/750 2694/2832/749 2692/2833/812
f 2692/2833/812 2694/2832/749 2697/2834/755 2696/2835/743
f 2690/2536/693 2696/2835/743 2697/2834/755 2695/2836/813
f 2695/2836/813 2697/2834/755 2700/2837/814 2699/2838/759
f 2691/920/314 2699/2838/759 2700/2837/814 2698/2839/748
f 2698/2839/748 2700/2837/814 2694/2832/749 2693/2831/750
f 2694/2832/749 2700/2837/814 2697/2834/755
f 2701/923/316 2705/2840/815 2706/2841/756 2704/2842/816
f 2704/2842/816 2706/2841/756 2709/2843/817 2708/2844/818
f 2702/2537/694 2708/2844/818 2709/2843/817 2707/2845/819
f 2707/2845/819 2709/2843/817 2712/2846/746 2711/2847/820
f 2703/877/314 2711/2847/821 2712/2846/746 2710/2848/822
f 2710/2848/822 2712/2846/746 2706/2841/756 2705/2840/815
f 2706/2841/756 2712/2846/746 2709/2843/817
f 2713/880/323 2718/2849/823 2719/2850/824 2717/2851/825
f 2717/2851/826 2719/2850/824 2722/2852/827 2721/2853/828
f 2714/2539/829 2721/2853/829 2722/2852/829 2720/2854/829
f 2720/2854/830 2722/2852/827 2725/2855/831 2724/2856/832
f 2715/935/296 2724/2856/832 2725/2855/831 2723/2857/833
f 2723/2857/833 2725/2855/831 2728/2858/834 2727/2859/835
f 2716/2541/281 2727/2859/835 2728/2858/834 2726/2860/836
f 2726/2860/836 2728/2858/834 2719/2850/824 2718/2849/823
f 2719/2850/824 2728/2858/834 2725/2855/831 2722/2852/827
f 2729/936/293 2734/2861/837 2735/2862/838 2733/2863/839
f 2733/2863/839 2735/2862/838 2738/2864/840 2737/2865/841
f 2730/2546/842 2737/2865/843 2738/2864/843 2736/2866/843
f 2736/2866/844 2738/2864/840 2741/2867/845 2740/2868/846
f 2731/871/298 2740/2868/846 2741/2867/845 2739/2869/847
f 2739/2869/847 2741/2867/845 2744/2870/848 2743/2871/849
f 2732/2544/284 2743/2871/849 2744/2870/848 2742/2872/850
f 2742/2872/850 2744/2870/848 2735/2862/838 2734/2861/837
f 2735/2862/838 2744/2870/848 2741/2867/845 2738/2864/840
f 2745/874/318 2749/2873/815 2750/2874/851 2748/2875/852
f 2748/2875/852 2750/2874/851 2753/2876/760 2752/2877/853
f 2746/2547/269 2752/2877/853 2753/2876/760 2751/2878/854
f 2751/2878/854 2753/2876/760 2756/2879/746 2755/2880/855
f 2747/865/314 2755/2880/855 2756/2879/746 2754/2881/748
f 2754/2881/748 2756/2879/746 2750/2874/851 2749/2873/815
f 2750/2874/851 2756/2879/746 2753/2876/760
f 2757/868/316 2761/2882/750 2762/2883/749 2760/2884/757
f 2760/2884/757 2762/2883/749 2765/2885/760 2764/2886/752
f 2758/2549/685 2764/2886/752 2765/2885/760 2763/2887/761
f 2763/2887/761 2765/2885/760 2768/2888/746 2767/2889/856
f 2759/861/287 2767/2889/764 2768/2888/746 2766/2890/748
f 2766/2890/748 2768/2888/746 2762/2883/749 2761/2882/750
f 2762/2883/749 2768/2888/746 2765/2885/760
f 2777/932/325 2781/2891/726 2782/2892/737 2780/2893/728
f 2780/2893/728 2782/2892/737 2785/2894/738 2784/2895/730
f 2778/921/327 2784/2895/730 2785/2894/738 2783/2896/857
f 2783/2896/857 2785/2894/738 2788/2897/767 2787/2898/768
f 2779/2583/330 2787/2898/768 2788/2897/767 2786/2899/734
f 2786/2899/734 2788/2897/767 2782/2892/737 2781/2891/858
f 2782/2892/737 2788/2897/767 2785/2894/738
f 2789/922/300 2793/2900/771 2794/2901/859 2792/2902/728
f 2792/2902/728 2794/2901/859 2797/2903/860 2796/2904/730
f 2790/878/321 2796/2904/730 2797/2903/860 2795/2905/773
f 2795/2905/773 2797/2903/860 2800/2906/861 2799/2907/862
f 2791/2582/320 2799/2907/862 2800/2906/861 2798/2908/863
f 2798/2908/863 2800/2906/861 2794/2901/859 2793/2900/771
f 2794/2901/859 2800/2906/861 2797/2903/860
f 2801/879/322 2806/2909/864 2807/2910/865 2805/2911/778
f 2805/2911/778 2807/2910/865 2810/2912/779 2809/2913/780
f 2802/2542/282 2809/2913/780 2810/2912/779 2808/2914/781
f 2808/2914/781 2810/2912/779 2813/2915/866 2812/2916/867
f 2803/2593/700 2812/2916/867 2813/2915/866 2811/2917/868
f 2811/2917/868 2813/2915/866 2816/2918/869 2815/2919/786
f 2804/2533/870 2815/2919/870 2816/2918/870 2814/2920/870
f 2814/2920/871 2816/2918/869 2807/2910/865 2806/2909/864
f 2807/2910/865 2816/2918/869 2813/2915/866 2810/2912/779
f 2817/2543/283 2822/2921/872 2823/2922/873 2821/2923/792
f 2821/2923/792 2823/2922/873 2826/2924/874 2825/2925/794
f 2818/872/299 2825/2925/794 2826/2924/874 2824/2926/795
f 2824/2926/796 2826/2924/874 2829/2927/875 2828/2928/876
f 2819/655/877 2828/2928/877 2829/2927/877 2827/2929/877
f 2827/2929/878 2829/2927/875 2832/2930/879 2831/2931/803
f 2820/2596/294 2831/2931/803 2832/2930/879 2830/2932/804
f 2830/2932/804 2832/2930/879 2823/2922/873 2822/2921/872
f 2823/2922/873 2832/2930/879 2829/2927/875 2826/2924/874
f 2833/873/300 2837/2933/880 2838/2934/737 2836/2935/728
f 2836/2935/728 2838/2934/737 2841/2936/729 2840/2937/881
f 2834/866/315 2840/2937/881 2841/2936/729 2839/2938/857
f 2839/2938/857 2841/2936/729 2844/2939/882 2843/2940/768
f 2835/645/268 2843/2940/768 2844/2939/882 2842/2941/883
f 2842/2941/883 2844/2939/882 2838/2934/737 2837/2933/884
f 2838/2934/737 2844/2939/882 2841/2936/729
f 2845/867/300 2849/2942/809 2850/2943/806 2848/2944/728
f 2848/2944/728 2850/2943/806 2853/2945/885 2852/2946/886
f 2846/862/288 2852/2946/886 2853/2945/885 2851/2947/739
f 2851/2947/739 2853/2945/885 2856/2948/740 2855/2949/811
f 2847/644/267 2855/2949/811 2856/2948/740 2854/2950/863
f 2854/2950/863 2856/2948/740 2850/2943/806 2849/2942/809
f 2850/2943/806 2856/2948/740 2853/2945/885
f 2865/1001/333 2869/2951/887 2870/2952/744 2868/2953/888
f 2868/2953/888 2870/2952/744 2873/2954/889 2872/2955/820
f 2866/2671/332 2872/2955/890 2873/2954/889 2871/2956/748
f 2871/2956/748 2873/2954/889 2876/2957/749 2875/2958/750
f 2867/2670/719 2875/2958/750 2876/2957/749 2874/2959/812
f 2874/2959/812 2876/2957/749 2870/2952/744 2869/2951/887
f 2870/2952/744 2876/2957/749 2873/2954/889
f 2877/1002/891 2882/2960/891 2883/2961/892 2881/2962/891
f 2881/2962/893 2883/2961/894 2886/2963/895 2885/2964/832
f 2878/2594/701 2885/2964/832 2886/2963/895 2884/2965/896
f 2884/2965/896 2886/2963/895 2889/2966/897 2888/2967/898
f 2879/2521/281 2888/2967/898 2889/2966/897 2887/2968/836
f 2887/2968/836 2889/2966/897 2892/2969/899 2891/2970/823
f 2880/2674/323 2891/2970/823 2892/2969/899 2890/2971/900
f 2890/2971/826 2892/2969/899 2883/2961/894 2882/2960/901
f 2883/2961/894 2892/2969/899 2889/2966/897 2886/2963/895
f 2893/2595/293 2898/2972/902 2899/2973/903 2897/2974/904
f 2897/2974/904 2899/2973/903 2902/2975/840 2901/2976/905
f 2894/2526/906 2901/2976/906 2902/2975/907 2900/2977/906
f 2900/2977/908 2902/2975/840 2905/2978/909 2904/2979/910
f 2895/2675/298 2904/2979/910 2905/2978/909 2903/2980/847
f 2903/2980/847 2905/2978/909 2908/2981/848 2907/2982/849
f 2896/2524/284 2907/2982/849 2908/2981/848 2906/2983/911
f 2906/2983/911 2908/2981/848 2899/2973/903 2898/2972/902
f 2899/2973/903 2908/2981/848 2905/2978/909 2902/2975/840
f 2909/2527/273 2913/2984/912 2914/2985/913 2912/2986/914
f 2912/2986/914 2914/2985/913 2917/2987/915 2916/2988/916
f 2910/2683/332 2916/2988/916 2917/2987/915 2915/2989/748
f 2915/2989/748 2917/2987/915 2920/2990/756 2919/2991/750
f 2911/2678/318 2919/2991/750 2920/2990/756 2918/2992/852
f 2918/2992/852 2920/2990/756 2914/2985/913 2913/2984/912
f 2914/2985/913 2920/2990/756 2917/2987/915
f 2921/2529/269 2925/2993/917 2926/2994/755 2924/2995/918
f 2924/2995/918 2926/2994/755 2929/2996/919 2928/2997/856
f 2922/2691/287 2928/2997/920 2929/2996/919 2927/2998/921
f 2927/2998/921 2929/2996/919 2932/2999/749 2931/3000/750
f 2923/2686/710 2931/3000/750 2932/2999/749 2930/3001/754
f 2930/3001/754 2932/2999/749 2926/2994/755 2925/2993/917
f 2926/2994/755 2932/2999/749 2929/2996/919
f 2941/2669/325 2945/3002/922 2946/3003/806 2944/3004/728
f 2944/3004/728 2946/3003/806 2949/3005/860 2948/3006/886
f 2942/2672/321 2948/3006/886 2949/3005/860 2947/3007/773
f 2947/3007/773 2949/3005/860 2952/3008/923 2951/3009/924
f 2943/875/320 2951/3009/924 2952/3008/923 2950/3010/925
f 2950/3010/925 2952/3008/923 2946/3003/806 2945/3002/735
f 2946/3003/806 2952/3008/923 2949/3005/860
f 2953/2673/720 2958/3011/926 2959/3012/865 2957/3013/778
f 2957/3013/778 2959/3012/865 2962/3014/779 2961/3015/780
f 2954/2522/282 2961/3015/780 2962/3014/779 2960/3016/927
f 2960/3016/927 2962/3014/779 2965/3017/782 2964/3018/867
f 2955/2649/295 2964/3018/867 2965/3017/782 2963/3019/784
f 2963/3019/784 2965/3017/782 2968/3020/928 2967/3021/786
f 2956/869/787 2967/3021/787 2968/3020/787 2966/3022/787
f 2966/3022/789 2968/3020/928 2959/3012/865 2958/3011/926
f 2959/3012/865 2968/3020/928 2965/3017/782 2962/3014/779
f 2969/2523/283 2974/3023/872 2975/3024/873 2973/3025/792
f 2973/3025/792 2975/3024/873 2978/3026/929 2977/3027/794
f 2970/2676/721 2977/3027/794 2978/3026/929 2976/3028/930
f 2976/3028/796 2978/3026/929 2981/3029/875 2980/3030/798
f 2971/2518/877 2980/3030/877 2981/3029/931 2979/3031/877
f 2979/3031/932 2981/3029/875 2984/3032/933 2983/3033/803
f 2972/2652/714 2983/3033/803 2984/3032/933 2982/3034/804
f 2982/3034/804 2984/3032/933 2975/3024/873 2974/3023/872
f 2975/3024/873 2984/3032/933 2981/3029/875 2978/3026/929
f 2985/2677/698 2989/3035/880 2990/3036/727 2988/3037/728
f 2988/3037/728 2990/3036/727 2993/3038/729 2992/3039/881
f 2986/2684/315 2992/3039/881 2993/3038/729 2991/3040/934
f 2991/3040/934 2993/3038/729 2996/3041/767 2995/3042/768
f 2987/840/311 2995/3042/768 2996/3041/767 2994/3043/807
f 2994/3043/807 2996/3041/767 2990/3036/727 2989/3035/884
f 2990/3036/727 2996/3041/767 2993/3038/729
f 2997/2685/698 3001/3044/771 3002/3045/806 3000/3046/728
f 3000/3046/728 3002/3045/806 3005/3047/885 3004/3048/886
f 2998/2692/725 3004/3048/886 3005/3047/885 3003/3049/739
f 3003/3049/739 3005/3047/885 3008/3050/935 3007/3051/936
f 2999/814/304 3007/3051/936 3008/3050/935 3006/3052/937
f 3006/3052/937 3008/3050/935 3002/3045/806 3001/3044/771
f 3002/3045/806 3008/3050/935 3005/3047/885
f 3017/810/829 3022/3053/829 3023/3054/829 3021/3055/829
f 3021/3055/938 3023/3054/894 3026/3056/895 3025/3057/832
f 3018/2650/296 3025/3057/832 3026/3056/895 3024/3058/896
f 3024/3058/896 3026/3056/895 3029/3059/834 3028/3060/835
f 3019/726/281 3028/3060/835 3029/3059/834 3027/3061/836
f 3027/3061/836 3029/3059/834 3032/3062/899 3031/3063/823
f 3020/2610/308 3031/3063/823 3032/3062/899 3030/3064/939
f 3030/3064/939 3032/3062/899 3023/3054/894 3022/3053/940
f 3023/3054/894 3032/3062/899 3029/3059/834 3026/3056/895
f 3033/2651/297 3038/3065/837 3039/3066/838 3037/3067/839
f 3037/3067/839 3039/3066/838 3042/3068/941 3041/3069/942
f 3034/2510/843 3041/3069/943 3042/3068/943 3040/3070/943
f 3040/3070/944 3042/3068/941 3045/3071/945 3044/3072/946
f 3035/2615/709 3044/3072/946 3045/3071/945 3043/3073/847
f 3043/3073/847 3045/3071/945 3048/3074/947 3047/3075/849
f 3036/729/284 3047/3075/849 3048/3074/947 3046/3076/948
f 3046/3076/948 3048/3074/947 3039/3066/838 3038/3065/837
f 3039/3066/838 3048/3074/947 3045/3071/945 3042/3068/941
f 3049/2511/273 3053/3077/949 3054/3078/913 3052/3079/914
f 3052/3079/914 3054/3078/913 3057/3080/915 3056/3081/916
f 3050/2629/332 3056/3081/916 3057/3080/915 3055/3082/748
f 3055/3082/748 3057/3080/915 3060/3083/756 3059/3084/750
f 3051/2618/318 3059/3084/750 3060/3083/756 3058/3085/852
f 3058/3085/852 3060/3083/756 3054/3078/913 3053/3077/949
f 3054/3078/913 3060/3083/756 3057/3080/915
f 3061/2513/269 3065/3086/917 3066/3087/755 3064/3088/918
f 3064/3088/918 3066/3087/755 3069/3089/950 3068/3090/856
f 3062/2639/287 3068/3090/920 3069/3089/950 3067/3091/921
f 3067/3091/921 3069/3089/950 3072/3092/749 3071/3093/750
f 3063/2632/710 3071/3093/750 3072/3092/749 3070/3094/754
f 3070/3094/754 3072/3092/749 3066/3087/755 3065/3086/917
f 3066/3087/755 3072/3092/749 3069/3089/950
f 3081/2609/307 3086/3095/951 3087/3096/777 3085/3097/778
f 3085/3097/778 3087/3096/777 3090/3098/779 3089/3099/780
f 3082/727/282 3089/3099/780 3090/3098/779 3088/3100/781
f 3088/3100/781 3090/3098/779 3093/3101/952 3092/3102/783
f 3083/1004/295 3092/3102/783 3093/3101/952 3091/3103/784
f 3091/3103/784 3093/3101/952 3096/3104/953 3095/3105/786
f 3084/618/954 3095/3105/954 3096/3104/954 3094/3106/954
f 3094/3106/955 3096/3104/953 3087/3096/777 3086/3095/951
f 3087/3096/777 3096/3104/953 3093/3101/952 3090/3098/779
f 3097/728/283 3102/3107/790 3103/3108/956 3101/3109/792
f 3101/3109/792 3103/3108/956 3106/3110/957 3105/3111/794
f 3098/2616/299 3105/3111/794 3106/3110/957 3104/3112/795
f 3104/3112/796 3106/3110/957 3109/3113/797 3108/3114/798
f 3099/2507/799 3108/3114/799 3109/3113/799 3107/3115/799
f 3107/3115/932 3109/3113/797 3112/3116/958 3111/3117/959
f 3100/1007/294 3111/3117/959 3112/3116/958 3110/3118/960
f 3110/3118/960 3112/3116/958 3103/3108/956 3102/3107/790
f 3103/3108/956 3112/3116/958 3109/3113/797 3106/3110/957
f 3113/2617/698 3117/3119/880 3118/3120/806 3116/3121/728
f 3116/3121/728 3118/3120/806 3121/3122/738 3120/3123/730
f 3114/2630/315 3120/3123/730 3121/3122/738 3119/3124/731
f 3119/3124/731 3121/3122/738 3124/3125/767 3123/3126/768
f 3115/994/311 3123/3126/768 3124/3125/767 3122/3127/807
f 3122/3127/807 3124/3125/767 3118/3120/806 3117/3119/961
f 3118/3120/806 3124/3125/767 3121/3122/738
f 3125/2631/698 3129/3128/962 3130/3129/806 3128/3130/728
f 3128/3130/728 3130/3129/806 3133/3131/810 3132/3132/730
f 3126/2640/288 3132/3132/730 3133/3131/810 3131/3133/739
f 3131/3133/739 3133/3131/810 3136/3134/935 3135/3135/963
f 3127/993/267 3135/3135/963 3136/3134/935 3134/3136/863
f 3134/3136/863 3136/3134/935 3130/3129/806 3129/3128/962
f 3130/3129/806 3136/3134/935 3133/3131/810
f 3145/819/308 3150/3137/823 3151/3138/824 3149/3139/964
f 3149/3139/964 3151/3138/824 3154/3140/827 3153/3141/940
f 3146/2637/829 3153/3141/829 3154/3140/829 3152/3142/829
f 3152/3142/893 3154/3140/827 3157/3143/965 3156/3144/832
f 3147/1005/296 3156/3144/832 3157/3143/965 3155/3145/833
f 3155/3145/833 3157/3143/965 3160/3146/834 3159/3147/835
f 3148/2497/281 3159/3147/835 3160/3146/834 3158/3148/836
f 3158/3148/836 3160/3146/834 3151/3138/824 3150/3137/823
f 3151/3138/824 3160/3146/834 3157/3143/965 3154/3140/827
f 3161/1006/293 3166/3149/837 3167/3150/903 3165/3151/839
f 3165/3151/839 3167/3150/903 3170/3152/941 3169/3153/966
f 3162/2502/842 3169/3153/843 3170/3152/843 3168/3154/843
f 3168/3154/967 3170/3152/941 3173/3155/968 3172/3156/969
f 3163/804/298 3172/3156/969 3173/3155/968 3171/3157/847
f 3171/3157/847 3173/3155/968 3176/3158/947 3175/3159/849
f 3164/2500/284 3175/3159/849 3176/3158/947 3174/3160/948
f 3174/3160/948 3176/3158/947 3167/3150/903 3166/3149/837
f 3167/3150/903 3176/3158/947 3173/3155/968 3170/3152/941
f 3177/807/301 3181/3161/750 3182/3162/756 3180/3163/852
f 3180/3163/852 3182/3162/756 3185/3164/913 3184/3165/853
f 3178/2503/685 3184/3165/853 3185/3164/913 3183/3166/970
f 3183/3166/970 3185/3164/913 3188/3167/814 3187/3168/971
f 3179/756/287 3187/3168/764 3188/3167/814 3186/3169/748
f 3186/3169/748 3188/3167/814 3182/3162/756 3181/3161/750
f 3182/3162/756 3188/3167/814 3185/3164/913
f 3197/818/307 3202/3170/972 3203/3171/777 3201/3172/778
f 3201/3172/778 3203/3171/777 3206/3173/779 3205/3174/780
f 3198/2498/282 3205/3174/780 3206/3173/779 3204/3175/781
f 3204/3175/781 3206/3173/779 3209/3176/973 3208/3177/867
f 3199/781/295 3208/3177/867 3209/3176/973 3207/3178/784
f 3207/3178/784 3209/3176/973 3212/3179/974 3211/3180/975
f 3200/2627/870 3211/3180/870 3212/3179/870 3210/3181/870
f 3210/3181/976 3212/3179/974 3203/3171/777 3202/3170/972
f 3203/3171/777 3212/3179/974 3209/3176/973 3206/3173/779
f 3213/2499/283 3218/3182/790 3219/3183/956 3217/3184/792
f 3217/3184/792 3219/3183/956 3222/3185/957 3221/3186/794
f 3214/805/299 3221/3186/794 3222/3185/957 3220/3187/795
f 3220/3187/796 3222/3185/957 3225/3188/977 3224/3189/798
f 3215/2495/799 3224/3189/800 3225/3188/800 3223/3190/800
f 3223/3190/878 3225/3188/977 3228/3191/978 3227/3192/803
f 3216/784/294 3227/3192/803 3228/3191/978 3226/3193/960
f 3226/3193/960 3228/3191/978 3219/3183/956 3218/3182/790
f 3219/3183/956 3228/3191/978 3225/3188/977 3222/3185/957
f 3229/806/300 3233/3194/880 3234/3195/727 3232/3196/728
f 3232/3196/728 3234/3195/727 3237/3197/979 3236/3198/881
f 3230/757/288 3236/3198/881 3237/3197/979 3235/3199/980
f 3235/3199/980 3237/3197/979 3240/3200/732 3239/3201/981
f 3231/754/286 3239/3201/981 3240/3200/732 3238/3202/883
f 3238/3202/883 3240/3200/732 3234/3195/727 3233/3194/884
f 3234/3195/727 3240/3200/732 3237/3197/979
f 3249/2698/308 3254/3203/823 3255/3204/824 3253/3205/939
f 3253/3205/939 3255/3204/824 3258/3206/827 3257/3207/982
f 3250/2626/983 3257/3207/983 3258/3206/983 3256/3208/983
f 3256/3208/830 3258/3206/827 3261/3209/831 3260/3210/984
f 3251/782/296 3260/3210/984 3261/3209/831 3259/3211/896
f 3259/3211/896 3261/3209/831 3264/3212/834 3263/3213/835
f 3252/2687/281 3263/3213/835 3264/3212/834 3262/3214/836
f 3262/3214/836 3264/3212/834 3255/3204/824 3254/3203/823
f 3255/3204/824 3264/3212/834 3261/3209/831 3258/3206/827
f 3265/783/297 3270/3215/837 3271/3216/838 3269/3217/839
f 3269/3217/839 3271/3216/838 3274/3218/941 3273/3219/966
f 3266/2488/843 3273/3219/843 3274/3218/843 3272/3220/843
f 3272/3220/944 3274/3218/941 3277/3221/968 3276/3222/846
f 3267/1121/298 3276/3222/846 3277/3221/968 3275/3223/847
f 3275/3223/847 3277/3221/968 3280/3224/947 3279/3225/849
f 3268/2690/284 3279/3225/849 3280/3224/947 3278/3226/948
f 3278/3226/948 3280/3224/947 3271/3216/838 3270/3215/837
f 3271/3216/838 3280/3224/947 3277/3221/968 3274/3218/941
f 3281/1124/301 3285/3227/750 3286/3228/985 3284/3229/986
f 3284/3229/986 3286/3228/985 3289/3230/987 3288/3231/988
f 3282/2489/273 3288/3231/988 3289/3230/987 3287/3232/745
f 3287/3232/745 3289/3230/987 3292/3233/814 3291/3234/855
f 3283/996/332 3291/3234/855 3292/3233/814 3290/3235/748
f 3290/3235/748 3292/3233/814 3286/3228/985 3285/3227/750
f 3286/3228/985 3292/3233/814 3289/3230/987
f 3293/999/316 3297/3236/750 3298/3237/749 3296/3238/989
f 3296/3238/989 3298/3237/749 3301/3239/990 3300/3240/991
f 3294/2491/685 3300/3240/991 3301/3239/990 3299/3241/761
f 3299/3241/761 3301/3239/990 3304/3242/889 3303/3243/992
f 3295/984/287 3303/3243/764 3304/3242/889 3302/3244/748
f 3302/3244/748 3304/3242/889 3298/3237/749 3297/3236/750
f 3298/3237/749 3304/3242/889 3301/3239/990
f 3313/2697/307 3318/3245/972 3319/3246/865 3317/3247/778
f 3317/3247/778 3319/3246/865 3322/3248/993 3321/3249/780
f 3314/2688/282 3321/3249/780 3322/3248/993 3320/3250/927
f 3320/3250/927 3322/3248/993 3325/3251/782 3324/3252/867
f 3315/760/291 3324/3252/867 3325/3251/782 3323/3253/994
f 3323/3253/995 3325/3251/782 3328/3254/869 3327/3255/996
f 3316/989/997 3327/3255/997 3328/3254/997 3326/3256/997
f 3326/3256/955 3328/3254/869 3319/3246/865 3318/3245/972
f 3319/3246/865 3328/3254/869 3325/3251/782 3322/3248/993
f 3329/2689/283 3334/3257/872 3335/3258/873 3333/3259/792
f 3333/3259/792 3335/3258/873 3338/3260/998 3337/3261/794
f 3330/1122/299 3337/3261/794 3338/3260/998 3336/3262/795
f 3336/3262/796 3338/3260/998 3341/3263/999 3340/3264/798
f 3331/707/799 3340/3264/800 3341/3263/800 3339/3265/800
f 3339/3265/1000 3341/3263/999 3344/3266/802 3343/3267/803
f 3332/763/294 3343/3267/803 3344/3266/802 3342/3268/804
f 3342/3268/804 3344/3266/802 3335/3258/873 3334/3257/872
f 3335/3258/873 3344/3266/802 3341/3263/999 3338/3260/998
f 3345/1123/300 3349/3269/880 3350/3270/727 3348/3271/728
f 3348/3271/728 3350/3270/727 3353/3272/979 3352/3273/881
f 3346/997/327 3352/3273/881 3353/3272/979 3351/3274/1001
f 3351/3274/1001 3353/3272/979 3356/3275/732 3355/3276/733
f 3347/2620/311 3355/3276/733 3356/3275/732 3354/3277/807
f 3354/3277/807 3356/3275/732 3350/3270/727 3349/3269/884
f 3350/3270/727 3356/3275/732 3353/3272/979
f 3357/998/300 3361/3278/771 3362/3279/737 3360/3280/728
f 3360/3280/728 3362/3279/737 3365/3281/860 3364/3282/730
f 3358/985/288 3364/3282/730 3365/3281/860 3363/3283/739
f 3363/3283/739 3365/3281/860 3368/3284/774 3367/3285/741
f 3359/704/278 3367/3285/741 3368/3284/774 3366/3286/1002
f 3366/3286/1002 3368/3284/774 3362/3279/737 3361/3278/771
f 3362/3279/737 3368/3284/774 3365/3281/860
f 3373/761/292 3377/3287/1003 3378/3288/1004 3376/3289/1005
f 3376/3289/1005 3378/3288/1004 3381/3290/1006 3380/3291/1007
f 3374/820/309 3380/3291/1007 3381/3290/1006 3379/3292/1008
f 3379/3292/1008 3381/3290/1006 3384/3293/1009 3383/3294/1010
f 3375/698/275 3383/3294/1010 3384/3293/1009 3382/3295/1011
f 3382/3295/1011 3384/3293/1009 3378/3288/1004 3377/3287/1012
f 3378/3288/1004 3384/3293/1009 3381/3290/1006
f 3385/762/293 3390/3296/837 3391/3297/1013 3389/3298/839
f 3389/3298/839 3391/3297/1013 3394/3299/1014 3393/3300/942
f 3386/708/842 3393/3300/843 3394/3299/843 3392/3301/843
f 3392/3301/908 3394/3299/1014 3397/3302/945 3396/3303/1015
f 3387/2645/298 3396/3303/1015 3397/3302/945 3395/3304/847
f 3395/3304/847 3397/3302/945 3400/3305/947 3399/3306/849
f 3388/823/284 3399/3306/849 3400/3305/947 3398/3307/948
f 3398/3307/948 3400/3305/947 3391/3297/1013 3390/3296/837
f 3391/3297/1013 3400/3305/947 3397/3302/945 3394/3299/1014
f 3401/2479/273 3405/3308/853 3406/3309/758 3404/3310/745
f 3404/3310/745 3406/3309/758 3409/3311/1016 3408/3312/855
f 3402/2653/332 3408/3312/855 3409/3311/1016 3407/3313/748
f 3407/3313/748 3409/3311/1016 3412/3314/749 3411/3315/750
f 3403/2648/301 3411/3315/750 3412/3314/749 3410/3316/852
f 3410/3316/852 3412/3314/749 3406/3309/758 3405/3308/853
f 3406/3309/758 3412/3314/749 3409/3311/1016
f 3413/2481/269 3417/3317/752 3418/3318/744 3416/3319/761
f 3416/3319/761 3418/3318/744 3421/3320/746 3420/3321/971
f 3414/2657/287 3420/3321/920 3421/3320/746 3419/3322/921
f 3419/3322/921 3421/3320/746 3424/3323/749 3423/3324/750
f 3415/2656/316 3423/3324/750 3424/3323/749 3422/3325/816
f 3422/3325/816 3424/3323/749 3418/3318/744 3417/3317/752
f 3418/3318/744 3424/3323/749 3421/3320/746
f 3429/821/310 3433/3326/1017 3434/3327/1018 3432/3328/1005
f 3432/3328/1005 3434/3327/1018 3437/3329/1006 3436/3330/1019
f 3430/2679/722 3436/3330/1019 3437/3329/1006 3435/3331/1020
f 3435/3331/1020 3437/3329/1006 3440/3332/1021 3439/3333/1022
f 3431/697/274 3439/3333/1022 3440/3332/1021 3438/3334/1023
f 3438/3334/1023 3440/3332/1021 3434/3327/1018 3433/3326/1017
f 3434/3327/1018 3440/3332/1021 3437/3329/1006
f 3441/822/283 3446/3335/872 3447/3336/873 3445/3337/792
f 3445/3337/792 3447/3336/873 3450/3338/929 3449/3339/794
f 3442/2646/299 3449/3339/794 3450/3338/929 3448/3340/795
f 3448/3340/796 3450/3338/929 3453/3341/1024 3452/3342/798
f 3443/2478/799 3452/3342/799 3453/3341/799 3451/3343/799
f 3451/3343/801 3453/3341/1024 3456/3344/958 3455/3345/1025
f 3444/2682/294 3455/3345/1025 3456/3344/958 3454/3346/804
f 3454/3346/804 3456/3344/958 3447/3336/873 3446/3335/872
f 3447/3336/873 3456/3344/958 3453/3341/1024 3450/3338/929
f 3457/2647/698 3461/3347/805 3462/3348/1026 3460/3349/728
f 3460/3349/728 3462/3348/1026 3465/3350/1027 3464/3351/730
f 3458/2654/315 3464/3351/730 3465/3350/1027 3463/3352/731
f 3463/3352/731 3465/3350/1027 3468/3353/774 3467/3354/768
f 3459/982/311 3467/3354/768 3468/3353/774 3466/3355/1028
f 3466/3355/1028 3468/3353/774 3462/3348/1026 3461/3347/961
f 3462/3348/1026 3468/3353/774 3465/3350/1027
f 3469/2655/300 3473/3356/1029 3474/3357/859 3472/3358/728
f 3472/3358/728 3474/3357/859 3477/3359/738 3476/3360/730
f 3470/2658/288 3476/3360/730 3477/3359/738 3475/3361/739
f 3475/3361/739 3477/3359/738 3480/3362/935 3479/3363/963
f 3471/962/304 3479/3363/963 3480/3362/935 3478/3364/937
f 3478/3364/937 3480/3362/935 3474/3357/859 3473/3356/1029
f 3474/3357/859 3480/3362/935 3477/3359/738
f 3489/3365/1030 3494/3366/1030 3495/3367/1030 3493/3368/1030
f 3493/3368/1031 3495/3367/1031 3498/3369/1031 3497/3370/1031
f 3490/2681/724 3497/3370/1032 3498/3369/1033 3496/3371/839
f 3496/3371/839 3498/3369/1034 3501/3372/941 3500/3373/942
f 3491/701/1035 3500/3373/1035 3501/3372/1035 3499/3374/1035
f 3499/3374/944 3501/3372/941 3504/3375/945 3503/3376/846
f 3492/2611/707 3503/3376/846 3504/3375/945 3502/3377/1036
f 3502/3377/1036 3504/3375/945 3495/3367/1037 3494/3366/1038
f 3495/3367/1037 3504/3375/945 3501/3372/941 3498/3369/1034
f 3505/673/273 3509/3378/912 3510/3379/758 3508/3380/745
f 3508/3380/745 3510/3379/758 3513/3381/814 3512/3382/855
f 3506/2621/332 3512/3382/855 3513/3381/814 3511/3383/748
f 3511/3383/748 3513/3381/814 3516/3384/749 3515/3385/750
f 3507/2614/318 3515/3385/750 3516/3384/749 3514/3386/852
f 3514/3386/852 3516/3384/749 3510/3379/758 3509/3378/912
f 3510/3379/758 3516/3384/749 3513/3381/814
f 3517/648/269 3521/3387/752 3522/3388/755 3520/3389/761
f 3520/3389/761 3522/3388/755 3525/3390/814 3524/3391/971
f 3518/2633/287 3524/3391/764 3525/3390/814 3523/3392/748
f 3523/3392/748 3525/3390/814 3528/3393/749 3527/3394/750
f 3519/2624/710 3527/3394/750 3528/3393/749 3526/3395/989
f 3526/3395/989 3528/3393/749 3522/3388/755 3521/3387/752
f 3522/3388/755 3528/3393/749 3525/3390/814
f 2485/2612/708 2487/3396/1039 2493/2699/726 2489/2613/325
f 2487/3396/1040 2488/3397/1041 2498/2707/734 2493/2699/735
f 2488/3397/1041 2486/3398/266 2491/940/330 2498/2707/734
f 2490/2622/327 2495/2704/731 2505/2708/736 2501/2623/300
f 2495/2704/731 2499/2706/733 2510/2716/742 2505/2708/736
f 2499/2706/733 2491/940/330 2503/939/267 2510/2716/742
f 2502/2634/288 2507/2713/739 2515/3399/1042 2513/2635/703
f 2507/2713/739 2511/2715/741 2516/3400/1043 2515/3399/1042
f 2511/2715/741 2503/939/267 2514/2572/277 2516/3400/1044
f 2518/695/44 2520/3401/1045 2525/2717/743 2521/652/271
f 2520/3401/1046 2519/3402/1047 2530/2725/751 2525/2717/743
f 2519/3402/1047 2517/898/305 2523/901/326 2530/2725/751
f 2521/652/271 2524/2719/745 2537/2726/752 2533/653/269
f 2524/2719/745 2528/2721/747 2542/2734/754 2537/2726/752
f 2528/2721/747 2522/2573/314 2535/2576/316 2542/2734/754
f 2533/653/269 2536/2728/753 2549/2735/752 2545/2559/269
f 2536/2728/753 2540/2730/747 2554/2743/754 2549/2735/752
f 2540/2730/747 2534/2577/314 2547/2580/316 2554/2743/754
f 2545/2559/269 2548/2737/753 2561/2744/752 2557/2561/269
f 2548/2737/753 2552/2739/747 2566/2752/757 2561/2744/752
f 2552/2739/747 2546/2585/314 2559/2588/316 2566/2752/757
f 2557/2561/269 2560/2746/745 2573/2753/752 2569/2563/269
f 2560/2746/745 2564/2748/747 2578/2761/754 2573/2753/752
f 2564/2748/747 2558/2589/314 2571/2592/316 2578/2761/754
f 2569/2563/269 2572/2755/745 2585/2762/752 2581/2565/685
f 2572/2755/745 2576/2757/759 2590/2770/765 2585/2762/752
f 2576/2757/759 2570/2597/332 2583/2600/316 2590/2770/765
f 2581/2565/685 2584/2764/761 2595/3403/1048 2593/2567/688
f 2584/2764/761 2588/2766/763 2596/3404/1049 2595/3403/1048
f 2588/2766/764 2582/2603/287 2594/2606/313 2596/3404/1050
f 2598/899/324 2600/3405/1051 2605/2771/726 2601/900/325
f 2600/3405/1052 2599/3406/1053 2610/2779/769 2605/2771/770
f 2599/3406/1053 2597/2558/702 2603/2602/330 2610/2779/769
f 2602/2574/327 2607/2776/766 2617/2780/771 2613/2575/698
f 2607/2776/766 2611/2778/768 2622/2788/742 2617/2780/771
f 2611/2778/768 2603/2602/330 2615/2662/718 2622/2788/742
f 2614/2578/321 2619/2785/773 2630/2789/776 2625/2579/322
f 2619/2785/773 2623/2787/775 2638/2800/789 2630/2789/776
f 2623/2787/775 2615/2662/718 2628/2664/319 2638/2800/1054
f 2626/2586/282 2632/2794/781 2646/2801/790 2641/2587/283
f 2632/2794/781 2636/2796/783 2654/2812/804 2646/2801/790
f 2636/2796/783 2627/934/295 2644/937/294 2654/2812/804
f 2642/2590/299 2648/2806/795 2661/2813/805 2657/2591/300
f 2648/2806/796 2652/2808/798 2666/2821/807 2661/2813/808
f 2652/2808/798 2643/2555/272 2659/928/268 2666/2821/807
f 2658/2598/315 2663/2818/731 2673/2822/809 2669/2599/300
f 2663/2818/731 2667/2820/768 2678/2830/742 2673/2822/809
f 2667/2820/768 2659/928/268 2671/927/267 2678/2830/742
f 2670/2604/288 2675/2827/739 2683/3407/1055 2681/2605/703
f 2675/2827/739 2679/2829/811 2684/3408/1056 2683/3407/1055
f 2679/2829/811 2671/927/267 2682/2569/277 2684/3408/1057
f 2686/2644/713 2688/3409/1058 2696/2835/743 2690/2536/693
f 2688/3409/1059 2687/3410/1047 2692/2833/812 2696/2835/743
f 2687/3410/1047 2685/930/305 2689/933/326 2692/2833/812
f 2690/2536/693 2695/2836/813 2708/2844/818 2702/2537/694
f 2695/2836/813 2699/2838/759 2704/2842/816 2708/2844/818
f 2699/2838/759 2691/920/314 2701/923/316 2704/2842/816
f 2702/2537/694 2707/2845/819 2721/2853/828 2714/2539/695
f 2707/2845/819 2711/2847/820 2717/2851/826 2721/2853/828
f 2711/2847/821 2703/877/314 2713/880/323 2717/2851/825
f 2715/935/296 2723/2857/833 2734/2861/837 2729/936/293
f 2723/2857/833 2727/2859/835 2742/2872/850 2734/2861/837
f 2727/2859/835 2716/2541/281 2732/2544/284 2742/2872/850
f 2730/2546/276 2736/2866/1060 2752/2877/853 2746/2547/269
f 2736/2866/844 2740/2868/846 2748/2875/852 2752/2877/853
f 2740/2868/846 2731/871/298 2745/874/318 2748/2875/852
f 2746/2547/269 2751/2878/854 2764/2886/752 2758/2549/685
f 2751/2878/854 2755/2880/855 2760/2884/757 2764/2886/752
f 2755/2880/855 2747/865/314 2757/868/316 2760/2884/757
f 2758/2549/685 2763/2887/761 2772/3411/1061 2770/2551/270
f 2763/2887/761 2767/2889/856 2771/3412/1062 2772/3411/1061
f 2767/2889/764 2759/861/287 2769/864/313 2771/3412/1063
f 2774/931/329 2776/3413/1051 2781/2891/726 2777/932/325
f 2776/3413/1052 2775/3414/1053 2786/2899/734 2781/2891/858
f 2775/3414/1053 2773/2665/702 2779/2583/330 2786/2899/734
f 2778/921/327 2783/2896/857 2793/2900/771 2789/922/300
f 2783/2896/857 2787/2898/768 2798/2908/863 2793/2900/771
f 2787/2898/768 2779/2583/330 2791/2582/320 2798/2908/863
f 2790/878/321 2795/2905/773 2806/2909/864 2801/879/322
f 2795/2905/773 2799/2907/862 2814/2920/871 2806/2909/864
f 2799/2907/862 2791/2582/320 2804/2533/699 2814/2920/1064
f 2802/2542/282 2808/2914/781 2822/2921/872 2817/2543/283
f 2808/2914/781 2812/2916/867 2830/2932/804 2822/2921/872
f 2812/2916/867 2803/2593/700 2820/2596/294 2830/2932/804
f 2818/872/299 2824/2926/795 2837/2933/880 2833/873/300
f 2824/2926/796 2828/2928/876 2842/2941/883 2837/2933/884
f 2828/2928/876 2819/655/272 2835/645/268 2842/2941/883
f 2834/866/315 2839/2938/857 2849/2942/809 2845/867/300
f 2839/2938/857 2843/2940/768 2854/2950/863 2849/2942/809
f 2843/2940/768 2835/645/268 2847/644/267 2854/2950/863
f 2846/862/288 2851/2947/739 2859/3415/1065 2857/863/312
f 2851/2947/739 2855/2949/811 2860/3416/1056 2859/3415/1065
f 2855/2949/811 2847/644/267 2858/2553/705 2860/3416/1066
f 2862/2519/706 2864/3417/1067 2869/2951/887 2865/1001/333
f 2864/3417/1059 2863/3418/1068 2874/2959/812 2869/2951/887
f 2863/3418/1068 2861/2667/305 2867/2670/719 2874/2959/812
f 2865/1001/333 2868/2953/888 2882/2960/901 2877/1002/334
f 2868/2953/888 2872/2955/820 2890/2971/826 2882/2960/901
f 2872/2955/890 2866/2671/332 2880/2674/323 2890/2971/900
f 2878/2594/701 2884/2965/896 2898/2972/902 2893/2595/293
f 2884/2965/896 2888/2967/898 2906/2983/911 2898/2972/902
f 2888/2967/898 2879/2521/281 2896/2524/284 2906/2983/911
f 2894/2526/276 2900/2977/1069 2913/2984/912 2909/2527/273
f 2900/2977/908 2904/2979/910 2918/2992/852 2913/2984/912
f 2904/2979/910 2895/2675/298 2911/2678/318 2918/2992/852
f 2909/2527/273 2912/2986/914 2925/2993/917 2921/2529/269
f 2912/2986/914 2916/2988/916 2930/3001/754 2925/2993/917
f 2916/2988/916 2910/2683/332 2923/2686/710 2930/3001/754
f 2921/2529/269 2924/2995/918 2936/3419/1061 2934/2531/270
f 2924/2995/918 2928/2997/856 2935/3420/1062 2936/3419/1061
f 2928/2997/920 2922/2691/287 2933/2694/313 2935/3420/1063
f 2937/2668/324 2939/3421/1070 2945/3002/922 2941/2669/325
f 2939/3421/1071 2940/3422/1072 2950/3010/925 2945/3002/735
f 2940/3422/1072 2938/924/328 2943/875/320 2950/3010/925
f 2942/2672/321 2947/3007/773 2958/3011/926 2953/2673/720
f 2947/3007/773 2951/3009/924 2966/3022/789 2958/3011/926
f 2951/3009/924 2943/875/320 2956/869/319 2966/3022/1073
f 2954/2522/282 2960/3016/927 2974/3023/872 2969/2523/283
f 2960/3016/927 2964/3018/867 2982/3034/804 2974/3023/872
f 2964/3018/867 2955/2649/295 2972/2652/714 2982/3034/804
f 2970/2676/721 2976/3028/930 2989/3035/880 2985/2677/698
f 2976/3028/796 2980/3030/798 2994/3043/807 2989/3035/884
f 2980/3030/798 2971/2518/689 2987/840/311 2994/3043/807
f 2986/2684/315 2991/3040/934 3001/3044/771 2997/2685/698
f 2991/3040/934 2995/3042/768 3006/3052/937 3001/3044/771
f 2995/3042/768 2987/840/311 2999/814/304 3006/3052/937
f 2998/2692/725 3003/3049/739 3011/3423/1065 3009/2693/312
f 3003/3049/739 3007/3051/936 3012/3424/1056 3011/3423/1065
f 3007/3051/936 2999/814/304 3010/813/277 3012/3424/1044
f 3014/809/302 3016/3425/1074 3022/3053/940 3017/810/303
f 3016/3425/1074 3015/3426/1075 3030/3064/939 3022/3053/940
f 3015/3426/1075 3013/2607/305 3020/2610/308 3030/3064/939
f 3018/2650/296 3024/3058/896 3038/3065/837 3033/2651/297
f 3024/3058/896 3028/3060/835 3046/3076/948 3038/3065/837
f 3028/3060/835 3019/726/281 3036/729/284 3046/3076/948
f 3034/2510/276 3040/3070/1069 3053/3077/949 3049/2511/273
f 3040/3070/944 3044/3072/946 3058/3085/852 3053/3077/949
f 3044/3072/946 3035/2615/709 3051/2618/318 3058/3085/852
f 3049/2511/273 3052/3079/914 3065/3086/917 3061/2513/269
f 3052/3079/914 3056/3081/916 3070/3094/754 3065/3086/917
f 3056/3081/916 3050/2629/332 3063/2632/710 3070/3094/754
f 3061/2513/269 3064/3088/918 3075/3427/1061 3073/2515/270
f 3064/3088/918 3068/3090/856 3076/3428/1062 3075/3427/1061
f 3068/3090/920 3062/2639/287 3074/2642/313 3076/3428/1063
f 3078/2608/306 3080/3429/1076 3086/3095/951 3081/2609/307
f 3080/3429/1076 3079/3430/1077 3094/3106/955 3086/3095/951
f 3079/3430/1077 3077/619/266 3084/618/265 3094/3106/955
f 3082/727/282 3088/3100/781 3102/3107/790 3097/728/283
f 3088/3100/781 3092/3102/783 3110/3118/960 3102/3107/790
f 3092/3102/783 3083/1004/295 3100/1007/294 3110/3118/960
f 3098/2616/299 3104/3112/795 3117/3119/880 3113/2617/698
f 3104/3112/796 3108/3114/798 3122/3127/807 3117/3119/961
f 3108/3114/798 3099/2507/689 3115/994/311 3122/3127/807
f 3114/2630/315 3119/3124/731 3129/3128/962 3125/2631/698
f 3119/3124/731 3123/3126/768 3134/3136/863 3129/3128/962
f 3123/3126/768 3115/994/311 3127/993/267 3134/3136/863
f 3126/2640/288 3131/3133/739 3139/3431/1078 3137/2641/703
f 3131/3133/739 3135/3135/963 3140/3432/1043 3139/3431/1078
f 3135/3135/963 3127/993/267 3138/1130/277 3140/3432/1044
f 3142/1127/711 3144/3433/1079 3153/3141/940 3146/2637/712
f 3144/3433/1079 3143/3434/1075 3149/3139/964 3153/3141/940
f 3143/3434/1075 3141/816/305 3145/819/308 3149/3139/964
f 3147/1005/296 3155/3145/833 3166/3149/837 3161/1006/293
f 3155/3145/833 3159/3147/835 3174/3160/948 3166/3149/837
f 3159/3147/835 3148/2497/281 3164/2500/284 3174/3160/948
f 3162/2502/687 3168/3154/1080 3184/3165/853 3178/2503/685
f 3168/3154/967 3172/3156/969 3180/3163/852 3184/3165/853
f 3172/3156/969 3163/804/298 3177/807/301 3180/3163/852
f 3178/2503/685 3183/3166/970 3191/3435/1048 3189/2505/688
f 3183/3166/970 3187/3168/971 3192/3436/1049 3191/3435/1048
f 3187/3168/764 3179/756/287 3190/759/290 3192/3436/1081
f 3194/817/306 3196/3437/1082 3202/3170/972 3197/818/307
f 3196/3437/1082 3195/3438/1077 3210/3181/976 3202/3170/972
f 3195/3438/1077 3193/1126/702 3200/2627/715 3210/3181/976
f 3198/2498/282 3204/3175/781 3218/3182/790 3213/2499/283
f 3204/3175/781 3208/3177/867 3226/3193/960 3218/3182/790
f 3208/3177/867 3199/781/295 3216/784/294 3226/3193/960
f 3214/805/299 3220/3187/795 3233/3194/880 3229/806/300
f 3220/3187/796 3224/3189/798 3238/3202/883 3233/3194/884
f 3224/3189/798 3215/2495/272 3231/754/286 3238/3202/883
f 3230/757/288 3235/3199/980 3243/3439/1042 3241/758/289
f 3235/3199/980 3239/3201/981 3244/3440/1056 3243/3439/1042
f 3239/3201/981 3231/754/286 3242/753/277 3244/3440/1057
f 3246/2485/302 3248/3441/1083 3257/3207/982 3250/2626/303
f 3248/3441/1083 3247/3442/1084 3253/3205/939 3257/3207/982
f 3247/3442/1084 3245/2695/305 3249/2698/308 3253/3205/939
f 3251/782/296 3259/3211/896 3270/3215/837 3265/783/297
f 3259/3211/896 3263/3213/835 3278/3226/948 3270/3215/837
f 3263/3213/835 3252/2687/281 3268/2690/284 3278/3226/948
f 3266/2488/276 3272/3220/1085 3288/3231/988 3282/2489/273
f 3272/3220/944 3276/3222/846 3284/3229/986 3288/3231/988
f 3276/3222/846 3267/1121/298 3281/1124/301 3284/3229/986
f 3282/2489/273 3287/3232/745 3300/3240/991 3294/2491/685
f 3287/3232/745 3291/3234/855 3296/3238/989 3300/3240/991
f 3291/3234/855 3283/996/332 3293/999/316 3296/3238/989
f 3294/2491/685 3299/3241/761 3308/3443/1061 3306/2493/270
f 3299/3241/761 3303/3243/992 3307/3444/1062 3308/3443/1061
f 3303/3243/764 3295/984/287 3305/987/313 3307/3444/1050
f 3309/2696/306 3311/3445/1082 3318/3245/972 3313/2697/307
f 3311/3445/1082 3312/3446/1086 3326/3256/955 3318/3245/972
f 3312/3446/1086 3310/990/266 3316/989/265 3326/3256/955
f 3314/2688/282 3320/3250/927 3334/3257/872 3329/2689/283
f 3320/3250/927 3324/3252/867 3342/3268/804 3334/3257/872
f 3324/3252/867 3315/760/291 3332/763/294 3342/3268/804
f 3330/1122/299 3336/3262/795 3349/3269/880 3345/1123/300
f 3336/3262/796 3340/3264/798 3354/3277/807 3349/3269/884
f 3340/3264/798 3331/707/689 3347/2620/311 3354/3277/807
f 3346/997/327 3351/3274/1001 3361/3278/771 3357/998/300
f 3351/3274/1001 3355/3276/733 3366/3286/1002 3361/3278/771
f 3355/3276/733 3347/2620/311 3359/704/278 3366/3286/1002
f 3358/985/288 3363/3283/739 3371/3447/1055 3369/986/331
f 3363/3283/739 3367/3285/741 3372/3448/1056 3371/3447/1055
f 3367/3285/741 3359/704/278 3370/703/277 3372/3448/1087
f 3373/761/292 3376/3289/1005 3390/3296/837 3385/762/293
f 3376/3289/1005 3380/3291/1007 3398/3307/948 3390/3296/837
f 3380/3291/1007 3374/820/309 3388/823/284 3398/3307/948
f 3386/708/276 3392/3301/1085 3405/3308/853 3401/2479/273
f 3392/3301/908 3396/3303/1015 3410/3316/852 3405/3308/853
f 3396/3303/1015 3387/2645/298 3403/2648/301 3410/3316/852
f 3401/2479/273 3404/3310/745 3417/3317/752 3413/2481/269
f 3404/3310/745 3408/3312/855 3422/3325/816 3417/3317/752
f 3408/3312/855 3402/2653/332 3415/2656/316 3422/3325/816
f 3413/2481/269 3416/3319/761 3427/3449/1061 3425/2483/270
f 3416/3319/761 3420/3321/971 3428/3450/1088 3427/3449/1061
f 3420/3321/920 3414/2657/287 3426/2660/717 3428/3450/1089
f 3429/821/310 3432/3328/1005 3446/3335/872 3441/822/283
f 3432/3328/1005 3436/3330/1019 3454/3346/804 3446/3335/872
f 3436/3330/1019 3430/2679/722 3444/2682/294 3454/3346/804
f 3442/2646/299 3448/3340/795 3461/3347/805 3457/2647/698
f 3448/3340/796 3452/3342/798 3466/3355/1028 3461/3347/961
f 3452/3342/798 3443/2478/689 3459/982/311 3466/3355/1028
f 3458/2654/315 3463/3352/731 3473/3356/1029 3469/2655/300
f 3463/3352/731 3467/3354/768 3478/3364/937 3473/3356/1029
f 3467/3354/768 3459/982/311 3471/962/304 3478/3364/937
f 3470/2658/288 3475/3361/739 3483/3451/1090 3481/2659/716
f 3475/3361/739 3479/3363/963 3484/3452/1043 3483/3451/1090
f 3479/3363/963 3471/962/304 3482/961/277 3484/3452/1044
f 3486/2680/723 3488/3453/1091 3497/3370/1032 3490/2681/724
f 3488/3453/1091 3487/3454/1092 3493/3368/1093 3497/3370/1032
f 3487/3454/1092 3485/751/1094 3489/3365/1094 3493/3368/1093
f 3491/701/276 3499/3374/1085 3509/3378/912 3505/673/273
f 3499/3374/944 3503/3376/846 3514/3386/852 3509/3378/912
f 3503/3376/846 3492/2611/707 3507/2614/318 3514/3386/852
f 3505/673/273 3508/3380/745 3521/3387/752 3517/648/269
f 3508/3380/745 3512/3382/855 3526/3395/989 3521/3387/752
f 3512/3382/855 3506/2621/332 3519/2624/710 3526/3395/989
f 3517/648/269 3520/3389/761 3532/3455/1061 3530/649/270
f 3520/3389/761 3524/3391/971 3531/3456/1062 3532/3455/1061
f 3524/3391/764 3518/2633/287 3529/2636/313 3531/3456/1089
f 3485/751/1095 3487/3454/1096 3439/3333/1022 3431/697/274
f 3487/3454/1097 3488/3453/1091 3435/3331/1020 3439/3333/1022
f 3488/3453/1091 3486/2680/723 3430/2679/722 3435/3331/1020
f 3490/2681/724 3496/3371/839 3455/3345/1025 3444/2682/294
f 3496/3371/839 3500/3373/942 3451/3343/801 3455/3345/1025
f 3500/3373/942 3491/701/681 3443/2478/681 3451/3343/801
f 3431/697/274 3438/3334/1023 3383/3294/1010 3375/698/275
f 3438/3334/1023 3433/3326/1017 3379/3292/1008 3383/3294/1010
f 3433/3326/1017 3429/821/310 3374/820/309 3379/3292/1008
f 3441/822/283 3445/3337/792 3399/3306/849 3388/823/284
f 3445/3337/792 3449/3339/794 3395/3304/847 3399/3306/849
f 3449/3339/794 3442/2646/299 3387/2645/298 3395/3304/847
f 3457/2647/698 3460/3349/728 3411/3315/750 3403/2648/301
f 3460/3349/728 3464/3351/730 3407/3313/748 3411/3315/750
f 3464/3351/730 3458/2654/315 3402/2653/332 3407/3313/748
f 3469/2655/300 3472/3358/728 3423/3324/750 3415/2656/316
f 3472/3358/728 3476/3360/730 3419/3322/921 3423/3324/750
f 3476/3360/730 3470/2658/288 3414/2657/287 3419/3322/921
f 3481/2659/716 3483/3451/1090 3428/3450/1089 3426/2660/717
f 3483/3451/1090 3484/3452/1098 3427/3449/1098 3428/3450/1089
f 3484/3452/1099 3482/961/682 3425/2483/682 3427/3449/1099
f 3375/698/275 3382/3295/1011 3327/3255/996 3316/989/683
f 3382/3295/1011 3377/3287/1012 3323/3253/995 3327/3255/996
f 3377/3287/1003 3373/761/292 3315/760/291 3323/3253/994
f 3385/762/293 3389/3298/839 3343/3267/803 3332/763/294
f 3389/3298/839 3393/3300/942 3339/3265/1000 3343/3267/803
f 3393/3300/942 3386/708/280 3331/707/280 3339/3265/1000
f 3310/990/684 3312/3446/29 3248/3441/29 3246/2485/684
f 3312/3446/1100 3311/3445/1082 3247/3442/1084 3248/3441/1100
f 3311/3445/1082 3309/2696/306 3245/2695/305 3247/3442/1084
f 3313/2697/307 3317/3247/778 3254/3203/823 3249/2698/308
f 3317/3247/778 3321/3249/780 3262/3214/836 3254/3203/823
f 3321/3249/780 3314/2688/282 3252/2687/281 3262/3214/836
f 3329/2689/283 3333/3259/792 3279/3225/849 3268/2690/284
f 3333/3259/792 3337/3261/794 3275/3223/847 3279/3225/849
f 3337/3261/794 3330/1122/299 3267/1121/298 3275/3223/847
f 3345/1123/300 3348/3271/728 3285/3227/750 3281/1124/301
f 3348/3271/728 3352/3273/881 3290/3235/748 3285/3227/750
f 3352/3273/881 3346/997/327 3283/996/332 3290/3235/748
f 3357/998/300 3360/3280/728 3297/3236/750 3293/999/316
f 3360/3280/728 3364/3282/730 3302/3244/748 3297/3236/750
f 3364/3282/730 3358/985/288 3295/984/287 3302/3244/748
f 3369/986/331 3371/3447/1055 3307/3444/1050 3305/987/313
f 3371/3447/1055 3372/3448/1101 3308/3443/1101 3307/3444/1050
f 3372/3448/1099 3370/703/686 3306/2493/686 3308/3443/1099
f 3250/2626/692 3256/3208/830 3211/3180/975 3200/2627/692
f 3256/3208/830 3260/3210/984 3207/3178/784 3211/3180/975
f 3260/3210/984 3251/782/296 3199/781/295 3207/3178/784
f 3265/783/297 3269/3217/839 3227/3192/803 3216/784/294
f 3269/3217/839 3273/3219/966 3223/3190/878 3227/3192/803
f 3273/3219/966 3266/2488/704 3215/2495/704 3223/3190/878
f 3193/1126/335 3195/3438/1102 3144/3433/1102 3142/1127/335
f 3195/3438/1100 3196/3437/1082 3143/3434/1075 3144/3433/1100
f 3196/3437/1082 3194/817/306 3141/816/305 3143/3434/1075
f 3197/818/307 3201/3172/778 3150/3137/823 3145/819/308
f 3201/3172/778 3205/3174/780 3158/3148/836 3150/3137/823
f 3205/3174/780 3198/2498/282 3148/2497/281 3158/3148/836
f 3213/2499/283 3217/3184/792 3175/3159/849 3164/2500/284
f 3217/3184/792 3221/3186/794 3171/3157/847 3175/3159/849
f 3221/3186/794 3214/805/299 3163/804/298 3171/3157/847
f 3229/806/300 3232/3196/728 3181/3161/750 3177/807/301
f 3232/3196/728 3236/3198/881 3186/3169/748 3181/3161/750
f 3236/3198/881 3230/757/288 3179/756/287 3186/3169/748
f 3241/758/289 3243/3439/1042 3192/3436/1081 3190/759/290
f 3243/3439/1042 3244/3440/1098 3191/3435/1098 3192/3436/1081
f 3244/3440/1099 3242/753/682 3189/2505/682 3191/3435/1099
f 3146/2637/692 3152/3142/893 3095/3105/786 3084/618/692
f 3152/3142/893 3156/3144/832 3091/3103/784 3095/3105/786
f 3156/3144/832 3147/1005/296 3083/1004/295 3091/3103/784
f 3161/1006/293 3165/3151/839 3111/3117/959 3100/1007/294
f 3165/3151/839 3169/3153/966 3107/3115/932 3111/3117/959
f 3169/3153/966 3162/2502/704 3099/2507/704 3107/3115/932
f 3077/619/335 3079/3430/1102 3016/3425/1102 3014/809/335
f 3079/3430/30 3080/3429/1076 3015/3426/1075 3016/3425/30
f 3080/3429/1076 3078/2608/306 3013/2607/305 3015/3426/1075
f 3081/2609/307 3085/3097/778 3031/3063/823 3020/2610/308
f 3085/3097/778 3089/3099/780 3027/3061/836 3031/3063/823
f 3089/3099/780 3082/727/282 3019/726/281 3027/3061/836
f 3097/728/283 3101/3109/792 3047/3075/849 3036/729/284
f 3101/3109/792 3105/3111/794 3043/3073/847 3047/3075/849
f 3105/3111/794 3098/2616/299 3035/2615/709 3043/3073/847
f 3113/2617/698 3116/3121/728 3059/3084/750 3051/2618/318
f 3116/3121/728 3120/3123/730 3055/3082/748 3059/3084/750
f 3120/3123/730 3114/2630/315 3050/2629/332 3055/3082/748
f 3125/2631/698 3128/3130/728 3071/3093/750 3063/2632/710
f 3128/3130/728 3132/3132/730 3067/3091/921 3071/3093/750
f 3132/3132/730 3126/2640/288 3062/2639/287 3067/3091/921
f 3137/2641/703 3139/3431/1078 3076/3428/1063 3074/2642/313
f 3139/3431/1101 3140/3432/1103 3075/3427/1103 3076/3428/1101
f 3140/3432/1103 3138/1130/691 3073/2515/690 3075/3427/1103
f 3017/810/317 3021/3055/938 2967/3021/786 2956/869/317
f 3021/3055/938 3025/3057/832 2963/3019/784 2967/3021/786
f 3025/3057/832 3018/2650/296 2955/2649/295 2963/3019/784
f 3033/2651/297 3037/3067/839 2983/3033/803 2972/2652/714
f 3037/3067/839 3041/3069/942 2979/3031/932 2983/3033/803
f 3041/3069/942 3034/2510/681 2971/2518/681 2979/3031/932
f 2938/924/335 2940/3422/1104 2864/3417/1104 2862/2519/335
f 2940/3422/1104 2939/3421/1100 2863/3418/1100 2864/3417/1104
f 2939/3421/1070 2937/2668/324 2861/2667/305 2863/3418/1068
f 2941/2669/325 2944/3004/728 2875/2958/750 2867/2670/719
f 2944/3004/728 2948/3006/886 2871/2956/748 2875/2958/750
f 2948/3006/886 2942/2672/321 2866/2671/332 2871/2956/748
f 2953/2673/720 2957/3013/778 2891/2970/823 2880/2674/323
f 2957/3013/778 2961/3015/780 2887/2968/836 2891/2970/823
f 2961/3015/780 2954/2522/282 2879/2521/281 2887/2968/836
f 2969/2523/283 2973/3025/792 2907/2982/849 2896/2524/284
f 2973/3025/792 2977/3027/794 2903/2980/847 2907/2982/849
f 2977/3027/794 2970/2676/721 2895/2675/298 2903/2980/847
f 2985/2677/698 2988/3037/728 2919/2991/750 2911/2678/318
f 2988/3037/728 2992/3039/881 2915/2989/748 2919/2991/750
f 2992/3039/881 2986/2684/315 2910/2683/332 2915/2989/748
f 2997/2685/698 3000/3046/728 2931/3000/750 2923/2686/710
f 3000/3046/728 3004/3048/886 2927/2998/921 2931/3000/750
f 3004/3048/886 2998/2692/725 2922/2691/287 2927/2998/921
f 3009/2693/312 3011/3423/1065 2935/3420/1063 2933/2694/313
f 3011/3423/1101 3012/3424/37 2936/3419/37 2935/3420/1101
f 3012/3424/37 3010/813/690 2934/2531/690 2936/3419/37
f 2877/1002/692 2881/2962/893 2815/2919/786 2804/2533/692
f 2881/2962/893 2885/2964/832 2811/2917/868 2815/2919/786
f 2885/2964/832 2878/2594/701 2803/2593/700 2811/2917/868
f 2893/2595/293 2897/2974/904 2831/2931/803 2820/2596/294
f 2897/2974/904 2901/2976/905 2827/2929/878 2831/2931/803
f 2901/2976/905 2894/2526/681 2819/655/704 2827/2929/878
f 2773/2665/684 2775/3414/1102 2688/3409/1102 2686/2644/684
f 2775/3414/1100 2776/3413/1051 2687/3410/1047 2688/3409/1100
f 2776/3413/1051 2774/931/329 2685/930/305 2687/3410/1047
f 2777/932/325 2780/2893/728 2693/2831/750 2689/933/326
f 2780/2893/728 2784/2895/730 2698/2839/748 2693/2831/750
f 2784/2895/730 2778/921/327 2691/920/314 2698/2839/748
f 2789/922/300 2792/2902/728 2705/2840/815 2701/923/316
f 2792/2902/728 2796/2904/730 2710/2848/822 2705/2840/815
f 2796/2904/730 2790/878/321 2703/877/314 2710/2848/822
f 2801/879/322 2805/2911/778 2718/2849/823 2713/880/323
f 2805/2911/778 2809/2913/780 2726/2860/836 2718/2849/823
f 2809/2913/780 2802/2542/282 2716/2541/281 2726/2860/836
f 2817/2543/283 2821/2923/792 2743/2871/849 2732/2544/284
f 2821/2923/792 2825/2925/794 2739/2869/847 2743/2871/849
f 2825/2925/794 2818/872/299 2731/871/298 2739/2869/847
f 2833/873/300 2836/2935/728 2749/2873/815 2745/874/318
f 2836/2935/728 2840/2937/881 2754/2881/748 2749/2873/815
f 2840/2937/881 2834/866/315 2747/865/314 2754/2881/748
f 2845/867/300 2848/2944/728 2761/2882/750 2757/868/316
f 2848/2944/728 2852/2946/886 2766/2890/748 2761/2882/750
f 2852/2946/886 2846/862/288 2759/861/287 2766/2890/748
f 2857/863/312 2859/3415/1065 2771/3412/1063 2769/864/313
f 2859/3415/1101 2860/3416/1103 2772/3411/1103 2771/3412/1101
f 2860/3416/1103 2858/2553/690 2770/2551/691 2772/3411/1103
f 2714/2539/692 2720/2854/830 2639/2799/786 2628/2664/692
f 2720/2854/830 2724/2856/832 2635/2797/784 2639/2799/786
f 2724/2856/832 2715/935/296 2627/934/295 2635/2797/784
f 2729/936/293 2733/2863/839 2655/2811/803 2644/937/294
f 2733/2863/839 2737/2865/841 2651/2809/801 2655/2811/803
f 2737/2865/841 2730/2546/704 2643/2555/704 2651/2809/801
f 2597/2558/696 2599/3406/1102 2520/3401/1102 2518/695/696
f 2599/3406/1100 2600/3405/1051 2519/3402/1047 2520/3401/1100
f 2600/3405/1051 2598/899/324 2517/898/305 2519/3402/1047
f 2601/900/325 2604/2773/728 2531/2724/750 2523/901/326
f 2604/2773/728 2608/2775/730 2527/2722/748 2531/2724/750
f 2608/2775/730 2602/2574/327 2522/2573/314 2527/2722/748
f 2613/2575/698 2616/2782/728 2543/2733/750 2535/2576/316
f 2616/2782/728 2620/2784/730 2539/2731/748 2543/2733/750
f 2620/2784/730 2614/2578/321 2534/2577/314 2539/2731/748
f 2625/2579/322 2629/2791/778 2555/2742/750 2547/2580/316
f 2629/2791/778 2633/2793/780 2551/2740/748 2555/2742/750
f 2633/2793/780 2626/2586/282 2546/2585/314 2551/2740/748
f 2641/2587/283 2645/2803/792 2567/2751/750 2559/2588/316
f 2645/2803/792 2649/2805/794 2563/2749/748 2567/2751/750
f 2649/2805/794 2642/2590/299 2558/2589/314 2563/2749/748
f 2657/2591/300 2660/2815/728 2579/2760/750 2571/2592/316
f 2660/2815/728 2664/2817/730 2575/2758/748 2579/2760/750
f 2664/2817/730 2658/2598/315 2570/2597/332 2575/2758/748
f 2669/2599/300 2672/2824/728 2591/2769/750 2583/2600/316
f 2672/2824/728 2676/2826/730 2587/2767/748 2591/2769/750
f 2676/2826/730 2670/2604/288 2582/2603/287 2587/2767/748
f 2681/2605/703 2683/3407/1055 2596/3404/1050 2594/2606/313
f 2683/3407/1055 2684/3408/1105 2595/3403/1105 2596/3404/1050
f 2684/3408/1106 2682/2569/686 2593/2567/686 2595/3403/1106
f 2486/3398/1107 2488/3397/1108 3494/3366/1038 3489/3365/1107
f 2488/3397/1108 2487/3396/1039 3502/3377/1036 3494/3366/1038
f 2487/3396/1039 2485/2612/708 3492/2611/707 3502/3377/1036
f 2489/2613/325 2492/2701/728 3515/3385/750 3507/2614/318
f 2492/2701/728 2496/2703/730 3511/3383/748 3515/3385/750
f 2496/2703/730 2490/2622/327 3506/2621/332 3511/3383/748
f 2501/2623/300 2504/2710/728 3527/3394/750 3519/2624/710
f 2504/2710/728 2508/2712/730 3523/3392/748 3527/3394/750
f 2508/2712/730 2502/2634/288 3518/2633/287 3523/3392/748
f 2513/2635/703 2515/3399/1042 3531/3456/1089 3529/2636/313
f 2515/3399/1042 2516/3400/1109 3532/3455/1109 3531/3456/1089
f 2516/3400/1110 2514/2572/697 3530/649/697 3532/3455/1110
f 1492/941/2 2491/940/330 2486/3398/266 1491/3457/2
f 3533/327/146 3536/326/145 3538/3458/1111 3537/3459/1112
f 3536/326/145 3540/325/144 3541/3460/1113 3538/3458/1111
f 3534/324/143 3539/3461/1114 3541/3460/1113 3540/325/144
f 3539/3461/1114 3543/3462/1115 3544/3463/1116 3541/3460/1113
f 3535/3464/1117 3542/3465/1118 3544/3463/1116 3543/3462/1115
f 3542/3465/1118 3537/3459/1112 3538/3458/1111 3544/3463/1116
f 3538/3458/1111 3541/3460/1113 3544/3463/1116
f 2450/2455/657 2456/2453/655 2452/2450/652 2449/2449/651
f 3545/1562/349 3549/1564/351 3551/3466/1119 3550/3467/1120
f 3549/1564/351 3553/1563/350 3554/3468/1121 3551/3466/1119
f 3546/268/99 3552/271/102 3554/3468/1121 3553/1563/350
f 3552/271/102 3556/270/101 3557/3469/1122 3554/3468/1121
f 3547/269/100 3555/3470/1123 3557/3469/1122 3556/270/101
f 3555/3470/1123 3559/3471/1124 3560/3472/1125 3557/3469/1122
f 3548/3473/1126 3558/3474/1127 3560/3472/1125 3559/3471/1124
f 3558/3474/1127 3550/3467/1120 3551/3466/1119 3560/3472/1125
f 3551/3466/1119 3554/3468/1121 3557/3469/1122 3560/3472/1125
f 2433/2433/635 2434/2439/641 2441/2437/639 2437/2434/636
f 2214/372/173 2219/2286/487 2220/2284/485
f 1980/387/172 1991/3475/159 2214/372/173 1979/388/181
f 1979/388/181 2214/372/173 2220/2284/485 2213/2280/481
f 1991/3475/159 2002/3476/150 2001/373/174 2214/372/173
f 2219/2286/487 2214/372/173 2215/374/175 2223/2287/488
f 2002/3476/150 2014/311/134 2226/337/151 2001/373/174
f 2001/373/174 2226/337/151 2225/2290/491
f 2014/311/134 2026/310/133 2025/338/152 2226/337/151
f 2231/2296/497 2226/337/151 2227/339/153 2235/2297/498
f 2015/308/131 2016/3477/149 2237/293/119 2027/309/132
f 2016/3477/149 2238/290/116 2237/293/119
f 177/3478/1128 178/277/106 2036/280/109 2239/306/129
f 2247/2306/507 2239/306/129 2240/307/130 2251/2307/508
f 179/278/107 180/3479/1129 2310/261/95 2047/279/108
f 2047/279/108 2310/261/95 2317/2356/558 2309/2352/554
f 180/3480/1129 181/1537/346 2076/1540/96 2310/3481/95
f 2316/2358/560 2310/261/95 2311/225/67 2320/2359/561
f 2060/226/68 2312/222/64 2076/262/96 2075/227/69
f 2076/262/96 2312/222/64 2311/225/67
f 2059/229/71 2074/228/70 2073/231/73 2297/230/72
f 2300/2342/543 2297/230/72 2298/232/74 2304/2345/546
f 2058/233/75 2299/2350/551 2073/231/73 2072/234/76
f 2073/231/73 2299/2350/551 2298/232/74
f 2057/236/78 2071/235/77 2070/2383/347 2341/2375/577
f 2344/2376/578 2341/2375/577 2342/240/82 2348/2379/581
f 2325/2363/565 2343/237/79 2070/2383/347 2069/3482/348
f 2070/2383/347 2343/237/79 2342/240/82
f 2325/2363/565 2069/3482/348 2326/244/86
f 2329/2364/566 2325/2363/565 2326/244/86 2333/2367/569
f 176/330/148 177/3483/1128 2239/3484/129 2016/331/149
f 2016/3477/149 2239/306/129 2238/290/116
f 2056/3485/87 2327/241/83 2069/3482/348 2068/3486/88
f 2069/3482/348 2327/241/83 2326/244/86
f 2045/3487/97 2046/3488/1130 2327/241/83 2056/3485/87
f 2046/3488/1130 2328/2373/575 2327/241/83
f 2034/3489/110 2270/294/120 2046/3488/1130 2045/3487/97
f 2046/3488/1130 2270/294/120 2269/297/123
f 2271/2328/529 2272/2332/533 2283/2330/531 2279/2329/530
f 2035/3490/1131 2286/353/160 2285/356/163
f 2271/2328/529 2035/3490/1131 2272/2332/533
f 2024/3491/1132 2286/353/160 2035/3490/1131 2271/2328/529
f 2253/2310/511 2254/315/138 2261/2314/515 2257/2311/512
f 2286/353/160 2024/3491/1132 2254/315/138
f 2013/3492/1133 2287/2340/541 2253/2310/511
f 2287/2340/541 2286/353/160 2254/315/138 2253/2310/511
f 2087/2153/370 2079/2154/1134 2078/2150/367 2083/2151/368
f 2256/2320/521 2255/312/135 2012/3493/139
f 2256/2320/521 2012/3493/139 2000/3494/154 2078/2150/367
f 2079/2154/1134 2256/2320/521 2078/2150/367
f 2012/3493/139 2255/312/135 2024/3491/1132 2023/3495/1
f 2024/3491/1132 2255/312/135 2254/315/138
f 2023/3495/1 2024/3491/1132 2270/294/120 2034/3489/110
f 2024/3491/1132 2271/2328/529 2270/294/120
f 2091/2170/1135 2077/2144/388 2078/2150/367 2000/3494/154
f 2091/2170/1135 2000/3494/154 1990/3496/164 2090/2166/1136
f 2099/2169/1137 2091/2170/1135 2090/2166/1136 2095/2167/1137
f 2089/2160/376 2090/2166/382 1990/3496/164
f 2103/2178/395 2089/2160/376 2102/2159/375
f 2111/2177/394 2103/2178/395 2102/2159/375 2107/2175/392
f 2102/2159/375 2089/2160/376 1990/3496/164 1977/3497/176
f 2101/2156/372 2102/2159/375 1977/3497/176 1964/408/183
f 1965/407/189 2101/2156/372 1964/408/183
f 1938/3498/202 2114/450/212 1953/406/188 1952/409/190
f 1953/406/188 2114/450/212 2113/453/215
f 2126/2217/415 2132/2215/413 2128/2212/410 2125/2211/409
f 2126/2217/415 2125/2211/409 2115/2206/421 2114/450/212
f 1925/3499/216 2126/2217/415 2114/450/212 1938/3498/202
f 2138/2210/408 2145/2227/426 2141/2224/423 2137/2223/422
f 2138/2210/408 2137/2223/422 2127/2221/431 2126/2217/415
f 1914/3500/221 2138/2210/408 2126/2217/415 1925/3499/216
f 2139/484/230 2138/2210/408 1914/3500/221
f 1901/510/247 2139/3501/230 1914/468/221 1900/492/238
f 2154/2238/438 2161/2236/436 2157/2233/433 2153/2232/432
f 2154/2238/438 2153/2232/432 2140/485/231 2139/484/230
f 1902/3502/246 2154/2238/438 2139/484/230 1901/3503/247
f 2155/488/234 1926/449/211 2156/489/1138
f 1915/3504/220 1927/446/209 1926/449/211 2155/488/234
f 2169/3505/1139 2170/3506/1140 2172/3507/1141 2171/3508/1141
f 2174/426/198 2173/429/201 2170/3506/1140 2169/3505/1139
f 1940/447/208 2174/426/198 2169/3505/1139 1939/448/210
f 1940/447/208 2175/2254/454 2174/426/198
f 1941/425/1 1954/405/187 2175/3509/454 1940/444/208
f 2175/2254/454 2176/2258/458 2187/2256/456 2183/2255/455
f 2175/2254/454 2190/2266/465 2189/2260/471 2176/2258/458
f 1954/405/187 1966/404/186 2190/3510/465 2175/3509/454
f 2202/2244/444 2208/2276/476 2204/2273/473 2201/2272/472
f 2202/2244/444 2201/2272/472 1978/3511/1142 2191/3512/480
f 1966/404/186 2202/3513/444 2191/3514/480 2190/3510/465
f 1967/389/182 1979/388/181 2203/2245/445 2202/2244/444
f 1966/404/186 1967/402/182 2202/3513/444
f 1902/3502/246 2155/488/234 2154/2238/438
f 1903/483/229 1915/467/220 2155/3515/234 1902/508/246
f 1877/523/258 1894/522/257 2356/497/242 2355/496/241
f 1876/3516/264 1877/523/258 2355/496/241
f 1876/3516/264 2355/496/241 2354/524/259
f 1875/528/263 1876/550/264 2354/3517/259 1893/500/245
f 2354/524/259 2353/527/262 1911/3518/1143 1910/3519/228
f 1893/3520/245 2354/524/259 1910/3519/228
f 2475/2475/679 2474/472/224 1922/3521/219
f 1911/3518/1143 2475/2475/679 1922/3521/219 1910/3519/228
f 2474/472/224 2473/475/227 1935/433/205
f 1922/3521/219 2474/472/224 1935/433/205 1934/436/207
f 1948/434/206 2463/2467/1144 2462/415/193
f 1947/435/197 1948/434/206 2462/415/193 1960/3522/185
f 2462/415/193 2461/418/196 1973/379/178
f 1960/3522/185 2462/415/193 1973/379/178 1972/380/179
f 2007/345/157 2451/2459/661 2450/2455/657
f 2006/346/147 2007/345/157 2450/2455/657 2018/3523/128
f 3534/324/143 3535/3464/1117 3543/3462/1115 3539/3461/1114
f 2018/3523/128 2450/2455/657 2449/2449/651
f 2029/3524/115 2018/3523/128 2449/2449/651 3535/3464/1117
f 3534/324/143 2029/3524/115 3535/3464/1117
f 2038/275/105 3533/327/146 2039/272/103
f 2029/3524/115 3534/324/143 3533/327/146 2038/275/105
f 2420/1565/352 2419/1568/355 2062/3525/94
f 2050/273/104 2420/1565/352 2062/3525/94 2049/274/93
f 2419/1568/355 2418/256/90 773/3526/1145 774/3527/356
f 2062/3525/94 2419/1568/355 774/3527/356
f 2417/255/89 773/3526/1145 2418/256/90
f 2436/2447/649 2447/2445/647 2443/2444/646 2435/2443/645
f 2436/2447/649 2435/2443/645 772/3528/1146
f 2417/255/89 2436/2447/649 772/3528/1146 773/3526/1145
f 2434/2439/641 772/3528/1146 2435/2443/645
f 2063/1561/1 771/1560/1 772/3529/1146 2434/3530/641
f 3548/3473/1126 3559/3471/1124 3555/3470/1123 3547/269/100
f 2434/2439/641 3547/269/100 2063/3531/1
f 3548/3473/1126 3547/269/100 2434/2439/641 2433/2433/635
f 2051/3532/1147 3548/3473/1126 2433/2433/635
f 3546/268/99 2063/3531/1 3547/269/100
f 2052/254/1 2064/253/1 2063/1561/1 3546/3533/99
f 2041/267/98 2052/254/1 3546/3533/99
f 2040/3534/1148 2041/3535/98 3546/268/99 3545/1562/349
f 2040/3534/1148 2391/302/125 2041/3535/98
f 2030/3536/1149 2392/2415/617 2391/302/125 2040/3534/1148
f 2390/286/112 2041/3535/98 2391/302/125
f 2031/284/1 2042/266/1 2041/267/98 2390/3537/112
f 2020/321/124 2031/3538/1 2390/286/112
f 2019/322/141 2020/321/124 2390/286/112 2389/285/111
f 2378/361/166 2008/323/142 2379/362/1150
f 1997/3539/155 2009/320/140 2008/323/142 2378/361/166
f 1987/3540/165 1997/3539/155 2378/361/166 2377/2400/609
f 1986/3541/1151 1987/3540/165 2377/2400/609
f 2406/2392/593 1986/3541/1152 2407/2393/594
f 1974/395/177 1987/3540/165 1986/3541/1152 2406/2392/593
f 2370/3542/1153 2369/3543/1154 2371/3544/1154 2372/3545/1154
f 2370/3542/1153 2405/2417/619 2369/3543/1154
f 2370/3542/1153 2406/2392/593 2405/2417/619
f 1961/396/184 1974/395/177 2406/2392/593 2370/3542/1153
f 2374/2396/597 1949/414/192 2373/2397/598
f 1936/3546/204 1950/413/191 1949/414/192 2374/2396/597
