#File written by RizomUV 2023.0.70.ge90189e8. Compilation :Sep 22 2023,12:42:11
mtllib mesa de luz cuarto.mtl
#begin vertices
v 2.608538 9.890328 51.52062
v 2.608538 9.890328 44.23227
v 2.608538 15.12128 51.52062
v 2.608538 17.17868 49.46322
v 2.608538 15.90861 51.36401
v 2.608538 16.57608 50.91802
v 2.608538 17.02207 50.25055
v 2.608538 17.17868 46.28967
v 2.608538 15.12128 44.23227
v 2.608538 17.02207 45.50234
v 2.608538 16.57608 44.83487
v 2.608538 15.90861 44.38888
v 7.570168 10.17517 50.21965
v 7.486741 9.973754 50.36014
v 7.285328 9.890328 50.41833
v 2.608538 9.890328 50.41833
v 7.570168 10.17517 49.20352
v 7.486741 9.973754 49.28309
v 7.285328 9.890328 49.31604
v 2.608538 9.890328 49.31604
v 7.570168 10.17517 51.23578
v 7.285328 9.890328 51.52062
v 7.486741 9.973754 51.4372
v 7.570168 10.17517 44.51711
v 7.285328 9.890328 44.23227
v 7.486741 9.973754 44.3157
v 7.570168 16.89384 49.43516
v 7.285328 17.17868 49.46322
v 7.486741 17.09525 49.45501
v 7.570168 15.09323 51.23578
v 7.285328 15.12128 51.52062
v 7.486741 15.11307 51.4372
v 7.570168 16.75376 50.13942
v 7.285328 17.02207 50.25055
v 7.486741 16.94348 50.218
v 7.570168 16.37072 50.71266
v 7.285328 16.57608 50.91802
v 7.486741 16.51593 50.85787
v 7.570168 15.79747 51.0957
v 7.285328 15.90861 51.36401
v 7.486741 15.87606 51.28542
v 7.570168 15.09323 44.51711
v 7.285328 15.12128 44.23227
v 7.486741 15.11307 44.31569
v 7.570168 16.89384 46.31773
v 7.285328 17.17868 46.28967
v 7.486741 17.09525 46.29789
v 7.570168 15.79747 44.65719
v 7.285328 15.90861 44.38888
v 7.486741 15.87606 44.46747
v 7.570168 16.37072 45.04023
v 7.285328 16.57608 44.83487
v 7.486741 16.51593 44.89502
v 7.570168 16.75376 45.61348
v 7.285328 17.02207 45.50234
v 7.486741 16.94348 45.53489
v 2.608538 9.890328 46.14233
v 7.486741 9.973754 46.18204
v 7.570168 10.17517 46.27788
v 7.285328 9.890328 46.14233
v 7.285328 9.890328 45.1873
v 2.608538 9.890328 45.1873
v 7.486741 9.973754 45.24887
v 7.570168 10.17517 45.39749
v 7.570168 15.79747 45.58208
v 7.570168 15.79747 46.31122
v 7.570168 15.79747 49.39737
v 7.570168 15.79747 50.15108
v 7.570168 15.09323 45.55896
v 7.570168 15.09323 46.30705
v 7.570168 15.09323 49.37309
v 7.570168 15.09323 50.15967
v 2.608538 15.12128 45.41837
v 2.608538 15.12128 46.24808
v 2.608538 15.12128 49.42168
v 2.608538 15.12128 50.29527
v 2.608538 15.90861 45.45315
v 2.608538 15.90861 46.26399
v 2.608538 15.90861 49.43758
v 2.608538 15.90861 50.27675
v 2.608538 14.65008 51.52062
v 2.608538 14.65008 44.23227
v 7.570168 14.65021 51.23578
v 7.486741 14.65012 51.4372
v 7.285328 14.65008 51.52062
v 7.570168 14.65021 44.51711
v 7.486741 14.65012 44.31569
v 7.285328 14.65008 44.23227
v 7.570168 14.65021 49.35781
v 7.570168 14.65021 50.16507
v 7.570168 14.65021 46.30442
v 7.570168 14.65021 45.54442
v 2.608538 14.65008 49.41216
v 2.608538 14.65008 46.23855
v 2.608538 14.65008 45.39756
v 2.608538 14.65008 50.30636
v 2.608538 12.68542 51.52062
v 2.608538 12.58826 51.52062
v 2.608538 12.68542 44.23227
v 2.608538 12.58826 44.23227
v 7.486741 12.68922 51.4372
v 7.486741 12.59587 51.4372
v 7.285328 12.68542 51.52062
v 7.285328 12.58826 51.52062
v 7.570168 12.69842 44.51711
v 7.570168 12.61425 44.51711
v 7.570168 12.69842 49.30638
v 7.570168 12.61425 49.25495
v 7.570168 12.69842 50.18326
v 7.570168 12.61425 50.20145
v 7.570168 12.69842 46.29557
v 7.570168 12.61425 46.28672
v 7.570168 12.69842 45.49544
v 7.570168 12.61425 45.44647
v 2.608538 12.68542 49.38012
v 2.608538 12.58826 49.34808
v 2.608538 12.68542 46.20648
v 2.608538 12.58826 46.17441
v 2.608538 12.68542 45.32747
v 2.608538 12.58826 45.25738
v 2.608538 12.68542 50.34369
v 2.608538 12.58826 50.38101
v 7.570168 12.61425 51.23578
v 7.570168 12.69842 51.23578
v 7.486741 12.59587 44.3157
v 7.486741 12.68922 44.3157
v 7.285328 12.58826 44.23227
v 7.285328 12.68542 44.23227
v 7.570168 14.55195 51.23578
v 7.486741 14.55084 44.31569
v 7.285328 14.55038 44.23227
v 2.608538 14.55038 51.52062
v 2.608538 14.55038 44.23227
v 7.486741 14.55084 51.4372
v 7.285328 14.55038 51.52062
v 7.570168 14.55195 44.51711
v 7.570168 14.55195 49.35206
v 7.570168 14.55195 50.1671
v 7.570168 14.55195 46.30343
v 7.570168 14.55195 45.53894
v 2.608538 14.55038 49.40858
v 2.608538 14.55038 46.23497
v 2.608538 14.55038 45.38973
v 2.608538 14.55038 50.31053
v 7.464708 14.55195 51.23578
v 7.464708 14.65021 51.23578
v 7.464708 14.65021 50.16507
v 7.464708 14.65021 44.51711
v 7.464708 14.65021 45.54442
v 7.464708 14.65021 46.30442
v 7.464708 14.65021 49.35781
v 7.464708 12.69842 44.51711
v 7.464708 12.61425 44.51711
v 7.464708 12.69842 49.30638
v 7.464708 12.61425 49.25495
v 7.464708 12.69842 50.18326
v 7.464708 12.61425 50.20145
v 7.464708 12.69842 46.29557
v 7.464708 12.61425 46.28672
v 7.464708 12.69842 45.49544
v 7.464708 12.61425 45.44647
v 7.464708 12.61425 51.23578
v 7.464708 12.69842 51.23578
v 7.464708 14.55195 44.51711
v 7.464708 14.55195 49.35206
v 7.464708 14.55195 50.1671
v 7.464708 14.55195 46.30343
v 7.464708 14.55195 45.53894
v 7.628647 9.976511 49.28309
v 7.712075 10.17793 49.20352
v 7.628647 9.976511 46.18204
v 7.712075 10.17793 46.27788
v 7.628647 9.976511 50.36014
v 7.712075 10.17793 50.21965
v 7.628647 9.976511 51.4372
v 7.712075 10.17793 51.23578
v 7.628647 9.976511 44.3157
v 7.712075 10.17793 44.51711
v 7.628647 17.09801 46.29789
v 7.712075 16.8966 46.31773
v 7.712075 16.75651 45.61348
v 7.628647 16.94624 45.53489
v 7.712075 16.37348 45.04023
v 7.628647 16.51869 44.89502
v 7.712075 15.80023 44.65719
v 7.628647 15.87882 44.46747
v 7.712075 15.09599 44.51711
v 7.628647 15.11582 44.31569
v 7.628647 16.94624 50.218
v 7.712075 16.75651 50.13942
v 7.712075 16.8966 49.43516
v 7.628647 17.09801 49.45501
v 7.628647 16.51869 50.85787
v 7.712075 16.37348 50.71266
v 7.628647 15.87882 51.28542
v 7.712075 15.80023 51.0957
v 7.628647 15.11582 51.4372
v 7.712075 15.09599 51.23578
v 7.712075 14.65297 51.23578
v 7.628647 12.59863 51.4372
v 7.712075 12.617 44.51711
v 7.628647 14.65288 44.31569
v 7.628647 9.976511 45.24887
v 7.712075 10.17793 45.39749
v 7.712075 14.55471 51.23578
v 7.628647 14.65288 51.4372
v 7.712075 14.65297 44.51711
v 7.628647 14.5536 44.31569
v 7.628647 14.5536 51.4372
v 7.628647 12.69198 51.4372
v 7.712075 14.55471 44.51711
v 7.712075 12.70117 44.51711
v 7.712075 12.617 51.23578
v 7.712075 12.70117 51.23578
v 7.628647 12.59863 44.3157
v 7.628647 12.69198 44.3157
v 7.570253 15.76976 47.55628
v 7.570253 15.70439 47.50264
v 7.570253 15.22509 47.50264
v 7.570253 15.10608 47.62165
v 7.612329 15.88781 47.78841
v 7.652789 15.86326 47.71834
v 7.690077 15.8234 47.65375
v 7.72276 15.76976 47.59714
v 7.749582 15.70439 47.55069
v 7.769513 15.62981 47.51617
v 7.781786 15.54889 47.49491
v 7.785931 15.46474 47.48773
v 7.781786 15.38059 47.49491
v 7.769513 15.29967 47.51617
v 7.749582 15.22509 47.55069
v 7.72276 15.15973 47.59714
v 7.690077 15.10608 47.65375
v 7.652789 15.06622 47.71834
v 7.612329 15.04167 47.78841
v 7.643132 15.88781 47.81922
v 7.71321 15.86326 47.77876
v 7.777794 15.8234 47.74147
v 7.834403 15.76976 47.70879
v 7.880861 15.70439 47.68196
v 7.915382 15.62981 47.66203
v 7.93664 15.54889 47.64976
v 7.943818 15.46474 47.64561
v 7.93664 15.38059 47.64976
v 7.915382 15.29967 47.66203
v 7.880861 15.22509 47.68196
v 7.834403 15.15973 47.70879
v 7.777794 15.10608 47.74147
v 7.71321 15.06622 47.77876
v 7.643132 15.04167 47.81922
v 7.654406 15.88781 47.86129
v 7.735325 15.86326 47.86129
v 7.809901 15.8234 47.86129
v 7.875268 15.76976 47.86129
v 7.928912 15.70439 47.86129
v 7.968773 15.62981 47.86129
v 7.99332 15.54889 47.86129
v 8.001609 15.46474 47.86129
v 7.99332 15.38059 47.86129
v 7.968773 15.29967 47.86129
v 7.928912 15.22509 47.86129
v 7.875268 15.15973 47.86129
v 7.809901 15.10608 47.86129
v 7.735325 15.06622 47.86129
v 7.654406 15.04167 47.86129
v 7.643132 15.88781 47.90337
v 7.71321 15.86326 47.94383
v 7.777794 15.8234 47.98112
v 7.834403 15.76976 48.0138
v 7.880861 15.70439 48.04062
v 7.915382 15.62981 48.06056
v 7.93664 15.54889 48.07283
v 7.943818 15.46474 48.07697
v 7.93664 15.38059 48.07283
v 7.915382 15.29967 48.06056
v 7.880861 15.22509 48.04062
v 7.834403 15.15973 48.0138
v 7.777794 15.10608 47.98112
v 7.71321 15.06622 47.94383
v 7.643132 15.04167 47.90337
v 7.612329 15.88781 47.93417
v 7.652789 15.86326 48.00425
v 7.690077 15.8234 48.06884
v 7.72276 15.76976 48.12544
v 7.749582 15.70439 48.1719
v 7.769513 15.62981 48.20642
v 7.781786 15.54889 48.22768
v 7.785931 15.46474 48.23486
v 7.781786 15.38059 48.22768
v 7.769513 15.29967 48.20642
v 7.749582 15.22509 48.1719
v 7.72276 15.15973 48.12544
v 7.690077 15.10608 48.06884
v 7.652789 15.06622 48.00425
v 7.612329 15.04167 47.93417
v 7.570253 15.88781 47.94545
v 7.570253 15.86326 48.02637
v 7.570253 15.8234 48.10094
v 7.570253 15.76976 48.16631
v 7.570253 15.70439 48.21995
v 7.570253 15.62981 48.25982
v 7.570253 15.54889 48.28436
v 7.570253 15.46474 48.29265
v 7.570253 15.38059 48.28436
v 7.570253 15.29967 48.25982
v 7.570253 15.22509 48.21995
v 7.570253 15.15973 48.16631
v 7.570253 15.10608 48.10094
v 7.570253 15.06622 48.02637
v 7.570253 15.04167 47.94545
v 7.528176 15.88781 47.93417
v 7.487717 15.86326 48.00425
v 7.450429 15.8234 48.06884
v 7.417746 15.76976 48.12544
v 7.390924 15.70439 48.1719
v 7.370993 15.62981 48.20642
v 7.358719 15.54889 48.22768
v 7.354575 15.46474 48.23486
v 7.358719 15.38059 48.22768
v 7.370993 15.29967 48.20642
v 7.390924 15.22509 48.1719
v 7.417746 15.15973 48.12544
v 7.450429 15.10608 48.06884
v 7.487717 15.06622 48.00425
v 7.528176 15.04167 47.93417
v 7.497374 15.88781 47.90337
v 7.427296 15.86326 47.94383
v 7.362711 15.8234 47.98112
v 7.306103 15.76976 48.0138
v 7.259645 15.70439 48.04062
v 7.225124 15.62981 48.06056
v 7.203866 15.54889 48.07283
v 7.196688 15.46474 48.07697
v 7.203866 15.38059 48.07283
v 7.225124 15.29967 48.06056
v 7.259645 15.22509 48.04062
v 7.306103 15.15973 48.0138
v 7.362711 15.10608 47.98112
v 7.427296 15.06622 47.94383
v 7.497374 15.04167 47.90337
v 7.570253 15.03339 47.86129
v 7.4861 15.88781 47.86129
v 7.40518 15.86326 47.86129
v 7.330605 15.8234 47.86129
v 7.265238 15.76976 47.86129
v 7.211594 15.70439 47.86129
v 7.171732 15.62981 47.86129
v 7.147186 15.54889 47.86129
v 7.138897 15.46474 47.86129
v 7.147186 15.38059 47.86129
v 7.171732 15.29967 47.86129
v 7.211594 15.22509 47.86129
v 7.265238 15.15973 47.86129
v 7.330605 15.10608 47.86129
v 7.40518 15.06622 47.86129
v 7.4861 15.04167 47.86129
v 7.497374 15.88781 47.81922
v 7.427296 15.86326 47.77876
v 7.362711 15.8234 47.74147
v 7.306103 15.76976 47.70879
v 7.259645 15.70439 47.68196
v 7.225124 15.62981 47.66203
v 7.203866 15.54889 47.64976
v 7.196688 15.46474 47.64561
v 7.203866 15.38059 47.64976
v 7.225124 15.29967 47.66203
v 7.259645 15.22509 47.68196
v 7.306103 15.15973 47.70879
v 7.362711 15.10608 47.74147
v 7.427296 15.06622 47.77876
v 7.497374 15.04167 47.81922
v 7.528176 15.88781 47.78841
v 7.487717 15.86326 47.71834
v 7.450429 15.8234 47.65375
v 7.417746 15.76976 47.59714
v 7.390924 15.70439 47.55069
v 7.370993 15.62981 47.51617
v 7.358719 15.54889 47.49491
v 7.354575 15.46474 47.48773
v 7.358719 15.38059 47.49491
v 7.370993 15.29967 47.51617
v 7.390924 15.22509 47.55069
v 7.417746 15.15973 47.59714
v 7.450429 15.10608 47.65375
v 7.487717 15.06622 47.71834
v 7.528176 15.04167 47.78841
v 7.570253 15.8961 47.86129
v 7.570253 15.88781 47.77714
v 7.570253 15.86326 47.69622
v 7.570253 15.8234 47.62165
v 7.570253 15.62981 47.46277
v 7.570253 15.54889 47.43823
v 7.570253 15.46474 47.42994
v 7.570253 15.38059 47.43823
v 7.570253 15.29967 47.46277
v 7.570253 15.15973 47.55628
v 7.570253 15.06622 47.69622
v 7.570253 15.04167 47.77714
v 7.570253 13.90827 47.55628
v 7.570253 13.8429 47.50264
v 7.570253 13.36361 47.50264
v 7.570253 13.2446 47.62165
v 7.612329 14.02632 47.78841
v 7.652789 14.00178 47.71834
v 7.690077 13.96191 47.65375
v 7.72276 13.90827 47.59714
v 7.749582 13.8429 47.55069
v 7.769513 13.76833 47.51617
v 7.781786 13.68741 47.49491
v 7.785931 13.60326 47.48773
v 7.781786 13.5191 47.49491
v 7.769513 13.43818 47.51617
v 7.749582 13.36361 47.55069
v 7.72276 13.29824 47.59714
v 7.690077 13.2446 47.65375
v 7.652789 13.20474 47.71834
v 7.612329 13.18019 47.78841
v 7.643132 14.02632 47.81922
v 7.71321 14.00178 47.77876
v 7.777794 13.96191 47.74147
v 7.834403 13.90827 47.70879
v 7.880861 13.8429 47.68196
v 7.915382 13.76833 47.66203
v 7.93664 13.68741 47.64976
v 7.943818 13.60326 47.64561
v 7.93664 13.5191 47.64976
v 7.915382 13.43818 47.66203
v 7.880861 13.36361 47.68196
v 7.834403 13.29824 47.70879
v 7.777794 13.2446 47.74147
v 7.71321 13.20474 47.77876
v 7.643132 13.18019 47.81922
v 7.654406 14.02632 47.86129
v 7.735325 14.00178 47.86129
v 7.809901 13.96191 47.86129
v 7.875268 13.90827 47.86129
v 7.928912 13.8429 47.86129
v 7.968773 13.76833 47.86129
v 7.99332 13.68741 47.86129
v 8.001609 13.60326 47.86129
v 7.99332 13.5191 47.86129
v 7.968773 13.43818 47.86129
v 7.928912 13.36361 47.86129
v 7.875268 13.29824 47.86129
v 7.809901 13.2446 47.86129
v 7.735325 13.20474 47.86129
v 7.654406 13.18019 47.86129
v 7.643132 14.02632 47.90337
v 7.71321 14.00178 47.94383
v 7.777794 13.96191 47.98112
v 7.834403 13.90827 48.0138
v 7.880861 13.8429 48.04062
v 7.915382 13.76833 48.06056
v 7.93664 13.68741 48.07283
v 7.943818 13.60326 48.07697
v 7.93664 13.5191 48.07283
v 7.915382 13.43818 48.06056
v 7.880861 13.36361 48.04062
v 7.834403 13.29824 48.0138
v 7.777794 13.2446 47.98112
v 7.71321 13.20474 47.94383
v 7.643132 13.18019 47.90337
v 7.612329 14.02632 47.93417
v 7.652789 14.00178 48.00425
v 7.690077 13.96191 48.06884
v 7.72276 13.90827 48.12544
v 7.749582 13.8429 48.1719
v 7.769513 13.76833 48.20642
v 7.781786 13.68741 48.22768
v 7.785931 13.60326 48.23486
v 7.781786 13.5191 48.22768
v 7.769513 13.43818 48.20642
v 7.749582 13.36361 48.1719
v 7.72276 13.29824 48.12544
v 7.690077 13.2446 48.06884
v 7.652789 13.20474 48.00425
v 7.612329 13.18019 47.93417
v 7.570253 14.02632 47.94545
v 7.570253 14.00178 48.02637
v 7.570253 13.96191 48.10094
v 7.570253 13.90827 48.16631
v 7.570253 13.8429 48.21995
v 7.570253 13.76833 48.25982
v 7.570253 13.68741 48.28436
v 7.570253 13.60326 48.29265
v 7.570253 13.5191 48.28436
v 7.570253 13.43818 48.25982
v 7.570253 13.36361 48.21995
v 7.570253 13.29824 48.16631
v 7.570253 13.2446 48.10094
v 7.570253 13.20474 48.02637
v 7.570253 13.18019 47.94545
v 7.528176 14.02632 47.93417
v 7.487717 14.00178 48.00425
v 7.450429 13.96191 48.06884
v 7.417746 13.90827 48.12544
v 7.390924 13.8429 48.1719
v 7.370993 13.76833 48.20642
v 7.358719 13.68741 48.22768
v 7.354575 13.60326 48.23486
v 7.358719 13.5191 48.22768
v 7.370993 13.43818 48.20642
v 7.390924 13.36361 48.1719
v 7.417746 13.29824 48.12544
v 7.450429 13.2446 48.06884
v 7.487717 13.20474 48.00425
v 7.528176 13.18019 47.93417
v 7.497374 14.02632 47.90337
v 7.427296 14.00178 47.94383
v 7.362711 13.96191 47.98112
v 7.306103 13.90827 48.0138
v 7.259645 13.8429 48.04062
v 7.225124 13.76833 48.06056
v 7.203866 13.68741 48.07283
v 7.196688 13.60326 48.07697
v 7.203866 13.5191 48.07283
v 7.225124 13.43818 48.06056
v 7.259645 13.36361 48.04062
v 7.306103 13.29824 48.0138
v 7.362711 13.2446 47.98112
v 7.427296 13.20474 47.94383
v 7.497374 13.18019 47.90337
v 7.570253 13.1719 47.86129
v 7.4861 14.02632 47.86129
v 7.40518 14.00178 47.86129
v 7.330605 13.96191 47.86129
v 7.265238 13.90827 47.86129
v 7.211594 13.8429 47.86129
v 7.171732 13.76833 47.86129
v 7.147186 13.68741 47.86129
v 7.138897 13.60326 47.86129
v 7.147186 13.5191 47.86129
v 7.171732 13.43818 47.86129
v 7.211594 13.36361 47.86129
v 7.265238 13.29824 47.86129
v 7.330605 13.2446 47.86129
v 7.40518 13.20474 47.86129
v 7.4861 13.18019 47.86129
v 7.497374 14.02632 47.81922
v 7.427296 14.00178 47.77876
v 7.362711 13.96191 47.74147
v 7.306103 13.90827 47.70879
v 7.259645 13.8429 47.68196
v 7.225124 13.76833 47.66203
v 7.203866 13.68741 47.64976
v 7.196688 13.60326 47.64561
v 7.203866 13.5191 47.64976
v 7.225124 13.43818 47.66203
v 7.259645 13.36361 47.68196
v 7.306103 13.29824 47.70879
v 7.362711 13.2446 47.74147
v 7.427296 13.20474 47.77876
v 7.497374 13.18019 47.81922
v 7.528176 14.02632 47.78841
v 7.487717 14.00178 47.71834
v 7.450429 13.96191 47.65375
v 7.417746 13.90827 47.59714
v 7.390924 13.8429 47.55069
v 7.370993 13.76833 47.51617
v 7.358719 13.68741 47.49491
v 7.354575 13.60326 47.48773
v 7.358719 13.5191 47.49491
v 7.370993 13.43818 47.51617
v 7.390924 13.36361 47.55069
v 7.417746 13.29824 47.59714
v 7.450429 13.2446 47.65375
v 7.487717 13.20474 47.71834
v 7.528176 13.18019 47.78841
v 7.570253 14.03461 47.86129
v 7.570253 14.02632 47.77714
v 7.570253 14.00178 47.69622
v 7.570253 13.96191 47.62165
v 7.570253 13.76833 47.46277
v 7.570253 13.68741 47.43823
v 7.570253 13.60326 47.42994
v 7.570253 13.5191 47.43823
v 7.570253 13.43818 47.46277
v 7.570253 13.29824 47.55628
v 7.570253 13.20474 47.69622
v 7.570253 13.18019 47.77714
v 7.570253 11.73738 47.55628
v 7.570253 11.67201 47.50264
v 7.570253 11.19271 47.50264
v 7.570253 11.0737 47.62165
v 7.612329 11.85543 47.78841
v 7.652789 11.83088 47.71834
v 7.690077 11.79102 47.65375
v 7.72276 11.73738 47.59714
v 7.749582 11.67201 47.55069
v 7.769513 11.59743 47.51617
v 7.781786 11.51652 47.49491
v 7.785931 11.43236 47.48773
v 7.781786 11.34821 47.49491
v 7.769513 11.26729 47.51617
v 7.749582 11.19271 47.55069
v 7.72276 11.12735 47.59714
v 7.690077 11.0737 47.65375
v 7.652789 11.03384 47.71834
v 7.612329 11.00929 47.78841
v 7.643132 11.85543 47.81922
v 7.71321 11.83088 47.77876
v 7.777794 11.79102 47.74147
v 7.834403 11.73738 47.70879
v 7.880861 11.67201 47.68196
v 7.915382 11.59743 47.66203
v 7.93664 11.51652 47.64976
v 7.943818 11.43236 47.64561
v 7.93664 11.34821 47.64976
v 7.915382 11.26729 47.66203
v 7.880861 11.19271 47.68196
v 7.834403 11.12735 47.70879
v 7.777794 11.0737 47.74147
v 7.71321 11.03384 47.77876
v 7.643132 11.00929 47.81922
v 7.654406 11.85543 47.86129
v 7.735325 11.83088 47.86129
v 7.809901 11.79102 47.86129
v 7.875268 11.73738 47.86129
v 7.928912 11.67201 47.86129
v 7.968773 11.59743 47.86129
v 7.99332 11.51652 47.86129
v 8.001609 11.43236 47.86129
v 7.99332 11.34821 47.86129
v 7.968773 11.26729 47.86129
v 7.928912 11.19271 47.86129
v 7.875268 11.12735 47.86129
v 7.809901 11.0737 47.86129
v 7.735325 11.03384 47.86129
v 7.654406 11.00929 47.86129
v 7.643132 11.85543 47.90337
v 7.71321 11.83088 47.94383
v 7.777794 11.79102 47.98112
v 7.834403 11.73738 48.0138
v 7.880861 11.67201 48.04062
v 7.915382 11.59743 48.06056
v 7.93664 11.51652 48.07283
v 7.943818 11.43236 48.07697
v 7.93664 11.34821 48.07283
v 7.915382 11.26729 48.06056
v 7.880861 11.19271 48.04062
v 7.834403 11.12735 48.0138
v 7.777794 11.0737 47.98112
v 7.71321 11.03384 47.94383
v 7.643132 11.00929 47.90337
v 7.612329 11.85543 47.93417
v 7.652789 11.83088 48.00425
v 7.690077 11.79102 48.06884
v 7.72276 11.73738 48.12544
v 7.749582 11.67201 48.1719
v 7.769513 11.59743 48.20642
v 7.781786 11.51652 48.22768
v 7.785931 11.43236 48.23486
v 7.781786 11.34821 48.22768
v 7.769513 11.26729 48.20642
v 7.749582 11.19271 48.1719
v 7.72276 11.12735 48.12544
v 7.690077 11.0737 48.06884
v 7.652789 11.03384 48.00425
v 7.612329 11.00929 47.93417
v 7.570253 11.85543 47.94545
v 7.570253 11.83088 48.02637
v 7.570253 11.79102 48.10094
v 7.570253 11.73738 48.16631
v 7.570253 11.67201 48.21995
v 7.570253 11.59743 48.25982
v 7.570253 11.51652 48.28436
v 7.570253 11.43236 48.29265
v 7.570253 11.34821 48.28436
v 7.570253 11.26729 48.25982
v 7.570253 11.19271 48.21995
v 7.570253 11.12735 48.16631
v 7.570253 11.0737 48.10094
v 7.570253 11.03384 48.02637
v 7.570253 11.00929 47.94545
v 7.528176 11.85543 47.93417
v 7.487717 11.83088 48.00425
v 7.450429 11.79102 48.06884
v 7.417746 11.73738 48.12544
v 7.390924 11.67201 48.1719
v 7.370993 11.59743 48.20642
v 7.358719 11.51652 48.22768
v 7.354575 11.43236 48.23486
v 7.358719 11.34821 48.22768
v 7.370993 11.26729 48.20642
v 7.390924 11.19271 48.1719
v 7.417746 11.12735 48.12544
v 7.450429 11.0737 48.06884
v 7.487717 11.03384 48.00425
v 7.528176 11.00929 47.93417
v 7.497374 11.85543 47.90337
v 7.427296 11.83088 47.94383
v 7.362711 11.79102 47.98112
v 7.306103 11.73738 48.0138
v 7.259645 11.67201 48.04062
v 7.225124 11.59743 48.06056
v 7.203866 11.51652 48.07283
v 7.196688 11.43236 48.07697
v 7.203866 11.34821 48.07283
v 7.225124 11.26729 48.06056
v 7.259645 11.19271 48.04062
v 7.306103 11.12735 48.0138
v 7.362711 11.0737 47.98112
v 7.427296 11.03384 47.94383
v 7.497374 11.00929 47.90337
v 7.570253 11.00101 47.86129
v 7.4861 11.85543 47.86129
v 7.40518 11.83088 47.86129
v 7.330605 11.79102 47.86129
v 7.265238 11.73738 47.86129
v 7.211594 11.67201 47.86129
v 7.171732 11.59743 47.86129
v 7.147186 11.51652 47.86129
v 7.138897 11.43236 47.86129
v 7.147186 11.34821 47.86129
v 7.171732 11.26729 47.86129
v 7.211594 11.19271 47.86129
v 7.265238 11.12735 47.86129
v 7.330605 11.0737 47.86129
v 7.40518 11.03384 47.86129
v 7.4861 11.00929 47.86129
v 7.497374 11.85543 47.81922
v 7.427296 11.83088 47.77876
v 7.362711 11.79102 47.74147
v 7.306103 11.73738 47.70879
v 7.259645 11.67201 47.68196
v 7.225124 11.59743 47.66203
v 7.203866 11.51652 47.64976
v 7.196688 11.43236 47.64561
v 7.203866 11.34821 47.64976
v 7.225124 11.26729 47.66203
v 7.259645 11.19271 47.68196
v 7.306103 11.12735 47.70879
v 7.362711 11.0737 47.74147
v 7.427296 11.03384 47.77876
v 7.497374 11.00929 47.81922
v 7.528176 11.85543 47.78841
v 7.487717 11.83088 47.71834
v 7.450429 11.79102 47.65375
v 7.417746 11.73738 47.59714
v 7.390924 11.67201 47.55069
v 7.370993 11.59743 47.51617
v 7.358719 11.51652 47.49491
v 7.354575 11.43236 47.48773
v 7.358719 11.34821 47.49491
v 7.370993 11.26729 47.51617
v 7.390924 11.19271 47.55069
v 7.417746 11.12735 47.59714
v 7.450429 11.0737 47.65375
v 7.487717 11.03384 47.71834
v 7.528176 11.00929 47.78841
v 7.570253 11.86372 47.86129
v 7.570253 11.85543 47.77714
v 7.570253 11.83088 47.69622
v 7.570253 11.79102 47.62165
v 7.570253 11.59743 47.46277
v 7.570253 11.51652 47.43823
v 7.570253 11.43236 47.42994
v 7.570253 11.34821 47.43823
v 7.570253 11.26729 47.46277
v 7.570253 11.12735 47.55628
v 7.570253 11.03384 47.69622
v 7.570253 11.00929 47.77714
#end vertices

#begin 969 textures vertices 
vt 0.2130289 0.2694411 0
vt 0.5602125 0.07560454 0
vt 0.2378372 0.4354392 0
vt 0.2133955 0.5350052 0
vt 0.2403963 0.4607735 0
vt 0.237483 0.4862605 0
vt 0.2282989 0.5112926 0
vt 0.7658306 0.3257967 0
vt 0.676021 0.2389484 0
vt 0.7379602 0.3075762 0
vt 0.7124638 0.2892664 0
vt 0.6935721 0.2644964 0
vt 0.7296551 0.7963026 0
vt 0.3231145 0.1295352 0
vt 0.3173155 0.1371817 0
vt 0.1764815 0.2571441 0
vt 0.7399676 0.7066472 0
vt 0.2812782 0.09261111 0
vt 0.275961 0.1005511 0
vt 0.1379421 0.24541 0
vt 0.7653218 0.6319045 0
vt 0.3519599 0.1818458 0
vt 0.3605478 0.1787058 0
vt 0.9629258 0.7335348 0
vt 0.390065 0.1580797 0
vt 0.3825125 0.162797 0
vt 0.5055121 0.5205591 0
vt 0.4048879 0.5851013 0
vt 0.414135 0.5876139 0
vt 0.7687231 0.5240416 0
vt 0.4344203 0.4274123 0
vt 0.4439219 0.4276975 0
vt 0.8514925 0.5399875 0
vt 0.416809 0.5472787 0
vt 0.4261614 0.5490724 0
vt 0.8229157 0.546015 0
vt 0.425953 0.5080784 0
vt 0.4353498 0.5093916 0
vt 0.7942072 0.5406478 0
vt 0.4318125 0.4679436 0
vt 0.4412557 0.4687889 0
vt 0.439139 0.7383026 0
vt 0.5132467 0.3555422 0
vt 0.5056909 0.3612893 0
vt 0.426878 0.6290827 0
vt 0.6038939 0.4672124 0
vt 0.5958374 0.4726408 0
vt 0.9848309 0.3455783 0
vt 0.5349655 0.3843327 0
vt 0.5275689 0.3901203 0
vt 0.9908584 0.3741555 0
vt 0.5574925 0.4125725 0
vt 0.5501506 0.4183827 0
vt 0.4156963 0.657014 0
vt 0.5808283 0.4401551 0
vt 0.5733902 0.445854 0
vt 0.01425703 0.2148349 0
vt 0.1591531 0.008702398 0
vt 0.6685507 0.8040889 0
vt 0.151096 0.01501953 0
vt 0.3736638 0.1190885 0
vt 0.5617527 0.04147773 0
vt 0.3642344 0.1212002 0
vt 0.9269125 0.7432252 0
vt 0.9574479 0.3736 0
vt 0.9358603 0.395691 0
vt 0.8444894 0.4891929 0
vt 0.8221745 0.5120283 0
vt 0.9367958 0.3520491 0
vt 0.9146474 0.3747141 0
vt 0.8238717 0.4676069 0
vt 0.8005835 0.4914382 0
vt 0.7225302 0.2204309 0
vt 0.05165998 0.5267419 0
vt 0.160625 0.4665759 0
vt 0.1914895 0.4517324 0
vt 0.7350739 0.2553528 0
vt 0.07710321 0.5697192 0
vt 0.1774777 0.4954588 0
vt 0.2036266 0.4782843 0
vt 0.2351845 0.4205321 0
vt 0.6665623 0.2235176 0
vt 0.6275802 0.5095075 0
vt 0.4432973 0.4031252 0
vt 0.4337162 0.403923 0
vt 0.9542195 0.3073675 0
vt 0.4928561 0.3439522 0
vt 0.5006359 0.3384592 0
vt 0.8109017 0.4540279 0
vt 0.7870014 0.4784856 0
vt 0.901303 0.3615182 0
vt 0.9238042 0.3384922 0
vt 0.1520518 0.448354 0
vt 0.03913345 0.4995915 0
vt 0.7126382 0.2005197 0
vt 0.1861316 0.4352665 0
vt 0.2232063 0.3567639 0
vt 0.222469 0.3537448 0
vt 0.6247077 0.1587553 0
vt 0.6225138 0.1558265 0
vt 0.4259457 0.3059132 0
vt 0.4244881 0.30061 0
vt 0.4167153 0.3086017 0
vt 0.4155198 0.3040283 0
vt 0.9300889 0.1710844 0
vt 0.9897727 0.8333089 0
vt 0.7941732 0.3217077 0
vt 0.7959644 0.8854582 0
vt 0.769288 0.3492857 0
vt 0.7572464 0.8958764 0
vt 0.8796176 0.2270172 0
vt 0.9173841 0.852787 0
vt 0.9023246 0.201853 0
vt 0.9517561 0.8435383 0
vt 0.1317358 0.3662744 0
vt 0.1298724 0.362251 0
vt 0.005712497 0.382703 0
vt 0.00390625 0.3767058 0
vt 0.6610533 0.1249593 0
vt 0.6561243 0.1236508 0
vt 0.1719097 0.362675 0
vt 0.1729984 0.3589549 0
vt 0.6984396 0.5579984 0
vt 0.6956965 0.555875 0
vt 0.4405733 0.2665408 0
vt 0.4429047 0.2703539 0
vt 0.4487504 0.2618108 0
vt 0.4510399 0.2654996 0
vt 0.6311751 0.5116255 0
vt 0.4902144 0.340159 0
vt 0.4980477 0.3348088 0
vt 0.2345035 0.417395 0
vt 0.6644946 0.2202861 0
vt 0.4429575 0.3978128 0
vt 0.4334118 0.3989702 0
vt 0.9883829 0.2236863 0
vt 0.8511708 0.3757462 0
vt 0.8280406 0.4013794 0
vt 0.9376886 0.2798663 0
vt 0.9593842 0.255823 0
vt 0.1502565 0.4444904 0
vt 0.7430063 0.1795917 0
vt 0.710232 0.1965057 0
vt 0.1851933 0.4317573 0
vt 0.801029 0.4379824 0
vt 0.7521058 0.507803 0
vt 0.7838062 0.4753633 0
vt 0.4552952 0.7481037 0
vt 0.4826459 0.7132978 0
vt 0.5021717 0.6869589 0
vt 0.8077066 0.4509055 0
vt 0.9267722 0.1680915 0
vt 0.5238596 0.8019843 0
vt 0.643792 0.628849 0
vt 0.7971252 0.8897722 0
vt 0.6655874 0.5970818 0
vt 0.7584072 0.9001904 0
vt 0.8763009 0.2240243 0
vt 0.9185449 0.857101 0
vt 0.8990079 0.1988602 0
vt 0.9529169 0.8478523 0
vt 0.6955769 0.5616586 0
vt 0.7361015 0.3793948 0
vt 0.9916997 0.2266791 0
vt 0.5825943 0.5827129 0
vt 0.8313573 0.4043723 0
vt 0.5055277 0.6894941 0
vt 0.9627009 0.2588159 0
vt 0.01783829 0.8664185 0
vt 0.7450409 0.7099943 0
vt 0.04095814 0.73734 0
vt 0.6733635 0.807785 0
vt 0.01025253 0.9114133 0
vt 0.02030129 0.907029 0
vt 0.3660626 0.1757586 0
vt 0.770701 0.6295051 0
vt 0.3770458 0.165556 0
vt 0.06383326 0.6700224 0
vt 0.5909461 0.4764347 0
vt 0.4216964 0.6259236 0
vt 0.4099068 0.6556053 0
vt 0.5685901 0.4496948 0
vt 0.408014 0.6863112 0
vt 0.5454031 0.4222711 0
vt 0.4167492 0.7158058 0
vt 0.5227899 0.3939792 0
vt 0.4344791 0.7420675 0
vt 0.5008434 0.3650776 0
vt 0.4322921 0.5503423 0
vt 0.5254676 0.4962294 0
vt 0.5009456 0.5165662 0
vt 0.4201756 0.5893155 0
vt 0.441529 0.5103753 0
vt 0.5539579 0.4851512 0
vt 0.2515986 0.9950155 0
vt 0.5844548 0.4844265 0
vt 0.4501532 0.427977 0
vt 0.6141666 0.4946186 0
vt 0.6307812 0.5042802 0
vt 0.4302678 0.2982049 0
vt 0.5178583 0.8109184 0
vt 0.4878979 0.3475916 0
vt 0.3587368 0.1239194 0
vt 0.05619199 0.7064153 0
vt 0.6344317 0.506514 0
vt 0.4495875 0.4028376 0
vt 0.4481963 0.7559591 0
vt 0.485158 0.3436672 0
vt 0.1949385 0.9921495 0
vt 0.117205 0.9786072 0
vt 0.2466246 0.7009241 0
vt 0.514706 0.8086579 0
vt 0.7022663 0.5533251 0
vt 0.6992911 0.5509712 0
vt 0.4351478 0.2694325 0
vt 0.4376791 0.2735951 0
vt 0.6839436 0.04472033 0
vt 0.6862908 0.04729297 0
vt 0.04687251 0.09696559 0
vt 0.04142155 0.1013283 0
vt 0.6785141 0.03500743 0
vt 0.6816809 0.0368045 0
vt 0.6848081 0.03843474 0
vt 0.687915 0.03999275 0
vt 0.6910363 0.04153458 0
vt 0.6942002 0.04307847 0
vt 0.6973403 0.04463158 0
vt 0.7004359 0.04615714 0
vt 0.05730613 0.1014728 0
vt 0.05394709 0.1024675 0
vt 0.05056619 0.1034491 0
vt 0.04722768 0.1044359 0
vt 0.04390053 0.1054411 0
vt 0.04054112 0.106514 0
vt 0.03711416 0.1077445 0
vt 0.6790928 0.03328946 0
vt 0.6827475 0.03363991 0
vt 0.6862652 0.03392384 0
vt 0.6897457 0.03418788 0
vt 0.6932136 0.03443354 0
vt 0.6966278 0.03468191 0
vt 0.7001929 0.03494828 0
vt 0.06199133 0.11181 0
vt 0.05846515 0.1115008 0
vt 0.05490687 0.1111552 0
vt 0.05150033 0.1108175 0
vt 0.04804131 0.110468 0
vt 0.04456683 0.1101344 0
vt 0.04105229 0.1098142 0
vt 0.03739133 0.109536 0
vt 0.6789427 0.03150338 0
vt 0.6824097 0.03035777 0
vt 0.685758 0.02925263 0
vt 0.6890813 0.02815695 0
vt 0.6923556 0.02708275 0
vt 0.6957127 0.02598412 0
vt 0.6989606 0.02492164 0
vt 0.7024391 0.02377989 0
vt 0.05554051 0.1211703 0
vt 0.05252148 0.1195694 0
vt 0.04940101 0.1179142 0
vt 0.04635789 0.1162972 0
vt 0.04327021 0.1146506 0
vt 0.04015958 0.1129906 0
vt 0.03693874 0.1112703 0
vt 0.678 0.02997938 0
vt 0.6807304 0.02751921 0
vt 0.683394 0.02519504 0
vt 0.6860349 0.02290636 0
vt 0.6886863 0.0206449 0
vt 0.6912961 0.01841019 0
vt 0.6939726 0.01614794 0
vt 0.6966466 0.01382182 0
vt 0.04912894 0.1289646 0
vt 0.04687762 0.1262789 0
vt 0.04468726 0.1236318 0
vt 0.04246055 0.1209512 0
vt 0.04024876 0.1182455 0
vt 0.03802061 0.1155011 0
vt 0.03575 0.1126112 0
vt 0.6765125 0.02894592 0
vt 0.6779884 0.02561468 0
vt 0.6795319 0.02244083 0
vt 0.681108 0.01933612 0
vt 0.6826942 0.01622899 0
vt 0.6843124 0.01315924 0
vt 0.6859668 0.009984912 0
vt 0.6875609 0.006928273 0
vt 0.04018919 0.1336716 0
vt 0.03910051 0.1302616 0
vt 0.03802976 0.1269608 0
vt 0.0369968 0.1236286 0
vt 0.0359734 0.1203006 0
vt 0.03499398 0.1169099 0
vt 0.03410792 0.1133758 0
vt 0.6746968 0.02860615 0
vt 0.6746413 0.0249749 0
vt 0.6748462 0.02141152 0
vt 0.6751061 0.01792818 0
vt 0.6754693 0.01447866 0
vt 0.6758439 0.01095792 0
vt 0.6762406 0.007537335 0
vt 0.6766342 0.00390625 0
vt 0.03018802 0.1344242 0
vt 0.03038064 0.130986 0
vt 0.03061217 0.1274531 0
vt 0.03084267 0.1239921 0
vt 0.03118085 0.1205155 0
vt 0.03158684 0.1169694 0
vt 0.03226091 0.1134009 0
vt 0.67287 0.02908624 0
vt 0.6712617 0.02568133 0
vt 0.6699797 0.02232358 0
vt 0.6689662 0.01892698 0
vt 0.6680286 0.01553459 0
vt 0.6671928 0.01213213 0
vt 0.6663689 0.008632332 0
vt 0.6655712 0.005237711 0
vt 0.02064775 0.1316613 0
vt 0.02205663 0.1283533 0
vt 0.02346058 0.1251433 0
vt 0.02496319 0.1219606 0
vt 0.02654124 0.1187866 0
vt 0.0283772 0.1156968 0
vt 0.03054281 0.1126162 0
vt 0.6714263 0.03022674 0
vt 0.6683497 0.02770413 0
vt 0.665682 0.02502174 0
vt 0.6633693 0.02212506 0
vt 0.6612849 0.01915566 0
vt 0.659435 0.01606843 0
vt 0.6576377 0.01297775 0
vt 0.6558695 0.009822737 0
vt 0.01278586 0.1258901 0
vt 0.01508404 0.1231513 0
vt 0.01743343 0.1204249 0
vt 0.01999384 0.1178546 0
vt 0.02276682 0.1153949 0
vt 0.02585297 0.1132069 0
vt 0.02931478 0.1112461 0
vt 0.033395 0.1093747 0
vt 0.6707153 0.0319601 0
vt 0.6665183 0.03082461 0
vt 0.6626195 0.02912302 0
vt 0.6589719 0.02711829 0
vt 0.655792 0.02461348 0
vt 0.6528713 0.02194547 0
vt 0.650379 0.01906763 0
vt 0.00390625 0.1211405 0
vt 0.006672452 0.1186512 0
vt 0.009619127 0.1162407 0
vt 0.01295215 0.1141101 0
vt 0.01651269 0.1121844 0
vt 0.02044882 0.1108313 0
vt 0.02458075 0.1098198 0
vt 0.02890985 0.1094169 0
vt 0.6736649 0.03701441 0
vt 0.672671 0.04086029 0
vt 0.6721315 0.04462108 0
vt 0.6720191 0.04832477 0
vt 0.6720979 0.05194765 0
vt 0.6724506 0.05553273 0
vt 0.6728536 0.05908649 0
vt 0.6733226 0.06267371 0
vt 0.03564387 0.08305285 0
vt 0.03464065 0.08648583 0
vt 0.03368157 0.08995818 0
vt 0.03298591 0.09351454 0
vt 0.03246493 0.09718313 0
vt 0.03235507 0.1009808 0
vt 0.03267839 0.1049399 0
vt 0.675506 0.03706883 0
vt 0.6762402 0.04076132 0
vt 0.6772254 0.04422661 0
vt 0.6783856 0.04754776 0
vt 0.6796523 0.05082121 0
vt 0.6810175 0.05408113 0
vt 0.6824424 0.05737478 0
vt 0.6838325 0.0605717 0
vt 0.0448002 0.08637509 0
vt 0.04283435 0.08937744 0
vt 0.04093314 0.09235669 0
vt 0.03912662 0.09536612 0
vt 0.0374169 0.09844069 0
vt 0.03585503 0.1016871 0
vt 0.03450173 0.1052003 0
vt 0.6751275 0.03276675 0
vt 0.677259 0.03636436 0
vt 0.6793769 0.03931643 0
vt 0.6816639 0.0420644 0
vt 0.6886456 0.04983268 0
vt 0.6909976 0.05235394 0
vt 0.6934738 0.05503859 0
vt 0.05237368 0.09278169 0
vt 0.049626 0.0948648 0
vt 0.0441209 0.09910017 0
vt 0.0386993 0.1036459 0
vt 0.03610891 0.1061934 0
vt 0.3103589 0.02828718 0
vt 0.3130433 0.02597593 0
vt 0.384092 0.01922334 0
vt 0.3782802 0.02322481 0
vt 0.2997347 0.03262031 0
vt 0.3021214 0.02975229 0
vt 0.3041648 0.02683259 0
vt 0.3060383 0.02387778 0
vt 0.3078223 0.02089696 0
vt 0.309551 0.01785278 0
vt 0.311233 0.01480952 0
vt 0.3128518 0.01180528 0
vt 0.3943589 0.02486365 0
vt 0.3908712 0.02558723 0
vt 0.3873668 0.02627453 0
vt 0.3839191 0.02696428 0
vt 0.380503 0.0276697 0
vt 0.3770758 0.02846032 0
vt 0.3735946 0.02941689 0
vt 0.2980815 0.03174197 0
vt 0.2991061 0.02817606 0
vt 0.2999307 0.02475046 0
vt 0.3006494 0.02133086 0
vt 0.3013141 0.01793645 0
vt 0.3019266 0.01458258 0
vt 0.3025574 0.01112567 0
vt 0.303176 0.007711398 0
vt 0.3037874 0.004240725 0
vt 0.3909857 0.03476655 0
vt 0.3875961 0.03403935 0
vt 0.3841665 0.03329673 0
vt 0.3807461 0.03257553 0
vt 0.3772931 0.03188396 0
vt 0.3737249 0.03123785 0
vt 0.2962424 0.03151944 0
vt 0.2957996 0.02787134 0
vt 0.2953105 0.02438746 0
vt 0.2947916 0.02094954 0
vt 0.2942448 0.01755357 0
vt 0.2936935 0.01411425 0
vt 0.2931444 0.01077817 0
vt 0.2925699 0.007254749 0
vt 0.2920261 0.00390625 0
vt 0.3874283 0.04327449 0
vt 0.3845271 0.04117231 0
vt 0.3817316 0.03913702 0
vt 0.3788901 0.03707376 0
vt 0.3760363 0.03501683 0
vt 0.373093 0.03292769 0
vt 0.2945226 0.03210439 0
vt 0.2926886 0.02888099 0
vt 0.2909561 0.02579252 0
vt 0.2892391 0.02275515 0
vt 0.2875441 0.01973594 0
vt 0.2858691 0.01676385 0
vt 0.2842011 0.01374548 0
vt 0.2824994 0.01072222 0
vt 0.3823307 0.05252282 0
vt 0.3805261 0.04944724 0
vt 0.3788031 0.04643723 0
vt 0.3770521 0.04339847 0
vt 0.3753242 0.04034944 0
vt 0.3735716 0.03728427 0
vt 0.3717747 0.03412143 0
vt 0.2931427 0.03328791 0
vt 0.2902363 0.03103274 0
vt 0.2874967 0.02878161 0
vt 0.2848219 0.02653935 0
vt 0.2821727 0.02430776 0
vt 0.2795704 0.02206207 0
vt 0.276903 0.01976974 0
vt 0.2743575 0.01756557 0
vt 0.2715967 0.01518391 0
vt 0.3717154 0.05222075 0
vt 0.3713514 0.04873394 0
vt 0.3710183 0.04522361 0
vt 0.3706887 0.04175987 0
vt 0.3703657 0.03824549 0
vt 0.3700737 0.03463987 0
vt 0.2923282 0.03494251 0
vt 0.2888027 0.0340091 0
vt 0.2853948 0.03288541 0
vt 0.2821076 0.03175101 0
vt 0.2788715 0.03054402 0
vt 0.2755958 0.0293155 0
vt 0.2724298 0.02808633 0
vt 0.2690928 0.02680443 0
vt 0.3614085 0.05441199 0
vt 0.3625179 0.05110641 0
vt 0.3636594 0.04769248 0
vt 0.3647525 0.04439508 0
vt 0.3658852 0.04106618 0
vt 0.3670363 0.03771727 0
vt 0.3682977 0.03435781 0
vt 0.2922749 0.03683372 0
vt 0.2885593 0.03735701 0
vt 0.2850094 0.03761764 0
vt 0.2814952 0.03765751 0
vt 0.2780192 0.03764221 0
vt 0.2745623 0.03754708 0
vt 0.2710295 0.03741582 0
vt 0.2676249 0.03725728 0
vt 0.2639756 0.03712879 0
vt 0.3547177 0.04618068 0
vt 0.3570739 0.04357627 0
vt 0.3594343 0.04095485 0
vt 0.3617757 0.03836597 0
vt 0.3642108 0.03581822 0
vt 0.3668051 0.03328584 0
vt 0.292891 0.03860417 0
vt 0.2896116 0.04066938 0
vt 0.2863667 0.04230619 0
vt 0.2830304 0.04361938 0
vt 0.2796863 0.04474888 0
vt 0.2763097 0.04569535 0
vt 0.2729213 0.04661245 0
vt 0.2694826 0.04746927 0
vt 0.2660518 0.04837001 0
vt 0.3495499 0.03867981 0
vt 0.3526954 0.03712742 0
vt 0.3558798 0.03561515 0
vt 0.3590983 0.03414635 0
vt 0.3623987 0.0328412 0
vt 0.3658789 0.03169379 0
vt 0.369846 0.03073749 0
vt 0.2942442 0.03994099 0
vt 0.2918898 0.04340595 0
vt 0.2892975 0.04635009 0
vt 0.2865463 0.04893868 0
vt 0.2835145 0.05110952 0
vt 0.2804588 0.05313177 0
vt 0.2772793 0.0548484 0
vt 0.274045 0.05654677 0
vt 0.2708788 0.05813475 0
vt 0.3475215 0.02987818 0
vt 0.3511046 0.02951662 0
vt 0.3546715 0.02919737 0
vt 0.358289 0.02913901 0
vt 0.3619689 0.02930838 0
vt 0.3657717 0.02981961 0
vt 0.2959779 0.04046338 0
vt 0.2952087 0.04501969 0
vt 0.2936339 0.04925434 0
vt 0.2915003 0.05308588 0
vt 0.2890744 0.05659535 0
vt 0.2861614 0.05955608 0
vt 0.2830965 0.06220679 0
vt 0.2798587 0.06435945 0
vt 0.3446407 0.0206301 0
vt 0.3482908 0.02106471 0
vt 0.3519894 0.02167837 0
vt 0.355722 0.02271443 0
vt 0.3594545 0.02404118 0
vt 0.3631093 0.02582261 0
vt 0.3665263 0.028161 0
vt 0.3013703 0.03592352 0
vt 0.3055605 0.03572241 0
vt 0.3094348 0.03504608 0
vt 0.3130546 0.03395749 0
vt 0.316498 0.03259268 0
vt 0.3197928 0.03097532 0
vt 0.3229804 0.02917738 0
vt 0.3260007 0.0272554 0
vt 0.3291138 0.02532126 0
vt 0.3804863 0.01109239 0
vt 0.378328 0.01396622 0
vt 0.376272 0.01690336 0
vt 0.3743537 0.01995143 0
vt 0.3726243 0.02321535 0
vt 0.3711364 0.02675716 0
vt 0.296517 0.03564702 0
vt 0.300928 0.03408086 0
vt 0.3043972 0.03241826 0
vt 0.3074852 0.03036947 0
vt 0.3156134 0.02358879 0
vt 0.3180992 0.02115431 0
vt 0.3206708 0.01862897 0
vt 0.3899783 0.0153789 0
vt 0.3870385 0.01730555 0
vt 0.3811538 0.02116443 0
vt 0.3754116 0.02537417 0
vt 0.372689 0.02780434 0
vt 0.07215167 0.0288254 0
vt 0.07249079 0.02522834 0
vt 0.07170608 0.00390625 0
vt 0.7360531 0.01284158 0
vt 0.1094745 0.01353978 0
vt 0.06612701 0.03622101 0
vt 0.06588521 0.03259247 0
vt 0.06565944 0.02899425 0
vt 0.06533019 0.02549586 0
vt 0.06490611 0.02199382 0
vt 0.06439425 0.01849384 0
vt 0.06380527 0.01504994 0
vt 0.063181 0.01153326 0
vt 0.06253035 0.00807727 0
vt 0.06188681 0.004740688 0
vt 0.7426447 0.01502909 0
vt 0.7395008 0.01665023 0
vt 0.7363829 0.0183012 0
vt 0.7332528 0.02000434 0
vt 0.1104398 0.0119806 0
vt 0.1138576 0.01301122 0
vt 0.06031047 0.03385094 0
vt 0.05936826 0.03031595 0
vt 0.05841806 0.02688784 0
vt 0.05739466 0.02346645 0
vt 0.05635905 0.02008056 0
vt 0.05529569 0.01671701 0
vt 0.05420593 0.01336757 0
vt 0.05313909 0.01012993 0
vt 0.05201139 0.006668098 0
vt 0.7443923 0.02156671 0
vt 0.7408695 0.02161315 0
vt 0.7373287 0.02166982 0
vt 0.7337532 0.02174112 0
vt 0.110502 0.01014833 0
vt 0.1139943 0.009361139 0
vt 0.05494331 0.03587338 0
vt 0.05344722 0.03267529 0
vt 0.05186895 0.02937751 0
vt 0.05032711 0.02618014 0
vt 0.04876564 0.02298732 0
vt 0.0471882 0.01977704 0
vt 0.04565211 0.01668623 0
vt 0.04404668 0.01345477 0
vt 0.04255252 0.0104285 0
vt 0.7429706 0.02821673 0
vt 0.7397674 0.02663047 0
vt 0.7365962 0.02506831 0
vt 0.7334001 0.02350394 0
vt 0.1096616 0.008519355 0
vt 0.1123056 0.006121432 0
vt 0.05003091 0.03886571 0
vt 0.04796364 0.03589818 0
vt 0.04588048 0.03296116 0
vt 0.04381629 0.03000519 0
vt 0.04178003 0.02708043 0
vt 0.03974479 0.0241787 0
vt 0.0377246 0.02128986 0
vt 0.03572148 0.01841387 0
vt 0.03362007 0.01543808 0
vt 0.7386031 0.03344097 0
vt 0.7365042 0.03058778 0
vt 0.7343958 0.02775057 0
vt 0.7322615 0.0248813 0
vt 0.1081221 0.007523983 0
vt 0.1092424 0.004129023 0
vt 0.04564597 0.04261327 0
vt 0.0430295 0.03996897 0
vt 0.0405526 0.03744358 0
vt 0.03805392 0.03486148 0
vt 0.03558139 0.03228063 0
vt 0.03315762 0.02972686 0
vt 0.03067936 0.02711528 0
vt 0.02832094 0.02463629 0
vt 0.02589085 0.02209156 0
vt 0.7323492 0.03605372 0
vt 0.7317714 0.03258968 0
vt 0.7311951 0.02909906 0
vt 0.7306156 0.02557458 0
vt 0.1062932 0.007419074 0
vt 0.0448031 0.04909541 0
vt 0.04171706 0.04689687 0
vt 0.03886322 0.04485249 0
vt 0.03592524 0.04268716 0
vt 0.03309673 0.04057257 0
vt 0.03028579 0.03840523 0
vt 0.02747465 0.03621635 0
vt 0.02476856 0.03406447 0
vt 0.02195537 0.03182455 0
vt 0.0193194 0.0297183 0
vt 0.7255769 0.03557849 0
vt 0.7266611 0.0321648 0
vt 0.7277252 0.02880151 0
vt 0.7288282 0.02541529 0
vt 0.1046456 0.008222436 0
vt 0.1023129 0.005518694 0
vt 0.03858088 0.051766 0
vt 0.03526862 0.05019313 0
vt 0.03213118 0.04865051 0
vt 0.02899359 0.04700013 0
vt 0.02589381 0.04530429 0
vt 0.02287467 0.04354046 0
vt 0.01979888 0.041716 0
vt 0.01688575 0.03991265 0
vt 0.01387963 0.03806455 0
vt 0.7198382 0.03197647 0
vt 0.722294 0.02945684 0
vt 0.7247748 0.02693397 0
vt 0.7273104 0.02442061 0
vt 0.1036167 0.00974078 0
vt 0.03964925 0.05763264 0
vt 0.03620668 0.05694265 0
vt 0.03269554 0.05617365 0
vt 0.0292593 0.05524295 0
vt 0.02587933 0.05412001 0
vt 0.02257084 0.05290267 0
vt 0.01932056 0.05152539 0
vt 0.01611923 0.05006888 0
vt 0.01293677 0.04853658 0
vt 0.009657488 0.04694168 0
vt 0.7162943 0.02623399 0
vt 0.7196373 0.02503037 0
vt 0.7229943 0.02389424 0
vt 0.7264064 0.02283631 0
vt 0.7300394 0.02188964 0
vt 0.10346 0.01157242 0
vt 0.09993186 0.01215907 0
vt 0.03499333 0.06236258 0
vt 0.03129032 0.06258779 0
vt 0.02753213 0.06236313 0
vt 0.02387553 0.06196121 0
vt 0.02029527 0.06111105 0
vt 0.01676526 0.06011914 0
vt 0.01340298 0.05879857 0
vt 0.01001431 0.05738401 0
vt 0.006791611 0.05593438 0
vt 0.7156426 0.01951794 0
vt 0.7192094 0.01987762 0
vt 0.7227565 0.02034018 0
vt 0.7263476 0.02098456 0
vt 0.1042274 0.01324558 0
vt 0.03925605 0.06591417 0
vt 0.03558705 0.06771972 0
vt 0.0315296 0.06912017 0
vt 0.02732932 0.07010933 0
vt 0.02302121 0.07029898 0
vt 0.01876064 0.07005437 0
vt 0.01467423 0.06906273 0
vt 0.01075972 0.06771551 0
vt 0.007214984 0.06588693 0
vt 0.7145185 0.01154809 0
vt 0.7177642 0.01317165 0
vt 0.7209854 0.01494912 0
vt 0.7241553 0.01697747 0
vt 0.7271588 0.01934436 0
vt 0.1060277 0.01440034 0
vt 0.1051063 0.01785625 0
vt 0.07712502 0.03316625 0
vt 0.0785803 0.02967247 0
vt 0.0797671 0.02616068 0
vt 0.08064104 0.02257471 0
vt 0.08122308 0.01893903 0
vt 0.08141002 0.01528627 0
vt 0.0814809 0.01161086 0
vt 0.08129476 0.008025637 0
vt 0.08110195 0.004488964 0
vt 0.7319 0.007446141 0
vt 0.7312315 0.01093418 0
vt 0.7306505 0.01447351 0
vt 0.730243 0.01809672 0
vt 0.1069992 0.01093826 0
vt 0.1078656 0.01441937 0
vt 0.07098423 0.03599058 0
vt 0.07160199 0.03229011 0
vt 0.07265215 0.02166559 0
vt 0.07264522 0.01813336 0
vt 0.07255558 0.01458577 0
vt 0.07230191 0.01111891 0
vt 0.07201352 0.007533399 0
vt 0.7381649 0.00994981 0
vt 0.7339765 0.01571247 0
vt 0.7319951 0.01868305 0
vt 0.6116079 0.5001504 0
vt 0.5835184 0.4904051 0
vt 0.5285789 0.5014068 0
vt 0.5551887 0.491068 0
vt 0.9854912 0.4028637 0
vt 0.8765874 0.5227981 0
vt 0.9688848 0.428348 0
vt 0.9676417 0.3204838 0
vt 0.4223 0.7131796 0
vt 0.4140289 0.6857046 0
vt 0.9206091 0.3353698 0
vt 0.8981078 0.3583959 0
vt 0.5793383 0.5800377 0
vt 0.5995521 0.5516539 0
vt 0.4523614 0.7515002 0
vt 0.9510243 0.3042452 0
vt 0.6253689 0.5133709 0
vt 0.755301 0.5109254 0
vt 0.4858378 0.7160497 0
vt 0.9410053 0.2828592 0
vt 0.8544875 0.3787391 0
vt 0.6030287 0.5540152 0
vt 0.6288757 0.5156801 0
vt 0.7977123 0.4349895 0
vt 0.4585203 0.7507841 0
vt 0.4554647 0.7542422 0
vt 0.5183231 0.8037899 0
vt 0.7908564 0.3187148 0
vt 0.7659712 0.3462928 0
vt 0.5209164 0.7999144 0
vt 0.545913 0.7648174 0
vt 0.5666235 0.7364032 0
vt 0.5212221 0.80577 0
vt 0.6690466 0.5984193 0
vt 0.6454212 0.6327748 0
vt 0.5693061 0.7388412 0
vt 0.9909335 0.8376229 0
vt 0.5475743 0.7686751 0
vt 0.7160964 0.9115752 0
vt 0.7149356 0.9072612 0
vt 0.7394183 0.3823876 0
vt 0.6927369 0.5594362 0
vt 0.7599159 0.6704551 0
vt 0.6880887 0.8074872 0
vt 0.6140708 0.8461071 0
vt 0.6442 0.8304572 0
vt 0.890899 0.7529156 0
vt 0.7712213 0.7851181 0
vt 0.1157111 0.9689726 0
vt 0.1965779 0.983061 0
vt 0.1192104 0.9695824 0
vt 0.1658975 0.686328 0
vt 0.1693962 0.6869529 0
vt 0.2690941 0.7051684 0
vt 0.4515339 0.7588981 0
vt 0.2507001 0.7016852 0
vt 0.2972461 0.716542 0
vt 0.3181082 0.7369062 0
vt 0.3296531 0.7637096 0
vt 0.3303446 0.794123 0
vt 0.3073534 0.9244601 0
vt 0.2962643 0.9527873 0
vt 0.2761177 0.9739094 0
vt 0.01416171 0.9494754 0
vt 0.7655903 0.6727167 0
vt 0.02752054 0.8647131 0
vt 0.04931569 0.7429831 0
vt 0.6481977 0.8349179 0
vt 0.6137359 0.8519762 0
vt 0.2191452 0.9868328 0
vt 0.2494979 0.9858533 0
vt 0.2006696 0.9837578 0
vt 0.1990978 0.9928663 0
vt 0.2855489 0.08801648 0
vt 0.4492035 0.3970786 0
vt 0.4320346 0.3045094 0
vt 0.113295 0.9779046 0
vt 0.00390625 0.9568766 0
vt 0.3281602 0.1258313 0
vt 0.1632637 0.00390625 0
vt 0.04838135 0.6984725 0
vt 0.05666403 0.6595892 0
vt 0.1667133 0.6770936 0
vt 0.1706175 0.6777896 0
vt 0.2482196 0.6918254 0
vt 0.2523695 0.6925936 0
vt 0.2716805 0.6962713 0
vt 0.3023523 0.7086547 0
vt 0.325843 0.7315632 0
vt 0.3388358 0.7616975 0
vt 0.3395945 0.7948413 0
vt 0.3162913 0.9269446 0
vt 0.3041932 0.9578296 0
vt 0.2815372 0.9815901 0
vt 0.4474834 0.4694526 0
vt 0.2185041 0.9960938 0
vt 0.7557616 0.2094353 0
vt 0.3496905 0.08286048 0
vt 0.5641555 0.00390625 0
vt 0.343997 0.08536343 0
vt 0.3638692 0.7173305 0
vt 0.3578449 0.7154207 0
vt 0.1296839 0.630327 0
vt 0.7453656 0.1848512 0
vt 0.3483211 0.7127387 0
vt 0.7680081 0.2524249 0
vt 0.0367159 0.4937298 0
vt 0.6884052 0.0984985 0
vt 0.3592504 0.08046116 0
vt 0.683897 0.09444064 0
vt 0.3330255 0.0344805 0
vt 0.3725694 0.007211223 0
vt 0.3711946 0.01071644 0
vt 0.3700753 0.01443604 0
vt 0.369301 0.01835408 0
vt 0.369115 0.022435 0
vt 0.3693332 0.02655817 0
vt 0.3297741 0.03624789 0
vt 0.3183289 0.0401188 0
vt 0.3223871 0.03918471 0
vt 0.3261825 0.03783239 0
vt 0.3009249 0.03766624 0
vt 0.305229 0.03929211 0
vt 0.3096313 0.04036021 0
vt 0.3140543 0.04053374 0
vt 0.3146162 0.00860558 0
vt 0.3231349 0.0161948 0
vt 0.3945647 0.03552155 0
vt 0.3720792 0.05585822 0
vt 0.2808055 0.007641519 0
vt 0.3902451 0.04532081 0
vt 0.3522634 0.04888599 0
vt 0.2659132 0.02558725 0
vt 0.343997 0.03028958 0
vt 0.3463247 0.04021086 0
vt 0.2766215 0.06628939 0
vt 0.3826932 0.008207447 0
vt 0.3740698 0.00390625 0
vt 0.6720668 0.036053 0
vt 0.02623403 0.08198232 0
vt 0.6694241 0.0394925 0
vt 0.02585826 0.08577691 0
vt 0.6633047 0.06225806 0
vt 0.6644242 0.05084177 0
vt 0.663676 0.05473322 0
vt 0.6671922 0.04311231 0
vt 0.6654745 0.04691767 0
vt 0.663399 0.05853624 0
vt 0.02593168 0.08973892 0
vt 0.02629717 0.0937847 0
vt 0.02892242 0.1017748 0
vt 0.03093967 0.1056146 0
vt 0.02734062 0.0978273 0
vt 0.6480781 0.01614289 0
vt 0.06061656 0.1004977 0
vt 0.05136701 0.1317128 0
vt 0.05527149 0.09055877 0
vt 0.05877329 0.1228888 0
vt 0.7037201 0.03524513 0
vt 0.04123853 0.1369554 0
vt 0.02995637 0.1380692 0
vt 0.01050533 0.1286972 0
vt 0.0367179 0.0795982 0
vt 0.02677597 0.07829896 0
vt 0.04671524 0.08346214 0
vt 0.0192827 0.13487 0
vt 0.08706385 0.02862521 0
vt 0.08880163 0.02469323 0
vt 0.08993064 0.02059938 0
vt 0.09062641 0.01646028 0
vt 0.09061979 0.01236015 0
vt 0.09027915 0.008363596 0
vt 0.08961161 0.004587893 0
vt 0.725194 0.007637872 0
vt 0.7259625 0.01124641 0
vt 0.7270713 0.01485229 0
vt 0.7284443 0.01840353 0
vt 0.08198187 0.03557573 0
vt 0.08475503 0.03228664 0
vt 0.1044359 0.01347593 0
vt 0.1019469 0.01606042 0
vt 0.1119459 0.0161238 0
vt 0.1014166 0.01547559 0
vt 0.03874645 0.06201586 0
vt 0.0612151 0.03730663 0
vt 0.07549536 0.03651522 0
vt 0.07900553 0.03829443 0
vt 0.0564248 0.03902684 0
vt 0.05211567 0.04180562 0
vt 0.04820299 0.04518662 0
vt 0.1055927 0.00390625 0
vt 0.1087493 0.01789074 0
vt 0.041842 0.0532619 0
vt 0.1002469 0.00853044 0
vt 0.7402644 0.007096314 0
vt 0.7329512 0.03964304 0
vt 0.740758 0.03629803 0
vt 0.7461356 0.02977972 0
vt 0.7326179 0.00390625 0
vt 0.7479736 0.0215437 0
vt 0.7458692 0.01335202 0
vt 0.7245945 0.004088585 0
vt 0.00390625 0.06392953 0
vt 0.7120951 0.01920519 0
vt 0.7129161 0.02740743 0
vt 0.7172889 0.03456744 0
vt 0.7245065 0.03894598 0
#end 969 textures vertices 

#begin 637 normals 
vn 0.1938 0.3754 0.9064
vn -0 0.3827 0.9239
vn -0 0.098 0.9952
vn 0.1936 0.0962 0.9764
vn -0 -0 -1
vn -0 0.098 -0.9952
vn 0.1936 0.0962 -0.9764
vn 0.1951 -0 -0.9808
vn -1 -0 -0
vn 0.1951 -0 0.9808
vn -0 -0 1
vn 0.1936 0.9764 0.0962
vn -0 0.9952 0.098
vn -0 0.9239 0.3827
vn 0.1938 0.9064 0.3754
vn -0 0.7071 -0.7071
vn 0.1938 0.6937 -0.6937
vn 0.1938 0.3754 -0.9064
vn -0 0.3827 -0.9239
vn -0 -1 -0
vn 0.1951 -0.9808 -0
vn -0 0.9239 -0.3827
vn 0.1938 0.9064 -0.3754
vn -0 0.9952 -0.098
vn 0.1936 0.9764 -0.0962
vn 0.1938 0.6937 0.6937
vn -0 0.7071 0.7071
vn 1 -0 -0
vn 0.1693 -0.9856 -0
vn 0.2238 -0.9746 -0
vn 0.2046 -0.9788 -0
vn 0.1967 0.6927 -0.6939
vn 0.1946 0.906 -0.3758
vn -0.018 0.9241 -0.3818
vn -0.0138 0.7082 -0.7058
vn 0.0194 -0.9998 -0
vn 0.1888 0.9773 -0.0963
vn 0.2166 -0 -0.9763
vn 0.1998 0.3739 -0.9057
vn 0.0074 -0.3806 -0.9247
vn 0.0137 -0.7058 -0.7082
vn 0.0138 -0.7082 -0.7058
vn 0.0075 -0.3847 -0.923
vn 0.1974 0.0955 -0.9757
vn 0.1888 0.9773 0.0963
vn -0.0193 0.995 0.0979
vn -0.0193 0.995 -0.0979
vn 0.1946 0.906 0.3758
vn 0.1967 0.6927 0.6939
vn 0.0019 -0.0968 0.9953
vn 0.0019 -0.0992 0.9951
vn 0.1998 0.3739 0.9057
vn 0.0179 -0.9234 0.3835
vn 0.0137 -0.7058 0.7082
vn 0.0138 -0.7082 0.7058
vn 0.018 -0.9241 0.3818
vn 0.1974 0.0955 0.9757
vn 0.0193 -0.995 -0.0981
vn 0.0193 -0.995 0.0981
vn 0.0193 -0.995 0.0979
vn 0.0193 -0.995 -0.0979
vn -0.0075 0.3847 -0.923
vn -0.0019 0.0992 -0.9951
vn 0.1693 -0 -0.9856
vn -0.0019 0.0992 0.9951
vn 0.2166 -0 0.9763
vn -0 1 -0
vn -0.0138 0.7082 0.7058
vn -0.018 0.9241 0.3818
vn 0.1693 -0 0.9856
vn -0.0194 0.9998 -0
vn 0.0019 -0.0968 -0.9953
vn 0.0019 -0.0992 -0.9951
vn 0.0074 -0.3806 0.9247
vn 0.0075 -0.3847 0.923
vn 0.0179 -0.9234 -0.3835
vn 0.018 -0.9241 -0.3818
vn 0.9239 -0.3827 -0
vn 0.9245 0.3793 -0.0374
vn 0.9265 0.3477 -0.144
vn 0.9265 0.2661 -0.2661
vn 0.9265 0.144 -0.3477
vn 0.9245 0.0374 -0.3793
vn 0.9265 0.3477 0.144
vn 0.9245 0.3793 0.0374
vn 0.9265 0.2661 0.2661
vn 0.9265 0.144 0.3477
vn 0.9245 0.0374 0.3793
vn 0.9239 -0 0.3827
vn 0.9239 -0 -0.3827
vn -0.0075 0.3847 0.923
vn -0 0.6991 -0.715
vn -0 0.5482 -0.8363
vn -0 -0.5482 -0.8363
vn -0 -0.824 -0.5666
vn 0.1053 0.9776 -0.1825
vn 0.1982 0.9181 -0.3433
vn 0.2833 0.824 -0.4907
vn 0.3575 0.6991 -0.6192
vn 0.4182 0.5482 -0.7243
vn 0.4631 0.3771 -0.8021
vn 0.4907 0.1921 -0.8499
vn 0.5 -0 -0.866
vn 0.4907 -0.1921 -0.8499
vn 0.4631 -0.3771 -0.8021
vn 0.4182 -0.5482 -0.7243
vn 0.3575 -0.6991 -0.6192
vn 0.2833 -0.824 -0.4907
vn 0.1982 -0.9181 -0.3433
vn 0.1053 -0.9776 -0.1825
vn 0.1825 0.9776 -0.1053
vn 0.3433 0.9181 -0.1982
vn 0.4907 0.824 -0.2833
vn 0.6192 0.6991 -0.3575
vn 0.7243 0.5482 -0.4182
vn 0.8021 0.3771 -0.4631
vn 0.8499 0.1921 -0.4907
vn 0.866 -0 -0.5
vn 0.8499 -0.1921 -0.4907
vn 0.8021 -0.3771 -0.4631
vn 0.7243 -0.5482 -0.4182
vn 0.6192 -0.6991 -0.3575
vn 0.4907 -0.824 -0.2833
vn 0.3433 -0.9181 -0.1982
vn 0.1825 -0.9776 -0.1053
vn 0.2107 0.9776 -0
vn 0.3964 0.9181 -0
vn 0.5666 0.824 -0
vn 0.715 0.6991 -0
vn 0.8363 0.5482 -0
vn 0.9262 0.3771 -0
vn 0.9814 0.1921 -0
vn 1 -0 -0
vn 0.9814 -0.1921 -0
vn 0.9262 -0.3771 -0
vn 0.8363 -0.5482 -0
vn 0.715 -0.6991 -0
vn 0.5666 -0.824 -0
vn 0.3964 -0.9181 -0
vn 0.2107 -0.9776 -0
vn 0.1825 0.9776 0.1053
vn 0.3433 0.9181 0.1982
vn 0.4907 0.824 0.2833
vn 0.6192 0.6991 0.3575
vn 0.7243 0.5482 0.4182
vn 0.8021 0.3771 0.4631
vn 0.8499 0.1921 0.4907
vn 0.866 -0 0.5
vn 0.8499 -0.1921 0.4907
vn 0.8021 -0.3771 0.4631
vn 0.7243 -0.5482 0.4182
vn 0.6192 -0.6991 0.3575
vn 0.4907 -0.824 0.2833
vn 0.3433 -0.9181 0.1982
vn 0.1825 -0.9776 0.1053
vn 0.1053 0.9776 0.1825
vn 0.1982 0.9181 0.3433
vn 0.2833 0.824 0.4907
vn 0.3575 0.6991 0.6192
vn 0.4182 0.5482 0.7243
vn 0.4631 0.3771 0.8021
vn 0.4907 0.1921 0.8499
vn 0.5 -0 0.866
vn 0.4907 -0.1921 0.8499
vn 0.4631 -0.3771 0.8021
vn 0.4182 -0.5482 0.7243
vn 0.3575 -0.6991 0.6192
vn 0.2833 -0.824 0.4907
vn 0.1982 -0.9181 0.3433
vn 0.1053 -0.9776 0.1825
vn -0 0.9776 0.2107
vn -0 0.9181 0.3964
vn -0 0.824 0.5666
vn -0 0.6991 0.715
vn -0 0.5482 0.8363
vn -0 0.3771 0.9262
vn -0 0.1921 0.9814
vn -0 -0 1
vn -0 -0.1921 0.9814
vn -0 -0.3771 0.9262
vn -0 -0.5482 0.8363
vn -0 -0.6991 0.715
vn -0 -0.824 0.5666
vn -0 -0.9181 0.3964
vn -0 -0.9776 0.2107
vn -0.1053 0.9776 0.1825
vn -0.1982 0.9181 0.3433
vn -0.2833 0.824 0.4907
vn -0.3575 0.6991 0.6192
vn -0.4182 0.5482 0.7243
vn -0.4631 0.3771 0.8021
vn -0.4907 0.1921 0.8499
vn -0.5 -0 0.866
vn -0.4907 -0.1921 0.8499
vn -0.4631 -0.3771 0.8021
vn -0.4182 -0.5482 0.7243
vn -0.3575 -0.6991 0.6192
vn -0.2833 -0.824 0.4907
vn -0.1982 -0.9181 0.3433
vn -0.1053 -0.9776 0.1825
vn -0.1825 0.9776 0.1053
vn -0.3433 0.9181 0.1982
vn -0.4907 0.824 0.2833
vn -0.6192 0.6991 0.3575
vn -0.7243 0.5482 0.4182
vn -0.8021 0.3771 0.4631
vn -0.8499 0.1921 0.4907
vn -0.866 -0 0.5
vn -0.8499 -0.1921 0.4907
vn -0.8021 -0.3771 0.4631
vn -0.7243 -0.5482 0.4182
vn -0.6192 -0.6991 0.3575
vn -0.4907 -0.824 0.2833
vn -0.3433 -0.9181 0.1982
vn -0.1825 -0.9776 0.1053
vn -0 -1 -0
vn -0.2107 0.9776 -0
vn -0.3964 0.9181 -0
vn -0.5666 0.824 -0
vn -0.715 0.6991 -0
vn -0.8363 0.5482 -0
vn -0.9262 0.3771 -0
vn -0.9814 0.1921 -0
vn -1 -0 -0
vn -0.9814 -0.1921 -0
vn -0.9262 -0.3771 -0
vn -0.8363 -0.5482 -0
vn -0.715 -0.6991 -0
vn -0.5666 -0.824 -0
vn -0.3964 -0.9181 -0
vn -0.2107 -0.9776 -0
vn -0.1825 0.9776 -0.1053
vn -0.3433 0.9181 -0.1982
vn -0.4907 0.824 -0.2833
vn -0.6192 0.6991 -0.3575
vn -0.7243 0.5482 -0.4182
vn -0.8021 0.3771 -0.4631
vn -0.8499 0.1921 -0.4907
vn -0.866 -0 -0.5
vn -0.8499 -0.1921 -0.4907
vn -0.8021 -0.3771 -0.4631
vn -0.7243 -0.5482 -0.4182
vn -0.6192 -0.6991 -0.3575
vn -0.4907 -0.824 -0.2833
vn -0.3433 -0.9181 -0.1982
vn -0.1825 -0.9776 -0.1053
vn -0.1053 0.9776 -0.1825
vn -0.1982 0.9181 -0.3433
vn -0.2833 0.824 -0.4907
vn -0.3575 0.6991 -0.6192
vn -0.4182 0.5482 -0.7243
vn -0.4631 0.3771 -0.8021
vn -0.4907 0.1921 -0.8499
vn -0.5 -0 -0.866
vn -0.4907 -0.1921 -0.8499
vn -0.4631 -0.3771 -0.8021
vn -0.4182 -0.5482 -0.7243
vn -0.3575 -0.6991 -0.6192
vn -0.2833 -0.824 -0.4907
vn -0.1982 -0.9181 -0.3433
vn -0.1053 -0.9776 -0.1825
vn -0 1 -0
vn -0 0.9776 -0.2107
vn -0 0.9181 -0.3964
vn -0 0.824 -0.5666
vn -0 0.3771 -0.9262
vn -0 0.1921 -0.9814
vn -0 -0 -1
vn -0 -0.1921 -0.9814
vn -0 -0.3771 -0.9262
vn -0 -0.6991 -0.715
vn -0 -0.9181 -0.3964
vn -0 -0.9776 -0.2107
vn -0 0.6991 -0.715
vn -0 0.5482 -0.8363
vn -0 -0.5482 -0.8363
vn -0 -0.824 -0.5666
vn 0.1053 0.9776 -0.1825
vn 0.1982 0.9181 -0.3433
vn 0.2833 0.824 -0.4907
vn 0.3575 0.6991 -0.6192
vn 0.4182 0.5482 -0.7243
vn 0.4631 0.3771 -0.8021
vn 0.4907 0.1921 -0.8499
vn 0.5 -0 -0.866
vn 0.4907 -0.1921 -0.8499
vn 0.4631 -0.3771 -0.8021
vn 0.4182 -0.5482 -0.7243
vn 0.3575 -0.6991 -0.6192
vn 0.2833 -0.824 -0.4907
vn 0.1982 -0.9181 -0.3433
vn 0.1053 -0.9776 -0.1825
vn 0.1825 0.9776 -0.1053
vn 0.3433 0.9181 -0.1982
vn 0.4907 0.824 -0.2833
vn 0.6192 0.6991 -0.3575
vn 0.7243 0.5482 -0.4182
vn 0.8021 0.3771 -0.4631
vn 0.8499 0.1921 -0.4907
vn 0.866 -0 -0.5
vn 0.8499 -0.1921 -0.4907
vn 0.8021 -0.3771 -0.4631
vn 0.7243 -0.5482 -0.4182
vn 0.6192 -0.6991 -0.3575
vn 0.4907 -0.824 -0.2833
vn 0.3433 -0.9181 -0.1982
vn 0.1825 -0.9776 -0.1053
vn 0.2107 0.9776 -0
vn 0.3964 0.9181 -0
vn 0.5666 0.824 -0
vn 0.715 0.6991 -0
vn 0.8363 0.5482 -0
vn 0.9262 0.3771 -0
vn 0.9814 0.1921 -0
vn 1 -0 -0
vn 0.9814 -0.1921 -0
vn 0.9262 -0.3771 -0
vn 0.8363 -0.5482 -0
vn 0.715 -0.6991 -0
vn 0.5666 -0.824 -0
vn 0.3964 -0.9181 -0
vn 0.2107 -0.9776 -0
vn 0.1825 0.9776 0.1053
vn 0.3433 0.9181 0.1982
vn 0.4907 0.824 0.2833
vn 0.6192 0.6991 0.3575
vn 0.7243 0.5482 0.4182
vn 0.8021 0.3771 0.4631
vn 0.8499 0.1921 0.4907
vn 0.866 -0 0.5
vn 0.8499 -0.1921 0.4907
vn 0.8021 -0.3771 0.4631
vn 0.7243 -0.5482 0.4182
vn 0.6192 -0.6991 0.3575
vn 0.4907 -0.824 0.2833
vn 0.3433 -0.9181 0.1982
vn 0.1825 -0.9776 0.1053
vn 0.1053 0.9776 0.1825
vn 0.1982 0.9181 0.3433
vn 0.2833 0.824 0.4907
vn 0.3575 0.6991 0.6192
vn 0.4182 0.5482 0.7243
vn 0.4631 0.3771 0.8021
vn 0.4907 0.1921 0.8499
vn 0.5 -0 0.866
vn 0.4907 -0.1921 0.8499
vn 0.4631 -0.3771 0.8021
vn 0.4182 -0.5482 0.7243
vn 0.3575 -0.6991 0.6192
vn 0.2833 -0.824 0.4907
vn 0.1982 -0.9181 0.3433
vn 0.1053 -0.9776 0.1825
vn -0 0.9776 0.2107
vn -0 0.9181 0.3964
vn -0 0.824 0.5666
vn -0 0.6991 0.715
vn -0 0.5482 0.8363
vn -0 0.3771 0.9262
vn -0 0.1921 0.9814
vn -0 -0 1
vn -0 -0.1921 0.9814
vn -0 -0.3771 0.9262
vn -0 -0.5482 0.8363
vn -0 -0.6991 0.715
vn -0 -0.824 0.5666
vn -0 -0.9181 0.3964
vn -0 -0.9776 0.2107
vn -0.1053 0.9776 0.1825
vn -0.1982 0.9181 0.3433
vn -0.2833 0.824 0.4907
vn -0.3575 0.6991 0.6192
vn -0.4182 0.5482 0.7243
vn -0.4631 0.3771 0.8021
vn -0.4907 0.1921 0.8499
vn -0.5 -0 0.866
vn -0.4907 -0.1921 0.8499
vn -0.4631 -0.3771 0.8021
vn -0.4182 -0.5482 0.7243
vn -0.3575 -0.6991 0.6192
vn -0.2833 -0.824 0.4907
vn -0.1982 -0.9181 0.3433
vn -0.1053 -0.9776 0.1825
vn -0.1825 0.9776 0.1053
vn -0.3433 0.9181 0.1982
vn -0.4907 0.824 0.2833
vn -0.6192 0.6991 0.3575
vn -0.7243 0.5482 0.4182
vn -0.8021 0.3771 0.4631
vn -0.8499 0.1921 0.4907
vn -0.866 -0 0.5
vn -0.8499 -0.1921 0.4907
vn -0.8021 -0.3771 0.4631
vn -0.7243 -0.5482 0.4182
vn -0.6192 -0.6991 0.3575
vn -0.4907 -0.824 0.2833
vn -0.3433 -0.9181 0.1982
vn -0.1825 -0.9776 0.1053
vn -0 -1 -0
vn -0.2107 0.9776 -0
vn -0.3964 0.9181 -0
vn -0.5666 0.824 -0
vn -0.715 0.6991 -0
vn -0.8363 0.5482 -0
vn -0.9262 0.3771 -0
vn -0.9814 0.1921 -0
vn -1 -0 -0
vn -0.9814 -0.1921 -0
vn -0.9262 -0.3771 -0
vn -0.8363 -0.5482 -0
vn -0.715 -0.6991 -0
vn -0.5666 -0.824 -0
vn -0.3964 -0.9181 -0
vn -0.2107 -0.9776 -0
vn -0.1825 0.9776 -0.1053
vn -0.3433 0.9181 -0.1982
vn -0.4907 0.824 -0.2833
vn -0.6192 0.6991 -0.3575
vn -0.7243 0.5482 -0.4182
vn -0.8021 0.3771 -0.4631
vn -0.8499 0.1921 -0.4907
vn -0.866 -0 -0.5
vn -0.8499 -0.1921 -0.4907
vn -0.8021 -0.3771 -0.4631
vn -0.7243 -0.5482 -0.4182
vn -0.6192 -0.6991 -0.3575
vn -0.4907 -0.824 -0.2833
vn -0.3433 -0.9181 -0.1982
vn -0.1825 -0.9776 -0.1053
vn -0.1053 0.9776 -0.1825
vn -0.1982 0.9181 -0.3433
vn -0.2833 0.824 -0.4907
vn -0.3575 0.6991 -0.6192
vn -0.4182 0.5482 -0.7243
vn -0.4631 0.3771 -0.8021
vn -0.4907 0.1921 -0.8499
vn -0.5 -0 -0.866
vn -0.4907 -0.1921 -0.8499
vn -0.4631 -0.3771 -0.8021
vn -0.4182 -0.5482 -0.7243
vn -0.3575 -0.6991 -0.6192
vn -0.2833 -0.824 -0.4907
vn -0.1982 -0.9181 -0.3433
vn -0.1053 -0.9776 -0.1825
vn -0 1 -0
vn -0 0.9776 -0.2107
vn -0 0.9181 -0.3964
vn -0 0.824 -0.5666
vn -0 0.3771 -0.9262
vn -0 0.1921 -0.9814
vn -0 -0 -1
vn -0 -0.1921 -0.9814
vn -0 -0.3771 -0.9262
vn -0 -0.6991 -0.715
vn -0 -0.9181 -0.3964
vn -0 -0.9776 -0.2107
vn -0 0.6991 -0.715
vn -0 0.5482 -0.8363
vn -0 -0.5482 -0.8363
vn -0 -0.824 -0.5666
vn 0.1053 0.9776 -0.1825
vn 0.1982 0.9181 -0.3433
vn 0.2833 0.824 -0.4907
vn 0.3575 0.6991 -0.6192
vn 0.4182 0.5482 -0.7243
vn 0.4631 0.3771 -0.8021
vn 0.4907 0.1921 -0.8499
vn 0.5 -0 -0.866
vn 0.4907 -0.1921 -0.8499
vn 0.4631 -0.3771 -0.8021
vn 0.4182 -0.5482 -0.7243
vn 0.3575 -0.6991 -0.6192
vn 0.2833 -0.824 -0.4907
vn 0.1982 -0.9181 -0.3433
vn 0.1053 -0.9776 -0.1825
vn 0.1825 0.9776 -0.1053
vn 0.3433 0.9181 -0.1982
vn 0.4907 0.824 -0.2833
vn 0.6192 0.6991 -0.3575
vn 0.7243 0.5482 -0.4182
vn 0.8021 0.3771 -0.4631
vn 0.8499 0.1921 -0.4907
vn 0.866 -0 -0.5
vn 0.8499 -0.1921 -0.4907
vn 0.8021 -0.3771 -0.4631
vn 0.7243 -0.5482 -0.4182
vn 0.6192 -0.6991 -0.3575
vn 0.4907 -0.824 -0.2833
vn 0.3433 -0.9181 -0.1982
vn 0.1825 -0.9776 -0.1053
vn 0.2107 0.9776 -0
vn 0.3964 0.9181 -0
vn 0.5666 0.824 -0
vn 0.715 0.6991 -0
vn 0.8363 0.5482 -0
vn 0.9262 0.3771 -0
vn 0.9814 0.1921 -0
vn 1 -0 -0
vn 0.9814 -0.1921 -0
vn 0.9262 -0.3771 -0
vn 0.8363 -0.5482 -0
vn 0.715 -0.6991 -0
vn 0.5666 -0.824 -0
vn 0.3964 -0.9181 -0
vn 0.2107 -0.9776 -0
vn 0.1825 0.9776 0.1053
vn 0.3433 0.9181 0.1982
vn 0.4907 0.824 0.2833
vn 0.6192 0.6991 0.3575
vn 0.7243 0.5482 0.4182
vn 0.8021 0.3771 0.4631
vn 0.8499 0.1921 0.4907
vn 0.866 -0 0.5
vn 0.8499 -0.1921 0.4907
vn 0.8021 -0.3771 0.4631
vn 0.7243 -0.5482 0.4182
vn 0.6192 -0.6991 0.3575
vn 0.4907 -0.824 0.2833
vn 0.3433 -0.9181 0.1982
vn 0.1825 -0.9776 0.1053
vn 0.1053 0.9776 0.1825
vn 0.1982 0.9181 0.3433
vn 0.2833 0.824 0.4907
vn 0.3575 0.6991 0.6192
vn 0.4182 0.5482 0.7243
vn 0.4631 0.3771 0.8021
vn 0.4907 0.1921 0.8499
vn 0.5 -0 0.866
vn 0.4907 -0.1921 0.8499
vn 0.4631 -0.3771 0.8021
vn 0.4182 -0.5482 0.7243
vn 0.3575 -0.6991 0.6192
vn 0.2833 -0.824 0.4907
vn 0.1982 -0.9181 0.3433
vn 0.1053 -0.9776 0.1825
vn -0 0.9776 0.2107
vn -0 0.9181 0.3964
vn -0 0.824 0.5666
vn -0 0.6991 0.715
vn -0 0.5482 0.8363
vn -0 0.3771 0.9262
vn -0 0.1921 0.9814
vn -0 -0 1
vn -0 -0.1921 0.9814
vn -0 -0.3771 0.9262
vn -0 -0.5482 0.8363
vn -0 -0.6991 0.715
vn -0 -0.824 0.5666
vn -0 -0.9181 0.3964
vn -0 -0.9776 0.2107
vn -0.1053 0.9776 0.1825
vn -0.1982 0.9181 0.3433
vn -0.2833 0.824 0.4907
vn -0.3575 0.6991 0.6192
vn -0.4182 0.5482 0.7243
vn -0.4631 0.3771 0.8021
vn -0.4907 0.1921 0.8499
vn -0.5 -0 0.866
vn -0.4907 -0.1921 0.8499
vn -0.4631 -0.3771 0.8021
vn -0.4182 -0.5482 0.7243
vn -0.3575 -0.6991 0.6192
vn -0.2833 -0.824 0.4907
vn -0.1982 -0.9181 0.3433
vn -0.1053 -0.9776 0.1825
vn -0.1825 0.9776 0.1053
vn -0.3433 0.9181 0.1982
vn -0.4907 0.824 0.2833
vn -0.6192 0.6991 0.3575
vn -0.7243 0.5482 0.4182
vn -0.8021 0.3771 0.4631
vn -0.8499 0.1921 0.4907
vn -0.866 -0 0.5
vn -0.8499 -0.1921 0.4907
vn -0.8021 -0.3771 0.4631
vn -0.7243 -0.5482 0.4182
vn -0.6192 -0.6991 0.3575
vn -0.4907 -0.824 0.2833
vn -0.3433 -0.9181 0.1982
vn -0.1825 -0.9776 0.1053
vn -0 -1 -0
vn -0.2107 0.9776 -0
vn -0.3964 0.9181 -0
vn -0.5666 0.824 -0
vn -0.715 0.6991 -0
vn -0.8363 0.5482 -0
vn -0.9262 0.3771 -0
vn -0.9814 0.1921 -0
vn -1 -0 -0
vn -0.9814 -0.1921 -0
vn -0.9262 -0.3771 -0
vn -0.8363 -0.5482 -0
vn -0.715 -0.6991 -0
vn -0.5666 -0.824 -0
vn -0.3964 -0.9181 -0
vn -0.2107 -0.9776 -0
vn -0.1825 0.9776 -0.1053
vn -0.3433 0.9181 -0.1982
vn -0.4907 0.824 -0.2833
vn -0.6192 0.6991 -0.3575
vn -0.7243 0.5482 -0.4182
vn -0.8021 0.3771 -0.4631
vn -0.8499 0.1921 -0.4907
vn -0.866 -0 -0.5
vn -0.8499 -0.1921 -0.4907
vn -0.8021 -0.3771 -0.4631
vn -0.7243 -0.5482 -0.4182
vn -0.6192 -0.6991 -0.3575
vn -0.4907 -0.824 -0.2833
vn -0.3433 -0.9181 -0.1982
vn -0.1825 -0.9776 -0.1053
vn -0.1053 0.9776 -0.1825
vn -0.1982 0.9181 -0.3433
vn -0.2833 0.824 -0.4907
vn -0.3575 0.6991 -0.6192
vn -0.4182 0.5482 -0.7243
vn -0.4631 0.3771 -0.8021
vn -0.4907 0.1921 -0.8499
vn -0.5 -0 -0.866
vn -0.4907 -0.1921 -0.8499
vn -0.4631 -0.3771 -0.8021
vn -0.4182 -0.5482 -0.7243
vn -0.3575 -0.6991 -0.6192
vn -0.2833 -0.824 -0.4907
vn -0.1982 -0.9181 -0.3433
vn -0.1053 -0.9776 -0.1825
vn -0 1 -0
vn -0 0.9776 -0.2107
vn -0 0.9181 -0.3964
vn -0 0.824 -0.5666
vn -0 0.3771 -0.9262
vn -0 0.1921 -0.9814
vn -0 -0 -1
vn -0 -0.1921 -0.9814
vn -0 -0.3771 -0.9262
vn -0 -0.6991 -0.715
vn -0 -0.9181 -0.3964
vn -0 -0.9776 -0.2107
#end 637 normals 

#begin 790 faces
o Cube:036
s 1
f 40/40/1 5/5/2 3/3/3 31/31/4 
f 82/82/5 9/9/6 43/43/7 88/88/8 
f 77/77/9 10/10/9 11/11/9 12/12/9 
f 85/85/10 31/31/4 3/3/3 81/81/11 
f 28/28/12 4/4/13 7/7/14 34/34/15 
f 11/11/16 52/52/17 49/49/18 12/12/19 
f 57/57/20 60/60/21 19/19/21 20/20/20 
f 10/10/22 55/55/23 52/52/17 11/11/16 
f 8/8/24 46/46/25 55/55/23 10/10/22 
f 46/867/25 8/865/24 4/4/13 28/28/12 
f 37/37/26 6/6/27 5/5/2 40/40/1 
f 12/12/19 49/49/18 43/43/7 9/9/6 
f 34/34/15 7/7/14 6/6/27 37/37/26 
f 68/68/28 33/33/28 36/36/28 39/39/28 
f 61/61/21 25/25/29 26/26/30 63/63/31 
f 53/53/32 56/56/33 182/182/34 184/184/35 
f 63/63/31 26/26/30 177/177/36 203/203/36 
f 47/47/37 56/56/33 55/55/23 46/46/25 
f 26/26/38 125/125/8 215/215/5 177/177/5 
f 56/56/33 53/53/32 52/52/17 55/55/23 
f 130/130/8 87/87/8 202/202/5 208/208/5 
f 53/53/32 50/50/39 49/49/18 52/52/17 
f 39/764/40 36/766/41 194/194/42 196/196/43 
f 50/50/39 44/44/44 43/43/7 49/49/18 
f 47/864/37 29/29/45 192/192/46 179/863/47 
f 35/35/48 29/29/45 28/28/12 34/34/15 
f 123/123/5 124/124/5 214/214/5 213/213/5 
f 38/38/49 35/35/48 34/34/15 37/37/26 
f 42/42/50 86/777/11 207/207/11 187/187/51 
f 41/41/52 38/38/49 37/37/26 40/40/1 
f 54/54/53 51/772/54 183/183/55 181/181/56 
f 32/32/57 41/41/52 40/40/1 31/31/4 
f 27/27/58 45/45/59 180/180/60 191/191/61 
f 84/84/10 32/32/57 31/31/4 85/85/10 
f 21/21/5 123/123/5 213/213/5 176/176/5 
f 29/29/45 47/864/37 46/867/25 28/28/12 
f 44/44/44 50/50/39 186/186/62 188/188/63 
f 125/125/8 26/26/38 25/25/64 127/127/8 
f 16/16/20 15/15/21 22/22/29 1/1/20 
f 126/126/8 130/130/8 208/208/5 216/216/5 
f 15/15/21 19/19/21 18/18/31 14/14/31 
f 22/22/29 15/15/21 14/14/31 23/23/30 
f 32/32/57 84/84/10 206/206/11 197/197/65 
f 20/20/20 19/19/21 15/15/21 16/16/20 
f 66/66/28 45/769/28 27/768/28 67/67/28 
f 67/67/28 27/768/28 33/33/28 68/68/28 
f 102/102/10 23/23/66 175/175/11 200/200/11 
f 19/19/21 60/60/21 58/58/31 18/18/31 
f 62/62/20 61/61/21 60/871/21 57/861/20 
f 2/2/20 25/25/29 61/61/21 62/62/20 
f 124/124/5 129/129/5 205/205/5 214/214/5 
f 60/871/21 61/61/21 63/63/31 58/860/31 
f 65/65/28 54/767/28 45/769/28 66/66/28 
f 65/65/28 48/48/28 51/51/28 54/767/28 
f 71/71/28 67/67/28 68/68/28 72/72/28 
f 70/70/28 66/66/28 67/67/28 71/71/28 
f 69/69/28 65/65/28 66/66/28 70/70/28 
f 42/770/28 48/48/28 65/65/28 69/69/28 
f 72/72/28 68/68/28 39/39/28 30/30/28 
f 89/89/28 71/71/28 72/72/28 90/90/28 
f 91/91/28 70/70/28 71/71/28 89/89/28 
f 92/92/28 69/69/28 70/70/28 91/91/28 
f 86/86/28 42/770/28 69/69/28 92/92/28 
f 90/90/28 72/72/28 30/30/28 83/780/28 
f 80/80/9 7/7/9 4/4/9 79/79/9 
f 79/79/9 4/4/9 8/865/9 78/78/9 
f 78/868/9 8/8/9 10/10/9 77/77/9 
f 5/5/9 6/6/9 7/7/9 80/80/9 
f 96/96/9 76/76/9 75/75/9 93/93/9 
f 93/93/9 75/75/9 74/74/9 94/94/9 
f 94/866/9 74/859/9 73/73/9 95/95/9 
f 95/95/9 73/73/9 9/9/9 82/82/9 
f 81/81/9 3/3/9 76/76/9 96/96/9 
f 76/76/9 80/80/9 79/79/9 75/75/9 
f 75/75/9 79/79/9 78/78/9 74/74/9 
f 74/859/9 78/868/9 77/77/9 73/73/9 
f 73/73/9 77/77/9 12/12/9 9/9/9 
f 3/3/9 5/5/9 80/80/9 76/76/9 
f 132/132/9 81/81/9 96/96/9 144/144/9 
f 143/143/9 95/95/9 82/82/9 133/133/9 
f 142/142/9 94/866/9 95/95/9 143/143/9 
f 141/141/9 93/93/9 94/94/9 142/869/9 
f 144/144/9 96/96/9 93/93/9 141/141/9 
f 110/110/67 108/108/67 155/155/67 157/157/67 
f 105/105/20 113/113/20 160/160/20 152/152/20 
f 106/795/11 105/789/11 152/792/11 153/153/11 
f 114/114/67 106/106/67 153/799/67 161/161/67 
f 129/786/67 138/138/67 166/166/67 145/145/67 
f 44/44/44 87/87/8 88/88/8 43/43/7 
f 129/129/5 83/83/5 199/199/5 205/205/5 
f 134/134/10 84/84/10 85/85/10 135/135/10 
f 35/35/48 38/38/49 193/193/68 189/189/69 
f 135/135/10 85/85/10 81/81/11 132/132/11 
f 133/133/5 82/82/5 88/88/8 131/131/8 
f 2/2/5 100/100/5 127/127/8 25/25/64 
f 100/100/5 99/99/5 128/128/8 127/127/8 
f 22/22/70 104/104/10 98/98/11 1/1/11 
f 104/104/10 103/103/10 97/97/11 98/98/11 
f 59/59/71 17/17/71 170/170/71 172/172/71 
f 83/83/5 30/763/72 198/198/73 199/199/5 
f 23/23/66 102/102/10 104/104/10 22/22/70 
f 102/102/10 101/101/10 103/103/10 104/104/10 
f 17/810/28 108/108/28 110/110/28 13/13/28 
f 113/113/20 111/111/20 158/158/20 160/160/20 
f 59/809/28 112/112/28 108/108/28 17/810/28 
f 89/89/20 90/90/20 147/147/20 151/151/20 
f 64/64/28 114/114/28 112/112/28 59/809/28 
f 140/140/67 136/136/67 164/164/67 168/168/67 
f 24/24/28 106/106/28 114/114/28 64/64/28 
f 83/83/5 129/129/5 145/785/5 146/779/5 
f 13/13/28 110/110/28 123/802/28 21/806/28 
f 112/112/67 114/114/67 161/161/67 159/159/67 
f 16/16/9 122/122/9 116/116/9 20/20/9 
f 122/122/9 121/121/9 115/115/9 116/116/9 
f 20/20/9 116/116/9 118/118/9 57/57/9 
f 116/116/9 115/115/9 117/117/9 118/118/9 
f 57/861/9 118/872/9 120/120/9 62/62/9 
f 118/872/9 117/870/9 119/119/9 120/120/9 
f 62/62/9 120/120/9 100/100/9 2/2/9 
f 120/120/9 119/119/9 99/99/9 100/100/9 
f 1/1/9 98/98/9 122/122/9 16/16/9 
f 98/98/9 97/97/9 121/121/9 122/122/9 
f 130/130/8 126/126/8 128/128/8 131/131/8 
f 126/126/8 125/125/8 127/127/8 128/128/8 
f 48/771/74 42/42/50 187/187/51 185/185/75 
f 36/766/41 33/765/76 190/190/77 194/194/42 
f 105/789/11 106/795/11 201/201/11 212/212/11 
f 87/87/8 130/130/8 131/131/8 88/88/8 
f 99/99/5 133/133/5 131/131/8 128/128/8 
f 103/103/10 135/135/10 132/132/11 97/97/11 
f 56/56/33 47/47/37 179/179/47 182/182/34 
f 101/101/10 134/134/10 135/135/10 103/103/10 
f 107/107/28 137/137/28 138/138/28 109/109/28 
f 111/111/28 139/139/28 137/137/28 107/107/28 
f 113/113/28 140/140/28 139/139/28 111/111/28 
f 105/105/28 136/136/28 140/140/28 113/113/28 
f 109/109/28 138/138/28 129/786/28 124/803/28 
f 121/121/9 144/144/9 141/141/9 115/115/9 
f 115/115/9 141/141/9 142/869/9 117/117/9 
f 117/870/9 142/142/9 143/143/9 119/119/9 
f 119/119/9 143/143/9 133/133/9 99/99/9 
f 97/97/9 132/132/9 144/144/9 121/121/9 
f 166/784/28 147/776/28 146/779/28 145/785/28 
f 164/787/28 148/148/28 149/149/28 168/781/28 
f 168/781/28 149/149/28 150/150/28 167/167/28 
f 167/167/28 150/150/28 151/775/28 165/165/28 
f 165/165/28 151/775/28 147/776/28 166/784/28 
f 155/797/28 154/154/28 156/156/28 157/796/28 
f 159/798/28 158/794/28 154/154/28 155/797/28 
f 161/800/28 160/793/28 158/794/28 159/798/28 
f 153/153/28 152/792/28 160/793/28 161/800/28 
f 157/796/28 156/156/28 163/804/28 162/162/28 
f 123/802/67 110/110/67 157/157/67 162/801/67 
f 90/90/20 83/780/20 146/146/20 147/147/20 
f 107/107/20 109/109/20 156/791/20 154/790/20 
f 136/788/11 86/777/11 148/148/11 164/787/11 
f 138/138/67 137/137/67 165/783/67 166/166/67 
f 109/109/20 124/803/20 163/163/20 156/791/20 
f 86/86/20 92/92/20 149/773/20 148/778/20 
f 124/124/5 123/123/5 162/162/5 163/804/5 
f 108/108/67 112/112/67 159/159/67 155/155/67 
f 137/137/67 139/139/67 167/782/67 165/783/67 
f 92/92/20 91/91/20 150/774/20 149/773/20 
f 111/111/20 107/107/20 154/790/20 158/158/20 
f 139/139/67 140/140/67 168/168/67 167/782/67 
f 91/91/20 89/89/20 151/151/20 150/774/20 
f 203/843/78 177/844/78 178/178/78 204/204/78 
f 180/822/79 181/821/80 182/852/80 179/853/79 
f 181/821/80 183/820/81 184/851/81 182/852/80 
f 183/820/81 185/819/82 186/850/82 184/851/81 
f 185/819/82 187/816/83 188/849/83 186/850/82 
f 190/824/84 191/823/85 192/854/85 189/855/84 
f 194/825/86 190/824/84 189/855/84 193/856/86 
f 196/833/87 194/825/86 193/856/86 195/195/87 
f 198/832/88 196/833/87 195/195/87 197/858/88 
f 199/834/89 198/832/88 197/858/88 206/835/89 
f 191/823/85 180/822/79 179/853/79 192/854/85 
f 201/814/90 178/178/90 177/844/90 215/845/90 
f 173/173/78 169/169/78 170/828/78 174/174/78 
f 175/840/78 173/173/78 174/174/78 176/826/78 
f 169/169/78 171/171/78 172/829/78 170/828/78 
f 171/171/78 203/843/78 204/204/78 172/829/78 
f 187/816/83 207/818/90 202/848/90 188/849/83 
f 205/812/89 199/834/89 206/835/89 209/209/89 
f 176/826/89 213/811/89 200/839/89 175/840/89 
f 213/811/89 214/813/89 210/210/89 200/839/89 
f 211/211/90 212/815/90 216/846/90 208/847/90 
f 212/815/90 201/814/90 215/845/90 216/846/90 
f 207/818/90 211/211/90 208/847/90 202/848/90 
f 214/813/89 205/812/89 209/209/89 210/210/89 
f 38/38/49 41/41/52 195/857/91 193/193/68 
f 23/23/30 14/14/31 173/841/36 175/175/36 
f 84/84/10 134/134/10 209/837/11 206/206/11 
f 33/765/76 27/27/58 191/191/61 190/190/77 
f 125/125/8 126/126/8 216/216/5 215/215/5 
f 106/795/11 24/807/11 178/831/11 201/201/11 
f 24/807/71 64/808/71 204/830/71 178/831/71 
f 87/87/8 44/44/44 188/188/63 202/202/5 
f 86/777/11 136/788/11 211/817/11 207/207/11 
f 134/134/10 101/101/10 210/838/11 209/837/11 
f 29/29/45 35/35/48 189/189/69 192/192/46 
f 51/772/54 48/771/74 185/185/75 183/183/55 
f 13/805/71 21/21/71 176/176/71 174/827/71 
f 101/101/10 102/102/10 200/200/11 210/838/11 
f 17/17/71 13/805/71 174/827/71 170/170/71 
f 30/763/72 39/764/40 196/196/43 198/198/73 
f 18/18/31 58/58/31 171/842/36 169/836/36 
f 50/50/39 53/53/32 184/184/35 186/186/62 
f 41/41/52 32/32/57 197/197/65 195/857/91 
f 58/860/31 63/63/31 203/203/36 171/862/36 
f 45/45/59 54/54/53 181/181/56 180/180/60 
f 14/14/31 18/18/31 169/836/36 173/841/36 
f 64/808/71 59/59/71 172/172/71 204/830/71 
f 136/788/11 105/789/11 212/212/11 211/817/11 
o Sphere
s 1
f 395/395/270 394/394/269 229/229/104 230/230/105 
f 390/390/265 389/389/264 222/222/97 223/223/98 
f 219/219/94 395/395/270 230/230/105 231/231/106 
f 217/217/92 390/390/265 223/223/98 224/224/99 
f 396/396/271 219/219/94 231/231/106 232/232/107 
f 218/218/93 217/217/92 224/224/99 225/225/100 
f 220/220/95 396/396/271 232/232/107 233/233/108 
f 391/391/266 218/218/93 225/225/100 226/226/101 
f 397/397/272 220/220/95 233/233/108 234/234/109 
f 392/392/267 391/391/266 226/226/101 227/227/102 
f 398/398/273 397/397/272 234/234/109 235/235/110 
f 393/393/268 392/392/267 227/227/102 228/228/103 
f 388/388/263 387/387/262 221/221/96 
f 341/341/216 398/398/273 235/235/110 
f 394/394/269 393/919/268 228/917/103 229/229/104 
f 389/389/264 388/388/263 221/221/96 222/222/97 
f 341/341/216 235/235/110 250/250/125 
f 229/229/104 228/917/103 243/243/118 244/244/119 
f 222/222/97 221/221/96 236/236/111 237/237/112 
f 230/230/105 229/229/104 244/244/119 245/245/120 
f 223/223/98 222/222/97 237/237/112 238/238/113 
f 231/231/106 230/230/105 245/245/120 246/246/121 
f 224/224/99 223/223/98 238/238/113 239/239/114 
f 232/232/107 231/231/106 246/246/121 247/247/122 
f 225/225/100 224/224/99 239/239/114 240/240/115 
f 233/233/108 232/232/107 247/247/122 248/248/123 
f 226/226/101 225/225/100 240/240/115 241/241/116 
f 234/234/109 233/233/108 248/248/123 249/249/124 
f 227/227/102 226/226/101 241/241/116 242/242/117 
f 235/235/110 234/234/109 249/249/124 250/250/125 
f 228/228/103 227/227/102 242/242/117 243/921/118 
f 221/221/96 387/387/262 236/236/111 
f 248/248/123 247/247/122 262/262/137 263/263/138 
f 241/241/116 240/240/115 255/255/130 256/256/131 
f 249/249/124 248/248/123 263/263/138 264/264/139 
f 242/242/117 241/241/116 256/256/131 257/257/132 
f 250/250/125 249/249/124 264/264/139 265/265/140 
f 243/921/118 242/242/117 257/257/132 258/258/133 
f 236/236/111 387/387/262 251/251/126 
f 341/341/216 250/250/125 265/265/140 
f 244/244/119 243/243/118 258/920/133 259/259/134 
f 237/237/112 236/236/111 251/251/126 252/252/127 
f 245/245/120 244/244/119 259/259/134 260/260/135 
f 238/238/113 237/237/112 252/252/127 253/253/128 
f 246/246/121 245/245/120 260/260/135 261/261/136 
f 239/239/114 238/238/113 253/253/128 254/254/129 
f 247/247/122 246/246/121 261/261/136 262/262/137 
f 240/240/115 239/239/114 254/254/129 255/255/130 
f 252/252/127 251/251/126 266/266/141 267/267/142 
f 260/260/135 259/259/134 274/274/149 275/275/150 
f 253/253/128 252/252/127 267/267/142 268/268/143 
f 261/261/136 260/260/135 275/275/150 276/276/151 
f 254/254/129 253/253/128 268/268/143 269/269/144 
f 262/262/137 261/261/136 276/276/151 277/277/152 
f 255/255/130 254/254/129 269/269/144 270/270/145 
f 263/263/138 262/262/137 277/277/152 278/278/153 
f 256/256/131 255/255/130 270/270/145 271/271/146 
f 264/264/139 263/263/138 278/278/153 279/279/154 
f 257/257/132 256/256/131 271/271/146 272/272/147 
f 265/265/140 264/264/139 279/279/154 280/280/155 
f 258/258/133 257/257/132 272/272/147 273/273/148 
f 251/251/126 387/387/262 266/266/141 
f 341/341/216 265/265/140 280/280/155 
f 259/259/134 258/920/133 273/918/148 274/274/149 
f 271/271/146 270/270/145 285/285/160 286/286/161 
f 279/279/154 278/278/153 293/293/168 294/294/169 
f 272/272/147 271/271/146 286/286/161 287/287/162 
f 280/280/155 279/279/154 294/294/169 295/295/170 
f 273/273/148 272/272/147 287/287/162 288/288/163 
f 266/266/141 387/387/262 281/281/156 
f 341/341/216 280/280/155 295/295/170 
f 274/274/149 273/918/148 288/922/163 289/289/164 
f 267/267/142 266/266/141 281/281/156 282/282/157 
f 275/275/150 274/274/149 289/289/164 290/290/165 
f 268/268/143 267/267/142 282/282/157 283/283/158 
f 276/276/151 275/275/150 290/290/165 291/291/166 
f 269/269/144 268/268/143 283/283/158 284/284/159 
f 277/277/152 276/276/151 291/291/166 292/292/167 
f 270/270/145 269/269/144 284/284/159 285/285/160 
f 278/278/153 277/277/152 292/292/167 293/293/168 
f 290/290/165 289/289/164 304/304/179 305/305/180 
f 283/283/158 282/282/157 297/297/172 298/298/173 
f 291/291/166 290/290/165 305/305/180 306/306/181 
f 284/284/159 283/283/158 298/298/173 299/299/174 
f 292/292/167 291/291/166 306/306/181 307/307/182 
f 285/285/160 284/284/159 299/299/174 300/300/175 
f 293/293/168 292/292/167 307/307/182 308/308/183 
f 286/286/161 285/285/160 300/300/175 301/301/176 
f 294/294/169 293/293/168 308/308/183 309/309/184 
f 287/287/162 286/286/161 301/301/176 302/302/177 
f 295/295/170 294/294/169 309/309/184 310/310/185 
f 288/288/163 287/287/162 302/302/177 303/303/178 
f 281/281/156 387/387/262 296/296/171 
f 341/341/216 295/295/170 310/310/185 
f 289/289/164 288/922/163 303/923/178 304/304/179 
f 282/282/157 281/281/156 296/296/171 297/297/172 
f 309/309/184 308/308/183 323/323/198 324/324/199 
f 302/302/177 301/301/176 316/316/191 317/317/192 
f 310/310/185 309/309/184 324/324/199 325/325/200 
f 303/303/178 302/302/177 317/317/192 318/318/193 
f 296/296/171 387/387/262 311/311/186 
f 341/341/216 310/310/185 325/325/200 
f 304/304/179 303/923/178 318/928/193 319/319/194 
f 297/297/172 296/296/171 311/311/186 312/312/187 
f 305/305/180 304/304/179 319/319/194 320/320/195 
f 298/298/173 297/297/172 312/312/187 313/313/188 
f 306/306/181 305/305/180 320/320/195 321/321/196 
f 299/299/174 298/298/173 313/313/188 314/314/189 
f 307/307/182 306/306/181 321/321/196 322/322/197 
f 300/300/175 299/299/174 314/314/189 315/315/190 
f 308/308/183 307/307/182 322/322/197 323/323/198 
f 301/301/176 300/300/175 315/315/190 316/316/191 
f 313/313/188 312/312/187 327/327/202 328/328/203 
f 321/321/196 320/320/195 335/335/210 336/336/211 
f 314/314/189 313/313/188 328/328/203 329/329/204 
f 322/322/197 321/321/196 336/336/211 337/337/212 
f 315/315/190 314/314/189 329/329/204 330/330/205 
f 323/323/198 322/322/197 337/337/212 338/338/213 
f 316/316/191 315/315/190 330/330/205 331/331/206 
f 324/324/199 323/323/198 338/338/213 339/339/214 
f 317/317/192 316/316/191 331/331/206 332/332/207 
f 325/325/200 324/324/199 339/339/214 340/340/215 
f 318/318/193 317/317/192 332/332/207 333/333/208 
f 311/311/186 387/387/262 326/326/201 
f 341/341/216 325/325/200 340/340/215 
f 319/319/194 318/928/193 333/924/208 334/334/209 
f 312/312/187 311/311/186 326/326/201 327/327/202 
f 320/320/195 319/319/194 334/334/209 335/335/210 
f 332/332/207 331/331/206 347/347/222 348/348/223 
f 340/340/215 339/339/214 355/355/230 356/356/231 
f 333/333/208 332/332/207 348/348/223 349/916/224 
f 326/326/201 387/387/262 342/342/217 
f 341/341/216 340/340/215 356/356/231 
f 334/334/209 333/924/208 349/349/224 350/350/225 
f 327/327/202 326/326/201 342/342/217 343/343/218 
f 335/335/210 334/334/209 350/350/225 351/351/226 
f 328/328/203 327/327/202 343/343/218 344/344/219 
f 336/336/211 335/335/210 351/351/226 352/352/227 
f 329/329/204 328/328/203 344/344/219 345/345/220 
f 337/337/212 336/336/211 352/352/227 353/353/228 
f 330/330/205 329/329/204 345/345/220 346/346/221 
f 338/338/213 337/337/212 353/353/228 354/354/229 
f 331/331/206 330/330/205 346/346/221 347/347/222 
f 339/339/214 338/338/213 354/354/229 355/355/230 
f 352/911/227 351/904/226 366/366/241 367/367/242 
f 345/909/220 344/908/219 359/359/234 360/360/235 
f 353/912/228 352/911/227 367/367/242 368/368/243 
f 346/906/221 345/909/220 360/360/235 361/361/236 
f 354/915/229 353/912/228 368/368/243 369/369/244 
f 347/907/222 346/906/221 361/361/236 362/362/237 
f 355/913/230 354/915/229 369/369/244 370/370/245 
f 348/910/223 347/907/222 362/362/237 363/363/238 
f 356/914/231 355/913/230 370/370/245 371/371/246 
f 349/905/224 348/910/223 363/363/238 364/364/239 
f 342/901/217 387/387/262 357/357/232 
f 341/341/216 356/914/231 371/371/246 
f 350/902/225 349/926/224 364/925/239 365/365/240 
f 343/903/218 342/901/217 357/357/232 358/358/233 
f 351/904/226 350/902/225 365/365/240 366/366/241 
f 344/908/219 343/903/218 358/358/233 359/359/234 
f 371/371/246 370/370/245 385/385/260 386/386/261 
f 364/364/239 363/363/238 378/378/253 379/379/254 
f 357/357/232 387/387/262 372/372/247 
f 341/341/216 371/371/246 386/386/261 
f 365/365/240 364/925/239 379/927/254 380/380/255 
f 358/358/233 357/357/232 372/372/247 373/373/248 
f 366/366/241 365/365/240 380/380/255 381/381/256 
f 359/359/234 358/358/233 373/373/248 374/374/249 
f 367/367/242 366/366/241 381/381/256 382/382/257 
f 360/360/235 359/359/234 374/374/249 375/375/250 
f 368/368/243 367/367/242 382/382/257 383/383/258 
f 361/361/236 360/360/235 375/375/250 376/376/251 
f 369/369/244 368/368/243 383/383/258 384/384/259 
f 362/362/237 361/361/236 376/376/251 377/377/252 
f 370/370/245 369/369/244 384/384/259 385/385/260 
f 363/363/238 362/362/237 377/377/252 378/378/253 
f 383/383/258 382/382/257 219/219/94 396/396/271 
f 376/376/251 375/375/250 217/217/92 218/218/93 
f 384/384/259 383/383/258 396/396/271 220/220/95 
f 377/377/252 376/376/251 218/218/93 391/391/266 
f 385/385/260 384/384/259 220/220/95 397/397/272 
f 378/378/253 377/377/252 391/391/266 392/392/267 
f 386/386/261 385/385/260 397/397/272 398/398/273 
f 379/379/254 378/378/253 392/392/267 393/393/268 
f 372/372/247 387/387/262 388/388/263 
f 341/341/216 386/386/261 398/398/273 
f 380/380/255 379/927/254 393/919/268 394/394/269 
f 373/373/248 372/372/247 388/388/263 389/389/264 
f 381/381/256 380/380/255 394/394/269 395/395/270 
f 374/374/249 373/373/248 389/389/264 390/390/265 
f 382/382/257 381/381/256 395/395/270 219/219/94 
f 375/375/250 374/374/249 390/390/265 217/217/92 
o Sphere:001
s 1
f 577/577/452 576/576/451 411/411/286 412/412/287 
f 572/572/447 571/571/446 404/404/279 405/405/280 
f 401/401/276 577/577/452 412/412/287 413/413/288 
f 399/399/274 572/572/447 405/405/280 406/406/281 
f 578/578/453 401/401/276 413/413/288 414/414/289 
f 400/400/275 399/399/274 406/406/281 407/407/282 
f 402/402/277 578/578/453 414/414/289 415/415/290 
f 573/573/448 400/400/275 407/407/282 408/408/283 
f 579/579/454 402/402/277 415/415/290 416/416/291 
f 574/574/449 573/573/448 408/408/283 409/409/284 
f 580/580/455 579/579/454 416/416/291 417/417/292 
f 575/575/450 574/574/449 409/409/284 410/410/285 
f 570/570/445 569/569/444 403/403/278 
f 523/523/398 580/580/455 417/417/292 
f 576/889/451 575/575/450 410/410/285 411/888/286 
f 571/571/446 570/570/445 403/403/278 404/404/279 
f 523/523/398 417/417/292 432/432/307 
f 411/888/286 410/410/285 425/425/300 426/426/301 
f 404/404/279 403/403/278 418/418/293 419/419/294 
f 412/412/287 411/411/286 426/890/301 427/427/302 
f 405/405/280 404/404/279 419/419/294 420/420/295 
f 413/413/288 412/412/287 427/427/302 428/428/303 
f 406/406/281 405/405/280 420/420/295 421/421/296 
f 414/414/289 413/413/288 428/428/303 429/429/304 
f 407/407/282 406/406/281 421/421/296 422/422/297 
f 415/415/290 414/414/289 429/429/304 430/430/305 
f 408/408/283 407/407/282 422/422/297 423/423/298 
f 416/416/291 415/415/290 430/430/305 431/431/306 
f 409/409/284 408/408/283 423/423/298 424/424/299 
f 417/417/292 416/416/291 431/431/306 432/432/307 
f 410/410/285 409/409/284 424/424/299 425/425/300 
f 403/403/278 569/569/444 418/418/293 
f 430/430/305 429/429/304 444/444/319 445/445/320 
f 423/423/298 422/422/297 437/437/312 438/438/313 
f 431/431/306 430/430/305 445/445/320 446/446/321 
f 424/424/299 423/423/298 438/438/313 439/439/314 
f 432/432/307 431/431/306 446/446/321 447/447/322 
f 425/425/300 424/424/299 439/439/314 440/440/315 
f 418/418/293 569/569/444 433/433/308 
f 523/523/398 432/432/307 447/447/322 
f 426/426/301 425/425/300 440/440/315 441/441/316 
f 419/419/294 418/418/293 433/433/308 434/434/309 
f 427/427/302 426/890/301 441/893/316 442/442/317 
f 420/420/295 419/419/294 434/434/309 435/435/310 
f 428/428/303 427/427/302 442/442/317 443/443/318 
f 421/421/296 420/420/295 435/435/310 436/436/311 
f 429/429/304 428/428/303 443/443/318 444/444/319 
f 422/422/297 421/421/296 436/436/311 437/437/312 
f 434/434/309 433/433/308 448/448/323 449/449/324 
f 442/442/317 441/893/316 456/456/331 457/457/332 
f 435/435/310 434/434/309 449/449/324 450/450/325 
f 443/443/318 442/442/317 457/457/332 458/458/333 
f 436/436/311 435/435/310 450/450/325 451/451/326 
f 444/444/319 443/443/318 458/458/333 459/459/334 
f 437/437/312 436/436/311 451/451/326 452/452/327 
f 445/445/320 444/444/319 459/459/334 460/460/335 
f 438/438/313 437/437/312 452/452/327 453/453/328 
f 446/446/321 445/445/320 460/460/335 461/461/336 
f 439/439/314 438/438/313 453/453/328 454/454/329 
f 447/447/322 446/446/321 461/461/336 462/462/337 
f 440/440/315 439/439/314 454/454/329 455/455/330 
f 433/433/308 569/569/444 448/448/323 
f 523/523/398 447/447/322 462/462/337 
f 441/441/316 440/440/315 455/455/330 456/892/331 
f 453/453/328 452/452/327 467/467/342 468/468/343 
f 461/461/336 460/460/335 475/475/350 476/476/351 
f 454/454/329 453/453/328 468/468/343 469/469/344 
f 462/462/337 461/461/336 476/476/351 477/477/352 
f 455/455/330 454/454/329 469/469/344 470/470/345 
f 448/448/323 569/569/444 463/463/338 
f 523/523/398 462/462/337 477/477/352 
f 456/892/331 455/455/330 470/470/345 471/471/346 
f 449/449/324 448/448/323 463/463/338 464/464/339 
f 457/457/332 456/456/331 471/891/346 472/472/347 
f 450/450/325 449/449/324 464/464/339 465/465/340 
f 458/458/333 457/457/332 472/472/347 473/473/348 
f 451/451/326 450/450/325 465/465/340 466/466/341 
f 459/459/334 458/458/333 473/473/348 474/474/349 
f 452/452/327 451/451/326 466/466/341 467/467/342 
f 460/460/335 459/459/334 474/474/349 475/475/350 
f 472/472/347 471/891/346 486/486/361 487/487/362 
f 465/465/340 464/464/339 479/479/354 480/480/355 
f 473/473/348 472/472/347 487/487/362 488/488/363 
f 466/466/341 465/465/340 480/480/355 481/481/356 
f 474/474/349 473/473/348 488/488/363 489/489/364 
f 467/467/342 466/466/341 481/481/356 482/482/357 
f 475/475/350 474/474/349 489/489/364 490/490/365 
f 468/468/343 467/467/342 482/482/357 483/483/358 
f 476/476/351 475/475/350 490/490/365 491/491/366 
f 469/469/344 468/468/343 483/483/358 484/484/359 
f 477/477/352 476/476/351 491/491/366 492/492/367 
f 470/470/345 469/469/344 484/484/359 485/485/360 
f 463/463/338 569/569/444 478/478/353 
f 523/523/398 477/477/352 492/492/367 
f 471/471/346 470/470/345 485/485/360 486/895/361 
f 464/464/339 463/463/338 478/478/353 479/479/354 
f 491/491/366 490/490/365 505/505/380 506/506/381 
f 484/484/359 483/483/358 498/498/373 499/499/374 
f 492/492/367 491/491/366 506/506/381 507/507/382 
f 485/485/360 484/484/359 499/499/374 500/500/375 
f 478/478/353 569/569/444 493/493/368 
f 523/523/398 492/492/367 507/507/382 
f 486/895/361 485/485/360 500/500/375 501/501/376 
f 479/479/354 478/478/353 493/493/368 494/494/369 
f 487/487/362 486/486/361 501/894/376 502/502/377 
f 480/480/355 479/479/354 494/494/369 495/495/370 
f 488/488/363 487/487/362 502/502/377 503/503/378 
f 481/481/356 480/480/355 495/495/370 496/496/371 
f 489/489/364 488/488/363 503/503/378 504/504/379 
f 482/482/357 481/481/356 496/496/371 497/497/372 
f 490/490/365 489/489/364 504/504/379 505/505/380 
f 483/483/358 482/482/357 497/497/372 498/498/373 
f 495/495/370 494/494/369 509/509/384 510/510/385 
f 503/503/378 502/502/377 517/517/392 518/518/393 
f 496/496/371 495/495/370 510/510/385 511/511/386 
f 504/504/379 503/503/378 518/518/393 519/519/394 
f 497/497/372 496/496/371 511/511/386 512/512/387 
f 505/505/380 504/504/379 519/519/394 520/520/395 
f 498/498/373 497/497/372 512/512/387 513/513/388 
f 506/506/381 505/505/380 520/520/395 521/521/396 
f 499/499/374 498/498/373 513/513/388 514/514/389 
f 507/507/382 506/506/381 521/521/396 522/522/397 
f 500/500/375 499/499/374 514/514/389 515/515/390 
f 493/493/368 569/569/444 508/508/383 
f 523/523/398 507/507/382 522/522/397 
f 501/501/376 500/500/375 515/515/390 516/516/391 
f 494/494/369 493/493/368 508/508/383 509/509/384 
f 502/502/377 501/894/376 516/897/391 517/517/392 
f 514/514/389 513/513/388 529/529/404 530/530/405 
f 522/522/397 521/521/396 537/537/412 538/538/413 
f 515/515/390 514/514/389 530/530/405 531/531/406 
f 508/508/383 569/569/444 524/524/399 
f 523/523/398 522/522/397 538/538/413 
f 516/516/391 515/515/390 531/531/406 532/532/407 
f 509/509/384 508/508/383 524/524/399 525/525/400 
f 517/517/392 516/897/391 532/896/407 533/533/408 
f 510/510/385 509/509/384 525/525/400 526/526/401 
f 518/518/393 517/517/392 533/533/408 534/534/409 
f 511/511/386 510/510/385 526/526/401 527/527/402 
f 519/519/394 518/518/393 534/534/409 535/535/410 
f 512/512/387 511/511/386 527/527/402 528/528/403 
f 520/520/395 519/519/394 535/535/410 536/536/411 
f 513/513/388 512/512/387 528/528/403 529/529/404 
f 521/521/396 520/520/395 536/536/411 537/537/412 
f 534/534/409 533/533/408 548/548/423 549/549/424 
f 527/527/402 526/526/401 541/541/416 542/542/417 
f 535/535/410 534/534/409 549/549/424 550/550/425 
f 528/528/403 527/527/402 542/542/417 543/543/418 
f 536/536/411 535/535/410 550/550/425 551/551/426 
f 529/529/404 528/528/403 543/543/418 544/544/419 
f 537/537/412 536/536/411 551/551/426 552/552/427 
f 530/530/405 529/529/404 544/544/419 545/545/420 
f 538/538/413 537/537/412 552/552/427 553/553/428 
f 531/531/406 530/530/405 545/545/420 546/546/421 
f 524/524/399 569/569/444 539/539/414 
f 523/523/398 538/538/413 553/553/428 
f 532/532/407 531/531/406 546/546/421 547/898/422 
f 525/525/400 524/524/399 539/539/414 540/540/415 
f 533/533/408 532/896/407 547/547/422 548/548/423 
f 526/526/401 525/525/400 540/540/415 541/541/416 
f 553/879/428 552/878/427 567/567/442 568/568/443 
f 546/880/421 545/883/420 560/560/435 561/561/436 
f 539/884/414 569/569/444 554/554/429 
f 523/523/398 553/879/428 568/568/443 
f 547/873/422 546/880/421 561/561/436 562/562/437 
f 540/885/415 539/884/414 554/554/429 555/555/430 
f 548/874/423 547/900/422 562/899/437 563/563/438 
f 541/886/416 540/885/415 555/555/430 556/556/431 
f 549/875/424 548/874/423 563/563/438 564/564/439 
f 542/887/417 541/886/416 556/556/431 557/557/432 
f 550/876/425 549/875/424 564/564/439 565/565/440 
f 543/881/418 542/887/417 557/557/432 558/558/433 
f 551/877/426 550/876/425 565/565/440 566/566/441 
f 544/882/419 543/881/418 558/558/433 559/559/434 
f 552/878/427 551/877/426 566/566/441 567/567/442 
f 545/883/420 544/882/419 559/559/434 560/560/435 
f 565/565/440 564/564/439 401/401/276 578/578/453 
f 558/558/433 557/557/432 399/399/274 400/400/275 
f 566/566/441 565/565/440 578/578/453 402/402/277 
f 559/559/434 558/558/433 400/400/275 573/573/448 
f 567/567/442 566/566/441 402/402/277 579/579/454 
f 560/560/435 559/559/434 573/573/448 574/574/449 
f 568/568/443 567/567/442 579/579/454 580/580/455 
f 561/561/436 560/560/435 574/574/449 575/575/450 
f 554/554/429 569/569/444 570/570/445 
f 523/523/398 568/568/443 580/580/455 
f 562/562/437 561/561/436 575/575/450 576/889/451 
f 555/555/430 554/554/429 570/570/445 571/571/446 
f 563/563/438 562/899/437 576/576/451 577/577/452 
f 556/556/431 555/555/430 571/571/446 572/572/447 
f 564/564/439 563/563/438 577/577/452 401/401/276 
f 557/557/432 556/556/431 572/572/447 399/399/274 
o Sphere:002
s 1
f 759/759/634 758/758/633 593/593/468 594/594/469 
f 754/754/629 753/753/628 586/586/461 587/587/462 
f 583/583/458 759/759/634 594/594/469 595/595/470 
f 581/581/456 754/754/629 587/587/462 588/588/463 
f 760/760/635 583/957/458 595/963/470 596/596/471 
f 582/582/457 581/581/456 588/588/463 589/589/464 
f 584/584/459 760/760/635 596/596/471 597/597/472 
f 755/755/630 582/582/457 589/589/464 590/590/465 
f 761/761/636 584/584/459 597/597/472 598/598/473 
f 756/756/631 755/755/630 590/590/465 591/591/466 
f 762/762/637 761/761/636 598/598/473 599/599/474 
f 757/757/632 756/756/631 591/591/466 592/592/467 
f 752/752/627 751/751/626 585/585/460 
f 705/705/580 762/762/637 599/599/474 
f 758/758/633 757/757/632 592/592/467 593/593/468 
f 753/954/628 752/752/627 585/585/460 586/944/461 
f 705/705/580 599/599/474 614/614/489 
f 593/593/468 592/592/467 607/607/482 608/608/483 
f 586/944/461 585/585/460 600/600/475 601/601/476 
f 594/594/469 593/593/468 608/608/483 609/609/484 
f 587/587/462 586/586/461 601/947/476 602/602/477 
f 595/595/470 594/594/469 609/609/484 610/610/485 
f 588/588/463 587/587/462 602/602/477 603/603/478 
f 596/596/471 595/963/470 610/962/485 611/611/486 
f 589/589/464 588/588/463 603/603/478 604/604/479 
f 597/597/472 596/596/471 611/611/486 612/612/487 
f 590/590/465 589/589/464 604/604/479 605/605/480 
f 598/598/473 597/597/472 612/612/487 613/613/488 
f 591/591/466 590/590/465 605/605/480 606/606/481 
f 599/599/474 598/598/473 613/613/488 614/614/489 
f 592/592/467 591/591/466 606/606/481 607/607/482 
f 585/585/460 751/751/626 600/600/475 
f 612/612/487 611/611/486 626/626/501 627/627/502 
f 605/605/480 604/604/479 619/619/494 620/620/495 
f 613/613/488 612/612/487 627/627/502 628/628/503 
f 606/606/481 605/605/480 620/620/495 621/621/496 
f 614/614/489 613/613/488 628/628/503 629/629/504 
f 607/607/482 606/606/481 621/621/496 622/622/497 
f 600/600/475 751/751/626 615/615/490 
f 705/705/580 614/614/489 629/629/504 
f 608/608/483 607/607/482 622/622/497 623/623/498 
f 601/601/476 600/600/475 615/615/490 616/616/491 
f 609/609/484 608/608/483 623/623/498 624/624/499 
f 602/602/477 601/947/476 616/950/491 617/617/492 
f 610/610/485 609/609/484 624/624/499 625/625/500 
f 603/603/478 602/602/477 617/617/492 618/618/493 
f 611/611/486 610/962/485 625/960/500 626/626/501 
f 604/604/479 603/603/478 618/618/493 619/619/494 
f 616/616/491 615/615/490 630/630/505 631/631/506 
f 624/624/499 623/623/498 638/638/513 639/639/514 
f 617/617/492 616/950/491 631/951/506 632/632/507 
f 625/625/500 624/624/499 639/639/514 640/640/515 
f 618/618/493 617/617/492 632/632/507 633/633/508 
f 626/626/501 625/960/500 640/959/515 641/641/516 
f 619/619/494 618/618/493 633/633/508 634/634/509 
f 627/627/502 626/626/501 641/641/516 642/642/517 
f 620/620/495 619/619/494 634/634/509 635/635/510 
f 628/628/503 627/627/502 642/642/517 643/643/518 
f 621/621/496 620/620/495 635/635/510 636/636/511 
f 629/629/504 628/628/503 643/643/518 644/644/519 
f 622/622/497 621/621/496 636/636/511 637/637/512 
f 615/615/490 751/751/626 630/630/505 
f 705/705/580 629/629/504 644/644/519 
f 623/623/498 622/622/497 637/637/512 638/638/513 
f 635/635/510 634/634/509 649/649/524 650/650/525 
f 643/643/518 642/642/517 657/657/532 658/658/533 
f 636/636/511 635/635/510 650/650/525 651/651/526 
f 644/644/519 643/643/518 658/658/533 659/659/534 
f 637/637/512 636/636/511 651/651/526 652/652/527 
f 630/630/505 751/751/626 645/645/520 
f 705/705/580 644/644/519 659/659/534 
f 638/638/513 637/637/512 652/652/527 653/653/528 
f 631/631/506 630/630/505 645/645/520 646/646/521 
f 639/639/514 638/638/513 653/653/528 654/654/529 
f 632/632/507 631/951/506 646/952/521 647/647/522 
f 640/640/515 639/639/514 654/654/529 655/655/530 
f 633/633/508 632/632/507 647/647/522 648/648/523 
f 641/641/516 640/959/515 655/958/530 656/656/531 
f 634/634/509 633/633/508 648/648/523 649/649/524 
f 642/642/517 641/641/516 656/656/531 657/657/532 
f 654/654/529 653/653/528 668/668/543 669/669/544 
f 647/647/522 646/952/521 661/661/536 662/662/537 
f 655/655/530 654/654/529 669/669/544 670/670/545 
f 648/648/523 647/647/522 662/662/537 663/663/538 
f 656/656/531 655/958/530 670/969/545 671/671/546 
f 649/649/524 648/648/523 663/663/538 664/664/539 
f 657/657/532 656/656/531 671/671/546 672/672/547 
f 650/650/525 649/649/524 664/664/539 665/665/540 
f 658/658/533 657/657/532 672/672/547 673/673/548 
f 651/651/526 650/650/525 665/665/540 666/666/541 
f 659/659/534 658/658/533 673/673/548 674/674/549 
f 652/652/527 651/651/526 666/666/541 667/667/542 
f 645/645/520 751/751/626 660/660/535 
f 705/705/580 659/659/534 674/674/549 
f 653/653/528 652/652/527 667/667/542 668/668/543 
f 646/646/521 645/645/520 660/660/535 661/953/536 
f 673/673/548 672/672/547 687/687/562 688/688/563 
f 666/666/541 665/665/540 680/680/555 681/681/556 
f 674/674/549 673/673/548 688/688/563 689/689/564 
f 667/667/542 666/666/541 681/681/556 682/682/557 
f 660/660/535 751/751/626 675/675/550 
f 705/705/580 674/674/549 689/689/564 
f 668/668/543 667/667/542 682/682/557 683/683/558 
f 661/953/536 660/660/535 675/675/550 676/676/551 
f 669/669/544 668/668/543 683/683/558 684/684/559 
f 662/662/537 661/661/536 676/955/551 677/677/552 
f 670/670/545 669/669/544 684/684/559 685/685/560 
f 663/663/538 662/662/537 677/677/552 678/678/553 
f 671/671/546 670/969/545 685/968/560 686/686/561 
f 664/664/539 663/663/538 678/678/553 679/679/554 
f 672/672/547 671/671/546 686/686/561 687/687/562 
f 665/665/540 664/664/539 679/679/554 680/680/555 
f 677/677/552 676/955/551 691/691/566 692/692/567 
f 685/685/560 684/684/559 699/699/574 700/700/575 
f 678/678/553 677/677/552 692/692/567 693/693/568 
f 686/686/561 685/968/560 700/967/575 701/701/576 
f 679/679/554 678/678/553 693/693/568 694/694/569 
f 687/687/562 686/686/561 701/701/576 702/702/577 
f 680/680/555 679/679/554 694/694/569 695/695/570 
f 688/688/563 687/687/562 702/702/577 703/703/578 
f 681/681/556 680/680/555 695/695/570 696/696/571 
f 689/689/564 688/688/563 703/703/578 704/704/579 
f 682/682/557 681/681/556 696/696/571 697/697/572 
f 675/675/550 751/751/626 690/690/565 
f 705/705/580 689/689/564 704/704/579 
f 683/683/558 682/682/557 697/697/572 698/698/573 
f 676/676/551 675/675/550 690/690/565 691/956/566 
f 684/684/559 683/683/558 698/698/573 699/699/574 
f 696/696/571 695/695/570 711/711/586 712/712/587 
f 704/704/579 703/703/578 719/719/594 720/720/595 
f 697/697/572 696/696/571 712/712/587 713/713/588 
f 690/690/565 751/751/626 706/706/581 
f 705/705/580 704/704/579 720/720/595 
f 698/698/573 697/697/572 713/713/588 714/714/589 
f 691/956/566 690/690/565 706/706/581 707/707/582 
f 699/699/574 698/698/573 714/714/589 715/715/590 
f 692/692/567 691/691/566 707/946/582 708/708/583 
f 700/700/575 699/699/574 715/715/590 716/716/591 
f 693/693/568 692/692/567 708/708/583 709/709/584 
f 701/701/576 700/967/575 716/966/591 717/717/592 
f 694/694/569 693/693/568 709/709/584 710/710/585 
f 702/702/577 701/701/576 717/717/592 718/718/593 
f 695/695/570 694/694/569 710/710/585 711/711/586 
f 703/703/578 702/702/577 718/718/593 719/719/594 
f 716/716/591 715/715/590 730/730/605 731/965/606 
f 709/709/584 708/708/583 723/723/598 724/724/599 
f 717/717/592 716/966/591 731/731/606 732/732/607 
f 710/710/585 709/709/584 724/724/599 725/725/600 
f 718/718/593 717/717/592 732/732/607 733/733/608 
f 711/711/586 710/710/585 725/725/600 726/726/601 
f 719/719/594 718/718/593 733/733/608 734/734/609 
f 712/712/587 711/711/586 726/726/601 727/727/602 
f 720/720/595 719/719/594 734/734/609 735/735/610 
f 713/713/588 712/712/587 727/727/602 728/728/603 
f 706/706/581 751/751/626 721/721/596 
f 705/705/580 720/720/595 735/735/610 
f 714/714/589 713/713/588 728/728/603 729/729/604 
f 707/707/582 706/706/581 721/721/596 722/945/597 
f 715/715/590 714/714/589 729/729/604 730/730/605 
f 708/708/583 707/946/582 722/722/597 723/723/598 
f 735/939/610 734/938/609 749/749/624 750/750/625 
f 728/932/603 727/931/602 742/742/617 743/743/618 
f 721/942/596 751/751/626 736/736/611 
f 705/705/580 735/939/610 750/750/625 
f 729/933/604 728/932/603 743/743/618 744/744/619 
f 722/943/597 721/942/596 736/736/611 737/737/612 
f 730/934/605 729/933/604 744/744/619 745/745/620 
f 723/940/598 722/949/597 737/948/612 738/738/613 
f 731/935/606 730/934/605 745/745/620 746/746/621 
f 724/941/599 723/940/598 738/738/613 739/739/614 
f 732/936/607 731/964/606 746/961/621 747/747/622 
f 725/929/600 724/941/599 739/739/614 740/740/615 
f 733/937/608 732/936/607 747/747/622 748/748/623 
f 726/930/601 725/929/600 740/740/615 741/741/616 
f 734/938/609 733/937/608 748/748/623 749/749/624 
f 727/931/602 726/930/601 741/741/616 742/742/617 
f 747/747/622 746/961/621 583/957/458 760/760/635 
f 740/740/615 739/739/614 581/581/456 582/582/457 
f 748/748/623 747/747/622 760/760/635 584/584/459 
f 741/741/616 740/740/615 582/582/457 755/755/630 
f 749/749/624 748/748/623 584/584/459 761/761/636 
f 742/742/617 741/741/616 755/755/630 756/756/631 
f 750/750/625 749/749/624 761/761/636 762/762/637 
f 743/743/618 742/742/617 756/756/631 757/757/632 
f 736/736/611 751/751/626 752/752/627 
f 705/705/580 750/750/625 762/762/637 
f 744/744/619 743/743/618 757/757/632 758/758/633 
f 737/737/612 736/736/611 752/752/627 753/954/628 
f 745/745/620 744/744/619 758/758/633 759/759/634 
f 738/738/613 737/948/612 753/753/628 754/754/629 
f 746/746/621 745/745/620 759/759/634 583/583/458 
f 739/739/614 738/738/613 754/754/629 581/581/456 
#end 790 faces

#ZOMPROPERTIES_04{
#ZOMPROPERTIES_04 table {Mesh table {SymPlane table {Point vector3d 0 0 0 Normal vector3d 1 0 0 Threshold double 0.01 
#ZOMPROPERTIES_04 Enabled bool false EdgeID int -1 SymEdgeID int -1 UPos double 0.5 LocalMode bool false } RootGroup C
#ZOMPROPERTIES_04 SubMeshGroup {Children table {Tile_0_0 CSubMeshGroup {Children table {} BBoxUV box3d 0 0 0 0 0 0 BBo
#ZOMPROPERTIES_04 x3D box3d 0 0 0 0 0 0 Area3D double 0 AreaUV double 0.450979 IsRoot bool false Properties table {Sel
#ZOMPROPERTIES_04 ected bool false Box box3d 0 1 0 1 0 1 U int 0 V int 0 NU int 0 NV int 0 Tiling vector3d 1 1 1 TileR
#ZOMPROPERTIES_04 atioMode string "1:1" Overflow string "Off" Pack table {BoxFrameEdit bool false Behavior string "Fre
#ZOMPROPERTIES_04 e" } } IsTile bool true PolyIDs ints { 610 782 760 763 785 613 616 639 646 670 693 701 724 732 729 7
#ZOMPROPERTIES_04 52 755 721 698 690 667 659 636 629 602 774 768 770 772 778 780 758 761 783 611 608 627 634 632 655 6
#ZOMPROPERTIES_04 63 665 668 660 637 657 691 688 696 719 717 715 713 706 682 675 677 653 651 644 621 630 623 625 684 6
#ZOMPROPERTIES_04 86 694 708 737 744 746 739 741 748 750 727 730 722 753 699 606 604 776 614 406 594 572 574 576 578 5
#ZOMPROPERTIES_04 80 586 414 412 431 438 452 459 457 481 479 486 510 512 488 490 483 485 461 463 471 473 465 442 440 4
#ZOMPROPERTIES_04 33 435 416 588 591 569 566 419 422 445 468 476 499 496 494 502 516 523 521 545 552 550 564 541 533 5
#ZOMPROPERTIES_04 43 519 554 547 549 525 527 504 530 538 561 558 535 556 514 492 507 455 448 425 427 408 410 582 450 4
#ZOMPROPERTIES_04 29 584 596 215 234 257 264 266 268 292 299 301 325 311 303 280 278 270 247 261 259 236 238 219 217 4
#ZOMPROPERTIES_04 05 403 401 229 226 245 232 252 255 262 275 283 286 309 317 319 326 350 348 345 337 340 352 354 356 3
#ZOMPROPERTIES_04 32 342 334 336 344 313 330 328 321 297 295 323 314 288 306 398 376 368 371 373 359 361 385 391 393 3
#ZOMPROPERTIES_04 95 389 387 363 365 367 375 397 225 244 251 274 282 305 272 249 242 240 221 223 383 381 379 290 214 2
#ZOMPROPERTIES_04 28 231 254 256 263 265 289 291 293 300 302 310 312 304 281 279 271 269 246 260 267 258 235 233 216 2
#ZOMPROPERTIES_04 18 390 404 402 380 382 358 372 370 378 400 360 362 386 384 388 394 396 374 366 364 369 377 399 227 2
#ZOMPROPERTIES_04 24 243 250 248 253 276 273 241 239 220 392 222 230 237 284 307 315 338 335 343 357 355 353 351 349 3
#ZOMPROPERTIES_04 47 339 316 308 294 285 277 318 320 327 296 298 322 324 331 329 341 333 346 287 407 426 449 456 458 4
#ZOMPROPERTIES_04 60 484 470 462 464 472 474 466 469 477 500 497 495 503 526 528 536 539 531 508 505 562 559 557 555 5
#ZOMPROPERTIES_04 53 551 565 563 560 537 529 506 498 475 467 444 437 418 590 568 571 573 575 577 583 585 587 581 579 5
#ZOMPROPERTIES_04 67 570 592 420 423 446 443 441 439 453 451 428 430 411 409 597 595 432 413 434 415 417 589 436 593 4
#ZOMPROPERTIES_04 21 424 447 454 478 501 487 489 513 515 522 524 546 544 520 518 542 532 509 511 491 493 517 482 480 5
#ZOMPROPERTIES_04 40 548 534 598 612 615 638 635 658 661 669 692 689 687 685 709 695 718 716 740 747 749 726 728 720 6
#ZOMPROPERTIES_04 97 700 702 678 671 673 649 647 640 617 619 600 642 680 704 711 735 733 756 754 751 742 731 725 723 7
#ZOMPROPERTIES_04 45 743 757 734 710 703 705 707 714 738 736 712 681 674 672 648 650 643 641 618 599 601 603 622 624 6
#ZOMPROPERTIES_04 05 777 775 789 767 765 787 769 771 773 759 762 784 764 766 788 786 781 609 607 779 626 633 631 645 6
#ZOMPROPERTIES_04 52 676 654 656 664 662 620 679 683 666 628 22 205 99 89 109 142 146 145 144 143 155 198 28 124 201 3
#ZOMPROPERTIES_04 0 210 32 193 125 213 126 85 150 149 148 147 151 159 26 34 202 204 98 212 196 195 50 166 177 187 186 
#ZOMPROPERTIES_04 188 182 170 169 168 167 176 171 172 173 174 175 183 189 185 184 179 178 180 181 84 103 163 154 157 1
#ZOMPROPERTIES_04 36 87 156 161 164 107 135 134 133 132 13 45 44 52 53 57 62 158 162 165 105 153 63 58 59 54 60 55 61 
#ZOMPROPERTIES_04 56 83 160 111 86 108 106 104 102 110 152 1 88 197 36 207 15 130 17 8 66 75 70 80 139 117 116 48 51 2
#ZOMPROPERTIES_04 09 16 18 194 39 20 122 128 140 95 119 118 94 49 37 123 93 79 127 14 71 76 11 5 7 19 2 21 23 0 3 33 4
#ZOMPROPERTIES_04 2 192 199 203 46 191 211 206 47 6 114 115 138 81 69 74 65 9 35 24 200 91 190 208 29 10 12 4 27 67 77
#ZOMPROPERTIES_04  73 64 25 68 72 82 78 141 129 131 90 97 101 100 96 38 43 40 120 112 41 121 92 113 137 31 } } } BBoxU
#ZOMPROPERTIES_04 V box3d 0 0 0 0 0 0 BBox3D box3d 0 0 0 0 0 0 Area3D double 0 AreaUV double 0 IsRoot bool true Proper
#ZOMPROPERTIES_04 ties table {Selected bool false Box box3d 0 1 0 1 0 1 U int 0 V int 0 NU int 1 NV int 1 Tiling vecto
#ZOMPROPERTIES_04 r3d 1 1 1 TileRatioMode string "1:1" Overflow string "Off" Pack table {Rotate table {Mode int 0 Min 
#ZOMPROPERTIES_04 double 0 Max double 90 Step double 0 } PaddingSize double 0.0078125 MarginSize double 0.00390625 Res
#ZOMPROPERTIES_04 olution int 256 MapResolution int 2048 Scaling table {TexelDensity double 1024 Mode int 2 } LayoutSc
#ZOMPROPERTIES_04 alingMode int 2 MaxMutations int 1 } } IsTile bool false PolyIDs ints { } } Maps table {Pin table {P
#ZOMPROPERTIES_04 rimType string "Vertex" Size int 1 DefaultValue double 0 ScaleType string "Normalized" MergeMode str
#ZOMPROPERTIES_04 ing "Max" MinValue double 0 MaxValue double 1 Data doubles { r 969 0 } } Density table {PrimType str
#ZOMPROPERTIES_04 ing "Polygon" Size int 1 DefaultValue double 1 ScaleType string "Log" MergeMode string "Average" Min
#ZOMPROPERTIES_04 Value double 0.1 MaxValue double 4 Data doubles { r 790 1 } } Protect table {PrimType string "Vertex
#ZOMPROPERTIES_04 " Size int 1 DefaultValue double 0 ScaleType string "Normalized" MergeMode string "Average" MinValue
#ZOMPROPERTIES_04  double -1 MaxValue double 1 Data doubles { r 969 0 } } } } }
#ZOMPROPERTIES_04}


#ZOMSCENE_01{
#ZOMSCENE_01 CScene {Settings table {AxisSystem table {UpVector string "y" } Unit string "cm" TexelDensityDisplay
#ZOMSCENE_01 Unit string "tx/cm" } Root table {} }
#ZOMSCENE_01}

#begin 0 fatal error vertex (that RizomUV cannot handle)
#end 0 fatal error vertex (that RizomUV cannot handle)

#begin 0 error vertex
#end 0 error vertex
