# Blender 4.2.8 LTS
# www.blender.org
mtllib COFRE.mtl
o baul
v 19.706102 0.025867 25.310888
v 16.410847 0.693725 23.817303
v 16.499067 0.025866 25.480953
v 19.617882 0.693726 23.647240
v 19.373142 -1.489952 23.537069
v 19.363155 -1.499952 23.537600
v 19.363686 -1.489952 23.547585
v 19.370216 -1.497023 23.537224
v 19.369228 -1.495726 23.543058
v 19.363531 -1.497023 23.544661
v 19.370592 -1.489952 23.544285
v 19.468431 -1.489952 25.334034
v 19.457916 -1.489952 25.324579
v 19.458447 -1.499952 25.334564
v 19.465132 -1.489952 25.327129
v 19.463905 -1.495726 25.328493
v 19.458071 -1.497023 25.327503
v 19.465508 -1.497023 25.334190
v 16.655724 -1.489952 23.681170
v 16.666239 -1.489952 23.690626
v 16.665710 -1.499952 23.680639
v 16.659023 -1.489952 23.688076
v 16.660250 -1.495726 23.686710
v 16.666084 -1.497023 23.687700
v 16.658649 -1.497023 23.681015
v 16.751015 -1.489952 25.478134
v 16.761000 -1.499952 25.477606
v 16.760469 -1.489952 25.467619
v 16.753939 -1.497023 25.477980
v 16.754929 -1.495726 25.472145
v 16.760626 -1.497023 25.470543
v 16.753565 -1.489952 25.470919
v 19.373142 -0.264564 23.537069
v 19.363686 -0.264564 23.547585
v 19.363155 -0.254564 23.537600
v 19.370592 -0.264564 23.544285
v 19.369228 -0.258790 23.543058
v 19.363531 -0.257493 23.544661
v 19.370216 -0.257493 23.537224
v 19.468431 -0.264564 25.334034
v 19.458447 -0.254564 25.334564
v 19.457916 -0.264564 25.324579
v 19.465508 -0.257493 25.334190
v 19.463905 -0.258790 25.328493
v 19.458071 -0.257493 25.327503
v 19.465132 -0.264564 25.327129
v 16.655724 -0.264564 23.681170
v 16.665710 -0.254564 23.680639
v 16.666239 -0.264564 23.690626
v 16.658649 -0.257493 23.681015
v 16.660250 -0.258790 23.686710
v 16.666084 -0.257493 23.687700
v 16.659023 -0.264564 23.688076
v 16.751015 -0.264564 25.478134
v 16.760469 -0.264564 25.467619
v 16.761000 -0.254564 25.477606
v 16.753565 -0.264564 25.470919
v 16.754929 -0.258790 25.472145
v 16.760626 -0.257493 25.470543
v 16.753939 -0.257493 25.477980
v 16.693382 0.017285 24.580181
v 19.689302 -1.489952 25.064695
v 19.699818 -1.489952 25.074152
v 19.699289 -1.499952 25.064165
v 19.692602 -1.489952 25.071602
v 19.693829 -1.495726 25.070236
v 19.699663 -1.497023 25.071226
v 19.692228 -1.497023 25.064541
v 19.689302 -0.264564 25.064695
v 19.699289 -0.254564 25.064165
v 19.699818 -0.264564 25.074152
v 19.692228 -0.257493 25.064541
v 19.693829 -0.258790 25.070236
v 19.699663 -0.257493 25.071226
v 19.692602 -0.264564 25.071602
v 19.454809 0.007285 25.077129
v 19.445353 0.007285 25.087646
v 19.465855 0.017285 25.096573
v 19.452259 0.007285 25.084347
v 19.455338 0.013058 25.087116
v 19.455494 0.014356 25.090040
v 19.458263 0.014356 25.086962
v 19.454809 -1.772205 25.077129
v 19.445353 -1.772205 25.087646
v 19.444822 -1.762205 25.077660
v 19.452259 -1.772205 25.084347
v 19.450893 -1.766432 25.083118
v 19.445198 -1.765134 25.084721
v 19.451883 -1.765134 25.077286
v 16.737391 0.007285 25.221230
v 16.728464 0.017285 25.241732
v 16.747906 0.007285 25.230686
v 16.734995 0.014356 25.231371
v 16.737921 0.013058 25.231216
v 16.738075 0.014356 25.234140
v 16.740690 0.007285 25.228136
v 16.737391 -1.772205 25.221230
v 16.747377 -1.762205 25.220699
v 16.747906 -1.772205 25.230686
v 16.740316 -1.765134 25.221075
v 16.741917 -1.766432 25.226770
v 16.747751 -1.765134 25.227760
v 16.740690 -1.772205 25.228136
v 16.479750 -1.499952 25.234892
v 16.480278 -1.489952 25.244879
v 16.489735 -1.489952 25.234362
v 16.480124 -1.497023 25.241953
v 16.485821 -1.495726 25.240351
v 16.487185 -1.489952 25.241579
v 16.486811 -1.497023 25.234518
v 16.479750 -0.254564 25.234892
v 16.489735 -0.264564 25.234362
v 16.480278 -0.264564 25.244879
v 16.486811 -0.257493 25.234518
v 16.485821 -0.258790 25.240351
v 16.487185 -0.264564 25.241579
v 16.480124 -0.257493 25.241953
v 19.385670 0.007285 23.773319
v 19.394596 0.017285 23.752819
v 19.375154 0.007285 23.763863
v 19.388065 0.014356 23.763178
v 19.385141 0.013058 23.763334
v 19.384985 0.014356 23.760408
v 19.382370 0.007285 23.766415
v 19.375154 -1.772205 23.763863
v 19.385670 -1.772205 23.773319
v 19.375685 -1.762205 23.773849
v 19.382370 -1.772205 23.766415
v 19.381144 -1.766432 23.767778
v 19.382746 -1.765134 23.773476
v 19.375309 -1.765134 23.766788
v 16.668253 0.007285 23.917419
v 16.677708 0.007285 23.906904
v 16.657207 0.017285 23.897978
v 16.670803 0.007285 23.910204
v 16.667723 0.013058 23.907434
v 16.667568 0.014356 23.904510
v 16.664797 0.014356 23.907589
v 16.677708 -1.772205 23.906904
v 16.678238 -1.762205 23.916891
v 16.668253 -1.772205 23.917419
v 16.677864 -1.765134 23.909830
v 16.672167 -1.766432 23.911430
v 16.671177 -1.765134 23.917265
v 16.670803 -1.772205 23.910204
v 16.410080 -1.489952 23.921097
v 16.410610 -1.499952 23.931082
v 16.420597 -1.489952 23.930553
v 16.410236 -1.497023 23.924021
v 16.416071 -1.495726 23.925011
v 16.417671 -1.497023 23.930708
v 16.417297 -1.489952 23.923647
v 16.410080 -0.264564 23.921097
v 16.420597 -0.264564 23.930553
v 16.410610 -0.254564 23.931082
v 16.417297 -0.264564 23.923647
v 16.416071 -0.258790 23.925011
v 16.417671 -0.257493 23.930708
v 16.410236 -0.257493 23.924021
v 19.629622 -1.489952 23.750370
v 19.620165 -1.489952 23.760885
v 19.630150 -1.499952 23.760355
v 19.622715 -1.489952 23.753670
v 19.624079 -1.495726 23.754896
v 19.623089 -1.497023 23.760731
v 19.629776 -1.497023 23.753294
v 19.629622 -0.264564 23.750370
v 19.630150 -0.254564 23.760355
v 19.620165 -0.264564 23.760885
v 19.629776 -0.257493 23.753294
v 19.624079 -0.258790 23.754896
v 19.623089 -0.257493 23.760731
v 19.622715 -0.264564 23.753670
v 19.720778 -1.816433 23.474344
v 19.710793 -1.826433 23.474874
v 19.710262 -1.816433 23.464888
v 19.717854 -1.823504 23.474501
v 19.716251 -1.822206 23.468803
v 19.710417 -1.823504 23.467813
v 19.717480 -1.816433 23.467438
v 19.720778 0.007285 23.474344
v 19.710262 0.007285 23.464888
v 19.709049 0.017285 23.471378
v 19.717480 0.007285 23.467438
v 19.715857 0.013058 23.468088
v 19.709446 0.014406 23.466862
v 19.717329 0.014331 23.472847
v 19.805317 0.007285 25.068558
v 19.820751 0.007285 25.359642
v 19.809402 0.017285 25.363831
v 19.811295 0.007285 25.370157
v 19.817480 0.014331 25.361494
v 19.816521 0.013058 25.366383
v 19.810274 0.014406 25.368280
v 19.818201 0.007285 25.366858
v 19.820751 -1.499952 25.359642
v 19.820751 -1.816433 25.359642
v 19.811295 -1.816433 25.370157
v 19.810766 -1.826433 25.360170
v 19.818201 -1.816433 25.366858
v 19.816837 -1.822206 25.365631
v 19.811140 -1.823504 25.367231
v 19.817827 -1.823504 25.359797
v 16.753885 0.007285 25.532286
v 16.400732 0.007285 25.551014
v 16.401945 0.017285 25.544523
v 16.390217 0.007285 25.541557
v 16.401550 0.014406 25.549040
v 16.395138 0.013058 25.547813
v 16.393667 0.014331 25.543055
v 16.393517 0.007285 25.548464
v 16.400732 -1.816433 25.551014
v 16.390217 -1.816433 25.541557
v 16.400204 -1.826433 25.541027
v 16.393517 -1.816433 25.548464
v 16.394743 -1.822206 25.547098
v 16.393143 -1.823504 25.541403
v 16.400578 -1.823504 25.548088
v 16.384768 -1.826433 25.249943
v 16.290243 0.007285 23.656261
v 16.301594 0.017285 23.652071
v 16.299700 0.007285 23.645744
v 16.293514 0.014331 23.654408
v 16.294476 0.013058 23.649519
v 16.300722 0.014406 23.647621
v 16.292793 0.007285 23.649044
v 16.290243 -1.499952 23.656261
v 16.290243 -1.816433 23.656261
v 16.299700 -1.816433 23.645744
v 16.300230 -1.826433 23.655731
v 16.292793 -1.816433 23.649044
v 16.294159 -1.822206 23.650270
v 16.299854 -1.823504 23.648670
v 16.293167 -1.823504 23.656105
v 19.370270 0.007285 23.482918
v 19.471304 0.007285 25.388186
v 19.375154 -1.816433 23.763863
v 19.394596 -1.826433 23.752819
v 19.385670 -1.816433 23.773319
v 19.384985 -1.823504 23.760408
v 19.385141 -1.822206 23.763334
v 19.388065 -1.823504 23.763180
v 19.382370 -1.816433 23.766415
v 19.360815 -1.499952 23.493433
v 19.370800 -1.489952 23.492903
v 19.380257 -1.509952 23.482388
v 19.367876 -1.497023 23.493059
v 19.370495 -1.499952 23.487137
v 19.373350 -1.499952 23.485687
v 19.370426 -1.502881 23.485842
v 19.460789 -1.499952 25.378729
v 19.481289 -1.509952 25.387657
v 19.470774 -1.489952 25.378201
v 19.471148 -1.502881 25.385262
v 19.471079 -1.499952 25.383966
v 19.474073 -1.499952 25.385105
v 19.467850 -1.497023 25.378355
v 16.663368 -1.499952 23.636475
v 16.642866 -1.509952 23.627548
v 16.653381 -1.489952 23.637005
v 16.653008 -1.502881 23.629942
v 16.653076 -1.499952 23.631239
v 16.650084 -1.499952 23.630098
v 16.656307 -1.497023 23.636848
v 16.677708 -1.816433 23.906904
v 16.668253 -1.816433 23.917419
v 16.657207 -1.826433 23.897978
v 16.670803 -1.816433 23.910204
v 16.667723 -1.822206 23.907434
v 16.664797 -1.823504 23.907589
v 16.667568 -1.823504 23.904510
v 16.763342 -1.499952 25.521770
v 16.753357 -1.489952 25.522301
v 16.743900 -1.509952 25.532816
v 16.756281 -1.497023 25.522146
v 16.753662 -1.499952 25.528067
v 16.750805 -1.499952 25.529516
v 16.753731 -1.502881 25.529362
v 16.390217 -0.254564 25.541557
v 16.299700 -0.254564 23.645744
v 19.360815 -0.254564 23.493433
v 19.380257 -0.244564 23.482388
v 19.370800 -0.264564 23.492903
v 19.370426 -0.251635 23.485842
v 19.370495 -0.254564 23.487137
v 19.373350 -0.254564 23.485687
v 19.367876 -0.257493 23.493059
v 19.460789 -0.254564 25.378729
v 19.470774 -0.264564 25.378201
v 19.481289 -0.244564 25.387657
v 19.467850 -0.257493 25.378355
v 19.471079 -0.254564 25.383966
v 19.474073 -0.254564 25.385105
v 19.471148 -0.251635 25.385262
v 16.663368 -0.254564 23.636475
v 16.653381 -0.264564 23.637005
v 16.642866 -0.244564 23.627548
v 16.656307 -0.257493 23.636848
v 16.653076 -0.254564 23.631239
v 16.650084 -0.254564 23.630098
v 16.653008 -0.251635 23.629942
v 16.763342 -0.254564 25.521770
v 16.743900 -0.244564 25.532816
v 16.753357 -0.264564 25.522301
v 16.753731 -0.251635 25.529362
v 16.753662 -0.254564 25.528067
v 16.750805 -0.254564 25.529516
v 16.756281 -0.257493 25.522146
v 16.314569 -1.489952 23.926161
v 16.304054 -1.509952 23.916704
v 16.315100 -1.499952 23.936148
v 16.307354 -1.499952 23.923611
v 16.308804 -1.499952 23.926468
v 16.307508 -1.502881 23.926537
v 16.314724 -1.497023 23.929087
v 19.795330 -1.489952 25.069086
v 19.805845 -1.509952 25.078543
v 19.794800 -1.499952 25.059101
v 19.802546 -1.499952 25.071638
v 19.801096 -1.499952 25.068781
v 19.802391 -1.502881 25.068712
v 19.795176 -1.497023 25.066162
v 16.314569 -0.264564 23.926161
v 16.315100 -0.254564 23.936148
v 16.304054 -0.244564 23.916704
v 16.314724 -0.257493 23.929087
v 16.308804 -0.254564 23.926468
v 16.307508 -0.251635 23.926537
v 16.307354 -0.254564 23.923611
v 19.795330 -0.264564 25.069086
v 19.794800 -0.254564 25.059101
v 19.805845 -0.244564 25.078543
v 19.795176 -0.257493 25.066162
v 19.801096 -0.254564 25.068781
v 19.802391 -0.251635 25.068712
v 19.802546 -0.254564 25.071638
v 16.350216 -1.826433 24.598379
v 16.386156 0.017285 25.249868
v 16.351551 0.017285 24.598309
v 19.445353 -1.816433 25.087646
v 19.454809 -1.816433 25.077129
v 19.465855 -1.826433 25.096573
v 19.452259 -1.816433 25.084347
v 19.455338 -1.822206 25.087116
v 19.458263 -1.823504 25.086962
v 19.455494 -1.823504 25.090040
v 16.747906 -1.816433 25.230686
v 16.728464 -1.826433 25.241732
v 16.737391 -1.816433 25.221230
v 16.738075 -1.823504 25.234140
v 16.737921 -1.822206 25.231216
v 16.734995 -1.823504 25.231371
v 16.740690 -1.816433 25.228136
v 16.693382 -1.826433 24.580181
v 19.725132 -1.489952 23.745304
v 19.725662 -1.499952 23.755291
v 19.734589 -1.509952 23.734789
v 19.725288 -1.497023 23.748230
v 19.730898 -1.499952 23.744999
v 19.732193 -1.502881 23.744930
v 19.732038 -1.499952 23.742006
v 19.725132 -0.264564 23.745304
v 19.734589 -0.244564 23.734789
v 19.725662 -0.254564 23.755291
v 19.732038 -0.254564 23.742006
v 19.730898 -0.254564 23.744999
v 19.732193 -0.251635 23.744930
v 19.725288 -0.257493 23.748230
v 16.384237 -1.499952 25.239956
v 16.375311 -1.509952 25.260458
v 16.384768 -1.489952 25.249943
v 16.377707 -1.502881 25.250317
v 16.379002 -1.499952 25.250248
v 16.377861 -1.499952 25.253242
v 16.384613 -1.497023 25.247017
v 16.384237 -0.254564 25.239956
v 16.384768 -0.264564 25.249943
v 16.375311 -0.244564 25.260458
v 16.384613 -0.257493 25.247017
v 16.379002 -0.254564 25.250248
v 16.377861 -0.254564 25.253242
v 16.377707 -0.251635 25.250317
v 19.677996 1.113745 24.780882
v 19.688183 1.123209 24.784142
v 19.681063 1.120437 24.783405
v 16.470963 1.113744 24.950947
v 16.461178 1.123208 24.955265
v 16.468180 1.120436 24.953781
v 19.692057 0.940691 25.046026
v 19.702419 0.947983 25.052614
v 19.695248 0.945847 25.050903
v 16.485023 0.940691 25.216091
v 16.475414 0.947982 25.223736
v 16.482365 0.945847 25.221277
v 19.701540 0.679201 25.224855
v 19.712023 0.683210 25.233688
v 19.704815 0.682036 25.231319
v 16.494505 0.679201 25.394920
v 16.485016 0.683210 25.404810
v 16.491932 0.682036 25.401693
v 19.705002 0.369085 25.290146
v 19.715527 0.369201 25.299797
v 19.708309 0.369167 25.297190
v 16.497969 0.369084 25.460209
v 16.488522 0.369201 25.470919
v 16.495424 0.369167 25.467564
v 19.713230 0.137276 25.256475
v 19.712641 0.131167 25.245371
v 19.702745 0.141262 25.247591
v 19.713018 0.131360 25.252493
v 19.707199 0.133230 25.251774
v 19.705605 0.134179 25.246210
v 19.706020 0.138498 25.254063
v 16.485636 0.131167 25.416494
v 16.486225 0.137275 25.427599
v 16.495712 0.141262 25.417654
v 16.486013 0.131360 25.423616
v 16.491724 0.133229 25.422285
v 16.493137 0.138498 25.424437
v 16.492722 0.134179 25.416584
v 19.634211 0.724914 23.766336
v 19.634008 0.737012 23.762520
v 19.624529 0.733383 23.772608
v 19.633945 0.729980 23.761320
v 19.628286 0.730622 23.763657
v 19.627098 0.735968 23.765755
v 19.627241 0.727413 23.768452
v 16.407001 0.737012 23.933643
v 16.407206 0.724913 23.937460
v 16.417496 0.733382 23.942671
v 16.406939 0.729979 23.932444
v 16.412811 0.730621 23.934168
v 16.414358 0.727412 23.938828
v 16.414215 0.735967 23.936129
v 19.640831 0.934682 23.891174
v 19.631231 0.927555 23.898985
v 19.633883 0.932595 23.893681
v 16.413824 0.934681 24.062296
v 16.424196 0.927555 24.069048
v 16.421000 0.932594 24.064054
v 19.645077 1.106636 24.160107
v 19.654852 1.116011 24.155575
v 19.647852 1.113265 24.157122
v 16.438044 1.106635 24.330172
v 16.427845 1.116010 24.326696
v 16.434969 1.113264 24.327496
v 19.661499 1.172017 24.469788
v 19.671480 1.182212 24.469143
v 19.664419 1.179226 24.469551
v 16.454466 1.172017 24.639853
v 16.444473 1.182212 24.640265
v 16.451536 1.179226 24.639925
v 19.431049 1.192802 24.825739
v 19.441235 1.202254 24.828968
v 19.438168 1.195565 24.826452
v 19.456945 1.008884 25.125238
v 19.446583 1.001605 25.118681
v 19.453754 1.003732 25.120371
v 19.467543 0.716697 25.325062
v 19.457062 0.712700 25.316261
v 19.464266 0.713866 25.318605
v 19.460886 0.370071 25.388395
v 19.471411 0.370175 25.398016
v 19.468105 0.370096 25.390982
v 19.388979 0.994206 23.843542
v 19.379381 0.987092 23.851383
v 19.386328 0.989171 23.848854
v 19.404451 1.194310 24.135319
v 19.394680 1.184947 24.139883
v 19.401678 1.187685 24.138313
v 19.422802 1.267366 24.481354
v 19.412823 1.257183 24.482031
v 19.419882 1.260161 24.481602
v 16.727829 1.205539 24.981260
v 16.738401 1.196098 24.976824
v 16.731169 1.198869 24.978355
v 16.753937 1.004901 25.269766
v 16.743284 1.012162 25.277500
v 16.746681 1.007033 25.272263
v 16.764414 0.715996 25.467344
v 16.753784 0.720001 25.477293
v 16.757164 0.717174 25.470490
v 16.757727 0.373523 25.550240
v 16.768238 0.373367 25.539478
v 16.761024 0.373418 25.542862
v 16.686733 0.990388 24.002466
v 16.676823 0.997538 23.995813
v 16.679695 0.992487 24.000750
v 16.702032 1.188244 24.290966
v 16.691860 1.197640 24.287603
v 16.694918 1.191001 24.290213
v 16.720177 1.260480 24.633114
v 16.709770 1.270678 24.633654
v 16.712992 1.263472 24.633505
v 19.459860 0.208921 25.368452
v 19.469940 0.218739 25.369728
v 19.459406 0.220589 25.360474
v 19.466948 0.211792 25.368593
v 19.465347 0.214130 25.363237
v 19.466627 0.220042 25.362951
v 19.459499 0.213101 25.362049
v 16.766598 0.212217 25.519569
v 16.766758 0.223886 25.511557
v 16.756691 0.222060 25.521961
v 16.766676 0.216396 25.513144
v 16.760906 0.217440 25.514982
v 16.759670 0.223356 25.514835
v 16.759556 0.215105 25.520500
v 19.373230 0.808896 23.735405
v 19.382751 0.814344 23.726480
v 19.372478 0.805979 23.721588
v 19.380156 0.810487 23.732559
v 19.378632 0.806360 23.728397
v 19.379622 0.808424 23.722788
v 19.372890 0.804572 23.729099
v 16.670567 0.817628 23.878717
v 16.680584 0.812192 23.886488
v 16.680271 0.809275 23.872646
v 16.673513 0.813786 23.884439
v 16.674658 0.809672 23.880114
v 16.680458 0.807868 23.880171
v 16.673290 0.811768 23.874594
v 19.784170 1.243156 24.827202
v 19.773996 1.252710 24.831577
v 19.781115 1.249944 24.830090
v 19.790648 1.047759 25.145592
v 19.800644 1.040390 25.137850
v 19.797714 1.045625 25.143129
v 16.386341 1.038111 25.316422
v 16.397095 1.045609 25.323330
v 16.389803 1.043374 25.321421
v 16.380579 1.250602 25.010517
v 16.370001 1.240902 25.006994
v 16.373341 1.247729 25.009602
v 16.714851 1.253187 25.001169
v 16.725437 1.243837 24.997011
v 16.722092 1.250481 24.999836
v 19.468843 1.045830 25.160769
v 19.458477 1.038479 25.154123
v 19.461670 1.043652 25.159018
v 19.801880 0.738072 25.357382
v 19.811752 0.734010 25.347347
v 19.808910 0.736896 25.354256
v 16.397377 0.732583 25.525036
v 16.408251 0.736751 25.534237
v 16.400925 0.735488 25.531654
v 19.480043 0.737012 25.371965
v 19.469557 0.732970 25.363056
v 19.472834 0.735815 25.369543
v 19.805979 0.370797 25.434706
v 19.815809 0.370678 25.423794
v 19.812998 0.370762 25.431326
v 16.401449 0.370479 25.601460
v 16.412371 0.370689 25.611511
v 16.405031 0.370584 25.608683
v 19.473602 0.370649 25.439337
v 19.484133 0.370766 25.449072
v 19.476910 0.370731 25.446405
v 19.800983 0.023873 25.370983
v 19.797077 0.015513 25.361494
v 19.810575 0.022630 25.359858
v 19.798920 0.017321 25.367535
v 19.805635 0.018430 25.365788
v 19.806433 0.018716 25.359850
v 19.807896 0.022842 25.367451
v 19.706940 0.737149 23.594131
v 19.717274 0.728984 23.600359
v 19.703424 0.724472 23.595463
v 19.714037 0.734228 23.595304
v 19.711710 0.729840 23.593634
v 19.713005 0.725992 23.598024
v 19.704857 0.729998 23.592220
v 19.718611 1.032202 23.787132
v 19.729382 1.024966 23.793976
v 19.725901 1.030107 23.788893
v 16.315323 0.737997 23.773037
v 16.319111 0.725092 23.773973
v 16.305702 0.729668 23.780251
v 16.317339 0.730774 23.770956
v 16.310535 0.730585 23.772982
v 16.309698 0.726653 23.777514
v 16.308380 0.735053 23.774868
v 19.397009 1.030317 23.806118
v 19.387411 1.023132 23.813988
v 19.390062 1.028188 23.808668
v 19.735010 1.244290 24.096384
v 19.745602 1.234805 24.099886
v 19.742249 1.241544 24.097178
v 16.331692 1.234688 24.280460
v 16.341866 1.244315 24.276060
v 16.334743 1.241484 24.277447
v 16.325539 1.033071 23.965858
v 16.315538 1.025705 23.973625
v 16.318466 1.030904 23.968214
v 19.413361 1.241810 24.114504
v 19.403589 1.232359 24.119068
v 19.406364 1.239010 24.116074
v 19.754459 1.321722 24.463144
v 19.764841 1.311426 24.462711
v 19.761637 1.318740 24.462799
v 16.350817 1.310066 24.643339
v 16.361193 1.320512 24.642897
v 16.354012 1.317431 24.643137
v 19.432756 1.319026 24.480234
v 19.422777 1.308747 24.480881
v 19.425697 1.315980 24.480644
v 16.412312 0.016156 25.537539
v 16.409235 0.024665 25.547321
v 16.398548 0.023403 25.537075
v 16.410982 0.018079 25.543703
v 16.404060 0.019174 25.542488
v 16.401979 0.023642 25.544340
v 16.402658 0.019411 25.536699
v 19.442051 1.240665 24.844345
v 19.452238 1.250206 24.847635
v 19.445118 1.247380 24.846878
v 19.370594 0.828141 23.687635
v 19.380873 0.836506 23.692528
v 19.389795 0.825311 23.672533
v 19.377741 0.830586 23.688837
v 19.380310 0.831299 23.682219
v 19.383173 0.832016 23.680946
v 19.380167 0.829569 23.679516
v 19.462093 0.201459 25.408285
v 19.482525 0.189764 25.415155
v 19.472164 0.211276 25.409561
v 19.472446 0.197267 25.414129
v 19.472395 0.200383 25.413393
v 19.475391 0.200136 25.414503
v 19.469177 0.204329 25.408426
v 16.740570 1.041632 25.306669
v 16.729908 1.048785 25.314119
v 16.737171 1.046730 25.311823
v 16.751156 0.736246 25.515490
v 16.740513 0.740137 25.525150
v 16.747770 0.739040 25.522209
v 16.745052 0.374151 25.602232
v 16.755577 0.374110 25.591753
v 16.752275 0.374182 25.599047
v 16.677124 1.026742 23.966301
v 16.667198 1.033858 23.959278
v 16.674248 1.031783 23.961256
v 16.691095 1.235860 24.271626
v 16.680908 1.245217 24.267942
v 16.688034 1.242488 24.268923
v 16.708061 1.312066 24.633570
v 16.697643 1.322201 24.633820
v 16.704836 1.319253 24.633635
v 16.680141 0.831434 23.838608
v 16.659822 0.828759 23.825562
v 16.670450 0.839856 23.844570
v 16.669958 0.832917 23.831549
v 16.670113 0.834657 23.834248
v 16.667200 0.835407 23.833307
v 16.673164 0.833961 23.840502
v 16.766262 0.204757 25.559525
v 16.756193 0.214598 25.561928
v 16.746248 0.193149 25.568455
v 16.759171 0.207668 25.560333
v 16.756248 0.203725 25.565712
v 16.753273 0.203512 25.567162
v 16.756395 0.200601 25.566442
v 19.776468 1.123209 24.779459
v 19.786270 1.132831 24.782803
v 19.783474 1.126027 24.780218
v 19.800686 0.955401 25.054663
v 19.790705 0.947983 25.047932
v 19.797764 0.950155 25.049685
v 16.387129 0.947982 25.228418
v 16.377899 0.955384 25.236132
v 16.380289 0.950150 25.230896
v 16.363487 1.132830 24.964279
v 16.372892 1.123208 24.959946
v 16.366001 1.126026 24.961433
v 19.810410 0.687298 25.238041
v 19.800306 0.683210 25.229006
v 19.807402 0.684408 25.231434
v 16.396732 0.683210 25.409492
v 16.387621 0.687274 25.419487
v 16.389927 0.684400 25.412640
v 19.813961 0.369321 25.305025
v 19.803812 0.369201 25.295115
v 19.810921 0.369236 25.297798
v 16.400238 0.369201 25.475601
v 16.391172 0.369306 25.486441
v 16.393446 0.369232 25.478996
v 19.800926 0.131167 25.240688
v 19.801516 0.137276 25.251795
v 19.811337 0.118935 25.258396
v 19.801302 0.131415 25.247782
v 19.807142 0.128191 25.250612
v 19.808491 0.128639 25.252895
v 19.808516 0.124705 25.252775
v 19.738316 0.941974 23.878532
v 19.729115 0.934682 23.886492
v 19.735947 0.936818 23.883942
v 16.318920 0.724913 23.942141
v 16.318718 0.737012 23.938326
v 16.308218 0.728719 23.920876
v 16.318657 0.729998 23.937183
v 16.312727 0.729851 23.932974
v 16.311419 0.731839 23.931652
v 16.311247 0.728873 23.928997
v 19.752516 1.125568 24.146301
v 19.743206 1.116289 24.152212
v 19.750019 1.118810 24.149328
v 16.339561 1.116010 24.331379
v 16.329746 1.125601 24.327751
v 16.332550 1.118819 24.330536
v 16.315554 0.942012 24.059946
v 16.325541 0.934681 24.066978
v 16.318480 0.936829 24.065138
v 19.769356 1.192585 24.463833
v 19.759790 1.182121 24.464951
v 19.766708 1.185250 24.464058
v 16.356190 1.182212 24.644947
v 16.346579 1.192603 24.645304
v 16.349237 1.185255 24.645271
v 16.397940 0.137275 25.432280
v 16.397350 0.131167 25.421175
v 16.388739 0.118869 25.439720
v 16.397728 0.131415 25.428267
v 16.392195 0.128178 25.431635
v 16.391035 0.124756 25.433773
v 16.391077 0.128541 25.434052
v 19.722292 0.737012 23.757839
v 19.722494 0.724913 23.761656
v 19.730795 0.728663 23.739552
v 19.722233 0.729998 23.756699
v 19.727669 0.729834 23.751909
v 19.728710 0.728855 23.747826
v 19.728819 0.731782 23.750454
v 19.454809 -1.453457 25.077129
v 19.444822 -1.463457 25.077660
v 19.445353 -1.453457 25.087646
v 19.451883 -1.460528 25.077286
v 19.450893 -1.459230 25.083118
v 19.445198 -1.460528 25.084721
v 19.452259 -1.453457 25.084347
v 16.737391 -1.453457 25.221230
v 16.747906 -1.453457 25.230686
v 16.747377 -1.463457 25.220699
v 16.740690 -1.453457 25.228136
v 16.741917 -1.459230 25.226770
v 16.747751 -1.460528 25.227760
v 16.740316 -1.460528 25.221075
v 19.385670 -1.453457 23.773319
v 19.375154 -1.453457 23.763863
v 19.375685 -1.463457 23.773849
v 19.382370 -1.453457 23.766415
v 19.381144 -1.459230 23.767778
v 19.375309 -1.460528 23.766788
v 19.382746 -1.460528 23.773476
v 16.668253 -1.453457 23.917419
v 16.678238 -1.463457 23.916891
v 16.677708 -1.453457 23.906904
v 16.671177 -1.460528 23.917265
v 16.672167 -1.459230 23.911430
v 16.677864 -1.460528 23.909830
v 16.670803 -1.453457 23.910204
vn 0.2304 -0.1794 0.9564
vn -0.0586 -0.1751 0.9828
vn -0.1280 -0.1794 0.9754
vn 0.1622 0.1749 0.9711
vn -0.1280 0.1794 0.9754
vn -0.0586 0.1755 0.9827
vn 0.9711 -0.1751 -0.1622
vn 0.9754 -0.1793 0.1279
vn 0.9564 -0.1794 -0.2303
vn 0.9936 -0.0488 -0.1016
vn 0.9722 0.1980 0.1246
vn 0.9897 -0.0000 0.1431
vn -0.1279 -0.1794 0.9754
vn -0.1231 0.1106 0.9862
vn -0.1279 0.1793 0.9754
vn -0.1886 -0.9673 -0.1697
vn -0.1690 -0.9783 0.1197
vn -0.1696 -0.9673 0.1886
vn 0.3285 0.9389 0.1023
vn 0.0513 0.9976 0.0461
vn 0.1948 0.9808 -0.0103
vn 0.9212 0.3790 0.0880
vn 0.9564 0.1794 -0.2304
vn 0.9066 0.3791 -0.1853
vn 0.1573 -0.7016 -0.6950
vn -0.0197 -0.9282 -0.3716
vn -0.0370 -0.7151 -0.6980
vn 0.9677 -0.1106 -0.2266
vn 0.9564 -0.1794 -0.2304
vn 0.9564 -0.1795 -0.2302
vn 0.9755 0.1793 0.1278
vn 0.1279 -0.1792 -0.9755
vn 0.1231 0.1105 -0.9862
vn 0.1279 0.1792 -0.9755
vn -0.1886 -0.9673 -0.1696
vn 0.1011 -0.9783 -0.1807
vn -0.1197 -0.9783 -0.1690
vn -0.1565 -0.6857 0.7109
vn -0.2130 -0.3885 0.8965
vn -0.1380 -0.3669 0.9200
vn 0.9711 0.1751 -0.1621
vn 0.9225 0.3829 -0.0489
vn 0.9226 0.3827 -0.0489
vn 0.1887 0.9673 0.1696
vn -0.1011 0.9783 0.1807
vn -0.1697 0.9673 0.1887
vn 0.9754 -0.1794 0.1278
vn 0.9862 0.1105 0.1231
vn 0.9754 0.1794 0.1279
vn -0.1886 0.9673 -0.1697
vn 0.1011 0.9783 -0.1807
vn 0.1696 0.9673 -0.1886
vn 0.0041 -0.0487 0.9988
vn 0.0525 0.1319 0.9899
vn 0.1015 -0.0488 0.9936
vn 0.2304 0.1794 0.9564
vn -0.1279 0.1794 0.9754
vn 0.2303 0.1792 0.9565
vn 0.2267 -0.1108 0.9677
vn 0.2304 -0.1792 0.9565
vn 0.1280 -0.1796 -0.9754
vn -0.2304 0.1792 -0.9565
vn 0.1279 0.1796 -0.9754
vn -0.9988 -0.0488 0.0042
vn -0.9536 0.1980 0.2269
vn -0.9722 0.1980 -0.1247
vn -0.1697 -0.9673 0.1886
vn 0.1196 -0.9783 0.1690
vn 0.1887 -0.9673 0.1697
vn -0.2303 -0.1795 -0.9564
vn 0.0586 -0.1749 -0.9828
vn 0.1278 -0.1795 -0.9754
vn -0.1622 0.1750 -0.9711
vn 0.1279 0.1795 -0.9754
vn 0.0586 0.1749 -0.9828
vn 0.1696 -0.9673 -0.1887
vn 0.1807 -0.9783 0.1012
vn 0.1690 -0.9783 -0.1196
vn -0.2304 0.1796 -0.9564
vn -0.2266 -0.1104 -0.9677
vn -0.2304 -0.1796 -0.9564
vn -0.9564 -0.1794 0.2304
vn -0.9754 0.1794 -0.1280
vn -0.9754 -0.1794 -0.1278
vn -0.9564 0.1793 0.2304
vn -0.9677 -0.1105 0.2267
vn -0.9564 -0.1793 0.2304
vn -0.0041 -0.0488 -0.9988
vn -0.2468 -0.0000 -0.9691
vn -0.2378 0.1271 -0.9630
vn 0.3858 0.9152 0.1165
vn 0.3712 0.9152 -0.1568
vn 0.1886 -0.9673 0.1697
vn 0.1696 -0.9673 -0.1886
vn -0.1690 0.9783 0.1197
vn -0.1807 0.9783 -0.1011
vn 0.1696 0.9673 -0.1887
vn 0.1807 0.9783 0.1012
vn 0.1886 0.9673 0.1696
vn -0.9564 -0.1793 0.2305
vn -0.9828 -0.1751 -0.0585
vn -0.9754 -0.1794 -0.1279
vn -0.0041 0.0487 -0.9988
vn -0.1015 0.0488 -0.9936
vn 0.1279 -0.1795 -0.9754
vn 0.3858 -0.9152 0.1167
vn 0.1886 -0.9673 0.1696
vn -0.0513 0.9976 -0.0461
vn -0.3160 0.9389 0.1367
vn -0.3285 0.9389 -0.1023
vn -0.9936 0.0488 0.1016
vn -0.9754 -0.1793 -0.1279
vn -0.9988 0.0488 0.0041
vn 0.1015 0.0488 0.9936
vn 0.2304 -0.1795 0.9564
vn -0.9226 0.3827 0.0489
vn -0.9828 0.1751 -0.0586
vn -0.1948 -0.9808 0.0103
vn 0.1948 -0.9808 -0.0103
vn 0.0461 -0.9976 -0.0513
vn -0.0513 -0.9976 -0.0461
vn -0.0461 -0.9976 0.0513
vn -0.1747 0.9846 0.0093
vn 0.0461 0.9976 -0.0513
vn -0.2455 -0.0112 -0.9693
vn -0.2562 -0.3846 -0.8868
vn -0.2413 -0.3858 -0.8905
vn -0.1580 0.8238 0.5444
vn -0.0778 0.9600 0.2690
vn -0.1766 0.9654 0.1918
vn -0.1571 0.9085 0.3872
vn 0.1318 0.9119 0.3887
vn 0.2028 0.9054 0.3731
vn 0.1674 0.6842 -0.7099
vn -0.2236 0.9002 -0.3737
vn -0.2415 0.6842 -0.6882
vn 0.1458 -0.3857 -0.9110
vn -0.0530 -0.0114 -0.9985
vn 0.1417 -0.0112 -0.9899
vn 0.8923 0.0192 -0.4511
vn 0.8589 0.0215 -0.5116
vn 0.9036 0.0423 -0.4263
vn -0.1850 -0.3790 -0.9067
vn 0.0882 -0.3792 -0.9211
vn 0.3478 0.2935 -0.8905
vn 0.3398 -0.0105 -0.9405
vn -0.2129 -0.9106 -0.3543
vn -0.2091 -0.9776 0.0222
vn -0.1930 -0.9810 0.0215
vn 0.1743 -0.9106 -0.3748
vn -0.0005 -0.9999 0.0105
vn 0.1430 0.6794 -0.7197
vn -0.2182 0.6784 -0.7016
vn 0.9922 -0.0480 -0.1149
vn 0.9667 0.0970 -0.2368
vn 0.9961 -0.0776 -0.0410
vn -0.2448 -0.6994 -0.6715
vn -0.2299 -0.7016 -0.6745
vn -0.9951 -0.0683 0.0719
vn -0.9658 -0.0518 0.2541
vn -0.9994 -0.0323 -0.0077
vn -0.0487 -0.3932 -0.9182
vn -0.1484 0.0112 0.9889
vn 0.2290 -0.0024 0.9734
vn -0.1240 -0.0017 0.9923
vn 0.9396 -0.0755 0.3339
vn 0.9814 0.0014 0.1922
vn 0.9370 0.0028 0.3494
vn 0.1824 0.9002 -0.3955
vn -0.2026 0.9793 -0.0005
vn -0.9109 -0.2630 0.3179
vn -0.9566 0.0732 0.2822
vn -0.9672 -0.1500 0.2050
vn 0.2340 0.7010 0.6736
vn -0.1523 0.3852 0.9102
vn -0.1642 0.7006 0.6944
vn -0.2282 -0.9076 -0.3523
vn 0.2003 0.9795 -0.0219
vn -0.1818 0.9092 0.3746
vn -0.0659 -0.8943 -0.4425
vn -0.1423 -0.9894 -0.0293
vn -0.1750 -0.7406 -0.6488
vn -0.1697 0.9673 0.1886
vn -0.1886 0.9673 -0.1696
vn -0.1904 -0.8988 0.3949
vn -0.1732 -0.9020 0.3954
vn -0.9423 0.2044 -0.2651
vn -0.9777 0.1705 -0.1227
vn -0.9309 0.2792 -0.2355
vn 0.2307 -0.6857 0.6904
vn 0.0491 -0.3608 0.9313
vn 0.0374 -0.6991 0.7141
vn -0.1753 -0.6832 0.7089
vn 0.9051 -0.0043 -0.4252
vn 0.9407 0.2737 -0.2006
vn 0.2128 -0.9020 0.3757
vn 0.0176 -0.9205 0.3904
vn 0.0186 -0.8944 -0.4469
vn 0.1080 -0.7461 -0.6571
vn 0.1937 -0.9811 0.0012
vn 0.2184 0.9096 0.3535
vn 0.2494 0.0112 0.9683
vn 0.1960 0.9654 0.1720
vn 0.0291 0.8314 0.5550
vn 0.2147 0.8239 0.5244
vn 0.1986 0.9143 0.3529
vn -0.0896 0.9296 0.3576
vn -0.1583 0.9180 0.3637
vn -0.1475 -0.3292 0.9327
vn 0.2274 -0.3270 0.9173
vn 0.0917 -0.1532 0.9839
vn 0.1926 0.9134 0.3586
vn -0.1784 0.6979 0.6936
vn 0.2009 0.7047 0.6805
vn 0.1257 -0.9603 0.2491
vn 0.1401 -0.9887 -0.0528
vn 0.1791 0.6839 -0.7072
vn -0.2073 0.9041 -0.3738
vn 0.1807 0.9018 -0.3927
vn -0.1817 0.9092 0.3746
vn 0.2229 0.7026 0.6758
vn 0.2057 0.9119 0.3552
vn -0.2381 0.6848 -0.6887
vn 0.1664 0.9032 -0.3957
vn 0.1503 0.6870 -0.7109
vn -0.9007 -0.0719 0.4284
vn -0.9562 0.0025 0.2926
vn -0.0539 -0.9548 -0.2923
vn 0.0265 -0.9543 -0.2976
vn 0.9068 0.2044 -0.3688
vn 0.9590 0.1699 -0.2269
vn 0.1859 0.9823 -0.0211
vn -0.1699 0.3838 0.9077
vn 0.2089 0.3881 0.8976
vn 0.1856 0.9825 -0.0185
vn -0.1885 0.9074 0.3758
vn 0.2151 0.0133 0.9765
vn -0.0680 -0.4939 0.8669
vn 0.1500 -0.4971 0.8546
vn -0.9402 0.0520 -0.3367
vn -0.9044 0.0406 -0.4247
vn -0.9353 0.0358 -0.3519
vn -0.1986 0.9801 0.0013
vn 0.1316 0.4075 -0.9037
vn -0.2183 0.4081 -0.8865
vn -0.0960 0.5998 -0.7944
vn -0.1533 0.3852 0.9100
vn 0.2348 0.3862 0.8920
vn -0.1491 0.0110 0.9888
vn 0.2397 0.0119 0.9708
vn -0.2016 0.9795 -0.0005
vn 0.1496 0.9504 -0.2728
vn 0.1775 0.9504 0.2554
vn -0.9754 0.1794 -0.1279
vn -0.9042 0.3250 -0.2772
vn -0.9340 0.1368 -0.3301
vn -0.3418 0.8881 -0.3073
vn -0.3857 0.9152 -0.1165
vn -0.3717 0.3249 -0.8697
vn -0.1852 0.3787 -0.9068
vn -0.8697 0.3250 0.3716
vn -0.9067 0.3790 0.1852
vn -0.2775 0.3248 0.9042
vn -0.3301 0.1365 0.9340
vn -0.3074 0.8880 0.3419
vn -0.1166 0.9152 0.3859
vn 0.8695 0.3252 -0.3717
vn 0.9066 0.3793 -0.1850
vn 0.2776 0.3251 -0.9040
vn 0.3301 0.1370 -0.9339
vn 0.3073 0.8882 -0.3417
vn 0.1165 0.9152 -0.3857
vn 0.9041 0.3251 0.2775
vn 0.9340 0.1369 0.3299
vn 0.3419 0.8881 0.3074
vn 0.3858 0.9152 0.1166
vn 0.3717 0.3252 0.8695
vn 0.1851 0.3791 0.9067
vn -0.9042 -0.3250 -0.2772
vn -0.9211 -0.3791 -0.0881
vn -0.2304 -0.1792 -0.9565
vn -0.3717 -0.3249 -0.8696
vn -0.4270 -0.1368 -0.8939
vn -0.3418 -0.8881 -0.3073
vn -0.1568 -0.9152 -0.3713
vn -0.8696 -0.3250 0.3716
vn -0.8938 -0.1369 0.4270
vn -0.3074 -0.8880 0.3419
vn -0.3713 -0.9152 0.1567
vn -0.2775 -0.3248 0.9041
vn -0.0881 -0.3794 0.9210
vn 0.8695 -0.3252 -0.3718
vn 0.8937 -0.1367 -0.4273
vn 0.3073 -0.8882 -0.3417
vn 0.3713 -0.9152 -0.1567
vn 0.2777 -0.3251 -0.9040
vn 0.0882 -0.3793 -0.9211
vn 0.9041 -0.3251 0.2775
vn 0.9212 -0.3790 0.0883
vn 0.2304 -0.1793 0.9564
vn 0.3717 -0.3253 0.8695
vn 0.4271 -0.1369 0.8938
vn 0.3419 -0.8880 0.3074
vn 0.1568 -0.9151 0.3714
vn 0.9564 0.1795 -0.2303
vn 0.8697 0.3253 -0.3713
vn 0.2775 0.3248 -0.9042
vn 0.3301 0.1367 -0.9340
vn 0.3074 0.8880 -0.3419
vn 0.1165 0.9152 -0.3858
vn 0.8697 -0.3253 -0.3713
vn 0.8939 -0.1369 -0.4268
vn 0.3074 -0.8880 -0.3419
vn 0.3714 -0.9151 -0.1571
vn 0.2775 -0.3248 -0.9042
vn 0.0882 -0.3787 -0.9213
vn -0.6906 0.6414 -0.3343
vn -0.4862 0.7569 -0.4368
vn -0.3822 0.8089 -0.4468
vn -0.4053 0.6415 -0.6513
vn -0.6042 0.5827 -0.5435
vn -0.1364 0.9389 -0.3159
vn -0.9041 -0.3252 -0.2773
vn -0.9211 -0.3792 -0.0881
vn -0.3716 -0.3250 -0.8696
vn -0.4270 -0.1367 -0.8938
vn -0.3419 -0.8881 -0.3074
vn -0.1568 -0.9153 -0.3710
vn 0.6513 0.6415 -0.4054
vn 0.4373 0.7565 -0.4863
vn 0.5433 0.5829 -0.6042
vn 0.1022 0.9390 -0.3285
vn 0.3159 0.9389 -0.1364
vn 0.3342 0.6413 -0.6906
vn 0.4472 0.8085 -0.3826
vn 0.8697 -0.3249 -0.3715
vn 0.8940 -0.1368 -0.4268
vn 0.3073 -0.8881 -0.3418
vn 0.3712 -0.9152 -0.1568
vn 0.2775 -0.3252 -0.9040
vn 0.0882 -0.3794 -0.9210
vn -0.3417 0.8881 -0.3074
vn -0.3857 0.9152 -0.1167
vn -0.3717 0.3254 -0.8695
vn -0.1852 0.3795 -0.9065
vn -0.9040 0.3251 -0.2776
vn -0.9340 0.1369 -0.3302
vn -0.3417 -0.8881 -0.3074
vn -0.1567 -0.9151 -0.3715
vn -0.9041 -0.3251 -0.2775
vn -0.9212 -0.3790 -0.0883
vn -0.3716 -0.3254 -0.8695
vn -0.4270 -0.1370 -0.8938
vn -0.6510 0.6417 0.4055
vn -0.4371 0.7567 0.4862
vn -0.5431 0.5830 0.6043
vn -0.1023 0.9389 0.3286
vn -0.0461 0.9976 0.0513
vn -0.3344 0.6414 0.6906
vn -0.4469 0.8089 0.3822
vn -0.2777 -0.3255 0.9038
vn -0.0882 -0.3793 0.9211
vn -0.8695 -0.3248 0.3720
vn -0.8937 -0.1368 0.4273
vn 0.6905 0.6415 0.3341
vn 0.4863 0.7565 0.4374
vn 0.3822 0.8087 0.4470
vn 0.4054 0.6414 0.6513
vn 0.6041 0.5831 0.5432
vn 0.1364 0.9389 0.3160
vn 0.3717 -0.3249 0.8697
vn 0.4271 -0.1368 0.8938
vn 0.3417 -0.8882 0.3072
vn 0.1566 -0.9152 0.3714
vn 0.9041 -0.3250 0.2775
vn 0.9212 -0.3791 0.0880
vn -0.2775 0.3251 0.9041
vn -0.3300 0.1370 0.9340
vn -0.1696 0.9673 0.1886
vn -0.3075 0.8881 0.3418
vn -0.1166 0.9152 0.3858
vn -0.9564 0.1794 0.2304
vn -0.8696 0.3249 0.3717
vn -0.9066 0.3792 0.1849
vn -0.2775 -0.3251 0.9040
vn -0.0882 -0.3791 0.9212
vn -0.8696 -0.3249 0.3718
vn -0.8937 -0.1366 0.4273
vn -0.3075 -0.8881 0.3418
vn -0.3714 -0.9152 0.1567
vn 0.3716 0.3250 0.8696
vn 0.1851 0.3788 0.9068
vn 0.9042 0.3248 0.2774
vn 0.9341 0.1368 0.3299
vn 0.3418 0.8881 0.3073
vn 0.3716 -0.3250 0.8696
vn 0.4271 -0.1367 0.8938
vn 0.3418 -0.8881 0.3073
vn 0.1567 -0.9152 0.3713
vn 0.9042 -0.3248 0.2774
vn 0.9212 -0.3789 0.0881
vn 0.9565 -0.1794 -0.2302
vn 0.8696 -0.3253 -0.3714
vn 0.8941 -0.1370 -0.4264
vn 0.3074 -0.8881 -0.3418
vn 0.2775 -0.3251 -0.9041
vn 0.8958 0.1608 -0.4144
vn 0.8977 0.3722 -0.2358
vn 0.9536 0.1980 -0.2269
vn 0.1346 0.1270 -0.9827
vn 0.2840 0.2398 -0.9284
vn 0.3318 0.0911 -0.9389
vn 0.3369 0.8528 -0.3990
vn 0.1286 0.8414 -0.5249
vn 0.9176 0.3722 0.1395
vn 0.9347 0.1607 0.3171
vn 0.3771 0.8529 0.3611
vn 0.3704 0.9218 0.1148
vn 0.2378 0.1268 0.9630
vn 0.3807 0.2393 0.8932
vn 0.1769 0.2742 0.9453
vn 0.9754 -0.1794 0.1279
vn 0.9040 -0.3251 0.2777
vn 0.3715 -0.3252 0.8696
vn 0.3417 -0.8881 0.3075
vn 0.1567 -0.9152 0.3712
vn -0.1347 0.1268 0.9827
vn -0.2840 0.2394 0.9285
vn -0.3319 0.0912 0.9389
vn -0.1495 0.9504 0.2728
vn -0.3367 0.8530 0.3989
vn -0.1284 0.8412 0.5252
vn -0.8959 0.1607 0.4142
vn -0.8977 0.3722 0.2356
vn -0.2776 -0.3254 0.9039
vn -0.0882 -0.3792 0.9211
vn -0.9564 -0.1794 0.2305
vn -0.8937 -0.1368 0.4274
vn -0.3073 -0.8882 0.3416
vn -0.3711 -0.9153 0.1564
vn -0.9176 0.3722 -0.1396
vn -0.9346 0.1607 -0.3173
vn -0.1775 0.9504 -0.2553
vn -0.3769 0.8530 -0.3611
vn -0.3702 0.9218 -0.1148
vn -0.3806 0.2397 -0.8931
vn -0.1769 0.2745 -0.9452
vn -0.9041 -0.3250 -0.2776
vn -0.9212 -0.3789 -0.0884
vn -0.2303 -0.1794 -0.9564
vn -0.3715 -0.3254 -0.8695
vn -0.4271 -0.1371 -0.8938
vn -0.3417 -0.8881 -0.3073
vn -0.1568 -0.9152 -0.3712
vn -0.3344 -0.6414 0.6905
vn -0.4373 -0.7568 0.4859
vn -0.5431 -0.5830 0.6043
vn -0.3161 -0.9388 0.1367
vn -0.1024 -0.9388 0.3288
vn -0.6511 -0.6417 0.4053
vn -0.3331 -0.8090 0.4844
vn -0.4037 0.6721 -0.6208
vn -0.5021 0.4625 -0.7308
vn -0.5092 0.3574 -0.7830
vn -0.7053 0.3705 -0.6044
vn -0.6047 0.5748 -0.5513
vn -0.1690 0.3227 -0.9313
vn -0.3718 0.1196 -0.9206
vn -0.3359 0.6723 0.6597
vn -0.4216 0.4628 0.7798
vn -0.5429 0.5747 0.6124
vn -0.2725 0.1195 0.9547
vn -0.0695 0.3226 0.9440
vn 0.0041 0.0488 0.9988
vn -0.6369 0.3704 0.6762
vn -0.3142 0.4671 0.8265
vn 0.3358 0.6718 -0.6602
vn 0.4217 0.4626 -0.7798
vn 0.5427 0.5745 -0.6127
vn 0.2725 0.1195 -0.9547
vn 0.0696 0.3227 -0.9440
vn 0.6369 0.3706 -0.6761
vn 0.3149 0.4670 -0.8263
vn 0.4054 -0.6414 0.6514
vn 0.4863 -0.7564 0.4375
vn 0.4852 -0.8083 0.3335
vn 0.6905 -0.6415 0.3342
vn 0.6042 -0.5831 0.5432
vn 0.1364 -0.9390 0.3158
vn 0.3285 -0.9389 0.1022
vn 0.0513 -0.9976 0.0461
vn 0.4038 0.6718 0.6210
vn 0.5017 0.4625 0.7310
vn 0.5089 0.3588 0.7825
vn 0.7049 0.3703 0.6050
vn 0.6047 0.5744 0.5518
vn 0.1690 0.3226 0.9313
vn 0.3719 0.1194 0.9205
vn -0.4037 -0.6721 -0.6208
vn -0.5020 -0.4624 -0.7308
vn -0.6046 -0.5747 -0.5515
vn -0.3720 -0.1195 -0.9205
vn -0.1690 -0.3224 -0.9314
vn -0.1015 -0.0487 -0.9936
vn -0.7051 -0.3704 -0.6046
vn -0.4006 -0.4674 -0.7881
vn -0.3358 -0.6723 0.6597
vn -0.4216 -0.4628 0.7798
vn -0.4235 -0.3585 0.8319
vn -0.6369 -0.3704 0.6762
vn -0.5429 -0.5747 0.6124
vn -0.0695 -0.3225 0.9440
vn -0.2725 -0.1194 0.9547
vn 0.3359 -0.6718 -0.6602
vn 0.4218 -0.4627 -0.7798
vn 0.4233 -0.3585 -0.8320
vn 0.6370 -0.3706 -0.6760
vn 0.5428 -0.5746 -0.6126
vn 0.0696 -0.3228 -0.9439
vn 0.2725 -0.1194 -0.9547
vn 0.4038 -0.6718 0.6210
vn 0.5017 -0.4625 0.7310
vn 0.6047 -0.5743 0.5518
vn 0.3719 -0.1197 0.9205
vn 0.1690 -0.3228 0.9313
vn 0.7049 -0.3703 0.6050
vn 0.4001 -0.4664 0.7889
vn -0.6050 0.3704 0.7048
vn -0.7308 0.4626 0.5019
vn -0.5518 0.5745 0.6046
vn -0.9313 0.3227 0.1691
vn -0.9205 0.1195 0.3721
vn -0.6209 0.6719 0.4039
vn -0.7827 0.3578 0.5093
vn 0.6049 0.3703 -0.7050
vn 0.7310 0.4625 -0.5017
vn 0.5517 0.5743 -0.6049
vn 0.9313 0.3227 -0.1690
vn 0.9206 0.1195 -0.3719
vn 0.9936 0.0488 -0.1015
vn 0.6210 0.6717 -0.4040
vn 0.7828 0.3580 -0.5090
vn -0.6050 -0.3704 0.7048
vn -0.7308 -0.4626 0.5019
vn -0.7882 -0.4676 0.4002
vn -0.6209 -0.6719 0.4038
vn -0.5518 -0.5745 0.6045
vn -0.9207 -0.1195 0.3716
vn -0.9313 -0.3227 0.1689
vn -0.9936 -0.0488 0.1015
vn 0.6049 -0.3702 -0.7050
vn 0.7310 -0.4625 -0.5017
vn 0.7886 -0.4672 -0.3999
vn 0.6210 -0.6717 -0.4039
vn 0.5517 -0.5743 -0.6048
vn 0.9205 -0.1195 -0.3721
vn 0.9313 -0.3227 -0.1690
vn -0.4053 -0.6415 -0.6513
vn -0.4862 -0.7569 -0.4368
vn -0.4848 -0.8093 -0.3317
vn -0.6906 -0.6414 -0.3343
vn -0.6042 -0.5827 -0.5435
vn -0.1364 -0.9389 -0.3159
vn -0.3285 -0.9389 -0.1022
vn 0.3342 -0.6413 -0.6906
vn 0.4373 -0.7565 -0.4863
vn 0.5433 -0.5829 -0.6042
vn 0.3159 -0.9389 -0.1364
vn 0.1022 -0.9390 -0.3285
vn 0.6513 -0.6415 -0.4055
vn 0.3328 -0.8086 -0.4851
vn 0.6762 0.3705 0.6368
vn 0.7802 0.4623 0.4214
vn 0.8269 0.4667 0.3137
vn 0.6604 0.6717 0.3358
vn 0.6126 0.5745 0.5428
vn 0.9547 0.1194 0.2727
vn 0.9439 0.3227 0.0700
vn 0.9988 0.0488 -0.0041
vn 0.6761 -0.3704 0.6369
vn 0.7802 -0.4623 0.4214
vn 0.6125 -0.5745 0.5430
vn 0.9439 -0.3227 0.0700
vn 0.9545 -0.1194 0.2732
vn 0.9988 -0.0488 -0.0040
vn 0.6603 -0.6717 0.3359
vn 0.8324 -0.3577 0.4234
vn -0.6600 0.6720 -0.3359
vn -0.7798 0.4624 -0.4221
vn -0.6126 0.5747 -0.5427
vn -0.9548 0.1195 -0.2723
vn -0.9439 0.3227 -0.0693
vn -0.6761 0.3705 -0.6369
vn -0.8262 0.4665 -0.3158
vn -0.6600 -0.6720 -0.3359
vn -0.7797 -0.4624 -0.4222
vn -0.8321 -0.3583 -0.4235
vn -0.6760 -0.3704 -0.6370
vn -0.6126 -0.5747 -0.5427
vn -0.9439 -0.3228 -0.0695
vn -0.9548 -0.1196 -0.2721
vn 0.1380 0.3640 -0.9211
vn 0.3133 0.4829 -0.8177
vn 0.3568 0.9342 0.0024
vn 0.1477 0.9884 -0.0347
vn 0.9136 0.2329 -0.3333
vn 0.9264 0.3649 -0.0933
vn -0.3545 0.9342 0.0401
vn -0.3822 0.8924 0.2400
vn -0.2346 0.3642 -0.9013
vn -0.3980 0.4831 -0.7799
vn -0.1924 0.5529 -0.8107
vn -0.9310 0.3651 0.0054
vn -0.9438 0.2330 -0.2346
vn -0.9750 0.2126 -0.0651
vn 0.3889 0.6902 0.6102
vn 0.4181 0.7969 0.4361
vn 0.2347 -0.3671 0.9001
vn 0.4041 -0.2031 0.8919
vn 0.2010 -0.1664 0.9654
vn 0.9437 0.2335 0.2343
vn 0.9481 -0.0280 0.3166
vn 0.9644 0.0941 0.2471
vn -0.3074 -0.2032 0.9296
vn -0.3498 -0.3892 0.8522
vn -0.3223 0.6901 0.6480
vn -0.1118 0.6961 0.7091
vn -0.9092 -0.0279 0.4153
vn -0.9136 0.2337 0.3327
vn -0.2967 0.8133 0.5006
vn -0.1053 0.8299 0.5478
vn -0.9542 0.1428 0.2629
vn -0.8656 0.2592 0.4284
vn -0.9025 0.3471 0.2551
vn -0.2722 0.1562 0.9495
vn -0.3266 -0.0339 0.9446
vn 0.3506 0.8040 0.4803
vn 0.3956 0.8687 0.2981
vn 0.3714 0.1501 0.9163
vn 0.1909 0.2017 0.9607
vn 0.9682 0.1339 0.2114
vn 0.8931 0.2454 0.3770
vn 0.9176 0.0549 0.3938
vn -0.3554 0.7571 -0.5481
vn -0.1673 0.8174 -0.5513
vn -0.9689 0.2475 0.0007
vn -0.8922 0.4492 -0.0462
vn -0.9274 0.3207 -0.1925
vn -0.3118 0.9218 0.2302
vn -0.3562 0.8418 0.4055
vn 0.9703 0.2303 -0.0736
vn 0.8916 0.4393 -0.1098
vn 0.9240 0.3741 0.0789
vn 0.2953 0.7623 -0.5759
vn 0.3441 0.6165 -0.7082
vn 0.3390 0.9179 0.2062
vn 0.1502 0.9725 0.1782
vn 0.3191 -0.4972 0.8068
vn 0.3893 -0.3330 0.8588
vn 0.2863 -0.9549 0.0781
vn 0.7482 -0.6415 0.1690
vn 0.7663 -0.6080 0.2077
vn 0.6855 -0.7258 0.0573
vn 0.2265 0.2127 -0.9505
vn 0.0535 0.2434 -0.9684
vn 0.6972 -0.5494 -0.4605
vn 0.7224 -0.2779 -0.6331
vn 0.7515 -0.1544 -0.6414
vn 0.2439 -0.6284 -0.7386
vn 0.4775 -0.7170 -0.5078
vn -0.3116 0.2082 -0.9271
vn -0.3796 0.3667 -0.8494
vn -0.3138 -0.6201 -0.7190
vn -0.1506 -0.5004 -0.8526
vn -0.7425 -0.5468 -0.3870
vn -0.7839 -0.2762 -0.5560
vn -0.5278 -0.7156 -0.4575
vn -0.2791 -0.9532 0.1159
vn -0.4281 -0.8786 -0.2119
vn -0.2527 -0.4939 0.8320
vn -0.7326 -0.6323 0.2519
vn -0.7452 -0.6007 0.2894
vn -0.7684 -0.5151 0.3798
vn -0.3785 0.9140 -0.1459
vn -0.4845 0.8009 -0.3518
vn -0.4930 0.7445 -0.4503
vn -0.6919 0.6589 -0.2952
vn -0.5840 0.7995 -0.1405
vn -0.1556 0.7905 -0.5924
vn -0.3728 0.6136 -0.6961
vn -0.3270 0.5424 0.7739
vn -0.4151 0.3147 0.8536
vn -0.5357 0.4570 0.7101
vn -0.2705 -0.0555 0.9611
vn -0.0645 0.1452 0.9873
vn 0.0026 -0.1236 0.9923
vn -0.6322 0.2451 0.7350
vn -0.3076 0.3097 0.8997
vn 0.3731 0.9089 -0.1861
vn 0.4559 0.7976 -0.3949
vn 0.5773 0.7933 -0.1935
vn 0.3125 0.6098 -0.7284
vn 0.0976 0.7940 -0.6000
vn 0.0191 0.6212 -0.7834
vn 0.6645 0.6585 -0.3534
vn 0.3528 0.8312 -0.4297
vn 0.3982 0.5477 0.7358
vn 0.4963 0.3169 0.8083
vn 0.4962 0.2191 0.8401
vn 0.6973 0.2388 0.6758
vn 0.5946 0.4597 0.6597
vn 0.1671 0.1384 0.9762
vn 0.3539 -0.0533 0.9337
vn 0.6503 0.7365 -0.1863
vn 0.7829 0.3258 -0.5300
vn 0.8482 0.0063 -0.5296
vn 0.4379 0.2590 -0.8609
vn 0.5802 0.7250 -0.3711
vn -0.8965 -0.2654 0.3548
vn -0.8653 -0.3056 0.3974
vn -0.9067 -0.2312 0.3527
vn -0.6251 0.4279 0.6528
vn -0.7780 -0.1033 0.6197
vn -0.8553 -0.3303 0.3993
vn -0.5586 0.2902 0.7770
vn -0.3023 0.3299 -0.8943
vn -0.8314 0.3423 -0.4377
vn -0.6721 0.4021 -0.6218
vn -0.6615 0.7412 -0.1142
vn -0.6137 0.7257 -0.3112
vn 0.9772 0.1753 0.1197
vn 0.9852 -0.0936 -0.1439
vn 0.9874 -0.1215 -0.1012
vn 0.5239 -0.3903 0.7571
vn 0.8395 -0.1016 0.5337
vn 0.6764 -0.1674 0.7172
vn 0.6910 0.4273 0.5830
vn 0.6376 0.2892 0.7140
vn 0.9745 0.2209 0.0394
vn 0.9664 0.2522 -0.0490
vn 0.9630 0.2629 0.0588
vn -0.9754 0.1794 -0.1278
vn -0.9041 0.3252 -0.2773
vn -0.9341 0.1369 -0.3298
vn -0.3419 0.8881 -0.3074
vn -0.3858 0.9151 -0.1169
vn -0.2303 0.1795 -0.9564
vn -0.3716 0.3250 -0.8696
vn -0.1851 0.3794 -0.9065
vn 0.8697 0.3249 -0.3715
vn 0.2775 0.3252 -0.9040
vn 0.3300 0.1369 -0.9340
vn 0.3073 0.8881 -0.3418
vn 0.1166 0.9152 -0.3857
vn -0.9564 0.1793 0.2305
vn -0.8695 0.3248 0.3720
vn -0.9067 0.3788 0.1853
vn -0.2777 0.3255 0.9038
vn -0.3304 0.1368 0.9339
vn -0.1166 0.9151 0.3860
vn 0.9754 0.1793 0.1279
vn 0.9041 0.3250 0.2775
vn 0.9339 0.1367 0.3303
vn 0.1886 0.9673 0.1697
vn 0.3417 0.8882 0.3072
vn 0.3717 0.3249 0.8697
vn 0.1851 0.3791 0.9066
vn -0.9340 -0.1368 -0.3300
vn -0.4270 0.1368 -0.8938
vn -0.3300 -0.1365 0.9340
vn -0.8939 0.1369 0.4269
vn 0.3302 -0.1371 -0.9339
vn 0.8937 0.1368 -0.4272
vn 0.9341 -0.1369 0.3298
vn 0.4271 0.1369 0.8938
vn -0.0881 0.3793 0.9211
vn 0.1567 0.9152 0.3712
vn 0.0882 0.3794 -0.9210
vn -0.1567 0.9152 -0.3713
vn 0.1197 0.9783 0.1690
vn 0.3822 0.9239 -0.0203
vn 0.9212 0.3790 0.0883
vn 0.9226 0.3826 -0.0490
vn 0.9828 -0.1752 0.0586
vn 0.9339 -0.1368 0.3303
vn 0.1622 -0.1752 0.9711
vn -0.1166 -0.9152 0.3858
vn 0.1851 -0.3790 0.9067
vn -0.3303 -0.1369 0.9339
vn -0.9711 -0.1751 0.1622
vn 0.1165 -0.9152 -0.3857
vn -0.3713 0.9152 0.1568
vn -0.9677 0.1105 0.2267
vn 0.0203 0.9238 0.3822
vn -0.0882 0.3789 0.9212
vn 0.0489 0.3830 0.9224
vn 0.0489 -0.3824 0.9227
vn -0.2605 -0.0112 -0.9654
vn 0.9066 -0.3791 -0.1853
vn -0.9711 0.1751 0.1622
vn -0.9067 -0.3788 0.1853
vn -0.3713 0.9152 0.1567
vn 0.0203 -0.9238 0.3825
vn 0.1851 -0.3788 0.9068
vn 0.0489 -0.3836 0.9222
vn 0.1567 0.9152 0.3713
vn 0.2265 0.1108 0.9677
vn 0.9212 0.3789 0.0881
vn 0.3858 -0.9152 0.1165
vn 0.9066 -0.3794 -0.1850
vn -0.9226 -0.3826 0.0489
vn -0.9862 -0.1105 -0.1230
vn -0.3857 -0.9152 -0.1165
vn -0.3822 -0.9239 0.0203
vn 0.9066 -0.3793 -0.1849
vn 0.3822 -0.9239 -0.0203
vn 0.1690 0.9783 -0.1196
vn -0.0203 0.9239 -0.3820
vn 0.0882 0.3788 -0.9213
vn -0.0489 0.3825 -0.9227
vn 0.1232 -0.1105 -0.9862
vn -0.0203 -0.9239 -0.3821
vn -0.1807 -0.9783 -0.1011
vn -0.0489 -0.3824 -0.9227
vn -0.0489 0.3824 -0.9227
vn 0.1166 -0.9152 -0.3857
vn -0.9341 -0.1369 -0.3297
vn -0.4271 0.1370 -0.8938
vn 0.3300 -0.1368 -0.9340
vn 0.8939 0.1369 -0.4269
vn 0.9677 0.1106 -0.2266
vn 0.9225 0.3828 -0.0489
vn 0.3713 0.9152 -0.1567
vn -0.9212 0.3790 -0.0883
vn -0.3714 0.9152 0.1566
vn -0.3857 -0.9152 -0.1167
vn -0.9066 -0.3792 0.1850
vn -0.9211 0.3791 -0.0880
vn -0.1197 0.9783 -0.1690
vn 0.9340 -0.1368 0.3302
vn 0.4270 0.1367 0.8939
vn -0.3300 -0.1370 0.9340
vn -0.8938 0.1366 0.4273
vn 0.9862 -0.1105 0.1232
vn 0.9226 -0.3826 -0.0489
vn 0.3858 -0.9152 0.1166
vn 0.3821 -0.9239 -0.0203
vn 0.1851 -0.3791 0.9066
vn -0.1166 -0.9151 0.3860
vn -0.9067 -0.3790 0.1853
vn -0.1011 -0.9783 0.1807
vn 0.0489 0.3836 0.9222
vn 0.9023 -0.0000 -0.4310
vn 0.3299 -0.1369 -0.9340
vn 0.3333 -0.0000 -0.9428
vn -0.9340 -0.1369 -0.3300
vn -0.1622 -0.1750 -0.9711
vn 0.3300 -0.1371 -0.9340
vn 0.3562 0.9217 -0.1534
vn 0.3533 -0.0104 -0.9355
vn 0.6015 0.3981 -0.6926
vn 0.1832 0.8414 0.5084
vn -0.9691 -0.0000 0.2466
vn 0.1851 -0.3794 0.9065
vn 0.9986 -0.0002 -0.0532
vn -0.4292 0.0913 -0.8986
vn -0.3301 -0.1369 0.9340
vn 0.4363 -0.6400 0.6324
vn 0.4339 0.0113 0.9009
vn 0.0525 0.1316 0.9899
vn -0.1833 0.8415 -0.5083
vn 0.0759 0.2746 -0.9586
vn -0.0525 0.1319 -0.9899
vn -0.9898 -0.0000 -0.1427
vn -0.9429 -0.0000 -0.3332
vn -0.9429 -0.0000 -0.3330
vn -0.9023 -0.0000 0.4310
vn -0.9023 -0.0000 0.4311
vn 0.9024 -0.0000 -0.4309
vn 0.9427 -0.0000 0.3335
vn 0.9427 -0.0000 0.3336
vn 0.0203 0.9239 0.3822
vn -0.0203 0.9239 -0.3821
vn 0.2111 0.9110 0.3544
vn 0.2111 0.9109 0.3545
vn 0.0203 -0.9239 0.3821
vn -0.3858 -0.9151 -0.1169
vn 0.9225 -0.3829 -0.0489
vn 0.9226 -0.3827 -0.0489
vn -0.9226 -0.3827 0.0489
vn 0.3821 0.9239 -0.0203
vn 0.9066 -0.3791 -0.1852
vn -0.1763 0.9843 0.0093
vn -0.3561 0.9218 0.1532
vn -0.3703 -0.6390 0.6742
vn -0.2267 0.1104 -0.9677
vn -0.4309 -0.0000 -0.9024
vn 0.3336 -0.0000 -0.9427
vn -0.3821 0.9239 0.0203
vn -0.3822 0.9239 0.0203
vn -0.3821 -0.9239 0.0203
vn 0.9739 0.2210 -0.0516
vn 0.4311 -0.0000 0.9023
vn -0.3333 -0.0000 0.9428
vn -0.1230 -0.1104 0.9862
vn -0.3331 -0.0000 0.9429
vn 0.0489 -0.3830 0.9225
vn 0.1338 0.9255 0.3542
vn 0.3908 0.9041 0.1726
vn 0.9230 0.3761 0.0815
vn 0.9765 0.0745 0.2021
vn -0.3686 0.8558 0.3629
vn -0.3881 0.9216 0.0097
vn -0.9253 0.3765 0.0449
vn -0.9810 0.1565 0.1149
vn -0.9844 0.1685 0.0503
vn -0.4078 0.8468 -0.3415
vn -0.9330 0.3460 -0.0986
vn -0.9878 0.1548 -0.0139
vn -0.4245 0.6434 -0.6370
vn -0.9395 0.2631 -0.2193
vn -0.9907 0.1178 -0.0678
vn -0.4164 0.6142 -0.6703
vn -0.3608 0.8747 0.3237
vn -0.9189 0.3753 0.1216
vn -0.3409 0.3627 0.8673
vn -0.9050 0.0042 0.4254
vn -0.9761 0.0663 0.2070
vn -0.9067 0.1482 0.3949
vn -0.3521 0.6596 0.6640
vn -0.9111 0.2694 0.3120
vn -0.9781 0.1206 0.1699
vn -0.9176 0.3496 0.1891
vn 0.9773 0.2057 -0.0516
vn 0.9074 0.4043 0.1145
vn 0.9113 0.4083 -0.0528
vn 0.3828 0.9233 -0.0301
vn 0.9813 0.1540 -0.1151
vn 0.9177 0.3453 -0.1963
vn 0.3688 0.8474 -0.3819
vn 0.9856 0.0894 -0.1435
vn 0.9254 0.2388 -0.2941
vn 0.3571 0.6435 -0.6770
vn 0.9140 0.3080 -0.2642
vn 0.9776 0.0076 0.2104
vn 0.9087 0.1812 0.3761
vn 0.9747 0.1060 0.1968
vn 0.4246 0.0111 0.9053
vn 0.2448 0.3855 0.8896
vn 0.4198 0.3645 0.8312
vn 0.9736 0.1859 0.1323
vn 0.9066 0.3246 0.2698
vn 0.4103 0.6623 0.6268
vn 0.3974 0.8585 0.3242
vn -0.3373 0.0104 0.9413
vn -0.9753 0.0016 0.2208
vn 0.9133 0.0065 0.4072
vn 0.4217 -0.0363 0.9060
vn 0.1620 0.8264 0.5393
vn -0.0824 0.2041 0.9755
vn -0.9819 0.1869 -0.0315
vn -0.9090 0.3918 0.1424
vn -0.3532 0.7743 0.5251
vn 0.1040 0.8197 -0.5633
vn -0.1253 0.9739 0.1893
vn 0.3545 -0.6588 -0.6636
vn 0.3704 -0.8551 -0.3629
vn 0.9113 -0.2691 -0.3118
vn 0.9177 -0.3494 -0.1889
vn -0.4067 -0.8551 -0.3217
vn -0.4226 -0.6588 -0.6225
vn -0.9391 -0.2693 -0.2136
vn -0.9796 -0.1992 -0.0280
vn -0.9833 -0.1535 -0.0981
vn 0.3437 -0.3622 -0.8664
vn 0.9068 -0.1480 -0.3947
vn -0.4334 -0.3623 -0.8252
vn -0.9435 -0.1480 -0.2965
vn -0.9858 -0.0844 -0.1454
vn -0.4371 -0.0105 -0.8993
vn -0.9450 -0.0043 -0.3271
vn -0.9867 -0.0025 -0.1628
vn -0.4401 0.2935 -0.8487
vn -0.3536 -0.6439 0.6785
vn -0.4471 -0.0104 -0.8944
vn 0.4381 -0.3892 0.8103
vn 0.9394 -0.2630 0.2199
vn 0.4076 -0.8470 0.3412
vn 0.4233 -0.6438 0.6374
vn 0.9330 -0.3461 0.0987
vn -0.3694 -0.8471 0.3822
vn -0.9173 -0.3460 0.1968
vn -0.9709 -0.1973 0.1360
vn 0.3890 -0.9212 -0.0101
vn 0.9254 -0.3763 -0.0448
vn -0.3880 -0.9211 0.0312
vn -0.9249 -0.3764 0.0534
vn -0.9752 -0.2146 0.0542
vn -0.9326 -0.3494 -0.0908
vn 0.0379 0.6989 0.7143
vn -0.0649 0.8771 0.4759
vn 0.0523 -0.1613 0.9855
vn 0.4116 0.7646 0.4960
vn 0.4027 0.8347 0.3755
vn 0.9805 0.1666 -0.1045
vn 0.1865 0.6959 0.6935
vn -0.0019 0.9994 -0.0344
vn 0.0091 0.9850 0.1721
vn -0.0437 0.5651 -0.8238
vn -0.0489 0.3829 -0.9225
vn -0.0018 0.9994 -0.0344
vn -0.1505 0.9884 -0.0188
vn -0.0436 0.5652 -0.8238
vn 0.4170 0.6606 0.6243
vn 0.4006 0.8574 0.3231
vn 0.9296 0.2868 0.2314
vn 0.9729 0.2276 0.0398
vn 0.9226 0.3725 0.1007
vn -0.3728 0.6531 0.6591
vn -0.9083 0.3690 0.1972
vn -0.9599 0.1730 0.2204
vn -0.9019 0.2836 0.3259
vn 0.9346 0.1573 0.3190
vn -0.3647 0.3587 0.8592
vn -0.9572 0.0950 0.2734
vn -0.8974 0.1559 0.4127
vn 0.4285 0.3630 0.8274
vn 0.9802 0.0961 0.1732
vn -0.1641 0.0117 0.9864
vn -0.3597 0.0101 0.9330
vn -0.8960 0.0045 0.4441
vn -0.1471 0.2358 -0.9606
vn -0.4119 0.6471 -0.6416
vn -0.2137 0.6893 -0.6923
vn -0.9925 -0.1225 0.0034
vn -0.9639 0.2252 0.1418
vn -0.9899 -0.1310 0.0540
vn 0.3496 0.6456 -0.6790
vn 0.9002 0.2782 -0.3351
vn 0.9631 0.2251 -0.1476
vn -0.4039 0.8486 -0.3418
vn -0.9735 0.2244 -0.0441
vn -0.9239 0.3674 -0.1071
vn 0.3641 0.8490 -0.3829
vn 0.9066 0.3684 -0.2061
vn 0.9680 0.2452 -0.0542
vn -0.3939 0.9191 0.0105
vn -0.9687 0.2434 0.0489
vn -0.9160 0.3986 0.0451
vn 0.3822 0.9236 -0.0308
vn 0.9144 0.4012 -0.0531
vn -0.3831 0.8500 0.3615
vn -0.6876 -0.6855 -0.2393
vn 0.6528 -0.6904 -0.3118
vn -0.9756 0.2139 0.0493
vn -0.9182 0.3483 0.1885
vn -0.9259 0.3752 0.0448
vn -0.3955 0.9184 0.0105
vn -0.9334 0.3452 -0.0983
vn -0.9799 0.1968 -0.0323
vn -0.4142 0.8444 -0.3398
vn -0.2214 0.9006 -0.3740
vn -0.9398 0.2625 -0.2188
vn -0.9836 0.1497 -0.1010
vn -0.4297 0.6420 -0.6349
vn -0.9412 0.2070 -0.2671
vn -0.9641 0.0020 0.2655
vn -0.9075 0.1476 0.3933
vn -0.9651 0.0841 0.2480
vn -0.3464 0.0103 0.9380
vn -0.3504 0.3612 0.8642
vn -0.9117 0.2684 0.3112
vn -0.9675 0.1530 0.2012
vn -0.3610 0.6568 0.6620
vn -0.1647 0.7005 0.6944
vn -0.9713 0.1986 0.1312
vn -0.3770 0.8525 0.3622
vn 0.0689 -0.5179 -0.8527
vn 0.9397 -0.2306 0.2525
vn 0.9025 -0.3065 0.3025
vn 0.9299 -0.2643 0.2559
vn 0.3785 0.9252 -0.0258
vn 0.9063 0.4054 0.1194
vn 0.9113 0.4091 -0.0472
vn 0.3760 0.8466 -0.3767
vn 0.9714 0.1983 -0.1304
vn 0.9186 0.3464 -0.1902
vn 0.3763 0.6400 -0.6700
vn 0.9768 0.1231 -0.1751
vn 0.9268 0.2388 -0.2899
vn 0.9212 0.1887 -0.3403
vn 0.4033 0.0141 0.9149
vn 0.3965 0.3681 0.8410
vn 0.9065 0.1829 0.3805
vn 0.9661 0.0105 0.2578
vn 0.9632 0.1236 0.2386
vn 0.3896 0.6670 0.6351
vn 0.9620 0.2175 0.1652
vn 0.9048 0.3258 0.2744
vn 0.3832 0.8627 0.3300
vn -0.9662 0.0753 0.2464
vn -0.9056 0.0039 0.4240
vn 0.9111 0.0123 0.4119
vn 0.0316 0.8378 0.5451
vn 0.0317 0.8361 0.5477
vn -0.0875 0.9148 0.3944
vn 0.0118 0.9819 0.1892
vn 0.9322 -0.3161 -0.1764
vn 0.3658 -0.6553 -0.6608
vn 0.3814 -0.8507 -0.3617
vn -0.9947 -0.0948 -0.0401
vn -0.9453 -0.3170 -0.0773
vn -0.9509 -0.2448 -0.1895
vn -0.4322 -0.6560 -0.6188
vn 0.9837 -0.0513 -0.1723
vn 0.9264 -0.2434 -0.2874
vn 0.3559 -0.3602 -0.8623
vn 0.3658 -0.6554 -0.6608
vn -0.9962 -0.0522 -0.0694
vn -0.9548 -0.1348 -0.2650
vn -0.4428 -0.3607 -0.8209
vn 0.3532 -0.0104 -0.9355
vn -0.9564 -0.0040 -0.2919
vn -0.9968 -0.0016 -0.0797
vn 0.2970 0.3678 -0.8812
vn -0.3185 -0.3301 0.8886
vn 0.9217 -0.0040 -0.3878
vn 0.9833 -0.0017 -0.1822
vn 0.9928 -0.1200 -0.0012
vn 0.9525 -0.2366 0.1915
vn 0.9951 -0.0909 0.0400
vn 0.4506 -0.8226 0.3468
vn 0.4367 -0.6399 0.6323
vn -0.9874 -0.1193 0.1035
vn -0.9282 -0.2345 0.2890
vn -0.9328 -0.3108 0.1825
vn -0.3830 -0.8416 0.3809
vn 0.9901 -0.1309 -0.0510
vn 0.9463 -0.3122 0.0837
vn 0.4115 -0.9114 -0.0049
vn 0.4434 -0.8400 0.3128
vn -0.9389 -0.3400 0.0535
vn -0.3996 -0.9162 0.0319
vn 0.9391 -0.3404 -0.0459
vn 0.4100 -0.9119 -0.0194
vn -0.4169 -0.8510 -0.3193
vn -0.1763 0.9101 0.3749
vn -0.7653 0.5822 0.2744
vn -0.7712 0.5756 0.2718
vn -0.7713 0.5756 0.2718
vn -0.9067 -0.3790 0.1851
vn 0.7979 0.5730 0.1873
vn 0.7978 0.5729 0.1878
vn 0.9828 0.1752 0.0585
vn -0.9211 0.3792 -0.0881
vn -0.1568 0.9153 -0.3710
vn -0.0882 0.3793 0.9211
vn 0.4271 0.1368 0.8938
vn 0.8939 0.1368 -0.4268
vn -0.9428 -0.0000 -0.3333
vn -0.4270 0.1367 -0.8938
vn -0.4312 -0.0000 -0.9023
vn -0.8936 0.1368 0.4274
vn -0.9862 0.1105 -0.1230
vn 0.9862 -0.0590 0.1545
vn -0.9872 0.0991 -0.1251
vn -0.1018 -0.9557 0.2761
vn -0.1853 -0.3788 -0.9068
vn 0.3714 0.9151 -0.1570
vn -0.4848 0.8094 -0.3315
vn -0.3947 0.8474 -0.3553
vn -0.1851 -0.3794 -0.9065
vn 0.3329 0.8087 -0.4850
vn 0.3548 0.8474 -0.3950
vn -0.1852 -0.3795 -0.9065
vn -0.3328 0.8089 0.4848
vn -0.3552 0.8470 0.3955
vn 0.4852 0.8083 0.3333
vn 0.3945 0.8475 0.3551
vn 0.8898 0.2898 -0.3526
vn 0.9221 0.2895 0.2567
vn 0.4294 0.0910 0.8985
vn 0.9340 -0.1370 0.3300
vn -0.0758 0.2741 0.9587
vn -0.8901 0.2897 0.3518
vn -0.9219 0.2897 -0.2571
vn -0.3856 -0.9152 -0.1166
vn -0.4470 -0.8090 0.3817
vn -0.3558 -0.8466 0.3959
vn -0.4006 0.4674 -0.7881
vn -0.4197 0.3756 -0.8263
vn -0.4236 0.3585 0.8319
vn -0.3296 0.3749 0.8665
vn 0.4233 0.3585 -0.8321
vn 0.3301 0.3762 -0.8658
vn 0.3822 -0.8086 0.4473
vn 0.3945 -0.8477 0.3547
vn 0.4001 0.4664 0.7889
vn 0.4196 0.3741 0.8270
vn -0.5092 -0.3573 -0.7830
vn -0.4196 -0.3762 -0.8261
vn -0.3142 -0.4671 0.8265
vn -0.3295 -0.3754 0.8663
vn 0.3150 -0.4670 -0.8262
vn 0.3302 -0.3756 -0.8660
vn 0.5089 -0.3588 0.7825
vn 0.4196 -0.3746 0.8268
vn -0.7881 0.4675 0.4003
vn -0.8266 0.3753 0.4194
vn 0.7886 0.4672 -0.3998
vn 0.8266 0.3753 -0.4194
vn -0.7827 -0.3578 0.5093
vn -0.8266 -0.3753 0.4195
vn 0.7828 -0.3580 -0.5090
vn 0.8266 -0.3753 -0.4195
vn -0.3822 -0.8089 -0.4467
vn -0.3949 -0.8473 -0.3551
vn 0.4472 -0.8085 -0.3825
vn 0.3547 -0.8476 -0.3946
vn 0.8324 0.3576 0.4234
vn 0.8661 0.3751 0.3305
vn 0.8269 -0.4667 0.3137
vn 0.8660 -0.3750 0.3307
vn -0.8321 0.3582 -0.4234
vn -0.8665 0.3754 -0.3290
vn -0.8261 -0.4665 -0.3161
vn -0.8664 -0.3757 -0.3290
vn 0.1056 0.5525 -0.8268
vn 0.4055 0.8924 0.1982
vn 0.9291 0.3012 -0.2147
vn -0.9466 0.3012 -0.1152
vn 0.9553 0.1034 0.2771
vn -0.0974 -0.1666 0.9812
vn -0.3698 0.7967 0.4781
vn -0.9204 0.1033 0.3771
vn -0.8916 0.0642 0.4482
vn 0.9189 0.3346 0.2092
vn 0.4048 -0.8777 -0.2567
vn 0.7999 -0.5216 0.2967
vn -0.8134 -0.1556 -0.5606
vn -0.6838 -0.7169 0.1361
vn -0.3857 0.8318 -0.3991
vn -0.4061 0.7793 -0.4772
vn -0.4181 0.2027 0.8855
vn -0.3238 0.2118 0.9221
vn 0.4545 0.7365 -0.5009
vn 0.3662 0.7724 -0.5189
vn 0.3997 0.3031 0.8651
vn 0.4136 0.2255 0.8821
vn -0.9855 -0.0896 0.1440
vn -0.5961 -0.1703 0.7846
vn -0.9003 0.0336 -0.4341
vn 0.8926 -0.3305 0.3066
vn 0.1566 0.9152 0.3714
vn 0.9429 -0.0000 0.3332
vn 0.4313 -0.0000 0.9022
vn -0.9226 0.3826 0.0490
vn 0.0203 -0.9238 0.3822
vn 0.0203 0.9237 0.3825
vn 0.9225 -0.3828 -0.0489
vn -0.0203 -0.9239 -0.3820
vn -0.0489 -0.3825 -0.9227
vn -0.0203 0.9238 -0.3822
vn -0.9226 -0.3826 0.0490
vn 0.0489 0.3823 0.9228
vn -0.9429 -0.0000 -0.3331
vn -0.4313 -0.0000 -0.9022
vn 0.9986 -0.0000 -0.0530
vn 0.9986 0.0001 -0.0528
vn 0.9986 -0.0000 -0.0527
vn 0.9986 -0.0000 -0.0529
vn 0.9986 -0.0000 -0.0532
vn -0.0203 0.9239 -0.3822
vn -0.4312 -0.0000 -0.9022
vn 0.4307 -0.0000 0.9025
vn 0.0489 -0.3828 0.9225
vn -0.3719 0.9084 0.1911
vn -0.9111 0.3202 0.2594
vn 0.9351 0.2987 0.1909
vn 0.0373 0.6984 0.7147
vn 0.0516 -0.1596 0.9858
vn -0.9013 -0.0718 0.4271
vn 0.9237 -0.0651 0.3776
vn 0.0117 0.9824 0.1865
vn 0.9227 -0.1336 -0.3617
vn -0.1720 0.9110 0.3748
vn 0.4312 -0.0000 0.9023
vn 0.9429 -0.0000 0.3331
vt 0.357073 0.586341
vt 0.352895 0.328439
vt 0.357073 0.328435
vt 0.497314 0.586426
vt 0.359340 0.328670
vt 0.497314 0.328519
vt 0.664665 0.894683
vt 0.668884 0.770053
vt 0.668884 0.894679
vt 0.648580 0.741414
vt 0.672609 0.768261
vt 0.528801 0.768394
vt 0.870990 0.847450
vt 0.880121 0.963204
vt 0.870990 0.963194
vt 0.965271 0.246379
vt 0.956139 0.124956
vt 0.965271 0.124950
vt 0.332645 0.293346
vt 0.333637 0.294021
vt 0.269782 0.293977
vt 0.181816 0.795740
vt 0.306448 0.795055
vt 0.306442 0.795740
vt 0.765821 0.934037
vt 0.774245 0.905251
vt 0.774262 0.934041
vt 0.178553 0.964332
vt 0.174332 0.847412
vt 0.178553 0.847416
vt 0.117601 0.919930
vt 0.000685 0.795411
vt 0.117601 0.795304
vt 0.755323 0.847690
vt 0.764455 0.962009
vt 0.755323 0.962013
vt 0.352947 0.846166
vt 0.357061 0.588256
vt 0.357061 0.846169
vt 0.565697 0.280197
vt 0.574140 0.300636
vt 0.565699 0.300666
vt 0.306320 0.655683
vt 0.180746 0.654998
vt 0.307281 0.654998
vt 0.178503 0.845494
vt 0.174370 0.587579
vt 0.178503 0.587582
vt 0.118947 0.795583
vt 0.123169 0.912502
vt 0.118947 0.912498
vt 0.341618 0.655949
vt 0.345752 0.913864
vt 0.341618 0.913861
vt 0.149179 0.358489
vt 0.172968 0.619233
vt 0.149179 0.620214
vt 0.475084 0.588051
vt 0.359340 0.846084
vt 0.359340 0.588177
vt 0.869639 0.963216
vt 0.860507 0.847462
vt 0.869639 0.847472
vt 0.673893 0.845974
vt 0.788216 0.588106
vt 0.788216 0.846019
vt 0.660375 0.481614
vt 0.636342 0.508478
vt 0.636342 0.328234
vt 0.939755 0.258871
vt 0.935642 0.000956
vt 0.939755 0.000958
vt 0.346956 0.655950
vt 0.351082 0.913865
vt 0.346956 0.913864
vt 0.498660 0.328517
vt 0.634940 0.586484
vt 0.498660 0.586430
vt 0.956555 0.886201
vt 0.965687 0.764766
vt 0.965687 0.886195
vt 0.753972 0.962005
vt 0.744840 0.847686
vt 0.753972 0.847683
vt 0.181405 0.796419
vt 0.298340 0.921122
vt 0.181405 0.921070
vt 0.303925 0.913636
vt 0.299702 0.796703
vt 0.303925 0.796701
vt 0.204939 0.621453
vt 0.205872 0.654265
vt 0.181443 0.654255
vt 0.536218 0.258588
vt 0.658312 0.259345
vt 0.536275 0.259262
vt 0.781122 0.000754
vt 0.659694 0.258587
vt 0.659694 0.000674
vt 0.486253 0.862996
vt 0.495385 0.740952
vt 0.495385 0.862989
vt 0.955392 0.122965
vt 0.946260 0.000934
vt 0.955392 0.000928
vt 0.476458 0.740953
vt 0.480679 0.865607
vt 0.476458 0.865605
vt 0.322993 0.621500
vt 0.322993 0.359767
vt 0.351586 0.328226
vt 0.534892 0.326888
vt 0.359370 0.327447
vt 0.359307 0.326772
vt 0.207861 0.032204
vt 0.332646 0.032965
vt 0.208739 0.032880
vt 0.781127 0.353197
vt 0.810374 0.328311
vt 0.781127 0.481668
vt 0.029657 0.620345
vt 0.000709 0.653188
vt 0.000709 0.327099
vt 0.126561 0.653861
vt 0.000958 0.654545
vt -0.000000 0.653861
vt 0.386417 0.000694
vt 0.447100 0.033545
vt 0.385487 0.033505
vt 0.385487 0.295236
vt 0.510636 0.295319
vt 0.208796 0.326614
vt 0.207861 0.293935
vt 0.544720 0.287460
vt 0.536288 0.259513
vt 0.544729 0.259509
vt 0.476470 0.588714
vt 0.484910 0.738730
vt 0.476469 0.738725
vt 0.174873 0.327467
vt 0.177954 0.584752
vt 0.174345 0.584919
vt 0.146080 0.654622
vt 0.170407 0.912033
vt 0.146081 0.912120
vt 0.546087 0.259519
vt 0.554520 0.287465
vt 0.546079 0.287470
vt 0.503327 0.937880
vt 0.503562 0.937559
vt 0.503680 0.937751
vt 0.352187 0.654324
vt 0.352186 0.328226
vt 0.545416 0.309932
vt 0.545405 0.287534
vt 0.954693 0.203307
vt 0.946251 0.172696
vt 0.954693 0.172695
vt 0.765804 0.905247
vt 0.774262 0.874687
vt 0.127097 0.654670
vt 0.127097 0.912168
vt 0.503010 0.938593
vt 0.498280 0.769751
vt 0.503171 0.782142
vt 0.954787 0.254681
vt 0.946285 0.232097
vt 0.954726 0.232096
vt 0.967021 0.340710
vt 0.972092 0.509223
vt 0.967116 0.497172
vt 0.774311 0.956625
vt 0.765870 0.956622
vt 0.867153 0.585765
vt 0.881662 0.328297
vt 0.881662 0.585793
vt 0.498386 0.951646
vt 0.531181 0.944330
vt 0.531463 0.944983
vt 0.884278 0.845556
vt 0.853661 0.588102
vt 0.884278 0.588062
vt 0.837205 0.850884
vt 0.859149 0.847202
vt 0.837458 0.851520
vt 0.811270 0.328431
vt 0.835798 0.585799
vt 0.811270 0.585926
vt 0.946251 0.203308
vt 0.853661 0.845597
vt 0.820235 0.588192
vt 0.175331 0.009844
vt 0.000923 0.001328
vt 0.180486 0.001312
vt 0.658255 0.000759
vt 0.536218 0.000676
vt 0.946285 0.144922
vt 0.954726 0.144921
vt 0.971602 0.327562
vt 0.938815 0.334877
vt 0.938530 0.334227
vt 0.564299 0.280363
vt 0.555906 0.300880
vt 0.555858 0.280412
vt 0.574232 0.259346
vt 0.574138 0.280168
vt 0.695910 0.995625
vt 0.673976 0.999316
vt 0.695660 0.994991
vt 0.564346 0.259541
vt 0.555906 0.259545
vt 0.175276 0.316480
vt 0.180326 0.324893
vt 0.765821 0.874635
vt 0.774311 0.846982
vt 0.820235 0.845687
vt 0.789089 0.588318
vt 0.867153 0.328269
vt 0.494680 0.738731
vt 0.486239 0.588715
vt 0.494680 0.588720
vt 0.944897 0.258510
vt 0.941030 0.000955
vt 0.944905 0.000956
vt 0.782388 0.325368
vt 0.782385 0.001099
vt 0.798848 0.293354
vt 0.307985 0.724167
vt 0.339767 0.756893
vt 0.307983 0.757437
vt -0.000000 0.325084
vt 0.000531 0.324940
vt 0.902105 0.292497
vt 0.876399 0.325163
vt 0.876111 0.292798
vt 0.338727 0.826040
vt 0.308011 0.859473
vt 0.307966 0.826087
vt 0.902575 0.031445
vt 0.876358 0.000733
vt 0.902434 0.000685
vt 0.971796 0.509873
vt 0.939062 0.502621
vt 0.005959 0.009887
vt 0.005904 0.316523
vt 0.498572 0.769104
vt 0.531355 0.776447
vt 0.307966 0.790256
vt 0.876111 0.293365
vt 0.849465 0.325318
vt 0.849906 0.293599
vt 0.307975 0.688448
vt 0.339909 0.723619
vt 0.816414 0.293645
vt 0.781717 0.325182
vt 0.781717 0.001276
vt 0.966446 0.496338
vt 0.966558 0.496142
vt 0.966792 0.496447
vt 0.307956 0.655715
vt 0.340105 0.687848
vt 0.933888 0.000797
vt 0.933867 0.325077
vt 0.924418 0.031440
vt 0.875948 0.000688
vt 0.849519 0.031623
vt 0.849656 0.000866
vt 0.816003 0.031713
vt 0.816045 0.000956
vt 0.308011 0.757437
vt 0.338727 0.790309
vt 0.358350 0.000902
vt 0.181215 0.000781
vt 0.956738 0.117900
vt 0.956191 0.118465
vt 0.956066 0.117910
vt 0.341161 0.655396
vt 0.341675 0.655273
vt 0.788840 0.587554
vt 0.788935 0.588106
vt 0.304481 0.914200
vt 0.303929 0.914320
vt 0.358854 0.587630
vt 0.359381 0.587504
vt 0.179126 0.587030
vt 0.179222 0.587582
vt 0.179094 0.964898
vt 0.178546 0.965017
vt 0.788840 0.846570
vt 0.788275 0.846694
vt 0.341161 0.914411
vt 0.341014 0.913860
vt 0.118386 0.913064
vt 0.118265 0.912508
vt 0.179126 0.846045
vt 0.178561 0.846169
vt 0.358854 0.846639
vt 0.358713 0.846087
vt 0.956738 0.000966
vt 0.956191 0.000429
vt 0.956741 0.000300
vt 0.673893 0.588061
vt 0.673441 0.587509
vt 0.673953 0.587385
vt 0.352319 0.846718
vt 0.352226 0.846166
vt 0.304481 0.796164
vt 0.304603 0.796710
vt 0.940201 0.259424
vt 0.939691 0.259547
vt 0.475688 0.587502
vt 0.475793 0.588052
vt 0.179094 0.846881
vt 0.179221 0.847427
vt 0.352947 0.588254
vt 0.352319 0.587703
vt 0.352884 0.587579
vt 0.673441 0.846524
vt 0.673293 0.845973
vt 0.118386 0.795047
vt 0.118940 0.794918
vt 0.475084 0.845957
vt 0.475688 0.846511
vt 0.475125 0.846634
vt 0.940200 0.000409
vt 0.940349 0.000960
vt 0.000685 0.920037
vt 0.000119 0.920579
vt -0.000000 0.920031
vt 0.754772 0.962637
vt 0.754648 0.962072
vt 0.955942 0.123422
vt 0.955391 0.123569
vt 0.118137 0.920470
vt 0.117591 0.920598
vt 0.956005 0.886829
vt 0.955881 0.886264
vt 0.754772 0.847238
vt 0.755323 0.847090
vt 0.209536 0.033163
vt 0.208713 0.033160
vt 0.498122 0.327562
vt 0.498720 0.327841
vt 0.208465 0.033160
vt 0.475921 0.866150
vt 0.475793 0.865601
vt 0.346503 0.655398
vt 0.347015 0.655275
vt 0.659066 0.259139
vt 0.658973 0.258587
vt 0.307274 0.655132
vt 0.306988 0.655694
vt 0.208465 0.292982
vt 0.208739 0.293261
vt 0.208601 0.292029
vt 0.208713 0.292982
vt 0.669420 0.895219
vt 0.668874 0.895347
vt 0.659065 0.000124
vt 0.659630 0.000000
vt 0.346503 0.914414
vt 0.346356 0.913863
vt 0.485700 0.863453
vt 0.485577 0.862939
vt 0.754525 0.962629
vt 0.753973 0.962724
vt 0.298904 0.921668
vt 0.298349 0.921794
vt 0.965823 0.247007
vt 0.965272 0.247100
vt 0.180867 0.921616
vt 0.180739 0.921066
vt 0.754525 0.847230
vt 0.754648 0.847742
vt 0.125610 0.654545
vt 0.126564 0.653994
vt 0.126288 0.654554
vt 0.332919 0.033245
vt 0.333637 0.032290
vt 0.332508 0.034201
vt 0.332620 0.033245
vt 0.357677 0.327886
vt 0.357782 0.328436
vt 0.475921 0.740396
vt 0.476468 0.740275
vt 0.781123 0.258667
vt 0.781568 0.259219
vt 0.781059 0.259343
vt 0.331573 0.293068
vt 0.332620 0.293067
vt 0.332508 0.292114
vt 0.332234 0.292788
vt 0.332919 0.293066
vt 0.357677 0.586895
vt 0.357114 0.587018
vt 0.781568 0.000204
vt 0.781716 0.000755
vt 0.669420 0.769492
vt 0.669548 0.770045
vt 0.870441 0.963680
vt 0.870316 0.963153
vt 0.486253 0.740958
vt 0.485700 0.740337
vt 0.486252 0.740240
vt 0.298340 0.796471
vt 0.298904 0.795914
vt 0.299024 0.796467
vt 0.870441 0.846845
vt 0.870991 0.846742
vt 0.180867 0.795862
vt 0.181414 0.795740
vt 0.965823 0.124504
vt 0.965947 0.125013
vt 0.870193 0.963702
vt 0.869641 0.963843
vt 0.000119 0.794851
vt 0.000675 0.794730
vt 0.955942 0.000305
vt 0.956066 0.000870
vt 0.870193 0.846868
vt 0.870316 0.847431
vt 0.956555 0.764772
vt 0.956005 0.764327
vt 0.956556 0.764177
vt 0.118137 0.794742
vt 0.118265 0.795296
vt 0.498605 0.588214
vt 0.498070 0.587673
vt 0.498616 0.587545
vt 0.535520 0.327438
vt 0.534955 0.327562
vt 0.352039 0.327676
vt 0.672619 0.587385
vt 0.673293 0.587900
vt 0.672609 0.588053
vt 0.181443 0.328158
vt 0.180833 0.327641
vt 0.181384 0.327483
vt 0.358541 0.000237
vt 0.358713 0.000842
vt 0.673293 0.768429
vt 0.672619 0.768943
vt 0.180860 0.000116
vt 0.181336 0.000000
vt 0.172968 0.326910
vt 0.173464 0.326390
vt 0.173614 0.326996
vt 0.498605 0.768421
vt 0.498070 0.768983
vt 0.497941 0.768429
vt 0.000104 0.326545
vt 0.000668 0.326422
vt 0.358861 0.327322
vt 0.358713 0.326771
vt 0.172968 0.652999
vt 0.173464 0.653513
vt 0.172927 0.653672
vt 0.181215 0.326580
vt 0.180859 0.327247
vt 0.180740 0.326641
vt 0.636333 0.509157
vt 0.635659 0.508642
vt 0.000104 0.653736
vt 0.000000 0.653186
vt 0.810374 0.508555
vt 0.810911 0.509112
vt 0.810364 0.509234
vt 0.359307 0.000676
vt 0.358862 0.000123
vt 0.359370 0.000000
vt 0.635659 0.328077
vt 0.636333 0.327562
vt 0.358350 0.326700
vt 0.358541 0.327368
vt 0.358114 0.327483
vt 0.180833 0.654773
vt 0.180739 0.654167
vt 0.810911 0.327765
vt 0.811039 0.328315
vt 0.351586 0.654323
vt 0.352039 0.654875
vt 0.351527 0.654998
vt 0.534892 0.000792
vt 0.535520 0.000240
vt 0.535613 0.000791
vt 0.352350 0.327485
vt 0.352936 0.327766
vt 0.509769 0.294642
vt 0.510042 0.294363
vt 0.508992 0.294360
vt 0.509797 0.294362
vt 0.321857 0.361678
vt 0.321974 0.360723
vt 0.322274 0.360722
vt 0.960960 0.117899
vt 0.961511 0.118853
vt 0.960963 0.118583
vt 0.322001 0.360443
vt 0.173830 0.586624
vt 0.174427 0.586903
vt 0.030561 0.359292
vt 0.030284 0.359572
vt 0.029657 0.358620
vt 0.031407 0.359565
vt 0.030543 0.359570
vt 0.321857 0.619591
vt 0.321974 0.620545
vt 0.321584 0.620267
vt 0.322001 0.620825
vt 0.322274 0.620545
vt 0.320924 0.620546
vt 0.509922 0.035493
vt 0.509797 0.034540
vt 0.510041 0.034541
vt 0.664665 0.770057
vt 0.664114 0.769103
vt 0.664654 0.769375
vt 0.509769 0.034261
vt 0.510636 0.033587
vt 0.030462 0.618427
vt 0.030543 0.619386
vt 0.030284 0.619387
vt 0.123720 0.913457
vt 0.123162 0.913188
vt 0.030561 0.619667
vt 0.357598 0.847124
vt 0.356997 0.846845
vt 0.205813 0.360397
vt 0.205539 0.360676
vt 0.204939 0.359721
vt 0.206602 0.360678
vt 0.205786 0.360677
vt 0.148095 0.360392
vt 0.148176 0.359442
vt 0.148471 0.359442
vt 0.299151 0.795749
vt 0.299706 0.796038
vt 0.148194 0.359163
vt 0.205669 0.619545
vt 0.205786 0.620499
vt 0.205539 0.620499
vt 0.173781 0.846457
vt 0.174325 0.846748
vt 0.205813 0.620779
vt 0.148095 0.618299
vt 0.148176 0.619258
vt 0.147819 0.618974
vt 0.148194 0.619538
vt 0.148471 0.619258
vt 0.147151 0.619255
vt 0.880673 0.964149
vt 0.880124 0.963831
vt 0.780443 0.354156
vt 0.780164 0.353876
vt 0.780141 0.355119
vt 0.780159 0.354157
vt 0.765006 0.962942
vt 0.764455 0.962728
vt 0.528532 0.740577
vt 0.528812 0.740856
vt 0.527847 0.741525
vt 0.528838 0.739639
vt 0.528817 0.740580
vt 0.662252 0.354112
vt 0.661316 0.354105
vt 0.661320 0.353823
vt 0.955587 0.124027
vt 0.956139 0.124362
vt 0.661041 0.354103
vt 0.660375 0.353144
vt 0.646707 0.740485
vt 0.647641 0.740470
vt 0.647636 0.740747
vt 0.966239 0.887124
vt 0.965688 0.886915
vt 0.647915 0.740467
vt 0.386633 0.293325
vt 0.386508 0.294281
vt 0.386208 0.294281
vt 0.481230 0.866562
vt 0.480688 0.866278
vt 0.386480 0.294561
vt 0.386633 0.035412
vt 0.386508 0.034459
vt 0.386905 0.034737
vt 0.386480 0.034180
vt 0.386208 0.034459
vt 0.387563 0.034458
vt 0.529792 0.614057
vt 0.528817 0.614045
vt 0.528812 0.613762
vt 0.945709 -0.000000
vt 0.946259 0.000216
vt 0.528532 0.614042
vt 0.527847 0.613082
vt 0.859956 0.846516
vt 0.860509 0.846753
vt 0.647915 0.613932
vt 0.647636 0.613653
vt 0.648580 0.612970
vt 0.647662 0.614904
vt 0.647641 0.613936
vt 0.495936 0.863924
vt 0.495384 0.863593
vt 0.780164 0.480996
vt 0.780443 0.480717
vt 0.779187 0.480725
vt 0.780159 0.480718
vt 0.661298 0.479718
vt 0.661316 0.480666
vt 0.661041 0.480664
vt 0.744289 0.846754
vt 0.744841 0.847086
vt 0.661320 0.480943
vt 0.546091 0.309989
vt 0.545540 0.310468
vt 0.495230 0.739262
vt 0.494679 0.739394
vt 0.673955 1.000000
vt 0.673293 0.999457
vt 0.475917 0.739256
vt 0.475793 0.738710
vt 0.544729 0.309978
vt 0.545282 0.310457
vt 0.544730 0.310611
vt 0.859830 0.999284
vt 0.859168 0.999828
vt 0.859149 0.999141
vt 0.495230 0.588329
vt 0.495354 0.588834
vt 0.564346 0.300832
vt 0.564902 0.301421
vt 0.564350 0.301513
vt 0.673293 0.847237
vt 0.673955 0.846694
vt 0.673976 0.847383
vt 0.565151 0.301260
vt 0.565026 0.300727
vt 0.475917 0.588323
vt 0.476469 0.588146
vt 0.859168 0.846516
vt 0.859830 0.847060
vt 0.945465 0.000404
vt 0.945586 0.000955
vt 0.663325 0.940850
vt 0.663972 0.940396
vt 0.664000 0.940960
vt 0.882229 0.586343
vt 0.881673 0.586467
vt 0.945457 0.259026
vt 0.944903 0.259185
vt 0.882229 0.327720
vt 0.882348 0.328281
vt 0.885120 0.759128
vt 0.884467 0.758668
vt 0.884996 0.758458
vt 0.126725 0.912720
vt 0.126566 0.912170
vt 0.663325 0.773757
vt 0.664000 0.774169
vt 0.663488 0.774415
vt 0.174215 0.326914
vt 0.174774 0.326791
vt 0.885119 0.592049
vt 0.884441 0.592449
vt 0.884453 0.591880
vt 0.126725 0.654139
vt 0.127195 0.654007
vt 0.173683 0.585492
vt 0.173614 0.584939
vt 0.781802 0.000626
vt 0.782244 0.000420
vt 0.000153 0.325733
vt 0.000770 0.326233
vt 0.000707 0.325840
vt 0.934575 0.000339
vt 0.934596 0.000986
vt 0.498129 0.769103
vt 0.180571 0.325691
vt 0.180073 0.325793
vt 0.934564 0.325533
vt 0.934112 0.325749
vt 0.935048 0.324721
vt 0.934581 0.324874
vt 0.971904 0.328217
vt 0.972053 0.327564
vt 0.972246 0.328100
vt 0.000570 0.000515
vt 0.001119 0.000411
vt 0.781798 0.325834
vt 0.972246 0.509878
vt 0.178484 0.327468
vt 0.179002 0.326513
vt 0.179222 0.326513
vt 0.662441 0.769984
vt 0.663243 0.769227
vt 0.663107 0.769831
vt 0.923889 0.032394
vt 0.923629 0.032115
vt 0.940479 -0.000000
vt 0.941037 0.000279
vt 0.799398 0.032363
vt 0.799119 0.032642
vt 0.798432 0.031688
vt 0.800379 0.032641
vt 0.799403 0.032642
vt 0.178474 0.585685
vt 0.177862 0.585426
vt 0.923174 0.291843
vt 0.923439 0.291571
vt 0.923959 0.292506
vt 0.177610 0.585703
vt 0.178591 0.585958
vt 0.799835 0.291394
vt 0.799816 0.292384
vt 0.799531 0.292375
vt 0.885756 0.762953
vt 0.884904 0.763647
vt 0.885075 0.763047
vt 0.799814 0.292676
vt 0.503488 0.936551
vt 0.554532 0.309984
vt 0.555075 0.310849
vt 0.554533 0.310612
vt 0.966705 0.341438
vt 0.966471 0.341762
vt 0.966348 0.341569
vt 0.966552 0.342778
vt 0.574683 0.301390
vt 0.574142 0.301315
vt 0.965699 0.495903
vt 0.485454 0.739740
vt 0.484909 0.739389
vt 0.580363 0.895194
vt 0.569876 0.890841
vt 0.575954 0.860415
vt 0.504581 0.783432
vt 0.503722 0.783182
vt 0.503840 0.782989
vt 0.485696 0.587735
vt 0.486238 0.588152
vt 0.955756 0.678531
vt 0.954012 0.643808
vt 0.959711 0.678689
vt 0.000896 0.793938
vt 0.000350 0.794503
vt 0.000225 0.793948
vt 0.535760 0.000123
vt 0.536275 -0.000000
vt 0.634940 0.328571
vt 0.635565 0.328019
vt 0.635659 0.328571
vt 0.306990 0.795621
vt 0.635565 0.587035
vt 0.635000 0.587159
vt 0.535760 0.259138
vt 0.535614 0.258587
vt 0.125548 0.793938
vt 0.126104 0.794503
vt 0.125551 0.794622
vt 0.358854 0.328123
vt 0.359381 0.327997
vt 0.658877 0.000207
vt 0.658973 0.000759
vt 0.181823 0.795055
vt 0.181262 0.795621
vt 0.181141 0.795065
vt 0.658255 0.258671
vt 0.658877 0.259222
vt 0.359340 0.586577
vt 0.358854 0.587132
vt 0.358713 0.586580
vt 0.956066 0.000975
vt 0.788275 0.587430
vt 0.475125 0.587378
vt 0.304603 0.913645
vt 0.673953 0.846649
vt 0.179221 0.964343
vt 0.118265 0.795593
vt 0.359381 0.846761
vt 0.358713 0.588180
vt 0.179222 0.845494
vt 0.788935 0.846019
vt 0.341014 0.655948
vt 0.174370 0.845492
vt 0.174427 0.846166
vt 0.118940 0.913184
vt 0.668874 0.769371
vt 0.352895 0.586346
vt 0.940349 0.258872
vt 0.475793 0.845958
vt 0.357114 0.327762
vt 0.480679 0.740955
vt 0.352226 0.588254
vt 0.178561 0.586906
vt 0.299702 0.913638
vt 0.495384 0.740234
vt 0.870991 0.963821
vt 0.965272 0.124356
vt 0.880124 0.846752
vt 0.536288 0.309982
vt 0.536279 0.287464
vt 0.669548 0.894671
vt 0.475793 0.740949
vt 0.658312 0.000083
vt 0.965688 0.764172
vt 0.869641 0.846763
vt 0.955391 0.000209
vt 0.860507 0.963206
vt -0.000000 0.795405
vt 0.955881 0.764836
vt 0.118265 0.919922
vt 0.960963 0.000298
vt 0.960960 0.000964
vt 0.352884 0.846842
vt 0.178546 0.846752
vt 0.356997 0.587582
vt 0.946260 0.122971
vt 0.946259 0.123575
vt 0.755323 0.962732
vt 0.956556 0.886922
vt 0.764455 0.847687
vt 0.956140 0.247106
vt 0.956139 0.246385
vt 0.497941 0.587385
vt 0.497941 0.327562
vt 0.486252 0.863599
vt 0.744841 0.962728
vt 0.658973 0.000675
vt 0.181414 0.921742
vt 0.754648 0.962064
vt 0.754648 0.847750
vt 0.000675 0.920705
vt 0.174332 0.964328
vt 0.174325 0.965013
vt 0.341675 0.914535
vt 0.345809 0.914538
vt 0.299024 0.921119
vt 0.485577 0.740902
vt 0.965947 0.246442
vt 0.180739 0.796415
vt 0.956741 0.118585
vt 0.345752 0.655952
vt 0.117590 0.794622
vt 0.870316 0.963175
vt 0.870316 0.847409
vt 0.298349 0.795792
vt 0.123169 0.795586
vt 0.123162 0.794922
vt 0.939692 0.000284
vt 0.935578 0.000282
vt 0.357782 0.586342
vt 0.781717 0.258668
vt 0.303929 0.796036
vt 0.935642 0.258868
vt 0.497941 0.327562
vt 0.664654 0.895351
vt 0.347015 0.914538
vt 0.351142 0.914540
vt 0.476468 0.866276
vt 0.351082 0.655952
vt 0.351527 0.327551
vt 0.358114 0.000121
vt 0.555184 0.287400
vt 0.555191 0.310759
vt 0.180739 0.000721
vt 0.661330 0.508489
vt -0.000000 0.327098
vt 0.885377 0.917660
vt 0.884715 0.917512
vt 0.884441 0.916892
vt 0.181384 0.654931
vt 0.000668 0.653861
vt 0.535613 0.326887
vt 0.555191 0.280244
vt 0.555245 0.301476
vt 0.358713 0.000675
vt 0.816000 0.000268
vt 0.172968 0.359417
vt 0.358713 0.326762
vt 0.180739 0.328246
vt 0.181443 0.360666
vt 0.810364 0.327639
vt 0.780173 0.328297
vt 0.961631 0.118843
vt 0.961631 -0.000000
vt 0.299024 0.914583
vt 0.299024 0.795740
vt 0.173663 0.846447
vt 0.123850 0.913446
vt 0.123850 0.794622
vt 0.173652 0.586625
vt 0.346356 0.914820
vt 0.447099 0.000734
vt 0.485577 0.740017
vt 0.485577 0.587378
vt 0.935047 0.259822
vt 0.357781 0.587301
vt 0.659631 0.259263
vt 0.664001 0.769110
vt 0.664001 0.895645
vt 0.481344 0.740005
vt 0.481344 0.866565
vt 0.945586 0.123963
vt 0.945586 0.000057
vt 0.966362 0.887061
vt 0.966362 0.763772
vt 0.497941 0.588221
vt 0.269782 0.326661
vt 0.181336 0.327363
vt 0.574800 0.279993
vt 0.351682 0.914821
vt 0.744840 0.962009
vt 0.744165 0.846694
vt 0.765129 0.962882
vt 0.765129 0.846694
vt 0.496061 0.740074
vt 0.496061 0.863981
vt 0.955463 0.123964
vt 0.955463 0.247252
vt 0.672609 0.740438
vt 0.859830 0.846557
vt 0.880794 0.964190
vt 0.880121 0.847460
vt 0.880794 0.846557
vt 0.352187 0.587299
vt 0.941025 0.258754
vt 0.941043 0.259433
vt 0.820185 0.587516
vt 0.853722 0.587426
vt 0.598783 0.827144
vt 0.592668 0.860270
vt 0.598130 0.826902
vt 0.884441 0.587385
vt 0.616450 0.798636
vt 0.615938 0.798166
vt 0.170639 0.912708
vt 0.146232 0.912795
vt 0.643674 0.779064
vt 0.643380 0.778437
vt 0.127197 0.912843
vt 0.944911 0.000280
vt 0.663374 0.944784
vt 0.835649 0.586472
vt 0.649069 0.937827
vt 0.620100 0.920651
vt 0.620579 0.920148
vt 0.811039 0.586600
vt 0.601018 0.892906
vt 0.600383 0.893190
vt 0.788935 0.587642
vt 0.593365 0.860247
vt 0.950298 0.645168
vt 0.955055 0.678501
vt 0.949639 0.645401
vt 0.853720 0.846283
vt 0.932497 0.616440
vt 0.931979 0.616901
vt 0.884439 0.846230
vt 0.905063 0.596722
vt 0.904764 0.597340
vt 0.146232 0.653960
vt 0.170406 0.654535
vt 0.884954 0.592698
vt 0.899626 0.756741
vt 0.927848 0.738407
vt 0.928332 0.738913
vt 0.867108 0.327562
vt 0.835798 0.328303
vt 0.835649 0.327594
vt 0.948042 0.711450
vt 0.947403 0.711160
vt 0.811040 0.327725
vt 0.820183 0.846383
vt 0.789089 0.845812
vt 0.867108 0.586438
vt 0.648818 0.938471
vt 0.899367 0.756095
vt 0.881673 0.327603
vt 0.945578 0.258467
vt 0.882348 0.585793
vt 0.663991 0.773603
vt 0.178384 0.326792
vt 0.126565 0.654692
vt 0.174143 0.327466
vt 0.765146 0.933889
vt 0.765129 0.905203
vt 0.738214 0.953265
vt 0.743489 0.923324
vt 0.744165 0.923321
vt 0.955368 0.203263
vt 0.955402 0.231948
vt 0.794887 0.953115
vt 0.789613 0.923172
vt 0.795512 0.952852
vt 0.765195 0.956391
vt 0.720796 0.978170
vt 0.737591 0.953004
vt 0.955463 0.254451
vt 0.811837 0.978499
vt 0.812314 0.978013
vt 0.545412 0.259685
vt 0.721270 0.978654
vt 0.545395 0.287523
vt 0.837205 0.995460
vt 0.837458 0.994824
vt 0.545405 0.309920
vt 0.565024 0.280367
vt 0.535613 0.287400
vt 0.535625 0.310769
vt 0.565024 0.300887
vt 0.695910 0.851053
vt 0.565024 0.259780
vt 0.564977 0.280527
vt 0.720796 0.868494
vt 0.695660 0.851692
vt 0.955463 0.124458
vt 0.955402 0.145090
vt 0.811837 0.867845
vt 0.812314 0.868332
vt 0.765870 0.846862
vt 0.765146 0.874703
vt 0.765195 0.847030
vt 0.721270 0.868004
vt 0.737591 0.893647
vt 0.955368 0.172762
vt 0.794887 0.893230
vt 0.795512 0.893493
vt 0.738214 0.893381
vt 0.788935 0.923172
vt 0.484910 0.588156
vt 0.484911 0.588719
vt 0.174246 0.585594
vt 0.885999 0.588263
vt 0.494679 0.588151
vt 0.486238 0.739385
vt 0.486239 0.738726
vt 0.476468 0.739388
vt 0.536289 0.310611
vt 0.307326 0.859320
vt 0.307281 0.826037
vt 0.581022 0.895464
vt 0.587310 0.860426
vt 0.588021 0.860429
vt 0.340455 0.756726
vt 0.882348 0.418974
vt 0.890040 0.453632
vt 0.889380 0.453904
vt 0.875718 0.000000
vt 0.561161 0.925156
vt 0.875691 0.325137
vt 0.849304 0.326001
vt 0.909699 0.482990
vt 0.909189 0.483489
vt 0.849507 0.000178
vt 0.560653 0.924657
vt 0.815968 0.325405
vt 0.815914 0.326089
vt 0.938779 0.503274
vt 0.902578 0.325790
vt 0.902416 0.325104
vt 0.894175 0.418993
vt 0.883062 0.418970
vt 0.900206 0.388557
vt 0.902586 -0.000000
vt 0.531638 0.775801
vt 0.560787 0.796160
vt 0.876643 0.325850
vt 0.909408 0.354699
vt 0.908896 0.354205
vt 0.307326 0.757600
vt 0.561295 0.795668
vt 0.580436 0.825650
vt 0.340328 0.654998
vt 0.340792 0.687898
vt 0.889847 0.384236
vt 0.889185 0.383972
vt 0.307281 0.790318
vt 0.581094 0.825386
vt 0.340595 0.723557
vt 0.001191 0.000016
vt 0.180238 0.000396
vt 0.179900 0.326188
vt 0.594433 0.825514
vt 0.588021 0.860428
vt 0.593776 0.825272
vt 0.339403 0.790372
vt 0.612538 0.794997
vt 0.613052 0.795468
vt 0.339447 0.757748
vt 0.338771 0.757582
vt 0.641450 0.774211
vt 0.641746 0.774840
vt 0.876808 0.032168
vt 0.902729 0.032121
vt 0.663205 0.769103
vt 0.647432 0.942171
vt 0.616923 0.924043
vt 0.617404 0.923538
vt 0.815957 0.032386
vt 0.849367 0.032297
vt 0.596150 0.895111
vt 0.596788 0.894825
vt 0.875502 0.032119
vt 0.875738 0.031445
vt 0.588721 0.860404
vt 0.339403 0.825989
vt 0.338771 0.859333
vt 0.935048 0.001139
vt 0.503487 0.782860
vt 0.307289 0.688520
vt 0.960408 0.678714
vt 0.954667 0.643568
vt 0.307281 0.655892
vt 0.935406 0.613761
vt 0.935919 0.613291
vt 0.902251 0.291835
vt 0.906718 0.593127
vt 0.907013 0.592499
vt 0.885240 0.587385
vt 0.816378 0.292938
vt 0.849767 0.292890
vt 0.931520 0.742299
vt 0.901039 0.760437
vt 0.931042 0.741800
vt 0.875890 0.292659
vt 0.951644 0.713097
vt 0.952278 0.713380
vt 0.307289 0.724127
vt 0.662699 0.944674
vt 0.647180 0.942818
vt 0.901291 0.761076
vt 0.940350 -0.000000
vt 0.940350 0.259732
vt 0.178693 0.585687
vt 0.179222 0.586624
vt 0.575266 0.860417
vt 0.774925 0.934192
vt 0.774908 0.905295
vt 0.900242 0.449420
vt 0.894865 0.418994
vt 0.900877 0.449154
vt 0.945619 0.232247
vt 0.552630 0.916628
vt 0.569241 0.890575
vt 0.917482 0.475209
vt 0.917966 0.474715
vt 0.945681 0.254915
vt 0.946346 0.254682
vt 0.555191 0.259346
vt 0.554528 0.259515
vt 0.943529 0.491788
vt 0.943272 0.492433
vt 0.535623 0.259346
vt 0.934129 0.000126
vt 0.782244 0.326043
vt 0.526582 0.933203
vt 0.526840 0.933852
vt 0.552746 0.804172
vt 0.526733 0.787566
vt 0.526992 0.786914
vt 0.555239 0.259346
vt 0.917417 0.362746
vt 0.943449 0.346145
vt 0.917904 0.363247
vt 0.945620 0.144749
vt 0.946346 0.124216
vt 0.569939 0.829982
vt 0.552261 0.804670
vt 0.774925 0.874570
vt 0.774975 0.846694
vt 0.900844 0.388828
vt 0.945586 0.172626
vt 0.569303 0.830251
vt 0.945586 0.203351
vt 0.485577 0.740000
vt 0.811039 0.508559
vt 0.181694 0.655683
vt 0.000900 0.794622
vt 0.535614 0.000675
vt 0.635659 0.586484
vt 0.358713 0.328673
vt 0.359381 0.587254
vt 0.498720 0.587105
vt 0.307117 0.795065
vt 0.000286 0.654554
vt 0.635000 0.327895
vt 0.497355 0.327846
vt 0.126226 0.793948
vt 0.498091 0.950992
vt 0.565791 0.259375
vt 0.000399 0.001169
vt 0.876571 0.031493
vt 0.673293 0.588060
vt 0.956066 0.122907
vt 0.000004 0.653994
vt 0.208601 0.034117
vt 0.346356 0.655950
vt 0.209536 0.292985
vt 0.498122 0.587385
vt 0.753973 0.847083
vt 0.331573 0.033246
vt 0.332234 0.033526
vt 0.181013 0.655694
vt 0.180739 0.655132
vt 0.781059 0.000080
vt 0.673176 0.587442
vt 0.673176 0.768892
vt 0.172927 0.326233
vt 0.498616 0.769103
vt 0.173614 0.652909
vt 0.635777 0.509105
vt 0.635777 0.327618
vt 0.534955 0.000116
vt 0.509922 0.293406
vt 0.480688 0.740277
vt 0.481230 0.740001
vt 0.321584 0.361003
vt 0.320924 0.360723
vt 0.030462 0.360521
vt 0.299706 0.914322
vt 0.299151 0.914592
vt 0.173781 0.965282
vt 0.352936 0.587023
vt 0.352350 0.587301
vt 0.508992 0.034538
vt 0.173830 0.846446
vt 0.031407 0.619381
vt 0.205669 0.361632
vt 0.961511 0.000009
vt 0.147819 0.359717
vt 0.147151 0.359439
vt 0.357598 0.587302
vt 0.206602 0.620501
vt 0.123720 0.794633
vt 0.779187 0.354164
vt 0.495936 0.740017
vt 0.529792 0.740592
vt 0.945709 0.123906
vt 0.880673 0.846516
vt 0.661298 0.355067
vt 0.764455 0.847087
vt 0.765006 0.846754
vt 0.647662 0.739529
vt 0.386905 0.294000
vt 0.387563 0.294280
vt 0.664114 0.895638
vt 0.860509 0.963833
vt 0.859956 0.964149
vt 0.528838 0.615013
vt 0.646707 0.613950
vt 0.966239 0.763835
vt 0.780141 0.479771
vt 0.744289 0.962942
vt 0.955587 0.247315
vt 0.662252 0.480673
vt 0.546092 0.310621
vt 0.495354 0.738716
vt 0.673404 0.999989
vt 0.859718 0.999818
vt 0.673404 0.846703
vt 0.565701 0.301347
vt 0.475794 0.588828
vt 0.859718 0.846526
vt 0.663444 0.940184
vt 0.884441 0.759234
vt 0.497941 0.951647
vt 0.497941 0.769633
vt 0.180739 0.325045
vt 0.180739 0.000498
vt 0.178139 0.326510
vt 0.179121 0.326233
vt 0.799426 0.033595
vt 0.663551 0.945373
vt 0.885331 0.588100
vt 0.885197 0.587505
vt 0.940479 0.259741
vt 0.800790 0.292367
vt 0.485696 0.739741
vt 0.504422 0.937320
vt 0.943189 0.345488
vt 0.485455 0.587737
vt 0.965616 0.342010
vt 0.535744 0.310850
vt 0.966634 0.495134
vt 0.555909 0.301559
vt 0.555364 0.301640
vt 0.503645 0.784200
vt 0.658973 0.258671
vt 0.345809 0.655276
vt 0.935578 0.259544
vt 0.497941 0.587378
vt 0.351142 0.655276
vt 0.884441 0.764541
vt 0.955881 0.840689
vt 0.884715 0.763920
vt 0.885377 0.763772
vt 0.949918 0.810688
vt 0.932974 0.785279
vt 0.907451 0.768159
vt 0.949909 0.870742
vt 0.932902 0.896224
vt 0.907451 0.913256
vt 0.173663 0.965271
vt 0.173652 0.846447
vt 0.346356 0.654998
vt 0.935047 -0.000000
vt 0.357781 0.847123
vt 0.574800 0.301221
vt 0.351682 0.654998
vt 0.744165 0.962882
vt 0.859830 0.964190
vt 0.352187 0.327483
vt 0.170639 0.653861
vt 0.788935 0.846516
vt 0.545405 0.259674
vt 0.954787 0.124214
vt 0.875448 0.325821
vt 0.876590 0.000047
vt 0.341014 0.655151
vt 0.180069 0.000000
vt 0.339447 0.859176
vt 0.876338 0.292124
vt 0.307281 0.757294
vt 0.663522 0.945495
vt 0.884940 0.763772
vt 0.552146 0.916134
vt 0.774975 0.956860
vt 0.945682 0.123963
vt 0.485577 0.587378
vt 0.497355 0.587103
s 1
f 139/1/1 237/2/2 125/3/3
f 133/4/4 748/5/5 120/6/6
f 349/7/7 141/8/8 97/9/9
f 332/10/10 189/11/11 196/12/12
f 153/13/13 309/14/14 146/15/15
f 111/16/16 324/17/17 155/18/18
f 138/19/19 134/20/20 61/21/21
f 757/22/22 740/23/23 746/24/24
f 390/25/25 663/26/26 667/27/27
f 19/28/23 296/29/28 47/30/29
f 69/31/30 161/32/31 169/33/8
f 71/34/32 316/35/33 63/36/34
f 35/37/35 295/38/36 281/39/37
f 438/40/38 698/41/39 428/42/40
f 90/43/41 138/44/42 93/45/43
f 27/46/44 251/47/45 14/48/46
f 54/49/47 273/50/48 26/51/49
f 6/52/50 258/53/51 21/54/52
f 290/55/53 204/56/54 303/57/55
f 42/58/13 28/59/56 13/60/57
f 160/61/58 362/62/59 167/63/60
f 49/64/61 7/65/62 20/66/63
f 378/67/64 207/68/65 220/69/66
f 41/70/67 302/71/68 56/72/69
f 84/73/70 347/74/71 99/75/72
f 77/76/73 741/77/74 92/78/75
f 70/79/76 364/80/77 331/81/78
f 105/82/79 377/83/80 113/84/81
f 154/85/82 106/86/83 112/87/84
f 12/88/85 289/89/86 40/90/87
f 297/91/88 280/92/89 222/93/90
f 742/94/52 757/95/91 746/96/92
f 140/97/93 85/98/35 98/99/94
f 104/100/50 311/101/95 369/102/96
f 64/103/97 356/104/98 162/105/99
f 126/106/100 341/107/101 83/108/102
f 259/109/103 246/110/104 176/111/105
f 175/112/94 203/113/106 199/114/107
f 78/115/108 121/116/109 82/117/110
f 310/118/111 228/119/112 370/120/113
f 274/121/114 212/122/13 198/123/115
f 121/124/116 76/125/117 82/126/116
f 219/127/118 354/128/119 348/129/120
f 342/130/121 238/131/122 175/112/94
f 61/21/21 338/132/123 91/133/124
f 405/134/125 678/135/126 399/136/127
f 429/137/128 720/138/129 414/139/130
f 511/140/131 649/141/132 518/142/133
f 486/143/134 469/144/135 466/145/136
f 396/146/137 682/147/138 402/148/139
f 693/149/140 691/150/141 692/151/142
f 233/152/143 176/111/105 179/153/144
f 402/148/139 413/154/145 403/155/146
f 387/156/147 716/157/148 451/158/149
f 384/159/150 714/160/151 663/26/26
f 517/161/152 466/145/136 509/162/153
f 689/163/154 567/164/155 728/165/156
f 399/166/127 669/167/157 393/168/158
f 699/169/159 609/170/160 721/171/161
f 390/25/25 676/172/162 396/173/137
f 462/174/163 503/175/164 497/176/165
f 565/177/166 551/178/167 552/179/168
f 489/180/169 472/181/170 469/182/135
f 440/183/171 430/184/172 439/185/173
f 477/186/174 460/187/175 457/188/176
f 393/168/158 673/189/177 387/156/147
f 492/190/178 453/191/179 472/181/170
f 2/192/180 607/193/181 577/194/182
f 749/195/183 742/94/52 734/196/184
f 451/158/149 707/197/185 445/198/186
f 582/199/187 593/200/188 594/201/189
f 435/202/190 726/203/191 695/204/192
f 438/40/38 707/205/185 711/206/193
f 403/207/194 409/208/195 401/209/194
f 442/210/196 695/204/192 705/211/197
f 4/212/198 577/194/182 568/213/199
f 448/214/200 705/215/197 714/160/151
f 475/216/201 457/217/176 453/191/179
f 460/187/175 484/218/202 462/174/163
f 408/219/203 727/220/204 421/221/205
f 502/222/206 624/223/207 495/224/208
f 608/225/209 559/226/210 658/227/211
f 535/228/212 530/229/213 632/230/214
f 562/231/215 607/193/181 560/232/216
f 641/233/217 590/234/218 644/235/219
f 615/236/220 526/237/221 524/238/222
f 583/239/223 586/240/224 573/241/225
f 612/242/226 553/243/227 609/170/160
f 560/232/216 3/244/228 1/245/229
f 569/246/230 574/247/231 567/164/155
f 598/248/232 615/236/220 524/238/222
f 632/249/214 545/250/233 635/251/234
f 647/252/235 532/253/236 535/228/212
f 545/250/233 637/254/237 635/251/234
f 559/226/210 610/255/238 562/256/239
f 725/257/240 723/258/241 724/259/242
f 644/260/219 602/261/243 647/252/235
f 566/262/244 576/263/245 619/264/246
f 526/265/221 547/266/247 541/267/248
f 541/267/248 557/268/249 550/269/250
f 586/270/224 604/271/251 598/248/232
f 1/245/229 568/213/199 560/232/216
f 183/272/252 78/115/108 190/273/253
f 5/274/254 9/275/255 11/276/256
f 6/52/50 9/277/257 8/278/258
f 7/65/62 9/279/259 10/280/260
f 12/88/85 16/281/261 18/282/262
f 13/60/57 16/283/263 15/284/264
f 14/48/46 16/285/265 17/286/266
f 19/28/23 23/287/267 25/288/268
f 20/66/63 23/289/269 22/290/270
f 21/54/52 23/291/271 24/292/272
f 26/51/49 30/293/273 32/294/274
f 27/46/44 30/295/275 29/296/276
f 28/59/56 30/297/277 31/298/278
f 33/299/102 37/300/279 39/301/280
f 34/302/281 37/303/282 36/304/283
f 35/37/35 37/305/284 38/306/285
f 40/90/87 44/307/286 46/308/287
f 41/70/67 44/309/288 43/310/289
f 42/58/13 44/311/290 45/312/291
f 47/30/29 51/313/292 53/314/293
f 48/315/94 51/316/294 50/317/295
f 49/64/61 51/318/296 52/319/297
f 54/49/47 58/320/298 60/321/299
f 55/322/300 58/323/301 57/324/302
f 56/72/69 58/325/303 59/326/304
f 62/327/305 66/328/306 68/329/268
f 63/36/34 66/330/307 65/331/308
f 64/103/97 66/332/309 67/333/310
f 69/31/30 73/334/311 75/335/312
f 70/79/76 73/336/313 72/337/314
f 71/34/32 73/338/315 74/339/316
f 76/340/317 80/341/318 82/117/319
f 77/76/320 80/342/318 79/343/321
f 82/117/110 81/344/322 78/115/108
f 83/108/102 87/345/323 89/346/324
f 84/73/70 87/347/325 86/348/326
f 85/98/35 87/349/327 88/350/328
f 90/43/329 94/351/330 96/352/331
f 95/353/332 93/354/333 91/133/124
f 92/355/334 94/356/330 95/353/335
f 97/9/9 101/357/336 103/358/337
f 98/99/94 101/359/338 100/360/339
f 99/75/72 101/361/340 102/362/341
f 104/100/50 108/363/342 110/364/343
f 105/82/79 108/365/344 107/366/345
f 106/86/83 108/367/346 109/368/347
f 111/16/16 115/369/348 117/370/349
f 112/87/84 115/371/350 114/372/351
f 113/84/81 115/373/352 116/374/353
f 118/375/354 122/376/355 124/377/356
f 123/378/357 121/116/109 119/379/358
f 120/380/359 122/381/355 123/378/360
f 125/3/3 129/382/361 131/383/362
f 126/106/100 129/384/363 128/385/364
f 127/386/67 129/387/288 130/388/289
f 132/389/365 136/390/366 138/19/367
f 133/391/368 136/390/366 135/392/369
f 138/19/19 137/393/370 134/20/20
f 139/1/1 143/394/371 145/395/372
f 140/97/93 143/396/373 142/397/374
f 141/8/8 143/398/375 144/399/376
f 146/15/15 150/400/377 152/401/378
f 147/402/379 150/403/380 149/404/381
f 148/405/382 150/406/383 151/407/384
f 153/13/13 157/408/385 159/409/386
f 154/85/82 157/410/387 156/411/388
f 155/18/18 157/412/389 158/413/390
f 160/61/58 164/414/391 166/415/392
f 161/32/31 164/416/393 163/417/394
f 162/105/99 164/418/395 165/419/91
f 167/63/60 171/420/396 173/421/397
f 168/422/107 171/423/398 170/424/399
f 169/33/8 171/425/400 172/426/401
f 174/427/402 178/428/403 180/429/404
f 175/112/94 178/430/405 177/431/295
f 176/111/105 178/432/406 179/153/144
f 184/433/407 187/434/408 181/435/409
f 182/436/410 185/437/411 184/438/412
f 183/272/252 185/439/413 186/440/414
f 192/441/415 195/442/416 189/11/11
f 190/273/253 193/443/417 192/444/418
f 191/445/419 193/446/420 194/447/421
f 197/448/422 201/449/423 203/450/299
f 198/123/115 201/451/424 200/452/372
f 199/114/107 201/453/425 202/454/426
f 205/455/427 209/456/428 211/457/429
f 206/458/430 209/459/431 208/460/432
f 211/461/433 210/462/434 207/68/65
f 212/122/13 216/463/435 218/464/436
f 213/465/437 216/466/387 215/467/438
f 214/468/18 216/469/439 217/470/440
f 223/471/441 226/472/442 220/69/66
f 221/473/443 224/474/444 223/475/445
f 222/93/90 224/476/446 225/477/447
f 228/119/112 232/478/448 234/479/449
f 229/480/450 232/481/451 231/482/452
f 230/483/35 232/484/453 233/485/454
f 237/2/455 241/486/456 243/487/457
f 242/488/458 240/489/459 238/131/122
f 239/490/460 241/491/456 242/488/461
f 244/492/462 248/493/463 250/494/464
f 245/495/465 248/496/463 247/497/466
f 250/494/467 249/498/468 246/110/104
f 251/47/469 255/499/470 257/500/471
f 256/501/472 254/502/473 252/503/474
f 253/504/475 255/505/470 256/501/476
f 258/506/477 262/507/478 264/508/479
f 263/509/480 261/510/481 259/109/103
f 260/511/482 262/507/478 263/509/483
f 265/512/484 269/513/485 271/514/486
f 266/515/487 269/516/485 268/517/488
f 271/514/489 270/518/490 267/519/491
f 272/520/492 276/521/493 278/522/494
f 273/50/495 276/523/493 275/524/496
f 278/522/497 277/525/498 274/121/114
f 281/39/499 285/526/500 287/527/501
f 286/528/502 284/529/503 282/530/504
f 283/531/505 285/532/500 286/528/506
f 288/533/507 292/534/508 294/535/509
f 289/89/510 292/536/508 291/537/511
f 294/535/512 293/538/513 290/55/53
f 295/539/514 299/540/515 301/541/516
f 296/29/517 299/542/515 298/543/518
f 301/541/519 300/544/520 297/91/88
f 302/545/521 306/546/522 308/547/523
f 307/548/524 305/549/525 303/57/55
f 304/550/526 306/546/522 307/548/527
f 309/14/528 313/551/529 315/552/530
f 314/553/531 312/554/532 310/118/111
f 311/555/533 313/556/529 314/553/534
f 316/35/535 320/557/536 322/558/537
f 321/559/538 319/560/539 317/561/540
f 318/562/541 320/563/536 321/559/542
f 323/564/543 327/565/544 329/566/545
f 324/17/546 327/567/544 326/568/547
f 329/566/548 328/569/549 325/570/550
f 330/571/551 334/572/552 336/573/553
f 331/81/554 334/574/552 333/575/555
f 336/573/556 335/576/557 332/10/10
f 340/577/558 344/578/559 346/579/560
f 341/107/561 344/580/559 343/581/562
f 346/579/563 345/582/564 342/130/121
f 347/583/565 351/584/566 353/585/567
f 352/586/568 350/587/569 348/129/120
f 349/588/570 351/584/566 352/586/571
f 355/589/572 359/590/573 361/591/574
f 356/104/575 359/592/573 358/593/576
f 361/591/577 360/594/578 357/595/579
f 362/62/580 366/596/581 368/597/582
f 367/598/583 365/599/584 363/600/585
f 364/601/586 366/602/581 367/598/587
f 369/102/588 373/603/589 375/604/590
f 374/605/591 372/606/592 370/120/113
f 371/607/593 373/608/589 374/605/594
f 376/609/595 380/610/596 382/611/597
f 377/83/598 380/612/596 379/613/599
f 382/611/600 381/614/601 378/67/64
f 407/615/602 411/616/603 413/154/145
f 408/219/203 411/617/604 410/618/605
f 413/619/606 412/620/607 409/208/195
f 414/139/130 418/621/608 420/622/609
f 415/623/610 418/624/611 417/625/612
f 420/626/613 419/627/614 416/628/615
f 421/221/205 425/629/616 427/630/617
f 422/631/618 425/632/619 424/633/620
f 427/634/621 426/635/622 423/636/623
f 428/42/40 432/637/624 434/638/625
f 429/137/128 432/639/626 431/640/627
f 434/641/628 433/642/629 430/184/172
f 495/224/208 499/643/630 501/644/631
f 496/645/632 499/646/633 498/647/634
f 497/176/165 499/648/635 500/649/636
f 502/222/206 506/650/637 508/651/638
f 503/175/164 506/652/639 505/653/640
f 504/654/641 506/655/642 507/656/643
f 509/162/153 513/657/644 515/658/645
f 510/659/646 513/660/647 512/661/648
f 511/140/131 513/662/649 514/663/650
f 516/664/651 520/665/652 522/666/653
f 517/161/152 520/667/654 519/668/655
f 518/142/133 520/669/656 521/670/657
f 559/226/210 563/671/658 565/672/659
f 560/232/216 563/673/660 562/231/215
f 561/674/661 563/673/662 564/675/663
f 566/262/244 570/676/664 572/677/665
f 567/164/666 570/678/667 569/246/668
f 568/213/199 570/679/669 571/680/670
f 576/263/245 580/681/671 582/682/672
f 577/683/182 580/681/673 579/684/674
f 578/685/675 580/686/676 581/687/677
f 607/193/181 611/688/678 613/689/679
f 608/225/209 611/690/680 610/255/238
f 609/170/681 611/691/682 612/242/683
f 617/692/684 621/693/685 623/694/686
f 618/695/687 621/696/685 620/697/688
f 623/698/689 622/699/690 619/264/246
f 624/223/691 628/700/692 630/701/693
f 629/702/694 627/703/695 625/704/696
f 626/705/697 628/706/692 629/702/698
f 649/141/699 653/707/700 655/708/701
f 654/709/702 652/710/703 650/711/704
f 651/712/705 653/707/700 654/713/706
f 656/714/707 660/715/708 662/716/709
f 657/717/710 660/718/708 659/719/711
f 662/716/712 661/720/713 658/227/211
f 687/721/714 691/150/715 693/149/716
f 688/722/717 691/723/715 690/724/718
f 703/725/719 701/726/720 702/727/721
f 697/728/722 701/726/723 703/725/724
f 698/41/39 701/729/723 700/730/725
f 719/731/726 723/258/727 725/257/728
f 720/138/729 723/732/727 722/733/730
f 527/734/731 666/735/732 664/736/733
f 726/737/734 730/738/735 732/739/736
f 727/220/737 730/740/735 729/741/738
f 474/742/739 646/743/740 536/744/741
f 733/745/742 737/746/743 739/747/744
f 734/196/184 737/748/745 736/749/746
f 735/750/747 737/751/748 738/752/749
f 740/23/23 744/753/750 746/24/24
f 741/77/74 744/754/751 743/755/752
f 742/94/52 744/756/753 745/757/754
f 747/758/755 751/759/756 753/760/757
f 748/5/5 751/761/758 750/762/759
f 749/195/183 751/763/265 752/764/760
f 754/765/761 758/766/762 760/767/763
f 755/768/764 758/769/765 757/95/91
f 756/770/56 758/771/766 759/772/767
f 5/274/254 36/773/768 33/299/102
f 11/774/769 34/302/281 36/304/283
f 13/60/57 46/775/770 42/58/13
f 15/776/771 40/90/87 46/308/287
f 20/66/63 53/777/772 49/64/61
f 22/778/773 47/30/29 53/314/293
f 26/51/49 57/779/774 54/49/47
f 32/780/775 55/322/300 57/324/302
f 13/60/57 31/298/278 17/781/776
f 31/782/777 14/48/46 17/286/266
f 7/65/62 24/783/778 20/66/63
f 10/784/779 21/54/52 24/292/272
f 272/785/780 29/296/276 275/786/781
f 29/787/782 273/50/48 275/524/783
f 266/515/784 145/788/785 141/8/8
f 145/395/372 265/789/786 139/1/1
f 56/72/69 45/790/787 41/70/67
f 59/791/788 42/58/13 45/312/291
f 237/2/2 128/792/789 125/3/3
f 128/385/364 239/793/790 126/106/100
f 35/37/35 52/794/791 48/315/94
f 52/319/297 34/302/281 49/64/61
f 251/47/45 18/795/792 14/48/46
f 18/282/262 253/796/793 12/88/85
f 311/101/95 149/404/381 315/797/794
f 149/798/795 309/14/14 315/552/796
f 324/17/17 159/799/787 155/18/18
f 326/800/797 153/13/13 159/409/386
f 405/134/125 719/801/726 684/802/798
f 357/595/579 317/561/540 174/427/402
f 141/8/8 100/803/799 97/9/9
f 118/375/800 733/745/742 76/125/117
f 130/804/801 83/108/102 89/346/324
f 753/805/802 734/196/184 736/749/746
f 364/80/77 170/424/399 368/806/803
f 170/807/804 362/62/59 368/597/805
f 356/104/98 166/808/806 162/105/99
f 166/415/392 355/809/807 160/61/58
f 62/327/305 165/810/808 161/32/31
f 165/419/91 64/103/97 162/105/99
f 70/79/76 172/811/809 168/422/107
f 72/812/810 169/33/8 172/426/401
f 33/299/102 287/813/811 283/814/812
f 39/815/813 281/39/37 287/527/814
f 296/29/28 50/816/815 47/30/29
f 298/817/816 48/315/94 50/317/295
f 318/818/817 67/333/310 322/819/818
f 67/820/819 316/35/33 322/558/820
f 331/81/78 74/821/791 70/79/76
f 74/339/316 330/822/821 71/34/32
f 111/16/16 379/823/822 376/824/823
f 379/613/824 113/84/81 377/83/80
f 77/76/73 95/825/825 81/826/820
f 95/353/332 78/115/108 81/344/322
f 369/102/96 107/827/779 104/100/50
f 375/828/825 105/82/79 107/366/345
f 98/99/94 88/350/328 102/829/826
f 102/362/341 84/73/70 99/75/72
f 106/86/83 116/830/827 112/87/84
f 109/831/828 113/84/81 116/374/353
f 63/36/34 75/832/829 71/34/32
f 65/833/830 69/31/30 75/335/312
f 260/834/831 25/288/268 264/835/832
f 25/836/833 258/53/51 264/837/781
f 106/86/83 151/407/384 110/838/834
f 151/839/835 104/100/50 110/364/343
f 111/16/16 158/413/390 114/840/836
f 158/841/837 112/87/84 114/372/351
f 5/274/254 247/497/116 8/842/838
f 8/278/258 244/843/839 6/52/50
f 161/32/31 173/844/840 169/33/8
f 163/845/841 167/63/60 173/421/397
f 146/15/15 156/846/842 153/13/13
f 152/847/843 154/85/82 156/411/388
f 304/848/844 60/321/299 308/849/845
f 60/850/846 302/71/68 308/851/847
f 139/1/1 131/383/362 142/852/848
f 131/853/849 140/97/93 142/397/374
f 289/89/86 43/854/850 40/90/87
f 43/310/289 288/855/851 41/70/67
f 134/20/20 123/378/357 119/379/358
f 123/856/852 133/4/4 120/6/6
f 349/7/7 103/358/337 353/857/853
f 103/858/854 347/74/71 353/859/855
f 341/107/101 86/860/856 83/108/102
f 86/348/326 340/861/857 84/73/70
f 182/436/410 180/862/858 176/111/105
f 183/272/252 192/444/418 187/863/859
f 688/722/717 683/864/860 692/865/861
f 200/452/372 191/445/419 198/123/115
f 352/586/568 354/128/119 270/518/490
f 190/273/253 208/460/432 194/866/862
f 211/461/433 207/68/65 279/867/863
f 202/868/864 212/122/13 218/464/436
f 196/12/12 189/11/11 195/442/416
s 0
f 688/869/865 690/870/865 687/871/865
s 1
f 223/471/441 207/68/65 210/462/434
f 226/872/866 222/93/90 280/92/89
f 212/122/13 211/457/429 215/873/867
f 230/483/35 179/874/826 175/112/94
f 696/875/868 726/203/734 732/876/736
f 199/114/107 218/877/849 214/468/18
f 559/226/210 552/878/869 550/269/250
f 204/56/54 236/879/870 194/447/421
f 221/473/443 186/440/414 225/880/871
f 186/881/872 182/436/410 235/882/873
f 231/883/856 228/119/112 227/884/874
f 246/110/104 286/528/502 282/530/504
f 249/885/875 283/814/812 286/886/876
f 289/89/86 256/887/877 293/888/878
f 256/501/472 290/55/53 293/538/513
f 260/834/831 300/889/879 296/29/28
f 263/509/480 297/91/88 300/544/520
f 303/57/55 277/525/498 307/548/524
f 277/890/880 304/848/844 307/891/881
f 272/785/780 254/892/882 251/47/45
f 254/502/473 274/121/114 252/503/474
f 244/843/839 261/893/883 258/53/51
f 261/510/481 246/110/104 259/109/103
f 100/360/339 140/97/93 98/99/94
f 337/894/118 219/127/118 217/470/440
f 727/220/884 693/895/885 731/896/884
f 303/57/55 294/535/512 290/55/53
f 294/897/886 302/71/68 288/855/851
f 297/91/88 284/529/503 301/541/519
f 301/898/822 281/39/37 295/38/36
f 127/386/67 89/899/887 85/98/35
f 270/900/888 349/7/7 352/901/889
f 341/107/101 242/902/890 345/903/811
f 242/488/458 342/130/121 345/582/564
f 356/104/98 321/904/891 360/905/781
f 360/594/578 317/561/540 357/595/579
f 363/600/585 335/576/557 367/598/583
f 335/906/847 364/80/77 367/907/816
f 177/908/892 197/448/422 203/450/299
f 338/132/123 339/909/893 210/910/894
f 712/911/895 698/41/39 711/206/193
f 340/861/857 350/912/824 347/74/71
f 346/579/563 348/129/120 350/587/569
f 371/913/896 381/914/897 377/83/80
f 374/605/591 378/67/64 381/614/601
f 317/561/540 336/573/556 332/10/10
f 319/915/855 330/822/821 336/916/898
f 369/102/96 314/917/899 372/918/900
f 314/553/531 370/120/113 372/606/592
f 378/67/64 328/569/549 382/611/600
f 328/919/901 376/824/823 382/920/814
f 192/441/415 189/11/11 188/921/902
f 355/809/807 365/922/903 362/62/59
f 361/591/577 363/600/585 365/599/584
f 325/570/550 312/554/532 329/566/548
f 312/923/904 323/924/905 329/925/906
f 238/131/122 271/514/489 267/519/491
f 271/926/907 237/2/2 265/789/786
f 656/927/908 508/651/638 659/928/909
f 659/719/910 504/654/641 657/717/911
f 472/181/170 455/929/912 473/930/913
f 473/931/914 454/932/915 471/933/916
f 469/182/135 473/930/913 470/934/917
f 470/935/918 471/933/916 468/936/919
f 466/145/136 470/937/917 467/938/920
f 467/939/921 468/936/919 465/940/922
f 466/145/136 512/941/923 509/162/153
f 467/939/921 510/659/646 512/661/648
f 624/223/207 498/942/924 495/224/208
f 630/943/925 496/645/632 498/647/634
f 462/174/163 461/944/926 460/187/175
f 464/945/927 459/946/928 461/947/929
f 457/188/176 461/944/926 458/948/930
f 458/949/931 459/946/928 456/950/932
f 453/191/179 458/951/930 455/929/912
f 455/952/933 456/950/932 454/932/915
f 493/953/934 476/954/935 494/955/936
f 494/956/937 475/216/201 492/190/178
f 490/957/938 494/955/936 491/958/939
f 491/959/940 492/190/178 489/180/169
f 487/960/941 491/958/939 488/961/942
f 488/962/943 489/963/169 486/143/134
f 516/664/651 488/961/942 519/964/944
f 519/668/655 486/143/134 517/161/152
f 483/965/945 482/966/946 481/967/947
f 485/968/948 480/969/949 482/970/950
f 478/971/951 482/966/946 479/972/952
f 479/973/953 480/969/949 477/186/174
f 474/742/739 479/972/952 476/954/935
f 476/974/954 477/975/174 475/216/201
f 462/174/163 500/649/636 464/976/955
f 464/945/927 496/645/632 463/977/956
f 504/654/641 485/978/957 483/965/945
f 507/979/958 484/218/202 485/968/948
f 495/224/208 505/980/959 502/222/206
f 501/981/960 503/175/164 505/653/640
f 618/695/961 514/982/962 510/659/646
f 620/983/963 511/140/131 514/663/650
f 509/162/153 521/984/964 517/161/152
f 515/985/965 518/142/133 521/670/657
f 384/159/150 391/986/966 385/987/967
f 391/988/968 383/989/969 385/990/969
f 393/168/158 388/991/970 394/992/971
f 394/993/972 386/994/973 392/995/974
f 390/25/25 397/996/975 391/986/966
f 391/988/968 395/997/976 389/998/968
f 393/168/158 400/999/977 399/166/127
f 400/1000/978 392/995/974 398/1001/979
f 396/146/137 403/155/146 397/1002/975
f 397/1003/976 401/209/194 395/997/976
f 399/136/127 406/1004/980 405/134/125
f 406/1005/981 398/1001/979 404/1006/982
f 405/134/125 419/1007/983 415/623/610
f 406/1005/981 416/628/615 419/627/614
f 438/40/38 434/638/625 440/1008/984
f 686/1009/985 719/801/726 725/1010/728
f 435/202/190 426/1011/986 422/631/618
f 437/1012/987 423/636/623 426/635/622
f 435/202/190 443/1013/988 437/1014/989
f 437/1012/987 441/1015/990 436/1016/987
f 445/198/186 440/1017/984 446/1018/991
f 446/1019/992 439/185/173 444/1020/993
f 442/1021/196 449/1022/994 443/1023/988
f 443/1024/990 447/1025/995 441/1015/990
f 451/158/149 446/1018/991 452/1026/996
f 452/1027/997 444/1020/993 450/1028/998
f 448/214/200 385/987/967 449/1022/994
f 449/1029/995 383/989/969 447/1025/995
f 387/156/147 452/1026/996 388/991/970
f 388/1030/999 450/1028/998 386/994/973
f 430/184/172 420/626/613 416/628/615
f 420/622/609 429/137/128 414/139/130
f 423/636/623 412/620/607 427/634/621
f 427/630/617 408/219/203 421/221/205
f 429/137/128 700/1031/1000 697/1032/1001
f 700/730/1002 428/42/40 698/41/39
f 518/142/133 655/708/1003 522/1033/1004
f 522/666/653 651/1034/1005 516/664/651
f 727/220/204 424/1035/1006 421/221/205
f 424/633/620 726/203/191 422/631/618
f 408/219/203 690/1036/1007 687/1037/1008
f 690/724/1009 407/615/602 688/722/1010
f 414/139/130 722/733/1011 417/1038/1012
f 722/1039/1013 415/623/610 417/625/612
f 524/238/222 528/1040/1014 525/1041/1015
f 528/1042/1016 523/1043/1017 525/1044/1018
f 532/253/236 531/1045/1019 530/229/213
f 534/1046/1020 529/1047/1021 531/1048/1022
f 541/267/248 528/1049/1014 526/265/221
f 543/1050/1023 527/734/731 528/1042/1016
f 530/1051/213 546/1052/1024 545/250/233
f 531/1048/1022 544/1053/1025 546/1054/1026
f 541/267/248 552/878/869 543/1055/1027
f 543/1050/1023 551/178/167 542/1056/1028
f 554/1057/1029 546/1052/1024 555/1058/1030
f 555/1059/1031 544/1053/1025 553/243/227
f 566/262/244 579/684/1032 576/263/245
f 576/263/245 594/1060/1033 592/1061/1034
f 1/245/229 2/192/180 4/212/198
f 672/1062/1035 533/1063/1036 717/1064/1037
f 586/240/224 575/1065/1038 573/241/225
f 575/1066/1039 587/1067/1040 574/247/231
f 592/1061/1034 591/1068/1041 590/234/218
f 594/201/189 589/1069/1042 591/1070/1043
f 598/248/232 588/1071/1044 586/270/224
f 588/1072/1045 599/1073/1046 587/1067/1040
f 590/1074/218 603/1075/1047 602/261/243
f 591/1070/1043 601/1076/1048 603/1077/1049
f 598/248/232 525/1041/1015 600/1078/1050
f 600/1079/1051 523/1043/1017 599/1073/1046
f 602/261/243 534/1080/1052 532/253/236
f 603/1077/1049 533/1063/1036 534/1046/1020
f 609/1081/1053 581/1082/677 613/689/679
f 613/689/679 577/194/182 607/193/181
f 561/674/1054 571/680/670 567/1083/666
f 571/680/670 560/232/216 568/213/199
f 605/1084/1055 616/1085/1056 606/1086/1057
f 606/1087/1058 615/236/220 604/271/251
f 605/1084/1055 597/1088/1059 596/1089/1060
f 597/1090/1061 604/271/251 595/1091/1062
f 596/1089/1060 585/1092/1063 584/1093/1064
f 597/1094/1061 583/239/223 585/1095/1065
f 618/695/961 585/1092/1063 622/1096/1066
f 622/699/690 583/239/223 619/264/246
f 556/1097/1067 549/1098/1068 548/1099/1069
f 558/1100/1070 547/266/247 549/1101/1071
f 548/1099/1069 540/1102/1072 539/1103/1073
f 540/1104/1074 547/266/247 538/1105/1075
f 539/1103/1073 616/1085/1056 614/1106/1076
f 616/1107/1077 538/1108/1075 615/236/220
f 568/1109/199 579/684/674 572/677/1078
f 732/739/1079 730/738/1080 731/1110/1081
f 535/228/212 648/1111/1082 647/252/235
f 537/1112/1083 646/743/740 648/1113/1084
f 647/252/235 645/1114/1085 644/260/219
f 648/1113/1084 643/1115/1086 645/1116/1087
f 644/235/219 642/1117/1088 641/233/217
f 645/1116/1087 640/1118/1089 642/1119/1090
f 641/233/217 654/709/702 650/711/704
f 642/1119/1090 651/1034/1005 654/1120/1091
f 635/251/234 639/1121/1092 636/1122/1093
f 636/1123/1094 638/1124/1095 634/1125/1096
f 635/251/234 633/1126/1097 632/249/214
f 636/1123/1094 631/1127/1098 633/1128/1099
f 632/230/214 537/1129/1100 535/228/212
f 633/1128/1099 536/744/741 537/1112/1083
f 626/1130/1101 558/1131/1102 556/1097/1067
f 629/702/694 557/268/249 558/1100/1070
f 637/254/237 661/720/713 639/1121/1092
f 639/1132/1103 657/717/911 638/1124/1095
f 625/704/696 662/716/712 658/227/211
f 627/1133/1104 656/927/908 662/1134/1105
f 617/692/1106 652/1135/1107 649/141/132
f 623/694/689 650/1136/704 652/1135/703
f 666/735/732 665/1137/1108 664/736/733
f 668/1138/1109 663/26/1110 665/1139/1110
f 670/1140/1111 674/1141/1112 671/1142/1113
f 671/1143/1114 673/189/177 669/167/157
f 675/1144/1115 668/1145/1116 666/735/732
f 668/1138/1109 676/172/1117 667/27/1118
f 679/1146/1119 671/1142/1113 680/1147/1120
f 680/1148/1121 669/167/157 678/1149/126
f 614/1106/1076 605/1084/1055 454/932/915
f 677/1150/1117 682/147/1122 676/1151/1117
f 679/1146/1119 686/1152/1123 685/1153/1124
f 680/1154/1121 684/802/798 686/1009/985
f 566/262/244 575/1065/1038 569/1155/1125
f 608/225/209 555/1058/1030 612/1156/1126
f 683/1157/1127 675/1144/1115 681/1158/1128
f 704/1159/1129 696/1160/1130 694/1161/1131
f 706/1162/1132 695/204/1133 696/875/868
f 708/1163/1134 712/1164/1135 709/1165/1136
f 709/1166/1137 711/1167/193 707/197/185
f 713/1168/1138 706/1169/1139 704/1159/1129
f 715/1170/1140 705/215/1141 706/1171/1132
f 717/1064/1037 709/1165/1136 718/1172/1142
f 718/1173/1143 707/197/185 716/157/148
f 713/1168/1138 665/1137/1108 715/1174/1144
f 665/1139/1110 714/160/1145 715/1170/1140
f 672/1062/1035 718/1172/1142 674/1141/1112
f 674/1175/1146 716/157/148 673/189/177
f 697/1032/1001 724/1176/1147 720/138/129
f 703/725/1148 721/171/1149 724/259/1150
f 217/1177/1151 228/119/112 234/479/449
f 731/1110/1152 689/163/1153 728/165/1152
f 90/43/41 754/765/761 132/1178/1154
f 733/745/742 753/760/757 736/1179/1155
f 402/148/139 688/722/1010 407/615/602
f 734/196/184 745/757/754 738/1180/1156
f 745/1181/778 735/750/747 738/752/749
f 756/770/56 752/1182/1157 748/5/5
f 752/764/760 755/768/764 749/195/183
f 133/4/4 760/1183/1158 756/770/56
f 760/767/763 132/1178/1154 754/765/761
f 92/78/75 743/755/752 96/1184/855
f 743/1185/1159 90/43/41 96/352/879
f 733/745/742 79/1186/1160 76/125/117
f 739/1187/1161 77/76/73 79/343/1162
f 120/6/6 750/762/759 124/1188/904
f 750/1189/1163 118/375/800 124/377/877
f 33/299/102 245/495/1164 5/274/254
f 184/433/407 174/427/402 180/429/404
f 444/1020/993 439/185/173 430/184/172
f 139/1/1 265/789/786 237/2/2
f 133/4/4 756/770/56 748/5/5
f 349/7/7 266/515/784 141/8/8
f 196/12/12 317/561/540 332/10/10
f 332/10/10 188/921/902 189/11/11
f 153/13/13 323/924/905 309/14/14
f 111/16/16 376/824/823 324/17/17
f 91/133/124 93/354/333 61/21/21
f 93/354/333 138/19/19 61/21/21
f 757/22/22 754/765/761 740/23/23
f 390/25/25 384/159/150 663/26/26
f 19/28/23 260/834/831 296/29/28
f 69/31/30 62/327/305 161/32/31
f 71/34/32 330/822/821 316/35/33
f 35/37/35 48/315/94 295/38/36
f 438/40/38 711/206/193 698/41/39
f 90/43/41 132/1178/1154 138/44/42
f 27/46/44 272/785/780 251/47/45
f 54/49/47 304/848/844 273/50/48
f 6/52/50 244/843/839 258/53/51
f 290/55/53 236/879/870 204/56/54
f 42/58/13 55/322/300 28/59/56
f 160/61/58 355/809/807 362/62/59
f 49/64/61 34/302/281 7/65/62
f 227/884/874 310/118/111 325/570/550
f 378/67/64 279/867/863 207/68/65
f 220/69/66 227/884/874 325/570/550
f 325/570/550 378/67/64 220/69/66
f 41/70/67 288/855/851 302/71/68
f 84/73/70 340/861/857 347/74/71
f 77/76/73 735/750/747 741/77/74
f 70/79/76 168/422/107 364/80/77
f 105/82/79 371/913/896 377/83/80
f 154/85/82 148/405/382 106/86/83
f 12/88/85 253/796/793 289/89/86
f 222/93/90 235/882/873 297/91/88
f 235/882/873 282/530/504 297/91/88
f 742/94/52 755/768/764 757/95/91
f 140/97/93 127/386/67 85/98/35
f 104/100/50 147/402/379 311/101/95
f 64/103/97 318/818/817 356/104/98
f 126/106/100 239/793/790 341/107/101
f 282/530/504 235/882/873 182/436/410
f 229/480/450 280/92/89 259/109/103
f 280/92/89 297/91/88 259/109/103
f 282/530/504 182/436/410 246/110/104
f 182/436/410 176/111/105 246/110/104
f 229/480/450 259/109/103 176/111/105
f 175/112/94 177/431/295 203/113/106
f 78/115/108 119/379/358 121/116/109
f 213/465/437 279/867/863 370/120/113
f 279/867/863 378/67/64 370/120/113
f 227/884/874 228/119/112 310/118/111
f 228/119/112 213/465/437 370/120/113
f 303/57/55 204/56/54 205/455/427
f 198/123/115 191/445/419 252/503/474
f 191/445/419 236/879/870 290/55/53
f 191/445/419 290/55/53 252/503/474
f 303/57/55 205/455/427 274/121/114
f 205/455/427 212/122/13 274/121/114
f 252/503/474 274/121/114 198/123/115
f 121/124/116 118/375/800 76/125/117
f 219/127/118 337/894/118 354/128/119
f 199/114/107 214/468/18 348/129/120
f 214/468/18 219/127/118 348/129/120
f 354/128/119 337/894/118 267/519/491
f 337/894/118 230/483/35 267/519/491
f 199/114/107 348/129/120 342/130/121
f 238/131/122 267/519/491 175/112/94
f 267/519/491 230/483/35 175/112/94
f 199/114/107 342/130/121 175/112/94
f 61/21/21 339/909/893 338/132/123
f 405/134/125 684/802/798 678/135/126
f 429/137/128 697/1032/1001 720/138/129
f 511/140/131 617/692/1106 649/141/132
f 486/143/134 489/963/169 469/144/135
f 396/146/137 676/1151/162 682/147/138
f 683/1157/1127 681/1158/1128 692/151/142
f 681/1158/1128 689/163/154 692/151/142
f 689/163/154 693/149/140 692/151/142
f 233/152/143 229/480/450 176/111/105
f 402/148/139 407/615/602 413/154/145
f 387/156/147 673/189/177 716/157/148
f 384/159/150 448/214/200 714/160/151
f 517/161/152 486/143/134 466/145/136
f 689/163/154 561/1190/1165 567/164/155
f 399/166/127 678/1149/126 669/167/157
f 699/169/159 578/685/1166 609/170/160
f 390/25/25 667/27/27 676/172/162
f 462/174/163 484/218/202 503/175/164
f 565/177/166 561/1190/1165 551/178/167
f 489/180/169 492/190/178 472/181/170
f 440/183/171 434/641/628 430/184/172
f 477/186/174 480/969/949 460/187/175
f 393/168/158 669/167/157 673/189/177
f 492/190/178 475/216/201 453/191/179
f 2/192/180 3/244/228 607/193/181
f 749/195/183 755/768/764 742/94/52
f 451/158/149 716/157/148 707/197/185
f 582/199/187 578/685/1166 593/200/188
f 435/202/190 422/631/618 726/203/191
f 438/40/38 445/1191/186 707/205/185
f 403/207/194 413/619/606 409/208/195
f 442/210/196 435/202/190 695/204/192
f 4/212/198 2/192/180 577/194/182
f 448/214/200 442/1021/196 705/215/197
f 475/216/201 477/975/174 457/217/176
f 460/187/175 480/969/949 484/218/202
f 408/219/203 687/1037/1008 727/220/204
f 502/222/206 656/927/908 624/223/207
f 637/254/237 554/1057/1029 658/227/211
f 554/1057/1029 608/225/209 658/227/211
f 559/226/210 550/269/250 625/704/696
f 550/269/250 557/268/249 625/704/696
f 559/226/210 625/704/696 658/227/211
f 535/228/212 532/253/236 530/229/213
f 562/231/215 610/1192/1167 607/193/181
f 641/233/217 592/1061/1034 590/234/218
f 615/236/220 538/1108/1075 526/237/221
f 583/239/223 595/1193/1062 586/240/224
f 612/242/226 555/1059/1031 553/243/227
f 560/232/216 607/193/181 3/244/228
f 569/246/230 575/1066/1039 574/247/231
f 598/248/232 604/271/251 615/236/220
f 632/249/214 530/1051/213 545/250/233
f 647/252/235 602/261/243 532/253/236
f 545/250/233 554/1057/1029 637/254/237
f 559/226/210 608/225/209 610/255/238
f 724/259/242 721/171/161 725/257/240
f 721/171/161 685/1153/1124 725/257/240
f 685/1153/1124 686/1152/1123 725/257/240
f 644/260/219 590/1074/218 602/261/243
f 576/263/245 592/1061/1034 650/711/704
f 592/1061/1034 641/233/217 650/711/704
f 583/239/223 573/241/225 619/264/246
f 573/241/225 566/262/244 619/264/246
f 576/263/245 650/711/704 619/264/246
f 526/265/221 538/1105/1075 547/266/247
f 541/267/248 547/266/247 557/268/249
f 586/270/224 595/1091/1062 604/271/251
f 1/245/229 4/212/198 568/213/199
f 221/473/443 339/909/893 134/20/20
f 339/909/893 61/21/21 134/20/20
f 338/132/123 206/458/430 91/133/124
f 206/458/430 190/273/253 91/133/124
f 183/272/252 221/473/443 134/20/20
f 183/272/252 134/20/20 119/379/358
f 78/115/108 91/133/124 190/273/253
f 183/272/252 119/379/358 78/115/108
f 5/274/254 8/842/838 9/275/255
f 6/52/50 10/784/779 9/277/257
f 7/65/62 11/774/769 9/279/259
f 12/88/85 15/776/771 16/281/261
f 13/60/57 17/781/776 16/283/263
f 14/48/46 18/795/792 16/285/265
f 19/28/23 22/778/773 23/287/267
f 20/66/63 24/783/778 23/289/269
f 21/54/52 25/836/833 23/291/271
f 26/51/49 29/787/782 30/293/273
f 27/46/44 31/782/777 30/295/275
f 28/59/56 32/780/775 30/297/277
f 33/299/102 36/773/768 37/300/279
f 34/302/281 38/1194/1168 37/303/282
f 35/37/35 39/815/813 37/305/284
f 40/90/87 43/854/850 44/307/286
f 41/70/67 45/790/787 44/309/288
f 42/58/13 46/775/770 44/311/290
f 47/30/29 50/816/815 51/313/292
f 48/315/94 52/794/791 51/316/294
f 49/64/61 53/777/772 51/318/296
f 54/49/47 57/779/774 58/320/298
f 55/322/300 59/791/788 58/323/301
f 56/72/69 60/850/846 58/325/303
f 62/327/305 65/833/830 66/328/306
f 63/36/34 67/820/819 66/330/307
f 64/103/97 68/1195/1169 66/332/309
f 69/31/30 72/812/810 73/334/311
f 70/79/76 74/821/791 73/336/313
f 71/34/32 75/832/829 73/338/315
f 76/125/317 79/1186/321 80/1196/318
f 77/1197/320 81/344/1170 80/341/318
f 82/117/110 80/341/1171 81/344/322
f 83/108/102 86/860/856 87/345/323
f 84/73/70 88/1198/1172 87/347/325
f 85/98/35 89/899/887 87/349/327
f 90/1199/329 93/354/1173 94/356/330
f 95/353/332 94/356/1174 93/354/333
f 92/78/334 96/1184/331 94/1200/330
f 97/9/9 100/803/799 101/357/336
f 98/99/94 102/829/826 101/359/338
f 99/75/72 103/858/854 101/361/340
f 104/100/50 107/827/779 108/363/342
f 105/82/79 109/831/828 108/365/344
f 106/86/83 110/838/834 108/367/346
f 111/16/16 114/840/836 115/369/348
f 112/87/84 116/830/827 115/371/350
f 113/84/81 117/1201/1175 115/373/352
f 118/1202/354 121/116/1176 122/381/355
f 123/378/357 122/381/1177 121/116/109
f 120/380/359 124/1203/356 122/381/355
f 125/3/3 128/792/789 129/382/361
f 126/106/100 130/804/801 129/384/363
f 127/386/67 131/853/849 129/387/288
f 132/1178/365 135/1204/369 136/1205/366
f 133/391/368 137/393/1178 136/390/366
f 138/19/19 136/390/1179 137/393/370
f 139/1/1 142/852/848 143/394/371
f 140/97/93 144/1206/809 143/396/373
f 141/8/8 145/788/785 143/398/375
f 146/15/15 149/798/795 150/400/377
f 147/402/379 151/839/835 150/403/380
f 148/405/382 152/847/843 150/406/383
f 153/13/13 156/846/842 157/408/385
f 154/85/82 158/841/837 157/410/387
f 155/18/18 159/799/787 157/412/389
f 160/61/58 163/845/841 164/414/391
f 161/32/31 165/810/808 164/416/393
f 162/105/99 166/808/806 164/418/395
f 167/63/60 170/807/804 171/420/396
f 168/422/107 172/811/809 171/423/398
f 169/33/8 173/844/840 171/425/400
f 174/427/402 177/908/892 178/428/403
f 175/112/94 179/874/826 178/430/405
f 176/111/105 180/862/858 178/432/406
f 184/433/407 185/1207/1180 187/434/408
f 182/436/410 186/881/872 185/437/411
f 183/272/252 187/863/859 185/439/413
f 192/441/415 193/1208/1181 195/442/416
f 190/273/253 194/866/862 193/443/417
f 191/445/419 195/1209/1182 193/446/420
f 197/448/422 200/1210/1183 201/449/423
f 198/123/115 202/868/864 201/451/424
f 199/114/107 203/113/106 201/453/425
f 205/455/427 208/1211/1184 209/456/428
f 206/458/430 210/910/894 209/459/431
f 211/461/433 209/1212/1185 210/462/434
f 212/122/13 215/873/867 216/463/435
f 213/465/437 217/1177/1151 216/466/387
f 214/468/18 218/877/849 216/469/439
f 223/471/441 224/1213/1186 226/472/442
f 221/473/443 225/880/871 224/474/444
f 222/93/90 226/872/866 224/476/446
f 228/119/112 231/883/856 232/478/448
f 229/480/450 233/152/143 232/481/451
f 230/483/35 234/1214/1187 232/484/453
f 237/1215/455 240/489/1188 241/491/456
f 242/488/458 241/491/1189 240/489/459
f 239/793/460 243/1216/457 241/1217/456
f 244/492/462 247/1218/466 248/493/463
f 245/1219/465 249/498/1190 248/493/463
f 250/494/467 248/493/1191 249/498/468
f 251/1220/469 254/502/1192 255/505/470
f 256/501/472 255/505/1193 254/502/473
f 253/796/475 257/1221/471 255/1222/470
f 258/506/477 261/510/1194 262/507/478
f 263/509/480 262/507/1195 261/510/481
f 260/834/482 264/835/479 262/1223/478
f 265/789/484 268/1224/488 269/1225/485
f 266/1226/487 270/518/1196 269/513/485
f 271/514/489 269/513/1197 270/518/490
f 272/785/492 275/786/496 276/1227/493
f 273/1228/495 277/525/1198 276/521/493
f 278/522/497 276/521/1199 277/525/498
f 281/1229/499 284/529/1200 285/532/500
f 286/528/502 285/532/1201 284/529/503
f 283/814/505 287/813/501 285/1230/500
f 288/533/507 291/1231/511 292/534/508
f 289/1232/510 293/538/1202 292/534/508
f 294/535/512 292/534/1203 293/538/513
f 295/38/514 298/817/518 299/1233/515
f 296/1234/517 300/544/1204 299/540/515
f 301/541/519 299/540/1205 300/544/520
f 302/545/521 305/549/1206 306/546/522
f 307/548/524 306/546/1207 305/549/525
f 304/848/526 308/849/523 306/1235/522
f 309/1236/528 312/554/1208 313/556/529
f 314/553/531 313/556/1209 312/554/532
f 311/101/533 315/797/530 313/1237/529
f 316/1238/535 319/560/1210 320/563/536
f 321/559/538 320/563/1211 319/560/539
f 318/818/541 322/819/537 320/1239/536
f 323/924/543 326/800/547 327/1240/544
f 324/1241/546 328/569/1212 327/565/544
f 329/566/548 327/565/1213 328/569/549
f 330/822/551 333/1242/555 334/1243/552
f 331/1244/554 335/576/1214 334/572/552
f 336/573/556 334/572/1215 335/576/557
f 340/577/558 343/1245/562 344/578/559
f 341/1246/561 345/582/1216 344/578/559
f 346/579/563 344/578/1217 345/582/564
f 347/583/565 350/587/1218 351/584/566
f 352/586/568 351/584/1219 350/587/569
f 349/7/570 353/857/567 351/1247/566
f 355/809/572 358/1248/576 359/1249/573
f 356/1250/575 360/594/1220 359/590/573
f 361/591/577 359/590/1221 360/594/578
f 362/1251/580 365/599/1222 366/602/581
f 367/598/583 366/602/1223 365/599/584
f 364/80/586 368/806/582 366/1252/581
f 369/1253/588 372/606/1224 373/608/589
f 374/605/591 373/608/1225 372/606/592
f 371/913/593 375/828/590 373/1254/589
f 376/824/595 379/823/599 380/1255/596
f 377/1256/598 381/614/1226 380/610/596
f 382/611/600 380/610/1227 381/614/601
f 407/615/602 410/1257/1228 411/616/603
f 408/219/203 412/1258/1229 411/617/604
f 413/619/606 411/1259/1230 412/620/607
f 414/139/130 417/1038/1012 418/621/608
f 415/623/610 419/1007/983 418/624/611
f 420/626/613 418/1260/1231 419/627/614
f 421/221/205 424/1035/1006 425/629/616
f 422/631/618 426/1011/986 425/632/619
f 427/634/621 425/1261/1232 426/635/622
f 428/42/40 431/1262/1233 432/637/624
f 429/137/128 433/1263/1234 432/639/626
f 434/641/628 432/1264/1235 433/642/629
f 495/224/208 498/942/924 499/643/630
f 496/645/632 500/1265/1236 499/646/633
f 497/176/165 501/981/960 499/648/635
f 502/222/206 505/980/959 506/650/637
f 503/175/164 507/979/958 506/652/639
f 504/654/641 508/1266/1237 506/655/642
f 509/162/153 512/941/923 513/657/644
f 510/659/646 514/982/962 513/660/647
f 511/140/131 515/985/965 513/662/649
f 516/664/651 519/964/944 520/665/652
f 517/161/152 521/984/964 520/667/654
f 518/142/133 522/1033/1004 520/669/656
f 559/226/210 562/256/239 563/671/658
f 560/232/216 564/675/1238 563/673/660
f 561/1190/661 565/177/1239 563/1267/662
f 566/262/244 569/1155/1125 570/676/664
f 567/164/666 571/1268/670 570/678/667
f 568/213/199 572/1269/1078 570/679/669
f 576/263/245 579/684/1032 580/681/671
f 577/194/182 581/1082/677 580/1270/673
f 578/685/675 582/199/1240 580/686/676
f 607/193/181 610/1192/1167 611/688/678
f 608/225/209 612/1156/1126 611/690/680
f 609/1081/681 613/689/1241 611/688/682
f 617/692/684 620/983/688 621/693/685
f 618/1271/687 622/1272/1242 621/693/685
f 623/694/689 621/693/1243 622/1272/690
f 624/1273/691 627/703/1244 628/706/692
f 629/702/694 628/706/1245 627/703/695
f 626/1130/697 630/943/693 628/1274/692
f 649/141/699 652/1135/1246 653/707/700
f 654/713/702 653/707/1247 652/1135/703
f 651/1034/705 655/1275/701 653/1276/700
f 656/927/707 659/928/711 660/1277/708
f 657/1278/710 661/720/1248 660/715/708
f 662/716/712 660/715/1249 661/720/713
f 687/1037/714 690/1036/718 691/1279/715
f 688/1280/717 692/151/861 691/150/715
f 712/1164/1135 710/1281/1250 702/727/721
f 710/1281/1250 699/169/159 702/727/721
f 699/169/159 703/725/719 702/727/721
f 697/1032/722 700/1031/725 701/1282/723
f 698/1283/39 702/727/1251 701/726/723
f 719/801/726 722/1039/730 723/1284/727
f 720/1285/729 724/259/1252 723/258/727
f 694/1161/1131 728/165/156 574/247/231
f 728/165/156 567/164/155 574/247/231
f 574/247/231 587/1067/1040 704/1159/1129
f 694/1161/1131 574/247/231 704/1159/1129
f 587/1067/1040 599/1073/1046 713/1168/1138
f 599/1073/1046 523/1043/1017 664/736/733
f 713/1168/1138 599/1073/1046 664/736/733
f 523/1043/1017 527/734/731 664/736/733
f 527/734/731 542/1056/1028 666/735/732
f 542/1056/1028 551/178/167 675/1144/1115
f 551/178/167 561/1190/1165 689/163/154
f 681/1158/1128 551/178/167 689/163/154
f 551/178/167 681/1158/1128 675/1144/1115
f 542/1056/1028 675/1144/1115 666/735/732
f 713/1168/1138 704/1159/1129 587/1067/1040
f 726/203/734 729/1286/738 730/1287/735
f 727/1288/737 731/1110/1253 730/738/735
f 657/717/911 504/654/641 483/965/945
f 638/1124/1095 657/717/911 483/965/945
f 516/664/651 651/1034/1005 487/960/941
f 651/1034/1005 640/1118/1089 487/960/941
f 634/1125/1096 638/1124/1095 481/967/947
f 638/1124/1095 483/965/945 481/967/947
f 487/960/941 640/1118/1089 490/957/938
f 640/1118/1089 643/1115/1086 490/957/938
f 631/1127/1098 634/1125/1096 481/967/947
f 631/1127/1098 481/967/947 478/971/951
f 490/957/938 643/1115/1086 493/953/934
f 643/1115/1086 646/743/740 493/953/934
f 536/744/741 631/1127/1098 478/971/951
f 474/742/739 493/953/934 646/743/740
f 536/744/741 478/971/951 474/742/739
f 733/745/742 736/1179/1155 737/746/743
f 734/196/184 738/1180/1156 737/748/745
f 735/750/747 739/1187/1161 737/751/748
f 740/23/23 743/1185/1159 744/753/750
f 741/77/74 745/1181/778 744/754/751
f 742/94/52 746/96/92 744/756/753
f 747/758/755 750/1189/1163 751/759/756
f 748/5/5 752/1182/1157 751/761/758
f 749/195/183 753/805/802 751/763/265
f 754/765/761 757/22/22 758/766/762
f 755/768/764 759/1289/1254 758/769/765
f 756/770/56 760/1183/1158 758/771/766
f 5/274/254 11/276/256 36/773/768
f 11/774/769 7/65/62 34/302/281
f 13/60/57 15/284/264 46/775/770
f 15/776/771 12/88/85 40/90/87
f 20/66/63 22/290/270 53/777/772
f 22/778/773 19/28/23 47/30/29
f 26/51/49 32/294/274 57/779/774
f 32/780/775 28/59/56 55/322/300
f 13/60/57 28/59/56 31/298/278
f 31/782/777 27/46/44 14/48/46
f 7/65/62 10/280/260 24/783/778
f 10/784/779 6/52/50 21/54/52
f 272/785/780 27/46/44 29/296/276
f 29/787/782 26/51/49 273/50/48
f 266/515/784 268/517/1255 145/788/785
f 145/395/372 268/1224/1256 265/789/786
f 56/72/69 59/326/304 45/790/787
f 59/791/788 55/322/300 42/58/13
f 237/2/2 243/487/904 128/792/789
f 128/385/364 243/1216/878 239/793/790
f 35/37/35 38/306/285 52/794/791
f 52/319/297 38/1194/1168 34/302/281
f 251/47/45 257/500/900 18/795/792
f 18/282/262 257/1221/1257 253/796/793
f 311/101/95 147/402/379 149/404/381
f 149/798/795 146/15/15 309/14/14
f 324/17/17 326/568/1258 159/799/787
f 326/800/797 323/924/905 153/13/13
f 405/134/125 415/623/610 719/801/726
f 181/435/409 188/921/902 363/600/585
f 188/921/902 332/10/10 363/600/585
f 196/12/12 197/448/422 317/561/540
f 197/448/422 174/427/402 317/561/540
f 174/427/402 181/435/409 357/595/579
f 181/435/409 363/600/585 357/595/579
f 141/8/8 144/399/376 100/803/799
f 118/375/800 747/758/755 733/745/742
f 130/804/801 126/106/100 83/108/102
f 753/805/802 749/195/183 734/196/184
f 364/80/77 168/422/107 170/424/399
f 170/807/804 167/63/60 362/62/59
f 356/104/98 358/593/1259 166/808/806
f 166/415/392 358/1248/852 355/809/807
f 62/327/305 68/329/268 165/810/808
f 165/419/91 68/1195/1169 64/103/97
f 70/79/76 72/337/314 172/811/809
f 72/812/810 69/31/30 169/33/8
f 33/299/102 39/301/280 287/813/811
f 39/815/813 35/37/35 281/39/37
f 296/29/28 298/543/1260 50/816/815
f 298/817/816 295/38/36 48/315/94
f 318/818/817 64/103/97 67/333/310
f 67/820/819 63/36/34 316/35/33
f 331/81/78 333/575/1261 74/821/791
f 74/339/316 333/1242/1262 330/822/821
f 111/16/16 117/370/349 379/823/822
f 379/613/824 117/1201/1175 113/84/81
f 77/76/73 92/78/75 95/825/825
f 95/353/332 91/133/124 78/115/108
f 369/102/96 375/604/1263 107/827/779
f 375/828/825 371/913/896 105/82/79
f 98/99/94 85/98/35 88/350/328
f 102/362/341 88/1198/1172 84/73/70
f 106/86/83 109/368/347 116/830/827
f 109/831/828 105/82/79 113/84/81
f 63/36/34 65/331/308 75/832/829
f 65/833/830 62/327/305 69/31/30
f 260/834/831 19/28/23 25/288/268
f 25/836/833 21/54/52 258/53/51
f 106/86/83 148/405/382 151/407/384
f 151/839/835 147/402/379 104/100/50
f 111/16/16 155/18/18 158/413/390
f 158/841/837 154/85/82 112/87/84
f 5/274/254 245/495/1164 247/497/116
f 8/278/258 247/1290/900 244/843/839
f 161/32/31 163/417/394 173/844/840
f 163/845/841 160/61/58 167/63/60
f 146/15/15 152/401/378 156/846/842
f 152/847/843 148/405/382 154/85/82
f 304/848/844 54/49/47 60/321/299
f 60/850/846 56/72/69 302/71/68
f 139/1/1 125/3/3 131/383/362
f 131/853/849 127/386/67 140/97/93
f 289/89/86 291/537/1264 43/854/850
f 43/310/289 291/1291/814 288/855/851
f 134/20/20 137/393/370 123/378/357
f 123/856/852 137/1292/1265 133/4/4
f 349/7/7 97/9/9 103/358/337
f 103/858/854 99/75/72 347/74/71
f 341/107/101 343/581/1266 86/860/856
f 86/348/326 343/1293/1267 340/861/857
f 182/436/410 184/438/412 180/862/858
f 183/272/252 190/273/253 192/444/418
f 688/722/717 682/147/1122 683/864/860
f 200/452/372 195/1209/1182 191/445/419
f 348/129/120 354/128/119 352/586/568
f 354/128/119 267/519/491 270/518/490
f 190/273/253 206/458/430 208/460/432
f 279/867/863 213/465/437 215/467/438
f 215/467/438 211/461/433 279/867/863
f 202/868/864 198/123/115 212/122/13
f 195/442/416 200/1210/1183 196/12/12
f 200/1210/1183 197/448/422 196/12/12
s 0
f 687/871/1268 727/1294/1268 663/1295/1268
f 727/1294/1269 729/1296/1269 726/1297/1269
f 714/1298/1268 727/1294/1268 705/1299/1268
f 726/1297/1270 695/1300/1270 727/1294/1270
f 695/1300/1271 705/1299/1271 727/1294/1271
f 714/1298/1268 663/1295/1268 727/1294/1268
f 663/1295/1268 667/1301/1268 687/871/1268
f 667/1301/1268 676/1302/1268 687/871/1268
f 676/1302/1271 682/1303/1271 687/871/1271
f 682/1303/1272 688/869/1272 687/871/1272
s 1
f 223/471/441 220/69/66 207/68/65
f 280/92/89 229/480/450 231/482/452
f 231/482/452 226/872/866 280/92/89
f 212/122/13 205/455/427 211/457/429
f 230/483/35 233/485/454 179/874/826
f 696/875/868 695/204/1133 726/203/734
f 199/114/107 202/454/426 218/877/849
f 559/226/210 565/672/659 552/878/869
f 191/445/419 194/447/421 236/879/870
f 194/447/421 208/1211/1184 204/56/54
f 208/1211/1184 205/455/427 204/56/54
f 221/473/443 183/272/252 186/440/414
f 222/93/90 225/477/447 235/882/873
f 225/477/447 186/881/872 235/882/873
f 220/69/66 226/472/442 227/884/874
f 226/472/442 231/883/856 227/884/874
f 246/110/104 249/498/468 286/528/502
f 249/885/875 245/495/1164 283/814/812
f 289/89/86 253/796/793 256/887/877
f 256/501/472 252/503/474 290/55/53
f 260/834/831 263/1304/853 300/889/879
f 263/509/480 259/109/103 297/91/88
f 303/57/55 274/121/114 277/525/498
f 277/890/880 273/50/48 304/848/844
f 272/785/780 278/1305/882 254/892/882
f 254/502/473 278/522/497 274/121/114
f 244/843/839 250/1306/1273 261/893/883
f 261/510/481 250/494/467 246/110/104
f 100/360/339 144/1206/809 140/97/93
f 219/127/118 214/468/18 217/470/440
f 217/470/440 234/1214/1187 337/894/118
f 234/1214/1187 230/483/35 337/894/118
f 727/220/884 687/1037/885 693/895/885
f 303/57/55 305/549/525 294/535/512
f 294/897/886 305/1307/886 302/71/68
f 297/91/88 282/530/504 284/529/503
f 301/898/822 284/1308/822 281/39/37
f 127/386/67 130/388/289 89/899/887
f 270/900/888 266/515/784 349/7/7
f 341/107/101 239/793/790 242/902/890
f 242/488/458 238/131/122 342/130/121
f 356/104/98 318/818/817 321/904/891
f 360/594/578 321/559/538 317/561/540
f 363/600/585 332/10/10 335/576/557
f 335/906/847 331/81/78 364/80/77
f 177/908/892 174/427/402 197/448/422
f 339/909/893 221/473/443 223/475/445
f 223/475/445 210/910/894 339/909/893
f 210/910/894 206/458/430 338/132/123
f 712/911/895 702/1309/1251 698/41/39
f 340/861/857 346/1310/1262 350/912/824
f 346/579/563 342/130/121 348/129/120
f 371/913/896 374/1311/1274 381/914/897
f 374/605/591 370/120/113 378/67/64
f 317/561/540 319/560/539 336/573/556
f 319/915/855 316/35/33 330/822/821
f 369/102/96 311/101/95 314/917/899
f 314/553/531 310/118/111 370/120/113
f 378/67/64 325/570/550 328/569/549
f 328/919/901 324/17/17 376/824/823
f 181/435/409 187/434/408 188/921/902
f 187/434/408 192/441/415 188/921/902
f 355/809/807 361/1312/1275 365/922/903
f 361/591/577 357/595/579 363/600/585
f 325/570/550 310/118/111 312/554/532
f 312/923/904 309/14/14 323/924/905
f 238/131/122 240/489/459 271/514/489
f 271/926/907 240/1313/1276 237/2/2
f 656/927/908 502/222/206 508/651/638
f 659/719/910 508/1266/1237 504/654/641
f 472/181/170 453/191/179 455/929/912
f 473/931/914 455/952/933 454/932/915
f 469/182/135 472/181/170 473/930/913
f 470/935/918 473/931/914 471/933/916
f 466/145/136 469/144/135 470/937/917
f 467/939/921 470/935/918 468/936/919
f 466/145/136 467/938/920 512/941/923
f 467/939/921 465/940/922 510/659/646
f 624/223/207 630/701/1277 498/942/924
f 630/943/925 626/1130/1101 496/645/632
f 462/174/163 464/976/955 461/944/926
f 464/945/927 463/977/956 459/946/928
f 457/188/176 460/187/175 461/944/926
f 458/949/931 461/947/929 459/946/928
f 453/191/179 457/217/176 458/951/930
f 455/952/933 458/949/931 456/950/932
f 493/953/934 474/742/739 476/954/935
f 494/956/937 476/974/954 475/216/201
f 490/957/938 493/953/934 494/955/936
f 491/959/940 494/956/937 492/190/178
f 487/960/941 490/957/938 491/958/939
f 488/962/943 491/1314/940 489/963/169
f 516/664/651 487/960/941 488/961/942
f 519/668/655 488/962/943 486/143/134
f 483/965/945 485/978/957 482/966/946
f 485/968/948 484/218/202 480/969/949
f 478/971/951 481/967/947 482/966/946
f 479/973/953 482/970/950 480/969/949
f 474/742/739 478/971/951 479/972/952
f 476/974/954 479/1315/953 477/975/174
f 462/174/163 497/176/165 500/649/636
f 464/945/927 500/1265/1236 496/645/632
f 504/654/641 507/656/643 485/978/957
f 507/979/958 503/175/164 484/218/202
f 495/224/208 501/644/631 505/980/959
f 501/981/960 497/176/165 503/175/164
f 618/695/961 620/697/1278 514/982/962
f 620/983/963 617/692/1106 511/140/131
f 509/162/153 515/658/645 521/984/964
f 515/985/965 511/140/131 518/142/133
f 384/159/150 390/25/25 391/986/966
f 391/988/968 389/998/968 383/989/969
f 393/168/158 387/156/147 388/991/970
f 394/993/972 388/1030/999 386/994/973
f 390/25/25 396/173/137 397/996/975
f 391/988/968 397/1003/976 395/997/976
f 393/168/158 394/992/971 400/999/977
f 400/1000/978 394/993/972 392/995/974
f 396/146/137 402/148/139 403/155/146
f 397/1003/976 403/207/194 401/209/194
f 399/136/127 400/1316/977 406/1004/980
f 406/1005/981 400/1000/978 398/1001/979
f 405/134/125 406/1004/980 419/1007/983
f 406/1005/981 404/1006/982 416/628/615
f 438/40/38 428/42/40 434/638/625
f 686/1009/985 684/802/798 719/801/726
f 435/202/190 437/1014/989 426/1011/986
f 437/1012/987 436/1016/987 423/636/623
f 435/202/190 442/210/196 443/1013/988
f 437/1012/987 443/1024/990 441/1015/990
f 445/198/186 438/1317/38 440/1017/984
f 446/1019/992 440/183/171 439/185/173
f 442/1021/196 448/214/200 449/1022/994
f 443/1024/990 449/1029/995 447/1025/995
f 451/158/149 445/198/186 446/1018/991
f 452/1027/997 446/1019/992 444/1020/993
f 448/214/200 384/159/150 385/987/967
f 449/1029/995 385/990/969 383/989/969
f 387/156/147 451/158/149 452/1026/996
f 388/1030/999 452/1027/997 450/1028/998
f 430/184/172 433/642/629 420/626/613
f 420/622/609 433/1263/1234 429/137/128
f 423/636/623 409/208/195 412/620/607
f 427/630/617 412/1258/1229 408/219/203
f 429/137/128 431/640/627 700/1031/1000
f 700/730/1002 431/1262/1233 428/42/40
f 518/142/133 649/141/132 655/708/1003
f 522/666/653 655/1275/1279 651/1034/1005
f 727/220/204 729/741/1280 424/1035/1006
f 424/633/620 729/1286/1281 726/203/191
f 408/219/203 410/618/605 690/1036/1007
f 690/724/1009 410/1257/1228 407/615/602
f 414/139/130 720/138/129 722/733/1011
f 722/1039/1013 719/801/726 415/623/610
f 524/238/222 526/237/221 528/1040/1014
f 528/1042/1016 527/734/731 523/1043/1017
f 532/253/236 534/1080/1052 531/1045/1019
f 534/1046/1020 533/1063/1036 529/1047/1021
f 541/267/248 543/1055/1027 528/1049/1014
f 543/1050/1023 542/1056/1028 527/734/731
f 530/1051/213 531/1318/1019 546/1052/1024
f 531/1048/1022 529/1047/1021 544/1053/1025
f 541/267/248 550/269/250 552/878/869
f 543/1050/1023 552/179/168 551/178/167
f 554/1057/1029 545/250/233 546/1052/1024
f 555/1059/1031 546/1054/1026 544/1053/1025
f 566/262/244 572/677/665 579/684/1032
f 576/263/245 582/682/672 594/1060/1033
f 1/245/229 3/244/228 2/192/180
f 685/1153/1124 721/171/161 553/243/227
f 721/171/161 609/170/160 553/243/227
f 553/243/227 544/1053/1025 685/1153/1124
f 544/1053/1025 529/1047/1021 670/1140/1111
f 529/1047/1021 533/1063/1036 672/1062/1035
f 670/1140/1111 529/1047/1021 672/1062/1035
f 533/1063/1036 601/1076/1048 717/1064/1037
f 601/1076/1048 589/1069/1042 708/1163/1134
f 717/1064/1037 601/1076/1048 708/1163/1134
f 589/1069/1042 593/200/188 710/1281/1250
f 593/200/188 578/685/1166 699/169/159
f 710/1281/1250 593/200/188 699/169/159
f 679/1146/1119 685/1153/1124 544/1053/1025
f 589/1069/1042 710/1281/1250 708/1163/1134
f 670/1140/1111 679/1146/1119 544/1053/1025
f 586/240/224 588/1319/1044 575/1065/1038
f 575/1066/1039 588/1072/1045 587/1067/1040
f 592/1061/1034 594/1060/1033 591/1068/1041
f 594/201/189 593/200/188 589/1069/1042
f 598/248/232 600/1078/1050 588/1071/1044
f 588/1072/1045 600/1079/1051 599/1073/1046
f 590/1074/218 591/1320/1041 603/1075/1047
f 591/1070/1043 589/1069/1042 601/1076/1048
f 598/248/232 524/238/222 525/1041/1015
f 600/1079/1051 525/1044/1018 523/1043/1017
f 602/261/243 603/1075/1047 534/1080/1052
f 603/1077/1049 601/1076/1048 533/1063/1036
f 609/1081/1053 578/1321/675 581/1082/677
f 613/689/679 581/1082/677 577/194/182
f 561/674/1054 564/675/1238 571/680/670
f 571/680/670 564/675/1238 560/232/216
f 605/1084/1055 614/1106/1076 616/1085/1056
f 606/1087/1058 616/1107/1077 615/236/220
f 605/1084/1055 606/1086/1057 597/1088/1059
f 597/1090/1061 606/1087/1058 604/271/251
f 596/1089/1060 597/1088/1059 585/1092/1063
f 597/1094/1061 595/1193/1062 583/239/223
f 618/695/961 584/1093/1064 585/1092/1063
f 622/699/690 585/1095/1065 583/239/223
f 556/1097/1067 558/1131/1102 549/1098/1068
f 558/1100/1070 557/268/249 547/266/247
f 548/1099/1069 549/1098/1068 540/1102/1072
f 540/1104/1074 549/1101/1071 547/266/247
f 539/1103/1073 540/1102/1072 616/1085/1056
f 616/1107/1077 540/1322/1074 538/1108/1075
f 568/1109/199 577/683/182 579/684/674
f 731/1110/1081 728/165/156 732/739/1079
f 728/165/156 694/1161/1131 732/739/1079
f 694/1161/1131 696/1160/1130 732/739/1079
f 535/228/212 537/1129/1100 648/1111/1082
f 537/1112/1083 536/744/741 646/743/740
f 647/252/235 648/1111/1082 645/1114/1085
f 648/1113/1084 646/743/740 643/1115/1086
f 644/235/219 645/1323/1085 642/1117/1088
f 645/1116/1087 643/1115/1086 640/1118/1089
f 641/233/217 642/1117/1088 654/709/702
f 642/1119/1090 640/1118/1089 651/1034/1005
f 635/251/234 637/254/237 639/1121/1092
f 636/1123/1094 639/1132/1103 638/1124/1095
f 635/251/234 636/1122/1093 633/1126/1097
f 636/1123/1094 634/1125/1096 631/1127/1098
f 632/230/214 633/1324/1097 537/1129/1100
f 633/1128/1099 631/1127/1098 536/744/741
f 626/1130/1101 629/1325/1282 558/1131/1102
f 629/702/694 625/704/696 557/268/249
f 637/254/237 658/227/211 661/720/713
f 639/1132/1103 661/1326/1283 657/717/911
f 625/704/696 627/703/695 662/716/712
f 627/1133/1104 624/223/207 656/927/908
f 617/692/1106 623/694/1284 652/1135/1107
f 623/698/689 619/264/246 650/711/704
f 666/735/732 668/1145/1116 665/1137/1108
f 668/1138/1109 667/27/1118 663/26/1110
f 670/1140/1111 672/1062/1035 674/1141/1112
f 671/1143/1114 674/1175/1146 673/189/177
f 675/1144/1115 677/1327/1285 668/1145/1116
f 668/1138/1109 677/1328/1117 676/172/1117
f 679/1146/1119 670/1140/1111 671/1142/1113
f 680/1148/1121 671/1143/1114 669/167/157
f 463/977/956 496/645/632 626/1130/1101
f 584/1093/1064 618/695/961 465/940/922
f 618/695/961 510/659/646 465/940/922
f 463/977/956 626/1130/1101 556/1097/1067
f 459/946/928 463/977/956 556/1097/1067
f 596/1089/1060 584/1093/1064 465/940/922
f 596/1089/1060 465/940/922 468/936/919
f 459/946/928 556/1097/1067 548/1099/1069
f 456/950/932 459/946/928 548/1099/1069
f 605/1084/1055 596/1089/1060 468/936/919
f 605/1084/1055 468/936/919 471/933/916
f 456/950/932 548/1099/1069 539/1103/1073
f 605/1084/1055 471/933/916 454/932/915
f 454/932/915 456/950/932 614/1106/1076
f 456/950/932 539/1103/1073 614/1106/1076
f 677/1150/1117 683/864/860 682/147/1122
f 679/1146/1119 680/1147/1120 686/1152/1123
f 680/1154/1121 678/135/126 684/802/798
f 566/262/244 573/241/225 575/1065/1038
f 608/225/209 554/1057/1029 555/1058/1030
f 683/1157/1127 677/1327/1285 675/1144/1115
f 704/1159/1129 706/1169/1139 696/1160/1130
f 706/1162/1132 705/211/1141 695/204/1133
f 708/1163/1134 710/1281/1250 712/1164/1135
f 709/1166/1137 712/1329/895 711/1167/193
f 713/1168/1138 715/1174/1144 706/1169/1139
f 715/1170/1140 714/160/1145 705/215/1141
f 717/1064/1037 708/1163/1134 709/1165/1136
f 718/1173/1143 709/1166/1137 707/197/185
f 713/1168/1138 664/736/733 665/1137/1108
f 665/1139/1110 663/26/1110 714/160/1145
f 672/1062/1035 717/1064/1037 718/1172/1142
f 674/1175/1146 718/1173/1143 716/157/148
f 697/1032/1001 703/1330/1286 724/1176/1147
f 703/725/1148 699/169/1148 721/171/1149
f 217/1177/1151 213/465/437 228/119/112
f 731/1110/1152 693/149/1153 689/163/1153
f 90/43/41 740/23/23 754/765/761
f 733/745/742 747/758/755 753/760/757
f 402/148/139 682/147/138 688/722/1010
f 734/196/184 742/94/52 745/757/754
f 745/1181/778 741/77/74 735/750/747
f 756/770/56 759/772/767 752/1182/1157
f 752/764/760 759/1289/1254 755/768/764
f 133/4/4 135/1331/1287 760/1183/1158
f 760/767/763 135/1204/1288 132/1178/1154
f 92/78/75 741/77/74 743/755/752
f 743/1185/1159 740/23/23 90/43/41
f 733/745/742 739/747/744 79/1186/1160
f 739/1187/1161 735/750/747 77/76/73
f 120/6/6 748/5/5 750/762/759
f 750/1189/1163 747/758/755 118/375/800
f 33/299/102 283/814/812 245/495/1164
f 184/433/407 181/435/409 174/427/402
f 430/184/172 416/628/615 386/994/973
f 416/628/615 404/1006/982 398/1001/979
f 430/184/172 386/994/973 450/1028/998
f 398/1001/979 392/995/974 416/628/615
f 392/995/974 386/994/973 416/628/615
f 450/1028/998 444/1020/993 430/184/172
