# Blender 4.2.8 LTS
# www.blender.org
mtllib Mesa de luz.mtl
o estante
v -24.824562 0.009589 15.623635
v -24.824562 -0.061816 15.594058
v -24.817022 0.031479 15.657138
v -24.810633 0.009589 15.625007
v -24.806362 -0.023172 15.603538
v -24.804861 -0.061816 15.595999
v -24.806362 -0.100460 15.603538
v -24.810633 -0.133221 15.625007
v -24.817022 -0.155111 15.657138
v -24.809774 0.031479 15.659337
v -24.797237 0.009589 15.629070
v -24.788860 -0.023172 15.608847
v -24.785917 -0.061816 15.601745
v -24.788860 -0.100460 15.608847
v -24.797237 -0.133221 15.629070
v -24.809774 -0.155111 15.659337
v -24.803093 0.031479 15.662909
v -24.784891 0.009589 15.635669
v -24.772730 -0.023172 15.617468
v -24.768459 -0.061816 15.611076
v -24.772730 -0.100460 15.617468
v -24.784891 -0.133221 15.635669
v -24.803093 -0.155111 15.662909
v -24.797237 0.031479 15.667714
v -24.774071 0.009589 15.644548
v -24.758593 -0.023172 15.629070
v -24.753157 -0.061816 15.623635
v -24.758593 -0.100460 15.629070
v -24.774071 -0.133221 15.644548
v -24.797237 -0.155111 15.667714
v -24.792431 0.031479 15.673570
v -24.765192 0.009589 15.655369
v -24.746990 -0.023172 15.643208
v -24.740599 -0.061816 15.638937
v -24.746990 -0.100460 15.643208
v -24.765192 -0.133221 15.655369
v -24.792431 -0.155111 15.673570
v -24.788860 0.031479 15.680251
v -24.758593 0.009589 15.667714
v -24.738369 -0.023172 15.659337
v -24.731268 -0.061816 15.656396
v -24.738369 -0.100460 15.659337
v -24.758593 -0.133221 15.667714
v -24.788860 -0.155111 15.680251
v -24.786661 0.031479 15.687501
v -24.754530 0.009589 15.681109
v -24.733061 -0.023172 15.676839
v -24.725521 -0.061816 15.675339
v -24.733061 -0.100460 15.676839
v -24.754530 -0.133221 15.681109
v -24.786661 -0.155111 15.687501
v -24.824562 -0.162798 15.695040
v -24.785917 0.031479 15.695040
v -24.753157 0.009589 15.695040
v -24.731268 -0.023172 15.695040
v -24.723581 -0.061816 15.695040
v -24.731268 -0.100460 15.695040
v -24.753157 -0.133221 15.695040
v -24.785917 -0.155111 15.695040
v -24.786661 0.031479 15.702579
v -24.754530 0.009589 15.708970
v -24.733061 -0.023172 15.713241
v -24.725521 -0.061816 15.714740
v -24.733061 -0.100460 15.713241
v -24.754530 -0.133221 15.708970
v -24.786661 -0.155111 15.702579
v -24.788860 0.031479 15.709828
v -24.758593 0.009589 15.722365
v -24.738369 -0.023172 15.730742
v -24.731268 -0.061816 15.733684
v -24.738369 -0.100460 15.730742
v -24.758593 -0.133221 15.722365
v -24.788860 -0.155111 15.709828
v -24.792431 0.031479 15.716509
v -24.765192 0.009589 15.734710
v -24.746990 -0.023172 15.746871
v -24.740599 -0.061816 15.751142
v -24.746990 -0.100460 15.746871
v -24.765192 -0.133221 15.734710
v -24.792431 -0.155111 15.716509
v -24.797237 0.031479 15.722365
v -24.774071 0.009589 15.745530
v -24.758593 -0.023172 15.761009
v -24.753157 -0.061816 15.766444
v -24.758593 -0.100460 15.761009
v -24.774071 -0.133221 15.745530
v -24.797237 -0.155111 15.722365
v -24.803093 0.031479 15.727171
v -24.784891 0.009589 15.754411
v -24.772730 -0.023172 15.772612
v -24.768459 -0.061816 15.779002
v -24.772730 -0.100460 15.772612
v -24.784891 -0.133221 15.754411
v -24.803093 -0.155111 15.727171
v -24.809774 0.031479 15.730742
v -24.797237 0.009589 15.761009
v -24.788860 -0.023172 15.781233
v -24.785919 -0.061816 15.788334
v -24.788860 -0.100460 15.781233
v -24.797237 -0.133221 15.761009
v -24.809774 -0.155111 15.730742
v -24.817022 0.031479 15.732941
v -24.810633 0.009589 15.765072
v -24.806362 -0.023172 15.786542
v -24.804861 -0.061816 15.794081
v -24.806362 -0.100460 15.786542
v -24.810633 -0.133221 15.765072
v -24.817022 -0.155111 15.732941
v -24.824562 0.031479 15.733684
v -24.824562 0.009589 15.766444
v -24.824562 -0.023172 15.788334
v -24.824562 -0.061816 15.796021
v -24.824562 -0.100460 15.788334
v -24.824562 -0.133221 15.766444
v -24.824562 -0.155111 15.733684
v -24.832102 0.031479 15.732941
v -24.838493 0.009589 15.765072
v -24.842764 -0.023172 15.786542
v -24.844263 -0.061816 15.794081
v -24.842764 -0.100460 15.786542
v -24.838493 -0.133221 15.765072
v -24.832102 -0.155111 15.732941
v -24.839350 0.031479 15.730742
v -24.851887 0.009589 15.761009
v -24.860264 -0.023172 15.781233
v -24.863207 -0.061816 15.788334
v -24.860264 -0.100460 15.781233
v -24.851887 -0.133221 15.761009
v -24.839350 -0.155111 15.730742
v -24.846031 0.031479 15.727171
v -24.864233 0.009589 15.754411
v -24.876394 -0.023172 15.772612
v -24.880665 -0.061816 15.779002
v -24.876394 -0.100460 15.772612
v -24.864233 -0.133221 15.754411
v -24.846031 -0.155111 15.727171
v -24.851887 0.031479 15.722365
v -24.875053 0.009589 15.745530
v -24.890532 -0.023172 15.761009
v -24.895967 -0.061816 15.766444
v -24.890532 -0.100460 15.761009
v -24.875053 -0.133221 15.745530
v -24.851887 -0.155111 15.722365
v -24.824562 0.039165 15.695040
v -24.856693 0.031479 15.716509
v -24.883932 0.009589 15.734710
v -24.902134 -0.023172 15.746871
v -24.908525 -0.061816 15.751142
v -24.902134 -0.100460 15.746871
v -24.883932 -0.133221 15.734710
v -24.856693 -0.155111 15.716509
v -24.860264 0.031479 15.709828
v -24.890532 0.009589 15.722365
v -24.910755 -0.023172 15.730742
v -24.917856 -0.061816 15.733684
v -24.910755 -0.100460 15.730742
v -24.890532 -0.133221 15.722365
v -24.860264 -0.155111 15.709828
v -24.862463 0.031479 15.702579
v -24.894594 0.009589 15.708970
v -24.916063 -0.023172 15.713241
v -24.923603 -0.061816 15.714740
v -24.916063 -0.100460 15.713241
v -24.894594 -0.133221 15.708970
v -24.862463 -0.155111 15.702579
v -24.863207 0.031479 15.695040
v -24.895967 0.009589 15.695040
v -24.917856 -0.023172 15.695040
v -24.925543 -0.061816 15.695040
v -24.917856 -0.100460 15.695040
v -24.895967 -0.133221 15.695040
v -24.863207 -0.155111 15.695040
v -24.862463 0.031479 15.687501
v -24.894594 0.009589 15.681109
v -24.916063 -0.023172 15.676839
v -24.923603 -0.061816 15.675339
v -24.916063 -0.100460 15.676839
v -24.894594 -0.133221 15.681109
v -24.862463 -0.155111 15.687501
v -24.860264 0.031479 15.680251
v -24.890532 0.009589 15.667714
v -24.910755 -0.023172 15.659337
v -24.917856 -0.061816 15.656396
v -24.910755 -0.100460 15.659337
v -24.890532 -0.133221 15.667714
v -24.860264 -0.155111 15.680251
v -24.856693 0.031479 15.673570
v -24.883932 0.009589 15.655369
v -24.902134 -0.023172 15.643208
v -24.908525 -0.061816 15.638937
v -24.902134 -0.100460 15.643208
v -24.883932 -0.133221 15.655369
v -24.856693 -0.155111 15.673570
v -24.851887 0.031479 15.667714
v -24.875053 0.009589 15.644548
v -24.890532 -0.023172 15.629070
v -24.895967 -0.061816 15.623635
v -24.890532 -0.100460 15.629070
v -24.875053 -0.133221 15.644548
v -24.851887 -0.155111 15.667714
v -24.846031 0.031479 15.662909
v -24.864233 0.009589 15.635669
v -24.876394 -0.023172 15.617468
v -24.880665 -0.061816 15.611076
v -24.876394 -0.100460 15.617468
v -24.864233 -0.133221 15.635669
v -24.846031 -0.155111 15.662909
v -24.839350 0.031479 15.659337
v -24.851887 0.009589 15.629070
v -24.860264 -0.023172 15.608847
v -24.863207 -0.061816 15.601745
v -24.860264 -0.100460 15.608847
v -24.851887 -0.133221 15.629070
v -24.839350 -0.155111 15.659337
v -24.832102 0.031479 15.657138
v -24.838493 0.009589 15.625007
v -24.842764 -0.023172 15.603538
v -24.844263 -0.061816 15.595999
v -24.842764 -0.100460 15.603538
v -24.838493 -0.133221 15.625007
v -24.832102 -0.155111 15.657138
v -24.824562 0.031479 15.656396
v -24.824562 -0.023172 15.601745
v -24.824562 -0.100460 15.601745
v -24.824562 -0.133221 15.623635
v -24.824562 -0.155111 15.656396
v -24.820391 0.895220 15.621410
v -24.820391 0.823815 15.591834
v -24.812853 0.917110 15.654914
v -24.806461 0.895220 15.622783
v -24.802191 0.862459 15.601314
v -24.800692 0.823815 15.593775
v -24.802191 0.785171 15.601314
v -24.806461 0.752411 15.622783
v -24.812853 0.730520 15.654914
v -24.805603 0.917110 15.657113
v -24.793066 0.895220 15.626846
v -24.784689 0.862459 15.606623
v -24.781748 0.823815 15.599521
v -24.784689 0.785171 15.606623
v -24.793066 0.752411 15.626846
v -24.805603 0.730520 15.657113
v -24.798922 0.917110 15.660685
v -24.780722 0.895220 15.633445
v -24.768560 0.862459 15.615244
v -24.764290 0.823815 15.608852
v -24.768560 0.785171 15.615244
v -24.780722 0.752411 15.633445
v -24.798922 0.730520 15.660685
v -24.793066 0.917110 15.665490
v -24.769901 0.895220 15.642324
v -24.754423 0.862459 15.626846
v -24.748987 0.823815 15.621410
v -24.754423 0.785171 15.626846
v -24.769901 0.752411 15.642324
v -24.793066 0.730520 15.665490
v -24.788260 0.917110 15.671346
v -24.761021 0.895220 15.653145
v -24.742819 0.862459 15.640984
v -24.736429 0.823815 15.636713
v -24.742819 0.785171 15.640984
v -24.761021 0.752411 15.653145
v -24.788260 0.730520 15.671346
v -24.784689 0.917110 15.678027
v -24.754423 0.895220 15.665490
v -24.734198 0.862459 15.657113
v -24.727097 0.823815 15.654172
v -24.734198 0.785171 15.657113
v -24.754423 0.752411 15.665490
v -24.784689 0.730520 15.678027
v -24.782490 0.917110 15.685276
v -24.750359 0.895220 15.678885
v -24.728889 0.862459 15.674615
v -24.721350 0.823815 15.673115
v -24.728889 0.785171 15.674615
v -24.750359 0.752411 15.678885
v -24.782490 0.730520 15.685276
v -24.820391 0.722834 15.692816
v -24.781748 0.917110 15.692816
v -24.748987 0.895220 15.692816
v -24.727097 0.862459 15.692816
v -24.719410 0.823815 15.692816
v -24.727097 0.785171 15.692816
v -24.748987 0.752411 15.692816
v -24.781748 0.730520 15.692816
v -24.782490 0.917110 15.700355
v -24.750359 0.895220 15.706746
v -24.728889 0.862459 15.711017
v -24.721350 0.823815 15.712516
v -24.728889 0.785171 15.711017
v -24.750359 0.752411 15.706746
v -24.782490 0.730520 15.700355
v -24.784689 0.917110 15.707603
v -24.754423 0.895220 15.720140
v -24.734198 0.862459 15.728518
v -24.727097 0.823815 15.731460
v -24.734198 0.785171 15.728518
v -24.754423 0.752411 15.720140
v -24.784689 0.730520 15.707603
v -24.788260 0.917110 15.714285
v -24.761021 0.895220 15.732486
v -24.742819 0.862459 15.744647
v -24.736429 0.823815 15.748918
v -24.742819 0.785171 15.744647
v -24.761021 0.752411 15.732486
v -24.788260 0.730520 15.714285
v -24.793066 0.917110 15.720140
v -24.769901 0.895220 15.743306
v -24.754423 0.862459 15.758785
v -24.748987 0.823815 15.764220
v -24.754423 0.785171 15.758785
v -24.769901 0.752411 15.743306
v -24.793066 0.730520 15.720140
v -24.798922 0.917110 15.724947
v -24.780722 0.895220 15.752187
v -24.768560 0.862459 15.770388
v -24.764290 0.823815 15.776778
v -24.768560 0.785171 15.770388
v -24.780722 0.752411 15.752187
v -24.798922 0.730520 15.724947
v -24.805603 0.917110 15.728518
v -24.793066 0.895220 15.758785
v -24.784689 0.862459 15.779009
v -24.781748 0.823815 15.786110
v -24.784689 0.785171 15.779009
v -24.793066 0.752411 15.758785
v -24.805603 0.730520 15.728518
v -24.812853 0.917110 15.730717
v -24.806461 0.895220 15.762848
v -24.802191 0.862459 15.784318
v -24.800692 0.823815 15.791857
v -24.802191 0.785171 15.784318
v -24.806461 0.752411 15.762848
v -24.812853 0.730520 15.730717
v -24.820391 0.917110 15.731460
v -24.820391 0.895220 15.764220
v -24.820391 0.862459 15.786110
v -24.820391 0.823815 15.793797
v -24.820391 0.785171 15.786110
v -24.820391 0.752411 15.764220
v -24.820391 0.730520 15.731460
v -24.827930 0.917110 15.730717
v -24.834322 0.895220 15.762848
v -24.838593 0.862459 15.784318
v -24.840092 0.823815 15.791857
v -24.838593 0.785171 15.784318
v -24.834322 0.752411 15.762848
v -24.827930 0.730520 15.730717
v -24.835180 0.917110 15.728518
v -24.847717 0.895220 15.758785
v -24.856094 0.862459 15.779009
v -24.859035 0.823815 15.786110
v -24.856094 0.785171 15.779009
v -24.847717 0.752411 15.758785
v -24.835180 0.730520 15.728518
v -24.841862 0.917110 15.724947
v -24.860062 0.895220 15.752187
v -24.872223 0.862459 15.770388
v -24.876493 0.823815 15.776778
v -24.872223 0.785171 15.770388
v -24.860062 0.752411 15.752187
v -24.841862 0.730520 15.724947
v -24.847717 0.917110 15.720140
v -24.870882 0.895220 15.743306
v -24.886360 0.862459 15.758785
v -24.891796 0.823815 15.764220
v -24.886360 0.785171 15.758785
v -24.870882 0.752411 15.743306
v -24.847717 0.730520 15.720140
v -24.820391 0.924797 15.692816
v -24.852522 0.917110 15.714285
v -24.879763 0.895220 15.732486
v -24.897963 0.862459 15.744647
v -24.904354 0.823815 15.748918
v -24.897963 0.785171 15.744647
v -24.879763 0.752411 15.732486
v -24.852522 0.730520 15.714285
v -24.856094 0.917110 15.707603
v -24.886360 0.895220 15.720140
v -24.906584 0.862459 15.728518
v -24.913687 0.823815 15.731460
v -24.906584 0.785171 15.728518
v -24.886360 0.752411 15.720140
v -24.856094 0.730520 15.707603
v -24.858294 0.917110 15.700355
v -24.890425 0.895220 15.706746
v -24.911894 0.862459 15.711017
v -24.919432 0.823815 15.712516
v -24.911894 0.785171 15.711017
v -24.890425 0.752411 15.706746
v -24.858294 0.730520 15.700355
v -24.859035 0.917110 15.692816
v -24.891796 0.895220 15.692816
v -24.913687 0.862459 15.692816
v -24.921373 0.823815 15.692816
v -24.913687 0.785171 15.692816
v -24.891796 0.752411 15.692816
v -24.859035 0.730520 15.692816
v -24.858294 0.917110 15.685276
v -24.890425 0.895220 15.678885
v -24.911894 0.862459 15.674615
v -24.919432 0.823815 15.673115
v -24.911894 0.785171 15.674615
v -24.890425 0.752411 15.678885
v -24.858294 0.730520 15.685276
v -24.856094 0.917110 15.678027
v -24.886360 0.895220 15.665490
v -24.906584 0.862459 15.657113
v -24.913687 0.823815 15.654172
v -24.906584 0.785171 15.657113
v -24.886360 0.752411 15.665490
v -24.856094 0.730520 15.678027
v -24.852522 0.917110 15.671346
v -24.879763 0.895220 15.653145
v -24.897963 0.862459 15.640984
v -24.904354 0.823815 15.636713
v -24.897963 0.785171 15.640984
v -24.879763 0.752411 15.653145
v -24.852522 0.730520 15.671346
v -24.847717 0.917110 15.665490
v -24.870882 0.895220 15.642324
v -24.886360 0.862459 15.626846
v -24.891796 0.823815 15.621410
v -24.886360 0.785171 15.626846
v -24.870882 0.752411 15.642324
v -24.847717 0.730520 15.665490
v -24.841862 0.917110 15.660685
v -24.860062 0.895220 15.633445
v -24.872223 0.862459 15.615244
v -24.876493 0.823815 15.608852
v -24.872223 0.785171 15.615244
v -24.860062 0.752411 15.633445
v -24.841862 0.730520 15.660685
v -24.835180 0.917110 15.657113
v -24.847717 0.895220 15.626846
v -24.856094 0.862459 15.606623
v -24.859035 0.823815 15.599521
v -24.856094 0.785171 15.606623
v -24.847717 0.752411 15.626846
v -24.835180 0.730520 15.657113
v -24.827930 0.917110 15.654914
v -24.834322 0.895220 15.622783
v -24.838593 0.862459 15.601314
v -24.840092 0.823815 15.593775
v -24.838593 0.785171 15.601314
v -24.834322 0.752411 15.622783
v -24.827930 0.730520 15.654914
v -24.820391 0.917110 15.654172
v -24.820391 0.862459 15.599521
v -24.820391 0.785171 15.599521
v -24.820391 0.752411 15.621410
v -24.820391 0.730520 15.654172
v -23.872534 -1.098939 15.623635
v -23.872534 -1.170344 15.594058
v -23.864994 -1.077049 15.657138
v -23.858603 -1.098939 15.625007
v -23.854332 -1.131700 15.603538
v -23.852833 -1.170344 15.595999
v -23.854332 -1.208987 15.603538
v -23.858603 -1.241748 15.625007
v -23.864994 -1.263638 15.657138
v -23.857744 -1.077049 15.659337
v -23.845207 -1.098939 15.629070
v -23.836830 -1.131700 15.608847
v -23.833889 -1.170344 15.601745
v -23.836830 -1.208987 15.608847
v -23.845207 -1.241748 15.629070
v -23.857744 -1.263638 15.659337
v -23.851065 -1.077049 15.662909
v -23.832863 -1.098939 15.635669
v -23.820702 -1.131700 15.617468
v -23.816431 -1.170344 15.611076
v -23.820702 -1.208987 15.617468
v -23.832863 -1.241748 15.635669
v -23.851065 -1.263638 15.662909
v -23.845207 -1.077049 15.667714
v -23.822042 -1.098939 15.644548
v -23.806564 -1.131700 15.629070
v -23.801128 -1.170344 15.623635
v -23.806564 -1.208987 15.629070
v -23.822042 -1.241748 15.644548
v -23.845207 -1.263638 15.667714
v -23.840403 -1.077049 15.673570
v -23.813162 -1.098939 15.655369
v -23.794962 -1.131700 15.643208
v -23.788570 -1.170344 15.638937
v -23.794962 -1.208987 15.643208
v -23.813162 -1.241748 15.655369
v -23.840403 -1.263638 15.673570
v -23.836830 -1.077049 15.680251
v -23.806564 -1.098939 15.667714
v -23.786341 -1.131700 15.659337
v -23.779238 -1.170344 15.656396
v -23.786341 -1.208987 15.659337
v -23.806564 -1.241748 15.667714
v -23.836830 -1.263638 15.680251
v -23.834631 -1.077049 15.687501
v -23.802500 -1.098939 15.681109
v -23.781031 -1.131700 15.676839
v -23.773493 -1.170344 15.675339
v -23.781031 -1.208987 15.676839
v -23.802500 -1.241748 15.681109
v -23.834631 -1.263638 15.687501
v -23.872534 -1.271325 15.695040
v -23.833889 -1.077049 15.695040
v -23.801128 -1.098939 15.695040
v -23.779238 -1.131700 15.695040
v -23.771551 -1.170344 15.695040
v -23.779238 -1.208987 15.695040
v -23.801128 -1.241748 15.695040
v -23.833889 -1.263638 15.695040
v -23.834631 -1.077049 15.702579
v -23.802500 -1.098939 15.708970
v -23.781031 -1.131700 15.713241
v -23.773493 -1.170344 15.714740
v -23.781031 -1.208987 15.713241
v -23.802500 -1.241748 15.708970
v -23.834631 -1.263638 15.702579
v -23.836830 -1.077049 15.709828
v -23.806564 -1.098939 15.722365
v -23.786341 -1.131700 15.730742
v -23.779238 -1.170344 15.733684
v -23.786341 -1.208987 15.730742
v -23.806564 -1.241748 15.722365
v -23.836830 -1.263638 15.709828
v -23.840403 -1.077049 15.716509
v -23.813162 -1.098939 15.734710
v -23.794962 -1.131700 15.746871
v -23.788570 -1.170344 15.751142
v -23.794962 -1.208987 15.746871
v -23.813162 -1.241748 15.734710
v -23.840403 -1.263638 15.716509
v -23.845207 -1.077049 15.722365
v -23.822042 -1.098939 15.745530
v -23.806564 -1.131700 15.761009
v -23.801128 -1.170344 15.766444
v -23.806564 -1.208987 15.761009
v -23.822042 -1.241748 15.745530
v -23.845207 -1.263638 15.722365
v -23.851065 -1.077049 15.727171
v -23.832863 -1.098939 15.754411
v -23.820702 -1.131700 15.772612
v -23.816431 -1.170344 15.779002
v -23.820702 -1.208987 15.772612
v -23.832863 -1.241748 15.754411
v -23.851065 -1.263638 15.727171
v -23.857744 -1.077049 15.730742
v -23.845207 -1.098939 15.761009
v -23.836830 -1.131700 15.781233
v -23.833889 -1.170344 15.788334
v -23.836830 -1.208987 15.781233
v -23.845207 -1.241748 15.761009
v -23.857744 -1.263638 15.730742
v -23.864994 -1.077049 15.732941
v -23.858603 -1.098939 15.765072
v -23.854332 -1.131700 15.786542
v -23.852833 -1.170344 15.794081
v -23.854332 -1.208987 15.786542
v -23.858603 -1.241748 15.765072
v -23.864994 -1.263638 15.732941
v -23.872534 -1.077049 15.733684
v -23.872534 -1.098939 15.766444
v -23.872534 -1.131700 15.788334
v -23.872534 -1.170344 15.796021
v -23.872534 -1.208987 15.788334
v -23.872534 -1.241748 15.766444
v -23.872534 -1.263638 15.733684
v -23.880072 -1.077049 15.732941
v -23.886463 -1.098939 15.765072
v -23.890734 -1.131700 15.786542
v -23.892235 -1.170344 15.794081
v -23.890734 -1.208987 15.786542
v -23.886463 -1.241748 15.765072
v -23.880072 -1.263638 15.732941
v -23.887321 -1.077049 15.730742
v -23.899858 -1.098939 15.761009
v -23.908236 -1.131700 15.781233
v -23.911177 -1.170344 15.788334
v -23.908236 -1.208987 15.781233
v -23.899858 -1.241748 15.761009
v -23.887321 -1.263638 15.730742
v -23.894003 -1.077049 15.727171
v -23.912203 -1.098939 15.754411
v -23.924366 -1.131700 15.772612
v -23.928637 -1.170344 15.779002
v -23.924366 -1.208987 15.772612
v -23.912203 -1.241748 15.754411
v -23.894003 -1.263638 15.727171
v -23.899858 -1.077049 15.722365
v -23.923025 -1.098939 15.745530
v -23.938503 -1.131700 15.761009
v -23.943937 -1.170344 15.766444
v -23.938503 -1.208987 15.761009
v -23.923025 -1.241748 15.745530
v -23.899858 -1.263638 15.722365
v -23.872534 -1.069362 15.695040
v -23.904665 -1.077049 15.716509
v -23.931904 -1.098939 15.734710
v -23.950106 -1.131700 15.746871
v -23.956497 -1.170344 15.751142
v -23.950106 -1.208987 15.746871
v -23.931904 -1.241748 15.734710
v -23.904665 -1.263638 15.716509
v -23.908236 -1.077049 15.709828
v -23.938503 -1.098939 15.722365
v -23.958727 -1.131700 15.730742
v -23.965828 -1.170344 15.733684
v -23.958727 -1.208987 15.730742
v -23.938503 -1.241748 15.722365
v -23.908236 -1.263638 15.709828
v -23.910435 -1.077049 15.702579
v -23.942566 -1.098939 15.708970
v -23.964035 -1.131700 15.713241
v -23.971575 -1.170344 15.714740
v -23.964035 -1.208987 15.713241
v -23.942566 -1.241748 15.708970
v -23.910435 -1.263638 15.702579
v -23.911177 -1.077049 15.695040
v -23.943937 -1.098939 15.695040
v -23.965828 -1.131700 15.695040
v -23.973515 -1.170344 15.695040
v -23.965828 -1.208987 15.695040
v -23.943937 -1.241748 15.695040
v -23.911177 -1.263638 15.695040
v -23.910435 -1.077049 15.687501
v -23.942566 -1.098939 15.681109
v -23.964035 -1.131700 15.676839
v -23.971575 -1.170344 15.675339
v -23.964035 -1.208987 15.676839
v -23.942566 -1.241748 15.681109
v -23.910435 -1.263638 15.687501
v -23.908236 -1.077049 15.680251
v -23.938503 -1.098939 15.667714
v -23.958727 -1.131700 15.659337
v -23.965828 -1.170344 15.656396
v -23.958727 -1.208987 15.659337
v -23.938503 -1.241748 15.667714
v -23.908236 -1.263638 15.680251
v -23.904665 -1.077049 15.673570
v -23.931904 -1.098939 15.655369
v -23.950106 -1.131700 15.643208
v -23.956497 -1.170344 15.638937
v -23.950106 -1.208987 15.643208
v -23.931904 -1.241748 15.655369
v -23.904665 -1.263638 15.673570
v -23.899858 -1.077049 15.667714
v -23.923025 -1.098939 15.644548
v -23.938503 -1.131700 15.629070
v -23.943937 -1.170344 15.623635
v -23.938503 -1.208987 15.629070
v -23.923025 -1.241748 15.644548
v -23.899858 -1.263638 15.667714
v -23.894003 -1.077049 15.662909
v -23.912203 -1.098939 15.635669
v -23.924366 -1.131700 15.617468
v -23.928637 -1.170344 15.611076
v -23.924366 -1.208987 15.617468
v -23.912203 -1.241748 15.635669
v -23.894003 -1.263638 15.662909
v -23.887321 -1.077049 15.659337
v -23.899858 -1.098939 15.629070
v -23.908236 -1.131700 15.608847
v -23.911177 -1.170344 15.601745
v -23.908236 -1.208987 15.608847
v -23.899858 -1.241748 15.629070
v -23.887321 -1.263638 15.659337
v -23.880072 -1.077049 15.657138
v -23.886463 -1.098939 15.625007
v -23.890734 -1.131700 15.603538
v -23.892235 -1.170344 15.595999
v -23.890734 -1.208987 15.603538
v -23.886463 -1.241748 15.625007
v -23.880072 -1.263638 15.657138
v -23.872534 -1.077049 15.656396
v -23.872534 -1.131700 15.601745
v -23.872534 -1.208987 15.601745
v -23.872534 -1.241748 15.623635
v -23.872534 -1.263638 15.656396
v -24.835384 1.373359 14.019225
v -24.849539 1.373359 14.005071
v -24.849539 1.387514 14.019225
v -24.837484 1.373359 14.012278
v -24.837484 1.380306 14.019225
v -24.839058 1.380088 14.012496
v -24.849539 1.380307 14.007171
v -24.842592 1.373359 14.007171
v -24.842810 1.380088 14.008743
v -24.842592 1.385413 14.019225
v -24.849539 1.385413 14.012278
v -24.842810 1.383841 14.012496
v -24.835384 -1.603501 14.019225
v -24.849539 -1.617656 14.019225
v -24.849539 -1.603502 14.005071
v -24.837484 -1.610449 14.019225
v -24.837484 -1.603501 14.012278
v -24.839058 -1.610230 14.012496
v -24.849539 -1.615556 14.012278
v -24.842592 -1.615556 14.019225
v -24.842810 -1.613983 14.012496
v -24.842592 -1.603501 14.007171
v -24.849539 -1.610449 14.007171
v -24.842810 -1.610230 14.008743
v -24.849539 1.387514 16.996086
v -24.849539 1.373359 17.010241
v -24.835384 1.373359 16.996086
v -24.849539 1.385622 17.003153
v -24.842470 1.385622 16.996086
v -24.842770 1.383786 17.002853
v -24.842470 1.373359 17.008348
v -24.849539 1.380427 17.008348
v -24.842770 1.380128 17.006512
v -24.837275 1.380427 16.996086
v -24.837275 1.373359 17.003153
v -24.839113 1.380128 17.002853
v -24.835384 -1.603501 16.996086
v -24.849539 -1.603502 17.010241
v -24.849539 -1.617656 16.996086
v -24.837484 -1.603502 17.003033
v -24.837484 -1.610449 16.996086
v -24.839058 -1.610231 17.002815
v -24.849539 -1.610449 17.008141
v -24.842592 -1.603502 17.008141
v -24.842810 -1.610230 17.006567
v -24.842592 -1.615556 16.996086
v -24.849539 -1.615556 17.003033
v -24.842810 -1.613983 17.002815
v -26.786825 1.387514 14.019225
v -26.786825 1.373359 14.005071
v -26.800978 1.373359 14.019225
v -26.786825 1.385622 14.012157
v -26.793892 1.385622 14.019225
v -26.793592 1.383786 14.012457
v -26.793892 1.373359 14.006962
v -26.786825 1.380427 14.006962
v -26.793592 1.380128 14.008799
v -26.799088 1.380427 14.019225
v -26.799088 1.373359 14.012157
v -26.797251 1.380128 14.012457
v -26.800978 -1.603502 14.019225
v -26.786825 -1.603502 14.005071
v -26.786825 -1.617656 14.019225
v -26.799088 -1.603502 14.012157
v -26.799088 -1.610570 14.019225
v -26.797251 -1.610270 14.012457
v -26.786825 -1.610570 14.006962
v -26.793892 -1.603502 14.006962
v -26.793592 -1.610270 14.008799
v -26.793892 -1.615765 14.019225
v -26.786825 -1.615765 14.012157
v -26.793592 -1.613928 14.012457
v -26.786825 1.387514 16.996086
v -26.800978 1.373359 16.996086
v -26.786825 1.373359 17.010241
v -26.793892 1.385622 16.996086
v -26.786825 1.385622 17.003153
v -26.793592 1.383786 17.002853
v -26.799088 1.373359 17.003153
v -26.799088 1.380427 16.996086
v -26.797251 1.380128 17.002853
v -26.786825 1.380427 17.008348
v -26.793892 1.373359 17.008348
v -26.793592 1.380128 17.006512
v -26.786825 -1.603502 17.010241
v -26.800978 -1.603502 16.996086
v -26.786825 -1.617656 16.996086
v -26.793892 -1.603502 17.008348
v -26.786825 -1.610570 17.008348
v -26.793592 -1.610270 17.006512
v -26.799088 -1.610570 16.996086
v -26.799088 -1.603502 17.003153
v -26.797251 -1.610270 17.002853
v -26.786825 -1.615765 17.003153
v -26.793892 -1.615765 16.996086
v -26.793592 -1.613928 17.002853
v -24.835384 0.385790 14.019225
v -24.835384 -0.615933 14.019225
v -24.835384 -0.615933 16.996086
v -24.835384 0.385790 16.996086
v -24.821230 -0.661216 14.036200
v -24.835384 -0.632908 14.022046
v -24.821230 -0.647062 14.050354
v -24.828146 -0.652220 14.034121
v -24.821230 -0.654269 14.038301
v -24.827932 -0.649427 14.036213
v -24.833305 -0.639824 14.031042
v -24.833305 -0.641904 14.028962
v -24.831736 -0.644686 14.033824
v -24.821230 -0.649162 14.043407
v -24.828146 -0.644982 14.041358
v -24.827932 -0.647075 14.038565
v -24.821230 -1.572372 14.036200
v -24.821230 -1.586526 14.050354
v -24.835384 -1.600681 14.022046
v -24.821230 -1.579319 14.038301
v -24.828146 -1.581368 14.034121
v -24.827932 -1.584161 14.036213
v -24.828146 -1.588606 14.041358
v -24.821230 -1.584426 14.043407
v -24.827932 -1.586514 14.038565
v -24.833305 -1.591684 14.028962
v -24.833305 -1.593764 14.031042
v -24.831736 -1.588902 14.033824
v -24.821230 -1.586526 16.964956
v -24.821230 -1.572372 16.979111
v -24.835384 -1.600681 16.993265
v -24.821230 -1.584426 16.971903
v -24.828146 -1.588606 16.973953
v -24.827932 -1.586514 16.976746
v -24.828146 -1.581368 16.981190
v -24.821230 -1.579319 16.977011
v -24.827932 -1.584161 16.979097
v -24.833305 -1.593764 16.984268
v -24.833305 -1.591684 16.986349
v -24.831736 -1.588902 16.981487
v -24.821230 -0.647062 16.964956
v -24.835384 -0.632908 16.993265
v -24.821230 -0.661216 16.979111
v -24.828146 -0.644982 16.973953
v -24.821230 -0.649162 16.971903
v -24.827932 -0.647075 16.976746
v -24.833305 -0.641904 16.986349
v -24.833305 -0.639824 16.984268
v -24.831736 -0.644686 16.981487
v -24.821230 -0.654269 16.977011
v -24.828146 -0.652220 16.981190
v -24.827932 -0.649427 16.979097
v -24.821230 1.342230 14.036200
v -24.835384 1.370538 14.022046
v -24.821230 1.356384 14.050354
v -24.828146 1.351226 14.034121
v -24.821230 1.349177 14.038301
v -24.827932 1.354019 14.036213
v -24.833305 1.363622 14.031042
v -24.833305 1.361542 14.028962
v -24.831736 1.358760 14.033824
v -24.821230 1.354284 14.043407
v -24.828146 1.358464 14.041358
v -24.827932 1.356372 14.038565
v -24.821230 0.431074 14.036200
v -24.821230 0.416920 14.050354
v -24.835384 0.402765 14.022046
v -24.821230 0.424127 14.038301
v -24.828146 0.422078 14.034121
v -24.827932 0.419285 14.036213
v -24.828146 0.414840 14.041358
v -24.821230 0.419020 14.043407
v -24.827932 0.416932 14.038565
v -24.833305 0.411762 14.028962
v -24.833305 0.409682 14.031042
v -24.831736 0.414544 14.033824
v -24.821230 0.416920 16.964956
v -24.821230 0.431074 16.979111
v -24.835384 0.402765 16.993265
v -24.821230 0.419020 16.971903
v -24.828146 0.414840 16.973953
v -24.827932 0.416932 16.976746
v -24.828146 0.422078 16.981190
v -24.821230 0.424127 16.977011
v -24.827932 0.419285 16.979097
v -24.833305 0.409682 16.984268
v -24.833305 0.411762 16.986349
v -24.831736 0.414544 16.981487
v -24.821230 1.356384 16.964956
v -24.835384 1.370538 16.993265
v -24.821230 1.342230 16.979111
v -24.828146 1.358464 16.973953
v -24.821230 1.354284 16.971903
v -24.827932 1.356372 16.976746
v -24.833305 1.361542 16.986349
v -24.833305 1.363622 16.984268
v -24.831736 1.358760 16.981487
v -24.821230 1.349177 16.977011
v -24.828146 1.351226 16.981190
v -24.827932 1.354019 16.979097
v -24.821230 0.340507 14.036200
v -24.835384 0.368815 14.022046
v -24.821230 0.354661 14.050354
v -24.828146 0.349503 14.034121
v -24.821230 0.347454 14.038301
v -24.827932 0.352296 14.036213
v -24.833305 0.361899 14.031042
v -24.833305 0.359819 14.028962
v -24.831736 0.357037 14.033824
v -24.821230 0.352561 14.043407
v -24.841841 0.396701 14.021545
v -24.827932 0.354648 14.038565
v -24.821230 -0.570649 14.036200
v -24.821230 -0.584803 14.050354
v -24.835384 -0.598958 14.022046
v -24.821230 -0.577596 14.038301
v -24.828146 -0.579645 14.034121
v -24.827932 -0.582438 14.036213
v -24.828146 -0.586883 14.041358
v -24.821230 -0.582703 14.043407
v -24.827932 -0.584791 14.038565
v -24.833305 -0.589961 14.028962
v -24.833305 -0.592041 14.031042
v -24.831736 -0.587179 14.033824
v -24.821230 -0.584803 16.964956
v -24.821230 -0.570649 16.979111
v -24.835384 -0.598958 16.993265
v -24.821230 -0.582703 16.971903
v -24.828146 -0.586883 16.973953
v -24.827932 -0.584791 16.976746
v -24.828146 -0.579645 16.981190
v -24.821230 -0.577596 16.977011
v -24.827932 -0.582438 16.979097
v -24.833305 -0.592041 16.984268
v -24.833305 -0.589961 16.986349
v -24.831736 -0.587179 16.981487
v -24.821230 0.354661 16.964956
v -24.835384 0.368815 16.993265
v -24.821230 0.340507 16.979111
v -24.841841 0.396701 16.954142
v -24.821230 0.352561 16.971903
v -24.827932 0.354648 16.976746
v -24.833305 0.359819 16.986349
v -24.833305 0.361899 16.984268
v -24.831736 0.357037 16.981487
v -24.821230 0.347454 16.977011
v -24.828146 0.349503 16.981190
v -24.827932 0.352296 16.979097
v -24.811718 -0.661216 14.036200
v -24.811718 -0.654269 14.038301
v -24.811718 -0.647062 14.050354
v -24.810394 -0.649239 14.043289
v -24.811718 -0.649162 14.043407
v -24.811718 -1.572372 14.036200
v -24.810394 -1.584350 14.043289
v -24.811718 -1.586526 14.050354
v -24.811718 -1.584426 14.043407
v -24.811718 -1.579319 14.038301
v -24.810394 -1.579437 14.038377
v -24.811718 -0.649162 16.971903
v -24.810394 -0.649239 16.972021
v -24.811718 -0.647062 16.964956
v -24.811718 -0.654269 16.977011
v -24.811718 -0.661216 16.979111
v -24.811718 -1.586526 16.964956
v -24.811718 -1.584426 16.971903
v -24.811718 -1.572372 16.979111
v -24.811718 -1.579319 16.977011
v -24.810394 -1.579437 16.976934
v -24.810394 -1.584350 16.972021
v -24.811718 1.342230 14.036200
v -24.811718 1.356384 14.050354
v -24.797564 1.342230 14.050354
v -24.811718 1.349298 14.038092
v -24.804651 1.342230 14.038092
v -24.804951 1.348998 14.039928
v -24.804651 1.354493 14.050354
v -24.811718 1.354493 14.043286
v -24.804951 1.352656 14.043586
v -24.799456 1.342230 14.043286
v -24.799456 1.349298 14.050354
v -24.801292 1.348998 14.043586
v -24.811718 0.431074 14.036200
v -24.797564 0.431074 14.050354
v -24.811718 0.416920 14.050354
v -24.804651 0.431074 14.038092
v -24.811718 0.424006 14.038092
v -24.804951 0.424305 14.039928
v -24.799456 0.424006 14.050354
v -24.799456 0.431074 14.043286
v -24.801292 0.424305 14.043586
v -24.811718 0.418811 14.043286
v -24.804651 0.418811 14.050354
v -24.804951 0.420647 14.043586
v -24.811718 1.356384 16.964956
v -24.811718 1.342230 16.979111
v -24.797564 1.342230 16.964956
v -24.811718 1.354493 16.972025
v -24.804651 1.354493 16.964956
v -24.804951 1.352656 16.971725
v -24.804651 1.342230 16.977219
v -24.811718 1.349298 16.977219
v -24.804951 1.348998 16.975382
v -24.799456 1.349298 16.964956
v -24.799456 1.342230 16.972025
v -24.801292 1.348998 16.971725
v -24.811718 0.416920 16.964956
v -24.797564 0.431074 16.964956
v -24.811718 0.431074 16.979111
v -24.804651 0.418811 16.964956
v -24.811718 0.418811 16.972025
v -24.804951 0.420647 16.971725
v -24.799456 0.431074 16.972025
v -24.799456 0.424006 16.964956
v -24.801292 0.424305 16.971725
v -24.811718 0.424006 16.977219
v -24.804651 0.431074 16.977219
v -24.804951 0.424305 16.975382
v -24.811718 0.340507 14.036200
v -24.811718 0.354661 14.050354
v -24.797564 0.340507 14.050354
v -24.811718 0.347574 14.038092
v -24.804651 0.340507 14.038092
v -24.804951 0.347275 14.039928
v -24.804651 0.352770 14.050354
v -24.811718 0.352770 14.043286
v -24.804951 0.350933 14.043586
v -24.799456 0.340507 14.043286
v -24.799456 0.347574 14.050354
v -24.801292 0.347275 14.043586
v -24.811718 -0.570649 14.036200
v -24.797564 -0.570649 14.050354
v -24.811718 -0.584803 14.050354
v -24.804651 -0.570649 14.038092
v -24.811718 -0.577717 14.038092
v -24.804951 -0.577418 14.039928
v -24.799456 -0.577717 14.050354
v -24.799456 -0.570649 14.043286
v -24.801292 -0.577418 14.043586
v -24.811718 -0.582912 14.043286
v -24.804651 -0.582912 14.050354
v -24.804951 -0.581075 14.043586
v -24.811718 0.354661 16.964956
v -24.811718 0.340507 16.979111
v -24.797564 0.340507 16.964956
v -24.811718 0.352770 16.972025
v -24.804651 0.352770 16.964956
v -24.804951 0.350933 16.971725
v -24.804651 0.340507 16.977219
v -24.811718 0.347574 16.977219
v -24.804951 0.347275 16.975382
v -24.799456 0.347574 16.964956
v -24.799456 0.340507 16.972025
v -24.801292 0.347275 16.971725
v -24.811718 -0.584803 16.964956
v -24.797564 -0.570649 16.964956
v -24.811718 -0.570649 16.979111
v -24.804651 -0.582912 16.964956
v -24.811718 -0.582912 16.972025
v -24.804951 -0.581075 16.971725
v -24.799456 -0.570649 16.972025
v -24.799456 -0.577717 16.964956
v -24.801292 -0.577418 16.971725
v -24.811718 -0.577717 16.977219
v -24.804651 -0.570649 16.977219
v -24.804951 -0.577418 16.975382
v -26.513292 -0.661216 14.036200
v -26.513292 -0.647062 14.050354
v -26.513292 -0.654149 14.038092
v -26.520361 -0.661216 14.038092
v -26.520061 -0.654448 14.039928
v -26.520361 -0.648953 14.050354
v -26.513292 -0.648953 14.043286
v -26.520061 -0.650790 14.043586
v -26.525555 -0.661216 14.043286
v -26.525555 -0.654149 14.050354
v -26.523718 -0.654448 14.043586
v -26.513292 -1.586526 14.050354
v -26.513292 -1.572372 14.036200
v -26.525347 -1.579319 14.050354
v -26.525347 -1.572372 14.043407
v -26.523773 -1.579101 14.043626
v -26.513292 -1.584426 14.043407
v -26.520239 -1.584426 14.050354
v -26.520021 -1.582854 14.043626
v -26.520239 -1.572372 14.038301
v -26.513292 -1.579319 14.038301
v -26.520021 -1.579101 14.039873
v -26.513292 -0.647062 16.964956
v -26.513292 -0.661216 16.979111
v -26.513292 -0.648953 16.972025
v -26.520361 -0.648953 16.964956
v -26.520061 -0.650790 16.971725
v -26.520361 -0.661216 16.977219
v -26.513292 -0.654149 16.977219
v -26.520061 -0.654448 16.975382
v -26.525555 -0.654149 16.964956
v -26.525555 -0.661216 16.972025
v -26.523718 -0.654448 16.971725
v -26.527447 -1.572372 16.964956
v -26.513292 -1.572372 16.979111
v -26.513292 -1.586526 16.964956
v -26.525347 -1.572372 16.971903
v -26.525347 -1.579319 16.964956
v -26.523773 -1.579101 16.971685
v -26.513292 -1.579319 16.977011
v -26.520239 -1.572372 16.977011
v -26.520021 -1.579101 16.975437
v -26.520239 -1.584426 16.964956
v -26.513292 -1.584426 16.971903
v -26.520021 -1.582853 16.971685
v -26.513292 -0.689525 14.064508
v -26.527447 -0.661217 14.050355
v -26.516722 -0.675371 14.080906
v -26.520208 -0.680529 14.062429
v -26.514296 -0.682616 14.066913
v -26.520580 -0.677750 14.064895
v -26.525843 -0.668187 14.061577
v -26.525366 -0.670213 14.057271
v -26.524218 -0.673014 14.063099
v -26.515533 -0.677492 14.072822
v -26.521910 -0.673337 14.072727
v -26.521097 -0.675425 14.068197
v -26.513292 -1.544063 14.064508
v -26.513292 -1.558218 14.078663
v -26.527447 -1.572372 14.050355
v -26.513292 -1.551010 14.066609
v -26.520208 -1.553060 14.062429
v -26.519995 -1.555853 14.064522
v -26.520208 -1.560297 14.069667
v -26.513292 -1.556117 14.071716
v -26.519995 -1.558205 14.066874
v -26.525366 -1.563376 14.057271
v -26.525368 -1.565455 14.059351
v -26.523798 -1.560594 14.062133
v -26.513292 -1.558218 16.936647
v -26.513292 -1.544063 16.950802
v -26.513292 -1.556117 16.943594
v -26.520208 -1.560297 16.945644
v -26.519995 -1.558205 16.948437
v -26.520208 -1.553059 16.952881
v -26.513292 -1.551010 16.948702
v -26.519995 -1.555853 16.950788
v -26.525368 -1.565455 16.955959
v -26.525368 -1.563376 16.958040
v -26.523798 -1.560593 16.953178
v -26.527447 -0.661217 16.964956
v -26.513292 -0.689525 16.950802
v -26.516722 -0.675371 16.934404
v -26.525368 -0.670213 16.958040
v -26.525843 -0.668187 16.953733
v -26.524218 -0.673014 16.952211
v -26.514296 -0.682616 16.948399
v -26.520208 -0.680529 16.952881
v -26.520580 -0.677750 16.950417
v -26.521910 -0.673337 16.942583
v -26.515533 -0.677492 16.942490
v -26.521097 -0.675425 16.947113
v -23.890785 -0.689525 14.064508
v -23.887356 -0.675371 14.080906
v -23.876631 -0.689525 14.078663
v -23.889782 -0.682616 14.066913
v -23.883837 -0.689525 14.066609
v -23.883471 -0.682829 14.068463
v -23.882147 -0.677422 14.080302
v -23.888544 -0.677492 14.072822
v -23.882961 -0.679028 14.072713
v -23.878731 -0.689525 14.071716
v -23.878250 -0.682521 14.079492
v -23.879881 -0.682749 14.072385
v -23.890785 -1.544063 14.064508
v -23.876631 -1.544063 14.078663
v -23.890785 -1.558218 14.078663
v -23.883717 -1.544063 14.066401
v -23.890785 -1.551131 14.066401
v -23.884016 -1.550832 14.068237
v -23.878521 -1.551131 14.078663
v -23.878521 -1.544063 14.071595
v -23.880358 -1.550832 14.071895
v -23.890785 -1.556327 14.071595
v -23.883717 -1.556327 14.078663
v -23.884016 -1.554490 14.071895
v -23.887356 -0.675371 16.934404
v -23.890785 -0.689525 16.950802
v -23.876631 -0.689525 16.936647
v -23.888544 -0.677492 16.942490
v -23.882147 -0.677422 16.935009
v -23.882961 -0.679028 16.942598
v -23.883837 -0.689525 16.948702
v -23.889782 -0.682616 16.948399
v -23.883471 -0.682829 16.946848
v -23.878250 -0.682521 16.935820
v -23.878731 -0.689525 16.943594
v -23.879881 -0.682749 16.942926
v -23.890785 -1.558218 16.936647
v -23.876631 -1.544063 16.936647
v -23.890785 -1.544063 16.950802
v -23.883717 -1.556327 16.936647
v -23.890785 -1.556327 16.943716
v -23.884016 -1.554490 16.943417
v -23.878521 -1.544063 16.943716
v -23.878521 -1.551131 16.936647
v -23.880358 -1.550832 16.943417
v -23.890785 -1.551131 16.948910
v -23.883717 -1.544063 16.948910
v -23.884016 -1.550832 16.947075
v -26.458887 -0.689525 16.831829
v -26.469612 -0.675371 16.862379
v -26.444733 -0.689525 16.845982
v -26.460489 -0.682556 16.843050
v -26.456785 -0.689525 16.838776
v -26.458403 -0.682778 16.844580
v -26.461029 -0.677475 16.854324
v -26.464422 -0.677405 16.854200
v -26.459831 -0.679008 16.849686
v -26.451679 -0.689525 16.843882
v -26.451973 -0.682640 16.848368
v -26.455664 -0.682849 16.846346
v -26.458887 -0.689525 14.183482
v -26.444733 -0.689525 14.169329
v -26.469612 -0.675371 14.152931
v -26.456785 -0.689525 14.176536
v -26.460489 -0.682556 14.172260
v -26.458403 -0.682778 14.170732
v -26.451973 -0.682640 14.166943
v -26.451679 -0.689525 14.171429
v -26.455664 -0.682849 14.168966
v -26.464422 -0.677405 14.161110
v -26.461029 -0.677475 14.160986
v -26.459831 -0.679008 14.165626
v -23.959343 -0.689525 14.169329
v -23.945189 -0.689525 14.183482
v -23.934464 -0.675371 14.152931
v -23.952396 -0.689525 14.171429
v -23.952103 -0.682640 14.166943
v -23.948412 -0.682849 14.168965
v -23.943586 -0.682556 14.172260
v -23.947290 -0.689525 14.176536
v -23.945673 -0.682778 14.170732
v -23.943047 -0.677475 14.160986
v -23.939653 -0.677405 14.161110
v -23.944244 -0.679008 14.165626
v -23.959343 -0.689525 16.845982
v -23.934464 -0.675371 16.862379
v -23.945189 -0.689525 16.831829
v -23.952103 -0.682640 16.848368
v -23.952396 -0.689525 16.843882
v -23.948412 -0.682849 16.846346
v -23.939653 -0.677405 16.854200
v -23.943047 -0.677475 16.854324
v -23.944244 -0.679008 16.849686
v -23.947290 -0.689525 16.838776
v -23.943586 -0.682556 16.843050
v -23.945673 -0.682778 16.844580
v -26.458887 -1.532385 14.183482
v -26.444733 -1.546539 14.183482
v -26.444733 -1.532385 14.169329
v -26.456995 -1.539453 14.183482
v -26.456995 -1.532385 14.176414
v -26.455158 -1.539153 14.176714
v -26.444731 -1.544648 14.176414
v -26.451799 -1.544648 14.183482
v -26.451500 -1.542811 14.176714
v -26.451799 -1.532385 14.171219
v -26.444731 -1.539453 14.171219
v -26.451500 -1.539153 14.173056
v -26.458887 -1.532385 16.831829
v -26.444733 -1.532385 16.845982
v -26.444733 -1.546539 16.831829
v -26.456995 -1.532385 16.838896
v -26.456995 -1.539453 16.831829
v -26.455158 -1.539153 16.838596
v -26.444731 -1.539453 16.844091
v -26.451799 -1.532385 16.844091
v -26.451500 -1.539153 16.842255
v -26.451799 -1.544648 16.831829
v -26.444731 -1.544648 16.838896
v -26.451500 -1.542811 16.838596
v -23.959343 -1.532385 16.845982
v -23.945189 -1.532385 16.831829
v -23.959343 -1.546539 16.831829
v -23.952276 -1.532385 16.844091
v -23.959343 -1.539453 16.844091
v -23.952576 -1.539153 16.842255
v -23.947081 -1.539453 16.831829
v -23.947081 -1.532385 16.838896
v -23.948917 -1.539153 16.838596
v -23.959343 -1.544648 16.838896
v -23.952276 -1.544648 16.831829
v -23.952576 -1.542811 16.838596
v -23.959343 -1.532385 14.169329
v -23.959343 -1.546539 14.183482
v -23.945189 -1.532385 14.183482
v -23.959343 -1.539453 14.171219
v -23.952276 -1.532385 14.171219
v -23.952576 -1.539153 14.173056
v -23.952276 -1.544648 14.183483
v -23.959343 -1.544648 14.176414
v -23.952576 -1.542811 14.176714
v -23.947081 -1.532385 14.176414
v -23.947081 -1.539453 14.183483
v -23.948917 -1.539153 14.176714
vn -0.0000 0.7011 -0.7131
vn -0.0000 -0.0000 -1.0000
vn 0.0721 0.9199 -0.3856
vn 0.1391 0.7011 -0.6994
vn 0.1806 0.3785 -0.9078
vn 0.1951 -0.0000 -0.9808
vn 0.1806 -0.3785 -0.9078
vn 0.1391 -0.7011 -0.6994
vn 0.0721 -0.9199 -0.3856
vn 0.1504 0.9195 -0.3631
vn 0.2729 0.7011 -0.6588
vn 0.3542 0.3785 -0.8552
vn 0.3827 -0.0000 -0.9239
vn 0.3542 -0.3785 -0.8552
vn 0.2729 -0.7011 -0.6588
vn 0.1504 -0.9195 -0.3631
vn 0.2183 0.9195 -0.3268
vn 0.3962 0.7011 -0.5929
vn 0.5142 0.3784 -0.7696
vn 0.5556 -0.0000 -0.8315
vn 0.5142 -0.3784 -0.7696
vn 0.3962 -0.7011 -0.5929
vn 0.2183 -0.9195 -0.3268
vn 0.2779 0.9195 -0.2779
vn 0.5042 0.7011 -0.5042
vn 0.6545 0.3784 -0.6545
vn 0.7071 -0.0000 -0.7071
vn 0.6545 -0.3784 -0.6545
vn 0.5042 -0.7011 -0.5042
vn 0.2779 -0.9195 -0.2779
vn 0.3268 0.9195 -0.2183
vn 0.5929 0.7011 -0.3962
vn 0.7696 0.3784 -0.5142
vn 0.8315 -0.0000 -0.5556
vn 0.7696 -0.3784 -0.5142
vn 0.5929 -0.7011 -0.3962
vn 0.3268 -0.9195 -0.2183
vn 0.3631 0.9195 -0.1504
vn 0.6588 0.7011 -0.2729
vn 0.8552 0.3784 -0.3542
vn 0.9239 -0.0000 -0.3827
vn 0.8552 -0.3784 -0.3542
vn 0.6588 -0.7011 -0.2729
vn 0.3631 -0.9195 -0.1504
vn 0.3854 0.9195 -0.0767
vn 0.6994 0.7011 -0.1391
vn 0.9078 0.3784 -0.1806
vn 0.9808 -0.0000 -0.1951
vn 0.9078 -0.3784 -0.1806
vn 0.6994 -0.7011 -0.1391
vn 0.3854 -0.9195 -0.0767
vn -0.0000 -1.0000 -0.0000
vn 0.3930 0.9195 -0.0000
vn 0.7131 0.7011 -0.0000
vn 0.9256 0.3784 -0.0000
vn 1.0000 -0.0000 -0.0000
vn 0.9256 -0.3784 -0.0000
vn 0.7131 -0.7011 -0.0000
vn 0.3930 -0.9195 -0.0000
vn 0.3854 0.9195 0.0767
vn 0.6994 0.7011 0.1391
vn 0.9078 0.3784 0.1806
vn 0.9808 -0.0000 0.1951
vn 0.9078 -0.3784 0.1806
vn 0.6994 -0.7011 0.1391
vn 0.3854 -0.9195 0.0767
vn 0.3631 0.9195 0.1504
vn 0.6588 0.7011 0.2729
vn 0.8552 0.3784 0.3542
vn 0.9239 -0.0000 0.3827
vn 0.8552 -0.3784 0.3542
vn 0.6588 -0.7011 0.2729
vn 0.3631 -0.9195 0.1504
vn 0.3268 0.9195 0.2183
vn 0.5929 0.7011 0.3962
vn 0.7696 0.3785 0.5142
vn 0.8315 -0.0000 0.5556
vn 0.7696 -0.3785 0.5142
vn 0.5929 -0.7011 0.3962
vn 0.3236 -0.9199 0.2217
vn 0.2779 0.9195 0.2779
vn 0.5042 0.7011 0.5042
vn 0.6545 0.3784 0.6545
vn 0.7071 -0.0000 0.7071
vn 0.6545 -0.3784 0.6545
vn 0.5042 -0.7011 0.5042
vn 0.2780 -0.9195 0.2779
vn 0.2183 0.9195 0.3268
vn 0.3962 0.7011 0.5929
vn 0.5142 0.3784 0.7696
vn 0.5556 -0.0000 0.8315
vn 0.5142 -0.3784 0.7696
vn 0.3962 -0.7011 0.5929
vn 0.2217 -0.9199 0.3236
vn 0.1504 0.9195 0.3631
vn 0.2729 0.7011 0.6588
vn 0.3542 0.3784 0.8552
vn 0.3827 -0.0000 0.9239
vn 0.3542 -0.3784 0.8552
vn 0.2729 -0.7011 0.6588
vn 0.1504 -0.9195 0.3631
vn 0.0721 0.9199 0.3856
vn 0.1391 0.7011 0.6994
vn 0.1806 0.3784 0.9078
vn 0.1951 -0.0000 0.9808
vn 0.1806 -0.3784 0.9078
vn 0.1391 -0.7011 0.6994
vn 0.0767 -0.9195 0.3854
vn -0.0000 0.9195 0.3931
vn -0.0000 0.7011 0.7131
vn -0.0000 0.3784 0.9256
vn -0.0000 -0.0000 1.0000
vn -0.0000 -0.3784 0.9256
vn -0.0000 -0.7011 0.7131
vn -0.0000 -0.9195 0.3930
vn -0.0721 0.9199 0.3856
vn -0.1391 0.7011 0.6994
vn -0.1806 0.3784 0.9078
vn -0.1951 -0.0000 0.9808
vn -0.1806 -0.3784 0.9078
vn -0.1391 -0.7011 0.6994
vn -0.0767 -0.9195 0.3854
vn -0.1504 0.9195 0.3631
vn -0.2729 0.7011 0.6588
vn -0.3542 0.3784 0.8552
vn -0.3827 -0.0000 0.9239
vn -0.3542 -0.3784 0.8552
vn -0.2729 -0.7011 0.6588
vn -0.1504 -0.9195 0.3631
vn -0.2183 0.9195 0.3268
vn -0.3962 0.7011 0.5929
vn -0.5142 0.3784 0.7696
vn -0.5556 -0.0000 0.8315
vn -0.5142 -0.3784 0.7696
vn -0.3962 -0.7011 0.5929
vn -0.2183 -0.9195 0.3268
vn -0.2779 0.9195 0.2779
vn -0.5042 0.7011 0.5042
vn -0.6545 0.3784 0.6545
vn -0.7071 -0.0000 0.7071
vn -0.6545 -0.3784 0.6545
vn -0.5042 -0.7011 0.5042
vn -0.2779 -0.9195 0.2779
vn -0.0000 1.0000 -0.0000
vn -0.3268 0.9195 0.2183
vn -0.5929 0.7011 0.3962
vn -0.7696 0.3785 0.5142
vn -0.8315 -0.0000 0.5556
vn -0.7696 -0.3785 0.5142
vn -0.5929 -0.7011 0.3962
vn -0.3268 -0.9195 0.2183
vn -0.3631 0.9195 0.1504
vn -0.6588 0.7011 0.2729
vn -0.8552 0.3784 0.3542
vn -0.9239 -0.0000 0.3827
vn -0.8552 -0.3784 0.3542
vn -0.6588 -0.7011 0.2729
vn -0.3631 -0.9195 0.1504
vn -0.3854 0.9195 0.0767
vn -0.6994 0.7011 0.1391
vn -0.9078 0.3784 0.1806
vn -0.9808 -0.0000 0.1951
vn -0.9078 -0.3784 0.1806
vn -0.6994 -0.7011 0.1391
vn -0.3854 -0.9195 0.0767
vn -0.3930 0.9195 -0.0000
vn -0.7131 0.7011 -0.0000
vn -0.9256 0.3784 -0.0000
vn -1.0000 -0.0000 -0.0000
vn -0.9256 -0.3784 -0.0000
vn -0.7131 -0.7011 -0.0000
vn -0.3930 -0.9195 -0.0000
vn -0.3854 0.9195 -0.0767
vn -0.6994 0.7011 -0.1391
vn -0.9078 0.3784 -0.1806
vn -0.9808 -0.0000 -0.1951
vn -0.9078 -0.3784 -0.1806
vn -0.6994 -0.7011 -0.1391
vn -0.3854 -0.9195 -0.0767
vn -0.3631 0.9195 -0.1504
vn -0.6588 0.7011 -0.2729
vn -0.8552 0.3784 -0.3542
vn -0.9239 -0.0000 -0.3827
vn -0.8552 -0.3784 -0.3542
vn -0.6588 -0.7011 -0.2729
vn -0.3631 -0.9195 -0.1504
vn -0.3268 0.9195 -0.2183
vn -0.5929 0.7011 -0.3962
vn -0.7696 0.3784 -0.5142
vn -0.8315 -0.0000 -0.5556
vn -0.7696 -0.3784 -0.5142
vn -0.5929 -0.7011 -0.3962
vn -0.3268 -0.9195 -0.2183
vn -0.2779 0.9195 -0.2779
vn -0.5042 0.7011 -0.5042
vn -0.6545 0.3784 -0.6545
vn -0.7071 -0.0000 -0.7071
vn -0.6545 -0.3784 -0.6545
vn -0.5042 -0.7011 -0.5042
vn -0.2779 -0.9195 -0.2779
vn -0.2183 0.9195 -0.3268
vn -0.3962 0.7011 -0.5929
vn -0.5142 0.3784 -0.7696
vn -0.5556 -0.0000 -0.8315
vn -0.5142 -0.3784 -0.7696
vn -0.3962 -0.7011 -0.5929
vn -0.2183 -0.9195 -0.3268
vn -0.1504 0.9195 -0.3631
vn -0.2729 0.7011 -0.6588
vn -0.3542 0.3785 -0.8552
vn -0.3827 -0.0000 -0.9239
vn -0.3542 -0.3785 -0.8552
vn -0.2729 -0.7011 -0.6588
vn -0.1504 -0.9195 -0.3631
vn -0.0721 0.9199 -0.3856
vn -0.1391 0.7011 -0.6994
vn -0.1806 0.3784 -0.9078
vn -0.1951 -0.0000 -0.9808
vn -0.1806 -0.3784 -0.9078
vn -0.1391 -0.7011 -0.6994
vn -0.0721 -0.9199 -0.3856
vn -0.0000 0.9195 -0.3931
vn -0.0000 0.3784 -0.9256
vn -0.0000 -0.3784 -0.9256
vn -0.0000 -0.7011 -0.7131
vn -0.0000 -0.9195 -0.3931
vn 0.1806 0.3784 -0.9078
vn 0.1806 -0.3784 -0.9078
vn 0.0767 -0.9195 -0.3854
vn 0.3542 0.3784 -0.8552
vn 0.3542 -0.3784 -0.8552
vn 0.5143 0.3785 -0.7696
vn 0.5143 -0.3785 -0.7696
vn 0.5042 0.7011 -0.5043
vn 0.6545 -0.3785 -0.6545
vn 0.5042 -0.7011 -0.5043
vn 0.7696 0.3784 -0.5143
vn 0.7696 -0.3784 -0.5143
vn 0.8552 0.3785 -0.3542
vn 0.8552 -0.3785 -0.3542
vn 0.9078 0.3785 -0.1806
vn 0.9078 -0.3785 -0.1806
vn 0.9256 0.3785 -0.0000
vn 0.9256 -0.3785 -0.0000
vn 0.9078 0.3785 0.1806
vn 0.9078 -0.3785 0.1806
vn 0.8552 0.3785 0.3542
vn 0.8552 -0.3785 0.3542
vn 0.7696 0.3784 0.5143
vn 0.7696 -0.3784 0.5143
vn 0.3268 -0.9195 0.2183
vn 0.2779 -0.9195 0.2779
vn 0.5143 0.3784 0.7696
vn 0.5143 -0.3784 0.7696
vn 0.2141 -0.9199 0.3286
vn 0.1504 -0.9195 0.3632
vn 0.0767 0.9195 0.3854
vn 0.0810 -0.9199 0.3838
vn -0.0000 0.9195 0.3930
vn -0.0810 0.9199 0.3838
vn -0.1504 0.9195 0.3632
vn -0.2141 0.9199 0.3286
vn -0.5143 0.3784 0.7696
vn -0.5143 -0.3784 0.7696
vn -0.8552 0.3785 0.3542
vn -0.8552 -0.3785 0.3542
vn -0.8552 -0.3785 -0.3542
vn -0.3267 0.9195 -0.2183
vn -0.6545 -0.3785 -0.6545
vn -0.2741 -0.9199 -0.2805
vn -0.5143 0.3784 -0.7696
vn -0.5143 -0.3785 -0.7696
vn -0.2184 -0.9195 -0.3268
vn -0.3542 0.3784 -0.8552
vn -0.3542 -0.3784 -0.8552
vn -0.1543 -0.9199 -0.3606
vn -0.0767 -0.9195 -0.3854
vn -0.0000 -0.9195 -0.3930
vn 0.0767 0.9195 -0.3854
vn 0.2183 0.9196 -0.3267
vn 0.5143 0.3784 -0.7696
vn 0.5143 -0.3784 -0.7696
vn 0.2183 -0.9196 -0.3267
vn 0.3267 0.9195 -0.2183
vn 0.3267 -0.9195 -0.2183
vn 0.3267 0.9196 0.2183
vn 0.7696 0.3784 0.5142
vn 0.7696 -0.3784 0.5142
vn 0.3267 -0.9196 0.2183
vn 0.2183 -0.9195 0.3268
vn -0.0767 0.9195 0.3854
vn -0.7696 0.3784 0.5142
vn -0.7696 -0.3784 0.5142
vn -0.9256 0.3785 -0.0000
vn -0.9256 -0.3785 -0.0000
vn -0.9078 0.3785 -0.1806
vn -0.9078 -0.3785 -0.1806
vn -0.7696 -0.3784 -0.5143
vn -0.0767 0.9195 -0.3854
vn -0.0000 0.9195 -0.3930
vn 0.9816 0.1329 -0.1369
vn 0.1370 0.1329 -0.9816
vn 0.1329 0.9822 -0.1329
vn 0.8590 0.1133 -0.4993
vn 0.8610 0.4957 -0.1135
vn 0.7820 0.4408 -0.4408
vn 0.1135 0.4957 -0.8610
vn 0.4993 0.1133 -0.8590
vn 0.4408 0.4407 -0.7819
vn 0.4957 0.8610 -0.1135
vn 0.1135 0.8610 -0.4957
vn 0.4408 0.7819 -0.4408
vn 0.9810 -0.1370 -0.1370
vn 0.1370 -0.9816 -0.1329
vn 0.1370 -0.1329 -0.9816
vn 0.8590 -0.4993 -0.1133
vn 0.8590 -0.1133 -0.4993
vn 0.7820 -0.4408 -0.4408
vn 0.1135 -0.8610 -0.4957
vn 0.4993 -0.8590 -0.1133
vn 0.4408 -0.7819 -0.4408
vn 0.4993 -0.1133 -0.8590
vn 0.1135 -0.4957 -0.8610
vn 0.4408 -0.4407 -0.7820
vn 0.1336 0.9825 0.1297
vn 0.1337 0.1297 0.9825
vn 0.9825 0.1336 0.1297
vn 0.1216 0.8623 0.4916
vn 0.4951 0.8603 0.1215
vn 0.4474 0.7744 0.4474
vn 0.4952 0.1215 0.8603
vn 0.1216 0.4916 0.8623
vn 0.4474 0.4474 0.7744
vn 0.8603 0.4951 0.1215
vn 0.8623 0.1216 0.4915
vn 0.7744 0.4474 0.4474
vn 0.9810 -0.1370 0.1370
vn 0.1329 -0.1329 0.9822
vn 0.1370 -0.9816 0.1329
vn 0.8590 -0.1133 0.4993
vn 0.8590 -0.4993 0.1133
vn 0.7819 -0.4408 0.4408
vn 0.1135 -0.4958 0.8610
vn 0.4957 -0.1135 0.8610
vn 0.4408 -0.4407 0.7819
vn 0.4993 -0.8590 0.1133
vn 0.1135 -0.8610 0.4957
vn 0.4408 -0.7819 0.4408
vn -0.1297 0.9825 -0.1336
vn -0.1297 0.1336 -0.9825
vn -0.9831 0.1296 -0.1296
vn -0.1214 0.8603 -0.4951
vn -0.4916 0.8623 -0.1216
vn -0.4474 0.7744 -0.4473
vn -0.4916 0.1216 -0.8623
vn -0.1214 0.4952 -0.8603
vn -0.4474 0.4474 -0.7744
vn -0.8623 0.4915 -0.1216
vn -0.8623 0.1216 -0.4915
vn -0.7744 0.4474 -0.4473
vn -0.9831 -0.1296 -0.1296
vn -0.1297 -0.1336 -0.9825
vn -0.1297 -0.9825 -0.1336
vn -0.8623 -0.1216 -0.4915
vn -0.8623 -0.4915 -0.1216
vn -0.7744 -0.4474 -0.4473
vn -0.1214 -0.4952 -0.8603
vn -0.4916 -0.1216 -0.8623
vn -0.4474 -0.4474 -0.7744
vn -0.4916 -0.8623 -0.1216
vn -0.1214 -0.8603 -0.4951
vn -0.4474 -0.7744 -0.4473
vn -0.1296 0.9831 0.1296
vn -0.9831 0.1296 0.1296
vn -0.1297 0.1297 0.9830
vn -0.4916 0.8623 0.1216
vn -0.1216 0.8623 0.4916
vn -0.4474 0.7744 0.4474
vn -0.8623 0.1216 0.4915
vn -0.8623 0.4915 0.1216
vn -0.7744 0.4474 0.4474
vn -0.1216 0.4916 0.8623
vn -0.4916 0.1216 0.8623
vn -0.4474 0.4474 0.7744
vn -0.1297 -0.1337 0.9825
vn -0.9831 -0.1296 0.1296
vn -0.1297 -0.9825 0.1336
vn -0.4916 -0.1216 0.8623
vn -0.1214 -0.4952 0.8603
vn -0.4474 -0.4474 0.7744
vn -0.8623 -0.4915 0.1216
vn -0.8623 -0.1216 0.4915
vn -0.7744 -0.4474 0.4474
vn -0.1214 -0.8603 0.4951
vn -0.4915 -0.8623 0.1216
vn -0.4473 -0.7744 0.4474
vn 0.9892 -0.0000 -0.1462
vn 0.9900 -0.0000 0.1409
vn 0.9915 -0.0000 0.1303
vn 0.1867 0.1145 -0.9757
vn 0.9986 0.0372 -0.0372
vn 0.1867 0.9757 -0.1145
vn 0.6851 0.1875 -0.7039
vn 0.3179 0.4889 -0.8123
vn 0.7398 0.4560 -0.4947
vn 0.9571 0.2704 -0.1040
vn 0.9571 0.1040 -0.2704
vn 0.8934 0.3177 -0.3177
vn 0.3179 0.8123 -0.4889
vn 0.6851 0.7039 -0.1875
vn 0.7398 0.4947 -0.4560
vn 0.1867 -0.1145 -0.9757
vn 0.1867 -0.9757 -0.1145
vn 0.9986 -0.0372 -0.0372
vn 0.3179 -0.4890 -0.8123
vn 0.6851 -0.1875 -0.7039
vn 0.7398 -0.4560 -0.4947
vn 0.6851 -0.7039 -0.1875
vn 0.3179 -0.8123 -0.4889
vn 0.7398 -0.4947 -0.4560
vn 0.9571 -0.1040 -0.2704
vn 0.9571 -0.2704 -0.1040
vn 0.8934 -0.3177 -0.3177
vn 0.1867 -0.9757 0.1145
vn 0.1867 -0.1145 0.9757
vn 0.9986 -0.0372 0.0372
vn 0.3179 -0.8123 0.4889
vn 0.6851 -0.7039 0.1875
vn 0.7398 -0.4947 0.4560
vn 0.6851 -0.1875 0.7039
vn 0.3179 -0.4889 0.8123
vn 0.7398 -0.4560 0.4947
vn 0.9571 -0.2704 0.1040
vn 0.9571 -0.1040 0.2704
vn 0.8934 -0.3177 0.3177
vn 0.1867 0.9757 0.1145
vn 0.9986 0.0372 0.0372
vn 0.1867 0.1145 0.9757
vn 0.6851 0.7039 0.1875
vn 0.3179 0.8124 0.4889
vn 0.7398 0.4947 0.4560
vn 0.9571 0.1040 0.2704
vn 0.9571 0.2704 0.1040
vn 0.8934 0.3177 0.3177
vn 0.3179 0.4889 0.8123
vn 0.6851 0.1875 0.7039
vn 0.7398 0.4560 0.4947
vn 0.1835 0.1106 -0.9768
vn 0.1836 0.9768 -0.1105
vn 0.6851 0.1876 -0.7039
vn 0.3091 0.4870 -0.8169
vn 0.3091 0.8169 -0.4870
vn 0.1835 -0.1106 -0.9768
vn 0.1836 -0.9768 -0.1105
vn 0.3091 -0.4870 -0.8169
vn 0.6851 -0.1876 -0.7039
vn 0.3091 -0.8169 -0.4870
vn 0.1836 -0.9768 0.1105
vn 0.1835 -0.1105 0.9768
vn 0.3091 -0.8169 0.4870
vn 0.3090 -0.4870 0.8169
vn 0.1836 0.9768 0.1105
vn 0.1835 0.1105 0.9768
vn 0.3091 0.8169 0.4870
vn 0.3090 0.4870 0.8169
vn 0.5664 0.7994 -0.2004
vn 0.9336 0.1325 -0.3328
vn 0.8897 0.2441 -0.3858
vn 0.4486 0.6672 -0.5946
vn -0.2301 0.6799 -0.6963
vn 0.7853 0.3333 -0.5217
vn 0.4840 0.8438 0.2318
vn -0.3217 0.8907 0.3211
vn 0.3820 0.7523 0.5368
vn 0.7542 0.4936 0.4330
vn 0.9515 0.2716 0.1446
vn 0.8883 0.3866 0.2478
vn -0.0043 0.9595 0.2817
vn -0.0225 0.7821 -0.6227
vn 0.0284 0.9062 -0.4219
vn 0.0017 0.8486 -0.5290
vn 0.0052 0.8622 -0.5065
vn 0.0294 -0.2894 -0.9568
vn -0.4862 0.7450 0.4568
vn -0.0293 0.9568 0.2893
vn -0.4148 0.7984 0.4365
vn -0.4008 -0.4417 -0.8026
vn -0.4795 -0.4608 -0.7468
vn -0.0054 -0.8703 -0.4925
vn -0.0017 -0.8487 -0.5289
vn -0.0297 -0.9882 -0.1504
vn 0.0219 -0.6104 -0.7918
vn -0.0043 0.9595 -0.2817
vn 0.0293 -0.9568 0.2893
vn 0.3960 -0.8167 0.4198
vn -0.0293 0.2891 -0.9568
vn 0.4069 0.4002 -0.8211
vn 0.4894 0.4127 -0.7682
vn 0.4622 -0.7713 0.4376
vn 0.1266 0.1337 -0.9829
vn 0.1266 0.9829 -0.1337
vn 0.9830 0.1296 -0.1297
vn 0.1121 0.4957 -0.8612
vn 0.4916 0.1216 -0.8623
vn 0.4473 0.4474 -0.7744
vn 0.4916 0.8623 -0.1216
vn 0.1121 0.8612 -0.4957
vn 0.4473 0.7744 -0.4474
vn 0.8623 0.1216 -0.4916
vn 0.8623 0.4916 -0.1216
vn 0.7744 0.4474 -0.4474
vn 0.1266 -0.1337 -0.9829
vn 0.9830 -0.1296 -0.1297
vn 0.1266 -0.9829 -0.1337
vn 0.4916 -0.1216 -0.8623
vn 0.1121 -0.4957 -0.8612
vn 0.4473 -0.4474 -0.7744
vn 0.8623 -0.4916 -0.1216
vn 0.8623 -0.1216 -0.4916
vn 0.7744 -0.4474 -0.4474
vn 0.1121 -0.8612 -0.4957
vn 0.4916 -0.8623 -0.1216
vn 0.4473 -0.7744 -0.4474
vn 0.1266 0.9829 0.1337
vn 0.1266 0.1337 0.9829
vn 0.9830 0.1296 0.1296
vn 0.1121 0.8612 0.4957
vn 0.4916 0.8623 0.1216
vn 0.4473 0.7744 0.4474
vn 0.4915 0.1216 0.8623
vn 0.1121 0.4956 0.8613
vn 0.4473 0.4473 0.7745
vn 0.8623 0.4916 0.1216
vn 0.8622 0.1216 0.4917
vn 0.1266 -0.9829 0.1337
vn 0.9830 -0.1296 0.1296
vn 0.1266 -0.1337 0.9829
vn 0.4916 -0.8623 0.1216
vn 0.1121 -0.8612 0.4957
vn 0.4473 -0.7744 0.4474
vn 0.8623 -0.1216 0.4917
vn 0.8623 -0.4916 0.1216
vn 0.7744 -0.4474 0.4474
vn 0.1121 -0.4956 0.8613
vn 0.4915 -0.1216 0.8623
vn 0.4473 -0.4473 0.7745
vn 0.8622 -0.1216 0.4917
vn 0.1337 -0.1337 0.9820
vn 0.1296 -0.9825 0.1336
vn 0.1214 -0.4952 0.8603
vn 0.4952 -0.1214 0.8603
vn 0.4474 -0.4473 0.7744
vn 0.1214 -0.8603 0.4952
vn 0.4474 -0.7744 0.4474
vn 0.8603 -0.1214 0.4951
vn 0.8623 -0.4915 0.1216
vn 0.7745 -0.4473 0.4473
vn 0.1370 0.9810 0.1370
vn 0.1330 0.1370 0.9816
vn 0.8590 0.4993 0.1133
vn 0.8610 0.1135 0.4957
vn 0.7819 0.4408 0.4408
vn 0.1133 0.8590 0.4993
vn 0.4993 0.8590 0.1133
vn 0.4408 0.7819 0.4408
vn 0.4958 0.1135 0.8610
vn 0.1133 0.4994 0.8590
vn 0.4408 0.4408 0.7819
vn 0.1296 -0.9825 -0.1336
vn 0.1337 -0.1337 -0.9820
vn 0.1214 -0.8603 -0.4952
vn 0.4474 -0.7744 -0.4474
vn 0.4952 -0.1214 -0.8603
vn 0.1214 -0.4951 -0.8603
vn 0.4474 -0.4473 -0.7745
vn 0.8623 -0.4915 -0.1216
vn 0.8603 -0.1214 -0.4952
vn 0.7745 -0.4473 -0.4474
vn 0.9904 0.0999 -0.0959
vn 0.1330 0.1370 -0.9816
vn 0.1370 0.9810 -0.1370
vn 0.8610 0.1135 -0.4957
vn 0.8590 0.4993 -0.1133
vn 0.7819 0.4408 -0.4408
vn 0.1133 0.4993 -0.8590
vn 0.4957 0.1135 -0.8610
vn 0.4408 0.4408 -0.7819
vn 0.4993 0.8590 -0.1133
vn 0.1133 0.8590 -0.4993
vn 0.1890 0.1392 -0.9721
vn 0.9900 -0.0965 0.1029
vn 0.2231 0.9712 -0.0843
vn 0.7242 0.2392 -0.6468
vn 0.3587 0.5804 -0.7311
vn 0.7699 0.5464 -0.3297
vn 0.9533 0.3003 -0.0340
vn 0.9664 0.1621 -0.1993
vn 0.8904 0.4331 -0.1399
vn 0.3193 0.8678 -0.3808
vn 0.7048 0.7025 -0.0986
vn 0.7504 0.6002 -0.2768
vn 0.1865 -0.1105 -0.9762
vn 0.1866 -0.9762 -0.1105
vn 0.9904 0.0999 0.0958
vn 0.3182 -0.4855 -0.8143
vn 0.6852 -0.1876 -0.7038
vn 0.3182 -0.8143 -0.4854
vn 0.9571 -0.1042 -0.2703
vn 0.9571 -0.2706 -0.1038
vn 0.8934 -0.3178 -0.3176
vn 0.1866 -0.9762 0.1105
vn 0.1865 -0.1105 0.9762
vn 0.3182 -0.8143 0.4854
vn 0.3181 -0.4854 0.8143
vn 0.9900 -0.0965 -0.1029
vn 0.1890 0.1391 0.9721
vn 0.2231 0.9712 0.0843
vn 0.9665 0.1619 0.1993
vn 0.9533 0.3002 0.0341
vn 0.8904 0.4331 0.1400
vn 0.3587 0.5804 0.7311
vn 0.7241 0.2392 0.6469
vn 0.7699 0.5464 0.3297
vn 0.7048 0.7025 0.0985
vn 0.3193 0.8678 0.3808
vn 0.7504 0.6003 0.2768
vn 0.1286 0.1512 -0.9801
vn 0.1739 0.9769 -0.1239
vn 0.9843 0.1109 -0.1373
vn 0.1168 0.5329 -0.8381
vn 0.4942 0.1141 -0.8618
vn 0.4550 0.4454 -0.7711
vn 0.5752 0.8094 -0.1187
vn 0.1218 0.8770 -0.4647
vn 0.4778 0.7634 -0.4346
vn 0.8616 0.0988 -0.4979
vn 0.8965 0.4275 -0.1162
vn 0.8057 0.3994 -0.4373
vn 0.9825 -0.1296 -0.1336
vn 0.1297 -0.9825 -0.1337
vn 0.1214 -0.4952 -0.8603
vn 0.4473 -0.4474 -0.7745
vn 0.8603 -0.1213 -0.4951
vn 0.4915 -0.8623 -0.1216
vn 0.1739 0.9769 0.1239
vn 0.1286 0.1512 0.9801
vn 0.9843 0.1109 0.1373
vn 0.1218 0.8770 0.4647
vn 0.5752 0.8094 0.1187
vn 0.4778 0.7634 0.4346
vn 0.4942 0.1140 0.8618
vn 0.1168 0.5328 0.8381
vn 0.4550 0.4454 0.7711
vn 0.8965 0.4275 0.1162
vn 0.8616 0.0988 0.4978
vn 0.8058 0.3994 0.4373
vn 0.1297 -0.9825 0.1336
vn 0.9825 -0.1296 0.1336
vn 0.4915 -0.8623 0.1216
vn 0.4473 -0.7745 0.4474
vn 0.8603 -0.1213 0.4951
vn 0.7744 -0.4473 0.4474
vn 0.1214 -0.4951 0.8603
vn 0.4951 -0.1213 0.8603
vn 0.9814 0.1590 -0.1075
vn 0.0360 0.9986 -0.0400
vn 0.1133 0.2026 -0.9727
vn 0.6922 0.6873 -0.2204
vn 0.7996 0.3338 -0.4992
vn 0.4098 0.7566 -0.5095
vn 0.0504 0.9441 -0.3258
vn 0.2342 0.9601 -0.1528
vn 0.1866 0.8888 -0.4187
vn 0.4727 0.3095 -0.8251
vn 0.1642 0.6816 -0.7130
vn 0.3989 0.7235 -0.5635
vn 0.9814 0.1590 0.1074
vn 0.1134 0.2026 0.9727
vn 0.0360 0.9986 0.0400
vn 0.7996 0.3338 0.4992
vn 0.6921 0.6873 0.2204
vn 0.4098 0.7566 0.5095
vn 0.1643 0.6817 0.7130
vn 0.4728 0.3095 0.8250
vn 0.3989 0.7234 0.5635
vn 0.2342 0.9601 0.1528
vn 0.0504 0.9441 0.3258
vn 0.1866 0.8888 0.4186
vn -0.1134 0.2026 0.9727
vn -0.9814 0.1590 0.1074
vn -0.0360 0.9986 0.0400
vn -0.4728 0.3095 0.8250
vn -0.1642 0.6817 0.7130
vn -0.3989 0.7234 0.5635
vn -0.6921 0.6873 0.2204
vn -0.7996 0.3338 0.4992
vn -0.4098 0.7566 0.5095
vn -0.0504 0.9441 0.3258
vn -0.2342 0.9601 0.1528
vn -0.1866 0.8888 0.4187
vn -0.1133 0.2026 -0.9727
vn -0.0360 0.9986 -0.0400
vn -0.9814 0.1590 -0.1074
vn -0.1642 0.6816 -0.7130
vn -0.4727 0.3095 -0.8251
vn -0.3988 0.7235 -0.5635
vn -0.2342 0.9601 -0.1528
vn -0.0504 0.9441 -0.3258
vn -0.1866 0.8888 -0.4187
vn -0.7996 0.3338 -0.4992
vn -0.6922 0.6873 -0.2204
vn -0.4098 0.7566 -0.5095
vn 0.9825 0.1297 0.1337
vn 0.1296 0.9831 0.1296
vn 0.1336 0.1296 0.9825
vn 0.8603 0.1214 0.4952
vn 0.4473 0.7744 0.4473
vn 0.4951 0.1213 0.8603
vn 0.1216 0.4915 0.8623
vn 0.4473 0.4474 0.7744
vn 0.9825 0.1297 -0.1337
vn 0.1336 0.1296 -0.9825
vn 0.1296 0.9831 -0.1296
vn 0.8602 0.1214 -0.4952
vn 0.1216 0.4915 -0.8623
vn 0.4951 0.1213 -0.8603
vn 0.1216 0.8623 -0.4916
vn -0.1336 0.1296 -0.9825
vn -0.9825 0.1297 -0.1337
vn -0.1296 0.9831 -0.1296
vn -0.4951 0.1213 -0.8603
vn -0.1216 0.4915 -0.8623
vn -0.8623 0.4916 -0.1216
vn -0.8603 0.1214 -0.4952
vn -0.7744 0.4474 -0.4474
vn -0.1216 0.8623 -0.4916
vn -0.4474 0.7744 -0.4474
vn -0.1336 0.1296 0.9825
vn -0.9825 0.1297 0.1337
vn -0.1216 0.4915 0.8623
vn -0.4951 0.1213 0.8603
vn -0.1216 0.8623 0.4915
vn -0.4474 0.7744 0.4473
vn -0.8603 0.1214 0.4952
vn -0.8623 0.4916 0.1216
vt 0.261997 0.526400
vt 0.261154 0.526400
vt 0.261154 0.267905
vt 0.261997 0.267905
vt 0.530524 0.000884
vt 0.530774 0.000634
vt 0.530774 0.264651
vt 0.438357 0.523396
vt 0.438357 0.787385
vt 0.266780 0.787252
vt 0.266780 0.523263
vt 0.355873 0.264396
vt 0.441693 0.264398
vt 0.443199 0.264648
vt 0.265066 0.265105
vt 0.001078 0.265105
vt 0.001078 0.001088
vt 0.265066 0.001088
vt 0.247417 0.267896
vt 0.248259 0.267897
vt 0.248259 0.348699
vt 0.247417 0.348698
vt 0.236013 0.348698
vt 0.235170 0.348698
vt 0.235170 0.267897
vt 0.236013 0.267896
vt 0.241287 0.267896
vt 0.242129 0.267897
vt 0.242129 0.348699
vt 0.241287 0.348698
vt 0.673655 0.502490
vt 0.673655 0.766507
vt 0.501923 0.766508
vt 0.501923 0.502491
vt 0.267042 0.264393
vt 0.266792 0.264643
vt 0.266792 0.000626
vt 0.172687 0.523205
vt 0.172669 0.787193
vt 0.001102 0.787319
vt 0.001120 0.523331
vt 0.675380 0.766046
vt 0.675380 0.502029
vt 0.847140 0.502029
vt 0.847140 0.766046
vt 0.001088 0.000000
vt 0.265075 0.000000
vt 0.265068 0.000461
vt 0.001081 0.000461
vt 0.173933 0.781230
vt 0.173933 0.522735
vt 0.254733 0.522737
vt 0.254733 0.781232
vt 0.836131 0.259122
vt 0.836131 0.000627
vt 0.916931 0.000629
vt 0.916931 0.259124
vt 0.445529 0.782375
vt 0.444686 0.782375
vt 0.444686 0.523879
vt 0.445529 0.523879
vt 0.244352 0.267896
vt 0.245194 0.267897
vt 0.245194 0.348699
vt 0.244352 0.348698
vt 0.239079 0.348698
vt 0.238237 0.348698
vt 0.238237 0.267897
vt 0.239079 0.267896
vt 0.443473 0.782375
vt 0.442630 0.782375
vt 0.442630 0.523879
vt 0.443473 0.523879
vt 0.441405 0.782375
vt 0.440562 0.782375
vt 0.440562 0.523879
vt 0.441405 0.523879
vt 0.584544 0.919407
vt 0.584544 0.768714
vt 0.665345 0.768779
vt 0.665345 0.919471
vt 0.249286 0.348698
vt 0.248444 0.348698
vt 0.248444 0.267897
vt 0.249286 0.267896
vt 0.258956 0.526400
vt 0.258113 0.526400
vt 0.258113 0.267905
vt 0.258956 0.267905
vt 0.448563 0.781289
vt 0.447720 0.781289
vt 0.447720 0.522794
vt 0.448563 0.522794
vt 0.803842 0.498638
vt 0.803656 0.266387
vt 0.879436 0.266387
vt 0.879622 0.498638
vt 0.683555 0.000627
vt 0.834416 0.000627
vt 0.834416 0.259122
vt 0.683555 0.259122
vt 0.501913 0.919477
vt 0.501913 0.768776
vt 0.582714 0.768713
vt 0.582714 0.919415
vt 0.531498 0.001069
vt 0.682336 0.001087
vt 0.682302 0.259583
vt 0.531464 0.259564
vt 0.724618 0.498651
vt 0.724798 0.266387
vt 0.800579 0.266387
vt 0.800399 0.498651
vt 0.233586 0.267612
vt 0.229409 0.274000
vt 0.004643 0.274000
vt 0.000467 0.267612
vt 0.721811 0.500775
vt 0.501456 0.500775
vt 0.501456 0.265894
vt 0.721811 0.265894
vt 0.499744 0.520454
vt 0.267270 0.520456
vt 0.267270 0.266982
vt 0.499744 0.266980
vt 0.848845 0.763134
vt 0.923588 0.763136
vt 0.923588 0.998017
vt 0.848845 0.998015
vt 0.918636 0.254377
vt 0.918636 0.000904
vt 0.994415 0.000906
vt 0.994415 0.254379
vt 0.751346 0.767891
vt 0.826090 0.767950
vt 0.826090 0.988058
vt 0.751346 0.987998
vt 0.957168 0.497758
vt 0.882423 0.497758
vt 0.882423 0.262877
vt 0.957168 0.262877
vt 0.750118 0.988011
vt 0.675373 0.988069
vt 0.675373 0.767948
vt 0.750118 0.767890
vt 0.454576 0.525044
vt 0.454929 0.528449
vt 0.453296 0.525432
vt 0.453917 0.525175
vt 0.242073 0.439269
vt 0.241968 0.436392
vt 0.243588 0.436390
vt 0.243313 0.439267
vt 0.241929 0.432975
vt 0.241963 0.429539
vt 0.243583 0.429536
vt 0.243683 0.432973
vt 0.466843 0.534771
vt 0.467078 0.531875
vt 0.467750 0.531875
vt 0.468084 0.534771
vt 0.454465 0.537668
vt 0.454241 0.534771
vt 0.455482 0.534771
vt 0.455137 0.537668
vt 0.242063 0.426605
vt 0.243303 0.426603
vt 0.468408 0.531744
vt 0.469301 0.534529
vt 0.456699 0.535013
vt 0.455796 0.537799
vt 0.245388 0.432965
vt 0.245163 0.436383
vt 0.244509 0.426598
vt 0.245158 0.429529
vt 0.477357 0.526312
vt 0.477832 0.525837
vt 0.479985 0.528492
vt 0.476984 0.526870
vt 0.244518 0.439262
vt 0.457846 0.535488
vt 0.456416 0.538056
vt 0.246978 0.432953
vt 0.246632 0.436372
vt 0.245633 0.426589
vt 0.246627 0.429518
vt 0.245643 0.439254
vt 0.469029 0.531487
vt 0.470448 0.534054
vt 0.451633 0.527459
vt 0.451890 0.526838
vt 0.243609 0.506002
vt 0.244167 0.506376
vt 0.241976 0.509023
vt 0.247939 0.436357
vt 0.246643 0.439242
vt 0.247933 0.429503
vt 0.248392 0.432937
vt 0.469587 0.531114
vt 0.471480 0.533365
vt 0.458878 0.536178
vt 0.456974 0.538430
vt 0.246633 0.426578
vt 0.237595 0.388472
vt 0.236225 0.385589
vt 0.237481 0.385605
vt 0.238556 0.388484
vt 0.235744 0.382170
vt 0.236225 0.378735
vt 0.237481 0.378752
vt 0.237103 0.382188
vt 0.470062 0.530638
vt 0.472358 0.532487
vt 0.459755 0.537056
vt 0.457449 0.538905
vt 0.237596 0.375807
vt 0.238557 0.375820
vt 0.460444 0.538088
vt 0.457822 0.539463
vt 0.238653 0.382201
vt 0.238912 0.385618
vt 0.239652 0.375830
vt 0.238913 0.378764
vt 0.464004 0.528800
vt 0.464004 0.528128
vt 0.467397 0.528462
vt 0.451523 0.540084
vt 0.451780 0.539463
vt 0.454780 0.541081
vt 0.239652 0.388494
vt 0.470436 0.530080
vt 0.473047 0.531454
vt 0.240334 0.382210
vt 0.240465 0.385626
vt 0.240841 0.375836
vt 0.240466 0.378772
vt 0.466419 0.531744
vt 0.240841 0.388500
vt 0.470693 0.529459
vt 0.473522 0.530307
vt 0.460919 0.539235
vt 0.458079 0.540084
vt 0.242080 0.385628
vt 0.242076 0.388502
vt 0.242080 0.378774
vt 0.242081 0.382212
vt 0.470824 0.528800
vt 0.473765 0.529090
vt 0.461162 0.540453
vt 0.458211 0.540743
vt 0.242077 0.375838
vt 0.243694 0.378772
vt 0.243828 0.382210
vt 0.470824 0.528128
vt 0.473765 0.527848
vt 0.461162 0.541694
vt 0.458211 0.541415
vt 0.243694 0.385626
vt 0.243312 0.375836
vt 0.243312 0.388500
vt 0.460920 0.542912
vt 0.458080 0.542074
vt 0.245507 0.382201
vt 0.245245 0.385618
vt 0.244499 0.375830
vt 0.245245 0.378764
vt 0.244499 0.388494
vt 0.470693 0.527469
vt 0.473523 0.526631
vt 0.245593 0.375820
vt 0.246675 0.378752
vt 0.464393 0.526848
vt 0.464136 0.527469
vt 0.452154 0.543253
vt 0.451781 0.542695
vt 0.246674 0.385605
vt 0.245593 0.388484
vt 0.247054 0.382188
vt 0.470436 0.526849
vt 0.473048 0.525484
vt 0.460445 0.544059
vt 0.457823 0.542695
vt 0.247927 0.385589
vt 0.246551 0.388472
vt 0.247927 0.378735
vt 0.248409 0.382170
vt 0.470063 0.526290
vt 0.472358 0.524452
vt 0.459756 0.545091
vt 0.457450 0.543253
vt 0.246552 0.375807
vt 0.469588 0.525815
vt 0.471481 0.523574
vt 0.458878 0.545969
vt 0.456975 0.543728
vt 0.236197 0.474432
vt 0.235744 0.471012
vt 0.237159 0.471028
vt 0.237504 0.474447
vt 0.236202 0.467578
vt 0.237501 0.464652
vt 0.238502 0.464664
vt 0.237510 0.467593
vt 0.237491 0.477317
vt 0.238492 0.477328
vt 0.457847 0.546659
vt 0.456417 0.544101
vt 0.238750 0.471041
vt 0.238974 0.474458
vt 0.239627 0.464673
vt 0.238979 0.467604
vt 0.238715 0.508031
vt 0.238972 0.507410
vt 0.453187 0.544102
vt 0.453807 0.544359
vt 0.239617 0.477337
vt 0.469029 0.525442
vt 0.470449 0.522884
vt 0.240549 0.474465
vt 0.240822 0.477342
vt 0.240555 0.467611
vt 0.240455 0.471048
vt 0.468409 0.525184
vt 0.469302 0.522409
vt 0.456700 0.547134
vt 0.455796 0.544359
vt 0.240832 0.464678
vt 0.242170 0.474468
vt 0.242062 0.477344
vt 0.242175 0.467614
vt 0.242209 0.471051
vt 0.467750 0.525053
vt 0.468085 0.522167
vt 0.455483 0.547376
vt 0.455138 0.544490
vt 0.242073 0.464680
vt 0.454242 0.547376
vt 0.454466 0.544490
vt 0.243945 0.471048
vt 0.243773 0.474465
vt 0.243300 0.464678
vt 0.243778 0.467611
vt 0.243290 0.477342
vt 0.467079 0.525053
vt 0.466844 0.522167
vt 0.245595 0.471041
vt 0.245297 0.474458
vt 0.244466 0.464673
vt 0.245303 0.467604
vt 0.465799 0.525441
vt 0.466420 0.525184
vt 0.244456 0.477337
vt 0.465627 0.522409
vt 0.453026 0.547134
vt 0.246685 0.474447
vt 0.245518 0.477328
vt 0.246690 0.467593
vt 0.247096 0.471028
vt 0.464480 0.522884
vt 0.451879 0.546659
vt 0.245528 0.464664
vt 0.247887 0.467578
vt 0.248391 0.471012
vt 0.465241 0.525815
vt 0.463448 0.523574
vt 0.450847 0.545969
vt 0.452629 0.543728
vt 0.247881 0.474432
vt 0.246444 0.464652
vt 0.246434 0.477317
vt 0.449970 0.545091
vt 0.236226 0.410973
vt 0.235744 0.407554
vt 0.237101 0.407570
vt 0.237480 0.410989
vt 0.236226 0.404119
vt 0.237599 0.401194
vt 0.238558 0.401205
vt 0.237480 0.404135
vt 0.237599 0.413858
vt 0.238558 0.413870
vt 0.464766 0.526290
vt 0.462571 0.524451
vt 0.239653 0.401214
vt 0.238910 0.404146
vt 0.479011 0.531766
vt 0.478391 0.531508
vt 0.457934 0.530070
vt 0.458191 0.529450
vt 0.238910 0.411000
vt 0.239653 0.413879
vt 0.238649 0.407583
vt 0.461881 0.525484
vt 0.449280 0.544059
vt 0.240462 0.411007
vt 0.240841 0.413884
vt 0.240462 0.404153
vt 0.240329 0.407590
vt 0.461406 0.526631
vt 0.448805 0.542912
vt 0.451523 0.542074
vt 0.240841 0.401220
vt 0.483027 0.530102
vt 0.482654 0.530661
vt 0.461164 0.527848
vt 0.448563 0.541694
vt 0.451392 0.541415
vt 0.242077 0.407593
vt 0.242077 0.411010
vt 0.242077 0.401221
vt 0.242077 0.404156
vt 0.242077 0.413886
vt 0.448563 0.540453
vt 0.451392 0.540743
vt 0.243824 0.407590
vt 0.243691 0.411007
vt 0.243312 0.401220
vt 0.243691 0.404153
vt 0.243312 0.413884
vt 0.461164 0.529090
vt 0.245243 0.411000
vt 0.244500 0.413879
vt 0.245243 0.404146
vt 0.245504 0.407583
vt 0.464135 0.529459
vt 0.461406 0.530307
vt 0.448805 0.539235
vt 0.244500 0.401214
vt 0.246674 0.410989
vt 0.245595 0.413870
vt 0.246674 0.404135
vt 0.247052 0.407570
vt 0.464392 0.530080
vt 0.461881 0.531454
vt 0.449280 0.538088
vt 0.245595 0.401205
vt 0.449969 0.537056
vt 0.452153 0.538905
vt 0.248410 0.407554
vt 0.247928 0.410973
vt 0.246555 0.401194
vt 0.247928 0.404119
vt 0.238584 0.509362
vt 0.238584 0.508690
vt 0.246555 0.413858
vt 0.464766 0.530638
vt 0.462570 0.532486
vt 0.236253 0.436357
vt 0.235744 0.432937
vt 0.237040 0.432953
vt 0.237451 0.436372
vt 0.236248 0.429503
vt 0.237689 0.426578
vt 0.238606 0.426589
vt 0.237446 0.429518
vt 0.237699 0.439242
vt 0.238616 0.439254
vt 0.465240 0.531113
vt 0.463448 0.533364
vt 0.450846 0.536178
vt 0.452628 0.538430
vt 0.238839 0.436383
vt 0.239678 0.439262
vt 0.238834 0.429529
vt 0.238543 0.432965
vt 0.465799 0.531487
vt 0.464480 0.534054
vt 0.451878 0.535488
vt 0.453186 0.538056
vt 0.239668 0.426598
vt 0.240359 0.429536
vt 0.240194 0.432973
vt 0.465626 0.534529
vt 0.453024 0.535013
vt 0.453807 0.537799
vt 0.240364 0.436390
vt 0.240836 0.426603
vt 0.240845 0.439267
vt 0.483283 0.527492
vt 0.483415 0.528151
vt 0.242073 0.451961
vt 0.241968 0.449084
vt 0.243588 0.449082
vt 0.243313 0.451959
vt 0.241929 0.445667
vt 0.241963 0.442230
vt 0.243583 0.442228
vt 0.243683 0.445664
vt 0.453025 0.522409
vt 0.451879 0.522884
vt 0.479011 0.525206
vt 0.478226 0.522409
vt 0.479443 0.522167
vt 0.479669 0.525075
vt 0.242063 0.439296
vt 0.243303 0.439295
vt 0.452738 0.525805
vt 0.450847 0.523573
vt 0.480684 0.522167
vt 0.480341 0.525075
vt 0.245388 0.445657
vt 0.245163 0.449075
vt 0.244509 0.439289
vt 0.245158 0.442221
vt 0.244518 0.451954
vt 0.481901 0.522409
vt 0.480999 0.525207
vt 0.246978 0.445645
vt 0.246632 0.449064
vt 0.245633 0.439281
vt 0.246627 0.442210
vt 0.245643 0.451945
vt 0.452263 0.526280
vt 0.449969 0.524451
vt 0.247938 0.449048
vt 0.246642 0.451934
vt 0.247933 0.442195
vt 0.248392 0.445629
vt 0.449280 0.525483
vt 0.483047 0.522885
vt 0.481620 0.525464
vt 0.246633 0.439269
vt 0.237595 0.363083
vt 0.236225 0.360200
vt 0.237481 0.360217
vt 0.238556 0.363096
vt 0.235744 0.356781
vt 0.236225 0.353347
vt 0.237481 0.353363
vt 0.237103 0.356799
vt 0.448805 0.526630
vt 0.484079 0.523574
vt 0.482178 0.525837
vt 0.237596 0.350419
vt 0.238557 0.350432
vt 0.484957 0.524452
vt 0.482653 0.526312
vt 0.238653 0.356813
vt 0.238913 0.360229
vt 0.239653 0.350441
vt 0.238913 0.353376
vt 0.239652 0.363105
vt 0.451502 0.528118
vt 0.448563 0.527848
vt 0.240334 0.356821
vt 0.240466 0.360237
vt 0.240841 0.350447
vt 0.240466 0.353383
vt 0.240841 0.363111
vt 0.451502 0.528790
vt 0.448563 0.529089
vt 0.485646 0.525485
vt 0.483026 0.526871
vt 0.242080 0.360240
vt 0.242077 0.363113
vt 0.242080 0.353386
vt 0.242081 0.356824
vt 0.451633 0.529449
vt 0.448805 0.530307
vt 0.486121 0.526632
vt 0.242077 0.350449
vt 0.243694 0.353383
vt 0.243828 0.356821
vt 0.451890 0.530070
vt 0.449280 0.531454
vt 0.486363 0.527849
vt 0.243694 0.360237
vt 0.243312 0.350447
vt 0.243312 0.363111
vt 0.486363 0.529091
vt 0.483415 0.528823
vt 0.245508 0.356813
vt 0.245245 0.360229
vt 0.244500 0.350441
vt 0.245246 0.353376
vt 0.455248 0.531865
vt 0.454576 0.531865
vt 0.239820 0.511675
vt 0.239346 0.511200
vt 0.244499 0.363105
vt 0.452263 0.530628
vt 0.449970 0.532486
vt 0.245593 0.350432
vt 0.246675 0.353363
vt 0.246675 0.360217
vt 0.245593 0.363096
vt 0.247054 0.356799
vt 0.452738 0.531103
vt 0.450848 0.533364
vt 0.486122 0.530308
vt 0.483284 0.529482
vt 0.247927 0.360200
vt 0.246551 0.363083
vt 0.247927 0.353347
vt 0.248410 0.356781
vt 0.453297 0.531477
vt 0.451880 0.534054
vt 0.485647 0.531455
vt 0.246552 0.350419
vt 0.453917 0.531734
vt 0.453026 0.534529
vt 0.484957 0.532487
vt 0.236197 0.499815
vt 0.235744 0.496396
vt 0.237159 0.496412
vt 0.237504 0.499831
vt 0.236202 0.492961
vt 0.237501 0.490036
vt 0.238502 0.490048
vt 0.237510 0.492977
vt 0.237491 0.502700
vt 0.238492 0.502712
vt 0.484080 0.533365
vt 0.482179 0.531136
vt 0.238750 0.496424
vt 0.238974 0.499842
vt 0.239627 0.490056
vt 0.238979 0.492988
vt 0.457561 0.530629
vt 0.457086 0.531104
vt 0.456527 0.531477
vt 0.239616 0.502721
vt 0.454244 0.534771
vt 0.240549 0.499849
vt 0.240822 0.502726
vt 0.240554 0.492995
vt 0.240455 0.496432
vt 0.455485 0.534771
vt 0.483048 0.534054
vt 0.481620 0.531509
vt 0.240832 0.490062
vt 0.242169 0.499851
vt 0.242062 0.502728
vt 0.242175 0.492997
vt 0.242209 0.496434
vt 0.455907 0.531734
vt 0.456702 0.534529
vt 0.481902 0.534529
vt 0.481000 0.531766
vt 0.242072 0.490063
vt 0.480685 0.534771
vt 0.480341 0.531897
vt 0.243944 0.496432
vt 0.243773 0.499849
vt 0.243300 0.490062
vt 0.243778 0.492995
vt 0.243290 0.502726
vt 0.457848 0.534054
vt 0.245595 0.496424
vt 0.245297 0.499842
vt 0.244466 0.490056
vt 0.245303 0.492988
vt 0.244456 0.502721
vt 0.458880 0.533365
vt 0.479444 0.534771
vt 0.479670 0.531897
vt 0.246684 0.499831
vt 0.245518 0.502712
vt 0.246690 0.492977
vt 0.247096 0.496412
vt 0.459758 0.532487
vt 0.478227 0.534529
vt 0.245528 0.490048
vt 0.247886 0.492961
vt 0.248391 0.496396
vt 0.460447 0.531455
vt 0.477081 0.534053
vt 0.247881 0.499815
vt 0.246444 0.490036
vt 0.476596 0.528821
vt 0.476596 0.528150
vt 0.241658 0.505615
vt 0.240999 0.505746
vt 0.246434 0.502700
vt 0.476049 0.533363
vt 0.477832 0.531135
vt 0.236226 0.398281
vt 0.235744 0.394862
vt 0.237101 0.394878
vt 0.237480 0.398297
vt 0.236226 0.391427
vt 0.237599 0.388502
vt 0.238558 0.388513
vt 0.237480 0.391443
vt 0.237599 0.401166
vt 0.238558 0.401178
vt 0.460922 0.530308
vt 0.239653 0.388522
vt 0.238910 0.391454
vt 0.238910 0.398308
vt 0.239653 0.401187
vt 0.238649 0.394891
vt 0.458322 0.528791
vt 0.461164 0.529090
vt 0.475171 0.532485
vt 0.477357 0.530660
vt 0.240462 0.398315
vt 0.240841 0.401192
vt 0.240462 0.391461
vt 0.240329 0.394898
vt 0.458322 0.528119
vt 0.461164 0.527849
vt 0.474482 0.531453
vt 0.476984 0.530101
vt 0.240841 0.388528
vt 0.458190 0.527460
vt 0.460922 0.526631
vt 0.474007 0.530306
vt 0.476727 0.529480
vt 0.242077 0.394901
vt 0.242077 0.398318
vt 0.242077 0.388529
vt 0.242077 0.391464
vt 0.242077 0.401194
vt 0.473765 0.529089
vt 0.243824 0.394898
vt 0.243691 0.398315
vt 0.243312 0.388528
vt 0.243691 0.391461
vt 0.243312 0.401192
vt 0.457933 0.526839
vt 0.460447 0.525484
vt 0.492580 0.528476
vt 0.495623 0.526859
vt 0.495880 0.527480
vt 0.457560 0.526280
vt 0.457085 0.525805
vt 0.245243 0.398308
vt 0.244500 0.401187
vt 0.245243 0.391454
vt 0.245504 0.394891
vt 0.459757 0.524452
vt 0.473764 0.527847
vt 0.244500 0.388522
vt 0.246674 0.398297
vt 0.245595 0.401178
vt 0.246674 0.391443
vt 0.247052 0.394878
vt 0.458879 0.523574
vt 0.474006 0.526630
vt 0.476727 0.527491
vt 0.245595 0.388513
vt 0.490429 0.525825
vt 0.489954 0.526300
vt 0.474481 0.525483
vt 0.248410 0.394862
vt 0.247928 0.398281
vt 0.246555 0.388502
vt 0.247928 0.391427
vt 0.246555 0.401166
vt 0.456527 0.525432
vt 0.457847 0.522884
vt 0.236253 0.449048
vt 0.235744 0.445629
vt 0.237040 0.445645
vt 0.237451 0.449064
vt 0.236248 0.442195
vt 0.237689 0.439269
vt 0.238606 0.439281
vt 0.237446 0.442210
vt 0.489954 0.530648
vt 0.490428 0.531124
vt 0.237699 0.451934
vt 0.238616 0.451945
vt 0.455906 0.525175
vt 0.456701 0.522409
vt 0.475170 0.524451
vt 0.238839 0.449075
vt 0.239678 0.451954
vt 0.238834 0.442221
vt 0.238543 0.445657
vt 0.455247 0.525044
vt 0.455483 0.522167
vt 0.476048 0.523573
vt 0.239668 0.439289
vt 0.240359 0.442228
vt 0.240194 0.445664
vt 0.454242 0.522167
vt 0.477079 0.522884
vt 0.478390 0.525463
vt 0.240364 0.449082
vt 0.240836 0.439295
vt 0.492938 0.525064
vt 0.492266 0.525064
vt 0.240845 0.451959
vt 0.242073 0.464652
vt 0.241968 0.461775
vt 0.243588 0.461773
vt 0.243313 0.464650
vt 0.241929 0.458358
vt 0.241962 0.454922
vt 0.243583 0.454919
vt 0.243683 0.458356
vt 0.241424 0.515333
vt 0.241658 0.512436
vt 0.242330 0.512436
vt 0.242665 0.515332
vt 0.492043 0.522167
vt 0.493283 0.522167
vt 0.242063 0.451988
vt 0.243303 0.451986
vt 0.242989 0.512305
vt 0.243882 0.515090
vt 0.494500 0.522409
vt 0.493596 0.525195
vt 0.245388 0.458348
vt 0.245163 0.461766
vt 0.244509 0.451981
vt 0.245158 0.454912
vt 0.244518 0.464645
vt 0.495647 0.522884
vt 0.494217 0.525452
vt 0.246978 0.458336
vt 0.246632 0.461755
vt 0.245633 0.451972
vt 0.246627 0.454901
vt 0.245643 0.464637
vt 0.243609 0.512048
vt 0.245029 0.514615
vt 0.247938 0.461740
vt 0.246642 0.464625
vt 0.247933 0.454886
vt 0.248392 0.458320
vt 0.244168 0.511674
vt 0.246060 0.513925
vt 0.496678 0.523574
vt 0.494775 0.525825
vt 0.246633 0.451961
vt 0.237595 0.375777
vt 0.236225 0.372894
vt 0.237481 0.372911
vt 0.238556 0.375790
vt 0.235744 0.369475
vt 0.236225 0.366041
vt 0.237481 0.366057
vt 0.237103 0.369494
vt 0.244642 0.511199
vt 0.246938 0.513047
vt 0.497556 0.524452
vt 0.495250 0.526300
vt 0.237596 0.363113
vt 0.238557 0.363126
vt 0.498245 0.525485
vt 0.238653 0.369507
vt 0.238912 0.372924
vt 0.239653 0.363136
vt 0.238913 0.366070
vt 0.239652 0.375800
vt 0.245016 0.510641
vt 0.247627 0.512015
vt 0.240334 0.369515
vt 0.240465 0.372931
vt 0.240841 0.363141
vt 0.240466 0.366078
vt 0.245273 0.508030
vt 0.245015 0.507409
vt 0.245273 0.510020
vt 0.245404 0.509361
vt 0.240841 0.375806
vt 0.248102 0.510868
vt 0.498720 0.526632
vt 0.242080 0.372934
vt 0.242077 0.375807
vt 0.242080 0.366080
vt 0.242081 0.369518
vt 0.248344 0.509650
vt 0.498962 0.527849
vt 0.496011 0.528139
vt 0.242077 0.363143
vt 0.243694 0.366078
vt 0.243828 0.369515
vt 0.245404 0.508689
vt 0.248344 0.508409
vt 0.498962 0.529091
vt 0.496011 0.528811
vt 0.243694 0.372931
vt 0.243312 0.363141
vt 0.243312 0.375806
vt 0.498720 0.530308
vt 0.495880 0.529470
vt 0.245507 0.369507
vt 0.245245 0.372924
vt 0.244500 0.363136
vt 0.245245 0.366070
vt 0.244499 0.375800
vt 0.248102 0.507191
vt 0.245593 0.363126
vt 0.246675 0.366057
vt 0.246674 0.372911
vt 0.245593 0.375790
vt 0.247054 0.369494
vt 0.247627 0.506044
vt 0.498245 0.531455
vt 0.495623 0.530090
vt 0.247927 0.372894
vt 0.246551 0.375777
vt 0.247927 0.366041
vt 0.248410 0.369475
vt 0.244642 0.506851
vt 0.246938 0.505012
vt 0.497555 0.532487
vt 0.495250 0.530649
vt 0.246552 0.363113
vt 0.246060 0.504134
vt 0.496678 0.533365
vt 0.494775 0.531124
vt 0.236197 0.487124
vt 0.235744 0.483704
vt 0.237159 0.483720
vt 0.237504 0.487139
vt 0.236202 0.480270
vt 0.237501 0.477344
vt 0.238502 0.477356
vt 0.237510 0.480285
vt 0.494216 0.531497
vt 0.237491 0.490008
vt 0.238492 0.490020
vt 0.495646 0.534055
vt 0.238750 0.483733
vt 0.238974 0.487150
vt 0.239627 0.477364
vt 0.238979 0.480296
vt 0.239616 0.490029
vt 0.245028 0.503445
vt 0.240549 0.487157
vt 0.240822 0.490034
vt 0.240554 0.480303
vt 0.240455 0.483740
vt 0.242988 0.505745
vt 0.243882 0.502970
vt 0.494500 0.534529
vt 0.493596 0.531754
vt 0.240832 0.477370
vt 0.242170 0.487159
vt 0.242062 0.490036
vt 0.242175 0.480306
vt 0.242209 0.483743
vt 0.242330 0.505614
vt 0.242664 0.502728
vt 0.493283 0.534771
vt 0.492937 0.531885
vt 0.242073 0.477372
vt 0.492042 0.534771
vt 0.492266 0.531885
vt 0.243945 0.483740
vt 0.243773 0.487157
vt 0.243300 0.477370
vt 0.243778 0.480303
vt 0.243290 0.490034
vt 0.241423 0.502728
vt 0.245595 0.483733
vt 0.245297 0.487150
vt 0.244466 0.477364
vt 0.245303 0.480296
vt 0.244456 0.490029
vt 0.240206 0.502970
vt 0.490825 0.534529
vt 0.491607 0.531754
vt 0.246685 0.487139
vt 0.245518 0.490020
vt 0.246690 0.480285
vt 0.247096 0.483720
vt 0.240379 0.506003
vt 0.239060 0.503445
vt 0.489679 0.534054
vt 0.490987 0.531497
vt 0.245528 0.477356
vt 0.247887 0.480270
vt 0.248391 0.483704
vt 0.239820 0.506376
vt 0.238028 0.504135
vt 0.488647 0.533364
vt 0.247881 0.487124
vt 0.246444 0.477344
vt 0.246434 0.490008
vt 0.487770 0.532486
vt 0.236226 0.423665
vt 0.235744 0.420246
vt 0.237101 0.420262
vt 0.237480 0.423681
vt 0.236226 0.416811
vt 0.237599 0.413886
vt 0.238558 0.413898
vt 0.237480 0.416827
vt 0.237599 0.426550
vt 0.238558 0.426562
vt 0.239345 0.506851
vt 0.237150 0.505013
vt 0.239653 0.413906
vt 0.238910 0.416838
vt 0.238910 0.423692
vt 0.239653 0.426571
vt 0.238649 0.420275
vt 0.236461 0.506045
vt 0.487080 0.531454
vt 0.489581 0.530090
vt 0.240462 0.423699
vt 0.240841 0.426576
vt 0.240462 0.416845
vt 0.240329 0.420282
vt 0.235986 0.507192
vt 0.486605 0.530307
vt 0.489324 0.529469
vt 0.240841 0.413912
vt 0.235744 0.508410
vt 0.486363 0.529089
vt 0.489193 0.528810
vt 0.242077 0.420285
vt 0.242077 0.423702
vt 0.242077 0.413913
vt 0.242077 0.416848
vt 0.489193 0.528138
vt 0.242077 0.426578
vt 0.486363 0.527847
vt 0.243824 0.420282
vt 0.243691 0.423699
vt 0.243312 0.413912
vt 0.243691 0.416845
vt 0.243312 0.426576
vt 0.235744 0.509652
vt 0.245243 0.423692
vt 0.244500 0.426571
vt 0.245243 0.416838
vt 0.245504 0.420275
vt 0.238715 0.510020
vt 0.235986 0.510869
vt 0.486605 0.526630
vt 0.489324 0.527479
vt 0.244500 0.413906
vt 0.246674 0.423681
vt 0.245595 0.426562
vt 0.246674 0.416827
vt 0.247052 0.420262
vt 0.238972 0.510641
vt 0.236461 0.512016
vt 0.487080 0.525483
vt 0.489581 0.526858
vt 0.245595 0.413898
vt 0.487770 0.524451
vt 0.248410 0.420246
vt 0.247928 0.423665
vt 0.246555 0.413886
vt 0.247928 0.416811
vt 0.246555 0.426550
vt 0.237150 0.513048
vt 0.236253 0.461740
vt 0.235744 0.458320
vt 0.237040 0.458336
vt 0.237451 0.461755
vt 0.236248 0.454886
vt 0.237689 0.451961
vt 0.238606 0.451972
vt 0.237446 0.454901
vt 0.237699 0.464625
vt 0.238616 0.464637
vt 0.238028 0.513926
vt 0.488647 0.523573
vt 0.238839 0.461766
vt 0.239678 0.464645
vt 0.238834 0.454912
vt 0.238543 0.458348
vt 0.240379 0.512048
vt 0.239060 0.514616
vt 0.489679 0.522884
vt 0.490987 0.525452
vt 0.239668 0.451981
vt 0.240359 0.454919
vt 0.240193 0.458356
vt 0.241000 0.512305
vt 0.240207 0.515091
vt 0.490826 0.522409
vt 0.491608 0.525195
vt 0.240364 0.461773
vt 0.240836 0.451986
vt 0.240845 0.464650
vt 0.266789 0.265260
vt 0.266190 0.265241
vt 0.266173 0.264643
vt 0.439458 0.523388
vt 0.438982 0.523394
vt 0.438970 0.522795
vt 0.439320 0.522790
vt 0.438367 0.522777
vt 0.438391 0.522318
vt 0.438988 0.522457
vt 0.674759 0.502029
vt 0.674775 0.501432
vt 0.675375 0.501413
vt 0.674295 0.502029
vt 0.674434 0.501432
vt 0.531387 0.264651
vt 0.531366 0.265248
vt 0.530771 0.265267
vt 0.500834 0.766508
vt 0.501301 0.766508
vt 0.501316 0.767105
vt 0.500973 0.767105
vt 0.501917 0.767125
vt 0.501903 0.767577
vt 0.501306 0.767438
vt 0.438982 0.787383
vt 0.438970 0.787977
vt 0.438367 0.787998
vt 0.439458 0.787376
vt 0.439320 0.787973
vt 0.438988 0.788305
vt 0.675376 0.766673
vt 0.674771 0.766646
vt 0.674749 0.766046
vt 0.001086 0.522234
vt 0.001111 0.522702
vt 0.000503 0.522726
vt 0.000485 0.522397
vt 0.000485 0.523329
vt 0.000000 0.523322
vt 0.000161 0.522722
vt 0.266163 0.000627
vt 0.266187 0.000027
vt 0.266789 0.000000
vt 0.674276 0.766046
vt 0.674439 0.766646
vt 0.530771 0.000018
vt 0.531366 0.000038
vt 0.531387 0.000634
vt 0.000000 0.787310
vt 0.000477 0.787317
vt 0.000489 0.787911
vt 0.000138 0.787907
vt 0.001092 0.787932
vt 0.501903 0.501422
vt 0.501917 0.501875
vt 0.501316 0.501895
vt 0.501306 0.501562
vt 0.501301 0.502491
vt 0.500834 0.502491
vt 0.500973 0.501894
vt 0.000471 0.788239
vt 0.847135 0.501402
vt 0.847731 0.501429
vt 0.847762 0.502029
vt 0.266813 0.522167
vt 0.266788 0.522634
vt 0.266198 0.522658
vt 0.266215 0.522329
vt 0.266163 0.523260
vt 0.265075 0.266192
vt 0.265068 0.265731
vt 0.265671 0.265705
vt 0.265676 0.266029
vt 0.265695 0.265105
vt 0.266163 0.265105
vt 0.266000 0.265705
vt 0.001081 0.265731
vt 0.000483 0.265705
vt 0.000454 0.265105
vt 0.001088 0.266192
vt 0.000488 0.266029
vt 0.266788 0.787877
vt 0.266198 0.787847
vt 0.266163 0.787249
vt 0.673635 0.767594
vt 0.673650 0.767134
vt 0.674245 0.767107
vt 0.674235 0.767431
vt 0.674276 0.766507
vt 0.000000 0.265105
vt 0.000163 0.265705
vt 0.847762 0.766046
vt 0.847731 0.766646
vt 0.847135 0.766673
vt 0.266163 0.001088
vt 0.265695 0.001088
vt 0.265671 0.000487
vt 0.266000 0.000487
vt 0.265676 0.000163
vt 0.172678 0.522576
vt 0.173269 0.522600
vt 0.173304 0.523202
vt 0.172653 0.522108
vt 0.173251 0.522271
vt 0.173286 0.787191
vt 0.173251 0.787788
vt 0.172660 0.787818
vt 0.000483 0.000487
vt 0.000488 0.000163
vt 0.000454 0.001088
vt 0.000000 0.001088
vt 0.000163 0.000487
vt 0.673650 0.501863
vt 0.674245 0.501889
vt 0.674276 0.502490
vt 0.673635 0.501402
vt 0.674235 0.501565
vt 0.246794 0.267101
vt 0.246823 0.266850
vt 0.247427 0.267278
vt 0.446427 0.263326
vt 0.445505 0.263784
vt 0.445754 0.263353
vt 0.446180 0.263140
vt 0.444704 0.264398
vt 0.445320 0.263600
vt 0.445785 0.262684
vt 0.445971 0.262932
vt 0.445524 0.523263
vt 0.446123 0.522834
vt 0.446147 0.523082
vt 0.247450 0.266818
vt 0.246834 0.266639
vt 0.247427 0.349311
vt 0.246823 0.349743
vt 0.246794 0.349498
vt 0.247450 0.349757
vt 0.246834 0.349948
vt 0.444092 0.783173
vt 0.444067 0.783420
vt 0.443467 0.782991
vt 0.529464 0.262687
vt 0.529914 0.263602
vt 0.529485 0.263355
vt 0.529279 0.262934
vt 0.530524 0.264401
vt 0.529729 0.263787
vt 0.528822 0.263328
vt 0.529070 0.263143
vt 0.443467 0.523263
vt 0.444067 0.522834
vt 0.444092 0.523081
vt 0.249252 0.349757
vt 0.249276 0.349311
vt 0.249880 0.349743
vt 0.249869 0.349948
vt 0.249909 0.349498
vt 0.528822 0.001954
vt 0.529729 0.001497
vt 0.529485 0.001928
vt 0.529070 0.002140
vt 0.529914 0.001682
vt 0.529464 0.002596
vt 0.529279 0.002348
vt 0.446147 0.783173
vt 0.446123 0.783420
vt 0.445524 0.782991
vt 0.445785 0.002593
vt 0.445320 0.001679
vt 0.445754 0.001926
vt 0.445971 0.002346
vt 0.444704 0.000882
vt 0.445505 0.001495
vt 0.446427 0.001952
vt 0.446180 0.002137
vt 0.249276 0.267277
vt 0.249880 0.266850
vt 0.249909 0.267101
vt 0.249252 0.266818
vt 0.249869 0.266639
vt 0.240664 0.267101
vt 0.240693 0.266850
vt 0.241296 0.267278
vt 0.268765 0.263321
vt 0.267843 0.263779
vt 0.268092 0.263348
vt 0.268518 0.263135
vt 0.267659 0.263595
vt 0.268123 0.262679
vt 0.268309 0.262927
vt 0.441400 0.523263
vt 0.441999 0.522834
vt 0.442023 0.523082
vt 0.241320 0.266818
vt 0.240704 0.266639
vt 0.241296 0.349311
vt 0.240693 0.349743
vt 0.240664 0.349498
vt 0.241320 0.349758
vt 0.240704 0.349948
vt 0.259575 0.527198
vt 0.259550 0.527446
vt 0.258950 0.527016
vt 0.351802 0.262682
vt 0.352252 0.263597
vt 0.351823 0.263350
vt 0.351617 0.262929
vt 0.352862 0.264395
vt 0.352068 0.263782
vt 0.351160 0.263323
vt 0.351408 0.263138
vt 0.258950 0.267289
vt 0.259550 0.266859
vt 0.259575 0.267107
vt 0.235978 0.349757
vt 0.236003 0.349311
vt 0.236606 0.349743
vt 0.236595 0.349948
vt 0.236635 0.349498
vt 0.351160 0.001949
vt 0.352068 0.001492
vt 0.351823 0.001923
vt 0.351408 0.002134
vt 0.352862 0.000879
vt 0.352252 0.001677
vt 0.351802 0.002591
vt 0.351617 0.002343
vt 0.442023 0.783173
vt 0.441999 0.783420
vt 0.441400 0.782991
vt 0.268123 0.002588
vt 0.267659 0.001674
vt 0.268092 0.001921
vt 0.268309 0.002341
vt 0.267042 0.000877
vt 0.267843 0.001490
vt 0.268765 0.001947
vt 0.268518 0.002132
vt 0.236003 0.267277
vt 0.236606 0.266850
vt 0.236635 0.267101
vt 0.235978 0.266818
vt 0.236595 0.266639
vt 0.243729 0.267101
vt 0.243758 0.266850
vt 0.244361 0.267278
vt 0.357596 0.263324
vt 0.356674 0.263782
vt 0.356923 0.263350
vt 0.357349 0.263138
vt 0.356489 0.263597
vt 0.353391 0.264441
vt 0.357140 0.262929
vt 0.357149 0.261883
vt 0.357335 0.262499
vt 0.244385 0.266818
vt 0.243769 0.266639
vt 0.244361 0.349311
vt 0.243758 0.349743
vt 0.243729 0.349498
vt 0.244385 0.349758
vt 0.243769 0.349948
vt 0.262616 0.527198
vt 0.262591 0.527446
vt 0.261991 0.527016
vt 0.440633 0.262684
vt 0.441083 0.263600
vt 0.440654 0.263353
vt 0.440448 0.262932
vt 0.440899 0.263784
vt 0.439991 0.263326
vt 0.440239 0.263140
vt 0.261991 0.267289
vt 0.262591 0.266859
vt 0.262616 0.267107
vt 0.239045 0.349757
vt 0.239069 0.349311
vt 0.239673 0.349743
vt 0.239661 0.349948
vt 0.239702 0.349498
vt 0.439991 0.001951
vt 0.440899 0.001495
vt 0.440654 0.001926
vt 0.440239 0.002137
vt 0.441693 0.000882
vt 0.441083 0.001679
vt 0.440633 0.002593
vt 0.440448 0.002346
vt 0.357149 0.003388
vt 0.353391 0.004350
vt 0.357140 0.002343
vt 0.357335 0.002772
vt 0.356489 0.001677
vt 0.356923 0.001923
vt 0.355873 0.000879
vt 0.356674 0.001492
vt 0.357596 0.001949
vt 0.357349 0.002135
vt 0.239069 0.267277
vt 0.239673 0.266850
vt 0.239702 0.267101
vt 0.239045 0.266818
vt 0.239661 0.266639
vt 0.248269 0.267278
vt 0.248293 0.266819
vt 0.248410 0.266826
vt 0.444563 0.523253
vt 0.444681 0.523263
vt 0.665964 0.919462
vt 0.666424 0.919438
vt 0.666417 0.919555
vt 0.683443 -0.000000
vt 0.683560 0.000010
vt 0.442624 0.782991
vt 0.442609 0.783444
vt 0.442492 0.783437
vt 0.248387 0.349322
vt 0.248269 0.349312
vt 0.257001 0.266192
vt 0.257002 0.266819
vt 0.257001 0.266833
vt 0.257002 0.266203
vt 0.531387 0.000442
vt 0.531504 0.000453
vt 0.531519 0.000000
vt 0.500834 0.919444
vt 0.501294 0.919468
vt 0.501283 0.919585
vt 0.442609 0.522810
vt 0.442624 0.523263
vt 0.442506 0.523253
vt 0.257002 0.266833
vt 0.257006 0.266206
vt 0.257002 0.266192
vt 0.257006 0.266822
vt 0.242138 0.267268
vt 0.242746 0.267292
vt 0.242764 0.267895
vt 0.242162 0.266800
vt 0.242763 0.266963
vt 0.439931 0.523879
vt 0.439953 0.523279
vt 0.440557 0.523253
vt 0.439458 0.523879
vt 0.439620 0.523279
vt 0.173931 0.781857
vt 0.173328 0.781831
vt 0.173304 0.781230
vt 0.243248 0.267889
vt 0.243087 0.267288
vt 0.242764 0.348697
vt 0.242746 0.349294
vt 0.242138 0.349323
vt 0.243248 0.348690
vt 0.243087 0.349290
vt 0.255357 0.781233
vt 0.255328 0.781833
vt 0.254730 0.781860
vt 0.257006 0.526400
vt 0.257481 0.526400
vt 0.257503 0.527000
vt 0.257168 0.527000
vt 0.258108 0.527027
vt 0.258093 0.527488
vt 0.257493 0.527325
vt 0.242763 0.349614
vt 0.440557 0.783002
vt 0.439953 0.782975
vt 0.439931 0.782375
vt 0.235136 0.266800
vt 0.235161 0.267268
vt 0.234553 0.267292
vt 0.234536 0.266963
vt 0.234536 0.267895
vt 0.234051 0.267889
vt 0.234212 0.267288
vt 0.173304 0.522735
vt 0.173328 0.522135
vt 0.173931 0.522108
vt 0.439458 0.782375
vt 0.439620 0.782975
vt 0.257481 0.267905
vt 0.257503 0.267304
vt 0.258108 0.267278
vt 0.257006 0.267905
vt 0.257168 0.267304
vt 0.254730 0.522111
vt 0.255328 0.522138
vt 0.255357 0.522738
vt 0.234051 0.348690
vt 0.234536 0.348696
vt 0.234553 0.349294
vt 0.234212 0.349290
vt 0.235161 0.349323
vt 0.258093 0.266817
vt 0.257493 0.266980
vt 0.234536 0.349614
vt 0.245203 0.267268
vt 0.245811 0.267292
vt 0.245829 0.267895
vt 0.245227 0.266800
vt 0.245828 0.266963
vt 0.447089 0.522794
vt 0.447111 0.522193
vt 0.447715 0.522167
vt 0.446616 0.522794
vt 0.446778 0.522193
vt 0.836128 0.259749
vt 0.835526 0.259722
vt 0.835502 0.259122
vt 0.246313 0.267889
vt 0.246152 0.267288
vt 0.245829 0.348697
vt 0.245811 0.349294
vt 0.245203 0.349323
vt 0.246313 0.348690
vt 0.246152 0.349290
vt 0.917555 0.259124
vt 0.917526 0.259725
vt 0.916928 0.259751
vt 0.260047 0.526400
vt 0.260522 0.526400
vt 0.260543 0.527000
vt 0.260209 0.527000
vt 0.261148 0.527027
vt 0.261134 0.527488
vt 0.260533 0.527325
vt 0.245828 0.349614
vt 0.447715 0.781916
vt 0.447111 0.781889
vt 0.447089 0.781289
vt 0.238203 0.266800
vt 0.238228 0.267268
vt 0.237620 0.267292
vt 0.237602 0.266963
vt 0.237602 0.267895
vt 0.237117 0.267889
vt 0.237278 0.267288
vt 0.835502 0.000627
vt 0.835526 0.000027
vt 0.836128 0.000000
vt 0.446616 0.781289
vt 0.446778 0.781889
vt 0.260522 0.267905
vt 0.260543 0.267304
vt 0.261148 0.267278
vt 0.260047 0.267905
vt 0.260209 0.267304
vt 0.916928 0.000002
vt 0.917526 0.000029
vt 0.917555 0.000629
vt 0.237117 0.348690
vt 0.237602 0.348696
vt 0.237620 0.349294
vt 0.237278 0.349290
vt 0.238228 0.349323
vt 0.261134 0.266817
vt 0.260533 0.266980
vt 0.237602 0.349614
vt 0.583920 0.768705
vt 0.583949 0.768096
vt 0.584547 0.768079
vt 0.682321 0.260670
vt 0.682307 0.260210
vt 0.682912 0.260183
vt 0.682922 0.260508
vt 0.682934 0.259583
vt 0.683409 0.259583
vt 0.683246 0.260183
vt 0.848386 0.760524
vt 0.848389 0.761151
vt 0.847791 0.761124
vt 0.847762 0.760524
vt 0.584553 0.767594
vt 0.583953 0.767755
vt 0.583629 0.768079
vt 0.929186 0.760527
vt 0.929805 0.760526
vt 0.929788 0.761123
vt 0.929189 0.761142
vt 0.835502 0.000627
vt 0.835037 0.000627
vt 0.835021 0.000030
vt 0.835363 0.000030
vt 0.834421 0.000010
vt 0.666424 0.768745
vt 0.665964 0.768769
vt 0.665947 0.768166
vt 0.666285 0.768148
vt 0.665348 0.768154
vt 0.665355 0.767677
vt 0.665952 0.767816
vt 0.682341 0.000461
vt 0.682946 0.000487
vt 0.682968 0.001087
vt 0.682356 0.000000
vt 0.682957 0.000163
vt 0.582712 0.768079
vt 0.583310 0.768096
vt 0.583338 0.768704
vt 0.582705 0.767594
vt 0.583305 0.767755
vt 0.848386 0.502029
vt 0.847762 0.502029
vt 0.847791 0.501428
vt 0.848389 0.501402
vt 0.683443 0.001088
vt 0.683281 0.000487
vt 0.583629 0.768079
vt 0.929186 0.502032
vt 0.929189 0.501415
vt 0.929787 0.501434
vt 0.929805 0.502031
vt 0.501903 0.767675
vt 0.501910 0.768151
vt 0.501311 0.768163
vt 0.501306 0.767813
vt 0.501294 0.768767
vt 0.500834 0.768743
vt 0.500973 0.768146
vt 0.835037 0.259122
vt 0.835021 0.259719
vt 0.834421 0.259738
vt 0.835502 0.259122
vt 0.835363 0.259719
vt 0.723823 0.499273
vt 0.723573 0.499295
vt 0.724003 0.498729
vt 0.850109 0.759452
vt 0.849187 0.759911
vt 0.849437 0.759393
vt 0.849862 0.759234
vt 0.849006 0.759529
vt 0.849469 0.758539
vt 0.849655 0.758941
vt 0.233476 0.266895
vt 0.233974 0.266485
vt 0.234051 0.266887
vt 0.233354 0.266371
vt 0.233923 0.266192
vt 0.801013 0.498641
vt 0.801444 0.499245
vt 0.801199 0.499273
vt 0.801459 0.498617
vt 0.801650 0.499234
vt 0.500363 0.521252
vt 0.500338 0.521499
vt 0.499738 0.521070
vt 0.928125 0.758813
vt 0.928575 0.759728
vt 0.928146 0.759481
vt 0.927940 0.759060
vt 0.928391 0.759913
vt 0.927483 0.759454
vt 0.927731 0.759269
vt 0.499738 0.266364
vt 0.500338 0.265934
vt 0.500363 0.266182
vt 0.802782 0.498603
vt 0.803228 0.498628
vt 0.802797 0.499231
vt 0.802591 0.499220
vt 0.803042 0.499260
vt 0.927483 0.503101
vt 0.928391 0.502645
vt 0.928146 0.503076
vt 0.927731 0.503287
vt 0.928575 0.502829
vt 0.928125 0.503743
vt 0.927940 0.503496
vt 0.849006 0.503024
vt 0.849187 0.502642
vt 0.850109 0.503099
vt 0.849862 0.503318
vt 0.849437 0.503159
vt 0.880238 0.498715
vt 0.880667 0.499281
vt 0.880418 0.499260
vt 0.233354 0.521930
vt 0.233476 0.521405
vt 0.233974 0.521815
vt 0.233923 0.522108
vt 0.233586 0.520688
vt 0.234051 0.521414
vt 0.849469 0.504013
vt 0.849655 0.503611
vt 0.724182 0.266287
vt 0.724200 0.265720
vt 0.724796 0.265761
vt 0.000665 0.266371
vt 0.000567 0.266895
vt 0.000069 0.266886
vt 0.000105 0.266509
vt -0.000000 0.267559
vt 0.917555 0.254233
vt 0.918012 0.254304
vt 0.918030 0.254934
vt 0.917696 0.254906
vt 0.918633 0.254994
vt 0.724790 0.265285
vt 0.724188 0.265384
vt 0.918032 0.255283
vt 0.800577 0.265752
vt 0.801175 0.265770
vt 0.801203 0.266378
vt 0.800570 0.265267
vt 0.801170 0.265429
vt 0.995039 0.254380
vt 0.995010 0.254980
vt 0.994412 0.255006
vt 0.266163 0.520456
vt 0.266638 0.520456
vt 0.266659 0.521056
vt 0.266325 0.521056
vt 0.267264 0.521083
vt 0.267250 0.521543
vt 0.266649 0.521380
vt 0.801494 0.265753
vt 0.000467 0.520688
vt 0.000567 0.521405
vt 0.000069 0.521415
vt 0.000000 0.520742
vt 0.000665 0.521930
vt 0.000105 0.521792
vt 0.879439 0.265762
vt 0.880035 0.265721
vt 0.880052 0.266287
vt 0.879445 0.265285
vt 0.880047 0.265384
vt 0.918012 0.000977
vt 0.918030 0.000347
vt 0.918633 0.000288
vt 0.917555 0.001050
vt 0.917696 0.000377
vt 0.918032 -0.000000
vt 0.266638 0.266982
vt 0.266659 0.266382
vt 0.267264 0.266355
vt 0.266163 0.266982
vt 0.266325 0.266381
vt 0.994412 0.000279
vt 0.995010 0.000306
vt 0.995039 0.000906
vt 0.803664 0.265267
vt 0.803658 0.265752
vt 0.803060 0.265770
vt 0.803064 0.265428
vt 0.803032 0.266378
vt 0.267250 0.265894
vt 0.266649 0.266057
vt 0.802740 0.265752
vt 0.848224 0.762139
vt 0.848247 0.762003
vt 0.848848 0.762518
vt 0.228584 0.512586
vt 0.228944 0.513575
vt 0.228534 0.513175
vt 0.228398 0.512722
vt 0.005399 0.274715
vt 0.228643 0.513586
vt 0.227829 0.513058
vt 0.228155 0.512878
vt 0.750115 0.767265
vt 0.750711 0.766924
vt 0.750732 0.767260
vt 0.750109 0.766789
vt 0.750715 0.766673
vt 0.848848 0.998631
vt 0.848247 0.999146
vt 0.848224 0.999010
vt 0.751355 0.766789
vt 0.751348 0.767265
vt 0.750753 0.766924
vt 0.750749 0.766673
vt 0.750732 0.767260
vt 0.227829 0.275243
vt 0.228643 0.274715
vt 0.228534 0.275126
vt 0.228155 0.275422
vt 0.228944 0.274726
vt 0.228584 0.275714
vt 0.228398 0.275579
vt 0.751348 0.988603
vt 0.750753 0.988967
vt 0.750732 0.988650
vt 0.751355 0.989031
vt 0.750749 0.989201
vt 0.957788 0.498753
vt 0.957765 0.498889
vt 0.957165 0.498374
vt 0.005435 0.275714
vt 0.005099 0.274726
vt 0.005502 0.275126
vt 0.005620 0.275579
vt 0.006190 0.275243
vt 0.005863 0.275422
vt 0.750732 0.988663
vt 0.750711 0.988980
vt 0.750115 0.988616
vt 0.006190 0.513058
vt 0.005399 0.513586
vt 0.005502 0.513175
vt 0.005863 0.512878
vt 0.229409 0.514300
vt 0.004643 0.514300
vt 0.005099 0.513575
vt 0.005435 0.512586
vt 0.005620 0.512722
vt 0.957165 0.262260
vt 0.957765 0.261746
vt 0.957788 0.261881
vt 0.750109 0.989045
vt 0.750715 0.989215
vt 0.924217 0.998017
vt 0.924194 0.998617
vt 0.923591 0.998644
vt 0.722914 0.265894
vt 0.722442 0.265894
vt 0.722420 0.265294
vt 0.722752 0.265294
vt 0.721815 0.265267
vt 0.827187 0.767917
vt 0.826720 0.767942
vt 0.826696 0.767334
vt 0.827025 0.767316
vt 0.826093 0.767315
vt 0.826100 0.766830
vt 0.826700 0.766992
vt 0.923591 0.762509
vt 0.924194 0.762535
vt 0.924217 0.763136
vt 0.675364 0.766829
vt 0.675371 0.767313
vt 0.674768 0.767332
vt 0.674763 0.766991
vt 0.674744 0.767940
vt 0.674276 0.767916
vt 0.674439 0.767315
vt 0.722442 0.500775
vt 0.722420 0.501375
vt 0.721815 0.501402
vt 0.722914 0.500775
vt 0.722752 0.501375
vt 0.675371 0.988686
vt 0.674768 0.988651
vt 0.674744 0.988060
vt 0.882414 0.261789
vt 0.882420 0.262250
vt 0.881818 0.262276
vt 0.881813 0.261952
vt 0.881794 0.262877
vt 0.881326 0.262877
vt 0.881489 0.262276
vt 0.501461 0.501402
vt 0.500865 0.501375
vt 0.500834 0.500775
vt 0.674276 0.988036
vt 0.674439 0.988634
vt 0.826720 0.988049
vt 0.826696 0.988640
vt 0.826093 0.988675
vt 0.827187 0.988025
vt 0.827025 0.988622
vt 0.500834 0.265894
vt 0.500865 0.265294
vt 0.501461 0.265267
vt 0.881326 0.497758
vt 0.881794 0.497758
vt 0.881818 0.498358
vt 0.881489 0.498358
vt 0.882420 0.498385
vt 0.882414 0.498845
vt 0.881813 0.498682
vt 0.354368 0.264646
vt 0.443199 0.000632
vt 0.354368 0.000629
vt 0.246313 0.350419
vt 0.246313 0.266192
vt 0.446616 0.522167
vt 0.446616 0.784088
vt 0.444563 0.522167
vt 0.444563 0.784088
vt 0.250390 0.266192
vt 0.250390 0.350419
vt 0.240183 0.350419
vt 0.240183 0.266192
vt 0.442492 0.522167
vt 0.442492 0.784088
vt 0.260047 0.266192
vt 0.260047 0.528113
vt 0.237117 0.266192
vt 0.237117 0.350419
vt 0.243248 0.350419
vt 0.243248 0.266192
vt 0.263088 0.528113
vt 0.263088 0.266192
vt 0.266163 0.268864
vt 0.266163 0.528955
vt 0.240183 0.266192
vt 0.240183 0.350419
vt 0.248434 0.267278
vt 0.248410 0.266819
vt 0.444681 0.782991
vt 0.248434 0.349312
vt 0.443453 0.522810
vt 0.258936 0.266836
vt 0.258936 0.527469
vt 0.448558 0.522177
vt 0.448558 0.781905
vt 0.443453 0.783444
vt 0.261977 0.266836
vt 0.261977 0.527469
vt 0.583327 0.919404
vt 0.683560 0.259738
vt 0.531470 0.260180
vt 0.531484 0.260633
vt 0.583931 0.919396
vt 0.802120 0.499754
vt 0.722914 0.499754
vt 0.500834 0.265267
vt 0.500834 0.522167
vt 0.881326 0.499742
vt 0.802120 0.499742
vt 0.499724 0.265911
vt 0.499724 0.521523
vt 0.847762 1.000000
vt 0.847762 0.761151
vt 0.958250 0.260892
vt 0.958250 0.499742
vt 0.957158 0.261808
vt 0.957158 0.498827
s 1
f 888/1/454 1007/2/514 1029/3/535 899/4/458
f 805/5/426 715/6/337 691/7/313
f 680/8/302 693/9/315 740/10/362 728/11/350
f 876/12/401 889/13/414 776/14/397
f 729/15/351 739/16/361 764/17/386 752/18/374
f 779/19/400 923/20/478 928/21/483 791/22/412
f 852/23/459 983/24/537 970/25/525 865/26/463
f 827/27/448 945/28/500 957/29/512 839/30/453
f 765/31/387 741/32/363 692/33/314 717/34/339
f 828/35/401 679/36/301 705/37/327
f 753/38/375 763/39/385 716/40/338 704/41/326
f 703/42/325 681/43/303 727/44/349 751/45/373
f 766/46/388 761/47/383 757/48/379 770/49/392
f 947/50/502 971/51/526 982/52/536 958/53/513
f 995/54/502 1019/55/526 1030/56/536 1006/57/513
f 815/58/436 936/59/491 925/60/480 781/61/402
f 875/62/448 993/63/500 1005/64/512 887/65/453
f 900/66/459 1031/67/537 1018/68/525 913/69/463
f 792/70/413 930/71/485 939/72/494 803/73/424
f 863/74/462 969/75/524 946/76/501 829/77/449
f 923/78/478 1041/79/548 1053/80/559 928/81/483
f 804/82/425 941/83/496 938/84/493 817/85/438
f 840/86/454 959/87/514 981/88/535 851/89/458
f 911/90/472 1017/91/524 994/92/501 877/93/466
f 1111/94/612 1171/95/548 1158/96/646 1122/97/616
f 930/98/485 1052/99/558 1076/100/581 939/101/494
f 941/102/496 1075/103/580 1064/104/570 938/105/493
f 936/106/491 1063/107/569 1042/108/549 925/109/480
f 1086/110/590 1133/111/627 1145/112/570 1098/113/602
f 1088/114/592 1195/115/679 1207/116/691 1134/117/628
f 1243/118/723 1255/119/730 1266/120/373 1230/121/714
f 1099/122/603 1147/123/640 1169/124/657 1110/125/611
f 1181/126/665 1241/127/721 1229/128/713 1193/129/677
f 1135/130/629 1159/131/647 1170/132/658 1146/133/639
f 1194/134/678 1231/135/715 1265/136/738 1205/137/689
f 1206/138/690 1267/139/739 1254/140/729 1219/141/703
f 1217/142/701 1253/143/728 1242/144/722 1183/145/667
f 441/146/215 370/147/144 229/148/3 448/149/222
f 225/150/225 224/151/224 7/152/7 8/153/8
f 2/154/2 223/155/223 5/156/5 6/157/6
f 1/158/1 222/159/222 3/160/3 4/161/4
f 226/162/226 225/163/225 8/164/8 9/165/9
f 224/151/224 2/154/2 6/157/6 7/152/7
f 223/155/223 1/166/1 4/167/4 5/156/5
f 4/161/4 3/160/3 10/168/10 11/169/11
f 9/165/9 8/164/8 15/170/15 16/171/16
f 7/152/7 6/157/6 13/172/13 14/173/14
f 5/156/5 4/167/4 11/174/11 12/175/12
f 433/176/273 440/177/276 278/178/52 426/179/270
f 8/153/8 7/152/7 14/173/14 15/180/15
f 6/157/6 5/156/5 12/175/12 13/172/13
f 16/171/16 15/170/15 22/181/22 23/182/23
f 14/173/14 13/172/13 20/183/20 21/184/21
f 12/175/12 11/174/11 18/185/18 19/186/19
f 15/180/15 14/173/14 21/184/21 22/187/22
f 13/172/13 12/175/12 19/186/19 20/183/20
f 11/169/11 10/168/10 17/188/17 18/189/18
f 370/147/144 257/190/31 250/191/24
f 547/192/95 540/193/88 596/194/144
f 22/187/22 21/184/21 28/195/28 29/196/29
f 20/183/20 19/186/19 26/197/26 27/198/27
f 18/189/18 17/188/17 24/199/24 25/200/25
f 23/182/23 22/181/22 29/201/29 30/202/30
f 21/184/21 20/183/20 27/198/27 28/195/28
f 19/186/19 18/185/18 25/203/25 26/197/26
f 29/204/29 28/205/28 35/206/35 36/207/36
f 27/208/27 26/209/26 33/210/33 34/211/34
f 25/200/25 24/199/24 31/212/31 32/213/32
f 30/202/30 29/201/29 36/214/36 37/215/37
f 28/205/28 27/208/27 34/211/34 35/206/35
f 26/209/26 25/216/25 32/217/32 33/210/33
f 37/215/37 36/214/36 43/218/43 44/219/44
f 35/206/35 34/211/34 41/220/41 42/221/42
f 33/210/33 32/217/32 39/222/39 40/223/40
f 173/224/173 166/225/166 144/226/144
f 186/227/186 193/228/193 52/229/52
f 36/207/36 35/206/35 42/221/42 43/230/43
f 34/211/34 33/210/33 40/223/40 41/220/41
f 32/213/32 31/212/31 38/231/38 39/232/39
f 42/221/42 41/220/41 48/233/48 49/234/49
f 40/223/40 39/222/39 46/235/46 47/236/47
f 215/237/215 144/226/144 3/160/3 222/159/222
f 43/230/43 42/221/42 49/234/49 50/238/50
f 41/220/41 40/223/40 47/236/47 48/233/48
f 39/232/39 38/231/38 45/239/45 46/240/46
f 44/219/44 43/218/43 50/241/50 51/242/51
f 50/238/50 49/234/49 57/243/57 58/244/58
f 48/233/48 47/236/47 55/245/55 56/246/56
f 46/240/46 45/239/45 53/247/53 54/248/54
f 51/242/51 50/241/50 58/249/58 59/250/59
f 49/234/49 48/233/48 56/246/56 57/243/57
f 47/236/47 46/235/46 54/251/54 55/245/55
f 56/246/56 55/245/55 62/252/62 63/253/63
f 54/248/54 53/247/53 60/254/60 61/255/61
f 59/250/59 58/249/58 65/256/65 66/257/66
f 57/243/57 56/246/56 63/253/63 64/258/64
f 55/245/55 54/251/54 61/259/61 62/252/62
f 58/244/58 57/243/57 64/258/64 65/260/65
f 66/257/66 65/256/65 72/261/72 73/262/73
f 64/258/64 63/253/63 70/263/70 71/264/71
f 62/252/62 61/259/61 68/265/68 69/266/69
f 65/260/65 64/258/64 71/264/71 72/267/72
f 63/253/63 62/252/62 69/266/69 70/263/70
f 61/255/61 60/254/60 67/268/67 68/269/68
f 69/266/69 68/265/68 75/270/75 76/271/76
f 152/272/152 144/226/144 159/273/159
f 52/229/52 151/274/151 158/275/158
f 72/267/72 71/264/71 78/276/78 79/277/79
f 70/263/70 69/266/69 76/271/76 77/278/77
f 68/269/68 67/268/67 74/279/74 75/280/75
f 73/262/73 72/261/72 79/281/79 80/282/80
f 71/264/71 70/263/70 77/278/77 78/276/78
f 79/277/79 78/276/78 85/283/85 86/284/86
f 77/278/77 76/271/76 83/285/83 84/286/84
f 75/280/75 74/279/74 81/287/81 82/288/82
f 80/282/80 79/281/79 86/289/86 87/290/87
f 78/276/78 77/278/77 84/286/84 85/283/85
f 76/271/76 75/270/75 82/291/82 83/285/83
f 82/288/82 81/287/81 88/292/88 89/293/89
f 87/290/87 86/289/86 93/294/93 94/295/94
f 85/296/85 84/297/84 91/298/91 92/299/92
f 83/300/83 82/301/82 89/302/89 90/303/90
f 86/304/86 85/296/85 92/299/92 93/305/93
f 84/297/84 83/300/83 90/303/90 91/298/91
f 94/295/94 93/294/93 100/306/100 101/307/101
f 92/299/92 91/298/91 98/308/98 99/309/99
f 90/303/90 89/302/89 96/310/96 97/311/97
f 596/194/144 611/312/159 604/313/152
f 136/314/136 52/229/52 129/315/129
f 93/305/93 92/299/92 99/309/99 100/316/100
f 91/298/91 90/303/90 97/311/97 98/308/98
f 89/293/89 88/292/88 95/317/95 96/318/96
f 100/316/100 99/309/99 106/319/106 107/320/107
f 98/308/98 97/311/97 104/321/104 105/322/105
f 96/318/96 95/317/95 102/323/102 103/324/103
f 101/307/101 100/306/100 107/325/107 108/326/108
f 99/309/99 98/308/98 105/322/105 106/319/106
f 97/311/97 96/310/96 103/327/103 104/321/104
f 107/320/107 106/319/106 113/328/113 114/329/114
f 105/322/105 104/321/104 111/330/111 112/331/112
f 103/324/103 102/323/102 109/332/109 110/333/110
f 108/326/108 107/325/107 114/334/114 115/335/115
f 106/319/106 105/322/105 112/331/112 113/328/113
f 104/321/104 103/327/103 110/336/110 111/330/111
f 115/335/115 114/334/114 121/337/121 122/338/122
f 113/328/113 112/331/112 119/339/119 120/340/120
f 111/330/111 110/336/110 117/341/117 118/342/118
f 114/329/114 113/328/113 120/340/120 121/343/121
f 112/331/112 111/330/111 118/342/118 119/339/119
f 110/333/110 109/332/109 116/344/116 117/345/117
f 120/340/120 119/339/119 126/346/126 127/347/127
f 118/342/118 117/341/117 124/348/124 125/349/125
f 130/350/130 123/351/123 144/226/144
f 121/343/121 120/340/120 127/347/127 128/352/128
f 119/339/119 118/342/118 125/349/125 126/346/126
f 117/345/117 116/344/116 123/351/123 124/353/124
f 122/338/122 121/337/121 128/354/128 129/315/129
f 128/352/128 127/347/127 134/355/134 135/356/135
f 126/346/126 125/349/125 132/357/132 133/358/133
f 124/353/124 123/351/123 130/350/130 131/359/131
f 129/315/129 128/354/128 135/360/135 136/314/136
f 127/347/127 126/346/126 133/358/133 134/355/134
f 125/349/125 124/348/124 131/361/131 132/357/132
f 133/358/133 132/357/132 139/362/139 140/363/140
f 131/359/131 130/350/130 137/364/137 138/365/138
f 136/314/136 135/360/135 142/366/142 143/367/143
f 134/355/134 133/358/133 140/363/140 141/368/141
f 132/357/132 131/361/131 138/369/138 139/362/139
f 135/356/135 134/355/134 141/368/141 142/370/142
f 143/367/143 142/366/142 150/371/150 151/274/151
f 141/372/141 140/373/140 148/374/148 149/375/149
f 139/376/139 138/377/138 146/378/146 147/379/147
f 142/380/142 141/372/141 149/375/149 150/381/150
f 140/373/140 139/376/139 147/379/147 148/374/148
f 138/365/138 137/364/137 145/382/145 146/383/146
f 147/379/147 146/378/146 153/384/153 154/385/154
f 278/178/52 362/386/136 369/387/143
f 363/388/137 370/147/144 371/389/145
f 150/381/150 149/375/149 156/390/156 157/391/157
f 148/374/148 147/379/147 154/385/154 155/392/155
f 146/383/146 145/382/145 152/272/152 153/393/153
f 151/274/151 150/371/150 157/394/157 158/275/158
f 149/375/149 148/374/148 155/392/155 156/390/156
f 157/391/157 156/390/156 163/395/163 164/396/164
f 155/392/155 154/385/154 161/397/161 162/398/162
f 153/393/153 152/272/152 159/273/159 160/399/160
f 158/275/158 157/394/157 164/400/164 165/401/165
f 156/390/156 155/392/155 162/398/162 163/395/163
f 154/385/154 153/384/153 160/402/160 161/397/161
f 313/403/252 320/404/255 278/178/52
f 160/399/160 159/273/159 166/225/166 167/405/167
f 165/401/165 164/400/164 171/406/171 172/407/172
f 163/395/163 162/398/162 169/408/169 170/409/170
f 161/397/161 160/402/160 167/410/167 168/411/168
f 164/396/164 163/395/163 170/409/170 171/412/171
f 162/398/162 161/397/161 168/411/168 169/408/169
f 172/407/172 171/406/171 178/413/178 179/414/179
f 170/409/170 169/408/169 176/415/176 177/416/177
f 168/411/168 167/410/167 174/417/174 175/418/175
f 171/412/171 170/409/170 177/416/177 178/419/178
f 169/408/169 168/411/168 175/418/175 176/415/176
f 167/405/167 166/225/166 173/224/173 174/420/174
f 178/419/178 177/416/177 184/421/184 185/422/185
f 176/415/176 175/418/175 182/423/182 183/424/183
f 174/420/174 173/224/173 180/425/180 181/426/181
f 179/414/179 178/413/178 185/427/185 186/227/186
f 177/416/177 176/415/176 183/424/183 184/421/184
f 175/418/175 174/417/174 181/428/181 182/423/182
f 185/422/185 184/421/184 191/429/191 192/430/192
f 183/424/183 182/423/182 189/431/189 190/432/190
f 181/426/181 180/425/180 187/433/187 188/434/188
f 186/227/186 185/427/185 192/435/192 193/228/193
f 184/421/184 183/424/183 190/432/190 191/429/191
f 182/423/182 181/428/181 188/436/188 189/431/189
f 52/229/52 37/215/37 44/219/44
f 60/254/60 53/247/53 144/226/144
f 193/228/193 192/435/192 199/437/199 200/438/200
f 191/429/191 190/432/190 197/439/197 198/440/198
f 189/431/189 188/436/188 195/441/195 196/442/196
f 625/443/173 618/444/166 596/194/144
f 192/430/192 191/429/191 198/440/198 199/445/199
f 190/432/190 189/431/189 196/442/196 197/439/197
f 188/434/188 187/433/187 194/446/194 195/447/195
f 198/448/198 197/449/197 204/450/204 205/451/205
f 196/452/196 195/453/195 202/454/202 203/455/203
f 199/456/199 198/448/198 205/451/205 206/457/206
f 197/449/197 196/452/196 203/455/203 204/450/204
f 195/447/195 194/446/194 201/458/201 202/459/202
f 200/438/200 199/437/199 206/460/206 207/461/207
f 87/290/87 94/295/94 52/229/52 80/282/80
f 206/457/206 205/451/205 212/462/212 213/463/213
f 204/450/204 203/455/203 210/464/210 211/465/211
f 202/459/202 201/458/201 208/466/208 209/467/209
f 207/461/207 206/460/206 213/468/213 214/469/214
f 205/451/205 204/450/204 211/465/211 212/462/212
f 203/455/203 202/454/202 209/470/209 210/464/210
f 211/465/211 210/464/210 217/471/217 218/472/218
f 209/467/209 208/466/208 215/237/215 216/473/216
f 214/469/214 213/468/213 220/474/220 221/475/221
f 212/462/212 211/465/211 218/472/218 219/476/219
f 210/464/210 209/470/209 216/477/216 217/471/217
f 213/463/213 212/462/212 219/476/219 220/478/220
f 221/475/221 220/474/220 225/163/225 226/162/226
f 219/476/219 218/472/218 2/154/2 224/151/224
f 217/471/217 216/477/216 1/166/1 223/155/223
f 220/478/220 219/476/219 224/151/224 225/150/225
f 218/472/218 217/471/217 223/155/223 2/154/2
f 216/473/216 215/237/215 222/159/222 1/158/1
f 285/479/59 292/480/66 278/178/52
f 451/481/225 450/482/224 233/483/228 234/484/8
f 228/485/2 449/486/223 231/487/227 232/488/6
f 227/489/1 448/149/222 229/148/3 230/490/4
f 452/491/278 451/492/225 234/493/8 235/494/229
f 450/482/224 228/485/2 232/488/6 233/483/228
f 449/486/223 227/495/1 230/496/4 231/487/227
f 144/226/144 102/323/102 95/317/95
f 230/490/4 229/148/3 236/497/10 237/498/11
f 235/494/229 234/493/8 241/499/15 242/500/16
f 233/483/228 232/488/6 239/501/13 240/502/231
f 231/487/227 230/496/4 237/503/11 238/504/230
f 144/226/144 116/344/116 109/332/109 102/323/102
f 234/484/8 233/483/228 240/502/231 241/505/15
f 232/488/6 231/487/227 238/504/230 239/501/13
f 242/500/16 241/499/15 248/506/22 249/507/23
f 240/502/231 239/501/13 246/508/20 247/509/233
f 238/504/230 237/503/11 244/510/18 245/511/232
f 241/505/15 240/502/231 247/509/233 248/512/22
f 239/501/13 238/504/230 245/511/232 246/508/20
f 237/498/11 236/497/10 243/513/17 244/514/18
f 207/461/207 52/229/52 200/438/200
f 248/512/22 247/509/233 254/515/235 255/516/236
f 246/508/20 245/511/232 252/517/26 253/518/27
f 244/514/18 243/513/17 250/191/24 251/519/234
f 249/507/23 248/506/22 255/520/236 256/521/30
f 247/509/233 246/508/20 253/518/27 254/515/235
f 245/511/232 244/510/18 251/522/234 252/517/26
f 255/523/236 254/524/235 261/525/238 262/526/36
f 253/527/27 252/528/26 259/529/237 260/530/34
f 251/519/234 250/191/24 257/190/31 258/531/32
f 256/521/30 255/520/236 262/532/36 263/533/37
f 254/524/235 253/527/27 260/530/34 261/525/238
f 252/528/26 251/534/234 258/535/32 259/529/237
f 263/533/37 262/532/36 269/536/43 270/537/44
f 261/525/238 260/530/34 267/538/41 268/539/240
f 259/529/237 258/535/32 265/540/39 266/541/239
f 144/226/144 31/212/31 24/199/24
f 262/526/36 261/525/238 268/539/240 269/542/43
f 260/530/34 259/529/237 266/541/239 267/538/41
f 258/531/32 257/190/31 264/543/38 265/544/39
f 268/539/240 267/538/41 274/545/48 275/546/242
f 266/541/239 265/540/39 272/547/46 273/548/241
f 269/542/43 268/539/240 275/546/242 276/549/50
f 267/538/41 266/541/239 273/548/241 274/545/48
f 265/544/39 264/543/38 271/550/45 272/551/46
f 270/537/44 269/536/43 276/552/50 277/553/51
f 276/549/50 275/546/242 283/554/244 284/555/58
f 274/545/48 273/548/241 281/556/243 282/557/56
f 272/551/46 271/550/45 279/558/53 280/559/54
f 277/553/51 276/552/50 284/560/58 285/479/59
f 275/546/242 274/545/48 282/557/56 283/554/244
f 273/548/241 272/547/46 280/561/54 281/556/243
f 282/557/56 281/556/243 288/562/245 289/563/63
f 280/559/54 279/558/53 286/564/60 287/565/61
f 285/479/59 284/560/58 291/566/65 292/480/66
f 283/554/244 282/557/56 289/563/63 290/567/246
f 281/556/243 280/561/54 287/568/61 288/562/245
f 284/555/58 283/554/244 290/567/246 291/569/65
f 292/480/66 291/566/65 298/570/72 299/571/73
f 290/567/246 289/563/63 296/572/70 297/573/248
f 288/562/245 287/568/61 294/574/68 295/575/247
f 328/576/257 321/577/95 370/147/144
f 653/578/201 646/579/194 596/194/144
f 291/569/65 290/567/246 297/573/248 298/580/72
f 289/563/63 288/562/245 295/575/247 296/572/70
f 287/565/61 286/564/60 293/581/67 294/582/68
f 295/575/247 294/574/68 301/583/75 302/584/249
f 298/580/72 297/573/248 304/585/250 305/586/79
f 296/572/70 295/575/247 302/584/249 303/587/77
f 294/582/68 293/581/67 300/588/74 301/589/75
f 299/571/73 298/570/72 305/590/79 306/591/251
f 297/573/248 296/572/70 303/587/77 304/585/250
f 108/326/108 52/229/52 101/307/101
f 305/586/79 304/585/250 311/592/85 312/593/86
f 303/587/77 302/584/249 309/594/83 310/595/84
f 301/589/75 300/588/74 307/596/81 308/597/82
f 306/591/251 305/590/79 312/598/86 313/403/252
f 304/585/250 303/587/77 310/595/84 311/592/85
f 302/584/249 301/583/75 308/599/82 309/594/83
f 308/597/82 307/596/81 314/600/88 315/601/89
f 313/403/252 312/598/86 319/602/93 320/404/255
f 311/603/85 310/604/84 317/605/91 318/606/254
f 309/607/83 308/608/82 315/609/89 316/610/253
f 312/611/86 311/603/85 318/606/254 319/612/93
f 310/604/84 309/607/83 316/610/253 317/605/91
f 320/404/255 319/602/93 326/613/100 327/614/256
f 318/606/254 317/605/91 324/615/98 325/616/99
f 316/610/253 315/609/89 322/617/96 323/618/97
f 370/147/144 356/619/262 349/620/261 342/621/260
f 319/612/93 318/606/254 325/616/99 326/622/100
f 317/605/91 316/610/253 323/618/97 324/615/98
f 315/601/89 314/600/88 321/577/95 322/623/96
f 326/622/100 325/616/99 332/624/106 333/625/107
f 324/615/98 323/618/97 330/626/104 331/627/105
f 322/623/96 321/577/95 328/576/257 329/628/103
f 327/614/256 326/613/100 333/629/107 334/630/258
f 325/616/99 324/615/98 331/627/105 332/624/106
f 323/618/97 322/617/96 329/631/103 330/626/104
f 333/625/107 332/624/106 339/632/113 340/633/114
f 331/627/105 330/626/104 337/634/111 338/635/112
f 329/628/103 328/576/257 335/636/259 336/637/110
f 334/630/258 333/629/107 340/638/114 341/639/115
f 332/624/106 331/627/105 338/635/112 339/632/113
f 330/626/104 329/631/103 336/640/110 337/634/111
f 38/231/38 144/226/144 45/239/45
f 341/639/115 340/638/114 347/641/121 348/642/122
f 339/632/113 338/635/112 345/643/119 346/644/120
f 337/634/111 336/640/110 343/645/117 344/646/118
f 340/633/114 339/632/113 346/644/120 347/647/121
f 338/635/112 337/634/111 344/646/118 345/643/119
f 336/637/110 335/636/259 342/621/260 343/648/117
f 346/644/120 345/643/119 352/649/126 353/650/127
f 344/646/118 343/645/117 350/651/124 351/652/125
f 347/647/121 346/644/120 353/650/127 354/653/128
f 345/643/119 344/646/118 351/652/125 352/649/126
f 343/648/117 342/621/260 349/620/261 350/654/124
f 348/642/122 347/641/121 354/655/128 355/656/129
f 354/653/128 353/650/127 360/657/264 361/658/135
f 352/649/126 351/652/125 358/659/263 359/660/133
f 350/654/124 349/620/261 356/619/262 357/661/131
f 355/656/129 354/655/128 361/662/135 362/386/136
f 353/650/127 352/649/126 359/660/133 360/657/264
f 351/652/125 350/651/124 357/663/131 358/659/263
f 359/660/133 358/659/263 365/664/139 366/665/140
f 357/661/131 356/619/262 363/388/137 364/666/138
f 362/386/136 361/662/135 368/667/142 369/387/143
f 360/657/264 359/660/133 366/665/140 367/668/141
f 358/659/263 357/663/131 364/669/138 365/664/139
f 278/178/52 405/670/179 412/671/186
f 568/672/291 596/194/144 575/673/123
f 361/658/135 360/657/264 367/668/141 368/674/142
f 369/387/143 368/667/142 376/675/150 377/676/151
f 367/677/141 366/678/140 374/679/148 375/680/149
f 365/681/139 364/682/138 372/683/146 373/684/147
f 368/685/142 367/677/141 375/680/149 376/686/150
f 366/678/140 365/681/139 373/684/147 374/679/148
f 364/666/138 363/388/137 371/389/145 372/687/146
f 373/684/147 372/683/146 379/688/153 380/689/265
f 376/686/150 375/680/149 382/690/266 383/691/157
f 374/679/148 373/684/147 380/689/265 381/692/155
f 372/687/146 371/389/145 378/693/152 379/694/153
f 377/676/151 376/675/150 383/695/157 384/696/158
f 375/680/149 374/679/148 381/692/155 382/690/266
f 30/202/30 37/215/37 52/229/52
f 383/691/157 382/690/266 389/697/163 390/698/164
f 381/692/155 380/689/265 387/699/161 388/700/162
f 379/694/153 378/693/152 385/701/159 386/702/160
f 384/696/158 383/695/157 390/703/164 391/704/165
f 382/690/266 381/692/155 388/700/162 389/697/163
f 380/689/265 379/688/153 386/705/160 387/699/161
f 278/178/52 384/696/158 391/704/165
f 386/702/160 385/701/159 392/706/166 393/707/167
f 391/704/165 390/703/164 397/708/171 398/709/172
f 389/697/163 388/700/162 395/710/169 396/711/170
f 387/699/161 386/705/160 393/712/167 394/713/168
f 355/656/129 362/386/136 278/178/52
f 390/698/164 389/697/163 396/711/170 397/714/171
f 388/700/162 387/699/161 394/713/168 395/710/169
f 398/709/172 397/708/171 404/715/178 405/670/179
f 396/711/170 395/710/169 402/716/176 403/717/177
f 394/713/168 393/712/167 400/718/174 401/719/175
f 397/714/171 396/711/170 403/717/177 404/720/178
f 395/710/169 394/713/168 401/719/175 402/716/176
f 393/707/167 392/706/166 399/721/173 400/722/174
f 504/723/52 496/724/44 503/725/51
f 406/726/180 370/147/144 413/727/268
f 404/720/178 403/717/177 410/728/267 411/729/185
f 402/716/176 401/719/175 408/730/182 409/731/183
f 400/722/174 399/721/173 406/726/180 407/732/181
f 405/670/179 404/715/178 411/733/185 412/671/186
f 403/717/177 402/716/176 409/731/183 410/728/267
f 401/719/175 400/718/174 407/734/181 408/730/182
f 411/729/185 410/728/267 417/735/191 418/736/192
f 409/731/183 408/730/182 415/737/189 416/738/190
f 407/732/181 406/726/180 413/727/268 414/739/188
f 412/671/186 411/733/185 418/740/192 419/741/193
f 410/728/267 409/731/183 416/738/190 417/735/191
f 408/730/182 407/734/181 414/742/188 415/737/189
f 659/743/207 504/723/52 652/744/200
f 419/741/193 418/740/192 425/745/199 426/179/270
f 417/735/191 416/738/190 423/746/197 424/747/269
f 415/737/189 414/742/188 421/748/195 422/749/196
f 418/736/192 417/735/191 424/747/269 425/750/199
f 416/738/190 415/737/189 422/749/196 423/746/197
f 414/739/188 413/727/268 420/751/194 421/752/195
f 424/753/269 423/754/197 430/755/204 431/756/272
f 422/757/196 421/758/195 428/759/202 429/760/271
f 603/761/151 504/723/52 595/762/143
f 425/763/199 424/753/269 431/756/272 432/764/206
f 423/754/197 422/757/196 429/760/271 430/755/204
f 421/752/195 420/751/194 427/765/201 428/766/202
f 426/179/270 425/745/199 432/767/206 433/176/273
f 432/764/206 431/756/272 438/768/275 439/769/213
f 430/755/204 429/760/271 436/770/274 437/771/211
f 428/766/202 427/765/201 434/772/208 435/773/209
f 433/176/273 432/767/206 439/774/213 440/177/276
f 431/756/272 430/755/204 437/771/211 438/768/275
f 429/760/271 428/759/202 435/775/209 436/770/274
f 437/771/211 436/770/274 443/776/217 444/777/218
f 435/773/209 434/772/208 441/146/215 442/778/216
f 440/177/276 439/774/213 446/779/220 447/780/277
f 438/768/275 437/771/211 444/777/218 445/781/219
f 436/770/274 435/775/209 442/782/216 443/776/217
f 461/783/229 504/723/52 678/784/278
f 385/701/159 370/147/144 392/706/166
f 439/769/213 438/768/275 445/781/219 446/785/220
f 447/780/277 446/779/220 451/492/225 452/491/278
f 445/781/219 444/777/218 228/485/2 450/482/224
f 443/776/217 442/782/216 227/495/1 449/486/223
f 446/785/220 445/781/219 450/482/224 451/481/225
f 444/777/218 443/776/217 449/486/223 228/485/2
f 442/778/216 441/146/215 448/149/222 227/489/1
f 677/786/225 676/787/224 459/788/228 460/789/8
f 454/790/2 675/791/223 457/792/227 458/793/6
f 453/794/1 674/795/300 455/796/279 456/797/4
f 678/784/278 677/798/225 460/799/8 461/783/229
f 676/787/224 454/790/2 458/793/6 459/788/228
f 675/791/223 453/800/1 456/801/4 457/792/227
f 456/797/4 455/796/279 462/802/10 463/803/11
f 461/783/229 460/799/8 467/804/15 468/805/16
f 459/788/228 458/793/6 465/806/13 466/807/231
f 457/792/227 456/801/4 463/808/11 464/809/230
f 427/765/201 420/751/194 370/147/144
f 452/491/278 235/494/229 278/178/52
f 460/789/8 459/788/228 466/807/231 467/810/15
f 458/793/6 457/792/227 464/809/230 465/806/13
f 468/805/16 467/804/15 474/811/22 475/812/283
f 466/807/231 465/806/13 472/813/20 473/814/282
f 464/809/230 463/808/11 470/815/18 471/816/281
f 370/147/144 286/564/60 279/558/53
f 467/810/15 466/807/231 473/814/282 474/817/22
f 465/806/13 464/809/230 471/816/281 472/813/20
f 463/803/11 462/802/10 469/818/280 470/819/18
f 474/817/22 473/814/282 480/820/28 481/821/29
f 472/813/20 471/816/281 478/822/26 479/823/27
f 470/819/18 469/818/280 476/824/24 477/825/25
f 475/812/283 474/811/22 481/826/29 482/827/30
f 473/814/282 472/813/20 479/823/27 480/820/28
f 471/816/281 470/815/18 477/828/25 478/822/26
f 481/829/29 480/830/28 487/831/35 488/832/36
f 479/833/27 478/834/26 485/835/237 486/836/34
f 477/825/25 476/824/24 483/837/284 484/838/32
f 482/827/30 481/826/29 488/839/36 489/840/285
f 480/830/28 479/833/27 486/836/34 487/831/35
f 478/834/26 477/841/25 484/842/32 485/835/237
f 489/840/285 488/839/36 495/843/43 496/724/44
f 487/831/35 486/836/34 493/844/41 494/845/42
f 485/835/237 484/842/32 491/846/39 492/847/40
f 488/832/36 487/831/35 494/845/42 495/848/43
f 486/836/34 485/835/237 492/847/40 493/844/41
f 484/838/32 483/837/284 490/849/38 491/850/39
f 494/845/42 493/844/41 500/851/48 501/852/49
f 492/847/40 491/846/39 498/853/46 499/854/47
f 519/855/67 596/194/144 526/856/286
f 497/857/45 596/194/144 505/858/53
f 495/848/43 494/845/42 501/852/49 502/859/50
f 493/844/41 492/847/40 499/854/47 500/851/48
f 491/850/39 490/849/38 497/857/45 498/860/46
f 496/724/44 495/843/43 502/861/50 503/725/51
f 502/859/50 501/852/49 509/862/57 510/863/58
f 500/851/48 499/854/47 507/864/55 508/865/56
f 498/860/46 497/857/45 505/858/53 506/866/54
f 503/725/51 502/861/50 510/867/58 511/868/59
f 501/852/49 500/851/48 508/865/56 509/862/57
f 499/854/47 498/853/46 506/869/54 507/864/55
f 52/229/52 221/475/221 226/162/226 9/165/9
f 508/865/56 507/864/55 514/870/62 515/871/63
f 506/866/54 505/858/53 512/872/60 513/873/61
f 511/868/59 510/867/58 517/874/65 518/875/66
f 509/862/57 508/865/56 515/871/63 516/876/64
f 507/864/55 506/869/54 513/877/61 514/870/62
f 510/863/58 509/862/57 516/876/64 517/878/65
f 518/875/66 517/874/65 524/879/72 525/880/73
f 516/876/64 515/871/63 522/881/70 523/882/71
f 514/870/62 513/877/61 520/883/68 521/884/69
f 504/723/52 518/875/66 525/880/73
f 596/194/144 455/796/279 674/795/300
f 517/878/65 516/876/64 523/882/71 524/885/72
f 515/871/63 514/870/62 521/884/69 522/881/70
f 513/873/61 512/872/60 519/855/67 520/886/68
f 521/884/69 520/883/68 527/887/75 528/888/287
f 482/827/30 504/723/52 475/812/283
f 524/885/72 523/882/71 530/889/288 531/890/79
f 522/881/70 521/884/69 528/888/287 529/891/77
f 520/886/68 519/855/67 526/856/286 527/892/75
f 525/880/73 524/879/72 531/893/79 532/894/289
f 523/882/71 522/881/70 529/891/77 530/889/288
f 531/890/79 530/889/288 537/895/85 538/896/86
f 529/891/77 528/888/287 535/897/83 536/898/84
f 527/892/75 526/856/286 533/899/81 534/900/82
f 532/894/289 531/893/79 538/901/86 539/902/252
f 530/889/288 529/891/77 536/898/84 537/895/85
f 528/888/287 527/887/75 534/903/82 535/897/83
f 534/900/82 533/899/81 540/193/88 541/904/89
f 539/902/252 538/901/86 545/905/93 546/906/290
f 537/907/85 536/908/84 543/909/91 544/910/254
f 535/911/83 534/912/82 541/913/89 542/914/253
f 553/915/101 504/723/52 546/906/290
f 538/916/86 537/907/85 544/910/254 545/917/93
f 536/908/84 535/911/83 542/914/253 543/909/91
f 546/906/290 545/905/93 552/918/100 553/915/101
f 544/910/254 543/909/91 550/919/98 551/920/99
f 542/914/253 541/913/89 548/921/96 549/922/97
f 545/917/93 544/910/254 551/920/99 552/923/100
f 543/909/91 542/914/253 549/922/97 550/919/98
f 541/904/89 540/193/88 547/192/95 548/924/96
f 370/147/144 314/600/88 307/596/81
f 552/923/100 551/920/99 558/925/106 559/926/107
f 550/919/98 549/922/97 556/927/104 557/928/105
f 548/924/96 547/192/95 554/929/257 555/930/103
f 553/915/101 552/918/100 559/931/107 560/932/108
f 551/920/99 550/919/98 557/928/105 558/925/106
f 549/922/97 548/921/96 555/933/103 556/927/104
f 559/926/107 558/925/106 565/934/113 566/935/114
f 557/928/105 556/927/104 563/936/111 564/937/112
f 555/930/103 554/929/257 561/938/259 562/939/110
f 560/932/108 559/931/107 566/940/114 567/941/115
f 558/925/106 557/928/105 564/937/112 565/934/113
f 556/927/104 555/933/103 562/942/110 563/936/111
f 567/941/115 566/940/114 573/943/121 574/944/122
f 565/934/113 564/937/112 571/945/119 572/946/120
f 563/936/111 562/942/110 569/947/117 570/948/118
f 504/723/52 567/941/115 574/944/122
f 73/262/73 80/282/80 52/229/52
f 566/935/114 565/934/113 572/946/120 573/949/121
f 564/937/112 563/936/111 570/948/118 571/945/119
f 562/939/110 561/938/259 568/672/291 569/950/117
f 572/946/120 571/945/119 578/951/126 579/952/127
f 570/948/118 569/947/117 576/953/124 577/954/125
f 573/949/121 572/946/120 579/952/127 580/955/128
f 571/945/119 570/948/118 577/954/125 578/951/126
f 569/950/117 568/672/291 575/673/123 576/956/124
f 574/944/122 573/943/121 580/957/128 581/958/129
f 580/955/128 579/952/127 586/959/134 587/960/135
f 578/951/126 577/954/125 584/961/132 585/962/133
f 576/956/124 575/673/123 582/963/130 583/964/131
f 581/958/129 580/957/128 587/965/135 588/966/136
f 579/952/127 578/951/126 585/962/133 586/959/134
f 577/954/125 576/953/124 583/967/131 584/961/132
f 585/962/133 584/961/132 591/968/139 592/969/140
f 583/964/131 582/963/130 589/970/137 590/971/138
f 588/966/136 587/965/135 594/972/142 595/762/143
f 586/959/134 585/962/133 592/969/140 593/973/141
f 584/961/132 583/967/131 590/974/138 591/968/139
f 587/960/135 586/959/134 593/973/141 594/975/142
f 595/762/143 594/972/142 602/976/150 603/761/151
f 593/977/141 592/978/140 600/979/148 601/980/293
f 591/981/139 590/982/138 598/983/146 599/984/292
f 594/985/142 593/977/141 601/980/293 602/986/150
f 592/978/140 591/981/139 599/984/292 600/979/148
f 590/971/138 589/970/137 597/987/145 598/988/146
f 599/984/292 598/983/146 605/989/153 606/990/154
f 602/986/150 601/980/293 608/991/156 609/992/157
f 600/979/148 599/984/292 606/990/154 607/993/155
f 598/988/146 597/987/145 604/313/152 605/994/153
f 603/761/151 602/976/150 609/995/157 610/996/158
f 601/980/293 600/979/148 607/993/155 608/991/156
f 609/992/157 608/991/156 615/997/163 616/998/164
f 607/993/155 606/990/154 613/999/161 614/1000/162
f 605/994/153 604/313/152 611/312/159 612/1001/160
f 610/996/158 609/995/157 616/1002/164 617/1003/165
f 608/991/156 607/993/155 614/1000/162 615/997/163
f 606/990/154 605/989/153 612/1004/160 613/999/161
f 612/1001/160 611/312/159 618/444/166 619/1005/167
f 617/1003/165 616/1002/164 623/1006/171 624/1007/172
f 615/997/163 614/1000/162 621/1008/169 622/1009/295
f 613/999/161 612/1004/160 619/1010/167 620/1011/294
f 631/1012/179 504/723/52 624/1007/172
f 616/998/164 615/997/163 622/1009/295 623/1013/171
f 614/1000/162 613/999/161 620/1011/294 621/1008/169
f 624/1007/172 623/1006/171 630/1014/178 631/1012/179
f 622/1009/295 621/1008/169 628/1015/176 629/1016/297
f 620/1011/294 619/1010/167 626/1017/174 627/1018/296
f 623/1013/171 622/1009/295 629/1016/297 630/1019/178
f 621/1008/169 620/1011/294 627/1018/296 628/1015/176
f 619/1005/167 618/444/166 625/443/173 626/1020/174
f 476/824/24 469/818/280 596/194/144
f 327/614/256 334/630/258 278/178/52 320/404/255
f 630/1019/178 629/1016/297 636/1021/184 637/1022/185
f 628/1015/176 627/1018/296 634/1023/182 635/1024/183
f 626/1020/174 625/443/173 632/1025/180 633/1026/181
f 631/1012/179 630/1014/178 637/1027/185 638/1028/186
f 629/1016/297 628/1015/176 635/1024/183 636/1021/184
f 627/1018/296 626/1017/174 633/1029/181 634/1023/182
f 637/1022/185 636/1021/184 643/1030/298 644/1031/192
f 635/1024/183 634/1023/182 641/1032/189 642/1033/190
f 633/1026/181 632/1025/180 639/1034/187 640/1035/188
f 638/1028/186 637/1027/185 644/1036/192 645/1037/193
f 636/1021/184 635/1024/183 642/1033/190 643/1030/298
f 634/1023/182 633/1029/181 640/1038/188 641/1032/189
f 645/1037/193 644/1036/192 651/1039/199 652/744/200
f 643/1030/298 642/1033/190 649/1040/197 650/1041/198
f 641/1032/189 640/1038/188 647/1042/195 648/1043/196
f 201/458/201 194/446/194 144/226/144
f 256/521/30 263/533/37 278/178/52
f 644/1031/192 643/1030/298 650/1041/198 651/1044/199
f 642/1033/190 641/1032/189 648/1043/196 649/1040/197
f 640/1035/188 639/1034/187 646/579/194 647/1045/195
f 650/1046/198 649/1047/197 656/1048/204 657/1049/205
f 648/1050/196 647/1051/195 654/1052/202 655/1053/203
f 651/1054/199 650/1046/198 657/1049/205 658/1055/206
f 649/1047/197 648/1050/196 655/1053/203 656/1048/204
f 647/1045/195 646/579/194 653/578/201 654/1056/202
f 652/744/200 651/1039/199 658/1057/206 659/743/207
f 658/1055/206 657/1049/205 664/1058/212 665/1059/213
f 656/1048/204 655/1053/203 662/1060/210 663/1061/211
f 654/1056/202 653/578/201 660/1062/208 661/1063/209
f 659/743/207 658/1057/206 665/1064/213 666/1065/214
f 657/1049/205 656/1048/204 663/1061/211 664/1058/212
f 655/1053/203 654/1052/202 661/1066/209 662/1060/210
f 663/1061/211 662/1060/210 669/1067/217 670/1068/218
f 661/1063/209 660/1062/208 667/1069/299 668/1070/216
f 666/1065/214 665/1064/213 672/1071/220 673/1072/277
f 664/1058/212 663/1061/211 670/1068/218 671/1073/219
f 662/1060/210 661/1066/209 668/1074/216 669/1067/217
f 665/1059/213 664/1058/212 671/1073/219 672/1075/220
f 673/1072/277 672/1071/220 677/798/225 678/784/278
f 671/1073/219 670/1068/218 454/790/2 676/787/224
f 669/1067/217 668/1074/216 453/800/1 675/791/223
f 672/1075/220 671/1073/219 676/787/224 677/786/225
f 670/1068/218 669/1067/217 675/791/223 454/790/2
f 668/1070/216 667/1069/299 674/795/300 453/794/1
f 679/36/301 682/1076/304 684/1077/306 683/1078/305
f 682/1079/304 686/1080/308 687/1081/309 684/1082/306
f 680/8/302 685/1083/307 687/1081/309 686/1080/308
f 685/1083/307 689/1084/311 690/1085/312 687/1081/309
f 681/43/303 688/1086/310 690/1087/312 689/1088/311
f 688/1086/310 683/1089/305 684/1090/306 690/1087/312
f 684/1082/306 687/1081/309 690/1085/312
f 691/7/313 694/1091/316 696/1092/318 695/1093/317
f 694/1094/316 698/1095/320 699/1096/321 696/1097/318
f 692/33/314 697/1098/319 699/1096/321 698/1095/320
f 697/1098/319 701/1099/323 702/1100/324 699/1096/321
f 693/9/315 700/1101/322 702/1102/324 701/1103/323
f 700/1101/322 695/1104/317 696/1105/318 702/1102/324
f 696/1105/318 699/1106/321 702/1102/324
f 703/42/325 706/1107/328 708/1108/330 707/1109/329
f 706/1110/328 710/1111/332 711/1112/333 708/1113/330
f 704/41/326 709/1114/331 711/1112/333 710/1111/332
f 709/1114/331 713/1115/335 714/1116/336 711/1112/333
f 705/37/327 712/1117/334 714/1118/336 713/1119/335
f 712/1120/334 707/1109/329 708/1108/330 714/1121/336
f 708/1113/330 711/1112/333 714/1116/336
f 715/6/337 718/1122/340 720/1123/342 719/1124/341
f 718/1125/340 722/1126/344 723/1127/345 720/1128/342
f 716/40/338 721/1129/343 723/1127/345 722/1126/344
f 721/1130/343 725/1131/347 726/1132/348 723/1133/345
f 717/34/339 724/1134/346 726/1132/348 725/1131/347
f 724/1134/346 719/1135/341 720/1136/342 726/1132/348
f 720/1128/342 723/1127/345 726/1137/348
f 727/44/349 730/1138/352 732/1139/354 731/1140/353
f 730/1141/352 734/1142/356 735/1143/357 732/1144/354
f 728/11/350 733/1145/355 735/1143/357 734/1142/356
f 733/1146/355 737/1147/359 738/1148/360 735/1149/357
f 729/15/351 736/1150/358 738/1148/360 737/1147/359
f 736/1150/358 731/1151/353 732/1152/354 738/1148/360
f 732/1152/354 735/1149/357 738/1148/360
f 739/16/361 742/1153/364 744/1154/366 743/1155/365
f 742/1153/364 746/1156/368 747/1157/369 744/1154/366
f 740/10/362 745/1158/367 747/1159/369 746/1160/368
f 745/1161/367 749/1162/371 750/1163/372 747/1164/369
f 741/32/363 748/1165/370 750/1163/372 749/1162/371
f 748/1166/370 743/1155/365 744/1154/366 750/1167/372
f 744/1154/366 747/1157/369 750/1167/372
f 751/45/373 754/1168/376 756/1169/378 755/1170/377
f 754/1171/376 758/1172/380 759/1173/381 756/1174/378
f 752/18/374 757/48/379 759/1173/381 758/1172/380
f 757/48/379 761/47/383 762/1175/384 759/1173/381
f 753/38/375 760/1176/382 762/1177/384 761/1178/383
f 760/1176/382 755/1179/377 756/1180/378 762/1177/384
f 756/1174/378 759/1173/381 762/1175/384
f 763/39/385 766/1181/388 768/1182/390 767/1183/389
f 766/46/388 770/49/392 771/1184/393 768/1185/390
f 764/17/386 769/1186/391 771/1184/393 770/49/392
f 769/1186/391 773/1187/395 774/1188/396 771/1184/393
f 765/31/387 772/1189/394 774/1190/396 773/1191/395
f 772/1189/394 767/1192/389 768/1193/390 774/1190/396
f 768/1185/390 771/1184/393 774/1188/396
f 779/19/400 782/1194/403 784/1195/405 783/1196/404
f 782/1197/403 786/1198/407 787/1199/408 784/1200/405
f 780/1201/401 785/1202/406 787/1199/408 786/1198/407
f 785/1202/406 789/1203/410 790/1204/411 787/1199/408
f 781/61/402 788/1205/409 790/1206/411 789/1207/410
f 788/1208/409 783/1196/404 784/1195/405 790/1209/411
f 784/1200/405 787/1199/408 790/1204/411
f 791/22/412 794/1210/415 796/1211/417 795/1212/416
f 794/1210/415 798/1213/419 799/1214/420 796/1211/417
f 792/70/413 797/1215/418 799/1216/420 798/1217/419
f 797/1218/418 801/1219/422 802/1220/423 799/1221/420
f 793/1222/414 800/1223/421 802/1220/423 801/1219/422
f 800/1223/421 795/1224/416 796/1225/417 802/1220/423
f 796/1225/417 799/1221/420 802/1220/423
f 803/73/424 806/1226/427 808/1227/429 807/1228/428
f 806/1229/427 810/1230/431 811/1231/432 808/1232/429
f 804/82/425 809/1233/430 811/1231/432 810/1230/431
f 809/1234/430 813/1235/434 814/1236/435 811/1237/432
f 805/5/426 812/1238/433 814/1236/435 813/1235/434
f 812/1238/433 807/1239/428 808/1240/429 814/1236/435
f 808/1240/429 811/1237/432 814/1236/435
f 815/58/436 818/1241/439 820/1242/441 819/1243/440
f 818/1244/439 822/1245/443 823/1246/444 820/1247/441
f 816/1248/437 821/1249/442 823/1246/444 822/1245/443
f 821/1249/442 825/1250/446 826/1251/447 823/1246/444
f 817/85/438 824/1252/445 826/1253/447 825/1254/446
f 824/1252/445 819/1255/440 820/1256/441 826/1253/447
f 820/1247/441 823/1246/444 826/1251/447
f 827/27/448 830/1257/450 832/1258/405 831/1259/451
f 830/1260/450 834/1261/407 835/1262/408 832/1263/405
f 828/35/401 833/1264/406 835/1262/408 834/1261/407
f 833/1264/406 837/1265/410 838/1266/411 835/1262/408
f 829/77/449 836/1267/452 838/1268/411 837/1269/410
f 836/1270/452 831/1259/451 832/1258/405 838/1271/411
f 832/1263/405 835/1262/408 838/1266/411
f 839/30/453 842/1272/455 844/1273/417 843/1274/456
f 842/1272/455 846/1275/457 847/1276/420 844/1273/417
f 840/86/454 845/1277/418 847/1278/420 846/1279/457
f 845/1280/418 849/1281/422 850/1282/423 847/1283/420
f 841/1284/414 848/1285/421 850/1282/423 849/1281/422
f 848/1285/421 843/1286/456 844/1287/417 850/1282/423
f 844/1287/417 847/1283/420 850/1282/423
f 851/89/458 854/1288/460 856/1289/429 855/1290/428
f 854/1291/460 858/1292/461 859/1293/432 856/1294/429
f 852/23/459 857/1295/430 859/1293/432 858/1292/461
f 857/1296/430 861/1297/434 862/1298/435 859/1299/432
f 853/1300/426 860/1301/433 862/1298/435 861/1297/434
f 860/1301/433 855/1302/428 856/1303/429 862/1298/435
f 856/1303/429 859/1299/432 862/1298/435
f 863/74/462 866/1304/439 868/1305/441 867/1306/464
f 866/1307/439 870/1308/443 871/1309/444 868/1310/441
f 864/1311/437 869/1312/442 871/1309/444 870/1308/443
f 869/1312/442 873/1313/446 874/1314/447 871/1309/444
f 865/26/463 872/1315/465 874/1316/447 873/1317/446
f 872/1315/465 867/1318/464 868/1319/441 874/1316/447
f 868/1310/441 871/1309/444 874/1314/447
f 875/62/448 878/1320/403 880/1321/405 879/1322/451
f 878/1323/403 882/1324/407 883/1325/468 880/1326/405
f 876/12/401 881/1327/467 883/1325/468 882/1324/407
f 881/1327/467 885/1328/470 886/1329/471 883/1325/468
f 877/1330/466 884/1331/469 886/1329/471 885/1328/470
f 884/1332/469 879/1322/451 880/1321/405 886/1333/471
f 880/1326/405 883/1325/468 886/1329/471
f 887/65/453 890/1334/455 892/1335/417 891/1336/416
f 890/1334/455 894/1337/457 895/1338/420 892/1335/417
f 888/1/454 893/1339/418 895/1340/420 894/1341/457
f 893/1342/418 897/1343/422 898/1344/423 895/1345/420
f 889/13/414 896/1346/421 898/1344/423 897/1343/422
f 896/1346/421 891/1347/416 892/1348/417 898/1344/423
f 892/1348/417 895/1345/420 898/1344/423
f 899/4/458 902/1349/460 904/1350/429 903/1351/428
f 902/1352/460 906/1353/461 907/1354/432 904/1355/429
f 900/66/459 905/1356/430 907/1354/432 906/1353/461
f 905/1357/430 909/1358/434 910/1359/435 907/1360/432
f 901/1361/426 908/1362/433 910/1359/435 909/1358/434
f 908/1362/433 903/1363/428 904/1364/429 910/1359/435
f 904/1364/429 907/1360/432 910/1359/435
f 911/1365/472 914/1366/473 916/1367/475 915/1368/474
f 914/1366/473 918/1369/476 919/1370/477 916/1367/475
f 912/1371/437 917/1372/442 919/1370/477 918/1369/476
f 917/1372/442 921/1373/446 922/1374/447 919/1370/477
f 913/69/463 920/1375/465 922/1376/447 921/1377/446
f 920/1375/465 915/1378/474 916/1379/475 922/1376/447
f 916/1367/475 919/1370/477 922/1374/447
f 924/1380/479 927/1381/482 926/1382/481
f 925/60/480 926/1383/481 927/1384/482
f 932/1385/487 931/1386/486 929/1387/484
f 930/98/485 929/1388/484 931/1389/486
f 931/1390/486 932/1391/487 933/1392/488
f 928/21/483 933/1393/488 932/1394/487
f 932/1395/487 929/1396/484 931/1397/486 933/1398/488
f 936/106/491 935/1399/490 934/1400/489
f 937/1401/492 934/1400/489 935/1399/490
f 940/1402/495 942/1403/497 943/1404/498
f 941/102/496 943/1404/498 942/1403/497
f 942/1405/497 940/1406/495 944/1407/499
f 939/72/494 944/1407/499 940/1406/495
f 940/1408/495 943/1409/498 942/1410/497 944/1411/499
f 945/28/500 948/1412/503 950/1413/505 949/1414/504
f 948/1412/503 952/1415/507 953/1416/508 950/1413/505
f 946/76/501 951/1417/506 953/1418/508 952/1419/507
f 951/1417/506 955/1420/510 956/1421/511 953/1418/508
f 947/50/502 954/1422/509 956/1423/511 955/1424/510
f 954/1425/509 949/1414/504 950/1413/505 956/1426/511
f 950/1413/505 953/1416/508 956/1426/511
f 957/29/512 960/1427/515 962/1428/517 961/1429/516
f 960/1427/515 964/1430/519 965/1431/520 962/1428/517
f 958/53/513 963/1432/518 965/1433/520 964/1434/519
f 963/1435/518 967/1436/522 968/1437/523 965/1438/520
f 959/87/514 966/1439/521 968/1437/523 967/1436/522
f 966/1439/521 961/1440/516 962/1441/517 968/1437/523
f 962/1428/517 965/1431/520 968/1442/523
f 969/75/524 972/1443/527 974/1444/529 973/1445/528
f 972/1446/527 976/1447/531 977/1448/532 974/1449/529
f 970/25/525 975/1450/530 977/1448/532 976/1447/531
f 975/1450/530 979/1451/534 980/1452/336 977/1448/532
f 971/51/526 978/1453/533 980/1454/336 979/1455/534
f 978/1456/533 973/1445/528 974/1444/529 980/1457/336
f 974/1449/529 977/1448/532 980/1452/336
f 981/88/535 984/1458/538 986/1459/540 985/1460/539
f 984/1458/538 988/1461/542 989/1462/543 986/1459/540
f 982/52/536 987/1463/541 989/1464/543 988/1465/542
f 987/1466/541 991/1467/545 992/1468/546 989/1469/543
f 983/24/537 990/1470/544 992/1468/546 991/1467/545
f 990/1471/544 985/1460/539 986/1459/540 992/1472/546
f 986/1473/540 989/1469/543 992/1468/546
f 993/63/500 996/1474/503 998/1475/505 997/1476/504
f 996/1474/503 1000/1477/507 1001/1478/508 998/1475/505
f 994/92/501 999/1479/506 1001/1480/508 1000/1481/507
f 999/1479/506 1003/1482/510 1004/1483/511 1001/1480/508
f 995/54/502 1002/1484/509 1004/1485/511 1003/1486/510
f 1002/1487/509 997/1476/504 998/1475/505 1004/1488/511
f 998/1475/505 1001/1478/508 1004/1488/511
f 1005/64/512 1008/1489/515 1010/1490/517 1009/1491/516
f 1008/1489/515 1012/1492/519 1013/1493/520 1010/1490/517
f 1006/57/513 1011/1494/518 1013/1495/520 1012/1496/519
f 1011/1497/518 1015/1498/522 1016/1499/523 1013/1500/520
f 1007/2/514 1014/1501/521 1016/1499/523 1015/1498/522
f 1014/1501/521 1009/1502/516 1010/1503/517 1016/1499/523
f 1010/1490/517 1013/1493/520 1016/1504/523
f 1017/91/524 1020/1505/527 1022/1506/529 1021/1507/528
f 1020/1508/527 1024/1509/531 1025/1510/532 1022/1511/529
f 1018/68/525 1023/1512/530 1025/1510/532 1024/1509/531
f 1023/1512/530 1027/1513/534 1028/1514/336 1025/1510/532
f 1019/55/526 1026/1515/533 1028/1516/336 1027/1517/534
f 1026/1518/533 1021/1507/528 1022/1506/529 1028/1519/336
f 1022/1511/529 1025/1510/532 1028/1514/336
f 1029/3/535 1032/1520/538 1034/1521/540 1033/1522/539
f 1032/1520/538 1036/1523/542 1037/1524/543 1034/1521/540
f 1030/56/536 1035/1525/547 1037/1526/543 1036/1527/542
f 1035/1528/547 1039/1529/545 1040/1530/546 1037/1531/543
f 1031/67/537 1038/1532/544 1040/1530/546 1039/1529/545
f 1038/1533/544 1033/1522/539 1034/1521/540 1040/1534/546
f 1034/1535/540 1037/1531/543 1040/1530/546
f 1041/79/548 1043/1536/550 1045/1537/552 1044/1538/551
f 1043/1539/550 1047/1540/553 1048/1541/554 1045/1542/552
f 1042/108/549 1046/1543/538 1048/1541/554 1047/1540/553
f 1046/1543/538 1050/1544/556 1051/1545/557 1048/1541/554
f 1087/1546/591 1049/1547/555 1051/1548/557 1050/1549/556
f 1049/1550/555 1044/1538/551 1045/1537/552 1051/1551/557
f 1045/1537/552 1048/1552/554 1051/1551/557
f 1100/1553/604 1054/1554/560 1056/1555/562 1055/1556/561
f 1054/1557/560 1058/1558/564 1059/1559/565 1056/1560/562
f 1052/99/558 1057/1561/563 1059/1559/565 1058/1558/564
f 1057/1562/563 1061/1563/567 1062/1564/568 1059/1565/565
f 1053/80/559 1060/1566/566 1062/1564/568 1061/1563/567
f 1060/1566/566 1055/1567/561 1056/1568/562 1062/1564/568
f 1056/1568/562 1059/1565/565 1062/1564/568
f 1063/107/569 1065/1569/571 1067/1570/572 1066/1571/522
f 1065/1569/571 1069/1572/574 1070/1573/575 1067/1570/572
f 1064/104/570 1068/1574/573 1070/1575/575 1069/1576/574
f 1068/1574/573 1072/1577/577 1073/1578/578 1070/1575/575
f 1121/1579/615 1071/1580/576 1073/1581/578 1072/1582/577
f 1071/1583/576 1066/1571/522 1067/1570/572 1073/1584/578
f 1067/1585/572 1070/1575/575 1073/1578/578
f 1074/1586/579 1077/1587/582 1079/1588/584 1078/1589/583
f 1077/1590/582 1081/1591/586 1082/1592/587 1079/1593/584
f 1075/103/580 1080/1594/585 1082/1592/587 1081/1591/586
f 1080/1594/585 1084/1595/589 1085/1596/312 1082/1592/587
f 1076/100/581 1083/1597/588 1085/1598/312 1084/1599/589
f 1083/1597/588 1078/1600/583 1079/1601/584 1085/1598/312
f 1079/1593/584 1082/1592/587 1085/1596/312
f 1086/110/590 1089/1602/593 1091/1603/595 1090/1604/594
f 1089/1605/593 1093/1606/597 1094/1607/598 1091/1608/595
f 1092/1609/596 1096/1610/600 1097/1611/601 1094/1607/598
f 1088/114/592 1095/1612/599 1097/1613/601 1096/1614/600
f 1095/1612/599 1090/1615/594 1091/1616/595 1097/1613/601
f 1091/1608/595 1094/1607/598 1097/1611/601
f 1098/113/602 1101/1617/605 1103/1618/417 1102/1619/606
f 1101/1617/605 1105/1620/607 1106/1621/420 1103/1618/417
f 1099/122/603 1104/1622/418 1106/1623/420 1105/1624/607
f 1104/1625/418 1108/1626/609 1109/1627/610 1106/1628/420
f 1100/1553/604 1107/1629/608 1109/1627/610 1108/1626/609
f 1107/1629/608 1102/1630/606 1103/1631/417 1109/1627/610
f 1103/1631/417 1106/1628/420 1109/1627/610
f 1110/125/611 1112/1632/613 1114/1633/429 1113/1634/428
f 1112/1635/613 1116/1636/614 1117/1637/432 1114/1638/429
f 1111/94/612 1115/1639/430 1117/1637/432 1116/1636/614
f 1115/1640/430 1119/1641/434 1120/1642/435 1117/1643/432
f 1074/1586/579 1118/1644/433 1120/1642/435 1119/1641/434
f 1118/1644/433 1113/1645/428 1114/1646/429 1120/1642/435
f 1114/1646/429 1117/1643/432 1120/1642/435
f 1125/1647/619 1092/1609/596 1087/1546/591
f 1124/1648/618 1128/1649/622 1129/1650/623 1126/1651/620
f 1122/97/616 1127/1652/621 1129/1653/623 1128/1654/622
f 1127/1655/621 1131/1656/625 1132/1657/626 1129/1658/623
f 1123/1659/617 1130/1660/624 1132/1657/626 1131/1656/625
f 1130/1661/624 1125/1647/619 1126/1651/620 1132/1662/626
f 1126/1651/620 1129/1650/623 1132/1662/626
f 1133/111/627 1136/1663/630 1138/1664/632 1137/1665/631
f 1136/1666/630 1140/1667/634 1141/1668/635 1138/1669/632
f 1134/117/628 1139/1670/633 1141/1668/635 1140/1667/634
f 1139/1671/633 1143/1672/637 1144/1673/638 1141/1674/635
f 1135/130/629 1142/1675/636 1144/1673/638 1143/1672/637
f 1142/1676/636 1137/1665/631 1138/1664/632 1144/1677/638
f 1138/1678/632 1141/1674/635 1144/1673/638
f 1145/112/570 1148/1679/573 1150/1680/642 1149/1681/641
f 1148/1679/573 1152/1682/643 1153/1683/520 1150/1680/642
f 1146/133/639 1151/1684/576 1153/1685/520 1152/1686/643
f 1151/1687/576 1155/1688/644 1156/1689/523 1153/1690/520
f 1147/123/640 1154/1691/571 1156/1689/523 1155/1688/644
f 1154/1691/571 1149/1692/641 1150/1693/642 1156/1689/523
f 1150/1680/642 1153/1683/520 1156/1694/523
f 1157/1695/645 1160/1696/648 1162/1697/650 1161/1698/649
f 1160/1696/648 1164/1699/652 1165/1700/653 1162/1697/650
f 1158/96/646 1163/1701/651 1165/1702/653 1164/1703/652
f 1163/1701/651 1167/1704/655 1168/1705/656 1165/1702/653
f 1159/131/647 1166/1706/654 1168/1707/656 1167/1708/655
f 1166/1706/654 1161/1709/649 1162/1710/650 1168/1707/656
f 1162/1710/650 1165/1711/653 1168/1707/656
f 1169/124/657 1172/1712/659 1174/1713/660 1173/1714/553
f 1172/1712/659 1176/1715/556 1177/1716/662 1174/1713/660
f 1170/132/658 1175/1717/661 1177/1718/662 1176/1719/556
f 1175/1720/661 1179/1721/664 1180/1722/546 1177/1723/662
f 1171/95/548 1178/1724/663 1180/1722/546 1179/1721/664
f 1178/1725/663 1173/1714/553 1174/1713/660 1180/1726/546
f 1174/1727/660 1177/1723/662 1180/1722/546
f 1181/126/665 1184/1728/668 1186/1729/670 1185/1730/669
f 1184/1731/668 1188/1732/672 1189/1733/673 1186/1734/670
f 1207/116/691 1195/115/679 1214/1735/698
f 1187/1736/671 1191/1737/675 1192/1738/676 1189/1733/673
f 1183/145/667 1190/1739/674 1192/1740/676 1191/1741/675
f 1190/1739/674 1185/1742/669 1186/1743/670 1192/1740/676
f 1186/1734/670 1189/1733/673 1192/1738/676
f 1193/129/677 1196/1744/680 1198/1745/682 1197/1746/681
f 1196/1747/680 1200/1748/684 1201/1749/685 1198/1750/682
f 1194/134/678 1199/1751/683 1201/1749/685 1200/1748/684
f 1199/1752/683 1203/1753/687 1204/1754/688 1201/1755/685
f 1202/1756/686 1197/1757/681 1198/1758/682 1204/1754/688
f 1198/1758/682 1201/1755/685 1204/1754/688
f 1205/137/689 1208/1759/692 1210/1760/694 1209/1761/693
f 1208/1759/692 1212/1762/696 1213/1763/697 1210/1760/694
f 1206/138/690 1211/1764/695 1213/1765/697 1212/1766/696
f 1211/1767/695 1215/1768/699 1216/1769/700 1213/1770/697
f 1214/1735/698 1209/1771/693 1210/1772/694 1216/1769/700
f 1210/1772/694 1213/1770/697 1216/1769/700
f 1217/142/701 1220/1773/704 1222/1774/706 1221/1775/705
f 1220/1776/704 1224/1777/708 1225/1778/709 1222/1779/706
f 1182/1780/666 1218/1781/702 1187/1736/671
f 1223/1782/707 1227/1783/711 1228/1784/712 1225/1778/709
f 1219/141/703 1226/1785/710 1228/1786/712 1227/1787/711
f 1226/1788/710 1221/1775/705 1222/1774/706 1228/1789/712
f 1222/1779/706 1225/1778/709 1228/1784/712
f 1229/128/713 1232/1790/533 1234/1791/336 1233/1792/716
f 1232/1793/533 1236/1794/528 1237/1795/717 1234/1796/336
f 1230/121/714 1235/1797/328 1237/1795/717 1236/1794/528
f 1235/1798/328 1239/1799/719 1240/1800/720 1237/1801/717
f 1231/135/715 1238/1802/718 1240/1800/720 1239/1799/719
f 1238/1802/718 1233/1803/716 1234/1804/336 1240/1800/720
f 1234/1804/336 1237/1801/717 1240/1800/720
f 1241/127/721 1244/1805/724 1246/1806/511 1245/1807/510
f 1244/1808/724 1248/1809/726 1249/1810/505 1246/1811/511
f 1242/144/722 1247/1812/725 1249/1810/505 1248/1809/726
f 1247/1812/725 1251/1813/727 1252/1814/508 1249/1810/505
f 1243/118/723 1250/1815/506 1252/1816/508 1251/1817/727
f 1250/1815/506 1245/1818/510 1246/1819/511 1252/1816/508
f 1246/1811/511 1249/1810/505 1252/1814/508
f 1253/143/728 1256/1820/731 1258/1821/357 1257/1822/732
f 1256/1823/731 1260/1824/734 1261/1825/735 1258/1826/357
f 1254/140/729 1259/1827/733 1261/1825/735 1260/1824/734
f 1259/1827/733 1263/1828/353 1264/1829/737 1261/1825/735
f 1255/119/730 1262/1830/736 1264/1831/737 1263/1832/353
f 1262/1833/736 1257/1822/732 1258/1821/357 1264/1834/737
f 1258/1826/357 1261/1825/735 1264/1829/737
f 1265/136/738 1268/1835/740 1270/1836/384 1269/1837/741
f 1268/1835/740 1272/1838/742 1273/1839/743 1270/1836/384
f 1266/120/373 1271/1840/376 1273/1841/743 1272/1842/742
f 1271/1843/376 1275/1844/745 1276/1845/381 1273/1846/743
f 1267/139/739 1274/1847/744 1276/1845/381 1275/1844/745
f 1274/1847/744 1269/1848/741 1270/1849/384 1276/1845/381
f 1270/1849/384 1273/1846/743 1276/1845/381
f 705/37/327 679/36/301 683/1078/305 712/1117/334
f 712/1120/334 683/1089/305 688/1086/310 707/1109/329
f 707/1109/329 688/1086/310 681/43/303 703/42/325
f 775/1850/397 776/14/397 695/1093/317
f 686/1080/308 700/1101/322 693/9/315 680/8/302
f 691/7/313 715/6/337 719/1124/341 694/1091/316
f 694/1094/316 719/1135/341 724/1134/346 698/1095/320
f 698/1095/320 724/1134/346 717/34/339 692/33/314
f 682/1079/304 695/1104/317 700/1101/322 686/1080/308
f 1182/1780/666 1123/1659/617 1157/1695/645
f 753/38/375 704/41/326 710/1111/332 760/1176/382
f 760/1176/382 710/1111/332 706/1110/328 755/1179/377
f 755/1170/377 706/1107/328 703/42/325 751/45/373
f 716/40/338 763/39/385 767/1183/389 721/1129/343
f 721/1130/343 767/1192/389 772/1189/394 725/1131/347
f 725/1131/347 772/1189/394 765/31/387 717/34/339
f 742/1153/364 737/1147/359 733/1146/355 746/1156/368
f 729/15/351 752/18/374 758/1172/380 736/1150/358
f 736/1150/358 758/1172/380 754/1171/376 731/1151/353
f 731/1140/353 754/1168/376 751/45/373 727/44/349
f 764/17/386 739/16/361 743/1155/365 769/1186/391
f 769/1186/391 743/1155/365 748/1166/370 773/1187/395
f 773/1191/395 748/1165/370 741/32/363 765/31/387
f 680/8/302 728/11/350 734/1142/356 685/1083/307
f 685/1083/307 734/1142/356 730/1141/352 689/1084/311
f 689/1088/311 730/1138/352 727/44/349 681/43/303
f 740/10/362 693/9/315 701/1103/323 745/1158/367
f 745/1161/367 701/1099/323 697/1098/319 749/1162/371
f 749/1162/371 697/1098/319 692/33/314 741/32/363
f 722/1126/344 709/1114/331 704/41/326 716/40/338
f 718/1125/340 713/1115/335 709/1114/331 722/1126/344
f 777/1851/398 778/1852/399 713/1119/335
f 763/39/385 753/38/375 761/1178/383 766/1181/388
f 770/49/392 757/48/379 752/18/374 764/17/386
f 739/16/361 729/15/351 737/1147/359 742/1153/364
f 746/1160/368 733/1145/355 728/11/350 740/10/362
f 901/1361/426 778/1852/399 777/1851/398
f 779/19/400 791/22/412 795/1212/416 782/1194/403
f 782/1194/403 795/1212/416 800/1853/421 786/1854/407
f 786/1198/407 800/1223/421 793/1222/414 780/1201/401
f 780/1201/401 816/1248/437 822/1245/443 785/1202/406
f 785/1855/406 822/1856/443 818/1241/439 789/1207/410
f 789/1207/410 818/1241/439 815/58/436 781/61/402
f 792/70/413 803/73/424 807/1228/428 797/1215/418
f 797/1215/418 807/1228/428 812/1857/433 801/1858/422
f 801/1219/422 812/1238/433 805/5/426 793/1222/414
f 804/82/425 817/85/438 825/1254/446 809/1233/430
f 809/1233/430 825/1254/446 821/1859/442 813/1860/434
f 813/1235/434 821/1249/442 816/1248/437 805/5/426
f 827/27/448 839/30/453 843/1274/456 830/1257/450
f 830/1257/450 843/1274/456 848/1861/421 834/1862/407
f 834/1261/407 848/1285/421 841/1284/414 828/35/401
f 863/74/462 829/77/449 837/1269/410 866/1304/439
f 866/1304/439 837/1269/410 833/1863/406 870/1864/443
f 870/1308/443 833/1264/406 828/35/401 864/1311/437
f 840/86/454 851/89/458 855/1290/428 845/1277/418
f 845/1277/418 855/1290/428 860/1865/433 849/1866/422
f 849/1281/422 860/1301/433 853/1300/426 841/1284/414
f 852/23/459 865/26/463 873/1317/446 857/1295/430
f 857/1295/430 873/1317/446 869/1867/442 861/1868/434
f 861/1297/434 869/1312/442 864/1311/437 853/1300/426
f 875/62/448 887/65/453 891/1336/416 878/1320/403
f 878/1320/403 891/1336/416 896/1869/421 882/1870/407
f 882/1324/407 896/1346/421 889/13/414 876/12/401
f 876/12/401 912/1371/437 918/1369/476 881/1327/467
f 881/1871/467 918/1872/476 914/1873/473 885/1874/470
f 885/1328/470 914/1366/473 911/1365/472 877/1330/466
f 888/1/454 899/4/458 903/1351/428 893/1339/418
f 893/1339/418 903/1351/428 908/1872/433 897/1871/422
f 897/1343/422 908/1362/433 901/1361/426 889/13/414
f 900/66/459 913/69/463 921/1377/446 905/1356/430
f 905/1356/430 921/1377/446 917/1875/442 909/1876/434
f 909/1358/434 917/1372/442 912/1371/437 901/1361/426
f 947/50/502 958/53/513 964/1434/519 954/1422/509
f 954/1425/509 964/1430/519 960/1427/515 949/1414/504
f 949/1414/504 960/1427/515 957/29/512 945/28/500
f 971/51/526 947/50/502 955/1424/510 978/1453/533
f 978/1456/533 955/1420/510 951/1417/506 973/1445/528
f 973/1445/528 951/1417/506 946/76/501 969/75/524
f 958/53/513 982/52/536 988/1465/542 963/1432/518
f 963/1435/518 988/1461/542 984/1458/538 967/1436/522
f 967/1436/522 984/1458/538 981/88/535 959/87/514
f 982/52/536 971/51/526 979/1455/534 987/1463/541
f 987/1466/541 979/1451/534 975/1450/530 991/1467/545
f 991/1467/545 975/1450/530 970/25/525 983/24/537
f 995/54/502 1006/57/513 1012/1496/519 1002/1484/509
f 1002/1487/509 1012/1492/519 1008/1489/515 997/1476/504
f 997/1476/504 1008/1489/515 1005/64/512 993/63/500
f 994/92/501 1017/91/524 1021/1507/528 999/1479/506
f 999/1479/506 1021/1507/528 1026/1518/533 1003/1482/510
f 1003/1486/510 1026/1515/533 1019/55/526 995/54/502
f 1006/57/513 1030/56/536 1036/1527/542 1011/1494/518
f 1011/1497/518 1036/1523/542 1032/1520/538 1015/1498/522
f 1015/1498/522 1032/1520/538 1029/3/535 1007/2/514
f 1030/56/536 1019/55/526 1027/1517/534 1035/1525/547
f 1035/1528/547 1027/1513/534 1023/1512/530 1039/1529/545
f 1039/1529/545 1023/1512/530 1018/68/525 1031/67/537
f 817/85/438 938/84/493 937/1877/492 824/1252/445
f 824/1252/445 937/1877/492 934/1878/489 819/1255/440
f 819/1243/440 934/1879/489 936/59/491 815/58/436
f 941/83/496 804/82/425 810/1230/431 942/1880/497
f 942/1405/497 810/1881/431 806/1226/427 940/1406/495
f 940/1406/495 806/1226/427 803/73/424 939/72/494
f 851/89/458 981/88/535 985/1460/539 854/1288/460
f 854/1288/460 985/1460/539 990/1471/544 858/1882/461
f 858/1292/461 990/1470/544 983/24/537 852/23/459
f 959/87/514 840/86/454 846/1279/457 966/1439/521
f 966/1439/521 846/1279/457 842/1883/455 961/1440/516
f 961/1429/516 842/1272/455 839/30/453 957/29/512
f 877/93/466 994/92/501 1000/1481/507 884/1884/469
f 884/1332/469 1000/1477/507 996/1474/503 879/1322/451
f 879/1322/451 996/1474/503 993/63/500 875/62/448
f 1017/91/524 911/90/472 915/1885/474 1020/1505/527
f 1020/1508/527 915/1378/474 920/1375/465 1024/1509/531
f 1024/1509/531 920/1375/465 913/69/463 1018/68/525
f 791/22/412 928/21/483 932/1394/487 794/1210/415
f 794/1886/415 932/1391/487 931/1390/486 798/1217/419
f 798/1217/419 931/1390/486 930/71/485 792/70/413
f 923/20/478 779/19/400 783/1196/404 924/1380/479
f 924/1380/479 783/1196/404 788/1208/409 927/1381/482
f 927/1384/482 788/1205/409 781/61/402 925/60/480
f 865/26/463 970/25/525 976/1447/531 872/1315/465
f 872/1315/465 976/1447/531 972/1446/527 867/1318/464
f 867/1306/464 972/1443/527 969/75/524 863/74/462
f 899/4/458 1029/3/535 1033/1522/539 902/1349/460
f 902/1349/460 1033/1522/539 1038/1533/544 906/1887/461
f 906/1353/461 1038/1532/544 1031/67/537 900/66/459
f 1007/2/514 888/1/454 894/1341/457 1014/1501/521
f 1014/1501/521 894/1341/457 890/1888/455 1009/1502/516
f 1009/1491/516 890/1334/455 887/65/453 1005/64/512
f 945/28/500 827/27/448 831/1259/451 948/1412/503
f 948/1412/503 831/1259/451 836/1270/452 952/1415/507
f 952/1419/507 836/1267/452 829/77/449 946/76/501
f 1087/1546/591 1100/1553/604 1055/1556/561 1049/1547/555
f 1049/1550/555 1055/1567/561 1060/1566/566 1044/1538/551
f 1044/1538/551 1060/1566/566 1053/80/559 1041/79/548
f 1042/108/549 1063/107/569 1066/1571/522 1046/1543/538
f 1046/1543/538 1066/1571/522 1071/1583/576 1050/1544/556
f 1050/1549/556 1071/1580/576 1121/1579/615 1087/1546/591
f 1100/1553/604 1074/1586/579 1078/1589/583 1054/1554/560
f 1054/1557/560 1078/1600/583 1083/1597/588 1058/1558/564
f 1058/1558/564 1083/1597/588 1076/100/581 1052/99/558
f 1074/1586/579 1121/1579/615 1072/1582/577 1077/1587/582
f 1077/1590/582 1072/1577/577 1068/1574/573 1081/1591/586
f 1081/1591/586 1068/1574/573 1064/104/570 1075/103/580
f 938/105/493 1064/104/570 1069/1576/574 937/1889/492
f 937/1401/492 1069/1572/574 1065/1569/571 934/1400/489
f 934/1400/489 1065/1569/571 1063/107/569 936/106/491
f 1075/103/580 941/102/496 942/1403/497 1080/1594/585
f 1080/1594/585 942/1403/497 940/1402/495 1084/1595/589
f 1084/1599/589 940/1890/495 939/101/494 1076/100/581
f 925/109/480 1042/108/549 1047/1540/553 927/1891/482
f 927/1891/482 1047/1540/553 1043/1539/550 924/1892/479
f 924/1893/479 1043/1536/550 1041/79/548 923/78/478
f 1052/99/558 930/98/485 931/1389/486 1057/1561/563
f 1057/1562/563 931/1386/486 932/1385/487 1061/1563/567
f 1061/1563/567 932/1385/487 928/81/483 1053/80/559
f 1086/110/590 1098/113/602 1102/1619/606 1089/1602/593
f 1089/1602/593 1102/1619/606 1107/1894/608 1093/1895/597
f 1093/1606/597 1107/1629/608 1100/1553/604 1087/1546/591
f 1092/1609/596 1125/1647/619 1130/1661/624 1096/1610/600
f 1096/1614/600 1130/1660/624 1123/1659/617 1088/114/592
f 1099/122/603 1110/125/611 1113/1634/428 1104/1622/418
f 1104/1622/418 1113/1634/428 1118/1896/433 1108/1897/609
f 1108/1626/609 1118/1644/433 1074/1586/579 1100/1553/604
f 1111/94/612 1122/97/616 1128/1654/622 1115/1639/430
f 1115/1639/430 1128/1654/622 1124/1898/618 1119/1899/434
f 1119/1641/434 1124/1648/618 1121/1579/615 1074/1586/579
f 1135/130/629 1146/133/639 1152/1686/643 1142/1675/636
f 1142/1676/636 1152/1682/643 1148/1679/573 1137/1665/631
f 1137/1665/631 1148/1679/573 1145/112/570 1133/111/627
f 1134/117/628 1157/1695/645 1161/1698/649 1139/1670/633
f 1139/1671/633 1161/1709/649 1166/1706/654 1143/1672/637
f 1143/1672/637 1166/1706/654 1159/131/647 1135/130/629
f 1146/133/639 1170/132/658 1176/1719/556 1151/1684/576
f 1151/1687/576 1176/1715/556 1172/1712/659 1155/1688/644
f 1155/1688/644 1172/1712/659 1169/124/657 1147/123/640
f 1170/132/658 1159/131/647 1167/1708/655 1175/1717/661
f 1175/1720/661 1167/1704/655 1163/1701/651 1179/1721/664
f 1179/1721/664 1163/1701/651 1158/96/646 1171/95/548
f 1110/125/611 1169/124/657 1173/1714/553 1112/1632/613
f 1112/1632/613 1173/1714/553 1178/1725/663 1116/1900/614
f 1116/1636/614 1178/1724/663 1171/95/548 1111/94/612
f 1147/123/640 1099/122/603 1105/1624/607 1154/1691/571
f 1154/1691/571 1105/1624/607 1101/1901/605 1149/1692/641
f 1149/1681/641 1101/1617/605 1098/113/602 1145/112/570
f 1133/111/627 1086/110/590 1090/1604/594 1136/1663/630
f 1136/1666/630 1090/1615/594 1095/1612/599 1140/1667/634
f 1140/1667/634 1095/1612/599 1088/114/592 1134/117/628
f 1122/97/616 1158/96/646 1164/1703/652 1127/1652/621
f 1127/1655/621 1164/1699/652 1160/1696/648 1131/1656/625
f 1131/1656/625 1160/1696/648 1157/1695/645 1123/1659/617
f 1195/115/679 1182/1780/666 1188/1732/672 1202/1756/686
f 1202/1902/686 1188/1903/672 1184/1728/668 1197/1746/681
f 1197/1746/681 1184/1728/668 1181/126/665 1193/129/677
f 1187/1736/671 1224/1777/708 1220/1776/704 1191/1737/675
f 1191/1741/675 1220/1773/704 1217/142/701 1183/145/667
f 1214/1735/698 1203/1753/687 1199/1752/683 1209/1771/693
f 1209/1761/693 1199/1751/683 1194/134/678 1205/137/689
f 1206/138/690 1219/141/703 1227/1787/711 1211/1764/695
f 1211/1764/695 1227/1787/711 1223/1904/707 1215/1905/699
f 1215/1768/699 1223/1782/707 1218/1781/702 1207/116/691
f 1229/128/713 1241/127/721 1245/1807/510 1232/1790/533
f 1232/1793/533 1245/1818/510 1250/1815/506 1236/1794/528
f 1236/1794/528 1250/1815/506 1243/118/723 1230/121/714
f 1242/144/722 1253/143/728 1257/1822/732 1247/1812/725
f 1247/1812/725 1257/1822/732 1262/1833/736 1251/1813/727
f 1251/1817/727 1262/1830/736 1255/119/730 1243/118/723
f 1265/136/738 1231/135/715 1239/1799/719 1268/1835/740
f 1268/1835/740 1239/1799/719 1235/1798/328 1272/1838/742
f 1272/1842/742 1235/1797/328 1230/121/714 1266/120/373
f 1266/120/373 1255/119/730 1263/1832/353 1271/1840/376
f 1271/1843/376 1263/1828/353 1259/1827/733 1275/1844/745
f 1275/1844/745 1259/1827/733 1254/140/729 1267/139/739
f 1219/141/703 1254/140/729 1260/1824/734 1226/1785/710
f 1226/1785/710 1260/1824/734 1256/1823/731 1221/1906/705
f 1221/1775/705 1256/1820/731 1253/143/728 1217/142/701
f 1267/139/739 1206/138/690 1212/1766/696 1274/1847/744
f 1274/1847/744 1212/1766/696 1208/1907/692 1269/1848/741
f 1269/1837/741 1208/1759/692 1205/137/689 1265/136/738
f 1183/145/667 1242/144/722 1248/1809/726 1190/1739/674
f 1190/1739/674 1248/1809/726 1244/1808/724 1185/1742/669
f 1185/1730/669 1244/1805/724 1241/127/721 1181/126/665
f 1231/135/715 1194/134/678 1200/1748/684 1238/1802/718
f 1238/1802/718 1200/1748/684 1196/1747/680 1233/1803/716
f 1233/1792/716 1196/1744/680 1193/129/677 1229/128/713
f 805/5/426 816/1248/437 715/6/337
f 816/1248/437 777/1851/398 715/6/337
f 691/7/313 776/14/397 780/1201/401
f 691/7/313 780/1201/401 793/1222/414
f 691/7/313 793/1222/414 805/5/426
f 776/14/397 775/1850/397 876/12/401
f 775/1850/397 841/1284/414 876/12/401
f 841/1284/414 853/1300/426 876/12/401
f 853/1300/426 778/1852/399 912/1371/437
f 876/12/401 853/1300/426 912/1371/437
f 828/35/401 841/1284/414 679/36/301
f 841/1284/414 775/1850/397 679/36/301
f 705/37/327 778/1852/399 853/1300/426
f 705/37/327 853/1300/426 864/1311/437
f 705/37/327 864/1311/437 828/35/401
f 250/191/24 243/513/17 370/147/144
f 243/513/17 236/497/10 370/147/144
f 236/497/10 229/148/3 370/147/144
f 533/899/81 596/194/144 540/193/88
f 596/194/144 561/938/259 554/929/257
f 547/192/95 596/194/144 554/929/257
f 187/433/187 180/425/180 144/226/144
f 180/425/180 173/224/173 144/226/144
f 172/407/172 179/414/179 52/229/52
f 179/414/179 186/227/186 52/229/52
f 145/382/145 144/226/144 152/272/152
f 144/226/144 166/225/166 159/273/159
f 158/275/158 165/401/165 52/229/52
f 165/401/165 172/407/172 52/229/52
f 604/313/152 597/987/145 596/194/144
f 597/987/145 589/970/137 596/194/144
f 589/970/137 582/963/130 596/194/144
f 136/314/136 143/367/143 52/229/52
f 143/367/143 151/274/151 52/229/52
f 52/229/52 122/338/122 129/315/129
f 116/344/116 144/226/144 123/351/123
f 144/226/144 145/382/145 137/364/137
f 130/350/130 144/226/144 137/364/137
f 369/387/143 377/676/151 278/178/52
f 377/676/151 384/696/158 278/178/52
f 356/619/262 370/147/144 363/388/137
f 370/147/144 378/693/152 371/389/145
f 292/480/66 299/571/73 278/178/52
f 299/571/73 306/591/251 278/178/52
f 306/591/251 313/403/252 278/178/52
f 44/219/44 51/242/51 52/229/52
f 51/242/51 59/250/59 52/229/52
f 74/279/74 67/268/67 144/226/144
f 67/268/67 60/254/60 144/226/144
f 611/312/159 596/194/144 618/444/166
f 596/194/144 639/1034/187 632/1025/180
f 625/443/173 596/194/144 632/1025/180
f 263/533/37 270/537/44 278/178/52
f 270/537/44 277/553/51 278/178/52
f 277/553/51 285/479/59 278/178/52
f 95/317/95 88/292/88 144/226/144
f 88/292/88 81/287/81 144/226/144
f 81/287/81 74/279/74 144/226/144
f 207/461/207 214/469/214 52/229/52
f 214/469/214 221/475/221 52/229/52
f 52/229/52 193/228/193 200/438/200
f 24/199/24 17/188/17 144/226/144
f 17/188/17 10/168/10 144/226/144
f 10/168/10 3/160/3 144/226/144
f 314/600/88 370/147/144 321/577/95
f 370/147/144 342/621/260 335/636/259
f 328/576/257 370/147/144 335/636/259
f 639/1034/187 596/194/144 646/579/194
f 596/194/144 667/1069/299 660/1062/208
f 653/578/201 596/194/144 660/1062/208
f 108/326/108 115/335/115 52/229/52
f 115/335/115 122/338/122 52/229/52
f 52/229/52 94/295/94 101/307/101
f 31/212/31 144/226/144 38/231/38
f 144/226/144 53/247/53 45/239/45
f 412/671/186 419/741/193 278/178/52
f 419/741/193 426/179/270 278/178/52
f 561/938/259 596/194/144 568/672/291
f 596/194/144 582/963/130 575/673/123
f 9/165/9 16/171/16 52/229/52
f 16/171/16 23/182/23 52/229/52
f 23/182/23 30/202/30 52/229/52
f 391/704/165 398/709/172 278/178/52
f 398/709/172 405/670/179 278/178/52
f 334/630/258 341/639/115 278/178/52
f 341/639/115 348/642/122 278/178/52
f 348/642/122 355/656/129 278/178/52
f 503/725/51 511/868/59 504/723/52
f 511/868/59 518/875/66 504/723/52
f 399/721/173 370/147/144 406/726/180
f 370/147/144 420/751/194 413/727/268
f 659/743/207 666/1065/214 504/723/52
f 666/1065/214 673/1072/277 504/723/52
f 504/723/52 645/1037/193 652/744/200
f 603/761/151 610/996/158 504/723/52
f 610/996/158 617/1003/165 504/723/52
f 504/723/52 588/966/136 595/762/143
f 468/805/16 504/723/52 461/783/229
f 504/723/52 673/1072/277 678/784/278
f 378/693/152 370/147/144 385/701/159
f 370/147/144 399/721/173 392/706/166
f 441/146/215 434/772/208 370/147/144
f 434/772/208 427/765/201 370/147/144
f 440/177/276 447/780/277 278/178/52
f 447/780/277 452/491/278 278/178/52
f 279/558/53 271/550/45 370/147/144
f 271/550/45 264/543/38 370/147/144
f 264/543/38 257/190/31 370/147/144
f 512/872/60 596/194/144 519/855/67
f 596/194/144 533/899/81 526/856/286
f 490/849/38 596/194/144 497/857/45
f 596/194/144 512/872/60 505/858/53
f 525/880/73 532/894/289 504/723/52
f 532/894/289 539/902/252 504/723/52
f 674/795/300 667/1069/299 596/194/144
f 596/194/144 462/802/10 455/796/279
f 482/827/30 489/840/285 504/723/52
f 489/840/285 496/724/44 504/723/52
f 504/723/52 468/805/16 475/812/283
f 553/915/101 560/932/108 504/723/52
f 560/932/108 567/941/115 504/723/52
f 504/723/52 539/902/252 546/906/290
f 307/596/81 300/588/74 370/147/144
f 300/588/74 293/581/67 370/147/144
f 293/581/67 286/564/60 370/147/144
f 574/944/122 581/958/129 504/723/52
f 581/958/129 588/966/136 504/723/52
f 59/250/59 66/257/66 52/229/52
f 66/257/66 73/262/73 52/229/52
f 631/1012/179 638/1028/186 504/723/52
f 638/1028/186 645/1037/193 504/723/52
f 504/723/52 617/1003/165 624/1007/172
f 462/802/10 596/194/144 469/818/280
f 596/194/144 490/849/38 483/837/284
f 476/824/24 596/194/144 483/837/284
f 187/433/187 144/226/144 194/446/194
f 144/226/144 215/237/215 208/466/208
f 201/458/201 144/226/144 208/466/208
f 235/494/229 242/500/16 278/178/52
f 242/500/16 249/507/23 278/178/52
f 249/507/23 256/521/30 278/178/52
f 1121/1579/615 1124/1648/618 1125/1647/619
f 1124/1648/618 1126/1651/620 1125/1647/619
f 1094/1607/598 1093/1606/597 1092/1609/596
f 1093/1606/597 1087/1546/591 1092/1609/596
f 1121/1579/615 1125/1647/619 1087/1546/591
f 1195/115/679 1202/1756/686 1203/1753/687
f 1202/1756/686 1204/1754/688 1203/1753/687
f 1216/1769/700 1215/1768/699 1214/1735/698
f 1215/1768/699 1207/116/691 1214/1735/698
f 1195/115/679 1203/1753/687 1214/1735/698
f 1218/1781/702 1223/1782/707 1224/1777/708
f 1223/1782/707 1225/1778/709 1224/1777/708
f 1189/1733/673 1188/1732/672 1187/1736/671
f 1188/1732/672 1182/1780/666 1187/1736/671
f 1218/1781/702 1224/1777/708 1187/1736/671
f 776/14/397 691/7/313 695/1093/317
f 695/1093/317 682/1076/304 775/1850/397
f 682/1076/304 679/36/301 775/1850/397
f 1182/1780/666 1195/115/679 1123/1659/617
f 1195/115/679 1088/114/592 1123/1659/617
f 1157/1695/645 1134/117/628 1207/116/691
f 1157/1695/645 1207/116/691 1218/1781/702
f 1157/1695/645 1218/1781/702 1182/1780/666
f 778/1852/399 705/37/327 713/1119/335
f 713/1119/335 718/1122/340 777/1851/398
f 718/1122/340 715/6/337 777/1851/398
f 780/1201/401 776/14/397 889/13/414
f 901/1361/426 912/1371/437 778/1852/399
f 780/1201/401 889/13/414 901/1361/426
f 777/1851/398 816/1248/437 901/1361/426
f 816/1248/437 780/1201/401 901/1361/426
